datetime,Mittelwertleistung [W]
2025-07-01 00:00:00,"0,0"
2025-07-01 00:15:00,"0,0"
2025-07-01 00:30:00,"0,0"
2025-07-01 00:45:00,"0,0"
2025-07-01 01:00:00,"0,0"
2025-07-01 01:15:00,"0,0"
2025-07-01 01:30:00,"0,0"
2025-07-01 01:45:00,"0,0"
2025-07-01 02:00:00,"0,0"
2025-07-01 02:15:00,"0,0"
2025-07-01 02:30:00,"0,0"
2025-07-01 02:45:00,"0,0"
2025-07-01 03:00:00,"0,0"
2025-07-01 03:15:00,"0,0"
2025-07-01 03:30:00,"0,0"
2025-07-01 03:45:00,"0,0"
2025-07-01 04:00:00,"0,0"
2025-07-01 04:15:00,"0,0"
2025-07-01 04:30:00,"0,0"
2025-07-01 04:45:00,"0,0"
2025-07-01 05:00:00,"0,0"
2025-07-01 05:15:00,"0,0"
2025-07-01 05:30:00,"15,521333333333333"
2025-07-01 05:45:00,"101,17666666666668"
2025-07-01 06:00:00,"194,01933333333332"
2025-07-01 06:15:00,"280,0576666666666"
2025-07-01 06:30:00,"356,99533333333335"
2025-07-01 06:45:00,"434,7096666666667"
2025-07-01 07:00:00,"527,7316666666667"
2025-07-01 07:15:00,"629,276"
2025-07-01 07:30:00,"823,5233333333333"
2025-07-01 07:45:00,"1108,6873333333333"
2025-07-01 08:00:00,"1417,058"
2025-07-01 08:15:00,"1821,4363333333333"
2025-07-01 08:30:00,"2613,019"
2025-07-01 08:45:00,"3025,352"
2025-07-01 09:00:00,"3320,824666666667"
2025-07-01 09:15:00,"3609,168"
2025-07-01 09:30:00,"3849,3376666666663"
2025-07-01 09:45:00,"3982,3536666666664"
2025-07-01 10:00:00,"4047,8429999999994"
2025-07-01 10:15:00,"4075,7313333333336"
2025-07-01 10:30:00,"4125,5109999999995"
2025-07-01 10:45:00,"4159,768333333333"
2025-07-01 11:00:00,"4197,7345"
2025-07-01 11:15:00,"4282,657333333334"
2025-07-01 11:30:00,"4415,873333333333"
2025-07-01 11:45:00,"4612,342"
2025-07-01 12:00:00,"4713,4726666666675"
2025-07-01 12:15:00,"4796,211333333333"
2025-07-01 12:30:00,"4908,009333333333"
2025-07-01 12:45:00,"5114,328"
2025-07-01 13:00:00,"4772,868333333334"
2025-07-01 13:15:00,"4761,7446666666665"
2025-07-01 13:30:00,"5213,117333333333"
2025-07-01 13:45:00,"4840,910666666666"
2025-07-01 14:00:00,"5174,429"
2025-07-01 14:15:00,"5063,442666666667"
2025-07-01 14:30:00,"4977,897"
2025-07-01 14:45:00,"4897,040666666667"
2025-07-01 15:00:00,"4770,315666666666"
2025-07-01 15:15:00,"4594,173000000001"
2025-07-01 15:30:00,"4405,108666666667"
2025-07-01 15:45:00,"4184,395666666667"
2025-07-01 16:00:00,"4135,983333333334"
2025-07-01 16:15:00,"4043,3569999999995"
2025-07-01 16:30:00,"4020,104"
2025-07-01 16:45:00,"3942,4666666666667"
2025-07-01 17:00:00,"3826,083333333333"
2025-07-01 17:15:00,"3717,404666666667"
2025-07-01 17:30:00,"3546,668"
2025-07-01 17:45:00,"3267,2806666666665"
2025-07-01 18:00:00,"3111,186"
2025-07-01 18:15:00,"2863,721333333333"
2025-07-01 18:30:00,"2592,094666666667"
2025-07-01 18:45:00,"2227,3383333333336"
2025-07-01 19:00:00,"1547,6493333333333"
2025-07-01 19:15:00,"1075,6316666666664"
2025-07-01 19:30:00,"414,71566666666666"
2025-07-01 19:45:00,"226,56266666666667"
2025-07-01 20:00:00,"195,105"
2025-07-01 20:15:00,"156,27733333333336"
2025-07-01 20:30:00,"101,64133333333332"
2025-07-01 20:45:00,"124,84433333333334"
2025-07-01 21:00:00,"62,50066666666666"
2025-07-01 21:15:00,"31,147"
2025-07-01 21:30:00,"0,0"
2025-07-01 21:45:00,"0,0"
2025-07-01 22:00:00,"0,0"
2025-07-01 22:15:00,"0,0"
2025-07-01 22:30:00,"0,0"
2025-07-01 22:45:00,"0,0"
2025-07-01 23:00:00,"0,0"
2025-07-01 23:15:00,"0,0"
2025-07-01 23:30:00,"0,0"
2025-07-01 23:45:00,"0,0"
2025-07-02 00:00:00,"0,0"
2025-07-02 00:15:00,"0,0"
2025-07-02 00:30:00,"0,0"
2025-07-02 00:45:00,"0,0"
2025-07-02 01:00:00,"0,0"
2025-07-02 01:15:00,"0,0"
2025-07-02 01:30:00,"0,0"
2025-07-02 01:45:00,"0,0"
2025-07-02 02:00:00,"0,0"
2025-07-02 02:15:00,"0,0"
2025-07-02 02:30:00,"0,0"
2025-07-02 02:45:00,"0,0"
2025-07-02 03:00:00,"0,0"
2025-07-02 03:15:00,"0,0"
2025-07-02 03:30:00,"0,0"
2025-07-02 03:45:00,"0,0"
2025-07-02 04:00:00,"0,0"
2025-07-02 04:15:00,"0,0"
2025-07-02 04:30:00,"0,0"
2025-07-02 04:45:00,"0,0"
2025-07-02 05:00:00,"0,0"
2025-07-02 05:15:00,"0,0"
2025-07-02 05:30:00,"15,625333333333336"
2025-07-02 05:45:00,"101,56366666666666"
2025-07-02 06:00:00,"194,79633333333334"
2025-07-02 06:15:00,"281,25033333333334"
2025-07-02 06:30:00,"351,59133333333335"
2025-07-02 06:45:00,"429,1946666666666"
2025-07-02 07:00:00,"521,0173333333333"
2025-07-02 07:15:00,"608,7523333333334"
2025-07-02 07:30:00,"812,6623333333332"
2025-07-02 07:45:00,"1070,4773333333335"
2025-07-02 08:00:00,"1398,474"
2025-07-02 08:15:00,"1787,0249999999999"
2025-07-02 08:30:00,"2596,885333333333"
2025-07-02 08:45:00,"3027,950333333333"
2025-07-02 09:00:00,"3336,268333333333"
2025-07-02 09:15:00,"3613,373333333333"
2025-07-02 09:30:00,"3883,0236666666665"
2025-07-02 09:45:00,"4034,520333333333"
2025-07-02 10:00:00,"4123,706666666666"
2025-07-02 10:15:00,"4153,425666666667"
2025-07-02 10:30:00,"4196,901"
2025-07-02 10:45:00,"4284,338666666666"
2025-07-02 11:00:00,"4302,928666666667"
2025-07-02 11:15:00,"4437,532999999999"
2025-07-02 11:30:00,"4583,713"
2025-07-02 11:45:00,"4757,812666666667"
2025-07-02 12:00:00,"4843,7503333333325"
2025-07-02 12:15:00,"4952,2789999999995"
2025-07-02 12:30:00,"5092,435333333334"
2025-07-02 12:45:00,"5164,540333333333"
2025-07-02 13:00:00,"5203,435666666666"
2025-07-02 13:15:00,"5242,394666666666"
2025-07-02 13:30:00,"5255,982"
2025-07-02 13:45:00,"5232,545"
2025-07-02 14:00:00,"5180,139333333333"
2025-07-02 14:15:00,"5054,4839999999995"
2025-07-02 14:30:00,"5001,2936666666665"
2025-07-02 14:45:00,"4949,0453333333335"
2025-07-02 15:00:00,"4884,156999999999"
2025-07-02 15:15:00,"3994,2909999999993"
2025-07-02 15:30:00,"4036,475333333333"
2025-07-02 15:45:00,"3819,3005"
2025-07-02 16:00:00,"4347,706666666666"
2025-07-02 16:15:00,"4372,183666666668"
2025-07-02 16:30:00,"4200,041666666666"
2025-07-02 16:45:00,"4020,074666666666"
2025-07-02 17:00:00,"3857,2036666666663"
2025-07-02 17:15:00,"3880,380666666666"
2025-07-02 17:30:00,"3104,7516666666666"
2025-07-02 17:45:00,"3841,2703333333334"
2025-07-02 18:00:00,"3212,9553333333333"
2025-07-02 18:15:00,"2894,764"
2025-07-02 18:30:00,"2761,1756666666665"
2025-07-02 18:45:00,"2854,563666666667"
2025-07-02 19:00:00,"2525,453666666667"
2025-07-02 19:15:00,"2090,0426666666667"
2025-07-02 19:30:00,"1443,501666666667"
2025-07-02 19:45:00,"1314,3793333333333"
2025-07-02 20:00:00,"1047,6073333333334"
2025-07-02 20:15:00,"884,7266666666666"
2025-07-02 20:30:00,"729,4403333333332"
2025-07-02 20:45:00,"412,153"
2025-07-02 21:00:00,"100,99333333333334"
2025-07-02 21:15:00,"23,307999999999996"
2025-07-02 21:30:00,"0,0"
2025-07-02 21:45:00,"0,0"
2025-07-02 22:00:00,"0,0"
2025-07-02 22:15:00,"0,0"
2025-07-02 22:30:00,"0,0"
2025-07-02 22:45:00,"0,0"
2025-07-02 23:00:00,"0,0"
2025-07-02 23:15:00,"0,0"
2025-07-02 23:30:00,"0,0"
2025-07-02 23:45:00,"0,0"
2025-07-03 00:00:00,"0,0"
2025-07-03 00:15:00,"0,0"
2025-07-03 00:30:00,"0,0"
2025-07-03 00:45:00,"0,0"
2025-07-03 01:00:00,"0,0"
2025-07-03 01:15:00,"0,0"
2025-07-03 01:30:00,"0,0"
2025-07-03 01:45:00,"0,0"
2025-07-03 02:00:00,"0,0"
2025-07-03 02:15:00,"0,0"
2025-07-03 02:30:00,"0,0"
2025-07-03 02:45:00,"0,0"
2025-07-03 03:00:00,"0,0"
2025-07-03 03:15:00,"0,0"
2025-07-03 03:30:00,"0,0"
2025-07-03 03:45:00,"0,0"
2025-07-03 04:00:00,"0,0"
2025-07-03 04:15:00,"0,0"
2025-07-03 04:30:00,"0,0"
2025-07-03 04:45:00,"0,0"
2025-07-03 05:00:00,"0,0"
2025-07-03 05:15:00,"0,0"
2025-07-03 05:30:00,"30,992"
2025-07-03 05:45:00,"116,41133333333335"
2025-07-03 06:00:00,"240,89333333333332"
2025-07-03 06:15:00,"303,1795"
2025-07-03 06:30:00,"411,40099999999995"
2025-07-03 06:45:00,"558,775"
2025-07-03 07:00:00,"801,428"
2025-07-03 07:15:00,"1435,7410000000002"
2025-07-03 07:30:00,"1395,23"
2025-07-03 07:45:00,"1867,5496666666666"
2025-07-03 08:00:00,"2668,0516666666663"
2025-07-03 08:15:00,"2691,0503333333336"
2025-07-03 08:30:00,"3208,9313333333334"
2025-07-03 08:45:00,"2606,396"
2025-07-03 09:00:00,"3329,3153333333335"
2025-07-03 09:15:00,"1443,228333333333"
2025-07-03 09:30:00,"2698,7596666666664"
2025-07-03 09:45:00,"4196,188"
2025-07-03 10:00:00,"5052,549"
2025-07-03 10:15:00,"5028,7029999999995"
2025-07-03 10:30:00,"5391,769666666666"
2025-07-03 10:45:00,"4612,3"
2025-07-03 11:00:00,"5435,177333333333"
2025-07-03 11:15:00,"5176,094666666667"
2025-07-03 11:30:00,"2400,176333333333"
2025-07-03 11:45:00,"1389,1763333333333"
2025-07-03 12:00:00,"1417,1873333333333"
2025-07-03 12:15:00,"1196,4723333333334"
2025-07-03 12:30:00,"925,6003333333332"
2025-07-03 12:45:00,"1179,6356666666668"
2025-07-03 13:00:00,"1221,182"
2025-07-03 13:15:00,"1602,2869999999998"
2025-07-03 13:30:00,"2041,0803333333333"
2025-07-03 13:45:00,"2289,519"
2025-07-03 14:00:00,"2266,184333333333"
2025-07-03 14:15:00,"2918,609"
2025-07-03 14:30:00,"3936,6789999999996"
2025-07-03 14:45:00,"2934,928"
2025-07-03 15:00:00,"2421,143666666667"
2025-07-03 15:15:00,"1591,302"
2025-07-03 15:30:00,"1834,866"
2025-07-03 15:45:00,"1533,2160000000001"
2025-07-03 16:00:00,"2434,972"
2025-07-03 16:15:00,"2069,8693333333335"
2025-07-03 16:30:00,"1606,7206666666666"
2025-07-03 16:45:00,"1592,9156666666665"
2025-07-03 17:00:00,"2054,286"
2025-07-03 17:15:00,"1758,3153333333332"
2025-07-03 17:30:00,"1986,098666666667"
2025-07-03 17:45:00,"2357,576333333334"
2025-07-03 18:00:00,"1640,7163333333335"
2025-07-03 18:15:00,"1474,4270000000001"
2025-07-03 18:30:00,"1897,0923333333333"
2025-07-03 18:45:00,"1358,1336666666666"
2025-07-03 19:00:00,"876,9663333333333"
2025-07-03 19:15:00,"682,9470000000001"
2025-07-03 19:30:00,"682,947"
2025-07-03 19:45:00,"434,244"
2025-07-03 20:00:00,"365,11699999999996"
2025-07-03 20:15:00,"597,5573333333334"
2025-07-03 20:30:00,"334,59266666666673"
2025-07-03 20:45:00,"186,258"
2025-07-03 21:00:00,"46,565"
2025-07-03 21:15:00,"11,67999999999999"
2025-07-03 21:30:00,"0,0"
2025-07-03 21:45:00,"0,0"
2025-07-03 22:00:00,"0,0"
2025-07-03 22:15:00,"0,0"
2025-07-03 22:30:00,"0,0"
2025-07-03 22:45:00,"0,0"
2025-07-03 23:00:00,"0,0"
2025-07-03 23:15:00,"0,0"
2025-07-03 23:30:00,"0,0"
2025-07-03 23:45:00,"0,0"
2025-07-04 00:00:00,"0,0"
2025-07-04 00:15:00,"0,0"
2025-07-04 00:30:00,"0,0"
2025-07-04 00:45:00,"0,0"
2025-07-04 01:00:00,"0,0"
2025-07-04 01:15:00,"0,0"
2025-07-04 01:30:00,"0,0"
2025-07-04 01:45:00,"0,0"
2025-07-04 02:00:00,"0,0"
2025-07-04 02:15:00,"0,0"
2025-07-04 02:30:00,"0,0"
2025-07-04 02:45:00,"0,0"
2025-07-04 03:00:00,"0,0"
2025-07-04 03:15:00,"0,0"
2025-07-04 03:30:00,"0,0"
2025-07-04 03:45:00,"0,0"
2025-07-04 04:00:00,"0,0"
2025-07-04 04:15:00,"0,0"
2025-07-04 04:30:00,"0,0"
2025-07-04 04:45:00,"0,0"
2025-07-04 05:00:00,"0,0"
2025-07-04 05:15:00,"0,0"
2025-07-04 05:30:00,"7,786666666666662"
2025-07-04 05:45:00,"0,0"
2025-07-04 06:00:00,"0,0"
2025-07-04 06:15:00,"0,0"
2025-07-04 06:30:00,"0,0"
2025-07-04 06:45:00,"15,573333333333327"
2025-07-04 07:00:00,"201,65266666666662"
2025-07-04 07:15:00,"170,94366666666664"
2025-07-04 07:30:00,"162,97599999999997"
2025-07-04 07:45:00,"373,3963333333333"
2025-07-04 08:00:00,"753,2370000000001"
2025-07-04 08:15:00,"1124,1836666666666"
2025-07-04 08:30:00,"1447,7906666666665"
2025-07-04 08:45:00,"1746,1713333333335"
2025-07-04 09:00:00,"3305,7776666666664"
2025-07-04 09:15:00,"2580,801333333333"
2025-07-04 09:30:00,"1889,1136666666662"
2025-07-04 09:45:00,"2222,856333333333"
2025-07-04 10:00:00,"2163,028"
2025-07-04 10:15:00,"2861,672"
2025-07-04 10:30:00,"2591,9089999999997"
2025-07-04 10:45:00,"3353,882333333333"
2025-07-04 11:00:00,"3434,1369999999997"
2025-07-04 11:15:00,"4049,374666666666"
2025-07-04 11:30:00,"4370,715333333332"
2025-07-04 11:45:00,"4984,611666666667"
2025-07-04 12:00:00,"4977,897"
2025-07-04 12:15:00,"5267,752333333333"
2025-07-04 12:30:00,"4534,129"
2025-07-04 12:45:00,"4982,401"
2025-07-04 13:00:00,"4583,919666666667"
2025-07-04 13:15:00,"5822,951333333333"
2025-07-04 13:30:00,"5616,514999999999"
2025-07-04 13:45:00,"2782,1809999999996"
2025-07-04 14:00:00,"3593,232666666667"
2025-07-04 14:15:00,"4338,266"
2025-07-04 14:30:00,"2297,185333333333"
2025-07-04 14:45:00,"5012,256666666665"
2025-07-04 15:00:00,"3973,5099999999993"
2025-07-04 15:15:00,"3864,859333333332"
2025-07-04 15:30:00,"4711,024333333334"
2025-07-04 15:45:00,"3643,1086666666665"
2025-07-04 16:00:00,"1662,9949999999994"
2025-07-04 16:15:00,"3786,9523333333323"
2025-07-04 16:30:00,"4111,475333333333"
2025-07-04 16:45:00,"3301,0069999999996"
2025-07-04 17:00:00,"4382,148666666666"
2025-07-04 17:15:00,"4046,6863333333326"
2025-07-04 17:30:00,"3354,9983333333325"
2025-07-04 17:45:00,"3720,887999999999"
2025-07-04 18:00:00,"3445,4679999999994"
2025-07-04 18:15:00,"3169,149333333333"
2025-07-04 18:30:00,"2258,371999999999"
2025-07-04 18:45:00,"2341,213999999999"
2025-07-04 19:00:00,"2110,9273333333326"
2025-07-04 19:15:00,"1614,238666666666"
2025-07-04 19:30:00,"1303,807999999999"
2025-07-04 19:45:00,"1040,0526666666658"
2025-07-04 20:00:00,"863,2036666666658"
2025-07-04 20:15:00,"684,3443333333324"
2025-07-04 20:30:00,"496,56399999999906"
2025-07-04 20:45:00,"271,44733333333244"
2025-07-04 21:00:00,"69,92466666666577"
2025-07-04 21:15:00,"7,786666666665778"
2025-07-04 21:30:00,"0,0"
2025-07-04 21:45:00,"0,0"
2025-07-04 22:00:00,"0,0"
2025-07-04 22:15:00,"0,0"
2025-07-04 22:30:00,"0,0"
2025-07-04 22:45:00,"0,0"
2025-07-04 23:00:00,"0,0"
2025-07-04 23:15:00,"0,0"
2025-07-04 23:30:00,"0,0"
2025-07-04 23:45:00,"0,0"
2025-07-05 00:00:00,"0,0"
2025-07-05 00:15:00,"0,0"
2025-07-05 00:30:00,"0,0"
2025-07-05 00:45:00,"0,0"
2025-07-05 01:00:00,"0,0"
2025-07-05 01:15:00,"0,0"
2025-07-05 01:30:00,"0,0"
2025-07-05 01:45:00,"0,0"
2025-07-05 02:00:00,"0,0"
2025-07-05 02:15:00,"0,0"
2025-07-05 02:30:00,"0,0"
2025-07-05 02:45:00,"0,0"
2025-07-05 03:00:00,"0,0"
2025-07-05 03:15:00,"0,0"
2025-07-05 03:30:00,"0,0"
2025-07-05 03:45:00,"0,0"
2025-07-05 04:00:00,"0,0"
2025-07-05 04:15:00,"0,0"
2025-07-05 04:30:00,"0,0"
2025-07-05 04:45:00,"0,0"
2025-07-05 05:00:00,"0,0"
2025-07-05 05:15:00,"0,0"
2025-07-05 05:30:00,"7,760666666665778"
2025-07-05 05:45:00,"69,95133333333244"
2025-07-05 06:00:00,"170,8679999999991"
2025-07-05 06:15:00,"279,3876666666658"
2025-07-05 06:30:00,"365,6353333333324"
2025-07-05 06:45:00,"457,884999999999"
2025-07-05 07:00:00,"552,1523333333324"
2025-07-05 07:15:00,"659,6436666666657"
2025-07-05 07:30:00,"838,1619999999991"
2025-07-05 07:45:00,"1102,027999999999"
2025-07-05 08:00:00,"1417,2393333333325"
2025-07-05 08:15:00,"1760,0316666666658"
2025-07-05 08:30:00,"2564,103999999999"
2025-07-05 08:45:00,"3017,724333333332"
2025-07-05 09:00:00,"3352,338666666666"
2025-07-05 09:15:00,"3612,416666666666"
2025-07-05 09:30:00,"3908,5169999999994"
2025-07-05 09:45:00,"4106,736666666666"
2025-07-05 10:00:00,"4136,464666666666"
2025-07-05 10:15:00,"4179,718666666665"
2025-07-05 10:30:00,"4234,281999999999"
2025-07-05 10:45:00,"4245,090666666665"
2025-07-05 11:00:00,"4288,684333333333"
2025-07-05 11:15:00,"4408,221666666665"
2025-07-05 11:30:00,"4563,463999999999"
2025-07-05 11:45:00,"4809,145666666665"
2025-07-05 12:00:00,"5245,850333333332"
2025-07-05 12:15:00,"4912,160999999998"
2025-07-05 12:30:00,"4377,069333333332"
2025-07-05 12:45:00,"3234,3236666666653"
2025-07-05 13:00:00,"3594,5263333333323"
2025-07-05 13:15:00,"5657,594999999999"
2025-07-05 13:30:00,"4612,698333333332"
2025-07-05 13:45:00,"2802,7983333333323"
2025-07-05 14:00:00,"4923,685999999998"
2025-07-05 14:15:00,"5289,2176666666655"
2025-07-05 14:30:00,"3298,323666666665"
2025-07-05 14:45:00,"5289,424666666665"
2025-07-05 15:00:00,"4487,268333333332"
2025-07-05 15:15:00,"2793,0436666666656"
2025-07-05 15:30:00,"3577,0866666666648"
2025-07-05 15:45:00,"3647,614333333332"
2025-07-05 16:00:00,"4229,5476666666655"
2025-07-05 16:15:00,"4558,392333333333"
2025-07-05 16:30:00,"4424,1449999999995"
2025-07-05 16:45:00,"3481,536333333332"
2025-07-05 17:00:00,"4038,410666666665"
2025-07-05 17:15:00,"4046,5583333333316"
2025-07-05 17:30:00,"2284,818666666666"
2025-07-05 17:45:00,"3810,5343333333326"
2025-07-05 18:00:00,"3074,672999999999"
2025-07-05 18:15:00,"3029,762666666665"
2025-07-05 18:30:00,"3049,795333333332"
2025-07-05 18:45:00,"2703,931333333332"
2025-07-05 19:00:00,"2105,4353333333324"
2025-07-05 19:15:00,"1604,5313333333322"
2025-07-05 19:30:00,"1250,7719999999988"
2025-07-05 19:45:00,"1040,078333333332"
2025-07-05 20:00:00,"839,1159999999988"
2025-07-05 20:15:00,"676,790333333332"
2025-07-05 20:30:00,"442,3636666666655"
2025-07-05 20:45:00,"271,62666666666547"
2025-07-05 21:00:00,"39,01066666666548"
2025-07-05 21:15:00,"0,0"
2025-07-05 21:30:00,"0,0"
2025-07-05 21:45:00,"0,0"
2025-07-05 22:00:00,"0,0"
2025-07-05 22:15:00,"0,0"
2025-07-05 22:30:00,"0,0"
2025-07-05 22:45:00,"0,0"
2025-07-05 23:00:00,"0,0"
2025-07-05 23:15:00,"0,0"
2025-07-05 23:30:00,"0,0"
2025-07-05 23:45:00,"0,0"
2025-07-06 00:00:00,"0,0"
2025-07-06 00:15:00,"0,0"
2025-07-06 00:30:00,"0,0"
2025-07-06 00:45:00,"0,0"
2025-07-06 01:00:00,"0,0"
2025-07-06 01:15:00,"0,0"
2025-07-06 01:30:00,"0,0"
2025-07-06 01:45:00,"0,0"
2025-07-06 02:00:00,"0,0"
2025-07-06 02:15:00,"0,0"
2025-07-06 02:30:00,"0,0"
2025-07-06 02:45:00,"0,0"
2025-07-06 03:00:00,"0,0"
2025-07-06 03:15:00,"0,0"
2025-07-06 03:30:00,"0,0"
2025-07-06 03:45:00,"0,0"
2025-07-06 04:00:00,"0,0"
2025-07-06 04:15:00,"0,0"
2025-07-06 04:30:00,"0,0"
2025-07-06 04:45:00,"0,0"
2025-07-06 05:00:00,"0,0"
2025-07-06 05:15:00,"0,0"
2025-07-06 05:30:00,"0,0"
2025-07-06 05:45:00,"38,82966666666549"
2025-07-06 06:00:00,"100,81299999999882"
2025-07-06 06:15:00,"326,7823333333322"
2025-07-06 06:30:00,"641,2679999999982"
2025-07-06 06:45:00,"817,5873333333321"
2025-07-06 07:00:00,"776,9269999999988"
2025-07-06 07:15:00,"1001,377333333332"
2025-07-06 07:30:00,"1033,7416666666654"
2025-07-06 07:45:00,"869,2053333333322"
2025-07-06 08:00:00,"1481,930333333332"
2025-07-06 08:15:00,"1656,5999999999985"
2025-07-06 08:30:00,"2691,5876666666654"
2025-07-06 08:45:00,"3262,4813333333323"
2025-07-06 09:00:00,"3255,368999999999"
2025-07-06 09:15:00,"3663,079666666666"
2025-07-06 09:30:00,"2719,889333333332"
2025-07-06 09:45:00,"3472,7996666666654"
2025-07-06 10:00:00,"3895,8296666666656"
2025-07-06 10:15:00,"4293,201666666666"
2025-07-06 10:30:00,"4353,973666666666"
2025-07-06 10:45:00,"4417,961666666666"
2025-07-06 11:00:00,"4513,914333333332"
2025-07-06 11:15:00,"4540,258666666666"
2025-07-06 11:30:00,"4739,453333333333"
2025-07-06 11:45:00,"3997,8753333333325"
2025-07-06 12:00:00,"3611,8249999999994"
2025-07-06 12:15:00,"3406,8199999999983"
2025-07-06 12:30:00,"4019,6923333333325"
2025-07-06 12:45:00,"2642,021999999999"
2025-07-06 13:00:00,"3551,5406666666654"
2025-07-06 13:15:00,"4140,791666666666"
2025-07-06 13:30:00,"5746,939333333333"
2025-07-06 13:45:00,"3104,304666666666"
2025-07-06 14:00:00,"3348,440333333332"
2025-07-06 14:15:00,"4007,672999999999"
2025-07-06 14:30:00,"4198,571999999998"
2025-07-06 14:45:00,"3043,805333333332"
2025-07-06 15:00:00,"1459,023333333332"
2025-07-06 15:15:00,"1202,9179999999988"
2025-07-06 15:30:00,"1259,8303333333322"
2025-07-06 15:45:00,"2211,8166666666657"
2025-07-06 16:00:00,"668,9053333333321"
2025-07-06 16:15:00,"372,3906666666655"
2025-07-06 16:30:00,"232,54133333333215"
2025-07-06 16:45:00,"256,4419999999988"
2025-07-06 17:00:00,"403,15299999999877"
2025-07-06 17:15:00,"372,9549999999988"
2025-07-06 17:30:00,"279,2869999999988"
2025-07-06 17:45:00,"364,9899999999988"
2025-07-06 18:00:00,"511,7489999999988"
2025-07-06 18:15:00,"754,1859999999989"
2025-07-06 18:30:00,"1487,1373333333322"
2025-07-06 18:45:00,"1208,1263333333322"
2025-07-06 19:00:00,"818,3333333333321"
2025-07-06 19:15:00,"566,5356666666655"
2025-07-06 19:30:00,"287,25333333333214"
2025-07-06 19:45:00,"124,17299999999882"
2025-07-06 20:00:00,"158,96466666666547"
2025-07-06 20:15:00,"123,23099999999882"
2025-07-06 20:30:00,"46,82333333333216"
2025-07-06 20:45:00,"23,282999999998818"
2025-07-06 21:00:00,"7,786666666665481"
2025-07-06 21:15:00,"0,0"
2025-07-06 21:30:00,"0,0"
2025-07-06 21:45:00,"0,0"
2025-07-06 22:00:00,"0,0"
2025-07-06 22:15:00,"0,0"
2025-07-06 22:30:00,"0,0"
2025-07-06 22:45:00,"0,0"
2025-07-06 23:00:00,"0,0"
2025-07-06 23:15:00,"0,0"
2025-07-06 23:30:00,"0,0"
2025-07-06 23:45:00,"0,0"
2025-07-07 00:00:00,"0,0"
2025-07-07 00:15:00,"0,0"
2025-07-07 00:30:00,"0,0"
2025-07-07 00:45:00,"0,0"
2025-07-07 01:00:00,"0,0"
2025-07-07 01:15:00,"0,0"
2025-07-07 01:30:00,"0,0"
2025-07-07 01:45:00,"0,0"
2025-07-07 02:00:00,"0,0"
2025-07-07 02:15:00,"0,0"
2025-07-07 02:30:00,"0,0"
2025-07-07 02:45:00,"0,0"
2025-07-07 03:00:00,"0,0"
2025-07-07 03:15:00,"0,0"
2025-07-07 03:30:00,"0,0"
2025-07-07 03:45:00,"0,0"
2025-07-07 04:00:00,"0,0"
2025-07-07 04:15:00,"0,0"
2025-07-07 04:30:00,"0,0"
2025-07-07 04:45:00,"0,0"
2025-07-07 05:00:00,"0,0"
2025-07-07 05:15:00,"0,0"
2025-07-07 05:30:00,"0,0"
2025-07-07 05:45:00,"23,36033333333215"
2025-07-07 06:00:00,"62,191666666665476"
2025-07-07 06:15:00,"124,32699999999882"
2025-07-07 06:30:00,"186,20799999999883"
2025-07-07 06:45:00,"256,1053333333321"
2025-07-07 07:00:00,"318,5523333333322"
2025-07-07 07:15:00,"341,86033333333216"
2025-07-07 07:30:00,"459,4063333333322"
2025-07-07 07:45:00,"846,5233333333321"
2025-07-07 08:00:00,"1064,7009999999989"
2025-07-07 08:15:00,"760,5543333333321"
2025-07-07 08:30:00,"1396,9373333333326"
2025-07-07 08:45:00,"2325,7969999999987"
2025-07-07 09:00:00,"1971,2333333333322"
2025-07-07 09:15:00,"2366,896333333332"
2025-07-07 09:30:00,"1858,392333333332"
2025-07-07 09:45:00,"926,4799999999988"
2025-07-07 10:00:00,"1578,5389999999986"
2025-07-07 10:15:00,"4306,187999999999"
2025-07-07 10:30:00,"3810,4883333333332"
2025-07-07 10:45:00,"2726,1156666666657"
2025-07-07 11:00:00,"1988,7919999999992"
2025-07-07 11:15:00,"2725,9134999999987"
2025-07-07 11:30:00,"3690,203666666666"
2025-07-07 11:45:00,"4614,069333333332"
2025-07-07 12:00:00,"3907,6679999999988"
2025-07-07 12:15:00,"4573,299999999998"
2025-07-07 12:30:00,"4257,502333333332"
2025-07-07 12:45:00,"3180,9513333333325"
2025-07-07 13:00:00,"3602,849999999999"
2025-07-07 13:15:00,"2457,4899999999984"
2025-07-07 13:30:00,"661,5333333333322"
2025-07-07 13:45:00,"581,7789999999989"
2025-07-07 14:00:00,"850,6283333333321"
2025-07-07 14:15:00,"660,3706666666654"
2025-07-07 14:30:00,"667,4299999999987"
2025-07-07 14:45:00,"1311,5686666666654"
2025-07-07 15:00:00,"2116,5669999999986"
2025-07-07 15:15:00,"2080,0263333333323"
2025-07-07 15:30:00,"3476,4343333333322"
2025-07-07 15:45:00,"3081,0223333333315"
2025-07-07 16:00:00,"2228,9669999999987"
2025-07-07 16:15:00,"2995,6539999999986"
2025-07-07 16:30:00,"4575,263333333332"
2025-07-07 16:45:00,"4879,508333333331"
2025-07-07 17:00:00,"4238,2559999999985"
2025-07-07 17:15:00,"3243,998666666666"
2025-07-07 17:30:00,"746,502666666665"
2025-07-07 17:45:00,"652,8569999999986"
2025-07-07 18:00:00,"295,14099999999854"
2025-07-07 18:15:00,"326,6009999999985"
2025-07-07 18:30:00,"845,8259999999985"
2025-07-07 18:45:00,"674,3973333333319"
2025-07-07 19:00:00,"667,3536666666652"
2025-07-07 19:15:00,"551,1463333333319"
2025-07-07 19:30:00,"310,8003333333318"
2025-07-07 19:45:00,"272,0169999999986"
2025-07-07 20:00:00,"388,71099999999853"
2025-07-07 20:15:00,"333,7456666666651"
2025-07-07 20:30:00,"124,17233333333188"
2025-07-07 20:45:00,"62,18933333333187"
2025-07-07 21:00:00,"0,0"
2025-07-07 21:15:00,"0,0"
2025-07-07 21:30:00,"0,0"
2025-07-07 21:45:00,"0,0"
2025-07-07 22:00:00,"0,0"
2025-07-07 22:15:00,"0,0"
2025-07-07 22:30:00,"0,0"
2025-07-07 22:45:00,"0,0"
2025-07-07 23:00:00,"0,0"
2025-07-07 23:15:00,"0,0"
2025-07-07 23:30:00,"0,0"
2025-07-07 23:45:00,"0,0"
2025-07-08 00:00:00,"0,0"
2025-07-08 00:15:00,"0,0"
2025-07-08 00:30:00,"0,0"
2025-07-08 00:45:00,"0,0"
2025-07-08 01:00:00,"0,0"
2025-07-08 01:15:00,"0,0"
2025-07-08 01:30:00,"0,0"
2025-07-08 01:45:00,"0,0"
2025-07-08 02:00:00,"0,0"
2025-07-08 02:15:00,"0,0"
2025-07-08 02:30:00,"0,0"
2025-07-08 02:45:00,"0,0"
2025-07-08 03:00:00,"0,0"
2025-07-08 03:15:00,"0,0"
2025-07-08 03:30:00,"0,0"
2025-07-08 03:45:00,"0,0"
2025-07-08 04:00:00,"0,0"
2025-07-08 04:15:00,"0,0"
2025-07-08 04:30:00,"0,0"
2025-07-08 04:45:00,"0,0"
2025-07-08 05:00:00,"0,0"
2025-07-08 05:15:00,"0,0"
2025-07-08 05:30:00,"0,0"
2025-07-08 05:45:00,"0,0"
2025-07-08 06:00:00,"0,0"
2025-07-08 06:15:00,"7,760666666665196"
2025-07-08 06:30:00,"15,521666666665197"
2025-07-08 06:45:00,"171,09833333333188"
2025-07-08 07:00:00,"412,40699999999856"
2025-07-08 07:15:00,"514,0789999999985"
2025-07-08 07:30:00,"240,3016666666652"
2025-07-08 07:45:00,"473,4063333333318"
2025-07-08 08:00:00,"624,3596666666652"
2025-07-08 08:15:00,"721,1616666666653"
2025-07-08 08:30:00,"1026,6273333333318"
2025-07-08 08:45:00,"1073,0479999999984"
2025-07-08 09:00:00,"1713,0519999999985"
2025-07-08 09:15:00,"1876,0553333333319"
2025-07-08 09:30:00,"2351,510666666665"
2025-07-08 09:45:00,"1700,4349999999988"
2025-07-08 10:00:00,"1555,2049999999988"
2025-07-08 10:15:00,"2925,806999999999"
2025-07-08 10:30:00,"2323,4586666666655"
2025-07-08 10:45:00,"4100,131333333332"
2025-07-08 11:00:00,"3763,4296666666655"
2025-07-08 11:15:00,"1427,8356666666652"
2025-07-08 11:30:00,"1542,2919999999986"
2025-07-08 11:45:00,"2489,020999999999"
2025-07-08 12:00:00,"2335,988999999998"
2025-07-08 12:15:00,"2297,871666666665"
2025-07-08 12:30:00,"1382,0303333333318"
2025-07-08 12:45:00,"2578,0939999999982"
2025-07-08 13:00:00,"3014,7213333333316"
2025-07-08 13:15:00,"2450,054666666665"
2025-07-08 13:30:00,"2925,2906666666654"
2025-07-08 13:45:00,"2626,2279999999982"
2025-07-08 14:00:00,"3224,9909999999986"
2025-07-08 14:15:00,"3811,620666666665"
2025-07-08 14:30:00,"2354,7479999999987"
2025-07-08 14:45:00,"1629,7596666666657"
2025-07-08 15:00:00,"2708,5056666666655"
2025-07-08 15:15:00,"3791,8996666666653"
2025-07-08 15:30:00,"3931,120333333332"
2025-07-08 15:45:00,"3016,8666666666654"
2025-07-08 16:00:00,"2963,969666666665"
2025-07-08 16:15:00,"1799,947666666665"
2025-07-08 16:30:00,"1921,0989999999983"
2025-07-08 16:45:00,"2180,773999999998"
2025-07-08 17:00:00,"1365,9004999999972"
2025-07-08 17:15:00,"1390,7233333333313"
2025-07-08 17:30:00,"1530,3656666666648"
2025-07-08 17:45:00,"3067,5756666666653"
2025-07-08 18:00:00,"3870,7119999999977"
2025-07-08 18:15:00,"2123,6569999999983"
2025-07-08 18:30:00,"3089,279666666665"
2025-07-08 18:45:00,"2421,3573333333316"
2025-07-08 19:00:00,"583,2536666666649"
2025-07-08 19:15:00,"193,94366666666488"
2025-07-08 19:30:00,"372,93199999999825"
2025-07-08 19:45:00,"303,68233333333154"
2025-07-08 20:00:00,"248,6019999999982"
2025-07-08 20:15:00,"707,2089999999984"
2025-07-08 20:30:00,"256,1843333333315"
2025-07-08 20:45:00,"116,48866666666487"
2025-07-08 21:00:00,"7,734999999998187"
2025-07-08 21:15:00,"0,0"
2025-07-08 21:30:00,"0,0"
2025-07-08 21:45:00,"0,0"
2025-07-08 22:00:00,"0,0"
2025-07-08 22:15:00,"0,0"
2025-07-08 22:30:00,"0,0"
2025-07-08 22:45:00,"0,0"
2025-07-08 23:00:00,"0,0"
2025-07-08 23:15:00,"0,0"
2025-07-08 23:30:00,"0,0"
2025-07-08 23:45:00,"0,0"
2025-07-09 00:00:00,"0,0"
2025-07-09 00:15:00,"0,0"
2025-07-09 00:30:00,"0,0"
2025-07-09 00:45:00,"0,0"
2025-07-09 01:00:00,"0,0"
2025-07-09 01:15:00,"0,0"
2025-07-09 01:30:00,"0,0"
2025-07-09 01:45:00,"0,0"
2025-07-09 02:00:00,"0,0"
2025-07-09 02:15:00,"0,0"
2025-07-09 02:30:00,"0,0"
2025-07-09 02:45:00,"0,0"
2025-07-09 03:00:00,"0,0"
2025-07-09 03:15:00,"0,0"
2025-07-09 03:30:00,"0,0"
2025-07-09 03:45:00,"0,0"
2025-07-09 04:00:00,"0,0"
2025-07-09 04:15:00,"0,0"
2025-07-09 04:30:00,"0,0"
2025-07-09 04:45:00,"0,0"
2025-07-09 05:00:00,"0,0"
2025-07-09 05:15:00,"0,0"
2025-07-09 05:30:00,"0,0"
2025-07-09 05:45:00,"23,308333333331518"
2025-07-09 06:00:00,"77,71099999999818"
2025-07-09 06:15:00,"178,72966666666488"
2025-07-09 06:30:00,"294,9693333333315"
2025-07-09 06:45:00,"301,67100000000005"
2025-07-09 07:00:00,"458,2236666666648"
2025-07-09 07:15:00,"699,7246666666648"
2025-07-09 07:30:00,"979,9703333333315"
2025-07-09 07:45:00,"1446,6473333333313"
2025-07-09 08:00:00,"1813,8643333333314"
2025-07-09 08:15:00,"1893,8193333333315"
2025-07-09 08:30:00,"2283,447666666665"
2025-07-09 08:45:00,"2607,9946666666647"
2025-07-09 09:00:00,"3296,9266666666645"
2025-07-09 09:15:00,"3666,5123333333318"
2025-07-09 09:30:00,"4020,7989999999977"
2025-07-09 09:45:00,"4084,3333333333326"
2025-07-09 10:00:00,"3599,975333333332"
2025-07-09 10:15:00,"2887,003333333332"
2025-07-09 10:30:00,"3880,5189999999984"
2025-07-09 10:45:00,"3302,5519999999988"
2025-07-09 11:00:00,"4645,550666666666"
2025-07-09 11:15:00,"2609,9136666666654"
2025-07-09 11:30:00,"2312,7069999999985"
2025-07-09 11:45:00,"2820,1473333333315"
2025-07-09 12:00:00,"3007,452333333332"
2025-07-09 12:15:00,"4494,814666666665"
2025-07-09 12:30:00,"1592,6579999999983"
2025-07-09 12:45:00,"2845,480999999998"
2025-07-09 13:00:00,"3468,8279999999986"
2025-07-09 13:15:00,"2764,412999999998"
2025-07-09 13:30:00,"2413,8959999999984"
2025-07-09 13:45:00,"2956,666999999998"
2025-07-09 14:00:00,"3058,379666666665"
2025-07-09 14:15:00,"2190,7589999999987"
2025-07-09 14:30:00,"3259,702999999998"
2025-07-09 14:45:00,"990,635666666665"
2025-07-09 15:00:00,"660,4643333333318"
2025-07-09 15:15:00,"1178,3036666666649"
2025-07-09 15:30:00,"1204,0879999999986"
2025-07-09 15:45:00,"1095,4789999999985"
2025-07-09 16:00:00,"1255,8949999999984"
2025-07-09 16:15:00,"1846,8009999999983"
2025-07-09 16:30:00,"1195,1569999999983"
2025-07-09 16:45:00,"1459,0233333333315"
2025-07-09 17:00:00,"1850,6829999999984"
2025-07-09 17:15:00,"2421,246666666665"
2025-07-09 17:30:00,"1280,525666666665"
2025-07-09 17:45:00,"527,7316666666651"
2025-07-09 18:00:00,"700,0929999999984"
2025-07-09 18:15:00,"581,4679999999985"
2025-07-09 18:30:00,"598,145666666665"
2025-07-09 18:45:00,"930,164666666665"
2025-07-09 19:00:00,"923,562666666665"
2025-07-09 19:15:00,"761,4829999999984"
2025-07-09 19:30:00,"667,3789999999983"
2025-07-09 19:45:00,"543,077666666665"
2025-07-09 20:00:00,"379,918666666665"
2025-07-09 20:15:00,"217,45766666666503"
2025-07-09 20:30:00,"108,5489999999984"
2025-07-09 20:45:00,"15,521666666665059"
2025-07-09 21:00:00,"7,786666666665057"
2025-07-09 21:15:00,"0,0"
2025-07-09 21:30:00,"0,0"
2025-07-09 21:45:00,"0,0"
2025-07-09 22:00:00,"0,0"
2025-07-09 22:15:00,"0,0"
2025-07-09 22:30:00,"0,0"
2025-07-09 22:45:00,"0,0"
2025-07-09 23:00:00,"0,0"
2025-07-09 23:15:00,"0,0"
2025-07-09 23:30:00,"0,0"
2025-07-09 23:45:00,"0,0"
2025-07-10 00:00:00,"0,0"
2025-07-10 00:15:00,"0,0"
2025-07-10 00:30:00,"0,0"
2025-07-10 00:45:00,"0,0"
2025-07-10 01:00:00,"0,0"
2025-07-10 01:15:00,"0,0"
2025-07-10 01:30:00,"0,0"
2025-07-10 01:45:00,"0,0"
2025-07-10 02:00:00,"0,0"
2025-07-10 02:15:00,"0,0"
2025-07-10 02:30:00,"0,0"
2025-07-10 02:45:00,"0,0"
2025-07-10 03:00:00,"0,0"
2025-07-10 03:15:00,"0,0"
2025-07-10 03:30:00,"0,0"
2025-07-10 03:45:00,"0,0"
2025-07-10 04:00:00,"0,0"
2025-07-10 04:15:00,"0,0"
2025-07-10 04:30:00,"0,0"
2025-07-10 04:45:00,"0,0"
2025-07-10 05:00:00,"0,0"
2025-07-10 05:15:00,"0,0"
2025-07-10 05:30:00,"0,0"
2025-07-10 05:45:00,"15,633333333331723"
2025-07-10 06:00:00,"77,91799999999839"
2025-07-10 06:15:00,"187,50133333333173"
2025-07-10 06:30:00,"328,12533333333175"
2025-07-10 06:45:00,"645,807666666665"
2025-07-10 07:00:00,"833,8089999999984"
2025-07-10 07:15:00,"997,7419999999984"
2025-07-10 07:30:00,"1217,3486666666652"
2025-07-10 07:45:00,"1507,812666666665"
2025-07-10 08:00:00,"1814,2269999999983"
2025-07-10 08:15:00,"2065,6046666666653"
2025-07-10 08:30:00,"2676,8443333333316"
2025-07-10 08:45:00,"3348,2139999999986"
2025-07-10 09:00:00,"1976,562666666665"
2025-07-10 09:15:00,"3380,9659999999985"
2025-07-10 09:30:00,"3916,5933333333314"
2025-07-10 09:45:00,"4076,766666666665"
2025-07-10 10:00:00,"4187,499999999999"
2025-07-10 10:15:00,"4256,105333333331"
2025-07-10 10:30:00,"4128,8933333333325"
2025-07-10 10:45:00,"4534,450999999998"
2025-07-10 11:00:00,"4669,287999999999"
2025-07-10 11:15:00,"4945,312666666666"
2025-07-10 11:30:00,"3765,625333333332"
2025-07-10 11:45:00,"2726,562666666665"
2025-07-10 12:00:00,"4472,7723333333315"
2025-07-10 12:15:00,"3845,960666666665"
2025-07-10 12:30:00,"4974,234666666665"
2025-07-10 12:45:00,"2656,2503333333316"
2025-07-10 13:00:00,"3774,6113333333315"
2025-07-10 13:15:00,"5881,266333333332"
2025-07-10 13:30:00,"2904,5346666666646"
2025-07-10 13:45:00,"5460,937999999998"
2025-07-10 14:00:00,"1960,9319999999982"
2025-07-10 14:15:00,"2116,310666666665"
2025-07-10 14:30:00,"2859,7539999999985"
2025-07-10 14:45:00,"2813,564666666665"
2025-07-10 15:00:00,"4431,919666666665"
2025-07-10 15:15:00,"3984,6713333333314"
2025-07-10 15:30:00,"3605,1343333333316"
2025-07-10 15:45:00,"5182,325999999999"
2025-07-10 16:00:00,"4024,0709999999985"
2025-07-10 16:15:00,"4610,352333333331"
2025-07-10 16:30:00,"2214,3876666666647"
2025-07-10 16:45:00,"1374,9999999999982"
2025-07-10 17:00:00,"1609,3753333333316"
2025-07-10 17:15:00,"1148,4376666666649"
2025-07-10 17:30:00,"632,8126666666649"
2025-07-10 17:45:00,"945,3126666666649"
2025-07-10 18:00:00,"601,5626666666649"
2025-07-10 18:15:00,"695,3129999999982"
2025-07-10 18:30:00,"796,8753333333315"
2025-07-10 18:45:00,"1165,727999999998"
2025-07-10 19:00:00,"1009,3543333333315"
2025-07-10 19:15:00,"765,7603333333315"
2025-07-10 19:30:00,"569,2953333333317"
2025-07-10 19:45:00,"475,4206666666649"
2025-07-10 20:00:00,"467,28099999999824"
2025-07-10 20:15:00,"241,79833333333156"
2025-07-10 20:30:00,"85,7826666666649"
2025-07-10 20:45:00,"23,438"
2025-07-10 21:00:00,"7,812666666664891"
2025-07-10 21:15:00,"0,0"
2025-07-10 21:30:00,"0,0"
2025-07-10 21:45:00,"0,0"
2025-07-10 22:00:00,"0,0"
2025-07-10 22:15:00,"0,0"
2025-07-10 22:30:00,"0,0"
2025-07-10 22:45:00,"0,0"
2025-07-10 23:00:00,"0,0"
2025-07-10 23:15:00,"0,0"
2025-07-10 23:30:00,"0,0"
2025-07-10 23:45:00,"0,0"
2025-07-11 00:00:00,"0,0"
2025-07-11 00:15:00,"0,0"
2025-07-11 00:30:00,"0,0"
2025-07-11 00:45:00,"0,0"
2025-07-11 01:00:00,"0,0"
2025-07-11 01:15:00,"0,0"
2025-07-11 01:30:00,"0,0"
2025-07-11 01:45:00,"0,0"
2025-07-11 02:00:00,"0,0"
2025-07-11 02:15:00,"0,0"
2025-07-11 02:30:00,"0,0"
2025-07-11 02:45:00,"0,0"
2025-07-11 03:00:00,"0,0"
2025-07-11 03:15:00,"0,0"
2025-07-11 03:30:00,"0,0"
2025-07-11 03:45:00,"0,0"
2025-07-11 04:00:00,"0,0"
2025-07-11 04:15:00,"0,0"
2025-07-11 04:30:00,"0,0"
2025-07-11 04:45:00,"0,0"
2025-07-11 05:00:00,"0,0"
2025-07-11 05:15:00,"0,0"
2025-07-11 05:30:00,"0,0"
2025-07-11 05:45:00,"0,0"
2025-07-11 06:00:00,"39,08899999999822"
2025-07-11 06:15:00,"109,27133333333155"
2025-07-11 06:30:00,"124,71466666666491"
2025-07-11 06:45:00,"101,56266666666487"
2025-07-11 07:00:00,"352,8479999999982"
2025-07-11 07:15:00,"631,0333333333316"
2025-07-11 07:30:00,"756,9673333333316"
2025-07-11 07:45:00,"678,1819999999982"
2025-07-11 08:00:00,"676,1503333333316"
2025-07-11 08:15:00,"743,1019999999982"
2025-07-11 08:30:00,"859,3553333333316"
2025-07-11 08:45:00,"936,5656666666648"
2025-07-11 09:00:00,"1445,1419999999982"
2025-07-11 09:15:00,"2101,562666666665"
2025-07-11 09:30:00,"4238,979666666664"
2025-07-11 09:45:00,"3397,8683333333315"
2025-07-11 10:00:00,"4153,657333333332"
2025-07-11 10:15:00,"4392,591333333331"
2025-07-11 10:30:00,"3360,482666666665"
2025-07-11 10:45:00,"3669,955666666665"
2025-07-11 11:00:00,"4018,884666666665"
2025-07-11 11:15:00,"2615,7536666666647"
2025-07-11 11:30:00,"4306,824333333332"
2025-07-11 11:45:00,"3765,344999999998"
2025-07-11 12:00:00,"3217,461999999998"
2025-07-11 12:15:00,"5354,3843333333325"
2025-07-11 12:30:00,"4435,862666666665"
2025-07-11 12:45:00,"5362,725333333333"
2025-07-11 13:00:00,"5395,780666666665"
2025-07-11 13:15:00,"5171,855999999997"
2025-07-11 13:30:00,"5523,892999999998"
2025-07-11 13:45:00,"5485,119666666665"
2025-07-11 14:00:00,"5362,686333333331"
2025-07-11 14:15:00,"5452,411999999998"
2025-07-11 14:30:00,"5219,474333333332"
2025-07-11 14:45:00,"5075,537999999999"
2025-07-11 15:00:00,"1600,0413333333317"
2025-07-11 15:15:00,"729,5116666666651"
2025-07-11 15:30:00,"1008,8986666666652"
2025-07-11 15:45:00,"1343,4836666666652"
2025-07-11 16:00:00,"2547,927666666665"
2025-07-11 16:15:00,"2971,4643333333315"
2025-07-11 16:30:00,"2286,880999999998"
2025-07-11 16:45:00,"2482,6389999999983"
2025-07-11 17:00:00,"3199,2869999999984"
2025-07-11 17:15:00,"3639,1799999999985"
2025-07-11 17:30:00,"2863,819666666665"
2025-07-11 17:45:00,"3726,795999999998"
2025-07-11 18:00:00,"3570,233999999998"
2025-07-11 18:15:00,"3045,177666666665"
2025-07-11 18:30:00,"2298,713999999998"
2025-07-11 18:45:00,"2710,774333333332"
2025-07-11 19:00:00,"2010,464999999998"
2025-07-11 19:15:00,"2333,238333333332"
2025-07-11 19:30:00,"1668,563666666665"
2025-07-11 19:45:00,"1250,9006666666648"
2025-07-11 20:00:00,"279,8513333333316"
2025-07-11 20:15:00,"139,87399999999826"
2025-07-11 20:30:00,"162,7966666666649"
2025-07-11 20:45:00,"69,84666666666489"
2025-07-11 21:00:00,"0,0"
2025-07-11 21:15:00,"0,0"
2025-07-11 21:30:00,"0,0"
2025-07-11 21:45:00,"0,0"
2025-07-11 22:00:00,"0,0"
2025-07-11 22:15:00,"0,0"
2025-07-11 22:30:00,"0,0"
2025-07-11 22:45:00,"0,0"
2025-07-11 23:00:00,"0,0"
2025-07-11 23:15:00,"0,0"
2025-07-11 23:30:00,"0,0"
2025-07-11 23:45:00,"0,0"
2025-07-12 00:00:00,"0,0"
2025-07-12 00:15:00,"0,0"
2025-07-12 00:30:00,"0,0"
2025-07-12 00:45:00,"0,0"
2025-07-12 01:00:00,"0,0"
2025-07-12 01:15:00,"0,0"
2025-07-12 01:30:00,"0,0"
2025-07-12 01:45:00,"0,0"
2025-07-12 02:00:00,"0,0"
2025-07-12 02:15:00,"0,0"
2025-07-12 02:30:00,"0,0"
2025-07-12 02:45:00,"0,0"
2025-07-12 03:00:00,"0,0"
2025-07-12 03:15:00,"0,0"
2025-07-12 03:30:00,"0,0"
2025-07-12 03:45:00,"0,0"
2025-07-12 04:00:00,"0,0"
2025-07-12 04:15:00,"0,0"
2025-07-12 04:30:00,"0,0"
2025-07-12 04:45:00,"0,0"
2025-07-12 05:00:00,"0,0"
2025-07-12 05:15:00,"0,0"
2025-07-12 05:30:00,"0,0"
2025-07-12 05:45:00,"38,93399999999823"
2025-07-12 06:00:00,"124,1216666666649"
2025-07-12 06:15:00,"232,77299999999823"
2025-07-12 06:30:00,"334,1253333333315"
2025-07-12 06:45:00,"381,2169999999983"
2025-07-12 07:00:00,"490,9976666666649"
2025-07-12 07:15:00,"605,9583333333314"
2025-07-12 07:30:00,"745,1926666666649"
2025-07-12 07:45:00,"999,9926666666648"
2025-07-12 08:00:00,"1288,1669999999983"
2025-07-12 08:15:00,"1575,4346666666647"
2025-07-12 08:30:00,"2427,2043333333318"
2025-07-12 08:45:00,"2940,2199999999984"
2025-07-12 09:00:00,"3281,898999999998"
2025-07-12 09:15:00,"3600,9933333333315"
2025-07-12 09:30:00,"3857,9783333333316"
2025-07-12 09:45:00,"3499,800999999998"
2025-07-12 10:00:00,"3906,250333333331"
2025-07-12 10:15:00,"4115,842333333332"
2025-07-12 10:30:00,"4256,104999999999"
2025-07-12 10:45:00,"4484,374999999999"
2025-07-12 11:00:00,"4498,990666666665"
2025-07-12 11:15:00,"3231,8399999999983"
2025-07-12 11:30:00,"5158,170666666664"
2025-07-12 11:45:00,"4910,994333333331"
2025-07-12 12:00:00,"4221,623333333332"
2025-07-12 12:15:00,"5384,786666666664"
2025-07-12 12:30:00,"5596,349666666665"
2025-07-12 12:45:00,"4271,966666666665"
2025-07-12 13:00:00,"938,4406666666649"
2025-07-12 13:15:00,"3223,365999999998"
2025-07-12 13:30:00,"5453,851666666666"
2025-07-12 13:45:00,"5581,0166666666655"
2025-07-12 14:00:00,"5559,715666666665"
2025-07-12 14:15:00,"5437,514333333332"
2025-07-12 14:30:00,"5519,143666666665"
2025-07-12 14:45:00,"4125,000333333332"
2025-07-12 15:00:00,"1359,8283333333316"
2025-07-12 15:15:00,"1390,6613333333316"
2025-07-12 15:30:00,"2526,5729999999985"
2025-07-12 15:45:00,"2333,082666666665"
2025-07-12 16:00:00,"2065,759666666665"
2025-07-12 16:15:00,"3499,999999999998"
2025-07-12 16:30:00,"4601,562666666666"
2025-07-12 16:45:00,"3964,7009999999987"
2025-07-12 17:00:00,"3935,221666666665"
2025-07-12 17:15:00,"1578,2383333333314"
2025-07-12 17:30:00,"1399,8749999999982"
2025-07-12 17:45:00,"2120,8786666666647"
2025-07-12 18:00:00,"2126,0056666666646"
2025-07-12 18:15:00,"2908,5756666666653"
2025-07-12 18:30:00,"2789,0629999999983"
2025-07-12 18:45:00,"1045,7329999999984"
2025-07-12 19:00:00,"1098,8279999999984"
2025-07-12 19:15:00,"834,9769999999982"
2025-07-12 19:30:00,"758,7269999999983"
2025-07-12 19:45:00,"373,79299999999824"
2025-07-12 20:00:00,"264,7503333333316"
2025-07-12 20:15:00,"273,12633333333156"
2025-07-12 20:30:00,"164,0636666666649"
2025-07-12 20:45:00,"77,91799999999823"
2025-07-12 21:00:00,"31,094999999998226"
2025-07-12 21:15:00,"7,838666666664889"
2025-07-12 21:30:00,"0,0"
2025-07-12 21:45:00,"0,0"
2025-07-12 22:00:00,"0,0"
2025-07-12 22:15:00,"0,0"
2025-07-12 22:30:00,"0,0"
2025-07-12 22:45:00,"0,0"
2025-07-12 23:00:00,"0,0"
2025-07-12 23:15:00,"0,0"
2025-07-12 23:30:00,"0,0"
2025-07-12 23:45:00,"0,0"
2025-07-13 00:00:00,"0,0"
2025-07-13 00:15:00,"0,0"
2025-07-13 00:30:00,"0,0"
2025-07-13 00:45:00,"0,0"
2025-07-13 01:00:00,"0,0"
2025-07-13 01:15:00,"0,0"
2025-07-13 01:30:00,"0,0"
2025-07-13 01:45:00,"0,0"
2025-07-13 02:00:00,"0,0"
2025-07-13 02:15:00,"0,0"
2025-07-13 02:30:00,"0,0"
2025-07-13 02:45:00,"0,0"
2025-07-13 03:00:00,"0,0"
2025-07-13 03:15:00,"0,0"
2025-07-13 03:30:00,"0,0"
2025-07-13 03:45:00,"0,0"
2025-07-13 04:00:00,"0,0"
2025-07-13 04:15:00,"0,0"
2025-07-13 04:30:00,"0,0"
2025-07-13 04:45:00,"0,0"
2025-07-13 05:00:00,"0,0"
2025-07-13 05:15:00,"0,0"
2025-07-13 05:30:00,"0,0"
2025-07-13 05:45:00,"15,521666666664892"
2025-07-13 06:00:00,"77,94399999999823"
2025-07-13 06:15:00,"194,25433333333154"
2025-07-13 06:30:00,"279,31233333333154"
2025-07-13 06:45:00,"381,65599999999824"
2025-07-13 07:00:00,"468,2119999999982"
2025-07-13 07:15:00,"582,0869999999983"
2025-07-13 07:30:00,"714,2009999999983"
2025-07-13 07:45:00,"922,6413333333315"
2025-07-13 08:00:00,"1526,884666666665"
2025-07-13 08:15:00,"1639,566999999998"
2025-07-13 08:30:00,"1483,955666666665"
2025-07-13 08:45:00,"2477,126999999998"
2025-07-13 09:00:00,"3118,325999999998"
2025-07-13 09:15:00,"3608,805999999998"
2025-07-13 09:30:00,"3818,2946666666644"
2025-07-13 09:45:00,"3981,270666666664"
2025-07-13 10:00:00,"4066,6393333333313"
2025-07-13 10:15:00,"4083,402333333331"
2025-07-13 10:30:00,"4029,3873333333313"
2025-07-13 10:45:00,"3833,8163333333314"
2025-07-13 11:00:00,"3715,3736666666646"
2025-07-13 11:15:00,"4362,22133333333"
2025-07-13 11:30:00,"3903,2496666666643"
2025-07-13 11:45:00,"4707,781333333331"
2025-07-13 12:00:00,"4925,654999999998"
2025-07-13 12:15:00,"4485,629333333331"
2025-07-13 12:30:00,"5199,620666666665"
2025-07-13 12:45:00,"5300,613666666664"
2025-07-13 13:00:00,"5450,44033333333"
2025-07-13 13:15:00,"5285,435999999998"
2025-07-13 13:30:00,"5442,731666666665"
2025-07-13 13:45:00,"5415,2346666666635"
2025-07-13 14:00:00,"5419,710999999997"
2025-07-13 14:15:00,"5700,185666666665"
2025-07-13 14:30:00,"5339,570999999997"
2025-07-13 14:45:00,"5254,035666666664"
2025-07-13 15:00:00,"5067,777333333331"
2025-07-13 15:15:00,"4905,429666666664"
2025-07-13 15:30:00,"4837,284999999998"
2025-07-13 15:45:00,"4477,992666666664"
2025-07-13 16:00:00,"3818,2946666666644"
2025-07-13 16:15:00,"4208,633999999998"
2025-07-13 16:30:00,"3626,7076666666644"
2025-07-13 16:45:00,"3383,692333333331"
2025-07-13 17:00:00,"2941,328666666665"
2025-07-13 17:15:00,"3221,3349999999978"
2025-07-13 17:30:00,"3472,6206666666644"
2025-07-13 17:45:00,"1565,3673333333309"
2025-07-13 18:00:00,"1830,423999999998"
2025-07-13 18:15:00,"2384,8913333333307"
2025-07-13 18:30:00,"2680,6339999999977"
2025-07-13 18:45:00,"2504,533999999998"
2025-07-13 19:00:00,"1843,0389999999977"
2025-07-13 19:15:00,"1213,989999999998"
2025-07-13 19:30:00,"1258,7646666666642"
2025-07-13 19:45:00,"511,54766666666427"
2025-07-13 20:00:00,"225,16699999999764"
2025-07-13 20:15:00,"356,99533333333096"
2025-07-13 20:30:00,"441,6329999999964"
2025-07-13 20:45:00,"404,07533333333095"
2025-07-13 21:00:00,"93,20666666666429"
2025-07-13 21:15:00,"0,0"
2025-07-13 21:30:00,"0,0"
2025-07-13 21:45:00,"0,0"
2025-07-13 22:00:00,"0,0"
2025-07-13 22:15:00,"0,0"
2025-07-13 22:30:00,"0,0"
2025-07-13 22:45:00,"0,0"
2025-07-13 23:00:00,"0,0"
2025-07-13 23:15:00,"0,0"
2025-07-13 23:30:00,"0,0"
2025-07-13 23:45:00,"0,0"
2025-07-14 00:00:00,"0,0"
2025-07-14 00:15:00,"0,0"
2025-07-14 00:30:00,"0,0"
2025-07-14 00:45:00,"0,0"
2025-07-14 01:00:00,"0,0"
2025-07-14 01:15:00,"0,0"
2025-07-14 01:30:00,"0,0"
2025-07-14 01:45:00,"0,0"
2025-07-14 02:00:00,"0,0"
2025-07-14 02:15:00,"0,0"
2025-07-14 02:30:00,"0,0"
2025-07-14 02:45:00,"0,0"
2025-07-14 03:00:00,"0,0"
2025-07-14 03:15:00,"0,0"
2025-07-14 03:30:00,"0,0"
2025-07-14 03:45:00,"0,0"
2025-07-14 04:00:00,"0,0"
2025-07-14 04:15:00,"0,0"
2025-07-14 04:30:00,"0,0"
2025-07-14 04:45:00,"0,0"
2025-07-14 05:00:00,"0,0"
2025-07-14 05:15:00,"0,0"
2025-07-14 05:30:00,"0,0"
2025-07-14 05:45:00,"69,84666666666429"
2025-07-14 06:00:00,"217,0706666666643"
2025-07-14 06:15:00,"248,60199999999764"
2025-07-14 06:30:00,"271,67966666666433"
2025-07-14 06:45:00,"420,42633333333094"
2025-07-14 07:00:00,"1211,4629999999977"
2025-07-14 07:15:00,"911,727333333331"
2025-07-14 07:30:00,"573,5789999999976"
2025-07-14 07:45:00,"1103,3763333333309"
2025-07-14 08:00:00,"1333,4679999999973"
2025-07-14 08:15:00,"1654,795333333331"
2025-07-14 08:30:00,"2559,565666666664"
2025-07-14 08:45:00,"2822,0739999999973"
2025-07-14 09:00:00,"3181,601666666664"
2025-07-14 09:15:00,"3336,327333333331"
2025-07-14 09:30:00,"3888,141666666664"
2025-07-14 09:45:00,"2532,4893333333307"
2025-07-14 10:00:00,"3232,6296666666644"
2025-07-14 10:15:00,"2592,0946666666646"
2025-07-14 10:30:00,"2690,7909999999965"
2025-07-14 10:45:00,"1430,945333333331"
2025-07-14 11:00:00,"985,4189999999977"
2025-07-14 11:15:00,"894,4019999999977"
2025-07-14 11:30:00,"970,0953333333309"
2025-07-14 11:45:00,"1325,4856666666644"
2025-07-14 12:00:00,"2874,7046666666643"
2025-07-14 12:15:00,"2989,866999999997"
2025-07-14 12:30:00,"1950,452333333331"
2025-07-14 12:45:00,"2359,2716666666643"
2025-07-14 13:00:00,"1862,078333333331"
2025-07-14 13:15:00,"950,505333333331"
2025-07-14 13:30:00,"411,65766666666434"
2025-07-14 13:45:00,"1514,1619999999978"
2025-07-14 14:00:00,"1746,2879999999975"
2025-07-14 14:15:00,"1373,227333333331"
2025-07-14 14:30:00,"1482,4189999999978"
2025-07-14 14:45:00,"2797,8066666666646"
2025-07-14 15:00:00,"3373,430333333331"
2025-07-14 15:15:00,"4348,28033333333"
2025-07-14 15:30:00,"5091,059333333331"
2025-07-14 15:45:00,"4077,1403333333315"
2025-07-14 16:00:00,"2501,4663333333315"
2025-07-14 16:15:00,"2840,4383333333312"
2025-07-14 16:30:00,"3647,557666666664"
2025-07-14 16:45:00,"2708,859333333331"
2025-07-14 17:00:00,"3822,265333333331"
2025-07-14 17:15:00,"3536,5609999999974"
2025-07-14 17:30:00,"729,5116666666646"
2025-07-14 17:45:00,"31,04299999999793"
2025-07-14 18:00:00,"7,760666666664594"
2025-07-14 18:15:00,"23,308333333331262"
2025-07-14 18:30:00,"139,90199999999794"
2025-07-14 18:45:00,"248,34433333333126"
2025-07-14 19:00:00,"499,8299999999978"
2025-07-14 19:15:00,"1164,7143333333313"
2025-07-14 19:30:00,"929,9853333333314"
2025-07-14 19:45:00,"349,7266666666645"
2025-07-14 20:00:00,"186,2083333333312"
2025-07-14 20:15:00,"100,89066666666452"
2025-07-14 20:30:00,"163,00466666666452"
2025-07-14 20:45:00,"132,2166666666645"
2025-07-14 21:00:00,"15,49566666666452"
2025-07-14 21:15:00,"0,0"
2025-07-14 21:30:00,"0,0"
2025-07-14 21:45:00,"0,0"
2025-07-14 22:00:00,"0,0"
2025-07-14 22:15:00,"0,0"
2025-07-14 22:30:00,"0,0"
2025-07-14 22:45:00,"0,0"
2025-07-14 23:00:00,"0,0"
2025-07-14 23:15:00,"0,0"
2025-07-14 23:30:00,"0,0"
2025-07-14 23:45:00,"0,0"
2025-07-15 00:00:00,"0,0"
2025-07-15 00:15:00,"0,0"
2025-07-15 00:30:00,"0,0"
2025-07-15 00:45:00,"0,0"
2025-07-15 01:00:00,"0,0"
2025-07-15 01:15:00,"0,0"
2025-07-15 01:30:00,"0,0"
2025-07-15 01:45:00,"0,0"
2025-07-15 02:00:00,"0,0"
2025-07-15 02:15:00,"0,0"
2025-07-15 02:30:00,"0,0"
2025-07-15 02:45:00,"0,0"
2025-07-15 03:00:00,"0,0"
2025-07-15 03:15:00,"0,0"
2025-07-15 03:30:00,"0,0"
2025-07-15 03:45:00,"0,0"
2025-07-15 04:00:00,"0,0"
2025-07-15 04:15:00,"0,0"
2025-07-15 04:30:00,"0,0"
2025-07-15 04:45:00,"0,0"
2025-07-15 05:00:00,"0,0"
2025-07-15 05:15:00,"0,0"
2025-07-15 05:30:00,"0,0"
2025-07-15 05:45:00,"15,521666666664519"
2025-07-15 06:00:00,"108,80566666666452"
2025-07-15 06:15:00,"178,4973333333312"
2025-07-15 06:30:00,"294,9089999999979"
2025-07-15 06:45:00,"411,3206666666645"
2025-07-15 07:00:00,"507,1453333333312"
2025-07-15 07:15:00,"606,0319999999978"
2025-07-15 07:30:00,"739,6756666666645"
2025-07-15 07:45:00,"964,4559999999979"
2025-07-15 08:00:00,"1213,5249999999978"
2025-07-15 08:15:00,"1532,0363333333314"
2025-07-15 08:30:00,"2338,7739999999976"
2025-07-15 08:45:00,"2829,708333333331"
2025-07-15 09:00:00,"3181,3963333333304"
2025-07-15 09:15:00,"3511,576333333331"
2025-07-15 09:30:00,"3732,953333333331"
2025-07-15 09:45:00,"3849,9609999999975"
2025-07-15 10:00:00,"3930,377333333331"
2025-07-15 10:15:00,"4013,308333333331"
2025-07-15 10:30:00,"4005,5066666666644"
2025-07-15 10:45:00,"3675,326333333331"
2025-07-15 11:00:00,"4310,661999999998"
2025-07-15 11:15:00,"2248,9189999999976"
2025-07-15 11:30:00,"3431,0093333333316"
2025-07-15 11:45:00,"4863,599666666665"
2025-07-15 12:00:00,"3343,2896666666647"
2025-07-15 12:15:00,"1001,1383333333315"
2025-07-15 12:30:00,"131,9326666666649"
2025-07-15 12:45:00,"262,64433333333153"
2025-07-15 13:00:00,"1127,646666666665"
2025-07-15 13:15:00,"3065,8029999999976"
2025-07-15 13:30:00,"3174,151666666665"
2025-07-15 13:45:00,"2669,701999999999"
2025-07-15 14:00:00,"1024,4206666666648"
2025-07-15 14:15:00,"808,9243333333314"
2025-07-15 14:30:00,"1157,0129999999983"
2025-07-15 14:45:00,"1924,838666666665"
2025-07-15 15:00:00,"1484,410999999997"
2025-07-15 15:15:00,"941,3593333333314"
2025-07-15 15:30:00,"1035,7989999999982"
2025-07-15 15:45:00,"1171,7546666666647"
2025-07-15 16:00:00,"1102,2936666666646"
2025-07-15 16:15:00,"1249,397666666665"
2025-07-15 16:30:00,"876,9659999999982"
2025-07-15 16:45:00,"1524,383999999998"
2025-07-15 17:00:00,"1009,9303333333314"
2025-07-15 17:15:00,"1402,785999999998"
2025-07-15 17:30:00,"1923,107666666665"
2025-07-15 17:45:00,"1824,3326666666649"
2025-07-15 18:00:00,"1981,701666666665"
2025-07-15 18:15:00,"1825,1609999999978"
2025-07-15 18:30:00,"1166,4346666666647"
2025-07-15 18:45:00,"559,448999999998"
2025-07-15 19:00:00,"256,8839999999981"
2025-07-15 19:15:00,"520,7266666666648"
2025-07-15 19:30:00,"404,0236666666648"
2025-07-15 19:45:00,"287,64599999999814"
2025-07-15 20:00:00,"256,1049999999981"
2025-07-15 20:15:00,"209,3359999999981"
2025-07-15 20:30:00,"108,75399999999811"
2025-07-15 20:45:00,"62,035333333331444"
2025-07-15 21:00:00,"15,495666666664778"
2025-07-15 21:15:00,"7,760666666664779"
2025-07-15 21:30:00,"0,0"
2025-07-15 21:45:00,"0,0"
2025-07-15 22:00:00,"0,0"
2025-07-15 22:15:00,"0,0"
2025-07-15 22:30:00,"0,0"
2025-07-15 22:45:00,"0,0"
2025-07-15 23:00:00,"0,0"
2025-07-15 23:15:00,"0,0"
2025-07-15 23:30:00,"0,0"
2025-07-15 23:45:00,"0,0"
2025-07-16 00:00:00,"0,0"
2025-07-16 00:15:00,"0,0"
2025-07-16 00:30:00,"0,0"
2025-07-16 00:45:00,"0,0"
2025-07-16 01:00:00,"0,0"
2025-07-16 01:15:00,"0,0"
2025-07-16 01:30:00,"0,0"
2025-07-16 01:45:00,"0,0"
2025-07-16 02:00:00,"0,0"
2025-07-16 02:15:00,"0,0"
2025-07-16 02:30:00,"0,0"
2025-07-16 02:45:00,"0,0"
2025-07-16 03:00:00,"0,0"
2025-07-16 03:15:00,"0,0"
2025-07-16 03:30:00,"0,0"
2025-07-16 03:45:00,"0,0"
2025-07-16 04:00:00,"0,0"
2025-07-16 04:15:00,"0,0"
2025-07-16 04:30:00,"0,0"
2025-07-16 04:45:00,"0,0"
2025-07-16 05:00:00,"0,0"
2025-07-16 05:15:00,"0,0"
2025-07-16 05:30:00,"0,0"
2025-07-16 05:45:00,"30,991999999998114"
2025-07-16 06:00:00,"85,52366666666478"
2025-07-16 06:15:00,"279,9566666666648"
2025-07-16 06:30:00,"535,493"
2025-07-16 06:45:00,"543,3169999999981"
2025-07-16 07:00:00,"560,9403333333315"
2025-07-16 07:15:00,"473,9736666666647"
2025-07-16 07:30:00,"403,17533333333137"
2025-07-16 07:45:00,"598,923999999998"
2025-07-16 08:00:00,"647,0283333333314"
2025-07-16 08:15:00,"996,6073333333313"
2025-07-16 08:30:00,"1409,3646666666648"
2025-07-16 08:45:00,"1490,0663333333314"
2025-07-16 09:00:00,"1426,3246666666648"
2025-07-16 09:15:00,"1509,364999999998"
2025-07-16 09:30:00,"2192,749999999998"
2025-07-16 09:45:00,"2242,859999999998"
2025-07-16 10:00:00,"2173,0133333333315"
2025-07-16 10:15:00,"2009,9503333333314"
2025-07-16 10:30:00,"2222,7053333333315"
2025-07-16 10:45:00,"2149,2046666666647"
2025-07-16 11:00:00,"1574,9793333333314"
2025-07-16 11:15:00,"1549,6369999999981"
2025-07-16 11:30:00,"2043,4006666666646"
2025-07-16 11:45:00,"2139,2549999999983"
2025-07-16 12:00:00,"3355,2139999999986"
2025-07-16 12:15:00,"3350,2406666666643"
2025-07-16 12:30:00,"2975,3026666666647"
2025-07-16 12:45:00,"3669,309666666665"
2025-07-16 13:00:00,"3625,253999999998"
2025-07-16 13:15:00,"3923,390666666665"
2025-07-16 13:30:00,"3965,7489999999975"
2025-07-16 13:45:00,"2908,9313333333316"
2025-07-16 14:00:00,"3267,2806666666647"
2025-07-16 14:15:00,"2112,5079999999984"
2025-07-16 14:30:00,"651,7026666666649"
2025-07-16 14:45:00,"1384,8303333333315"
2025-07-16 15:00:00,"2548,789666666665"
2025-07-16 15:15:00,"3998,4403333333316"
2025-07-16 15:30:00,"4710,782333333332"
2025-07-16 15:45:00,"4339,921666666665"
2025-07-16 16:00:00,"3996,791999999999"
2025-07-16 16:15:00,"1726,4943333333322"
2025-07-16 16:30:00,"2173,013333333332"
2025-07-16 16:45:00,"512,2099999999988"
2025-07-16 17:00:00,"380,2773333333322"
2025-07-16 17:15:00,"1350,3726666666657"
2025-07-16 17:30:00,"1086,5066666666655"
2025-07-16 17:45:00,"2513,0013333333322"
2025-07-16 18:00:00,"1033,3673333333322"
2025-07-16 18:15:00,"404,4619999999988"
2025-07-16 18:30:00,"15,495666666665484"
2025-07-16 18:45:00,"139,64366666666547"
2025-07-16 19:00:00,"54,56066666666549"
2025-07-16 19:15:00,"69,92433333333216"
2025-07-16 19:30:00,"155,21633333333216"
2025-07-16 19:45:00,"0,0"
2025-07-16 20:00:00,"31,146666666665478"
2025-07-16 20:15:00,"7,7349999999988155"
2025-07-16 20:30:00,"15,52133333333215"
2025-07-16 20:45:00,"7,7349999999988155"
2025-07-16 21:00:00,"23,282499999998223"
2025-07-16 21:15:00,"0,0"
2025-07-16 21:30:00,"0,0"
2025-07-16 21:45:00,"0,0"
2025-07-16 22:00:00,"0,0"
2025-07-16 22:15:00,"0,0"
2025-07-16 22:30:00,"0,0"
2025-07-16 22:45:00,"0,0"
2025-07-16 23:00:00,"0,0"
2025-07-16 23:15:00,"0,0"
2025-07-16 23:30:00,"0,0"
2025-07-16 23:45:00,"0,0"
2025-07-17 00:00:00,"0,0"
2025-07-17 00:15:00,"0,0"
2025-07-17 00:30:00,"0,0"
2025-07-17 00:45:00,"0,0"
2025-07-17 01:00:00,"0,0"
2025-07-17 01:15:00,"0,0"
2025-07-17 01:30:00,"0,0"
2025-07-17 01:45:00,"0,0"
2025-07-17 02:00:00,"0,0"
2025-07-17 02:15:00,"0,0"
2025-07-17 02:30:00,"0,0"
2025-07-17 02:45:00,"0,0"
2025-07-17 03:00:00,"0,0"
2025-07-17 03:15:00,"0,0"
2025-07-17 03:30:00,"0,0"
2025-07-17 03:45:00,"0,0"
2025-07-17 04:00:00,"0,0"
2025-07-17 04:15:00,"0,0"
2025-07-17 04:30:00,"0,0"
2025-07-17 04:45:00,"0,0"
2025-07-17 05:00:00,"0,0"
2025-07-17 05:15:00,"0,0"
2025-07-17 05:30:00,"0,0"
2025-07-17 05:45:00,"7,709666666665485"
2025-07-17 06:00:00,"69,97566666666548"
2025-07-17 06:15:00,"147,0726666666655"
2025-07-17 06:30:00,"202,21833333333214"
2025-07-17 06:45:00,"232,56833333333216"
2025-07-17 07:00:00,"233,39199999999886"
2025-07-17 07:15:00,"257,14033333333214"
2025-07-17 07:30:00,"443,6053333333321"
2025-07-17 07:45:00,"799,3586666666655"
2025-07-17 08:00:00,"1249,6459999999988"
2025-07-17 08:15:00,"1023,3703333333322"
2025-07-17 08:30:00,"1270,3413333333322"
2025-07-17 08:45:00,"1739,8686666666654"
2025-07-17 09:00:00,"1371,9246666666656"
2025-07-17 09:15:00,"1368,894999999999"
2025-07-17 09:30:00,"1421,6073333333322"
2025-07-17 09:45:00,"1895,5336666666653"
2025-07-17 10:00:00,"1482,3056666666655"
2025-07-17 10:15:00,"1036,8306666666656"
2025-07-17 10:30:00,"595,2956666666654"
2025-07-17 10:45:00,"709,7276666666655"
2025-07-17 11:00:00,"1646,853999999998"
2025-07-17 11:15:00,"2946,9753333333324"
2025-07-17 11:30:00,"2923,409333333332"
2025-07-17 11:45:00,"2216,939333333332"
2025-07-17 12:00:00,"1308,0273333333323"
2025-07-17 12:15:00,"2437,384999999999"
2025-07-17 12:30:00,"1965,681666666666"
2025-07-17 12:45:00,"1777,7139999999988"
2025-07-17 13:00:00,"3668,7419999999993"
2025-07-17 13:15:00,"2100,072333333333"
2025-07-17 13:30:00,"3551,7326666666663"
2025-07-17 13:45:00,"5160,948"
2025-07-17 14:00:00,"4676,737999999999"
2025-07-17 14:15:00,"3788,721333333333"
2025-07-17 14:30:00,"2049,942666666666"
2025-07-17 14:45:00,"4035,595999999999"
2025-07-17 15:00:00,"5385,968666666666"
2025-07-17 15:15:00,"5549,345666666666"
2025-07-17 15:30:00,"3639,7973333333325"
2025-07-17 15:45:00,"3234,064666666666"
2025-07-17 16:00:00,"1468,3309999999994"
2025-07-17 16:15:00,"2789,4459999999995"
2025-07-17 16:30:00,"5021,212666666666"
2025-07-17 16:45:00,"3732,9259999999995"
2025-07-17 17:00:00,"1652,473333333333"
2025-07-17 17:15:00,"2569,174333333333"
2025-07-17 17:30:00,"2374,989666666666"
2025-07-17 17:45:00,"3220,7159999999994"
2025-07-17 18:00:00,"3301,4176666666663"
2025-07-17 18:15:00,"2640,7873333333328"
2025-07-17 18:30:00,"2282,287"
2025-07-17 18:45:00,"1850,052"
2025-07-17 19:00:00,"1253,5586666666666"
2025-07-17 19:15:00,"903,3236666666663"
2025-07-17 19:30:00,"806,2029999999996"
2025-07-17 19:45:00,"559,3459999999997"
2025-07-17 20:00:00,"372,468333333333"
2025-07-17 20:15:00,"286,8406666666664"
2025-07-17 20:30:00,"505,6096666666664"
2025-07-17 20:45:00,"302,92899999999975"
2025-07-17 21:00:00,"23,256999999999707"
2025-07-17 21:15:00,"0,0"
2025-07-17 21:30:00,"0,0"
2025-07-17 21:45:00,"0,0"
2025-07-17 22:00:00,"0,0"
2025-07-17 22:15:00,"0,0"
2025-07-17 22:30:00,"0,0"
2025-07-17 22:45:00,"0,0"
2025-07-17 23:00:00,"0,0"
2025-07-17 23:15:00,"0,0"
2025-07-17 23:30:00,"0,0"
2025-07-17 23:45:00,"0,0"
2025-07-18 00:00:00,"0,0"
2025-07-18 00:15:00,"0,0"
2025-07-18 00:30:00,"0,0"
2025-07-18 00:45:00,"0,0"
2025-07-18 01:00:00,"0,0"
2025-07-18 01:15:00,"0,0"
2025-07-18 01:30:00,"0,0"
2025-07-18 01:45:00,"0,0"
2025-07-18 02:00:00,"0,0"
2025-07-18 02:15:00,"0,0"
2025-07-18 02:30:00,"0,0"
2025-07-18 02:45:00,"0,0"
2025-07-18 03:00:00,"0,0"
2025-07-18 03:15:00,"0,0"
2025-07-18 03:30:00,"0,0"
2025-07-18 03:45:00,"0,0"
2025-07-18 04:00:00,"0,0"
2025-07-18 04:15:00,"0,0"
2025-07-18 04:30:00,"0,0"
2025-07-18 04:45:00,"0,0"
2025-07-18 05:00:00,"0,0"
2025-07-18 05:15:00,"0,0"
2025-07-18 05:30:00,"0,0"
2025-07-18 05:45:00,"0,0"
2025-07-18 06:00:00,"69,92466666666637"
2025-07-18 06:15:00,"155,0359999999997"
2025-07-18 06:30:00,"286,74199999999973"
2025-07-18 06:45:00,"388,86333333333306"
2025-07-18 07:00:00,"491,67166666666634"
2025-07-18 07:15:00,"620,1949999999997"
2025-07-18 07:30:00,"775,9023333333331"
2025-07-18 07:45:00,"1180,9336666666663"
2025-07-18 08:00:00,"1174,5223333333333"
2025-07-18 08:15:00,"1459,2386666666666"
2025-07-18 08:30:00,"2248,075666666666"
2025-07-18 08:45:00,"2626,0249999999996"
2025-07-18 09:00:00,"3178,633666666666"
2025-07-18 09:15:00,"3566,1089999999995"
2025-07-18 09:30:00,"3791,3773333333334"
2025-07-18 09:45:00,"3997,9306666666666"
2025-07-18 10:00:00,"3975,504666666667"
2025-07-18 10:15:00,"4040,056666666666"
2025-07-18 10:30:00,"4055,9584999999993"
2025-07-18 10:45:00,"4159,768"
2025-07-18 11:00:00,"4353,787333333334"
2025-07-18 11:15:00,"3081,125666666667"
2025-07-18 11:30:00,"4834,954666666667"
2025-07-18 11:45:00,"3352,648666666667"
2025-07-18 12:00:00,"4612,638500000001"
2025-07-18 12:15:00,"5256,911333333334"
2025-07-18 12:30:00,"3530,3116666666674"
2025-07-18 12:45:00,"5290,493"
2025-07-18 13:00:00,"5399,724666666667"
2025-07-18 13:15:00,"5626,053333333334"
2025-07-18 13:30:00,"5349,618"
2025-07-18 13:45:00,"5493,991999999999"
2025-07-18 14:00:00,"3944,5036666666674"
2025-07-18 14:15:00,"4486,920999999999"
2025-07-18 14:30:00,"3293,6313333333337"
2025-07-18 14:45:00,"3942,5375000000013"
2025-07-18 15:00:00,"4531,674666666668"
2025-07-18 15:15:00,"3406,974333333334"
2025-07-18 15:30:00,"4555,567000000001"
2025-07-18 15:45:00,"3555,8773333333334"
2025-07-18 16:00:00,"3060,767000000001"
2025-07-18 16:15:00,"3837,528666666667"
2025-07-18 16:30:00,"4303,124333333333"
2025-07-18 16:45:00,"2790,8003333333336"
2025-07-18 17:00:00,"2965,8126666666667"
2025-07-18 17:15:00,"1491,432666666667"
2025-07-18 17:30:00,"2348,616333333334"
2025-07-18 17:45:00,"2869,6003333333338"
2025-07-18 18:00:00,"3360,4096666666674"
2025-07-18 18:15:00,"3255,8313333333335"
2025-07-18 18:30:00,"2926,43"
2025-07-18 18:45:00,"2474,112666666667"
2025-07-18 19:00:00,"2219,1655"
2025-07-18 19:15:00,"1806,4900000000002"
2025-07-18 19:30:00,"1370,313"
2025-07-18 19:45:00,"1010,073"
2025-07-18 20:00:00,"753,7736666666666"
2025-07-18 20:15:00,"636,2586666666666"
2025-07-18 20:30:00,"442,8533333333333"
2025-07-18 20:45:00,"249,16966666666664"
2025-07-18 21:00:00,"69,82133333333333"
2025-07-18 21:15:00,"0,0"
2025-07-18 21:30:00,"0,0"
2025-07-18 21:45:00,"0,0"
2025-07-18 22:00:00,"0,0"
2025-07-18 22:15:00,"0,0"
2025-07-18 22:30:00,"0,0"
2025-07-18 22:45:00,"0,0"
2025-07-18 23:00:00,"0,0"
2025-07-18 23:15:00,"0,0"
2025-07-18 23:30:00,"0,0"
2025-07-18 23:45:00,"0,0"
2025-07-19 00:00:00,"0,0"
2025-07-19 00:15:00,"0,0"
2025-07-19 00:30:00,"0,0"
2025-07-19 00:45:00,"0,0"
2025-07-19 01:00:00,"0,0"
2025-07-19 01:15:00,"0,0"
2025-07-19 01:30:00,"0,0"
2025-07-19 01:45:00,"0,0"
2025-07-19 02:00:00,"0,0"
2025-07-19 02:15:00,"0,0"
2025-07-19 02:30:00,"0,0"
2025-07-19 02:45:00,"0,0"
2025-07-19 03:00:00,"0,0"
2025-07-19 03:15:00,"0,0"
2025-07-19 03:30:00,"0,0"
2025-07-19 03:45:00,"0,0"
2025-07-19 04:00:00,"0,0"
2025-07-19 04:15:00,"0,0"
2025-07-19 04:30:00,"0,0"
2025-07-19 04:45:00,"0,0"
2025-07-19 05:00:00,"0,0"
2025-07-19 05:15:00,"0,0"
2025-07-19 05:30:00,"0,0"
2025-07-19 05:45:00,"23,282333333333334"
2025-07-19 06:00:00,"81,79849999999999"
2025-07-19 06:15:00,"162,77133333333336"
2025-07-19 06:30:00,"264,098"
2025-07-19 06:45:00,"341,4736666666667"
2025-07-19 07:00:00,"428,2433333333333"
2025-07-19 07:15:00,"520,0263333333334"
2025-07-19 07:30:00,"596,8870000000001"
2025-07-19 07:45:00,"825,5353333333333"
2025-07-19 08:00:00,"1062,0203333333336"
2025-07-19 08:15:00,"1331,6636666666666"
2025-07-19 08:30:00,"2159,3140000000003"
2025-07-19 08:45:00,"2708,474666666666"
2025-07-19 09:00:00,"3088,783"
2025-07-19 09:15:00,"3500,026"
2025-07-19 09:30:00,"3635,9813333333336"
2025-07-19 09:45:00,"3877,005666666667"
2025-07-19 10:00:00,"3954,611"
2025-07-19 10:15:00,"4042,204333333333"
2025-07-19 10:30:00,"4102,168333333333"
2025-07-19 10:45:00,"4148,862"
2025-07-19 11:00:00,"4249,891333333333"
2025-07-19 11:15:00,"4315,040666666668"
2025-07-19 11:30:00,"4481,964000000001"
2025-07-19 11:45:00,"4578,908666666667"
2025-07-19 12:00:00,"4640,935666666666"
2025-07-19 12:15:00,"4097,682333333333"
2025-07-19 12:30:00,"4700,226"
2025-07-19 12:45:00,"5078,9636666666665"
2025-07-19 13:00:00,"5024,610333333332"
2025-07-19 13:15:00,"5069,786"
2025-07-19 13:30:00,"5217,075000000001"
2025-07-19 13:45:00,"5488,5233333333335"
2025-07-19 14:00:00,"5235,626333333334"
2025-07-19 14:15:00,"4587,289333333333"
2025-07-19 14:30:00,"5058,160333333333"
2025-07-19 14:45:00,"4974,6483333333335"
2025-07-19 15:00:00,"4604,925333333333"
2025-07-19 15:15:00,"4276,179666666667"
2025-07-19 15:30:00,"3870,4139999999998"
2025-07-19 15:45:00,"3845,371"
2025-07-19 16:00:00,"3709,644333333333"
2025-07-19 16:15:00,"2817,6133333333337"
2025-07-19 16:30:00,"3426,9013333333332"
2025-07-19 16:45:00,"3430,978"
2025-07-19 17:00:00,"3042,2186666666666"
2025-07-19 17:15:00,"3228,4770000000003"
2025-07-19 17:30:00,"3208,491"
2025-07-19 17:45:00,"2928,7459999999996"
2025-07-19 18:00:00,"1063,2243333333333"
2025-07-19 18:15:00,"993,3776666666666"
2025-07-19 18:30:00,"682,9473333333334"
2025-07-19 18:45:00,"684,6026666666666"
2025-07-19 19:00:00,"838,1623333333333"
2025-07-19 19:15:00,"1001,0423333333333"
2025-07-19 19:30:00,"566,3593333333331"
2025-07-19 19:45:00,"139,69366666666653"
2025-07-19 20:00:00,"124,3793333333332"
2025-07-19 20:15:00,"267,32349999999985"
2025-07-19 20:30:00,"147,45466666666653"
2025-07-19 20:45:00,"69,92466666666651"
2025-07-19 21:00:00,"23,256999999999852"
2025-07-19 21:15:00,"0,0"
2025-07-19 21:30:00,"0,0"
2025-07-19 21:45:00,"0,0"
2025-07-19 22:00:00,"0,0"
2025-07-19 22:15:00,"0,0"
2025-07-19 22:30:00,"0,0"
2025-07-19 22:45:00,"0,0"
2025-07-19 23:00:00,"0,0"
2025-07-19 23:15:00,"0,0"
2025-07-19 23:30:00,"0,0"
2025-07-19 23:45:00,"0,0"
2025-07-20 00:00:00,"0,0"
2025-07-20 00:15:00,"0,0"
2025-07-20 00:30:00,"0,0"
2025-07-20 00:45:00,"0,0"
2025-07-20 01:00:00,"0,0"
2025-07-20 01:15:00,"0,0"
2025-07-20 01:30:00,"0,0"
2025-07-20 01:45:00,"0,0"
2025-07-20 02:00:00,"0,0"
2025-07-20 02:15:00,"0,0"
2025-07-20 02:30:00,"0,0"
2025-07-20 02:45:00,"0,0"
2025-07-20 03:00:00,"0,0"
2025-07-20 03:15:00,"0,0"
2025-07-20 03:30:00,"0,0"
2025-07-20 03:45:00,"0,0"
2025-07-20 04:00:00,"0,0"
2025-07-20 04:15:00,"0,0"
2025-07-20 04:30:00,"0,0"
2025-07-20 04:45:00,"0,0"
2025-07-20 05:00:00,"0,0"
2025-07-20 05:15:00,"0,0"
2025-07-20 05:30:00,"0,0"
2025-07-20 05:45:00,"7,684333333333334"
2025-07-20 06:00:00,"54,506"
2025-07-20 06:15:00,"163,311"
2025-07-20 06:30:00,"263,533"
2025-07-20 06:45:00,"349,1853333333333"
2025-07-20 07:00:00,"442,2896666666667"
2025-07-20 07:15:00,"565,7503333333333"
2025-07-20 07:30:00,"691,3363333333332"
2025-07-20 07:45:00,"901,1506666666667"
2025-07-20 08:00:00,"1077,542"
2025-07-20 08:15:00,"1466,7839999999999"
2025-07-20 08:30:00,"2239,998"
2025-07-20 08:45:00,"2630,8983333333335"
2025-07-20 09:00:00,"3033,268"
2025-07-20 09:15:00,"3441,936333333333"
2025-07-20 09:30:00,"3682,3916666666664"
2025-07-20 09:45:00,"4004,5529999999994"
2025-07-20 10:00:00,"4071,125333333334"
2025-07-20 10:15:00,"4071,073666666667"
2025-07-20 10:30:00,"4067,9843333333324"
2025-07-20 10:45:00,"4183,050666666666"
2025-07-20 11:00:00,"3682,3916666666664"
2025-07-20 11:15:00,"4360,29"
2025-07-20 11:30:00,"4575,971"
2025-07-20 11:45:00,"4415,873333333334"
2025-07-20 12:00:00,"4027,835333333333"
2025-07-20 12:15:00,"3748,7583333333328"
2025-07-20 12:30:00,"4848,206999999999"
2025-07-20 12:45:00,"4716,119333333333"
2025-07-20 13:00:00,"4838,761333333333"
2025-07-20 13:15:00,"4842,715333333334"
2025-07-20 13:30:00,"4811,672333333333"
2025-07-20 13:45:00,"4666,442666666666"
2025-07-20 14:00:00,"5020,089333333332"
2025-07-20 14:15:00,"4843,701666666667"
2025-07-20 14:30:00,"4395,510666666667"
2025-07-20 14:45:00,"4521,893999999999"
2025-07-20 15:00:00,"4084,9779999999996"
2025-07-20 15:15:00,"4291,578666666666"
2025-07-20 15:30:00,"4024,225333333333"
2025-07-20 15:45:00,"3791,4543333333327"
2025-07-20 16:00:00,"3865,9743333333327"
2025-07-20 16:15:00,"3959,7105"
2025-07-20 16:30:00,"3802,7729999999997"
2025-07-20 16:45:00,"3616,515"
2025-07-20 17:00:00,"3453,3843333333325"
2025-07-20 17:15:00,"3422,4956666666662"
2025-07-20 17:30:00,"3282,802333333333"
2025-07-20 17:45:00,"2064,3626666666664"
2025-07-20 18:00:00,"1753,9323333333332"
2025-07-20 18:15:00,"2429,1183333333333"
2025-07-20 18:30:00,"2644,453666666667"
2025-07-20 18:45:00,"1920,9436666666663"
2025-07-20 19:00:00,"1505,5876666666663"
2025-07-20 19:15:00,"1303,2506666666663"
2025-07-20 19:30:00,"1322,6996666666664"
2025-07-20 19:45:00,"806,8939999999998"
2025-07-20 20:00:00,"390,2334999999996"
2025-07-20 20:15:00,"203,71999999999957"
2025-07-20 20:30:00,"101,17466666666637"
2025-07-20 20:45:00,"77,60766666666636"
2025-07-20 21:00:00,"15,521333333333038"
2025-07-20 21:15:00,"0,0"
2025-07-20 21:30:00,"0,0"
2025-07-20 21:45:00,"0,0"
2025-07-20 22:00:00,"0,0"
2025-07-20 22:15:00,"0,0"
2025-07-20 22:30:00,"0,0"
2025-07-20 22:45:00,"0,0"
2025-07-20 23:00:00,"0,0"
2025-07-20 23:15:00,"0,0"
2025-07-20 23:30:00,"0,0"
2025-07-20 23:45:00,"0,0"
2025-07-21 00:00:00,"0,0"
2025-07-21 00:15:00,"0,0"
2025-07-21 00:30:00,"0,0"
2025-07-21 00:45:00,"0,0"
2025-07-21 01:00:00,"0,0"
2025-07-21 01:15:00,"0,0"
2025-07-21 01:30:00,"0,0"
2025-07-21 01:45:00,"0,0"
2025-07-21 02:00:00,"0,0"
2025-07-21 02:15:00,"0,0"
2025-07-21 02:30:00,"0,0"
2025-07-21 02:45:00,"0,0"
2025-07-21 03:00:00,"0,0"
2025-07-21 03:15:00,"0,0"
2025-07-21 03:30:00,"0,0"
2025-07-21 03:45:00,"0,0"
2025-07-21 04:00:00,"0,0"
2025-07-21 04:15:00,"0,0"
2025-07-21 04:30:00,"0,0"
2025-07-21 04:45:00,"0,0"
2025-07-21 05:00:00,"0,0"
2025-07-21 05:15:00,"0,0"
2025-07-21 05:30:00,"0,0"
2025-07-21 05:45:00,"0,0"
2025-07-21 06:00:00,"0,0"
2025-07-21 06:15:00,"11,68"
2025-07-21 06:30:00,"110,81349999999999"
2025-07-21 06:45:00,"245,27599999999998"
2025-07-21 07:00:00,"320,1315"
2025-07-21 07:15:00,"296,60900000000004"
2025-07-21 07:30:00,"283,45799999999997"
2025-07-21 07:45:00,"194,25233333333333"
2025-07-21 08:00:00,"156,09533333333334"
2025-07-21 08:15:00,"192,2625"
2025-07-21 08:30:00,"396,06199999999995"
2025-07-21 08:45:00,"589,6933333333333"
2025-07-21 09:00:00,"629,743"
2025-07-21 09:15:00,"411,81"
2025-07-21 09:30:00,"418,024"
2025-07-21 09:45:00,"478,606"
2025-07-21 10:00:00,"779,9264999999999"
2025-07-21 10:15:00,"858,4993333333332"
2025-07-21 10:30:00,"886,481"
2025-07-21 10:45:00,"721,7510000000001"
2025-07-21 11:00:00,"669,34"
2025-07-21 11:15:00,"706,2296666666666"
2025-07-21 11:30:00,"458,71266666666673"
2025-07-21 11:45:00,"698,4686666666668"
2025-07-21 12:00:00,"1054,2386666666669"
2025-07-21 12:15:00,"970,3346666666666"
2025-07-21 12:30:00,"474,6316666666667"
2025-07-21 12:45:00,"457,42400000000004"
2025-07-21 13:00:00,"671,2000000000002"
2025-07-21 13:15:00,"1272,765"
2025-07-21 13:30:00,"1948,3516666666667"
2025-07-21 13:45:00,"2217,032333333333"
2025-07-21 14:00:00,"1816,4170000000001"
2025-07-21 14:15:00,"1673,8086666666668"
2025-07-21 14:30:00,"1673,8086666666668"
2025-07-21 14:45:00,"1673,8086666666668"
2025-07-21 15:00:00,"1673,8086666666668"
2025-07-21 15:15:00,"0,0"
2025-07-21 15:30:00,"2479,9503333333337"
2025-07-21 15:45:00,"4945,628"
2025-07-21 16:00:00,"4307,346666666666"
2025-07-21 16:15:00,"4178,853666666667"
2025-07-21 16:30:00,"4266,112999999999"
2025-07-21 16:45:00,"3820,8989999999994"
2025-07-21 17:00:00,"3875,125666666667"
2025-07-21 17:15:00,"3658,735333333334"
2025-07-21 17:30:00,"3118,7963333333337"
2025-07-21 17:45:00,"3406,086666666667"
2025-07-21 18:00:00,"2996,1380000000004"
2025-07-21 18:15:00,"2693,8886666666667"
2025-07-21 18:30:00,"2383,0373333333337"
2025-07-21 18:45:00,"2155,544"
2025-07-21 19:00:00,"1082,7776666666666"
2025-07-21 19:15:00,"659,0913333333334"
2025-07-21 19:30:00,"408,3003333333333"
2025-07-21 19:45:00,"617,0136666666667"
2025-07-21 20:00:00,"342,416"
2025-07-21 20:15:00,"124,928"
2025-07-21 20:30:00,"68,79266666666666"
2025-07-21 20:45:00,"39,611666666666665"
2025-07-21 21:00:00,"6,279333333333334"
2025-07-21 21:15:00,"0,0"
2025-07-21 21:30:00,"0,0"
2025-07-21 21:45:00,"0,0"
2025-07-21 22:00:00,"0,0"
2025-07-21 22:15:00,"0,0"
2025-07-21 22:30:00,"0,0"
2025-07-21 22:45:00,"0,0"
2025-07-21 23:00:00,"0,0"
2025-07-21 23:15:00,"0,0"
2025-07-21 23:30:00,"0,19566666666666666"
2025-07-21 23:45:00,"0,0"
2025-07-22 00:00:00,"0,0"
2025-07-22 00:15:00,"0,0036666666666666666"
2025-07-22 00:30:00,"0,015333333333333334"
2025-07-22 00:45:00,"0,0036666666666666666"
2025-07-22 01:00:00,"0,0"
2025-07-22 01:15:00,"0,0"
2025-07-22 01:30:00,"0,0"
2025-07-22 01:45:00,"0,0"
2025-07-22 02:00:00,"0,003"
2025-07-22 02:15:00,"0,0"
2025-07-22 02:30:00,"0,007666666666666667"
2025-07-22 02:45:00,"0,0"
2025-07-22 03:00:00,"0,0"
2025-07-22 03:15:00,"0,0"
2025-07-22 03:30:00,"0,0036666666666666666"
2025-07-22 03:45:00,"0,0"
2025-07-22 04:00:00,"0,0"
2025-07-22 04:15:00,"0,0"
2025-07-22 04:30:00,"0,002"
2025-07-22 04:45:00,"0,0"
2025-07-22 05:00:00,"0,0"
2025-07-22 05:15:00,"0,0"
2025-07-22 05:30:00,"0,0036666666666666666"
2025-07-22 05:45:00,"14,4545"
2025-07-22 06:00:00,"61,98"
2025-07-22 06:15:00,"156,803"
2025-07-22 06:30:00,"252,86849999999998"
2025-07-22 06:45:00,"322,35166666666663"
2025-07-22 07:00:00,"396,39700000000005"
2025-07-22 07:15:00,"470,32050000000004"
2025-07-22 07:30:00,"584,2484999999999"
2025-07-22 07:45:00,"813,1516666666666"
2025-07-22 08:00:00,"1032,3223333333333"
2025-07-22 08:15:00,"1661,8186666666668"
2025-07-22 08:30:00,"2057,616"
2025-07-22 08:45:00,"1323,146"
2025-07-22 09:00:00,"2463,12"
2025-07-22 09:15:00,"1475,999"
2025-07-22 09:30:00,"1454,235"
2025-07-22 09:45:00,"1888,218"
2025-07-22 10:00:00,"2155,573"
2025-07-22 10:15:00,"2933,105"
2025-07-22 10:30:00,"3403,139333333333"
2025-07-22 10:45:00,"2588,2670000000003"
2025-07-22 11:00:00,"2167,339"
2025-07-22 11:15:00,"1811,8004999999998"
2025-07-22 11:30:00,"3005,164"
2025-07-22 11:45:00,"3094,398333333333"
2025-07-22 12:00:00,"3940,1"
2025-07-22 12:15:00,"3286,467"
2025-07-22 12:30:00,"1460,8666666666668"
2025-07-22 12:45:00,"1121,5226666666667"
2025-07-22 13:00:00,"3326,0930000000003"
2025-07-22 13:15:00,"1605,4276666666665"
2025-07-22 13:30:00,"2731,532"
2025-07-22 13:45:00,"3790,9106666666667"
2025-07-22 14:00:00,"4586,261333333334"
2025-07-22 14:15:00,"2999,7010000000005"
2025-07-22 14:30:00,"2792,934"
2025-07-22 14:45:00,"1886,5560000000005"
2025-07-22 15:00:00,"1682,247333333334"
2025-07-22 15:15:00,"1091,9196666666671"
2025-07-22 15:30:00,"729,6213333333338"
2025-07-22 15:45:00,"634,7126666666671"
2025-07-22 16:00:00,"2824,873"
2025-07-22 16:15:00,"4134,805"
2025-07-22 16:30:00,"3707,5569999999993"
2025-07-22 16:45:00,"4299,22"
2025-07-22 17:00:00,"3829,799"
2025-07-22 17:15:00,"2084,0626666666667"
2025-07-22 17:30:00,"1049,3963333333334"
2025-07-22 17:45:00,"3890,5099999999993"
2025-07-22 18:00:00,"3372,1983333333333"
2025-07-22 18:15:00,"2761,6136666666666"
2025-07-22 18:30:00,"2452,4983333333334"
2025-07-22 18:45:00,"2233,438"
2025-07-22 19:00:00,"1729,4085"
2025-07-22 19:15:00,"1170,0896666666665"
2025-07-22 19:30:00,"1007,3613333333333"
2025-07-22 19:45:00,"822,1383333333333"
2025-07-22 20:00:00,"656,5556666666666"
2025-07-22 20:15:00,"477,297"
2025-07-22 20:30:00,"317,8056666666667"
2025-07-22 20:45:00,"155,57066666666665"
2025-07-22 21:00:00,"16,317333333333334"
2025-07-22 21:15:00,"0,13733333333333334"
2025-07-22 21:30:00,"0,0"
2025-07-22 21:45:00,"0,0"
2025-07-22 22:00:00,"0,015333333333333334"
2025-07-22 22:15:00,"0,0"
2025-07-22 22:30:00,"0,0"
2025-07-22 22:45:00,"0,0"
2025-07-22 23:00:00,"0,0"
2025-07-22 23:15:00,"0,0"
2025-07-22 23:30:00,"0,015333333333333334"
2025-07-22 23:45:00,"0,0"
2025-07-23 00:00:00,"0,0"
2025-07-23 00:15:00,"0,0"
2025-07-23 00:30:00,"0,015333333333333334"
2025-07-23 00:45:00,"0,0"
2025-07-23 01:00:00,"0,0"
2025-07-23 01:15:00,"0,0"
2025-07-23 01:30:00,"0,0"
2025-07-23 01:45:00,"0,0"
2025-07-23 02:00:00,"0,0"
2025-07-23 02:15:00,"0,0"
2025-07-23 02:30:00,"0,0"
2025-07-23 02:45:00,"0,0"
2025-07-23 03:00:00,"0,0"
2025-07-23 03:15:00,"0,0"
2025-07-23 03:30:00,"0,0"
2025-07-23 03:45:00,"0,0"
2025-07-23 04:00:00,"0,015333333333333334"
2025-07-23 04:15:00,"0,0"
2025-07-23 04:30:00,"0,0"
2025-07-23 04:45:00,"0,0"
2025-07-23 05:00:00,"0,0"
2025-07-23 05:15:00,"0,015333333333333334"
2025-07-23 05:30:00,"0,0"
2025-07-23 05:45:00,"18,738"
2025-07-23 06:00:00,"116,775"
2025-07-23 06:15:00,"197,64433333333335"
2025-07-23 06:30:00,"325,1433333333333"
2025-07-23 06:45:00,"328,72233333333327"
2025-07-23 07:00:00,"543,735"
2025-07-23 07:15:00,"870,9043333333333"
2025-07-23 07:30:00,"993,9313333333334"
2025-07-23 07:45:00,"1253,628"
2025-07-23 08:00:00,"1694,018"
2025-07-23 08:15:00,"1439,4609999999998"
2025-07-23 08:30:00,"1899,1053333333332"
2025-07-23 08:45:00,"2286,1956666666665"
2025-07-23 09:00:00,"3422,3606666666665"
2025-07-23 09:15:00,"3558,8746666666666"
2025-07-23 09:30:00,"3702,9103333333333"
2025-07-23 09:45:00,"3885,2766666666666"
2025-07-23 10:00:00,"4060,369333333333"
2025-07-23 10:15:00,"4128,982666666667"
2025-07-23 10:30:00,"4176,775333333334"
2025-07-23 10:45:00,"4266,139"
2025-07-23 11:00:00,"4334,278"
2025-07-23 11:15:00,"4559,068333333334"
2025-07-23 11:30:00,"4515,814666666666"
2025-07-23 11:45:00,"4784,646"
2025-07-23 12:00:00,"3869,2243333333336"
2025-07-23 12:15:00,"4522,824333333333"
2025-07-23 12:30:00,"3978,1873333333338"
2025-07-23 12:45:00,"3566,7823333333326"
2025-07-23 13:00:00,"5167,361"
2025-07-23 13:15:00,"2641,9330000000004"
2025-07-23 13:30:00,"4050,6616666666673"
2025-07-23 13:45:00,"5796,418333333334"
2025-07-23 14:00:00,"5965,861"
2025-07-23 14:15:00,"3914,089666666667"
2025-07-23 14:30:00,"4926,143666666668"
2025-07-23 14:45:00,"5353,888000000001"
2025-07-23 15:00:00,"4846,747"
2025-07-23 15:15:00,"4587,540333333334"
2025-07-23 15:30:00,"4547,139"
2025-07-23 15:45:00,"4482,84"
2025-07-23 16:00:00,"4399,185666666667"
2025-07-23 16:15:00,"4354,242"
2025-07-23 16:30:00,"4103,5560000000005"
2025-07-23 16:45:00,"3560,3723333333337"
2025-07-23 17:00:00,"3741,7840000000006"
2025-07-23 17:15:00,"3563,9783333333335"
2025-07-23 17:30:00,"4198,605666666667"
2025-07-23 17:45:00,"2629,109666666667"
2025-07-23 18:00:00,"2323,3176666666677"
2025-07-23 18:15:00,"3073,155666666667"
2025-07-23 18:30:00,"3407,0496666666672"
2025-07-23 18:45:00,"2609,9490000000005"
2025-07-23 19:00:00,"1890,903333333334"
2025-07-23 19:15:00,"929,2703333333337"
2025-07-23 19:30:00,"502,6286666666673"
2025-07-23 19:45:00,"388,07400000000064"
2025-07-23 20:00:00,"174,18866666666725"
2025-07-23 20:15:00,"98,60866666666728"
2025-07-23 20:30:00,"52,31700000000059"
2025-07-23 20:45:00,"8,561000000000593"
2025-07-23 21:00:00,"0,9700000000005923"
2025-07-23 21:15:00,"0,0"
2025-07-23 21:30:00,"0,0"
2025-07-23 21:45:00,"0,0"
2025-07-23 22:00:00,"0,0"
2025-07-23 22:15:00,"0,0"
2025-07-23 22:30:00,"0,0"
2025-07-23 22:45:00,"0,0"
2025-07-23 23:00:00,"0,0"
2025-07-23 23:15:00,"0,0"
2025-07-23 23:30:00,"0,0"
2025-07-23 23:45:00,"0,0"
2025-07-24 00:00:00,"0,0"
2025-07-24 00:15:00,"0,0"
2025-07-24 00:30:00,"0,0"
2025-07-24 00:45:00,"0,030333333333925454"
2025-07-24 01:00:00,"0,0"
2025-07-24 01:15:00,"0,0"
2025-07-24 01:30:00,"0,0"
2025-07-24 01:45:00,"0,0"
2025-07-24 02:00:00,"0,0"
2025-07-24 02:15:00,"0,030333333333925454"
2025-07-24 02:30:00,"0,0"
2025-07-24 02:45:00,"0,0"
2025-07-24 03:00:00,"0,0"
2025-07-24 03:15:00,"0,030333333333925454"
2025-07-24 03:30:00,"0,0"
2025-07-24 03:45:00,"0,0"
2025-07-24 04:00:00,"0,0"
2025-07-24 04:15:00,"0,0"
2025-07-24 04:30:00,"0,0"
2025-07-24 04:45:00,"0,0"
2025-07-24 05:00:00,"0,0"
2025-07-24 05:15:00,"0,0"
2025-07-24 05:30:00,"0,0"
2025-07-24 05:45:00,"0,0"
2025-07-24 06:00:00,"0,0"
2025-07-24 06:15:00,"0,0"
2025-07-24 06:30:00,"0,0"
2025-07-24 06:45:00,"0,030333333333925454"
2025-07-24 07:00:00,"5,933333333333924"
2025-07-24 07:15:00,"49,599000000000586"
2025-07-24 07:30:00,"171,37833333333393"
2025-07-24 07:45:00,"172,74066666666724"
2025-07-24 08:00:00,"155,43533333333392"
2025-07-24 08:15:00,"148,8400000000006"
2025-07-24 08:30:00,"214,42166666666725"
2025-07-24 08:45:00,"274,47666666666726"
2025-07-24 09:00:00,"474,63500000000056"
2025-07-24 09:15:00,"489,7490000000006"
2025-07-24 09:30:00,"576,7173333333338"
2025-07-24 09:45:00,"615,0450000000006"
2025-07-24 10:00:00,"805,4230000000007"
2025-07-24 10:15:00,"774,6383333333339"
2025-07-24 10:30:00,"617,9506666666672"
2025-07-24 10:45:00,"341,89800000000054"
2025-07-24 11:00:00,"634,198333333334"
2025-07-24 11:15:00,"1069,6073333333338"
2025-07-24 11:30:00,"685,1300000000006"
2025-07-24 11:45:00,"906,5626666666672"
2025-07-24 12:00:00,"739,6306666666673"
2025-07-24 12:15:00,"435,3856666666673"
2025-07-24 12:30:00,"490,26966666666726"
2025-07-24 12:45:00,"864,9196666666672"
2025-07-24 13:00:00,"722,1493333333339"
2025-07-24 13:15:00,"1037,4226666666673"
2025-07-24 13:30:00,"901,1666666666672"
2025-07-24 13:45:00,"1357,8226666666674"
2025-07-24 14:00:00,"1250,867333333334"
2025-07-24 14:15:00,"1028,761666666667"
2025-07-24 14:30:00,"793,1073333333338"
2025-07-24 14:45:00,"911,0710000000005"
2025-07-24 15:00:00,"788,0486666666671"
2025-07-24 15:15:00,"724,6140000000004"
2025-07-24 15:30:00,"908,7960000000005"
2025-07-24 15:45:00,"1155,2960000000005"
2025-07-24 16:00:00,"906,341666666667"
2025-07-24 16:15:00,"775,418666666667"
2025-07-24 16:30:00,"700,6653333333337"
2025-07-24 16:45:00,"711,3223333333337"
2025-07-24 17:00:00,"892,9120000000005"
2025-07-24 17:15:00,"1244,7840000000003"
2025-07-24 17:30:00,"1124,7345000000007"
2025-07-24 17:45:00,"984,4733333333338"
2025-07-24 18:00:00,"1058,3360000000005"
2025-07-24 18:15:00,"1023,746666666667"
2025-07-24 18:30:00,"1638,418333333334"
2025-07-24 18:45:00,"2135,1190000000006"
2025-07-24 19:00:00,"1008,5353333333338"
2025-07-24 19:15:00,"466,2273333333338"
2025-07-24 19:30:00,"335,5286666666671"
2025-07-24 19:45:00,"303,6213333333338"
2025-07-24 20:00:00,"174,0523333333338"
2025-07-24 20:15:00,"148,17300000000046"
2025-07-24 20:30:00,"66,13633333333378"
2025-07-24 20:45:00,"30,558000000000447"
2025-07-24 21:00:00,"3,486333333333777"
2025-07-24 21:15:00,"0,0"
2025-07-24 21:30:00,"0,0"
2025-07-24 21:45:00,"0,0"
2025-07-24 22:00:00,"0,0"
2025-07-24 22:15:00,"0,0"
2025-07-24 22:30:00,"0,0"
2025-07-24 22:45:00,"0,0"
2025-07-24 23:00:00,"0,0"
2025-07-24 23:15:00,"0,0"
2025-07-24 23:30:00,"0,030333333333777423"
2025-07-24 23:45:00,"0,0"
2025-07-25 00:00:00,"0,0"
2025-07-25 00:15:00,"0,0"
2025-07-25 00:30:00,"0,0"
2025-07-25 00:45:00,"0,030333333333777423"
2025-07-25 01:00:00,"0,0"
2025-07-25 01:15:00,"0,0"
2025-07-25 01:30:00,"0,0"
2025-07-25 01:45:00,"0,0"
2025-07-25 02:00:00,"0,0"
2025-07-25 02:15:00,"0,0"
2025-07-25 02:30:00,"0,0"
2025-07-25 02:45:00,"0,0"
2025-07-25 03:00:00,"0,0"
2025-07-25 03:15:00,"0,0"
2025-07-25 03:30:00,"0,030333333333777423"
2025-07-25 03:45:00,"0,0"
2025-07-25 04:00:00,"0,0"
2025-07-25 04:15:00,"0,0"
2025-07-25 04:30:00,"0,0"
2025-07-25 04:45:00,"0,0"
2025-07-25 05:00:00,"0,0"
2025-07-25 05:15:00,"0,0"
2025-07-25 05:30:00,"0,0"
2025-07-25 05:45:00,"0,0"
2025-07-25 06:00:00,"11,017333333333776"
2025-07-25 06:15:00,"57,38733333333377"
2025-07-25 06:30:00,"154,26500000000044"
2025-07-25 06:45:00,"285,9480000000005"
2025-07-25 07:00:00,"459,5670000000005"
2025-07-25 07:15:00,"452,39766666666713"
2025-07-25 07:30:00,"411,2595000000007"
2025-07-25 07:45:00,"396,9206666666671"
2025-07-25 08:00:00,"640,5000000000005"
2025-07-25 08:15:00,"1229,832333333334"
2025-07-25 08:30:00,"1454,6840000000002"
2025-07-25 08:45:00,"1549,2720000000004"
2025-07-25 09:00:00,"2513,464333333334"
2025-07-25 09:15:00,"3513,897333333334"
2025-07-25 09:30:00,"3137,1880000000006"
2025-07-25 09:45:00,"3600,8206666666674"
2025-07-25 10:00:00,"3328,0413333333336"
2025-07-25 10:15:00,"2566,690000000001"
2025-07-25 10:30:00,"2279,502333333334"
2025-07-25 10:45:00,"2204,559333333334"
2025-07-25 11:00:00,"2061,638000000001"
2025-07-25 11:15:00,"1701,8973333333338"
2025-07-25 11:30:00,"1706,283666666667"
2025-07-25 11:45:00,"1785,9660000000008"
2025-07-25 12:00:00,"2024,8006666666672"
2025-07-25 12:15:00,"2160,6750000000006"
2025-07-25 12:30:00,"2302,7030000000004"
2025-07-25 12:45:00,"2986,582000000001"
2025-07-25 13:00:00,"2469,9123333333346"
2025-07-25 13:15:00,"2998,5383333333343"
2025-07-25 13:30:00,"2759,269666666668"
2025-07-25 13:45:00,"1839,5656666666673"
2025-07-25 14:00:00,"2368,253333333334"
2025-07-25 14:15:00,"3684,602333333334"
2025-07-25 14:30:00,"4833,282666666668"
2025-07-25 14:45:00,"1908,7756666666678"
2025-07-25 15:00:00,"1730,3006666666677"
2025-07-25 15:15:00,"2660,8193333333343"
2025-07-25 15:30:00,"2594,9820000000013"
2025-07-25 15:45:00,"2028,102000000001"
2025-07-25 16:00:00,"2053,768000000001"
2025-07-25 16:15:00,"3273,0113333333343"
2025-07-25 16:30:00,"4768,775666666667"
2025-07-25 16:45:00,"4617,657666666668"
2025-07-25 17:00:00,"4262,268000000002"
2025-07-25 17:15:00,"2277,588666666668"
2025-07-25 17:30:00,"2183,8916666666682"
2025-07-25 17:45:00,"1604,3390000000013"
2025-07-25 18:00:00,"1346,1456666666677"
2025-07-25 18:15:00,"1308,3940000000014"
2025-07-25 18:30:00,"1372,887666666668"
2025-07-25 18:45:00,"1217,2630000000015"
2025-07-25 19:00:00,"804,9340000000012"
2025-07-25 19:15:00,"969,042666666668"
2025-07-25 19:30:00,"943,6300000000014"
2025-07-25 19:45:00,"257,46166666666807"
2025-07-25 20:00:00,"199,6230000000014"
2025-07-25 20:15:00,"249,76933333333477"
2025-07-25 20:30:00,"131,66666666666808"
2025-07-25 20:45:00,"4,653666666668054"
2025-07-25 21:00:00,"0,0"
2025-07-25 21:15:00,"0,0"
2025-07-25 21:30:00,"0,0"
2025-07-25 21:45:00,"0,0"
2025-07-25 22:00:00,"0,0"
2025-07-25 22:15:00,"0,060666666668054446"
2025-07-25 22:30:00,"0,0"
2025-07-25 22:45:00,"0,0"
2025-07-25 23:00:00,"0,0"
2025-07-25 23:15:00,"0,0"
2025-07-25 23:30:00,"0,030333333334721112"
2025-07-25 23:45:00,"0,0"
2025-07-26 00:00:00,"0,0"
2025-07-26 00:15:00,"0,0"
2025-07-26 00:30:00,"0,0"
2025-07-26 00:45:00,"0,0"
2025-07-26 01:00:00,"0,0"
2025-07-26 01:15:00,"0,0"
2025-07-26 01:30:00,"0,0"
2025-07-26 01:45:00,"0,060666666668054446"
2025-07-26 02:00:00,"0,030333333334721112"
2025-07-26 02:15:00,"0,030333333334721112"
2025-07-26 02:30:00,"0,030333333334721112"
2025-07-26 02:45:00,"0,0"
2025-07-26 03:00:00,"0,0"
2025-07-26 03:15:00,"0,0"
2025-07-26 03:30:00,"0,030333333334721112"
2025-07-26 03:45:00,"0,0"
2025-07-26 04:00:00,"0,0"
2025-07-26 04:15:00,"0,0"
2025-07-26 04:30:00,"0,0"
2025-07-26 04:45:00,"0,0"
2025-07-26 05:00:00,"0,0"
2025-07-26 05:15:00,"0,0"
2025-07-26 05:30:00,"0,030333333334721112"
2025-07-26 05:45:00,"0,0"
2025-07-26 06:00:00,"8,60933333333472"
2025-07-26 06:15:00,"27,34233333333472"
2025-07-26 06:30:00,"31,27400000000104"
2025-07-26 06:45:00,"64,12700000000139"
2025-07-26 07:00:00,"116,80866666666806"
2025-07-26 07:15:00,"187,67966666666806"
2025-07-26 07:30:00,"272,48366666666806"
2025-07-26 07:45:00,"370,6840000000014"
2025-07-26 08:00:00,"598,313666666668"
2025-07-26 08:15:00,"674,6886666666679"
2025-07-26 08:30:00,"800,4976666666681"
2025-07-26 08:45:00,"651,1306666666682"
2025-07-26 09:00:00,"327,68133333333475"
2025-07-26 09:15:00,"358,9706666666681"
2025-07-26 09:30:00,"313,8560000000014"
2025-07-26 09:45:00,"365,6026666666681"
2025-07-26 10:00:00,"452,01766666666805"
2025-07-26 10:15:00,"696,5283333333347"
2025-07-26 10:30:00,"663,029666666668"
2025-07-26 10:45:00,"878,815666666668"
2025-07-26 11:00:00,"824,3840000000021"
2025-07-26 11:15:00,"581,1780000000014"
2025-07-26 11:30:00,"487,76833333333474"
2025-07-26 11:45:00,"666,5660000000014"
2025-07-26 12:00:00,"698,350666666668"
2025-07-26 12:15:00,"918,8620000000013"
2025-07-26 12:30:00,"1086,4623333333348"
2025-07-26 12:45:00,"1199,969666666668"
2025-07-26 13:00:00,"2168,0416666666683"
2025-07-26 13:15:00,"2733,5536666666676"
2025-07-26 13:30:00,"1974,082666666668"
2025-07-26 13:45:00,"1665,5890000000015"
2025-07-26 14:00:00,"1710,8756666666682"
2025-07-26 14:15:00,"1645,3470000000011"
2025-07-26 14:30:00,"1531,7703333333347"
2025-07-26 14:45:00,"1106,3333333333346"
2025-07-26 15:00:00,"1769,677333333335"
2025-07-26 15:15:00,"1783,6413333333348"
2025-07-26 15:30:00,"1550,555666666668"
2025-07-26 15:45:00,"1185,3223333333347"
2025-07-26 16:00:00,"1120,4540000000013"
2025-07-26 16:15:00,"1135,7386666666682"
2025-07-26 16:30:00,"1029,6953333333347"
2025-07-26 16:45:00,"835,4946666666682"
2025-07-26 17:00:00,"715,2426666666681"
2025-07-26 17:15:00,"685,0963333333349"
2025-07-26 17:30:00,"745,1560000000015"
2025-07-26 17:45:00,"620,497333333335"
2025-07-26 18:00:00,"507,78400000000147"
2025-07-26 18:15:00,"563,5506666666682"
2025-07-26 18:30:00,"430,2146666666681"
2025-07-26 18:45:00,"319,9496666666681"
2025-07-26 19:00:00,"274,9390000000015"
2025-07-26 19:15:00,"150,30400000000145"
2025-07-26 19:30:00,"46,67000000000148"
2025-07-26 19:45:00,"4,142333333334814"
2025-07-26 20:00:00,"7,81800000000148"
2025-07-26 20:15:00,"4,668666666668147"
2025-07-26 20:30:00,"0,1820000000014803"
2025-07-26 20:45:00,"0,0"
2025-07-26 21:00:00,"0,0"
2025-07-26 21:15:00,"0,0"
2025-07-26 21:30:00,"0,0"
2025-07-26 21:45:00,"0,0"
2025-07-26 22:00:00,"0,06033333333481364"
2025-07-26 22:15:00,"0,0"
2025-07-26 22:30:00,"0,0"
2025-07-26 22:45:00,"0,0"
2025-07-26 23:00:00,"0,0"
2025-07-26 23:15:00,"0,0610000000014803"
2025-07-26 23:30:00,"0,0"
2025-07-26 23:45:00,"0,0"
2025-07-27 00:00:00,"0,0"
2025-07-27 00:15:00,"0,0"
2025-07-27 00:30:00,"0,0"
2025-07-27 00:45:00,"0,06033333333481364"
2025-07-27 01:00:00,"0,0"
2025-07-27 01:15:00,"0,0"
2025-07-27 01:30:00,"0,0"
2025-07-27 01:45:00,"0,0"
2025-07-27 02:00:00,"0,06066666666814697"
2025-07-27 02:15:00,"0,0"
2025-07-27 02:30:00,"0,0"
2025-07-27 02:45:00,"0,06033333333481364"
2025-07-27 03:00:00,"0,0"
2025-07-27 03:15:00,"0,0"
2025-07-27 03:30:00,"0,0"
2025-07-27 03:45:00,"0,0"
2025-07-27 04:00:00,"0,0"
2025-07-27 04:15:00,"0,0"
2025-07-27 04:30:00,"0,0"
2025-07-27 04:45:00,"0,0"
2025-07-27 05:00:00,"0,06033333333481364"
2025-07-27 05:15:00,"0,0"
2025-07-27 05:30:00,"0,0"
2025-07-27 05:45:00,"0,0"
2025-07-27 06:00:00,"0,0"
2025-07-27 06:15:00,"7,1140000000014805"
2025-07-27 06:30:00,"50,21033333333482"
2025-07-27 06:45:00,"155,9093333333348"
2025-07-27 07:00:00,"277,01333333333486"
2025-07-27 07:15:00,"266,5456666666682"
2025-07-27 07:30:00,"148,86566666666815"
2025-07-27 07:45:00,"648,1243333333349"
2025-07-27 08:00:00,"919,0850000000016"
2025-07-27 08:15:00,"1237,0736666666683"
2025-07-27 08:30:00,"1104,5633333333346"
2025-07-27 08:45:00,"414,67733333333473"
2025-07-27 09:00:00,"1263,9736666666681"
2025-07-27 09:15:00,"1883,4396666666685"
2025-07-27 09:30:00,"1545,135666666668"
2025-07-27 09:45:00,"1076,745333333335"
2025-07-27 10:00:00,"916,4276666666682"
2025-07-27 10:15:00,"1353,6493333333349"
2025-07-27 10:30:00,"1884,9816666666682"
2025-07-27 10:45:00,"1705,8706666666683"
2025-07-27 11:00:00,"2313,218000000001"
2025-07-27 11:15:00,"3949,8096666666684"
2025-07-27 11:30:00,"3399,456000000001"
2025-07-27 11:45:00,"2139,9696666666678"
2025-07-27 12:00:00,"3758,2430000000018"
2025-07-27 12:15:00,"2451,3220000000015"
2025-07-27 12:30:00,"4096,169000000001"
2025-07-27 12:45:00,"3503,6313333333346"
2025-07-27 13:00:00,"2098,825333333335"
2025-07-27 13:15:00,"926,6940000000016"
2025-07-27 13:30:00,"1718,6953333333347"
2025-07-27 13:45:00,"3989,525333333335"
2025-07-27 14:00:00,"3228,3986666666674"
2025-07-27 14:15:00,"2124,326666666668"
2025-07-27 14:30:00,"4174,084000000002"
2025-07-27 14:45:00,"2395,5290000000014"
2025-07-27 15:00:00,"185,48866666666785"
2025-07-27 15:15:00,"338,53366666666784"
2025-07-27 15:30:00,"432,9970000000012"
2025-07-27 15:45:00,"447,28900000000124"
2025-07-27 16:00:00,"528,0690000000012"
2025-07-27 16:15:00,"913,4050000000012"
2025-07-27 16:30:00,"1296,9310000000012"
2025-07-27 16:45:00,"1287,3710000000012"
2025-07-27 17:00:00,"1759,0336666666678"
2025-07-27 17:15:00,"3746,0366666666673"
2025-07-27 17:30:00,"4014,8623333333344"
2025-07-27 17:45:00,"3403,548000000001"
2025-07-27 18:00:00,"4023,025333333334"
2025-07-27 18:15:00,"3222,717666666668"
2025-07-27 18:30:00,"2410,685000000001"
2025-07-27 18:45:00,"2163,430000000001"
2025-07-27 19:00:00,"664,3333333333344"
2025-07-27 19:15:00,"317,1000000000012"
2025-07-27 19:30:00,"184,29433333333452"
2025-07-27 19:45:00,"157,5760000000012"
2025-07-27 20:00:00,"214,45166666666785"
2025-07-27 20:15:00,"165,62933333333453"
2025-07-27 20:30:00,"51,11833333333452"
2025-07-27 20:45:00,"6,291666666667851"
2025-07-27 21:00:00,"0,0"
2025-07-27 21:15:00,"0,0"
2025-07-27 21:30:00,"0,0"
2025-07-27 21:45:00,"0,0"
2025-07-27 22:00:00,"0,0"
2025-07-27 22:15:00,"0,0"
2025-07-27 22:30:00,"0,0"
2025-07-27 22:45:00,"0,0"
2025-07-27 23:00:00,"0,0"
2025-07-27 23:15:00,"0,0"
2025-07-27 23:30:00,"0,06066666666785091"
2025-07-27 23:45:00,"0,0"
2025-07-28 00:00:00,"0,0"
2025-07-28 00:15:00,"0,0"
2025-07-28 00:30:00,"0,060333333334517576"
2025-07-28 00:45:00,"0,0"
2025-07-28 01:00:00,"0,0"
2025-07-28 01:15:00,"0,0"
2025-07-28 01:30:00,"0,0"
2025-07-28 01:45:00,"0,0"
2025-07-28 02:00:00,"0,0"
2025-07-28 02:15:00,"0,0"
2025-07-28 02:30:00,"0,0"
2025-07-28 02:45:00,"0,0"
2025-07-28 03:00:00,"0,060333333334517576"
2025-07-28 03:15:00,"0,0"
2025-07-28 03:30:00,"0,0"
2025-07-28 03:45:00,"0,0"
2025-07-28 04:00:00,"0,0"
2025-07-28 04:15:00,"0,0"
2025-07-28 04:30:00,"0,0"
2025-07-28 04:45:00,"0,06066666666785091"
2025-07-28 05:00:00,"0,0"
2025-07-28 05:15:00,"0,0"
2025-07-28 05:30:00,"0,0"
2025-07-28 05:45:00,"0,0"
2025-07-28 06:00:00,"1,6423333333345176"
2025-07-28 06:15:00,"9,188333333334517"
2025-07-28 06:30:00,"13,209000000001183"
2025-07-28 06:45:00,"34,12966666666786"
2025-07-28 07:00:00,"60,51366666666785"
2025-07-28 07:15:00,"107,46600000000117"
2025-07-28 07:30:00,"99,53266666666786"
2025-07-28 07:45:00,"153,75066666666785"
2025-07-28 08:00:00,"189,6326666666678"
2025-07-28 08:15:00,"107,99666666666785"
2025-07-28 08:30:00,"208,48100000000116"
2025-07-28 08:45:00,"445,77233333333453"
2025-07-28 09:00:00,"702,0036666666679"
2025-07-28 09:15:00,"609,0193333333345"
2025-07-28 09:30:00,"640,2470000000012"
2025-07-28 09:45:00,"948,3893333333345"
2025-07-28 10:00:00,"1278,8613333333344"
2025-07-28 10:15:00,"773,5466666666679"
2025-07-28 10:30:00,"1233,1700000000012"
2025-07-28 10:45:00,"1207,5136666666679"
2025-07-28 11:00:00,"713,9480000000011"
2025-07-28 11:15:00,"298,5306666666679"
2025-07-28 11:30:00,"654,4733333333346"
2025-07-28 11:45:00,"1008,1106666666677"
2025-07-28 12:00:00,"1313,369000000001"
2025-07-28 12:15:00,"945,6370000000013"
2025-07-28 12:30:00,"1122,2736666666676"
2025-07-28 12:45:00,"1120,2770000000014"
2025-07-28 13:00:00,"886,8843333333346"
2025-07-28 13:15:00,"944,9076666666678"
2025-07-28 13:30:00,"1524,005000000001"
2025-07-28 13:45:00,"1226,0653333333344"
2025-07-28 14:00:00,"2098,983000000001"
2025-07-28 14:15:00,"2889,7343333333347"
2025-07-28 14:30:00,"2520,6683333333344"
2025-07-28 14:45:00,"1962,624000000001"
2025-07-28 15:00:00,"2117,7866666666678"
2025-07-28 15:15:00,"2228,150666666668"
2025-07-28 15:30:00,"2130,8746666666675"
2025-07-28 15:45:00,"1814,9266666666676"
2025-07-28 16:00:00,"1550,014000000001"
2025-07-28 16:15:00,"1426,5580000000011"
2025-07-28 16:30:00,"1472,613000000001"
2025-07-28 16:45:00,"2483,444000000001"
2025-07-28 17:00:00,"1846,758000000001"
2025-07-28 17:15:00,"1572,0355000000015"
2025-07-28 17:30:00,"2272,327000000001"
2025-07-28 17:45:00,"2386,2173333333344"
2025-07-28 18:00:00,"1540,4506666666678"
2025-07-28 18:15:00,"1745,3460000000007"
2025-07-28 18:30:00,"781,3776666666677"
2025-07-28 18:45:00,"326,89933333333437"
2025-07-28 19:00:00,"1267,7263333333342"
2025-07-28 19:15:00,"821,2656666666677"
2025-07-28 19:30:00,"315,2203333333344"
2025-07-28 19:45:00,"311,7116666666677"
2025-07-28 20:00:00,"311,4903333333344"
2025-07-28 20:15:00,"157,24900000000105"
2025-07-28 20:30:00,"40,901333333334364"
2025-07-28 20:45:00,"5,214000000001036"
2025-07-28 21:00:00,"0,0"
2025-07-28 21:15:00,"0,0"
2025-07-28 21:30:00,"0,0"
2025-07-28 21:45:00,"0,06066666666770288"
2025-07-28 22:00:00,"0,0"
2025-07-28 22:15:00,"0,06066666666770288"
2025-07-28 22:30:00,"0,0"
2025-07-28 22:45:00,"0,0"
2025-07-28 23:00:00,"0,12133333333436955"
2025-07-28 23:15:00,"0,06066666666770288"
2025-07-28 23:30:00,"0,06100000000103621"
2025-07-28 23:45:00,"0,06100000000103621"
2025-07-29 00:00:00,"0,18433333333436952"
2025-07-29 00:15:00,"0,0"
2025-07-29 00:30:00,"0,0"
2025-07-29 00:45:00,"0,0"
2025-07-29 01:00:00,"0,0"
2025-07-29 01:15:00,"0,0"
2025-07-29 01:30:00,"0,06066666666770288"
2025-07-29 01:45:00,"0,0"
2025-07-29 02:00:00,"0,0"
2025-07-29 02:15:00,"0,0"
2025-07-29 02:30:00,"0,06066666666770288"
2025-07-29 02:45:00,"0,0"
2025-07-29 03:00:00,"0,06066666666770288"
2025-07-29 03:15:00,"0,0"
2025-07-29 03:30:00,"0,0"
2025-07-29 03:45:00,"0,0"
2025-07-29 04:00:00,"0,0"
2025-07-29 04:15:00,"0,0"
2025-07-29 04:30:00,"0,06033333333436955"
2025-07-29 04:45:00,"0,0"
2025-07-29 05:00:00,"0,0"
2025-07-29 05:15:00,"0,0"
2025-07-29 05:30:00,"0,0"
2025-07-29 05:45:00,"0,06033333333436955"
2025-07-29 06:00:00,"0,0"
2025-07-29 06:15:00,"0,06100000000103621"
2025-07-29 06:30:00,"17,7286666666677"
2025-07-29 06:45:00,"81,01200000000155"
2025-07-29 07:00:00,"155,3476666666677"
2025-07-29 07:15:00,"238,78200000000106"
2025-07-29 07:30:00,"364,3786666666677"
2025-07-29 07:45:00,"446,3856666666677"
2025-07-29 08:00:00,"325,12333333333436"
2025-07-29 08:15:00,"257,23000000000104"
2025-07-29 08:30:00,"319,929000000001"
2025-07-29 08:45:00,"305,13633333333433"
2025-07-29 09:00:00,"323,14166666666773"
2025-07-29 09:15:00,"888,9333333333343"
2025-07-29 09:30:00,"1338,4230000000011"
2025-07-29 09:45:00,"1260,4683333333344"
2025-07-29 10:00:00,"1983,8730000000012"
2025-07-29 10:15:00,"2081,589666666667"
2025-07-29 10:30:00,"1737,0306666666675"
2025-07-29 10:45:00,"1650,4693333333341"
2025-07-29 11:00:00,"1630,1103333333344"
2025-07-29 11:15:00,"2764,3400000000006"
2025-07-29 11:30:00,"3513,356"
2025-07-29 11:45:00,"1704,9466666666674"
2025-07-29 12:00:00,"4874,120666666668"
2025-07-29 12:15:00,"3662,2940000000012"
2025-07-29 12:30:00,"3517,8040000000005"
2025-07-29 12:45:00,"3490,8270000000007"
2025-07-29 13:00:00,"2634,1116666666676"
2025-07-29 13:15:00,"2348,7216666666673"
2025-07-29 13:30:00,"3203,6656666666677"
2025-07-29 13:45:00,"2834,976333333335"
2025-07-29 14:00:00,"3109,454666666668"
2025-07-29 14:15:00,"3971,7856666666676"
2025-07-29 14:30:00,"4963,341333333335"
2025-07-29 14:45:00,"3757,7543333333347"
2025-07-29 15:00:00,"4473,5650000000005"
2025-07-29 15:15:00,"2734,7143333333343"
2025-07-29 15:30:00,"2239,4530000000004"
2025-07-29 15:45:00,"4293,063333333335"
2025-07-29 16:00:00,"4627,241000000001"
2025-07-29 16:15:00,"4276,604000000001"
2025-07-29 16:30:00,"3376,5983333333343"
2025-07-29 16:45:00,"2158,853000000001"
2025-07-29 17:00:00,"3677,5290000000014"
2025-07-29 17:15:00,"4716,966666666668"
2025-07-29 17:30:00,"1319,8270000000007"
2025-07-29 17:45:00,"478,52733333333424"
2025-07-29 18:00:00,"440,07633333333416"
2025-07-29 18:15:00,"1869,4190000000012"
2025-07-29 18:30:00,"756,095000000001"
2025-07-29 18:45:00,"778,2423333333344"
2025-07-29 19:00:00,"1975,706666666668"
2025-07-29 19:15:00,"2096,018666666668"
2025-07-29 19:30:00,"1339,7210000000011"
2025-07-29 19:45:00,"840,3486666666679"
2025-07-29 20:00:00,"602,3796666666678"
2025-07-29 20:15:00,"395,1886666666678"
2025-07-29 20:30:00,"123,26333333333451"
2025-07-29 20:45:00,"7,671333333334518"
2025-07-29 21:00:00,"0,0910000000017764"
2025-07-29 21:15:00,"0,0"
2025-07-29 21:30:00,"0,0"
2025-07-29 21:45:00,"0,0"
2025-07-29 22:00:00,"0,06066666666785091"
2025-07-29 22:15:00,"0,0"
2025-07-29 22:30:00,"0,0"
2025-07-29 22:45:00,"0,0"
2025-07-29 23:00:00,"0,0"
2025-07-29 23:15:00,"0,0"
2025-07-29 23:30:00,"0,0"
2025-07-29 23:45:00,"0,06066666666785091"
2025-07-30 00:00:00,"0,0"
2025-07-30 00:15:00,"0,06066666666785091"
2025-07-30 00:30:00,"0,0"
2025-07-30 00:45:00,"0,0"
2025-07-30 01:00:00,"0,0"
2025-07-30 01:15:00,"0,0"
2025-07-30 01:30:00,"0,0"
2025-07-30 01:45:00,"0,06066666666785091"
2025-07-30 02:00:00,"0,0"
2025-07-30 02:15:00,"0,0"
2025-07-30 02:30:00,"0,06066666666785091"
2025-07-30 02:45:00,"0,0"
2025-07-30 03:00:00,"0,0"
2025-07-30 03:15:00,"0,0"
2025-07-30 03:30:00,"0,0"
2025-07-30 03:45:00,"0,0"
2025-07-30 04:00:00,"0,0"
2025-07-30 04:15:00,"0,0"
2025-07-30 04:30:00,"0,0"
2025-07-30 04:45:00,"0,0"
2025-07-30 05:00:00,"0,06066666666785091"
2025-07-30 05:15:00,"0,0"
2025-07-30 05:30:00,"0,0"
2025-07-30 05:45:00,"0,060333333334517576"
2025-07-30 06:00:00,"0,0"
2025-07-30 06:15:00,"23,777000000001188"
2025-07-30 06:30:00,"82,35500000000118"
2025-07-30 06:45:00,"134,07966666666783"
2025-07-30 07:00:00,"367,6053333333345"
2025-07-30 07:15:00,"686,3220000000011"
2025-07-30 07:30:00,"692,4546666666679"
2025-07-30 07:45:00,"837,7983333333345"
2025-07-30 08:00:00,"895,8760000000012"
2025-07-30 08:15:00,"1213,4633333333345"
2025-07-30 08:30:00,"1630,2536666666676"
2025-07-30 08:45:00,"1405,8753333333345"
2025-07-30 09:00:00,"1453,3346666666678"
2025-07-30 09:15:00,"1782,451666666668"
2025-07-30 09:30:00,"1769,6823333333346"
2025-07-30 09:45:00,"1140,6450000000013"
2025-07-30 10:00:00,"1306,4150000000013"
2025-07-30 10:15:00,"1932,4356666666679"
2025-07-30 10:30:00,"1662,3773333333345"
2025-07-30 10:45:00,"2109,5290000000014"
2025-07-30 11:00:00,"2854,2720000000013"
2025-07-30 11:15:00,"2769,6760000000013"
2025-07-30 11:30:00,"1666,0843333333346"
2025-07-30 11:45:00,"2749,6839999999997"
2025-07-30 12:00:00,"2749,6839999999997"
2025-07-30 12:15:00,"2749,6839999999997"
2025-07-30 12:30:00,"2749,6839999999997"
2025-07-30 12:45:00,"447,896"
2025-07-30 13:00:00,"1549,8719999999998"
2025-07-30 13:15:00,"1482,5113333333334"
2025-07-30 13:30:00,"2234,6473333333333"
2025-07-30 13:45:00,"2751,554"
2025-07-30 14:00:00,"2220,2323333333334"
2025-07-30 14:15:00,"1666,9143333333334"
2025-07-30 14:30:00,"3251,1526666666664"
2025-07-30 14:45:00,"2566,508"
2025-07-30 15:00:00,"2149,9289999999996"
2025-07-30 15:15:00,"1055,0546666666667"
2025-07-30 15:30:00,"635,1813333333332"
2025-07-30 15:45:00,"2606,5090000000005"
2025-07-30 16:00:00,"3401,313333333333"
2025-07-30 16:15:00,"1416,868"
2025-07-30 16:30:00,"1721,1626666666666"
2025-07-30 16:45:00,"1594,1264999999999"
2025-07-30 17:00:00,"1197,6926666666668"
2025-07-30 17:15:00,"952,9783333333334"
2025-07-30 17:30:00,"914,1326666666666"
2025-07-30 17:45:00,"1289,378"
2025-07-30 18:00:00,"628,1976666666667"
2025-07-30 18:15:00,"608,9773333333334"
2025-07-30 18:30:00,"1052,1233333333332"
2025-07-30 18:45:00,"1714,8216666666667"
2025-07-30 19:00:00,"1366,5846666666666"
2025-07-30 19:15:00,"683,5886666666667"
2025-07-30 19:30:00,"915,715"
2025-07-30 19:45:00,"970,2423333333334"
2025-07-30 20:00:00,"641,7683333333333"
2025-07-30 20:15:00,"326,28533333333337"
2025-07-30 20:30:00,"254,66999999999996"
2025-07-30 20:45:00,"51,631"
2025-07-30 21:00:00,"0,06066666666666667"
2025-07-30 21:15:00,"0,0"
2025-07-30 21:30:00,"0,0"
2025-07-30 21:45:00,"0,0"
2025-07-30 22:00:00,"0,0"
2025-07-30 22:15:00,"0,0"
2025-07-30 22:30:00,"0,0"
2025-07-30 22:45:00,"0,0"
2025-07-30 23:00:00,"0,0"
2025-07-30 23:15:00,"0,0"
2025-07-30 23:30:00,"0,0"
2025-07-30 23:45:00,"0,0"
2025-07-31 00:00:00,"0,0"
2025-07-31 00:15:00,"0,0"
2025-07-31 00:30:00,"0,0"
2025-07-31 00:45:00,"0,0"
2025-07-31 01:00:00,"0,0"
2025-07-31 01:15:00,"0,0"
2025-07-31 01:30:00,"0,0"
2025-07-31 01:45:00,"0,0"
2025-07-31 02:00:00,"0,0"
2025-07-31 02:15:00,"0,0"
2025-07-31 02:30:00,"0,0"
2025-07-31 02:45:00,"0,0"
2025-07-31 03:00:00,"0,0"
2025-07-31 03:15:00,"0,0"
2025-07-31 03:30:00,"0,06066666666666667"
2025-07-31 03:45:00,"0,0"
2025-07-31 04:00:00,"0,0"
2025-07-31 04:15:00,"0,0"
2025-07-31 04:30:00,"0,0"
2025-07-31 04:45:00,"0,0"
2025-07-31 05:00:00,"0,0"
2025-07-31 05:15:00,"0,1065"
2025-07-31 05:30:00,"0,0"
2025-07-31 05:45:00,"0,0"
2025-07-31 06:00:00,"2,4496666666666664"
2025-07-31 06:15:00,"71,93833333333333"
2025-07-31 06:30:00,"349,2863333333333"
2025-07-31 06:45:00,"392,2946666666666"
2025-07-31 07:00:00,"444,3243333333333"
2025-07-31 07:15:00,"776,568"
2025-07-31 07:30:00,"713,5573333333333"
2025-07-31 07:45:00,"1071,4686666666669"
2025-07-31 08:00:00,"1600,4213333333332"
2025-07-31 08:15:00,"1758,9886666666666"
2025-07-31 08:30:00,"1842,6493333333333"
2025-07-31 08:45:00,"2553,8664999999996"
2025-07-31 09:00:00,"3344,8733333333334"
2025-07-31 09:15:00,"3518,7880000000005"
2025-07-31 09:30:00,"3773,156"
2025-07-31 09:45:00,"3199,5443333333333"
2025-07-31 10:00:00,"3906,819666666666"
2025-07-31 10:15:00,"4019,6730000000002"
2025-07-31 10:30:00,"2860,4389999999994"
2025-07-31 10:45:00,"2074,0966666666664"
2025-07-31 11:00:00,"1353,4009999999992"
2025-07-31 11:15:00,"1751,1926666666661"
2025-07-31 11:30:00,"2362,468333333333"
2025-07-31 11:45:00,"2863,4923333333327"
2025-07-31 12:00:00,"1763,8086666666659"
2025-07-31 12:15:00,"1540,832666666666"
2025-07-31 12:30:00,"1629,3819999999994"
2025-07-31 12:45:00,"2635,4063333333324"
2025-07-31 13:00:00,"2513,5296666666663"
2025-07-31 13:15:00,"2153,0149999999994"
2025-07-31 13:30:00,"3276,249666666666"
2025-07-31 13:45:00,"4429,382333333333"
2025-07-31 14:00:00,"5099,285333333333"
2025-07-31 14:15:00,"4625,912666666667"
2025-07-31 14:30:00,"2864,4406666666655"
2025-07-31 14:45:00,"1512,8729999999996"
2025-07-31 15:00:00,"1788,6419999999994"
2025-07-31 15:15:00,"3435,1033333333326"
2025-07-31 15:30:00,"598,6459999999995"
2025-07-31 15:45:00,"1045,4899999999993"
2025-07-31 16:00:00,"1178,5773333333327"
2025-07-31 16:15:00,"1012,9029999999995"
2025-07-31 16:30:00,"1097,7169999999996"
2025-07-31 16:45:00,"1320,9839999999995"
2025-07-31 17:00:00,"1859,2723333333329"
2025-07-31 17:15:00,"2108,8499999999995"
2025-07-31 17:30:00,"2164,301666666666"
2025-07-31 17:45:00,"2160,0116666666663"
2025-07-31 18:00:00,"1752,5443333333328"
2025-07-31 18:15:00,"1696,2026666666661"
2025-07-31 18:30:00,"2280,8849999999993"
2025-07-31 18:45:00,"1594,1879999999992"
2025-07-31 19:00:00,"1508,1783333333328"
2025-07-31 19:15:00,"1379,2403333333325"
2025-07-31 19:30:00,"1583,9223333333325"
2025-07-31 19:45:00,"945,3189999999993"
2025-07-31 20:00:00,"429,60966666666593"
2025-07-31 20:15:00,"344,4409999999993"
2025-07-31 20:30:00,"129,2603333333326"
2025-07-31 20:45:00,"28,36233333333259"
2025-07-31 21:00:00,"0,06066666666592652"
2025-07-31 21:15:00,"0,0"
2025-07-31 21:30:00,"0,0"
2025-07-31 21:45:00,"0,0"
2025-07-31 22:00:00,"0,0"
2025-07-31 22:15:00,"0,0"
2025-07-31 22:30:00,"0,0"
2025-07-31 22:45:00,"0,0"
2025-07-31 23:00:00,"0,0"
2025-07-31 23:15:00,"0,0"
2025-07-31 23:30:00,"0,0"
2025-07-31 23:45:00,"0,0"
2025-08-01 00:00:00,"0,0"
2025-08-01 00:15:00,"0,0"
2025-08-01 00:30:00,"0,06066666666592652"
2025-08-01 00:45:00,"0,0"
2025-08-01 01:00:00,"0,0"
2025-08-01 01:15:00,"0,0"
2025-08-01 01:30:00,"0,0"
2025-08-01 01:45:00,"0,0"
2025-08-01 02:00:00,"0,0"
2025-08-01 02:15:00,"0,0"
2025-08-01 02:30:00,"0,0"
2025-08-01 02:45:00,"0,0"
2025-08-01 03:00:00,"0,0"
2025-08-01 03:15:00,"0,0"
2025-08-01 03:30:00,"0,06133333333259318"
2025-08-01 03:45:00,"0,0"
2025-08-01 04:00:00,"0,0"
2025-08-01 04:15:00,"0,0"
2025-08-01 04:30:00,"0,0"
2025-08-01 04:45:00,"0,0"
2025-08-01 05:00:00,"0,0"
2025-08-01 05:15:00,"0,06066666666592652"
2025-08-01 05:30:00,"0,0"
2025-08-01 05:45:00,"0,0"
2025-08-01 06:00:00,"0,0"
2025-08-01 06:15:00,"3,649333333332593"
2025-08-01 06:30:00,"27,149333333332596"
2025-08-01 06:45:00,"172,61699999999928"
2025-08-01 07:00:00,"155,4343333333326"
2025-08-01 07:15:00,"148,97066666666595"
2025-08-01 07:30:00,"256,1106666666659"
2025-08-01 07:45:00,"714,2279999999993"
2025-08-01 08:00:00,"831,3109999999994"
2025-08-01 08:15:00,"590,294666666666"
2025-08-01 08:30:00,"649,661666666666"
2025-08-01 08:45:00,"1053,880666666666"
2025-08-01 09:00:00,"2133,336999999999"
2025-08-01 09:15:00,"2446,049666666666"
2025-08-01 09:30:00,"2056,905999999999"
2025-08-01 09:45:00,"1330,6203333333324"
2025-08-01 10:00:00,"138,22699999999926"
2025-08-01 10:15:00,"673,0866666666659"
2025-08-01 10:30:00,"3173,1209999999996"
2025-08-01 10:45:00,"4506,213499999999"
2025-08-01 11:00:00,"4368,853666666666"
2025-08-01 11:15:00,"4554,205333333333"
2025-08-01 11:30:00,"3350,937999999999"
2025-08-01 11:45:00,"262,08066666666605"
2025-08-01 12:00:00,"418,8536666666661"
2025-08-01 12:15:00,"137,1806666666661"
2025-08-01 12:30:00,"244,2876666666661"
2025-08-01 12:45:00,"824,9053333333327"
2025-08-01 13:00:00,"1971,571666666666"
2025-08-01 13:15:00,"2216,442333333333"
2025-08-01 13:30:00,"1277,6089999999997"
2025-08-01 13:45:00,"1137,7559999999999"
2025-08-01 14:00:00,"2068,4853333333326"
2025-08-01 14:15:00,"4741,788333333333"
2025-08-01 14:30:00,"4380,656999999999"
2025-08-01 14:45:00,"5145,442999999999"
2025-08-01 15:00:00,"4454,191000000001"
2025-08-01 15:15:00,"3560,856666666666"
2025-08-01 15:30:00,"3571,9186666666665"
2025-08-01 15:45:00,"3283,974666666667"
2025-08-01 16:00:00,"4071,8469999999993"
2025-08-01 16:15:00,"4508,423"
2025-08-01 16:30:00,"4177,236666666667"
2025-08-01 16:45:00,"3890,2889999999998"
2025-08-01 17:00:00,"3801,5993333333327"
2025-08-01 17:15:00,"3346,193666666666"
2025-08-01 17:30:00,"823,1953333333331"
2025-08-01 17:45:00,"125,07299999999971"
2025-08-01 18:00:00,"439,582333333333"
2025-08-01 18:15:00,"4267,316999999999"
2025-08-01 18:30:00,"2637,584"
2025-08-01 18:45:00,"1599,597"
2025-08-01 19:00:00,"2541,923333333333"
2025-08-01 19:15:00,"1213,745"
2025-08-01 19:30:00,"433,22733333333304"
2025-08-01 19:45:00,"432,89766666666634"
2025-08-01 20:00:00,"759,333333333333"
2025-08-01 20:15:00,"252,8639999999997"
2025-08-01 20:30:00,"61,7679999999997"
2025-08-01 20:45:00,"7,935999999999703"
2025-08-01 21:00:00,"0,0"
2025-08-01 21:15:00,"0,12099999999970393"
2025-08-01 21:30:00,"0,0"
2025-08-01 21:45:00,"0,0"
2025-08-01 22:00:00,"0,0"
2025-08-01 22:15:00,"0,0"
2025-08-01 22:30:00,"0,0"
2025-08-01 22:45:00,"0,0"
2025-08-01 23:00:00,"0,0"
2025-08-01 23:15:00,"0,0"
2025-08-01 23:30:00,"0,0"
2025-08-01 23:45:00,"0,0"
2025-08-02 00:00:00,"0,0"
2025-08-02 00:15:00,"0,0"
2025-08-02 00:30:00,"0,0"
2025-08-02 00:45:00,"0,12233333333303728"
2025-08-02 01:00:00,"0,0"
2025-08-02 01:15:00,"0,0"
2025-08-02 01:30:00,"0,0"
2025-08-02 01:45:00,"0,0"
2025-08-02 02:00:00,"0,0"
2025-08-02 02:15:00,"0,0"
2025-08-02 02:30:00,"0,0"
2025-08-02 02:45:00,"0,0"
2025-08-02 03:00:00,"0,0"
2025-08-02 03:15:00,"0,0"
2025-08-02 03:30:00,"0,0"
2025-08-02 03:45:00,"0,0"
2025-08-02 04:00:00,"0,0"
2025-08-02 04:15:00,"0,0"
2025-08-02 04:30:00,"0,0"
2025-08-02 04:45:00,"0,0"
2025-08-02 05:00:00,"0,0"
2025-08-02 05:15:00,"0,0"
2025-08-02 05:30:00,"0,0"
2025-08-02 05:45:00,"0,0"
2025-08-02 06:00:00,"0,0"
2025-08-02 06:15:00,"6,3136666666663706"
2025-08-02 06:30:00,"69,24066666666637"
2025-08-02 06:45:00,"388,753333333333"
2025-08-02 07:00:00,"468,9493333333331"
2025-08-02 07:15:00,"73,48699999999971"
2025-08-02 07:30:00,"308,5376666666664"
2025-08-02 07:45:00,"372,1736666666664"
2025-08-02 08:00:00,"376,2563333333331"
2025-08-02 08:15:00,"291,43566666666635"
2025-08-02 08:30:00,"104,13733333333305"
2025-08-02 08:45:00,"246,2829999999997"
2025-08-02 09:00:00,"329,00466666666637"
2025-08-02 09:15:00,"254,6479999999997"
2025-08-02 09:30:00,"530,7569999999996"
2025-08-02 09:45:00,"719,7803333333331"
2025-08-02 10:00:00,"972,0919999999996"
2025-08-02 10:15:00,"1539,2226666666663"
2025-08-02 10:30:00,"1535,5276666666662"
2025-08-02 10:45:00,"2244,429333333333"
2025-08-02 11:00:00,"1764,0046666666667"
2025-08-02 11:15:00,"1572,0553333333332"
2025-08-02 11:30:00,"2666,826333333333"
2025-08-02 11:45:00,"1482,5136666666665"
2025-08-02 12:00:00,"1578,7053333333329"
2025-08-02 12:15:00,"1830,697333333333"
2025-08-02 12:30:00,"1665,1076666666663"
2025-08-02 12:45:00,"1899,445"
2025-08-02 13:00:00,"1638,0713333333333"
2025-08-02 13:15:00,"1619,4796666666662"
2025-08-02 13:30:00,"2144,2739999999994"
2025-08-02 13:45:00,"2149,9266666666663"
2025-08-02 14:00:00,"1606,0533333333328"
2025-08-02 14:15:00,"1629,2749999999999"
2025-08-02 14:30:00,"1618,765333333333"
2025-08-02 14:45:00,"786,9789999999997"
2025-08-02 15:00:00,"405,49699999999956"
2025-08-02 15:15:00,"696,6496666666662"
2025-08-02 15:30:00,"1135,8146666666664"
2025-08-02 15:45:00,"1689,2339999999997"
2025-08-02 16:00:00,"1451,5519999999997"
2025-08-02 16:15:00,"1482,6579999999997"
2025-08-02 16:30:00,"1976,9439999999995"
2025-08-02 16:45:00,"2351,8513333333335"
2025-08-02 17:00:00,"2166,7976666666664"
2025-08-02 17:15:00,"1864,637333333333"
2025-08-02 17:30:00,"1862,8036666666662"
2025-08-02 17:45:00,"1601,2529999999997"
2025-08-02 18:00:00,"1268,642333333333"
2025-08-02 18:15:00,"790,5469999999997"
2025-08-02 18:30:00,"425,2876666666663"
2025-08-02 18:45:00,"472,87583333333316"
2025-08-02 19:00:00,"520,464"
2025-08-02 19:15:00,"564,5003333333333"
2025-08-02 19:30:00,"463,1956666666666"
2025-08-02 19:45:00,"493,13733333333334"
2025-08-02 20:00:00,"185,576"
2025-08-02 20:15:00,"28,689666666666664"
2025-08-02 20:30:00,"43,571999999999996"
2025-08-02 20:45:00,"0,8489999999999955"
2025-08-02 21:00:00,"0,0"
2025-08-02 21:15:00,"0,0"
2025-08-02 21:30:00,"0,0"
2025-08-02 21:45:00,"0,0"
2025-08-02 22:00:00,"0,0"
2025-08-02 22:15:00,"0,0"
2025-08-02 22:30:00,"0,0"
2025-08-02 22:45:00,"0,0"
2025-08-02 23:00:00,"0,0"
2025-08-02 23:15:00,"0,0"
2025-08-02 23:30:00,"0,0"
2025-08-02 23:45:00,"0,0"
2025-08-03 00:00:00,"0,0"
2025-08-03 00:15:00,"0,0"
2025-08-03 00:30:00,"0,0"
2025-08-03 00:45:00,"0,0"
2025-08-03 01:00:00,"0,0"
2025-08-03 01:15:00,"0,0"
2025-08-03 01:30:00,"0,0"
2025-08-03 01:45:00,"0,12166666666666202"
2025-08-03 02:00:00,"0,0"
2025-08-03 02:15:00,"0,0"
2025-08-03 02:30:00,"0,0"
2025-08-03 02:45:00,"0,0"
2025-08-03 03:00:00,"0,0"
2025-08-03 03:15:00,"0,0"
2025-08-03 03:30:00,"0,0"
2025-08-03 03:45:00,"0,0"
2025-08-03 04:00:00,"0,0"
2025-08-03 04:15:00,"0,0"
2025-08-03 04:30:00,"0,0"
2025-08-03 04:45:00,"0,0"
2025-08-03 05:00:00,"0,0"
2025-08-03 05:15:00,"0,0"
2025-08-03 05:30:00,"0,0"
2025-08-03 05:45:00,"0,0"
2025-08-03 06:00:00,"0,0"
2025-08-03 06:15:00,"5,802333333333329"
2025-08-03 06:30:00,"153,5"
2025-08-03 06:45:00,"415,7196666666666"
2025-08-03 07:00:00,"514,3906666666667"
2025-08-03 07:15:00,"573,3416666666666"
2025-08-03 07:30:00,"884,2216666666666"
2025-08-03 07:45:00,"597,6563333333332"
2025-08-03 08:00:00,"994,031"
2025-08-03 08:15:00,"803,4046666666667"
2025-08-03 08:30:00,"418,89799999999997"
2025-08-03 08:45:00,"456,42999999999995"
2025-08-03 09:00:00,"588,6779999999999"
2025-08-03 09:15:00,"612,2656666666667"
2025-08-03 09:30:00,"620,6183333333332"
2025-08-03 09:45:00,"763,0633333333333"
2025-08-03 10:00:00,"663,0236666666667"
2025-08-03 10:15:00,"1353,9446666666668"
2025-08-03 10:30:00,"2709,251333333334"
2025-08-03 10:45:00,"2612,8370000000004"
2025-08-03 11:00:00,"2866,8280000000004"
2025-08-03 11:15:00,"2386,5080000000003"
2025-08-03 11:30:00,"3153,1079999999997"
2025-08-03 11:45:00,"4362,6106666666665"
2025-08-03 12:00:00,"5604,141666666667"
2025-08-03 12:15:00,"1976,889"
2025-08-03 12:30:00,"1993,9933333333333"
2025-08-03 12:45:00,"2847,861333333333"
2025-08-03 13:00:00,"2774,862666666667"
2025-08-03 13:15:00,"1719,3893333333333"
2025-08-03 13:30:00,"1439,024"
2025-08-03 13:45:00,"2430,1673333333333"
2025-08-03 14:00:00,"2936,3736666666664"
2025-08-03 14:15:00,"1449,673"
2025-08-03 14:30:00,"2242,739"
2025-08-03 14:45:00,"2873,6693333333333"
2025-08-03 15:00:00,"2307,6613333333335"
2025-08-03 15:15:00,"3371,0806666666663"
2025-08-03 15:30:00,"3308,626333333334"
2025-08-03 15:45:00,"4650,994333333333"
2025-08-03 16:00:00,"3288,5906666666665"
2025-08-03 16:15:00,"3618,5213333333336"
2025-08-03 16:30:00,"2329,1373333333336"
2025-08-03 16:45:00,"2214,266"
2025-08-03 17:00:00,"3057,969333333334"
2025-08-03 17:15:00,"2049,0370000000003"
2025-08-03 17:30:00,"3241,7180000000003"
2025-08-03 17:45:00,"2123,7106666666664"
2025-08-03 18:00:00,"1343,371666666667"
2025-08-03 18:15:00,"1229,55"
2025-08-03 18:30:00,"917,5116666666667"
2025-08-03 18:45:00,"1586,311"
2025-08-03 19:00:00,"2120,805"
2025-08-03 19:15:00,"821,6579999999999"
2025-08-03 19:30:00,"373,7553333333333"
2025-08-03 19:45:00,"365,5093333333333"
2025-08-03 20:00:00,"272,1793333333333"
2025-08-03 20:15:00,"92,52266666666665"
2025-08-03 20:30:00,"11,277000000000001"
2025-08-03 20:45:00,"0,0"
2025-08-03 21:00:00,"0,0"
2025-08-03 21:15:00,"0,0"
2025-08-03 21:30:00,"0,12133333333333333"
2025-08-03 21:45:00,"0,0"
2025-08-03 22:00:00,"0,0"
2025-08-03 22:15:00,"0,0"
2025-08-03 22:30:00,"0,0"
2025-08-03 22:45:00,"0,0"
2025-08-03 23:00:00,"0,0"
2025-08-03 23:15:00,"0,0"
2025-08-03 23:30:00,"0,0"
2025-08-03 23:45:00,"0,0"
2025-08-04 00:00:00,"0,0"
2025-08-04 00:15:00,"0,0"
2025-08-04 00:30:00,"0,0"
2025-08-04 00:45:00,"0,0"
2025-08-04 01:00:00,"0,0"
2025-08-04 01:15:00,"0,0"
2025-08-04 01:30:00,"0,0"
2025-08-04 01:45:00,"0,0"
2025-08-04 02:00:00,"0,12133333333333333"
2025-08-04 02:15:00,"0,0"
2025-08-04 02:30:00,"0,0"
2025-08-04 02:45:00,"0,0"
2025-08-04 03:00:00,"0,0"
2025-08-04 03:15:00,"0,0"
2025-08-04 03:30:00,"0,0"
2025-08-04 03:45:00,"0,0"
2025-08-04 04:00:00,"0,0"
2025-08-04 04:15:00,"0,0"
2025-08-04 04:30:00,"0,0"
2025-08-04 04:45:00,"0,121"
2025-08-04 05:00:00,"0,0"
2025-08-04 05:15:00,"0,0"
2025-08-04 05:30:00,"0,0"
2025-08-04 05:45:00,"0,0"
2025-08-04 06:00:00,"3,9883333333333333"
2025-08-04 06:15:00,"47,534666666666666"
2025-08-04 06:30:00,"23,700333333333333"
2025-08-04 06:45:00,"27,668333333333333"
2025-08-04 07:00:00,"69,20366666666666"
2025-08-04 07:15:00,"133,827"
2025-08-04 07:30:00,"115,92666666666668"
2025-08-04 07:45:00,"244,16799999999998"
2025-08-04 08:00:00,"397,9576666666667"
2025-08-04 08:15:00,"434,6929999999999"
2025-08-04 08:30:00,"400,207"
2025-08-04 08:45:00,"617,2570000000001"
2025-08-04 09:00:00,"590,9843333333333"
2025-08-04 09:15:00,"492,9566666666667"
2025-08-04 09:30:00,"738,3109999999999"
2025-08-04 09:45:00,"687,1350000000001"
2025-08-04 10:00:00,"644,0513333333334"
2025-08-04 10:15:00,"689,2053333333333"
2025-08-04 10:30:00,"1075,7616666666665"
2025-08-04 10:45:00,"1238,6936666666666"
2025-08-04 11:00:00,"1035,6793333333335"
2025-08-04 11:15:00,"1353,7679999999998"
2025-08-04 11:30:00,"1511,1736666666668"
2025-08-04 11:45:00,"1692,5189999999998"
2025-08-04 12:00:00,"1422,3496666666667"
2025-08-04 12:15:00,"753,64"
2025-08-04 12:30:00,"994,9353333333332"
2025-08-04 12:45:00,"1089,5780000000002"
2025-08-04 13:00:00,"1042,4943333333333"
2025-08-04 13:15:00,"888,4599999999999"
2025-08-04 13:30:00,"780,097"
2025-08-04 13:45:00,"1572,5656666666666"
2025-08-04 14:00:00,"1554,0756666666666"
2025-08-04 14:15:00,"1596,2556666666667"
2025-08-04 14:30:00,"1249,8446666666664"
2025-08-04 14:45:00,"998,7539999999999"
2025-08-04 15:00:00,"890,4159999999999"
2025-08-04 15:15:00,"1344,2"
2025-08-04 15:30:00,"1639,1476666666665"
2025-08-04 15:45:00,"2940,1079999999997"
2025-08-04 16:00:00,"2425,874"
2025-08-04 16:15:00,"1752,6633333333332"
2025-08-04 16:30:00,"910,1583333333334"
2025-08-04 16:45:00,"554,6659999999999"
2025-08-04 17:00:00,"738,0533333333333"
2025-08-04 17:15:00,"907,4943333333333"
2025-08-04 17:30:00,"1127,2883333333334"
2025-08-04 17:45:00,"1734,1043333333334"
2025-08-04 18:00:00,"1639,1816666666668"
2025-08-04 18:15:00,"775,6413333333333"
2025-08-04 18:30:00,"743,9226666666667"
2025-08-04 18:45:00,"410,5393333333334"
2025-08-04 19:00:00,"238,65433333333334"
2025-08-04 19:15:00,"323,33366666666666"
2025-08-04 19:30:00,"536,8263333333333"
2025-08-04 19:45:00,"389,9243333333333"
2025-08-04 20:00:00,"232,90666666666667"
2025-08-04 20:15:00,"173,80866666666665"
2025-08-04 20:30:00,"145,59066666666666"
2025-08-04 20:45:00,"4,593333333333334"
2025-08-04 21:00:00,"0,0"
2025-08-04 21:15:00,"0,0"
2025-08-04 21:30:00,"0,0"
2025-08-04 21:45:00,"0,0"
2025-08-04 22:00:00,"0,0"
2025-08-04 22:15:00,"0,0"
2025-08-04 22:30:00,"0,0"
2025-08-04 22:45:00,"0,0"
2025-08-04 23:00:00,"0,0"
2025-08-04 23:15:00,"0,0"
2025-08-04 23:30:00,"0,0"
2025-08-04 23:45:00,"0,0"
2025-08-05 00:00:00,"0,12133333333333333"
2025-08-05 00:15:00,"0,0"
2025-08-05 00:30:00,"0,0"
2025-08-05 00:45:00,"0,0"
2025-08-05 01:00:00,"0,0"
2025-08-05 01:15:00,"0,0"
2025-08-05 01:30:00,"0,0"
2025-08-05 01:45:00,"0,0"
2025-08-05 02:00:00,"0,0"
2025-08-05 02:15:00,"0,0"
2025-08-05 02:30:00,"0,0"
2025-08-05 02:45:00,"0,12133333333333333"
2025-08-05 03:00:00,"0,0"
2025-08-05 03:15:00,"0,0"
2025-08-05 03:30:00,"0,0"
2025-08-05 03:45:00,"0,0"
2025-08-05 04:00:00,"0,0"
2025-08-05 04:15:00,"0,0"
2025-08-05 04:30:00,"0,0"
2025-08-05 04:45:00,"0,0"
2025-08-05 05:00:00,"0,0"
2025-08-05 05:15:00,"0,0"
2025-08-05 05:30:00,"0,122"
2025-08-05 05:45:00,"0,0"
2025-08-05 06:00:00,"2,4173333333333336"
2025-08-05 06:15:00,"51,29366666666666"
2025-08-05 06:30:00,"146,907"
2025-08-05 06:45:00,"239,08966666666666"
2025-08-05 07:00:00,"328,712"
2025-08-05 07:15:00,"398,57733333333334"
2025-08-05 07:30:00,"472,4683333333333"
2025-08-05 07:45:00,"557,4656666666665"
2025-08-05 08:00:00,"785,9366666666667"
2025-08-05 08:15:00,"1175,3413333333335"
2025-08-05 08:30:00,"1594,6563333333336"
2025-08-05 08:45:00,"2040,1620000000005"
2025-08-05 09:00:00,"2650,9406666666664"
2025-08-05 09:15:00,"3264,280333333333"
2025-08-05 09:30:00,"3520,6060000000007"
2025-08-05 09:45:00,"3704,9146666666675"
2025-08-05 10:00:00,"3871,8043333333335"
2025-08-05 10:15:00,"4063,6090000000004"
2025-08-05 10:30:00,"3513,562666666667"
2025-08-05 10:45:00,"3129,9873333333335"
2025-08-05 11:00:00,"3224,610666666667"
2025-08-05 11:15:00,"2204,8776666666668"
2025-08-05 11:30:00,"2196,1113333333333"
2025-08-05 11:45:00,"2800,4276666666665"
2025-08-05 12:00:00,"2360,46"
2025-08-05 12:15:00,"2982,3154999999997"
2025-08-05 12:30:00,"4222,094"
2025-08-05 12:45:00,"3551,3789999999995"
2025-08-05 13:00:00,"2089,0409999999997"
2025-08-05 13:15:00,"1186,5696666666665"
2025-08-05 13:30:00,"1670,7983333333332"
2025-08-05 13:45:00,"2896,151666666667"
2025-08-05 14:00:00,"3282,8466666666664"
2025-08-05 14:15:00,"3267,9843333333333"
2025-08-05 14:30:00,"5063,671333333333"
2025-08-05 14:45:00,"4990,8099999999995"
2025-08-05 15:00:00,"3473,592666666667"
2025-08-05 15:15:00,"4704,198333333334"
2025-08-05 15:30:00,"3277,034"
2025-08-05 15:45:00,"418,11400000000003"
2025-08-05 16:00:00,"1061,6313333333333"
2025-08-05 16:15:00,"2923,215666666666"
2025-08-05 16:30:00,"3947,5600000000004"
2025-08-05 16:45:00,"3987,741666666667"
2025-08-05 17:00:00,"3483,715666666667"
2025-08-05 17:15:00,"1745,2933333333335"
2025-08-05 17:30:00,"390,883666666667"
2025-08-05 17:45:00,"783,9483333333336"
2025-08-05 18:00:00,"1308,2943333333337"
2025-08-05 18:15:00,"644,544666666667"
2025-08-05 18:30:00,"721,2840000000003"
2025-08-05 18:45:00,"761,7230000000003"
2025-08-05 19:00:00,"288,78566666666694"
2025-08-05 19:15:00,"108,32533333333362"
2025-08-05 19:30:00,"47,8740000000003"
2025-08-05 19:45:00,"7,504666666666962"
2025-08-05 20:00:00,"3,52533333333363"
2025-08-05 20:15:00,"0,0"
2025-08-05 20:30:00,"44,59566666666696"
2025-08-05 20:45:00,"10,886000000000296"
2025-08-05 21:00:00,"0,0"
2025-08-05 21:15:00,"0,0"
2025-08-05 21:30:00,"0,0"
2025-08-05 21:45:00,"0,1213333333336294"
2025-08-05 22:00:00,"0,0"
2025-08-05 22:15:00,"0,0"
2025-08-05 22:30:00,"0,0"
2025-08-05 22:45:00,"0,0"
2025-08-05 23:00:00,"0,0"
2025-08-05 23:15:00,"0,0"
2025-08-05 23:30:00,"0,1213333333336294"
2025-08-05 23:45:00,"0,0"
2025-08-06 00:00:00,"0,0"
2025-08-06 00:15:00,"0,0"
2025-08-06 00:30:00,"0,0"
2025-08-06 00:45:00,"0,0"
2025-08-06 01:00:00,"0,0"
2025-08-06 01:15:00,"0,0"
2025-08-06 01:30:00,"0,0"
2025-08-06 01:45:00,"0,0"
2025-08-06 02:00:00,"0,0"
2025-08-06 02:15:00,"0,0"
2025-08-06 02:30:00,"0,0"
2025-08-06 02:45:00,"0,0"
2025-08-06 03:00:00,"0,12166666666696271"
2025-08-06 03:15:00,"0,0"
2025-08-06 03:30:00,"0,0"
2025-08-06 03:45:00,"0,0"
2025-08-06 04:00:00,"0,0"
2025-08-06 04:15:00,"0,0"
2025-08-06 04:30:00,"0,0"
2025-08-06 04:45:00,"0,0"
2025-08-06 05:00:00,"0,1213333333336294"
2025-08-06 05:15:00,"0,0"
2025-08-06 05:30:00,"0,0"
2025-08-06 05:45:00,"0,0"
2025-08-06 06:00:00,"0,0"
2025-08-06 06:15:00,"28,685000000000297"
2025-08-06 06:30:00,"140,0640000000003"
2025-08-06 06:45:00,"305,4220000000003"
2025-08-06 07:00:00,"514,4960000000003"
2025-08-06 07:15:00,"648,6300000000002"
2025-08-06 07:30:00,"811,0430000000003"
2025-08-06 07:45:00,"885,433666666667"
2025-08-06 08:00:00,"1124,1943333333336"
2025-08-06 08:15:00,"1400,5800000000004"
2025-08-06 08:30:00,"1824,310666666667"
2025-08-06 08:45:00,"2283,8880000000004"
2025-08-06 09:00:00,"2779,1083333333336"
2025-08-06 09:15:00,"3226,913666666667"
2025-08-06 09:30:00,"3577,8633333333337"
2025-08-06 09:45:00,"3699,4020000000005"
2025-08-06 10:00:00,"3881,423666666667"
2025-08-06 10:15:00,"3976,155333333333"
2025-08-06 10:30:00,"4120,582666666667"
2025-08-06 10:45:00,"4312,524333333333"
2025-08-06 11:00:00,"3832,954666666667"
2025-08-06 11:15:00,"4283,944333333334"
2025-08-06 11:30:00,"4609,530000000001"
2025-08-06 11:45:00,"4387,585666666667"
2025-08-06 12:00:00,"4358,905000000001"
2025-08-06 12:15:00,"4527,532666666668"
2025-08-06 12:30:00,"4826,664000000001"
2025-08-06 12:45:00,"5008,224000000001"
2025-08-06 13:00:00,"4807,396333333334"
2025-08-06 13:15:00,"4640,740666666667"
2025-08-06 13:30:00,"4761,591"
2025-08-06 13:45:00,"4631,4383333333335"
2025-08-06 14:00:00,"5091,082666666668"
2025-08-06 14:15:00,"4451,335666666667"
2025-08-06 14:30:00,"4203,198666666667"
2025-08-06 14:45:00,"4451,944333333335"
2025-08-06 15:00:00,"4329,171333333334"
2025-08-06 15:15:00,"4307,772666666668"
2025-08-06 15:30:00,"4031,2920000000004"
2025-08-06 15:45:00,"4012,859000000001"
2025-08-06 16:00:00,"4109,597333333334"
2025-08-06 16:15:00,"3757,9870000000014"
2025-08-06 16:30:00,"3746,5973333333336"
2025-08-06 16:45:00,"3704,281666666667"
2025-08-06 17:00:00,"3176,819333333334"
2025-08-06 17:15:00,"3360,880666666668"
2025-08-06 17:30:00,"3447,8050000000007"
2025-08-06 17:45:00,"3220,3523333333337"
2025-08-06 18:00:00,"2978,6533333333336"
2025-08-06 18:15:00,"2684,6800000000007"
2025-08-06 18:30:00,"2259,8060000000005"
2025-08-06 18:45:00,"1924,811333333334"
2025-08-06 19:00:00,"1457,7430000000006"
2025-08-06 19:15:00,"1334,7720000000004"
2025-08-06 19:30:00,"1214,915333333334"
2025-08-06 19:45:00,"863,3983333333339"
2025-08-06 20:00:00,"605,5853333333339"
2025-08-06 20:15:00,"316,80833333333396"
2025-08-06 20:30:00,"137,85233333333395"
2025-08-06 20:45:00,"8,731333333333925"
2025-08-06 21:00:00,"0,0"
2025-08-06 21:15:00,"0,0"
2025-08-06 21:30:00,"0,0"
2025-08-06 21:45:00,"0,0"
2025-08-06 22:00:00,"0,0"
2025-08-06 22:15:00,"0,0"
2025-08-06 22:30:00,"0,0"
2025-08-06 22:45:00,"0,0"
2025-08-06 23:00:00,"0,0"
2025-08-06 23:15:00,"0,0"
2025-08-06 23:30:00,"0,0"
2025-08-06 23:45:00,"0,12133333333392546"
2025-08-07 00:00:00,"0,0"
2025-08-07 00:15:00,"0,0"
2025-08-07 00:30:00,"0,0"
2025-08-07 00:45:00,"0,0"
2025-08-07 01:00:00,"0,0"
2025-08-07 01:15:00,"0,0"
2025-08-07 01:30:00,"0,0"
2025-08-07 01:45:00,"0,0"
2025-08-07 02:00:00,"0,0"
2025-08-07 02:15:00,"0,0"
2025-08-07 02:30:00,"0,0"
2025-08-07 02:45:00,"0,0"
2025-08-07 03:00:00,"0,0"
2025-08-07 03:15:00,"0,12133333333392546"
2025-08-07 03:30:00,"0,0"
2025-08-07 03:45:00,"0,0"
2025-08-07 04:00:00,"0,0"
2025-08-07 04:15:00,"0,0"
2025-08-07 04:30:00,"0,0"
2025-08-07 04:45:00,"0,0"
2025-08-07 05:00:00,"0,1210000000005921"
2025-08-07 05:15:00,"0,0"
2025-08-07 05:30:00,"0,0"
2025-08-07 05:45:00,"0,0"
2025-08-07 06:00:00,"0,0"
2025-08-07 06:15:00,"16,49166666666726"
2025-08-07 06:30:00,"121,64733333333393"
2025-08-07 06:45:00,"192,23733333333394"
2025-08-07 07:00:00,"284,70833333333394"
2025-08-07 07:15:00,"424,92566666666727"
2025-08-07 07:30:00,"673,929333333334"
2025-08-07 07:45:00,"802,4236666666673"
2025-08-07 08:00:00,"1031,0366666666673"
2025-08-07 08:15:00,"1362,066333333334"
2025-08-07 08:30:00,"1867,2110000000005"
2025-08-07 08:45:00,"2199,0443333333337"
2025-08-07 09:00:00,"3534,6630000000005"
2025-08-07 09:15:00,"1980,7276666666673"
2025-08-07 09:30:00,"3455,670666666668"
2025-08-07 09:45:00,"3986,784333333334"
2025-08-07 10:00:00,"3586,5633333333344"
2025-08-07 10:15:00,"4020,7933333333335"
2025-08-07 10:30:00,"4019,3430000000003"
2025-08-07 10:45:00,"4024,1096666666676"
2025-08-07 11:00:00,"4045,393333333334"
2025-08-07 11:15:00,"4080,801000000001"
2025-08-07 11:30:00,"4304,612666666668"
2025-08-07 11:45:00,"4217,125"
2025-08-07 12:00:00,"4307,4490000000005"
2025-08-07 12:15:00,"4095,3310000000006"
2025-08-07 12:30:00,"4652,334000000001"
2025-08-07 12:45:00,"4690,080333333333"
2025-08-07 13:00:00,"4802,172333333334"
2025-08-07 13:15:00,"4779,042"
2025-08-07 13:30:00,"4973,4113333333335"
2025-08-07 13:45:00,"4904,438000000002"
2025-08-07 14:00:00,"4869,469333333334"
2025-08-07 14:15:00,"4740,492666666667"
2025-08-07 14:30:00,"4608,4710000000005"
2025-08-07 14:45:00,"4414,838333333335"
2025-08-07 15:00:00,"4306,201666666668"
2025-08-07 15:15:00,"3862,2560000000008"
2025-08-07 15:30:00,"3524,4140000000007"
2025-08-07 15:45:00,"4080,322333333334"
2025-08-07 16:00:00,"3895,6303333333335"
2025-08-07 16:15:00,"3191,4226666666673"
2025-08-07 16:30:00,"3793,6673333333338"
2025-08-07 16:45:00,"3663,050333333334"
2025-08-07 17:00:00,"3678,290666666667"
2025-08-07 17:15:00,"3360,211000000001"
2025-08-07 17:30:00,"2954,1860000000006"
2025-08-07 17:45:00,"3094,1040000000003"
2025-08-07 18:00:00,"2785,0180000000005"
2025-08-07 18:15:00,"2365,4560000000006"
2025-08-07 18:30:00,"2183,906333333334"
2025-08-07 18:45:00,"1816,2380000000005"
2025-08-07 19:00:00,"1502,5406666666674"
2025-08-07 19:15:00,"1101,6636666666673"
2025-08-07 19:30:00,"824,5676666666673"
2025-08-07 19:45:00,"632,1383333333339"
2025-08-07 20:00:00,"446,13100000000054"
2025-08-07 20:15:00,"246,16666666666728"
2025-08-07 20:30:00,"90,8480000000006"
2025-08-07 20:45:00,"3,3953333333339257"
2025-08-07 21:00:00,"0,0"
2025-08-07 21:15:00,"0,0"
2025-08-07 21:30:00,"0,0"
2025-08-07 21:45:00,"0,0"
2025-08-07 22:00:00,"0,0"
2025-08-07 22:15:00,"0,0"
2025-08-07 22:30:00,"0,0"
2025-08-07 22:45:00,"0,0"
2025-08-07 23:00:00,"0,0"
2025-08-07 23:15:00,"0,0"
2025-08-07 23:30:00,"0,0"
2025-08-07 23:45:00,"0,0"
2025-08-08 00:00:00,"0,0"
2025-08-08 00:15:00,"0,0"
2025-08-08 00:30:00,"0,0"
2025-08-08 00:45:00,"0,0"
2025-08-08 01:00:00,"0,0"
2025-08-08 01:15:00,"0,0"
2025-08-08 01:30:00,"0,0"
2025-08-08 01:45:00,"0,0"
2025-08-08 02:00:00,"0,12133333333392546"
2025-08-08 02:15:00,"0,0"
2025-08-08 02:30:00,"0,0"
2025-08-08 02:45:00,"0,0"
2025-08-08 03:00:00,"0,0"
2025-08-08 03:15:00,"0,0"
2025-08-08 03:30:00,"0,0"
2025-08-08 03:45:00,"0,0"
2025-08-08 04:00:00,"0,0"
2025-08-08 04:15:00,"0,0"
2025-08-08 04:30:00,"0,0"
2025-08-08 04:45:00,"0,0"
2025-08-08 05:00:00,"0,0"
2025-08-08 05:15:00,"0,0"
2025-08-08 05:30:00,"0,0"
2025-08-08 05:45:00,"0,0"
2025-08-08 06:00:00,"0,0"
2025-08-08 06:15:00,"31,44000000000059"
2025-08-08 06:30:00,"113,74633333333394"
2025-08-08 06:45:00,"197,93733333333392"
2025-08-08 07:00:00,"294,0603333333339"
2025-08-08 07:15:00,"380,0620000000006"
2025-08-08 07:30:00,"457,4290000000006"
2025-08-08 07:45:00,"574,7813333333339"
2025-08-08 08:00:00,"1165,8206666666672"
2025-08-08 08:15:00,"1313,1350000000007"
2025-08-08 08:30:00,"1227,6536666666673"
2025-08-08 08:45:00,"1918,1740000000004"
2025-08-08 09:00:00,"2582,1510000000007"
2025-08-08 09:15:00,"3241,917000000001"
2025-08-08 09:30:00,"3486,8860000000004"
2025-08-08 09:45:00,"3701,010333333334"
2025-08-08 10:00:00,"3837,2796666666673"
2025-08-08 10:15:00,"3917,224000000001"
2025-08-08 10:30:00,"2808,7903333333343"
2025-08-08 10:45:00,"3870,1396666666674"
2025-08-08 11:00:00,"3954,8180000000007"
2025-08-08 11:15:00,"3978,256333333334"
2025-08-08 11:30:00,"4082,832333333335"
2025-08-08 11:45:00,"4182,466"
2025-08-08 12:00:00,"4226,449000000001"
2025-08-08 12:15:00,"4353,160666666668"
2025-08-08 12:30:00,"4430,567000000001"
2025-08-08 12:45:00,"4455,223666666668"
2025-08-08 13:00:00,"4506,22"
2025-08-08 13:15:00,"4656,154"
2025-08-08 13:30:00,"4665,128333333334"
2025-08-08 13:45:00,"4662,939333333334"
2025-08-08 14:00:00,"4626,578333333335"
2025-08-08 14:15:00,"4540,631000000001"
2025-08-08 14:30:00,"4401,443000000001"
2025-08-08 14:45:00,"4245,543333333334"
2025-08-08 15:00:00,"4140,404666666668"
2025-08-08 15:15:00,"4052,018666666668"
2025-08-08 15:30:00,"3955,989000000001"
2025-08-08 15:45:00,"3826,949666666668"
2025-08-08 16:00:00,"3751,8320000000017"
2025-08-08 16:15:00,"3153,8080000000014"
2025-08-08 16:30:00,"2810,3753333333343"
2025-08-08 16:45:00,"3552,386000000002"
2025-08-08 17:00:00,"3189,656666666668"
2025-08-08 17:15:00,"2982,4363333333345"
2025-08-08 17:30:00,"3006,826666666668"
2025-08-08 17:45:00,"2739,4516666666677"
2025-08-08 18:00:00,"2312,5853333333343"
2025-08-08 18:15:00,"2040,7163333333344"
2025-08-08 18:30:00,"1870,2273333333344"
2025-08-08 18:45:00,"1531,5130000000013"
2025-08-08 19:00:00,"1197,846666666668"
2025-08-08 19:15:00,"985,4525000000017"
2025-08-08 19:30:00,"795,8733333333346"
2025-08-08 19:45:00,"613,7753333333345"
2025-08-08 20:00:00,"434,5443333333345"
2025-08-08 20:15:00,"251,11266666666782"
2025-08-08 20:30:00,"93,41066666666785"
2025-08-08 20:45:00,"0,3626666666678509"
2025-08-08 21:00:00,"0,0"
2025-08-08 21:15:00,"0,0"
2025-08-08 21:30:00,"0,0"
2025-08-08 21:45:00,"0,0"
2025-08-08 22:00:00,"0,0"
2025-08-08 22:15:00,"0,0"
2025-08-08 22:30:00,"0,0"
2025-08-08 22:45:00,"0,0"
2025-08-08 23:00:00,"0,0"
2025-08-08 23:15:00,"0,0"
2025-08-08 23:30:00,"0,0"
2025-08-08 23:45:00,"0,0"
2025-08-09 00:00:00,"0,0"
2025-08-09 00:15:00,"0,0"
2025-08-09 00:30:00,"0,0"
2025-08-09 00:45:00,"0,12166666666785089"
2025-08-09 01:00:00,"0,0"
2025-08-09 01:15:00,"0,0"
2025-08-09 01:30:00,"0,0"
2025-08-09 01:45:00,"0,0"
2025-08-09 02:00:00,"0,0"
2025-08-09 02:15:00,"0,0"
2025-08-09 02:30:00,"0,0"
2025-08-09 02:45:00,"0,0"
2025-08-09 03:00:00,"0,0"
2025-08-09 03:15:00,"0,0"
2025-08-09 03:30:00,"0,0"
2025-08-09 03:45:00,"0,0"
2025-08-09 04:00:00,"0,0"
2025-08-09 04:15:00,"0,0"
2025-08-09 04:30:00,"0,0"
2025-08-09 04:45:00,"0,0"
2025-08-09 05:00:00,"0,0"
2025-08-09 05:15:00,"0,0"
2025-08-09 05:30:00,"0,0"
2025-08-09 05:45:00,"0,0"
2025-08-09 06:00:00,"0,0"
2025-08-09 06:15:00,"17,116666666667854"
2025-08-09 06:30:00,"119,43500000000118"
2025-08-09 06:45:00,"233,75733333333457"
2025-08-09 07:00:00,"329,8966666666679"
2025-08-09 07:15:00,"407,3770000000012"
2025-08-09 07:30:00,"485,1690000000011"
2025-08-09 07:45:00,"574,7516666666678"
2025-08-09 08:00:00,"765,7686666666677"
2025-08-09 08:15:00,"1140,194666666668"
2025-08-09 08:30:00,"1565,1010000000012"
2025-08-09 08:45:00,"1979,1153333333345"
2025-08-09 09:00:00,"2602,877000000002"
2025-08-09 09:15:00,"3124,222000000001"
2025-08-09 09:30:00,"3388,682333333335"
2025-08-09 09:45:00,"3587,183666666668"
2025-08-09 10:00:00,"3743,505666666668"
2025-08-09 10:15:00,"3823,7286666666682"
2025-08-09 10:30:00,"3843,9723333333345"
2025-08-09 10:45:00,"3831,148666666668"
2025-08-09 11:00:00,"3843,2850000000017"
2025-08-09 11:15:00,"3873,6903333333344"
2025-08-09 11:30:00,"3919,0633333333353"
2025-08-09 11:45:00,"3979,942666666668"
2025-08-09 12:00:00,"4144,663000000001"
2025-08-09 12:15:00,"4263,689666666668"
2025-08-09 12:30:00,"4332,418666666668"
2025-08-09 12:45:00,"4359,0953333333355"
2025-08-09 13:00:00,"4400,215333333335"
2025-08-09 13:15:00,"4505,926000000001"
2025-08-09 13:30:00,"4537,304666666669"
2025-08-09 13:45:00,"4567,480666666667"
2025-08-09 14:00:00,"4540,378666666668"
2025-08-09 14:15:00,"4492,885000000001"
2025-08-09 14:30:00,"4347,929000000002"
2025-08-09 14:45:00,"4223,671333333335"
2025-08-09 15:00:00,"4095,3963333333345"
2025-08-09 15:15:00,"3965,0580000000014"
2025-08-09 15:30:00,"3949,480666666668"
2025-08-09 15:45:00,"3869,380666666668"
2025-08-09 16:00:00,"3829,214000000001"
2025-08-09 16:15:00,"3664,0060000000008"
2025-08-09 16:30:00,"3794,0423333333347"
2025-08-09 16:45:00,"3769,2533333333345"
2025-08-09 17:00:00,"3364,0416666666674"
2025-08-09 17:15:00,"3139,143000000001"
2025-08-09 17:30:00,"2683,648666666668"
2025-08-09 17:45:00,"2969,093000000001"
2025-08-09 18:00:00,"2405,8250000000016"
2025-08-09 18:15:00,"2109,085333333335"
2025-08-09 18:30:00,"2006,2520000000013"
2025-08-09 18:45:00,"1573,4650000000013"
2025-08-09 19:00:00,"1237,916000000001"
2025-08-09 19:15:00,"960,4973333333344"
2025-08-09 19:30:00,"725,960666666668"
2025-08-09 19:45:00,"541,5716666666677"
2025-08-09 20:00:00,"336,4063333333345"
2025-08-09 20:15:00,"147,89700000000119"
2025-08-09 20:30:00,"26,98466666666785"
2025-08-09 20:45:00,"0,7293333333345176"
2025-08-09 21:00:00,"0,0"
2025-08-09 21:15:00,"0,0"
2025-08-09 21:30:00,"0,0"
2025-08-09 21:45:00,"0,0"
2025-08-09 22:00:00,"0,0"
2025-08-09 22:15:00,"0,0"
2025-08-09 22:30:00,"0,0"
2025-08-09 22:45:00,"0,0"
2025-08-09 23:00:00,"0,0"
2025-08-09 23:15:00,"0,0"
2025-08-09 23:30:00,"0,0"
2025-08-09 23:45:00,"0,0"
2025-08-10 00:00:00,"0,0"
2025-08-10 00:15:00,"0,0"
2025-08-10 00:30:00,"0,0"
2025-08-10 00:45:00,"0,0"
2025-08-10 01:00:00,"0,0"
2025-08-10 01:15:00,"0,0"
2025-08-10 01:30:00,"0,0"
2025-08-10 01:45:00,"0,0"
2025-08-10 02:00:00,"0,0"
2025-08-10 02:15:00,"0,0"
2025-08-10 02:30:00,"0,0"
2025-08-10 02:45:00,"0,0"
2025-08-10 03:00:00,"0,0"
2025-08-10 03:15:00,"0,0"
2025-08-10 03:30:00,"0,0"
2025-08-10 03:45:00,"0,0"
2025-08-10 04:00:00,"0,0"
2025-08-10 04:15:00,"0,0"
2025-08-10 04:30:00,"0,0"
2025-08-10 04:45:00,"0,0"
2025-08-10 05:00:00,"0,0"
2025-08-10 05:15:00,"0,0"
2025-08-10 05:30:00,"0,0"
2025-08-10 05:45:00,"0,0"
2025-08-10 06:00:00,"0,0"
2025-08-10 06:15:00,"26,614333333334518"
2025-08-10 06:30:00,"111,15500000000118"
2025-08-10 06:45:00,"207,51533333333452"
2025-08-10 07:00:00,"324,2386666666678"
2025-08-10 07:15:00,"412,13700000000114"
2025-08-10 07:30:00,"499,0703333333345"
2025-08-10 07:45:00,"601,0320000000011"
2025-08-10 08:00:00,"750,4886666666678"
2025-08-10 08:15:00,"1072,0216666666677"
2025-08-10 08:30:00,"1463,5203333333345"
2025-08-10 08:45:00,"1888,1836666666677"
2025-08-10 09:00:00,"2479,2480000000014"
2025-08-10 09:15:00,"3060,659000000001"
2025-08-10 09:30:00,"3410,6973333333344"
2025-08-10 09:45:00,"3657,6740000000013"
2025-08-10 10:00:00,"3725,1423333333346"
2025-08-10 10:15:00,"3781,0060000000008"
2025-08-10 10:30:00,"3774,658000000001"
2025-08-10 10:45:00,"3799,6020000000017"
2025-08-10 11:00:00,"3850,434000000001"
2025-08-10 11:15:00,"3902,343666666668"
2025-08-10 11:30:00,"3946,3483333333347"
2025-08-10 11:45:00,"4035,546000000001"
2025-08-10 12:00:00,"4193,446666666668"
2025-08-10 12:15:00,"4328,389666666667"
2025-08-10 12:30:00,"4438,558000000001"
2025-08-10 12:45:00,"4481,201000000001"
2025-08-10 13:00:00,"4485,946000000002"
2025-08-10 13:15:00,"4613,525333333335"
2025-08-10 13:30:00,"4606,511666666669"
2025-08-10 13:45:00,"4648,012333333334"
2025-08-10 14:00:00,"4593,986333333334"
2025-08-10 14:15:00,"4502,640333333335"
2025-08-10 14:30:00,"4401,862666666667"
2025-08-10 14:45:00,"4232,421666666668"
2025-08-10 15:00:00,"4151,123333333335"
2025-08-10 15:15:00,"4072,116666666668"
2025-08-10 15:30:00,"3976,0726666666683"
2025-08-10 15:45:00,"3834,1633333333343"
2025-08-10 16:00:00,"3780,2790000000014"
2025-08-10 16:15:00,"3724,638666666667"
2025-08-10 16:30:00,"3593,792333333334"
2025-08-10 16:45:00,"3447,4920000000016"
2025-08-10 17:00:00,"3269,831666666668"
2025-08-10 17:15:00,"3079,979000000001"
2025-08-10 17:30:00,"3012,795000000001"
2025-08-10 17:45:00,"2843,997333333334"
2025-08-10 18:00:00,"2446,3383333333345"
2025-08-10 18:15:00,"2097,412000000001"
2025-08-10 18:30:00,"1904,4683333333346"
2025-08-10 18:45:00,"1585,7843333333346"
2025-08-10 19:00:00,"1274,7426666666677"
2025-08-10 19:15:00,"1016,2946666666679"
2025-08-10 19:30:00,"780,8370000000012"
2025-08-10 19:45:00,"581,8680000000012"
2025-08-10 20:00:00,"359,0593333333345"
2025-08-10 20:15:00,"168,99166666666784"
2025-08-10 20:30:00,"42,76500000000119"
2025-08-10 20:45:00,"0,0"
2025-08-10 21:00:00,"0,0"
2025-08-10 21:15:00,"0,0"
2025-08-10 21:30:00,"0,0"
2025-08-10 21:45:00,"0,0"
2025-08-10 22:00:00,"0,0"
2025-08-10 22:15:00,"0,0"
2025-08-10 22:30:00,"0,0"
2025-08-10 22:45:00,"0,0"
2025-08-10 23:00:00,"0,0"
2025-08-10 23:15:00,"0,0"
2025-08-10 23:30:00,"0,0"
2025-08-10 23:45:00,"0,0"
2025-08-11 00:00:00,"0,0"
2025-08-11 00:15:00,"0,0"
2025-08-11 00:30:00,"0,0"
2025-08-11 00:45:00,"0,0"
2025-08-11 01:00:00,"0,0"
2025-08-11 01:15:00,"0,0"
2025-08-11 01:30:00,"0,0"
2025-08-11 01:45:00,"0,0"
2025-08-11 02:00:00,"0,0"
2025-08-11 02:15:00,"0,0"
2025-08-11 02:30:00,"0,0"
2025-08-11 02:45:00,"0,0"
2025-08-11 03:00:00,"0,0"
2025-08-11 03:15:00,"0,0"
2025-08-11 03:30:00,"0,0"
2025-08-11 03:45:00,"0,24500000000118421"
2025-08-11 04:00:00,"0,0"
2025-08-11 04:15:00,"0,0"
2025-08-11 04:30:00,"0,0"
2025-08-11 04:45:00,"0,0"
2025-08-11 05:00:00,"0,0"
2025-08-11 05:15:00,"0,0"
2025-08-11 05:30:00,"0,0"
2025-08-11 05:45:00,"0,0"
2025-08-11 06:00:00,"0,0"
2025-08-11 06:15:00,"17,46166666666785"
2025-08-11 06:30:00,"102,79233333333453"
2025-08-11 06:45:00,"213,03300000000115"
2025-08-11 07:00:00,"339,45900000000125"
2025-08-11 07:15:00,"435,8513333333345"
2025-08-11 07:30:00,"529,9073333333345"
2025-08-11 07:45:00,"631,8203333333346"
2025-08-11 08:00:00,"769,4793333333346"
2025-08-11 08:15:00,"1076,0603333333345"
2025-08-11 08:30:00,"1511,7903333333347"
2025-08-11 08:45:00,"1953,4453333333345"
2025-08-11 09:00:00,"2533,740666666668"
2025-08-11 09:15:00,"3190,853666666668"
2025-08-11 09:30:00,"3474,7073333333346"
2025-08-11 09:45:00,"3681,446666666668"
2025-08-11 10:00:00,"3875,3370000000014"
2025-08-11 10:15:00,"3995,7550000000015"
2025-08-11 10:30:00,"3999,054000000001"
2025-08-11 10:45:00,"4029,2736666666674"
2025-08-11 11:00:00,"4050,7663333333344"
2025-08-11 11:15:00,"4100,592333333334"
2025-08-11 11:30:00,"4160,284333333334"
2025-08-11 11:45:00,"4242,916000000001"
2025-08-11 12:00:00,"4402,777333333333"
2025-08-11 12:15:00,"4524,524"
2025-08-11 12:30:00,"4562,482333333334"
2025-08-11 12:45:00,"4582,702"
2025-08-11 13:00:00,"4573,029"
2025-08-11 13:15:00,"4690,176666666668"
2025-08-11 13:30:00,"4671,699666666668"
2025-08-11 13:45:00,"4696,804000000001"
2025-08-11 14:00:00,"4643,228666666667"
2025-08-11 14:15:00,"4535,8003333333345"
2025-08-11 14:30:00,"4345,298666666668"
2025-08-11 14:45:00,"4213,714666666667"
2025-08-11 15:00:00,"4095,1496666666676"
2025-08-11 15:15:00,"3988,0613333333345"
2025-08-11 15:30:00,"3907,2540000000004"
2025-08-11 15:45:00,"3750,0613333333345"
2025-08-11 16:00:00,"3669,714000000001"
2025-08-11 16:15:00,"3603,1760000000013"
2025-08-11 16:30:00,"3471,077333333334"
2025-08-11 16:45:00,"3251,6836666666672"
2025-08-11 17:00:00,"2960,665666666667"
2025-08-11 17:15:00,"2915,971000000001"
2025-08-11 17:30:00,"2903,167666666668"
2025-08-11 17:45:00,"2789,0645000000018"
2025-08-11 18:00:00,"2445,975666666668"
2025-08-11 18:15:00,"2048,219000000001"
2025-08-11 18:30:00,"1874,1286666666674"
2025-08-11 18:45:00,"1556,9120000000007"
2025-08-11 19:00:00,"1270,0973333333343"
2025-08-11 19:15:00,"985,9563333333342"
2025-08-11 19:30:00,"754,5620000000008"
2025-08-11 19:45:00,"569,6213333333343"
2025-08-11 20:00:00,"338,9743333333342"
2025-08-11 20:15:00,"158,6103333333342"
2025-08-11 20:30:00,"36,17200000000089"
2025-08-11 20:45:00,"0,2433333333342215"
2025-08-11 21:00:00,"0,0"
2025-08-11 21:15:00,"0,0"
2025-08-11 21:30:00,"0,0"
2025-08-11 21:45:00,"0,0"
2025-08-11 22:00:00,"0,0"
2025-08-11 22:15:00,"0,0"
2025-08-11 22:30:00,"0,0"
2025-08-11 22:45:00,"0,0"
2025-08-11 23:00:00,"0,0"
2025-08-11 23:15:00,"0,0"
2025-08-11 23:30:00,"0,0"
2025-08-11 23:45:00,"0,0"
2025-08-12 00:00:00,"0,0"
2025-08-12 00:15:00,"0,0"
2025-08-12 00:30:00,"0,0"
2025-08-12 00:45:00,"0,0"
2025-08-12 01:00:00,"0,0"
2025-08-12 01:15:00,"0,0"
2025-08-12 01:30:00,"0,0"
2025-08-12 01:45:00,"0,0"
2025-08-12 02:00:00,"0,0"
2025-08-12 02:15:00,"0,0"
2025-08-12 02:30:00,"0,0"
2025-08-12 02:45:00,"0,0"
2025-08-12 03:00:00,"0,0"
2025-08-12 03:15:00,"0,0"
2025-08-12 03:30:00,"0,0"
2025-08-12 03:45:00,"0,0"
2025-08-12 04:00:00,"0,0"
2025-08-12 04:15:00,"0,0"
2025-08-12 04:30:00,"0,0"
2025-08-12 04:45:00,"0,0"
2025-08-12 05:00:00,"0,0"
2025-08-12 05:15:00,"0,0"
2025-08-12 05:30:00,"0,0"
2025-08-12 05:45:00,"0,0"
2025-08-12 06:00:00,"0,0"
2025-08-12 06:15:00,"25,222666666667557"
2025-08-12 06:30:00,"105,27866666666756"
2025-08-12 06:45:00,"203,22500000000088"
2025-08-12 07:00:00,"311,20033333333424"
2025-08-12 07:15:00,"388,71033333333423"
2025-08-12 07:30:00,"465,5760000000009"
2025-08-12 07:45:00,"535,7205000000014"
2025-08-12 08:00:00,"630,8043333333342"
2025-08-12 08:15:00,"918,1033333333343"
2025-08-12 08:30:00,"1357,4056666666677"
2025-08-12 08:45:00,"1827,8386666666677"
2025-08-12 09:00:00,"2353,1060000000007"
2025-08-12 09:15:00,"3179,0136666666676"
2025-08-12 09:30:00,"3486,0833333333344"
2025-08-12 09:45:00,"3614,2706666666677"
2025-08-12 10:00:00,"3800,171000000001"
2025-08-12 10:15:00,"3926,959666666667"
2025-08-12 10:30:00,"3974,2740000000013"
2025-08-12 10:45:00,"3940,052000000001"
2025-08-12 11:00:00,"3943,935333333334"
2025-08-12 11:15:00,"3977,673333333334"
2025-08-12 11:30:00,"4018,7843333333335"
2025-08-12 11:45:00,"4093,7970000000005"
2025-08-12 12:00:00,"4231,141333333333"
2025-08-12 12:15:00,"4354,359666666667"
2025-08-12 12:30:00,"4422,929000000001"
2025-08-12 12:45:00,"4452,740333333335"
2025-08-12 13:00:00,"4445,674666666668"
2025-08-12 13:15:00,"4562,811000000001"
2025-08-12 13:30:00,"4600,915666666669"
2025-08-12 13:45:00,"4580,7896666666675"
2025-08-12 14:00:00,"4533,739666666666"
2025-08-12 14:15:00,"4436,792"
2025-08-12 14:30:00,"4271,370000000001"
2025-08-12 14:45:00,"4081,5626666666676"
2025-08-12 15:00:00,"4014,5353333333337"
2025-08-12 15:15:00,"3930,822000000001"
2025-08-12 15:30:00,"3825,5860000000007"
2025-08-12 15:45:00,"3675,6966666666676"
2025-08-12 16:00:00,"3554,264333333334"
2025-08-12 16:15:00,"3464,3590000000004"
2025-08-12 16:30:00,"3373,021000000001"
2025-08-12 16:45:00,"3233,197666666668"
2025-08-12 17:00:00,"3048,1056666666677"
2025-08-12 17:15:00,"2905,4623333333343"
2025-08-12 17:30:00,"2841,397666666667"
2025-08-12 17:45:00,"2686,6956666666674"
2025-08-12 18:00:00,"2360,660000000001"
2025-08-12 18:15:00,"1972,978333333334"
2025-08-12 18:30:00,"1773,7846666666676"
2025-08-12 18:45:00,"1480,6913333333343"
2025-08-12 19:00:00,"1182,326000000001"
2025-08-12 19:15:00,"906,0116666666676"
2025-08-12 19:30:00,"694,3536666666676"
2025-08-12 19:45:00,"476,72866666666755"
2025-08-12 20:00:00,"273,0915000000013"
2025-08-12 20:15:00,"0,0"
2025-08-12 20:30:00,"0,0"
2025-08-12 20:45:00,"0,0"
2025-08-12 21:00:00,"0,0"
2025-08-12 21:15:00,"0,0"
2025-08-12 21:30:00,"0,0"
2025-08-12 21:45:00,"0,0"
2025-08-12 22:00:00,"0,0"
2025-08-12 22:15:00,"0,0"
2025-08-12 22:30:00,"0,0"
2025-08-12 22:45:00,"0,0"
2025-08-12 23:00:00,"0,0"
2025-08-12 23:15:00,"0,0"
2025-08-12 23:30:00,"0,0"
2025-08-12 23:45:00,"0,0"
2025-08-13 00:00:00,"0,0"
2025-08-13 00:15:00,"0,0"
2025-08-13 00:30:00,"0,0"
2025-08-13 00:45:00,"0,0"
2025-08-13 01:00:00,"0,0"
2025-08-13 01:15:00,"0,0"
2025-08-13 01:30:00,"0,0"
2025-08-13 01:45:00,"0,0"
2025-08-13 02:00:00,"0,0"
2025-08-13 02:15:00,"0,0"
2025-08-13 02:30:00,"0,0"
2025-08-13 02:45:00,"6,07"
2025-08-13 03:00:00,"0,0"
2025-08-13 03:15:00,"0,0"
2025-08-13 03:30:00,"0,0"
2025-08-13 03:45:00,"0,0"
2025-08-13 04:00:00,"0,0"
2025-08-13 04:15:00,"0,0"
2025-08-13 04:30:00,"0,0"
2025-08-13 04:45:00,"0,0"
2025-08-13 05:00:00,"0,0"
2025-08-13 05:15:00,"0,0"
2025-08-13 05:30:00,"0,0"
2025-08-13 05:45:00,"0,0"
2025-08-13 06:00:00,"0,0"
2025-08-13 06:15:00,"8,245666666666667"
2025-08-13 06:30:00,"88,80433333333333"
2025-08-13 06:45:00,"209,97366666666665"
2025-08-13 07:00:00,"336,05233333333337"
2025-08-13 07:15:00,"441,96833333333336"
2025-08-13 07:30:00,"544,8179999999999"
2025-08-13 07:45:00,"654,1333333333333"
2025-08-13 08:00:00,"777,5313333333332"
2025-08-13 08:15:00,"1050,6263333333332"
2025-08-13 08:30:00,"1413,2886666666664"
2025-08-13 08:45:00,"1833,8909999999996"
2025-08-13 09:00:00,"2331,9860000000003"
2025-08-13 09:15:00,"3032,666666666667"
2025-08-13 09:30:00,"3314,572666666667"
2025-08-13 09:45:00,"3494,218333333333"
2025-08-13 10:00:00,"3660,3360000000007"
2025-08-13 10:15:00,"3736,3706666666662"
2025-08-13 10:30:00,"3753,78"
2025-08-13 10:45:00,"3752,3386666666665"
2025-08-13 11:00:00,"3784,7096666666666"
2025-08-13 11:15:00,"3824,3673333333336"
2025-08-13 11:30:00,"3914,5733333333333"
2025-08-13 11:45:00,"3994,2726666666667"
2025-08-13 12:00:00,"4116,720333333334"
2025-08-13 12:15:00,"4236,477333333333"
2025-08-13 12:30:00,"4280,066333333333"
2025-08-13 12:45:00,"4362,269666666666"
2025-08-13 13:00:00,"4409,792666666667"
2025-08-13 13:15:00,"4522,211666666666"
2025-08-13 13:30:00,"4526,868666666666"
2025-08-13 13:45:00,"4533,74"
2025-08-13 14:00:00,"4498,3313333333335"
2025-08-13 14:15:00,"4405,666666666667"
2025-08-13 14:30:00,"4257,3893333333335"
2025-08-13 14:45:00,"4161,228666666667"
2025-08-13 15:00:00,"4038,0976666666666"
2025-08-13 15:15:00,"3898,9463333333333"
2025-08-13 15:30:00,"3796,3263333333334"
2025-08-13 15:45:00,"3672,6749999999997"
2025-08-13 16:00:00,"3593,3723333333332"
2025-08-13 16:15:00,"3559,58"
2025-08-13 16:30:00,"3403,700666666667"
2025-08-13 16:45:00,"3303,0233333333335"
2025-08-13 17:00:00,"3020,000666666667"
2025-08-13 17:15:00,"2886,935"
2025-08-13 17:30:00,"2858,583"
2025-08-13 17:45:00,"2689,1355"
2025-08-13 18:00:00,"2396,6203333333333"
2025-08-13 18:15:00,"1989,485"
2025-08-13 18:30:00,"1765,8440000000003"
2025-08-13 18:45:00,"1482,6013333333333"
2025-08-13 19:00:00,"1220,7576666666669"
2025-08-13 19:15:00,"949,4676666666667"
2025-08-13 19:30:00,"720,7806666666668"
2025-08-13 19:45:00,"528,6346666666667"
2025-08-13 20:00:00,"292,0056666666667"
2025-08-13 20:15:00,"124,30999999999999"
2025-08-13 20:30:00,"7,255"
2025-08-13 20:45:00,"0,0"
2025-08-13 21:00:00,"0,0"
2025-08-13 21:15:00,"0,0"
2025-08-13 21:30:00,"0,0"
2025-08-13 21:45:00,"0,0"
2025-08-13 22:00:00,"0,0"
2025-08-13 22:15:00,"0,0"
2025-08-13 22:30:00,"0,0"
2025-08-13 22:45:00,"0,0"
2025-08-13 23:00:00,"0,0"
2025-08-13 23:15:00,"0,0"
2025-08-13 23:30:00,"0,0"
2025-08-13 23:45:00,"0,0"
2025-08-14 00:00:00,"0,0"
2025-08-14 00:15:00,"0,0"
2025-08-14 00:30:00,"0,0"
2025-08-14 00:45:00,"0,0"
2025-08-14 01:00:00,"0,0"
2025-08-14 01:15:00,"0,0"
2025-08-14 01:30:00,"0,24333333333333332"
2025-08-14 01:45:00,"0,0"
2025-08-14 02:00:00,"0,0"
2025-08-14 02:15:00,"0,0"
2025-08-14 02:30:00,"0,0"
2025-08-14 02:45:00,"0,0"
2025-08-14 03:00:00,"0,0"
2025-08-14 03:15:00,"0,0"
2025-08-14 03:30:00,"0,0"
2025-08-14 03:45:00,"0,0"
2025-08-14 04:00:00,"0,0"
2025-08-14 04:15:00,"0,0"
2025-08-14 04:30:00,"0,0"
2025-08-14 04:45:00,"0,0"
2025-08-14 05:00:00,"0,0"
2025-08-14 05:15:00,"0,0"
2025-08-14 05:30:00,"0,0"
2025-08-14 05:45:00,"0,0"
2025-08-14 06:00:00,"0,0"
2025-08-14 06:15:00,"15,036333333333332"
2025-08-14 06:30:00,"98,84066666666668"
2025-08-14 06:45:00,"211,40866666666665"
2025-08-14 07:00:00,"335,5363333333333"
2025-08-14 07:15:00,"445,618"
2025-08-14 07:30:00,"561,1606666666668"
2025-08-14 07:45:00,"660,6695"
2025-08-14 08:00:00,"762,7859999999998"
2025-08-14 08:15:00,"1009,4906666666666"
2025-08-14 08:30:00,"1357,891"
2025-08-14 08:45:00,"1760,5116666666668"
2025-08-14 09:00:00,"2163,5536666666667"
2025-08-14 09:15:00,"2846,5286666666666"
2025-08-14 09:30:00,"3141,8960000000006"
2025-08-14 09:45:00,"3348,1383333333333"
2025-08-14 10:00:00,"3512,1109999999994"
2025-08-14 10:15:00,"3598,4246666666663"
2025-08-14 10:30:00,"3641,1303333333335"
2025-08-14 10:45:00,"3647,780666666667"
2025-08-14 11:00:00,"3721,016"
2025-08-14 11:15:00,"3801,6296666666667"
2025-08-14 11:30:00,"3750,326"
2025-08-14 11:45:00,"3684,074"
2025-08-14 12:00:00,"4320,542333333333"
2025-08-14 12:15:00,"4346,944999999999"
2025-08-14 12:30:00,"4406,945333333334"
2025-08-14 12:45:00,"4219,221666666667"
2025-08-14 13:00:00,"4442,303333333333"
2025-08-14 13:15:00,"4398,276333333333"
2025-08-14 13:30:00,"4416,428333333333"
2025-08-14 13:45:00,"3963,984"
2025-08-14 14:00:00,"4443,763666666667"
2025-08-14 14:15:00,"4067,669666666667"
2025-08-14 14:30:00,"4163,406333333333"
2025-08-14 14:45:00,"3307,724"
2025-08-14 15:00:00,"1512,8176666666668"
2025-08-14 15:15:00,"3872,873333333334"
2025-08-14 15:30:00,"3854,4316666666673"
2025-08-14 15:45:00,"2937,372000000001"
2025-08-14 16:00:00,"2565,9016666666676"
2025-08-14 16:15:00,"2823,2196666666673"
2025-08-14 16:30:00,"3399,172333333334"
2025-08-14 16:45:00,"3635,4900000000007"
2025-08-14 17:00:00,"3389,6326666666673"
2025-08-14 17:15:00,"3135,3480000000004"
2025-08-14 17:30:00,"2780,772666666667"
2025-08-14 17:45:00,"3056,2760000000007"
2025-08-14 18:00:00,"2603,109666666667"
2025-08-14 18:15:00,"2194,7580000000007"
2025-08-14 18:30:00,"1869,4650000000006"
2025-08-14 18:45:00,"1653,5666666666673"
2025-08-14 19:00:00,"1521,5030000000006"
2025-08-14 19:15:00,"1256,2996666666672"
2025-08-14 19:30:00,"1006,8060000000005"
2025-08-14 19:45:00,"686,5846666666672"
2025-08-14 20:00:00,"387,3103333333339"
2025-08-14 20:15:00,"151,09200000000058"
2025-08-14 20:30:00,"9,972666666667259"
2025-08-14 20:45:00,"0,0"
2025-08-14 21:00:00,"0,0"
2025-08-14 21:15:00,"0,0"
2025-08-14 21:30:00,"0,0"
2025-08-14 21:45:00,"0,0"
2025-08-14 22:00:00,"0,0"
2025-08-14 22:15:00,"0,0"
2025-08-14 22:30:00,"0,0"
2025-08-14 22:45:00,"0,0"
2025-08-14 23:00:00,"0,0"
2025-08-14 23:15:00,"0,0"
2025-08-14 23:30:00,"0,0"
2025-08-14 23:45:00,"0,0"
2025-08-15 00:00:00,"0,0"
2025-08-15 00:15:00,"0,0"
2025-08-15 00:30:00,"0,0"
2025-08-15 00:45:00,"0,0"
2025-08-15 01:00:00,"0,0"
2025-08-15 01:15:00,"0,0"
2025-08-15 01:30:00,"0,0"
2025-08-15 01:45:00,"0,0"
2025-08-15 02:00:00,"0,0"
2025-08-15 02:15:00,"0,0"
2025-08-15 02:30:00,"0,0"
2025-08-15 02:45:00,"0,0"
2025-08-15 03:00:00,"0,0"
2025-08-15 03:15:00,"0,0"
2025-08-15 03:30:00,"0,0"
2025-08-15 03:45:00,"0,0"
2025-08-15 04:00:00,"0,0"
2025-08-15 04:15:00,"0,0"
2025-08-15 04:30:00,"0,0"
2025-08-15 04:45:00,"0,0"
2025-08-15 05:00:00,"0,24333333333392543"
2025-08-15 05:15:00,"0,0"
2025-08-15 05:30:00,"0,0"
2025-08-15 05:45:00,"0,0"
2025-08-15 06:00:00,"0,0"
2025-08-15 06:15:00,"6,526666666667259"
2025-08-15 06:30:00,"78,62700000000059"
2025-08-15 06:45:00,"193,33666666666727"
2025-08-15 07:00:00,"324,28733333333395"
2025-08-15 07:15:00,"440,42366666666726"
2025-08-15 07:30:00,"558,823333333334"
2025-08-15 07:45:00,"679,3090000000005"
2025-08-15 08:00:00,"817,6423333333339"
2025-08-15 08:15:00,"1100,704333333334"
2025-08-15 08:30:00,"1453,7876666666675"
2025-08-15 08:45:00,"1791,5856666666673"
2025-08-15 09:00:00,"2328,2286666666673"
2025-08-15 09:15:00,"2935,7503333333343"
2025-08-15 09:30:00,"3153,955666666667"
2025-08-15 09:45:00,"3341,0080000000003"
2025-08-15 10:00:00,"3492,342666666667"
2025-08-15 10:15:00,"3553,6470000000004"
2025-08-15 10:30:00,"3584,349333333334"
2025-08-15 10:45:00,"3598,043500000001"
2025-08-15 11:00:00,"3622,9390000000008"
2025-08-15 11:15:00,"3720,072333333334"
2025-08-15 11:30:00,"3704,373000000001"
2025-08-15 11:45:00,"3920,716666666667"
2025-08-15 12:00:00,"3965,106333333334"
2025-08-15 12:15:00,"4111,021000000001"
2025-08-15 12:30:00,"4201,019666666667"
2025-08-15 12:45:00,"4223,794666666668"
2025-08-15 13:00:00,"4273,005999999999"
2025-08-15 13:15:00,"4408,811000000001"
2025-08-15 13:30:00,"4652,832333333334"
2025-08-15 13:45:00,"4792,028666666667"
2025-08-15 14:00:00,"4988,502"
2025-08-15 14:15:00,"3852,2290000000007"
2025-08-15 14:30:00,"3630,000333333334"
2025-08-15 14:45:00,"3034,215333333334"
2025-08-15 15:00:00,"2618,2870000000003"
2025-08-15 15:15:00,"2261,9960000000005"
2025-08-15 15:30:00,"1436,1166666666672"
2025-08-15 15:45:00,"3671,3250000000007"
2025-08-15 16:00:00,"3635,9170000000004"
2025-08-15 16:15:00,"1952,2473333333342"
2025-08-15 16:30:00,"2799,5086666666666"
2025-08-15 16:45:00,"3623,305666666667"
2025-08-15 17:00:00,"3429,145666666667"
2025-08-15 17:15:00,"2725,7016666666673"
2025-08-15 17:30:00,"3263,885333333334"
2025-08-15 17:45:00,"3001,605333333334"
2025-08-15 18:00:00,"2252,076"
2025-08-15 18:15:00,"1280,6660000000008"
2025-08-15 18:30:00,"381,9750000000006"
2025-08-15 18:45:00,"470,93400000000065"
2025-08-15 19:00:00,"582,0570000000006"
2025-08-15 19:15:00,"777,7740000000006"
2025-08-15 19:30:00,"960,8790000000006"
2025-08-15 19:45:00,"336,24766666666716"
2025-08-15 20:00:00,"111,5306666666672"
2025-08-15 20:15:00,"12,853666666667184"
2025-08-15 20:30:00,"0,24166666666718475"
2025-08-15 20:45:00,"0,0"
2025-08-15 21:00:00,"0,0"
2025-08-15 21:15:00,"0,0"
2025-08-15 21:30:00,"0,0"
2025-08-15 21:45:00,"0,0"
2025-08-15 22:00:00,"0,0"
2025-08-15 22:15:00,"0,0"
2025-08-15 22:30:00,"0,0"
2025-08-15 22:45:00,"0,0"
2025-08-15 23:00:00,"0,0"
2025-08-15 23:15:00,"0,0"
2025-08-15 23:30:00,"0,0"
2025-08-15 23:45:00,"0,0"
2025-08-16 00:00:00,"0,0"
2025-08-16 00:15:00,"0,0"
2025-08-16 00:30:00,"0,0"
2025-08-16 00:45:00,"0,0"
2025-08-16 01:00:00,"0,0"
2025-08-16 01:15:00,"0,0"
2025-08-16 01:30:00,"0,0"
2025-08-16 01:45:00,"0,0"
2025-08-16 02:00:00,"0,0"
2025-08-16 02:15:00,"0,0"
2025-08-16 02:30:00,"0,0"
2025-08-16 02:45:00,"0,0"
2025-08-16 03:00:00,"0,0"
2025-08-16 03:15:00,"0,0"
2025-08-16 03:30:00,"0,0"
2025-08-16 03:45:00,"0,0"
2025-08-16 04:00:00,"0,0"
2025-08-16 04:15:00,"0,0"
2025-08-16 04:30:00,"0,0"
2025-08-16 04:45:00,"0,0"
2025-08-16 05:00:00,"0,0"
2025-08-16 05:15:00,"0,0"
2025-08-16 05:30:00,"0,0"
2025-08-16 05:45:00,"0,0"
2025-08-16 06:00:00,"0,0"
2025-08-16 06:15:00,"0,0"
2025-08-16 06:30:00,"0,0"
2025-08-16 06:45:00,"0,0"
2025-08-16 07:00:00,"0,0"
2025-08-16 07:15:00,"12,381000000000519"
2025-08-16 07:30:00,"34,65266666666719"
2025-08-16 07:45:00,"69,44300000000052"
2025-08-16 08:00:00,"119,19933333333384"
2025-08-16 08:15:00,"211,6610000000005"
2025-08-16 08:30:00,"391,5633333333338"
2025-08-16 08:45:00,"583,3606666666672"
2025-08-16 09:00:00,"798,3206666666671"
2025-08-16 09:15:00,"1022,5960000000007"
2025-08-16 09:30:00,"930,4646666666671"
2025-08-16 09:45:00,"720,0713333333339"
2025-08-16 10:00:00,"774,0550000000006"
2025-08-16 10:15:00,"470,5083333333338"
2025-08-16 10:30:00,"492,4136666666672"
2025-08-16 10:45:00,"548,9503333333339"
2025-08-16 11:00:00,"550,0440000000006"
2025-08-16 11:15:00,"386,56333333333384"
2025-08-16 11:30:00,"196,4446666666672"
2025-08-16 11:45:00,"211,99700000000053"
2025-08-16 12:00:00,"330,7916666666672"
2025-08-16 12:15:00,"910,1396666666673"
2025-08-16 12:30:00,"1332,9896666666673"
2025-08-16 12:45:00,"1551,6966666666672"
2025-08-16 13:00:00,"1676,4086666666672"
2025-08-16 13:15:00,"1651,347666666667"
2025-08-16 13:30:00,"1543,4520000000002"
2025-08-16 13:45:00,"1673,4140000000004"
2025-08-16 14:00:00,"1184,4865000000007"
2025-08-16 14:15:00,"875,6483333333337"
2025-08-16 14:30:00,"489,8703333333338"
2025-08-16 14:45:00,"420,48066666666716"
2025-08-16 15:00:00,"708,6550000000005"
2025-08-16 15:15:00,"1203,682666666667"
2025-08-16 15:30:00,"1495,7223333333338"
2025-08-16 15:45:00,"1560,8280000000007"
2025-08-16 16:00:00,"1687,9866666666671"
2025-08-16 16:15:00,"1852,1540000000005"
2025-08-16 16:30:00,"1934,8550000000005"
2025-08-16 16:45:00,"1907,216666666667"
2025-08-16 17:00:00,"1744,7120000000004"
2025-08-16 17:15:00,"1389,646666666667"
2025-08-16 17:30:00,"1143,9850000000006"
2025-08-16 17:45:00,"1028,056666666667"
2025-08-16 18:00:00,"1186,7946666666674"
2025-08-16 18:15:00,"714,2326666666672"
2025-08-16 18:30:00,"540,6760000000005"
2025-08-16 18:45:00,"425,5996666666672"
2025-08-16 19:00:00,"362,4533333333338"
2025-08-16 19:15:00,"278,8673333333339"
2025-08-16 19:30:00,"193,50933333333384"
2025-08-16 19:45:00,"126,08833333333384"
2025-08-16 20:00:00,"56,75066666666718"
2025-08-16 20:15:00,"7,052666666667185"
2025-08-16 20:30:00,"0,0"
2025-08-16 20:45:00,"0,0"
2025-08-16 21:00:00,"0,0"
2025-08-16 21:15:00,"0,0"
2025-08-16 21:30:00,"0,0"
2025-08-16 21:45:00,"0,0"
2025-08-16 22:00:00,"0,0"
2025-08-16 22:15:00,"0,0"
2025-08-16 22:30:00,"0,0"
2025-08-16 22:45:00,"0,0"
2025-08-16 23:00:00,"0,0"
2025-08-16 23:15:00,"0,0"
2025-08-16 23:30:00,"0,0"
2025-08-16 23:45:00,"0,0"
2025-08-17 00:00:00,"0,0"
2025-08-17 00:15:00,"0,0"
2025-08-17 00:30:00,"0,0"
2025-08-17 00:45:00,"0,0"
2025-08-17 01:00:00,"0,0"
2025-08-17 01:15:00,"0,0"
2025-08-17 01:30:00,"0,0"
2025-08-17 01:45:00,"0,0"
2025-08-17 02:00:00,"0,0"
2025-08-17 02:15:00,"0,0"
2025-08-17 02:30:00,"0,0"
2025-08-17 02:45:00,"0,0"
2025-08-17 03:00:00,"0,0"
2025-08-17 03:15:00,"0,0"
2025-08-17 03:30:00,"0,0"
2025-08-17 03:45:00,"0,0"
2025-08-17 04:00:00,"0,0"
2025-08-17 04:15:00,"0,0"
2025-08-17 04:30:00,"0,0"
2025-08-17 04:45:00,"0,0"
2025-08-17 05:00:00,"0,0"
2025-08-17 05:15:00,"0,0"
2025-08-17 05:30:00,"0,0"
2025-08-17 05:45:00,"0,0"
2025-08-17 06:00:00,"0,0"
2025-08-17 06:15:00,"0,0"
2025-08-17 06:30:00,"0,0"
2025-08-17 06:45:00,"0,0"
2025-08-17 07:00:00,"12,126333333333852"
2025-08-17 07:15:00,"51,607666666667185"
2025-08-17 07:30:00,"285,80400000000054"
2025-08-17 07:45:00,"756,6743333333338"
2025-08-17 08:00:00,"1183,5770000000005"
2025-08-17 08:15:00,"809,7870000000006"
2025-08-17 08:30:00,"653,4920000000005"
2025-08-17 08:45:00,"847,7526666666672"
2025-08-17 09:00:00,"1302,5953333333339"
2025-08-17 09:15:00,"1101,4850000000006"
2025-08-17 09:30:00,"1266,459333333334"
2025-08-17 09:45:00,"2403,754666666667"
2025-08-17 10:00:00,"2401,2490000000003"
2025-08-17 10:15:00,"2822,084666666667"
2025-08-17 10:30:00,"3294,8543333333337"
2025-08-17 10:45:00,"3232,2310000000007"
2025-08-17 11:00:00,"2844,3236666666676"
2025-08-17 11:15:00,"2314,4050000000007"
2025-08-17 11:30:00,"1555,4550000000004"
2025-08-17 11:45:00,"2005,5393333333336"
2025-08-17 12:00:00,"3369,3050000000007"
2025-08-17 12:15:00,"3368,655666666667"
2025-08-17 12:30:00,"4645,3009999999995"
2025-08-17 12:45:00,"3013,040333333334"
2025-08-17 13:00:00,"2801,337666666667"
2025-08-17 13:15:00,"4623,323666666667"
2025-08-17 13:30:00,"2633,784666666667"
2025-08-17 13:45:00,"1732,8323333333337"
2025-08-17 14:00:00,"5294,779666666667"
2025-08-17 14:15:00,"2041,807666666667"
2025-08-17 14:30:00,"3560,046666666667"
2025-08-17 14:45:00,"1680,6970000000003"
2025-08-17 15:00:00,"1631,2150000000004"
2025-08-17 15:15:00,"3435,6293333333333"
2025-08-17 15:30:00,"1533,6373333333333"
2025-08-17 15:45:00,"3437,1609999999996"
2025-08-17 16:00:00,"1294,472"
2025-08-17 16:15:00,"1625,3943333333334"
2025-08-17 16:30:00,"2101,9116666666664"
2025-08-17 16:45:00,"3228,869666666667"
2025-08-17 17:00:00,"3689,3496666666665"
2025-08-17 17:15:00,"4095,2626666666665"
2025-08-17 17:30:00,"3646,345666666667"
2025-08-17 17:45:00,"3340,185"
2025-08-17 18:00:00,"3247,6603333333337"
2025-08-17 18:15:00,"2519,5716666666663"
2025-08-17 18:30:00,"1848,2093333333332"
2025-08-17 18:45:00,"727,5715"
2025-08-17 19:00:00,"1084,6503333333333"
2025-08-17 19:15:00,"960,8923333333333"
2025-08-17 19:30:00,"704,3636666666666"
2025-08-17 19:45:00,"487,47266666666667"
2025-08-17 20:00:00,"209,40499999999997"
2025-08-17 20:15:00,"62,31333333333333"
2025-08-17 20:30:00,"0,24333333333333332"
2025-08-17 20:45:00,"0,0"
2025-08-17 21:00:00,"0,0"
2025-08-17 21:15:00,"0,0"
2025-08-17 21:30:00,"0,0"
2025-08-17 21:45:00,"0,0"
2025-08-17 22:00:00,"0,0"
2025-08-17 22:15:00,"0,0"
2025-08-17 22:30:00,"0,0"
2025-08-17 22:45:00,"0,24266666666666667"
2025-08-17 23:00:00,"0,0"
2025-08-17 23:15:00,"0,0"
2025-08-17 23:30:00,"0,0"
2025-08-17 23:45:00,"0,0"
2025-08-18 00:00:00,"0,0"
2025-08-18 00:15:00,"0,0"
2025-08-18 00:30:00,"0,0"
2025-08-18 00:45:00,"0,0"
2025-08-18 01:00:00,"0,0"
2025-08-18 01:15:00,"0,0"
2025-08-18 01:30:00,"0,0"
2025-08-18 01:45:00,"0,0"
2025-08-18 02:00:00,"0,0"
2025-08-18 02:15:00,"0,0"
2025-08-18 02:30:00,"0,0"
2025-08-18 02:45:00,"0,0"
2025-08-18 03:00:00,"0,0"
2025-08-18 03:15:00,"0,0"
2025-08-18 03:30:00,"0,0"
2025-08-18 03:45:00,"0,0"
2025-08-18 04:00:00,"0,0"
2025-08-18 04:15:00,"0,0"
2025-08-18 04:30:00,"0,0"
2025-08-18 04:45:00,"0,0"
2025-08-18 05:00:00,"0,0"
2025-08-18 05:15:00,"0,0"
2025-08-18 05:30:00,"0,0"
2025-08-18 05:45:00,"0,0"
2025-08-18 06:00:00,"0,0"
2025-08-18 06:15:00,"5,092999999999999"
2025-08-18 06:30:00,"55,295333333333325"
2025-08-18 06:45:00,"145,75666666666666"
2025-08-18 07:00:00,"263,36966666666666"
2025-08-18 07:15:00,"364,3893333333333"
2025-08-18 07:30:00,"455,98699999999997"
2025-08-18 07:45:00,"533,5523333333333"
2025-08-18 08:00:00,"647,2353333333333"
2025-08-18 08:15:00,"931,7090000000001"
2025-08-18 08:30:00,"1383,3556666666666"
2025-08-18 08:45:00,"1606,9626666666668"
2025-08-18 09:00:00,"2262,2345"
2025-08-18 09:15:00,"2820,5516666666667"
2025-08-18 09:30:00,"3418,8576666666663"
2025-08-18 09:45:00,"3572,065666666667"
2025-08-18 10:00:00,"3767,849666666667"
2025-08-18 10:15:00,"3868,2543333333333"
2025-08-18 10:30:00,"3893,349333333333"
2025-08-18 10:45:00,"3894,9320000000002"
2025-08-18 11:00:00,"3905,1180000000004"
2025-08-18 11:15:00,"3950,7126666666663"
2025-08-18 11:30:00,"4009,4036666666666"
2025-08-18 11:45:00,"4073,2380000000007"
2025-08-18 12:00:00,"4196,146666666667"
2025-08-18 12:15:00,"4303,559333333334"
2025-08-18 12:30:00,"4367,393"
2025-08-18 12:45:00,"4399,6793333333335"
2025-08-18 13:00:00,"4359,608"
2025-08-18 13:15:00,"4429,37"
2025-08-18 13:30:00,"4510,7"
2025-08-18 13:45:00,"4510,457666666666"
2025-08-18 14:00:00,"4462,221666666667"
2025-08-18 14:15:00,"4512,1990000000005"
2025-08-18 14:30:00,"4012,1016666666665"
2025-08-18 14:45:00,"4146,932000000001"
2025-08-18 15:00:00,"4003,754333333334"
2025-08-18 15:15:00,"3691,697333333334"
2025-08-18 15:30:00,"3799,4466666666667"
2025-08-18 15:45:00,"3708,6946666666677"
2025-08-18 16:00:00,"3494,5253333333335"
2025-08-18 16:15:00,"3204,2243333333336"
2025-08-18 16:30:00,"3045,403333333334"
2025-08-18 16:45:00,"2875,119333333334"
2025-08-18 17:00:00,"2671,1570000000006"
2025-08-18 17:15:00,"2726,21"
2025-08-18 17:30:00,"2675,28"
2025-08-18 17:45:00,"2513,965"
2025-08-18 18:00:00,"2136,463333333334"
2025-08-18 18:15:00,"1711,490666666667"
2025-08-18 18:30:00,"1515,2130000000004"
2025-08-18 18:45:00,"1290,9543333333338"
2025-08-18 19:00:00,"1002,748666666667"
2025-08-18 19:15:00,"749,4260000000003"
2025-08-18 19:30:00,"563,6630000000004"
2025-08-18 19:45:00,"321,1013333333336"
2025-08-18 20:00:00,"128,58133333333362"
2025-08-18 20:15:00,"30,106000000000297"
2025-08-18 20:30:00,"0,7276666666669627"
2025-08-18 20:45:00,"0,0"
2025-08-18 21:00:00,"0,0"
2025-08-18 21:15:00,"0,0"
2025-08-18 21:30:00,"0,0"
2025-08-18 21:45:00,"0,0"
2025-08-18 22:00:00,"0,0"
2025-08-18 22:15:00,"0,0"
2025-08-18 22:30:00,"0,0"
2025-08-18 22:45:00,"0,0"
2025-08-18 23:00:00,"0,0"
2025-08-18 23:15:00,"0,0"
2025-08-18 23:30:00,"0,0"
2025-08-18 23:45:00,"0,0"
2025-08-19 00:00:00,"0,0"
2025-08-19 00:15:00,"0,0"
2025-08-19 00:30:00,"0,0"
2025-08-19 00:45:00,"0,0"
2025-08-19 01:00:00,"0,0"
2025-08-19 01:15:00,"0,0"
2025-08-19 01:30:00,"0,0"
2025-08-19 01:45:00,"0,0"
2025-08-19 02:00:00,"0,0"
2025-08-19 02:15:00,"0,0"
2025-08-19 02:30:00,"0,0"
2025-08-19 02:45:00,"0,0"
2025-08-19 03:00:00,"0,0"
2025-08-19 03:15:00,"0,0"
2025-08-19 03:30:00,"0,0"
2025-08-19 03:45:00,"0,0"
2025-08-19 04:00:00,"0,0"
2025-08-19 04:15:00,"0,0"
2025-08-19 04:30:00,"0,0"
2025-08-19 04:45:00,"0,0"
2025-08-19 05:00:00,"0,0"
2025-08-19 05:15:00,"0,0"
2025-08-19 05:30:00,"0,0"
2025-08-19 05:45:00,"0,0"
2025-08-19 06:00:00,"0,0"
2025-08-19 06:15:00,"1,2166666666669628"
2025-08-19 06:30:00,"42,07000000000029"
2025-08-19 06:45:00,"121,96000000000029"
2025-08-19 07:00:00,"225,0623333333336"
2025-08-19 07:15:00,"322,31400000000025"
2025-08-19 07:30:00,"412,68800000000033"
2025-08-19 07:45:00,"491,1783333333337"
2025-08-19 08:00:00,"578,3273333333335"
2025-08-19 08:15:00,"800,8630000000002"
2025-08-19 08:30:00,"1181,8183333333336"
2025-08-19 08:45:00,"1403,161"
2025-08-19 09:00:00,"2292,943"
2025-08-19 09:15:00,"3141,9990000000003"
2025-08-19 09:30:00,"3433,894333333333"
2025-08-19 09:45:00,"3583,5586666666672"
2025-08-19 10:00:00,"3752,570666666667"
2025-08-19 10:15:00,"3819,7500000000005"
2025-08-19 10:30:00,"3845,215"
2025-08-19 10:45:00,"3803,483666666667"
2025-08-19 11:00:00,"3829,7933333333335"
2025-08-19 11:15:00,"3908,1026666666667"
2025-08-19 11:30:00,"3938,306666666667"
2025-08-19 11:45:00,"4038,256666666666"
2025-08-19 12:00:00,"4185,266333333334"
2025-08-19 12:15:00,"4234,177333333334"
2025-08-19 12:30:00,"4314,256"
2025-08-19 12:45:00,"4350,149333333335"
2025-08-19 13:00:00,"4340,241"
2025-08-19 13:15:00,"4410,295333333333"
2025-08-19 13:30:00,"4496,4645"
2025-08-19 13:45:00,"4445,294666666668"
2025-08-19 14:00:00,"4391,666000000001"
2025-08-19 14:15:00,"4395,016333333333"
2025-08-19 14:30:00,"4235,738666666667"
2025-08-19 14:45:00,"4048,9350000000004"
2025-08-19 15:00:00,"3957,018333333334"
2025-08-19 15:15:00,"3796,9526666666675"
2025-08-19 15:30:00,"3734,6240000000003"
2025-08-19 15:45:00,"3643,192333333334"
2025-08-19 16:00:00,"3333,489666666667"
2025-08-19 16:15:00,"3146,5036666666665"
2025-08-19 16:30:00,"2915,6290000000004"
2025-08-19 16:45:00,"2728,1503333333335"
2025-08-19 17:00:00,"2633,3233333333337"
2025-08-19 17:15:00,"2503,8156666666673"
2025-08-19 17:30:00,"2626,346333333334"
2025-08-19 17:45:00,"2412,3840000000005"
2025-08-19 18:00:00,"2079,7783333333336"
2025-08-19 18:15:00,"1682,949333333334"
2025-08-19 18:30:00,"1443,3443333333337"
2025-08-19 18:45:00,"1260,2833333333338"
2025-08-19 19:00:00,"981,7366666666669"
2025-08-19 19:15:00,"728,064666666667"
2025-08-19 19:30:00,"545,0070000000004"
2025-08-19 19:45:00,"294,0690000000003"
2025-08-19 20:00:00,"120,64566666666698"
2025-08-19 20:15:00,"20,967000000000294"
2025-08-19 20:30:00,"0,4866666666669627"
2025-08-19 20:45:00,"0,0"
2025-08-19 21:00:00,"0,0"
2025-08-19 21:15:00,"0,0"
2025-08-19 21:30:00,"0,0"
2025-08-19 21:45:00,"0,0"
2025-08-19 22:00:00,"0,0"
2025-08-19 22:15:00,"0,0"
2025-08-19 22:30:00,"0,0"
2025-08-19 22:45:00,"0,0"
2025-08-19 23:00:00,"0,0"
2025-08-19 23:15:00,"0,0"
2025-08-19 23:30:00,"0,0"
2025-08-19 23:45:00,"0,0"
2025-08-20 00:00:00,"0,0"
2025-08-20 00:15:00,"0,0"
2025-08-20 00:30:00,"0,0"
2025-08-20 00:45:00,"0,0"
2025-08-20 01:00:00,"0,0"
2025-08-20 01:15:00,"0,0"
2025-08-20 01:30:00,"0,0"
2025-08-20 01:45:00,"0,0"
2025-08-20 02:00:00,"0,0"
2025-08-20 02:15:00,"0,0"
2025-08-20 02:30:00,"0,0"
2025-08-20 02:45:00,"0,0"
2025-08-20 03:00:00,"0,0"
2025-08-20 03:15:00,"0,0"
2025-08-20 03:30:00,"0,0"
2025-08-20 03:45:00,"0,0"
2025-08-20 04:00:00,"0,0"
2025-08-20 04:15:00,"0,0"
2025-08-20 04:30:00,"0,0"
2025-08-20 04:45:00,"0,0"
2025-08-20 05:00:00,"0,0"
2025-08-20 05:15:00,"0,0"
2025-08-20 05:30:00,"0,0"
2025-08-20 05:45:00,"0,0"
2025-08-20 06:00:00,"0,0"
2025-08-20 06:15:00,"0,0"
2025-08-20 06:30:00,"51,8540000000003"
2025-08-20 06:45:00,"177,6273333333336"
2025-08-20 07:00:00,"324,4970000000003"
2025-08-20 07:15:00,"488,9280000000003"
2025-08-20 07:30:00,"730,0516666666668"
2025-08-20 07:45:00,"888,3650000000002"
2025-08-20 08:00:00,"998,1283333333337"
2025-08-20 08:15:00,"1163,3110000000001"
2025-08-20 08:30:00,"1589,4746666666667"
2025-08-20 08:45:00,"1760,4776666666673"
2025-08-20 09:00:00,"2094,322666666667"
2025-08-20 09:15:00,"2121,1133333333337"
2025-08-20 09:30:00,"2114,322333333334"
2025-08-20 09:45:00,"2469,707"
2025-08-20 10:00:00,"3562,432"
2025-08-20 10:15:00,"4038,991666666667"
2025-08-20 10:30:00,"3847,640000000001"
2025-08-20 10:45:00,"3784,6196666666674"
2025-08-20 11:00:00,"3591,9770000000003"
2025-08-20 11:15:00,"3834,379000000001"
2025-08-20 11:30:00,"3460,8143333333337"
2025-08-20 11:45:00,"3733,4563333333344"
2025-08-20 12:00:00,"4410,997333333335"
2025-08-20 12:15:00,"4335,165666666668"
2025-08-20 12:30:00,"4027,5550000000003"
2025-08-20 12:45:00,"4546,606000000002"
2025-08-20 13:00:00,"4270,844000000001"
2025-08-20 13:15:00,"4384,352333333335"
2025-08-20 13:30:00,"4398,896666666667"
2025-08-20 13:45:00,"4512,232666666668"
2025-08-20 14:00:00,"4363,935333333334"
2025-08-20 14:15:00,"4550,959333333334"
2025-08-20 14:30:00,"3580,5040000000013"
2025-08-20 14:45:00,"3925,975333333335"
2025-08-20 15:00:00,"3127,0756666666675"
2025-08-20 15:15:00,"2682,070666666668"
2025-08-20 15:30:00,"1574,8233333333346"
2025-08-20 15:45:00,"1426,9276666666678"
2025-08-20 16:00:00,"1383,7463333333346"
2025-08-20 16:15:00,"1290,226666666668"
2025-08-20 16:30:00,"1430,765666666668"
2025-08-20 16:45:00,"1415,3690000000013"
2025-08-20 17:00:00,"1384,2045000000016"
2025-08-20 17:15:00,"1221,429666666668"
2025-08-20 17:30:00,"1099,3606666666678"
2025-08-20 17:45:00,"978,2616666666678"
2025-08-20 18:00:00,"883,5143333333345"
2025-08-20 18:15:00,"718,6463333333345"
2025-08-20 18:30:00,"634,3570000000011"
2025-08-20 18:45:00,"583,9150000000012"
2025-08-20 19:00:00,"567,8200000000011"
2025-08-20 19:15:00,"560,2866666666678"
2025-08-20 19:30:00,"461,1460000000012"
2025-08-20 19:45:00,"227,48733333333456"
2025-08-20 20:00:00,"65,19466666666786"
2025-08-20 20:15:00,"1,697666666667851"
2025-08-20 20:30:00,"0,0"
2025-08-20 20:45:00,"0,0"
2025-08-20 21:00:00,"0,0"
2025-08-20 21:15:00,"0,0"
2025-08-20 21:30:00,"0,0"
2025-08-20 21:45:00,"0,0"
2025-08-20 22:00:00,"0,0"
2025-08-20 22:15:00,"0,0"
2025-08-20 22:30:00,"0,0"
2025-08-20 22:45:00,"0,0"
2025-08-20 23:00:00,"0,0"
2025-08-20 23:15:00,"0,0"
2025-08-20 23:30:00,"0,0"
2025-08-20 23:45:00,"0,0"
2025-08-21 00:00:00,"0,0"
2025-08-21 00:15:00,"0,0"
2025-08-21 00:30:00,"0,24400000000118424"
2025-08-21 00:45:00,"0,0"
2025-08-21 01:00:00,"0,0"
2025-08-21 01:15:00,"0,0"
2025-08-21 01:30:00,"0,0"
2025-08-21 01:45:00,"0,0"
2025-08-21 02:00:00,"0,0"
2025-08-21 02:15:00,"0,0"
2025-08-21 02:30:00,"0,0"
2025-08-21 02:45:00,"0,0"
2025-08-21 03:00:00,"0,0"
2025-08-21 03:15:00,"0,0"
2025-08-21 03:30:00,"0,0"
2025-08-21 03:45:00,"0,0"
2025-08-21 04:00:00,"0,0"
2025-08-21 04:15:00,"0,0"
2025-08-21 04:30:00,"0,0"
2025-08-21 04:45:00,"0,0"
2025-08-21 05:00:00,"0,0"
2025-08-21 05:15:00,"0,0"
2025-08-21 05:30:00,"0,0"
2025-08-21 05:45:00,"0,0"
2025-08-21 06:00:00,"0,0"
2025-08-21 06:15:00,"0,0"
2025-08-21 06:30:00,"1,697666666667851"
2025-08-21 06:45:00,"31,876000000001188"
2025-08-21 07:00:00,"40,98666666666785"
2025-08-21 07:15:00,"53,840500000001775"
2025-08-21 07:30:00,"56,75066666666786"
2025-08-21 07:45:00,"75,51666666666785"
2025-08-21 08:00:00,"112,4223333333345"
2025-08-21 08:15:00,"132,3940000000012"
2025-08-21 08:30:00,"195,73333333333454"
2025-08-21 08:45:00,"157,4610000000012"
2025-08-21 09:00:00,"215,3610000000012"
2025-08-21 09:15:00,"297,81900000000115"
2025-08-21 09:30:00,"466,6763333333345"
2025-08-21 09:45:00,"691,6140000000013"
2025-08-21 10:00:00,"410,8353333333346"
2025-08-21 10:15:00,"413,50300000000124"
2025-08-21 10:30:00,"369,8486666666679"
2025-08-21 10:45:00,"570,2063333333346"
2025-08-21 11:00:00,"682,273666666668"
2025-08-21 11:15:00,"667,910666666668"
2025-08-21 11:30:00,"801,7836666666678"
2025-08-21 11:45:00,"646,8106666666679"
2025-08-21 12:00:00,"882,6450000000013"
2025-08-21 12:15:00,"833,0570000000012"
2025-08-21 12:30:00,"1256,4973333333344"
2025-08-21 12:45:00,"1591,2266666666676"
2025-08-21 13:00:00,"1295,8653333333345"
2025-08-21 13:15:00,"1029,5850000000014"
2025-08-21 13:30:00,"1068,4476666666678"
2025-08-21 13:45:00,"1133,9850000000013"
2025-08-21 14:00:00,"817,5476666666679"
2025-08-21 14:15:00,"905,5750000000013"
2025-08-21 14:30:00,"893,7233333333346"
2025-08-21 14:45:00,"486,50300000000124"
2025-08-21 15:00:00,"396,084666666668"
2025-08-21 15:15:00,"470,8093333333347"
2025-08-21 15:30:00,"585,7953333333346"
2025-08-21 15:45:00,"765,6476666666681"
2025-08-21 16:00:00,"958,2116666666681"
2025-08-21 16:15:00,"970,4020000000013"
2025-08-21 16:30:00,"835,5486666666679"
2025-08-21 16:45:00,"722,4013333333347"
2025-08-21 17:00:00,"633,4540000000013"
2025-08-21 17:15:00,"487,6410000000014"
2025-08-21 17:30:00,"365,24066666666795"
2025-08-21 17:45:00,"281,599666666668"
2025-08-21 18:00:00,"241,5803333333347"
2025-08-21 18:15:00,"214,60233333333468"
2025-08-21 18:30:00,"187,94200000000131"
2025-08-21 18:45:00,"147,82500000000135"
2025-08-21 19:00:00,"98,679666666668"
2025-08-21 19:15:00,"32,555333333334666"
2025-08-21 19:30:00,"30,597333333334667"
2025-08-21 19:45:00,"21,132000000001334"
2025-08-21 20:00:00,"3,6466666666679988"
2025-08-21 20:15:00,"0,24266666666799894"
2025-08-21 20:30:00,"0,0"
2025-08-21 20:45:00,"0,0"
2025-08-21 21:00:00,"0,0"
2025-08-21 21:15:00,"0,0"
2025-08-21 21:30:00,"0,0"
2025-08-21 21:45:00,"0,0"
2025-08-21 22:00:00,"0,0"
2025-08-21 22:15:00,"0,0"
2025-08-21 22:30:00,"0,0"
2025-08-21 22:45:00,"0,0"
2025-08-21 23:00:00,"0,0"
2025-08-21 23:15:00,"0,0"
2025-08-21 23:30:00,"0,0"
2025-08-21 23:45:00,"0,0"
2025-08-22 00:00:00,"0,0"
2025-08-22 00:15:00,"0,0"
2025-08-22 00:30:00,"0,0"
2025-08-22 00:45:00,"0,0"
2025-08-22 01:00:00,"0,0"
2025-08-22 01:15:00,"0,0"
2025-08-22 01:30:00,"0,0"
2025-08-22 01:45:00,"0,0"
2025-08-22 02:00:00,"0,0"
2025-08-22 02:15:00,"0,0"
2025-08-22 02:30:00,"0,0"
2025-08-22 02:45:00,"0,0"
2025-08-22 03:00:00,"0,0"
2025-08-22 03:15:00,"0,0"
2025-08-22 03:30:00,"0,0"
2025-08-22 03:45:00,"0,0"
2025-08-22 04:00:00,"0,0"
2025-08-22 04:15:00,"0,0"
2025-08-22 04:30:00,"0,0"
2025-08-22 04:45:00,"0,0"
2025-08-22 05:00:00,"0,0"
2025-08-22 05:15:00,"0,0"
2025-08-22 05:30:00,"0,0"
2025-08-22 05:45:00,"0,0"
2025-08-22 06:00:00,"0,0"
2025-08-22 06:15:00,"0,0"
2025-08-22 06:30:00,"0,9670000000013322"
2025-08-22 06:45:00,"36,108666666668"
2025-08-22 07:00:00,"120,98200000000132"
2025-08-22 07:15:00,"209,54500000000135"
2025-08-22 07:30:00,"239,90933333333464"
2025-08-22 07:45:00,"398,7350000000013"
2025-08-22 08:00:00,"424,373666666668"
2025-08-22 08:15:00,"583,6523333333347"
2025-08-22 08:30:00,"422,23400000000134"
2025-08-22 08:45:00,"442,3633333333346"
2025-08-22 09:00:00,"540,2293333333347"
2025-08-22 09:15:00,"513,5303333333346"
2025-08-22 09:30:00,"375,85566666666796"
2025-08-22 09:45:00,"325,641666666668"
2025-08-22 10:00:00,"774,0220000000013"
2025-08-22 10:15:00,"1087,532666666668"
2025-08-22 10:30:00,"1036,7893333333348"
2025-08-22 10:45:00,"1375,6546666666677"
2025-08-22 11:00:00,"2608,891000000001"
2025-08-22 11:15:00,"3398,660000000001"
2025-08-22 11:30:00,"4327,352000000001"
2025-08-22 11:45:00,"3533,620500000002"
2025-08-22 12:00:00,"3647,8230000000012"
2025-08-22 12:15:00,"2515,8310000000015"
2025-08-22 12:30:00,"2666,893333333335"
2025-08-22 12:45:00,"3728,504666666668"
2025-08-22 13:00:00,"3232,0223333333347"
2025-08-22 13:15:00,"3114,005333333335"
2025-08-22 13:30:00,"3896,2423333333345"
2025-08-22 13:45:00,"4174,158666666668"
2025-08-22 14:00:00,"4186,445666666667"
2025-08-22 14:15:00,"3050,7580000000016"
2025-08-22 14:30:00,"4295,339000000001"
2025-08-22 14:45:00,"3394,3046666666683"
2025-08-22 15:00:00,"2124,5343333333344"
2025-08-22 15:15:00,"2285,9053333333345"
2025-08-22 15:30:00,"1880,1083333333345"
2025-08-22 15:45:00,"3286,479000000001"
2025-08-22 16:00:00,"1847,5650000000012"
2025-08-22 16:15:00,"3284,2406666666675"
2025-08-22 16:30:00,"1809,4700000000012"
2025-08-22 16:45:00,"2179,0763333333343"
2025-08-22 17:00:00,"2409,7213333333343"
2025-08-22 17:15:00,"1995,7603333333348"
2025-08-22 17:30:00,"1849,670666666668"
2025-08-22 17:45:00,"1328,7880000000011"
2025-08-22 18:00:00,"999,6830000000011"
2025-08-22 18:15:00,"850,6696666666679"
2025-08-22 18:30:00,"1188,048666666668"
2025-08-22 18:45:00,"1393,780000000001"
2025-08-22 19:00:00,"995,1693333333344"
2025-08-22 19:15:00,"590,9330000000011"
2025-08-22 19:30:00,"387,36200000000116"
2025-08-22 19:45:00,"163,98533333333452"
2025-08-22 20:00:00,"27,201666666667847"
2025-08-22 20:15:00,"1,4513333333345178"
2025-08-22 20:30:00,"0,0"
2025-08-22 20:45:00,"0,0"
2025-08-22 21:00:00,"0,0"
2025-08-22 21:15:00,"0,0"
2025-08-22 21:30:00,"0,0"
2025-08-22 21:45:00,"0,0"
2025-08-22 22:00:00,"0,0"
2025-08-22 22:15:00,"0,0"
2025-08-22 22:30:00,"0,0"
2025-08-22 22:45:00,"0,0"
2025-08-22 23:00:00,"0,0"
2025-08-22 23:15:00,"0,0"
2025-08-22 23:30:00,"0,0"
2025-08-22 23:45:00,"0,0"
2025-08-23 00:00:00,"0,0"
2025-08-23 00:15:00,"0,0"
2025-08-23 00:30:00,"0,0"
2025-08-23 00:45:00,"0,0"
2025-08-23 01:00:00,"0,0"
2025-08-23 01:15:00,"0,0"
2025-08-23 01:30:00,"0,0"
2025-08-23 01:45:00,"0,0"
2025-08-23 02:00:00,"0,0"
2025-08-23 02:15:00,"0,0"
2025-08-23 02:30:00,"0,0"
2025-08-23 02:45:00,"0,0"
2025-08-23 03:00:00,"0,0"
2025-08-23 03:15:00,"0,0"
2025-08-23 03:30:00,"0,0"
2025-08-23 03:45:00,"0,0"
2025-08-23 04:00:00,"0,0"
2025-08-23 04:15:00,"0,0"
2025-08-23 04:30:00,"0,0"
2025-08-23 04:45:00,"0,0"
2025-08-23 05:00:00,"0,0"
2025-08-23 05:15:00,"0,0"
2025-08-23 05:30:00,"0,0"
2025-08-23 05:45:00,"0,0"
2025-08-23 06:00:00,"0,0"
2025-08-23 06:15:00,"0,0"
2025-08-23 06:30:00,"0,0"
2025-08-23 06:45:00,"11,47566666666785"
2025-08-23 07:00:00,"37,552666666667854"
2025-08-23 07:15:00,"103,27066666666784"
2025-08-23 07:30:00,"256,9873333333345"
2025-08-23 07:45:00,"462,2453333333345"
2025-08-23 08:00:00,"552,2203333333346"
2025-08-23 08:15:00,"864,9243333333345"
2025-08-23 08:30:00,"907,955666666668"
2025-08-23 08:45:00,"1043,7500000000014"
2025-08-23 09:00:00,"1089,5376666666677"
2025-08-23 09:15:00,"1271,0520000000013"
2025-08-23 09:30:00,"1892,500666666668"
2025-08-23 09:45:00,"2721,8593333333347"
2025-08-23 10:00:00,"2101,500000000001"
2025-08-23 10:15:00,"2059,455666666668"
2025-08-23 10:30:00,"2251,6736666666675"
2025-08-23 10:45:00,"2255,9883333333346"
2025-08-23 11:00:00,"2153,3463333333348"
2025-08-23 11:15:00,"2167,6720000000014"
2025-08-23 11:30:00,"2638,416333333334"
2025-08-23 11:45:00,"3334,9506666666675"
2025-08-23 12:00:00,"4265,063333333334"
2025-08-23 12:15:00,"3674,7203333333346"
2025-08-23 12:30:00,"2227,1670000000013"
2025-08-23 12:45:00,"1663,4486666666676"
2025-08-23 13:00:00,"2478,331000000001"
2025-08-23 13:15:00,"4205,847666666668"
2025-08-23 13:30:00,"3652,1343333333343"
2025-08-23 13:45:00,"4143,612000000001"
2025-08-23 14:00:00,"2119,3743333333346"
2025-08-23 14:15:00,"4641,198333333335"
2025-08-23 14:30:00,"4254,352666666668"
2025-08-23 14:45:00,"4592,188333333334"
2025-08-23 15:00:00,"4280,425000000001"
2025-08-23 15:15:00,"3136,715666666668"
2025-08-23 15:30:00,"3130,3103333333343"
2025-08-23 15:45:00,"2541,1616666666678"
2025-08-23 16:00:00,"1882,0303333333343"
2025-08-23 16:15:00,"1957,4385000000016"
2025-08-23 16:30:00,"1887,9833333333345"
2025-08-23 16:45:00,"1386,5916666666678"
2025-08-23 17:00:00,"997,4350000000012"
2025-08-23 17:15:00,"725,2280000000012"
2025-08-23 17:30:00,"341,4243333333345"
2025-08-23 17:45:00,"326,3560000000012"
2025-08-23 18:00:00,"551,0203333333344"
2025-08-23 18:15:00,"631,8546666666679"
2025-08-23 18:30:00,"642,6326666666679"
2025-08-23 18:45:00,"661,7493333333346"
2025-08-23 19:00:00,"651,0770000000011"
2025-08-23 19:15:00,"484,5393333333345"
2025-08-23 19:30:00,"230,47800000000117"
2025-08-23 19:45:00,"53,888333333334515"
2025-08-23 20:00:00,"3,8853333333345175"
2025-08-23 20:15:00,"0,0"
2025-08-23 20:30:00,"0,0"
2025-08-23 20:45:00,"0,0"
2025-08-23 21:00:00,"0,0"
2025-08-23 21:15:00,"0,0"
2025-08-23 21:30:00,"0,0"
2025-08-23 21:45:00,"0,0"
2025-08-23 22:00:00,"0,0"
2025-08-23 22:15:00,"0,0"
2025-08-23 22:30:00,"0,0"
2025-08-23 22:45:00,"0,0"
2025-08-23 23:00:00,"0,0"
2025-08-23 23:15:00,"0,0"
2025-08-23 23:30:00,"0,0"
2025-08-23 23:45:00,"0,0"
2025-08-24 00:00:00,"0,0"
2025-08-24 00:15:00,"0,0"
2025-08-24 00:30:00,"0,0"
2025-08-24 00:45:00,"0,0"
2025-08-24 01:00:00,"0,0"
2025-08-24 01:15:00,"0,0"
2025-08-24 01:30:00,"0,0"
2025-08-24 01:45:00,"0,0"
2025-08-24 02:00:00,"0,0"
2025-08-24 02:15:00,"0,0"
2025-08-24 02:30:00,"0,0"
2025-08-24 02:45:00,"0,0"
2025-08-24 03:00:00,"0,0"
2025-08-24 03:15:00,"0,0"
2025-08-24 03:30:00,"0,0"
2025-08-24 03:45:00,"0,0"
2025-08-24 04:00:00,"0,0"
2025-08-24 04:15:00,"0,0"
2025-08-24 04:30:00,"0,0"
2025-08-24 04:45:00,"0,0"
2025-08-24 05:00:00,"0,0"
2025-08-24 05:15:00,"0,0"
2025-08-24 05:30:00,"0,0"
2025-08-24 05:45:00,"0,0"
2025-08-24 06:00:00,"0,0"
2025-08-24 06:15:00,"0,0"
2025-08-24 06:30:00,"0,0"
2025-08-24 06:45:00,"57,31733333333452"
2025-08-24 07:00:00,"177,09300000000118"
2025-08-24 07:15:00,"330,5983333333345"
2025-08-24 07:30:00,"288,3820000000012"
2025-08-24 07:45:00,"714,4010000000011"
2025-08-24 08:00:00,"1039,1433333333343"
2025-08-24 08:15:00,"974,0803333333346"
2025-08-24 08:30:00,"1060,7990000000011"
2025-08-24 08:45:00,"1240,0160000000014"
2025-08-24 09:00:00,"1890,2350000000013"
2025-08-24 09:15:00,"2399,3483333333347"
2025-08-24 09:30:00,"2914,5366666666673"
2025-08-24 09:45:00,"3629,9226666666677"
2025-08-24 10:00:00,"3661,8106666666677"
2025-08-24 10:15:00,"3775,282666666668"
2025-08-24 10:30:00,"3806,474666666668"
2025-08-24 10:45:00,"3816,2950000000005"
2025-08-24 11:00:00,"3845,3066666666678"
2025-08-24 11:15:00,"3867,465666666668"
2025-08-24 11:30:00,"2279,627000000001"
2025-08-24 11:45:00,"4206,690333333334"
2025-08-24 12:00:00,"4718,533666666667"
2025-08-24 12:15:00,"2388,265333333334"
2025-08-24 12:30:00,"1731,7276666666678"
2025-08-24 12:45:00,"3068,0606666666677"
2025-08-24 13:00:00,"4875,6686666666665"
2025-08-24 13:15:00,"2330,922333333334"
2025-08-24 13:30:00,"2478,0736666666676"
2025-08-24 13:45:00,"5437,203666666668"
2025-08-24 14:00:00,"5212,580000000001"
2025-08-24 14:15:00,"3188,4660000000013"
2025-08-24 14:30:00,"3593,9306666666675"
2025-08-24 14:45:00,"4636,722000000002"
2025-08-24 15:00:00,"3992,913333333334"
2025-08-24 15:15:00,"3405,0550000000007"
2025-08-24 15:30:00,"3169,208000000001"
2025-08-24 15:45:00,"3532,523000000001"
2025-08-24 16:00:00,"2196,470333333334"
2025-08-24 16:15:00,"4270,6016666666665"
2025-08-24 16:30:00,"3672,7196666666673"
2025-08-24 16:45:00,"2088,9540000000006"
2025-08-24 17:00:00,"2399,711333333334"
2025-08-24 17:15:00,"3471,243000000001"
2025-08-24 17:30:00,"3084,6603333333337"
2025-08-24 17:45:00,"2495,2956666666673"
2025-08-24 18:00:00,"2225,882000000001"
2025-08-24 18:15:00,"1628,757333333334"
2025-08-24 18:30:00,"1272,313333333334"
2025-08-24 18:45:00,"1119,334333333334"
2025-08-24 19:00:00,"918,5493333333338"
2025-08-24 19:15:00,"727,5650000000006"
2025-08-24 19:30:00,"434,6606666666672"
2025-08-24 19:45:00,"173,96866666666725"
2025-08-24 20:00:00,"46,62466666666726"
2025-08-24 20:15:00,"1,4505000000008885"
2025-08-24 20:30:00,"0,0"
2025-08-24 20:45:00,"0,0"
2025-08-24 21:00:00,"0,0"
2025-08-24 21:15:00,"0,0"
2025-08-24 21:30:00,"0,0"
2025-08-24 21:45:00,"0,0"
2025-08-24 22:00:00,"0,0"
2025-08-24 22:15:00,"0,0"
2025-08-24 22:30:00,"0,0"
2025-08-24 22:45:00,"0,0"
2025-08-24 23:00:00,"0,0"
2025-08-24 23:15:00,"0,0"
2025-08-24 23:30:00,"0,0"
2025-08-24 23:45:00,"0,0"
2025-08-25 00:00:00,"0,0"
2025-08-25 00:15:00,"0,0"
2025-08-25 00:30:00,"0,0"
2025-08-25 00:45:00,"0,0"
2025-08-25 01:00:00,"0,0"
2025-08-25 01:15:00,"0,0"
2025-08-25 01:30:00,"0,0"
2025-08-25 01:45:00,"0,0"
2025-08-25 02:00:00,"0,0"
2025-08-25 02:15:00,"0,0"
2025-08-25 02:30:00,"0,0"
2025-08-25 02:45:00,"0,0"
2025-08-25 03:00:00,"0,0"
2025-08-25 03:15:00,"0,0"
2025-08-25 03:30:00,"0,0"
2025-08-25 03:45:00,"0,0"
2025-08-25 04:00:00,"0,0"
2025-08-25 04:15:00,"0,0"
2025-08-25 04:30:00,"0,0"
2025-08-25 04:45:00,"0,0"
2025-08-25 05:00:00,"0,0"
2025-08-25 05:15:00,"0,0"
2025-08-25 05:30:00,"0,0"
2025-08-25 05:45:00,"0,0"
2025-08-25 06:00:00,"0,0"
2025-08-25 06:15:00,"0,0"
2025-08-25 06:30:00,"14,561000000000593"
2025-08-25 06:45:00,"94,64466666666726"
2025-08-25 07:00:00,"242,00266666666727"
2025-08-25 07:15:00,"392,1940000000006"
2025-08-25 07:30:00,"426,0893333333339"
2025-08-25 07:45:00,"510,4290000000006"
2025-08-25 08:00:00,"609,9476666666673"
2025-08-25 08:15:00,"745,7606666666672"
2025-08-25 08:30:00,"975,0216666666672"
2025-08-25 08:45:00,"1354,8700000000006"
2025-08-25 09:00:00,"2173,6593333333335"
2025-08-25 09:15:00,"3053,256333333334"
2025-08-25 09:30:00,"3332,377000000001"
2025-08-25 09:45:00,"3535,631666666667"
2025-08-25 10:00:00,"3695,115"
2025-08-25 10:15:00,"3753,059"
2025-08-25 10:30:00,"3763,550666666667"
2025-08-25 10:45:00,"3757,233000000001"
2025-08-25 11:00:00,"3823,8776666666677"
2025-08-25 11:15:00,"3889,5346666666674"
2025-08-25 11:30:00,"3959,391333333334"
2025-08-25 11:45:00,"4005,939333333334"
2025-08-25 12:00:00,"4177,954666666667"
2025-08-25 12:15:00,"4098,912333333334"
2025-08-25 12:30:00,"3920,724333333334"
2025-08-25 12:45:00,"4104,774666666666"
2025-08-25 13:00:00,"4168,588666666667"
2025-08-25 13:15:00,"4164,3763333333345"
2025-08-25 13:30:00,"4301,488"
2025-08-25 13:45:00,"4218,414"
2025-08-25 14:00:00,"4088,3980000000006"
2025-08-25 14:15:00,"4355,9293333333335"
2025-08-25 14:30:00,"4124,216333333334"
2025-08-25 14:45:00,"4152,460333333334"
2025-08-25 15:00:00,"3313,1176666666674"
2025-08-25 15:15:00,"3459,165666666667"
2025-08-25 15:30:00,"3995,337333333334"
2025-08-25 15:45:00,"3983,453333333334"
2025-08-25 16:00:00,"3982,023666666667"
2025-08-25 16:15:00,"3848,751333333334"
2025-08-25 16:30:00,"3358,4320000000007"
2025-08-25 16:45:00,"3328,038666666667"
2025-08-25 17:00:00,"3065,4640000000004"
2025-08-25 17:15:00,"2849,7950000000005"
2025-08-25 17:30:00,"2732,639666666667"
2025-08-25 17:45:00,"2556,4116666666673"
2025-08-25 18:00:00,"2076,040666666667"
2025-08-25 18:15:00,"1696,2570000000003"
2025-08-25 18:30:00,"1316,4733333333334"
2025-08-25 18:45:00,"1141,2530000000002"
2025-08-25 19:00:00,"792,9499999999999"
2025-08-25 19:15:00,"642,4786666666668"
2025-08-25 19:30:00,"474,31699999999995"
2025-08-25 19:45:00,"190,51033333333334"
2025-08-25 20:00:00,"58,24633333333334"
2025-08-25 20:15:00,"2,4266666666666667"
2025-08-25 20:30:00,"0,0"
2025-08-25 20:45:00,"0,0"
2025-08-25 21:00:00,"0,0"
2025-08-25 21:15:00,"0,0"
2025-08-25 21:30:00,"0,0"
2025-08-25 21:45:00,"0,0"
2025-08-25 22:00:00,"0,0"
2025-08-25 22:15:00,"0,0"
2025-08-25 22:30:00,"0,0"
2025-08-25 22:45:00,"0,0"
2025-08-25 23:00:00,"0,0"
2025-08-25 23:15:00,"0,0"
2025-08-25 23:30:00,"0,0"
2025-08-25 23:45:00,"0,0"
2025-08-26 00:00:00,"0,0"
2025-08-26 00:15:00,"0,0"
2025-08-26 00:30:00,"0,0"
2025-08-26 00:45:00,"0,0"
2025-08-26 01:00:00,"0,0"
2025-08-26 01:15:00,"0,0"
2025-08-26 01:30:00,"0,0"
2025-08-26 01:45:00,"0,0"
2025-08-26 02:00:00,"0,0"
2025-08-26 02:15:00,"0,0"
2025-08-26 02:30:00,"0,0"
2025-08-26 02:45:00,"0,0"
2025-08-26 03:00:00,"0,0"
2025-08-26 03:15:00,"0,0"
2025-08-26 03:30:00,"0,0"
2025-08-26 03:45:00,"0,0"
2025-08-26 04:00:00,"0,0"
2025-08-26 04:15:00,"0,0"
2025-08-26 04:30:00,"0,0"
2025-08-26 04:45:00,"0,0"
2025-08-26 05:00:00,"0,0"
2025-08-26 05:15:00,"0,0"
2025-08-26 05:30:00,"0,0"
2025-08-26 05:45:00,"0,0"
2025-08-26 06:00:00,"0,0"
2025-08-26 06:15:00,"0,0"
2025-08-26 06:30:00,"0,0"
2025-08-26 06:45:00,"37,85566666666667"
2025-08-26 07:00:00,"126,26800000000001"
2025-08-26 07:15:00,"248,37699999999998"
2025-08-26 07:30:00,"348,88366666666667"
2025-08-26 07:45:00,"460,31500000000005"
2025-08-26 08:00:00,"536,0863333333333"
2025-08-26 08:15:00,"634,7383333333333"
2025-08-26 08:30:00,"867,911"
2025-08-26 08:45:00,"1248,117"
2025-08-26 09:00:00,"2044,1966666666667"
2025-08-26 09:15:00,"2989,539333333333"
2025-08-26 09:30:00,"2824,873333333333"
2025-08-26 09:45:00,"3218,7760000000003"
2025-08-26 10:00:00,"3207,579666666666"
2025-08-26 10:15:00,"3329,851666666667"
2025-08-26 10:30:00,"3771,2450000000003"
2025-08-26 10:45:00,"3570,7223333333336"
2025-08-26 11:00:00,"3751,8463333333334"
2025-08-26 11:15:00,"3814,0636666666664"
2025-08-26 11:30:00,"3853,218"
2025-08-26 11:45:00,"3925,778"
2025-08-26 12:00:00,"3993,9063333333334"
2025-08-26 12:15:00,"4120,815333333334"
2025-08-26 12:30:00,"4171,201666666667"
2025-08-26 12:45:00,"4222,069"
2025-08-26 13:00:00,"4228,676"
2025-08-26 13:15:00,"4313,926"
2025-08-26 13:30:00,"4327,191333333332"
2025-08-26 13:45:00,"4299,799"
2025-08-26 14:00:00,"4247,5216666666665"
2025-08-26 14:15:00,"4171,763999999999"
2025-08-26 14:30:00,"4085,3010000000004"
2025-08-26 14:45:00,"3398,7273333333333"
2025-08-26 15:00:00,"2956,7875"
2025-08-26 15:15:00,"3931,232"
2025-08-26 15:30:00,"3700,146"
2025-08-26 15:45:00,"3545,8906666666667"
2025-08-26 16:00:00,"2692,4993333333327"
2025-08-26 16:15:00,"2063,8666666666663"
2025-08-26 16:30:00,"3063,7593333333334"
2025-08-26 16:45:00,"2552,072666666666"
2025-08-26 17:00:00,"2521,163"
2025-08-26 17:15:00,"2430,691"
2025-08-26 17:30:00,"2381,0986666666668"
2025-08-26 17:45:00,"3326,7929999999997"
2025-08-26 18:00:00,"2737,9113333333335"
2025-08-26 18:15:00,"2171,0733333333337"
2025-08-26 18:30:00,"1507,4876666666669"
2025-08-26 18:45:00,"1267,9146666666668"
2025-08-26 19:00:00,"968,0716666666666"
2025-08-26 19:15:00,"512,5183333333334"
2025-08-26 19:30:00,"200,54366666666667"
2025-08-26 19:45:00,"139,54533333333336"
2025-08-26 20:00:00,"31,93766666666667"
2025-08-26 20:15:00,"0,0"
2025-08-26 20:30:00,"0,0"
2025-08-26 20:45:00,"0,0"
2025-08-26 21:00:00,"0,0"
2025-08-26 21:15:00,"0,0"
2025-08-26 21:30:00,"0,0"
2025-08-26 21:45:00,"0,0"
2025-08-26 22:00:00,"0,0"
2025-08-26 22:15:00,"0,0"
2025-08-26 22:30:00,"0,0"
2025-08-26 22:45:00,"0,0"
2025-08-26 23:00:00,"0,0"
2025-08-26 23:15:00,"0,0"
2025-08-26 23:30:00,"0,0"
2025-08-26 23:45:00,"0,0"
2025-08-27 00:00:00,"0,0"
2025-08-27 00:15:00,"0,0"
2025-08-27 00:30:00,"0,0"
2025-08-27 00:45:00,"0,0"
2025-08-27 01:00:00,"0,0"
2025-08-27 01:15:00,"0,0"
2025-08-27 01:30:00,"0,0"
2025-08-27 01:45:00,"0,0"
2025-08-27 02:00:00,"0,0"
2025-08-27 02:15:00,"0,0"
2025-08-27 02:30:00,"0,0"
2025-08-27 02:45:00,"0,0"
2025-08-27 03:00:00,"0,0"
2025-08-27 03:15:00,"0,0"
2025-08-27 03:30:00,"0,0"
2025-08-27 03:45:00,"0,0"
2025-08-27 04:00:00,"0,0"
2025-08-27 04:15:00,"0,0"
2025-08-27 04:30:00,"0,0"
2025-08-27 04:45:00,"0,0"
2025-08-27 05:00:00,"0,0"
2025-08-27 05:15:00,"0,0"
2025-08-27 05:30:00,"0,0"
2025-08-27 05:45:00,"0,0"
2025-08-27 06:00:00,"0,0"
2025-08-27 06:15:00,"0,0"
2025-08-27 06:30:00,"0,0"
2025-08-27 06:45:00,"11,170666666666667"
2025-08-27 07:00:00,"28,65266666666667"
2025-08-27 07:15:00,"54,419000000000004"
2025-08-27 07:30:00,"221,27533333333335"
2025-08-27 07:45:00,"324,72566666666665"
2025-08-27 08:00:00,"460,0806666666666"
2025-08-27 08:15:00,"561,1703333333334"
2025-08-27 08:30:00,"656,4053333333333"
2025-08-27 08:45:00,"1169,7759999999998"
2025-08-27 09:00:00,"1012,294"
2025-08-27 09:15:00,"836,1363333333335"
2025-08-27 09:30:00,"1062,9220000000003"
2025-08-27 09:45:00,"1528,4016666666666"
2025-08-27 10:00:00,"2816,9680000000008"
2025-08-27 10:15:00,"2994,5306666666675"
2025-08-27 10:30:00,"3424,4356666666663"
2025-08-27 10:45:00,"3078,056666666667"
2025-08-27 11:00:00,"3740,106666666667"
2025-08-27 11:15:00,"3713,505"
2025-08-27 11:30:00,"3771,0486666666666"
2025-08-27 11:45:00,"3900,085666666667"
2025-08-27 12:00:00,"4056,938333333334"
2025-08-27 12:15:00,"4308,084333333333"
2025-08-27 12:30:00,"4162,657666666667"
2025-08-27 12:45:00,"4208,865000000001"
2025-08-27 13:00:00,"4143,645666666667"
2025-08-27 13:15:00,"4299,300333333334"
2025-08-27 13:30:00,"3814,0276666666664"
2025-08-27 13:45:00,"3130,9489999999996"
2025-08-27 14:00:00,"3533,0863333333336"
2025-08-27 14:15:00,"4550,4653333333345"
2025-08-27 14:30:00,"3890,5860000000007"
2025-08-27 14:45:00,"4325,156333333334"
2025-08-27 15:00:00,"3875,362333333334"
2025-08-27 15:15:00,"3484,807666666667"
2025-08-27 15:30:00,"3800,8490000000006"
2025-08-27 15:45:00,"2781,1213333333335"
2025-08-27 16:00:00,"3127,0270000000005"
2025-08-27 16:15:00,"1954,2260000000006"
2025-08-27 16:30:00,"1270,8583333333338"
2025-08-27 16:45:00,"1270,540333333334"
2025-08-27 17:00:00,"1431,0213333333336"
2025-08-27 17:15:00,"1333,5600000000006"
2025-08-27 17:30:00,"1102,1226666666673"
2025-08-27 17:45:00,"844,8240000000005"
2025-08-27 18:00:00,"677,5810000000006"
2025-08-27 18:15:00,"560,179333333334"
2025-08-27 18:30:00,"415,6630000000006"
2025-08-27 18:45:00,"421,3170000000008"
2025-08-27 19:00:00,"559,5320000000006"
2025-08-27 19:15:00,"521,8106666666672"
2025-08-27 19:30:00,"445,4680000000006"
2025-08-27 19:45:00,"104,5770000000006"
2025-08-27 20:00:00,"3,393333333333925"
2025-08-27 20:15:00,"0,0"
2025-08-27 20:30:00,"0,0"
2025-08-27 20:45:00,"0,0"
2025-08-27 21:00:00,"0,0"
2025-08-27 21:15:00,"0,0"
2025-08-27 21:30:00,"0,0"
2025-08-27 21:45:00,"0,0"
2025-08-27 22:00:00,"0,0"
2025-08-27 22:15:00,"0,0"
2025-08-27 22:30:00,"0,0"
2025-08-27 22:45:00,"0,0"
2025-08-27 23:00:00,"0,0"
2025-08-27 23:15:00,"0,0"
2025-08-27 23:30:00,"0,0"
2025-08-27 23:45:00,"0,0"
2025-08-28 00:00:00,"0,0"
2025-08-28 00:15:00,"0,0"
2025-08-28 00:30:00,"0,0"
2025-08-28 00:45:00,"0,0"
2025-08-28 01:00:00,"0,0"
2025-08-28 01:15:00,"0,0"
2025-08-28 01:30:00,"0,0"
2025-08-28 01:45:00,"0,0"
2025-08-28 02:00:00,"0,0"
2025-08-28 02:15:00,"0,0"
2025-08-28 02:30:00,"0,0"
2025-08-28 02:45:00,"0,0"
2025-08-28 03:00:00,"0,0"
2025-08-28 03:15:00,"0,0"
2025-08-28 03:30:00,"0,0"
2025-08-28 03:45:00,"0,0"
2025-08-28 04:00:00,"0,0"
2025-08-28 04:15:00,"0,0"
2025-08-28 04:30:00,"0,0"
2025-08-28 04:45:00,"0,0"
2025-08-28 05:00:00,"0,0"
2025-08-28 05:15:00,"0,0"
2025-08-28 05:30:00,"0,0"
2025-08-28 05:45:00,"0,0"
2025-08-28 06:00:00,"0,0"
2025-08-28 06:15:00,"0,0"
2025-08-28 06:30:00,"1,9403333333339254"
2025-08-28 06:45:00,"69,88566666666725"
2025-08-28 07:00:00,"251,3463333333339"
2025-08-28 07:15:00,"297,4883333333339"
2025-08-28 07:30:00,"585,0413333333339"
2025-08-28 07:45:00,"619,5513333333339"
2025-08-28 08:00:00,"490,07866666666723"
2025-08-28 08:15:00,"774,254333333334"
2025-08-28 08:30:00,"1270,4690000000005"
2025-08-28 08:45:00,"1051,5910000000006"
2025-08-28 09:00:00,"920,9995000000008"
2025-08-28 09:15:00,"1221,8350000000007"
2025-08-28 09:30:00,"1972,345333333334"
2025-08-28 09:45:00,"1926,1946666666674"
2025-08-28 10:00:00,"3187,0646666666676"
2025-08-28 10:15:00,"2811,2380000000007"
2025-08-28 10:30:00,"2632,4176666666676"
2025-08-28 10:45:00,"1273,6653333333338"
2025-08-28 11:00:00,"1405,6443333333339"
2025-08-28 11:15:00,"1355,257333333334"
2025-08-28 11:30:00,"1655,0513333333338"
2025-08-28 11:45:00,"2272,436666666667"
2025-08-28 12:00:00,"1610,7456666666671"
2025-08-28 12:15:00,"1236,2620000000006"
2025-08-28 12:30:00,"886,4650000000004"
2025-08-28 12:45:00,"534,9736666666671"
2025-08-28 13:00:00,"336,8663333333338"
2025-08-28 13:15:00,"398,27366666666705"
2025-08-28 13:30:00,"490,9340000000004"
2025-08-28 13:45:00,"494,2636666666672"
2025-08-28 14:00:00,"566,1396666666672"
2025-08-28 14:15:00,"889,5340000000006"
2025-08-28 14:30:00,"567,8246666666672"
2025-08-28 14:45:00,"859,7560000000004"
2025-08-28 15:00:00,"1105,2436666666672"
2025-08-28 15:15:00,"1461,7820000000006"
2025-08-28 15:30:00,"1178,979333333334"
2025-08-28 15:45:00,"482,6343333333338"
2025-08-28 16:00:00,"1257,7376666666673"
2025-08-28 16:15:00,"1297,0826666666671"
2025-08-28 16:30:00,"1070,3560000000004"
2025-08-28 16:45:00,"1085,4490000000005"
2025-08-28 17:00:00,"1100,0973333333338"
2025-08-28 17:15:00,"1040,6016666666671"
2025-08-28 17:30:00,"828,3430000000006"
2025-08-28 17:45:00,"435,98000000000053"
2025-08-28 18:00:00,"337,89033333333384"
2025-08-28 18:15:00,"415,09666666666715"
2025-08-28 18:30:00,"356,9353333333338"
2025-08-28 18:45:00,"204,5896666666672"
2025-08-28 19:00:00,"125,00033333333386"
2025-08-28 19:15:00,"111,31233333333384"
2025-08-28 19:30:00,"66,62100000000052"
2025-08-28 19:45:00,"9,275666666667185"
2025-08-28 20:00:00,"0,49000000000051813"
2025-08-28 20:15:00,"0,0"
2025-08-28 20:30:00,"0,0"
2025-08-28 20:45:00,"0,0"
2025-08-28 21:00:00,"0,0"
2025-08-28 21:15:00,"0,0"
2025-08-28 21:30:00,"0,0"
2025-08-28 21:45:00,"0,0"
2025-08-28 22:00:00,"0,0"
2025-08-28 22:15:00,"0,0"
2025-08-28 22:30:00,"0,0"
2025-08-28 22:45:00,"0,0"
2025-08-28 23:00:00,"0,0"
2025-08-28 23:15:00,"0,0"
2025-08-28 23:30:00,"0,0"
2025-08-28 23:45:00,"0,0"
2025-08-29 00:00:00,"0,0"
2025-08-29 00:15:00,"0,0"
2025-08-29 00:30:00,"0,0"
2025-08-29 00:45:00,"0,0"
2025-08-29 01:00:00,"0,0"
2025-08-29 01:15:00,"0,0"
2025-08-29 01:30:00,"0,0"
2025-08-29 01:45:00,"0,0"
2025-08-29 02:00:00,"0,0"
2025-08-29 02:15:00,"0,0"
2025-08-29 02:30:00,"0,0"
2025-08-29 02:45:00,"0,0"
2025-08-29 03:00:00,"0,0"
2025-08-29 03:15:00,"0,0"
2025-08-29 03:30:00,"0,0"
2025-08-29 03:45:00,"0,0"
2025-08-29 04:00:00,"0,0"
2025-08-29 04:15:00,"0,0"
2025-08-29 04:30:00,"0,0"
2025-08-29 04:45:00,"0,0"
2025-08-29 05:00:00,"0,0"
2025-08-29 05:15:00,"0,0"
2025-08-29 05:30:00,"0,0"
2025-08-29 05:45:00,"0,0"
2025-08-29 06:00:00,"0,0"
2025-08-29 06:15:00,"0,0"
2025-08-29 06:30:00,"0,0"
2025-08-29 06:45:00,"0,0"
2025-08-29 07:00:00,"15,625000000000517"
2025-08-29 07:15:00,"5,371333333333852"
2025-08-29 07:30:00,"7,778666666667184"
2025-08-29 07:45:00,"84,05866666666718"
2025-08-29 08:00:00,"419,1053333333339"
2025-08-29 08:15:00,"411,25100000000054"
2025-08-29 08:30:00,"659,0280000000005"
2025-08-29 08:45:00,"1161,6893333333337"
2025-08-29 09:00:00,"1853,301666666667"
2025-08-29 09:15:00,"1264,5550000000005"
2025-08-29 09:30:00,"897,3380000000004"
2025-08-29 09:45:00,"1233,4763333333337"
2025-08-29 10:00:00,"1828,8423333333335"
2025-08-29 10:15:00,"2607,736666666667"
2025-08-29 10:30:00,"2905,2943333333337"
2025-08-29 10:45:00,"2984,3626666666673"
2025-08-29 11:00:00,"2900,319333333334"
2025-08-29 11:15:00,"3945,388333333334"
2025-08-29 11:30:00,"3241,789"
2025-08-29 11:45:00,"4462,6123333333335"
2025-08-29 12:00:00,"4290,531000000001"
2025-08-29 12:15:00,"3846,564666666667"
2025-08-29 12:30:00,"3046,452"
2025-08-29 12:45:00,"4765,371666666668"
2025-08-29 13:00:00,"4595,568000000001"
2025-08-29 13:15:00,"3933,3820000000005"
2025-08-29 13:30:00,"4845,707666666667"
2025-08-29 13:45:00,"4947,1900000000005"
2025-08-29 14:00:00,"3655,2493333333337"
2025-08-29 14:15:00,"3233,010333333334"
2025-08-29 14:30:00,"1799,1536666666673"
2025-08-29 14:45:00,"1530,3056666666673"
2025-08-29 15:00:00,"1492,4496666666673"
2025-08-29 15:15:00,"1885,1683333333337"
2025-08-29 15:30:00,"1481,050333333334"
2025-08-29 15:45:00,"2450,1676666666676"
2025-08-29 16:00:00,"1939,4166666666672"
2025-08-29 16:15:00,"2312,2733333333335"
2025-08-29 16:30:00,"1389,3550000000007"
2025-08-29 16:45:00,"945,7496666666673"
2025-08-29 17:00:00,"830,2726666666672"
2025-08-29 17:15:00,"612,9050000000005"
2025-08-29 17:30:00,"307,4200000000006"
2025-08-29 17:45:00,"564,2200000000006"
2025-08-29 18:00:00,"1180,9116666666675"
2025-08-29 18:15:00,"1053,7410000000004"
2025-08-29 18:30:00,"606,794333333334"
2025-08-29 18:45:00,"645,1343333333339"
2025-08-29 19:00:00,"281,52466666666726"
2025-08-29 19:15:00,"193,53066666666726"
2025-08-29 19:30:00,"163,18200000000058"
2025-08-29 19:45:00,"134,1730000000006"
2025-08-29 20:00:00,"43,598333333333926"
2025-08-29 20:15:00,"0,0"
2025-08-29 20:30:00,"0,0"
2025-08-29 20:45:00,"0,0"
2025-08-29 21:00:00,"0,0"
2025-08-29 21:15:00,"0,0"
2025-08-29 21:30:00,"0,0"
2025-08-29 21:45:00,"0,0"
2025-08-29 22:00:00,"0,0"
2025-08-29 22:15:00,"0,0"
2025-08-29 22:30:00,"0,0"
2025-08-29 22:45:00,"0,0"
2025-08-29 23:00:00,"0,0"
2025-08-29 23:15:00,"0,4833333333339254"
2025-08-29 23:30:00,"0,0"
2025-08-29 23:45:00,"0,0"
2025-08-30 00:00:00,"0,0"
2025-08-30 00:15:00,"0,0"
2025-08-30 00:30:00,"0,0"
2025-08-30 00:45:00,"0,0"
2025-08-30 01:00:00,"0,0"
2025-08-30 01:15:00,"0,0"
2025-08-30 01:30:00,"0,0"
2025-08-30 01:45:00,"0,0"
2025-08-30 02:00:00,"0,0"
2025-08-30 02:15:00,"0,0"
2025-08-30 02:30:00,"0,0"
2025-08-30 02:45:00,"0,0"
2025-08-30 03:00:00,"0,0"
2025-08-30 03:15:00,"0,0"
2025-08-30 03:30:00,"0,0"
2025-08-30 03:45:00,"0,0"
2025-08-30 04:00:00,"0,0"
2025-08-30 04:15:00,"0,0"
2025-08-30 04:30:00,"0,0"
2025-08-30 04:45:00,"0,0"
2025-08-30 05:00:00,"0,0"
2025-08-30 05:15:00,"0,0"
2025-08-30 05:30:00,"0,0"
2025-08-30 05:45:00,"0,0"
2025-08-30 06:00:00,"0,0"
2025-08-30 06:15:00,"0,0"
2025-08-30 06:30:00,"0,0"
2025-08-30 06:45:00,"0,0"
2025-08-30 07:00:00,"3,3953333333339257"
2025-08-30 07:15:00,"14,548333333333925"
2025-08-30 07:30:00,"51,847000000000584"
2025-08-30 07:45:00,"103,75933333333393"
2025-08-30 08:00:00,"207,53766666666726"
2025-08-30 08:15:00,"178,72733333333395"
2025-08-30 08:30:00,"297,0510000000006"
2025-08-30 08:45:00,"616,9706666666673"
2025-08-30 09:00:00,"519,8576666666673"
2025-08-30 09:15:00,"613,100333333334"
2025-08-30 09:30:00,"693,7580000000006"
2025-08-30 09:45:00,"766,7010000000006"
2025-08-30 10:00:00,"712,7170000000004"
2025-08-30 10:15:00,"1260,6146666666673"
2025-08-30 10:30:00,"1053,9970000000005"
2025-08-30 10:45:00,"660,9560000000007"
2025-08-30 11:00:00,"769,2853333333339"
2025-08-30 11:15:00,"1369,7436666666674"
2025-08-30 11:30:00,"1533,0816666666672"
2025-08-30 11:45:00,"2350,541666666667"
2025-08-30 12:00:00,"2544,898"
2025-08-30 12:15:00,"1897,516666666667"
2025-08-30 12:30:00,"2011,6166666666672"
2025-08-30 12:45:00,"5126,335"
2025-08-30 13:00:00,"3692,0953333333346"
2025-08-30 13:15:00,"1441,5613333333338"
2025-08-30 13:30:00,"3262,9826666666672"
2025-08-30 13:45:00,"3632,656666666667"
2025-08-30 14:00:00,"4776,181333333334"
2025-08-30 14:15:00,"2740,3800000000006"
2025-08-30 14:30:00,"3073,1680000000006"
2025-08-30 14:45:00,"4732,799666666668"
2025-08-30 15:00:00,"4189,063666666667"
2025-08-30 15:15:00,"4506,4783333333335"
2025-08-30 15:30:00,"4078,2803333333327"
2025-08-30 15:45:00,"1254,1130000000003"
2025-08-30 16:00:00,"725,7570000000002"
2025-08-30 16:15:00,"2026,2960000000003"
2025-08-30 16:30:00,"1952,519"
2025-08-30 16:45:00,"1675,256666666667"
2025-08-30 17:00:00,"2630,5126666666665"
2025-08-30 17:15:00,"3871,5653333333335"
2025-08-30 17:30:00,"3104,547"
2025-08-30 17:45:00,"2746,9323333333336"
2025-08-30 18:00:00,"2250,4179999999997"
2025-08-30 18:15:00,"1551,1856666666667"
2025-08-30 18:30:00,"1075,8659999999998"
2025-08-30 18:45:00,"894,7603333333333"
2025-08-30 19:00:00,"671,3059999999999"
2025-08-30 19:15:00,"489,898"
2025-08-30 19:30:00,"243,87599999999998"
2025-08-30 19:45:00,"79,94800000000001"
2025-08-30 20:00:00,"7,292"
2025-08-30 20:15:00,"0,48666666666666664"
2025-08-30 20:30:00,"0,0"
2025-08-30 20:45:00,"0,0"
2025-08-30 21:00:00,"0,0"
2025-08-30 21:15:00,"0,0"
2025-08-30 21:30:00,"0,0"
2025-08-30 21:45:00,"0,0"
2025-08-30 22:00:00,"0,0"
2025-08-30 22:15:00,"0,0"
2025-08-30 22:30:00,"0,0"
2025-08-30 22:45:00,"0,0"
2025-08-30 23:00:00,"0,0"
2025-08-30 23:15:00,"0,0"
2025-08-30 23:30:00,"0,0"
2025-08-30 23:45:00,"0,0"
2025-08-31 00:00:00,"0,0"
2025-08-31 00:15:00,"0,0"
2025-08-31 00:30:00,"0,0"
2025-08-31 00:45:00,"0,0"
2025-08-31 01:00:00,"0,0"
2025-08-31 01:15:00,"0,0"
2025-08-31 01:30:00,"0,0"
2025-08-31 01:45:00,"0,0"
2025-08-31 02:00:00,"0,0"
2025-08-31 02:15:00,"0,0"
2025-08-31 02:30:00,"0,0"
2025-08-31 02:45:00,"0,0"
2025-08-31 03:00:00,"0,0"
2025-08-31 03:15:00,"0,0"
2025-08-31 03:30:00,"0,0"
2025-08-31 03:45:00,"0,0"
2025-08-31 04:00:00,"0,0"
2025-08-31 04:15:00,"0,0"
2025-08-31 04:30:00,"0,0"
2025-08-31 04:45:00,"0,0"
2025-08-31 05:00:00,"0,0"
2025-08-31 05:15:00,"0,0"
2025-08-31 05:30:00,"0,0"
2025-08-31 05:45:00,"0,0"
2025-08-31 06:00:00,"0,0"
2025-08-31 06:15:00,"0,0"
2025-08-31 06:30:00,"0,97"
2025-08-31 06:45:00,"37,384"
2025-08-31 07:00:00,"98,03500000000001"
2025-08-31 07:15:00,"178,41699999999997"
2025-08-31 07:30:00,"280,6413333333333"
2025-08-31 07:45:00,"354,1306666666666"
2025-08-31 08:00:00,"432,6623333333333"
2025-08-31 08:15:00,"512,3133333333333"
2025-08-31 08:30:00,"640,4720000000001"
2025-08-31 08:45:00,"947,8750000000001"
2025-08-31 09:00:00,"1557,0026666666665"
2025-08-31 09:15:00,"2520,732666666667"
2025-08-31 09:30:00,"3069,343"
2025-08-31 09:45:00,"3286,682333333333"
2025-08-31 10:00:00,"3385,2349999999997"
2025-08-31 10:15:00,"3483,1266666666666"
2025-08-31 10:30:00,"3637,4893333333334"
2025-08-31 10:45:00,"3607,299"
2025-08-31 11:00:00,"3572,9019999999996"
2025-08-31 11:15:00,"3646,6266666666666"
2025-08-31 11:30:00,"3821,3113333333336"
2025-08-31 11:45:00,"3974,954"
2025-08-31 12:00:00,"3971,105666666667"
2025-08-31 12:15:00,"3341,9779999999996"
2025-08-31 12:30:00,"3564,631"
2025-08-31 12:45:00,"3202,06"
2025-08-31 13:00:00,"2382,4176666666667"
2025-08-31 13:15:00,"1520,7076666666667"
2025-08-31 13:30:00,"2190,621"
2025-08-31 13:45:00,"1699,836333333333"
2025-08-31 14:00:00,"1204,9213333333332"
2025-08-31 14:15:00,"1701,0619999999997"
2025-08-31 14:30:00,"3238,7013333333334"
2025-08-31 14:45:00,"3334,521666666667"
2025-08-31 15:00:00,"3472,345333333333"
2025-08-31 15:15:00,"3260,728"
2025-08-31 15:30:00,"1795,92"
2025-08-31 15:45:00,"3873,105333333333"
2025-08-31 16:00:00,"4154,727333333332"
2025-08-31 16:15:00,"2406,8399999999997"
2025-08-31 16:30:00,"1782,107"
2025-08-31 16:45:00,"2136,1496666666662"
2025-08-31 17:00:00,"2362,381666666666"
2025-08-31 17:15:00,"2229,893"
2025-08-31 17:30:00,"2168,0933333333332"
2025-08-31 17:45:00,"1993,4279999999997"
2025-08-31 18:00:00,"1575,4346666666663"
2025-08-31 18:15:00,"1154,898"
2025-08-31 18:30:00,"926,9346666666664"
2025-08-31 18:45:00,"744,7019999999999"
2025-08-31 19:00:00,"563,8219999999999"
2025-08-31 19:15:00,"374,62833333333316"
2025-08-31 19:30:00,"149,3526666666665"
2025-08-31 19:45:00,"35,95133333333319"
2025-08-31 20:00:00,"3,8803333333331853"
2025-08-31 20:15:00,"0,0"
2025-08-31 20:30:00,"0,0"
2025-08-31 20:45:00,"0,0"
2025-08-31 21:00:00,"0,0"
2025-08-31 21:15:00,"0,0"
2025-08-31 21:30:00,"0,0"
2025-08-31 21:45:00,"0,0"
2025-08-31 22:00:00,"0,0"
2025-08-31 22:15:00,"0,0"
2025-08-31 22:30:00,"0,0"
2025-08-31 22:45:00,"0,0"
2025-08-31 23:00:00,"0,0"
2025-08-31 23:15:00,"0,0"
2025-08-31 23:30:00,"0,0"
2025-08-31 23:45:00,"0,0"
2025-09-01 00:00:00,"0,0"
2025-09-01 00:15:00,"0,0"
2025-09-01 00:30:00,"0,0"
2025-09-01 00:45:00,"0,0"
2025-09-01 01:00:00,"0,0"
2025-09-01 01:15:00,"0,0"
2025-09-01 01:30:00,"0,0"
2025-09-01 01:45:00,"0,48499999999985194"
2025-09-01 02:00:00,"0,0"
2025-09-01 02:15:00,"0,0"
2025-09-01 02:30:00,"0,0"
2025-09-01 02:45:00,"0,0"
2025-09-01 03:00:00,"0,0"
2025-09-01 03:15:00,"0,0"
2025-09-01 03:30:00,"0,0"
2025-09-01 03:45:00,"0,0"
2025-09-01 04:00:00,"0,0"
2025-09-01 04:15:00,"0,0"
2025-09-01 04:30:00,"0,0"
2025-09-01 04:45:00,"0,0"
2025-09-01 05:00:00,"0,0"
2025-09-01 05:15:00,"0,0"
2025-09-01 05:30:00,"0,0"
2025-09-01 05:45:00,"0,0"
2025-09-01 06:00:00,"0,0"
2025-09-01 06:15:00,"0,0"
2025-09-01 06:30:00,"17,09366666666652"
2025-09-01 06:45:00,"91,7806666666665"
2025-09-01 07:00:00,"300,3593333333332"
2025-09-01 07:15:00,"560,5163333333331"
2025-09-01 07:30:00,"629,3746666666665"
2025-09-01 07:45:00,"610,4453333333332"
2025-09-01 08:00:00,"598,5486666666665"
2025-09-01 08:15:00,"620,6016666666665"
2025-09-01 08:30:00,"722,7299999999999"
2025-09-01 08:45:00,"1208,389"
2025-09-01 09:00:00,"1871,1123333333333"
2025-09-01 09:15:00,"2878,3013333333333"
2025-09-01 09:30:00,"3300,876"
2025-09-01 09:45:00,"3849,3376666666663"
2025-09-01 10:00:00,"1540,0263333333335"
2025-09-01 10:15:00,"3699,697666666667"
2025-09-01 10:30:00,"3657,973"
2025-09-01 10:45:00,"3538,990333333333"
2025-09-01 11:00:00,"3667,858333333333"
2025-09-01 11:15:00,"3810,8153333333335"
2025-09-01 11:30:00,"3254,1169999999993"
2025-09-01 11:45:00,"2693,9663333333333"
2025-09-01 12:00:00,"3016,85"
2025-09-01 12:15:00,"2563,560333333334"
2025-09-01 12:30:00,"2159,3520000000003"
2025-09-01 12:45:00,"2027,3713333333335"
2025-09-01 13:00:00,"3330,693"
2025-09-01 13:15:00,"3357,499333333333"
2025-09-01 13:30:00,"3019,4696666666673"
2025-09-01 13:45:00,"2210,974333333333"
2025-09-01 14:00:00,"2431,058333333333"
2025-09-01 14:15:00,"2290,3946666666666"
2025-09-01 14:30:00,"2228,6023333333333"
2025-09-01 14:45:00,"1278,0223333333333"
2025-09-01 15:00:00,"1605,0613333333336"
2025-09-01 15:15:00,"1915,1643333333332"
2025-09-01 15:30:00,"1352,5390000000002"
2025-09-01 15:45:00,"1054,3096666666668"
2025-09-01 16:00:00,"1087,1416666666667"
2025-09-01 16:15:00,"684,734"
2025-09-01 16:30:00,"585,6336666666667"
2025-09-01 16:45:00,"722,683"
2025-09-01 17:00:00,"492,16299999999995"
2025-09-01 17:15:00,"302,55566666666664"
2025-09-01 17:30:00,"315,02866666666665"
2025-09-01 17:45:00,"250,50366666666667"
2025-09-01 18:00:00,"185,00133333333335"
2025-09-01 18:15:00,"179,89066666666668"
2025-09-01 18:30:00,"166,66599999999997"
2025-09-01 18:45:00,"105,742"
2025-09-01 19:00:00,"84,48499999999999"
2025-09-01 19:15:00,"47,263"
2025-09-01 19:30:00,"27,609333333333332"
2025-09-01 19:45:00,"5,348333333333334"
2025-09-01 20:00:00,"0,0"
2025-09-01 20:15:00,"0,0"
2025-09-01 20:30:00,"0,0"
2025-09-01 20:45:00,"0,0"
2025-09-01 21:00:00,"0,0"
2025-09-01 21:15:00,"0,0"
2025-09-01 21:30:00,"0,0"
2025-09-01 21:45:00,"0,0"
2025-09-01 22:00:00,"0,0"
2025-09-01 22:15:00,"0,0"
2025-09-01 22:30:00,"0,0"
2025-09-01 22:45:00,"0,0"
2025-09-01 23:00:00,"0,0"
2025-09-01 23:15:00,"0,0"
2025-09-01 23:30:00,"0,0"
2025-09-01 23:45:00,"0,0"
2025-09-02 00:00:00,"0,0"
2025-09-02 00:15:00,"0,0"
2025-09-02 00:30:00,"0,0"
2025-09-02 00:45:00,"0,0"
2025-09-02 01:00:00,"0,0"
2025-09-02 01:15:00,"0,0"
2025-09-02 01:30:00,"0,0"
2025-09-02 01:45:00,"0,0"
2025-09-02 02:00:00,"0,0"
2025-09-02 02:15:00,"0,0"
2025-09-02 02:30:00,"0,0"
2025-09-02 02:45:00,"0,0"
2025-09-02 03:00:00,"0,0"
2025-09-02 03:15:00,"0,0"
2025-09-02 03:30:00,"0,0"
2025-09-02 03:45:00,"0,0"
2025-09-02 04:00:00,"0,0"
2025-09-02 04:15:00,"0,0"
2025-09-02 04:30:00,"0,0"
2025-09-02 04:45:00,"0,0"
2025-09-02 05:00:00,"0,0"
2025-09-02 05:15:00,"0,0"
2025-09-02 05:30:00,"0,0"
2025-09-02 05:45:00,"0,0"
2025-09-02 06:00:00,"0,0"
2025-09-02 06:15:00,"0,0"
2025-09-02 06:30:00,"0,0"
2025-09-02 06:45:00,"0,0"
2025-09-02 07:00:00,"0,0"
2025-09-02 07:15:00,"0,0"
2025-09-02 07:30:00,"3,4066666666666667"
2025-09-02 07:45:00,"82,50066666666666"
2025-09-02 08:00:00,"182,23933333333335"
2025-09-02 08:15:00,"388,7463333333334"
2025-09-02 08:30:00,"489,05899999999997"
2025-09-02 08:45:00,"498,629"
2025-09-02 09:00:00,"558,0699999999999"
2025-09-02 09:15:00,"843,6273333333334"
2025-09-02 09:30:00,"959,4506666666666"
2025-09-02 09:45:00,"1112,214"
2025-09-02 10:00:00,"1116,8986666666667"
2025-09-02 10:15:00,"859,0193333333334"
2025-09-02 10:30:00,"1067,6670000000001"
2025-09-02 10:45:00,"1026,9266666666665"
2025-09-02 11:00:00,"1300,8976666666667"
2025-09-02 11:15:00,"1536,5710000000001"
2025-09-02 11:30:00,"1233,8126666666665"
2025-09-02 11:45:00,"1224,1730000000002"
2025-09-02 12:00:00,"1581,7403333333336"
2025-09-02 12:15:00,"1594,1063333333334"
2025-09-02 12:30:00,"1826,3300000000002"
2025-09-02 12:45:00,"1991,0430000000001"
2025-09-02 13:00:00,"1981,2516666666663"
2025-09-02 13:15:00,"2216,182333333333"
2025-09-02 13:30:00,"2074,548666666667"
2025-09-02 13:45:00,"2000,0934999999997"
2025-09-02 14:00:00,"1900,2666666666664"
2025-09-02 14:15:00,"1789,8719999999998"
2025-09-02 14:30:00,"1718,7493333333332"
2025-09-02 14:45:00,"1726,7543333333333"
2025-09-02 15:00:00,"1549,5729999999999"
2025-09-02 15:15:00,"1313,994"
2025-09-02 15:30:00,"2738,0936666666666"
2025-09-02 15:45:00,"2816,31"
2025-09-02 16:00:00,"3580,6276666666668"
2025-09-02 16:15:00,"3737,2773333333334"
2025-09-02 16:30:00,"3826,6340000000005"
2025-09-02 16:45:00,"3547,743"
2025-09-02 17:00:00,"2020,2230000000002"
2025-09-02 17:15:00,"1697,3916666666667"
2025-09-02 17:30:00,"1615,6003333333333"
2025-09-02 17:45:00,"1120,8516666666667"
2025-09-02 18:00:00,"789,1723333333334"
2025-09-02 18:15:00,"1504,6176666666663"
2025-09-02 18:30:00,"2171,558333333333"
2025-09-02 18:45:00,"657,867"
2025-09-02 19:00:00,"262,2043333333333"
2025-09-02 19:15:00,"342,32666666666665"
2025-09-02 19:30:00,"156,3863333333333"
2025-09-02 19:45:00,"26,192666666666668"
2025-09-02 20:00:00,"0,485"
2025-09-02 20:15:00,"0,0"
2025-09-02 20:30:00,"0,0"
2025-09-02 20:45:00,"0,0"
2025-09-02 21:00:00,"0,0"
2025-09-02 21:15:00,"0,0"
2025-09-02 21:30:00,"0,0"
2025-09-02 21:45:00,"0,0"
2025-09-02 22:00:00,"0,0"
2025-09-02 22:15:00,"0,0"
2025-09-02 22:30:00,"0,0"
2025-09-02 22:45:00,"0,0"
2025-09-02 23:00:00,"0,0"
2025-09-02 23:15:00,"0,0"
2025-09-02 23:30:00,"0,0"
2025-09-02 23:45:00,"0,0"
2025-09-03 00:00:00,"0,0"
2025-09-03 00:15:00,"0,0"
2025-09-03 00:30:00,"0,0"
2025-09-03 00:45:00,"0,0"
2025-09-03 01:00:00,"0,0"
2025-09-03 01:15:00,"0,0"
2025-09-03 01:30:00,"0,0"
2025-09-03 01:45:00,"0,0"
2025-09-03 02:00:00,"0,0"
2025-09-03 02:15:00,"0,0"
2025-09-03 02:30:00,"0,0"
2025-09-03 02:45:00,"0,0"
2025-09-03 03:00:00,"0,0"
2025-09-03 03:15:00,"0,0"
2025-09-03 03:30:00,"0,0"
2025-09-03 03:45:00,"0,0"
2025-09-03 04:00:00,"0,485"
2025-09-03 04:15:00,"0,0"
2025-09-03 04:30:00,"0,0"
2025-09-03 04:45:00,"0,0"
2025-09-03 05:00:00,"0,0"
2025-09-03 05:15:00,"0,0"
2025-09-03 05:30:00,"0,0"
2025-09-03 05:45:00,"0,0"
2025-09-03 06:00:00,"0,0"
2025-09-03 06:15:00,"0,0"
2025-09-03 06:30:00,"0,0"
2025-09-03 06:45:00,"12,613"
2025-09-03 07:00:00,"47,538000000000004"
2025-09-03 07:15:00,"165,559"
2025-09-03 07:30:00,"309,46066666666667"
2025-09-03 07:45:00,"445,81166666666667"
2025-09-03 08:00:00,"657,433"
2025-09-03 08:15:00,"797,2213333333333"
2025-09-03 08:30:00,"1011,7963333333336"
2025-09-03 08:45:00,"1743,9366666666667"
2025-09-03 09:00:00,"2278,7536666666665"
2025-09-03 09:15:00,"3065,986"
2025-09-03 09:30:00,"3396,749666666667"
2025-09-03 09:45:00,"3068,8963333333336"
2025-09-03 10:00:00,"3347,3136666666664"
2025-09-03 10:15:00,"3606,487666666667"
2025-09-03 10:30:00,"3653,378333333333"
2025-09-03 10:45:00,"3567,69"
2025-09-03 11:00:00,"3551,9583333333335"
2025-09-03 11:15:00,"3662,1089999999995"
2025-09-03 11:30:00,"3698,931333333333"
2025-09-03 11:45:00,"3786,766666666667"
2025-09-03 12:00:00,"3609,0586666666663"
2025-09-03 12:15:00,"4062,789666666666"
2025-09-03 12:30:00,"3844,972333333333"
2025-09-03 12:45:00,"4261,19"
2025-09-03 13:00:00,"4294,125999999999"
2025-09-03 13:15:00,"2920,9566666666665"
2025-09-03 13:30:00,"4076,34"
2025-09-03 13:45:00,"3618,9399999999996"
2025-09-03 14:00:00,"2440,8533333333335"
2025-09-03 14:15:00,"2660,4539999999997"
2025-09-03 14:30:00,"2185,33"
2025-09-03 14:45:00,"2286,563"
2025-09-03 15:00:00,"3472,9406666666664"
2025-09-03 15:15:00,"3091,195333333333"
2025-09-03 15:30:00,"3781,7546666666667"
2025-09-03 15:45:00,"2573,662666666667"
2025-09-03 16:00:00,"2604,7053333333333"
2025-09-03 16:15:00,"2611,011"
2025-09-03 16:30:00,"3105,648666666667"
2025-09-03 16:45:00,"2667,097333333333"
2025-09-03 17:00:00,"2791,4146666666666"
2025-09-03 17:15:00,"2648,5380000000005"
2025-09-03 17:30:00,"2245,407"
2025-09-03 17:45:00,"2489,022"
2025-09-03 18:00:00,"1936,2580000000003"
2025-09-03 18:15:00,"1359,103"
2025-09-03 18:30:00,"1466,4803333333334"
2025-09-03 18:45:00,"1114,1543333333334"
2025-09-03 19:00:00,"720,5806666666667"
2025-09-03 19:15:00,"440,9920000000002"
2025-09-03 19:30:00,"171,64366666666683"
2025-09-03 19:45:00,"32,95333333333348"
2025-09-03 20:00:00,"1,9403333333334813"
2025-09-03 20:15:00,"0,0"
2025-09-03 20:30:00,"0,0"
2025-09-03 20:45:00,"0,0"
2025-09-03 21:00:00,"0,0"
2025-09-03 21:15:00,"0,0"
2025-09-03 21:30:00,"0,0"
2025-09-03 21:45:00,"0,0"
2025-09-03 22:00:00,"0,0"
2025-09-03 22:15:00,"0,0"
2025-09-03 22:30:00,"0,0"
2025-09-03 22:45:00,"0,0"
2025-09-03 23:00:00,"0,0"
2025-09-03 23:15:00,"0,0"
2025-09-03 23:30:00,"0,0"
2025-09-03 23:45:00,"0,0"
2025-09-04 00:00:00,"0,0"
2025-09-04 00:15:00,"0,0"
2025-09-04 00:30:00,"0,0"
2025-09-04 00:45:00,"0,0"
2025-09-04 01:00:00,"0,0"
2025-09-04 01:15:00,"0,0"
2025-09-04 01:30:00,"0,0"
2025-09-04 01:45:00,"0,0"
2025-09-04 02:00:00,"0,48500000000014803"
2025-09-04 02:15:00,"0,0"
2025-09-04 02:30:00,"0,0"
2025-09-04 02:45:00,"0,0"
2025-09-04 03:00:00,"0,0"
2025-09-04 03:15:00,"0,0"
2025-09-04 03:30:00,"0,0"
2025-09-04 03:45:00,"0,0"
2025-09-04 04:00:00,"0,0"
2025-09-04 04:15:00,"0,0"
2025-09-04 04:30:00,"0,0"
2025-09-04 04:45:00,"0,0"
2025-09-04 05:00:00,"0,0"
2025-09-04 05:15:00,"0,0"
2025-09-04 05:30:00,"0,0"
2025-09-04 05:45:00,"0,0"
2025-09-04 06:00:00,"0,0"
2025-09-04 06:15:00,"0,0"
2025-09-04 06:30:00,"0,0"
2025-09-04 06:45:00,"14,06633333333348"
2025-09-04 07:00:00,"142,60400000000016"
2025-09-04 07:15:00,"379,7923333333335"
2025-09-04 07:30:00,"525,3065000000004"
2025-09-04 07:45:00,"436,6786666666668"
2025-09-04 08:00:00,"291,51366666666684"
2025-09-04 08:15:00,"277,10466666666684"
2025-09-04 08:30:00,"427,9736666666669"
2025-09-04 08:45:00,"830,4663333333334"
2025-09-04 09:00:00,"1429,0760000000002"
2025-09-04 09:15:00,"1341,872"
2025-09-04 09:30:00,"1809,9656666666667"
2025-09-04 09:45:00,"2976,404"
2025-09-04 10:00:00,"1635,7563333333333"
2025-09-04 10:15:00,"2612,736333333333"
2025-09-04 10:30:00,"2741,649666666667"
2025-09-04 10:45:00,"3429,109333333333"
2025-09-04 11:00:00,"3191,0443333333337"
2025-09-04 11:15:00,"2763,8700000000003"
2025-09-04 11:30:00,"3332,178666666667"
2025-09-04 11:45:00,"3652,4083333333338"
2025-09-04 12:00:00,"3636,3410000000003"
2025-09-04 12:15:00,"3982,958"
2025-09-04 12:30:00,"3834,301"
2025-09-04 12:45:00,"3437,5323333333336"
2025-09-04 13:00:00,"3628,641"
2025-09-04 13:15:00,"3972,0546666666664"
2025-09-04 13:30:00,"3527,2659999999996"
2025-09-04 13:45:00,"3208,6389999999997"
2025-09-04 14:00:00,"3962,838666666667"
2025-09-04 14:15:00,"3368,655333333333"
2025-09-04 14:30:00,"3187,5226666666667"
2025-09-04 14:45:00,"3807,53"
2025-09-04 15:00:00,"3400,183666666667"
2025-09-04 15:15:00,"2801,1499999999996"
2025-09-04 15:30:00,"2834,133"
2025-09-04 15:45:00,"3104,789666666667"
2025-09-04 16:00:00,"2345,2050000000004"
2025-09-04 16:15:00,"2676,7850000000008"
2025-09-04 16:30:00,"2195,807333333333"
2025-09-04 16:45:00,"2295,2453333333337"
2025-09-04 17:00:00,"1618,1190000000004"
2025-09-04 17:15:00,"967,2663333333337"
2025-09-04 17:30:00,"1624,0010000000004"
2025-09-04 17:45:00,"2025,8466666666668"
2025-09-04 18:00:00,"1730,6496666666671"
2025-09-04 18:15:00,"1104,637666666667"
2025-09-04 18:30:00,"340,988666666667"
2025-09-04 18:45:00,"118,72200000000029"
2025-09-04 19:00:00,"31,60233333333363"
2025-09-04 19:15:00,"24,252666666666965"
2025-09-04 19:30:00,"8,281333333333627"
2025-09-04 19:45:00,"0,485000000000296"
2025-09-04 20:00:00,"0,0"
2025-09-04 20:15:00,"0,0"
2025-09-04 20:30:00,"0,0"
2025-09-04 20:45:00,"0,0"
2025-09-04 21:00:00,"0,0"
2025-09-04 21:15:00,"0,0"
2025-09-04 21:30:00,"0,0"
2025-09-04 21:45:00,"0,0"
2025-09-04 22:00:00,"0,0"
2025-09-04 22:15:00,"0,0"
2025-09-04 22:30:00,"0,0"
2025-09-04 22:45:00,"0,0"
2025-09-04 23:00:00,"0,0"
2025-09-04 23:15:00,"0,0"
2025-09-04 23:30:00,"0,0"
2025-09-04 23:45:00,"0,0"
2025-09-05 00:00:00,"0,0"
2025-09-05 00:15:00,"0,0"
2025-09-05 00:30:00,"0,0"
2025-09-05 00:45:00,"0,0"
2025-09-05 01:00:00,"0,0"
2025-09-05 01:15:00,"0,0"
2025-09-05 01:30:00,"0,0"
2025-09-05 01:45:00,"0,0"
2025-09-05 02:00:00,"0,0"
2025-09-05 02:15:00,"0,0"
2025-09-05 02:30:00,"0,0"
2025-09-05 02:45:00,"0,0"
2025-09-05 03:00:00,"0,0"
2025-09-05 03:15:00,"0,0"
2025-09-05 03:30:00,"0,0"
2025-09-05 03:45:00,"0,0"
2025-09-05 04:00:00,"0,0"
2025-09-05 04:15:00,"0,0"
2025-09-05 04:30:00,"0,0"
2025-09-05 04:45:00,"0,0"
2025-09-05 05:00:00,"0,0"
2025-09-05 05:15:00,"0,0"
2025-09-05 05:30:00,"0,0"
2025-09-05 05:45:00,"0,0"
2025-09-05 06:00:00,"0,0"
2025-09-05 06:15:00,"0,0"
2025-09-05 06:30:00,"0,0"
2025-09-05 06:45:00,"0,0"
2025-09-05 07:00:00,"0,0"
2025-09-05 07:15:00,"0,485000000000296"
2025-09-05 07:30:00,"36,87233333333362"
2025-09-05 07:45:00,"90,21900000000028"
2025-09-05 08:00:00,"217,48166666666694"
2025-09-05 08:15:00,"359,79266666666695"
2025-09-05 08:30:00,"585,0070000000004"
2025-09-05 08:45:00,"815,1003333333335"
2025-09-05 09:00:00,"1123,6680000000003"
2025-09-05 09:15:00,"986,6656666666671"
2025-09-05 09:30:00,"1113,261666666667"
2025-09-05 09:45:00,"987,4403333333337"
2025-09-05 10:00:00,"829,4910000000003"
2025-09-05 10:15:00,"716,7053333333337"
2025-09-05 10:30:00,"911,7770000000003"
2025-09-05 10:45:00,"1123,862"
2025-09-05 11:00:00,"1153,655666666667"
2025-09-05 11:15:00,"1158,7786666666668"
2025-09-05 11:30:00,"476,19166666666695"
2025-09-05 11:45:00,"764,4350000000003"
2025-09-05 12:00:00,"1060,1793333333337"
2025-09-05 12:15:00,"2033,2030000000004"
2025-09-05 12:30:00,"1542,5733333333335"
2025-09-05 12:45:00,"1586,5330000000004"
2025-09-05 13:00:00,"1505,2970000000003"
2025-09-05 13:15:00,"1384,6273333333336"
2025-09-05 13:30:00,"1387,9840000000004"
2025-09-05 13:45:00,"1236,3616666666671"
2025-09-05 14:00:00,"1087,3926666666669"
2025-09-05 14:15:00,"1363,6433333333337"
2025-09-05 14:30:00,"1199,2680000000003"
2025-09-05 14:45:00,"831,999666666667"
2025-09-05 15:00:00,"678,257666666667"
2025-09-05 15:15:00,"736,7106666666671"
2025-09-05 15:30:00,"636,867666666667"
2025-09-05 15:45:00,"639,2930000000002"
2025-09-05 16:00:00,"513,104666666667"
2025-09-05 16:15:00,"398,3280000000003"
2025-09-05 16:30:00,"416,093666666667"
2025-09-05 16:45:00,"328,9743333333336"
2025-09-05 17:00:00,"380,673666666667"
2025-09-05 17:15:00,"421,01433333333364"
2025-09-05 17:30:00,"584,9880000000004"
2025-09-05 17:45:00,"978,5270000000003"
2025-09-05 18:00:00,"1004,8596666666672"
2025-09-05 18:15:00,"1382,7916666666672"
2025-09-05 18:30:00,"1908,5140000000004"
2025-09-05 18:45:00,"359,6863333333338"
2025-09-05 19:00:00,"213,42100000000045"
2025-09-05 19:15:00,"103,80033333333377"
2025-09-05 19:30:00,"26,20066666666711"
2025-09-05 19:45:00,"1,455000000000444"
2025-09-05 20:00:00,"0,0"
2025-09-05 20:15:00,"0,0"
2025-09-05 20:30:00,"0,0"
2025-09-05 20:45:00,"0,0"
2025-09-05 21:00:00,"0,0"
2025-09-05 21:15:00,"0,0"
2025-09-05 21:30:00,"0,0"
2025-09-05 21:45:00,"0,0"
2025-09-05 22:00:00,"0,0"
2025-09-05 22:15:00,"0,0"
2025-09-05 22:30:00,"0,0"
2025-09-05 22:45:00,"0,0"
2025-09-05 23:00:00,"0,0"
2025-09-05 23:15:00,"0,0"
2025-09-05 23:30:00,"0,0"
2025-09-05 23:45:00,"0,0"
2025-09-06 00:00:00,"0,0"
2025-09-06 00:15:00,"0,0"
2025-09-06 00:30:00,"0,0"
2025-09-06 00:45:00,"0,0"
2025-09-06 01:00:00,"0,0"
2025-09-06 01:15:00,"0,4866666666671107"
2025-09-06 01:30:00,"0,0"
2025-09-06 01:45:00,"0,0"
2025-09-06 02:00:00,"0,0"
2025-09-06 02:15:00,"0,0"
2025-09-06 02:30:00,"0,0"
2025-09-06 02:45:00,"0,0"
2025-09-06 03:00:00,"0,0"
2025-09-06 03:15:00,"0,0"
2025-09-06 03:30:00,"0,0"
2025-09-06 03:45:00,"0,0"
2025-09-06 04:00:00,"0,0"
2025-09-06 04:15:00,"0,0"
2025-09-06 04:30:00,"0,0"
2025-09-06 04:45:00,"0,0"
2025-09-06 05:00:00,"0,0"
2025-09-06 05:15:00,"0,0"
2025-09-06 05:30:00,"0,0"
2025-09-06 05:45:00,"0,0"
2025-09-06 06:00:00,"0,0"
2025-09-06 06:15:00,"0,0"
2025-09-06 06:30:00,"0,0"
2025-09-06 06:45:00,"12,611333333333778"
2025-09-06 07:00:00,"77,60800000000044"
2025-09-06 07:15:00,"170,02600000000047"
2025-09-06 07:30:00,"285,62600000000043"
2025-09-06 07:45:00,"379,22633333333386"
2025-09-06 08:00:00,"474,41866666666704"
2025-09-06 08:15:00,"564,5953333333339"
2025-09-06 08:30:00,"698,4106666666672"
2025-09-06 08:45:00,"1055,2670000000005"
2025-09-06 09:00:00,"1525,5130000000004"
2025-09-06 09:15:00,"2410,529666666667"
2025-09-06 09:30:00,"3077,7450000000003"
2025-09-06 09:45:00,"3282,563666666667"
2025-09-06 10:00:00,"3474,2833333333338"
2025-09-06 10:15:00,"3633,976666666667"
2025-09-06 10:30:00,"3544,9425"
2025-09-06 10:45:00,"3144,5820000000003"
2025-09-06 11:00:00,"3500,756666666667"
2025-09-06 11:15:00,"3073,7660000000005"
2025-09-06 11:30:00,"3515,4890000000005"
2025-09-06 11:45:00,"2620,8540000000007"
2025-09-06 12:00:00,"2970,8120000000004"
2025-09-06 12:15:00,"3438,987333333334"
2025-09-06 12:30:00,"4522,907333333334"
2025-09-06 12:45:00,"4942,369333333334"
2025-09-06 13:00:00,"5171,868666666667"
2025-09-06 13:15:00,"4553,6269999999995"
2025-09-06 13:30:00,"3685,876666666667"
2025-09-06 13:45:00,"3813,929333333334"
2025-09-06 14:00:00,"2810,8666666666677"
2025-09-06 14:15:00,"3104,4030000000007"
2025-09-06 14:30:00,"3633,491666666667"
2025-09-06 14:45:00,"3796,805666666667"
2025-09-06 15:00:00,"3479,4236666666675"
2025-09-06 15:15:00,"2971,886333333334"
2025-09-06 15:30:00,"2838,246333333334"
2025-09-06 15:45:00,"3181,912333333334"
2025-09-06 16:00:00,"2999,5343333333335"
2025-09-06 16:15:00,"2303,697000000001"
2025-09-06 16:30:00,"2790,4790000000007"
2025-09-06 16:45:00,"2125,710333333334"
2025-09-06 17:00:00,"2546,499666666667"
2025-09-06 17:15:00,"2038,153666666667"
2025-09-06 17:30:00,"2075,5900000000006"
2025-09-06 17:45:00,"1962,533333333334"
2025-09-06 18:00:00,"1557,487666666667"
2025-09-06 18:15:00,"1129,1906666666669"
2025-09-06 18:30:00,"841,0726666666671"
2025-09-06 18:45:00,"625,1383333333338"
2025-09-06 19:00:00,"337,72133333333375"
2025-09-06 19:15:00,"164,22333333333378"
2025-09-06 19:30:00,"47,218000000000444"
2025-09-06 19:45:00,"3,3953333333337774"
2025-09-06 20:00:00,"0,0"
2025-09-06 20:15:00,"0,0"
2025-09-06 20:30:00,"0,0"
2025-09-06 20:45:00,"0,0"
2025-09-06 21:00:00,"0,0"
2025-09-06 21:15:00,"0,0"
2025-09-06 21:30:00,"0,0"
2025-09-06 21:45:00,"0,0"
2025-09-06 22:00:00,"0,0"
2025-09-06 22:15:00,"0,0"
2025-09-06 22:30:00,"0,0"
2025-09-06 22:45:00,"0,0"
2025-09-06 23:00:00,"0,0"
2025-09-06 23:15:00,"0,0"
2025-09-06 23:30:00,"0,0"
2025-09-06 23:45:00,"0,0"
2025-09-07 00:00:00,"0,0"
2025-09-07 00:15:00,"0,0"
2025-09-07 00:30:00,"0,0"
2025-09-07 00:45:00,"0,0"
2025-09-07 01:00:00,"0,0"
2025-09-07 01:15:00,"0,0"
2025-09-07 01:30:00,"0,0"
2025-09-07 01:45:00,"0,0"
2025-09-07 02:00:00,"0,0"
2025-09-07 02:15:00,"0,0"
2025-09-07 02:30:00,"0,0"
2025-09-07 02:45:00,"0,0"
2025-09-07 03:00:00,"0,0"
2025-09-07 03:15:00,"0,0"
2025-09-07 03:30:00,"0,0"
2025-09-07 03:45:00,"0,0"
2025-09-07 04:00:00,"0,0"
2025-09-07 04:15:00,"0,0"
2025-09-07 04:30:00,"0,0"
2025-09-07 04:45:00,"0,0"
2025-09-07 05:00:00,"0,0"
2025-09-07 05:15:00,"0,0"
2025-09-07 05:30:00,"0,0"
2025-09-07 05:45:00,"0,0"
2025-09-07 06:00:00,"0,0"
2025-09-07 06:15:00,"0,0"
2025-09-07 06:30:00,"0,0"
2025-09-07 06:45:00,"0,0"
2025-09-07 07:00:00,"58,58166666666711"
2025-09-07 07:15:00,"198,06866666666713"
2025-09-07 07:30:00,"352,5006666666671"
2025-09-07 07:45:00,"516,4316666666672"
2025-09-07 08:00:00,"783,8086666666671"
2025-09-07 08:15:00,"1344,7826666666672"
2025-09-07 08:30:00,"1686,953333333334"
2025-09-07 08:45:00,"1860,9660000000006"
2025-09-07 09:00:00,"2339,7263333333335"
2025-09-07 09:15:00,"2192,4136666666673"
2025-09-07 09:30:00,"2871,9250000000006"
2025-09-07 09:45:00,"3147,4576666666676"
2025-09-07 10:00:00,"3185,058666666667"
2025-09-07 10:15:00,"2513,992333333334"
2025-09-07 10:30:00,"3535,6376666666674"
2025-09-07 10:45:00,"3863,4040000000005"
2025-09-07 11:00:00,"4006,0083333333337"
2025-09-07 11:15:00,"3415,7050000000004"
2025-09-07 11:30:00,"3884,2613333333334"
2025-09-07 11:45:00,"4065,284000000001"
2025-09-07 12:00:00,"3959,9286666666662"
2025-09-07 12:15:00,"3807,969666666667"
2025-09-07 12:30:00,"4181,291333333334"
2025-09-07 12:45:00,"4104,393666666668"
2025-09-07 13:00:00,"3700,3356666666677"
2025-09-07 13:15:00,"3884,1086666666674"
2025-09-07 13:30:00,"4080,7053333333333"
2025-09-07 13:45:00,"4165,600333333334"
2025-09-07 14:00:00,"3667,9626666666672"
2025-09-07 14:15:00,"4047,4795000000004"
2025-09-07 14:30:00,"3803,7433333333347"
2025-09-07 14:45:00,"3612,634333333334"
2025-09-07 15:00:00,"3493,1673333333338"
2025-09-07 15:15:00,"3430,7416666666672"
2025-09-07 15:30:00,"3530,6616666666673"
2025-09-07 15:45:00,"3498,648333333334"
2025-09-07 16:00:00,"1827,065666666667"
2025-09-07 16:15:00,"3206,892666666667"
2025-09-07 16:30:00,"3131,0496666666677"
2025-09-07 16:45:00,"2759,8130000000006"
2025-09-07 17:00:00,"2833,648"
2025-09-07 17:15:00,"2543,9100000000008"
2025-09-07 17:30:00,"2357,816000000001"
2025-09-07 17:45:00,"1893,1410000000005"
2025-09-07 18:00:00,"2078,7203333333337"
2025-09-07 18:15:00,"1385,579333333334"
2025-09-07 18:30:00,"998,1020000000007"
2025-09-07 18:45:00,"650,5620000000007"
2025-09-07 19:00:00,"529,4586666666673"
2025-09-07 19:15:00,"275,5070000000006"
2025-09-07 19:30:00,"92,0580000000006"
2025-09-07 19:45:00,"2,4316666666672586"
2025-09-07 20:00:00,"0,0"
2025-09-07 20:15:00,"0,0"
2025-09-07 20:30:00,"0,0"
2025-09-07 20:45:00,"0,0"
2025-09-07 21:00:00,"0,0"
2025-09-07 21:15:00,"0,0"
2025-09-07 21:30:00,"0,0"
2025-09-07 21:45:00,"0,0"
2025-09-07 22:00:00,"0,0"
2025-09-07 22:15:00,"0,0"
2025-09-07 22:30:00,"0,0"
2025-09-07 22:45:00,"0,0"
2025-09-07 23:00:00,"0,0"
2025-09-07 23:15:00,"0,0"
2025-09-07 23:30:00,"0,0"
2025-09-07 23:45:00,"0,0"
2025-09-08 00:00:00,"0,0"
2025-09-08 00:15:00,"0,0"
2025-09-08 00:30:00,"0,0"
2025-09-08 00:45:00,"0,0"
2025-09-08 01:00:00,"0,0"
2025-09-08 01:15:00,"0,0"
2025-09-08 01:30:00,"0,0"
2025-09-08 01:45:00,"0,0"
2025-09-08 02:00:00,"0,0"
2025-09-08 02:15:00,"0,0"
2025-09-08 02:30:00,"0,0"
2025-09-08 02:45:00,"0,0"
2025-09-08 03:00:00,"0,0"
2025-09-08 03:15:00,"0,0"
2025-09-08 03:30:00,"0,0"
2025-09-08 03:45:00,"0,0"
2025-09-08 04:00:00,"0,0"
2025-09-08 04:15:00,"0,0"
2025-09-08 04:30:00,"0,0"
2025-09-08 04:45:00,"0,0"
2025-09-08 05:00:00,"0,0"
2025-09-08 05:15:00,"0,0"
2025-09-08 05:30:00,"0,0"
2025-09-08 05:45:00,"0,0"
2025-09-08 06:00:00,"0,0"
2025-09-08 06:15:00,"0,0"
2025-09-08 06:30:00,"0,0"
2025-09-08 06:45:00,"4,380000000000592"
2025-09-08 07:00:00,"80,03300000000058"
2025-09-08 07:15:00,"255,2250000000006"
2025-09-08 07:30:00,"468,4536666666673"
2025-09-08 07:45:00,"739,4170000000006"
2025-09-08 08:00:00,"951,8833333333339"
2025-09-08 08:15:00,"789,9066666666673"
2025-09-08 08:30:00,"663,0600000000005"
2025-09-08 08:45:00,"1134,5263333333337"
2025-09-08 09:00:00,"1718,4426666666673"
2025-09-08 09:15:00,"2786,3236666666676"
2025-09-08 09:30:00,"3247,8786666666674"
2025-09-08 09:45:00,"3455,479333333334"
2025-09-08 10:00:00,"3295,2540000000004"
2025-09-08 10:15:00,"2273,9030000000007"
2025-09-08 10:30:00,"3096,6613333333335"
2025-09-08 10:45:00,"3812,659666666667"
2025-09-08 11:00:00,"3568,655"
2025-09-08 11:15:00,"3235,8983333333335"
2025-09-08 11:30:00,"2671,1570000000006"
2025-09-08 11:45:00,"4040,4463333333338"
2025-09-08 12:00:00,"4137,168333333333"
2025-09-08 12:15:00,"3427,7220000000007"
2025-09-08 12:30:00,"2795,3293333333336"
2025-09-08 12:45:00,"2612,9513333333334"
2025-09-08 13:00:00,"2633,4626666666663"
2025-09-08 13:15:00,"3024,7569999999996"
2025-09-08 13:30:00,"3103,175"
2025-09-08 13:45:00,"2873,4219999999996"
2025-09-08 14:00:00,"3621,109"
2025-09-08 14:15:00,"2382,1879999999996"
2025-09-08 14:30:00,"1706,0093333333334"
2025-09-08 14:45:00,"1309,143666666667"
2025-09-08 15:00:00,"1075,835666666667"
2025-09-08 15:15:00,"1072,4403333333337"
2025-09-08 15:30:00,"1107,9263333333336"
2025-09-08 15:45:00,"1130,775666666667"
2025-09-08 16:00:00,"1136,7743333333335"
2025-09-08 16:15:00,"968,6650000000002"
2025-09-08 16:30:00,"788,687666666667"
2025-09-08 16:45:00,"489,8980000000003"
2025-09-08 17:00:00,"288,25166666666695"
2025-09-08 17:15:00,"302,50866666666695"
2025-09-08 17:30:00,"264,8360000000003"
2025-09-08 17:45:00,"253,92200000000048"
2025-09-08 18:00:00,"182,78533333333365"
2025-09-08 18:15:00,"114,47133333333363"
2025-09-08 18:30:00,"80,0330000000003"
2025-09-08 18:45:00,"93,81233333333363"
2025-09-08 19:00:00,"56,26533333333363"
2025-09-08 19:15:00,"20,857000000000294"
2025-09-08 19:30:00,"0,9700000000002961"
2025-09-08 19:45:00,"0,0"
2025-09-08 20:00:00,"0,0"
2025-09-08 20:15:00,"0,0"
2025-09-08 20:30:00,"0,0"
2025-09-08 20:45:00,"0,0"
2025-09-08 21:00:00,"0,0"
2025-09-08 21:15:00,"0,0"
2025-09-08 21:30:00,"0,0"
2025-09-08 21:45:00,"0,0"
2025-09-08 22:00:00,"0,0"
2025-09-08 22:15:00,"0,0"
2025-09-08 22:30:00,"0,0"
2025-09-08 22:45:00,"0,0"
2025-09-08 23:00:00,"0,0"
2025-09-08 23:15:00,"0,0"
2025-09-08 23:30:00,"0,0"
2025-09-08 23:45:00,"0,0"
2025-09-09 00:00:00,"0,0"
2025-09-09 00:15:00,"0,0"
2025-09-09 00:30:00,"0,0"
2025-09-09 00:45:00,"0,0"
2025-09-09 01:00:00,"0,0"
2025-09-09 01:15:00,"0,0"
2025-09-09 01:30:00,"0,0"
2025-09-09 01:45:00,"0,0"
2025-09-09 02:00:00,"0,0"
2025-09-09 02:15:00,"0,0"
2025-09-09 02:30:00,"0,0"
2025-09-09 02:45:00,"0,0"
2025-09-09 03:00:00,"0,0"
2025-09-09 03:15:00,"0,0"
2025-09-09 03:30:00,"0,0"
2025-09-09 03:45:00,"0,0"
2025-09-09 04:00:00,"0,0"
2025-09-09 04:15:00,"0,0"
2025-09-09 04:30:00,"0,0"
2025-09-09 04:45:00,"0,0"
2025-09-09 05:00:00,"0,0"
2025-09-09 05:15:00,"0,0"
2025-09-09 05:30:00,"0,0"
2025-09-09 05:45:00,"0,0"
2025-09-09 06:00:00,"0,0"
2025-09-09 06:15:00,"0,0"
2025-09-09 06:30:00,"0,0"
2025-09-09 06:45:00,"7,275666666666964"
2025-09-09 07:00:00,"113,23600000000029"
2025-09-09 07:15:00,"309,9453333333336"
2025-09-09 07:30:00,"311,88566666666696"
2025-09-09 07:45:00,"375,4950000000003"
2025-09-09 08:00:00,"508,9410000000003"
2025-09-09 08:15:00,"275,0220000000003"
2025-09-09 08:30:00,"268,7940000000003"
2025-09-09 08:45:00,"326,2193333333337"
2025-09-09 09:00:00,"303,28925000000027"
2025-09-09 09:15:00,"621,4836666666669"
2025-09-09 09:30:00,"869,0150000000004"
2025-09-09 09:45:00,"1252,2710000000004"
2025-09-09 10:00:00,"1253,9220000000005"
2025-09-09 10:15:00,"1013,2423333333336"
2025-09-09 10:30:00,"1145,7160000000003"
2025-09-09 10:45:00,"1323,261666666667"
2025-09-09 11:00:00,"1433,7696666666668"
2025-09-09 11:15:00,"1363,3873333333338"
2025-09-09 11:30:00,"1304,1993333333337"
2025-09-09 11:45:00,"1488,2813333333338"
2025-09-09 12:00:00,"2253,7690000000002"
2025-09-09 12:15:00,"2031,6646666666672"
2025-09-09 12:30:00,"1033,5223333333336"
2025-09-09 12:45:00,"481,55933333333365"
2025-09-09 13:00:00,"303,56366666666696"
2025-09-09 13:15:00,"148,62066666666698"
2025-09-09 13:30:00,"293,2390000000003"
2025-09-09 13:45:00,"520,0913333333335"
2025-09-09 14:00:00,"834,0670000000002"
2025-09-09 14:15:00,"397,9073333333336"
2025-09-09 14:30:00,"569,0220000000003"
2025-09-09 14:45:00,"516,7140000000004"
2025-09-09 15:00:00,"488,55166666666696"
2025-09-09 15:15:00,"332,20133333333365"
2025-09-09 15:30:00,"354,662666666667"
2025-09-09 15:45:00,"425,2670000000003"
2025-09-09 16:00:00,"514,9743333333337"
2025-09-09 16:15:00,"762,2740000000002"
2025-09-09 16:30:00,"967,9793333333337"
2025-09-09 16:45:00,"1184,3190000000004"
2025-09-09 17:00:00,"1716,4970000000003"
2025-09-09 17:15:00,"2991,9040000000005"
2025-09-09 17:30:00,"1377,7993333333336"
2025-09-09 17:45:00,"1844,0840000000003"
2025-09-09 18:00:00,"1887,8329999999999"
2025-09-09 18:15:00,"1443,2493333333332"
2025-09-09 18:30:00,"1354,0846666666669"
2025-09-09 18:45:00,"644,594"
2025-09-09 19:00:00,"498,0876666666667"
2025-09-09 19:15:00,"189,28599999999997"
2025-09-09 19:30:00,"45,467666666666666"
2025-09-09 19:45:00,"1,4649999999999999"
2025-09-09 20:00:00,"0,0"
2025-09-09 20:15:00,"0,0"
2025-09-09 20:30:00,"0,0"
2025-09-09 20:45:00,"0,0"
2025-09-09 21:00:00,"0,0"
2025-09-09 21:15:00,"0,0"
2025-09-09 21:30:00,"0,0"
2025-09-09 21:45:00,"0,0"
2025-09-09 22:00:00,"0,0"
2025-09-09 22:15:00,"0,0"
2025-09-09 22:30:00,"0,0"
2025-09-09 22:45:00,"0,0"
2025-09-09 23:00:00,"0,0"
2025-09-09 23:15:00,"0,0"
2025-09-09 23:30:00,"0,0"
2025-09-09 23:45:00,"0,0"
2025-09-10 00:00:00,"0,0"
2025-09-10 00:15:00,"0,0"
2025-09-10 00:30:00,"0,0"
2025-09-10 00:45:00,"0,0"
2025-09-10 01:00:00,"0,0"
2025-09-10 01:15:00,"0,485"
2025-09-10 01:30:00,"0,0"
2025-09-10 01:45:00,"0,0"
2025-09-10 02:00:00,"0,0"
2025-09-10 02:15:00,"0,0"
2025-09-10 02:30:00,"0,0"
2025-09-10 02:45:00,"0,0"
2025-09-10 03:00:00,"0,0"
2025-09-10 03:15:00,"0,0"
2025-09-10 03:30:00,"0,0"
2025-09-10 03:45:00,"0,0"
2025-09-10 04:00:00,"0,0"
2025-09-10 04:15:00,"0,0"
2025-09-10 04:30:00,"0,0"
2025-09-10 04:45:00,"0,0"
2025-09-10 05:00:00,"0,0"
2025-09-10 05:15:00,"0,0"
2025-09-10 05:30:00,"0,0"
2025-09-10 05:45:00,"0,0"
2025-09-10 06:00:00,"0,0"
2025-09-10 06:15:00,"0,0"
2025-09-10 06:30:00,"0,0"
2025-09-10 06:45:00,"0,0"
2025-09-10 07:00:00,"17,49066666666667"
2025-09-10 07:15:00,"92,569"
2025-09-10 07:30:00,"166,89900000000003"
2025-09-10 07:45:00,"246,44"
2025-09-10 08:00:00,"266,291"
2025-09-10 08:15:00,"372,89866666666666"
2025-09-10 08:30:00,"383,7156666666666"
2025-09-10 08:45:00,"357,02799999999996"
2025-09-10 09:00:00,"543,2533333333333"
2025-09-10 09:15:00,"812,8319999999999"
2025-09-10 09:30:00,"1112,8496666666667"
2025-09-10 09:45:00,"1021,4503333333333"
2025-09-10 10:00:00,"883,3233333333333"
2025-09-10 10:15:00,"600,836"
2025-09-10 10:30:00,"648,9936666666667"
2025-09-10 10:45:00,"778,8013333333333"
2025-09-10 11:00:00,"1019,5923333333334"
2025-09-10 11:15:00,"1219,0583333333336"
2025-09-10 11:30:00,"1094,7416666666666"
2025-09-10 11:45:00,"1171,4793333333332"
2025-09-10 12:00:00,"1030,241"
2025-09-10 12:15:00,"945,822"
2025-09-10 12:30:00,"821,0146666666667"
2025-09-10 12:45:00,"640,9509999999999"
2025-09-10 13:00:00,"689,035"
2025-09-10 13:15:00,"677,384"
2025-09-10 13:30:00,"574,3126666666667"
2025-09-10 13:45:00,"666,6856666666666"
2025-09-10 14:00:00,"693,2506666666667"
2025-09-10 14:15:00,"785,0970000000001"
2025-09-10 14:30:00,"711,8563333333334"
2025-09-10 14:45:00,"583,0273333333333"
2025-09-10 15:00:00,"707,6906666666667"
2025-09-10 15:15:00,"651,8116666666666"
2025-09-10 15:30:00,"685,1516666666666"
2025-09-10 15:45:00,"754,77"
2025-09-10 16:00:00,"543,5853333333333"
2025-09-10 16:15:00,"264,68833333333333"
2025-09-10 16:30:00,"448,3790000000001"
2025-09-10 16:45:00,"494,50666666666666"
2025-09-10 17:00:00,"319,16133333333335"
2025-09-10 17:15:00,"333,19866666666667"
2025-09-10 17:30:00,"823,3626666666668"
2025-09-10 17:45:00,"1699,0773333333334"
2025-09-10 18:00:00,"901,6016666666667"
2025-09-10 18:15:00,"246,79433333333333"
2025-09-10 18:30:00,"141,63366666666667"
2025-09-10 18:45:00,"155,21166666666667"
2025-09-10 19:00:00,"91,92366666666666"
2025-09-10 19:15:00,"75,36800000000001"
2025-09-10 19:30:00,"66,02266666666667"
2025-09-10 19:45:00,"9,204666666666666"
2025-09-10 20:00:00,"0,485"
2025-09-10 20:15:00,"0,0"
2025-09-10 20:30:00,"0,0"
2025-09-10 20:45:00,"0,0"
2025-09-10 21:00:00,"0,0"
2025-09-10 21:15:00,"0,0"
2025-09-10 21:30:00,"0,0"
2025-09-10 21:45:00,"0,0"
2025-09-10 22:00:00,"0,0"
2025-09-10 22:15:00,"0,0"
2025-09-10 22:30:00,"0,0"
2025-09-10 22:45:00,"0,0"
2025-09-10 23:00:00,"0,0"
2025-09-10 23:15:00,"0,0"
2025-09-10 23:30:00,"0,0"
2025-09-10 23:45:00,"0,0"
2025-09-11 00:00:00,"0,0"
2025-09-11 00:15:00,"0,0"
2025-09-11 00:30:00,"0,0"
2025-09-11 00:45:00,"0,0"
2025-09-11 01:00:00,"0,0"
2025-09-11 01:15:00,"0,0"
2025-09-11 01:30:00,"0,0"
2025-09-11 01:45:00,"0,0"
2025-09-11 02:00:00,"0,0"
2025-09-11 02:15:00,"0,0"
2025-09-11 02:30:00,"0,0"
2025-09-11 02:45:00,"0,0"
2025-09-11 03:00:00,"0,0"
2025-09-11 03:15:00,"0,0"
2025-09-11 03:30:00,"0,0"
2025-09-11 03:45:00,"0,0"
2025-09-11 04:00:00,"0,0"
2025-09-11 04:15:00,"0,0"
2025-09-11 04:30:00,"0,0"
2025-09-11 04:45:00,"0,0"
2025-09-11 05:00:00,"0,0"
2025-09-11 05:15:00,"0,0"
2025-09-11 05:30:00,"0,0"
2025-09-11 05:45:00,"0,0"
2025-09-11 06:00:00,"0,0"
2025-09-11 06:15:00,"0,0"
2025-09-11 06:30:00,"0,0"
2025-09-11 06:45:00,"0,0"
2025-09-11 07:00:00,"34,138000000000005"
2025-09-11 07:15:00,"85,79266666666668"
2025-09-11 07:30:00,"45,18166666666667"
2025-09-11 07:45:00,"72,37500000000001"
2025-09-11 08:00:00,"80,61466666666668"
2025-09-11 08:15:00,"149,6256666666667"
2025-09-11 08:30:00,"405,6173333333333"
2025-09-11 08:45:00,"937,1376666666667"
2025-09-11 09:00:00,"880,9813333333333"
2025-09-11 09:15:00,"637,0406666666667"
2025-09-11 09:30:00,"1449,1076666666665"
2025-09-11 09:45:00,"1460,428666666667"
2025-09-11 10:00:00,"1100,6393333333333"
2025-09-11 10:15:00,"1470,4113333333335"
2025-09-11 10:30:00,"1978,9726666666668"
2025-09-11 10:45:00,"2808,787333333333"
2025-09-11 11:00:00,"3331,19"
2025-09-11 11:15:00,"3267,165"
2025-09-11 11:30:00,"4208,574"
2025-09-11 11:45:00,"3465,0649999999996"
2025-09-11 12:00:00,"3918,8156666666673"
2025-09-11 12:15:00,"4414,425666666667"
2025-09-11 12:30:00,"4520,569333333334"
2025-09-11 12:45:00,"4767,870999999999"
2025-09-11 13:00:00,"4710,966"
2025-09-11 13:15:00,"4431,87"
2025-09-11 13:30:00,"4271,804666666667"
2025-09-11 13:45:00,"4325,059666666667"
2025-09-11 14:00:00,"3737,4046666666663"
2025-09-11 14:15:00,"2924,1713333333337"
2025-09-11 14:30:00,"3449,775333333333"
2025-09-11 14:45:00,"2924,6356666666666"
2025-09-11 15:00:00,"2418,8836666666666"
2025-09-11 15:15:00,"3354,581"
2025-09-11 15:30:00,"3518,218666666666"
2025-09-11 15:45:00,"3279,3393333333333"
2025-09-11 16:00:00,"2093,383333333333"
2025-09-11 16:15:00,"2384,0910000000003"
2025-09-11 16:30:00,"1858,2189999999998"
2025-09-11 16:45:00,"1149,932"
2025-09-11 17:00:00,"842,431"
2025-09-11 17:15:00,"648,7946666666668"
2025-09-11 17:30:00,"473,99299999999994"
2025-09-11 17:45:00,"619,7196666666666"
2025-09-11 18:00:00,"2316,5356666666667"
2025-09-11 18:15:00,"810,924"
2025-09-11 18:30:00,"297,1793333333333"
2025-09-11 18:45:00,"298,0433333333334"
2025-09-11 19:00:00,"144,191"
2025-09-11 19:15:00,"50,215666666666664"
2025-09-11 19:30:00,"6,313666666666666"
2025-09-11 19:45:00,"0,0"
2025-09-11 20:00:00,"0,0"
2025-09-11 20:15:00,"0,0"
2025-09-11 20:30:00,"0,0"
2025-09-11 20:45:00,"0,0"
2025-09-11 21:00:00,"0,0"
2025-09-11 21:15:00,"0,0"
2025-09-11 21:30:00,"0,0"
2025-09-11 21:45:00,"0,0"
2025-09-11 22:00:00,"0,0"
2025-09-11 22:15:00,"0,0"
2025-09-11 22:30:00,"0,0"
2025-09-11 22:45:00,"0,0"
2025-09-11 23:00:00,"0,0"
2025-09-11 23:15:00,"0,0"
2025-09-11 23:30:00,"0,0"
2025-09-11 23:45:00,"0,0"
2025-09-12 00:00:00,"0,0"
2025-09-12 00:15:00,"0,0"
2025-09-12 00:30:00,"0,0"
2025-09-12 00:45:00,"0,0"
2025-09-12 01:00:00,"0,0"
2025-09-12 01:15:00,"0,0"
2025-09-12 01:30:00,"0,0"
2025-09-12 01:45:00,"0,0"
2025-09-12 02:00:00,"0,0"
2025-09-12 02:15:00,"0,0"
2025-09-12 02:30:00,"0,0"
2025-09-12 02:45:00,"0,0"
2025-09-12 03:00:00,"0,0"
2025-09-12 03:15:00,"0,0"
2025-09-12 03:30:00,"0,0"
2025-09-12 03:45:00,"0,0"
2025-09-12 04:00:00,"0,0"
2025-09-12 04:15:00,"0,0"
2025-09-12 04:30:00,"0,0"
2025-09-12 04:45:00,"0,0"
2025-09-12 05:00:00,"0,0"
2025-09-12 05:15:00,"0,0"
2025-09-12 05:30:00,"0,0"
2025-09-12 05:45:00,"0,0"
2025-09-12 06:00:00,"0,0"
2025-09-12 06:15:00,"0,0"
2025-09-12 06:30:00,"0,0"
2025-09-12 06:45:00,"0,0"
2025-09-12 07:00:00,"32,04233333333333"
2025-09-12 07:15:00,"197,83966666666663"
2025-09-12 07:30:00,"368,12566666666663"
2025-09-12 07:45:00,"424,85200000000003"
2025-09-12 08:00:00,"594,5743333333334"
2025-09-12 08:15:00,"698,2973333333332"
2025-09-12 08:30:00,"387,55333333333334"
2025-09-12 08:45:00,"612,618"
2025-09-12 09:00:00,"732,1913333333333"
2025-09-12 09:15:00,"315,529"
2025-09-12 09:30:00,"375,3836666666666"
2025-09-12 09:45:00,"579,3383333333333"
2025-09-12 10:00:00,"1075,3506666666667"
2025-09-12 10:15:00,"854,5573333333335"
2025-09-12 10:30:00,"737,133"
2025-09-12 10:45:00,"760,3120000000001"
2025-09-12 11:00:00,"1274,6193333333333"
2025-09-12 11:15:00,"1444,1656666666668"
2025-09-12 11:30:00,"1445,361666666667"
2025-09-12 11:45:00,"1558,3066666666668"
2025-09-12 12:00:00,"1597,2153333333333"
2025-09-12 12:15:00,"1916,8453333333334"
2025-09-12 12:30:00,"1929,834666666667"
2025-09-12 12:45:00,"1425,166666666667"
2025-09-12 13:00:00,"1354,6213333333335"
2025-09-12 13:15:00,"1550,0043333333335"
2025-09-12 13:30:00,"2243,8300000000004"
2025-09-12 13:45:00,"2432,0643333333333"
2025-09-12 14:00:00,"2062,768"
2025-09-12 14:15:00,"1889,4246666666668"
2025-09-12 14:30:00,"2336,895"
2025-09-12 14:45:00,"2032,0610000000001"
2025-09-12 15:00:00,"1507,6000000000001"
2025-09-12 15:15:00,"1525,1783333333335"
2025-09-12 15:30:00,"2001,4196666666671"
2025-09-12 15:45:00,"1893,1423333333335"
2025-09-12 16:00:00,"1672,3643333333337"
2025-09-12 16:15:00,"2315,320666666667"
2025-09-12 16:30:00,"1904,1833333333334"
2025-09-12 16:45:00,"1945,0990000000002"
2025-09-12 17:00:00,"1778,091666666667"
2025-09-12 17:15:00,"1301,3456666666673"
2025-09-12 17:30:00,"982,8560000000003"
2025-09-12 17:45:00,"798,8316666666669"
2025-09-12 18:00:00,"679,756666666667"
2025-09-12 18:15:00,"517,1253333333335"
2025-09-12 18:30:00,"523,7230000000003"
2025-09-12 18:45:00,"424,901666666667"
2025-09-12 19:00:00,"193,1280000000003"
2025-09-12 19:15:00,"51,53300000000029"
2025-09-12 19:30:00,"2,430000000000296"
2025-09-12 19:45:00,"0,0"
2025-09-12 20:00:00,"0,0"
2025-09-12 20:15:00,"0,0"
2025-09-12 20:30:00,"0,0"
2025-09-12 20:45:00,"0,0"
2025-09-12 21:00:00,"0,0"
2025-09-12 21:15:00,"0,0"
2025-09-12 21:30:00,"0,0"
2025-09-12 21:45:00,"0,0"
2025-09-12 22:00:00,"0,0"
2025-09-12 22:15:00,"0,0"
2025-09-12 22:30:00,"0,0"
2025-09-12 22:45:00,"0,0"
2025-09-12 23:00:00,"0,0"
2025-09-12 23:15:00,"0,0"
2025-09-12 23:30:00,"0,0"
2025-09-12 23:45:00,"0,0"
2025-09-13 00:00:00,"0,0"
2025-09-13 00:15:00,"0,0"
2025-09-13 00:30:00,"0,0"
2025-09-13 00:45:00,"0,0"
2025-09-13 01:00:00,"0,0"
2025-09-13 01:15:00,"0,0"
2025-09-13 01:30:00,"0,0"
2025-09-13 01:45:00,"0,0"
2025-09-13 02:00:00,"0,0"
2025-09-13 02:15:00,"0,0"
2025-09-13 02:30:00,"0,0"
2025-09-13 02:45:00,"0,0"
2025-09-13 03:00:00,"0,0"
2025-09-13 03:15:00,"0,0"
2025-09-13 03:30:00,"0,0"
2025-09-13 03:45:00,"0,0"
2025-09-13 04:00:00,"0,0"
2025-09-13 04:15:00,"0,0"
2025-09-13 04:30:00,"0,0"
2025-09-13 04:45:00,"0,0"
2025-09-13 05:00:00,"0,0"
2025-09-13 05:15:00,"0,0"
2025-09-13 05:30:00,"0,0"
2025-09-13 05:45:00,"0,0"
2025-09-13 06:00:00,"0,0"
2025-09-13 06:15:00,"0,0"
2025-09-13 06:30:00,"0,0"
2025-09-13 06:45:00,"0,0"
2025-09-13 07:00:00,"0,0"
2025-09-13 07:15:00,"0,0"
2025-09-13 07:30:00,"35,45833333333363"
2025-09-13 07:45:00,"70,33200000000029"
2025-09-13 08:00:00,"161,83166666666696"
2025-09-13 08:15:00,"338,4473333333336"
2025-09-13 08:30:00,"738,195666666667"
2025-09-13 08:45:00,"955,4280000000003"
2025-09-13 09:00:00,"1095,7033333333334"
2025-09-13 09:15:00,"1087,4023333333337"
2025-09-13 09:30:00,"1470,214666666667"
2025-09-13 09:45:00,"1949,8113333333336"
2025-09-13 10:00:00,"1854,4923333333336"
2025-09-13 10:15:00,"1876,9530000000004"
2025-09-13 10:30:00,"2431,948666666667"
2025-09-13 10:45:00,"1939,1766666666667"
2025-09-13 11:00:00,"3280,9856666666665"
2025-09-13 11:15:00,"3872,8630000000003"
2025-09-13 11:30:00,"3777,713333333333"
2025-09-13 11:45:00,"3694,0293333333334"
2025-09-13 12:00:00,"3124,7833333333333"
2025-09-13 12:15:00,"3399,438333333333"
2025-09-13 12:30:00,"3758,5693333333334"
2025-09-13 12:45:00,"3958,470333333333"
2025-09-13 13:00:00,"3686,526666666667"
2025-09-13 13:15:00,"2680,980666666667"
2025-09-13 13:30:00,"3405,2736666666665"
2025-09-13 13:45:00,"3962,1436666666664"
2025-09-13 14:00:00,"4114,235333333333"
2025-09-13 14:15:00,"3961,088333333333"
2025-09-13 14:30:00,"3700,998666666667"
2025-09-13 14:45:00,"3020,4350000000004"
2025-09-13 15:00:00,"2941,2636666666667"
2025-09-13 15:15:00,"2809,041666666667"
2025-09-13 15:30:00,"2691,9873333333335"
2025-09-13 15:45:00,"2600,8123333333333"
2025-09-13 16:00:00,"2196,7773333333334"
2025-09-13 16:15:00,"2254,8826666666664"
2025-09-13 16:30:00,"2019,8316666666667"
2025-09-13 16:45:00,"1871,0516666666665"
2025-09-13 17:00:00,"1723,1443333333332"
2025-09-13 17:15:00,"1313,0916666666667"
2025-09-13 17:30:00,"1023,3653333333334"
2025-09-13 17:45:00,"830,423"
2025-09-13 18:00:00,"732,9103333333334"
2025-09-13 18:15:00,"578,43"
2025-09-13 18:30:00,"355,9373333333333"
2025-09-13 18:45:00,"202,11433333333332"
2025-09-13 19:00:00,"66,36433333333333"
2025-09-13 19:15:00,"4,876333333333333"
2025-09-13 19:30:00,"0,0"
2025-09-13 19:45:00,"0,0"
2025-09-13 20:00:00,"0,0"
2025-09-13 20:15:00,"0,0"
2025-09-13 20:30:00,"0,0"
2025-09-13 20:45:00,"0,0"
2025-09-13 21:00:00,"0,0"
2025-09-13 21:15:00,"0,0"
2025-09-13 21:30:00,"0,0"
2025-09-13 21:45:00,"0,0"
2025-09-13 22:00:00,"0,0"
2025-09-13 22:15:00,"0,0"
2025-09-13 22:30:00,"0,0"
2025-09-13 22:45:00,"0,0"
2025-09-13 23:00:00,"0,0"
2025-09-13 23:15:00,"0,0"
2025-09-13 23:30:00,"0,0"
2025-09-13 23:45:00,"0,0"
2025-09-14 00:00:00,"0,0"
2025-09-14 00:15:00,"0,0"
2025-09-14 00:30:00,"0,0"
2025-09-14 00:45:00,"0,0"
2025-09-14 01:00:00,"0,0"
2025-09-14 01:15:00,"0,0"
2025-09-14 01:30:00,"0,0"
2025-09-14 01:45:00,"0,0"
2025-09-14 02:00:00,"0,0"
2025-09-14 02:15:00,"0,0"
2025-09-14 02:30:00,"0,0"
2025-09-14 02:45:00,"0,0"
2025-09-14 03:00:00,"0,0"
2025-09-14 03:15:00,"0,0"
2025-09-14 03:30:00,"0,0"
2025-09-14 03:45:00,"0,0"
2025-09-14 04:00:00,"0,0"
2025-09-14 04:15:00,"0,0"
2025-09-14 04:30:00,"0,0"
2025-09-14 04:45:00,"0,0"
2025-09-14 05:00:00,"0,0"
2025-09-14 05:15:00,"0,0"
2025-09-14 05:30:00,"0,0"
2025-09-14 05:45:00,"0,0"
2025-09-14 06:00:00,"0,0"
2025-09-14 06:15:00,"0,0"
2025-09-14 06:30:00,"0,0"
2025-09-14 06:45:00,"0,0"
2025-09-14 07:00:00,"0,0"
2025-09-14 07:15:00,"0,0"
2025-09-14 07:30:00,"0,0"
2025-09-14 07:45:00,"8,731000000000002"
2025-09-14 08:00:00,"17,405666666666665"
2025-09-14 08:15:00,"115,12400000000001"
2025-09-14 08:30:00,"479,3713333333334"
2025-09-14 08:45:00,"879,7990000000001"
2025-09-14 09:00:00,"695,7646666666667"
2025-09-14 09:15:00,"773,8710000000001"
2025-09-14 09:30:00,"16,491666666666664"
2025-09-14 09:45:00,"254,61133333333336"
2025-09-14 10:00:00,"479,01700000000005"
2025-09-14 10:15:00,"815,6143333333333"
2025-09-14 10:30:00,"1064,1946666666665"
2025-09-14 10:45:00,"878,0326666666668"
2025-09-14 11:00:00,"120,292"
2025-09-14 11:15:00,"409,8653333333333"
2025-09-14 11:30:00,"1804,1279999999997"
2025-09-14 11:45:00,"2477,623"
2025-09-14 12:00:00,"1883,381333333333"
2025-09-14 12:15:00,"2806,0006666666673"
2025-09-14 12:30:00,"2221,5019999999995"
2025-09-14 12:45:00,"3126,248333333333"
2025-09-14 13:00:00,"2738,4486666666667"
2025-09-14 13:15:00,"2779,151666666666"
2025-09-14 13:30:00,"1668,0783333333331"
2025-09-14 13:45:00,"1408,1176666666665"
2025-09-14 14:00:00,"3362,7283333333335"
2025-09-14 14:15:00,"2054,865"
2025-09-14 14:30:00,"2454,864"
2025-09-14 14:45:00,"1795,655"
2025-09-14 15:00:00,"3065,950333333333"
2025-09-14 15:15:00,"3042,8569999999995"
2025-09-14 15:30:00,"2442,454666666667"
2025-09-14 15:45:00,"1069,5033333333333"
2025-09-14 16:00:00,"2481,7459999999996"
2025-09-14 16:15:00,"3600,508333333333"
2025-09-14 16:30:00,"2227,260333333333"
2025-09-14 16:45:00,"1058,073666666667"
2025-09-14 17:00:00,"989,4926666666665"
2025-09-14 17:15:00,"749,8833333333333"
2025-09-14 17:30:00,"813,8486666666665"
2025-09-14 17:45:00,"754,3806666666666"
2025-09-14 18:00:00,"939,0523333333333"
2025-09-14 18:15:00,"446,75533333333334"
2025-09-14 18:30:00,"69,84666666666666"
2025-09-14 18:45:00,"24,731333333333332"
2025-09-14 19:00:00,"74,21233333333333"
2025-09-14 19:15:00,"35,011"
2025-09-14 19:30:00,"2,9073333333333333"
2025-09-14 19:45:00,"0,0"
2025-09-14 20:00:00,"0,0"
2025-09-14 20:15:00,"0,0"
2025-09-14 20:30:00,"0,0"
2025-09-14 20:45:00,"0,0"
2025-09-14 21:00:00,"0,0"
2025-09-14 21:15:00,"0,0"
2025-09-14 21:30:00,"0,0"
2025-09-14 21:45:00,"0,0"
2025-09-14 22:00:00,"0,0"
2025-09-14 22:15:00,"0,0"
2025-09-14 22:30:00,"0,0"
2025-09-14 22:45:00,"0,0"
2025-09-14 23:00:00,"0,0"
2025-09-14 23:15:00,"0,0"
2025-09-14 23:30:00,"0,0"
2025-09-14 23:45:00,"0,0"
2025-09-15 00:00:00,"0,0"
2025-09-15 00:15:00,"0,0"
2025-09-15 00:30:00,"0,0"
2025-09-15 00:45:00,"0,0"
2025-09-15 01:00:00,"0,0"
2025-09-15 01:15:00,"0,0"
2025-09-15 01:30:00,"0,0"
2025-09-15 01:45:00,"0,0"
2025-09-15 02:00:00,"0,0"
2025-09-15 02:15:00,"0,0"
2025-09-15 02:30:00,"0,0"
2025-09-15 02:45:00,"0,0"
2025-09-15 03:00:00,"0,0"
2025-09-15 03:15:00,"0,0"
2025-09-15 03:30:00,"0,0"
2025-09-15 03:45:00,"0,48833333333333334"
2025-09-15 04:00:00,"0,0"
2025-09-15 04:15:00,"0,0"
2025-09-15 04:30:00,"0,0"
2025-09-15 04:45:00,"0,0"
2025-09-15 05:00:00,"0,0"
2025-09-15 05:15:00,"0,0"
2025-09-15 05:30:00,"0,0"
2025-09-15 05:45:00,"0,0"
2025-09-15 06:00:00,"0,0"
2025-09-15 06:15:00,"0,0"
2025-09-15 06:30:00,"0,0"
2025-09-15 06:45:00,"0,0"
2025-09-15 07:00:00,"0,0"
2025-09-15 07:15:00,"60,553"
2025-09-15 07:30:00,"324,79966666666667"
2025-09-15 07:45:00,"314,129"
2025-09-15 08:00:00,"178,04066666666665"
2025-09-15 08:15:00,"209,816"
2025-09-15 08:30:00,"421,46166666666664"
2025-09-15 08:45:00,"776,0763333333333"
2025-09-15 09:00:00,"1663,2283333333332"
2025-09-15 09:15:00,"1694,7946666666667"
2025-09-15 09:30:00,"2524,672666666667"
2025-09-15 09:45:00,"2252,730333333333"
2025-09-15 10:00:00,"3664,0236666666665"
2025-09-15 10:15:00,"2964,8379999999997"
2025-09-15 10:30:00,"2125,4466666666663"
2025-09-15 10:45:00,"2528,218"
2025-09-15 11:00:00,"2990,9270000000006"
2025-09-15 11:15:00,"2935,359333333333"
2025-09-15 11:30:00,"3405,270333333333"
2025-09-15 11:45:00,"3235,8103333333333"
2025-09-15 12:00:00,"2426,6963333333333"
2025-09-15 12:15:00,"2539,389"
2025-09-15 12:30:00,"3842,2826666666665"
2025-09-15 12:45:00,"4144,544333333333"
2025-09-15 13:00:00,"2328,337"
2025-09-15 13:15:00,"2445,7503333333334"
2025-09-15 13:30:00,"2523,217333333333"
2025-09-15 13:45:00,"3569,207333333333"
2025-09-15 14:00:00,"3542,0666666666666"
2025-09-15 14:15:00,"3754,2576666666673"
2025-09-15 14:30:00,"3518,4676666666664"
2025-09-15 14:45:00,"3263,84"
2025-09-15 15:00:00,"3474,0393333333336"
2025-09-15 15:15:00,"2864,895666666667"
2025-09-15 15:30:00,"2884,582"
2025-09-15 15:45:00,"2865,9849999999997"
2025-09-15 16:00:00,"2940,3586666666665"
2025-09-15 16:15:00,"2524,066"
2025-09-15 16:30:00,"2133,393666666667"
2025-09-15 16:45:00,"2093,8976666666667"
2025-09-15 17:00:00,"1967,1406666666667"
2025-09-15 17:15:00,"2547,4426666666664"
2025-09-15 17:30:00,"2775,1899999999996"
2025-09-15 17:45:00,"2036,7149999999997"
2025-09-15 18:00:00,"1254,4820000000002"
2025-09-15 18:15:00,"839,1323333333332"
2025-09-15 18:30:00,"536,8943333333334"
2025-09-15 18:45:00,"337,59333333333336"
2025-09-15 19:00:00,"99,30566666666667"
2025-09-15 19:15:00,"11,631333333333334"
2025-09-15 19:30:00,"0,485"
2025-09-15 19:45:00,"0,0"
2025-09-15 20:00:00,"0,0"
2025-09-15 20:15:00,"0,0"
2025-09-15 20:30:00,"0,0"
2025-09-15 20:45:00,"0,0"
2025-09-15 21:00:00,"0,0"
2025-09-15 21:15:00,"0,0"
2025-09-15 21:30:00,"0,0"
2025-09-15 21:45:00,"0,0"
2025-09-15 22:00:00,"0,0"
2025-09-15 22:15:00,"0,0"
2025-09-15 22:30:00,"0,0"
2025-09-15 22:45:00,"0,0"
2025-09-15 23:00:00,"0,0"
2025-09-15 23:15:00,"0,0"
2025-09-15 23:30:00,"0,0"
2025-09-15 23:45:00,"0,0"
2025-09-16 00:00:00,"0,0"
2025-09-16 00:15:00,"0,0"
2025-09-16 00:30:00,"0,0"
2025-09-16 00:45:00,"0,0"
2025-09-16 01:00:00,"0,0"
2025-09-16 01:15:00,"0,0"
2025-09-16 01:30:00,"0,0"
2025-09-16 01:45:00,"0,0"
2025-09-16 02:00:00,"0,0"
2025-09-16 02:15:00,"0,0"
2025-09-16 02:30:00,"0,0"
2025-09-16 02:45:00,"0,0"
2025-09-16 03:00:00,"0,0"
2025-09-16 03:15:00,"0,0"
2025-09-16 03:30:00,"0,0"
2025-09-16 03:45:00,"0,0"
2025-09-16 04:00:00,"0,0"
2025-09-16 04:15:00,"0,0"
2025-09-16 04:30:00,"0,0"
2025-09-16 04:45:00,"0,0"
2025-09-16 05:00:00,"0,0"
2025-09-16 05:15:00,"0,0"
2025-09-16 05:30:00,"0,0"
2025-09-16 05:45:00,"0,0"
2025-09-16 06:00:00,"0,0"
2025-09-16 06:15:00,"0,0"
2025-09-16 06:30:00,"0,0"
2025-09-16 06:45:00,"0,0"
2025-09-16 07:00:00,"1,9403333333333332"
2025-09-16 07:15:00,"35,42633333333334"
2025-09-16 07:30:00,"88,27866666666667"
2025-09-16 07:45:00,"209,40000000000003"
2025-09-16 08:00:00,"375,66833333333335"
2025-09-16 08:15:00,"634,3253333333333"
2025-09-16 08:30:00,"636,2230000000001"
2025-09-16 08:45:00,"634,124"
2025-09-16 09:00:00,"1086,6316666666667"
2025-09-16 09:15:00,"1232,9910000000002"
2025-09-16 09:30:00,"2321,822666666667"
2025-09-16 09:45:00,"3326,456666666667"
2025-09-16 10:00:00,"3671,9456666666665"
2025-09-16 10:15:00,"3962,838666666667"
2025-09-16 10:30:00,"3867,4463333333333"
2025-09-16 10:45:00,"3711,4646666666667"
2025-09-16 11:00:00,"3145,5210000000006"
2025-09-16 11:15:00,"4226,7046666666665"
2025-09-16 11:30:00,"2642,699666666667"
2025-09-16 11:45:00,"1927,4176666666667"
2025-09-16 12:00:00,"2733,8703333333333"
2025-09-16 12:15:00,"3431,6289999999995"
2025-09-16 12:30:00,"3390,6033333333335"
2025-09-16 12:45:00,"3190,179333333333"
2025-09-16 13:00:00,"3460,851666666666"
2025-09-16 13:15:00,"1491,4766666666662"
2025-09-16 13:30:00,"1834,6853333333331"
2025-09-16 13:45:00,"2548,925333333333"
2025-09-16 14:00:00,"3166,390666666666"
2025-09-16 14:15:00,"2687,163666666667"
2025-09-16 14:30:00,"2582,3936666666664"
2025-09-16 14:45:00,"2219,092666666666"
2025-09-16 15:00:00,"2489,772"
2025-09-16 15:15:00,"1832,994666666666"
2025-09-16 15:30:00,"1932,914333333333"
2025-09-16 15:45:00,"2720,7613333333325"
2025-09-16 16:00:00,"2611,176999999999"
2025-09-16 16:15:00,"2363,3589999999995"
2025-09-16 16:30:00,"2555,180666666666"
2025-09-16 16:45:00,"1869,3733333333328"
2025-09-16 17:00:00,"1589,5009999999993"
2025-09-16 17:15:00,"2188,111999999999"
2025-09-16 17:30:00,"1364,780666666666"
2025-09-16 17:45:00,"1469,5823333333326"
2025-09-16 18:00:00,"1138,145333333333"
2025-09-16 18:15:00,"1044,0996666666663"
2025-09-16 18:30:00,"642,5096666666662"
2025-09-16 18:45:00,"385,6176666666662"
2025-09-16 19:00:00,"156,94766666666624"
2025-09-16 19:15:00,"18,923333333332888"
2025-09-16 19:30:00,"0,0"
2025-09-16 19:45:00,"0,0"
2025-09-16 20:00:00,"0,0"
2025-09-16 20:15:00,"0,0"
2025-09-16 20:30:00,"0,0"
2025-09-16 20:45:00,"0,0"
2025-09-16 21:00:00,"0,0"
2025-09-16 21:15:00,"0,0"
2025-09-16 21:30:00,"0,0"
2025-09-16 21:45:00,"0,0"
2025-09-16 22:00:00,"0,0"
2025-09-16 22:15:00,"0,0"
2025-09-16 22:30:00,"0,0"
2025-09-16 22:45:00,"0,0"
2025-09-16 23:00:00,"0,0"
2025-09-16 23:15:00,"0,0"
2025-09-16 23:30:00,"0,0"
2025-09-16 23:45:00,"0,0"
2025-09-17 00:00:00,"0,0"
2025-09-17 00:15:00,"0,0"
2025-09-17 00:30:00,"0,0"
2025-09-17 00:45:00,"0,0"
2025-09-17 01:00:00,"0,0"
2025-09-17 01:15:00,"0,0"
2025-09-17 01:30:00,"0,0"
2025-09-17 01:45:00,"0,0"
2025-09-17 02:00:00,"0,0"
2025-09-17 02:15:00,"0,0"
2025-09-17 02:30:00,"0,0"
2025-09-17 02:45:00,"0,0"
2025-09-17 03:00:00,"0,0"
2025-09-17 03:15:00,"0,0"
2025-09-17 03:30:00,"0,0"
2025-09-17 03:45:00,"0,0"
2025-09-17 04:00:00,"0,0"
2025-09-17 04:15:00,"0,0"
2025-09-17 04:30:00,"0,0"
2025-09-17 04:45:00,"0,0"
2025-09-17 05:00:00,"0,0"
2025-09-17 05:15:00,"0,0"
2025-09-17 05:30:00,"0,0"
2025-09-17 05:45:00,"0,0"
2025-09-17 06:00:00,"0,0"
2025-09-17 06:15:00,"0,0"
2025-09-17 06:30:00,"0,0"
2025-09-17 06:45:00,"0,0"
2025-09-17 07:00:00,"0,9669999999995559"
2025-09-17 07:15:00,"24,763333333332888"
2025-09-17 07:30:00,"127,08266666666623"
2025-09-17 07:45:00,"325,5193333333329"
2025-09-17 08:00:00,"391,9183333333329"
2025-09-17 08:15:00,"513,0553333333329"
2025-09-17 08:30:00,"735,5029999999996"
2025-09-17 08:45:00,"1358,1786666666662"
2025-09-17 09:00:00,"1350,8576666666663"
2025-09-17 09:15:00,"1533,1763333333329"
2025-09-17 09:30:00,"2474,2146666666663"
2025-09-17 09:45:00,"3056,726666666666"
2025-09-17 10:00:00,"2787,491333333333"
2025-09-17 10:15:00,"2753,6839999999997"
2025-09-17 10:30:00,"3239,807666666666"
2025-09-17 10:45:00,"3561,565333333333"
2025-09-17 11:00:00,"3512,9046666666663"
2025-09-17 11:15:00,"4118,053999999999"
2025-09-17 11:30:00,"2650,177333333333"
2025-09-17 11:45:00,"2564,4129999999996"
2025-09-17 12:00:00,"2878,163333333333"
2025-09-17 12:15:00,"2615,9279999999994"
2025-09-17 12:30:00,"3938,5863333333327"
2025-09-17 12:45:00,"2399,3549999999996"
2025-09-17 13:00:00,"2361,4519999999993"
2025-09-17 13:15:00,"1686,679333333333"
2025-09-17 13:30:00,"2475,006333333333"
2025-09-17 13:45:00,"2227,855666666666"
2025-09-17 14:00:00,"2416,200666666666"
2025-09-17 14:15:00,"2795,329666666666"
2025-09-17 14:30:00,"1701,860666666666"
2025-09-17 14:45:00,"1516,2586666666662"
2025-09-17 15:00:00,"1893,8514999999993"
2025-09-17 15:15:00,"2743,314666666666"
2025-09-17 15:30:00,"2596,126999999999"
2025-09-17 15:45:00,"2176,0083333333328"
2025-09-17 16:00:00,"1902,0743333333326"
2025-09-17 16:15:00,"1492,1056666666661"
2025-09-17 16:30:00,"1558,8629999999994"
2025-09-17 16:45:00,"1634,863666666666"
2025-09-17 17:00:00,"1327,639666666666"
2025-09-17 17:15:00,"1498,7969999999996"
2025-09-17 17:30:00,"1612,2983333333327"
2025-09-17 17:45:00,"1459,0233333333326"
2025-09-17 18:00:00,"1600,2109999999996"
2025-09-17 18:15:00,"904,9779999999994"
2025-09-17 18:30:00,"579,269666666666"
2025-09-17 18:45:00,"423,4463333333327"
2025-09-17 19:00:00,"174,33899999999937"
2025-09-17 19:15:00,"27,77499999999941"
2025-09-17 19:30:00,"0,48833333333274115"
2025-09-17 19:45:00,"0,0"
2025-09-17 20:00:00,"0,0"
2025-09-17 20:15:00,"0,0"
2025-09-17 20:30:00,"0,0"
2025-09-17 20:45:00,"0,0"
2025-09-17 21:00:00,"0,0"
2025-09-17 21:15:00,"0,0"
2025-09-17 21:30:00,"0,0"
2025-09-17 21:45:00,"0,0"
2025-09-17 22:00:00,"0,0"
2025-09-17 22:15:00,"0,0"
2025-09-17 22:30:00,"0,0"
2025-09-17 22:45:00,"0,0"
2025-09-17 23:00:00,"0,0"
2025-09-17 23:15:00,"0,0"
2025-09-17 23:30:00,"0,0"
2025-09-17 23:45:00,"0,0"
2025-09-18 00:00:00,"0,0"
2025-09-18 00:15:00,"0,0"
2025-09-18 00:30:00,"0,0"
2025-09-18 00:45:00,"0,0"
2025-09-18 01:00:00,"0,0"
2025-09-18 01:15:00,"0,0"
2025-09-18 01:30:00,"0,0"
2025-09-18 01:45:00,"0,0"
2025-09-18 02:00:00,"0,0"
2025-09-18 02:15:00,"0,0"
2025-09-18 02:30:00,"0,0"
2025-09-18 02:45:00,"0,0"
2025-09-18 03:00:00,"0,0"
2025-09-18 03:15:00,"0,0"
2025-09-18 03:30:00,"0,0"
2025-09-18 03:45:00,"0,0"
2025-09-18 04:00:00,"0,0"
2025-09-18 04:15:00,"0,0"
2025-09-18 04:30:00,"0,0"
2025-09-18 04:45:00,"0,0"
2025-09-18 05:00:00,"0,0"
2025-09-18 05:15:00,"0,0"
2025-09-18 05:30:00,"0,0"
2025-09-18 05:45:00,"0,0"
2025-09-18 06:00:00,"0,0"
2025-09-18 06:15:00,"0,0"
2025-09-18 06:30:00,"0,0"
2025-09-18 06:45:00,"0,0"
2025-09-18 07:00:00,"0,0"
2025-09-18 07:15:00,"60,19933333333274"
2025-09-18 07:30:00,"100,88966666666606"
2025-09-18 07:45:00,"204,6899999999994"
2025-09-18 08:00:00,"332,25766666666607"
2025-09-18 08:15:00,"408,39466666666607"
2025-09-18 08:30:00,"483,10733333333275"
2025-09-18 08:45:00,"584,0039999999995"
2025-09-18 09:00:00,"854,168666666666"
2025-09-18 09:15:00,"1332,3663333333327"
2025-09-18 09:30:00,"2219,4679999999994"
2025-09-18 09:45:00,"2943,753666666666"
2025-09-18 10:00:00,"3177,7699999999995"
2025-09-18 10:15:00,"3309,4796666666657"
2025-09-18 10:30:00,"3398,7286666666664"
2025-09-18 10:45:00,"3401,3703333333324"
2025-09-18 11:00:00,"3383,206999999999"
2025-09-18 11:15:00,"3408,287666666666"
2025-09-18 11:30:00,"3424,839"
2025-09-18 11:45:00,"3397,2736666666665"
2025-09-18 12:00:00,"3415,5846666666657"
2025-09-18 12:15:00,"3470,9376666666662"
2025-09-18 12:30:00,"3540,405666666666"
2025-09-18 12:45:00,"3582,5616666666665"
2025-09-18 13:00:00,"3659,6843333333327"
2025-09-18 13:15:00,"3623,6709999999994"
2025-09-18 13:30:00,"3524,840999999999"
2025-09-18 13:45:00,"3452,568666666666"
2025-09-18 14:00:00,"3405,3463333333325"
2025-09-18 14:15:00,"3315,3003333333327"
2025-09-18 14:30:00,"3262,9149999999995"
2025-09-18 14:45:00,"3179,9456666666665"
2025-09-18 15:00:00,"2667,761666666666"
2025-09-18 15:15:00,"2481,655666666666"
2025-09-18 15:30:00,"2322,1213333333326"
2025-09-18 15:45:00,"2161,8679999999995"
2025-09-18 16:00:00,"2162,3049999999994"
2025-09-18 16:15:00,"2139,0596666666665"
2025-09-18 16:30:00,"1995,970666666666"
2025-09-18 16:45:00,"1953,6423333333328"
2025-09-18 17:00:00,"1820,3883333333329"
2025-09-18 17:15:00,"1638,8939999999993"
2025-09-18 17:30:00,"1495,886666666666"
2025-09-18 17:45:00,"1198,1483333333326"
2025-09-18 18:00:00,"1013,2643333333328"
2025-09-18 18:15:00,"675,6713333333329"
2025-09-18 18:30:00,"453,0346666666661"
2025-09-18 18:45:00,"299,03149999999914"
2025-09-18 19:00:00,"136,71866666666608"
2025-09-18 19:15:00,"35,861666666666075"
2025-09-18 19:30:00,"1,9403333333327413"
2025-09-18 19:45:00,"0,0"
2025-09-18 20:00:00,"0,0"
2025-09-18 20:15:00,"0,0"
2025-09-18 20:30:00,"0,0"
2025-09-18 20:45:00,"0,48499999999940785"
2025-09-18 21:00:00,"0,0"
2025-09-18 21:15:00,"0,0"
2025-09-18 21:30:00,"0,0"
2025-09-18 21:45:00,"0,0"
2025-09-18 22:00:00,"0,0"
2025-09-18 22:15:00,"0,0"
2025-09-18 22:30:00,"0,0"
2025-09-18 22:45:00,"0,0"
2025-09-18 23:00:00,"0,0"
2025-09-18 23:15:00,"0,0"
2025-09-18 23:30:00,"0,0"
2025-09-18 23:45:00,"0,0"
2025-09-19 00:00:00,"0,0"
2025-09-19 00:15:00,"0,0"
2025-09-19 00:30:00,"0,0"
2025-09-19 00:45:00,"0,0"
2025-09-19 01:00:00,"0,0"
2025-09-19 01:15:00,"0,0"
2025-09-19 01:30:00,"0,0"
2025-09-19 01:45:00,"0,0"
2025-09-19 02:00:00,"0,0"
2025-09-19 02:15:00,"0,0"
2025-09-19 02:30:00,"0,0"
2025-09-19 02:45:00,"0,0"
2025-09-19 03:00:00,"0,0"
2025-09-19 03:15:00,"0,0"
2025-09-19 03:30:00,"0,0"
2025-09-19 03:45:00,"0,0"
2025-09-19 04:00:00,"0,0"
2025-09-19 04:15:00,"0,0"
2025-09-19 04:30:00,"0,0"
2025-09-19 04:45:00,"0,0"
2025-09-19 05:00:00,"0,0"
2025-09-19 05:15:00,"0,0"
2025-09-19 05:30:00,"0,0"
2025-09-19 05:45:00,"0,0"
2025-09-19 06:00:00,"0,0"
2025-09-19 06:15:00,"0,0"
2025-09-19 06:30:00,"0,0"
2025-09-19 06:45:00,"0,0"
2025-09-19 07:00:00,"7,275666666666075"
2025-09-19 07:15:00,"54,24333333333275"
2025-09-19 07:30:00,"140,9949999999994"
2025-09-19 07:45:00,"255,1349999999994"
2025-09-19 08:00:00,"350,68933333333274"
2025-09-19 08:15:00,"425,6294999999991"
2025-09-19 08:30:00,"491,35333333333267"
2025-09-19 08:45:00,"591,7579999999995"
2025-09-19 09:00:00,"835,7369999999994"
2025-09-19 09:15:00,"1277,1299999999994"
2025-09-19 09:30:00,"2106,4253333333327"
2025-09-19 09:45:00,"2944,7239999999993"
2025-09-19 10:00:00,"3230,8763333333327"
2025-09-19 10:15:00,"3364,0733333333324"
2025-09-19 10:30:00,"3437,0709999999995"
2025-09-19 10:45:00,"3430,101333333333"
2025-09-19 11:00:00,"3413,2799999999997"
2025-09-19 11:15:00,"3440,5209999999993"
2025-09-19 11:30:00,"3462,715999999999"
2025-09-19 11:45:00,"3432,0059999999994"
2025-09-19 12:00:00,"3438,434666666666"
2025-09-19 12:15:00,"3487,428999999999"
2025-09-19 12:30:00,"3541,8176666666664"
2025-09-19 12:45:00,"3595,657999999999"
2025-09-19 13:00:00,"3655,8036666666662"
2025-09-19 13:15:00,"3633,199666666666"
2025-09-19 13:30:00,"3545,697666666666"
2025-09-19 13:45:00,"3461,784666666666"
2025-09-19 14:00:00,"3373,505999999999"
2025-09-19 14:15:00,"3301,6966666666663"
2025-09-19 14:30:00,"3218,291666666666"
2025-09-19 14:45:00,"3142,7883333333334"
2025-09-19 15:00:00,"2709,488999999999"
2025-09-19 15:15:00,"2570,751999999999"
2025-09-19 15:30:00,"2363,6369999999993"
2025-09-19 15:45:00,"2139,0599999999995"
2025-09-19 16:00:00,"2075,518666666666"
2025-09-19 16:15:00,"2012,4623333333332"
2025-09-19 16:30:00,"1994,5153333333326"
2025-09-19 16:45:00,"1961,5616666666658"
2025-09-19 17:00:00,"1556,3196666666659"
2025-09-19 17:15:00,"1478,6056666666661"
2025-09-19 17:30:00,"1447,7379999999994"
2025-09-19 17:45:00,"1359,3769999999995"
2025-09-19 18:00:00,"1002,7449999999991"
2025-09-19 18:15:00,"679,0666666666659"
2025-09-19 18:30:00,"450,9989999999993"
2025-09-19 18:45:00,"255,13499999999928"
2025-09-19 19:00:00,"90,51099999999927"
2025-09-19 19:15:00,"14,066333333332592"
2025-09-19 19:30:00,"0,0"
2025-09-19 19:45:00,"0,0"
2025-09-19 20:00:00,"0,0"
2025-09-19 20:15:00,"0,0"
2025-09-19 20:30:00,"0,0"
2025-09-19 20:45:00,"0,0"
2025-09-19 21:00:00,"0,0"
2025-09-19 21:15:00,"0,0"
2025-09-19 21:30:00,"0,0"
2025-09-19 21:45:00,"0,0"
2025-09-19 22:00:00,"0,0"
2025-09-19 22:15:00,"0,0"
2025-09-19 22:30:00,"0,0"
2025-09-19 22:45:00,"0,0"
2025-09-19 23:00:00,"0,0"
2025-09-19 23:15:00,"0,0"
2025-09-19 23:30:00,"0,0"
2025-09-19 23:45:00,"0,0"
2025-09-20 00:00:00,"0,0"
2025-09-20 00:15:00,"0,0"
2025-09-20 00:30:00,"0,0"
2025-09-20 00:45:00,"0,0"
2025-09-20 01:00:00,"0,0"
2025-09-20 01:15:00,"0,0"
2025-09-20 01:30:00,"0,0"
2025-09-20 01:45:00,"0,0"
2025-09-20 02:00:00,"0,0"
2025-09-20 02:15:00,"0,0"
2025-09-20 02:30:00,"0,0"
2025-09-20 02:45:00,"0,0"
2025-09-20 03:00:00,"0,0"
2025-09-20 03:15:00,"0,0"
2025-09-20 03:30:00,"0,0"
2025-09-20 03:45:00,"0,0"
2025-09-20 04:00:00,"0,0"
2025-09-20 04:15:00,"0,48499999999925986"
2025-09-20 04:30:00,"0,0"
2025-09-20 04:45:00,"0,0"
2025-09-20 05:00:00,"0,0"
2025-09-20 05:15:00,"0,0"
2025-09-20 05:30:00,"0,0"
2025-09-20 05:45:00,"0,0"
2025-09-20 06:00:00,"0,0"
2025-09-20 06:15:00,"0,0"
2025-09-20 06:30:00,"0,0"
2025-09-20 06:45:00,"0,0"
2025-09-20 07:00:00,"9,70899999999926"
2025-09-20 07:15:00,"54,828333333332594"
2025-09-20 07:30:00,"199,35433333333262"
2025-09-20 07:45:00,"336,234666666666"
2025-09-20 08:00:00,"331,3019999999993"
2025-09-20 08:15:00,"356,6719999999993"
2025-09-20 08:30:00,"458,36999999999927"
2025-09-20 08:45:00,"578,8786666666659"
2025-09-20 09:00:00,"897,8229999999993"
2025-09-20 09:15:00,"1357,6483333333326"
2025-09-20 09:30:00,"2277,8886666666663"
2025-09-20 09:45:00,"3014,5709999999995"
2025-09-20 10:00:00,"3184,447666666666"
2025-09-20 10:15:00,"3314,815666666666"
2025-09-20 10:30:00,"3355,5589999999993"
2025-09-20 10:45:00,"3334,770333333333"
2025-09-20 11:00:00,"3310,4499999999994"
2025-09-20 11:15:00,"3335,1873333333324"
2025-09-20 11:30:00,"3276,0163333333326"
2025-09-20 11:45:00,"3248,8489999999993"
2025-09-20 12:00:00,"3257,094666666666"
2025-09-20 12:15:00,"3306,116666666666"
2025-09-20 12:30:00,"3352,6489999999994"
2025-09-20 12:45:00,"3412,309666666666"
2025-09-20 13:00:00,"3436,0769999999993"
2025-09-20 13:15:00,"3452,0839999999994"
2025-09-20 13:30:00,"3376,4163333333327"
2025-09-20 13:45:00,"3289,5926666666655"
2025-09-20 14:00:00,"3253,9936666666663"
2025-09-20 14:15:00,"3239,803333333333"
2025-09-20 14:30:00,"3141,6089999999995"
2025-09-20 14:45:00,"3032,0769999999993"
2025-09-20 15:00:00,"2752,9589999999994"
2025-09-20 15:15:00,"2471,8026666666656"
2025-09-20 15:30:00,"2291,768999999999"
2025-09-20 15:45:00,"2096,6336666666657"
2025-09-20 16:00:00,"1990,1503333333326"
2025-09-20 16:15:00,"1972,6849999999993"
2025-09-20 16:30:00,"1918,848333333333"
2025-09-20 16:45:00,"1876,6489999999994"
2025-09-20 17:00:00,"1638,4909999999995"
2025-09-20 17:15:00,"1535,671666666666"
2025-09-20 17:30:00,"1443,0166666666662"
2025-09-20 17:45:00,"1120,0429999999992"
2025-09-20 18:00:00,"971,7799999999993"
2025-09-20 18:15:00,"646,0833333333328"
2025-09-20 18:30:00,"417,62566666666606"
2025-09-20 18:45:00,"229,91266666666607"
2025-09-20 19:00:00,"75,38199999999941"
2025-09-20 19:15:00,"8,714999999999408"
2025-09-20 19:30:00,"0,0"
2025-09-20 19:45:00,"0,48499999999940785"
2025-09-20 20:00:00,"0,0"
2025-09-20 20:15:00,"0,0"
2025-09-20 20:30:00,"0,0"
2025-09-20 20:45:00,"0,0"
2025-09-20 21:00:00,"0,0"
2025-09-20 21:15:00,"0,0"
2025-09-20 21:30:00,"0,0"
2025-09-20 21:45:00,"0,0"
2025-09-20 22:00:00,"0,0"
2025-09-20 22:15:00,"0,0"
2025-09-20 22:30:00,"0,0"
2025-09-20 22:45:00,"0,0"
2025-09-20 23:00:00,"0,0"
2025-09-20 23:15:00,"0,0"
2025-09-20 23:30:00,"0,0"
2025-09-20 23:45:00,"0,0"
2025-09-21 00:00:00,"0,0"
2025-09-21 00:15:00,"0,0"
2025-09-21 00:30:00,"0,0"
2025-09-21 00:45:00,"0,0"
2025-09-21 01:00:00,"0,0"
2025-09-21 01:15:00,"0,0"
2025-09-21 01:30:00,"0,0"
2025-09-21 01:45:00,"0,0"
2025-09-21 02:00:00,"0,0"
2025-09-21 02:15:00,"0,0"
2025-09-21 02:30:00,"0,0"
2025-09-21 02:45:00,"0,0"
2025-09-21 03:00:00,"0,0"
2025-09-21 03:15:00,"0,0"
2025-09-21 03:30:00,"0,0"
2025-09-21 03:45:00,"0,0"
2025-09-21 04:00:00,"0,0"
2025-09-21 04:15:00,"0,0"
2025-09-21 04:30:00,"0,0"
2025-09-21 04:45:00,"0,0"
2025-09-21 05:00:00,"0,0"
2025-09-21 05:15:00,"0,0"
2025-09-21 05:30:00,"0,0"
2025-09-21 05:45:00,"0,0"
2025-09-21 06:00:00,"0,0"
2025-09-21 06:15:00,"0,0"
2025-09-21 06:30:00,"0,0"
2025-09-21 06:45:00,"0,0"
2025-09-21 07:00:00,"0,0"
2025-09-21 07:15:00,"48,181333333332745"
2025-09-21 07:30:00,"122,23199999999942"
2025-09-21 07:45:00,"165,76633333333274"
2025-09-21 08:00:00,"242,1906666666661"
2025-09-21 08:15:00,"386,5246666666661"
2025-09-21 08:30:00,"525,3063333333328"
2025-09-21 08:45:00,"669,296666666666"
2025-09-21 09:00:00,"815,3166666666662"
2025-09-21 09:15:00,"1286,8313333333329"
2025-09-21 09:30:00,"1185,9413333333328"
2025-09-21 09:45:00,"2915,6213333333326"
2025-09-21 10:00:00,"3171,7329999999997"
2025-09-21 10:15:00,"3188,703"
2025-09-21 10:30:00,"3224,596333333333"
2025-09-21 10:45:00,"3226,536333333333"
2025-09-21 11:00:00,"3217,671333333333"
2025-09-21 11:15:00,"3237,692333333333"
2025-09-21 11:30:00,"3168,582333333333"
2025-09-21 11:45:00,"3126,6169999999997"
2025-09-21 12:00:00,"3146,503666666666"
2025-09-21 12:15:00,"3169,0319999999992"
2025-09-21 12:30:00,"3232,4559999999997"
2025-09-21 12:45:00,"3550,7916666666665"
2025-09-21 13:00:00,"1607,4476666666665"
2025-09-21 13:15:00,"2475,408"
2025-09-21 13:30:00,"3724,1953333333327"
2025-09-21 13:45:00,"3434,1369999999997"
2025-09-21 14:00:00,"3341,6966666666663"
2025-09-21 14:15:00,"1787,5396666666666"
2025-09-21 14:30:00,"2496,5399999999995"
2025-09-21 14:45:00,"3015,0559999999996"
2025-09-21 15:00:00,"2832,419333333333"
2025-09-21 15:15:00,"2959,7879999999996"
2025-09-21 15:30:00,"2521,483666666666"
2025-09-21 15:45:00,"2373,3329999999996"
2025-09-21 16:00:00,"2778,8959999999997"
2025-09-21 16:15:00,"2024,5889999999993"
2025-09-21 16:30:00,"2287,7844999999993"
2025-09-21 16:45:00,"1930,4896666666662"
2025-09-21 17:00:00,"1187,2799999999995"
2025-09-21 17:15:00,"1525,4746666666658"
2025-09-21 17:30:00,"850,2883333333327"
2025-09-21 17:45:00,"1501,7663333333326"
2025-09-21 18:00:00,"1206,7983333333327"
2025-09-21 18:15:00,"423,76999999999947"
2025-09-21 18:30:00,"142,34424999999956"
2025-09-21 18:45:00,"44,33133333333274"
2025-09-21 19:00:00,"2,4396666666660747"
2025-09-21 19:15:00,"0,0"
2025-09-21 19:30:00,"0,0"
2025-09-21 19:45:00,"0,0"
2025-09-21 20:00:00,"0,0"
2025-09-21 20:15:00,"0,0"
2025-09-21 20:30:00,"0,0"
2025-09-21 20:45:00,"0,0"
2025-09-21 21:00:00,"0,0"
2025-09-21 21:15:00,"0,0"
2025-09-21 21:30:00,"0,0"
2025-09-21 21:45:00,"0,0"
2025-09-21 22:00:00,"0,0"
2025-09-21 22:15:00,"0,0"
2025-09-21 22:30:00,"0,0"
2025-09-21 22:45:00,"0,0"
2025-09-21 23:00:00,"0,0"
2025-09-21 23:15:00,"0,0"
2025-09-21 23:30:00,"0,0"
2025-09-21 23:45:00,"0,0"
2025-09-22 00:00:00,"0,0"
2025-09-22 00:15:00,"0,0"
2025-09-22 00:30:00,"0,0"
2025-09-22 00:45:00,"0,0"
2025-09-22 01:00:00,"0,0"
2025-09-22 01:15:00,"0,0"
2025-09-22 01:30:00,"0,0"
2025-09-22 01:45:00,"0,0"
2025-09-22 02:00:00,"0,0"
2025-09-22 02:15:00,"0,0"
2025-09-22 02:30:00,"0,0"
2025-09-22 02:45:00,"0,0"
2025-09-22 03:00:00,"0,0"
2025-09-22 03:15:00,"0,0"
2025-09-22 03:30:00,"0,0"
2025-09-22 03:45:00,"0,0"
2025-09-22 04:00:00,"0,0"
2025-09-22 04:15:00,"0,0"
2025-09-22 04:30:00,"0,0"
2025-09-22 04:45:00,"0,0"
2025-09-22 05:00:00,"0,0"
2025-09-22 05:15:00,"0,0"
2025-09-22 05:30:00,"0,0"
2025-09-22 05:45:00,"0,0"
2025-09-22 06:00:00,"0,0"
2025-09-22 06:15:00,"0,0"
2025-09-22 06:30:00,"0,0"
2025-09-22 06:45:00,"0,0"
2025-09-22 07:00:00,"7,275666666666074"
2025-09-22 07:15:00,"6,797333333332742"
2025-09-22 07:30:00,"4,858666666666074"
2025-09-22 07:45:00,"7,748333333332741"
2025-09-22 08:00:00,"15,077999999999406"
2025-09-22 08:15:00,"27,03649999999911"
2025-09-22 08:30:00,"21,320999999999405"
2025-09-22 08:45:00,"28,15866666666608"
2025-09-22 09:00:00,"31,110666666666077"
2025-09-22 09:15:00,"53,35533333333275"
2025-09-22 09:30:00,"57,78033333333275"
2025-09-22 09:45:00,"82,3749999999994"
2025-09-22 10:00:00,"74,72533333333276"
2025-09-22 10:15:00,"83,13399999999942"
2025-09-22 10:30:00,"78,5779999999994"
2025-09-22 10:45:00,"104,2849999999994"
2025-09-22 11:00:00,"104,28533333333274"
2025-09-22 11:15:00,"75,31133333333274"
2025-09-22 11:30:00,"149,76599999999942"
2025-09-22 11:45:00,"231,40466666666606"
2025-09-22 12:00:00,"233,8009999999994"
2025-09-22 12:15:00,"242,03866666666607"
2025-09-22 12:30:00,"260,52466666666606"
2025-09-22 12:45:00,"173,16233333333275"
2025-09-22 13:00:00,"161,03599999999943"
2025-09-22 13:15:00,"193,53433333333274"
2025-09-22 13:30:00,"263,3476666666661"
2025-09-22 13:45:00,"553,439666666666"
2025-09-22 14:00:00,"619,8906666666661"
2025-09-22 14:15:00,"373,6789999999994"
2025-09-22 14:30:00,"425,98899999999935"
2025-09-22 14:45:00,"489,59066666666604"
2025-09-22 15:00:00,"707,462666666666"
2025-09-22 15:15:00,"611,1599999999995"
2025-09-22 15:30:00,"721,6579999999993"
2025-09-22 15:45:00,"530,3626666666661"
2025-09-22 16:00:00,"522,7326666666662"
2025-09-22 16:15:00,"366,6023333333328"
2025-09-22 16:30:00,"307,6596666666661"
2025-09-22 16:45:00,"322,07133333333275"
2025-09-22 17:00:00,"288,9556666666661"
2025-09-22 17:15:00,"155,21499999999943"
2025-09-22 17:30:00,"77,53766666666611"
2025-09-22 17:45:00,"92,74566666666611"
2025-09-22 18:00:00,"55,518333333332784"
2025-09-22 18:15:00,"29,136999999999446"
2025-09-22 18:30:00,"4,842333333332778"
2025-09-22 18:45:00,"0,0"
2025-09-22 19:00:00,"0,0"
2025-09-22 19:15:00,"0,0"
2025-09-22 19:30:00,"0,0"
2025-09-22 19:45:00,"0,0"
2025-09-22 20:00:00,"0,0"
2025-09-22 20:15:00,"0,0"
2025-09-22 20:30:00,"0,0"
2025-09-22 20:45:00,"0,0"
2025-09-22 21:00:00,"0,0"
2025-09-22 21:15:00,"0,0"
2025-09-22 21:30:00,"0,0"
2025-09-22 21:45:00,"0,0"
2025-09-22 22:00:00,"0,0"
2025-09-22 22:15:00,"0,0"
2025-09-22 22:30:00,"0,0"
2025-09-22 22:45:00,"0,0"
2025-09-22 23:00:00,"0,0"
2025-09-22 23:15:00,"0,0"
2025-09-22 23:30:00,"0,0"
2025-09-22 23:45:00,"0,0"
2025-09-23 00:00:00,"0,0"
2025-09-23 00:15:00,"0,0"
2025-09-23 00:30:00,"0,0"
2025-09-23 00:45:00,"0,0"
2025-09-23 01:00:00,"0,0"
2025-09-23 01:15:00,"0,0"
2025-09-23 01:30:00,"0,0"
2025-09-23 01:45:00,"0,0"
2025-09-23 02:00:00,"0,0"
2025-09-23 02:15:00,"0,0"
2025-09-23 02:30:00,"0,0"
2025-09-23 02:45:00,"0,0"
2025-09-23 03:00:00,"0,0"
2025-09-23 03:15:00,"0,0"
2025-09-23 03:30:00,"0,0"
2025-09-23 03:45:00,"0,0"
2025-09-23 04:00:00,"0,0"
2025-09-23 04:15:00,"0,0"
2025-09-23 04:30:00,"0,0"
2025-09-23 04:45:00,"0,0"
2025-09-23 05:00:00,"0,0"
2025-09-23 05:15:00,"0,0"
2025-09-23 05:30:00,"0,0"
2025-09-23 05:45:00,"0,0"
2025-09-23 06:00:00,"0,0"
2025-09-23 06:15:00,"0,0"
2025-09-23 06:30:00,"0,0"
2025-09-23 06:45:00,"0,0"
2025-09-23 07:00:00,"0,0"
2025-09-23 07:15:00,"0,0"
2025-09-23 07:30:00,"0,0"
2025-09-23 07:45:00,"0,0"
2025-09-23 08:00:00,"3,886999999999445"
2025-09-23 08:15:00,"40,31566666666611"
2025-09-23 08:30:00,"82,84699999999945"
2025-09-23 08:45:00,"122,72766666666612"
2025-09-23 09:00:00,"138,72366666666613"
2025-09-23 09:15:00,"169,0926666666661"
2025-09-23 09:30:00,"247,11666666666613"
2025-09-23 09:45:00,"315,0509999999995"
2025-09-23 10:00:00,"339,0483333333328"
2025-09-23 10:15:00,"293,4346666666661"
2025-09-23 10:30:00,"323,4683333333328"
2025-09-23 10:45:00,"410,69599999999946"
2025-09-23 11:00:00,"505,9043333333327"
2025-09-23 11:15:00,"868,7203333333327"
2025-09-23 11:30:00,"745,7604999999992"
2025-09-23 11:45:00,"795,4779999999996"
2025-09-23 12:00:00,"794,5079999999995"
2025-09-23 12:15:00,"706,2293333333329"
2025-09-23 12:30:00,"515,7189999999995"
2025-09-23 12:45:00,"574,2366666666662"
2025-09-23 13:00:00,"708,1693333333329"
2025-09-23 13:15:00,"704,0813333333327"
2025-09-23 13:30:00,"680,0293333333328"
2025-09-23 13:45:00,"611,0049999999994"
2025-09-23 14:00:00,"565,5979999999995"
2025-09-23 14:15:00,"496,9216666666661"
2025-09-23 14:30:00,"482,62233333333285"
2025-09-23 14:45:00,"595,565333333333"
2025-09-23 15:00:00,"463,31733333333284"
2025-09-23 15:15:00,"576,7219999999994"
2025-09-23 15:30:00,"654,5033333333328"
2025-09-23 15:45:00,"537,1829999999994"
2025-09-23 16:00:00,"439,35333333333284"
2025-09-23 16:15:00,"401,06166666666616"
2025-09-23 16:30:00,"402,10433333333276"
2025-09-23 16:45:00,"455,54966666666616"
2025-09-23 17:00:00,"391,9183333333328"
2025-09-23 17:15:00,"354,5696666666662"
2025-09-23 17:30:00,"212,55499999999947"
2025-09-23 17:45:00,"79,62333333333281"
2025-09-23 18:00:00,"62,23099999999948"
2025-09-23 18:15:00,"43,10366666666615"
2025-09-23 18:30:00,"21,826999999999483"
2025-09-23 18:45:00,"0,9699999999994818"
2025-09-23 19:00:00,"0,0"
2025-09-23 19:15:00,"0,0"
2025-09-23 19:30:00,"0,0"
2025-09-23 19:45:00,"0,0"
2025-09-23 20:00:00,"0,0"
2025-09-23 20:15:00,"0,0"
2025-09-23 20:30:00,"0,0"
2025-09-23 20:45:00,"0,0"
2025-09-23 21:00:00,"0,0"
2025-09-23 21:15:00,"0,0"
2025-09-23 21:30:00,"0,0"
2025-09-23 21:45:00,"0,0"
2025-09-23 22:00:00,"0,0"
2025-09-23 22:15:00,"0,0"
2025-09-23 22:30:00,"0,0"
2025-09-23 22:45:00,"0,0"
2025-09-23 23:00:00,"0,0"
2025-09-23 23:15:00,"0,0"
2025-09-23 23:30:00,"0,0"
2025-09-23 23:45:00,"0,0"
2025-09-24 00:00:00,"0,0"
2025-09-24 00:15:00,"0,0"
2025-09-24 00:30:00,"0,0"
2025-09-24 00:45:00,"0,0"
2025-09-24 01:00:00,"0,0"
2025-09-24 01:15:00,"0,0"
2025-09-24 01:30:00,"0,0"
2025-09-24 01:45:00,"0,0"
2025-09-24 02:00:00,"0,0"
2025-09-24 02:15:00,"0,0"
2025-09-24 02:30:00,"0,0"
2025-09-24 02:45:00,"0,0"
2025-09-24 03:00:00,"0,0"
2025-09-24 03:15:00,"0,0"
2025-09-24 03:30:00,"0,0"
2025-09-24 03:45:00,"0,0"
2025-09-24 04:00:00,"0,0"
2025-09-24 04:15:00,"0,0"
2025-09-24 04:30:00,"0,0"
2025-09-24 04:45:00,"0,0"
2025-09-24 05:00:00,"0,0"
2025-09-24 05:15:00,"0,0"
2025-09-24 05:30:00,"0,0"
2025-09-24 05:45:00,"0,0"
2025-09-24 06:00:00,"0,0"
2025-09-24 06:15:00,"0,0"
2025-09-24 06:30:00,"0,0"
2025-09-24 06:45:00,"0,0"
2025-09-24 07:00:00,"0,0"
2025-09-24 07:15:00,"0,0"
2025-09-24 07:30:00,"0,0"
2025-09-24 07:45:00,"0,0"
2025-09-24 08:00:00,"11,179666666666149"
2025-09-24 08:15:00,"32,526333333332815"
2025-09-24 08:30:00,"40,241333333332825"
2025-09-24 08:45:00,"35,861666666666146"
2025-09-24 09:00:00,"165,27566666666615"
2025-09-24 09:15:00,"189,29899999999947"
2025-09-24 09:30:00,"124,94866666666616"
2025-09-24 09:45:00,"276,9799999999995"
2025-09-24 10:00:00,"245,39266666666614"
2025-09-24 10:15:00,"186,91599999999946"
2025-09-24 10:30:00,"131,70766666666614"
2025-09-24 10:45:00,"146,05066666666613"
2025-09-24 11:00:00,"170,0613333333328"
2025-09-24 11:15:00,"373,46399999999954"
2025-09-24 11:30:00,"459,8249999999995"
2025-09-24 11:45:00,"422,9616666666661"
2025-09-24 12:00:00,"196,44899999999944"
2025-09-24 12:15:00,"237,67333333333278"
2025-09-24 12:30:00,"231,6236666666661"
2025-09-24 12:45:00,"271,3593333333328"
2025-09-24 13:00:00,"301,2953333333328"
2025-09-24 13:15:00,"261,4406666666662"
2025-09-24 13:30:00,"257,0623333333328"
2025-09-24 13:45:00,"190,6236666666661"
2025-09-24 14:00:00,"102,82999999999946"
2025-09-24 14:15:00,"73,71966666666614"
2025-09-24 14:30:00,"170,03833333333282"
2025-09-24 14:45:00,"274,98999999999944"
2025-09-24 15:00:00,"338,23699999999945"
2025-09-24 15:15:00,"289,43266666666614"
2025-09-24 15:30:00,"207,4643333333328"
2025-09-24 15:45:00,"113,62666666666614"
2025-09-24 16:00:00,"146,62133333333279"
2025-09-24 16:15:00,"172,43449999999922"
2025-09-24 16:30:00,"127,01066666666611"
2025-09-24 16:45:00,"111,92666666666614"
2025-09-24 17:00:00,"40,22833333333279"
2025-09-24 17:15:00,"22,827999999999463"
2025-09-24 17:30:00,"39,26166666666613"
2025-09-24 17:45:00,"37,8643333333328"
2025-09-24 18:00:00,"0,0"
2025-09-24 18:15:00,"0,0"
2025-09-24 18:30:00,"0,0"
2025-09-24 18:45:00,"0,0"
2025-09-24 19:00:00,"0,0"
2025-09-24 19:15:00,"0,0"
2025-09-24 19:30:00,"0,0"
2025-09-24 19:45:00,"0,0"
2025-09-24 20:00:00,"0,0"
2025-09-24 20:15:00,"0,0"
2025-09-24 20:30:00,"0,0"
2025-09-24 20:45:00,"0,0"
2025-09-24 21:00:00,"0,0"
2025-09-24 21:15:00,"0,0"
2025-09-24 21:30:00,"0,0"
2025-09-24 21:45:00,"0,0"
2025-09-24 22:00:00,"0,0"
2025-09-24 22:15:00,"0,0"
2025-09-24 22:30:00,"0,0"
2025-09-24 22:45:00,"0,0"
2025-09-24 23:00:00,"0,0"
2025-09-24 23:15:00,"0,0"
2025-09-24 23:30:00,"0,0"
2025-09-24 23:45:00,"0,0"
2025-09-25 00:00:00,"0,0"
2025-09-25 00:15:00,"0,0"
2025-09-25 00:30:00,"0,0"
2025-09-25 00:45:00,"0,0"
2025-09-25 01:00:00,"0,0"
2025-09-25 01:15:00,"0,0"
2025-09-25 01:30:00,"0,0"
2025-09-25 01:45:00,"0,0"
2025-09-25 02:00:00,"0,0"
2025-09-25 02:15:00,"0,0"
2025-09-25 02:30:00,"0,0"
2025-09-25 02:45:00,"0,0"
2025-09-25 03:00:00,"0,0"
2025-09-25 03:15:00,"0,0"
2025-09-25 03:30:00,"0,0"
2025-09-25 03:45:00,"0,0"
2025-09-25 04:00:00,"0,0"
2025-09-25 04:15:00,"0,0"
2025-09-25 04:30:00,"0,0"
2025-09-25 04:45:00,"0,0"
2025-09-25 05:00:00,"0,0"
2025-09-25 05:15:00,"0,0"
2025-09-25 05:30:00,"0,0"
2025-09-25 05:45:00,"0,0"
2025-09-25 06:00:00,"0,0"
2025-09-25 06:15:00,"0,0"
2025-09-25 06:30:00,"0,0"
2025-09-25 06:45:00,"0,0"
2025-09-25 07:00:00,"0,0"
2025-09-25 07:15:00,"0,0"
2025-09-25 07:30:00,"13,101333333332791"
2025-09-25 07:45:00,"61,11599999999945"
2025-09-25 08:00:00,"199,1079999999995"
2025-09-25 08:15:00,"407,9476666666661"
2025-09-25 08:30:00,"334,67399999999947"
2025-09-25 08:45:00,"560,7149999999995"
2025-09-25 09:00:00,"454,49633333333276"
2025-09-25 09:15:00,"453,0766666666662"
2025-09-25 09:30:00,"456,3879999999995"
2025-09-25 09:45:00,"587,8776666666661"
2025-09-25 10:00:00,"1134,2673333333328"
2025-09-25 10:15:00,"1294,6176666666663"
2025-09-25 10:30:00,"1144,5356666666662"
2025-09-25 10:45:00,"779,6303333333326"
2025-09-25 11:00:00,"503,00399999999934"
2025-09-25 11:15:00,"638,2743333333326"
2025-09-25 11:30:00,"550,043666666666"
2025-09-25 11:45:00,"870,0433333333327"
2025-09-25 12:00:00,"924,9013333333327"
2025-09-25 12:15:00,"727,5919999999994"
2025-09-25 12:30:00,"877,0209999999995"
2025-09-25 12:45:00,"918,8189999999993"
2025-09-25 13:00:00,"1265,1099999999992"
2025-09-25 13:15:00,"1609,5393333333325"
2025-09-25 13:30:00,"1735,451666666666"
2025-09-25 13:45:00,"3536,3489999999997"
2025-09-25 14:00:00,"3178,221666666666"
2025-09-25 14:15:00,"3452,7009999999996"
2025-09-25 14:30:00,"3280,9913333333325"
2025-09-25 14:45:00,"3574,9909999999995"
2025-09-25 15:00:00,"2444,679666666666"
2025-09-25 15:15:00,"2383,335333333333"
2025-09-25 15:30:00,"1395,2359999999994"
2025-09-25 15:45:00,"1848,5699999999995"
2025-09-25 16:00:00,"2274,787666666666"
2025-09-25 16:15:00,"2108,989999999999"
2025-09-25 16:30:00,"2009,5619999999994"
2025-09-25 16:45:00,"1986,373333333333"
2025-09-25 17:00:00,"1830,0873333333325"
2025-09-25 17:15:00,"1195,0169999999994"
2025-09-25 17:30:00,"689,4913333333328"
2025-09-25 17:45:00,"517,2449999999995"
2025-09-25 18:00:00,"336,9873333333328"
2025-09-25 18:15:00,"205,23033333333274"
2025-09-25 18:30:00,"179,95266666666606"
2025-09-25 18:45:00,"68,52199999999941"
2025-09-25 19:00:00,"2,425333333332741"
2025-09-25 19:15:00,"0,0"
2025-09-25 19:30:00,"0,0"
2025-09-25 19:45:00,"0,0"
2025-09-25 20:00:00,"0,0"
2025-09-25 20:15:00,"0,0"
2025-09-25 20:30:00,"0,0"
2025-09-25 20:45:00,"0,0"
2025-09-25 21:00:00,"0,0"
2025-09-25 21:15:00,"0,0"
2025-09-25 21:30:00,"0,0"
2025-09-25 21:45:00,"0,0"
2025-09-25 22:00:00,"0,0"
2025-09-25 22:15:00,"0,0"
2025-09-25 22:30:00,"0,0"
2025-09-25 22:45:00,"0,0"
2025-09-25 23:00:00,"0,0"
2025-09-25 23:15:00,"0,0"
2025-09-25 23:30:00,"0,0"
2025-09-25 23:45:00,"0,0"
2025-09-26 00:00:00,"0,0"
2025-09-26 00:15:00,"0,0"
2025-09-26 00:30:00,"0,0"
2025-09-26 00:45:00,"0,0"
2025-09-26 01:00:00,"0,0"
2025-09-26 01:15:00,"0,0"
2025-09-26 01:30:00,"0,0"
2025-09-26 01:45:00,"0,0"
2025-09-26 02:00:00,"0,0"
2025-09-26 02:15:00,"0,0"
2025-09-26 02:30:00,"0,0"
2025-09-26 02:45:00,"0,0"
2025-09-26 03:00:00,"0,0"
2025-09-26 03:15:00,"0,0"
2025-09-26 03:30:00,"0,0"
2025-09-26 03:45:00,"0,0"
2025-09-26 04:00:00,"0,0"
2025-09-26 04:15:00,"0,0"
2025-09-26 04:30:00,"0,0"
2025-09-26 04:45:00,"0,0"
2025-09-26 05:00:00,"0,0"
2025-09-26 05:15:00,"0,0"
2025-09-26 05:30:00,"0,0"
2025-09-26 05:45:00,"0,0"
2025-09-26 06:00:00,"0,0"
2025-09-26 06:15:00,"0,0"
2025-09-26 06:30:00,"0,0"
2025-09-26 06:45:00,"0,0"
2025-09-26 07:00:00,"0,0"
2025-09-26 07:15:00,"0,0"
2025-09-26 07:30:00,"0,0"
2025-09-26 07:45:00,"9,700999999999405"
2025-09-26 08:00:00,"32,63666666666607"
2025-09-26 08:15:00,"46,66099999999942"
2025-09-26 08:30:00,"109,52799999999941"
2025-09-26 08:45:00,"206,39833333333272"
2025-09-26 09:00:00,"233,3259999999994"
2025-09-26 09:15:00,"183,07566666666608"
2025-09-26 09:30:00,"231,60133333333278"
2025-09-26 09:45:00,"342,3146666666661"
2025-09-26 10:00:00,"473,8079999999994"
2025-09-26 10:15:00,"467,09266666666616"
2025-09-26 10:30:00,"449,1499999999995"
2025-09-26 10:45:00,"636,6983333333328"
2025-09-26 11:00:00,"749,9614999999992"
2025-09-26 11:15:00,"962,8933333333329"
2025-09-26 11:30:00,"1252,5499999999995"
2025-09-26 11:45:00,"963,9999999999995"
2025-09-26 12:00:00,"728,2453333333327"
2025-09-26 12:15:00,"612,994666666666"
2025-09-26 12:30:00,"494,748666666666"
2025-09-26 12:45:00,"490,45266666666606"
2025-09-26 13:00:00,"549,268666666666"
2025-09-26 13:15:00,"949,8769999999993"
2025-09-26 13:30:00,"465,533666666666"
2025-09-26 13:45:00,"762,847666666666"
2025-09-26 14:00:00,"1264,3349999999994"
2025-09-26 14:15:00,"1067,7053333333326"
2025-09-26 14:30:00,"707,249666666666"
2025-09-26 14:45:00,"1179,347666666666"
2025-09-26 15:00:00,"1695,037666666666"
2025-09-26 15:15:00,"1782,549666666666"
2025-09-26 15:30:00,"2017,6249999999993"
2025-09-26 15:45:00,"1967,3529999999992"
2025-09-26 16:00:00,"2072,583666666666"
2025-09-26 16:15:00,"1314,9643333333324"
2025-09-26 16:30:00,"1053,5233333333324"
2025-09-26 16:45:00,"816,0949999999992"
2025-09-26 17:00:00,"507,12133333333253"
2025-09-26 17:15:00,"681,4583333333326"
2025-09-26 17:30:00,"731,0269999999992"
2025-09-26 17:45:00,"335,6839999999993"
2025-09-26 18:00:00,"331,4879999999993"
2025-09-26 18:15:00,"118,86133333333264"
2025-09-26 18:30:00,"40,28499999999929"
2025-09-26 18:45:00,"6,305666666665964"
2025-09-26 19:00:00,"0,0"
2025-09-26 19:15:00,"0,0"
2025-09-26 19:30:00,"0,0"
2025-09-26 19:45:00,"0,0"
2025-09-26 20:00:00,"0,0"
2025-09-26 20:15:00,"0,0"
2025-09-26 20:30:00,"0,0"
2025-09-26 20:45:00,"0,0"
2025-09-26 21:00:00,"0,0"
2025-09-26 21:15:00,"0,0"
2025-09-26 21:30:00,"0,0"
2025-09-26 21:45:00,"0,0"
2025-09-26 22:00:00,"0,0"
2025-09-26 22:15:00,"0,0"
2025-09-26 22:30:00,"0,0"
2025-09-26 22:45:00,"0,0"
2025-09-26 23:00:00,"0,0"
2025-09-26 23:15:00,"0,0"
2025-09-26 23:30:00,"0,0"
2025-09-26 23:45:00,"0,0"
2025-09-27 00:00:00,"0,0"
2025-09-27 00:15:00,"0,0"
2025-09-27 00:30:00,"0,0"
2025-09-27 00:45:00,"0,0"
2025-09-27 01:00:00,"0,0"
2025-09-27 01:15:00,"0,0"
2025-09-27 01:30:00,"0,0"
2025-09-27 01:45:00,"0,0"
2025-09-27 02:00:00,"0,4849999999992968"
2025-09-27 02:15:00,"0,0"
2025-09-27 02:30:00,"0,0"
2025-09-27 02:45:00,"0,0"
2025-09-27 03:00:00,"0,0"
2025-09-27 03:15:00,"0,0"
2025-09-27 03:30:00,"0,0"
2025-09-27 03:45:00,"0,0"
2025-09-27 04:00:00,"0,0"
2025-09-27 04:15:00,"0,0"
2025-09-27 04:30:00,"0,0"
2025-09-27 04:45:00,"0,0"
2025-09-27 05:00:00,"0,0"
2025-09-27 05:15:00,"0,0"
2025-09-27 05:30:00,"0,0"
2025-09-27 05:45:00,"0,0"
2025-09-27 06:00:00,"0,0"
2025-09-27 06:15:00,"0,0"
2025-09-27 06:30:00,"0,0"
2025-09-27 06:45:00,"0,0"
2025-09-27 07:00:00,"0,0"
2025-09-27 07:15:00,"0,0"
2025-09-27 07:30:00,"2,90233333333263"
2025-09-27 07:45:00,"43,65433333333263"
2025-09-27 08:00:00,"64,7739999999993"
2025-09-27 08:15:00,"69,78433333333263"
2025-09-27 08:30:00,"84,35566666666598"
2025-09-27 08:45:00,"154,24499999999932"
2025-09-27 09:00:00,"150,01766666666597"
2025-09-27 09:15:00,"301,2643333333326"
2025-09-27 09:30:00,"326,81433333333257"
2025-09-27 09:45:00,"768,6063333333326"
2025-09-27 10:00:00,"1109,630666666666"
2025-09-27 10:15:00,"1201,7599999999995"
2025-09-27 10:30:00,"1226,7659999999994"
2025-09-27 10:45:00,"1254,815666666666"
2025-09-27 11:00:00,"935,2233333333327"
2025-09-27 11:15:00,"915,5429999999992"
2025-09-27 11:30:00,"731,1026666666661"
2025-09-27 11:45:00,"619,5989999999994"
2025-09-27 12:00:00,"761,7519999999992"
2025-09-27 12:15:00,"1030,0403333333327"
2025-09-27 12:30:00,"2493,3339999999994"
2025-09-27 12:45:00,"3662,9846666666654"
2025-09-27 13:00:00,"3846,703"
2025-09-27 13:15:00,"2814,5913333333324"
2025-09-27 13:30:00,"3220,0373333333328"
2025-09-27 13:45:00,"3568,5479999999993"
2025-09-27 14:00:00,"3460,266666666666"
2025-09-27 14:15:00,"3741,4573333333324"
2025-09-27 14:30:00,"3752,8373333333325"
2025-09-27 14:45:00,"2393,9166666666656"
2025-09-27 15:00:00,"2403,6609999999996"
2025-09-27 15:15:00,"818,5179999999992"
2025-09-27 15:30:00,"432,11966666666626"
2025-09-27 15:45:00,"465,15433333333283"
2025-09-27 16:00:00,"722,5783333333329"
2025-09-27 16:15:00,"646,5686666666662"
2025-09-27 16:30:00,"649,8349999999996"
2025-09-27 16:45:00,"781,8969999999995"
2025-09-27 17:00:00,"602,2236666666663"
2025-09-27 17:15:00,"573,4509999999996"
2025-09-27 17:30:00,"689,9716666666662"
2025-09-27 17:45:00,"695,4769999999995"
2025-09-27 18:00:00,"547,1353333333328"
2025-09-27 18:15:00,"301,00633333333286"
2025-09-27 18:30:00,"103,88099999999956"
2025-09-27 18:45:00,"25,22899999999956"
2025-09-27 19:00:00,"8,243999999999556"
2025-09-27 19:15:00,"0,0"
2025-09-27 19:30:00,"0,0"
2025-09-27 19:45:00,"0,0"
2025-09-27 20:00:00,"0,0"
2025-09-27 20:15:00,"0,0"
2025-09-27 20:30:00,"0,0"
2025-09-27 20:45:00,"0,0"
2025-09-27 21:00:00,"0,0"
2025-09-27 21:15:00,"0,0"
2025-09-27 21:30:00,"0,0"
2025-09-27 21:45:00,"0,0"
2025-09-27 22:00:00,"0,0"
2025-09-27 22:15:00,"0,0"
2025-09-27 22:30:00,"0,0"
2025-09-27 22:45:00,"0,0"
2025-09-27 23:00:00,"0,0"
2025-09-27 23:15:00,"0,0"
2025-09-27 23:30:00,"0,0"
2025-09-27 23:45:00,"0,0"
2025-09-28 00:00:00,"0,0"
2025-09-28 00:15:00,"0,0"
2025-09-28 00:30:00,"0,0"
2025-09-28 00:45:00,"0,0"
2025-09-28 01:00:00,"0,0"
2025-09-28 01:15:00,"0,0"
2025-09-28 01:30:00,"0,0"
2025-09-28 01:45:00,"0,0"
2025-09-28 02:00:00,"0,0"
2025-09-28 02:15:00,"0,0"
2025-09-28 02:30:00,"0,0"
2025-09-28 02:45:00,"0,0"
2025-09-28 03:00:00,"0,0"
2025-09-28 03:15:00,"0,0"
2025-09-28 03:30:00,"0,0"
2025-09-28 03:45:00,"0,0"
2025-09-28 04:00:00,"0,0"
2025-09-28 04:15:00,"0,0"
2025-09-28 04:30:00,"0,0"
2025-09-28 04:45:00,"0,0"
2025-09-28 05:00:00,"0,0"
2025-09-28 05:15:00,"0,0"
2025-09-28 05:30:00,"0,0"
2025-09-28 05:45:00,"0,0"
2025-09-28 06:00:00,"0,0"
2025-09-28 06:15:00,"0,0"
2025-09-28 06:30:00,"0,0"
2025-09-28 06:45:00,"0,0"
2025-09-28 07:00:00,"0,0"
2025-09-28 07:15:00,"0,0"
2025-09-28 07:30:00,"8,245666666666223"
2025-09-28 07:45:00,"44,75366666666623"
2025-09-28 08:00:00,"85,25833333333289"
2025-09-28 08:15:00,"220,02666666666624"
2025-09-28 08:30:00,"122,47299999999956"
2025-09-28 08:45:00,"328,4573333333329"
2025-09-28 09:00:00,"375,91166666666624"
2025-09-28 09:15:00,"459,35133333333295"
2025-09-28 09:30:00,"532,6263333333329"
2025-09-28 09:45:00,"598,8589999999996"
2025-09-28 10:00:00,"679,0556666666663"
2025-09-28 10:15:00,"791,5009999999996"
2025-09-28 10:30:00,"986,0946666666664"
2025-09-28 10:45:00,"1230,6026666666662"
2025-09-28 11:00:00,"1146,430333333333"
2025-09-28 11:15:00,"833,3926666666663"
2025-09-28 11:30:00,"908,5199999999996"
2025-09-28 11:45:00,"943,3903333333329"
2025-09-28 12:00:00,"869,221333333333"
2025-09-28 12:15:00,"986,9873333333329"
2025-09-28 12:30:00,"1084,459666666666"
2025-09-28 12:45:00,"1413,9066666666665"
2025-09-28 13:00:00,"1466,617666666666"
2025-09-28 13:15:00,"1366,1146666666662"
2025-09-28 13:30:00,"1349,4169999999997"
2025-09-28 13:45:00,"988,8009999999996"
2025-09-28 14:00:00,"913,4963333333328"
2025-09-28 14:15:00,"879,3913333333329"
2025-09-28 14:30:00,"727,7553333333329"
2025-09-28 14:45:00,"772,9109999999996"
2025-09-28 15:00:00,"879,4169999999996"
2025-09-28 15:15:00,"982,5853333333329"
2025-09-28 15:30:00,"695,7983333333328"
2025-09-28 15:45:00,"679,3406666666663"
2025-09-28 16:00:00,"675,6873333333328"
2025-09-28 16:15:00,"879,716333333333"
2025-09-28 16:30:00,"1868,734"
2025-09-28 16:45:00,"1712,9069999999995"
2025-09-28 17:00:00,"1493,8363333333332"
2025-09-28 17:15:00,"1282,8329999999994"
2025-09-28 17:30:00,"1178,5603333333327"
2025-09-28 17:45:00,"989,640333333333"
2025-09-28 18:00:00,"709,4729999999996"
2025-09-28 18:15:00,"443,4156666666662"
2025-09-28 18:30:00,"268,2609999999993"
2025-09-28 18:45:00,"122,57566666666624"
2025-09-28 19:00:00,"12,098999999999556"
2025-09-28 19:15:00,"0,4833333333328892"
2025-09-28 19:30:00,"0,0"
2025-09-28 19:45:00,"0,0"
2025-09-28 20:00:00,"0,0"
2025-09-28 20:15:00,"0,0"
2025-09-28 20:30:00,"0,0"
2025-09-28 20:45:00,"0,0"
2025-09-28 21:00:00,"0,0"
2025-09-28 21:15:00,"0,0"
2025-09-28 21:30:00,"0,0"
2025-09-28 21:45:00,"0,0"
2025-09-28 22:00:00,"0,0"
2025-09-28 22:15:00,"0,0"
2025-09-28 22:30:00,"0,0"
2025-09-28 22:45:00,"0,0"
2025-09-28 23:00:00,"0,0"
2025-09-28 23:15:00,"0,0"
2025-09-28 23:30:00,"0,0"
2025-09-28 23:45:00,"0,0"
2025-09-29 00:00:00,"0,0"
2025-09-29 00:15:00,"0,0"
2025-09-29 00:30:00,"0,0"
2025-09-29 00:45:00,"0,0"
2025-09-29 01:00:00,"0,0"
2025-09-29 01:15:00,"0,0"
2025-09-29 01:30:00,"0,0"
2025-09-29 01:45:00,"0,0"
2025-09-29 02:00:00,"0,0"
2025-09-29 02:15:00,"0,0"
2025-09-29 02:30:00,"0,0"
2025-09-29 02:45:00,"0,0"
2025-09-29 03:00:00,"0,0"
2025-09-29 03:15:00,"0,0"
2025-09-29 03:30:00,"0,0"
2025-09-29 03:45:00,"0,0"
2025-09-29 04:00:00,"0,0"
2025-09-29 04:15:00,"0,0"
2025-09-29 04:30:00,"0,0"
2025-09-29 04:45:00,"0,0"
2025-09-29 05:00:00,"0,0"
2025-09-29 05:15:00,"0,0"
2025-09-29 05:30:00,"0,0"
2025-09-29 05:45:00,"0,0"
2025-09-29 06:00:00,"0,0"
2025-09-29 06:15:00,"0,0"
2025-09-29 06:30:00,"0,0"
2025-09-29 06:45:00,"0,0"
2025-09-29 07:00:00,"0,0"
2025-09-29 07:15:00,"0,0"
2025-09-29 07:30:00,"3,886999999999556"
2025-09-29 07:45:00,"6,320333333332889"
2025-09-29 08:00:00,"9,75933333333289"
2025-09-29 08:15:00,"54,770333333332886"
2025-09-29 08:30:00,"98,94866666666623"
2025-09-29 08:45:00,"137,51099999999934"
2025-09-29 09:00:00,"272,0299999999996"
2025-09-29 09:15:00,"417,5806666666662"
2025-09-29 09:30:00,"445,2703333333329"
2025-09-29 09:45:00,"637,3219999999995"
2025-09-29 10:00:00,"778,5956666666664"
2025-09-29 10:15:00,"617,0669999999994"
2025-09-29 10:30:00,"605,5153333333328"
2025-09-29 10:45:00,"581,6036666666662"
2025-09-29 11:00:00,"928,2076666666662"
2025-09-29 11:15:00,"1105,961333333333"
2025-09-29 11:30:00,"1812,938666666666"
2025-09-29 11:45:00,"2238,1366666666663"
2025-09-29 12:00:00,"2315,776999999999"
2025-09-29 12:15:00,"2364,831333333333"
2025-09-29 12:30:00,"2478,7516666666656"
2025-09-29 12:45:00,"2435,274333333333"
2025-09-29 13:00:00,"2650,896333333332"
2025-09-29 13:15:00,"2750,572333333333"
2025-09-29 13:30:00,"2940,483999999999"
2025-09-29 13:45:00,"2819,157666666666"
2025-09-29 14:00:00,"2805,555999999999"
2025-09-29 14:15:00,"2799,870666666666"
2025-09-29 14:30:00,"2808,483666666666"
2025-09-29 14:45:00,"2559,6633333333325"
2025-09-29 15:00:00,"2484,401"
2025-09-29 15:15:00,"2748,6149999999993"
2025-09-29 15:30:00,"2566,1736666666666"
2025-09-29 15:45:00,"2262,8373333333325"
2025-09-29 16:00:00,"2061,0899999999997"
2025-09-29 16:15:00,"1726,791666666666"
2025-09-29 16:30:00,"1293,4739999999995"
2025-09-29 16:45:00,"1087,2109999999993"
2025-09-29 17:00:00,"866,905666666666"
2025-09-29 17:15:00,"567,196666666666"
2025-09-29 17:30:00,"423,32266666666607"
2025-09-29 17:45:00,"301,05633333333276"
2025-09-29 18:00:00,"248,23533333333273"
2025-09-29 18:15:00,"140,02166666666608"
2025-09-29 18:30:00,"50,986333333332745"
2025-09-29 18:45:00,"4,840666666666074"
2025-09-29 19:00:00,"0,0"
2025-09-29 19:15:00,"0,0"
2025-09-29 19:30:00,"0,0"
2025-09-29 19:45:00,"0,0"
2025-09-29 20:00:00,"0,0"
2025-09-29 20:15:00,"0,0"
2025-09-29 20:30:00,"0,0"
2025-09-29 20:45:00,"0,0"
2025-09-29 21:00:00,"0,0"
2025-09-29 21:15:00,"0,0"
2025-09-29 21:30:00,"0,0"
2025-09-29 21:45:00,"0,0"
2025-09-29 22:00:00,"0,0"
2025-09-29 22:15:00,"0,0"
2025-09-29 22:30:00,"0,0"
2025-09-29 22:45:00,"0,0"
2025-09-29 23:00:00,"0,0"
2025-09-29 23:15:00,"0,0"
2025-09-29 23:30:00,"0,0"
2025-09-29 23:45:00,"0,0"
2025-09-30 00:00:00,"0,0"
2025-09-30 00:15:00,"0,0"
2025-09-30 00:30:00,"0,0"
2025-09-30 00:45:00,"0,0"
2025-09-30 01:00:00,"0,0"
2025-09-30 01:15:00,"0,0"
2025-09-30 01:30:00,"0,0"
2025-09-30 01:45:00,"0,0"
2025-09-30 02:00:00,"0,0"
2025-09-30 02:15:00,"0,0"
2025-09-30 02:30:00,"0,0"
2025-09-30 02:45:00,"0,0"
2025-09-30 03:00:00,"0,0"
2025-09-30 03:15:00,"0,0"
2025-09-30 03:30:00,"0,0"
2025-09-30 03:45:00,"0,0"
2025-09-30 04:00:00,"0,0"
2025-09-30 04:15:00,"0,0"
2025-09-30 04:30:00,"0,0"
2025-09-30 04:45:00,"0,0"
2025-09-30 05:00:00,"0,0"
2025-09-30 05:15:00,"0,0"
2025-09-30 05:30:00,"0,0"
2025-09-30 05:45:00,"0,0"
2025-09-30 06:00:00,"0,0"
2025-09-30 06:15:00,"0,0"
2025-09-30 06:30:00,"0,0"
2025-09-30 06:45:00,"0,0"
2025-09-30 07:00:00,"0,0"
2025-09-30 07:15:00,"0,0"
2025-09-30 07:30:00,"3,383999999999408"
2025-09-30 07:45:00,"45,57066666666607"
2025-09-30 08:00:00,"131,15666666666607"
2025-09-30 08:15:00,"178,82566666666608"
2025-09-30 08:30:00,"294,7059999999994"
2025-09-30 08:45:00,"262,8513333333327"
2025-09-30 09:00:00,"202,46466666666606"
2025-09-30 09:15:00,"266,6406666666661"
2025-09-30 09:30:00,"479,7366666666661"
2025-09-30 09:45:00,"1015,0923333333328"
2025-09-30 10:00:00,"1082,9409999999993"
2025-09-30 10:15:00,"1025,6243333333327"
2025-09-30 10:30:00,"961,9176666666662"
2025-09-30 10:45:00,"1236,284666666666"
2025-09-30 11:00:00,"1124,5889999999995"
2025-09-30 11:15:00,"656,1356666666661"
2025-09-30 11:30:00,"146,9209999999995"
2025-09-30 11:45:00,"329,37666666666615"
2025-09-30 12:00:00,"297,3439999999994"
2025-09-30 12:15:00,"180,2503333333328"
2025-09-30 12:30:00,"301,4483333333328"
2025-09-30 12:45:00,"524,8443333333328"
2025-09-30 13:00:00,"581,2289999999995"
2025-09-30 13:15:00,"631,1863333333329"
2025-09-30 13:30:00,"386,33549999999923"
2025-09-30 13:45:00,"322,98266666666615"
2025-09-30 14:00:00,"522,7723333333329"
2025-09-30 14:15:00,"738,1286666666663"
2025-09-30 14:30:00,"2020,3719999999996"
2025-09-30 14:45:00,"1637,1816666666662"
2025-09-30 15:00:00,"1526,2446666666663"
2025-09-30 15:15:00,"1350,3903333333326"
2025-09-30 15:30:00,"2368,5303333333327"
2025-09-30 15:45:00,"2881,8839999999996"
2025-09-30 16:00:00,"1660,8783333333329"
2025-09-30 16:15:00,"834,8966666666663"
2025-09-30 16:30:00,"1118,5893333333327"
2025-09-30 16:45:00,"647,7416666666662"
2025-09-30 17:00:00,"118,16766666666622"
2025-09-30 17:15:00,"198,93499999999955"
2025-09-30 17:30:00,"222,94849999999934"
2025-09-30 17:45:00,"623,1715"
2025-09-30 18:00:00,"420,8396666666667"
2025-09-30 18:15:00,"184,01866666666666"
2025-09-30 18:30:00,"48,88033333333333"
2025-09-30 18:45:00,"10,22"
2025-09-30 19:00:00,"0,0"
2025-09-30 19:15:00,"0,0"
2025-09-30 19:30:00,"0,0"
2025-09-30 19:45:00,"0,0"
2025-09-30 20:00:00,"0,0"
2025-09-30 20:15:00,"0,0"
2025-09-30 20:30:00,"0,0"
2025-09-30 20:45:00,"0,0"
2025-09-30 21:00:00,"0,0"
2025-09-30 21:15:00,"0,0"
2025-09-30 21:30:00,"0,0"
2025-09-30 21:45:00,"0,0"
2025-09-30 22:00:00,"0,0"
2025-09-30 22:15:00,"0,0"
2025-09-30 22:30:00,"0,0"
2025-09-30 22:45:00,"0,0"
2025-09-30 23:00:00,"0,0"
2025-09-30 23:15:00,"0,0"
2025-09-30 23:30:00,"0,0"
2025-09-30 23:45:00,"0,0"
2025-10-01 00:00:00,"0,0"
2025-10-01 00:15:00,"0,0"
2025-10-01 00:30:00,"0,0"
2025-10-01 00:45:00,"0,0"
2025-10-01 01:00:00,"0,0"
2025-10-01 01:15:00,"0,0"
2025-10-01 01:30:00,"0,0"
2025-10-01 01:45:00,"0,0"
2025-10-01 02:00:00,"0,0"
2025-10-01 02:15:00,"0,0"
2025-10-01 02:30:00,"0,0"
2025-10-01 02:45:00,"0,0"
2025-10-01 03:00:00,"0,0"
2025-10-01 03:15:00,"0,0"
2025-10-01 03:30:00,"0,0"
2025-10-01 03:45:00,"0,0"
2025-10-01 04:00:00,"0,0"
2025-10-01 04:15:00,"0,0"
2025-10-01 04:30:00,"0,0"
2025-10-01 04:45:00,"0,0"
2025-10-01 05:00:00,"0,0"
2025-10-01 05:15:00,"0,0"
2025-10-01 05:30:00,"0,0"
2025-10-01 05:45:00,"0,0"
2025-10-01 06:00:00,"0,0"
2025-10-01 06:15:00,"0,0"
2025-10-01 06:30:00,"0,0"
2025-10-01 06:45:00,"0,0"
2025-10-01 07:00:00,"0,0"
2025-10-01 07:15:00,"2,4333333333333336"
2025-10-01 07:30:00,"58,46233333333333"
2025-10-01 07:45:00,"155,7086666666667"
2025-10-01 08:00:00,"301,1743333333333"
2025-10-01 08:15:00,"423,416"
2025-10-01 08:30:00,"517,6310000000001"
2025-10-01 08:45:00,"649,6803333333334"
2025-10-01 09:00:00,"744,9326666666667"
2025-10-01 09:15:00,"1051,0766666666666"
2025-10-01 09:30:00,"1609,060666666667"
2025-10-01 09:45:00,"2478,3370000000004"
2025-10-01 10:00:00,"3006,8743333333337"
2025-10-01 10:15:00,"3087,8146666666667"
2025-10-01 10:30:00,"2292,904"
2025-10-01 10:45:00,"3476,491"
2025-10-01 11:00:00,"3530,7525"
2025-10-01 11:15:00,"3535,755333333334"
2025-10-01 11:30:00,"3607,868333333334"
2025-10-01 11:45:00,"3708,316"
2025-10-01 12:00:00,"1409,8903333333333"
2025-10-01 12:15:00,"2922,6473333333333"
2025-10-01 12:30:00,"2576,478333333333"
2025-10-01 12:45:00,"2784,672666666667"
2025-10-01 13:00:00,"2896,6963333333333"
2025-10-01 13:15:00,"2793,445666666667"
2025-10-01 13:30:00,"1247,5929999999998"
2025-10-01 13:45:00,"1446,8953333333332"
2025-10-01 14:00:00,"2059,9273333333335"
2025-10-01 14:15:00,"1444,215"
2025-10-01 14:30:00,"1707,9293333333335"
2025-10-01 14:45:00,"2246,71"
2025-10-01 15:00:00,"3049,523333333333"
2025-10-01 15:15:00,"3557,186"
2025-10-01 15:30:00,"3022,679666666667"
2025-10-01 15:45:00,"1908,268666666667"
2025-10-01 16:00:00,"1222,079666666667"
2025-10-01 16:15:00,"1166,4796666666668"
2025-10-01 16:30:00,"2020,8556666666668"
2025-10-01 16:45:00,"1672,9533333333334"
2025-10-01 17:00:00,"1437,1503333333333"
2025-10-01 17:15:00,"1275,7310000000002"
2025-10-01 17:30:00,"1147,2396666666668"
2025-10-01 17:45:00,"968,8493333333334"
2025-10-01 18:00:00,"752,1053333333335"
2025-10-01 18:15:00,"420,6563333333335"
2025-10-01 18:30:00,"173,30333333333348"
2025-10-01 18:45:00,"42,15600000000015"
2025-10-01 19:00:00,"1,4520000000001478"
2025-10-01 19:15:00,"0,0"
2025-10-01 19:30:00,"0,0"
2025-10-01 19:45:00,"0,0"
2025-10-01 20:00:00,"0,0"
2025-10-01 20:15:00,"0,0"
2025-10-01 20:30:00,"0,0"
2025-10-01 20:45:00,"0,0"
2025-10-01 21:00:00,"0,0"
2025-10-01 21:15:00,"0,0"
2025-10-01 21:30:00,"0,0"
2025-10-01 21:45:00,"0,0"
2025-10-01 22:00:00,"0,0"
2025-10-01 22:15:00,"0,0"
2025-10-01 22:30:00,"0,0"
2025-10-01 22:45:00,"0,0"
2025-10-01 23:00:00,"0,0"
2025-10-01 23:15:00,"0,0"
2025-10-01 23:30:00,"0,0"
2025-10-01 23:45:00,"0,0"
2025-10-02 00:00:00,"0,0"
2025-10-02 00:15:00,"0,0"
2025-10-02 00:30:00,"0,0"
2025-10-02 00:45:00,"0,0"
2025-10-02 01:00:00,"0,0"
2025-10-02 01:15:00,"0,0"
2025-10-02 01:30:00,"0,0"
2025-10-02 01:45:00,"0,0"
2025-10-02 02:00:00,"0,0"
2025-10-02 02:15:00,"0,0"
2025-10-02 02:30:00,"0,0"
2025-10-02 02:45:00,"0,0"
2025-10-02 03:00:00,"0,0"
2025-10-02 03:15:00,"0,0"
2025-10-02 03:30:00,"0,0"
2025-10-02 03:45:00,"0,0"
2025-10-02 04:00:00,"0,0"
2025-10-02 04:15:00,"0,0"
2025-10-02 04:30:00,"0,0"
2025-10-02 04:45:00,"0,0"
2025-10-02 05:00:00,"0,0"
2025-10-02 05:15:00,"0,0"
2025-10-02 05:30:00,"0,0"
2025-10-02 05:45:00,"0,0"
2025-10-02 06:00:00,"0,0"
2025-10-02 06:15:00,"0,0"
2025-10-02 06:30:00,"0,0"
2025-10-02 06:45:00,"0,0"
2025-10-02 07:00:00,"0,0"
2025-10-02 07:15:00,"0,0"
2025-10-02 07:30:00,"17,444333333333482"
2025-10-02 07:45:00,"124,70200000000014"
2025-10-02 08:00:00,"278,6800000000001"
2025-10-02 08:15:00,"481,71533333333343"
2025-10-02 08:30:00,"615,3043333333335"
2025-10-02 08:45:00,"967,7503333333335"
2025-10-02 09:00:00,"852,4686666666668"
2025-10-02 09:15:00,"937,4260000000002"
2025-10-02 09:30:00,"1409,6713333333335"
2025-10-02 09:45:00,"2368,363"
2025-10-02 10:00:00,"3001,253666666667"
2025-10-02 10:15:00,"3256,1246666666666"
2025-10-02 10:30:00,"3376,102"
2025-10-02 10:45:00,"3001,155666666667"
2025-10-02 11:00:00,"3357,843666666666"
2025-10-02 11:15:00,"2828,9856666666665"
2025-10-02 11:30:00,"2713,34"
2025-10-02 11:45:00,"1585,533"
2025-10-02 12:00:00,"2072,3230000000003"
2025-10-02 12:15:00,"3044,8346666666666"
2025-10-02 12:30:00,"3058,8996666666667"
2025-10-02 12:45:00,"2719,9246666666663"
2025-10-02 13:00:00,"3239,952333333333"
2025-10-02 13:15:00,"2537,0739999999996"
2025-10-02 13:30:00,"1858,0699999999997"
2025-10-02 13:45:00,"1999,624333333333"
2025-10-02 14:00:00,"3135,4739999999997"
2025-10-02 14:15:00,"3364,909333333333"
2025-10-02 14:30:00,"2536,214666666666"
2025-10-02 14:45:00,"1690,4876666666662"
2025-10-02 15:00:00,"2779,7964999999995"
2025-10-02 15:15:00,"2770,8899999999994"
2025-10-02 15:30:00,"1907,1683333333328"
2025-10-02 15:45:00,"711,4786666666663"
2025-10-02 16:00:00,"785,0729999999995"
2025-10-02 16:15:00,"935,6136666666662"
2025-10-02 16:30:00,"858,5356666666662"
2025-10-02 16:45:00,"889,6066666666661"
2025-10-02 17:00:00,"751,5756666666662"
2025-10-02 17:15:00,"531,6463333333329"
2025-10-02 17:30:00,"1206,282333333333"
2025-10-02 17:45:00,"1232,0926666666662"
2025-10-02 18:00:00,"960,007333333333"
2025-10-02 18:15:00,"477,25666666666626"
2025-10-02 18:30:00,"188,0706666666662"
2025-10-02 18:45:00,"46,02999999999955"
2025-10-02 19:00:00,"0,4849999999995559"
2025-10-02 19:15:00,"0,0"
2025-10-02 19:30:00,"0,0"
2025-10-02 19:45:00,"0,0"
2025-10-02 20:00:00,"0,0"
2025-10-02 20:15:00,"0,0"
2025-10-02 20:30:00,"0,0"
2025-10-02 20:45:00,"0,0"
2025-10-02 21:00:00,"0,0"
2025-10-02 21:15:00,"0,0"
2025-10-02 21:30:00,"0,0"
2025-10-02 21:45:00,"0,0"
2025-10-02 22:00:00,"0,0"
2025-10-02 22:15:00,"0,0"
2025-10-02 22:30:00,"0,0"
2025-10-02 22:45:00,"0,0"
2025-10-02 23:00:00,"0,0"
2025-10-02 23:15:00,"0,0"
2025-10-02 23:30:00,"0,0"
2025-10-02 23:45:00,"0,0"
2025-10-03 00:00:00,"0,0"
2025-10-03 00:15:00,"0,0"
2025-10-03 00:30:00,"0,0"
2025-10-03 00:45:00,"0,0"
2025-10-03 01:00:00,"0,0"
2025-10-03 01:15:00,"0,0"
2025-10-03 01:30:00,"0,0"
2025-10-03 01:45:00,"0,0"
2025-10-03 02:00:00,"0,0"
2025-10-03 02:15:00,"0,0"
2025-10-03 02:30:00,"0,0"
2025-10-03 02:45:00,"0,0"
2025-10-03 03:00:00,"0,0"
2025-10-03 03:15:00,"0,0"
2025-10-03 03:30:00,"0,0"
2025-10-03 03:45:00,"0,0"
2025-10-03 04:00:00,"0,0"
2025-10-03 04:15:00,"0,0"
2025-10-03 04:30:00,"0,0"
2025-10-03 04:45:00,"0,0"
2025-10-03 05:00:00,"0,0"
2025-10-03 05:15:00,"0,0"
2025-10-03 05:30:00,"0,0"
2025-10-03 05:45:00,"0,0"
2025-10-03 06:00:00,"0,0"
2025-10-03 06:15:00,"0,0"
2025-10-03 06:30:00,"0,0"
2025-10-03 06:45:00,"0,0"
2025-10-03 07:00:00,"0,0"
2025-10-03 07:15:00,"0,0"
2025-10-03 07:30:00,"16,019666666666225"
2025-10-03 07:45:00,"126,15333333333287"
2025-10-03 08:00:00,"306,58599999999956"
2025-10-03 08:15:00,"378,33733333333294"
2025-10-03 08:30:00,"463,7586666666662"
2025-10-03 08:45:00,"550,0803333333329"
2025-10-03 09:00:00,"641,7546666666664"
2025-10-03 09:15:00,"797,053333333333"
2025-10-03 09:30:00,"1306,0619999999997"
2025-10-03 09:45:00,"1967,921333333333"
2025-10-03 10:00:00,"3043,3063333333334"
2025-10-03 10:15:00,"3268,399333333333"
2025-10-03 10:30:00,"3428,8293333333327"
2025-10-03 10:45:00,"3378,0519999999997"
2025-10-03 11:00:00,"3354,1493333333324"
2025-10-03 11:15:00,"3345,115666666666"
2025-10-03 11:30:00,"3313,147333333333"
2025-10-03 11:45:00,"3283,3096666666665"
2025-10-03 12:00:00,"3301,2339999999995"
2025-10-03 12:15:00,"3319,933333333333"
2025-10-03 12:30:00,"3319,0099999999993"
2025-10-03 12:45:00,"3317,298666666666"
2025-10-03 13:00:00,"3342,0373333333323"
2025-10-03 13:15:00,"3352,399333333333"
2025-10-03 13:30:00,"3229,965333333333"
2025-10-03 13:45:00,"3193,4126666666657"
2025-10-03 14:00:00,"3060,3623333333335"
2025-10-03 14:15:00,"2973,588999999999"
2025-10-03 14:30:00,"2559,631666666666"
2025-10-03 14:45:00,"2345,0903333333326"
2025-10-03 15:00:00,"2199,3129999999996"
2025-10-03 15:15:00,"2200,5499999999997"
2025-10-03 15:30:00,"2104,8269999999998"
2025-10-03 15:45:00,"2076,4249999999997"
2025-10-03 16:00:00,"1966,150333333333"
2025-10-03 16:15:00,"1908,4156666666663"
2025-10-03 16:30:00,"1713,9446666666663"
2025-10-03 16:45:00,"1450,6239999999996"
2025-10-03 17:00:00,"1173,184666666666"
2025-10-03 17:15:00,"946,686333333333"
2025-10-03 17:30:00,"958,3083333333327"
2025-10-03 17:45:00,"540,7993333333328"
2025-10-03 18:00:00,"199,80233333333288"
2025-10-03 18:15:00,"158,97399999999956"
2025-10-03 18:30:00,"19,44366666666622"
2025-10-03 18:45:00,"1,9403333333328892"
2025-10-03 19:00:00,"0,0"
2025-10-03 19:15:00,"0,0"
2025-10-03 19:30:00,"0,0"
2025-10-03 19:45:00,"0,0"
2025-10-03 20:00:00,"0,0"
2025-10-03 20:15:00,"0,0"
2025-10-03 20:30:00,"0,0"
2025-10-03 20:45:00,"0,0"
2025-10-03 21:00:00,"0,0"
2025-10-03 21:15:00,"0,0"
2025-10-03 21:30:00,"0,0"
2025-10-03 21:45:00,"0,0"
2025-10-03 22:00:00,"0,0"
2025-10-03 22:15:00,"0,0"
2025-10-03 22:30:00,"0,0"
2025-10-03 22:45:00,"0,0"
2025-10-03 23:00:00,"0,0"
2025-10-03 23:15:00,"0,0"
2025-10-03 23:30:00,"0,0"
2025-10-03 23:45:00,"0,0"
2025-10-04 00:00:00,"0,0"
2025-10-04 00:15:00,"0,0"
2025-10-04 00:30:00,"0,0"
2025-10-04 00:45:00,"0,0"
2025-10-04 01:00:00,"0,0"
2025-10-04 01:15:00,"0,0"
2025-10-04 01:30:00,"0,0"
2025-10-04 01:45:00,"0,0"
2025-10-04 02:00:00,"0,0"
2025-10-04 02:15:00,"0,0"
2025-10-04 02:30:00,"0,0"
2025-10-04 02:45:00,"0,0"
2025-10-04 03:00:00,"0,0"
2025-10-04 03:15:00,"0,0"
2025-10-04 03:30:00,"0,0"
2025-10-04 03:45:00,"0,0"
2025-10-04 04:00:00,"0,0"
2025-10-04 04:15:00,"0,0"
2025-10-04 04:30:00,"0,0"
2025-10-04 04:45:00,"0,0"
2025-10-04 05:00:00,"0,0"
2025-10-04 05:15:00,"0,0"
2025-10-04 05:30:00,"0,0"
2025-10-04 05:45:00,"0,0"
2025-10-04 06:00:00,"0,0"
2025-10-04 06:15:00,"0,0"
2025-10-04 06:30:00,"0,0"
2025-10-04 06:45:00,"0,0"
2025-10-04 07:00:00,"0,0"
2025-10-04 07:15:00,"0,0"
2025-10-04 07:30:00,"0,4833333333328892"
2025-10-04 07:45:00,"25,280666666666217"
2025-10-04 08:00:00,"90,79633333333288"
2025-10-04 08:15:00,"115,68399999999933"
2025-10-04 08:30:00,"192,1426666666662"
2025-10-04 08:45:00,"141,07766666666623"
2025-10-04 09:00:00,"108,59199999999956"
2025-10-04 09:15:00,"122,71699999999956"
2025-10-04 09:30:00,"355,29766666666626"
2025-10-04 09:45:00,"468,7539999999996"
2025-10-04 10:00:00,"776,5309999999997"
2025-10-04 10:15:00,"778,7096666666663"
2025-10-04 10:30:00,"696,6863333333331"
2025-10-04 10:45:00,"1284,2899999999995"
2025-10-04 11:00:00,"1753,983333333333"
2025-10-04 11:15:00,"3546,4079999999994"
2025-10-04 11:30:00,"2756,33"
2025-10-04 11:45:00,"2615,9123333333328"
2025-10-04 12:00:00,"1849,529333333333"
2025-10-04 12:15:00,"3214,6756666666665"
2025-10-04 12:30:00,"2775,071666666666"
2025-10-04 12:45:00,"2541,649333333333"
2025-10-04 13:00:00,"3314,815333333333"
2025-10-04 13:15:00,"3356,1959999999995"
2025-10-04 13:30:00,"2445,840666666666"
2025-10-04 13:45:00,"3309,386"
2025-10-04 14:00:00,"2430,2579999999994"
2025-10-04 14:15:00,"2491,8009999999995"
2025-10-04 14:30:00,"3263,4793333333328"
2025-10-04 14:45:00,"2605,190666666666"
2025-10-04 15:00:00,"2923,8669999999993"
2025-10-04 15:15:00,"2255,8829999999994"
2025-10-04 15:30:00,"556,6879999999993"
2025-10-04 15:45:00,"241,55399999999938"
2025-10-04 16:00:00,"259,4429999999994"
2025-10-04 16:15:00,"324,20366666666604"
2025-10-04 16:30:00,"275,0219999999994"
2025-10-04 16:45:00,"381,3186666666661"
2025-10-04 17:00:00,"144,16899999999941"
2025-10-04 17:15:00,"117,24066666666606"
2025-10-04 17:30:00,"75,70199999999942"
2025-10-04 17:45:00,"69,98933333333275"
2025-10-04 18:00:00,"17,917999999999406"
2025-10-04 18:15:00,"0,4833333333327412"
2025-10-04 18:30:00,"0,0"
2025-10-04 18:45:00,"0,0"
2025-10-04 19:00:00,"0,0"
2025-10-04 19:15:00,"0,0"
2025-10-04 19:30:00,"0,0"
2025-10-04 19:45:00,"0,0"
2025-10-04 20:00:00,"0,0"
2025-10-04 20:15:00,"0,0"
2025-10-04 20:30:00,"0,0"
2025-10-04 20:45:00,"0,0"
2025-10-04 21:00:00,"0,0"
2025-10-04 21:15:00,"0,0"
2025-10-04 21:30:00,"0,0"
2025-10-04 21:45:00,"0,0"
2025-10-04 22:00:00,"0,0"
2025-10-04 22:15:00,"0,0"
2025-10-04 22:30:00,"0,0"
2025-10-04 22:45:00,"0,0"
2025-10-04 23:00:00,"0,0"
2025-10-04 23:15:00,"0,0"
2025-10-04 23:30:00,"0,0"
2025-10-04 23:45:00,"0,0"
2025-10-05 00:00:00,"0,0"
2025-10-05 00:15:00,"0,0"
2025-10-05 00:30:00,"0,0"
2025-10-05 00:45:00,"0,0"
2025-10-05 01:00:00,"0,0"
2025-10-05 01:15:00,"0,0"
2025-10-05 01:30:00,"0,0"
2025-10-05 01:45:00,"0,0"
2025-10-05 02:00:00,"0,0"
2025-10-05 02:15:00,"0,0"
2025-10-05 02:30:00,"0,0"
2025-10-05 02:45:00,"0,0"
2025-10-05 03:00:00,"0,0"
2025-10-05 03:15:00,"0,0"
2025-10-05 03:30:00,"0,0"
2025-10-05 03:45:00,"0,0"
2025-10-05 04:00:00,"0,0"
2025-10-05 04:15:00,"0,0"
2025-10-05 04:30:00,"0,0"
2025-10-05 04:45:00,"0,0"
2025-10-05 05:00:00,"0,0"
2025-10-05 05:15:00,"0,0"
2025-10-05 05:30:00,"0,0"
2025-10-05 05:45:00,"0,0"
2025-10-05 06:00:00,"0,0"
2025-10-05 06:15:00,"0,0"
2025-10-05 06:30:00,"0,0"
2025-10-05 06:45:00,"0,0"
2025-10-05 07:00:00,"0,0"
2025-10-05 07:15:00,"0,0"
2025-10-05 07:30:00,"0,0"
2025-10-05 07:45:00,"9,209333333332742"
2025-10-05 08:00:00,"154,80433333333278"
2025-10-05 08:15:00,"323,8199999999994"
2025-10-05 08:30:00,"357,05966666666603"
2025-10-05 08:45:00,"457,9329999999994"
2025-10-05 09:00:00,"600,9449999999994"
2025-10-05 09:15:00,"825,413666666666"
2025-10-05 09:30:00,"1388,7299999999996"
2025-10-05 09:45:00,"1242,184666666666"
2025-10-05 10:00:00,"2093,9503333333328"
2025-10-05 10:15:00,"2086,9859999999994"
2025-10-05 10:30:00,"1521,5943333333328"
2025-10-05 10:45:00,"1024,4889999999998"
2025-10-05 11:00:00,"999,6829999999995"
2025-10-05 11:15:00,"1846,5759999999996"
2025-10-05 11:30:00,"1151,5029999999997"
2025-10-05 11:45:00,"1312,0536666666662"
2025-10-05 12:00:00,"2517,763333333333"
2025-10-05 12:15:00,"1782,9786666666664"
2025-10-05 12:30:00,"2003,2689999999996"
2025-10-05 12:45:00,"2005,3249999999996"
2025-10-05 13:00:00,"1304,038333333333"
2025-10-05 13:15:00,"652,165333333333"
2025-10-05 13:30:00,"769,1629999999997"
2025-10-05 13:45:00,"989,6796666666664"
2025-10-05 14:00:00,"1030,4266666666663"
2025-10-05 14:15:00,"1850,858"
2025-10-05 14:30:00,"1982,5403333333334"
2025-10-05 14:45:00,"1424,5253333333333"
2025-10-05 15:00:00,"1362,4989999999998"
2025-10-05 15:15:00,"1717,3876666666665"
2025-10-05 15:30:00,"1435,738"
2025-10-05 15:45:00,"1431,3753333333332"
2025-10-05 16:00:00,"1007,8306666666665"
2025-10-05 16:15:00,"1506,0646666666664"
2025-10-05 16:30:00,"668,7733333333332"
2025-10-05 16:45:00,"364,75566666666646"
2025-10-05 17:00:00,"944,8729999999997"
2025-10-05 17:15:00,"1337,2179999999998"
2025-10-05 17:30:00,"1694,8439999999998"
2025-10-05 17:45:00,"668,3693333333332"
2025-10-05 18:00:00,"335,6319999999999"
2025-10-05 18:15:00,"18,491333333333184"
2025-10-05 18:30:00,"9,277333333333184"
2025-10-05 18:45:00,"12,610999999999853"
2025-10-05 19:00:00,"0,0"
2025-10-05 19:15:00,"0,0"
2025-10-05 19:30:00,"0,0"
2025-10-05 19:45:00,"0,0"
2025-10-05 20:00:00,"0,0"
2025-10-05 20:15:00,"0,0"
2025-10-05 20:30:00,"0,0"
2025-10-05 20:45:00,"0,0"
2025-10-05 21:00:00,"0,0"
2025-10-05 21:15:00,"0,0"
2025-10-05 21:30:00,"0,0"
2025-10-05 21:45:00,"0,0"
2025-10-05 22:00:00,"0,0"
2025-10-05 22:15:00,"0,0"
2025-10-05 22:30:00,"0,0"
2025-10-05 22:45:00,"0,0"
2025-10-05 23:00:00,"0,0"
2025-10-05 23:15:00,"0,0"
2025-10-05 23:30:00,"0,0"
2025-10-05 23:45:00,"0,0"
2025-10-06 00:00:00,"0,0"
2025-10-06 00:15:00,"0,0"
2025-10-06 00:30:00,"0,0"
2025-10-06 00:45:00,"0,0"
2025-10-06 01:00:00,"0,0"
2025-10-06 01:15:00,"0,0"
2025-10-06 01:30:00,"0,0"
2025-10-06 01:45:00,"0,0"
2025-10-06 02:00:00,"0,0"
2025-10-06 02:15:00,"0,0"
2025-10-06 02:30:00,"0,0"
2025-10-06 02:45:00,"0,0"
2025-10-06 03:00:00,"0,0"
2025-10-06 03:15:00,"0,0"
2025-10-06 03:30:00,"0,0"
2025-10-06 03:45:00,"0,0"
2025-10-06 04:00:00,"0,0"
2025-10-06 04:15:00,"0,0"
2025-10-06 04:30:00,"0,0"
2025-10-06 04:45:00,"0,0"
2025-10-06 05:00:00,"0,0"
2025-10-06 05:15:00,"0,0"
2025-10-06 05:30:00,"0,0"
2025-10-06 05:45:00,"0,0"
2025-10-06 06:00:00,"0,0"
2025-10-06 06:15:00,"0,0"
2025-10-06 06:30:00,"0,0"
2025-10-06 06:45:00,"0,0"
2025-10-06 07:00:00,"0,0"
2025-10-06 07:15:00,"0,0"
2025-10-06 07:30:00,"0,0"
2025-10-06 07:45:00,"16,006666666666515"
2025-10-06 08:00:00,"78,12366666666652"
2025-10-06 08:15:00,"190,63933333333316"
2025-10-06 08:30:00,"166,8563333333332"
2025-10-06 08:45:00,"143,57399999999984"
2025-10-06 09:00:00,"272,1113333333332"
2025-10-06 09:15:00,"332,74266666666654"
2025-10-06 09:30:00,"317,5693333333332"
2025-10-06 09:45:00,"391,7696666666665"
2025-10-06 10:00:00,"379,31666666666655"
2025-10-06 10:15:00,"400,1643333333331"
2025-10-06 10:30:00,"598,4539999999998"
2025-10-06 10:45:00,"699,5453333333331"
2025-10-06 11:00:00,"1038,0823333333333"
2025-10-06 11:15:00,"980,7076666666666"
2025-10-06 11:30:00,"624,4913333333332"
2025-10-06 11:45:00,"462,3343333333332"
2025-10-06 12:00:00,"635,8973333333332"
2025-10-06 12:15:00,"889,4826666666665"
2025-10-06 12:30:00,"676,1563333333331"
2025-10-06 12:45:00,"876,9659999999998"
2025-10-06 13:00:00,"1109,9859999999999"
2025-10-06 13:15:00,"1044,6249999999998"
2025-10-06 13:30:00,"1184,9066666666665"
2025-10-06 13:45:00,"1083,111333333333"
2025-10-06 14:00:00,"1080,1689999999999"
2025-10-06 14:15:00,"1452,6579999999997"
2025-10-06 14:30:00,"1203,1263333333334"
2025-10-06 14:45:00,"673,1619999999999"
2025-10-06 15:00:00,"850,2946666666666"
2025-10-06 15:15:00,"792,8469999999998"
2025-10-06 15:30:00,"539,6266666666664"
2025-10-06 15:45:00,"318,6759999999998"
2025-10-06 16:00:00,"322,07166666666654"
2025-10-06 16:15:00,"263,05599999999987"
2025-10-06 16:30:00,"253,85099999999983"
2025-10-06 16:45:00,"124,17233333333317"
2025-10-06 17:00:00,"94,96699999999986"
2025-10-06 17:15:00,"78,65199999999984"
2025-10-06 17:30:00,"61,11599999999986"
2025-10-06 17:45:00,"56,69833333333318"
2025-10-06 18:00:00,"21,36633333333318"
2025-10-06 18:15:00,"13,581333333333186"
2025-10-06 18:30:00,"1,4549999999998522"
2025-10-06 18:45:00,"0,0"
2025-10-06 19:00:00,"0,0"
2025-10-06 19:15:00,"0,0"
2025-10-06 19:30:00,"0,0"
2025-10-06 19:45:00,"0,48499999999985194"
2025-10-06 20:00:00,"0,0"
2025-10-06 20:15:00,"0,0"
2025-10-06 20:30:00,"0,0"
2025-10-06 20:45:00,"0,0"
2025-10-06 21:00:00,"0,0"
2025-10-06 21:15:00,"0,0"
2025-10-06 21:30:00,"0,0"
2025-10-06 21:45:00,"0,0"
2025-10-06 22:00:00,"0,0"
2025-10-06 22:15:00,"0,0"
2025-10-06 22:30:00,"0,0"
2025-10-06 22:45:00,"0,0"
2025-10-06 23:00:00,"0,0"
2025-10-06 23:15:00,"0,0"
2025-10-06 23:30:00,"0,0"
2025-10-06 23:45:00,"0,0"
2025-10-07 00:00:00,"0,0"
2025-10-07 00:15:00,"0,0"
2025-10-07 00:30:00,"0,0"
2025-10-07 00:45:00,"0,0"
2025-10-07 01:00:00,"0,0"
2025-10-07 01:15:00,"0,0"
2025-10-07 01:30:00,"0,0"
2025-10-07 01:45:00,"0,0"
2025-10-07 02:00:00,"0,0"
2025-10-07 02:15:00,"0,0"
2025-10-07 02:30:00,"0,0"
2025-10-07 02:45:00,"0,0"
2025-10-07 03:00:00,"0,0"
2025-10-07 03:15:00,"0,0"
2025-10-07 03:30:00,"0,0"
2025-10-07 03:45:00,"0,0"
2025-10-07 04:00:00,"0,0"
2025-10-07 04:15:00,"0,0"
2025-10-07 04:30:00,"0,0"
2025-10-07 04:45:00,"0,0"
2025-10-07 05:00:00,"0,0"
2025-10-07 05:15:00,"0,0"
2025-10-07 05:30:00,"0,0"
2025-10-07 05:45:00,"0,0"
2025-10-07 06:00:00,"0,0"
2025-10-07 06:15:00,"0,0"
2025-10-07 06:30:00,"0,0"
2025-10-07 06:45:00,"0,0"
2025-10-07 07:00:00,"0,0"
2025-10-07 07:15:00,"0,0"
2025-10-07 07:30:00,"0,0"
2025-10-07 07:45:00,"0,0"
2025-10-07 08:00:00,"2,910333333333333"
2025-10-07 08:15:00,"42,684"
2025-10-07 08:30:00,"108,16566666666667"
2025-10-07 08:45:00,"177,86033333333336"
2025-10-07 09:00:00,"182,37766666666667"
2025-10-07 09:15:00,"213,421"
2025-10-07 09:30:00,"156,67066666666668"
2025-10-07 09:45:00,"211,96599999999998"
2025-10-07 10:00:00,"356,5023333333333"
2025-10-07 10:15:00,"414,184"
2025-10-07 10:30:00,"376,39700000000005"
2025-10-07 10:45:00,"366,1106666666667"
2025-10-07 11:00:00,"573,5409999999999"
2025-10-07 11:15:00,"972,6413333333334"
2025-10-07 11:30:00,"763,465"
2025-10-07 11:45:00,"779,535"
2025-10-07 12:00:00,"994,3476666666667"
2025-10-07 12:15:00,"1053,0383333333334"
2025-10-07 12:30:00,"1053,0386666666666"
2025-10-07 12:45:00,"780,4416666666668"
2025-10-07 13:00:00,"1075,634"
2025-10-07 13:15:00,"1443,0163333333333"
2025-10-07 13:30:00,"1560,594"
2025-10-07 13:45:00,"1329,158"
2025-10-07 14:00:00,"657,7246666666666"
2025-10-07 14:15:00,"485,73"
2025-10-07 14:30:00,"448,1836666666667"
2025-10-07 14:45:00,"554,4093333333332"
2025-10-07 15:00:00,"555,7690000000001"
2025-10-07 15:15:00,"644,1433333333334"
2025-10-07 15:30:00,"534,0373333333333"
2025-10-07 15:45:00,"358,45033333333333"
2025-10-07 16:00:00,"282,29766666666666"
2025-10-07 16:15:00,"251,73966666666664"
2025-10-07 16:30:00,"174,06933333333333"
2025-10-07 16:45:00,"179,9526666666667"
2025-10-07 17:00:00,"174,13199999999998"
2025-10-07 17:15:00,"113,501"
2025-10-07 17:30:00,"85,86366666666667"
2025-10-07 17:45:00,"67,606"
2025-10-07 18:00:00,"29,639666666666663"
2025-10-07 18:15:00,"13,095999999999998"
2025-10-07 18:30:00,"0,485"
2025-10-07 18:45:00,"0,0"
2025-10-07 19:00:00,"0,0"
2025-10-07 19:15:00,"0,0"
2025-10-07 19:30:00,"0,0"
2025-10-07 19:45:00,"0,0"
2025-10-07 20:00:00,"0,0"
2025-10-07 20:15:00,"0,0"
2025-10-07 20:30:00,"0,0"
2025-10-07 20:45:00,"0,0"
2025-10-07 21:00:00,"0,0"
2025-10-07 21:15:00,"0,0"
2025-10-07 21:30:00,"0,0"
2025-10-07 21:45:00,"0,0"
2025-10-07 22:00:00,"0,0"
2025-10-07 22:15:00,"0,0"
2025-10-07 22:30:00,"0,0"
2025-10-07 22:45:00,"0,0"
2025-10-07 23:00:00,"0,0"
2025-10-07 23:15:00,"0,0"
2025-10-07 23:30:00,"0,0"
2025-10-07 23:45:00,"0,0"
2025-10-08 00:00:00,"0,0"
2025-10-08 00:15:00,"0,0"
2025-10-08 00:30:00,"0,0"
2025-10-08 00:45:00,"0,0"
2025-10-08 01:00:00,"0,0"
2025-10-08 01:15:00,"0,0"
2025-10-08 01:30:00,"0,0"
2025-10-08 01:45:00,"0,0"
2025-10-08 02:00:00,"0,0"
2025-10-08 02:15:00,"0,0"
2025-10-08 02:30:00,"0,0"
2025-10-08 02:45:00,"0,0"
2025-10-08 03:00:00,"0,0"
2025-10-08 03:15:00,"0,0"
2025-10-08 03:30:00,"0,0"
2025-10-08 03:45:00,"0,0"
2025-10-08 04:00:00,"0,0"
2025-10-08 04:15:00,"0,0"
2025-10-08 04:30:00,"0,0"
2025-10-08 04:45:00,"0,0"
2025-10-08 05:00:00,"0,0"
2025-10-08 05:15:00,"0,0"
2025-10-08 05:30:00,"0,0"
2025-10-08 05:45:00,"0,0"
2025-10-08 06:00:00,"0,0"
2025-10-08 06:15:00,"0,0"
2025-10-08 06:30:00,"0,0"
2025-10-08 06:45:00,"0,0"
2025-10-08 07:00:00,"0,0"
2025-10-08 07:15:00,"0,0"
2025-10-08 07:30:00,"1,4549999999999998"
2025-10-08 07:45:00,"87,261"
2025-10-08 08:00:00,"290,581"
2025-10-08 08:15:00,"556,8346666666667"
2025-10-08 08:30:00,"488,92800000000005"
2025-10-08 08:45:00,"782,867"
2025-10-08 09:00:00,"816,335"
2025-10-08 09:15:00,"970,0949999999998"
2025-10-08 09:30:00,"1563,8033333333333"
2025-10-08 09:45:00,"1688,4506666666666"
2025-10-08 10:00:00,"1387,7213333333334"
2025-10-08 10:15:00,"1992,5756666666666"
2025-10-08 10:30:00,"2254,1319999999996"
2025-10-08 10:45:00,"2338,414333333333"
2025-10-08 11:00:00,"2899,6143333333334"
2025-10-08 11:15:00,"1928,2936666666665"
2025-10-08 11:30:00,"2127,5339999999997"
2025-10-08 11:45:00,"3347,417"
2025-10-08 12:00:00,"2625,2346666666663"
2025-10-08 12:15:00,"2334,1910000000003"
2025-10-08 12:30:00,"2657,9476666666665"
2025-10-08 12:45:00,"3407,944333333333"
2025-10-08 13:00:00,"2959,760333333333"
2025-10-08 13:15:00,"3266,795666666667"
2025-10-08 13:30:00,"3096,266"
2025-10-08 13:45:00,"2973,497"
2025-10-08 14:00:00,"2867,0486666666666"
2025-10-08 14:15:00,"3115,9456666666665"
2025-10-08 14:30:00,"2182,775666666667"
2025-10-08 14:45:00,"2188,8439999999996"
2025-10-08 15:00:00,"1590,734333333333"
2025-10-08 15:15:00,"2288,3026666666665"
2025-10-08 15:30:00,"1560,3979999999995"
2025-10-08 15:45:00,"2499,8316666666665"
2025-10-08 16:00:00,"2534,859333333333"
2025-10-08 16:15:00,"2291,205"
2025-10-08 16:30:00,"2036,7146666666663"
2025-10-08 16:45:00,"1701,4873333333328"
2025-10-08 17:00:00,"1365,8759999999995"
2025-10-08 17:15:00,"1152,6799999999994"
2025-10-08 17:30:00,"991,9223333333331"
2025-10-08 17:45:00,"729,5119999999997"
2025-10-08 18:00:00,"421,4803333333331"
2025-10-08 18:15:00,"201,2949999999997"
2025-10-08 18:30:00,"36,95733333333304"
2025-10-08 18:45:00,"0,0"
2025-10-08 19:00:00,"0,0"
2025-10-08 19:15:00,"0,0"
2025-10-08 19:30:00,"0,0"
2025-10-08 19:45:00,"0,0"
2025-10-08 20:00:00,"0,0"
2025-10-08 20:15:00,"0,0"
2025-10-08 20:30:00,"0,0"
2025-10-08 20:45:00,"0,0"
2025-10-08 21:00:00,"0,0"
2025-10-08 21:15:00,"0,0"
2025-10-08 21:30:00,"0,0"
2025-10-08 21:45:00,"0,0"
2025-10-08 22:00:00,"0,0"
2025-10-08 22:15:00,"0,0"
2025-10-08 22:30:00,"0,0"
2025-10-08 22:45:00,"0,0"
2025-10-08 23:00:00,"0,0"
2025-10-08 23:15:00,"0,0"
2025-10-08 23:30:00,"0,0"
2025-10-08 23:45:00,"0,0"
2025-10-09 00:00:00,"0,0"
2025-10-09 00:15:00,"0,0"
2025-10-09 00:30:00,"0,0"
2025-10-09 00:45:00,"0,0"
2025-10-09 01:00:00,"0,0"
2025-10-09 01:15:00,"0,0"
2025-10-09 01:30:00,"0,0"
2025-10-09 01:45:00,"0,0"
2025-10-09 02:00:00,"0,0"
2025-10-09 02:15:00,"0,0"
2025-10-09 02:30:00,"0,0"
2025-10-09 02:45:00,"0,0"
2025-10-09 03:00:00,"0,0"
2025-10-09 03:15:00,"0,0"
2025-10-09 03:30:00,"0,0"
2025-10-09 03:45:00,"0,0"
2025-10-09 04:00:00,"0,0"
2025-10-09 04:15:00,"0,0"
2025-10-09 04:30:00,"0,0"
2025-10-09 04:45:00,"0,0"
2025-10-09 05:00:00,"0,0"
2025-10-09 05:15:00,"0,0"
2025-10-09 05:30:00,"0,0"
2025-10-09 05:45:00,"0,0"
2025-10-09 06:00:00,"0,0"
2025-10-09 06:15:00,"0,0"
2025-10-09 06:30:00,"0,0"
2025-10-09 06:45:00,"0,0"
2025-10-09 07:00:00,"0,0"
2025-10-09 07:15:00,"0,0"
2025-10-09 07:30:00,"0,0"
2025-10-09 07:45:00,"0,0"
2025-10-09 08:00:00,"3,894999999999704"
2025-10-09 08:15:00,"1,957999999999704"
2025-10-09 08:30:00,"16,0859999999997"
