Datum;Zeitzone;von;bis;Einheit;reBAP unterdeckt;reBAP ueberdeckt
07.07.2025;CEST;00:00;00:15;EUR/MWh;164,4;164,4
07.07.2025;CEST;00:15;00:30;EUR/MWh;54,52;54,52
07.07.2025;CEST;00:30;00:45;EUR/MWh;157,59;157,59
07.07.2025;CEST;00:45;01:00;EUR/MWh;122,81;122,81
07.07.2025;CEST;01:00;01:15;EUR/MWh;131,45;131,45
07.07.2025;CEST;01:15;01:30;EUR/MWh;113,89;113,89
07.07.2025;CEST;01:30;01:45;EUR/MWh;130,26;130,26
07.07.2025;CEST;01:45;02:00;EUR/MWh;66,65;66,65
07.07.2025;CEST;02:00;02:15;EUR/MWh;74,51;74,51
07.07.2025;CEST;02:15;02:30;EUR/MWh;65,06;65,06
07.07.2025;CEST;02:30;02:45;EUR/MWh;53,36;53,36
07.07.2025;CEST;02:45;03:00;EUR/MWh;76,79;76,79
07.07.2025;CEST;03:00;03:15;EUR/MWh;112,46;112,46
07.07.2025;CEST;03:15;03:30;EUR/MWh;95,85;95,85
07.07.2025;CEST;03:30;03:45;EUR/MWh;120,65;120,65
07.07.2025;CEST;03:45;04:00;EUR/MWh;94,17;94,17
07.07.2025;CEST;04:00;04:15;EUR/MWh;89,56;89,56
07.07.2025;CEST;04:15;04:30;EUR/MWh;77,81;77,81
07.07.2025;CEST;04:30;04:45;EUR/MWh;52,9;52,9
07.07.2025;CEST;04:45;05:00;EUR/MWh;51,69;51,69
07.07.2025;CEST;05:00;05:15;EUR/MWh;84,85;84,85
07.07.2025;CEST;05:15;05:30;EUR/MWh;103,14;103,14
07.07.2025;CEST;05:30;05:45;EUR/MWh;154,34;154,34
07.07.2025;CEST;05:45;06:00;EUR/MWh;131,89;131,89
07.07.2025;CEST;06:00;06:15;EUR/MWh;156,85;156,85
07.07.2025;CEST;06:15;06:30;EUR/MWh;130,27;130,27
07.07.2025;CEST;06:30;06:45;EUR/MWh;141,91;141,91
07.07.2025;CEST;06:45;07:00;EUR/MWh;65,48;65,48
07.07.2025;CEST;07:00;07:15;EUR/MWh;152,46;152,46
07.07.2025;CEST;07:15;07:30;EUR/MWh;154,9;154,9
07.07.2025;CEST;07:30;07:45;EUR/MWh;156,51;156,51
07.07.2025;CEST;07:45;08:00;EUR/MWh;66,33;66,33
07.07.2025;CEST;08:00;08:15;EUR/MWh;99,25;99,25
07.07.2025;CEST;08:15;08:30;EUR/MWh;107,46;107,46
07.07.2025;CEST;08:30;08:45;EUR/MWh;125,05;125,05
07.07.2025;CEST;08:45;09:00;EUR/MWh;121,72;121,72
07.07.2025;CEST;09:00;09:15;EUR/MWh;68,09;68,09
07.07.2025;CEST;09:15;09:30;EUR/MWh;41,44;41,44
07.07.2025;CEST;09:30;09:45;EUR/MWh;59,05;59,05
07.07.2025;CEST;09:45;10:00;EUR/MWh;54,36;54,36
07.07.2025;CEST;10:00;10:15;EUR/MWh;87,01;87,01
07.07.2025;CEST;10:15;10:30;EUR/MWh;64,67;64,67
07.07.2025;CEST;10:30;10:45;EUR/MWh;44,5;44,5
07.07.2025;CEST;10:45;11:00;EUR/MWh;12,46;12,46
07.07.2025;CEST;11:00;11:15;EUR/MWh;97,73;97,73
07.07.2025;CEST;11:15;11:30;EUR/MWh;105,33;105,33
07.07.2025;CEST;11:30;11:45;EUR/MWh;65,71;65,71
07.07.2025;CEST;11:45;12:00;EUR/MWh;49,45;49,45
07.07.2025;CEST;12:00;12:15;EUR/MWh;82,74;82,74
07.07.2025;CEST;12:15;12:30;EUR/MWh;18,75;18,75
07.07.2025;CEST;12:30;12:45;EUR/MWh;49,69;49,69
07.07.2025;CEST;12:45;13:00;EUR/MWh;48,72;48,72
07.07.2025;CEST;13:00;13:15;EUR/MWh;54,08;54,08
07.07.2025;CEST;13:15;13:30;EUR/MWh;89,85;89,85
07.07.2025;CEST;13:30;13:45;EUR/MWh;46,14;46,14
07.07.2025;CEST;13:45;14:00;EUR/MWh;35,26;35,26
07.07.2025;CEST;14:00;14:15;EUR/MWh;71,22;71,22
07.07.2025;CEST;14:15;14:30;EUR/MWh;90,63;90,63
07.07.2025;CEST;14:30;14:45;EUR/MWh;101,83;101,83
07.07.2025;CEST;14:45;15:00;EUR/MWh;77,85;77,85
07.07.2025;CEST;15:00;15:15;EUR/MWh;95,28;95,28
07.07.2025;CEST;15:15;15:30;EUR/MWh;140,05;140,05
07.07.2025;CEST;15:30;15:45;EUR/MWh;110;110
07.07.2025;CEST;15:45;16:00;EUR/MWh;107,06;107,06
07.07.2025;CEST;16:00;16:15;EUR/MWh;100,91;100,91
07.07.2025;CEST;16:15;16:30;EUR/MWh;106,43;106,43
07.07.2025;CEST;16:30;16:45;EUR/MWh;94,12;94,12
07.07.2025;CEST;16:45;17:00;EUR/MWh;105,01;105,01
07.07.2025;CEST;17:00;17:15;EUR/MWh;72,69;72,69
07.07.2025;CEST;17:15;17:30;EUR/MWh;66,8;66,8
07.07.2025;CEST;17:30;17:45;EUR/MWh;60,58;60,58
07.07.2025;CEST;17:45;18:00;EUR/MWh;13,21;13,21
07.07.2025;CEST;18:00;18:15;EUR/MWh;89,75;89,75
07.07.2025;CEST;18:15;18:30;EUR/MWh;112,53;112,53
07.07.2025;CEST;18:30;18:45;EUR/MWh;120,89;120,89
07.07.2025;CEST;18:45;19:00;EUR/MWh;31,47;31,47
07.07.2025;CEST;19:00;19:15;EUR/MWh;54,16;54,16
07.07.2025;CEST;19:15;19:30;EUR/MWh;47,43;47,43
07.07.2025;CEST;19:30;19:45;EUR/MWh;57,64;57,64
07.07.2025;CEST;19:45;20:00;EUR/MWh;40,15;40,15
07.07.2025;CEST;20:00;20:15;EUR/MWh;56,68;56,68
07.07.2025;CEST;20:15;20:30;EUR/MWh;61,86;61,86
07.07.2025;CEST;20:30;20:45;EUR/MWh;54,61;54,61
07.07.2025;CEST;20:45;21:00;EUR/MWh;82,36;82,36
07.07.2025;CEST;21:00;21:15;EUR/MWh;115,18;115,18
07.07.2025;CEST;21:15;21:30;EUR/MWh;59,46;59,46
07.07.2025;CEST;21:30;21:45;EUR/MWh;71,2;71,2
07.07.2025;CEST;21:45;22:00;EUR/MWh;83,93;83,93
07.07.2025;CEST;22:00;22:15;EUR/MWh;162,44;162,44
07.07.2025;CEST;22:15;22:30;EUR/MWh;307,31;307,31
07.07.2025;CEST;22:30;22:45;EUR/MWh;73,85;73,85
07.07.2025;CEST;22:45;23:00;EUR/MWh;50,83;50,83
07.07.2025;CEST;23:00;23:15;EUR/MWh;63,39;63,39
07.07.2025;CEST;23:15;23:30;EUR/MWh;96,11;96,11
07.07.2025;CEST;23:30;23:45;EUR/MWh;107,75;107,75
07.07.2025;CEST;23:45;00:00;EUR/MWh;144,13;144,13
08.07.2025;CEST;00:00;00:15;EUR/MWh;71,17;71,17
08.07.2025;CEST;00:15;00:30;EUR/MWh;57,44;57,44
08.07.2025;CEST;00:30;00:45;EUR/MWh;63,91;63,91
08.07.2025;CEST;00:45;01:00;EUR/MWh;100,58;100,58
08.07.2025;CEST;01:00;01:15;EUR/MWh;112,1;112,1
08.07.2025;CEST;01:15;01:30;EUR/MWh;111,61;111,61
08.07.2025;CEST;01:30;01:45;EUR/MWh;119,29;119,29
08.07.2025;CEST;01:45;02:00;EUR/MWh;110,82;110,82
08.07.2025;CEST;02:00;02:15;EUR/MWh;109,37;109,37
08.07.2025;CEST;02:15;02:30;EUR/MWh;103,4;103,4
08.07.2025;CEST;02:30;02:45;EUR/MWh;116,75;116,75
08.07.2025;CEST;02:45;03:00;EUR/MWh;148,13;148,13
08.07.2025;CEST;03:00;03:15;EUR/MWh;136,53;136,53
08.07.2025;CEST;03:15;03:30;EUR/MWh;89,17;89,17
08.07.2025;CEST;03:30;03:45;EUR/MWh;101,31;101,31
08.07.2025;CEST;03:45;04:00;EUR/MWh;94,29;94,29
08.07.2025;CEST;04:00;04:15;EUR/MWh;116,51;116,51
08.07.2025;CEST;04:15;04:30;EUR/MWh;146,84;146,84
08.07.2025;CEST;04:30;04:45;EUR/MWh;128,92;128,92
08.07.2025;CEST;04:45;05:00;EUR/MWh;78,91;78,91
08.07.2025;CEST;05:00;05:15;EUR/MWh;70,1;70,1
08.07.2025;CEST;05:15;05:30;EUR/MWh;70,33;70,33
08.07.2025;CEST;05:30;05:45;EUR/MWh;55,55;55,55
08.07.2025;CEST;05:45;06:00;EUR/MWh;58,32;58,32
08.07.2025;CEST;06:00;06:15;EUR/MWh;91,63;91,63
08.07.2025;CEST;06:15;06:30;EUR/MWh;103,54;103,54
08.07.2025;CEST;06:30;06:45;EUR/MWh;106,79;106,79
08.07.2025;CEST;06:45;07:00;EUR/MWh;104,06;104,06
08.07.2025;CEST;07:00;07:15;EUR/MWh;125,93;125,93
08.07.2025;CEST;07:15;07:30;EUR/MWh;119,91;119,91
08.07.2025;CEST;07:30;07:45;EUR/MWh;127,54;127,54
08.07.2025;CEST;07:45;08:00;EUR/MWh;91,64;91,64
08.07.2025;CEST;08:00;08:15;EUR/MWh;123,29;123,29
08.07.2025;CEST;08:15;08:30;EUR/MWh;91,32;91,32
08.07.2025;CEST;08:30;08:45;EUR/MWh;100,74;100,74
08.07.2025;CEST;08:45;09:00;EUR/MWh;92,33;92,33
08.07.2025;CEST;09:00;09:15;EUR/MWh;75,73;75,73
08.07.2025;CEST;09:15;09:30;EUR/MWh;69,16;69,16
08.07.2025;CEST;09:30;09:45;EUR/MWh;34,39;34,39
08.07.2025;CEST;09:45;10:00;EUR/MWh;74,67;74,67
08.07.2025;CEST;10:00;10:15;EUR/MWh;141,18;141,18
08.07.2025;CEST;10:15;10:30;EUR/MWh;145,54;145,54
08.07.2025;CEST;10:30;10:45;EUR/MWh;142,55;142,55
08.07.2025;CEST;10:45;11:00;EUR/MWh;85,93;85,93
08.07.2025;CEST;11:00;11:15;EUR/MWh;32,39;32,39
08.07.2025;CEST;11:15;11:30;EUR/MWh;16,87;16,87
08.07.2025;CEST;11:30;11:45;EUR/MWh;59,5;59,5
08.07.2025;CEST;11:45;12:00;EUR/MWh;56,31;56,31
08.07.2025;CEST;12:00;12:15;EUR/MWh;115,3;115,3
08.07.2025;CEST;12:15;12:30;EUR/MWh;122,73;122,73
08.07.2025;CEST;12:30;12:45;EUR/MWh;109,11;109,11
08.07.2025;CEST;12:45;13:00;EUR/MWh;73,97;73,97
08.07.2025;CEST;13:00;13:15;EUR/MWh;11,94;11,94
08.07.2025;CEST;13:15;13:30;EUR/MWh;19,11;19,11
08.07.2025;CEST;13:30;13:45;EUR/MWh;14,41;14,41
08.07.2025;CEST;13:45;14:00;EUR/MWh;0,76;0,76
08.07.2025;CEST;14:00;14:15;EUR/MWh;-32,57;-32,57
08.07.2025;CEST;14:15;14:30;EUR/MWh;-16,72;-16,72
08.07.2025;CEST;14:30;14:45;EUR/MWh;-27,29;-27,29
08.07.2025;CEST;14:45;15:00;EUR/MWh;-18,19;-18,19
08.07.2025;CEST;15:00;15:15;EUR/MWh;-107,83;-107,83
08.07.2025;CEST;15:15;15:30;EUR/MWh;-112,53;-112,53
08.07.2025;CEST;15:30;15:45;EUR/MWh;-118,14;-118,14
08.07.2025;CEST;15:45;16:00;EUR/MWh;-65,41;-65,41
08.07.2025;CEST;16:00;16:15;EUR/MWh;113,25;113,25
08.07.2025;CEST;16:15;16:30;EUR/MWh;-0,13;-0,13
08.07.2025;CEST;16:30;16:45;EUR/MWh;-7,5;-7,5
08.07.2025;CEST;16:45;17:00;EUR/MWh;-12,6;-12,6
08.07.2025;CEST;17:00;17:15;EUR/MWh;42,49;42,49
08.07.2025;CEST;17:15;17:30;EUR/MWh;28,49;28,49
08.07.2025;CEST;17:30;17:45;EUR/MWh;67,71;67,71
08.07.2025;CEST;17:45;18:00;EUR/MWh;76,98;76,98
08.07.2025;CEST;18:00;18:15;EUR/MWh;34,71;34,71
08.07.2025;CEST;18:15;18:30;EUR/MWh;21,11;21,11
08.07.2025;CEST;18:30;18:45;EUR/MWh;79,47;79,47
08.07.2025;CEST;18:45;19:00;EUR/MWh;45,55;45,55
08.07.2025;CEST;19:00;19:15;EUR/MWh;-29,67;-29,67
08.07.2025;CEST;19:15;19:30;EUR/MWh;-2,85;-2,85
08.07.2025;CEST;19:30;19:45;EUR/MWh;22,8;22,8
08.07.2025;CEST;19:45;20:00;EUR/MWh;32,42;32,42
08.07.2025;CEST;20:00;20:15;EUR/MWh;29,25;29,25
08.07.2025;CEST;20:15;20:30;EUR/MWh;50,88;50,88
08.07.2025;CEST;20:30;20:45;EUR/MWh;73,43;73,43
08.07.2025;CEST;20:45;21:00;EUR/MWh;29,18;29,18
08.07.2025;CEST;21:00;21:15;EUR/MWh;60,97;60,97
08.07.2025;CEST;21:15;21:30;EUR/MWh;58,77;58,77
08.07.2025;CEST;21:30;21:45;EUR/MWh;38,03;38,03
08.07.2025;CEST;21:45;22:00;EUR/MWh;61,09;61,09
08.07.2025;CEST;22:00;22:15;EUR/MWh;110,58;110,58
08.07.2025;CEST;22:15;22:30;EUR/MWh;120,62;120,62
08.07.2025;CEST;22:30;22:45;EUR/MWh;132,01;132,01
08.07.2025;CEST;22:45;23:00;EUR/MWh;146,18;146,18
08.07.2025;CEST;23:00;23:15;EUR/MWh;118,29;118,29
08.07.2025;CEST;23:15;23:30;EUR/MWh;67,27;67,27
08.07.2025;CEST;23:30;23:45;EUR/MWh;97,85;97,85
08.07.2025;CEST;23:45;00:00;EUR/MWh;92,97;92,97
09.07.2025;CEST;00:00;00:15;EUR/MWh;97,01;97,01
09.07.2025;CEST;00:15;00:30;EUR/MWh;107,42;107,42
09.07.2025;CEST;00:30;00:45;EUR/MWh;96,96;96,96
09.07.2025;CEST;00:45;01:00;EUR/MWh;99,6;99,6
09.07.2025;CEST;01:00;01:15;EUR/MWh;73,8;73,8
09.07.2025;CEST;01:15;01:30;EUR/MWh;65,26;65,26
09.07.2025;CEST;01:30;01:45;EUR/MWh;79,33;79,33
09.07.2025;CEST;01:45;02:00;EUR/MWh;70,17;70,17
09.07.2025;CEST;02:00;02:15;EUR/MWh;81,57;81,57
09.07.2025;CEST;02:15;02:30;EUR/MWh;98,54;98,54
09.07.2025;CEST;02:30;02:45;EUR/MWh;107,87;107,87
09.07.2025;CEST;02:45;03:00;EUR/MWh;106,93;106,93
09.07.2025;CEST;03:00;03:15;EUR/MWh;83,22;83,22
09.07.2025;CEST;03:15;03:30;EUR/MWh;84,04;84,04
09.07.2025;CEST;03:30;03:45;EUR/MWh;84,9;84,9
09.07.2025;CEST;03:45;04:00;EUR/MWh;76,26;76,26
09.07.2025;CEST;04:00;04:15;EUR/MWh;76,29;76,29
09.07.2025;CEST;04:15;04:30;EUR/MWh;71,04;71,04
09.07.2025;CEST;04:30;04:45;EUR/MWh;82,14;82,14
09.07.2025;CEST;04:45;05:00;EUR/MWh;84,89;84,89
09.07.2025;CEST;05:00;05:15;EUR/MWh;54,83;54,83
09.07.2025;CEST;05:15;05:30;EUR/MWh;41,45;41,45
09.07.2025;CEST;05:30;05:45;EUR/MWh;50,88;50,88
09.07.2025;CEST;05:45;06:00;EUR/MWh;54,27;54,27
09.07.2025;CEST;06:00;06:15;EUR/MWh;116,49;116,49
09.07.2025;CEST;06:15;06:30;EUR/MWh;111,52;111,52
09.07.2025;CEST;06:30;06:45;EUR/MWh;133,03;133,03
09.07.2025;CEST;06:45;07:00;EUR/MWh;131,86;131,86
09.07.2025;CEST;07:00;07:15;EUR/MWh;127;127
09.07.2025;CEST;07:15;07:30;EUR/MWh;136,63;136,63
09.07.2025;CEST;07:30;07:45;EUR/MWh;150,41;150,41
09.07.2025;CEST;07:45;08:00;EUR/MWh;133,96;133,96
09.07.2025;CEST;08:00;08:15;EUR/MWh;77,63;77,63
09.07.2025;CEST;08:15;08:30;EUR/MWh;25,68;25,68
09.07.2025;CEST;08:30;08:45;EUR/MWh;45,13;45,13
09.07.2025;CEST;08:45;09:00;EUR/MWh;46,39;46,39
09.07.2025;CEST;09:00;09:15;EUR/MWh;93,72;93,72
09.07.2025;CEST;09:15;09:30;EUR/MWh;103,54;103,54
09.07.2025;CEST;09:30;09:45;EUR/MWh;68,89;68,89
09.07.2025;CEST;09:45;10:00;EUR/MWh;54,44;54,44
09.07.2025;CEST;10:00;10:15;EUR/MWh;111,13;111,13
09.07.2025;CEST;10:15;10:30;EUR/MWh;115,88;115,88
09.07.2025;CEST;10:30;10:45;EUR/MWh;121,96;121,96
09.07.2025;CEST;10:45;11:00;EUR/MWh;133,61;133,61
09.07.2025;CEST;11:00;11:15;EUR/MWh;140,44;140,44
09.07.2025;CEST;11:15;11:30;EUR/MWh;143,94;143,94
09.07.2025;CEST;11:30;11:45;EUR/MWh;143,13;143,13
09.07.2025;CEST;11:45;12:00;EUR/MWh;153,37;153,37
09.07.2025;CEST;12:00;12:15;EUR/MWh;106,09;106,09
09.07.2025;CEST;12:15;12:30;EUR/MWh;111,91;111,91
09.07.2025;CEST;12:30;12:45;EUR/MWh;111,6;111,6
09.07.2025;CEST;12:45;13:00;EUR/MWh;60,53;60,53
09.07.2025;CEST;13:00;13:15;EUR/MWh;149,79;149,79
09.07.2025;CEST;13:15;13:30;EUR/MWh;113,2;113,2
09.07.2025;CEST;13:30;13:45;EUR/MWh;135,41;135,41
09.07.2025;CEST;13:45;14:00;EUR/MWh;52,09;52,09
09.07.2025;CEST;14:00;14:15;EUR/MWh;52,27;52,27
09.07.2025;CEST;14:15;14:30;EUR/MWh;7,94;7,94
09.07.2025;CEST;14:30;14:45;EUR/MWh;48,35;48,35
09.07.2025;CEST;14:45;15:00;EUR/MWh;37,62;37,62
09.07.2025;CEST;15:00;15:15;EUR/MWh;21,24;21,24
09.07.2025;CEST;15:15;15:30;EUR/MWh;7,91;7,91
09.07.2025;CEST;15:30;15:45;EUR/MWh;70,52;70,52
09.07.2025;CEST;15:45;16:00;EUR/MWh;131,12;131,12
09.07.2025;CEST;16:00;16:15;EUR/MWh;85,97;85,97
09.07.2025;CEST;16:15;16:30;EUR/MWh;48,16;48,16
09.07.2025;CEST;16:30;16:45;EUR/MWh;41,21;41,21
09.07.2025;CEST;16:45;17:00;EUR/MWh;36,13;36,13
09.07.2025;CEST;17:00;17:15;EUR/MWh;61,48;61,48
09.07.2025;CEST;17:15;17:30;EUR/MWh;14,04;14,04
09.07.2025;CEST;17:30;17:45;EUR/MWh;12,41;12,41
09.07.2025;CEST;17:45;18:00;EUR/MWh;6,01;6,01
09.07.2025;CEST;18:00;18:15;EUR/MWh;-10,77;-10,77
09.07.2025;CEST;18:15;18:30;EUR/MWh;19,14;19,14
09.07.2025;CEST;18:30;18:45;EUR/MWh;42,54;42,54
09.07.2025;CEST;18:45;19:00;EUR/MWh;67,06;67,06
09.07.2025;CEST;19:00;19:15;EUR/MWh;76,07;76,07
09.07.2025;CEST;19:15;19:30;EUR/MWh;77,32;77,32
09.07.2025;CEST;19:30;19:45;EUR/MWh;23,61;23,61
09.07.2025;CEST;19:45;20:00;EUR/MWh;88,7;88,7
09.07.2025;CEST;20:00;20:15;EUR/MWh;90,67;90,67
09.07.2025;CEST;20:15;20:30;EUR/MWh;116,6;116,6
09.07.2025;CEST;20:30;20:45;EUR/MWh;152,6;152,6
09.07.2025;CEST;20:45;21:00;EUR/MWh;165,78;165,78
09.07.2025;CEST;21:00;21:15;EUR/MWh;70,22;70,22
09.07.2025;CEST;21:15;21:30;EUR/MWh;94,82;94,82
09.07.2025;CEST;21:30;21:45;EUR/MWh;108,36;108,36
09.07.2025;CEST;21:45;22:00;EUR/MWh;56,12;56,12
09.07.2025;CEST;22:00;22:15;EUR/MWh;94,81;94,81
09.07.2025;CEST;22:15;22:30;EUR/MWh;143,19;143,19
09.07.2025;CEST;22:30;22:45;EUR/MWh;119,56;119,56
09.07.2025;CEST;22:45;23:00;EUR/MWh;62,06;62,06
09.07.2025;CEST;23:00;23:15;EUR/MWh;101,91;101,91
09.07.2025;CEST;23:15;23:30;EUR/MWh;77,95;77,95
09.07.2025;CEST;23:30;23:45;EUR/MWh;84,93;84,93
09.07.2025;CEST;23:45;00:00;EUR/MWh;68,95;68,95
10.07.2025;CEST;00:00;00:15;EUR/MWh;115,4;115,4
10.07.2025;CEST;00:15;00:30;EUR/MWh;111,73;111,73
10.07.2025;CEST;00:30;00:45;EUR/MWh;105,83;105,83
10.07.2025;CEST;00:45;01:00;EUR/MWh;83,31;83,31
10.07.2025;CEST;01:00;01:15;EUR/MWh;84,46;84,46
10.07.2025;CEST;01:15;01:30;EUR/MWh;46;46
10.07.2025;CEST;01:30;01:45;EUR/MWh;88,27;88,27
10.07.2025;CEST;01:45;02:00;EUR/MWh;74,22;74,22
10.07.2025;CEST;02:00;02:15;EUR/MWh;72,42;72,42
10.07.2025;CEST;02:15;02:30;EUR/MWh;53,17;53,17
10.07.2025;CEST;02:30;02:45;EUR/MWh;91,81;91,81
10.07.2025;CEST;02:45;03:00;EUR/MWh;83,89;83,89
10.07.2025;CEST;03:00;03:15;EUR/MWh;118,73;118,73
10.07.2025;CEST;03:15;03:30;EUR/MWh;110,11;110,11
10.07.2025;CEST;03:30;03:45;EUR/MWh;117,72;117,72
10.07.2025;CEST;03:45;04:00;EUR/MWh;95,73;95,73
10.07.2025;CEST;04:00;04:15;EUR/MWh;111,48;111,48
10.07.2025;CEST;04:15;04:30;EUR/MWh;109,02;109,02
10.07.2025;CEST;04:30;04:45;EUR/MWh;104,28;104,28
10.07.2025;CEST;04:45;05:00;EUR/MWh;140,54;140,54
10.07.2025;CEST;05:00;05:15;EUR/MWh;116,87;116,87
10.07.2025;CEST;05:15;05:30;EUR/MWh;80,64;80,64
10.07.2025;CEST;05:30;05:45;EUR/MWh;119,09;119,09
10.07.2025;CEST;05:45;06:00;EUR/MWh;130,17;130,17
10.07.2025;CEST;06:00;06:15;EUR/MWh;71,67;71,67
10.07.2025;CEST;06:15;06:30;EUR/MWh;98,1;98,1
10.07.2025;CEST;06:30;06:45;EUR/MWh;105,47;105,47
10.07.2025;CEST;06:45;07:00;EUR/MWh;92,01;92,01
10.07.2025;CEST;07:00;07:15;EUR/MWh;144,3;144,3
10.07.2025;CEST;07:15;07:30;EUR/MWh;133,66;133,66
10.07.2025;CEST;07:30;07:45;EUR/MWh;124,4;124,4
10.07.2025;CEST;07:45;08:00;EUR/MWh;131,23;131,23
10.07.2025;CEST;08:00;08:15;EUR/MWh;128,46;128,46
10.07.2025;CEST;08:15;08:30;EUR/MWh;98,47;98,47
10.07.2025;CEST;08:30;08:45;EUR/MWh;60,66;60,66
10.07.2025;CEST;08:45;09:00;EUR/MWh;38,03;38,03
10.07.2025;CEST;09:00;09:15;EUR/MWh;23,54;23,54
10.07.2025;CEST;09:15;09:30;EUR/MWh;42,83;42,83
10.07.2025;CEST;09:30;09:45;EUR/MWh;41,82;41,82
10.07.2025;CEST;09:45;10:00;EUR/MWh;51,45;51,45
10.07.2025;CEST;10:00;10:15;EUR/MWh;14,6;14,6
10.07.2025;CEST;10:15;10:30;EUR/MWh;2,97;2,97
10.07.2025;CEST;10:30;10:45;EUR/MWh;6,23;6,23
10.07.2025;CEST;10:45;11:00;EUR/MWh;22,43;22,43
10.07.2025;CEST;11:00;11:15;EUR/MWh;30,94;30,94
10.07.2025;CEST;11:15;11:30;EUR/MWh;41,83;41,83
10.07.2025;CEST;11:30;11:45;EUR/MWh;13,11;13,11
10.07.2025;CEST;11:45;12:00;EUR/MWh;7,8;7,8
10.07.2025;CEST;12:00;12:15;EUR/MWh;13,7;13,7
10.07.2025;CEST;12:15;12:30;EUR/MWh;26,89;26,89
10.07.2025;CEST;12:30;12:45;EUR/MWh;18,34;18,34
10.07.2025;CEST;12:45;13:00;EUR/MWh;5,59;5,59
10.07.2025;CEST;13:00;13:15;EUR/MWh;47,67;47,67
10.07.2025;CEST;13:15;13:30;EUR/MWh;44,14;44,14
10.07.2025;CEST;13:30;13:45;EUR/MWh;74,29;74,29
10.07.2025;CEST;13:45;14:00;EUR/MWh;21,17;21,17
10.07.2025;CEST;14:00;14:15;EUR/MWh;4,28;4,28
10.07.2025;CEST;14:15;14:30;EUR/MWh;75,35;75,35
10.07.2025;CEST;14:30;14:45;EUR/MWh;58,49;58,49
10.07.2025;CEST;14:45;15:00;EUR/MWh;114,05;114,05
10.07.2025;CEST;15:00;15:15;EUR/MWh;-0,61;-0,61
10.07.2025;CEST;15:15;15:30;EUR/MWh;-4,9;-4,9
10.07.2025;CEST;15:30;15:45;EUR/MWh;4,94;4,94
10.07.2025;CEST;15:45;16:00;EUR/MWh;82,66;82,66
10.07.2025;CEST;16:00;16:15;EUR/MWh;16,72;16,72
10.07.2025;CEST;16:15;16:30;EUR/MWh;67,35;67,35
10.07.2025;CEST;16:30;16:45;EUR/MWh;81,14;81,14
10.07.2025;CEST;16:45;17:00;EUR/MWh;97,26;97,26
10.07.2025;CEST;17:00;17:15;EUR/MWh;89,45;89,45
10.07.2025;CEST;17:15;17:30;EUR/MWh;60,83;60,83
10.07.2025;CEST;17:30;17:45;EUR/MWh;40,05;40,05
10.07.2025;CEST;17:45;18:00;EUR/MWh;41,28;41,28
10.07.2025;CEST;18:00;18:15;EUR/MWh;47,97;47,97
10.07.2025;CEST;18:15;18:30;EUR/MWh;114,12;114,12
10.07.2025;CEST;18:30;18:45;EUR/MWh;138,05;138,05
10.07.2025;CEST;18:45;19:00;EUR/MWh;41,02;41,02
10.07.2025;CEST;19:00;19:15;EUR/MWh;86,89;86,89
10.07.2025;CEST;19:15;19:30;EUR/MWh;121,47;121,47
10.07.2025;CEST;19:30;19:45;EUR/MWh;145,1;145,1
10.07.2025;CEST;19:45;20:00;EUR/MWh;146,72;146,72
10.07.2025;CEST;20:00;20:15;EUR/MWh;109,99;109,99
10.07.2025;CEST;20:15;20:30;EUR/MWh;133,61;133,61
10.07.2025;CEST;20:30;20:45;EUR/MWh;170,65;170,65
10.07.2025;CEST;20:45;21:00;EUR/MWh;157,35;157,35
10.07.2025;CEST;21:00;21:15;EUR/MWh;126,69;126,69
10.07.2025;CEST;21:15;21:30;EUR/MWh;121,82;121,82
10.07.2025;CEST;21:30;21:45;EUR/MWh;99,23;99,23
10.07.2025;CEST;21:45;22:00;EUR/MWh;98,12;98,12
10.07.2025;CEST;22:00;22:15;EUR/MWh;147,29;147,29
10.07.2025;CEST;22:15;22:30;EUR/MWh;188,09;188,09
10.07.2025;CEST;22:30;22:45;EUR/MWh;197,67;197,67
10.07.2025;CEST;22:45;23:00;EUR/MWh;135,63;135,63
10.07.2025;CEST;23:00;23:15;EUR/MWh;25,55;25,55
10.07.2025;CEST;23:15;23:30;EUR/MWh;22,22;22,22
10.07.2025;CEST;23:30;23:45;EUR/MWh;46,24;46,24
10.07.2025;CEST;23:45;00:00;EUR/MWh;32,15;32,15
11.07.2025;CEST;00:00;00:15;EUR/MWh;91,06;91,06
11.07.2025;CEST;00:15;00:30;EUR/MWh;82,65;82,65
11.07.2025;CEST;00:30;00:45;EUR/MWh;124,96;124,96
11.07.2025;CEST;00:45;01:00;EUR/MWh;82,82;82,82
11.07.2025;CEST;01:00;01:15;EUR/MWh;137,61;137,61
11.07.2025;CEST;01:15;01:30;EUR/MWh;119,65;119,65
11.07.2025;CEST;01:30;01:45;EUR/MWh;158,08;158,08
11.07.2025;CEST;01:45;02:00;EUR/MWh;130,06;130,06
11.07.2025;CEST;02:00;02:15;EUR/MWh;133,86;133,86
11.07.2025;CEST;02:15;02:30;EUR/MWh;83,72;83,72
11.07.2025;CEST;02:30;02:45;EUR/MWh;82,6;82,6
11.07.2025;CEST;02:45;03:00;EUR/MWh;89,87;89,87
11.07.2025;CEST;03:00;03:15;EUR/MWh;111,59;111,59
11.07.2025;CEST;03:15;03:30;EUR/MWh;66,22;66,22
11.07.2025;CEST;03:30;03:45;EUR/MWh;67,84;67,84
11.07.2025;CEST;03:45;04:00;EUR/MWh;73,5;73,5
11.07.2025;CEST;04:00;04:15;EUR/MWh;78,91;78,91
11.07.2025;CEST;04:15;04:30;EUR/MWh;96,67;96,67
11.07.2025;CEST;04:30;04:45;EUR/MWh;91,61;91,61
11.07.2025;CEST;04:45;05:00;EUR/MWh;101,89;101,89
11.07.2025;CEST;05:00;05:15;EUR/MWh;125,61;125,61
11.07.2025;CEST;05:15;05:30;EUR/MWh;116,18;116,18
11.07.2025;CEST;05:30;05:45;EUR/MWh;112,53;112,53
11.07.2025;CEST;05:45;06:00;EUR/MWh;114,14;114,14
11.07.2025;CEST;06:00;06:15;EUR/MWh;165,59;165,59
11.07.2025;CEST;06:15;06:30;EUR/MWh;140,73;140,73
11.07.2025;CEST;06:30;06:45;EUR/MWh;146,71;146,71
11.07.2025;CEST;06:45;07:00;EUR/MWh;145,29;145,29
11.07.2025;CEST;07:00;07:15;EUR/MWh;144,97;144,97
11.07.2025;CEST;07:15;07:30;EUR/MWh;135,16;135,16
11.07.2025;CEST;07:30;07:45;EUR/MWh;112,37;112,37
11.07.2025;CEST;07:45;08:00;EUR/MWh;115,34;115,34
11.07.2025;CEST;08:00;08:15;EUR/MWh;133,79;133,79
11.07.2025;CEST;08:15;08:30;EUR/MWh;126,86;126,86
11.07.2025;CEST;08:30;08:45;EUR/MWh;138,44;138,44
11.07.2025;CEST;08:45;09:00;EUR/MWh;119,37;119,37
11.07.2025;CEST;09:00;09:15;EUR/MWh;93,17;93,17
11.07.2025;CEST;09:15;09:30;EUR/MWh;64,91;64,91
11.07.2025;CEST;09:30;09:45;EUR/MWh;92,96;92,96
11.07.2025;CEST;09:45;10:00;EUR/MWh;99,76;99,76
11.07.2025;CEST;10:00;10:15;EUR/MWh;137,76;137,76
11.07.2025;CEST;10:15;10:30;EUR/MWh;158,26;158,26
11.07.2025;CEST;10:30;10:45;EUR/MWh;61,34;61,34
11.07.2025;CEST;10:45;11:00;EUR/MWh;56,91;56,91
11.07.2025;CEST;11:00;11:15;EUR/MWh;36,34;36,34
11.07.2025;CEST;11:15;11:30;EUR/MWh;69,71;69,71
11.07.2025;CEST;11:30;11:45;EUR/MWh;45,31;45,31
11.07.2025;CEST;11:45;12:00;EUR/MWh;31,19;31,19
11.07.2025;CEST;12:00;12:15;EUR/MWh;72,81;72,81
11.07.2025;CEST;12:15;12:30;EUR/MWh;45,87;45,87
11.07.2025;CEST;12:30;12:45;EUR/MWh;45,23;45,23
11.07.2025;CEST;12:45;13:00;EUR/MWh;34,47;34,47
11.07.2025;CEST;13:00;13:15;EUR/MWh;63,65;63,65
11.07.2025;CEST;13:15;13:30;EUR/MWh;27,61;27,61
11.07.2025;CEST;13:30;13:45;EUR/MWh;-10,57;-10,57
11.07.2025;CEST;13:45;14:00;EUR/MWh;-20,52;-20,52
11.07.2025;CEST;14:00;14:15;EUR/MWh;-17,36;-17,36
11.07.2025;CEST;14:15;14:30;EUR/MWh;-14,24;-14,24
11.07.2025;CEST;14:30;14:45;EUR/MWh;-11,93;-11,93
11.07.2025;CEST;14:45;15:00;EUR/MWh;-5,66;-5,66
11.07.2025;CEST;15:00;15:15;EUR/MWh;-10,44;-10,44
11.07.2025;CEST;15:15;15:30;EUR/MWh;-9,15;-9,15
11.07.2025;CEST;15:30;15:45;EUR/MWh;-5,88;-5,88
11.07.2025;CEST;15:45;16:00;EUR/MWh;-10,23;-10,23
11.07.2025;CEST;16:00;16:15;EUR/MWh;-10,94;-10,94
11.07.2025;CEST;16:15;16:30;EUR/MWh;-10,22;-10,22
11.07.2025;CEST;16:30;16:45;EUR/MWh;23,46;23,46
11.07.2025;CEST;16:45;17:00;EUR/MWh;55,2;55,2
11.07.2025;CEST;17:00;17:15;EUR/MWh;22,84;22,84
11.07.2025;CEST;17:15;17:30;EUR/MWh;25,17;25,17
11.07.2025;CEST;17:30;17:45;EUR/MWh;-4,17;-4,17
11.07.2025;CEST;17:45;18:00;EUR/MWh;15,21;15,21
11.07.2025;CEST;18:00;18:15;EUR/MWh;1,98;1,98
11.07.2025;CEST;18:15;18:30;EUR/MWh;16,54;16,54
11.07.2025;CEST;18:30;18:45;EUR/MWh;88,99;88,99
11.07.2025;CEST;18:45;19:00;EUR/MWh;125,79;125,79
11.07.2025;CEST;19:00;19:15;EUR/MWh;60,8;60,8
11.07.2025;CEST;19:15;19:30;EUR/MWh;40,3;40,3
11.07.2025;CEST;19:30;19:45;EUR/MWh;46,03;46,03
11.07.2025;CEST;19:45;20:00;EUR/MWh;87,8;87,8
11.07.2025;CEST;20:00;20:15;EUR/MWh;71,04;71,04
11.07.2025;CEST;20:15;20:30;EUR/MWh;125,14;125,14
11.07.2025;CEST;20:30;20:45;EUR/MWh;131,88;131,88
11.07.2025;CEST;20:45;21:00;EUR/MWh;158,17;158,17
11.07.2025;CEST;21:00;21:15;EUR/MWh;108,16;108,16
11.07.2025;CEST;21:15;21:30;EUR/MWh;102,06;102,06
11.07.2025;CEST;21:30;21:45;EUR/MWh;81,47;81,47
11.07.2025;CEST;21:45;22:00;EUR/MWh;76,86;76,86
11.07.2025;CEST;22:00;22:15;EUR/MWh;91,11;91,11
11.07.2025;CEST;22:15;22:30;EUR/MWh;134,15;134,15
11.07.2025;CEST;22:30;22:45;EUR/MWh;133,7;133,7
11.07.2025;CEST;22:45;23:00;EUR/MWh;88,72;88,72
11.07.2025;CEST;23:00;23:15;EUR/MWh;153,45;153,45
11.07.2025;CEST;23:15;23:30;EUR/MWh;105,21;105,21
11.07.2025;CEST;23:30;23:45;EUR/MWh;114,11;114,11
11.07.2025;CEST;23:45;00:00;EUR/MWh;123,4;123,4
12.07.2025;CEST;00:00;00:15;EUR/MWh;107,61;107,61
12.07.2025;CEST;00:15;00:30;EUR/MWh;129,58;129,58
12.07.2025;CEST;00:30;00:45;EUR/MWh;252,28;252,28
12.07.2025;CEST;00:45;01:00;EUR/MWh;179,06;179,06
12.07.2025;CEST;01:00;01:15;EUR/MWh;95,67;95,67
12.07.2025;CEST;01:15;01:30;EUR/MWh;115,41;115,41
12.07.2025;CEST;01:30;01:45;EUR/MWh;124,67;124,67
12.07.2025;CEST;01:45;02:00;EUR/MWh;126,63;126,63
12.07.2025;CEST;02:00;02:15;EUR/MWh;106,35;106,35
12.07.2025;CEST;02:15;02:30;EUR/MWh;145,71;145,71
12.07.2025;CEST;02:30;02:45;EUR/MWh;142,17;142,17
12.07.2025;CEST;02:45;03:00;EUR/MWh;157,75;157,75
12.07.2025;CEST;03:00;03:15;EUR/MWh;113,53;113,53
12.07.2025;CEST;03:15;03:30;EUR/MWh;97,46;97,46
12.07.2025;CEST;03:30;03:45;EUR/MWh;115,03;115,03
12.07.2025;CEST;03:45;04:00;EUR/MWh;113,05;113,05
12.07.2025;CEST;04:00;04:15;EUR/MWh;91,51;91,51
12.07.2025;CEST;04:15;04:30;EUR/MWh;92,5;92,5
12.07.2025;CEST;04:30;04:45;EUR/MWh;91,45;91,45
12.07.2025;CEST;04:45;05:00;EUR/MWh;68,21;68,21
12.07.2025;CEST;05:00;05:15;EUR/MWh;111,73;111,73
12.07.2025;CEST;05:15;05:30;EUR/MWh;79,46;79,46
12.07.2025;CEST;05:30;05:45;EUR/MWh;63,62;63,62
12.07.2025;CEST;05:45;06:00;EUR/MWh;73,52;73,52
12.07.2025;CEST;06:00;06:15;EUR/MWh;117,66;117,66
12.07.2025;CEST;06:15;06:30;EUR/MWh;111,78;111,78
12.07.2025;CEST;06:30;06:45;EUR/MWh;120,05;120,05
12.07.2025;CEST;06:45;07:00;EUR/MWh;115,37;115,37
12.07.2025;CEST;07:00;07:15;EUR/MWh;127,4;127,4
12.07.2025;CEST;07:15;07:30;EUR/MWh;60,37;60,37
12.07.2025;CEST;07:30;07:45;EUR/MWh;40,37;40,37
12.07.2025;CEST;07:45;08:00;EUR/MWh;29,47;29,47
12.07.2025;CEST;08:00;08:15;EUR/MWh;79,61;79,61
12.07.2025;CEST;08:15;08:30;EUR/MWh;57,31;57,31
12.07.2025;CEST;08:30;08:45;EUR/MWh;48,89;48,89
12.07.2025;CEST;08:45;09:00;EUR/MWh;50,23;50,23
12.07.2025;CEST;09:00;09:15;EUR/MWh;56,52;56,52
12.07.2025;CEST;09:15;09:30;EUR/MWh;49,5;49,5
12.07.2025;CEST;09:30;09:45;EUR/MWh;48,52;48,52
12.07.2025;CEST;09:45;10:00;EUR/MWh;20,54;20,54
12.07.2025;CEST;10:00;10:15;EUR/MWh;88,53;88,53
12.07.2025;CEST;10:15;10:30;EUR/MWh;-22,54;-22,54
12.07.2025;CEST;10:30;10:45;EUR/MWh;-7,93;-7,93
12.07.2025;CEST;10:45;11:00;EUR/MWh;-36,86;-36,86
12.07.2025;CEST;11:00;11:15;EUR/MWh;-31,15;-31,15
12.07.2025;CEST;11:15;11:30;EUR/MWh;-0,13;-0,13
12.07.2025;CEST;11:30;11:45;EUR/MWh;-0,13;-0,13
12.07.2025;CEST;11:45;12:00;EUR/MWh;1,03;1,03
12.07.2025;CEST;12:00;12:15;EUR/MWh;3,63;3,63
12.07.2025;CEST;12:15;12:30;EUR/MWh;4,07;4,07
12.07.2025;CEST;12:30;12:45;EUR/MWh;5,78;5,78
12.07.2025;CEST;12:45;13:00;EUR/MWh;10,5;10,5
12.07.2025;CEST;13:00;13:15;EUR/MWh;27,23;27,23
12.07.2025;CEST;13:15;13:30;EUR/MWh;4,91;4,91
12.07.2025;CEST;13:30;13:45;EUR/MWh;5,16;5,16
12.07.2025;CEST;13:45;14:00;EUR/MWh;-4,3;-4,3
12.07.2025;CEST;14:00;14:15;EUR/MWh;-13,89;-13,89
12.07.2025;CEST;14:15;14:30;EUR/MWh;-9,32;-9,32
12.07.2025;CEST;14:30;14:45;EUR/MWh;0,97;0,97
12.07.2025;CEST;14:45;15:00;EUR/MWh;16,78;16,78
12.07.2025;CEST;15:00;15:15;EUR/MWh;16,68;16,68
12.07.2025;CEST;15:15;15:30;EUR/MWh;69,9;69,9
12.07.2025;CEST;15:30;15:45;EUR/MWh;18,99;18,99
12.07.2025;CEST;15:45;16:00;EUR/MWh;44,66;44,66
12.07.2025;CEST;16:00;16:15;EUR/MWh;89,5;89,5
12.07.2025;CEST;16:15;16:30;EUR/MWh;122,63;122,63
12.07.2025;CEST;16:30;16:45;EUR/MWh;108,07;108,07
12.07.2025;CEST;16:45;17:00;EUR/MWh;80,89;80,89
12.07.2025;CEST;17:00;17:15;EUR/MWh;23,82;23,82
12.07.2025;CEST;17:15;17:30;EUR/MWh;80,55;80,55
12.07.2025;CEST;17:30;17:45;EUR/MWh;98,61;98,61
12.07.2025;CEST;17:45;18:00;EUR/MWh;136,68;136,68
12.07.2025;CEST;18:00;18:15;EUR/MWh;94,99;94,99
12.07.2025;CEST;18:15;18:30;EUR/MWh;67,2;67,2
12.07.2025;CEST;18:30;18:45;EUR/MWh;13,59;13,59
12.07.2025;CEST;18:45;19:00;EUR/MWh;93,78;93,78
12.07.2025;CEST;19:00;19:15;EUR/MWh;117,21;117,21
12.07.2025;CEST;19:15;19:30;EUR/MWh;115,13;115,13
12.07.2025;CEST;19:30;19:45;EUR/MWh;136,03;136,03
12.07.2025;CEST;19:45;20:00;EUR/MWh;80,17;80,17
12.07.2025;CEST;20:00;20:15;EUR/MWh;94,89;94,89
12.07.2025;CEST;20:15;20:30;EUR/MWh;111,86;111,86
12.07.2025;CEST;20:30;20:45;EUR/MWh;101,75;101,75
12.07.2025;CEST;20:45;21:00;EUR/MWh;103,88;103,88
12.07.2025;CEST;21:00;21:15;EUR/MWh;102,57;102,57
12.07.2025;CEST;21:15;21:30;EUR/MWh;109,86;109,86
12.07.2025;CEST;21:30;21:45;EUR/MWh;110,75;110,75
12.07.2025;CEST;21:45;22:00;EUR/MWh;123,54;123,54
12.07.2025;CEST;22:00;22:15;EUR/MWh;117,74;117,74
12.07.2025;CEST;22:15;22:30;EUR/MWh;114,9;114,9
12.07.2025;CEST;22:30;22:45;EUR/MWh;104,91;104,91
12.07.2025;CEST;22:45;23:00;EUR/MWh;92,77;92,77
12.07.2025;CEST;23:00;23:15;EUR/MWh;124,54;124,54
12.07.2025;CEST;23:15;23:30;EUR/MWh;109,64;109,64
12.07.2025;CEST;23:30;23:45;EUR/MWh;136,26;136,26
12.07.2025;CEST;23:45;00:00;EUR/MWh;127,14;127,14
13.07.2025;CEST;00:00;00:15;EUR/MWh;82,11;82,11
13.07.2025;CEST;00:15;00:30;EUR/MWh;88,78;88,78
13.07.2025;CEST;00:30;00:45;EUR/MWh;102,27;102,27
13.07.2025;CEST;00:45;01:00;EUR/MWh;74,24;74,24
13.07.2025;CEST;01:00;01:15;EUR/MWh;94,7;94,7
13.07.2025;CEST;01:15;01:30;EUR/MWh;94,99;94,99
13.07.2025;CEST;01:30;01:45;EUR/MWh;103,07;103,07
13.07.2025;CEST;01:45;02:00;EUR/MWh;87,26;87,26
13.07.2025;CEST;02:00;02:15;EUR/MWh;90,27;90,27
13.07.2025;CEST;02:15;02:30;EUR/MWh;76,07;76,07
13.07.2025;CEST;02:30;02:45;EUR/MWh;112,4;112,4
13.07.2025;CEST;02:45;03:00;EUR/MWh;101,14;101,14
13.07.2025;CEST;03:00;03:15;EUR/MWh;93,36;93,36
13.07.2025;CEST;03:15;03:30;EUR/MWh;109,69;109,69
13.07.2025;CEST;03:30;03:45;EUR/MWh;103,43;103,43
13.07.2025;CEST;03:45;04:00;EUR/MWh;107,89;107,89
13.07.2025;CEST;04:00;04:15;EUR/MWh;93,69;93,69
13.07.2025;CEST;04:15;04:30;EUR/MWh;102,62;102,62
13.07.2025;CEST;04:30;04:45;EUR/MWh;140,61;140,61
13.07.2025;CEST;04:45;05:00;EUR/MWh;97,47;97,47
13.07.2025;CEST;05:00;05:15;EUR/MWh;115,4;115,4
13.07.2025;CEST;05:15;05:30;EUR/MWh;84,91;84,91
13.07.2025;CEST;05:30;05:45;EUR/MWh;94,66;94,66
13.07.2025;CEST;05:45;06:00;EUR/MWh;95,54;95,54
13.07.2025;CEST;06:00;06:15;EUR/MWh;93,9;93,9
13.07.2025;CEST;06:15;06:30;EUR/MWh;87,22;87,22
13.07.2025;CEST;06:30;06:45;EUR/MWh;90,47;90,47
13.07.2025;CEST;06:45;07:00;EUR/MWh;84,11;84,11
13.07.2025;CEST;07:00;07:15;EUR/MWh;121,78;121,78
13.07.2025;CEST;07:15;07:30;EUR/MWh;112,11;112,11
13.07.2025;CEST;07:30;07:45;EUR/MWh;118,88;118,88
13.07.2025;CEST;07:45;08:00;EUR/MWh;127,64;127,64
13.07.2025;CEST;08:00;08:15;EUR/MWh;157,22;157,22
13.07.2025;CEST;08:15;08:30;EUR/MWh;312,15;312,15
13.07.2025;CEST;08:30;08:45;EUR/MWh;175,81;175,81
13.07.2025;CEST;08:45;09:00;EUR/MWh;127,34;127,34
13.07.2025;CEST;09:00;09:15;EUR/MWh;141,25;141,25
13.07.2025;CEST;09:15;09:30;EUR/MWh;177,75;177,75
13.07.2025;CEST;09:30;09:45;EUR/MWh;121,25;121,25
13.07.2025;CEST;09:45;10:00;EUR/MWh;5,97;5,97
13.07.2025;CEST;10:00;10:15;EUR/MWh;48,65;48,65
13.07.2025;CEST;10:15;10:30;EUR/MWh;23,13;23,13
13.07.2025;CEST;10:30;10:45;EUR/MWh;5,75;5,75
13.07.2025;CEST;10:45;11:00;EUR/MWh;-16,39;-16,39
13.07.2025;CEST;11:00;11:15;EUR/MWh;13,79;13,79
13.07.2025;CEST;11:15;11:30;EUR/MWh;89,19;89,19
13.07.2025;CEST;11:30;11:45;EUR/MWh;1,83;1,83
13.07.2025;CEST;11:45;12:00;EUR/MWh;-13,12;-13,12
13.07.2025;CEST;12:00;12:15;EUR/MWh;21,59;21,59
13.07.2025;CEST;12:15;12:30;EUR/MWh;72,9;72,9
13.07.2025;CEST;12:30;12:45;EUR/MWh;5,25;5,25
13.07.2025;CEST;12:45;13:00;EUR/MWh;2,99;2,99
13.07.2025;CEST;13:00;13:15;EUR/MWh;16,62;16,62
13.07.2025;CEST;13:15;13:30;EUR/MWh;-5,1;-5,1
13.07.2025;CEST;13:30;13:45;EUR/MWh;-12,61;-12,61
13.07.2025;CEST;13:45;14:00;EUR/MWh;-14,03;-14,03
13.07.2025;CEST;14:00;14:15;EUR/MWh;-30,72;-30,72
13.07.2025;CEST;14:15;14:30;EUR/MWh;-37,09;-37,09
13.07.2025;CEST;14:30;14:45;EUR/MWh;-29,4;-29,4
13.07.2025;CEST;14:45;15:00;EUR/MWh;-16,97;-16,97
13.07.2025;CEST;15:00;15:15;EUR/MWh;-4,19;-4,19
13.07.2025;CEST;15:15;15:30;EUR/MWh;-8,15;-8,15
13.07.2025;CEST;15:30;15:45;EUR/MWh;-18,23;-18,23
13.07.2025;CEST;15:45;16:00;EUR/MWh;-20,81;-20,81
13.07.2025;CEST;16:00;16:15;EUR/MWh;-46,77;-46,77
13.07.2025;CEST;16:15;16:30;EUR/MWh;-23,26;-23,26
13.07.2025;CEST;16:30;16:45;EUR/MWh;40,55;40,55
13.07.2025;CEST;16:45;17:00;EUR/MWh;-7,83;-7,83
13.07.2025;CEST;17:00;17:15;EUR/MWh;-7,01;-7,01
13.07.2025;CEST;17:15;17:30;EUR/MWh;13,16;13,16
13.07.2025;CEST;17:30;17:45;EUR/MWh;16,81;16,81
13.07.2025;CEST;17:45;18:00;EUR/MWh;114,83;114,83
13.07.2025;CEST;18:00;18:15;EUR/MWh;104,32;104,32
13.07.2025;CEST;18:15;18:30;EUR/MWh;133,14;133,14
13.07.2025;CEST;18:30;18:45;EUR/MWh;129,94;129,94
13.07.2025;CEST;18:45;19:00;EUR/MWh;194,81;194,81
13.07.2025;CEST;19:00;19:15;EUR/MWh;128,19;128,19
13.07.2025;CEST;19:15;19:30;EUR/MWh;127,17;127,17
13.07.2025;CEST;19:30;19:45;EUR/MWh;123,68;123,68
13.07.2025;CEST;19:45;20:00;EUR/MWh;148,65;148,65
13.07.2025;CEST;20:00;20:15;EUR/MWh;113,08;113,08
13.07.2025;CEST;20:15;20:30;EUR/MWh;76,86;76,86
13.07.2025;CEST;20:30;20:45;EUR/MWh;126,8;126,8
13.07.2025;CEST;20:45;21:00;EUR/MWh;74,32;74,32
13.07.2025;CEST;21:00;21:15;EUR/MWh;76,77;76,77
13.07.2025;CEST;21:15;21:30;EUR/MWh;54,75;54,75
13.07.2025;CEST;21:30;21:45;EUR/MWh;132,06;132,06
13.07.2025;CEST;21:45;22:00;EUR/MWh;81,84;81,84
13.07.2025;CEST;22:00;22:15;EUR/MWh;114,23;114,23
13.07.2025;CEST;22:15;22:30;EUR/MWh;107,4;107,4
13.07.2025;CEST;22:30;22:45;EUR/MWh;121,79;121,79
13.07.2025;CEST;22:45;23:00;EUR/MWh;99,04;99,04
13.07.2025;CEST;23:00;23:15;EUR/MWh;143,99;143,99
13.07.2025;CEST;23:15;23:30;EUR/MWh;140,26;140,26
13.07.2025;CEST;23:30;23:45;EUR/MWh;175,76;175,76
13.07.2025;CEST;23:45;00:00;EUR/MWh;174,91;174,91
14.07.2025;CEST;00:00;00:15;EUR/MWh;94,94;94,94
14.07.2025;CEST;00:15;00:30;EUR/MWh;123,4;123,4
14.07.2025;CEST;00:30;00:45;EUR/MWh;121,55;121,55
14.07.2025;CEST;00:45;01:00;EUR/MWh;137,2;137,2
14.07.2025;CEST;01:00;01:15;EUR/MWh;144,16;144,16
14.07.2025;CEST;01:15;01:30;EUR/MWh;90,23;90,23
14.07.2025;CEST;01:30;01:45;EUR/MWh;95,41;95,41
14.07.2025;CEST;01:45;02:00;EUR/MWh;91,41;91,41
14.07.2025;CEST;02:00;02:15;EUR/MWh;81,67;81,67
14.07.2025;CEST;02:15;02:30;EUR/MWh;87,29;87,29
14.07.2025;CEST;02:30;02:45;EUR/MWh;99,02;99,02
14.07.2025;CEST;02:45;03:00;EUR/MWh;89,32;89,32
14.07.2025;CEST;03:00;03:15;EUR/MWh;105,82;105,82
14.07.2025;CEST;03:15;03:30;EUR/MWh;96,25;96,25
14.07.2025;CEST;03:30;03:45;EUR/MWh;82,11;82,11
14.07.2025;CEST;03:45;04:00;EUR/MWh;78,9;78,9
14.07.2025;CEST;04:00;04:15;EUR/MWh;67,75;67,75
14.07.2025;CEST;04:15;04:30;EUR/MWh;65,74;65,74
14.07.2025;CEST;04:30;04:45;EUR/MWh;64,88;64,88
14.07.2025;CEST;04:45;05:00;EUR/MWh;67,01;67,01
14.07.2025;CEST;05:00;05:15;EUR/MWh;70,39;70,39
14.07.2025;CEST;05:15;05:30;EUR/MWh;56,66;56,66
14.07.2025;CEST;05:30;05:45;EUR/MWh;75,54;75,54
14.07.2025;CEST;05:45;06:00;EUR/MWh;86,02;86,02
14.07.2025;CEST;06:00;06:15;EUR/MWh;83,57;83,57
14.07.2025;CEST;06:15;06:30;EUR/MWh;83,13;83,13
14.07.2025;CEST;06:30;06:45;EUR/MWh;106,21;106,21
14.07.2025;CEST;06:45;07:00;EUR/MWh;69,37;69,37
14.07.2025;CEST;07:00;07:15;EUR/MWh;85,93;85,93
14.07.2025;CEST;07:15;07:30;EUR/MWh;89,59;89,59
14.07.2025;CEST;07:30;07:45;EUR/MWh;93,97;93,97
14.07.2025;CEST;07:45;08:00;EUR/MWh;115,11;115,11
14.07.2025;CEST;08:00;08:15;EUR/MWh;175,73;175,73
14.07.2025;CEST;08:15;08:30;EUR/MWh;159,28;159,28
14.07.2025;CEST;08:30;08:45;EUR/MWh;126,72;126,72
14.07.2025;CEST;08:45;09:00;EUR/MWh;120,4;120,4
14.07.2025;CEST;09:00;09:15;EUR/MWh;95,05;95,05
14.07.2025;CEST;09:15;09:30;EUR/MWh;74,04;74,04
14.07.2025;CEST;09:30;09:45;EUR/MWh;64,19;64,19
14.07.2025;CEST;09:45;10:00;EUR/MWh;69,82;69,82
14.07.2025;CEST;10:00;10:15;EUR/MWh;66,24;66,24
14.07.2025;CEST;10:15;10:30;EUR/MWh;119,03;119,03
14.07.2025;CEST;10:30;10:45;EUR/MWh;132,43;132,43
14.07.2025;CEST;10:45;11:00;EUR/MWh;129,11;129,11
14.07.2025;CEST;11:00;11:15;EUR/MWh;144,28;144,28
14.07.2025;CEST;11:15;11:30;EUR/MWh;157,35;157,35
14.07.2025;CEST;11:30;11:45;EUR/MWh;147,23;147,23
14.07.2025;CEST;11:45;12:00;EUR/MWh;133,66;133,66
14.07.2025;CEST;12:00;12:15;EUR/MWh;118,75;118,75
14.07.2025;CEST;12:15;12:30;EUR/MWh;58,82;58,82
14.07.2025;CEST;12:30;12:45;EUR/MWh;54,99;54,99
14.07.2025;CEST;12:45;13:00;EUR/MWh;107,09;107,09
14.07.2025;CEST;13:00;13:15;EUR/MWh;60,12;60,12
14.07.2025;CEST;13:15;13:30;EUR/MWh;48,35;48,35
14.07.2025;CEST;13:30;13:45;EUR/MWh;29,87;29,87
14.07.2025;CEST;13:45;14:00;EUR/MWh;17,5;17,5
14.07.2025;CEST;14:00;14:15;EUR/MWh;0,01;0,01
14.07.2025;CEST;14:15;14:30;EUR/MWh;7,75;7,75
14.07.2025;CEST;14:30;14:45;EUR/MWh;-11,97;-11,97
14.07.2025;CEST;14:45;15:00;EUR/MWh;-18,67;-18,67
14.07.2025;CEST;15:00;15:15;EUR/MWh;-4,44;-4,44
14.07.2025;CEST;15:15;15:30;EUR/MWh;1,33;1,33
14.07.2025;CEST;15:30;15:45;EUR/MWh;36,26;36,26
14.07.2025;CEST;15:45;16:00;EUR/MWh;70,51;70,51
14.07.2025;CEST;16:00;16:15;EUR/MWh;115,8;115,8
14.07.2025;CEST;16:15;16:30;EUR/MWh;146,65;146,65
14.07.2025;CEST;16:30;16:45;EUR/MWh;121,37;121,37
14.07.2025;CEST;16:45;17:00;EUR/MWh;64,3;64,3
14.07.2025;CEST;17:00;17:15;EUR/MWh;93,52;93,52
14.07.2025;CEST;17:15;17:30;EUR/MWh;84,9;84,9
14.07.2025;CEST;17:30;17:45;EUR/MWh;100,89;100,89
14.07.2025;CEST;17:45;18:00;EUR/MWh;135,41;135,41
14.07.2025;CEST;18:00;18:15;EUR/MWh;107,17;107,17
14.07.2025;CEST;18:15;18:30;EUR/MWh;144,8;144,8
14.07.2025;CEST;18:30;18:45;EUR/MWh;154,14;154,14
14.07.2025;CEST;18:45;19:00;EUR/MWh;89,52;89,52
14.07.2025;CEST;19:00;19:15;EUR/MWh;70,26;70,26
14.07.2025;CEST;19:15;19:30;EUR/MWh;75,93;75,93
14.07.2025;CEST;19:30;19:45;EUR/MWh;66,7;66,7
14.07.2025;CEST;19:45;20:00;EUR/MWh;113,52;113,52
14.07.2025;CEST;20:00;20:15;EUR/MWh;97,82;97,82
14.07.2025;CEST;20:15;20:30;EUR/MWh;80,06;80,06
14.07.2025;CEST;20:30;20:45;EUR/MWh;117,57;117,57
14.07.2025;CEST;20:45;21:00;EUR/MWh;60,04;60,04
14.07.2025;CEST;21:00;21:15;EUR/MWh;95,72;95,72
14.07.2025;CEST;21:15;21:30;EUR/MWh;73,62;73,62
14.07.2025;CEST;21:30;21:45;EUR/MWh;91,54;91,54
14.07.2025;CEST;21:45;22:00;EUR/MWh;117,74;117,74
14.07.2025;CEST;22:00;22:15;EUR/MWh;157,71;157,71
14.07.2025;CEST;22:15;22:30;EUR/MWh;196,15;196,15
14.07.2025;CEST;22:30;22:45;EUR/MWh;144,69;144,69
14.07.2025;CEST;22:45;23:00;EUR/MWh;104,83;104,83
14.07.2025;CEST;23:00;23:15;EUR/MWh;120,65;120,65
14.07.2025;CEST;23:15;23:30;EUR/MWh;98,98;98,98
14.07.2025;CEST;23:30;23:45;EUR/MWh;125,58;125,58
14.07.2025;CEST;23:45;00:00;EUR/MWh;112,82;112,82
15.07.2025;CEST;00:00;00:15;EUR/MWh;145,33;145,33
15.07.2025;CEST;00:15;00:30;EUR/MWh;156,85;156,85
15.07.2025;CEST;00:30;00:45;EUR/MWh;145,99;145,99
15.07.2025;CEST;00:45;01:00;EUR/MWh;121,31;121,31
15.07.2025;CEST;01:00;01:15;EUR/MWh;83,56;83,56
15.07.2025;CEST;01:15;01:30;EUR/MWh;86,96;86,96
15.07.2025;CEST;01:30;01:45;EUR/MWh;119,71;119,71
15.07.2025;CEST;01:45;02:00;EUR/MWh;105,55;105,55
15.07.2025;CEST;02:00;02:15;EUR/MWh;96,33;96,33
15.07.2025;CEST;02:15;02:30;EUR/MWh;80,35;80,35
15.07.2025;CEST;02:30;02:45;EUR/MWh;80,4;80,4
15.07.2025;CEST;02:45;03:00;EUR/MWh;62,75;62,75
15.07.2025;CEST;03:00;03:15;EUR/MWh;88,53;88,53
15.07.2025;CEST;03:15;03:30;EUR/MWh;82,2;82,2
15.07.2025;CEST;03:30;03:45;EUR/MWh;87,63;87,63
15.07.2025;CEST;03:45;04:00;EUR/MWh;62,18;62,18
15.07.2025;CEST;04:00;04:15;EUR/MWh;69,29;69,29
15.07.2025;CEST;04:15;04:30;EUR/MWh;59,82;59,82
15.07.2025;CEST;04:30;04:45;EUR/MWh;68,16;68,16
15.07.2025;CEST;04:45;05:00;EUR/MWh;87,76;87,76
15.07.2025;CEST;05:00;05:15;EUR/MWh;82,2;82,2
15.07.2025;CEST;05:15;05:30;EUR/MWh;84,28;84,28
15.07.2025;CEST;05:30;05:45;EUR/MWh;84,93;84,93
15.07.2025;CEST;05:45;06:00;EUR/MWh;109,63;109,63
15.07.2025;CEST;06:00;06:15;EUR/MWh;125,5;125,5
15.07.2025;CEST;06:15;06:30;EUR/MWh;85,38;85,38
15.07.2025;CEST;06:30;06:45;EUR/MWh;97,2;97,2
15.07.2025;CEST;06:45;07:00;EUR/MWh;78,19;78,19
15.07.2025;CEST;07:00;07:15;EUR/MWh;97,46;97,46
15.07.2025;CEST;07:15;07:30;EUR/MWh;101,6;101,6
15.07.2025;CEST;07:30;07:45;EUR/MWh;122,81;122,81
15.07.2025;CEST;07:45;08:00;EUR/MWh;125,61;125,61
15.07.2025;CEST;08:00;08:15;EUR/MWh;139,78;139,78
15.07.2025;CEST;08:15;08:30;EUR/MWh;87,51;87,51
15.07.2025;CEST;08:30;08:45;EUR/MWh;72,03;72,03
15.07.2025;CEST;08:45;09:00;EUR/MWh;68,44;68,44
15.07.2025;CEST;09:00;09:15;EUR/MWh;61,66;61,66
15.07.2025;CEST;09:15;09:30;EUR/MWh;51,11;51,11
15.07.2025;CEST;09:30;09:45;EUR/MWh;60,09;60,09
15.07.2025;CEST;09:45;10:00;EUR/MWh;73,18;73,18
15.07.2025;CEST;10:00;10:15;EUR/MWh;67,04;67,04
15.07.2025;CEST;10:15;10:30;EUR/MWh;66,25;66,25
15.07.2025;CEST;10:30;10:45;EUR/MWh;61,62;61,62
15.07.2025;CEST;10:45;11:00;EUR/MWh;33,77;33,77
15.07.2025;CEST;11:00;11:15;EUR/MWh;56,86;56,86
15.07.2025;CEST;11:15;11:30;EUR/MWh;43,63;43,63
15.07.2025;CEST;11:30;11:45;EUR/MWh;41,59;41,59
15.07.2025;CEST;11:45;12:00;EUR/MWh;46,04;46,04
15.07.2025;CEST;12:00;12:15;EUR/MWh;29,68;29,68
15.07.2025;CEST;12:15;12:30;EUR/MWh;5,95;5,95
15.07.2025;CEST;12:30;12:45;EUR/MWh;110,22;110,22
15.07.2025;CEST;12:45;13:00;EUR/MWh;-6,76;-6,76
15.07.2025;CEST;13:00;13:15;EUR/MWh;91,46;91,46
15.07.2025;CEST;13:15;13:30;EUR/MWh;104,01;104,01
15.07.2025;CEST;13:30;13:45;EUR/MWh;120,64;120,64
15.07.2025;CEST;13:45;14:00;EUR/MWh;258,88;258,88
15.07.2025;CEST;14:00;14:15;EUR/MWh;323,94;323,94
15.07.2025;CEST;14:15;14:30;EUR/MWh;138,19;138,19
15.07.2025;CEST;14:30;14:45;EUR/MWh;25,69;25,69
15.07.2025;CEST;14:45;15:00;EUR/MWh;26,95;26,95
15.07.2025;CEST;15:00;15:15;EUR/MWh;27,54;27,54
15.07.2025;CEST;15:15;15:30;EUR/MWh;-4,05;-4,05
15.07.2025;CEST;15:30;15:45;EUR/MWh;-5,79;-5,79
15.07.2025;CEST;15:45;16:00;EUR/MWh;2,56;2,56
15.07.2025;CEST;16:00;16:15;EUR/MWh;2,25;2,25
15.07.2025;CEST;16:15;16:30;EUR/MWh;95,26;95,26
15.07.2025;CEST;16:30;16:45;EUR/MWh;37,84;37,84
15.07.2025;CEST;16:45;17:00;EUR/MWh;108,61;108,61
15.07.2025;CEST;17:00;17:15;EUR/MWh;77,41;77,41
15.07.2025;CEST;17:15;17:30;EUR/MWh;23,99;23,99
15.07.2025;CEST;17:30;17:45;EUR/MWh;42,7;42,7
15.07.2025;CEST;17:45;18:00;EUR/MWh;86,02;86,02
15.07.2025;CEST;18:00;18:15;EUR/MWh;69,05;69,05
15.07.2025;CEST;18:15;18:30;EUR/MWh;114,69;114,69
15.07.2025;CEST;18:30;18:45;EUR/MWh;24,36;24,36
15.07.2025;CEST;18:45;19:00;EUR/MWh;67,54;67,54
15.07.2025;CEST;19:00;19:15;EUR/MWh;65,79;65,79
15.07.2025;CEST;19:15;19:30;EUR/MWh;62,25;62,25
15.07.2025;CEST;19:30;19:45;EUR/MWh;74,78;74,78
15.07.2025;CEST;19:45;20:00;EUR/MWh;78,75;78,75
15.07.2025;CEST;20:00;20:15;EUR/MWh;77,16;77,16
15.07.2025;CEST;20:15;20:30;EUR/MWh;83,31;83,31
15.07.2025;CEST;20:30;20:45;EUR/MWh;80,44;80,44
15.07.2025;CEST;20:45;21:00;EUR/MWh;107,89;107,89
15.07.2025;CEST;21:00;21:15;EUR/MWh;36,33;36,33
15.07.2025;CEST;21:15;21:30;EUR/MWh;37,4;37,4
15.07.2025;CEST;21:30;21:45;EUR/MWh;70,62;70,62
15.07.2025;CEST;21:45;22:00;EUR/MWh;44,35;44,35
15.07.2025;CEST;22:00;22:15;EUR/MWh;45,87;45,87
15.07.2025;CEST;22:15;22:30;EUR/MWh;45,22;45,22
15.07.2025;CEST;22:30;22:45;EUR/MWh;67,59;67,59
15.07.2025;CEST;22:45;23:00;EUR/MWh;56,73;56,73
15.07.2025;CEST;23:00;23:15;EUR/MWh;78,28;78,28
15.07.2025;CEST;23:15;23:30;EUR/MWh;70,93;70,93
15.07.2025;CEST;23:30;23:45;EUR/MWh;70,41;70,41
15.07.2025;CEST;23:45;00:00;EUR/MWh;61,26;61,26
16.07.2025;CEST;00:00;00:15;EUR/MWh;104,48;104,48
16.07.2025;CEST;00:15;00:30;EUR/MWh;91,05;91,05
16.07.2025;CEST;00:30;00:45;EUR/MWh;85,84;85,84
16.07.2025;CEST;00:45;01:00;EUR/MWh;97,86;97,86
16.07.2025;CEST;01:00;01:15;EUR/MWh;103,71;103,71
16.07.2025;CEST;01:15;01:30;EUR/MWh;98,61;98,61
16.07.2025;CEST;01:30;01:45;EUR/MWh;104,93;104,93
16.07.2025;CEST;01:45;02:00;EUR/MWh;30,64;30,64
16.07.2025;CEST;02:00;02:15;EUR/MWh;62,91;62,91
16.07.2025;CEST;02:15;02:30;EUR/MWh;60,84;60,84
16.07.2025;CEST;02:30;02:45;EUR/MWh;103,48;103,48
16.07.2025;CEST;02:45;03:00;EUR/MWh;58,84;58,84
16.07.2025;CEST;03:00;03:15;EUR/MWh;112,41;112,41
16.07.2025;CEST;03:15;03:30;EUR/MWh;77,97;77,97
16.07.2025;CEST;03:30;03:45;EUR/MWh;109,4;109,4
16.07.2025;CEST;03:45;04:00;EUR/MWh;74,25;74,25
16.07.2025;CEST;04:00;04:15;EUR/MWh;64,1;64,1
16.07.2025;CEST;04:15;04:30;EUR/MWh;61,61;61,61
16.07.2025;CEST;04:30;04:45;EUR/MWh;73,28;73,28
16.07.2025;CEST;04:45;05:00;EUR/MWh;72,76;72,76
16.07.2025;CEST;05:00;05:15;EUR/MWh;60,99;60,99
16.07.2025;CEST;05:15;05:30;EUR/MWh;57,31;57,31
16.07.2025;CEST;05:30;05:45;EUR/MWh;97,31;97,31
16.07.2025;CEST;05:45;06:00;EUR/MWh;103,76;103,76
16.07.2025;CEST;06:00;06:15;EUR/MWh;65,36;65,36
16.07.2025;CEST;06:15;06:30;EUR/MWh;83,32;83,32
16.07.2025;CEST;06:30;06:45;EUR/MWh;93,47;93,47
16.07.2025;CEST;06:45;07:00;EUR/MWh;108,49;108,49
16.07.2025;CEST;07:00;07:15;EUR/MWh;85,02;85,02
16.07.2025;CEST;07:15;07:30;EUR/MWh;97,6;97,6
16.07.2025;CEST;07:30;07:45;EUR/MWh;135,03;135,03
16.07.2025;CEST;07:45;08:00;EUR/MWh;135,73;135,73
16.07.2025;CEST;08:00;08:15;EUR/MWh;158,53;158,53
16.07.2025;CEST;08:15;08:30;EUR/MWh;136,9;136,9
16.07.2025;CEST;08:30;08:45;EUR/MWh;129,35;129,35
16.07.2025;CEST;08:45;09:00;EUR/MWh;135,86;135,86
16.07.2025;CEST;09:00;09:15;EUR/MWh;150,75;150,75
16.07.2025;CEST;09:15;09:30;EUR/MWh;133,33;133,33
16.07.2025;CEST;09:30;09:45;EUR/MWh;120,36;120,36
16.07.2025;CEST;09:45;10:00;EUR/MWh;47,18;47,18
16.07.2025;CEST;10:00;10:15;EUR/MWh;36,58;36,58
16.07.2025;CEST;10:15;10:30;EUR/MWh;26,75;26,75
16.07.2025;CEST;10:30;10:45;EUR/MWh;24,97;24,97
16.07.2025;CEST;10:45;11:00;EUR/MWh;13,92;13,92
16.07.2025;CEST;11:00;11:15;EUR/MWh;19,27;19,27
16.07.2025;CEST;11:15;11:30;EUR/MWh;22,57;22,57
16.07.2025;CEST;11:30;11:45;EUR/MWh;17,23;17,23
16.07.2025;CEST;11:45;12:00;EUR/MWh;9,02;9,02
16.07.2025;CEST;12:00;12:15;EUR/MWh;92,61;92,61
16.07.2025;CEST;12:15;12:30;EUR/MWh;26,07;26,07
16.07.2025;CEST;12:30;12:45;EUR/MWh;18,83;18,83
16.07.2025;CEST;12:45;13:00;EUR/MWh;-7,47;-7,47
16.07.2025;CEST;13:00;13:15;EUR/MWh;3,08;3,08
16.07.2025;CEST;13:15;13:30;EUR/MWh;58,93;58,93
16.07.2025;CEST;13:30;13:45;EUR/MWh;0,52;0,52
16.07.2025;CEST;13:45;14:00;EUR/MWh;5,18;5,18
16.07.2025;CEST;14:00;14:15;EUR/MWh;93,04;93,04
16.07.2025;CEST;14:15;14:30;EUR/MWh;14,6;14,6
16.07.2025;CEST;14:30;14:45;EUR/MWh;23;23
16.07.2025;CEST;14:45;15:00;EUR/MWh;14,87;14,87
16.07.2025;CEST;15:00;15:15;EUR/MWh;21,1;21,1
16.07.2025;CEST;15:15;15:30;EUR/MWh;47,66;47,66
16.07.2025;CEST;15:30;15:45;EUR/MWh;79,05;79,05
16.07.2025;CEST;15:45;16:00;EUR/MWh;31,53;31,53
16.07.2025;CEST;16:00;16:15;EUR/MWh;24,89;24,89
16.07.2025;CEST;16:15;16:30;EUR/MWh;88,55;88,55
16.07.2025;CEST;16:30;16:45;EUR/MWh;102,64;102,64
16.07.2025;CEST;16:45;17:00;EUR/MWh;95,64;95,64
16.07.2025;CEST;17:00;17:15;EUR/MWh;81,04;81,04
16.07.2025;CEST;17:15;17:30;EUR/MWh;92,86;92,86
16.07.2025;CEST;17:30;17:45;EUR/MWh;103,93;103,93
16.07.2025;CEST;17:45;18:00;EUR/MWh;102,15;102,15
16.07.2025;CEST;18:00;18:15;EUR/MWh;92,22;92,22
16.07.2025;CEST;18:15;18:30;EUR/MWh;109,3;109,3
16.07.2025;CEST;18:30;18:45;EUR/MWh;166,98;166,98
16.07.2025;CEST;18:45;19:00;EUR/MWh;162,45;162,45
16.07.2025;CEST;19:00;19:15;EUR/MWh;56,54;56,54
16.07.2025;CEST;19:15;19:30;EUR/MWh;61,52;61,52
16.07.2025;CEST;19:30;19:45;EUR/MWh;86;86
16.07.2025;CEST;19:45;20:00;EUR/MWh;91,62;91,62
16.07.2025;CEST;20:00;20:15;EUR/MWh;67,57;67,57
16.07.2025;CEST;20:15;20:30;EUR/MWh;65,93;65,93
16.07.2025;CEST;20:30;20:45;EUR/MWh;115,7;115,7
16.07.2025;CEST;20:45;21:00;EUR/MWh;119,86;119,86
16.07.2025;CEST;21:00;21:15;EUR/MWh;115,43;115,43
16.07.2025;CEST;21:15;21:30;EUR/MWh;74,14;74,14
16.07.2025;CEST;21:30;21:45;EUR/MWh;81,4;81,4
16.07.2025;CEST;21:45;22:00;EUR/MWh;86,08;86,08
16.07.2025;CEST;22:00;22:15;EUR/MWh;87,12;87,12
16.07.2025;CEST;22:15;22:30;EUR/MWh;77,16;77,16
16.07.2025;CEST;22:30;22:45;EUR/MWh;48,67;48,67
16.07.2025;CEST;22:45;23:00;EUR/MWh;70,47;70,47
16.07.2025;CEST;23:00;23:15;EUR/MWh;133,99;133,99
16.07.2025;CEST;23:15;23:30;EUR/MWh;129,03;129,03
16.07.2025;CEST;23:30;23:45;EUR/MWh;77,2;77,2
16.07.2025;CEST;23:45;00:00;EUR/MWh;71,28;71,28
17.07.2025;CEST;00:00;00:15;EUR/MWh;87,85;87,85
17.07.2025;CEST;00:15;00:30;EUR/MWh;92,08;92,08
17.07.2025;CEST;00:30;00:45;EUR/MWh;95,22;95,22
17.07.2025;CEST;00:45;01:00;EUR/MWh;86,96;86,96
17.07.2025;CEST;01:00;01:15;EUR/MWh;129,07;129,07
17.07.2025;CEST;01:15;01:30;EUR/MWh;117,66;117,66
17.07.2025;CEST;01:30;01:45;EUR/MWh;106,79;106,79
17.07.2025;CEST;01:45;02:00;EUR/MWh;106,22;106,22
17.07.2025;CEST;02:00;02:15;EUR/MWh;110,75;110,75
17.07.2025;CEST;02:15;02:30;EUR/MWh;106,94;106,94
17.07.2025;CEST;02:30;02:45;EUR/MWh;118,58;118,58
17.07.2025;CEST;02:45;03:00;EUR/MWh;111,35;111,35
17.07.2025;CEST;03:00;03:15;EUR/MWh;184,7;184,7
17.07.2025;CEST;03:15;03:30;EUR/MWh;143,94;143,94
17.07.2025;CEST;03:30;03:45;EUR/MWh;133,19;133,19
17.07.2025;CEST;03:45;04:00;EUR/MWh;124,29;124,29
17.07.2025;CEST;04:00;04:15;EUR/MWh;108,34;108,34
17.07.2025;CEST;04:15;04:30;EUR/MWh;80,57;80,57
17.07.2025;CEST;04:30;04:45;EUR/MWh;98,58;98,58
17.07.2025;CEST;04:45;05:00;EUR/MWh;92,66;92,66
17.07.2025;CEST;05:00;05:15;EUR/MWh;119,48;119,48
17.07.2025;CEST;05:15;05:30;EUR/MWh;90,86;90,86
17.07.2025;CEST;05:30;05:45;EUR/MWh;78,02;78,02
17.07.2025;CEST;05:45;06:00;EUR/MWh;62,66;62,66
17.07.2025;CEST;06:00;06:15;EUR/MWh;67,34;67,34
17.07.2025;CEST;06:15;06:30;EUR/MWh;100,85;100,85
17.07.2025;CEST;06:30;06:45;EUR/MWh;88,26;88,26
17.07.2025;CEST;06:45;07:00;EUR/MWh;104,98;104,98
17.07.2025;CEST;07:00;07:15;EUR/MWh;136,94;136,94
17.07.2025;CEST;07:15;07:30;EUR/MWh;160,14;160,14
17.07.2025;CEST;07:30;07:45;EUR/MWh;167,98;167,98
17.07.2025;CEST;07:45;08:00;EUR/MWh;141,65;141,65
17.07.2025;CEST;08:00;08:15;EUR/MWh;71,34;71,34
17.07.2025;CEST;08:15;08:30;EUR/MWh;75,96;75,96
17.07.2025;CEST;08:30;08:45;EUR/MWh;60,06;60,06
17.07.2025;CEST;08:45;09:00;EUR/MWh;96,51;96,51
17.07.2025;CEST;09:00;09:15;EUR/MWh;142,12;142,12
17.07.2025;CEST;09:15;09:30;EUR/MWh;156,86;156,86
17.07.2025;CEST;09:30;09:45;EUR/MWh;119,63;119,63
17.07.2025;CEST;09:45;10:00;EUR/MWh;112,42;112,42
17.07.2025;CEST;10:00;10:15;EUR/MWh;141,64;141,64
17.07.2025;CEST;10:15;10:30;EUR/MWh;43,17;43,17
17.07.2025;CEST;10:30;10:45;EUR/MWh;99,18;99,18
17.07.2025;CEST;10:45;11:00;EUR/MWh;80,58;80,58
17.07.2025;CEST;11:00;11:15;EUR/MWh;119,88;119,88
17.07.2025;CEST;11:15;11:30;EUR/MWh;116,56;116,56
17.07.2025;CEST;11:30;11:45;EUR/MWh;98,67;98,67
17.07.2025;CEST;11:45;12:00;EUR/MWh;23,02;23,02
17.07.2025;CEST;12:00;12:15;EUR/MWh;77,01;77,01
17.07.2025;CEST;12:15;12:30;EUR/MWh;70,66;70,66
17.07.2025;CEST;12:30;12:45;EUR/MWh;77,93;77,93
17.07.2025;CEST;12:45;13:00;EUR/MWh;40,12;40,12
17.07.2025;CEST;13:00;13:15;EUR/MWh;48,23;48,23
17.07.2025;CEST;13:15;13:30;EUR/MWh;46,7;46,7
17.07.2025;CEST;13:30;13:45;EUR/MWh;-3,18;-3,18
17.07.2025;CEST;13:45;14:00;EUR/MWh;-15,78;-15,78
17.07.2025;CEST;14:00;14:15;EUR/MWh;-30,29;-30,29
17.07.2025;CEST;14:15;14:30;EUR/MWh;-22,48;-22,48
17.07.2025;CEST;14:30;14:45;EUR/MWh;-16,4;-16,4
17.07.2025;CEST;14:45;15:00;EUR/MWh;-14,3;-14,3
17.07.2025;CEST;15:00;15:15;EUR/MWh;17,82;17,82
17.07.2025;CEST;15:15;15:30;EUR/MWh;27,36;27,36
17.07.2025;CEST;15:30;15:45;EUR/MWh;-23,29;-23,29
17.07.2025;CEST;15:45;16:00;EUR/MWh;35,19;35,19
17.07.2025;CEST;16:00;16:15;EUR/MWh;88,35;88,35
17.07.2025;CEST;16:15;16:30;EUR/MWh;156,02;156,02
17.07.2025;CEST;16:30;16:45;EUR/MWh;102,12;102,12
17.07.2025;CEST;16:45;17:00;EUR/MWh;111,52;111,52
17.07.2025;CEST;17:00;17:15;EUR/MWh;28,69;28,69
17.07.2025;CEST;17:15;17:30;EUR/MWh;37,37;37,37
17.07.2025;CEST;17:30;17:45;EUR/MWh;-4,54;-4,54
17.07.2025;CEST;17:45;18:00;EUR/MWh;50,59;50,59
17.07.2025;CEST;18:00;18:15;EUR/MWh;48,53;48,53
17.07.2025;CEST;18:15;18:30;EUR/MWh;74,71;74,71
17.07.2025;CEST;18:30;18:45;EUR/MWh;104,13;104,13
17.07.2025;CEST;18:45;19:00;EUR/MWh;147,49;147,49
17.07.2025;CEST;19:00;19:15;EUR/MWh;71,49;71,49
17.07.2025;CEST;19:15;19:30;EUR/MWh;85,34;85,34
17.07.2025;CEST;19:30;19:45;EUR/MWh;117,74;117,74
17.07.2025;CEST;19:45;20:00;EUR/MWh;150,5;150,5
17.07.2025;CEST;20:00;20:15;EUR/MWh;133,06;133,06
17.07.2025;CEST;20:15;20:30;EUR/MWh;127,15;127,15
17.07.2025;CEST;20:30;20:45;EUR/MWh;140,21;140,21
17.07.2025;CEST;20:45;21:00;EUR/MWh;95,47;95,47
17.07.2025;CEST;21:00;21:15;EUR/MWh;29,99;29,99
17.07.2025;CEST;21:15;21:30;EUR/MWh;39,16;39,16
17.07.2025;CEST;21:30;21:45;EUR/MWh;88,08;88,08
17.07.2025;CEST;21:45;22:00;EUR/MWh;119,8;119,8
17.07.2025;CEST;22:00;22:15;EUR/MWh;126,76;126,76
17.07.2025;CEST;22:15;22:30;EUR/MWh;76,22;76,22
17.07.2025;CEST;22:30;22:45;EUR/MWh;86,25;86,25
17.07.2025;CEST;22:45;23:00;EUR/MWh;95,9;95,9
17.07.2025;CEST;23:00;23:15;EUR/MWh;126,89;126,89
17.07.2025;CEST;23:15;23:30;EUR/MWh;123,7;123,7
17.07.2025;CEST;23:30;23:45;EUR/MWh;119,25;119,25
17.07.2025;CEST;23:45;00:00;EUR/MWh;68,62;68,62
18.07.2025;CEST;00:00;00:15;EUR/MWh;133;133
18.07.2025;CEST;00:15;00:30;EUR/MWh;118,05;118,05
18.07.2025;CEST;00:30;00:45;EUR/MWh;96,54;96,54
18.07.2025;CEST;00:45;01:00;EUR/MWh;97,94;97,94
18.07.2025;CEST;01:00;01:15;EUR/MWh;107,78;107,78
18.07.2025;CEST;01:15;01:30;EUR/MWh;105,69;105,69
18.07.2025;CEST;01:30;01:45;EUR/MWh;81,45;81,45
18.07.2025;CEST;01:45;02:00;EUR/MWh;82,26;82,26
18.07.2025;CEST;02:00;02:15;EUR/MWh;84,3;84,3
18.07.2025;CEST;02:15;02:30;EUR/MWh;83;83
18.07.2025;CEST;02:30;02:45;EUR/MWh;92,39;92,39
18.07.2025;CEST;02:45;03:00;EUR/MWh;72,11;72,11
18.07.2025;CEST;03:00;03:15;EUR/MWh;71,51;71,51
18.07.2025;CEST;03:15;03:30;EUR/MWh;67,17;67,17
18.07.2025;CEST;03:30;03:45;EUR/MWh;75,36;75,36
18.07.2025;CEST;03:45;04:00;EUR/MWh;77,08;77,08
18.07.2025;CEST;04:00;04:15;EUR/MWh;78,11;78,11
18.07.2025;CEST;04:15;04:30;EUR/MWh;83,84;83,84
18.07.2025;CEST;04:30;04:45;EUR/MWh;94,84;94,84
18.07.2025;CEST;04:45;05:00;EUR/MWh;85,78;85,78
18.07.2025;CEST;05:00;05:15;EUR/MWh;100,02;100,02
18.07.2025;CEST;05:15;05:30;EUR/MWh;100,77;100,77
18.07.2025;CEST;05:30;05:45;EUR/MWh;128,95;128,95
18.07.2025;CEST;05:45;06:00;EUR/MWh;144,1;144,1
18.07.2025;CEST;06:00;06:15;EUR/MWh;142,57;142,57
18.07.2025;CEST;06:15;06:30;EUR/MWh;145,88;145,88
18.07.2025;CEST;06:30;06:45;EUR/MWh;129,35;129,35
18.07.2025;CEST;06:45;07:00;EUR/MWh;122,57;122,57
18.07.2025;CEST;07:00;07:15;EUR/MWh;101,08;101,08
18.07.2025;CEST;07:15;07:30;EUR/MWh;101,54;101,54
18.07.2025;CEST;07:30;07:45;EUR/MWh;95,76;95,76
18.07.2025;CEST;07:45;08:00;EUR/MWh;88,88;88,88
18.07.2025;CEST;08:00;08:15;EUR/MWh;106,65;106,65
18.07.2025;CEST;08:15;08:30;EUR/MWh;86,79;86,79
18.07.2025;CEST;08:30;08:45;EUR/MWh;93,73;93,73
18.07.2025;CEST;08:45;09:00;EUR/MWh;47,77;47,77
18.07.2025;CEST;09:00;09:15;EUR/MWh;117,46;117,46
18.07.2025;CEST;09:15;09:30;EUR/MWh;133,61;133,61
18.07.2025;CEST;09:30;09:45;EUR/MWh;111,59;111,59
18.07.2025;CEST;09:45;10:00;EUR/MWh;70,13;70,13
18.07.2025;CEST;10:00;10:15;EUR/MWh;106,66;106,66
18.07.2025;CEST;10:15;10:30;EUR/MWh;91,56;91,56
18.07.2025;CEST;10:30;10:45;EUR/MWh;78,58;78,58
18.07.2025;CEST;10:45;11:00;EUR/MWh;93,94;93,94
18.07.2025;CEST;11:00;11:15;EUR/MWh;128,61;128,61
18.07.2025;CEST;11:15;11:30;EUR/MWh;64,83;64,83
18.07.2025;CEST;11:30;11:45;EUR/MWh;60,57;60,57
18.07.2025;CEST;11:45;12:00;EUR/MWh;26,22;26,22
18.07.2025;CEST;12:00;12:15;EUR/MWh;84,73;84,73
18.07.2025;CEST;12:15;12:30;EUR/MWh;98,56;98,56
18.07.2025;CEST;12:30;12:45;EUR/MWh;63,68;63,68
18.07.2025;CEST;12:45;13:00;EUR/MWh;21,43;21,43
18.07.2025;CEST;13:00;13:15;EUR/MWh;93,98;93,98
18.07.2025;CEST;13:15;13:30;EUR/MWh;106,25;106,25
18.07.2025;CEST;13:30;13:45;EUR/MWh;60,05;60,05
18.07.2025;CEST;13:45;14:00;EUR/MWh;18,69;18,69
18.07.2025;CEST;14:00;14:15;EUR/MWh;28,05;28,05
18.07.2025;CEST;14:15;14:30;EUR/MWh;31,67;31,67
18.07.2025;CEST;14:30;14:45;EUR/MWh;46,03;46,03
18.07.2025;CEST;14:45;15:00;EUR/MWh;67,03;67,03
18.07.2025;CEST;15:00;15:15;EUR/MWh;48,46;48,46
18.07.2025;CEST;15:15;15:30;EUR/MWh;88,97;88,97
18.07.2025;CEST;15:30;15:45;EUR/MWh;97,1;97,1
18.07.2025;CEST;15:45;16:00;EUR/MWh;91,2;91,2
18.07.2025;CEST;16:00;16:15;EUR/MWh;34,58;34,58
18.07.2025;CEST;16:15;16:30;EUR/MWh;56,25;56,25
18.07.2025;CEST;16:30;16:45;EUR/MWh;55,51;55,51
18.07.2025;CEST;16:45;17:00;EUR/MWh;31,43;31,43
18.07.2025;CEST;17:00;17:15;EUR/MWh;-0,84;-0,84
18.07.2025;CEST;17:15;17:30;EUR/MWh;32,56;32,56
18.07.2025;CEST;17:30;17:45;EUR/MWh;38,36;38,36
18.07.2025;CEST;17:45;18:00;EUR/MWh;48,69;48,69
18.07.2025;CEST;18:00;18:15;EUR/MWh;32,47;32,47
18.07.2025;CEST;18:15;18:30;EUR/MWh;42,38;42,38
18.07.2025;CEST;18:30;18:45;EUR/MWh;53,81;53,81
18.07.2025;CEST;18:45;19:00;EUR/MWh;84,4;84,4
18.07.2025;CEST;19:00;19:15;EUR/MWh;52,76;52,76
18.07.2025;CEST;19:15;19:30;EUR/MWh;37,91;37,91
18.07.2025;CEST;19:30;19:45;EUR/MWh;37,6;37,6
18.07.2025;CEST;19:45;20:00;EUR/MWh;158;158
18.07.2025;CEST;20:00;20:15;EUR/MWh;17,83;17,83
18.07.2025;CEST;20:15;20:30;EUR/MWh;107,75;107,75
18.07.2025;CEST;20:30;20:45;EUR/MWh;20,59;20,59
18.07.2025;CEST;20:45;21:00;EUR/MWh;112,93;112,93
18.07.2025;CEST;21:00;21:15;EUR/MWh;100,43;100,43
18.07.2025;CEST;21:15;21:30;EUR/MWh;87,85;87,85
18.07.2025;CEST;21:30;21:45;EUR/MWh;88,08;88,08
18.07.2025;CEST;21:45;22:00;EUR/MWh;99,46;99,46
18.07.2025;CEST;22:00;22:15;EUR/MWh;83,84;83,84
18.07.2025;CEST;22:15;22:30;EUR/MWh;73,86;73,86
18.07.2025;CEST;22:30;22:45;EUR/MWh;74,77;74,77
18.07.2025;CEST;22:45;23:00;EUR/MWh;68,58;68,58
18.07.2025;CEST;23:00;23:15;EUR/MWh;139,88;139,88
18.07.2025;CEST;23:15;23:30;EUR/MWh;78,27;78,27
18.07.2025;CEST;23:30;23:45;EUR/MWh;88,96;88,96
18.07.2025;CEST;23:45;00:00;EUR/MWh;101,47;101,47
19.07.2025;CEST;00:00;00:15;EUR/MWh;117,12;117,12
19.07.2025;CEST;00:15;00:30;EUR/MWh;109,72;109,72
19.07.2025;CEST;00:30;00:45;EUR/MWh;105,46;105,46
19.07.2025;CEST;00:45;01:00;EUR/MWh;81,66;81,66
19.07.2025;CEST;01:00;01:15;EUR/MWh;109,13;109,13
19.07.2025;CEST;01:15;01:30;EUR/MWh;89,42;89,42
19.07.2025;CEST;01:30;01:45;EUR/MWh;113,64;113,64
19.07.2025;CEST;01:45;02:00;EUR/MWh;70,14;70,14
19.07.2025;CEST;02:00;02:15;EUR/MWh;99,33;99,33
19.07.2025;CEST;02:15;02:30;EUR/MWh;94,52;94,52
19.07.2025;CEST;02:30;02:45;EUR/MWh;97,18;97,18
19.07.2025;CEST;02:45;03:00;EUR/MWh;80,16;80,16
19.07.2025;CEST;03:00;03:15;EUR/MWh;77;77
19.07.2025;CEST;03:15;03:30;EUR/MWh;82,71;82,71
19.07.2025;CEST;03:30;03:45;EUR/MWh;96;96
19.07.2025;CEST;03:45;04:00;EUR/MWh;103,59;103,59
19.07.2025;CEST;04:00;04:15;EUR/MWh;101,24;101,24
19.07.2025;CEST;04:15;04:30;EUR/MWh;114,75;114,75
19.07.2025;CEST;04:30;04:45;EUR/MWh;122,18;122,18
19.07.2025;CEST;04:45;05:00;EUR/MWh;103,19;103,19
19.07.2025;CEST;05:00;05:15;EUR/MWh;130,33;130,33
19.07.2025;CEST;05:15;05:30;EUR/MWh;115,39;115,39
19.07.2025;CEST;05:30;05:45;EUR/MWh;93,91;93,91
19.07.2025;CEST;05:45;06:00;EUR/MWh;98,12;98,12
19.07.2025;CEST;06:00;06:15;EUR/MWh;142,98;142,98
19.07.2025;CEST;06:15;06:30;EUR/MWh;132,17;132,17
19.07.2025;CEST;06:30;06:45;EUR/MWh;123,74;123,74
19.07.2025;CEST;06:45;07:00;EUR/MWh;65,64;65,64
19.07.2025;CEST;07:00;07:15;EUR/MWh;91,74;91,74
19.07.2025;CEST;07:15;07:30;EUR/MWh;59,12;59,12
19.07.2025;CEST;07:30;07:45;EUR/MWh;50,75;50,75
19.07.2025;CEST;07:45;08:00;EUR/MWh;110,94;110,94
19.07.2025;CEST;08:00;08:15;EUR/MWh;129,15;129,15
19.07.2025;CEST;08:15;08:30;EUR/MWh;118,61;118,61
19.07.2025;CEST;08:30;08:45;EUR/MWh;139,88;139,88
19.07.2025;CEST;08:45;09:00;EUR/MWh;92,48;92,48
19.07.2025;CEST;09:00;09:15;EUR/MWh;34,75;34,75
19.07.2025;CEST;09:15;09:30;EUR/MWh;7,55;7,55
19.07.2025;CEST;09:30;09:45;EUR/MWh;21,89;21,89
19.07.2025;CEST;09:45;10:00;EUR/MWh;-23,11;-23,11
19.07.2025;CEST;10:00;10:15;EUR/MWh;32,58;32,58
19.07.2025;CEST;10:15;10:30;EUR/MWh;82,02;82,02
19.07.2025;CEST;10:30;10:45;EUR/MWh;2,94;2,94
19.07.2025;CEST;10:45;11:00;EUR/MWh;-8,24;-8,24
19.07.2025;CEST;11:00;11:15;EUR/MWh;48,75;48,75
19.07.2025;CEST;11:15;11:30;EUR/MWh;11,72;11,72
19.07.2025;CEST;11:30;11:45;EUR/MWh;-0,99;-0,99
19.07.2025;CEST;11:45;12:00;EUR/MWh;-7,23;-7,23
19.07.2025;CEST;12:00;12:15;EUR/MWh;90,18;90,18
19.07.2025;CEST;12:15;12:30;EUR/MWh;-2,41;-2,41
19.07.2025;CEST;12:30;12:45;EUR/MWh;-6,41;-6,41
19.07.2025;CEST;12:45;13:00;EUR/MWh;-26,71;-26,71
19.07.2025;CEST;13:00;13:15;EUR/MWh;6,34;6,34
19.07.2025;CEST;13:15;13:30;EUR/MWh;-12,77;-12,77
19.07.2025;CEST;13:30;13:45;EUR/MWh;-8,19;-8,19
19.07.2025;CEST;13:45;14:00;EUR/MWh;96,9;96,9
19.07.2025;CEST;14:00;14:15;EUR/MWh;-8,51;-8,51
19.07.2025;CEST;14:15;14:30;EUR/MWh;-1,69;-1,69
19.07.2025;CEST;14:30;14:45;EUR/MWh;-0,83;-0,83
19.07.2025;CEST;14:45;15:00;EUR/MWh;6,3;6,3
19.07.2025;CEST;15:00;15:15;EUR/MWh;-11,8;-11,8
19.07.2025;CEST;15:15;15:30;EUR/MWh;-5,5;-5,5
19.07.2025;CEST;15:30;15:45;EUR/MWh;23,62;23,62
19.07.2025;CEST;15:45;16:00;EUR/MWh;21,11;21,11
19.07.2025;CEST;16:00;16:15;EUR/MWh;0,02;0,02
19.07.2025;CEST;16:15;16:30;EUR/MWh;70,3;70,3
19.07.2025;CEST;16:30;16:45;EUR/MWh;85,37;85,37
19.07.2025;CEST;16:45;17:00;EUR/MWh;52,59;52,59
19.07.2025;CEST;17:00;17:15;EUR/MWh;32,54;32,54
19.07.2025;CEST;17:15;17:30;EUR/MWh;188;188
19.07.2025;CEST;17:30;17:45;EUR/MWh;122,55;122,55
19.07.2025;CEST;17:45;18:00;EUR/MWh;153,71;153,71
19.07.2025;CEST;18:00;18:15;EUR/MWh;123,68;123,68
19.07.2025;CEST;18:15;18:30;EUR/MWh;146,59;146,59
19.07.2025;CEST;18:30;18:45;EUR/MWh;157,05;157,05
19.07.2025;CEST;18:45;19:00;EUR/MWh;112,89;112,89
19.07.2025;CEST;19:00;19:15;EUR/MWh;105,78;105,78
19.07.2025;CEST;19:15;19:30;EUR/MWh;119,18;119,18
19.07.2025;CEST;19:30;19:45;EUR/MWh;147,9;147,9
19.07.2025;CEST;19:45;20:00;EUR/MWh;185,37;185,37
19.07.2025;CEST;20:00;20:15;EUR/MWh;145,87;145,87
19.07.2025;CEST;20:15;20:30;EUR/MWh;209,47;209,47
19.07.2025;CEST;20:30;20:45;EUR/MWh;186,93;186,93
19.07.2025;CEST;20:45;21:00;EUR/MWh;90,58;90,58
19.07.2025;CEST;21:00;21:15;EUR/MWh;50,68;50,68
19.07.2025;CEST;21:15;21:30;EUR/MWh;48,17;48,17
19.07.2025;CEST;21:30;21:45;EUR/MWh;110,72;110,72
19.07.2025;CEST;21:45;22:00;EUR/MWh;123,94;123,94
19.07.2025;CEST;22:00;22:15;EUR/MWh;28,71;28,71
19.07.2025;CEST;22:15;22:30;EUR/MWh;1,21;1,21
19.07.2025;CEST;22:30;22:45;EUR/MWh;21,54;21,54
19.07.2025;CEST;22:45;23:00;EUR/MWh;32,76;32,76
19.07.2025;CEST;23:00;23:15;EUR/MWh;127,07;127,07
19.07.2025;CEST;23:15;23:30;EUR/MWh;137,36;137,36
19.07.2025;CEST;23:30;23:45;EUR/MWh;122,65;122,65
19.07.2025;CEST;23:45;00:00;EUR/MWh;71,68;71,68
20.07.2025;CEST;00:00;00:15;EUR/MWh;78,68;78,68
20.07.2025;CEST;00:15;00:30;EUR/MWh;81,23;81,23
20.07.2025;CEST;00:30;00:45;EUR/MWh;55,91;55,91
20.07.2025;CEST;00:45;01:00;EUR/MWh;50,44;50,44
20.07.2025;CEST;01:00;01:15;EUR/MWh;117,94;117,94
20.07.2025;CEST;01:15;01:30;EUR/MWh;96,16;96,16
20.07.2025;CEST;01:30;01:45;EUR/MWh;191,65;191,65
20.07.2025;CEST;01:45;02:00;EUR/MWh;96,61;96,61
20.07.2025;CEST;02:00;02:15;EUR/MWh;151,02;151,02
20.07.2025;CEST;02:15;02:30;EUR/MWh;132,04;132,04
20.07.2025;CEST;02:30;02:45;EUR/MWh;139,45;139,45
20.07.2025;CEST;02:45;03:00;EUR/MWh;82,01;82,01
20.07.2025;CEST;03:00;03:15;EUR/MWh;78,51;78,51
20.07.2025;CEST;03:15;03:30;EUR/MWh;74,01;74,01
20.07.2025;CEST;03:30;03:45;EUR/MWh;101,98;101,98
20.07.2025;CEST;03:45;04:00;EUR/MWh;110,57;110,57
20.07.2025;CEST;04:00;04:15;EUR/MWh;109,05;109,05
20.07.2025;CEST;04:15;04:30;EUR/MWh;147,45;147,45
20.07.2025;CEST;04:30;04:45;EUR/MWh;137,83;137,83
20.07.2025;CEST;04:45;05:00;EUR/MWh;123,35;123,35
20.07.2025;CEST;05:00;05:15;EUR/MWh;96,88;96,88
20.07.2025;CEST;05:15;05:30;EUR/MWh;77,99;77,99
20.07.2025;CEST;05:30;05:45;EUR/MWh;64,61;64,61
20.07.2025;CEST;05:45;06:00;EUR/MWh;75,31;75,31
20.07.2025;CEST;06:00;06:15;EUR/MWh;100,67;100,67
20.07.2025;CEST;06:15;06:30;EUR/MWh;83,54;83,54
20.07.2025;CEST;06:30;06:45;EUR/MWh;72,53;72,53
20.07.2025;CEST;06:45;07:00;EUR/MWh;59,5;59,5
20.07.2025;CEST;07:00;07:15;EUR/MWh;95,75;95,75
20.07.2025;CEST;07:15;07:30;EUR/MWh;70,54;70,54
20.07.2025;CEST;07:30;07:45;EUR/MWh;69,79;69,79
20.07.2025;CEST;07:45;08:00;EUR/MWh;73,87;73,87
20.07.2025;CEST;08:00;08:15;EUR/MWh;125,18;125,18
20.07.2025;CEST;08:15;08:30;EUR/MWh;22,35;22,35
20.07.2025;CEST;08:30;08:45;EUR/MWh;9,26;9,26
20.07.2025;CEST;08:45;09:00;EUR/MWh;-10,13;-10,13
20.07.2025;CEST;09:00;09:15;EUR/MWh;-15,83;-15,83
20.07.2025;CEST;09:15;09:30;EUR/MWh;-17,16;-17,16
20.07.2025;CEST;09:30;09:45;EUR/MWh;-48,15;-48,15
20.07.2025;CEST;09:45;10:00;EUR/MWh;-31,69;-31,69
20.07.2025;CEST;10:00;10:15;EUR/MWh;1,94;1,94
20.07.2025;CEST;10:15;10:30;EUR/MWh;-15,7;-15,7
20.07.2025;CEST;10:30;10:45;EUR/MWh;-59,45;-59,45
20.07.2025;CEST;10:45;11:00;EUR/MWh;-42,2;-42,2
20.07.2025;CEST;11:00;11:15;EUR/MWh;-6,93;-6,93
20.07.2025;CEST;11:15;11:30;EUR/MWh;-34,76;-34,76
20.07.2025;CEST;11:30;11:45;EUR/MWh;-23;-23
20.07.2025;CEST;11:45;12:00;EUR/MWh;-14,99;-14,99
20.07.2025;CEST;12:00;12:15;EUR/MWh;-41,8;-41,8
20.07.2025;CEST;12:15;12:30;EUR/MWh;-8,44;-8,44
20.07.2025;CEST;12:30;12:45;EUR/MWh;-45,72;-45,72
20.07.2025;CEST;12:45;13:00;EUR/MWh;-36,91;-36,91
20.07.2025;CEST;13:00;13:15;EUR/MWh;-0,13;-0,13
20.07.2025;CEST;13:15;13:30;EUR/MWh;26,06;26,06
20.07.2025;CEST;13:30;13:45;EUR/MWh;53,85;53,85
20.07.2025;CEST;13:45;14:00;EUR/MWh;-8,27;-8,27
20.07.2025;CEST;14:00;14:15;EUR/MWh;-14,98;-14,98
20.07.2025;CEST;14:15;14:30;EUR/MWh;45,08;45,08
20.07.2025;CEST;14:30;14:45;EUR/MWh;-12,08;-12,08
20.07.2025;CEST;14:45;15:00;EUR/MWh;0,91;0,91
20.07.2025;CEST;15:00;15:15;EUR/MWh;18,29;18,29
20.07.2025;CEST;15:15;15:30;EUR/MWh;9,04;9,04
20.07.2025;CEST;15:30;15:45;EUR/MWh;15,57;15,57
20.07.2025;CEST;15:45;16:00;EUR/MWh;70,56;70,56
20.07.2025;CEST;16:00;16:15;EUR/MWh;49,43;49,43
20.07.2025;CEST;16:15;16:30;EUR/MWh;8;8
20.07.2025;CEST;16:30;16:45;EUR/MWh;-20,87;-20,87
20.07.2025;CEST;16:45;17:00;EUR/MWh;-4,85;-4,85
20.07.2025;CEST;17:00;17:15;EUR/MWh;-14,14;-14,14
20.07.2025;CEST;17:15;17:30;EUR/MWh;-2,79;-2,79
20.07.2025;CEST;17:30;17:45;EUR/MWh;109,13;109,13
20.07.2025;CEST;17:45;18:00;EUR/MWh;119,88;119,88
20.07.2025;CEST;18:00;18:15;EUR/MWh;143,42;143,42
20.07.2025;CEST;18:15;18:30;EUR/MWh;188,56;188,56
20.07.2025;CEST;18:30;18:45;EUR/MWh;295,9;295,9
20.07.2025;CEST;18:45;19:00;EUR/MWh;243,92;243,92
20.07.2025;CEST;19:00;19:15;EUR/MWh;131,94;131,94
20.07.2025;CEST;19:15;19:30;EUR/MWh;58,47;58,47
20.07.2025;CEST;19:30;19:45;EUR/MWh;69,47;69,47
20.07.2025;CEST;19:45;20:00;EUR/MWh;75,34;75,34
20.07.2025;CEST;20:00;20:15;EUR/MWh;81,52;81,52
20.07.2025;CEST;20:15;20:30;EUR/MWh;96,49;96,49
20.07.2025;CEST;20:30;20:45;EUR/MWh;84,33;84,33
20.07.2025;CEST;20:45;21:00;EUR/MWh;59,46;59,46
20.07.2025;CEST;21:00;21:15;EUR/MWh;42,36;42,36
20.07.2025;CEST;21:15;21:30;EUR/MWh;41,92;41,92
20.07.2025;CEST;21:30;21:45;EUR/MWh;34,04;34,04
20.07.2025;CEST;21:45;22:00;EUR/MWh;56,04;56,04
20.07.2025;CEST;22:00;22:15;EUR/MWh;108,53;108,53
20.07.2025;CEST;22:15;22:30;EUR/MWh;122,42;122,42
20.07.2025;CEST;22:30;22:45;EUR/MWh;88,44;88,44
20.07.2025;CEST;22:45;23:00;EUR/MWh;75,15;75,15
20.07.2025;CEST;23:00;23:15;EUR/MWh;62,63;62,63
20.07.2025;CEST;23:15;23:30;EUR/MWh;54,65;54,65
20.07.2025;CEST;23:30;23:45;EUR/MWh;54;54
20.07.2025;CEST;23:45;00:00;EUR/MWh;48;48
21.07.2025;CEST;00:00;00:15;EUR/MWh;79,65;79,65
21.07.2025;CEST;00:15;00:30;EUR/MWh;101,5;101,5
21.07.2025;CEST;00:30;00:45;EUR/MWh;115,66;115,66
21.07.2025;CEST;00:45;01:00;EUR/MWh;173,36;173,36
21.07.2025;CEST;01:00;01:15;EUR/MWh;147,24;147,24
21.07.2025;CEST;01:15;01:30;EUR/MWh;85,08;85,08
21.07.2025;CEST;01:30;01:45;EUR/MWh;103,85;103,85
21.07.2025;CEST;01:45;02:00;EUR/MWh;106,5;106,5
21.07.2025;CEST;02:00;02:15;EUR/MWh;120,08;120,08
21.07.2025;CEST;02:15;02:30;EUR/MWh;136,92;136,92
21.07.2025;CEST;02:30;02:45;EUR/MWh;82,57;82,57
21.07.2025;CEST;02:45;03:00;EUR/MWh;80,88;80,88
21.07.2025;CEST;03:00;03:15;EUR/MWh;70,63;70,63
21.07.2025;CEST;03:15;03:30;EUR/MWh;97,34;97,34
21.07.2025;CEST;03:30;03:45;EUR/MWh;104,96;104,96
21.07.2025;CEST;03:45;04:00;EUR/MWh;67,74;67,74
21.07.2025;CEST;04:00;04:15;EUR/MWh;46,21;46,21
21.07.2025;CEST;04:15;04:30;EUR/MWh;55,05;55,05
21.07.2025;CEST;04:30;04:45;EUR/MWh;74,34;74,34
21.07.2025;CEST;04:45;05:00;EUR/MWh;100,01;100,01
21.07.2025;CEST;05:00;05:15;EUR/MWh;108,57;108,57
21.07.2025;CEST;05:15;05:30;EUR/MWh;146,44;146,44
21.07.2025;CEST;05:30;05:45;EUR/MWh;145,11;145,11
21.07.2025;CEST;05:45;06:00;EUR/MWh;139,98;139,98
21.07.2025;CEST;06:00;06:15;EUR/MWh;125,08;125,08
21.07.2025;CEST;06:15;06:30;EUR/MWh;108,33;108,33
21.07.2025;CEST;06:30;06:45;EUR/MWh;102,17;102,17
21.07.2025;CEST;06:45;07:00;EUR/MWh;154,53;154,53
21.07.2025;CEST;07:00;07:15;EUR/MWh;101,88;101,88
21.07.2025;CEST;07:15;07:30;EUR/MWh;133,84;133,84
21.07.2025;CEST;07:30;07:45;EUR/MWh;137,31;137,31
21.07.2025;CEST;07:45;08:00;EUR/MWh;129,6;129,6
21.07.2025;CEST;08:00;08:15;EUR/MWh;141;141
21.07.2025;CEST;08:15;08:30;EUR/MWh;113,37;113,37
21.07.2025;CEST;08:30;08:45;EUR/MWh;94,65;94,65
21.07.2025;CEST;08:45;09:00;EUR/MWh;119,61;119,61
21.07.2025;CEST;09:00;09:15;EUR/MWh;130,15;130,15
21.07.2025;CEST;09:15;09:30;EUR/MWh;144,28;144,28
21.07.2025;CEST;09:30;09:45;EUR/MWh;198,65;198,65
21.07.2025;CEST;09:45;10:00;EUR/MWh;195,5;195,5
21.07.2025;CEST;10:00;10:15;EUR/MWh;201,45;201,45
21.07.2025;CEST;10:15;10:30;EUR/MWh;227,19;227,19
21.07.2025;CEST;10:30;10:45;EUR/MWh;207,56;207,56
21.07.2025;CEST;10:45;11:00;EUR/MWh;150,58;150,58
21.07.2025;CEST;11:00;11:15;EUR/MWh;131,77;131,77
21.07.2025;CEST;11:15;11:30;EUR/MWh;127,32;127,32
21.07.2025;CEST;11:30;11:45;EUR/MWh;150,28;150,28
21.07.2025;CEST;11:45;12:00;EUR/MWh;141,12;141,12
21.07.2025;CEST;12:00;12:15;EUR/MWh;62,29;62,29
21.07.2025;CEST;12:15;12:30;EUR/MWh;105,81;105,81
21.07.2025;CEST;12:30;12:45;EUR/MWh;112,22;112,22
21.07.2025;CEST;12:45;13:00;EUR/MWh;88,94;88,94
21.07.2025;CEST;13:00;13:15;EUR/MWh;109,7;109,7
21.07.2025;CEST;13:15;13:30;EUR/MWh;70,71;70,71
21.07.2025;CEST;13:30;13:45;EUR/MWh;45,78;45,78
21.07.2025;CEST;13:45;14:00;EUR/MWh;40,23;40,23
21.07.2025;CEST;14:00;14:15;EUR/MWh;114,4;114,4
21.07.2025;CEST;14:15;14:30;EUR/MWh;42,4;42,4
21.07.2025;CEST;14:30;14:45;EUR/MWh;39,93;39,93
21.07.2025;CEST;14:45;15:00;EUR/MWh;21,91;21,91
21.07.2025;CEST;15:00;15:15;EUR/MWh;56,18;56,18
21.07.2025;CEST;15:15;15:30;EUR/MWh;54;54
21.07.2025;CEST;15:30;15:45;EUR/MWh;62,67;62,67
21.07.2025;CEST;15:45;16:00;EUR/MWh;59,69;59,69
21.07.2025;CEST;16:00;16:15;EUR/MWh;86,97;86,97
21.07.2025;CEST;16:15;16:30;EUR/MWh;74,5;74,5
21.07.2025;CEST;16:30;16:45;EUR/MWh;53,36;53,36
21.07.2025;CEST;16:45;17:00;EUR/MWh;60,22;60,22
21.07.2025;CEST;17:00;17:15;EUR/MWh;53,78;53,78
21.07.2025;CEST;17:15;17:30;EUR/MWh;34,01;34,01
21.07.2025;CEST;17:30;17:45;EUR/MWh;19,81;19,81
21.07.2025;CEST;17:45;18:00;EUR/MWh;58,13;58,13
21.07.2025;CEST;18:00;18:15;EUR/MWh;88,69;88,69
21.07.2025;CEST;18:15;18:30;EUR/MWh;103,69;103,69
21.07.2025;CEST;18:30;18:45;EUR/MWh;101,66;101,66
21.07.2025;CEST;18:45;19:00;EUR/MWh;84,08;84,08
21.07.2025;CEST;19:00;19:15;EUR/MWh;71,19;71,19
21.07.2025;CEST;19:15;19:30;EUR/MWh;69,71;69,71
21.07.2025;CEST;19:30;19:45;EUR/MWh;120,78;120,78
21.07.2025;CEST;19:45;20:00;EUR/MWh;133,75;133,75
21.07.2025;CEST;20:00;20:15;EUR/MWh;129,38;129,38
21.07.2025;CEST;20:15;20:30;EUR/MWh;168,05;168,05
21.07.2025;CEST;20:30;20:45;EUR/MWh;198,8;198,8
21.07.2025;CEST;20:45;21:00;EUR/MWh;308,21;308,21
21.07.2025;CEST;21:00;21:15;EUR/MWh;259,05;259,05
21.07.2025;CEST;21:15;21:30;EUR/MWh;607,86;607,86
21.07.2025;CEST;21:30;21:45;EUR/MWh;392,49;392,49
21.07.2025;CEST;21:45;22:00;EUR/MWh;260,95;260,95
21.07.2025;CEST;22:00;22:15;EUR/MWh;89,03;89,03
21.07.2025;CEST;22:15;22:30;EUR/MWh;112,26;112,26
21.07.2025;CEST;22:30;22:45;EUR/MWh;146,97;146,97
21.07.2025;CEST;22:45;23:00;EUR/MWh;171,31;171,31
21.07.2025;CEST;23:00;23:15;EUR/MWh;182,85;182,85
21.07.2025;CEST;23:15;23:30;EUR/MWh;74,94;74,94
21.07.2025;CEST;23:30;23:45;EUR/MWh;133,78;133,78
21.07.2025;CEST;23:45;00:00;EUR/MWh;139,61;139,61
22.07.2025;CEST;00:00;00:15;EUR/MWh;189,09;189,09
22.07.2025;CEST;00:15;00:30;EUR/MWh;210,71;210,71
22.07.2025;CEST;00:30;00:45;EUR/MWh;141,86;141,86
22.07.2025;CEST;00:45;01:00;EUR/MWh;79,56;79,56
22.07.2025;CEST;01:00;01:15;EUR/MWh;122,62;122,62
22.07.2025;CEST;01:15;01:30;EUR/MWh;82,9;82,9
22.07.2025;CEST;01:30;01:45;EUR/MWh;90,83;90,83
22.07.2025;CEST;01:45;02:00;EUR/MWh;85,18;85,18
22.07.2025;CEST;02:00;02:15;EUR/MWh;72,88;72,88
22.07.2025;CEST;02:15;02:30;EUR/MWh;75,04;75,04
22.07.2025;CEST;02:30;02:45;EUR/MWh;71,8;71,8
22.07.2025;CEST;02:45;03:00;EUR/MWh;72,82;72,82
22.07.2025;CEST;03:00;03:15;EUR/MWh;76,32;76,32
22.07.2025;CEST;03:15;03:30;EUR/MWh;77,25;77,25
22.07.2025;CEST;03:30;03:45;EUR/MWh;94,27;94,27
22.07.2025;CEST;03:45;04:00;EUR/MWh;98,36;98,36
22.07.2025;CEST;04:00;04:15;EUR/MWh;123,71;123,71
22.07.2025;CEST;04:15;04:30;EUR/MWh;141,16;141,16
22.07.2025;CEST;04:30;04:45;EUR/MWh;149,02;149,02
22.07.2025;CEST;04:45;05:00;EUR/MWh;138,21;138,21
22.07.2025;CEST;05:00;05:15;EUR/MWh;128,48;128,48
22.07.2025;CEST;05:15;05:30;EUR/MWh;162,65;162,65
22.07.2025;CEST;05:30;05:45;EUR/MWh;172,97;172,97
22.07.2025;CEST;05:45;06:00;EUR/MWh;160,29;160,29
22.07.2025;CEST;06:00;06:15;EUR/MWh;121,14;121,14
22.07.2025;CEST;06:15;06:30;EUR/MWh;125,42;125,42
22.07.2025;CEST;06:30;06:45;EUR/MWh;132,01;132,01
22.07.2025;CEST;06:45;07:00;EUR/MWh;157,78;157,78
22.07.2025;CEST;07:00;07:15;EUR/MWh;120,96;120,96
22.07.2025;CEST;07:15;07:30;EUR/MWh;154,91;154,91
22.07.2025;CEST;07:30;07:45;EUR/MWh;157,91;157,91
22.07.2025;CEST;07:45;08:00;EUR/MWh;147,36;147,36
22.07.2025;CEST;08:00;08:15;EUR/MWh;151,26;151,26
22.07.2025;CEST;08:15;08:30;EUR/MWh;186,91;186,91
22.07.2025;CEST;08:30;08:45;EUR/MWh;154,14;154,14
22.07.2025;CEST;08:45;09:00;EUR/MWh;120,32;120,32
22.07.2025;CEST;09:00;09:15;EUR/MWh;169,15;169,15
22.07.2025;CEST;09:15;09:30;EUR/MWh;183,81;183,81
22.07.2025;CEST;09:30;09:45;EUR/MWh;186,51;186,51
22.07.2025;CEST;09:45;10:00;EUR/MWh;207,88;207,88
22.07.2025;CEST;10:00;10:15;EUR/MWh;323,6;323,6
22.07.2025;CEST;10:15;10:30;EUR/MWh;213,24;213,24
22.07.2025;CEST;10:30;10:45;EUR/MWh;65,75;65,75
22.07.2025;CEST;10:45;11:00;EUR/MWh;40,71;40,71
22.07.2025;CEST;11:00;11:15;EUR/MWh;4,66;4,66
22.07.2025;CEST;11:15;11:30;EUR/MWh;15,7;15,7
22.07.2025;CEST;11:30;11:45;EUR/MWh;-12,8;-12,8
22.07.2025;CEST;11:45;12:00;EUR/MWh;-13,71;-13,71
22.07.2025;CEST;12:00;12:15;EUR/MWh;14,3;14,3
22.07.2025;CEST;12:15;12:30;EUR/MWh;3,03;3,03
22.07.2025;CEST;12:30;12:45;EUR/MWh;-8,13;-8,13
22.07.2025;CEST;12:45;13:00;EUR/MWh;-18,27;-18,27
22.07.2025;CEST;13:00;13:15;EUR/MWh;8,24;8,24
22.07.2025;CEST;13:15;13:30;EUR/MWh;-13,15;-13,15
22.07.2025;CEST;13:30;13:45;EUR/MWh;-14,5;-14,5
22.07.2025;CEST;13:45;14:00;EUR/MWh;-18,65;-18,65
22.07.2025;CEST;14:00;14:15;EUR/MWh;-5,78;-5,78
22.07.2025;CEST;14:15;14:30;EUR/MWh;-6,74;-6,74
22.07.2025;CEST;14:30;14:45;EUR/MWh;-5,73;-5,73
22.07.2025;CEST;14:45;15:00;EUR/MWh;-1,98;-1,98
22.07.2025;CEST;15:00;15:15;EUR/MWh;-6,65;-6,65
22.07.2025;CEST;15:15;15:30;EUR/MWh;1,62;1,62
22.07.2025;CEST;15:30;15:45;EUR/MWh;-0,81;-0,81
22.07.2025;CEST;15:45;16:00;EUR/MWh;50,7;50,7
22.07.2025;CEST;16:00;16:15;EUR/MWh;36,64;36,64
22.07.2025;CEST;16:15;16:30;EUR/MWh;23,68;23,68
22.07.2025;CEST;16:30;16:45;EUR/MWh;86,54;86,54
22.07.2025;CEST;16:45;17:00;EUR/MWh;101,65;101,65
22.07.2025;CEST;17:00;17:15;EUR/MWh;102,31;102,31
22.07.2025;CEST;17:15;17:30;EUR/MWh;117,7;117,7
22.07.2025;CEST;17:30;17:45;EUR/MWh;75,39;75,39
22.07.2025;CEST;17:45;18:00;EUR/MWh;126,8;126,8
22.07.2025;CEST;18:00;18:15;EUR/MWh;61,2;61,2
22.07.2025;CEST;18:15;18:30;EUR/MWh;82,6;82,6
22.07.2025;CEST;18:30;18:45;EUR/MWh;9,19;9,19
22.07.2025;CEST;18:45;19:00;EUR/MWh;58,58;58,58
22.07.2025;CEST;19:00;19:15;EUR/MWh;58,18;58,18
22.07.2025;CEST;19:15;19:30;EUR/MWh;39,61;39,61
22.07.2025;CEST;19:30;19:45;EUR/MWh;73,5;73,5
22.07.2025;CEST;19:45;20:00;EUR/MWh;62,73;62,73
22.07.2025;CEST;20:00;20:15;EUR/MWh;65,46;65,46
22.07.2025;CEST;20:15;20:30;EUR/MWh;79,39;79,39
22.07.2025;CEST;20:30;20:45;EUR/MWh;96,63;96,63
22.07.2025;CEST;20:45;21:00;EUR/MWh;79,76;79,76
22.07.2025;CEST;21:00;21:15;EUR/MWh;77,29;77,29
22.07.2025;CEST;21:15;21:30;EUR/MWh;54,86;54,86
22.07.2025;CEST;21:30;21:45;EUR/MWh;86,01;86,01
22.07.2025;CEST;21:45;22:00;EUR/MWh;65,01;65,01
22.07.2025;CEST;22:00;22:15;EUR/MWh;111,86;111,86
22.07.2025;CEST;22:15;22:30;EUR/MWh;59,05;59,05
22.07.2025;CEST;22:30;22:45;EUR/MWh;103,73;103,73
22.07.2025;CEST;22:45;23:00;EUR/MWh;82,18;82,18
22.07.2025;CEST;23:00;23:15;EUR/MWh;85,31;85,31
22.07.2025;CEST;23:15;23:30;EUR/MWh;79,3;79,3
22.07.2025;CEST;23:30;23:45;EUR/MWh;65,71;65,71
22.07.2025;CEST;23:45;00:00;EUR/MWh;75,87;75,87
23.07.2025;CEST;00:00;00:15;EUR/MWh;129,64;129,64
23.07.2025;CEST;00:15;00:30;EUR/MWh;132,19;132,19
23.07.2025;CEST;00:30;00:45;EUR/MWh;131,91;131,91
23.07.2025;CEST;00:45;01:00;EUR/MWh;89,69;89,69
23.07.2025;CEST;01:00;01:15;EUR/MWh;42,5;42,5
23.07.2025;CEST;01:15;01:30;EUR/MWh;60,46;60,46
23.07.2025;CEST;01:30;01:45;EUR/MWh;70,03;70,03
23.07.2025;CEST;01:45;02:00;EUR/MWh;61,48;61,48
23.07.2025;CEST;02:00;02:15;EUR/MWh;64,49;64,49
23.07.2025;CEST;02:15;02:30;EUR/MWh;66,63;66,63
23.07.2025;CEST;02:30;02:45;EUR/MWh;59,96;59,96
23.07.2025;CEST;02:45;03:00;EUR/MWh;70,89;70,89
23.07.2025;CEST;03:00;03:15;EUR/MWh;46,38;46,38
23.07.2025;CEST;03:15;03:30;EUR/MWh;57,82;57,82
23.07.2025;CEST;03:30;03:45;EUR/MWh;63,87;63,87
23.07.2025;CEST;03:45;04:00;EUR/MWh;71,72;71,72
23.07.2025;CEST;04:00;04:15;EUR/MWh;20,84;20,84
23.07.2025;CEST;04:15;04:30;EUR/MWh;9,95;9,95
23.07.2025;CEST;04:30;04:45;EUR/MWh;-6,93;-6,93
23.07.2025;CEST;04:45;05:00;EUR/MWh;37,46;37,46
23.07.2025;CEST;05:00;05:15;EUR/MWh;71,7;71,7
23.07.2025;CEST;05:15;05:30;EUR/MWh;84,96;84,96
23.07.2025;CEST;05:30;05:45;EUR/MWh;107,11;107,11
23.07.2025;CEST;05:45;06:00;EUR/MWh;127,36;127,36
23.07.2025;CEST;06:00;06:15;EUR/MWh;99,28;99,28
23.07.2025;CEST;06:15;06:30;EUR/MWh;131,6;131,6
23.07.2025;CEST;06:30;06:45;EUR/MWh;127,74;127,74
23.07.2025;CEST;06:45;07:00;EUR/MWh;156,14;156,14
23.07.2025;CEST;07:00;07:15;EUR/MWh;88,19;88,19
23.07.2025;CEST;07:15;07:30;EUR/MWh;110,51;110,51
23.07.2025;CEST;07:30;07:45;EUR/MWh;96,65;96,65
23.07.2025;CEST;07:45;08:00;EUR/MWh;97,67;97,67
23.07.2025;CEST;08:00;08:15;EUR/MWh;132,08;132,08
23.07.2025;CEST;08:15;08:30;EUR/MWh;137,94;137,94
23.07.2025;CEST;08:30;08:45;EUR/MWh;197,58;197,58
23.07.2025;CEST;08:45;09:00;EUR/MWh;189,74;189,74
23.07.2025;CEST;09:00;09:15;EUR/MWh;185,13;185,13
23.07.2025;CEST;09:15;09:30;EUR/MWh;29,04;29,04
23.07.2025;CEST;09:30;09:45;EUR/MWh;6,19;6,19
23.07.2025;CEST;09:45;10:00;EUR/MWh;23,73;23,73
23.07.2025;CEST;10:00;10:15;EUR/MWh;46,85;46,85
23.07.2025;CEST;10:15;10:30;EUR/MWh;96,21;96,21
23.07.2025;CEST;10:30;10:45;EUR/MWh;92,91;92,91
23.07.2025;CEST;10:45;11:00;EUR/MWh;92,89;92,89
23.07.2025;CEST;11:00;11:15;EUR/MWh;23,58;23,58
23.07.2025;CEST;11:15;11:30;EUR/MWh;143,08;143,08
23.07.2025;CEST;11:30;11:45;EUR/MWh;87,45;87,45
23.07.2025;CEST;11:45;12:00;EUR/MWh;82,17;82,17
23.07.2025;CEST;12:00;12:15;EUR/MWh;157,01;157,01
23.07.2025;CEST;12:15;12:30;EUR/MWh;166;166
23.07.2025;CEST;12:30;12:45;EUR/MWh;123,84;123,84
23.07.2025;CEST;12:45;13:00;EUR/MWh;33,96;33,96
23.07.2025;CEST;13:00;13:15;EUR/MWh;110,1;110,1
23.07.2025;CEST;13:15;13:30;EUR/MWh;173,62;173,62
23.07.2025;CEST;13:30;13:45;EUR/MWh;45,03;45,03
23.07.2025;CEST;13:45;14:00;EUR/MWh;32,54;32,54
23.07.2025;CEST;14:00;14:15;EUR/MWh;-4,72;-4,72
23.07.2025;CEST;14:15;14:30;EUR/MWh;68,94;68,94
23.07.2025;CEST;14:30;14:45;EUR/MWh;68,65;68,65
23.07.2025;CEST;14:45;15:00;EUR/MWh;69,9;69,9
23.07.2025;CEST;15:00;15:15;EUR/MWh;16,85;16,85
23.07.2025;CEST;15:15;15:30;EUR/MWh;23,65;23,65
23.07.2025;CEST;15:30;15:45;EUR/MWh;7,57;7,57
23.07.2025;CEST;15:45;16:00;EUR/MWh;-5,12;-5,12
23.07.2025;CEST;16:00;16:15;EUR/MWh;31,12;31,12
23.07.2025;CEST;16:15;16:30;EUR/MWh;103,22;103,22
23.07.2025;CEST;16:30;16:45;EUR/MWh;111,72;111,72
23.07.2025;CEST;16:45;17:00;EUR/MWh;104,92;104,92
23.07.2025;CEST;17:00;17:15;EUR/MWh;39,79;39,79
23.07.2025;CEST;17:15;17:30;EUR/MWh;44,62;44,62
23.07.2025;CEST;17:30;17:45;EUR/MWh;43,22;43,22
23.07.2025;CEST;17:45;18:00;EUR/MWh;116,84;116,84
23.07.2025;CEST;18:00;18:15;EUR/MWh;102,43;102,43
23.07.2025;CEST;18:15;18:30;EUR/MWh;84,19;84,19
23.07.2025;CEST;18:30;18:45;EUR/MWh;68,66;68,66
23.07.2025;CEST;18:45;19:00;EUR/MWh;68,7;68,7
23.07.2025;CEST;19:00;19:15;EUR/MWh;51,74;51,74
23.07.2025;CEST;19:15;19:30;EUR/MWh;69,65;69,65
23.07.2025;CEST;19:30;19:45;EUR/MWh;130,37;130,37
23.07.2025;CEST;19:45;20:00;EUR/MWh;129,83;129,83
23.07.2025;CEST;20:00;20:15;EUR/MWh;67,31;67,31
23.07.2025;CEST;20:15;20:30;EUR/MWh;75,54;75,54
23.07.2025;CEST;20:30;20:45;EUR/MWh;118,4;118,4
23.07.2025;CEST;20:45;21:00;EUR/MWh;109,4;109,4
23.07.2025;CEST;21:00;21:15;EUR/MWh;117,38;117,38
23.07.2025;CEST;21:15;21:30;EUR/MWh;108,75;108,75
23.07.2025;CEST;21:30;21:45;EUR/MWh;121,17;121,17
23.07.2025;CEST;21:45;22:00;EUR/MWh;133,14;133,14
23.07.2025;CEST;22:00;22:15;EUR/MWh;137,62;137,62
23.07.2025;CEST;22:15;22:30;EUR/MWh;127,58;127,58
23.07.2025;CEST;22:30;22:45;EUR/MWh;149,78;149,78
23.07.2025;CEST;22:45;23:00;EUR/MWh;129,46;129,46
23.07.2025;CEST;23:00;23:15;EUR/MWh;134,86;134,86
23.07.2025;CEST;23:15;23:30;EUR/MWh;119,7;119,7
23.07.2025;CEST;23:30;23:45;EUR/MWh;90,87;90,87
23.07.2025;CEST;23:45;00:00;EUR/MWh;56,71;56,71
24.07.2025;CEST;00:00;00:15;EUR/MWh;95,78;95,78
24.07.2025;CEST;00:15;00:30;EUR/MWh;103,82;103,82
24.07.2025;CEST;00:30;00:45;EUR/MWh;89,98;89,98
24.07.2025;CEST;00:45;01:00;EUR/MWh;91,51;91,51
24.07.2025;CEST;01:00;01:15;EUR/MWh;111,97;111,97
24.07.2025;CEST;01:15;01:30;EUR/MWh;136,69;136,69
24.07.2025;CEST;01:30;01:45;EUR/MWh;136,74;136,74
24.07.2025;CEST;01:45;02:00;EUR/MWh;98,8;98,8
24.07.2025;CEST;02:00;02:15;EUR/MWh;116,86;116,86
24.07.2025;CEST;02:15;02:30;EUR/MWh;114,61;114,61
24.07.2025;CEST;02:30;02:45;EUR/MWh;119,99;119,99
24.07.2025;CEST;02:45;03:00;EUR/MWh;106,05;106,05
24.07.2025;CEST;03:00;03:15;EUR/MWh;108,96;108,96
24.07.2025;CEST;03:15;03:30;EUR/MWh;121,26;121,26
24.07.2025;CEST;03:30;03:45;EUR/MWh;101,72;101,72
24.07.2025;CEST;03:45;04:00;EUR/MWh;91,74;91,74
24.07.2025;CEST;04:00;04:15;EUR/MWh;55,64;55,64
24.07.2025;CEST;04:15;04:30;EUR/MWh;94,29;94,29
24.07.2025;CEST;04:30;04:45;EUR/MWh;101,26;101,26
24.07.2025;CEST;04:45;05:00;EUR/MWh;108,81;108,81
24.07.2025;CEST;05:00;05:15;EUR/MWh;70,43;70,43
24.07.2025;CEST;05:15;05:30;EUR/MWh;70,53;70,53
24.07.2025;CEST;05:30;05:45;EUR/MWh;82,06;82,06
24.07.2025;CEST;05:45;06:00;EUR/MWh;79,22;79,22
24.07.2025;CEST;06:00;06:15;EUR/MWh;38,14;38,14
24.07.2025;CEST;06:15;06:30;EUR/MWh;86,79;86,79
24.07.2025;CEST;06:30;06:45;EUR/MWh;89,63;89,63
24.07.2025;CEST;06:45;07:00;EUR/MWh;81,23;81,23
24.07.2025;CEST;07:00;07:15;EUR/MWh;102,53;102,53
24.07.2025;CEST;07:15;07:30;EUR/MWh;106,14;106,14
24.07.2025;CEST;07:30;07:45;EUR/MWh;107,26;107,26
24.07.2025;CEST;07:45;08:00;EUR/MWh;139,79;139,79
24.07.2025;CEST;08:00;08:15;EUR/MWh;138,55;138,55
24.07.2025;CEST;08:15;08:30;EUR/MWh;132,74;132,74
24.07.2025;CEST;08:30;08:45;EUR/MWh;138,89;138,89
24.07.2025;CEST;08:45;09:00;EUR/MWh;128,45;128,45
24.07.2025;CEST;09:00;09:15;EUR/MWh;103,76;103,76
24.07.2025;CEST;09:15;09:30;EUR/MWh;125,36;125,36
24.07.2025;CEST;09:30;09:45;EUR/MWh;113,95;113,95
24.07.2025;CEST;09:45;10:00;EUR/MWh;73,58;73,58
24.07.2025;CEST;10:00;10:15;EUR/MWh;87,69;87,69
24.07.2025;CEST;10:15;10:30;EUR/MWh;69,16;69,16
24.07.2025;CEST;10:30;10:45;EUR/MWh;73,86;73,86
24.07.2025;CEST;10:45;11:00;EUR/MWh;82,43;82,43
24.07.2025;CEST;11:00;11:15;EUR/MWh;122,03;122,03
24.07.2025;CEST;11:15;11:30;EUR/MWh;131,96;131,96
24.07.2025;CEST;11:30;11:45;EUR/MWh;134,28;134,28
24.07.2025;CEST;11:45;12:00;EUR/MWh;54,64;54,64
24.07.2025;CEST;12:00;12:15;EUR/MWh;41,9;41,9
24.07.2025;CEST;12:15;12:30;EUR/MWh;50,31;50,31
24.07.2025;CEST;12:30;12:45;EUR/MWh;48,73;48,73
24.07.2025;CEST;12:45;13:00;EUR/MWh;43,62;43,62
24.07.2025;CEST;13:00;13:15;EUR/MWh;100,88;100,88
24.07.2025;CEST;13:15;13:30;EUR/MWh;86,54;86,54
24.07.2025;CEST;13:30;13:45;EUR/MWh;125,07;125,07
24.07.2025;CEST;13:45;14:00;EUR/MWh;85,31;85,31
24.07.2025;CEST;14:00;14:15;EUR/MWh;107,84;107,84
24.07.2025;CEST;14:15;14:30;EUR/MWh;100,92;100,92
24.07.2025;CEST;14:30;14:45;EUR/MWh;106,03;106,03
24.07.2025;CEST;14:45;15:00;EUR/MWh;89,64;89,64
24.07.2025;CEST;15:00;15:15;EUR/MWh;88,6;88,6
24.07.2025;CEST;15:15;15:30;EUR/MWh;102,34;102,34
24.07.2025;CEST;15:30;15:45;EUR/MWh;127,55;127,55
24.07.2025;CEST;15:45;16:00;EUR/MWh;127,08;127,08
24.07.2025;CEST;16:00;16:15;EUR/MWh;88,62;88,62
24.07.2025;CEST;16:15;16:30;EUR/MWh;68,21;68,21
24.07.2025;CEST;16:30;16:45;EUR/MWh;53,72;53,72
24.07.2025;CEST;16:45;17:00;EUR/MWh;46,49;46,49
24.07.2025;CEST;17:00;17:15;EUR/MWh;33,41;33,41
24.07.2025;CEST;17:15;17:30;EUR/MWh;63,83;63,83
24.07.2025;CEST;17:30;17:45;EUR/MWh;119,88;119,88
24.07.2025;CEST;17:45;18:00;EUR/MWh;172,86;172,86
24.07.2025;CEST;18:00;18:15;EUR/MWh;141,49;141,49
24.07.2025;CEST;18:15;18:30;EUR/MWh;139,64;139,64
24.07.2025;CEST;18:30;18:45;EUR/MWh;55,03;55,03
24.07.2025;CEST;18:45;19:00;EUR/MWh;94,01;94,01
24.07.2025;CEST;19:00;19:15;EUR/MWh;78,95;78,95
24.07.2025;CEST;19:15;19:30;EUR/MWh;86,2;86,2
24.07.2025;CEST;19:30;19:45;EUR/MWh;106,05;106,05
24.07.2025;CEST;19:45;20:00;EUR/MWh;92,92;92,92
24.07.2025;CEST;20:00;20:15;EUR/MWh;93,2;93,2
24.07.2025;CEST;20:15;20:30;EUR/MWh;117,42;117,42
24.07.2025;CEST;20:30;20:45;EUR/MWh;172,14;172,14
24.07.2025;CEST;20:45;21:00;EUR/MWh;351,69;351,69
24.07.2025;CEST;21:00;21:15;EUR/MWh;93,88;93,88
24.07.2025;CEST;21:15;21:30;EUR/MWh;113,92;113,92
24.07.2025;CEST;21:30;21:45;EUR/MWh;142,45;142,45
24.07.2025;CEST;21:45;22:00;EUR/MWh;143,58;143,58
24.07.2025;CEST;22:00;22:15;EUR/MWh;171,71;171,71
24.07.2025;CEST;22:15;22:30;EUR/MWh;87,4;87,4
24.07.2025;CEST;22:30;22:45;EUR/MWh;105,1;105,1
24.07.2025;CEST;22:45;23:00;EUR/MWh;100,79;100,79
24.07.2025;CEST;23:00;23:15;EUR/MWh;141,22;141,22
24.07.2025;CEST;23:15;23:30;EUR/MWh;104,35;104,35
24.07.2025;CEST;23:30;23:45;EUR/MWh;100,4;100,4
24.07.2025;CEST;23:45;00:00;EUR/MWh;106,83;106,83
25.07.2025;CEST;00:00;00:15;EUR/MWh;110,3;110,3
25.07.2025;CEST;00:15;00:30;EUR/MWh;108,94;108,94
25.07.2025;CEST;00:30;00:45;EUR/MWh;97,69;97,69
25.07.2025;CEST;00:45;01:00;EUR/MWh;99,83;99,83
25.07.2025;CEST;01:00;01:15;EUR/MWh;162,54;162,54
25.07.2025;CEST;01:15;01:30;EUR/MWh;159,38;159,38
25.07.2025;CEST;01:30;01:45;EUR/MWh;152,82;152,82
25.07.2025;CEST;01:45;02:00;EUR/MWh;131,23;131,23
25.07.2025;CEST;02:00;02:15;EUR/MWh;126,62;126,62
25.07.2025;CEST;02:15;02:30;EUR/MWh;122,48;122,48
25.07.2025;CEST;02:30;02:45;EUR/MWh;151,43;151,43
25.07.2025;CEST;02:45;03:00;EUR/MWh;82,37;82,37
25.07.2025;CEST;03:00;03:15;EUR/MWh;97,89;97,89
25.07.2025;CEST;03:15;03:30;EUR/MWh;84,38;84,38
25.07.2025;CEST;03:30;03:45;EUR/MWh;91,14;91,14
25.07.2025;CEST;03:45;04:00;EUR/MWh;69,59;69,59
25.07.2025;CEST;04:00;04:15;EUR/MWh;80,52;80,52
25.07.2025;CEST;04:15;04:30;EUR/MWh;60,28;60,28
25.07.2025;CEST;04:30;04:45;EUR/MWh;63,74;63,74
25.07.2025;CEST;04:45;05:00;EUR/MWh;69,91;69,91
25.07.2025;CEST;05:00;05:15;EUR/MWh;93,27;93,27
25.07.2025;CEST;05:15;05:30;EUR/MWh;94,54;94,54
25.07.2025;CEST;05:30;05:45;EUR/MWh;127,4;127,4
25.07.2025;CEST;05:45;06:00;EUR/MWh;125,38;125,38
25.07.2025;CEST;06:00;06:15;EUR/MWh;125,63;125,63
25.07.2025;CEST;06:15;06:30;EUR/MWh;124,99;124,99
25.07.2025;CEST;06:30;06:45;EUR/MWh;114,96;114,96
25.07.2025;CEST;06:45;07:00;EUR/MWh;110,21;110,21
25.07.2025;CEST;07:00;07:15;EUR/MWh;92,67;92,67
25.07.2025;CEST;07:15;07:30;EUR/MWh;113,96;113,96
25.07.2025;CEST;07:30;07:45;EUR/MWh;103,93;103,93
25.07.2025;CEST;07:45;08:00;EUR/MWh;92,49;92,49
25.07.2025;CEST;08:00;08:15;EUR/MWh;91,58;91,58
25.07.2025;CEST;08:15;08:30;EUR/MWh;85,07;85,07
25.07.2025;CEST;08:30;08:45;EUR/MWh;70,72;70,72
25.07.2025;CEST;08:45;09:00;EUR/MWh;51,9;51,9
25.07.2025;CEST;09:00;09:15;EUR/MWh;71,59;71,59
25.07.2025;CEST;09:15;09:30;EUR/MWh;57,38;57,38
25.07.2025;CEST;09:30;09:45;EUR/MWh;48,74;48,74
25.07.2025;CEST;09:45;10:00;EUR/MWh;46,5;46,5
25.07.2025;CEST;10:00;10:15;EUR/MWh;62,78;62,78
25.07.2025;CEST;10:15;10:30;EUR/MWh;78,94;78,94
25.07.2025;CEST;10:30;10:45;EUR/MWh;78,38;78,38
25.07.2025;CEST;10:45;11:00;EUR/MWh;103,54;103,54
25.07.2025;CEST;11:00;11:15;EUR/MWh;139,04;139,04
25.07.2025;CEST;11:15;11:30;EUR/MWh;132,05;132,05
25.07.2025;CEST;11:30;11:45;EUR/MWh;148,14;148,14
25.07.2025;CEST;11:45;12:00;EUR/MWh;174,85;174,85
25.07.2025;CEST;12:00;12:15;EUR/MWh;139,98;139,98
25.07.2025;CEST;12:15;12:30;EUR/MWh;134,85;134,85
25.07.2025;CEST;12:30;12:45;EUR/MWh;148,25;148,25
25.07.2025;CEST;12:45;13:00;EUR/MWh;129,45;129,45
25.07.2025;CEST;13:00;13:15;EUR/MWh;102,1;102,1
25.07.2025;CEST;13:15;13:30;EUR/MWh;68,34;68,34
25.07.2025;CEST;13:30;13:45;EUR/MWh;48,55;48,55
25.07.2025;CEST;13:45;14:00;EUR/MWh;31,13;31,13
25.07.2025;CEST;14:00;14:15;EUR/MWh;44,33;44,33
25.07.2025;CEST;14:15;14:30;EUR/MWh;26,9;26,9
25.07.2025;CEST;14:30;14:45;EUR/MWh;19,99;19,99
25.07.2025;CEST;14:45;15:00;EUR/MWh;35,3;35,3
25.07.2025;CEST;15:00;15:15;EUR/MWh;96,12;96,12
25.07.2025;CEST;15:15;15:30;EUR/MWh;71,54;71,54
25.07.2025;CEST;15:30;15:45;EUR/MWh;98,15;98,15
25.07.2025;CEST;15:45;16:00;EUR/MWh;81,15;81,15
25.07.2025;CEST;16:00;16:15;EUR/MWh;78,17;78,17
25.07.2025;CEST;16:15;16:30;EUR/MWh;103,53;103,53
25.07.2025;CEST;16:30;16:45;EUR/MWh;121,32;121,32
25.07.2025;CEST;16:45;17:00;EUR/MWh;169,86;169,86
25.07.2025;CEST;17:00;17:15;EUR/MWh;121,9;121,9
25.07.2025;CEST;17:15;17:30;EUR/MWh;195,66;195,66
25.07.2025;CEST;17:30;17:45;EUR/MWh;144,43;144,43
25.07.2025;CEST;17:45;18:00;EUR/MWh;147,61;147,61
25.07.2025;CEST;18:00;18:15;EUR/MWh;119,83;119,83
25.07.2025;CEST;18:15;18:30;EUR/MWh;118,82;118,82
25.07.2025;CEST;18:30;18:45;EUR/MWh;137,68;137,68
25.07.2025;CEST;18:45;19:00;EUR/MWh;138,39;138,39
25.07.2025;CEST;19:00;19:15;EUR/MWh;139,11;139,11
25.07.2025;CEST;19:15;19:30;EUR/MWh;148,09;148,09
25.07.2025;CEST;19:30;19:45;EUR/MWh;136,04;136,04
25.07.2025;CEST;19:45;20:00;EUR/MWh;129,7;129,7
25.07.2025;CEST;20:00;20:15;EUR/MWh;79,86;79,86
25.07.2025;CEST;20:15;20:30;EUR/MWh;76,95;76,95
25.07.2025;CEST;20:30;20:45;EUR/MWh;94,11;94,11
25.07.2025;CEST;20:45;21:00;EUR/MWh;129,87;129,87
25.07.2025;CEST;21:00;21:15;EUR/MWh;131,53;131,53
25.07.2025;CEST;21:15;21:30;EUR/MWh;116,54;116,54
25.07.2025;CEST;21:30;21:45;EUR/MWh;134,41;134,41
25.07.2025;CEST;21:45;22:00;EUR/MWh;82,04;82,04
25.07.2025;CEST;22:00;22:15;EUR/MWh;143,41;143,41
25.07.2025;CEST;22:15;22:30;EUR/MWh;106,06;106,06
25.07.2025;CEST;22:30;22:45;EUR/MWh;143,07;143,07
25.07.2025;CEST;22:45;23:00;EUR/MWh;161,94;161,94
25.07.2025;CEST;23:00;23:15;EUR/MWh;138,83;138,83
25.07.2025;CEST;23:15;23:30;EUR/MWh;138,19;138,19
25.07.2025;CEST;23:30;23:45;EUR/MWh;137,08;137,08
25.07.2025;CEST;23:45;00:00;EUR/MWh;143,12;143,12
26.07.2025;CEST;00:00;00:15;EUR/MWh;91,77;91,77
26.07.2025;CEST;00:15;00:30;EUR/MWh;64,77;64,77
26.07.2025;CEST;00:30;00:45;EUR/MWh;66,5;66,5
26.07.2025;CEST;00:45;01:00;EUR/MWh;54,97;54,97
26.07.2025;CEST;01:00;01:15;EUR/MWh;78,06;78,06
26.07.2025;CEST;01:15;01:30;EUR/MWh;121,03;121,03
26.07.2025;CEST;01:30;01:45;EUR/MWh;72,27;72,27
26.07.2025;CEST;01:45;02:00;EUR/MWh;84,35;84,35
26.07.2025;CEST;02:00;02:15;EUR/MWh;127,82;127,82
26.07.2025;CEST;02:15;02:30;EUR/MWh;84,15;84,15
26.07.2025;CEST;02:30;02:45;EUR/MWh;95,55;95,55
26.07.2025;CEST;02:45;03:00;EUR/MWh;88,53;88,53
26.07.2025;CEST;03:00;03:15;EUR/MWh;110,3;110,3
26.07.2025;CEST;03:15;03:30;EUR/MWh;129,46;129,46
26.07.2025;CEST;03:30;03:45;EUR/MWh;156,69;156,69
26.07.2025;CEST;03:45;04:00;EUR/MWh;185,66;185,66
26.07.2025;CEST;04:00;04:15;EUR/MWh;163,41;163,41
26.07.2025;CEST;04:15;04:30;EUR/MWh;149,22;149,22
26.07.2025;CEST;04:30;04:45;EUR/MWh;105,01;105,01
26.07.2025;CEST;04:45;05:00;EUR/MWh;120,22;120,22
26.07.2025;CEST;05:00;05:15;EUR/MWh;82,62;82,62
26.07.2025;CEST;05:15;05:30;EUR/MWh;80,3;80,3
26.07.2025;CEST;05:30;05:45;EUR/MWh;74,24;74,24
26.07.2025;CEST;05:45;06:00;EUR/MWh;76,75;76,75
26.07.2025;CEST;06:00;06:15;EUR/MWh;98,44;98,44
26.07.2025;CEST;06:15;06:30;EUR/MWh;118,2;118,2
26.07.2025;CEST;06:30;06:45;EUR/MWh;100,3;100,3
26.07.2025;CEST;06:45;07:00;EUR/MWh;87,79;87,79
26.07.2025;CEST;07:00;07:15;EUR/MWh;154,31;154,31
26.07.2025;CEST;07:15;07:30;EUR/MWh;137,84;137,84
26.07.2025;CEST;07:30;07:45;EUR/MWh;116,03;116,03
26.07.2025;CEST;07:45;08:00;EUR/MWh;109,04;109,04
26.07.2025;CEST;08:00;08:15;EUR/MWh;99,8;99,8
26.07.2025;CEST;08:15;08:30;EUR/MWh;139,29;139,29
26.07.2025;CEST;08:30;08:45;EUR/MWh;75,81;75,81
26.07.2025;CEST;08:45;09:00;EUR/MWh;65,8;65,8
26.07.2025;CEST;09:00;09:15;EUR/MWh;129,5;129,5
26.07.2025;CEST;09:15;09:30;EUR/MWh;107,38;107,38
26.07.2025;CEST;09:30;09:45;EUR/MWh;115,34;115,34
26.07.2025;CEST;09:45;10:00;EUR/MWh;94,53;94,53
26.07.2025;CEST;10:00;10:15;EUR/MWh;136,28;136,28
26.07.2025;CEST;10:15;10:30;EUR/MWh;122,87;122,87
26.07.2025;CEST;10:30;10:45;EUR/MWh;71,01;71,01
26.07.2025;CEST;10:45;11:00;EUR/MWh;49,19;49,19
26.07.2025;CEST;11:00;11:15;EUR/MWh;69,34;69,34
26.07.2025;CEST;11:15;11:30;EUR/MWh;99,19;99,19
26.07.2025;CEST;11:30;11:45;EUR/MWh;69,87;69,87
26.07.2025;CEST;11:45;12:00;EUR/MWh;81,3;81,3
26.07.2025;CEST;12:00;12:15;EUR/MWh;58,66;58,66
26.07.2025;CEST;12:15;12:30;EUR/MWh;61,74;61,74
26.07.2025;CEST;12:30;12:45;EUR/MWh;41,59;41,59
26.07.2025;CEST;12:45;13:00;EUR/MWh;29,51;29,51
26.07.2025;CEST;13:00;13:15;EUR/MWh;34,48;34,48
26.07.2025;CEST;13:15;13:30;EUR/MWh;83,47;83,47
26.07.2025;CEST;13:30;13:45;EUR/MWh;53,16;53,16
26.07.2025;CEST;13:45;14:00;EUR/MWh;43,88;43,88
26.07.2025;CEST;14:00;14:15;EUR/MWh;53,02;53,02
26.07.2025;CEST;14:15;14:30;EUR/MWh;53,32;53,32
26.07.2025;CEST;14:30;14:45;EUR/MWh;57,9;57,9
26.07.2025;CEST;14:45;15:00;EUR/MWh;55,43;55,43
26.07.2025;CEST;15:00;15:15;EUR/MWh;46,8;46,8
26.07.2025;CEST;15:15;15:30;EUR/MWh;71,03;71,03
26.07.2025;CEST;15:30;15:45;EUR/MWh;91,15;91,15
26.07.2025;CEST;15:45;16:00;EUR/MWh;101,86;101,86
26.07.2025;CEST;16:00;16:15;EUR/MWh;59,67;59,67
26.07.2025;CEST;16:15;16:30;EUR/MWh;58,99;58,99
26.07.2025;CEST;16:30;16:45;EUR/MWh;62,85;62,85
26.07.2025;CEST;16:45;17:00;EUR/MWh;61,23;61,23
26.07.2025;CEST;17:00;17:15;EUR/MWh;102,6;102,6
26.07.2025;CEST;17:15;17:30;EUR/MWh;91,99;91,99
26.07.2025;CEST;17:30;17:45;EUR/MWh;90,61;90,61
26.07.2025;CEST;17:45;18:00;EUR/MWh;52,25;52,25
26.07.2025;CEST;18:00;18:15;EUR/MWh;62,18;62,18
26.07.2025;CEST;18:15;18:30;EUR/MWh;96,12;96,12
26.07.2025;CEST;18:30;18:45;EUR/MWh;119,06;119,06
26.07.2025;CEST;18:45;19:00;EUR/MWh;114,12;114,12
26.07.2025;CEST;19:00;19:15;EUR/MWh;114,78;114,78
26.07.2025;CEST;19:15;19:30;EUR/MWh;123,4;123,4
26.07.2025;CEST;19:30;19:45;EUR/MWh;129,76;129,76
26.07.2025;CEST;19:45;20:00;EUR/MWh;123,64;123,64
26.07.2025;CEST;20:00;20:15;EUR/MWh;110,17;110,17
26.07.2025;CEST;20:15;20:30;EUR/MWh;100,84;100,84
26.07.2025;CEST;20:30;20:45;EUR/MWh;106,95;106,95
26.07.2025;CEST;20:45;21:00;EUR/MWh;105,28;105,28
26.07.2025;CEST;21:00;21:15;EUR/MWh;91,32;91,32
26.07.2025;CEST;21:15;21:30;EUR/MWh;97,75;97,75
26.07.2025;CEST;21:30;21:45;EUR/MWh;101,45;101,45
26.07.2025;CEST;21:45;22:00;EUR/MWh;87,76;87,76
26.07.2025;CEST;22:00;22:15;EUR/MWh;89,92;89,92
26.07.2025;CEST;22:15;22:30;EUR/MWh;83,74;83,74
26.07.2025;CEST;22:30;22:45;EUR/MWh;59,83;59,83
26.07.2025;CEST;22:45;23:00;EUR/MWh;57,89;57,89
26.07.2025;CEST;23:00;23:15;EUR/MWh;67,21;67,21
26.07.2025;CEST;23:15;23:30;EUR/MWh;95,97;95,97
26.07.2025;CEST;23:30;23:45;EUR/MWh;85,59;85,59
26.07.2025;CEST;23:45;00:00;EUR/MWh;78,34;78,34
27.07.2025;CEST;00:00;00:15;EUR/MWh;105,33;105,33
27.07.2025;CEST;00:15;00:30;EUR/MWh;90,59;90,59
27.07.2025;CEST;00:30;00:45;EUR/MWh;85,38;85,38
27.07.2025;CEST;00:45;01:00;EUR/MWh;87,14;87,14
27.07.2025;CEST;01:00;01:15;EUR/MWh;78,49;78,49
27.07.2025;CEST;01:15;01:30;EUR/MWh;72,34;72,34
27.07.2025;CEST;01:30;01:45;EUR/MWh;60,47;60,47
27.07.2025;CEST;01:45;02:00;EUR/MWh;49,64;49,64
27.07.2025;CEST;02:00;02:15;EUR/MWh;79,47;79,47
27.07.2025;CEST;02:15;02:30;EUR/MWh;68,82;68,82
27.07.2025;CEST;02:30;02:45;EUR/MWh;59,86;59,86
27.07.2025;CEST;02:45;03:00;EUR/MWh;66,72;66,72
27.07.2025;CEST;03:00;03:15;EUR/MWh;89,92;89,92
27.07.2025;CEST;03:15;03:30;EUR/MWh;85,94;85,94
27.07.2025;CEST;03:30;03:45;EUR/MWh;80,5;80,5
27.07.2025;CEST;03:45;04:00;EUR/MWh;97,57;97,57
27.07.2025;CEST;04:00;04:15;EUR/MWh;93,72;93,72
27.07.2025;CEST;04:15;04:30;EUR/MWh;99,38;99,38
27.07.2025;CEST;04:30;04:45;EUR/MWh;78,31;78,31
27.07.2025;CEST;04:45;05:00;EUR/MWh;73,95;73,95
27.07.2025;CEST;05:00;05:15;EUR/MWh;96,67;96,67
27.07.2025;CEST;05:15;05:30;EUR/MWh;97,84;97,84
27.07.2025;CEST;05:30;05:45;EUR/MWh;93,38;93,38
27.07.2025;CEST;05:45;06:00;EUR/MWh;99,65;99,65
27.07.2025;CEST;06:00;06:15;EUR/MWh;97,81;97,81
27.07.2025;CEST;06:15;06:30;EUR/MWh;100,24;100,24
27.07.2025;CEST;06:30;06:45;EUR/MWh;89,87;89,87
27.07.2025;CEST;06:45;07:00;EUR/MWh;68,83;68,83
27.07.2025;CEST;07:00;07:15;EUR/MWh;73,13;73,13
27.07.2025;CEST;07:15;07:30;EUR/MWh;100,2;100,2
27.07.2025;CEST;07:30;07:45;EUR/MWh;48,68;48,68
27.07.2025;CEST;07:45;08:00;EUR/MWh;53,15;53,15
27.07.2025;CEST;08:00;08:15;EUR/MWh;27,83;27,83
27.07.2025;CEST;08:15;08:30;EUR/MWh;27,27;27,27
27.07.2025;CEST;08:30;08:45;EUR/MWh;33,59;33,59
27.07.2025;CEST;08:45;09:00;EUR/MWh;37,17;37,17
27.07.2025;CEST;09:00;09:15;EUR/MWh;55,09;55,09
27.07.2025;CEST;09:15;09:30;EUR/MWh;46,07;46,07
27.07.2025;CEST;09:30;09:45;EUR/MWh;28,73;28,73
27.07.2025;CEST;09:45;10:00;EUR/MWh;22,28;22,28
27.07.2025;CEST;10:00;10:15;EUR/MWh;97,75;97,75
27.07.2025;CEST;10:15;10:30;EUR/MWh;16,36;16,36
27.07.2025;CEST;10:30;10:45;EUR/MWh;2,56;2,56
27.07.2025;CEST;10:45;11:00;EUR/MWh;-5,39;-5,39
27.07.2025;CEST;11:00;11:15;EUR/MWh;-10,26;-10,26
27.07.2025;CEST;11:15;11:30;EUR/MWh;-25,35;-25,35
27.07.2025;CEST;11:30;11:45;EUR/MWh;-40,35;-40,35
27.07.2025;CEST;11:45;12:00;EUR/MWh;-44,49;-44,49
27.07.2025;CEST;12:00;12:15;EUR/MWh;-18,48;-18,48
27.07.2025;CEST;12:15;12:30;EUR/MWh;-1,26;-1,26
27.07.2025;CEST;12:30;12:45;EUR/MWh;-1,09;-1,09
27.07.2025;CEST;12:45;13:00;EUR/MWh;0,87;0,87
27.07.2025;CEST;13:00;13:15;EUR/MWh;-6,83;-6,83
27.07.2025;CEST;13:15;13:30;EUR/MWh;-8,67;-8,67
27.07.2025;CEST;13:30;13:45;EUR/MWh;-9,8;-9,8
27.07.2025;CEST;13:45;14:00;EUR/MWh;-12,37;-12,37
27.07.2025;CEST;14:00;14:15;EUR/MWh;-11,68;-11,68
27.07.2025;CEST;14:15;14:30;EUR/MWh;-3,51;-3,51
27.07.2025;CEST;14:30;14:45;EUR/MWh;26,8;26,8
27.07.2025;CEST;14:45;15:00;EUR/MWh;27,46;27,46
27.07.2025;CEST;15:00;15:15;EUR/MWh;6,82;6,82
27.07.2025;CEST;15:15;15:30;EUR/MWh;24,54;24,54
27.07.2025;CEST;15:30;15:45;EUR/MWh;14,53;14,53
27.07.2025;CEST;15:45;16:00;EUR/MWh;6,74;6,74
27.07.2025;CEST;16:00;16:15;EUR/MWh;-6,96;-6,96
27.07.2025;CEST;16:15;16:30;EUR/MWh;-15,92;-15,92
27.07.2025;CEST;16:30;16:45;EUR/MWh;118;118
27.07.2025;CEST;16:45;17:00;EUR/MWh;101,13;101,13
27.07.2025;CEST;17:00;17:15;EUR/MWh;93,55;93,55
27.07.2025;CEST;17:15;17:30;EUR/MWh;93,14;93,14
27.07.2025;CEST;17:30;17:45;EUR/MWh;99,51;99,51
27.07.2025;CEST;17:45;18:00;EUR/MWh;49,15;49,15
27.07.2025;CEST;18:00;18:15;EUR/MWh;37,1;37,1
27.07.2025;CEST;18:15;18:30;EUR/MWh;7,16;7,16
27.07.2025;CEST;18:30;18:45;EUR/MWh;68,55;68,55
27.07.2025;CEST;18:45;19:00;EUR/MWh;109,02;109,02
27.07.2025;CEST;19:00;19:15;EUR/MWh;99,98;99,98
27.07.2025;CEST;19:15;19:30;EUR/MWh;131,35;131,35
27.07.2025;CEST;19:30;19:45;EUR/MWh;147,54;147,54
27.07.2025;CEST;19:45;20:00;EUR/MWh;118,21;118,21
27.07.2025;CEST;20:00;20:15;EUR/MWh;91,45;91,45
27.07.2025;CEST;20:15;20:30;EUR/MWh;100,68;100,68
27.07.2025;CEST;20:30;20:45;EUR/MWh;113,14;113,14
27.07.2025;CEST;20:45;21:00;EUR/MWh;100;100
27.07.2025;CEST;21:00;21:15;EUR/MWh;100,35;100,35
27.07.2025;CEST;21:15;21:30;EUR/MWh;138,39;138,39
27.07.2025;CEST;21:30;21:45;EUR/MWh;141,99;141,99
27.07.2025;CEST;21:45;22:00;EUR/MWh;154,43;154,43
27.07.2025;CEST;22:00;22:15;EUR/MWh;68,06;68,06
27.07.2025;CEST;22:15;22:30;EUR/MWh;61,45;61,45
27.07.2025;CEST;22:30;22:45;EUR/MWh;74,05;74,05
27.07.2025;CEST;22:45;23:00;EUR/MWh;91,23;91,23
27.07.2025;CEST;23:00;23:15;EUR/MWh;81,84;81,84
27.07.2025;CEST;23:15;23:30;EUR/MWh;70,01;70,01
27.07.2025;CEST;23:30;23:45;EUR/MWh;72,62;72,62
27.07.2025;CEST;23:45;00:00;EUR/MWh;56,29;56,29
28.07.2025;CEST;00:00;00:15;EUR/MWh;74,2;74,2
28.07.2025;CEST;00:15;00:30;EUR/MWh;78,68;78,68
28.07.2025;CEST;00:30;00:45;EUR/MWh;77,37;77,37
28.07.2025;CEST;00:45;01:00;EUR/MWh;79,03;79,03
28.07.2025;CEST;01:00;01:15;EUR/MWh;109,81;109,81
28.07.2025;CEST;01:15;01:30;EUR/MWh;81,69;81,69
28.07.2025;CEST;01:30;01:45;EUR/MWh;56,85;56,85
28.07.2025;CEST;01:45;02:00;EUR/MWh;49,24;49,24
28.07.2025;CEST;02:00;02:15;EUR/MWh;91,1;91,1
28.07.2025;CEST;02:15;02:30;EUR/MWh;96,73;96,73
28.07.2025;CEST;02:30;02:45;EUR/MWh;36,78;36,78
28.07.2025;CEST;02:45;03:00;EUR/MWh;32,43;32,43
28.07.2025;CEST;03:00;03:15;EUR/MWh;98,69;98,69
28.07.2025;CEST;03:15;03:30;EUR/MWh;56,98;56,98
28.07.2025;CEST;03:30;03:45;EUR/MWh;63,74;63,74
28.07.2025;CEST;03:45;04:00;EUR/MWh;65,83;65,83
28.07.2025;CEST;04:00;04:15;EUR/MWh;62,89;62,89
28.07.2025;CEST;04:15;04:30;EUR/MWh;58,89;58,89
28.07.2025;CEST;04:30;04:45;EUR/MWh;65,8;65,8
28.07.2025;CEST;04:45;05:00;EUR/MWh;77,8;77,8
28.07.2025;CEST;05:00;05:15;EUR/MWh;81,45;81,45
28.07.2025;CEST;05:15;05:30;EUR/MWh;93,28;93,28
28.07.2025;CEST;05:30;05:45;EUR/MWh;83,38;83,38
28.07.2025;CEST;05:45;06:00;EUR/MWh;37,19;37,19
28.07.2025;CEST;06:00;06:15;EUR/MWh;110,91;110,91
28.07.2025;CEST;06:15;06:30;EUR/MWh;68,58;68,58
28.07.2025;CEST;06:30;06:45;EUR/MWh;75,98;75,98
28.07.2025;CEST;06:45;07:00;EUR/MWh;76,65;76,65
28.07.2025;CEST;07:00;07:15;EUR/MWh;59,75;59,75
28.07.2025;CEST;07:15;07:30;EUR/MWh;66,45;66,45
28.07.2025;CEST;07:30;07:45;EUR/MWh;73,46;73,46
28.07.2025;CEST;07:45;08:00;EUR/MWh;77,17;77,17
28.07.2025;CEST;08:00;08:15;EUR/MWh;78,17;78,17
28.07.2025;CEST;08:15;08:30;EUR/MWh;55,49;55,49
28.07.2025;CEST;08:30;08:45;EUR/MWh;53,62;53,62
28.07.2025;CEST;08:45;09:00;EUR/MWh;48,75;48,75
28.07.2025;CEST;09:00;09:15;EUR/MWh;48,93;48,93
28.07.2025;CEST;09:15;09:30;EUR/MWh;45,95;45,95
28.07.2025;CEST;09:30;09:45;EUR/MWh;24,87;24,87
28.07.2025;CEST;09:45;10:00;EUR/MWh;11,21;11,21
28.07.2025;CEST;10:00;10:15;EUR/MWh;50,91;50,91
28.07.2025;CEST;10:15;10:30;EUR/MWh;17,92;17,92
28.07.2025;CEST;10:30;10:45;EUR/MWh;38,74;38,74
28.07.2025;CEST;10:45;11:00;EUR/MWh;41,31;41,31
28.07.2025;CEST;11:00;11:15;EUR/MWh;-8,67;-8,67
28.07.2025;CEST;11:15;11:30;EUR/MWh;-6,9;-6,9
28.07.2025;CEST;11:30;11:45;EUR/MWh;-3,31;-3,31
28.07.2025;CEST;11:45;12:00;EUR/MWh;48,28;48,28
28.07.2025;CEST;12:00;12:15;EUR/MWh;63,11;63,11
28.07.2025;CEST;12:15;12:30;EUR/MWh;145,7;145,7
28.07.2025;CEST;12:30;12:45;EUR/MWh;99,53;99,53
28.07.2025;CEST;12:45;13:00;EUR/MWh;54,71;54,71
28.07.2025;CEST;13:00;13:15;EUR/MWh;104,13;104,13
28.07.2025;CEST;13:15;13:30;EUR/MWh;89,09;89,09
28.07.2025;CEST;13:30;13:45;EUR/MWh;40,49;40,49
28.07.2025;CEST;13:45;14:00;EUR/MWh;16,01;16,01
28.07.2025;CEST;14:00;14:15;EUR/MWh;-9,69;-9,69
28.07.2025;CEST;14:15;14:30;EUR/MWh;-3,3;-3,3
28.07.2025;CEST;14:30;14:45;EUR/MWh;-6,34;-6,34
28.07.2025;CEST;14:45;15:00;EUR/MWh;-0,3;-0,3
28.07.2025;CEST;15:00;15:15;EUR/MWh;9,39;9,39
28.07.2025;CEST;15:15;15:30;EUR/MWh;16,11;16,11
28.07.2025;CEST;15:30;15:45;EUR/MWh;24,6;24,6
28.07.2025;CEST;15:45;16:00;EUR/MWh;14,34;14,34
28.07.2025;CEST;16:00;16:15;EUR/MWh;7,24;7,24
28.07.2025;CEST;16:15;16:30;EUR/MWh;-6,49;-6,49
28.07.2025;CEST;16:30;16:45;EUR/MWh;3,24;3,24
28.07.2025;CEST;16:45;17:00;EUR/MWh;56,73;56,73
28.07.2025;CEST;17:00;17:15;EUR/MWh;44,63;44,63
28.07.2025;CEST;17:15;17:30;EUR/MWh;92,11;92,11
28.07.2025;CEST;17:30;17:45;EUR/MWh;112,36;112,36
28.07.2025;CEST;17:45;18:00;EUR/MWh;-9,1;-9,1
28.07.2025;CEST;18:00;18:15;EUR/MWh;-1,98;-1,98
28.07.2025;CEST;18:15;18:30;EUR/MWh;30,88;30,88
28.07.2025;CEST;18:30;18:45;EUR/MWh;30,38;30,38
28.07.2025;CEST;18:45;19:00;EUR/MWh;45,12;45,12
28.07.2025;CEST;19:00;19:15;EUR/MWh;54,3;54,3
28.07.2025;CEST;19:15;19:30;EUR/MWh;89,19;89,19
28.07.2025;CEST;19:30;19:45;EUR/MWh;88,57;88,57
28.07.2025;CEST;19:45;20:00;EUR/MWh;117,05;117,05
28.07.2025;CEST;20:00;20:15;EUR/MWh;55,95;55,95
28.07.2025;CEST;20:15;20:30;EUR/MWh;66,81;66,81
28.07.2025;CEST;20:30;20:45;EUR/MWh;74,72;74,72
28.07.2025;CEST;20:45;21:00;EUR/MWh;62,56;62,56
28.07.2025;CEST;21:00;21:15;EUR/MWh;57,65;57,65
28.07.2025;CEST;21:15;21:30;EUR/MWh;50,06;50,06
28.07.2025;CEST;21:30;21:45;EUR/MWh;37,23;37,23
28.07.2025;CEST;21:45;22:00;EUR/MWh;33,49;33,49
28.07.2025;CEST;22:00;22:15;EUR/MWh;46,38;46,38
28.07.2025;CEST;22:15;22:30;EUR/MWh;-4,26;-4,26
28.07.2025;CEST;22:30;22:45;EUR/MWh;-0,98;-0,98
28.07.2025;CEST;22:45;23:00;EUR/MWh;-2,2;-2,2
28.07.2025;CEST;23:00;23:15;EUR/MWh;-45,12;-45,12
28.07.2025;CEST;23:15;23:30;EUR/MWh;5,05;5,05
28.07.2025;CEST;23:30;23:45;EUR/MWh;21,68;21,68
28.07.2025;CEST;23:45;00:00;EUR/MWh;42,13;42,13
29.07.2025;CEST;00:00;00:15;EUR/MWh;64,75;64,75
29.07.2025;CEST;00:15;00:30;EUR/MWh;26,36;26,36
29.07.2025;CEST;00:30;00:45;EUR/MWh;31,64;31,64
29.07.2025;CEST;00:45;01:00;EUR/MWh;21,34;21,34
29.07.2025;CEST;01:00;01:15;EUR/MWh;10,03;10,03
29.07.2025;CEST;01:15;01:30;EUR/MWh;-7,29;-7,29
29.07.2025;CEST;01:30;01:45;EUR/MWh;5,04;5,04
29.07.2025;CEST;01:45;02:00;EUR/MWh;47,73;47,73
29.07.2025;CEST;02:00;02:15;EUR/MWh;59,78;59,78
29.07.2025;CEST;02:15;02:30;EUR/MWh;74,66;74,66
29.07.2025;CEST;02:30;02:45;EUR/MWh;113,04;113,04
29.07.2025;CEST;02:45;03:00;EUR/MWh;108,43;108,43
29.07.2025;CEST;03:00;03:15;EUR/MWh;108,24;108,24
29.07.2025;CEST;03:15;03:30;EUR/MWh;68,26;68,26
29.07.2025;CEST;03:30;03:45;EUR/MWh;88,81;88,81
29.07.2025;CEST;03:45;04:00;EUR/MWh;63,07;63,07
29.07.2025;CEST;04:00;04:15;EUR/MWh;83,39;83,39
29.07.2025;CEST;04:15;04:30;EUR/MWh;80,8;80,8
29.07.2025;CEST;04:30;04:45;EUR/MWh;105,23;105,23
29.07.2025;CEST;04:45;05:00;EUR/MWh;103,37;103,37
29.07.2025;CEST;05:00;05:15;EUR/MWh;52,4;52,4
29.07.2025;CEST;05:15;05:30;EUR/MWh;39,54;39,54
29.07.2025;CEST;05:30;05:45;EUR/MWh;36,7;36,7
29.07.2025;CEST;05:45;06:00;EUR/MWh;52,55;52,55
29.07.2025;CEST;06:00;06:15;EUR/MWh;99,19;99,19
29.07.2025;CEST;06:15;06:30;EUR/MWh;66,17;66,17
29.07.2025;CEST;06:30;06:45;EUR/MWh;95,84;95,84
29.07.2025;CEST;06:45;07:00;EUR/MWh;89,65;89,65
29.07.2025;CEST;07:00;07:15;EUR/MWh;169,46;169,46
29.07.2025;CEST;07:15;07:30;EUR/MWh;146,69;146,69
29.07.2025;CEST;07:30;07:45;EUR/MWh;170,38;170,38
29.07.2025;CEST;07:45;08:00;EUR/MWh;112,38;112,38
29.07.2025;CEST;08:00;08:15;EUR/MWh;127,66;127,66
29.07.2025;CEST;08:15;08:30;EUR/MWh;23,21;23,21
29.07.2025;CEST;08:30;08:45;EUR/MWh;23,3;23,3
29.07.2025;CEST;08:45;09:00;EUR/MWh;105,76;105,76
29.07.2025;CEST;09:00;09:15;EUR/MWh;189,81;189,81
29.07.2025;CEST;09:15;09:30;EUR/MWh;149,06;149,06
29.07.2025;CEST;09:30;09:45;EUR/MWh;106,84;106,84
29.07.2025;CEST;09:45;10:00;EUR/MWh;40,21;40,21
29.07.2025;CEST;10:00;10:15;EUR/MWh;-7,4;-7,4
29.07.2025;CEST;10:15;10:30;EUR/MWh;100,62;100,62
29.07.2025;CEST;10:30;10:45;EUR/MWh;14,48;14,48
29.07.2025;CEST;10:45;11:00;EUR/MWh;-10,55;-10,55
29.07.2025;CEST;11:00;11:15;EUR/MWh;-21,9;-21,9
29.07.2025;CEST;11:15;11:30;EUR/MWh;8,16;8,16
29.07.2025;CEST;11:30;11:45;EUR/MWh;10,71;10,71
29.07.2025;CEST;11:45;12:00;EUR/MWh;31,22;31,22
29.07.2025;CEST;12:00;12:15;EUR/MWh;5,54;5,54
29.07.2025;CEST;12:15;12:30;EUR/MWh;-18,87;-18,87
29.07.2025;CEST;12:30;12:45;EUR/MWh;-11,34;-11,34
29.07.2025;CEST;12:45;13:00;EUR/MWh;-10,61;-10,61
29.07.2025;CEST;13:00;13:15;EUR/MWh;60,3;60,3
29.07.2025;CEST;13:15;13:30;EUR/MWh;12,08;12,08
29.07.2025;CEST;13:30;13:45;EUR/MWh;-6,87;-6,87
29.07.2025;CEST;13:45;14:00;EUR/MWh;15,1;15,1
29.07.2025;CEST;14:00;14:15;EUR/MWh;-3,15;-3,15
29.07.2025;CEST;14:15;14:30;EUR/MWh;0,47;0,47
29.07.2025;CEST;14:30;14:45;EUR/MWh;-5,8;-5,8
29.07.2025;CEST;14:45;15:00;EUR/MWh;-7,93;-7,93
29.07.2025;CEST;15:00;15:15;EUR/MWh;34,77;34,77
29.07.2025;CEST;15:15;15:30;EUR/MWh;27,69;27,69
29.07.2025;CEST;15:30;15:45;EUR/MWh;-10,15;-10,15
29.07.2025;CEST;15:45;16:00;EUR/MWh;16,96;16,96
29.07.2025;CEST;16:00;16:15;EUR/MWh;8;8
29.07.2025;CEST;16:15;16:30;EUR/MWh;71,32;71,32
29.07.2025;CEST;16:30;16:45;EUR/MWh;136,34;136,34
29.07.2025;CEST;16:45;17:00;EUR/MWh;135,68;135,68
29.07.2025;CEST;17:00;17:15;EUR/MWh;93,78;93,78
29.07.2025;CEST;17:15;17:30;EUR/MWh;100,52;100,52
29.07.2025;CEST;17:30;17:45;EUR/MWh;149,49;149,49
29.07.2025;CEST;17:45;18:00;EUR/MWh;147,52;147,52
29.07.2025;CEST;18:00;18:15;EUR/MWh;79,17;79,17
29.07.2025;CEST;18:15;18:30;EUR/MWh;19,54;19,54
29.07.2025;CEST;18:30;18:45;EUR/MWh;2,27;2,27
29.07.2025;CEST;18:45;19:00;EUR/MWh;53,67;53,67
29.07.2025;CEST;19:00;19:15;EUR/MWh;98;98
29.07.2025;CEST;19:15;19:30;EUR/MWh;121,46;121,46
29.07.2025;CEST;19:30;19:45;EUR/MWh;126,85;126,85
29.07.2025;CEST;19:45;20:00;EUR/MWh;127,04;127,04
29.07.2025;CEST;20:00;20:15;EUR/MWh;113,02;113,02
29.07.2025;CEST;20:15;20:30;EUR/MWh;124,41;124,41
29.07.2025;CEST;20:30;20:45;EUR/MWh;160,53;160,53
29.07.2025;CEST;20:45;21:00;EUR/MWh;76,11;76,11
29.07.2025;CEST;21:00;21:15;EUR/MWh;94,06;94,06
29.07.2025;CEST;21:15;21:30;EUR/MWh;107,88;107,88
29.07.2025;CEST;21:30;21:45;EUR/MWh;125,88;125,88
29.07.2025;CEST;21:45;22:00;EUR/MWh;105,04;105,04
29.07.2025;CEST;22:00;22:15;EUR/MWh;44,45;44,45
29.07.2025;CEST;22:15;22:30;EUR/MWh;37,66;37,66
29.07.2025;CEST;22:30;22:45;EUR/MWh;34,99;34,99
29.07.2025;CEST;22:45;23:00;EUR/MWh;38,49;38,49
29.07.2025;CEST;23:00;23:15;EUR/MWh;33,21;33,21
29.07.2025;CEST;23:15;23:30;EUR/MWh;61,89;61,89
29.07.2025;CEST;23:30;23:45;EUR/MWh;62,16;62,16
29.07.2025;CEST;23:45;00:00;EUR/MWh;69,49;69,49
30.07.2025;CEST;00:00;00:15;EUR/MWh;69,14;69,14
30.07.2025;CEST;00:15;00:30;EUR/MWh;76,82;76,82
30.07.2025;CEST;00:30;00:45;EUR/MWh;66,66;66,66
30.07.2025;CEST;00:45;01:00;EUR/MWh;81,08;81,08
30.07.2025;CEST;01:00;01:15;EUR/MWh;91,65;91,65
30.07.2025;CEST;01:15;01:30;EUR/MWh;97,12;97,12
30.07.2025;CEST;01:30;01:45;EUR/MWh;106,58;106,58
30.07.2025;CEST;01:45;02:00;EUR/MWh;116,77;116,77
30.07.2025;CEST;02:00;02:15;EUR/MWh;79,32;79,32
30.07.2025;CEST;02:15;02:30;EUR/MWh;65,33;65,33
30.07.2025;CEST;02:30;02:45;EUR/MWh;44,97;44,97
30.07.2025;CEST;02:45;03:00;EUR/MWh;50,72;50,72
30.07.2025;CEST;03:00;03:15;EUR/MWh;44,91;44,91
30.07.2025;CEST;03:15;03:30;EUR/MWh;52,03;52,03
30.07.2025;CEST;03:30;03:45;EUR/MWh;49,15;49,15
30.07.2025;CEST;03:45;04:00;EUR/MWh;27,74;27,74
30.07.2025;CEST;04:00;04:15;EUR/MWh;79,7;79,7
30.07.2025;CEST;04:15;04:30;EUR/MWh;86,72;86,72
30.07.2025;CEST;04:30;04:45;EUR/MWh;113,73;113,73
30.07.2025;CEST;04:45;05:00;EUR/MWh;125,53;125,53
30.07.2025;CEST;05:00;05:15;EUR/MWh;92,98;92,98
30.07.2025;CEST;05:15;05:30;EUR/MWh;126,03;126,03
30.07.2025;CEST;05:30;05:45;EUR/MWh;63,97;63,97
30.07.2025;CEST;05:45;06:00;EUR/MWh;76,25;76,25
30.07.2025;CEST;06:00;06:15;EUR/MWh;-5,13;-5,13
30.07.2025;CEST;06:15;06:30;EUR/MWh;70,38;70,38
30.07.2025;CEST;06:30;06:45;EUR/MWh;31,33;31,33
30.07.2025;CEST;06:45;07:00;EUR/MWh;85,9;85,9
30.07.2025;CEST;07:00;07:15;EUR/MWh;119,51;119,51
30.07.2025;CEST;07:15;07:30;EUR/MWh;106,73;106,73
30.07.2025;CEST;07:30;07:45;EUR/MWh;148,94;148,94
30.07.2025;CEST;07:45;08:00;EUR/MWh;145,7;145,7
30.07.2025;CEST;08:00;08:15;EUR/MWh;129,12;129,12
30.07.2025;CEST;08:15;08:30;EUR/MWh;99,72;99,72
30.07.2025;CEST;08:30;08:45;EUR/MWh;97,53;97,53
30.07.2025;CEST;08:45;09:00;EUR/MWh;101,11;101,11
30.07.2025;CEST;09:00;09:15;EUR/MWh;121,97;121,97
30.07.2025;CEST;09:15;09:30;EUR/MWh;129,53;129,53
30.07.2025;CEST;09:30;09:45;EUR/MWh;119,24;119,24
30.07.2025;CEST;09:45;10:00;EUR/MWh;137,91;137,91
30.07.2025;CEST;10:00;10:15;EUR/MWh;145,93;145,93
30.07.2025;CEST;10:15;10:30;EUR/MWh;125,83;125,83
30.07.2025;CEST;10:30;10:45;EUR/MWh;26,92;26,92
30.07.2025;CEST;10:45;11:00;EUR/MWh;54,23;54,23
30.07.2025;CEST;11:00;11:15;EUR/MWh;79,29;79,29
30.07.2025;CEST;11:15;11:30;EUR/MWh;104,94;104,94
30.07.2025;CEST;11:30;11:45;EUR/MWh;108,34;108,34
30.07.2025;CEST;11:45;12:00;EUR/MWh;104,28;104,28
30.07.2025;CEST;12:00;12:15;EUR/MWh;62,67;62,67
30.07.2025;CEST;12:15;12:30;EUR/MWh;33,05;33,05
30.07.2025;CEST;12:30;12:45;EUR/MWh;9,12;9,12
30.07.2025;CEST;12:45;13:00;EUR/MWh;-10,88;-10,88
30.07.2025;CEST;13:00;13:15;EUR/MWh;-3,52;-3,52
30.07.2025;CEST;13:15;13:30;EUR/MWh;43,98;43,98
30.07.2025;CEST;13:30;13:45;EUR/MWh;27,38;27,38
30.07.2025;CEST;13:45;14:00;EUR/MWh;-1,22;-1,22
30.07.2025;CEST;14:00;14:15;EUR/MWh;15,77;15,77
30.07.2025;CEST;14:15;14:30;EUR/MWh;10,5;10,5
30.07.2025;CEST;14:30;14:45;EUR/MWh;18,82;18,82
30.07.2025;CEST;14:45;15:00;EUR/MWh;15,58;15,58
30.07.2025;CEST;15:00;15:15;EUR/MWh;-1,51;-1,51
30.07.2025;CEST;15:15;15:30;EUR/MWh;8,89;8,89
30.07.2025;CEST;15:30;15:45;EUR/MWh;63,3;63,3
30.07.2025;CEST;15:45;16:00;EUR/MWh;62,46;62,46
30.07.2025;CEST;16:00;16:15;EUR/MWh;77,73;77,73
30.07.2025;CEST;16:15;16:30;EUR/MWh;-1,68;-1,68
30.07.2025;CEST;16:30;16:45;EUR/MWh;43,1;43,1
30.07.2025;CEST;16:45;17:00;EUR/MWh;38,37;38,37
30.07.2025;CEST;17:00;17:15;EUR/MWh;39,27;39,27
30.07.2025;CEST;17:15;17:30;EUR/MWh;16,53;16,53
30.07.2025;CEST;17:30;17:45;EUR/MWh;14,08;14,08
30.07.2025;CEST;17:45;18:00;EUR/MWh;107,8;107,8
30.07.2025;CEST;18:00;18:15;EUR/MWh;105,88;105,88
30.07.2025;CEST;18:15;18:30;EUR/MWh;122,62;122,62
30.07.2025;CEST;18:30;18:45;EUR/MWh;137,3;137,3
30.07.2025;CEST;18:45;19:00;EUR/MWh;125,95;125,95
30.07.2025;CEST;19:00;19:15;EUR/MWh;106,71;106,71
30.07.2025;CEST;19:15;19:30;EUR/MWh;118;118
30.07.2025;CEST;19:30;19:45;EUR/MWh;140,95;140,95
30.07.2025;CEST;19:45;20:00;EUR/MWh;153,45;153,45
30.07.2025;CEST;20:00;20:15;EUR/MWh;123,94;123,94
30.07.2025;CEST;20:15;20:30;EUR/MWh;117,19;117,19
30.07.2025;CEST;20:30;20:45;EUR/MWh;121,46;121,46
30.07.2025;CEST;20:45;21:00;EUR/MWh;102,66;102,66
30.07.2025;CEST;21:00;21:15;EUR/MWh;134,18;134,18
30.07.2025;CEST;21:15;21:30;EUR/MWh;152,05;152,05
30.07.2025;CEST;21:30;21:45;EUR/MWh;152,75;152,75
30.07.2025;CEST;21:45;22:00;EUR/MWh;143,75;143,75
30.07.2025;CEST;22:00;22:15;EUR/MWh;164,39;164,39
30.07.2025;CEST;22:15;22:30;EUR/MWh;142,7;142,7
30.07.2025;CEST;22:30;22:45;EUR/MWh;67,71;67,71
30.07.2025;CEST;22:45;23:00;EUR/MWh;128,08;128,08
30.07.2025;CEST;23:00;23:15;EUR/MWh;113,41;113,41
30.07.2025;CEST;23:15;23:30;EUR/MWh;88,74;88,74
30.07.2025;CEST;23:30;23:45;EUR/MWh;100,31;100,31
30.07.2025;CEST;23:45;00:00;EUR/MWh;62,53;62,53
31.07.2025;CEST;00:00;00:15;EUR/MWh;119,11;119,11
31.07.2025;CEST;00:15;00:30;EUR/MWh;138,24;138,24
31.07.2025;CEST;00:30;00:45;EUR/MWh;126,38;126,38
31.07.2025;CEST;00:45;01:00;EUR/MWh;112,5;112,5
31.07.2025;CEST;01:00;01:15;EUR/MWh;124,05;124,05
31.07.2025;CEST;01:15;01:30;EUR/MWh;96,44;96,44
31.07.2025;CEST;01:30;01:45;EUR/MWh;82,94;82,94
31.07.2025;CEST;01:45;02:00;EUR/MWh;102,88;102,88
31.07.2025;CEST;02:00;02:15;EUR/MWh;93,34;93,34
31.07.2025;CEST;02:15;02:30;EUR/MWh;108,15;108,15
31.07.2025;CEST;02:30;02:45;EUR/MWh;109,51;109,51
31.07.2025;CEST;02:45;03:00;EUR/MWh;90,1;90,1
31.07.2025;CEST;03:00;03:15;EUR/MWh;81,06;81,06
31.07.2025;CEST;03:15;03:30;EUR/MWh;83,1;83,1
31.07.2025;CEST;03:30;03:45;EUR/MWh;88,01;88,01
31.07.2025;CEST;03:45;04:00;EUR/MWh;84,15;84,15
31.07.2025;CEST;04:00;04:15;EUR/MWh;90,13;90,13
31.07.2025;CEST;04:15;04:30;EUR/MWh;93,26;93,26
31.07.2025;CEST;04:30;04:45;EUR/MWh;100,54;100,54
31.07.2025;CEST;04:45;05:00;EUR/MWh;120,85;120,85
31.07.2025;CEST;05:00;05:15;EUR/MWh;113,63;113,63
31.07.2025;CEST;05:15;05:30;EUR/MWh;150,21;150,21
31.07.2025;CEST;05:30;05:45;EUR/MWh;149,25;149,25
31.07.2025;CEST;05:45;06:00;EUR/MWh;152,39;152,39
31.07.2025;CEST;06:00;06:15;EUR/MWh;136,86;136,86
31.07.2025;CEST;06:15;06:30;EUR/MWh;139,34;139,34
31.07.2025;CEST;06:30;06:45;EUR/MWh;114,62;114,62
31.07.2025;CEST;06:45;07:00;EUR/MWh;84,03;84,03
31.07.2025;CEST;07:00;07:15;EUR/MWh;79,34;79,34
31.07.2025;CEST;07:15;07:30;EUR/MWh;73,01;73,01
31.07.2025;CEST;07:30;07:45;EUR/MWh;122,63;122,63
31.07.2025;CEST;07:45;08:00;EUR/MWh;137,31;137,31
31.07.2025;CEST;08:00;08:15;EUR/MWh;299,43;299,43
31.07.2025;CEST;08:15;08:30;EUR/MWh;49,63;49,63
31.07.2025;CEST;08:30;08:45;EUR/MWh;79,52;79,52
31.07.2025;CEST;08:45;09:00;EUR/MWh;61,1;61,1
31.07.2025;CEST;09:00;09:15;EUR/MWh;64,07;64,07
31.07.2025;CEST;09:15;09:30;EUR/MWh;52,8;52,8
31.07.2025;CEST;09:30;09:45;EUR/MWh;62,85;62,85
31.07.2025;CEST;09:45;10:00;EUR/MWh;47,34;47,34
31.07.2025;CEST;10:00;10:15;EUR/MWh;124,37;124,37
31.07.2025;CEST;10:15;10:30;EUR/MWh;110,2;110,2
31.07.2025;CEST;10:30;10:45;EUR/MWh;110,74;110,74
31.07.2025;CEST;10:45;11:00;EUR/MWh;115,74;115,74
31.07.2025;CEST;11:00;11:15;EUR/MWh;125,54;125,54
31.07.2025;CEST;11:15;11:30;EUR/MWh;30,93;30,93
31.07.2025;CEST;11:30;11:45;EUR/MWh;57,25;57,25
31.07.2025;CEST;11:45;12:00;EUR/MWh;43,46;43,46
31.07.2025;CEST;12:00;12:15;EUR/MWh;106,28;106,28
31.07.2025;CEST;12:15;12:30;EUR/MWh;83,97;83,97
31.07.2025;CEST;12:30;12:45;EUR/MWh;164,01;164,01
31.07.2025;CEST;12:45;13:00;EUR/MWh;67,32;67,32
31.07.2025;CEST;13:00;13:15;EUR/MWh;108,66;108,66
31.07.2025;CEST;13:15;13:30;EUR/MWh;32,02;32,02
31.07.2025;CEST;13:30;13:45;EUR/MWh;16,31;16,31
31.07.2025;CEST;13:45;14:00;EUR/MWh;1,02;1,02
31.07.2025;CEST;14:00;14:15;EUR/MWh;1,74;1,74
31.07.2025;CEST;14:15;14:30;EUR/MWh;4,31;4,31
31.07.2025;CEST;14:30;14:45;EUR/MWh;12,77;12,77
31.07.2025;CEST;14:45;15:00;EUR/MWh;-10,12;-10,12
31.07.2025;CEST;15:00;15:15;EUR/MWh;25,34;25,34
31.07.2025;CEST;15:15;15:30;EUR/MWh;0,61;0,61
31.07.2025;CEST;15:30;15:45;EUR/MWh;132,5;132,5
31.07.2025;CEST;15:45;16:00;EUR/MWh;111,08;111,08
31.07.2025;CEST;16:00;16:15;EUR/MWh;69,47;69,47
31.07.2025;CEST;16:15;16:30;EUR/MWh;112,75;112,75
31.07.2025;CEST;16:30;16:45;EUR/MWh;101,08;101,08
31.07.2025;CEST;16:45;17:00;EUR/MWh;126,82;126,82
31.07.2025;CEST;17:00;17:15;EUR/MWh;50,47;50,47
31.07.2025;CEST;17:15;17:30;EUR/MWh;21,18;21,18
31.07.2025;CEST;17:30;17:45;EUR/MWh;85,72;85,72
31.07.2025;CEST;17:45;18:00;EUR/MWh;114,96;114,96
31.07.2025;CEST;18:00;18:15;EUR/MWh;114,96;114,96
31.07.2025;CEST;18:15;18:30;EUR/MWh;143,21;143,21
31.07.2025;CEST;18:30;18:45;EUR/MWh;148,7;148,7
31.07.2025;CEST;18:45;19:00;EUR/MWh;152,4;152,4
31.07.2025;CEST;19:00;19:15;EUR/MWh;18,45;18,45
31.07.2025;CEST;19:15;19:30;EUR/MWh;121,53;121,53
31.07.2025;CEST;19:30;19:45;EUR/MWh;139,02;139,02
31.07.2025;CEST;19:45;20:00;EUR/MWh;158,43;158,43
31.07.2025;CEST;20:00;20:15;EUR/MWh;105,78;105,78
31.07.2025;CEST;20:15;20:30;EUR/MWh;105,9;105,9
31.07.2025;CEST;20:30;20:45;EUR/MWh;112,35;112,35
31.07.2025;CEST;20:45;21:00;EUR/MWh;104,23;104,23
31.07.2025;CEST;21:00;21:15;EUR/MWh;136,37;136,37
31.07.2025;CEST;21:15;21:30;EUR/MWh;151,04;151,04
31.07.2025;CEST;21:30;21:45;EUR/MWh;130,04;130,04
31.07.2025;CEST;21:45;22:00;EUR/MWh;80,41;80,41
31.07.2025;CEST;22:00;22:15;EUR/MWh;97,25;97,25
31.07.2025;CEST;22:15;22:30;EUR/MWh;99,57;99,57
31.07.2025;CEST;22:30;22:45;EUR/MWh;92,74;92,74
31.07.2025;CEST;22:45;23:00;EUR/MWh;107,52;107,52
31.07.2025;CEST;23:00;23:15;EUR/MWh;130,99;130,99
31.07.2025;CEST;23:15;23:30;EUR/MWh;98,06;98,06
31.07.2025;CEST;23:30;23:45;EUR/MWh;94,51;94,51
31.07.2025;CEST;23:45;00:00;EUR/MWh;87,54;87,54
01.08.2025;CEST;00:00;00:15;EUR/MWh;74,1;74,1
01.08.2025;CEST;00:15;00:30;EUR/MWh;81,62;81,62
01.08.2025;CEST;00:30;00:45;EUR/MWh;116,49;116,49
01.08.2025;CEST;00:45;01:00;EUR/MWh;119,11;119,11
01.08.2025;CEST;01:00;01:15;EUR/MWh;154,31;154,31
01.08.2025;CEST;01:15;01:30;EUR/MWh;171,78;171,78
01.08.2025;CEST;01:30;01:45;EUR/MWh;158,13;158,13
01.08.2025;CEST;01:45;02:00;EUR/MWh;155,91;155,91
01.08.2025;CEST;02:00;02:15;EUR/MWh;139,74;139,74
01.08.2025;CEST;02:15;02:30;EUR/MWh;135,81;135,81
01.08.2025;CEST;02:30;02:45;EUR/MWh;123,27;123,27
01.08.2025;CEST;02:45;03:00;EUR/MWh;131,56;131,56
01.08.2025;CEST;03:00;03:15;EUR/MWh;117,7;117,7
01.08.2025;CEST;03:15;03:30;EUR/MWh;137,19;137,19
01.08.2025;CEST;03:30;03:45;EUR/MWh;145,56;145,56
01.08.2025;CEST;03:45;04:00;EUR/MWh;138,36;138,36
01.08.2025;CEST;04:00;04:15;EUR/MWh;135,71;135,71
01.08.2025;CEST;04:15;04:30;EUR/MWh;97,78;97,78
01.08.2025;CEST;04:30;04:45;EUR/MWh;95,04;95,04
01.08.2025;CEST;04:45;05:00;EUR/MWh;76,11;76,11
01.08.2025;CEST;05:00;05:15;EUR/MWh;78,98;78,98
01.08.2025;CEST;05:15;05:30;EUR/MWh;58,03;58,03
01.08.2025;CEST;05:30;05:45;EUR/MWh;53,12;53,12
01.08.2025;CEST;05:45;06:00;EUR/MWh;60,39;60,39
01.08.2025;CEST;06:00;06:15;EUR/MWh;94,53;94,53
01.08.2025;CEST;06:15;06:30;EUR/MWh;107,46;107,46
01.08.2025;CEST;06:30;06:45;EUR/MWh;146,7;146,7
01.08.2025;CEST;06:45;07:00;EUR/MWh;143,35;143,35
01.08.2025;CEST;07:00;07:15;EUR/MWh;51,93;51,93
01.08.2025;CEST;07:15;07:30;EUR/MWh;39,9;39,9
01.08.2025;CEST;07:30;07:45;EUR/MWh;76,94;76,94
01.08.2025;CEST;07:45;08:00;EUR/MWh;109,7;109,7
01.08.2025;CEST;08:00;08:15;EUR/MWh;98,21;98,21
01.08.2025;CEST;08:15;08:30;EUR/MWh;90,68;90,68
01.08.2025;CEST;08:30;08:45;EUR/MWh;78,4;78,4
01.08.2025;CEST;08:45;09:00;EUR/MWh;69,02;69,02
01.08.2025;CEST;09:00;09:15;EUR/MWh;125,14;125,14
01.08.2025;CEST;09:15;09:30;EUR/MWh;34,39;34,39
01.08.2025;CEST;09:30;09:45;EUR/MWh;-4,06;-4,06
01.08.2025;CEST;09:45;10:00;EUR/MWh;0,3;0,3
01.08.2025;CEST;10:00;10:15;EUR/MWh;47,02;47,02
01.08.2025;CEST;10:15;10:30;EUR/MWh;51,54;51,54
01.08.2025;CEST;10:30;10:45;EUR/MWh;33,02;33,02
01.08.2025;CEST;10:45;11:00;EUR/MWh;29,64;29,64
01.08.2025;CEST;11:00;11:15;EUR/MWh;85,29;85,29
01.08.2025;CEST;11:15;11:30;EUR/MWh;44,13;44,13
01.08.2025;CEST;11:30;11:45;EUR/MWh;34,36;34,36
01.08.2025;CEST;11:45;12:00;EUR/MWh;4,69;4,69
01.08.2025;CEST;12:00;12:15;EUR/MWh;48,51;48,51
01.08.2025;CEST;12:15;12:30;EUR/MWh;-5,85;-5,85
01.08.2025;CEST;12:30;12:45;EUR/MWh;-10,66;-10,66
01.08.2025;CEST;12:45;13:00;EUR/MWh;-10,29;-10,29
01.08.2025;CEST;13:00;13:15;EUR/MWh;5,68;5,68
01.08.2025;CEST;13:15;13:30;EUR/MWh;10,38;10,38
01.08.2025;CEST;13:30;13:45;EUR/MWh;3,22;3,22
01.08.2025;CEST;13:45;14:00;EUR/MWh;0;0
01.08.2025;CEST;14:00;14:15;EUR/MWh;-1,43;-1,43
01.08.2025;CEST;14:15;14:30;EUR/MWh;-21,07;-21,07
01.08.2025;CEST;14:30;14:45;EUR/MWh;-9,04;-9,04
01.08.2025;CEST;14:45;15:00;EUR/MWh;-2,59;-2,59
01.08.2025;CEST;15:00;15:15;EUR/MWh;-21,03;-21,03
01.08.2025;CEST;15:15;15:30;EUR/MWh;-20,67;-20,67
01.08.2025;CEST;15:30;15:45;EUR/MWh;-15,71;-15,71
01.08.2025;CEST;15:45;16:00;EUR/MWh;-21,08;-21,08
01.08.2025;CEST;16:00;16:15;EUR/MWh;-15,38;-15,38
01.08.2025;CEST;16:15;16:30;EUR/MWh;-7,66;-7,66
01.08.2025;CEST;16:30;16:45;EUR/MWh;22,68;22,68
01.08.2025;CEST;16:45;17:00;EUR/MWh;37,58;37,58
01.08.2025;CEST;17:00;17:15;EUR/MWh;102,59;102,59
01.08.2025;CEST;17:15;17:30;EUR/MWh;117,37;117,37
01.08.2025;CEST;17:30;17:45;EUR/MWh;145,83;145,83
01.08.2025;CEST;17:45;18:00;EUR/MWh;317,24;317,24
01.08.2025;CEST;18:00;18:15;EUR/MWh;24,56;24,56
01.08.2025;CEST;18:15;18:30;EUR/MWh;36,45;36,45
01.08.2025;CEST;18:30;18:45;EUR/MWh;16,05;16,05
01.08.2025;CEST;18:45;19:00;EUR/MWh;20,83;20,83
01.08.2025;CEST;19:00;19:15;EUR/MWh;65,57;65,57
01.08.2025;CEST;19:15;19:30;EUR/MWh;96,2;96,2
01.08.2025;CEST;19:30;19:45;EUR/MWh;9,31;9,31
01.08.2025;CEST;19:45;20:00;EUR/MWh;58,87;58,87
01.08.2025;CEST;20:00;20:15;EUR/MWh;77,52;77,52
01.08.2025;CEST;20:15;20:30;EUR/MWh;108,29;108,29
01.08.2025;CEST;20:30;20:45;EUR/MWh;136,22;136,22
01.08.2025;CEST;20:45;21:00;EUR/MWh;98,04;98,04
01.08.2025;CEST;21:00;21:15;EUR/MWh;97,48;97,48
01.08.2025;CEST;21:15;21:30;EUR/MWh;127,56;127,56
01.08.2025;CEST;21:30;21:45;EUR/MWh;116,52;116,52
01.08.2025;CEST;21:45;22:00;EUR/MWh;106,58;106,58
01.08.2025;CEST;22:00;22:15;EUR/MWh;101,87;101,87
01.08.2025;CEST;22:15;22:30;EUR/MWh;88,71;88,71
01.08.2025;CEST;22:30;22:45;EUR/MWh;62,6;62,6
01.08.2025;CEST;22:45;23:00;EUR/MWh;64,82;64,82
01.08.2025;CEST;23:00;23:15;EUR/MWh;106,99;106,99
01.08.2025;CEST;23:15;23:30;EUR/MWh;126,97;126,97
01.08.2025;CEST;23:30;23:45;EUR/MWh;97,08;97,08
01.08.2025;CEST;23:45;00:00;EUR/MWh;75,95;75,95
02.08.2025;CEST;00:00;00:15;EUR/MWh;94,79;94,79
02.08.2025;CEST;00:15;00:30;EUR/MWh;67,7;67,7
02.08.2025;CEST;00:30;00:45;EUR/MWh;76,72;76,72
02.08.2025;CEST;00:45;01:00;EUR/MWh;76,33;76,33
02.08.2025;CEST;01:00;01:15;EUR/MWh;68,62;68,62
02.08.2025;CEST;01:15;01:30;EUR/MWh;54,27;54,27
02.08.2025;CEST;01:30;01:45;EUR/MWh;56,94;56,94
02.08.2025;CEST;01:45;02:00;EUR/MWh;62,83;62,83
02.08.2025;CEST;02:00;02:15;EUR/MWh;97,18;97,18
02.08.2025;CEST;02:15;02:30;EUR/MWh;115,07;115,07
02.08.2025;CEST;02:30;02:45;EUR/MWh;119,15;119,15
02.08.2025;CEST;02:45;03:00;EUR/MWh;45,92;45,92
02.08.2025;CEST;03:00;03:15;EUR/MWh;82,6;82,6
02.08.2025;CEST;03:15;03:30;EUR/MWh;82,01;82,01
02.08.2025;CEST;03:30;03:45;EUR/MWh;87,03;87,03
02.08.2025;CEST;03:45;04:00;EUR/MWh;66,33;66,33
02.08.2025;CEST;04:00;04:15;EUR/MWh;48,03;48,03
02.08.2025;CEST;04:15;04:30;EUR/MWh;57,55;57,55
02.08.2025;CEST;04:30;04:45;EUR/MWh;33,83;33,83
02.08.2025;CEST;04:45;05:00;EUR/MWh;34;34
02.08.2025;CEST;05:00;05:15;EUR/MWh;95,12;95,12
02.08.2025;CEST;05:15;05:30;EUR/MWh;105,2;105,2
02.08.2025;CEST;05:30;05:45;EUR/MWh;115,93;115,93
02.08.2025;CEST;05:45;06:00;EUR/MWh;126,34;126,34
02.08.2025;CEST;06:00;06:15;EUR/MWh;68,24;68,24
02.08.2025;CEST;06:15;06:30;EUR/MWh;84,29;84,29
02.08.2025;CEST;06:30;06:45;EUR/MWh;37,55;37,55
02.08.2025;CEST;06:45;07:00;EUR/MWh;35,97;35,97
02.08.2025;CEST;07:00;07:15;EUR/MWh;87,67;87,67
02.08.2025;CEST;07:15;07:30;EUR/MWh;86,59;86,59
02.08.2025;CEST;07:30;07:45;EUR/MWh;72,77;72,77
02.08.2025;CEST;07:45;08:00;EUR/MWh;61,29;61,29
02.08.2025;CEST;08:00;08:15;EUR/MWh;73,22;73,22
02.08.2025;CEST;08:15;08:30;EUR/MWh;53,12;53,12
02.08.2025;CEST;08:30;08:45;EUR/MWh;21,45;21,45
02.08.2025;CEST;08:45;09:00;EUR/MWh;15,4;15,4
02.08.2025;CEST;09:00;09:15;EUR/MWh;101,82;101,82
02.08.2025;CEST;09:15;09:30;EUR/MWh;99,96;99,96
02.08.2025;CEST;09:30;09:45;EUR/MWh;4,8;4,8
02.08.2025;CEST;09:45;10:00;EUR/MWh;17,18;17,18
02.08.2025;CEST;10:00;10:15;EUR/MWh;58,72;58,72
02.08.2025;CEST;10:15;10:30;EUR/MWh;67,49;67,49
02.08.2025;CEST;10:30;10:45;EUR/MWh;1,4;1,4
02.08.2025;CEST;10:45;11:00;EUR/MWh;-5,97;-5,97
02.08.2025;CEST;11:00;11:15;EUR/MWh;18,52;18,52
02.08.2025;CEST;11:15;11:30;EUR/MWh;6,13;6,13
02.08.2025;CEST;11:30;11:45;EUR/MWh;-5,47;-5,47
02.08.2025;CEST;11:45;12:00;EUR/MWh;2,02;2,02
02.08.2025;CEST;12:00;12:15;EUR/MWh;15,58;15,58
02.08.2025;CEST;12:15;12:30;EUR/MWh;2,87;2,87
02.08.2025;CEST;12:30;12:45;EUR/MWh;-15,44;-15,44
02.08.2025;CEST;12:45;13:00;EUR/MWh;-16,72;-16,72
02.08.2025;CEST;13:00;13:15;EUR/MWh;-9,8;-9,8
02.08.2025;CEST;13:15;13:30;EUR/MWh;-18,54;-18,54
02.08.2025;CEST;13:30;13:45;EUR/MWh;-25,01;-25,01
02.08.2025;CEST;13:45;14:00;EUR/MWh;-31,43;-31,43
02.08.2025;CEST;14:00;14:15;EUR/MWh;-29,91;-29,91
02.08.2025;CEST;14:15;14:30;EUR/MWh;-36,71;-36,71
02.08.2025;CEST;14:30;14:45;EUR/MWh;-39,78;-39,78
02.08.2025;CEST;14:45;15:00;EUR/MWh;-37,71;-37,71
02.08.2025;CEST;15:00;15:15;EUR/MWh;-28,48;-28,48
02.08.2025;CEST;15:15;15:30;EUR/MWh;-27,59;-27,59
02.08.2025;CEST;15:30;15:45;EUR/MWh;-17,46;-17,46
02.08.2025;CEST;15:45;16:00;EUR/MWh;-19,34;-19,34
02.08.2025;CEST;16:00;16:15;EUR/MWh;36,58;36,58
02.08.2025;CEST;16:15;16:30;EUR/MWh;51,89;51,89
02.08.2025;CEST;16:30;16:45;EUR/MWh;14,27;14,27
02.08.2025;CEST;16:45;17:00;EUR/MWh;58,25;58,25
02.08.2025;CEST;17:00;17:15;EUR/MWh;-46,68;-46,68
02.08.2025;CEST;17:15;17:30;EUR/MWh;117,43;117,43
02.08.2025;CEST;17:30;17:45;EUR/MWh;114,47;114,47
02.08.2025;CEST;17:45;18:00;EUR/MWh;-12,7;-12,7
02.08.2025;CEST;18:00;18:15;EUR/MWh;16,52;16,52
02.08.2025;CEST;18:15;18:30;EUR/MWh;23,64;23,64
02.08.2025;CEST;18:30;18:45;EUR/MWh;108,79;108,79
02.08.2025;CEST;18:45;19:00;EUR/MWh;116,9;116,9
02.08.2025;CEST;19:00;19:15;EUR/MWh;131,74;131,74
02.08.2025;CEST;19:15;19:30;EUR/MWh;107,51;107,51
02.08.2025;CEST;19:30;19:45;EUR/MWh;100,17;100,17
02.08.2025;CEST;19:45;20:00;EUR/MWh;101,58;101,58
02.08.2025;CEST;20:00;20:15;EUR/MWh;89,24;89,24
02.08.2025;CEST;20:15;20:30;EUR/MWh;102,37;102,37
02.08.2025;CEST;20:30;20:45;EUR/MWh;123,98;123,98
02.08.2025;CEST;20:45;21:00;EUR/MWh;87,43;87,43
02.08.2025;CEST;21:00;21:15;EUR/MWh;185,79;185,79
02.08.2025;CEST;21:15;21:30;EUR/MWh;194,9;194,9
02.08.2025;CEST;21:30;21:45;EUR/MWh;144,55;144,55
02.08.2025;CEST;21:45;22:00;EUR/MWh;203,15;203,15
02.08.2025;CEST;22:00;22:15;EUR/MWh;203,59;203,59
02.08.2025;CEST;22:15;22:30;EUR/MWh;108,97;108,97
02.08.2025;CEST;22:30;22:45;EUR/MWh;78,26;78,26
02.08.2025;CEST;22:45;23:00;EUR/MWh;63,69;63,69
02.08.2025;CEST;23:00;23:15;EUR/MWh;59,57;59,57
02.08.2025;CEST;23:15;23:30;EUR/MWh;48,28;48,28
02.08.2025;CEST;23:30;23:45;EUR/MWh;64,71;64,71
02.08.2025;CEST;23:45;00:00;EUR/MWh;50,95;50,95
03.08.2025;CEST;00:00;00:15;EUR/MWh;39,84;39,84
03.08.2025;CEST;00:15;00:30;EUR/MWh;23,99;23,99
03.08.2025;CEST;00:30;00:45;EUR/MWh;103,84;103,84
03.08.2025;CEST;00:45;01:00;EUR/MWh;10,55;10,55
03.08.2025;CEST;01:00;01:15;EUR/MWh;94,91;94,91
03.08.2025;CEST;01:15;01:30;EUR/MWh;83,04;83,04
03.08.2025;CEST;01:30;01:45;EUR/MWh;100,21;100,21
03.08.2025;CEST;01:45;02:00;EUR/MWh;75,46;75,46
03.08.2025;CEST;02:00;02:15;EUR/MWh;73,95;73,95
03.08.2025;CEST;02:15;02:30;EUR/MWh;44,33;44,33
03.08.2025;CEST;02:30;02:45;EUR/MWh;32,82;32,82
03.08.2025;CEST;02:45;03:00;EUR/MWh;38,16;38,16
03.08.2025;CEST;03:00;03:15;EUR/MWh;37,55;37,55
03.08.2025;CEST;03:15;03:30;EUR/MWh;26,82;26,82
03.08.2025;CEST;03:30;03:45;EUR/MWh;30,45;30,45
03.08.2025;CEST;03:45;04:00;EUR/MWh;27,56;27,56
03.08.2025;CEST;04:00;04:15;EUR/MWh;24,41;24,41
03.08.2025;CEST;04:15;04:30;EUR/MWh;19,79;19,79
03.08.2025;CEST;04:30;04:45;EUR/MWh;33,65;33,65
03.08.2025;CEST;04:45;05:00;EUR/MWh;31,27;31,27
03.08.2025;CEST;05:00;05:15;EUR/MWh;40,75;40,75
03.08.2025;CEST;05:15;05:30;EUR/MWh;39,7;39,7
03.08.2025;CEST;05:30;05:45;EUR/MWh;70,41;70,41
03.08.2025;CEST;05:45;06:00;EUR/MWh;77,89;77,89
03.08.2025;CEST;06:00;06:15;EUR/MWh;32,13;32,13
03.08.2025;CEST;06:15;06:30;EUR/MWh;47,94;47,94
03.08.2025;CEST;06:30;06:45;EUR/MWh;47,92;47,92
03.08.2025;CEST;06:45;07:00;EUR/MWh;34,9;34,9
03.08.2025;CEST;07:00;07:15;EUR/MWh;28,29;28,29
03.08.2025;CEST;07:15;07:30;EUR/MWh;23,73;23,73
03.08.2025;CEST;07:30;07:45;EUR/MWh;30,91;30,91
03.08.2025;CEST;07:45;08:00;EUR/MWh;20,93;20,93
03.08.2025;CEST;08:00;08:15;EUR/MWh;60,17;60,17
03.08.2025;CEST;08:15;08:30;EUR/MWh;21,93;21,93
03.08.2025;CEST;08:30;08:45;EUR/MWh;5,59;5,59
03.08.2025;CEST;08:45;09:00;EUR/MWh;-5,87;-5,87
03.08.2025;CEST;09:00;09:15;EUR/MWh;55,44;55,44
03.08.2025;CEST;09:15;09:30;EUR/MWh;66,91;66,91
03.08.2025;CEST;09:30;09:45;EUR/MWh;31,48;31,48
03.08.2025;CEST;09:45;10:00;EUR/MWh;-8,58;-8,58
03.08.2025;CEST;10:00;10:15;EUR/MWh;-13,67;-13,67
03.08.2025;CEST;10:15;10:30;EUR/MWh;1,18;1,18
03.08.2025;CEST;10:30;10:45;EUR/MWh;6,73;6,73
03.08.2025;CEST;10:45;11:00;EUR/MWh;-0,43;-0,43
03.08.2025;CEST;11:00;11:15;EUR/MWh;0,19;0,19
03.08.2025;CEST;11:15;11:30;EUR/MWh;-0,36;-0,36
03.08.2025;CEST;11:30;11:45;EUR/MWh;9,2;9,2
03.08.2025;CEST;11:45;12:00;EUR/MWh;-4,97;-4,97
03.08.2025;CEST;12:00;12:15;EUR/MWh;-15,64;-15,64
03.08.2025;CEST;12:15;12:30;EUR/MWh;-5,73;-5,73
03.08.2025;CEST;12:30;12:45;EUR/MWh;1,54;1,54
03.08.2025;CEST;12:45;13:00;EUR/MWh;-4,71;-4,71
03.08.2025;CEST;13:00;13:15;EUR/MWh;13,98;13,98
03.08.2025;CEST;13:15;13:30;EUR/MWh;6,12;6,12
03.08.2025;CEST;13:30;13:45;EUR/MWh;-3,96;-3,96
03.08.2025;CEST;13:45;14:00;EUR/MWh;-0,91;-0,91
03.08.2025;CEST;14:00;14:15;EUR/MWh;43,07;43,07
03.08.2025;CEST;14:15;14:30;EUR/MWh;60,57;60,57
03.08.2025;CEST;14:30;14:45;EUR/MWh;53,48;53,48
03.08.2025;CEST;14:45;15:00;EUR/MWh;1,28;1,28
03.08.2025;CEST;15:00;15:15;EUR/MWh;-1,72;-1,72
03.08.2025;CEST;15:15;15:30;EUR/MWh;-5,32;-5,32
03.08.2025;CEST;15:30;15:45;EUR/MWh;39,31;39,31
03.08.2025;CEST;15:45;16:00;EUR/MWh;52,46;52,46
03.08.2025;CEST;16:00;16:15;EUR/MWh;-3,04;-3,04
03.08.2025;CEST;16:15;16:30;EUR/MWh;-1,49;-1,49
03.08.2025;CEST;16:30;16:45;EUR/MWh;-2,95;-2,95
03.08.2025;CEST;16:45;17:00;EUR/MWh;73,79;73,79
03.08.2025;CEST;17:00;17:15;EUR/MWh;-1,85;-1,85
03.08.2025;CEST;17:15;17:30;EUR/MWh;0,22;0,22
03.08.2025;CEST;17:30;17:45;EUR/MWh;28,07;28,07
03.08.2025;CEST;17:45;18:00;EUR/MWh;16,11;16,11
03.08.2025;CEST;18:00;18:15;EUR/MWh;-21,97;-21,97
03.08.2025;CEST;18:15;18:30;EUR/MWh;-13,41;-13,41
03.08.2025;CEST;18:30;18:45;EUR/MWh;2,35;2,35
03.08.2025;CEST;18:45;19:00;EUR/MWh;6,62;6,62
03.08.2025;CEST;19:00;19:15;EUR/MWh;25,4;25,4
03.08.2025;CEST;19:15;19:30;EUR/MWh;84,93;84,93
03.08.2025;CEST;19:30;19:45;EUR/MWh;100,56;100,56
03.08.2025;CEST;19:45;20:00;EUR/MWh;99,85;99,85
03.08.2025;CEST;20:00;20:15;EUR/MWh;102,41;102,41
03.08.2025;CEST;20:15;20:30;EUR/MWh;110,8;110,8
03.08.2025;CEST;20:30;20:45;EUR/MWh;102,5;102,5
03.08.2025;CEST;20:45;21:00;EUR/MWh;95,53;95,53
03.08.2025;CEST;21:00;21:15;EUR/MWh;108,45;108,45
03.08.2025;CEST;21:15;21:30;EUR/MWh;82,25;82,25
03.08.2025;CEST;21:30;21:45;EUR/MWh;75,38;75,38
03.08.2025;CEST;21:45;22:00;EUR/MWh;75,29;75,29
03.08.2025;CEST;22:00;22:15;EUR/MWh;101,38;101,38
03.08.2025;CEST;22:15;22:30;EUR/MWh;115,21;115,21
03.08.2025;CEST;22:30;22:45;EUR/MWh;123,76;123,76
03.08.2025;CEST;22:45;23:00;EUR/MWh;123,33;123,33
03.08.2025;CEST;23:00;23:15;EUR/MWh;118,14;118,14
03.08.2025;CEST;23:15;23:30;EUR/MWh;79,23;79,23
03.08.2025;CEST;23:30;23:45;EUR/MWh;96,21;96,21
03.08.2025;CEST;23:45;00:00;EUR/MWh;44,96;44,96
04.08.2025;CEST;00:00;00:15;EUR/MWh;31,9;31,9
04.08.2025;CEST;00:15;00:30;EUR/MWh;-76,22;-76,22
04.08.2025;CEST;00:30;00:45;EUR/MWh;-20,76;-20,76
04.08.2025;CEST;00:45;01:00;EUR/MWh;-5,59;-5,59
04.08.2025;CEST;01:00;01:15;EUR/MWh;38,22;38,22
04.08.2025;CEST;01:15;01:30;EUR/MWh;80,06;80,06
04.08.2025;CEST;01:30;01:45;EUR/MWh;105,83;105,83
04.08.2025;CEST;01:45;02:00;EUR/MWh;73,68;73,68
04.08.2025;CEST;02:00;02:15;EUR/MWh;15,48;15,48
04.08.2025;CEST;02:15;02:30;EUR/MWh;48,59;48,59
04.08.2025;CEST;02:30;02:45;EUR/MWh;55,12;55,12
04.08.2025;CEST;02:45;03:00;EUR/MWh;54,72;54,72
04.08.2025;CEST;03:00;03:15;EUR/MWh;60,78;60,78
04.08.2025;CEST;03:15;03:30;EUR/MWh;69,89;69,89
04.08.2025;CEST;03:30;03:45;EUR/MWh;73,27;73,27
04.08.2025;CEST;03:45;04:00;EUR/MWh;65,78;65,78
04.08.2025;CEST;04:00;04:15;EUR/MWh;51,32;51,32
04.08.2025;CEST;04:15;04:30;EUR/MWh;50,65;50,65
04.08.2025;CEST;04:30;04:45;EUR/MWh;85,56;85,56
04.08.2025;CEST;04:45;05:00;EUR/MWh;0,64;0,64
04.08.2025;CEST;05:00;05:15;EUR/MWh;20,87;20,87
04.08.2025;CEST;05:15;05:30;EUR/MWh;29,88;29,88
04.08.2025;CEST;05:30;05:45;EUR/MWh;77,77;77,77
04.08.2025;CEST;05:45;06:00;EUR/MWh;84,67;84,67
04.08.2025;CEST;06:00;06:15;EUR/MWh;10,76;10,76
04.08.2025;CEST;06:15;06:30;EUR/MWh;34,43;34,43
04.08.2025;CEST;06:30;06:45;EUR/MWh;65,19;65,19
04.08.2025;CEST;06:45;07:00;EUR/MWh;68,01;68,01
04.08.2025;CEST;07:00;07:15;EUR/MWh;65,42;65,42
04.08.2025;CEST;07:15;07:30;EUR/MWh;74,06;74,06
04.08.2025;CEST;07:30;07:45;EUR/MWh;75,97;75,97
04.08.2025;CEST;07:45;08:00;EUR/MWh;48,76;48,76
04.08.2025;CEST;08:00;08:15;EUR/MWh;77,81;77,81
04.08.2025;CEST;08:15;08:30;EUR/MWh;71,45;71,45
04.08.2025;CEST;08:30;08:45;EUR/MWh;62,33;62,33
04.08.2025;CEST;08:45;09:00;EUR/MWh;52,38;52,38
04.08.2025;CEST;09:00;09:15;EUR/MWh;63,11;63,11
04.08.2025;CEST;09:15;09:30;EUR/MWh;39,46;39,46
04.08.2025;CEST;09:30;09:45;EUR/MWh;24,35;24,35
04.08.2025;CEST;09:45;10:00;EUR/MWh;20,44;20,44
04.08.2025;CEST;10:00;10:15;EUR/MWh;103,13;103,13
04.08.2025;CEST;10:15;10:30;EUR/MWh;51,71;51,71
04.08.2025;CEST;10:30;10:45;EUR/MWh;26,53;26,53
04.08.2025;CEST;10:45;11:00;EUR/MWh;104,77;104,77
04.08.2025;CEST;11:00;11:15;EUR/MWh;33,85;33,85
04.08.2025;CEST;11:15;11:30;EUR/MWh;48,62;48,62
04.08.2025;CEST;11:30;11:45;EUR/MWh;41,26;41,26
04.08.2025;CEST;11:45;12:00;EUR/MWh;16,19;16,19
04.08.2025;CEST;12:00;12:15;EUR/MWh;12,98;12,98
04.08.2025;CEST;12:15;12:30;EUR/MWh;-8,03;-8,03
04.08.2025;CEST;12:30;12:45;EUR/MWh;-19,29;-19,29
04.08.2025;CEST;12:45;13:00;EUR/MWh;-28,74;-28,74
04.08.2025;CEST;13:00;13:15;EUR/MWh;78,56;78,56
04.08.2025;CEST;13:15;13:30;EUR/MWh;2,78;2,78
04.08.2025;CEST;13:30;13:45;EUR/MWh;-12,4;-12,4
04.08.2025;CEST;13:45;14:00;EUR/MWh;-24,59;-24,59
04.08.2025;CEST;14:00;14:15;EUR/MWh;7,19;7,19
04.08.2025;CEST;14:15;14:30;EUR/MWh;-12,54;-12,54
04.08.2025;CEST;14:30;14:45;EUR/MWh;-18,89;-18,89
04.08.2025;CEST;14:45;15:00;EUR/MWh;-30,55;-30,55
04.08.2025;CEST;15:00;15:15;EUR/MWh;-23,9;-23,9
04.08.2025;CEST;15:15;15:30;EUR/MWh;-20,91;-20,91
04.08.2025;CEST;15:30;15:45;EUR/MWh;-36,75;-36,75
04.08.2025;CEST;15:45;16:00;EUR/MWh;-30,63;-30,63
04.08.2025;CEST;16:00;16:15;EUR/MWh;-8,41;-8,41
04.08.2025;CEST;16:15;16:30;EUR/MWh;89,44;89,44
04.08.2025;CEST;16:30;16:45;EUR/MWh;95,5;95,5
04.08.2025;CEST;16:45;17:00;EUR/MWh;69,17;69,17
04.08.2025;CEST;17:00;17:15;EUR/MWh;85,83;85,83
04.08.2025;CEST;17:15;17:30;EUR/MWh;96,13;96,13
04.08.2025;CEST;17:30;17:45;EUR/MWh;125,7;125,7
04.08.2025;CEST;17:45;18:00;EUR/MWh;25;25
04.08.2025;CEST;18:00;18:15;EUR/MWh;-8,35;-8,35
04.08.2025;CEST;18:15;18:30;EUR/MWh;-1,51;-1,51
04.08.2025;CEST;18:30;18:45;EUR/MWh;41,95;41,95
04.08.2025;CEST;18:45;19:00;EUR/MWh;44,89;44,89
04.08.2025;CEST;19:00;19:15;EUR/MWh;42,09;42,09
04.08.2025;CEST;19:15;19:30;EUR/MWh;72,15;72,15
04.08.2025;CEST;19:30;19:45;EUR/MWh;114,66;114,66
04.08.2025;CEST;19:45;20:00;EUR/MWh;138,92;138,92
04.08.2025;CEST;20:00;20:15;EUR/MWh;156,72;156,72
04.08.2025;CEST;20:15;20:30;EUR/MWh;72,18;72,18
04.08.2025;CEST;20:30;20:45;EUR/MWh;25,52;25,52
04.08.2025;CEST;20:45;21:00;EUR/MWh;-17,88;-17,88
04.08.2025;CEST;21:00;21:15;EUR/MWh;66,37;66,37
04.08.2025;CEST;21:15;21:30;EUR/MWh;49,93;49,93
04.08.2025;CEST;21:30;21:45;EUR/MWh;-8,38;-8,38
04.08.2025;CEST;21:45;22:00;EUR/MWh;-34,79;-34,79
04.08.2025;CEST;22:00;22:15;EUR/MWh;92,74;92,74
04.08.2025;CEST;22:15;22:30;EUR/MWh;-12,32;-12,32
04.08.2025;CEST;22:30;22:45;EUR/MWh;-53,61;-53,61
04.08.2025;CEST;22:45;23:00;EUR/MWh;-33,51;-33,51
04.08.2025;CEST;23:00;23:15;EUR/MWh;42,78;42,78
04.08.2025;CEST;23:15;23:30;EUR/MWh;40,54;40,54
04.08.2025;CEST;23:30;23:45;EUR/MWh;35,29;35,29
04.08.2025;CEST;23:45;00:00;EUR/MWh;46,57;46,57
05.08.2025;CEST;00:00;00:15;EUR/MWh;67,38;67,38
05.08.2025;CEST;00:15;00:30;EUR/MWh;130,48;130,48
05.08.2025;CEST;00:30;00:45;EUR/MWh;5,04;5,04
05.08.2025;CEST;00:45;01:00;EUR/MWh;16,88;16,88
05.08.2025;CEST;01:00;01:15;EUR/MWh;32,81;32,81
05.08.2025;CEST;01:15;01:30;EUR/MWh;22,65;22,65
05.08.2025;CEST;01:30;01:45;EUR/MWh;24,05;24,05
05.08.2025;CEST;01:45;02:00;EUR/MWh;19,71;19,71
05.08.2025;CEST;02:00;02:15;EUR/MWh;-15,3;-15,3
05.08.2025;CEST;02:15;02:30;EUR/MWh;5,75;5,75
05.08.2025;CEST;02:30;02:45;EUR/MWh;7,81;7,81
05.08.2025;CEST;02:45;03:00;EUR/MWh;0,56;0,56
05.08.2025;CEST;03:00;03:15;EUR/MWh;30,79;30,79
05.08.2025;CEST;03:15;03:30;EUR/MWh;20,16;20,16
05.08.2025;CEST;03:30;03:45;EUR/MWh;22,84;22,84
05.08.2025;CEST;03:45;04:00;EUR/MWh;44,16;44,16
05.08.2025;CEST;04:00;04:15;EUR/MWh;-8,55;-8,55
05.08.2025;CEST;04:15;04:30;EUR/MWh;40,38;40,38
05.08.2025;CEST;04:30;04:45;EUR/MWh;44,64;44,64
05.08.2025;CEST;04:45;05:00;EUR/MWh;55,99;55,99
05.08.2025;CEST;05:00;05:15;EUR/MWh;79,24;79,24
05.08.2025;CEST;05:15;05:30;EUR/MWh;88,41;88,41
05.08.2025;CEST;05:30;05:45;EUR/MWh;101,96;101,96
05.08.2025;CEST;05:45;06:00;EUR/MWh;87,96;87,96
05.08.2025;CEST;06:00;06:15;EUR/MWh;57,98;57,98
05.08.2025;CEST;06:15;06:30;EUR/MWh;97,94;97,94
05.08.2025;CEST;06:30;06:45;EUR/MWh;91,49;91,49
05.08.2025;CEST;06:45;07:00;EUR/MWh;92,1;92,1
05.08.2025;CEST;07:00;07:15;EUR/MWh;93,42;93,42
05.08.2025;CEST;07:15;07:30;EUR/MWh;91,9;91,9
05.08.2025;CEST;07:30;07:45;EUR/MWh;83,43;83,43
05.08.2025;CEST;07:45;08:00;EUR/MWh;51,56;51,56
05.08.2025;CEST;08:00;08:15;EUR/MWh;85,81;85,81
05.08.2025;CEST;08:15;08:30;EUR/MWh;92,81;92,81
05.08.2025;CEST;08:30;08:45;EUR/MWh;83,99;83,99
05.08.2025;CEST;08:45;09:00;EUR/MWh;80,04;80,04
05.08.2025;CEST;09:00;09:15;EUR/MWh;87,69;87,69
05.08.2025;CEST;09:15;09:30;EUR/MWh;572,96;572,96
05.08.2025;CEST;09:30;09:45;EUR/MWh;384,93;384,93
05.08.2025;CEST;09:45;10:00;EUR/MWh;81,59;81,59
05.08.2025;CEST;10:00;10:15;EUR/MWh;59,4;59,4
05.08.2025;CEST;10:15;10:30;EUR/MWh;35,09;35,09
05.08.2025;CEST;10:30;10:45;EUR/MWh;43,47;43,47
05.08.2025;CEST;10:45;11:00;EUR/MWh;15,09;15,09
05.08.2025;CEST;11:00;11:15;EUR/MWh;73,31;73,31
05.08.2025;CEST;11:15;11:30;EUR/MWh;181,95;181,95
05.08.2025;CEST;11:30;11:45;EUR/MWh;103,36;103,36
05.08.2025;CEST;11:45;12:00;EUR/MWh;32,86;32,86
05.08.2025;CEST;12:00;12:15;EUR/MWh;-1,22;-1,22
05.08.2025;CEST;12:15;12:30;EUR/MWh;61,9;61,9
05.08.2025;CEST;12:30;12:45;EUR/MWh;-1,4;-1,4
05.08.2025;CEST;12:45;13:00;EUR/MWh;5,72;5,72
05.08.2025;CEST;13:00;13:15;EUR/MWh;-1,86;-1,86
05.08.2025;CEST;13:15;13:30;EUR/MWh;-13,34;-13,34
05.08.2025;CEST;13:30;13:45;EUR/MWh;-15,46;-15,46
05.08.2025;CEST;13:45;14:00;EUR/MWh;-12,05;-12,05
05.08.2025;CEST;14:00;14:15;EUR/MWh;-7,05;-7,05
05.08.2025;CEST;14:15;14:30;EUR/MWh;-4,77;-4,77
05.08.2025;CEST;14:30;14:45;EUR/MWh;-6,8;-6,8
05.08.2025;CEST;14:45;15:00;EUR/MWh;-11,41;-11,41
05.08.2025;CEST;15:00;15:15;EUR/MWh;-7,98;-7,98
05.08.2025;CEST;15:15;15:30;EUR/MWh;-74,08;-74,08
05.08.2025;CEST;15:30;15:45;EUR/MWh;-18,02;-18,02
05.08.2025;CEST;15:45;16:00;EUR/MWh;-8,9;-8,9
05.08.2025;CEST;16:00;16:15;EUR/MWh;-15,98;-15,98
05.08.2025;CEST;16:15;16:30;EUR/MWh;11,22;11,22
05.08.2025;CEST;16:30;16:45;EUR/MWh;48,97;48,97
05.08.2025;CEST;16:45;17:00;EUR/MWh;-8,23;-8,23
05.08.2025;CEST;17:00;17:15;EUR/MWh;7,17;7,17
05.08.2025;CEST;17:15;17:30;EUR/MWh;55,76;55,76
05.08.2025;CEST;17:30;17:45;EUR/MWh;37,59;37,59
05.08.2025;CEST;17:45;18:00;EUR/MWh;55,79;55,79
05.08.2025;CEST;18:00;18:15;EUR/MWh;106,39;106,39
05.08.2025;CEST;18:15;18:30;EUR/MWh;56,82;56,82
05.08.2025;CEST;18:30;18:45;EUR/MWh;78,4;78,4
05.08.2025;CEST;18:45;19:00;EUR/MWh;116,38;116,38
05.08.2025;CEST;19:00;19:15;EUR/MWh;78,17;78,17
05.08.2025;CEST;19:15;19:30;EUR/MWh;103,25;103,25
05.08.2025;CEST;19:30;19:45;EUR/MWh;-15,65;-15,65
05.08.2025;CEST;19:45;20:00;EUR/MWh;94,84;94,84
05.08.2025;CEST;20:00;20:15;EUR/MWh;92,85;92,85
05.08.2025;CEST;20:15;20:30;EUR/MWh;141,85;141,85
05.08.2025;CEST;20:30;20:45;EUR/MWh;17,28;17,28
05.08.2025;CEST;20:45;21:00;EUR/MWh;-10,74;-10,74
05.08.2025;CEST;21:00;21:15;EUR/MWh;46,88;46,88
05.08.2025;CEST;21:15;21:30;EUR/MWh;57,77;57,77
05.08.2025;CEST;21:30;21:45;EUR/MWh;94;94
05.08.2025;CEST;21:45;22:00;EUR/MWh;-8,76;-8,76
05.08.2025;CEST;22:00;22:15;EUR/MWh;36,73;36,73
05.08.2025;CEST;22:15;22:30;EUR/MWh;24,27;24,27
05.08.2025;CEST;22:30;22:45;EUR/MWh;10,79;10,79
05.08.2025;CEST;22:45;23:00;EUR/MWh;-13,4;-13,4
05.08.2025;CEST;23:00;23:15;EUR/MWh;71,3;71,3
05.08.2025;CEST;23:15;23:30;EUR/MWh;-13,75;-13,75
05.08.2025;CEST;23:30;23:45;EUR/MWh;-10,59;-10,59
05.08.2025;CEST;23:45;00:00;EUR/MWh;43,07;43,07
06.08.2025;CEST;00:00;00:15;EUR/MWh;55,09;55,09
06.08.2025;CEST;00:15;00:30;EUR/MWh;70,44;70,44
06.08.2025;CEST;00:30;00:45;EUR/MWh;72,54;72,54
06.08.2025;CEST;00:45;01:00;EUR/MWh;59,58;59,58
06.08.2025;CEST;01:00;01:15;EUR/MWh;45,96;45,96
06.08.2025;CEST;01:15;01:30;EUR/MWh;49,03;49,03
06.08.2025;CEST;01:30;01:45;EUR/MWh;68,55;68,55
06.08.2025;CEST;01:45;02:00;EUR/MWh;51,76;51,76
06.08.2025;CEST;02:00;02:15;EUR/MWh;35,07;35,07
06.08.2025;CEST;02:15;02:30;EUR/MWh;24,52;24,52
06.08.2025;CEST;02:30;02:45;EUR/MWh;89,49;89,49
06.08.2025;CEST;02:45;03:00;EUR/MWh;82,29;82,29
06.08.2025;CEST;03:00;03:15;EUR/MWh;-10,22;-10,22
06.08.2025;CEST;03:15;03:30;EUR/MWh;-2,95;-2,95
06.08.2025;CEST;03:30;03:45;EUR/MWh;-13,36;-13,36
06.08.2025;CEST;03:45;04:00;EUR/MWh;42,96;42,96
06.08.2025;CEST;04:00;04:15;EUR/MWh;87,88;87,88
06.08.2025;CEST;04:15;04:30;EUR/MWh;77,77;77,77
06.08.2025;CEST;04:30;04:45;EUR/MWh;109,22;109,22
06.08.2025;CEST;04:45;05:00;EUR/MWh;99,66;99,66
06.08.2025;CEST;05:00;05:15;EUR/MWh;-8,29;-8,29
06.08.2025;CEST;05:15;05:30;EUR/MWh;84,86;84,86
06.08.2025;CEST;05:30;05:45;EUR/MWh;85,99;85,99
06.08.2025;CEST;05:45;06:00;EUR/MWh;80,26;80,26
06.08.2025;CEST;06:00;06:15;EUR/MWh;25,4;25,4
06.08.2025;CEST;06:15;06:30;EUR/MWh;66,02;66,02
06.08.2025;CEST;06:30;06:45;EUR/MWh;66,76;66,76
06.08.2025;CEST;06:45;07:00;EUR/MWh;73,06;73,06
06.08.2025;CEST;07:00;07:15;EUR/MWh;91,26;91,26
06.08.2025;CEST;07:15;07:30;EUR/MWh;79,88;79,88
06.08.2025;CEST;07:30;07:45;EUR/MWh;58,56;58,56
06.08.2025;CEST;07:45;08:00;EUR/MWh;88,23;88,23
06.08.2025;CEST;08:00;08:15;EUR/MWh;235,2;235,2
06.08.2025;CEST;08:15;08:30;EUR/MWh;264,96;264,96
06.08.2025;CEST;08:30;08:45;EUR/MWh;176,54;176,54
06.08.2025;CEST;08:45;09:00;EUR/MWh;93,64;93,64
06.08.2025;CEST;09:00;09:15;EUR/MWh;302,1;302,1
06.08.2025;CEST;09:15;09:30;EUR/MWh;122,32;122,32
06.08.2025;CEST;09:30;09:45;EUR/MWh;92,7;92,7
06.08.2025;CEST;09:45;10:00;EUR/MWh;-59,05;-59,05
06.08.2025;CEST;10:00;10:15;EUR/MWh;-109,63;-109,63
06.08.2025;CEST;10:15;10:30;EUR/MWh;-15;-15
06.08.2025;CEST;10:30;10:45;EUR/MWh;-3,91;-3,91
06.08.2025;CEST;10:45;11:00;EUR/MWh;-13,01;-13,01
06.08.2025;CEST;11:00;11:15;EUR/MWh;-7,58;-7,58
06.08.2025;CEST;11:15;11:30;EUR/MWh;15,7;15,7
06.08.2025;CEST;11:30;11:45;EUR/MWh;-8,16;-8,16
06.08.2025;CEST;11:45;12:00;EUR/MWh;62,63;62,63
06.08.2025;CEST;12:00;12:15;EUR/MWh;25,32;25,32
06.08.2025;CEST;12:15;12:30;EUR/MWh;4,85;4,85
06.08.2025;CEST;12:30;12:45;EUR/MWh;17,16;17,16
06.08.2025;CEST;12:45;13:00;EUR/MWh;0,07;0,07
06.08.2025;CEST;13:00;13:15;EUR/MWh;-6,38;-6,38
06.08.2025;CEST;13:15;13:30;EUR/MWh;6,42;6,42
06.08.2025;CEST;13:30;13:45;EUR/MWh;1,09;1,09
06.08.2025;CEST;13:45;14:00;EUR/MWh;-13,48;-13,48
06.08.2025;CEST;14:00;14:15;EUR/MWh;-8,89;-8,89
06.08.2025;CEST;14:15;14:30;EUR/MWh;-11,01;-11,01
06.08.2025;CEST;14:30;14:45;EUR/MWh;-9,36;-9,36
06.08.2025;CEST;14:45;15:00;EUR/MWh;-7,47;-7,47
06.08.2025;CEST;15:00;15:15;EUR/MWh;-25,95;-25,95
06.08.2025;CEST;15:15;15:30;EUR/MWh;-46,66;-46,66
06.08.2025;CEST;15:30;15:45;EUR/MWh;-15,89;-15,89
06.08.2025;CEST;15:45;16:00;EUR/MWh;-12,18;-12,18
06.08.2025;CEST;16:00;16:15;EUR/MWh;-55,78;-55,78
06.08.2025;CEST;16:15;16:30;EUR/MWh;-15,8;-15,8
06.08.2025;CEST;16:30;16:45;EUR/MWh;-10;-10
06.08.2025;CEST;16:45;17:00;EUR/MWh;-2,42;-2,42
06.08.2025;CEST;17:00;17:15;EUR/MWh;-17,15;-17,15
06.08.2025;CEST;17:15;17:30;EUR/MWh;-6,37;-6,37
06.08.2025;CEST;17:30;17:45;EUR/MWh;130,93;130,93
06.08.2025;CEST;17:45;18:00;EUR/MWh;114,82;114,82
06.08.2025;CEST;18:00;18:15;EUR/MWh;123,88;123,88
06.08.2025;CEST;18:15;18:30;EUR/MWh;74,72;74,72
06.08.2025;CEST;18:30;18:45;EUR/MWh;135;135
06.08.2025;CEST;18:45;19:00;EUR/MWh;122,25;122,25
06.08.2025;CEST;19:00;19:15;EUR/MWh;74,4;74,4
06.08.2025;CEST;19:15;19:30;EUR/MWh;141,36;141,36
06.08.2025;CEST;19:30;19:45;EUR/MWh;146,87;146,87
06.08.2025;CEST;19:45;20:00;EUR/MWh;245,49;245,49
06.08.2025;CEST;20:00;20:15;EUR/MWh;97,01;97,01
06.08.2025;CEST;20:15;20:30;EUR/MWh;167,26;167,26
06.08.2025;CEST;20:30;20:45;EUR/MWh;161,23;161,23
06.08.2025;CEST;20:45;21:00;EUR/MWh;163,11;163,11
06.08.2025;CEST;21:00;21:15;EUR/MWh;126,12;126,12
06.08.2025;CEST;21:15;21:30;EUR/MWh;95,89;95,89
06.08.2025;CEST;21:30;21:45;EUR/MWh;77,07;77,07
06.08.2025;CEST;21:45;22:00;EUR/MWh;64,22;64,22
06.08.2025;CEST;22:00;22:15;EUR/MWh;142,77;142,77
06.08.2025;CEST;22:15;22:30;EUR/MWh;140,37;140,37
06.08.2025;CEST;22:30;22:45;EUR/MWh;133,13;133,13
06.08.2025;CEST;22:45;23:00;EUR/MWh;127,51;127,51
06.08.2025;CEST;23:00;23:15;EUR/MWh;123,33;123,33
06.08.2025;CEST;23:15;23:30;EUR/MWh;110,41;110,41
06.08.2025;CEST;23:30;23:45;EUR/MWh;91,08;91,08
06.08.2025;CEST;23:45;00:00;EUR/MWh;60,24;60,24
07.08.2025;CEST;00:00;00:15;EUR/MWh;112,07;112,07
07.08.2025;CEST;00:15;00:30;EUR/MWh;109,27;109,27
07.08.2025;CEST;00:30;00:45;EUR/MWh;103,66;103,66
07.08.2025;CEST;00:45;01:00;EUR/MWh;83,53;83,53
07.08.2025;CEST;01:00;01:15;EUR/MWh;89,76;89,76
07.08.2025;CEST;01:15;01:30;EUR/MWh;108,82;108,82
07.08.2025;CEST;01:30;01:45;EUR/MWh;90,19;90,19
07.08.2025;CEST;01:45;02:00;EUR/MWh;75,26;75,26
07.08.2025;CEST;02:00;02:15;EUR/MWh;90,15;90,15
07.08.2025;CEST;02:15;02:30;EUR/MWh;78,76;78,76
07.08.2025;CEST;02:30;02:45;EUR/MWh;80,34;80,34
07.08.2025;CEST;02:45;03:00;EUR/MWh;72,74;72,74
07.08.2025;CEST;03:00;03:15;EUR/MWh;81,17;81,17
07.08.2025;CEST;03:15;03:30;EUR/MWh;69,49;69,49
07.08.2025;CEST;03:30;03:45;EUR/MWh;72,28;72,28
07.08.2025;CEST;03:45;04:00;EUR/MWh;59,78;59,78
07.08.2025;CEST;04:00;04:15;EUR/MWh;66,75;66,75
07.08.2025;CEST;04:15;04:30;EUR/MWh;72,5;72,5
07.08.2025;CEST;04:30;04:45;EUR/MWh;87,91;87,91
07.08.2025;CEST;04:45;05:00;EUR/MWh;91,8;91,8
07.08.2025;CEST;05:00;05:15;EUR/MWh;88,03;88,03
07.08.2025;CEST;05:15;05:30;EUR/MWh;75,34;75,34
07.08.2025;CEST;05:30;05:45;EUR/MWh;80,01;80,01
07.08.2025;CEST;05:45;06:00;EUR/MWh;42;42
07.08.2025;CEST;06:00;06:15;EUR/MWh;48,3;48,3
07.08.2025;CEST;06:15;06:30;EUR/MWh;56;56
07.08.2025;CEST;06:30;06:45;EUR/MWh;45,56;45,56
07.08.2025;CEST;06:45;07:00;EUR/MWh;39,29;39,29
07.08.2025;CEST;07:00;07:15;EUR/MWh;83,64;83,64
07.08.2025;CEST;07:15;07:30;EUR/MWh;59,03;59,03
07.08.2025;CEST;07:30;07:45;EUR/MWh;65,7;65,7
07.08.2025;CEST;07:45;08:00;EUR/MWh;63,01;63,01
07.08.2025;CEST;08:00;08:15;EUR/MWh;106,8;106,8
07.08.2025;CEST;08:15;08:30;EUR/MWh;130,14;130,14
07.08.2025;CEST;08:30;08:45;EUR/MWh;115,03;115,03
07.08.2025;CEST;08:45;09:00;EUR/MWh;89,68;89,68
07.08.2025;CEST;09:00;09:15;EUR/MWh;110,85;110,85
07.08.2025;CEST;09:15;09:30;EUR/MWh;128,43;128,43
07.08.2025;CEST;09:30;09:45;EUR/MWh;84,15;84,15
07.08.2025;CEST;09:45;10:00;EUR/MWh;92,56;92,56
07.08.2025;CEST;10:00;10:15;EUR/MWh;118,75;118,75
07.08.2025;CEST;10:15;10:30;EUR/MWh;225,49;225,49
07.08.2025;CEST;10:30;10:45;EUR/MWh;-29,44;-29,44
07.08.2025;CEST;10:45;11:00;EUR/MWh;-96,78;-96,78
07.08.2025;CEST;11:00;11:15;EUR/MWh;-36,05;-36,05
07.08.2025;CEST;11:15;11:30;EUR/MWh;-24,73;-24,73
07.08.2025;CEST;11:30;11:45;EUR/MWh;-47,84;-47,84
07.08.2025;CEST;11:45;12:00;EUR/MWh;-56,65;-56,65
07.08.2025;CEST;12:00;12:15;EUR/MWh;-0,28;-0,28
07.08.2025;CEST;12:15;12:30;EUR/MWh;-2,74;-2,74
07.08.2025;CEST;12:30;12:45;EUR/MWh;-1,63;-1,63
07.08.2025;CEST;12:45;13:00;EUR/MWh;-7,21;-7,21
07.08.2025;CEST;13:00;13:15;EUR/MWh;-9,57;-9,57
07.08.2025;CEST;13:15;13:30;EUR/MWh;-20,84;-20,84
07.08.2025;CEST;13:30;13:45;EUR/MWh;-17,49;-17,49
07.08.2025;CEST;13:45;14:00;EUR/MWh;-43,86;-43,86
07.08.2025;CEST;14:00;14:15;EUR/MWh;-29,63;-29,63
07.08.2025;CEST;14:15;14:30;EUR/MWh;-32,41;-32,41
07.08.2025;CEST;14:30;14:45;EUR/MWh;-27,42;-27,42
07.08.2025;CEST;14:45;15:00;EUR/MWh;43,32;43,32
07.08.2025;CEST;15:00;15:15;EUR/MWh;-15,38;-15,38
07.08.2025;CEST;15:15;15:30;EUR/MWh;12,29;12,29
07.08.2025;CEST;15:30;15:45;EUR/MWh;-3,53;-3,53
07.08.2025;CEST;15:45;16:00;EUR/MWh;-3,41;-3,41
07.08.2025;CEST;16:00;16:15;EUR/MWh;-20,74;-20,74
07.08.2025;CEST;16:15;16:30;EUR/MWh;-16,96;-16,96
07.08.2025;CEST;16:30;16:45;EUR/MWh;5,28;5,28
07.08.2025;CEST;16:45;17:00;EUR/MWh;69,92;69,92
07.08.2025;CEST;17:00;17:15;EUR/MWh;37,19;37,19
07.08.2025;CEST;17:15;17:30;EUR/MWh;81,23;81,23
07.08.2025;CEST;17:30;17:45;EUR/MWh;107,37;107,37
07.08.2025;CEST;17:45;18:00;EUR/MWh;128,29;128,29
07.08.2025;CEST;18:00;18:15;EUR/MWh;104;104
07.08.2025;CEST;18:15;18:30;EUR/MWh;132,33;132,33
07.08.2025;CEST;18:30;18:45;EUR/MWh;142,39;142,39
07.08.2025;CEST;18:45;19:00;EUR/MWh;146,68;146,68
07.08.2025;CEST;19:00;19:15;EUR/MWh;46,51;46,51
07.08.2025;CEST;19:15;19:30;EUR/MWh;69,85;69,85
07.08.2025;CEST;19:30;19:45;EUR/MWh;141,22;141,22
07.08.2025;CEST;19:45;20:00;EUR/MWh;186,08;186,08
07.08.2025;CEST;20:00;20:15;EUR/MWh;106,89;106,89
07.08.2025;CEST;20:15;20:30;EUR/MWh;168,67;168,67
07.08.2025;CEST;20:30;20:45;EUR/MWh;161,65;161,65
07.08.2025;CEST;20:45;21:00;EUR/MWh;196,23;196,23
07.08.2025;CEST;21:00;21:15;EUR/MWh;210,58;210,58
07.08.2025;CEST;21:15;21:30;EUR/MWh;327,65;327,65
07.08.2025;CEST;21:30;21:45;EUR/MWh;645,96;645,96
07.08.2025;CEST;21:45;22:00;EUR/MWh;261,02;261,02
07.08.2025;CEST;22:00;22:15;EUR/MWh;302,1;302,1
07.08.2025;CEST;22:15;22:30;EUR/MWh;165,62;165,62
07.08.2025;CEST;22:30;22:45;EUR/MWh;163,09;163,09
07.08.2025;CEST;22:45;23:00;EUR/MWh;64,71;64,71
07.08.2025;CEST;23:00;23:15;EUR/MWh;100,29;100,29
07.08.2025;CEST;23:15;23:30;EUR/MWh;62,64;62,64
07.08.2025;CEST;23:30;23:45;EUR/MWh;70,76;70,76
07.08.2025;CEST;23:45;00:00;EUR/MWh;57,43;57,43
08.08.2025;CEST;00:00;00:15;EUR/MWh;61,06;61,06
08.08.2025;CEST;00:15;00:30;EUR/MWh;59,08;59,08
08.08.2025;CEST;00:30;00:45;EUR/MWh;70,76;70,76
08.08.2025;CEST;00:45;01:00;EUR/MWh;122,17;122,17
08.08.2025;CEST;01:00;01:15;EUR/MWh;134,1;134,1
08.08.2025;CEST;01:15;01:30;EUR/MWh;111,7;111,7
08.08.2025;CEST;01:30;01:45;EUR/MWh;86,03;86,03
08.08.2025;CEST;01:45;02:00;EUR/MWh;84,8;84,8
08.08.2025;CEST;02:00;02:15;EUR/MWh;92,33;92,33
08.08.2025;CEST;02:15;02:30;EUR/MWh;82,12;82,12
08.08.2025;CEST;02:30;02:45;EUR/MWh;93,53;93,53
08.08.2025;CEST;02:45;03:00;EUR/MWh;91,88;91,88
08.08.2025;CEST;03:00;03:15;EUR/MWh;120,95;120,95
08.08.2025;CEST;03:15;03:30;EUR/MWh;92,65;92,65
08.08.2025;CEST;03:30;03:45;EUR/MWh;109,63;109,63
08.08.2025;CEST;03:45;04:00;EUR/MWh;106;106
08.08.2025;CEST;04:00;04:15;EUR/MWh;86,48;86,48
08.08.2025;CEST;04:15;04:30;EUR/MWh;123,16;123,16
08.08.2025;CEST;04:30;04:45;EUR/MWh;111,7;111,7
08.08.2025;CEST;04:45;05:00;EUR/MWh;133,27;133,27
08.08.2025;CEST;05:00;05:15;EUR/MWh;85,99;85,99
08.08.2025;CEST;05:15;05:30;EUR/MWh;78,71;78,71
08.08.2025;CEST;05:30;05:45;EUR/MWh;76,91;76,91
08.08.2025;CEST;05:45;06:00;EUR/MWh;61,96;61,96
08.08.2025;CEST;06:00;06:15;EUR/MWh;50,34;50,34
08.08.2025;CEST;06:15;06:30;EUR/MWh;67,09;67,09
08.08.2025;CEST;06:30;06:45;EUR/MWh;116,66;116,66
08.08.2025;CEST;06:45;07:00;EUR/MWh;101,17;101,17
08.08.2025;CEST;07:00;07:15;EUR/MWh;102,76;102,76
08.08.2025;CEST;07:15;07:30;EUR/MWh;86,42;86,42
08.08.2025;CEST;07:30;07:45;EUR/MWh;93,23;93,23
08.08.2025;CEST;07:45;08:00;EUR/MWh;96,41;96,41
08.08.2025;CEST;08:00;08:15;EUR/MWh;66,84;66,84
08.08.2025;CEST;08:15;08:30;EUR/MWh;88,43;88,43
08.08.2025;CEST;08:30;08:45;EUR/MWh;104,39;104,39
08.08.2025;CEST;08:45;09:00;EUR/MWh;95,1;95,1
08.08.2025;CEST;09:00;09:15;EUR/MWh;138,66;138,66
08.08.2025;CEST;09:15;09:30;EUR/MWh;45,65;45,65
08.08.2025;CEST;09:30;09:45;EUR/MWh;64,3;64,3
08.08.2025;CEST;09:45;10:00;EUR/MWh;36,39;36,39
08.08.2025;CEST;10:00;10:15;EUR/MWh;86,42;86,42
08.08.2025;CEST;10:15;10:30;EUR/MWh;29,17;29,17
08.08.2025;CEST;10:30;10:45;EUR/MWh;36,76;36,76
08.08.2025;CEST;10:45;11:00;EUR/MWh;68,68;68,68
08.08.2025;CEST;11:00;11:15;EUR/MWh;146,56;146,56
08.08.2025;CEST;11:15;11:30;EUR/MWh;118,19;118,19
08.08.2025;CEST;11:30;11:45;EUR/MWh;121,86;121,86
08.08.2025;CEST;11:45;12:00;EUR/MWh;118,54;118,54
08.08.2025;CEST;12:00;12:15;EUR/MWh;133,01;133,01
08.08.2025;CEST;12:15;12:30;EUR/MWh;194,28;194,28
08.08.2025;CEST;12:30;12:45;EUR/MWh;128,35;128,35
08.08.2025;CEST;12:45;13:00;EUR/MWh;66,24;66,24
08.08.2025;CEST;13:00;13:15;EUR/MWh;115,86;115,86
08.08.2025;CEST;13:15;13:30;EUR/MWh;99,94;99,94
08.08.2025;CEST;13:30;13:45;EUR/MWh;182,5;182,5
08.08.2025;CEST;13:45;14:00;EUR/MWh;101,28;101,28
08.08.2025;CEST;14:00;14:15;EUR/MWh;27,54;27,54
08.08.2025;CEST;14:15;14:30;EUR/MWh;26,79;26,79
08.08.2025;CEST;14:30;14:45;EUR/MWh;30,46;30,46
08.08.2025;CEST;14:45;15:00;EUR/MWh;40,22;40,22
08.08.2025;CEST;15:00;15:15;EUR/MWh;-5,37;-5,37
08.08.2025;CEST;15:15;15:30;EUR/MWh;4,43;4,43
08.08.2025;CEST;15:30;15:45;EUR/MWh;84;84
08.08.2025;CEST;15:45;16:00;EUR/MWh;110,61;110,61
08.08.2025;CEST;16:00;16:15;EUR/MWh;74,21;74,21
08.08.2025;CEST;16:15;16:30;EUR/MWh;110,99;110,99
08.08.2025;CEST;16:30;16:45;EUR/MWh;109,21;109,21
08.08.2025;CEST;16:45;17:00;EUR/MWh;79,59;79,59
08.08.2025;CEST;17:00;17:15;EUR/MWh;54,18;54,18
08.08.2025;CEST;17:15;17:30;EUR/MWh;103;103
08.08.2025;CEST;17:30;17:45;EUR/MWh;33,49;33,49
08.08.2025;CEST;17:45;18:00;EUR/MWh;91,05;91,05
08.08.2025;CEST;18:00;18:15;EUR/MWh;84,52;84,52
08.08.2025;CEST;18:15;18:30;EUR/MWh;107,72;107,72
08.08.2025;CEST;18:30;18:45;EUR/MWh;120,3;120,3
08.08.2025;CEST;18:45;19:00;EUR/MWh;80,83;80,83
08.08.2025;CEST;19:00;19:15;EUR/MWh;65,07;65,07
08.08.2025;CEST;19:15;19:30;EUR/MWh;116,24;116,24
08.08.2025;CEST;19:30;19:45;EUR/MWh;147,95;147,95
08.08.2025;CEST;19:45;20:00;EUR/MWh;143,69;143,69
08.08.2025;CEST;20:00;20:15;EUR/MWh;142,37;142,37
08.08.2025;CEST;20:15;20:30;EUR/MWh;142,55;142,55
08.08.2025;CEST;20:30;20:45;EUR/MWh;102,47;102,47
08.08.2025;CEST;20:45;21:00;EUR/MWh;88,79;88,79
08.08.2025;CEST;21:00;21:15;EUR/MWh;101,18;101,18
08.08.2025;CEST;21:15;21:30;EUR/MWh;94,81;94,81
08.08.2025;CEST;21:30;21:45;EUR/MWh;85,19;85,19
08.08.2025;CEST;21:45;22:00;EUR/MWh;76,53;76,53
08.08.2025;CEST;22:00;22:15;EUR/MWh;115,14;115,14
08.08.2025;CEST;22:15;22:30;EUR/MWh;103,22;103,22
08.08.2025;CEST;22:30;22:45;EUR/MWh;110,67;110,67
08.08.2025;CEST;22:45;23:00;EUR/MWh;92,49;92,49
08.08.2025;CEST;23:00;23:15;EUR/MWh;131,9;131,9
08.08.2025;CEST;23:15;23:30;EUR/MWh;123,8;123,8
08.08.2025;CEST;23:30;23:45;EUR/MWh;114,05;114,05
08.08.2025;CEST;23:45;00:00;EUR/MWh;117,76;117,76
09.08.2025;CEST;00:00;00:15;EUR/MWh;118,43;118,43
09.08.2025;CEST;00:15;00:30;EUR/MWh;117,41;117,41
09.08.2025;CEST;00:30;00:45;EUR/MWh;80,41;80,41
09.08.2025;CEST;00:45;01:00;EUR/MWh;101,76;101,76
09.08.2025;CEST;01:00;01:15;EUR/MWh;90,24;90,24
09.08.2025;CEST;01:15;01:30;EUR/MWh;78,39;78,39
09.08.2025;CEST;01:30;01:45;EUR/MWh;77,05;77,05
09.08.2025;CEST;01:45;02:00;EUR/MWh;73,54;73,54
09.08.2025;CEST;02:00;02:15;EUR/MWh;66,07;66,07
09.08.2025;CEST;02:15;02:30;EUR/MWh;65,3;65,3
09.08.2025;CEST;02:30;02:45;EUR/MWh;73,46;73,46
09.08.2025;CEST;02:45;03:00;EUR/MWh;74,2;74,2
09.08.2025;CEST;03:00;03:15;EUR/MWh;71,87;71,87
09.08.2025;CEST;03:15;03:30;EUR/MWh;72,53;72,53
09.08.2025;CEST;03:30;03:45;EUR/MWh;74,59;74,59
09.08.2025;CEST;03:45;04:00;EUR/MWh;86,56;86,56
09.08.2025;CEST;04:00;04:15;EUR/MWh;107,93;107,93
09.08.2025;CEST;04:15;04:30;EUR/MWh;111,33;111,33
09.08.2025;CEST;04:30;04:45;EUR/MWh;132,22;132,22
09.08.2025;CEST;04:45;05:00;EUR/MWh;141,88;141,88
09.08.2025;CEST;05:00;05:15;EUR/MWh;136,68;136,68
09.08.2025;CEST;05:15;05:30;EUR/MWh;137,04;137,04
09.08.2025;CEST;05:30;05:45;EUR/MWh;117,13;117,13
09.08.2025;CEST;05:45;06:00;EUR/MWh;106,38;106,38
09.08.2025;CEST;06:00;06:15;EUR/MWh;107,02;107,02
09.08.2025;CEST;06:15;06:30;EUR/MWh;80,34;80,34
09.08.2025;CEST;06:30;06:45;EUR/MWh;65,71;65,71
09.08.2025;CEST;06:45;07:00;EUR/MWh;53,51;53,51
09.08.2025;CEST;07:00;07:15;EUR/MWh;88,47;88,47
09.08.2025;CEST;07:15;07:30;EUR/MWh;43,31;43,31
09.08.2025;CEST;07:30;07:45;EUR/MWh;43,82;43,82
09.08.2025;CEST;07:45;08:00;EUR/MWh;39,44;39,44
09.08.2025;CEST;08:00;08:15;EUR/MWh;83,01;83,01
09.08.2025;CEST;08:15;08:30;EUR/MWh;119,65;119,65
09.08.2025;CEST;08:30;08:45;EUR/MWh;106,42;106,42
09.08.2025;CEST;08:45;09:00;EUR/MWh;107,99;107,99
09.08.2025;CEST;09:00;09:15;EUR/MWh;150,94;150,94
09.08.2025;CEST;09:15;09:30;EUR/MWh;120,18;120,18
09.08.2025;CEST;09:30;09:45;EUR/MWh;166,5;166,5
09.08.2025;CEST;09:45;10:00;EUR/MWh;100,83;100,83
09.08.2025;CEST;10:00;10:15;EUR/MWh;127,94;127,94
09.08.2025;CEST;10:15;10:30;EUR/MWh;31;31
09.08.2025;CEST;10:30;10:45;EUR/MWh;18,59;18,59
09.08.2025;CEST;10:45;11:00;EUR/MWh;-9,95;-9,95
09.08.2025;CEST;11:00;11:15;EUR/MWh;-13,8;-13,8
09.08.2025;CEST;11:15;11:30;EUR/MWh;-10,98;-10,98
09.08.2025;CEST;11:30;11:45;EUR/MWh;-21,26;-21,26
09.08.2025;CEST;11:45;12:00;EUR/MWh;-30,38;-30,38
09.08.2025;CEST;12:00;12:15;EUR/MWh;14,83;14,83
09.08.2025;CEST;12:15;12:30;EUR/MWh;33,24;33,24
09.08.2025;CEST;12:30;12:45;EUR/MWh;-7,87;-7,87
09.08.2025;CEST;12:45;13:00;EUR/MWh;32,77;32,77
09.08.2025;CEST;13:00;13:15;EUR/MWh;12,24;12,24
09.08.2025;CEST;13:15;13:30;EUR/MWh;-0,43;-0,43
09.08.2025;CEST;13:30;13:45;EUR/MWh;6,25;6,25
09.08.2025;CEST;13:45;14:00;EUR/MWh;-7,81;-7,81
09.08.2025;CEST;14:00;14:15;EUR/MWh;-11,95;-11,95
09.08.2025;CEST;14:15;14:30;EUR/MWh;-0,17;-0,17
09.08.2025;CEST;14:30;14:45;EUR/MWh;0,3;0,3
09.08.2025;CEST;14:45;15:00;EUR/MWh;-3,92;-3,92
09.08.2025;CEST;15:00;15:15;EUR/MWh;5,78;5,78
09.08.2025;CEST;15:15;15:30;EUR/MWh;4,66;4,66
09.08.2025;CEST;15:30;15:45;EUR/MWh;5,98;5,98
09.08.2025;CEST;15:45;16:00;EUR/MWh;4,53;4,53
09.08.2025;CEST;16:00;16:15;EUR/MWh;-4,01;-4,01
09.08.2025;CEST;16:15;16:30;EUR/MWh;103,35;103,35
09.08.2025;CEST;16:30;16:45;EUR/MWh;-6,01;-6,01
09.08.2025;CEST;16:45;17:00;EUR/MWh;54,25;54,25
09.08.2025;CEST;17:00;17:15;EUR/MWh;82,1;82,1
09.08.2025;CEST;17:15;17:30;EUR/MWh;-11,44;-11,44
09.08.2025;CEST;17:30;17:45;EUR/MWh;-6,81;-6,81
09.08.2025;CEST;17:45;18:00;EUR/MWh;7,65;7,65
09.08.2025;CEST;18:00;18:15;EUR/MWh;6,61;6,61
09.08.2025;CEST;18:15;18:30;EUR/MWh;80,83;80,83
09.08.2025;CEST;18:30;18:45;EUR/MWh;43,4;43,4
09.08.2025;CEST;18:45;19:00;EUR/MWh;47,38;47,38
09.08.2025;CEST;19:00;19:15;EUR/MWh;90,89;90,89
09.08.2025;CEST;19:15;19:30;EUR/MWh;92,44;92,44
09.08.2025;CEST;19:30;19:45;EUR/MWh;127,47;127,47
09.08.2025;CEST;19:45;20:00;EUR/MWh;149,14;149,14
09.08.2025;CEST;20:00;20:15;EUR/MWh;129,96;129,96
09.08.2025;CEST;20:15;20:30;EUR/MWh;311,31;311,31
09.08.2025;CEST;20:30;20:45;EUR/MWh;101,04;101,04
09.08.2025;CEST;20:45;21:00;EUR/MWh;69,66;69,66
09.08.2025;CEST;21:00;21:15;EUR/MWh;144,26;144,26
09.08.2025;CEST;21:15;21:30;EUR/MWh;135,84;135,84
09.08.2025;CEST;21:30;21:45;EUR/MWh;118,23;118,23
09.08.2025;CEST;21:45;22:00;EUR/MWh;88,07;88,07
09.08.2025;CEST;22:00;22:15;EUR/MWh;170,37;170,37
09.08.2025;CEST;22:15;22:30;EUR/MWh;73,6;73,6
09.08.2025;CEST;22:30;22:45;EUR/MWh;89,19;89,19
09.08.2025;CEST;22:45;23:00;EUR/MWh;88,21;88,21
09.08.2025;CEST;23:00;23:15;EUR/MWh;84,97;84,97
09.08.2025;CEST;23:15;23:30;EUR/MWh;111,92;111,92
09.08.2025;CEST;23:30;23:45;EUR/MWh;135,8;135,8
09.08.2025;CEST;23:45;00:00;EUR/MWh;130,28;130,28
10.08.2025;CEST;00:00;00:15;EUR/MWh;92,03;92,03
10.08.2025;CEST;00:15;00:30;EUR/MWh;90,99;90,99
10.08.2025;CEST;00:30;00:45;EUR/MWh;96,37;96,37
10.08.2025;CEST;00:45;01:00;EUR/MWh;60,45;60,45
10.08.2025;CEST;01:00;01:15;EUR/MWh;91,43;91,43
10.08.2025;CEST;01:15;01:30;EUR/MWh;87,04;87,04
10.08.2025;CEST;01:30;01:45;EUR/MWh;71,98;71,98
10.08.2025;CEST;01:45;02:00;EUR/MWh;49,13;49,13
10.08.2025;CEST;02:00;02:15;EUR/MWh;60,94;60,94
10.08.2025;CEST;02:15;02:30;EUR/MWh;26,39;26,39
10.08.2025;CEST;02:30;02:45;EUR/MWh;24,45;24,45
10.08.2025;CEST;02:45;03:00;EUR/MWh;11,4;11,4
10.08.2025;CEST;03:00;03:15;EUR/MWh;74,32;74,32
10.08.2025;CEST;03:15;03:30;EUR/MWh;48,3;48,3
10.08.2025;CEST;03:30;03:45;EUR/MWh;59,94;59,94
10.08.2025;CEST;03:45;04:00;EUR/MWh;52,6;52,6
10.08.2025;CEST;04:00;04:15;EUR/MWh;87,74;87,74
10.08.2025;CEST;04:15;04:30;EUR/MWh;101,3;101,3
10.08.2025;CEST;04:30;04:45;EUR/MWh;91,16;91,16
10.08.2025;CEST;04:45;05:00;EUR/MWh;64,46;64,46
10.08.2025;CEST;05:00;05:15;EUR/MWh;83,93;83,93
10.08.2025;CEST;05:15;05:30;EUR/MWh;86,23;86,23
10.08.2025;CEST;05:30;05:45;EUR/MWh;108,41;108,41
10.08.2025;CEST;05:45;06:00;EUR/MWh;102,23;102,23
10.08.2025;CEST;06:00;06:15;EUR/MWh;111,69;111,69
10.08.2025;CEST;06:15;06:30;EUR/MWh;89,78;89,78
10.08.2025;CEST;06:30;06:45;EUR/MWh;89,48;89,48
10.08.2025;CEST;06:45;07:00;EUR/MWh;81,67;81,67
10.08.2025;CEST;07:00;07:15;EUR/MWh;88,1;88,1
10.08.2025;CEST;07:15;07:30;EUR/MWh;79,73;79,73
10.08.2025;CEST;07:30;07:45;EUR/MWh;71,48;71,48
10.08.2025;CEST;07:45;08:00;EUR/MWh;102,68;102,68
10.08.2025;CEST;08:00;08:15;EUR/MWh;120,63;120,63
10.08.2025;CEST;08:15;08:30;EUR/MWh;107,29;107,29
10.08.2025;CEST;08:30;08:45;EUR/MWh;39,69;39,69
10.08.2025;CEST;08:45;09:00;EUR/MWh;9,58;9,58
10.08.2025;CEST;09:00;09:15;EUR/MWh;87,23;87,23
10.08.2025;CEST;09:15;09:30;EUR/MWh;66,9;66,9
10.08.2025;CEST;09:30;09:45;EUR/MWh;-4,98;-4,98
10.08.2025;CEST;09:45;10:00;EUR/MWh;82,19;82,19
10.08.2025;CEST;10:00;10:15;EUR/MWh;6,37;6,37
10.08.2025;CEST;10:15;10:30;EUR/MWh;-5,22;-5,22
10.08.2025;CEST;10:30;10:45;EUR/MWh;-6,89;-6,89
10.08.2025;CEST;10:45;11:00;EUR/MWh;-24,04;-24,04
10.08.2025;CEST;11:00;11:15;EUR/MWh;-11,13;-11,13
10.08.2025;CEST;11:15;11:30;EUR/MWh;-4,03;-4,03
10.08.2025;CEST;11:30;11:45;EUR/MWh;-11,25;-11,25
10.08.2025;CEST;11:45;12:00;EUR/MWh;-24,31;-24,31
10.08.2025;CEST;12:00;12:15;EUR/MWh;0,72;0,72
10.08.2025;CEST;12:15;12:30;EUR/MWh;-13,64;-13,64
10.08.2025;CEST;12:30;12:45;EUR/MWh;-14,69;-14,69
10.08.2025;CEST;12:45;13:00;EUR/MWh;2,25;2,25
10.08.2025;CEST;13:00;13:15;EUR/MWh;-22,82;-22,82
10.08.2025;CEST;13:15;13:30;EUR/MWh;-9,53;-9,53
10.08.2025;CEST;13:30;13:45;EUR/MWh;-49,77;-49,77
10.08.2025;CEST;13:45;14:00;EUR/MWh;-14,09;-14,09
10.08.2025;CEST;14:00;14:15;EUR/MWh;-14,06;-14,06
10.08.2025;CEST;14:15;14:30;EUR/MWh;-37,3;-37,3
10.08.2025;CEST;14:30;14:45;EUR/MWh;-30,53;-30,53
10.08.2025;CEST;14:45;15:00;EUR/MWh;-29,62;-29,62
10.08.2025;CEST;15:00;15:15;EUR/MWh;-29;-29
10.08.2025;CEST;15:15;15:30;EUR/MWh;-20,62;-20,62
10.08.2025;CEST;15:30;15:45;EUR/MWh;-16,21;-16,21
10.08.2025;CEST;15:45;16:00;EUR/MWh;-11,37;-11,37
10.08.2025;CEST;16:00;16:15;EUR/MWh;-15,3;-15,3
10.08.2025;CEST;16:15;16:30;EUR/MWh;-2,31;-2,31
10.08.2025;CEST;16:30;16:45;EUR/MWh;-7,78;-7,78
10.08.2025;CEST;16:45;17:00;EUR/MWh;-19,56;-19,56
10.08.2025;CEST;17:00;17:15;EUR/MWh;90,43;90,43
10.08.2025;CEST;17:15;17:30;EUR/MWh;-34,82;-34,82
10.08.2025;CEST;17:30;17:45;EUR/MWh;-1,11;-1,11
10.08.2025;CEST;17:45;18:00;EUR/MWh;70,28;70,28
10.08.2025;CEST;18:00;18:15;EUR/MWh;-15,29;-15,29
10.08.2025;CEST;18:15;18:30;EUR/MWh;-18,45;-18,45
10.08.2025;CEST;18:30;18:45;EUR/MWh;57,86;57,86
10.08.2025;CEST;18:45;19:00;EUR/MWh;85,9;85,9
10.08.2025;CEST;19:00;19:15;EUR/MWh;18,82;18,82
10.08.2025;CEST;19:15;19:30;EUR/MWh;58,07;58,07
10.08.2025;CEST;19:30;19:45;EUR/MWh;118,44;118,44
10.08.2025;CEST;19:45;20:00;EUR/MWh;135,23;135,23
10.08.2025;CEST;20:00;20:15;EUR/MWh;151,28;151,28
10.08.2025;CEST;20:15;20:30;EUR/MWh;152,8;152,8
10.08.2025;CEST;20:30;20:45;EUR/MWh;135,46;135,46
10.08.2025;CEST;20:45;21:00;EUR/MWh;123,57;123,57
10.08.2025;CEST;21:00;21:15;EUR/MWh;117,2;117,2
10.08.2025;CEST;21:15;21:30;EUR/MWh;125,19;125,19
10.08.2025;CEST;21:30;21:45;EUR/MWh;102,45;102,45
10.08.2025;CEST;21:45;22:00;EUR/MWh;91,92;91,92
10.08.2025;CEST;22:00;22:15;EUR/MWh;69,42;69,42
10.08.2025;CEST;22:15;22:30;EUR/MWh;49,27;49,27
10.08.2025;CEST;22:30;22:45;EUR/MWh;48,38;48,38
10.08.2025;CEST;22:45;23:00;EUR/MWh;62,18;62,18
10.08.2025;CEST;23:00;23:15;EUR/MWh;90,24;90,24
10.08.2025;CEST;23:15;23:30;EUR/MWh;88,23;88,23
10.08.2025;CEST;23:30;23:45;EUR/MWh;90,26;90,26
10.08.2025;CEST;23:45;00:00;EUR/MWh;75,66;75,66
11.08.2025;CEST;00:00;00:15;EUR/MWh;115,52;115,52
11.08.2025;CEST;00:15;00:30;EUR/MWh;124,13;124,13
11.08.2025;CEST;00:30;00:45;EUR/MWh;112,22;112,22
11.08.2025;CEST;00:45;01:00;EUR/MWh;97,36;97,36
11.08.2025;CEST;01:00;01:15;EUR/MWh;92,84;92,84
11.08.2025;CEST;01:15;01:30;EUR/MWh;91,82;91,82
11.08.2025;CEST;01:30;01:45;EUR/MWh;83,35;83,35
11.08.2025;CEST;01:45;02:00;EUR/MWh;64,03;64,03
11.08.2025;CEST;02:00;02:15;EUR/MWh;84,46;84,46
11.08.2025;CEST;02:15;02:30;EUR/MWh;68,11;68,11
11.08.2025;CEST;02:30;02:45;EUR/MWh;72,9;72,9
11.08.2025;CEST;02:45;03:00;EUR/MWh;50,94;50,94
11.08.2025;CEST;03:00;03:15;EUR/MWh;68,53;68,53
11.08.2025;CEST;03:15;03:30;EUR/MWh;61,52;61,52
11.08.2025;CEST;03:30;03:45;EUR/MWh;68,06;68,06
11.08.2025;CEST;03:45;04:00;EUR/MWh;58,37;58,37
11.08.2025;CEST;04:00;04:15;EUR/MWh;72,91;72,91
11.08.2025;CEST;04:15;04:30;EUR/MWh;69,48;69,48
11.08.2025;CEST;04:30;04:45;EUR/MWh;92,69;92,69
11.08.2025;CEST;04:45;05:00;EUR/MWh;93,35;93,35
11.08.2025;CEST;05:00;05:15;EUR/MWh;74,72;74,72
11.08.2025;CEST;05:15;05:30;EUR/MWh;83,13;83,13
11.08.2025;CEST;05:30;05:45;EUR/MWh;104,29;104,29
11.08.2025;CEST;05:45;06:00;EUR/MWh;86,2;86,2
11.08.2025;CEST;06:00;06:15;EUR/MWh;62,05;62,05
11.08.2025;CEST;06:15;06:30;EUR/MWh;76,23;76,23
11.08.2025;CEST;06:30;06:45;EUR/MWh;91,91;91,91
11.08.2025;CEST;06:45;07:00;EUR/MWh;74,34;74,34
11.08.2025;CEST;07:00;07:15;EUR/MWh;86,27;86,27
11.08.2025;CEST;07:15;07:30;EUR/MWh;66,91;66,91
11.08.2025;CEST;07:30;07:45;EUR/MWh;64,69;64,69
11.08.2025;CEST;07:45;08:00;EUR/MWh;58,43;58,43
11.08.2025;CEST;08:00;08:15;EUR/MWh;99,68;99,68
11.08.2025;CEST;08:15;08:30;EUR/MWh;97,65;97,65
11.08.2025;CEST;08:30;08:45;EUR/MWh;103,7;103,7
11.08.2025;CEST;08:45;09:00;EUR/MWh;76,25;76,25
11.08.2025;CEST;09:00;09:15;EUR/MWh;143,22;143,22
11.08.2025;CEST;09:15;09:30;EUR/MWh;112,56;112,56
11.08.2025;CEST;09:30;09:45;EUR/MWh;90,84;90,84
11.08.2025;CEST;09:45;10:00;EUR/MWh;120,7;120,7
11.08.2025;CEST;10:00;10:15;EUR/MWh;134,18;134,18
11.08.2025;CEST;10:15;10:30;EUR/MWh;62,01;62,01
11.08.2025;CEST;10:30;10:45;EUR/MWh;54,33;54,33
11.08.2025;CEST;10:45;11:00;EUR/MWh;17,37;17,37
11.08.2025;CEST;11:00;11:15;EUR/MWh;75,86;75,86
11.08.2025;CEST;11:15;11:30;EUR/MWh;73,01;73,01
11.08.2025;CEST;11:30;11:45;EUR/MWh;88,74;88,74
11.08.2025;CEST;11:45;12:00;EUR/MWh;15,8;15,8
11.08.2025;CEST;12:00;12:15;EUR/MWh;-0,37;-0,37
11.08.2025;CEST;12:15;12:30;EUR/MWh;-16,8;-16,8
11.08.2025;CEST;12:30;12:45;EUR/MWh;-0,24;-0,24
11.08.2025;CEST;12:45;13:00;EUR/MWh;-2,42;-2,42
11.08.2025;CEST;13:00;13:15;EUR/MWh;-3,76;-3,76
11.08.2025;CEST;13:15;13:30;EUR/MWh;-8,86;-8,86
11.08.2025;CEST;13:30;13:45;EUR/MWh;-10,97;-10,97
11.08.2025;CEST;13:45;14:00;EUR/MWh;10,38;10,38
11.08.2025;CEST;14:00;14:15;EUR/MWh;0,66;0,66
11.08.2025;CEST;14:15;14:30;EUR/MWh;35,4;35,4
11.08.2025;CEST;14:30;14:45;EUR/MWh;45,3;45,3
11.08.2025;CEST;14:45;15:00;EUR/MWh;59,56;59,56
11.08.2025;CEST;15:00;15:15;EUR/MWh;22,57;22,57
11.08.2025;CEST;15:15;15:30;EUR/MWh;72,58;72,58
11.08.2025;CEST;15:30;15:45;EUR/MWh;87,16;87,16
11.08.2025;CEST;15:45;16:00;EUR/MWh;91,21;91,21
11.08.2025;CEST;16:00;16:15;EUR/MWh;-8,83;-8,83
11.08.2025;CEST;16:15;16:30;EUR/MWh;-5,11;-5,11
11.08.2025;CEST;16:30;16:45;EUR/MWh;111,93;111,93
11.08.2025;CEST;16:45;17:00;EUR/MWh;65,92;65,92
11.08.2025;CEST;17:00;17:15;EUR/MWh;102,26;102,26
11.08.2025;CEST;17:15;17:30;EUR/MWh;57,03;57,03
11.08.2025;CEST;17:30;17:45;EUR/MWh;96,24;96,24
11.08.2025;CEST;17:45;18:00;EUR/MWh;80,03;80,03
11.08.2025;CEST;18:00;18:15;EUR/MWh;34,38;34,38
11.08.2025;CEST;18:15;18:30;EUR/MWh;318,5;318,5
11.08.2025;CEST;18:30;18:45;EUR/MWh;226,26;226,26
11.08.2025;CEST;18:45;19:00;EUR/MWh;146,7;146,7
11.08.2025;CEST;19:00;19:15;EUR/MWh;73,01;73,01
11.08.2025;CEST;19:15;19:30;EUR/MWh;87,47;87,47
11.08.2025;CEST;19:30;19:45;EUR/MWh;167,78;167,78
11.08.2025;CEST;19:45;20:00;EUR/MWh;102,13;102,13
11.08.2025;CEST;20:00;20:15;EUR/MWh;79,11;79,11
11.08.2025;CEST;20:15;20:30;EUR/MWh;100,16;100,16
11.08.2025;CEST;20:30;20:45;EUR/MWh;92,32;92,32
11.08.2025;CEST;20:45;21:00;EUR/MWh;77,8;77,8
11.08.2025;CEST;21:00;21:15;EUR/MWh;129,82;129,82
11.08.2025;CEST;21:15;21:30;EUR/MWh;139,6;139,6
11.08.2025;CEST;21:30;21:45;EUR/MWh;132,74;132,74
11.08.2025;CEST;21:45;22:00;EUR/MWh;46,03;46,03
11.08.2025;CEST;22:00;22:15;EUR/MWh;114,94;114,94
11.08.2025;CEST;22:15;22:30;EUR/MWh;104,68;104,68
11.08.2025;CEST;22:30;22:45;EUR/MWh;94,38;94,38
11.08.2025;CEST;22:45;23:00;EUR/MWh;70,75;70,75
11.08.2025;CEST;23:00;23:15;EUR/MWh;80,82;80,82
11.08.2025;CEST;23:15;23:30;EUR/MWh;85,39;85,39
11.08.2025;CEST;23:30;23:45;EUR/MWh;90,99;90,99
11.08.2025;CEST;23:45;00:00;EUR/MWh;69,83;69,83
12.08.2025;CEST;00:00;00:15;EUR/MWh;84,28;84,28
12.08.2025;CEST;00:15;00:30;EUR/MWh;90,42;90,42
12.08.2025;CEST;00:30;00:45;EUR/MWh;72,62;72,62
12.08.2025;CEST;00:45;01:00;EUR/MWh;80,29;80,29
12.08.2025;CEST;01:00;01:15;EUR/MWh;94,01;94,01
12.08.2025;CEST;01:15;01:30;EUR/MWh;71,61;71,61
12.08.2025;CEST;01:30;01:45;EUR/MWh;65,41;65,41
12.08.2025;CEST;01:45;02:00;EUR/MWh;50,34;50,34
12.08.2025;CEST;02:00;02:15;EUR/MWh;73,47;73,47
12.08.2025;CEST;02:15;02:30;EUR/MWh;68,31;68,31
12.08.2025;CEST;02:30;02:45;EUR/MWh;76,84;76,84
12.08.2025;CEST;02:45;03:00;EUR/MWh;63,99;63,99
12.08.2025;CEST;03:00;03:15;EUR/MWh;71,97;71,97
12.08.2025;CEST;03:15;03:30;EUR/MWh;77,81;77,81
12.08.2025;CEST;03:30;03:45;EUR/MWh;75,65;75,65
12.08.2025;CEST;03:45;04:00;EUR/MWh;78,49;78,49
12.08.2025;CEST;04:00;04:15;EUR/MWh;111,26;111,26
12.08.2025;CEST;04:15;04:30;EUR/MWh;74,82;74,82
12.08.2025;CEST;04:30;04:45;EUR/MWh;80,82;80,82
12.08.2025;CEST;04:45;05:00;EUR/MWh;108,76;108,76
12.08.2025;CEST;05:00;05:15;EUR/MWh;85,32;85,32
12.08.2025;CEST;05:15;05:30;EUR/MWh;83,27;83,27
12.08.2025;CEST;05:30;05:45;EUR/MWh;115,57;115,57
12.08.2025;CEST;05:45;06:00;EUR/MWh;133,01;133,01
12.08.2025;CEST;06:00;06:15;EUR/MWh;84,49;84,49
12.08.2025;CEST;06:15;06:30;EUR/MWh;105,82;105,82
12.08.2025;CEST;06:30;06:45;EUR/MWh;126,73;126,73
12.08.2025;CEST;06:45;07:00;EUR/MWh;117,04;117,04
12.08.2025;CEST;07:00;07:15;EUR/MWh;117,49;117,49
12.08.2025;CEST;07:15;07:30;EUR/MWh;98,23;98,23
12.08.2025;CEST;07:30;07:45;EUR/MWh;118,58;118,58
12.08.2025;CEST;07:45;08:00;EUR/MWh;102,08;102,08
12.08.2025;CEST;08:00;08:15;EUR/MWh;75,53;75,53
12.08.2025;CEST;08:15;08:30;EUR/MWh;75,33;75,33
12.08.2025;CEST;08:30;08:45;EUR/MWh;103,25;103,25
12.08.2025;CEST;08:45;09:00;EUR/MWh;116,19;116,19
12.08.2025;CEST;09:00;09:15;EUR/MWh;123,67;123,67
12.08.2025;CEST;09:15;09:30;EUR/MWh;155,56;155,56
12.08.2025;CEST;09:30;09:45;EUR/MWh;162,28;162,28
12.08.2025;CEST;09:45;10:00;EUR/MWh;486,19;486,19
12.08.2025;CEST;10:00;10:15;EUR/MWh;297,49;297,49
12.08.2025;CEST;10:15;10:30;EUR/MWh;213,26;213,26
12.08.2025;CEST;10:30;10:45;EUR/MWh;192,51;192,51
12.08.2025;CEST;10:45;11:00;EUR/MWh;125,47;125,47
12.08.2025;CEST;11:00;11:15;EUR/MWh;130,28;130,28
12.08.2025;CEST;11:15;11:30;EUR/MWh;173,53;173,53
12.08.2025;CEST;11:30;11:45;EUR/MWh;123,82;123,82
12.08.2025;CEST;11:45;12:00;EUR/MWh;100,57;100,57
12.08.2025;CEST;12:00;12:15;EUR/MWh;95,16;95,16
12.08.2025;CEST;12:15;12:30;EUR/MWh;79,79;79,79
12.08.2025;CEST;12:30;12:45;EUR/MWh;38,34;38,34
12.08.2025;CEST;12:45;13:00;EUR/MWh;49,81;49,81
12.08.2025;CEST;13:00;13:15;EUR/MWh;17,92;17,92
12.08.2025;CEST;13:15;13:30;EUR/MWh;28,9;28,9
12.08.2025;CEST;13:30;13:45;EUR/MWh;35,51;35,51
12.08.2025;CEST;13:45;14:00;EUR/MWh;1,84;1,84
12.08.2025;CEST;14:00;14:15;EUR/MWh;-25,37;-25,37
12.08.2025;CEST;14:15;14:30;EUR/MWh;-15,27;-15,27
12.08.2025;CEST;14:30;14:45;EUR/MWh;6,13;6,13
12.08.2025;CEST;14:45;15:00;EUR/MWh;10,69;10,69
12.08.2025;CEST;15:00;15:15;EUR/MWh;83,33;83,33
12.08.2025;CEST;15:15;15:30;EUR/MWh;86,06;86,06
12.08.2025;CEST;15:30;15:45;EUR/MWh;152,09;152,09
12.08.2025;CEST;15:45;16:00;EUR/MWh;151,59;151,59
12.08.2025;CEST;16:00;16:15;EUR/MWh;119,18;119,18
12.08.2025;CEST;16:15;16:30;EUR/MWh;115,56;115,56
12.08.2025;CEST;16:30;16:45;EUR/MWh;145,56;145,56
12.08.2025;CEST;16:45;17:00;EUR/MWh;92,88;92,88
12.08.2025;CEST;17:00;17:15;EUR/MWh;29,07;29,07
12.08.2025;CEST;17:15;17:30;EUR/MWh;175,07;175,07
12.08.2025;CEST;17:30;17:45;EUR/MWh;101,33;101,33
12.08.2025;CEST;17:45;18:00;EUR/MWh;107,77;107,77
12.08.2025;CEST;18:00;18:15;EUR/MWh;120,44;120,44
12.08.2025;CEST;18:15;18:30;EUR/MWh;110,89;110,89
12.08.2025;CEST;18:30;18:45;EUR/MWh;42,23;42,23
12.08.2025;CEST;18:45;19:00;EUR/MWh;164,26;164,26
12.08.2025;CEST;19:00;19:15;EUR/MWh;132,73;132,73
12.08.2025;CEST;19:15;19:30;EUR/MWh;168,04;168,04
12.08.2025;CEST;19:30;19:45;EUR/MWh;167,39;167,39
12.08.2025;CEST;19:45;20:00;EUR/MWh;249,82;249,82
12.08.2025;CEST;20:00;20:15;EUR/MWh;100,37;100,37
12.08.2025;CEST;20:15;20:30;EUR/MWh;80,2;80,2
12.08.2025;CEST;20:30;20:45;EUR/MWh;74,38;74,38
12.08.2025;CEST;20:45;21:00;EUR/MWh;61,45;61,45
12.08.2025;CEST;21:00;21:15;EUR/MWh;116,04;116,04
12.08.2025;CEST;21:15;21:30;EUR/MWh;80,48;80,48
12.08.2025;CEST;21:30;21:45;EUR/MWh;62,44;62,44
12.08.2025;CEST;21:45;22:00;EUR/MWh;60,3;60,3
12.08.2025;CEST;22:00;22:15;EUR/MWh;132,04;132,04
12.08.2025;CEST;22:15;22:30;EUR/MWh;82,33;82,33
12.08.2025;CEST;22:30;22:45;EUR/MWh;91,5;91,5
12.08.2025;CEST;22:45;23:00;EUR/MWh;103,14;103,14
12.08.2025;CEST;23:00;23:15;EUR/MWh;143,53;143,53
12.08.2025;CEST;23:15;23:30;EUR/MWh;117,59;117,59
12.08.2025;CEST;23:30;23:45;EUR/MWh;108,43;108,43
12.08.2025;CEST;23:45;00:00;EUR/MWh;100,66;100,66
13.08.2025;CEST;00:00;00:15;EUR/MWh;124,78;124,78
13.08.2025;CEST;00:15;00:30;EUR/MWh;139,45;139,45
13.08.2025;CEST;00:30;00:45;EUR/MWh;150,14;150,14
13.08.2025;CEST;00:45;01:00;EUR/MWh;118,1;118,1
13.08.2025;CEST;01:00;01:15;EUR/MWh;168,3;168,3
13.08.2025;CEST;01:15;01:30;EUR/MWh;129,36;129,36
13.08.2025;CEST;01:30;01:45;EUR/MWh;117,94;117,94
13.08.2025;CEST;01:45;02:00;EUR/MWh;121,12;121,12
13.08.2025;CEST;02:00;02:15;EUR/MWh;139,75;139,75
13.08.2025;CEST;02:15;02:30;EUR/MWh;137,55;137,55
13.08.2025;CEST;02:30;02:45;EUR/MWh;149,15;149,15
13.08.2025;CEST;02:45;03:00;EUR/MWh;135,32;135,32
13.08.2025;CEST;03:00;03:15;EUR/MWh;103,69;103,69
13.08.2025;CEST;03:15;03:30;EUR/MWh;88,27;88,27
13.08.2025;CEST;03:30;03:45;EUR/MWh;78,4;78,4
13.08.2025;CEST;03:45;04:00;EUR/MWh;64,46;64,46
13.08.2025;CEST;04:00;04:15;EUR/MWh;62,1;62,1
13.08.2025;CEST;04:15;04:30;EUR/MWh;61,51;61,51
13.08.2025;CEST;04:30;04:45;EUR/MWh;70,95;70,95
13.08.2025;CEST;04:45;05:00;EUR/MWh;78,84;78,84
13.08.2025;CEST;05:00;05:15;EUR/MWh;81,08;81,08
13.08.2025;CEST;05:15;05:30;EUR/MWh;95;95
13.08.2025;CEST;05:30;05:45;EUR/MWh;90,23;90,23
13.08.2025;CEST;05:45;06:00;EUR/MWh;107,94;107,94
13.08.2025;CEST;06:00;06:15;EUR/MWh;79,81;79,81
13.08.2025;CEST;06:15;06:30;EUR/MWh;78,86;78,86
13.08.2025;CEST;06:30;06:45;EUR/MWh;96,21;96,21
13.08.2025;CEST;06:45;07:00;EUR/MWh;98,09;98,09
13.08.2025;CEST;07:00;07:15;EUR/MWh;100,96;100,96
13.08.2025;CEST;07:15;07:30;EUR/MWh;88,23;88,23
13.08.2025;CEST;07:30;07:45;EUR/MWh;76,04;76,04
13.08.2025;CEST;07:45;08:00;EUR/MWh;100,03;100,03
13.08.2025;CEST;08:00;08:15;EUR/MWh;107,25;107,25
13.08.2025;CEST;08:15;08:30;EUR/MWh;109,39;109,39
13.08.2025;CEST;08:30;08:45;EUR/MWh;112,27;112,27
13.08.2025;CEST;08:45;09:00;EUR/MWh;134,8;134,8
13.08.2025;CEST;09:00;09:15;EUR/MWh;101,12;101,12
13.08.2025;CEST;09:15;09:30;EUR/MWh;92,44;92,44
13.08.2025;CEST;09:30;09:45;EUR/MWh;106,83;106,83
13.08.2025;CEST;09:45;10:00;EUR/MWh;124,25;124,25
13.08.2025;CEST;10:00;10:15;EUR/MWh;104,16;104,16
13.08.2025;CEST;10:15;10:30;EUR/MWh;140,12;140,12
13.08.2025;CEST;10:30;10:45;EUR/MWh;102,71;102,71
13.08.2025;CEST;10:45;11:00;EUR/MWh;98,86;98,86
13.08.2025;CEST;11:00;11:15;EUR/MWh;99,95;99,95
13.08.2025;CEST;11:15;11:30;EUR/MWh;108,12;108,12
13.08.2025;CEST;11:30;11:45;EUR/MWh;96,77;96,77
13.08.2025;CEST;11:45;12:00;EUR/MWh;96,74;96,74
13.08.2025;CEST;12:00;12:15;EUR/MWh;46,94;46,94
13.08.2025;CEST;12:15;12:30;EUR/MWh;42,71;42,71
13.08.2025;CEST;12:30;12:45;EUR/MWh;21,54;21,54
13.08.2025;CEST;12:45;13:00;EUR/MWh;-10,31;-10,31
13.08.2025;CEST;13:00;13:15;EUR/MWh;-2,06;-2,06
13.08.2025;CEST;13:15;13:30;EUR/MWh;-9,93;-9,93
13.08.2025;CEST;13:30;13:45;EUR/MWh;-13,63;-13,63
13.08.2025;CEST;13:45;14:00;EUR/MWh;17,63;17,63
13.08.2025;CEST;14:00;14:15;EUR/MWh;68,01;68,01
13.08.2025;CEST;14:15;14:30;EUR/MWh;78,09;78,09
13.08.2025;CEST;14:30;14:45;EUR/MWh;105,8;105,8
13.08.2025;CEST;14:45;15:00;EUR/MWh;116,57;116,57
13.08.2025;CEST;15:00;15:15;EUR/MWh;117,23;117,23
13.08.2025;CEST;15:15;15:30;EUR/MWh;113,23;113,23
13.08.2025;CEST;15:30;15:45;EUR/MWh;129,14;129,14
13.08.2025;CEST;15:45;16:00;EUR/MWh;125,2;125,2
13.08.2025;CEST;16:00;16:15;EUR/MWh;70,88;70,88
13.08.2025;CEST;16:15;16:30;EUR/MWh;101,18;101,18
13.08.2025;CEST;16:30;16:45;EUR/MWh;136,31;136,31
13.08.2025;CEST;16:45;17:00;EUR/MWh;137,98;137,98
13.08.2025;CEST;17:00;17:15;EUR/MWh;103,48;103,48
13.08.2025;CEST;17:15;17:30;EUR/MWh;138,79;138,79
13.08.2025;CEST;17:30;17:45;EUR/MWh;185,03;185,03
13.08.2025;CEST;17:45;18:00;EUR/MWh;154,43;154,43
13.08.2025;CEST;18:00;18:15;EUR/MWh;132,06;132,06
13.08.2025;CEST;18:15;18:30;EUR/MWh;146,63;146,63
13.08.2025;CEST;18:30;18:45;EUR/MWh;204,21;204,21
13.08.2025;CEST;18:45;19:00;EUR/MWh;184,56;184,56
13.08.2025;CEST;19:00;19:15;EUR/MWh;118,53;118,53
13.08.2025;CEST;19:15;19:30;EUR/MWh;165,4;165,4
13.08.2025;CEST;19:30;19:45;EUR/MWh;213,51;213,51
13.08.2025;CEST;19:45;20:00;EUR/MWh;294,11;294,11
13.08.2025;CEST;20:00;20:15;EUR/MWh;193,69;193,69
13.08.2025;CEST;20:15;20:30;EUR/MWh;81,85;81,85
13.08.2025;CEST;20:30;20:45;EUR/MWh;99,17;99,17
13.08.2025;CEST;20:45;21:00;EUR/MWh;102,36;102,36
13.08.2025;CEST;21:00;21:15;EUR/MWh;158,91;158,91
13.08.2025;CEST;21:15;21:30;EUR/MWh;76,74;76,74
13.08.2025;CEST;21:30;21:45;EUR/MWh;67,06;67,06
13.08.2025;CEST;21:45;22:00;EUR/MWh;61,93;61,93
13.08.2025;CEST;22:00;22:15;EUR/MWh;108,96;108,96
13.08.2025;CEST;22:15;22:30;EUR/MWh;80,59;80,59
13.08.2025;CEST;22:30;22:45;EUR/MWh;57,76;57,76
13.08.2025;CEST;22:45;23:00;EUR/MWh;63,1;63,1
13.08.2025;CEST;23:00;23:15;EUR/MWh;77,67;77,67
13.08.2025;CEST;23:15;23:30;EUR/MWh;56,72;56,72
13.08.2025;CEST;23:30;23:45;EUR/MWh;69,95;69,95
13.08.2025;CEST;23:45;00:00;EUR/MWh;60,25;60,25
14.08.2025;CEST;00:00;00:15;EUR/MWh;95,27;95,27
14.08.2025;CEST;00:15;00:30;EUR/MWh;85,6;85,6
14.08.2025;CEST;00:30;00:45;EUR/MWh;96,13;96,13
14.08.2025;CEST;00:45;01:00;EUR/MWh;100,67;100,67
14.08.2025;CEST;01:00;01:15;EUR/MWh;113,22;113,22
14.08.2025;CEST;01:15;01:30;EUR/MWh;116,97;116,97
14.08.2025;CEST;01:30;01:45;EUR/MWh;107,51;107,51
14.08.2025;CEST;01:45;02:00;EUR/MWh;103,32;103,32
14.08.2025;CEST;02:00;02:15;EUR/MWh;117,72;117,72
14.08.2025;CEST;02:15;02:30;EUR/MWh;117,23;117,23
14.08.2025;CEST;02:30;02:45;EUR/MWh;119,35;119,35
14.08.2025;CEST;02:45;03:00;EUR/MWh;115,18;115,18
14.08.2025;CEST;03:00;03:15;EUR/MWh;99,95;99,95
14.08.2025;CEST;03:15;03:30;EUR/MWh;116,25;116,25
14.08.2025;CEST;03:30;03:45;EUR/MWh;116,78;116,78
14.08.2025;CEST;03:45;04:00;EUR/MWh;124,29;124,29
14.08.2025;CEST;04:00;04:15;EUR/MWh;129,81;129,81
14.08.2025;CEST;04:15;04:30;EUR/MWh;136,91;136,91
14.08.2025;CEST;04:30;04:45;EUR/MWh;122,8;122,8
14.08.2025;CEST;04:45;05:00;EUR/MWh;128,31;128,31
14.08.2025;CEST;05:00;05:15;EUR/MWh;110,08;110,08
14.08.2025;CEST;05:15;05:30;EUR/MWh;145,98;145,98
14.08.2025;CEST;05:30;05:45;EUR/MWh;149,84;149,84
14.08.2025;CEST;05:45;06:00;EUR/MWh;149,46;149,46
14.08.2025;CEST;06:00;06:15;EUR/MWh;111,67;111,67
14.08.2025;CEST;06:15;06:30;EUR/MWh;108,13;108,13
14.08.2025;CEST;06:30;06:45;EUR/MWh;113,25;113,25
14.08.2025;CEST;06:45;07:00;EUR/MWh;80,24;80,24
14.08.2025;CEST;07:00;07:15;EUR/MWh;140,4;140,4
14.08.2025;CEST;07:15;07:30;EUR/MWh;124,71;124,71
14.08.2025;CEST;07:30;07:45;EUR/MWh;120,38;120,38
14.08.2025;CEST;07:45;08:00;EUR/MWh;139,82;139,82
14.08.2025;CEST;08:00;08:15;EUR/MWh;139,55;139,55
14.08.2025;CEST;08:15;08:30;EUR/MWh;146,94;146,94
14.08.2025;CEST;08:30;08:45;EUR/MWh;125,33;125,33
14.08.2025;CEST;08:45;09:00;EUR/MWh;101,2;101,2
14.08.2025;CEST;09:00;09:15;EUR/MWh;122,91;122,91
14.08.2025;CEST;09:15;09:30;EUR/MWh;131,38;131,38
14.08.2025;CEST;09:30;09:45;EUR/MWh;121,54;121,54
14.08.2025;CEST;09:45;10:00;EUR/MWh;166,5;166,5
14.08.2025;CEST;10:00;10:15;EUR/MWh;139,54;139,54
14.08.2025;CEST;10:15;10:30;EUR/MWh;141,61;141,61
14.08.2025;CEST;10:30;10:45;EUR/MWh;51,64;51,64
14.08.2025;CEST;10:45;11:00;EUR/MWh;51,32;51,32
14.08.2025;CEST;11:00;11:15;EUR/MWh;36,67;36,67
14.08.2025;CEST;11:15;11:30;EUR/MWh;16,59;16,59
14.08.2025;CEST;11:30;11:45;EUR/MWh;-1,08;-1,08
14.08.2025;CEST;11:45;12:00;EUR/MWh;83,43;83,43
14.08.2025;CEST;12:00;12:15;EUR/MWh;53;53
14.08.2025;CEST;12:15;12:30;EUR/MWh;29,23;29,23
14.08.2025;CEST;12:30;12:45;EUR/MWh;27,37;27,37
14.08.2025;CEST;12:45;13:00;EUR/MWh;-11,55;-11,55
14.08.2025;CEST;13:00;13:15;EUR/MWh;-3,71;-3,71
14.08.2025;CEST;13:15;13:30;EUR/MWh;48,68;48,68
14.08.2025;CEST;13:30;13:45;EUR/MWh;73,69;73,69
14.08.2025;CEST;13:45;14:00;EUR/MWh;105,95;105,95
14.08.2025;CEST;14:00;14:15;EUR/MWh;127,32;127,32
14.08.2025;CEST;14:15;14:30;EUR/MWh;215,33;215,33
14.08.2025;CEST;14:30;14:45;EUR/MWh;137,71;137,71
14.08.2025;CEST;14:45;15:00;EUR/MWh;131,22;131,22
14.08.2025;CEST;15:00;15:15;EUR/MWh;91,56;91,56
14.08.2025;CEST;15:15;15:30;EUR/MWh;93,79;93,79
14.08.2025;CEST;15:30;15:45;EUR/MWh;131,09;131,09
14.08.2025;CEST;15:45;16:00;EUR/MWh;98,7;98,7
14.08.2025;CEST;16:00;16:15;EUR/MWh;87,58;87,58
14.08.2025;CEST;16:15;16:30;EUR/MWh;121,88;121,88
14.08.2025;CEST;16:30;16:45;EUR/MWh;145,05;145,05
14.08.2025;CEST;16:45;17:00;EUR/MWh;143,9;143,9
14.08.2025;CEST;17:00;17:15;EUR/MWh;111,98;111,98
14.08.2025;CEST;17:15;17:30;EUR/MWh;37,63;37,63
14.08.2025;CEST;17:30;17:45;EUR/MWh;147,5;147,5
14.08.2025;CEST;17:45;18:00;EUR/MWh;132,85;132,85
14.08.2025;CEST;18:00;18:15;EUR/MWh;49,67;49,67
14.08.2025;CEST;18:15;18:30;EUR/MWh;127,76;127,76
14.08.2025;CEST;18:30;18:45;EUR/MWh;146,05;146,05
14.08.2025;CEST;18:45;19:00;EUR/MWh;156,82;156,82
14.08.2025;CEST;19:00;19:15;EUR/MWh;134,73;134,73
14.08.2025;CEST;19:15;19:30;EUR/MWh;170,39;170,39
14.08.2025;CEST;19:30;19:45;EUR/MWh;260,28;260,28
14.08.2025;CEST;19:45;20:00;EUR/MWh;622,66;622,66
14.08.2025;CEST;20:00;20:15;EUR/MWh;96,41;96,41
14.08.2025;CEST;20:15;20:30;EUR/MWh;187,38;187,38
14.08.2025;CEST;20:30;20:45;EUR/MWh;142,88;142,88
14.08.2025;CEST;20:45;21:00;EUR/MWh;167,03;167,03
14.08.2025;CEST;21:00;21:15;EUR/MWh;247,39;247,39
14.08.2025;CEST;21:15;21:30;EUR/MWh;219,36;219,36
14.08.2025;CEST;21:30;21:45;EUR/MWh;140,06;140,06
14.08.2025;CEST;21:45;22:00;EUR/MWh;109,1;109,1
14.08.2025;CEST;22:00;22:15;EUR/MWh;103,63;103,63
14.08.2025;CEST;22:15;22:30;EUR/MWh;83,98;83,98
14.08.2025;CEST;22:30;22:45;EUR/MWh;78,89;78,89
14.08.2025;CEST;22:45;23:00;EUR/MWh;71,1;71,1
14.08.2025;CEST;23:00;23:15;EUR/MWh;115,01;115,01
14.08.2025;CEST;23:15;23:30;EUR/MWh;79,57;79,57
14.08.2025;CEST;23:30;23:45;EUR/MWh;97,23;97,23
14.08.2025;CEST;23:45;00:00;EUR/MWh;95,1;95,1
15.08.2025;CEST;00:00;00:15;EUR/MWh;132,21;132,21
15.08.2025;CEST;00:15;00:30;EUR/MWh;129,85;129,85
15.08.2025;CEST;00:30;00:45;EUR/MWh;87,56;87,56
15.08.2025;CEST;00:45;01:00;EUR/MWh;78,66;78,66
15.08.2025;CEST;01:00;01:15;EUR/MWh;134,39;134,39
15.08.2025;CEST;01:15;01:30;EUR/MWh;128,26;128,26
15.08.2025;CEST;01:30;01:45;EUR/MWh;124,76;124,76
15.08.2025;CEST;01:45;02:00;EUR/MWh;134,28;134,28
15.08.2025;CEST;02:00;02:15;EUR/MWh;130,38;130,38
15.08.2025;CEST;02:15;02:30;EUR/MWh;84,05;84,05
15.08.2025;CEST;02:30;02:45;EUR/MWh;78,86;78,86
15.08.2025;CEST;02:45;03:00;EUR/MWh;68,22;68,22
15.08.2025;CEST;03:00;03:15;EUR/MWh;73,71;73,71
15.08.2025;CEST;03:15;03:30;EUR/MWh;83,38;83,38
15.08.2025;CEST;03:30;03:45;EUR/MWh;90,95;90,95
15.08.2025;CEST;03:45;04:00;EUR/MWh;87,5;87,5
15.08.2025;CEST;04:00;04:15;EUR/MWh;77,41;77,41
15.08.2025;CEST;04:15;04:30;EUR/MWh;69;69
15.08.2025;CEST;04:30;04:45;EUR/MWh;65,18;65,18
15.08.2025;CEST;04:45;05:00;EUR/MWh;61,15;61,15
15.08.2025;CEST;05:00;05:15;EUR/MWh;106,02;106,02
15.08.2025;CEST;05:15;05:30;EUR/MWh;102,11;102,11
15.08.2025;CEST;05:30;05:45;EUR/MWh;115,19;115,19
15.08.2025;CEST;05:45;06:00;EUR/MWh;114,13;114,13
15.08.2025;CEST;06:00;06:15;EUR/MWh;116,36;116,36
15.08.2025;CEST;06:15;06:30;EUR/MWh;88,48;88,48
15.08.2025;CEST;06:30;06:45;EUR/MWh;97,81;97,81
15.08.2025;CEST;06:45;07:00;EUR/MWh;91,43;91,43
15.08.2025;CEST;07:00;07:15;EUR/MWh;115,47;115,47
15.08.2025;CEST;07:15;07:30;EUR/MWh;427,53;427,53
15.08.2025;CEST;07:30;07:45;EUR/MWh;132,74;132,74
15.08.2025;CEST;07:45;08:00;EUR/MWh;119,32;119,32
15.08.2025;CEST;08:00;08:15;EUR/MWh;163,52;163,52
15.08.2025;CEST;08:15;08:30;EUR/MWh;148,8;148,8
15.08.2025;CEST;08:30;08:45;EUR/MWh;181,23;181,23
15.08.2025;CEST;08:45;09:00;EUR/MWh;198,64;198,64
15.08.2025;CEST;09:00;09:15;EUR/MWh;314,3;314,3
15.08.2025;CEST;09:15;09:30;EUR/MWh;387,55;387,55
15.08.2025;CEST;09:30;09:45;EUR/MWh;104,83;104,83
15.08.2025;CEST;09:45;10:00;EUR/MWh;65,61;65,61
15.08.2025;CEST;10:00;10:15;EUR/MWh;44,05;44,05
15.08.2025;CEST;10:15;10:30;EUR/MWh;-13,17;-13,17
15.08.2025;CEST;10:30;10:45;EUR/MWh;117,14;117,14
15.08.2025;CEST;10:45;11:00;EUR/MWh;-17,5;-17,5
15.08.2025;CEST;11:00;11:15;EUR/MWh;-1,85;-1,85
15.08.2025;CEST;11:15;11:30;EUR/MWh;-8,94;-8,94
15.08.2025;CEST;11:30;11:45;EUR/MWh;-19,25;-19,25
15.08.2025;CEST;11:45;12:00;EUR/MWh;-22,04;-22,04
15.08.2025;CEST;12:00;12:15;EUR/MWh;-12,65;-12,65
15.08.2025;CEST;12:15;12:30;EUR/MWh;-17,6;-17,6
15.08.2025;CEST;12:30;12:45;EUR/MWh;29,8;29,8
15.08.2025;CEST;12:45;13:00;EUR/MWh;-35,58;-35,58
15.08.2025;CEST;13:00;13:15;EUR/MWh;-15,75;-15,75
15.08.2025;CEST;13:15;13:30;EUR/MWh;-16,88;-16,88
15.08.2025;CEST;13:30;13:45;EUR/MWh;-32,18;-32,18
15.08.2025;CEST;13:45;14:00;EUR/MWh;-32,18;-32,18
15.08.2025;CEST;14:00;14:15;EUR/MWh;-20,25;-20,25
15.08.2025;CEST;14:15;14:30;EUR/MWh;-19,76;-19,76
15.08.2025;CEST;14:30;14:45;EUR/MWh;-12,12;-12,12
15.08.2025;CEST;14:45;15:00;EUR/MWh;-7,76;-7,76
15.08.2025;CEST;15:00;15:15;EUR/MWh;-16,25;-16,25
15.08.2025;CEST;15:15;15:30;EUR/MWh;-5,84;-5,84
15.08.2025;CEST;15:30;15:45;EUR/MWh;-5,51;-5,51
15.08.2025;CEST;15:45;16:00;EUR/MWh;0,99;0,99
15.08.2025;CEST;16:00;16:15;EUR/MWh;-10,29;-10,29
15.08.2025;CEST;16:15;16:30;EUR/MWh;3,24;3,24
15.08.2025;CEST;16:30;16:45;EUR/MWh;97,24;97,24
15.08.2025;CEST;16:45;17:00;EUR/MWh;127,8;127,8
15.08.2025;CEST;17:00;17:15;EUR/MWh;87,24;87,24
15.08.2025;CEST;17:15;17:30;EUR/MWh;76,47;76,47
15.08.2025;CEST;17:30;17:45;EUR/MWh;126,81;126,81
15.08.2025;CEST;17:45;18:00;EUR/MWh;112,94;112,94
15.08.2025;CEST;18:00;18:15;EUR/MWh;94,36;94,36
15.08.2025;CEST;18:15;18:30;EUR/MWh;111,17;111,17
15.08.2025;CEST;18:30;18:45;EUR/MWh;25,45;25,45
15.08.2025;CEST;18:45;19:00;EUR/MWh;104,82;104,82
15.08.2025;CEST;19:00;19:15;EUR/MWh;92,72;92,72
15.08.2025;CEST;19:15;19:30;EUR/MWh;110,96;110,96
15.08.2025;CEST;19:30;19:45;EUR/MWh;127,74;127,74
15.08.2025;CEST;19:45;20:00;EUR/MWh;207,36;207,36
15.08.2025;CEST;20:00;20:15;EUR/MWh;150,23;150,23
15.08.2025;CEST;20:15;20:30;EUR/MWh;113,65;113,65
15.08.2025;CEST;20:30;20:45;EUR/MWh;92,83;92,83
15.08.2025;CEST;20:45;21:00;EUR/MWh;120;120
15.08.2025;CEST;21:00;21:15;EUR/MWh;107,94;107,94
15.08.2025;CEST;21:15;21:30;EUR/MWh;77,53;77,53
15.08.2025;CEST;21:30;21:45;EUR/MWh;78,95;78,95
15.08.2025;CEST;21:45;22:00;EUR/MWh;70,6;70,6
15.08.2025;CEST;22:00;22:15;EUR/MWh;121,25;121,25
15.08.2025;CEST;22:15;22:30;EUR/MWh;101,21;101,21
15.08.2025;CEST;22:30;22:45;EUR/MWh;109,93;109,93
15.08.2025;CEST;22:45;23:00;EUR/MWh;118,2;118,2
15.08.2025;CEST;23:00;23:15;EUR/MWh;129,26;129,26
15.08.2025;CEST;23:15;23:30;EUR/MWh;111,68;111,68
15.08.2025;CEST;23:30;23:45;EUR/MWh;106,97;106,97
15.08.2025;CEST;23:45;00:00;EUR/MWh;110,34;110,34
16.08.2025;CEST;00:00;00:15;EUR/MWh;111,91;111,91
16.08.2025;CEST;00:15;00:30;EUR/MWh;132,03;132,03
16.08.2025;CEST;00:30;00:45;EUR/MWh;116,06;116,06
16.08.2025;CEST;00:45;01:00;EUR/MWh;61,63;61,63
16.08.2025;CEST;01:00;01:15;EUR/MWh;72,66;72,66
16.08.2025;CEST;01:15;01:30;EUR/MWh;68,44;68,44
16.08.2025;CEST;01:30;01:45;EUR/MWh;86,75;86,75
16.08.2025;CEST;01:45;02:00;EUR/MWh;72,67;72,67
16.08.2025;CEST;02:00;02:15;EUR/MWh;81,54;81,54
16.08.2025;CEST;02:15;02:30;EUR/MWh;70,62;70,62
16.08.2025;CEST;02:30;02:45;EUR/MWh;80,65;80,65
16.08.2025;CEST;02:45;03:00;EUR/MWh;81,57;81,57
16.08.2025;CEST;03:00;03:15;EUR/MWh;90,89;90,89
16.08.2025;CEST;03:15;03:30;EUR/MWh;58,96;58,96
16.08.2025;CEST;03:30;03:45;EUR/MWh;50,9;50,9
16.08.2025;CEST;03:45;04:00;EUR/MWh;40,09;40,09
16.08.2025;CEST;04:00;04:15;EUR/MWh;95,94;95,94
16.08.2025;CEST;04:15;04:30;EUR/MWh;54,28;54,28
16.08.2025;CEST;04:30;04:45;EUR/MWh;61,08;61,08
16.08.2025;CEST;04:45;05:00;EUR/MWh;73,87;73,87
16.08.2025;CEST;05:00;05:15;EUR/MWh;86,99;86,99
16.08.2025;CEST;05:15;05:30;EUR/MWh;93,62;93,62
16.08.2025;CEST;05:30;05:45;EUR/MWh;107,35;107,35
16.08.2025;CEST;05:45;06:00;EUR/MWh;105,48;105,48
16.08.2025;CEST;06:00;06:15;EUR/MWh;101,05;101,05
16.08.2025;CEST;06:15;06:30;EUR/MWh;55,5;55,5
16.08.2025;CEST;06:30;06:45;EUR/MWh;44,88;44,88
16.08.2025;CEST;06:45;07:00;EUR/MWh;102,97;102,97
16.08.2025;CEST;07:00;07:15;EUR/MWh;111,4;111,4
16.08.2025;CEST;07:15;07:30;EUR/MWh;115,61;115,61
16.08.2025;CEST;07:30;07:45;EUR/MWh;127,28;127,28
16.08.2025;CEST;07:45;08:00;EUR/MWh;134,88;134,88
16.08.2025;CEST;08:00;08:15;EUR/MWh;147,88;147,88
16.08.2025;CEST;08:15;08:30;EUR/MWh;140,98;140,98
16.08.2025;CEST;08:30;08:45;EUR/MWh;145,66;145,66
16.08.2025;CEST;08:45;09:00;EUR/MWh;123,95;123,95
16.08.2025;CEST;09:00;09:15;EUR/MWh;131,05;131,05
16.08.2025;CEST;09:15;09:30;EUR/MWh;115,56;115,56
16.08.2025;CEST;09:30;09:45;EUR/MWh;76,24;76,24
16.08.2025;CEST;09:45;10:00;EUR/MWh;84,16;84,16
16.08.2025;CEST;10:00;10:15;EUR/MWh;124,06;124,06
16.08.2025;CEST;10:15;10:30;EUR/MWh;135,33;135,33
16.08.2025;CEST;10:30;10:45;EUR/MWh;108,24;108,24
16.08.2025;CEST;10:45;11:00;EUR/MWh;90,48;90,48
16.08.2025;CEST;11:00;11:15;EUR/MWh;115,57;115,57
16.08.2025;CEST;11:15;11:30;EUR/MWh;121,29;121,29
16.08.2025;CEST;11:30;11:45;EUR/MWh;105,76;105,76
16.08.2025;CEST;11:45;12:00;EUR/MWh;88,94;88,94
16.08.2025;CEST;12:00;12:15;EUR/MWh;127,11;127,11
16.08.2025;CEST;12:15;12:30;EUR/MWh;337,81;337,81
16.08.2025;CEST;12:30;12:45;EUR/MWh;121,85;121,85
16.08.2025;CEST;12:45;13:00;EUR/MWh;111,83;111,83
16.08.2025;CEST;13:00;13:15;EUR/MWh;134,98;134,98
16.08.2025;CEST;13:15;13:30;EUR/MWh;38,23;38,23
16.08.2025;CEST;13:30;13:45;EUR/MWh;49,16;49,16
16.08.2025;CEST;13:45;14:00;EUR/MWh;34,29;34,29
16.08.2025;CEST;14:00;14:15;EUR/MWh;29;29
16.08.2025;CEST;14:15;14:30;EUR/MWh;9,13;9,13
16.08.2025;CEST;14:30;14:45;EUR/MWh;-10,19;-10,19
16.08.2025;CEST;14:45;15:00;EUR/MWh;14,29;14,29
16.08.2025;CEST;15:00;15:15;EUR/MWh;9,48;9,48
16.08.2025;CEST;15:15;15:30;EUR/MWh;5,15;5,15
16.08.2025;CEST;15:30;15:45;EUR/MWh;-4,17;-4,17
16.08.2025;CEST;15:45;16:00;EUR/MWh;6,87;6,87
16.08.2025;CEST;16:00;16:15;EUR/MWh;48,77;48,77
16.08.2025;CEST;16:15;16:30;EUR/MWh;2,47;2,47
16.08.2025;CEST;16:30;16:45;EUR/MWh;23,74;23,74
16.08.2025;CEST;16:45;17:00;EUR/MWh;93,29;93,29
16.08.2025;CEST;17:00;17:15;EUR/MWh;76,38;76,38
16.08.2025;CEST;17:15;17:30;EUR/MWh;125,05;125,05
16.08.2025;CEST;17:30;17:45;EUR/MWh;115,25;115,25
16.08.2025;CEST;17:45;18:00;EUR/MWh;126,63;126,63
16.08.2025;CEST;18:00;18:15;EUR/MWh;119,31;119,31
16.08.2025;CEST;18:15;18:30;EUR/MWh;104,82;104,82
16.08.2025;CEST;18:30;18:45;EUR/MWh;124,95;124,95
16.08.2025;CEST;18:45;19:00;EUR/MWh;104,39;104,39
16.08.2025;CEST;19:00;19:15;EUR/MWh;69,38;69,38
16.08.2025;CEST;19:15;19:30;EUR/MWh;91,48;91,48
16.08.2025;CEST;19:30;19:45;EUR/MWh;86,81;86,81
16.08.2025;CEST;19:45;20:00;EUR/MWh;125,76;125,76
16.08.2025;CEST;20:00;20:15;EUR/MWh;115,69;115,69
16.08.2025;CEST;20:15;20:30;EUR/MWh;136,5;136,5
16.08.2025;CEST;20:30;20:45;EUR/MWh;45,99;45,99
16.08.2025;CEST;20:45;21:00;EUR/MWh;95,33;95,33
16.08.2025;CEST;21:00;21:15;EUR/MWh;143,75;143,75
16.08.2025;CEST;21:15;21:30;EUR/MWh;146,07;146,07
16.08.2025;CEST;21:30;21:45;EUR/MWh;117;117
16.08.2025;CEST;21:45;22:00;EUR/MWh;80,51;80,51
16.08.2025;CEST;22:00;22:15;EUR/MWh;149,58;149,58
16.08.2025;CEST;22:15;22:30;EUR/MWh;119,12;119,12
16.08.2025;CEST;22:30;22:45;EUR/MWh;143,24;143,24
16.08.2025;CEST;22:45;23:00;EUR/MWh;137,15;137,15
16.08.2025;CEST;23:00;23:15;EUR/MWh;131,76;131,76
16.08.2025;CEST;23:15;23:30;EUR/MWh;110,31;110,31
16.08.2025;CEST;23:30;23:45;EUR/MWh;80,91;80,91
16.08.2025;CEST;23:45;00:00;EUR/MWh;107,13;107,13
17.08.2025;CEST;00:00;00:15;EUR/MWh;110,08;110,08
17.08.2025;CEST;00:15;00:30;EUR/MWh;99,85;99,85
17.08.2025;CEST;00:30;00:45;EUR/MWh;78,71;78,71
17.08.2025;CEST;00:45;01:00;EUR/MWh;69,22;69,22
17.08.2025;CEST;01:00;01:15;EUR/MWh;72,92;72,92
17.08.2025;CEST;01:15;01:30;EUR/MWh;51,11;51,11
17.08.2025;CEST;01:30;01:45;EUR/MWh;36,22;36,22
17.08.2025;CEST;01:45;02:00;EUR/MWh;34,79;34,79
17.08.2025;CEST;02:00;02:15;EUR/MWh;48,32;48,32
17.08.2025;CEST;02:15;02:30;EUR/MWh;75,11;75,11
17.08.2025;CEST;02:30;02:45;EUR/MWh;98,98;98,98
17.08.2025;CEST;02:45;03:00;EUR/MWh;108,51;108,51
17.08.2025;CEST;03:00;03:15;EUR/MWh;80,21;80,21
17.08.2025;CEST;03:15;03:30;EUR/MWh;72,93;72,93
17.08.2025;CEST;03:30;03:45;EUR/MWh;70,82;70,82
17.08.2025;CEST;03:45;04:00;EUR/MWh;81,69;81,69
17.08.2025;CEST;04:00;04:15;EUR/MWh;64,58;64,58
17.08.2025;CEST;04:15;04:30;EUR/MWh;95,82;95,82
17.08.2025;CEST;04:30;04:45;EUR/MWh;123,4;123,4
17.08.2025;CEST;04:45;05:00;EUR/MWh;107,57;107,57
17.08.2025;CEST;05:00;05:15;EUR/MWh;110,51;110,51
17.08.2025;CEST;05:15;05:30;EUR/MWh;107,75;107,75
17.08.2025;CEST;05:30;05:45;EUR/MWh;104,3;104,3
17.08.2025;CEST;05:45;06:00;EUR/MWh;116,15;116,15
17.08.2025;CEST;06:00;06:15;EUR/MWh;99,7;99,7
17.08.2025;CEST;06:15;06:30;EUR/MWh;53,26;53,26
17.08.2025;CEST;06:30;06:45;EUR/MWh;61,29;61,29
17.08.2025;CEST;06:45;07:00;EUR/MWh;69,49;69,49
17.08.2025;CEST;07:00;07:15;EUR/MWh;66,68;66,68
17.08.2025;CEST;07:15;07:30;EUR/MWh;53,27;53,27
17.08.2025;CEST;07:30;07:45;EUR/MWh;48,25;48,25
17.08.2025;CEST;07:45;08:00;EUR/MWh;38,43;38,43
17.08.2025;CEST;08:00;08:15;EUR/MWh;98,84;98,84
17.08.2025;CEST;08:15;08:30;EUR/MWh;98,98;98,98
17.08.2025;CEST;08:30;08:45;EUR/MWh;121,33;121,33
17.08.2025;CEST;08:45;09:00;EUR/MWh;43,91;43,91
17.08.2025;CEST;09:00;09:15;EUR/MWh;63,38;63,38
17.08.2025;CEST;09:15;09:30;EUR/MWh;38,36;38,36
17.08.2025;CEST;09:30;09:45;EUR/MWh;15,45;15,45
17.08.2025;CEST;09:45;10:00;EUR/MWh;-3,64;-3,64
17.08.2025;CEST;10:00;10:15;EUR/MWh;0,23;0,23
17.08.2025;CEST;10:15;10:30;EUR/MWh;-13;-13
17.08.2025;CEST;10:30;10:45;EUR/MWh;-36,41;-36,41
17.08.2025;CEST;10:45;11:00;EUR/MWh;-38,87;-38,87
17.08.2025;CEST;11:00;11:15;EUR/MWh;-23,31;-23,31
17.08.2025;CEST;11:15;11:30;EUR/MWh;-28;-28
17.08.2025;CEST;11:30;11:45;EUR/MWh;-25,75;-25,75
17.08.2025;CEST;11:45;12:00;EUR/MWh;-0,02;-0,02
17.08.2025;CEST;12:00;12:15;EUR/MWh;57,18;57,18
17.08.2025;CEST;12:15;12:30;EUR/MWh;80,81;80,81
17.08.2025;CEST;12:30;12:45;EUR/MWh;106,45;106,45
17.08.2025;CEST;12:45;13:00;EUR/MWh;120,59;120,59
17.08.2025;CEST;13:00;13:15;EUR/MWh;45,45;45,45
17.08.2025;CEST;13:15;13:30;EUR/MWh;65,74;65,74
17.08.2025;CEST;13:30;13:45;EUR/MWh;71,92;71,92
17.08.2025;CEST;13:45;14:00;EUR/MWh;-7,48;-7,48
17.08.2025;CEST;14:00;14:15;EUR/MWh;-5,61;-5,61
17.08.2025;CEST;14:15;14:30;EUR/MWh;-11,04;-11,04
17.08.2025;CEST;14:30;14:45;EUR/MWh;-6,98;-6,98
17.08.2025;CEST;14:45;15:00;EUR/MWh;-15,84;-15,84
17.08.2025;CEST;15:00;15:15;EUR/MWh;-2,57;-2,57
17.08.2025;CEST;15:15;15:30;EUR/MWh;-10,92;-10,92
17.08.2025;CEST;15:30;15:45;EUR/MWh;-12,11;-12,11
17.08.2025;CEST;15:45;16:00;EUR/MWh;8,2;8,2
17.08.2025;CEST;16:00;16:15;EUR/MWh;-16,94;-16,94
17.08.2025;CEST;16:15;16:30;EUR/MWh;2,61;2,61
17.08.2025;CEST;16:30;16:45;EUR/MWh;108,88;108,88
17.08.2025;CEST;16:45;17:00;EUR/MWh;69,83;69,83
17.08.2025;CEST;17:00;17:15;EUR/MWh;65,74;65,74
17.08.2025;CEST;17:15;17:30;EUR/MWh;66,52;66,52
17.08.2025;CEST;17:30;17:45;EUR/MWh;139,23;139,23
17.08.2025;CEST;17:45;18:00;EUR/MWh;140,9;140,9
17.08.2025;CEST;18:00;18:15;EUR/MWh;95,51;95,51
17.08.2025;CEST;18:15;18:30;EUR/MWh;134,14;134,14
17.08.2025;CEST;18:30;18:45;EUR/MWh;154,94;154,94
17.08.2025;CEST;18:45;19:00;EUR/MWh;161,43;161,43
17.08.2025;CEST;19:00;19:15;EUR/MWh;34,55;34,55
17.08.2025;CEST;19:15;19:30;EUR/MWh;84,37;84,37
17.08.2025;CEST;19:30;19:45;EUR/MWh;128,48;128,48
17.08.2025;CEST;19:45;20:00;EUR/MWh;96,04;96,04
17.08.2025;CEST;20:00;20:15;EUR/MWh;97,97;97,97
17.08.2025;CEST;20:15;20:30;EUR/MWh;121,97;121,97
17.08.2025;CEST;20:30;20:45;EUR/MWh;154,94;154,94
17.08.2025;CEST;20:45;21:00;EUR/MWh;163,81;163,81
17.08.2025;CEST;21:00;21:15;EUR/MWh;179,25;179,25
17.08.2025;CEST;21:15;21:30;EUR/MWh;141,98;141,98
17.08.2025;CEST;21:30;21:45;EUR/MWh;124,19;124,19
17.08.2025;CEST;21:45;22:00;EUR/MWh;120,41;120,41
17.08.2025;CEST;22:00;22:15;EUR/MWh;139,81;139,81
17.08.2025;CEST;22:15;22:30;EUR/MWh;125,51;125,51
17.08.2025;CEST;22:30;22:45;EUR/MWh;118,89;118,89
17.08.2025;CEST;22:45;23:00;EUR/MWh;109,4;109,4
17.08.2025;CEST;23:00;23:15;EUR/MWh;139,9;139,9
17.08.2025;CEST;23:15;23:30;EUR/MWh;136,38;136,38
17.08.2025;CEST;23:30;23:45;EUR/MWh;117;117
17.08.2025;CEST;23:45;00:00;EUR/MWh;123,54;123,54
18.08.2025;CEST;00:00;00:15;EUR/MWh;120,17;120,17
18.08.2025;CEST;00:15;00:30;EUR/MWh;141,55;141,55
18.08.2025;CEST;00:30;00:45;EUR/MWh;114,99;114,99
18.08.2025;CEST;00:45;01:00;EUR/MWh;101,48;101,48
18.08.2025;CEST;01:00;01:15;EUR/MWh;150,38;150,38
18.08.2025;CEST;01:15;01:30;EUR/MWh;120,93;120,93
18.08.2025;CEST;01:30;01:45;EUR/MWh;103,51;103,51
18.08.2025;CEST;01:45;02:00;EUR/MWh;87,43;87,43
18.08.2025;CEST;02:00;02:15;EUR/MWh;102,42;102,42
18.08.2025;CEST;02:15;02:30;EUR/MWh;80,76;80,76
18.08.2025;CEST;02:30;02:45;EUR/MWh;74,17;74,17
18.08.2025;CEST;02:45;03:00;EUR/MWh;81,46;81,46
18.08.2025;CEST;03:00;03:15;EUR/MWh;83,07;83,07
18.08.2025;CEST;03:15;03:30;EUR/MWh;77,67;77,67
18.08.2025;CEST;03:30;03:45;EUR/MWh;74,17;74,17
18.08.2025;CEST;03:45;04:00;EUR/MWh;80,48;80,48
18.08.2025;CEST;04:00;04:15;EUR/MWh;70,12;70,12
18.08.2025;CEST;04:15;04:30;EUR/MWh;82,86;82,86
18.08.2025;CEST;04:30;04:45;EUR/MWh;76,88;76,88
18.08.2025;CEST;04:45;05:00;EUR/MWh;81,24;81,24
18.08.2025;CEST;05:00;05:15;EUR/MWh;83,17;83,17
18.08.2025;CEST;05:15;05:30;EUR/MWh;92,16;92,16
18.08.2025;CEST;05:30;05:45;EUR/MWh;79,92;79,92
18.08.2025;CEST;05:45;06:00;EUR/MWh;113,38;113,38
18.08.2025;CEST;06:00;06:15;EUR/MWh;120,63;120,63
18.08.2025;CEST;06:15;06:30;EUR/MWh;114,45;114,45
18.08.2025;CEST;06:30;06:45;EUR/MWh;124,49;124,49
18.08.2025;CEST;06:45;07:00;EUR/MWh;106,42;106,42
18.08.2025;CEST;07:00;07:15;EUR/MWh;113,65;113,65
18.08.2025;CEST;07:15;07:30;EUR/MWh;98,77;98,77
18.08.2025;CEST;07:30;07:45;EUR/MWh;86,07;86,07
18.08.2025;CEST;07:45;08:00;EUR/MWh;86,06;86,06
18.08.2025;CEST;08:00;08:15;EUR/MWh;131,44;131,44
18.08.2025;CEST;08:15;08:30;EUR/MWh;130;130
18.08.2025;CEST;08:30;08:45;EUR/MWh;100,04;100,04
18.08.2025;CEST;08:45;09:00;EUR/MWh;82,28;82,28
18.08.2025;CEST;09:00;09:15;EUR/MWh;116,82;116,82
18.08.2025;CEST;09:15;09:30;EUR/MWh;77,44;77,44
18.08.2025;CEST;09:30;09:45;EUR/MWh;104,67;104,67
18.08.2025;CEST;09:45;10:00;EUR/MWh;63,69;63,69
18.08.2025;CEST;10:00;10:15;EUR/MWh;86,59;86,59
18.08.2025;CEST;10:15;10:30;EUR/MWh;45,7;45,7
18.08.2025;CEST;10:30;10:45;EUR/MWh;98,69;98,69
18.08.2025;CEST;10:45;11:00;EUR/MWh;32,18;32,18
18.08.2025;CEST;11:00;11:15;EUR/MWh;97,22;97,22
18.08.2025;CEST;11:15;11:30;EUR/MWh;96,78;96,78
18.08.2025;CEST;11:30;11:45;EUR/MWh;77,2;77,2
18.08.2025;CEST;11:45;12:00;EUR/MWh;60,51;60,51
18.08.2025;CEST;12:00;12:15;EUR/MWh;91,78;91,78
18.08.2025;CEST;12:15;12:30;EUR/MWh;55,46;55,46
18.08.2025;CEST;12:30;12:45;EUR/MWh;39,29;39,29
18.08.2025;CEST;12:45;13:00;EUR/MWh;4,56;4,56
18.08.2025;CEST;13:00;13:15;EUR/MWh;64,71;64,71
18.08.2025;CEST;13:15;13:30;EUR/MWh;53;53
18.08.2025;CEST;13:30;13:45;EUR/MWh;52,05;52,05
18.08.2025;CEST;13:45;14:00;EUR/MWh;31,2;31,2
18.08.2025;CEST;14:00;14:15;EUR/MWh;43,81;43,81
18.08.2025;CEST;14:15;14:30;EUR/MWh;62,59;62,59
18.08.2025;CEST;14:30;14:45;EUR/MWh;85,14;85,14
18.08.2025;CEST;14:45;15:00;EUR/MWh;74,85;74,85
18.08.2025;CEST;15:00;15:15;EUR/MWh;61,87;61,87
18.08.2025;CEST;15:15;15:30;EUR/MWh;54,46;54,46
18.08.2025;CEST;15:30;15:45;EUR/MWh;38,93;38,93
18.08.2025;CEST;15:45;16:00;EUR/MWh;42,59;42,59
18.08.2025;CEST;16:00;16:15;EUR/MWh;43,42;43,42
18.08.2025;CEST;16:15;16:30;EUR/MWh;51,42;51,42
18.08.2025;CEST;16:30;16:45;EUR/MWh;65,53;65,53
18.08.2025;CEST;16:45;17:00;EUR/MWh;95,56;95,56
18.08.2025;CEST;17:00;17:15;EUR/MWh;80,98;80,98
18.08.2025;CEST;17:15;17:30;EUR/MWh;76,26;76,26
18.08.2025;CEST;17:30;17:45;EUR/MWh;94,34;94,34
18.08.2025;CEST;17:45;18:00;EUR/MWh;106,89;106,89
18.08.2025;CEST;18:00;18:15;EUR/MWh;54,12;54,12
18.08.2025;CEST;18:15;18:30;EUR/MWh;64,87;64,87
18.08.2025;CEST;18:30;18:45;EUR/MWh;91,35;91,35
18.08.2025;CEST;18:45;19:00;EUR/MWh;101,55;101,55
18.08.2025;CEST;19:00;19:15;EUR/MWh;52,39;52,39
18.08.2025;CEST;19:15;19:30;EUR/MWh;80,09;80,09
18.08.2025;CEST;19:30;19:45;EUR/MWh;152,76;152,76
18.08.2025;CEST;19:45;20:00;EUR/MWh;155,63;155,63
18.08.2025;CEST;20:00;20:15;EUR/MWh;140,39;140,39
18.08.2025;CEST;20:15;20:30;EUR/MWh;146,25;146,25
18.08.2025;CEST;20:30;20:45;EUR/MWh;158,46;158,46
18.08.2025;CEST;20:45;21:00;EUR/MWh;147,95;147,95
18.08.2025;CEST;21:00;21:15;EUR/MWh;248,89;248,89
18.08.2025;CEST;21:15;21:30;EUR/MWh;57,6;57,6
18.08.2025;CEST;21:30;21:45;EUR/MWh;46,9;46,9
18.08.2025;CEST;21:45;22:00;EUR/MWh;50,04;50,04
18.08.2025;CEST;22:00;22:15;EUR/MWh;116,35;116,35
18.08.2025;CEST;22:15;22:30;EUR/MWh;100,95;100,95
18.08.2025;CEST;22:30;22:45;EUR/MWh;74,67;74,67
18.08.2025;CEST;22:45;23:00;EUR/MWh;64;64
18.08.2025;CEST;23:00;23:15;EUR/MWh;115,46;115,46
18.08.2025;CEST;23:15;23:30;EUR/MWh;73,82;73,82
18.08.2025;CEST;23:30;23:45;EUR/MWh;65,74;65,74
18.08.2025;CEST;23:45;00:00;EUR/MWh;77,78;77,78
19.08.2025;CEST;00:00;00:15;EUR/MWh;106,18;106,18
19.08.2025;CEST;00:15;00:30;EUR/MWh;101,98;101,98
19.08.2025;CEST;00:30;00:45;EUR/MWh;106,67;106,67
19.08.2025;CEST;00:45;01:00;EUR/MWh;82,29;82,29
19.08.2025;CEST;01:00;01:15;EUR/MWh;97,47;97,47
19.08.2025;CEST;01:15;01:30;EUR/MWh;113,8;113,8
19.08.2025;CEST;01:30;01:45;EUR/MWh;85,86;85,86
19.08.2025;CEST;01:45;02:00;EUR/MWh;107,64;107,64
19.08.2025;CEST;02:00;02:15;EUR/MWh;120,2;120,2
19.08.2025;CEST;02:15;02:30;EUR/MWh;110,63;110,63
19.08.2025;CEST;02:30;02:45;EUR/MWh;111,83;111,83
19.08.2025;CEST;02:45;03:00;EUR/MWh;110,7;110,7
19.08.2025;CEST;03:00;03:15;EUR/MWh;84;84
19.08.2025;CEST;03:15;03:30;EUR/MWh;83,88;83,88
19.08.2025;CEST;03:30;03:45;EUR/MWh;104,12;104,12
19.08.2025;CEST;03:45;04:00;EUR/MWh;107,83;107,83
19.08.2025;CEST;04:00;04:15;EUR/MWh;113,54;113,54
19.08.2025;CEST;04:15;04:30;EUR/MWh;105,03;105,03
19.08.2025;CEST;04:30;04:45;EUR/MWh;114,1;114,1
19.08.2025;CEST;04:45;05:00;EUR/MWh;115,9;115,9
19.08.2025;CEST;05:00;05:15;EUR/MWh;114,1;114,1
19.08.2025;CEST;05:15;05:30;EUR/MWh;128,42;128,42
19.08.2025;CEST;05:30;05:45;EUR/MWh;133,83;133,83
19.08.2025;CEST;05:45;06:00;EUR/MWh;123,34;123,34
19.08.2025;CEST;06:00;06:15;EUR/MWh;124,17;124,17
19.08.2025;CEST;06:15;06:30;EUR/MWh;108,88;108,88
19.08.2025;CEST;06:30;06:45;EUR/MWh;90,9;90,9
19.08.2025;CEST;06:45;07:00;EUR/MWh;127,05;127,05
19.08.2025;CEST;07:00;07:15;EUR/MWh;144,82;144,82
19.08.2025;CEST;07:15;07:30;EUR/MWh;120,91;120,91
19.08.2025;CEST;07:30;07:45;EUR/MWh;102,5;102,5
19.08.2025;CEST;07:45;08:00;EUR/MWh;77,17;77,17
19.08.2025;CEST;08:00;08:15;EUR/MWh;90,64;90,64
19.08.2025;CEST;08:15;08:30;EUR/MWh;62,27;62,27
19.08.2025;CEST;08:30;08:45;EUR/MWh;81,24;81,24
19.08.2025;CEST;08:45;09:00;EUR/MWh;74,25;74,25
19.08.2025;CEST;09:00;09:15;EUR/MWh;128,21;128,21
19.08.2025;CEST;09:15;09:30;EUR/MWh;139,88;139,88
19.08.2025;CEST;09:30;09:45;EUR/MWh;106,89;106,89
19.08.2025;CEST;09:45;10:00;EUR/MWh;64,65;64,65
19.08.2025;CEST;10:00;10:15;EUR/MWh;75,27;75,27
19.08.2025;CEST;10:15;10:30;EUR/MWh;63,76;63,76
19.08.2025;CEST;10:30;10:45;EUR/MWh;115,84;115,84
19.08.2025;CEST;10:45;11:00;EUR/MWh;93,06;93,06
19.08.2025;CEST;11:00;11:15;EUR/MWh;136,06;136,06
19.08.2025;CEST;11:15;11:30;EUR/MWh;123,12;123,12
19.08.2025;CEST;11:30;11:45;EUR/MWh;88,99;88,99
19.08.2025;CEST;11:45;12:00;EUR/MWh;19,5;19,5
19.08.2025;CEST;12:00;12:15;EUR/MWh;36,01;36,01
19.08.2025;CEST;12:15;12:30;EUR/MWh;-2,08;-2,08
19.08.2025;CEST;12:30;12:45;EUR/MWh;79,95;79,95
19.08.2025;CEST;12:45;13:00;EUR/MWh;-10,78;-10,78
19.08.2025;CEST;13:00;13:15;EUR/MWh;79,15;79,15
19.08.2025;CEST;13:15;13:30;EUR/MWh;43,26;43,26
19.08.2025;CEST;13:30;13:45;EUR/MWh;-9,18;-9,18
19.08.2025;CEST;13:45;14:00;EUR/MWh;-16,93;-16,93
19.08.2025;CEST;14:00;14:15;EUR/MWh;0;0
19.08.2025;CEST;14:15;14:30;EUR/MWh;0,97;0,97
19.08.2025;CEST;14:30;14:45;EUR/MWh;80,36;80,36
19.08.2025;CEST;14:45;15:00;EUR/MWh;27,46;27,46
19.08.2025;CEST;15:00;15:15;EUR/MWh;-7,38;-7,38
19.08.2025;CEST;15:15;15:30;EUR/MWh;1,55;1,55
19.08.2025;CEST;15:30;15:45;EUR/MWh;4,62;4,62
19.08.2025;CEST;15:45;16:00;EUR/MWh;23,75;23,75
19.08.2025;CEST;16:00;16:15;EUR/MWh;-2,31;-2,31
19.08.2025;CEST;16:15;16:30;EUR/MWh;9,1;9,1
19.08.2025;CEST;16:30;16:45;EUR/MWh;44,29;44,29
19.08.2025;CEST;16:45;17:00;EUR/MWh;60,63;60,63
19.08.2025;CEST;17:00;17:15;EUR/MWh;52,55;52,55
19.08.2025;CEST;17:15;17:30;EUR/MWh;114,35;114,35
19.08.2025;CEST;17:30;17:45;EUR/MWh;128,85;128,85
19.08.2025;CEST;17:45;18:00;EUR/MWh;107,95;107,95
19.08.2025;CEST;18:00;18:15;EUR/MWh;30,91;30,91
19.08.2025;CEST;18:15;18:30;EUR/MWh;41,14;41,14
19.08.2025;CEST;18:30;18:45;EUR/MWh;157,5;157,5
19.08.2025;CEST;18:45;19:00;EUR/MWh;134,24;134,24
19.08.2025;CEST;19:00;19:15;EUR/MWh;61,15;61,15
19.08.2025;CEST;19:15;19:30;EUR/MWh;81,96;81,96
19.08.2025;CEST;19:30;19:45;EUR/MWh;74,79;74,79
19.08.2025;CEST;19:45;20:00;EUR/MWh;136,23;136,23
19.08.2025;CEST;20:00;20:15;EUR/MWh;139,69;139,69
19.08.2025;CEST;20:15;20:30;EUR/MWh;125,44;125,44
19.08.2025;CEST;20:30;20:45;EUR/MWh;126,4;126,4
19.08.2025;CEST;20:45;21:00;EUR/MWh;144,13;144,13
19.08.2025;CEST;21:00;21:15;EUR/MWh;235,35;235,35
19.08.2025;CEST;21:15;21:30;EUR/MWh;132,24;132,24
19.08.2025;CEST;21:30;21:45;EUR/MWh;72,16;72,16
19.08.2025;CEST;21:45;22:00;EUR/MWh;70,08;70,08
19.08.2025;CEST;22:00;22:15;EUR/MWh;142,15;142,15
19.08.2025;CEST;22:15;22:30;EUR/MWh;139,74;139,74
19.08.2025;CEST;22:30;22:45;EUR/MWh;132,12;132,12
19.08.2025;CEST;22:45;23:00;EUR/MWh;164,48;164,48
19.08.2025;CEST;23:00;23:15;EUR/MWh;174,42;174,42
19.08.2025;CEST;23:15;23:30;EUR/MWh;139,41;139,41
19.08.2025;CEST;23:30;23:45;EUR/MWh;155,47;155,47
19.08.2025;CEST;23:45;00:00;EUR/MWh;150,74;150,74
20.08.2025;CEST;00:00;00:15;EUR/MWh;97,51;97,51
20.08.2025;CEST;00:15;00:30;EUR/MWh;96,46;96,46
20.08.2025;CEST;00:30;00:45;EUR/MWh;89,81;89,81
20.08.2025;CEST;00:45;01:00;EUR/MWh;77,92;77,92
20.08.2025;CEST;01:00;01:15;EUR/MWh;98,22;98,22
20.08.2025;CEST;01:15;01:30;EUR/MWh;98,17;98,17
20.08.2025;CEST;01:30;01:45;EUR/MWh;89,66;89,66
20.08.2025;CEST;01:45;02:00;EUR/MWh;78,66;78,66
20.08.2025;CEST;02:00;02:15;EUR/MWh;65,02;65,02
20.08.2025;CEST;02:15;02:30;EUR/MWh;68,07;68,07
20.08.2025;CEST;02:30;02:45;EUR/MWh;111,37;111,37
20.08.2025;CEST;02:45;03:00;EUR/MWh;104,36;104,36
20.08.2025;CEST;03:00;03:15;EUR/MWh;91,6;91,6
20.08.2025;CEST;03:15;03:30;EUR/MWh;112,85;112,85
20.08.2025;CEST;03:30;03:45;EUR/MWh;92,88;92,88
20.08.2025;CEST;03:45;04:00;EUR/MWh;85,41;85,41
20.08.2025;CEST;04:00;04:15;EUR/MWh;73,97;73,97
20.08.2025;CEST;04:15;04:30;EUR/MWh;78,89;78,89
20.08.2025;CEST;04:30;04:45;EUR/MWh;82,4;82,4
20.08.2025;CEST;04:45;05:00;EUR/MWh;80,27;80,27
20.08.2025;CEST;05:00;05:15;EUR/MWh;84,59;84,59
20.08.2025;CEST;05:15;05:30;EUR/MWh;109,8;109,8
20.08.2025;CEST;05:30;05:45;EUR/MWh;137,03;137,03
20.08.2025;CEST;05:45;06:00;EUR/MWh;144,36;144,36
20.08.2025;CEST;06:00;06:15;EUR/MWh;147,75;147,75
20.08.2025;CEST;06:15;06:30;EUR/MWh;128,35;128,35
20.08.2025;CEST;06:30;06:45;EUR/MWh;101,43;101,43
20.08.2025;CEST;06:45;07:00;EUR/MWh;93,71;93,71
20.08.2025;CEST;07:00;07:15;EUR/MWh;77,39;77,39
20.08.2025;CEST;07:15;07:30;EUR/MWh;78,66;78,66
20.08.2025;CEST;07:30;07:45;EUR/MWh;88,27;88,27
20.08.2025;CEST;07:45;08:00;EUR/MWh;94,67;94,67
20.08.2025;CEST;08:00;08:15;EUR/MWh;129,3;129,3
20.08.2025;CEST;08:15;08:30;EUR/MWh;146,53;146,53
20.08.2025;CEST;08:30;08:45;EUR/MWh;144,17;144,17
20.08.2025;CEST;08:45;09:00;EUR/MWh;124,42;124,42
20.08.2025;CEST;09:00;09:15;EUR/MWh;174,85;174,85
20.08.2025;CEST;09:15;09:30;EUR/MWh;174,43;174,43
20.08.2025;CEST;09:30;09:45;EUR/MWh;108,1;108,1
20.08.2025;CEST;09:45;10:00;EUR/MWh;69,99;69,99
20.08.2025;CEST;10:00;10:15;EUR/MWh;90,41;90,41
20.08.2025;CEST;10:15;10:30;EUR/MWh;139,72;139,72
20.08.2025;CEST;10:30;10:45;EUR/MWh;182,39;182,39
20.08.2025;CEST;10:45;11:00;EUR/MWh;54,29;54,29
20.08.2025;CEST;11:00;11:15;EUR/MWh;37,25;37,25
20.08.2025;CEST;11:15;11:30;EUR/MWh;36,62;36,62
20.08.2025;CEST;11:30;11:45;EUR/MWh;42,09;42,09
20.08.2025;CEST;11:45;12:00;EUR/MWh;10,25;10,25
20.08.2025;CEST;12:00;12:15;EUR/MWh;36,05;36,05
20.08.2025;CEST;12:15;12:30;EUR/MWh;-2,87;-2,87
20.08.2025;CEST;12:30;12:45;EUR/MWh;-15,58;-15,58
20.08.2025;CEST;12:45;13:00;EUR/MWh;-27,5;-27,5
20.08.2025;CEST;13:00;13:15;EUR/MWh;80,82;80,82
20.08.2025;CEST;13:15;13:30;EUR/MWh;-16,86;-16,86
20.08.2025;CEST;13:30;13:45;EUR/MWh;-15,41;-15,41
20.08.2025;CEST;13:45;14:00;EUR/MWh;-1,44;-1,44
20.08.2025;CEST;14:00;14:15;EUR/MWh;9,26;9,26
20.08.2025;CEST;14:15;14:30;EUR/MWh;-3,63;-3,63
20.08.2025;CEST;14:30;14:45;EUR/MWh;3,53;3,53
20.08.2025;CEST;14:45;15:00;EUR/MWh;83,18;83,18
20.08.2025;CEST;15:00;15:15;EUR/MWh;3,61;3,61
20.08.2025;CEST;15:15;15:30;EUR/MWh;91,83;91,83
20.08.2025;CEST;15:30;15:45;EUR/MWh;123,11;123,11
20.08.2025;CEST;15:45;16:00;EUR/MWh;137,48;137,48
20.08.2025;CEST;16:00;16:15;EUR/MWh;83,65;83,65
20.08.2025;CEST;16:15;16:30;EUR/MWh;71,63;71,63
20.08.2025;CEST;16:30;16:45;EUR/MWh;71,43;71,43
20.08.2025;CEST;16:45;17:00;EUR/MWh;93,82;93,82
20.08.2025;CEST;17:00;17:15;EUR/MWh;48,37;48,37
20.08.2025;CEST;17:15;17:30;EUR/MWh;79,8;79,8
20.08.2025;CEST;17:30;17:45;EUR/MWh;90,74;90,74
20.08.2025;CEST;17:45;18:00;EUR/MWh;120,1;120,1
20.08.2025;CEST;18:00;18:15;EUR/MWh;74,96;74,96
20.08.2025;CEST;18:15;18:30;EUR/MWh;42,54;42,54
20.08.2025;CEST;18:30;18:45;EUR/MWh;65,39;65,39
20.08.2025;CEST;18:45;19:00;EUR/MWh;131,74;131,74
20.08.2025;CEST;19:00;19:15;EUR/MWh;58,8;58,8
20.08.2025;CEST;19:15;19:30;EUR/MWh;132,79;132,79
20.08.2025;CEST;19:30;19:45;EUR/MWh;148,99;148,99
20.08.2025;CEST;19:45;20:00;EUR/MWh;179,83;179,83
20.08.2025;CEST;20:00;20:15;EUR/MWh;196,05;196,05
20.08.2025;CEST;20:15;20:30;EUR/MWh;233,17;233,17
20.08.2025;CEST;20:30;20:45;EUR/MWh;121,63;121,63
20.08.2025;CEST;20:45;21:00;EUR/MWh;131,23;131,23
20.08.2025;CEST;21:00;21:15;EUR/MWh;149,22;149,22
20.08.2025;CEST;21:15;21:30;EUR/MWh;43,49;43,49
20.08.2025;CEST;21:30;21:45;EUR/MWh;25,54;25,54
20.08.2025;CEST;21:45;22:00;EUR/MWh;46,53;46,53
20.08.2025;CEST;22:00;22:15;EUR/MWh;107,31;107,31
20.08.2025;CEST;22:15;22:30;EUR/MWh;117,41;117,41
20.08.2025;CEST;22:30;22:45;EUR/MWh;88,71;88,71
20.08.2025;CEST;22:45;23:00;EUR/MWh;108,15;108,15
20.08.2025;CEST;23:00;23:15;EUR/MWh;123,82;123,82
20.08.2025;CEST;23:15;23:30;EUR/MWh;112,69;112,69
20.08.2025;CEST;23:30;23:45;EUR/MWh;83,31;83,31
20.08.2025;CEST;23:45;00:00;EUR/MWh;74,1;74,1
21.08.2025;CEST;00:00;00:15;EUR/MWh;82,09;82,09
21.08.2025;CEST;00:15;00:30;EUR/MWh;88,24;88,24
21.08.2025;CEST;00:30;00:45;EUR/MWh;94,69;94,69
21.08.2025;CEST;00:45;01:00;EUR/MWh;83,98;83,98
21.08.2025;CEST;01:00;01:15;EUR/MWh;79,12;79,12
21.08.2025;CEST;01:15;01:30;EUR/MWh;85,5;85,5
21.08.2025;CEST;01:30;01:45;EUR/MWh;87,31;87,31
21.08.2025;CEST;01:45;02:00;EUR/MWh;75,87;75,87
21.08.2025;CEST;02:00;02:15;EUR/MWh;83,83;83,83
21.08.2025;CEST;02:15;02:30;EUR/MWh;92,07;92,07
21.08.2025;CEST;02:30;02:45;EUR/MWh;127,4;127,4
21.08.2025;CEST;02:45;03:00;EUR/MWh;108,99;108,99
21.08.2025;CEST;03:00;03:15;EUR/MWh;132,59;132,59
21.08.2025;CEST;03:15;03:30;EUR/MWh;144,96;144,96
21.08.2025;CEST;03:30;03:45;EUR/MWh;157,28;157,28
21.08.2025;CEST;03:45;04:00;EUR/MWh;151,16;151,16
21.08.2025;CEST;04:00;04:15;EUR/MWh;144,19;144,19
21.08.2025;CEST;04:15;04:30;EUR/MWh;134,42;134,42
21.08.2025;CEST;04:30;04:45;EUR/MWh;124,32;124,32
21.08.2025;CEST;04:45;05:00;EUR/MWh;113,25;113,25
21.08.2025;CEST;05:00;05:15;EUR/MWh;79,88;79,88
21.08.2025;CEST;05:15;05:30;EUR/MWh;83,69;83,69
21.08.2025;CEST;05:30;05:45;EUR/MWh;80,68;80,68
21.08.2025;CEST;05:45;06:00;EUR/MWh;66,05;66,05
21.08.2025;CEST;06:00;06:15;EUR/MWh;113,83;113,83
21.08.2025;CEST;06:15;06:30;EUR/MWh;111,25;111,25
21.08.2025;CEST;06:30;06:45;EUR/MWh;59,29;59,29
21.08.2025;CEST;06:45;07:00;EUR/MWh;93,97;93,97
21.08.2025;CEST;07:00;07:15;EUR/MWh;102,18;102,18
21.08.2025;CEST;07:15;07:30;EUR/MWh;76,59;76,59
21.08.2025;CEST;07:30;07:45;EUR/MWh;76,17;76,17
21.08.2025;CEST;07:45;08:00;EUR/MWh;74,76;74,76
21.08.2025;CEST;08:00;08:15;EUR/MWh;66,85;66,85
21.08.2025;CEST;08:15;08:30;EUR/MWh;73,86;73,86
21.08.2025;CEST;08:30;08:45;EUR/MWh;58,2;58,2
21.08.2025;CEST;08:45;09:00;EUR/MWh;62;62
21.08.2025;CEST;09:00;09:15;EUR/MWh;62,68;62,68
21.08.2025;CEST;09:15;09:30;EUR/MWh;57,74;57,74
21.08.2025;CEST;09:30;09:45;EUR/MWh;57,98;57,98
21.08.2025;CEST;09:45;10:00;EUR/MWh;57,22;57,22
21.08.2025;CEST;10:00;10:15;EUR/MWh;80,4;80,4
21.08.2025;CEST;10:15;10:30;EUR/MWh;22,36;22,36
21.08.2025;CEST;10:30;10:45;EUR/MWh;9,97;9,97
21.08.2025;CEST;10:45;11:00;EUR/MWh;8,01;8,01
21.08.2025;CEST;11:00;11:15;EUR/MWh;13,48;13,48
21.08.2025;CEST;11:15;11:30;EUR/MWh;0,08;0,08
21.08.2025;CEST;11:30;11:45;EUR/MWh;5,42;5,42
21.08.2025;CEST;11:45;12:00;EUR/MWh;-3,5;-3,5
21.08.2025;CEST;12:00;12:15;EUR/MWh;-6,52;-6,52
21.08.2025;CEST;12:15;12:30;EUR/MWh;-5,43;-5,43
21.08.2025;CEST;12:30;12:45;EUR/MWh;-10,03;-10,03
21.08.2025;CEST;12:45;13:00;EUR/MWh;-4,05;-4,05
21.08.2025;CEST;13:00;13:15;EUR/MWh;32,25;32,25
21.08.2025;CEST;13:15;13:30;EUR/MWh;28,29;28,29
21.08.2025;CEST;13:30;13:45;EUR/MWh;55,62;55,62
21.08.2025;CEST;13:45;14:00;EUR/MWh;32,34;32,34
21.08.2025;CEST;14:00;14:15;EUR/MWh;18,82;18,82
21.08.2025;CEST;14:15;14:30;EUR/MWh;22,68;22,68
21.08.2025;CEST;14:30;14:45;EUR/MWh;25,94;25,94
21.08.2025;CEST;14:45;15:00;EUR/MWh;15,98;15,98
21.08.2025;CEST;15:00;15:15;EUR/MWh;113,21;113,21
21.08.2025;CEST;15:15;15:30;EUR/MWh;127,04;127,04
21.08.2025;CEST;15:30;15:45;EUR/MWh;83,87;83,87
21.08.2025;CEST;15:45;16:00;EUR/MWh;57,6;57,6
21.08.2025;CEST;16:00;16:15;EUR/MWh;-12,2;-12,2
21.08.2025;CEST;16:15;16:30;EUR/MWh;28,67;28,67
21.08.2025;CEST;16:30;16:45;EUR/MWh;19,7;19,7
21.08.2025;CEST;16:45;17:00;EUR/MWh;21,69;21,69
21.08.2025;CEST;17:00;17:15;EUR/MWh;37,61;37,61
21.08.2025;CEST;17:15;17:30;EUR/MWh;37,84;37,84
21.08.2025;CEST;17:30;17:45;EUR/MWh;86,37;86,37
21.08.2025;CEST;17:45;18:00;EUR/MWh;2,91;2,91
21.08.2025;CEST;18:00;18:15;EUR/MWh;40,79;40,79
21.08.2025;CEST;18:15;18:30;EUR/MWh;26,31;26,31
21.08.2025;CEST;18:30;18:45;EUR/MWh;37,52;37,52
21.08.2025;CEST;18:45;19:00;EUR/MWh;76,22;76,22
21.08.2025;CEST;19:00;19:15;EUR/MWh;85,6;85,6
21.08.2025;CEST;19:15;19:30;EUR/MWh;109,4;109,4
21.08.2025;CEST;19:30;19:45;EUR/MWh;151,06;151,06
21.08.2025;CEST;19:45;20:00;EUR/MWh;172,83;172,83
21.08.2025;CEST;20:00;20:15;EUR/MWh;115,69;115,69
21.08.2025;CEST;20:15;20:30;EUR/MWh;92,09;92,09
21.08.2025;CEST;20:30;20:45;EUR/MWh;92,26;92,26
21.08.2025;CEST;20:45;21:00;EUR/MWh;102,26;102,26
21.08.2025;CEST;21:00;21:15;EUR/MWh;141,57;141,57
21.08.2025;CEST;21:15;21:30;EUR/MWh;98,37;98,37
21.08.2025;CEST;21:30;21:45;EUR/MWh;46,07;46,07
21.08.2025;CEST;21:45;22:00;EUR/MWh;30,32;30,32
21.08.2025;CEST;22:00;22:15;EUR/MWh;70,76;70,76
21.08.2025;CEST;22:15;22:30;EUR/MWh;74,62;74,62
21.08.2025;CEST;22:30;22:45;EUR/MWh;80,5;80,5
21.08.2025;CEST;22:45;23:00;EUR/MWh;86,11;86,11
21.08.2025;CEST;23:00;23:15;EUR/MWh;123,08;123,08
21.08.2025;CEST;23:15;23:30;EUR/MWh;122,94;122,94
21.08.2025;CEST;23:30;23:45;EUR/MWh;110,2;110,2
21.08.2025;CEST;23:45;00:00;EUR/MWh;58,74;58,74
22.08.2025;CEST;00:00;00:15;EUR/MWh;76,87;76,87
22.08.2025;CEST;00:15;00:30;EUR/MWh;81,21;81,21
22.08.2025;CEST;00:30;00:45;EUR/MWh;81,09;81,09
22.08.2025;CEST;00:45;01:00;EUR/MWh;108,78;108,78
22.08.2025;CEST;01:00;01:15;EUR/MWh;112,4;112,4
22.08.2025;CEST;01:15;01:30;EUR/MWh;88,09;88,09
22.08.2025;CEST;01:30;01:45;EUR/MWh;75,78;75,78
22.08.2025;CEST;01:45;02:00;EUR/MWh;69,66;69,66
22.08.2025;CEST;02:00;02:15;EUR/MWh;83,53;83,53
22.08.2025;CEST;02:15;02:30;EUR/MWh;72,31;72,31
22.08.2025;CEST;02:30;02:45;EUR/MWh;79,11;79,11
22.08.2025;CEST;02:45;03:00;EUR/MWh;52,76;52,76
22.08.2025;CEST;03:00;03:15;EUR/MWh;66,98;66,98
22.08.2025;CEST;03:15;03:30;EUR/MWh;44,97;44,97
22.08.2025;CEST;03:30;03:45;EUR/MWh;44,88;44,88
22.08.2025;CEST;03:45;04:00;EUR/MWh;51,89;51,89
22.08.2025;CEST;04:00;04:15;EUR/MWh;56,99;56,99
22.08.2025;CEST;04:15;04:30;EUR/MWh;66,25;66,25
22.08.2025;CEST;04:30;04:45;EUR/MWh;81,32;81,32
22.08.2025;CEST;04:45;05:00;EUR/MWh;70,68;70,68
22.08.2025;CEST;05:00;05:15;EUR/MWh;72,84;72,84
22.08.2025;CEST;05:15;05:30;EUR/MWh;80,75;80,75
22.08.2025;CEST;05:30;05:45;EUR/MWh;107,82;107,82
22.08.2025;CEST;05:45;06:00;EUR/MWh;142,28;142,28
22.08.2025;CEST;06:00;06:15;EUR/MWh;135,73;135,73
22.08.2025;CEST;06:15;06:30;EUR/MWh;140,9;140,9
22.08.2025;CEST;06:30;06:45;EUR/MWh;146,43;146,43
22.08.2025;CEST;06:45;07:00;EUR/MWh;135,54;135,54
22.08.2025;CEST;07:00;07:15;EUR/MWh;137,54;137,54
22.08.2025;CEST;07:15;07:30;EUR/MWh;125,17;125,17
22.08.2025;CEST;07:30;07:45;EUR/MWh;152,91;152,91
22.08.2025;CEST;07:45;08:00;EUR/MWh;160,56;160,56
22.08.2025;CEST;08:00;08:15;EUR/MWh;206,01;206,01
22.08.2025;CEST;08:15;08:30;EUR/MWh;187;187
22.08.2025;CEST;08:30;08:45;EUR/MWh;378,66;378,66
22.08.2025;CEST;08:45;09:00;EUR/MWh;290,68;290,68
22.08.2025;CEST;09:00;09:15;EUR/MWh;124,65;124,65
22.08.2025;CEST;09:15;09:30;EUR/MWh;60,48;60,48
22.08.2025;CEST;09:30;09:45;EUR/MWh;53,74;53,74
22.08.2025;CEST;09:45;10:00;EUR/MWh;52,14;52,14
22.08.2025;CEST;10:00;10:15;EUR/MWh;127,51;127,51
22.08.2025;CEST;10:15;10:30;EUR/MWh;99,05;99,05
22.08.2025;CEST;10:30;10:45;EUR/MWh;205,6;205,6
22.08.2025;CEST;10:45;11:00;EUR/MWh;386,28;386,28
22.08.2025;CEST;11:00;11:15;EUR/MWh;77,86;77,86
22.08.2025;CEST;11:15;11:30;EUR/MWh;39,44;39,44
22.08.2025;CEST;11:30;11:45;EUR/MWh;103,56;103,56
22.08.2025;CEST;11:45;12:00;EUR/MWh;133,21;133,21
22.08.2025;CEST;12:00;12:15;EUR/MWh;152,93;152,93
22.08.2025;CEST;12:15;12:30;EUR/MWh;167,38;167,38
22.08.2025;CEST;12:30;12:45;EUR/MWh;149,84;149,84
22.08.2025;CEST;12:45;13:00;EUR/MWh;113,25;113,25
22.08.2025;CEST;13:00;13:15;EUR/MWh;149,38;149,38
22.08.2025;CEST;13:15;13:30;EUR/MWh;129,08;129,08
22.08.2025;CEST;13:30;13:45;EUR/MWh;112,76;112,76
22.08.2025;CEST;13:45;14:00;EUR/MWh;28,69;28,69
22.08.2025;CEST;14:00;14:15;EUR/MWh;19,19;19,19
22.08.2025;CEST;14:15;14:30;EUR/MWh;27,3;27,3
22.08.2025;CEST;14:30;14:45;EUR/MWh;9,7;9,7
22.08.2025;CEST;14:45;15:00;EUR/MWh;24,6;24,6
22.08.2025;CEST;15:00;15:15;EUR/MWh;133,88;133,88
22.08.2025;CEST;15:15;15:30;EUR/MWh;119,53;119,53
22.08.2025;CEST;15:30;15:45;EUR/MWh;140,11;140,11
22.08.2025;CEST;15:45;16:00;EUR/MWh;141,2;141,2
22.08.2025;CEST;16:00;16:15;EUR/MWh;110,24;110,24
22.08.2025;CEST;16:15;16:30;EUR/MWh;151,54;151,54
22.08.2025;CEST;16:30;16:45;EUR/MWh;121,92;121,92
22.08.2025;CEST;16:45;17:00;EUR/MWh;118,18;118,18
22.08.2025;CEST;17:00;17:15;EUR/MWh;51,3;51,3
22.08.2025;CEST;17:15;17:30;EUR/MWh;71,18;71,18
22.08.2025;CEST;17:30;17:45;EUR/MWh;75,26;75,26
22.08.2025;CEST;17:45;18:00;EUR/MWh;151,2;151,2
22.08.2025;CEST;18:00;18:15;EUR/MWh;123,2;123,2
22.08.2025;CEST;18:15;18:30;EUR/MWh;201,75;201,75
22.08.2025;CEST;18:30;18:45;EUR/MWh;170,2;170,2
22.08.2025;CEST;18:45;19:00;EUR/MWh;133,03;133,03
22.08.2025;CEST;19:00;19:15;EUR/MWh;83,23;83,23
22.08.2025;CEST;19:15;19:30;EUR/MWh;48,18;48,18
22.08.2025;CEST;19:30;19:45;EUR/MWh;75,41;75,41
22.08.2025;CEST;19:45;20:00;EUR/MWh;64,46;64,46
22.08.2025;CEST;20:00;20:15;EUR/MWh;90,24;90,24
22.08.2025;CEST;20:15;20:30;EUR/MWh;86,92;86,92
22.08.2025;CEST;20:30;20:45;EUR/MWh;146,49;146,49
22.08.2025;CEST;20:45;21:00;EUR/MWh;148,31;148,31
22.08.2025;CEST;21:00;21:15;EUR/MWh;104,24;104,24
22.08.2025;CEST;21:15;21:30;EUR/MWh;62,93;62,93
22.08.2025;CEST;21:30;21:45;EUR/MWh;6,8;6,8
22.08.2025;CEST;21:45;22:00;EUR/MWh;5,42;5,42
22.08.2025;CEST;22:00;22:15;EUR/MWh;73,05;73,05
22.08.2025;CEST;22:15;22:30;EUR/MWh;38,4;38,4
22.08.2025;CEST;22:30;22:45;EUR/MWh;47,7;47,7
22.08.2025;CEST;22:45;23:00;EUR/MWh;58,89;58,89
22.08.2025;CEST;23:00;23:15;EUR/MWh;127,73;127,73
22.08.2025;CEST;23:15;23:30;EUR/MWh;129,37;129,37
22.08.2025;CEST;23:30;23:45;EUR/MWh;77,87;77,87
22.08.2025;CEST;23:45;00:00;EUR/MWh;123,06;123,06
23.08.2025;CEST;00:00;00:15;EUR/MWh;56,49;56,49
23.08.2025;CEST;00:15;00:30;EUR/MWh;36,62;36,62
23.08.2025;CEST;00:30;00:45;EUR/MWh;15,8;15,8
23.08.2025;CEST;00:45;01:00;EUR/MWh;6,99;6,99
23.08.2025;CEST;01:00;01:15;EUR/MWh;48,41;48,41
23.08.2025;CEST;01:15;01:30;EUR/MWh;42,63;42,63
23.08.2025;CEST;01:30;01:45;EUR/MWh;43,26;43,26
23.08.2025;CEST;01:45;02:00;EUR/MWh;69,98;69,98
23.08.2025;CEST;02:00;02:15;EUR/MWh;88,4;88,4
23.08.2025;CEST;02:15;02:30;EUR/MWh;109,63;109,63
23.08.2025;CEST;02:30;02:45;EUR/MWh;104,5;104,5
23.08.2025;CEST;02:45;03:00;EUR/MWh;91,49;91,49
23.08.2025;CEST;03:00;03:15;EUR/MWh;88,3;88,3
23.08.2025;CEST;03:15;03:30;EUR/MWh;90,35;90,35
23.08.2025;CEST;03:30;03:45;EUR/MWh;89,43;89,43
23.08.2025;CEST;03:45;04:00;EUR/MWh;108,75;108,75
23.08.2025;CEST;04:00;04:15;EUR/MWh;163,29;163,29
23.08.2025;CEST;04:15;04:30;EUR/MWh;168,28;168,28
23.08.2025;CEST;04:30;04:45;EUR/MWh;81,58;81,58
23.08.2025;CEST;04:45;05:00;EUR/MWh;141,95;141,95
23.08.2025;CEST;05:00;05:15;EUR/MWh;116,87;116,87
23.08.2025;CEST;05:15;05:30;EUR/MWh;83,29;83,29
23.08.2025;CEST;05:30;05:45;EUR/MWh;83,35;83,35
23.08.2025;CEST;05:45;06:00;EUR/MWh;139,85;139,85
23.08.2025;CEST;06:00;06:15;EUR/MWh;163,59;163,59
23.08.2025;CEST;06:15;06:30;EUR/MWh;32,51;32,51
23.08.2025;CEST;06:30;06:45;EUR/MWh;-0,97;-0,97
23.08.2025;CEST;06:45;07:00;EUR/MWh;47,8;47,8
23.08.2025;CEST;07:00;07:15;EUR/MWh;40,99;40,99
23.08.2025;CEST;07:15;07:30;EUR/MWh;53,83;53,83
23.08.2025;CEST;07:30;07:45;EUR/MWh;77,95;77,95
23.08.2025;CEST;07:45;08:00;EUR/MWh;2,94;2,94
23.08.2025;CEST;08:00;08:15;EUR/MWh;46,69;46,69
23.08.2025;CEST;08:15;08:30;EUR/MWh;83,55;83,55
23.08.2025;CEST;08:30;08:45;EUR/MWh;83,88;83,88
23.08.2025;CEST;08:45;09:00;EUR/MWh;92,32;92,32
23.08.2025;CEST;09:00;09:15;EUR/MWh;19,75;19,75
23.08.2025;CEST;09:15;09:30;EUR/MWh;83,48;83,48
23.08.2025;CEST;09:30;09:45;EUR/MWh;95,3;95,3
23.08.2025;CEST;09:45;10:00;EUR/MWh;-43,08;-43,08
23.08.2025;CEST;10:00;10:15;EUR/MWh;-12,73;-12,73
23.08.2025;CEST;10:15;10:30;EUR/MWh;-15,65;-15,65
23.08.2025;CEST;10:30;10:45;EUR/MWh;-0,02;-0,02
23.08.2025;CEST;10:45;11:00;EUR/MWh;36,82;36,82
23.08.2025;CEST;11:00;11:15;EUR/MWh;79,1;79,1
23.08.2025;CEST;11:15;11:30;EUR/MWh;13,88;13,88
23.08.2025;CEST;11:30;11:45;EUR/MWh;-30,62;-30,62
23.08.2025;CEST;11:45;12:00;EUR/MWh;-16,35;-16,35
23.08.2025;CEST;12:00;12:15;EUR/MWh;-23,35;-23,35
23.08.2025;CEST;12:15;12:30;EUR/MWh;18;18
23.08.2025;CEST;12:30;12:45;EUR/MWh;-12,64;-12,64
23.08.2025;CEST;12:45;13:00;EUR/MWh;-16,38;-16,38
23.08.2025;CEST;13:00;13:15;EUR/MWh;2,02;2,02
23.08.2025;CEST;13:15;13:30;EUR/MWh;-45,13;-45,13
23.08.2025;CEST;13:30;13:45;EUR/MWh;-16,84;-16,84
23.08.2025;CEST;13:45;14:00;EUR/MWh;-31,51;-31,51
23.08.2025;CEST;14:00;14:15;EUR/MWh;-28,41;-28,41
23.08.2025;CEST;14:15;14:30;EUR/MWh;-29,41;-29,41
23.08.2025;CEST;14:30;14:45;EUR/MWh;-29,93;-29,93
23.08.2025;CEST;14:45;15:00;EUR/MWh;-27,79;-27,79
23.08.2025;CEST;15:00;15:15;EUR/MWh;-34,51;-34,51
23.08.2025;CEST;15:15;15:30;EUR/MWh;-13,11;-13,11
23.08.2025;CEST;15:30;15:45;EUR/MWh;-10,03;-10,03
23.08.2025;CEST;15:45;16:00;EUR/MWh;-14,33;-14,33
23.08.2025;CEST;16:00;16:15;EUR/MWh;6,43;6,43
23.08.2025;CEST;16:15;16:30;EUR/MWh;4,67;4,67
23.08.2025;CEST;16:30;16:45;EUR/MWh;-7,56;-7,56
23.08.2025;CEST;16:45;17:00;EUR/MWh;1,1;1,1
23.08.2025;CEST;17:00;17:15;EUR/MWh;4,53;4,53
23.08.2025;CEST;17:15;17:30;EUR/MWh;6,38;6,38
23.08.2025;CEST;17:30;17:45;EUR/MWh;93,89;93,89
23.08.2025;CEST;17:45;18:00;EUR/MWh;84,37;84,37
23.08.2025;CEST;18:00;18:15;EUR/MWh;67,43;67,43
23.08.2025;CEST;18:15;18:30;EUR/MWh;94,55;94,55
23.08.2025;CEST;18:30;18:45;EUR/MWh;6,76;6,76
23.08.2025;CEST;18:45;19:00;EUR/MWh;110,39;110,39
23.08.2025;CEST;19:00;19:15;EUR/MWh;53,35;53,35
23.08.2025;CEST;19:15;19:30;EUR/MWh;93,52;93,52
23.08.2025;CEST;19:30;19:45;EUR/MWh;114,49;114,49
23.08.2025;CEST;19:45;20:00;EUR/MWh;138,15;138,15
23.08.2025;CEST;20:00;20:15;EUR/MWh;87,52;87,52
23.08.2025;CEST;20:15;20:30;EUR/MWh;63,23;63,23
23.08.2025;CEST;20:30;20:45;EUR/MWh;86,12;86,12
23.08.2025;CEST;20:45;21:00;EUR/MWh;106,09;106,09
23.08.2025;CEST;21:00;21:15;EUR/MWh;25,15;25,15
23.08.2025;CEST;21:15;21:30;EUR/MWh;26,56;26,56
23.08.2025;CEST;21:30;21:45;EUR/MWh;-10,38;-10,38
23.08.2025;CEST;21:45;22:00;EUR/MWh;-5,22;-5,22
23.08.2025;CEST;22:00;22:15;EUR/MWh;29,2;29,2
23.08.2025;CEST;22:15;22:30;EUR/MWh;5,45;5,45
23.08.2025;CEST;22:30;22:45;EUR/MWh;33,17;33,17
23.08.2025;CEST;22:45;23:00;EUR/MWh;12,06;12,06
23.08.2025;CEST;23:00;23:15;EUR/MWh;60,2;60,2
23.08.2025;CEST;23:15;23:30;EUR/MWh;25,44;25,44
23.08.2025;CEST;23:30;23:45;EUR/MWh;63,99;63,99
23.08.2025;CEST;23:45;00:00;EUR/MWh;50,47;50,47
24.08.2025;CEST;00:00;00:15;EUR/MWh;67,16;67,16
24.08.2025;CEST;00:15;00:30;EUR/MWh;53;53
24.08.2025;CEST;00:30;00:45;EUR/MWh;37,19;37,19
24.08.2025;CEST;00:45;01:00;EUR/MWh;86,4;86,4
24.08.2025;CEST;01:00;01:15;EUR/MWh;99,84;99,84
24.08.2025;CEST;01:15;01:30;EUR/MWh;95,55;95,55
24.08.2025;CEST;01:30;01:45;EUR/MWh;98,9;98,9
24.08.2025;CEST;01:45;02:00;EUR/MWh;105,6;105,6
24.08.2025;CEST;02:00;02:15;EUR/MWh;25,64;25,64
24.08.2025;CEST;02:15;02:30;EUR/MWh;23,98;23,98
24.08.2025;CEST;02:30;02:45;EUR/MWh;64,16;64,16
24.08.2025;CEST;02:45;03:00;EUR/MWh;70,33;70,33
24.08.2025;CEST;03:00;03:15;EUR/MWh;87,04;87,04
24.08.2025;CEST;03:15;03:30;EUR/MWh;89,96;89,96
24.08.2025;CEST;03:30;03:45;EUR/MWh;85,6;85,6
24.08.2025;CEST;03:45;04:00;EUR/MWh;96,98;96,98
24.08.2025;CEST;04:00;04:15;EUR/MWh;92,37;92,37
24.08.2025;CEST;04:15;04:30;EUR/MWh;90,67;90,67
24.08.2025;CEST;04:30;04:45;EUR/MWh;51,97;51,97
24.08.2025;CEST;04:45;05:00;EUR/MWh;26,97;26,97
24.08.2025;CEST;05:00;05:15;EUR/MWh;79,79;79,79
24.08.2025;CEST;05:15;05:30;EUR/MWh;76,21;76,21
24.08.2025;CEST;05:30;05:45;EUR/MWh;75,66;75,66
24.08.2025;CEST;05:45;06:00;EUR/MWh;80,17;80,17
24.08.2025;CEST;06:00;06:15;EUR/MWh;96,33;96,33
24.08.2025;CEST;06:15;06:30;EUR/MWh;47,74;47,74
24.08.2025;CEST;06:30;06:45;EUR/MWh;16,52;16,52
24.08.2025;CEST;06:45;07:00;EUR/MWh;18,09;18,09
24.08.2025;CEST;07:00;07:15;EUR/MWh;58,96;58,96
24.08.2025;CEST;07:15;07:30;EUR/MWh;42,07;42,07
24.08.2025;CEST;07:30;07:45;EUR/MWh;43,55;43,55
24.08.2025;CEST;07:45;08:00;EUR/MWh;34,03;34,03
24.08.2025;CEST;08:00;08:15;EUR/MWh;120,36;120,36
24.08.2025;CEST;08:15;08:30;EUR/MWh;95,86;95,86
24.08.2025;CEST;08:30;08:45;EUR/MWh;81,34;81,34
24.08.2025;CEST;08:45;09:00;EUR/MWh;85,95;85,95
24.08.2025;CEST;09:00;09:15;EUR/MWh;105,32;105,32
24.08.2025;CEST;09:15;09:30;EUR/MWh;171,99;171,99
24.08.2025;CEST;09:30;09:45;EUR/MWh;-52,99;-52,99
24.08.2025;CEST;09:45;10:00;EUR/MWh;-83;-83
24.08.2025;CEST;10:00;10:15;EUR/MWh;72,26;72,26
24.08.2025;CEST;10:15;10:30;EUR/MWh;-12,79;-12,79
24.08.2025;CEST;10:30;10:45;EUR/MWh;3,28;3,28
24.08.2025;CEST;10:45;11:00;EUR/MWh;-21,93;-21,93
24.08.2025;CEST;11:00;11:15;EUR/MWh;-4,87;-4,87
24.08.2025;CEST;11:15;11:30;EUR/MWh;16,75;16,75
24.08.2025;CEST;11:30;11:45;EUR/MWh;13,63;13,63
24.08.2025;CEST;11:45;12:00;EUR/MWh;67,44;67,44
24.08.2025;CEST;12:00;12:15;EUR/MWh;48,29;48,29
24.08.2025;CEST;12:15;12:30;EUR/MWh;85,17;85,17
24.08.2025;CEST;12:30;12:45;EUR/MWh;80,23;80,23
24.08.2025;CEST;12:45;13:00;EUR/MWh;21,86;21,86
24.08.2025;CEST;13:00;13:15;EUR/MWh;10,8;10,8
24.08.2025;CEST;13:15;13:30;EUR/MWh;-3,71;-3,71
24.08.2025;CEST;13:30;13:45;EUR/MWh;-11,9;-11,9
24.08.2025;CEST;13:45;14:00;EUR/MWh;-9,52;-9,52
24.08.2025;CEST;14:00;14:15;EUR/MWh;-13,99;-13,99
24.08.2025;CEST;14:15;14:30;EUR/MWh;-17,03;-17,03
24.08.2025;CEST;14:30;14:45;EUR/MWh;-16,45;-16,45
24.08.2025;CEST;14:45;15:00;EUR/MWh;-15,78;-15,78
24.08.2025;CEST;15:00;15:15;EUR/MWh;-14,58;-14,58
24.08.2025;CEST;15:15;15:30;EUR/MWh;-12,19;-12,19
24.08.2025;CEST;15:30;15:45;EUR/MWh;0;0
24.08.2025;CEST;15:45;16:00;EUR/MWh;-5,42;-5,42
24.08.2025;CEST;16:00;16:15;EUR/MWh;-29,42;-29,42
24.08.2025;CEST;16:15;16:30;EUR/MWh;-24,4;-24,4
24.08.2025;CEST;16:30;16:45;EUR/MWh;-20,41;-20,41
24.08.2025;CEST;16:45;17:00;EUR/MWh;-13,2;-13,2
24.08.2025;CEST;17:00;17:15;EUR/MWh;22,13;22,13
24.08.2025;CEST;17:15;17:30;EUR/MWh;88,76;88,76
24.08.2025;CEST;17:30;17:45;EUR/MWh;122,12;122,12
24.08.2025;CEST;17:45;18:00;EUR/MWh;129,45;129,45
24.08.2025;CEST;18:00;18:15;EUR/MWh;83,8;83,8
24.08.2025;CEST;18:15;18:30;EUR/MWh;41,43;41,43
24.08.2025;CEST;18:30;18:45;EUR/MWh;135,43;135,43
24.08.2025;CEST;18:45;19:00;EUR/MWh;138,74;138,74
24.08.2025;CEST;19:00;19:15;EUR/MWh;107,1;107,1
24.08.2025;CEST;19:15;19:30;EUR/MWh;147,23;147,23
24.08.2025;CEST;19:30;19:45;EUR/MWh;146,87;146,87
24.08.2025;CEST;19:45;20:00;EUR/MWh;150,25;150,25
24.08.2025;CEST;20:00;20:15;EUR/MWh;95,58;95,58
24.08.2025;CEST;20:15;20:30;EUR/MWh;115,85;115,85
24.08.2025;CEST;20:30;20:45;EUR/MWh;126,3;126,3
24.08.2025;CEST;20:45;21:00;EUR/MWh;152,58;152,58
24.08.2025;CEST;21:00;21:15;EUR/MWh;151,63;151,63
24.08.2025;CEST;21:15;21:30;EUR/MWh;146,55;146,55
24.08.2025;CEST;21:30;21:45;EUR/MWh;64,82;64,82
24.08.2025;CEST;21:45;22:00;EUR/MWh;64,23;64,23
24.08.2025;CEST;22:00;22:15;EUR/MWh;60,22;60,22
24.08.2025;CEST;22:15;22:30;EUR/MWh;42,83;42,83
24.08.2025;CEST;22:30;22:45;EUR/MWh;45,13;45,13
24.08.2025;CEST;22:45;23:00;EUR/MWh;57,27;57,27
24.08.2025;CEST;23:00;23:15;EUR/MWh;89,72;89,72
24.08.2025;CEST;23:15;23:30;EUR/MWh;79,84;79,84
24.08.2025;CEST;23:30;23:45;EUR/MWh;71,7;71,7
24.08.2025;CEST;23:45;00:00;EUR/MWh;46,35;46,35
25.08.2025;CEST;00:00;00:15;EUR/MWh;84,09;84,09
25.08.2025;CEST;00:15;00:30;EUR/MWh;75,32;75,32
25.08.2025;CEST;00:30;00:45;EUR/MWh;57,91;57,91
25.08.2025;CEST;00:45;01:00;EUR/MWh;53,56;53,56
25.08.2025;CEST;01:00;01:15;EUR/MWh;73,65;73,65
25.08.2025;CEST;01:15;01:30;EUR/MWh;81,27;81,27
25.08.2025;CEST;01:30;01:45;EUR/MWh;79,92;79,92
25.08.2025;CEST;01:45;02:00;EUR/MWh;83,52;83,52
25.08.2025;CEST;02:00;02:15;EUR/MWh;105,82;105,82
25.08.2025;CEST;02:15;02:30;EUR/MWh;92,06;92,06
25.08.2025;CEST;02:30;02:45;EUR/MWh;89,6;89,6
25.08.2025;CEST;02:45;03:00;EUR/MWh;94,85;94,85
25.08.2025;CEST;03:00;03:15;EUR/MWh;94,2;94,2
25.08.2025;CEST;03:15;03:30;EUR/MWh;90,12;90,12
25.08.2025;CEST;03:30;03:45;EUR/MWh;76,96;76,96
25.08.2025;CEST;03:45;04:00;EUR/MWh;80,35;80,35
25.08.2025;CEST;04:00;04:15;EUR/MWh;71,95;71,95
25.08.2025;CEST;04:15;04:30;EUR/MWh;68,19;68,19
25.08.2025;CEST;04:30;04:45;EUR/MWh;119,99;119,99
25.08.2025;CEST;04:45;05:00;EUR/MWh;128,15;128,15
25.08.2025;CEST;05:00;05:15;EUR/MWh;116,24;116,24
25.08.2025;CEST;05:15;05:30;EUR/MWh;112,09;112,09
25.08.2025;CEST;05:30;05:45;EUR/MWh;85,45;85,45
25.08.2025;CEST;05:45;06:00;EUR/MWh;64,53;64,53
25.08.2025;CEST;06:00;06:15;EUR/MWh;100,3;100,3
25.08.2025;CEST;06:15;06:30;EUR/MWh;91,64;91,64
25.08.2025;CEST;06:30;06:45;EUR/MWh;106,84;106,84
25.08.2025;CEST;06:45;07:00;EUR/MWh;113,71;113,71
25.08.2025;CEST;07:00;07:15;EUR/MWh;135,5;135,5
25.08.2025;CEST;07:15;07:30;EUR/MWh;141,23;141,23
25.08.2025;CEST;07:30;07:45;EUR/MWh;119,03;119,03
25.08.2025;CEST;07:45;08:00;EUR/MWh;123,02;123,02
25.08.2025;CEST;08:00;08:15;EUR/MWh;108,01;108,01
25.08.2025;CEST;08:15;08:30;EUR/MWh;112,57;112,57
25.08.2025;CEST;08:30;08:45;EUR/MWh;113,71;113,71
25.08.2025;CEST;08:45;09:00;EUR/MWh;123,19;123,19
25.08.2025;CEST;09:00;09:15;EUR/MWh;372,34;372,34
25.08.2025;CEST;09:15;09:30;EUR/MWh;546,27;546,27
25.08.2025;CEST;09:30;09:45;EUR/MWh;779,84;779,84
25.08.2025;CEST;09:45;10:00;EUR/MWh;573,35;573,35
25.08.2025;CEST;10:00;10:15;EUR/MWh;59,43;59,43
25.08.2025;CEST;10:15;10:30;EUR/MWh;39,59;39,59
25.08.2025;CEST;10:30;10:45;EUR/MWh;96,26;96,26
25.08.2025;CEST;10:45;11:00;EUR/MWh;169,79;169,79
25.08.2025;CEST;11:00;11:15;EUR/MWh;179,75;179,75
25.08.2025;CEST;11:15;11:30;EUR/MWh;155,11;155,11
25.08.2025;CEST;11:30;11:45;EUR/MWh;150,41;150,41
25.08.2025;CEST;11:45;12:00;EUR/MWh;109,56;109,56
25.08.2025;CEST;12:00;12:15;EUR/MWh;30,58;30,58
25.08.2025;CEST;12:15;12:30;EUR/MWh;3,49;3,49
25.08.2025;CEST;12:30;12:45;EUR/MWh;-4,58;-4,58
25.08.2025;CEST;12:45;13:00;EUR/MWh;13,3;13,3
25.08.2025;CEST;13:00;13:15;EUR/MWh;7,26;7,26
25.08.2025;CEST;13:15;13:30;EUR/MWh;-4,81;-4,81
25.08.2025;CEST;13:30;13:45;EUR/MWh;-7,81;-7,81
25.08.2025;CEST;13:45;14:00;EUR/MWh;-18,71;-18,71
25.08.2025;CEST;14:00;14:15;EUR/MWh;4,08;4,08
25.08.2025;CEST;14:15;14:30;EUR/MWh;9,71;9,71
25.08.2025;CEST;14:30;14:45;EUR/MWh;16,24;16,24
25.08.2025;CEST;14:45;15:00;EUR/MWh;-1,93;-1,93
25.08.2025;CEST;15:00;15:15;EUR/MWh;-1,83;-1,83
25.08.2025;CEST;15:15;15:30;EUR/MWh;-8,78;-8,78
25.08.2025;CEST;15:30;15:45;EUR/MWh;-12,07;-12,07
25.08.2025;CEST;15:45;16:00;EUR/MWh;-6,51;-6,51
25.08.2025;CEST;16:00;16:15;EUR/MWh;74,24;74,24
25.08.2025;CEST;16:15;16:30;EUR/MWh;-9,78;-9,78
25.08.2025;CEST;16:30;16:45;EUR/MWh;9,7;9,7
25.08.2025;CEST;16:45;17:00;EUR/MWh;115,19;115,19
25.08.2025;CEST;17:00;17:15;EUR/MWh;35,91;35,91
25.08.2025;CEST;17:15;17:30;EUR/MWh;14,06;14,06
25.08.2025;CEST;17:30;17:45;EUR/MWh;80,72;80,72
25.08.2025;CEST;17:45;18:00;EUR/MWh;102,98;102,98
25.08.2025;CEST;18:00;18:15;EUR/MWh;35,16;35,16
25.08.2025;CEST;18:15;18:30;EUR/MWh;61,01;61,01
25.08.2025;CEST;18:30;18:45;EUR/MWh;83,46;83,46
25.08.2025;CEST;18:45;19:00;EUR/MWh;84,78;84,78
25.08.2025;CEST;19:00;19:15;EUR/MWh;121,31;121,31
25.08.2025;CEST;19:15;19:30;EUR/MWh;132,59;132,59
25.08.2025;CEST;19:30;19:45;EUR/MWh;148,38;148,38
25.08.2025;CEST;19:45;20:00;EUR/MWh;196,62;196,62
25.08.2025;CEST;20:00;20:15;EUR/MWh;215,11;215,11
25.08.2025;CEST;20:15;20:30;EUR/MWh;220,32;220,32
25.08.2025;CEST;20:30;20:45;EUR/MWh;198,47;198,47
25.08.2025;CEST;20:45;21:00;EUR/MWh;97,79;97,79
25.08.2025;CEST;21:00;21:15;EUR/MWh;104,01;104,01
25.08.2025;CEST;21:15;21:30;EUR/MWh;92,1;92,1
25.08.2025;CEST;21:30;21:45;EUR/MWh;59,31;59,31
25.08.2025;CEST;21:45;22:00;EUR/MWh;67,86;67,86
25.08.2025;CEST;22:00;22:15;EUR/MWh;130,46;130,46
25.08.2025;CEST;22:15;22:30;EUR/MWh;144,3;144,3
25.08.2025;CEST;22:30;22:45;EUR/MWh;143,07;143,07
25.08.2025;CEST;22:45;23:00;EUR/MWh;80,07;80,07
25.08.2025;CEST;23:00;23:15;EUR/MWh;88;88
25.08.2025;CEST;23:15;23:30;EUR/MWh;105,78;105,78
25.08.2025;CEST;23:30;23:45;EUR/MWh;109,15;109,15
25.08.2025;CEST;23:45;00:00;EUR/MWh;76,46;76,46
26.08.2025;CEST;00:00;00:15;EUR/MWh;79,36;79,36
26.08.2025;CEST;00:15;00:30;EUR/MWh;93,6;93,6
26.08.2025;CEST;00:30;00:45;EUR/MWh;76,55;76,55
26.08.2025;CEST;00:45;01:00;EUR/MWh;74,27;74,27
26.08.2025;CEST;01:00;01:15;EUR/MWh;78;78
26.08.2025;CEST;01:15;01:30;EUR/MWh;77,73;77,73
26.08.2025;CEST;01:30;01:45;EUR/MWh;66,81;66,81
26.08.2025;CEST;01:45;02:00;EUR/MWh;66,71;66,71
26.08.2025;CEST;02:00;02:15;EUR/MWh;79,49;79,49
26.08.2025;CEST;02:15;02:30;EUR/MWh;84,33;84,33
26.08.2025;CEST;02:30;02:45;EUR/MWh;93,96;93,96
26.08.2025;CEST;02:45;03:00;EUR/MWh;64,62;64,62
26.08.2025;CEST;03:00;03:15;EUR/MWh;81,36;81,36
26.08.2025;CEST;03:15;03:30;EUR/MWh;77,99;77,99
26.08.2025;CEST;03:30;03:45;EUR/MWh;89,29;89,29
26.08.2025;CEST;03:45;04:00;EUR/MWh;81,69;81,69
26.08.2025;CEST;04:00;04:15;EUR/MWh;87,18;87,18
26.08.2025;CEST;04:15;04:30;EUR/MWh;83,16;83,16
26.08.2025;CEST;04:30;04:45;EUR/MWh;111,49;111,49
26.08.2025;CEST;04:45;05:00;EUR/MWh;139,45;139,45
26.08.2025;CEST;05:00;05:15;EUR/MWh;110,62;110,62
26.08.2025;CEST;05:15;05:30;EUR/MWh;126,73;126,73
26.08.2025;CEST;05:30;05:45;EUR/MWh;137,06;137,06
26.08.2025;CEST;05:45;06:00;EUR/MWh;145,33;145,33
26.08.2025;CEST;06:00;06:15;EUR/MWh;158,05;158,05
26.08.2025;CEST;06:15;06:30;EUR/MWh;164,43;164,43
26.08.2025;CEST;06:30;06:45;EUR/MWh;132,73;132,73
26.08.2025;CEST;06:45;07:00;EUR/MWh;115,36;115,36
26.08.2025;CEST;07:00;07:15;EUR/MWh;122,84;122,84
26.08.2025;CEST;07:15;07:30;EUR/MWh;115,21;115,21
26.08.2025;CEST;07:30;07:45;EUR/MWh;90,33;90,33
26.08.2025;CEST;07:45;08:00;EUR/MWh;68,19;68,19
26.08.2025;CEST;08:00;08:15;EUR/MWh;77,12;77,12
26.08.2025;CEST;08:15;08:30;EUR/MWh;60,65;60,65
26.08.2025;CEST;08:30;08:45;EUR/MWh;53,74;53,74
26.08.2025;CEST;08:45;09:00;EUR/MWh;49,88;49,88
26.08.2025;CEST;09:00;09:15;EUR/MWh;59,4;59,4
26.08.2025;CEST;09:15;09:30;EUR/MWh;79,91;79,91
26.08.2025;CEST;09:30;09:45;EUR/MWh;63,72;63,72
26.08.2025;CEST;09:45;10:00;EUR/MWh;44,17;44,17
26.08.2025;CEST;10:00;10:15;EUR/MWh;114,56;114,56
26.08.2025;CEST;10:15;10:30;EUR/MWh;122,13;122,13
26.08.2025;CEST;10:30;10:45;EUR/MWh;103,98;103,98
26.08.2025;CEST;10:45;11:00;EUR/MWh;26,16;26,16
26.08.2025;CEST;11:00;11:15;EUR/MWh;69,01;69,01
26.08.2025;CEST;11:15;11:30;EUR/MWh;76,8;76,8
26.08.2025;CEST;11:30;11:45;EUR/MWh;39,69;39,69
26.08.2025;CEST;11:45;12:00;EUR/MWh;51,2;51,2
26.08.2025;CEST;12:00;12:15;EUR/MWh;64,77;64,77
26.08.2025;CEST;12:15;12:30;EUR/MWh;78,27;78,27
26.08.2025;CEST;12:30;12:45;EUR/MWh;46,92;46,92
26.08.2025;CEST;12:45;13:00;EUR/MWh;41,98;41,98
26.08.2025;CEST;13:00;13:15;EUR/MWh;51,49;51,49
26.08.2025;CEST;13:15;13:30;EUR/MWh;55,89;55,89
26.08.2025;CEST;13:30;13:45;EUR/MWh;42,43;42,43
26.08.2025;CEST;13:45;14:00;EUR/MWh;19,24;19,24
26.08.2025;CEST;14:00;14:15;EUR/MWh;33,25;33,25
26.08.2025;CEST;14:15;14:30;EUR/MWh;30,76;30,76
26.08.2025;CEST;14:30;14:45;EUR/MWh;11,23;11,23
26.08.2025;CEST;14:45;15:00;EUR/MWh;121,94;121,94
26.08.2025;CEST;15:00;15:15;EUR/MWh;241,48;241,48
26.08.2025;CEST;15:15;15:30;EUR/MWh;157,26;157,26
26.08.2025;CEST;15:30;15:45;EUR/MWh;164,71;164,71
26.08.2025;CEST;15:45;16:00;EUR/MWh;165,13;165,13
26.08.2025;CEST;16:00;16:15;EUR/MWh;108,49;108,49
26.08.2025;CEST;16:15;16:30;EUR/MWh;146,1;146,1
26.08.2025;CEST;16:30;16:45;EUR/MWh;106,85;106,85
26.08.2025;CEST;16:45;17:00;EUR/MWh;130,96;130,96
26.08.2025;CEST;17:00;17:15;EUR/MWh;96,41;96,41
26.08.2025;CEST;17:15;17:30;EUR/MWh;164,51;164,51
26.08.2025;CEST;17:30;17:45;EUR/MWh;169,61;169,61
26.08.2025;CEST;17:45;18:00;EUR/MWh;214,38;214,38
26.08.2025;CEST;18:00;18:15;EUR/MWh;171;171
26.08.2025;CEST;18:15;18:30;EUR/MWh;234,25;234,25
26.08.2025;CEST;18:30;18:45;EUR/MWh;307,15;307,15
26.08.2025;CEST;18:45;19:00;EUR/MWh;556,15;556,15
26.08.2025;CEST;19:00;19:15;EUR/MWh;593,35;593,35
26.08.2025;CEST;19:15;19:30;EUR/MWh;103,97;103,97
26.08.2025;CEST;19:30;19:45;EUR/MWh;1183,93;1183,93
26.08.2025;CEST;19:45;20:00;EUR/MWh;500;500
26.08.2025;CEST;20:00;20:15;EUR/MWh;422,93;422,93
26.08.2025;CEST;20:15;20:30;EUR/MWh;530,05;530,05
26.08.2025;CEST;20:30;20:45;EUR/MWh;280,74;280,74
26.08.2025;CEST;20:45;21:00;EUR/MWh;102,83;102,83
26.08.2025;CEST;21:00;21:15;EUR/MWh;112,83;112,83
26.08.2025;CEST;21:15;21:30;EUR/MWh;75,47;75,47
26.08.2025;CEST;21:30;21:45;EUR/MWh;56,47;56,47
26.08.2025;CEST;21:45;22:00;EUR/MWh;55,05;55,05
26.08.2025;CEST;22:00;22:15;EUR/MWh;92,17;92,17
26.08.2025;CEST;22:15;22:30;EUR/MWh;73,75;73,75
26.08.2025;CEST;22:30;22:45;EUR/MWh;70,59;70,59
26.08.2025;CEST;22:45;23:00;EUR/MWh;69,28;69,28
26.08.2025;CEST;23:00;23:15;EUR/MWh;83,65;83,65
26.08.2025;CEST;23:15;23:30;EUR/MWh;76,42;76,42
26.08.2025;CEST;23:30;23:45;EUR/MWh;80,54;80,54
26.08.2025;CEST;23:45;00:00;EUR/MWh;67,56;67,56
27.08.2025;CEST;00:00;00:15;EUR/MWh;84,69;84,69
27.08.2025;CEST;00:15;00:30;EUR/MWh;84,04;84,04
27.08.2025;CEST;00:30;00:45;EUR/MWh;58,69;58,69
27.08.2025;CEST;00:45;01:00;EUR/MWh;91,98;91,98
27.08.2025;CEST;01:00;01:15;EUR/MWh;94,76;94,76
27.08.2025;CEST;01:15;01:30;EUR/MWh;112,31;112,31
27.08.2025;CEST;01:30;01:45;EUR/MWh;101,84;101,84
27.08.2025;CEST;01:45;02:00;EUR/MWh;81,56;81,56
27.08.2025;CEST;02:00;02:15;EUR/MWh;70,24;70,24
27.08.2025;CEST;02:15;02:30;EUR/MWh;68,44;68,44
27.08.2025;CEST;02:30;02:45;EUR/MWh;68,98;68,98
27.08.2025;CEST;02:45;03:00;EUR/MWh;74,74;74,74
27.08.2025;CEST;03:00;03:15;EUR/MWh;63,55;63,55
27.08.2025;CEST;03:15;03:30;EUR/MWh;62,78;62,78
27.08.2025;CEST;03:30;03:45;EUR/MWh;47,75;47,75
27.08.2025;CEST;03:45;04:00;EUR/MWh;53,23;53,23
27.08.2025;CEST;04:00;04:15;EUR/MWh;57,22;57,22
27.08.2025;CEST;04:15;04:30;EUR/MWh;78,62;78,62
27.08.2025;CEST;04:30;04:45;EUR/MWh;125,36;125,36
27.08.2025;CEST;04:45;05:00;EUR/MWh;80,49;80,49
27.08.2025;CEST;05:00;05:15;EUR/MWh;60,92;60,92
27.08.2025;CEST;05:15;05:30;EUR/MWh;132,17;132,17
27.08.2025;CEST;05:30;05:45;EUR/MWh;155,08;155,08
27.08.2025;CEST;05:45;06:00;EUR/MWh;156,38;156,38
27.08.2025;CEST;06:00;06:15;EUR/MWh;166,33;166,33
27.08.2025;CEST;06:15;06:30;EUR/MWh;151,06;151,06
27.08.2025;CEST;06:30;06:45;EUR/MWh;140,36;140,36
27.08.2025;CEST;06:45;07:00;EUR/MWh;144,22;144,22
27.08.2025;CEST;07:00;07:15;EUR/MWh;178,36;178,36
27.08.2025;CEST;07:15;07:30;EUR/MWh;172,4;172,4
27.08.2025;CEST;07:30;07:45;EUR/MWh;161,46;161,46
27.08.2025;CEST;07:45;08:00;EUR/MWh;165,21;165,21
27.08.2025;CEST;08:00;08:15;EUR/MWh;195,41;195,41
27.08.2025;CEST;08:15;08:30;EUR/MWh;194,33;194,33
27.08.2025;CEST;08:30;08:45;EUR/MWh;94,2;94,2
27.08.2025;CEST;08:45;09:00;EUR/MWh;99,66;99,66
27.08.2025;CEST;09:00;09:15;EUR/MWh;95,35;95,35
27.08.2025;CEST;09:15;09:30;EUR/MWh;63,35;63,35
27.08.2025;CEST;09:30;09:45;EUR/MWh;60,21;60,21
27.08.2025;CEST;09:45;10:00;EUR/MWh;46;46
27.08.2025;CEST;10:00;10:15;EUR/MWh;57,17;57,17
27.08.2025;CEST;10:15;10:30;EUR/MWh;56;56
27.08.2025;CEST;10:30;10:45;EUR/MWh;39,06;39,06
27.08.2025;CEST;10:45;11:00;EUR/MWh;34,21;34,21
27.08.2025;CEST;11:00;11:15;EUR/MWh;76,28;76,28
27.08.2025;CEST;11:15;11:30;EUR/MWh;108,53;108,53
27.08.2025;CEST;11:30;11:45;EUR/MWh;98,07;98,07
27.08.2025;CEST;11:45;12:00;EUR/MWh;103,71;103,71
27.08.2025;CEST;12:00;12:15;EUR/MWh;102,86;102,86
27.08.2025;CEST;12:15;12:30;EUR/MWh;103,78;103,78
27.08.2025;CEST;12:30;12:45;EUR/MWh;97,94;97,94
27.08.2025;CEST;12:45;13:00;EUR/MWh;96,68;96,68
27.08.2025;CEST;13:00;13:15;EUR/MWh;-7,47;-7,47
27.08.2025;CEST;13:15;13:30;EUR/MWh;-18,74;-18,74
27.08.2025;CEST;13:30;13:45;EUR/MWh;-12,9;-12,9
27.08.2025;CEST;13:45;14:00;EUR/MWh;-14,48;-14,48
27.08.2025;CEST;14:00;14:15;EUR/MWh;67,33;67,33
27.08.2025;CEST;14:15;14:30;EUR/MWh;-29,91;-29,91
27.08.2025;CEST;14:30;14:45;EUR/MWh;-4,44;-4,44
27.08.2025;CEST;14:45;15:00;EUR/MWh;116,29;116,29
27.08.2025;CEST;15:00;15:15;EUR/MWh;91,15;91,15
27.08.2025;CEST;15:15;15:30;EUR/MWh;91,81;91,81
27.08.2025;CEST;15:30;15:45;EUR/MWh;115,04;115,04
27.08.2025;CEST;15:45;16:00;EUR/MWh;84,99;84,99
27.08.2025;CEST;16:00;16:15;EUR/MWh;109,72;109,72
27.08.2025;CEST;16:15;16:30;EUR/MWh;128,89;128,89
27.08.2025;CEST;16:30;16:45;EUR/MWh;145,18;145,18
27.08.2025;CEST;16:45;17:00;EUR/MWh;154,04;154,04
27.08.2025;CEST;17:00;17:15;EUR/MWh;77,37;77,37
27.08.2025;CEST;17:15;17:30;EUR/MWh;102,79;102,79
27.08.2025;CEST;17:30;17:45;EUR/MWh;134,64;134,64
27.08.2025;CEST;17:45;18:00;EUR/MWh;145,51;145,51
27.08.2025;CEST;18:00;18:15;EUR/MWh;220,64;220,64
27.08.2025;CEST;18:15;18:30;EUR/MWh;199,3;199,3
27.08.2025;CEST;18:30;18:45;EUR/MWh;196,48;196,48
27.08.2025;CEST;18:45;19:00;EUR/MWh;121,17;121,17
27.08.2025;CEST;19:00;19:15;EUR/MWh;104,47;104,47
27.08.2025;CEST;19:15;19:30;EUR/MWh;99,18;99,18
27.08.2025;CEST;19:30;19:45;EUR/MWh;95,81;95,81
27.08.2025;CEST;19:45;20:00;EUR/MWh;110,62;110,62
27.08.2025;CEST;20:00;20:15;EUR/MWh;134,07;134,07
27.08.2025;CEST;20:15;20:30;EUR/MWh;154,41;154,41
27.08.2025;CEST;20:30;20:45;EUR/MWh;163,39;163,39
27.08.2025;CEST;20:45;21:00;EUR/MWh;96,32;96,32
27.08.2025;CEST;21:00;21:15;EUR/MWh;87,88;87,88
27.08.2025;CEST;21:15;21:30;EUR/MWh;59,79;59,79
27.08.2025;CEST;21:30;21:45;EUR/MWh;76,47;76,47
27.08.2025;CEST;21:45;22:00;EUR/MWh;51,48;51,48
27.08.2025;CEST;22:00;22:15;EUR/MWh;73,43;73,43
27.08.2025;CEST;22:15;22:30;EUR/MWh;46,04;46,04
27.08.2025;CEST;22:30;22:45;EUR/MWh;57,12;57,12
27.08.2025;CEST;22:45;23:00;EUR/MWh;53,48;53,48
27.08.2025;CEST;23:00;23:15;EUR/MWh;110,77;110,77
27.08.2025;CEST;23:15;23:30;EUR/MWh;97,3;97,3
27.08.2025;CEST;23:30;23:45;EUR/MWh;96,97;96,97
27.08.2025;CEST;23:45;00:00;EUR/MWh;70,67;70,67
28.08.2025;CEST;00:00;00:15;EUR/MWh;79,97;79,97
28.08.2025;CEST;00:15;00:30;EUR/MWh;69,23;69,23
28.08.2025;CEST;00:30;00:45;EUR/MWh;71,73;71,73
28.08.2025;CEST;00:45;01:00;EUR/MWh;124,12;124,12
28.08.2025;CEST;01:00;01:15;EUR/MWh;148,24;148,24
28.08.2025;CEST;01:15;01:30;EUR/MWh;120,24;120,24
28.08.2025;CEST;01:30;01:45;EUR/MWh;112,4;112,4
28.08.2025;CEST;01:45;02:00;EUR/MWh;115,75;115,75
28.08.2025;CEST;02:00;02:15;EUR/MWh;110,87;110,87
28.08.2025;CEST;02:15;02:30;EUR/MWh;89,84;89,84
28.08.2025;CEST;02:30;02:45;EUR/MWh;89,9;89,9
28.08.2025;CEST;02:45;03:00;EUR/MWh;94,41;94,41
28.08.2025;CEST;03:00;03:15;EUR/MWh;115,41;115,41
28.08.2025;CEST;03:15;03:30;EUR/MWh;92,65;92,65
28.08.2025;CEST;03:30;03:45;EUR/MWh;118,82;118,82
28.08.2025;CEST;03:45;04:00;EUR/MWh;89,95;89,95
28.08.2025;CEST;04:00;04:15;EUR/MWh;77,5;77,5
28.08.2025;CEST;04:15;04:30;EUR/MWh;70,2;70,2
28.08.2025;CEST;04:30;04:45;EUR/MWh;63,11;63,11
28.08.2025;CEST;04:45;05:00;EUR/MWh;59,19;59,19
28.08.2025;CEST;05:00;05:15;EUR/MWh;96,68;96,68
28.08.2025;CEST;05:15;05:30;EUR/MWh;77,5;77,5
28.08.2025;CEST;05:30;05:45;EUR/MWh;98,62;98,62
28.08.2025;CEST;05:45;06:00;EUR/MWh;113,8;113,8
28.08.2025;CEST;06:00;06:15;EUR/MWh;108,08;108,08
28.08.2025;CEST;06:15;06:30;EUR/MWh;133,24;133,24
28.08.2025;CEST;06:30;06:45;EUR/MWh;102,35;102,35
28.08.2025;CEST;06:45;07:00;EUR/MWh;95,65;95,65
28.08.2025;CEST;07:00;07:15;EUR/MWh;79,56;79,56
28.08.2025;CEST;07:15;07:30;EUR/MWh;106,73;106,73
28.08.2025;CEST;07:30;07:45;EUR/MWh;98,38;98,38
28.08.2025;CEST;07:45;08:00;EUR/MWh;127,75;127,75
28.08.2025;CEST;08:00;08:15;EUR/MWh;129,78;129,78
28.08.2025;CEST;08:15;08:30;EUR/MWh;145,91;145,91
28.08.2025;CEST;08:30;08:45;EUR/MWh;135,25;135,25
28.08.2025;CEST;08:45;09:00;EUR/MWh;141,84;141,84
28.08.2025;CEST;09:00;09:15;EUR/MWh;149,41;149,41
28.08.2025;CEST;09:15;09:30;EUR/MWh;142,67;142,67
28.08.2025;CEST;09:30;09:45;EUR/MWh;131,49;131,49
28.08.2025;CEST;09:45;10:00;EUR/MWh;118,4;118,4
28.08.2025;CEST;10:00;10:15;EUR/MWh;120,75;120,75
28.08.2025;CEST;10:15;10:30;EUR/MWh;112,65;112,65
28.08.2025;CEST;10:30;10:45;EUR/MWh;108,75;108,75
28.08.2025;CEST;10:45;11:00;EUR/MWh;122,09;122,09
28.08.2025;CEST;11:00;11:15;EUR/MWh;144,63;144,63
28.08.2025;CEST;11:15;11:30;EUR/MWh;112,45;112,45
28.08.2025;CEST;11:30;11:45;EUR/MWh;81,49;81,49
28.08.2025;CEST;11:45;12:00;EUR/MWh;85,81;85,81
28.08.2025;CEST;12:00;12:15;EUR/MWh;102,49;102,49
28.08.2025;CEST;12:15;12:30;EUR/MWh;100,99;100,99
28.08.2025;CEST;12:30;12:45;EUR/MWh;103,08;103,08
28.08.2025;CEST;12:45;13:00;EUR/MWh;91,76;91,76
28.08.2025;CEST;13:00;13:15;EUR/MWh;127,89;127,89
28.08.2025;CEST;13:15;13:30;EUR/MWh;127,41;127,41
28.08.2025;CEST;13:30;13:45;EUR/MWh;186,41;186,41
28.08.2025;CEST;13:45;14:00;EUR/MWh;108,4;108,4
28.08.2025;CEST;14:00;14:15;EUR/MWh;104,92;104,92
28.08.2025;CEST;14:15;14:30;EUR/MWh;128,55;128,55
28.08.2025;CEST;14:30;14:45;EUR/MWh;83,76;83,76
28.08.2025;CEST;14:45;15:00;EUR/MWh;62,28;62,28
28.08.2025;CEST;15:00;15:15;EUR/MWh;67,01;67,01
28.08.2025;CEST;15:15;15:30;EUR/MWh;59,5;59,5
28.08.2025;CEST;15:30;15:45;EUR/MWh;54,62;54,62
28.08.2025;CEST;15:45;16:00;EUR/MWh;65,05;65,05
28.08.2025;CEST;16:00;16:15;EUR/MWh;80,79;80,79
28.08.2025;CEST;16:15;16:30;EUR/MWh;97,64;97,64
28.08.2025;CEST;16:30;16:45;EUR/MWh;84,24;84,24
28.08.2025;CEST;16:45;17:00;EUR/MWh;152;152
28.08.2025;CEST;17:00;17:15;EUR/MWh;133,39;133,39
28.08.2025;CEST;17:15;17:30;EUR/MWh;101,64;101,64
28.08.2025;CEST;17:30;17:45;EUR/MWh;115,13;115,13
28.08.2025;CEST;17:45;18:00;EUR/MWh;116,2;116,2
28.08.2025;CEST;18:00;18:15;EUR/MWh;107,59;107,59
28.08.2025;CEST;18:15;18:30;EUR/MWh;129,7;129,7
28.08.2025;CEST;18:30;18:45;EUR/MWh;145,22;145,22
28.08.2025;CEST;18:45;19:00;EUR/MWh;149,56;149,56
28.08.2025;CEST;19:00;19:15;EUR/MWh;108,54;108,54
28.08.2025;CEST;19:15;19:30;EUR/MWh;132,88;132,88
28.08.2025;CEST;19:30;19:45;EUR/MWh;154,83;154,83
28.08.2025;CEST;19:45;20:00;EUR/MWh;187,84;187,84
28.08.2025;CEST;20:00;20:15;EUR/MWh;71,47;71,47
28.08.2025;CEST;20:15;20:30;EUR/MWh;181,99;181,99
28.08.2025;CEST;20:30;20:45;EUR/MWh;176,98;176,98
28.08.2025;CEST;20:45;21:00;EUR/MWh;213,01;213,01
28.08.2025;CEST;21:00;21:15;EUR/MWh;97,25;97,25
28.08.2025;CEST;21:15;21:30;EUR/MWh;115,02;115,02
28.08.2025;CEST;21:30;21:45;EUR/MWh;106,38;106,38
28.08.2025;CEST;21:45;22:00;EUR/MWh;116,85;116,85
28.08.2025;CEST;22:00;22:15;EUR/MWh;140,54;140,54
28.08.2025;CEST;22:15;22:30;EUR/MWh;155,2;155,2
28.08.2025;CEST;22:30;22:45;EUR/MWh;150,63;150,63
28.08.2025;CEST;22:45;23:00;EUR/MWh;157,68;157,68
28.08.2025;CEST;23:00;23:15;EUR/MWh;135,31;135,31
28.08.2025;CEST;23:15;23:30;EUR/MWh;85,95;85,95
28.08.2025;CEST;23:30;23:45;EUR/MWh;83,77;83,77
28.08.2025;CEST;23:45;00:00;EUR/MWh;85,02;85,02
29.08.2025;CEST;00:00;00:15;EUR/MWh;121,42;121,42
29.08.2025;CEST;00:15;00:30;EUR/MWh;119,92;119,92
29.08.2025;CEST;00:30;00:45;EUR/MWh;119,49;119,49
29.08.2025;CEST;00:45;01:00;EUR/MWh;100,26;100,26
29.08.2025;CEST;01:00;01:15;EUR/MWh;130,01;130,01
29.08.2025;CEST;01:15;01:30;EUR/MWh;93,47;93,47
29.08.2025;CEST;01:30;01:45;EUR/MWh;115,09;115,09
29.08.2025;CEST;01:45;02:00;EUR/MWh;100,7;100,7
29.08.2025;CEST;02:00;02:15;EUR/MWh;104,43;104,43
29.08.2025;CEST;02:15;02:30;EUR/MWh;82,54;82,54
29.08.2025;CEST;02:30;02:45;EUR/MWh;77,77;77,77
29.08.2025;CEST;02:45;03:00;EUR/MWh;82,94;82,94
29.08.2025;CEST;03:00;03:15;EUR/MWh;88,35;88,35
29.08.2025;CEST;03:15;03:30;EUR/MWh;91,85;91,85
29.08.2025;CEST;03:30;03:45;EUR/MWh;90,8;90,8
29.08.2025;CEST;03:45;04:00;EUR/MWh;76,91;76,91
29.08.2025;CEST;04:00;04:15;EUR/MWh;72,58;72,58
29.08.2025;CEST;04:15;04:30;EUR/MWh;50,15;50,15
29.08.2025;CEST;04:30;04:45;EUR/MWh;52,63;52,63
29.08.2025;CEST;04:45;05:00;EUR/MWh;70,31;70,31
29.08.2025;CEST;05:00;05:15;EUR/MWh;86,63;86,63
29.08.2025;CEST;05:15;05:30;EUR/MWh;70,02;70,02
29.08.2025;CEST;05:30;05:45;EUR/MWh;87,03;87,03
29.08.2025;CEST;05:45;06:00;EUR/MWh;61,69;61,69
29.08.2025;CEST;06:00;06:15;EUR/MWh;108,01;108,01
29.08.2025;CEST;06:15;06:30;EUR/MWh;117,1;117,1
29.08.2025;CEST;06:30;06:45;EUR/MWh;114,39;114,39
29.08.2025;CEST;06:45;07:00;EUR/MWh;102,41;102,41
29.08.2025;CEST;07:00;07:15;EUR/MWh;177,88;177,88
29.08.2025;CEST;07:15;07:30;EUR/MWh;149,46;149,46
29.08.2025;CEST;07:30;07:45;EUR/MWh;115,95;115,95
29.08.2025;CEST;07:45;08:00;EUR/MWh;108,25;108,25
29.08.2025;CEST;08:00;08:15;EUR/MWh;86,46;86,46
29.08.2025;CEST;08:15;08:30;EUR/MWh;70,93;70,93
29.08.2025;CEST;08:30;08:45;EUR/MWh;70,29;70,29
29.08.2025;CEST;08:45;09:00;EUR/MWh;64,78;64,78
29.08.2025;CEST;09:00;09:15;EUR/MWh;123,12;123,12
29.08.2025;CEST;09:15;09:30;EUR/MWh;120,23;120,23
29.08.2025;CEST;09:30;09:45;EUR/MWh;115,97;115,97
29.08.2025;CEST;09:45;10:00;EUR/MWh;78,69;78,69
29.08.2025;CEST;10:00;10:15;EUR/MWh;96,4;96,4
29.08.2025;CEST;10:15;10:30;EUR/MWh;128,1;128,1
29.08.2025;CEST;10:30;10:45;EUR/MWh;37,47;37,47
29.08.2025;CEST;10:45;11:00;EUR/MWh;8,88;8,88
29.08.2025;CEST;11:00;11:15;EUR/MWh;-6,87;-6,87
29.08.2025;CEST;11:15;11:30;EUR/MWh;-18,39;-18,39
29.08.2025;CEST;11:30;11:45;EUR/MWh;-25,17;-25,17
29.08.2025;CEST;11:45;12:00;EUR/MWh;-34,14;-34,14
29.08.2025;CEST;12:00;12:15;EUR/MWh;86,1;86,1
29.08.2025;CEST;12:15;12:30;EUR/MWh;86,93;86,93
29.08.2025;CEST;12:30;12:45;EUR/MWh;80,41;80,41
29.08.2025;CEST;12:45;13:00;EUR/MWh;65,09;65,09
29.08.2025;CEST;13:00;13:15;EUR/MWh;91,49;91,49
29.08.2025;CEST;13:15;13:30;EUR/MWh;187,31;187,31
29.08.2025;CEST;13:30;13:45;EUR/MWh;17,04;17,04
29.08.2025;CEST;13:45;14:00;EUR/MWh;-1,17;-1,17
29.08.2025;CEST;14:00;14:15;EUR/MWh;1,55;1,55
29.08.2025;CEST;14:15;14:30;EUR/MWh;27,52;27,52
29.08.2025;CEST;14:30;14:45;EUR/MWh;33,42;33,42
29.08.2025;CEST;14:45;15:00;EUR/MWh;86,09;86,09
29.08.2025;CEST;15:00;15:15;EUR/MWh;64,51;64,51
29.08.2025;CEST;15:15;15:30;EUR/MWh;68,21;68,21
29.08.2025;CEST;15:30;15:45;EUR/MWh;101,44;101,44
29.08.2025;CEST;15:45;16:00;EUR/MWh;126,1;126,1
29.08.2025;CEST;16:00;16:15;EUR/MWh;73,95;73,95
29.08.2025;CEST;16:15;16:30;EUR/MWh;110,01;110,01
29.08.2025;CEST;16:30;16:45;EUR/MWh;99,12;99,12
29.08.2025;CEST;16:45;17:00;EUR/MWh;102,2;102,2
29.08.2025;CEST;17:00;17:15;EUR/MWh;5,86;5,86
29.08.2025;CEST;17:15;17:30;EUR/MWh;37,37;37,37
29.08.2025;CEST;17:30;17:45;EUR/MWh;18,26;18,26
29.08.2025;CEST;17:45;18:00;EUR/MWh;54,77;54,77
29.08.2025;CEST;18:00;18:15;EUR/MWh;45,4;45,4
29.08.2025;CEST;18:15;18:30;EUR/MWh;69,04;69,04
29.08.2025;CEST;18:30;18:45;EUR/MWh;81,68;81,68
29.08.2025;CEST;18:45;19:00;EUR/MWh;114,37;114,37
29.08.2025;CEST;19:00;19:15;EUR/MWh;99,08;99,08
29.08.2025;CEST;19:15;19:30;EUR/MWh;154,26;154,26
29.08.2025;CEST;19:30;19:45;EUR/MWh;197,06;197,06
29.08.2025;CEST;19:45;20:00;EUR/MWh;23,05;23,05
29.08.2025;CEST;20:00;20:15;EUR/MWh;35;35
29.08.2025;CEST;20:15;20:30;EUR/MWh;71,7;71,7
29.08.2025;CEST;20:30;20:45;EUR/MWh;101,2;101,2
29.08.2025;CEST;20:45;21:00;EUR/MWh;91,78;91,78
29.08.2025;CEST;21:00;21:15;EUR/MWh;102,61;102,61
29.08.2025;CEST;21:15;21:30;EUR/MWh;120,86;120,86
29.08.2025;CEST;21:30;21:45;EUR/MWh;105,17;105,17
29.08.2025;CEST;21:45;22:00;EUR/MWh;44,56;44,56
29.08.2025;CEST;22:00;22:15;EUR/MWh;128,8;128,8
29.08.2025;CEST;22:15;22:30;EUR/MWh;128,73;128,73
29.08.2025;CEST;22:30;22:45;EUR/MWh;116,55;116,55
29.08.2025;CEST;22:45;23:00;EUR/MWh;120,76;120,76
29.08.2025;CEST;23:00;23:15;EUR/MWh;142,78;142,78
29.08.2025;CEST;23:15;23:30;EUR/MWh;152,15;152,15
29.08.2025;CEST;23:30;23:45;EUR/MWh;149,74;149,74
29.08.2025;CEST;23:45;00:00;EUR/MWh;151,93;151,93
30.08.2025;CEST;00:00;00:15;EUR/MWh;89,02;89,02
30.08.2025;CEST;00:15;00:30;EUR/MWh;75,22;75,22
30.08.2025;CEST;00:30;00:45;EUR/MWh;78,13;78,13
30.08.2025;CEST;00:45;01:00;EUR/MWh;107,88;107,88
30.08.2025;CEST;01:00;01:15;EUR/MWh;96,55;96,55
30.08.2025;CEST;01:15;01:30;EUR/MWh;84,98;84,98
30.08.2025;CEST;01:30;01:45;EUR/MWh;81,15;81,15
30.08.2025;CEST;01:45;02:00;EUR/MWh;71,54;71,54
30.08.2025;CEST;02:00;02:15;EUR/MWh;66,39;66,39
30.08.2025;CEST;02:15;02:30;EUR/MWh;86,48;86,48
30.08.2025;CEST;02:30;02:45;EUR/MWh;124,55;124,55
30.08.2025;CEST;02:45;03:00;EUR/MWh;127,55;127,55
30.08.2025;CEST;03:00;03:15;EUR/MWh;104,92;104,92
30.08.2025;CEST;03:15;03:30;EUR/MWh;143,24;143,24
30.08.2025;CEST;03:30;03:45;EUR/MWh;120,19;120,19
30.08.2025;CEST;03:45;04:00;EUR/MWh;114,83;114,83
30.08.2025;CEST;04:00;04:15;EUR/MWh;108,07;108,07
30.08.2025;CEST;04:15;04:30;EUR/MWh;108,39;108,39
30.08.2025;CEST;04:30;04:45;EUR/MWh;125,89;125,89
30.08.2025;CEST;04:45;05:00;EUR/MWh;121,23;121,23
30.08.2025;CEST;05:00;05:15;EUR/MWh;120,62;120,62
30.08.2025;CEST;05:15;05:30;EUR/MWh;98,93;98,93
30.08.2025;CEST;05:30;05:45;EUR/MWh;98,87;98,87
30.08.2025;CEST;05:45;06:00;EUR/MWh;83,59;83,59
30.08.2025;CEST;06:00;06:15;EUR/MWh;117,64;117,64
30.08.2025;CEST;06:15;06:30;EUR/MWh;98,52;98,52
30.08.2025;CEST;06:30;06:45;EUR/MWh;120,18;120,18
30.08.2025;CEST;06:45;07:00;EUR/MWh;121,9;121,9
30.08.2025;CEST;07:00;07:15;EUR/MWh;134,73;134,73
30.08.2025;CEST;07:15;07:30;EUR/MWh;129,98;129,98
30.08.2025;CEST;07:30;07:45;EUR/MWh;145,9;145,9
30.08.2025;CEST;07:45;08:00;EUR/MWh;132,84;132,84
30.08.2025;CEST;08:00;08:15;EUR/MWh;55,4;55,4
30.08.2025;CEST;08:15;08:30;EUR/MWh;69,39;69,39
30.08.2025;CEST;08:30;08:45;EUR/MWh;104,22;104,22
30.08.2025;CEST;08:45;09:00;EUR/MWh;74,76;74,76
30.08.2025;CEST;09:00;09:15;EUR/MWh;111,07;111,07
30.08.2025;CEST;09:15;09:30;EUR/MWh;87,1;87,1
30.08.2025;CEST;09:30;09:45;EUR/MWh;36,27;36,27
30.08.2025;CEST;09:45;10:00;EUR/MWh;84,82;84,82
30.08.2025;CEST;10:00;10:15;EUR/MWh;110,88;110,88
30.08.2025;CEST;10:15;10:30;EUR/MWh;115,27;115,27
30.08.2025;CEST;10:30;10:45;EUR/MWh;44,26;44,26
30.08.2025;CEST;10:45;11:00;EUR/MWh;24,64;24,64
30.08.2025;CEST;11:00;11:15;EUR/MWh;29,51;29,51
30.08.2025;CEST;11:15;11:30;EUR/MWh;15,88;15,88
30.08.2025;CEST;11:30;11:45;EUR/MWh;-2,83;-2,83
30.08.2025;CEST;11:45;12:00;EUR/MWh;-6,31;-6,31
30.08.2025;CEST;12:00;12:15;EUR/MWh;54,28;54,28
30.08.2025;CEST;12:15;12:30;EUR/MWh;-6,73;-6,73
30.08.2025;CEST;12:30;12:45;EUR/MWh;0,41;0,41
30.08.2025;CEST;12:45;13:00;EUR/MWh;-18,41;-18,41
30.08.2025;CEST;13:00;13:15;EUR/MWh;7,3;7,3
30.08.2025;CEST;13:15;13:30;EUR/MWh;57,92;57,92
30.08.2025;CEST;13:30;13:45;EUR/MWh;6,63;6,63
30.08.2025;CEST;13:45;14:00;EUR/MWh;7,94;7,94
30.08.2025;CEST;14:00;14:15;EUR/MWh;9,28;9,28
30.08.2025;CEST;14:15;14:30;EUR/MWh;12,32;12,32
30.08.2025;CEST;14:30;14:45;EUR/MWh;48,87;48,87
30.08.2025;CEST;14:45;15:00;EUR/MWh;2,66;2,66
30.08.2025;CEST;15:00;15:15;EUR/MWh;-7;-7
30.08.2025;CEST;15:15;15:30;EUR/MWh;-1,79;-1,79
30.08.2025;CEST;15:30;15:45;EUR/MWh;-8,65;-8,65
30.08.2025;CEST;15:45;16:00;EUR/MWh;0,4;0,4
30.08.2025;CEST;16:00;16:15;EUR/MWh;-14,76;-14,76
30.08.2025;CEST;16:15;16:30;EUR/MWh;25,2;25,2
30.08.2025;CEST;16:30;16:45;EUR/MWh;21,51;21,51
30.08.2025;CEST;16:45;17:00;EUR/MWh;25,53;25,53
30.08.2025;CEST;17:00;17:15;EUR/MWh;9,15;9,15
30.08.2025;CEST;17:15;17:30;EUR/MWh;114,39;114,39
30.08.2025;CEST;17:30;17:45;EUR/MWh;111,67;111,67
30.08.2025;CEST;17:45;18:00;EUR/MWh;113,5;113,5
30.08.2025;CEST;18:00;18:15;EUR/MWh;104,45;104,45
30.08.2025;CEST;18:15;18:30;EUR/MWh;24,07;24,07
30.08.2025;CEST;18:30;18:45;EUR/MWh;62,37;62,37
30.08.2025;CEST;18:45;19:00;EUR/MWh;135,66;135,66
30.08.2025;CEST;19:00;19:15;EUR/MWh;99,37;99,37
30.08.2025;CEST;19:15;19:30;EUR/MWh;170,13;170,13
30.08.2025;CEST;19:30;19:45;EUR/MWh;206,69;206,69
30.08.2025;CEST;19:45;20:00;EUR/MWh;195,52;195,52
30.08.2025;CEST;20:00;20:15;EUR/MWh;166,2;166,2
30.08.2025;CEST;20:15;20:30;EUR/MWh;135,87;135,87
30.08.2025;CEST;20:30;20:45;EUR/MWh;135,58;135,58
30.08.2025;CEST;20:45;21:00;EUR/MWh;139,18;139,18
30.08.2025;CEST;21:00;21:15;EUR/MWh;142,49;142,49
30.08.2025;CEST;21:15;21:30;EUR/MWh;127,62;127,62
30.08.2025;CEST;21:30;21:45;EUR/MWh;101,74;101,74
30.08.2025;CEST;21:45;22:00;EUR/MWh;34,38;34,38
30.08.2025;CEST;22:00;22:15;EUR/MWh;79;79
30.08.2025;CEST;22:15;22:30;EUR/MWh;50,37;50,37
30.08.2025;CEST;22:30;22:45;EUR/MWh;68,3;68,3
30.08.2025;CEST;22:45;23:00;EUR/MWh;65,48;65,48
30.08.2025;CEST;23:00;23:15;EUR/MWh;45,16;45,16
30.08.2025;CEST;23:15;23:30;EUR/MWh;67,65;67,65
30.08.2025;CEST;23:30;23:45;EUR/MWh;107,34;107,34
30.08.2025;CEST;23:45;00:00;EUR/MWh;58,8;58,8
31.08.2025;CEST;00:00;00:15;EUR/MWh;74,39;74,39
31.08.2025;CEST;00:15;00:30;EUR/MWh;84,73;84,73
31.08.2025;CEST;00:30;00:45;EUR/MWh;86,38;86,38
31.08.2025;CEST;00:45;01:00;EUR/MWh;38,99;38,99
31.08.2025;CEST;01:00;01:15;EUR/MWh;73,01;73,01
31.08.2025;CEST;01:15;01:30;EUR/MWh;86,68;86,68
31.08.2025;CEST;01:30;01:45;EUR/MWh;101,37;101,37
31.08.2025;CEST;01:45;02:00;EUR/MWh;40,38;40,38
31.08.2025;CEST;02:00;02:15;EUR/MWh;76,74;76,74
31.08.2025;CEST;02:15;02:30;EUR/MWh;96,6;96,6
31.08.2025;CEST;02:30;02:45;EUR/MWh;106,41;106,41
31.08.2025;CEST;02:45;03:00;EUR/MWh;62,48;62,48
31.08.2025;CEST;03:00;03:15;EUR/MWh;50,83;50,83
31.08.2025;CEST;03:15;03:30;EUR/MWh;66,74;66,74
31.08.2025;CEST;03:30;03:45;EUR/MWh;67,27;67,27
31.08.2025;CEST;03:45;04:00;EUR/MWh;50,66;50,66
31.08.2025;CEST;04:00;04:15;EUR/MWh;71,37;71,37
31.08.2025;CEST;04:15;04:30;EUR/MWh;72,39;72,39
31.08.2025;CEST;04:30;04:45;EUR/MWh;70,43;70,43
31.08.2025;CEST;04:45;05:00;EUR/MWh;88,62;88,62
31.08.2025;CEST;05:00;05:15;EUR/MWh;85,58;85,58
31.08.2025;CEST;05:15;05:30;EUR/MWh;87,59;87,59
31.08.2025;CEST;05:30;05:45;EUR/MWh;104,07;104,07
31.08.2025;CEST;05:45;06:00;EUR/MWh;109,38;109,38
31.08.2025;CEST;06:00;06:15;EUR/MWh;159,14;159,14
31.08.2025;CEST;06:15;06:30;EUR/MWh;142,81;142,81
31.08.2025;CEST;06:30;06:45;EUR/MWh;123,24;123,24
31.08.2025;CEST;06:45;07:00;EUR/MWh;69,96;69,96
31.08.2025;CEST;07:00;07:15;EUR/MWh;87,52;87,52
31.08.2025;CEST;07:15;07:30;EUR/MWh;87,66;87,66
31.08.2025;CEST;07:30;07:45;EUR/MWh;51,77;51,77
31.08.2025;CEST;07:45;08:00;EUR/MWh;39,82;39,82
31.08.2025;CEST;08:00;08:15;EUR/MWh;35,44;35,44
31.08.2025;CEST;08:15;08:30;EUR/MWh;50,03;50,03
31.08.2025;CEST;08:30;08:45;EUR/MWh;20,48;20,48
31.08.2025;CEST;08:45;09:00;EUR/MWh;9,93;9,93
31.08.2025;CEST;09:00;09:15;EUR/MWh;27,32;27,32
31.08.2025;CEST;09:15;09:30;EUR/MWh;18,47;18,47
31.08.2025;CEST;09:30;09:45;EUR/MWh;-1,51;-1,51
31.08.2025;CEST;09:45;10:00;EUR/MWh;-19,8;-19,8
31.08.2025;CEST;10:00;10:15;EUR/MWh;31,16;31,16
31.08.2025;CEST;10:15;10:30;EUR/MWh;-2,36;-2,36
31.08.2025;CEST;10:30;10:45;EUR/MWh;-4,93;-4,93
31.08.2025;CEST;10:45;11:00;EUR/MWh;-13,3;-13,3
31.08.2025;CEST;11:00;11:15;EUR/MWh;-5,01;-5,01
31.08.2025;CEST;11:15;11:30;EUR/MWh;2,17;2,17
31.08.2025;CEST;11:30;11:45;EUR/MWh;1,79;1,79
31.08.2025;CEST;11:45;12:00;EUR/MWh;-0,44;-0,44
31.08.2025;CEST;12:00;12:15;EUR/MWh;4,94;4,94
31.08.2025;CEST;12:15;12:30;EUR/MWh;-7,34;-7,34
31.08.2025;CEST;12:30;12:45;EUR/MWh;-9,24;-9,24
31.08.2025;CEST;12:45;13:00;EUR/MWh;-16,69;-16,69
31.08.2025;CEST;13:00;13:15;EUR/MWh;-17,51;-17,51
31.08.2025;CEST;13:15;13:30;EUR/MWh;-19,66;-19,66
31.08.2025;CEST;13:30;13:45;EUR/MWh;-24,22;-24,22
31.08.2025;CEST;13:45;14:00;EUR/MWh;-21,02;-21,02
31.08.2025;CEST;14:00;14:15;EUR/MWh;-22,78;-22,78
31.08.2025;CEST;14:15;14:30;EUR/MWh;0;0
31.08.2025;CEST;14:30;14:45;EUR/MWh;-11,46;-11,46
31.08.2025;CEST;14:45;15:00;EUR/MWh;-17,93;-17,93
31.08.2025;CEST;15:00;15:15;EUR/MWh;4,75;4,75
31.08.2025;CEST;15:15;15:30;EUR/MWh;-29,36;-29,36
31.08.2025;CEST;15:30;15:45;EUR/MWh;-22,01;-22,01
31.08.2025;CEST;15:45;16:00;EUR/MWh;112,47;112,47
31.08.2025;CEST;16:00;16:15;EUR/MWh;-34,76;-34,76
31.08.2025;CEST;16:15;16:30;EUR/MWh;-32,68;-32,68
31.08.2025;CEST;16:30;16:45;EUR/MWh;-5,98;-5,98
31.08.2025;CEST;16:45;17:00;EUR/MWh;11,04;11,04
31.08.2025;CEST;17:00;17:15;EUR/MWh;24,89;24,89
31.08.2025;CEST;17:15;17:30;EUR/MWh;29,25;29,25
31.08.2025;CEST;17:30;17:45;EUR/MWh;33,35;33,35
31.08.2025;CEST;17:45;18:00;EUR/MWh;86,8;86,8
31.08.2025;CEST;18:00;18:15;EUR/MWh;39,94;39,94
31.08.2025;CEST;18:15;18:30;EUR/MWh;106,01;106,01
31.08.2025;CEST;18:30;18:45;EUR/MWh;131,19;131,19
31.08.2025;CEST;18:45;19:00;EUR/MWh;150,4;150,4
31.08.2025;CEST;19:00;19:15;EUR/MWh;139,83;139,83
31.08.2025;CEST;19:15;19:30;EUR/MWh;137,83;137,83
31.08.2025;CEST;19:30;19:45;EUR/MWh;149,25;149,25
31.08.2025;CEST;19:45;20:00;EUR/MWh;106,1;106,1
31.08.2025;CEST;20:00;20:15;EUR/MWh;120,29;120,29
31.08.2025;CEST;20:15;20:30;EUR/MWh;141,22;141,22
31.08.2025;CEST;20:30;20:45;EUR/MWh;136,21;136,21
31.08.2025;CEST;20:45;21:00;EUR/MWh;104,91;104,91
31.08.2025;CEST;21:00;21:15;EUR/MWh;128,48;128,48
31.08.2025;CEST;21:15;21:30;EUR/MWh;60,48;60,48
31.08.2025;CEST;21:30;21:45;EUR/MWh;64,35;64,35
31.08.2025;CEST;21:45;22:00;EUR/MWh;32,98;32,98
31.08.2025;CEST;22:00;22:15;EUR/MWh;66,67;66,67
31.08.2025;CEST;22:15;22:30;EUR/MWh;42,74;42,74
31.08.2025;CEST;22:30;22:45;EUR/MWh;57,42;57,42
31.08.2025;CEST;22:45;23:00;EUR/MWh;32,29;32,29
31.08.2025;CEST;23:00;23:15;EUR/MWh;70,9;70,9
31.08.2025;CEST;23:15;23:30;EUR/MWh;54,59;54,59
31.08.2025;CEST;23:30;23:45;EUR/MWh;40,06;40,06
31.08.2025;CEST;23:45;00:00;EUR/MWh;48,21;48,21
01.09.2025;CEST;00:00;00:15;EUR/MWh;56,98;56,98
01.09.2025;CEST;00:15;00:30;EUR/MWh;66,16;66,16
01.09.2025;CEST;00:30;00:45;EUR/MWh;79,89;79,89
01.09.2025;CEST;00:45;01:00;EUR/MWh;44,97;44,97
01.09.2025;CEST;01:00;01:15;EUR/MWh;85,33;85,33
01.09.2025;CEST;01:15;01:30;EUR/MWh;78,06;78,06
01.09.2025;CEST;01:30;01:45;EUR/MWh;103,48;103,48
01.09.2025;CEST;01:45;02:00;EUR/MWh;101,86;101,86
01.09.2025;CEST;02:00;02:15;EUR/MWh;105,95;105,95
01.09.2025;CEST;02:15;02:30;EUR/MWh;107,44;107,44
01.09.2025;CEST;02:30;02:45;EUR/MWh;116,11;116,11
01.09.2025;CEST;02:45;03:00;EUR/MWh;110,67;110,67
01.09.2025;CEST;03:00;03:15;EUR/MWh;68,61;68,61
01.09.2025;CEST;03:15;03:30;EUR/MWh;69,25;69,25
01.09.2025;CEST;03:30;03:45;EUR/MWh;83,29;83,29
01.09.2025;CEST;03:45;04:00;EUR/MWh;82,31;82,31
01.09.2025;CEST;04:00;04:15;EUR/MWh;66,56;66,56
01.09.2025;CEST;04:15;04:30;EUR/MWh;57,91;57,91
01.09.2025;CEST;04:30;04:45;EUR/MWh;69,6;69,6
01.09.2025;CEST;04:45;05:00;EUR/MWh;103,7;103,7
01.09.2025;CEST;05:00;05:15;EUR/MWh;59,51;59,51
01.09.2025;CEST;05:15;05:30;EUR/MWh;61,1;61,1
01.09.2025;CEST;05:30;05:45;EUR/MWh;85,55;85,55
01.09.2025;CEST;05:45;06:00;EUR/MWh;66,46;66,46
01.09.2025;CEST;06:00;06:15;EUR/MWh;58,27;58,27
01.09.2025;CEST;06:15;06:30;EUR/MWh;89,37;89,37
01.09.2025;CEST;06:30;06:45;EUR/MWh;123,03;123,03
01.09.2025;CEST;06:45;07:00;EUR/MWh;100,29;100,29
01.09.2025;CEST;07:00;07:15;EUR/MWh;117,74;117,74
01.09.2025;CEST;07:15;07:30;EUR/MWh;125,89;125,89
01.09.2025;CEST;07:30;07:45;EUR/MWh;121,95;121,95
01.09.2025;CEST;07:45;08:00;EUR/MWh;124,95;124,95
01.09.2025;CEST;08:00;08:15;EUR/MWh;116,94;116,94
01.09.2025;CEST;08:15;08:30;EUR/MWh;131,24;131,24
01.09.2025;CEST;08:30;08:45;EUR/MWh;116,19;116,19
01.09.2025;CEST;08:45;09:00;EUR/MWh;133,35;133,35
01.09.2025;CEST;09:00;09:15;EUR/MWh;176,97;176,97
01.09.2025;CEST;09:15;09:30;EUR/MWh;395,5;395,5
01.09.2025;CEST;09:30;09:45;EUR/MWh;213,34;213,34
01.09.2025;CEST;09:45;10:00;EUR/MWh;258,55;258,55
01.09.2025;CEST;10:00;10:15;EUR/MWh;235,99;235,99
01.09.2025;CEST;10:15;10:30;EUR/MWh;415,1;415,1
01.09.2025;CEST;10:30;10:45;EUR/MWh;186,97;186,97
01.09.2025;CEST;10:45;11:00;EUR/MWh;215,69;215,69
01.09.2025;CEST;11:00;11:15;EUR/MWh;184,95;184,95
01.09.2025;CEST;11:15;11:30;EUR/MWh;297,83;297,83
01.09.2025;CEST;11:30;11:45;EUR/MWh;324,3;324,3
01.09.2025;CEST;11:45;12:00;EUR/MWh;396,39;396,39
01.09.2025;CEST;12:00;12:15;EUR/MWh;309,91;309,91
01.09.2025;CEST;12:15;12:30;EUR/MWh;42,02;42,02
01.09.2025;CEST;12:30;12:45;EUR/MWh;67,74;67,74
01.09.2025;CEST;12:45;13:00;EUR/MWh;263,64;263,64
01.09.2025;CEST;13:00;13:15;EUR/MWh;3563,84;3563,84
01.09.2025;CEST;13:15;13:30;EUR/MWh;855,81;855,81
01.09.2025;CEST;13:30;13:45;EUR/MWh;46,04;46,04
01.09.2025;CEST;13:45;14:00;EUR/MWh;58,12;58,12
01.09.2025;CEST;14:00;14:15;EUR/MWh;110,27;110,27
01.09.2025;CEST;14:15;14:30;EUR/MWh;78,98;78,98
01.09.2025;CEST;14:30;14:45;EUR/MWh;225,99;225,99
01.09.2025;CEST;14:45;15:00;EUR/MWh;132,43;132,43
01.09.2025;CEST;15:00;15:15;EUR/MWh;57,57;57,57
01.09.2025;CEST;15:15;15:30;EUR/MWh;99,58;99,58
01.09.2025;CEST;15:30;15:45;EUR/MWh;134,41;134,41
01.09.2025;CEST;15:45;16:00;EUR/MWh;117,22;117,22
01.09.2025;CEST;16:00;16:15;EUR/MWh;96,66;96,66
01.09.2025;CEST;16:15;16:30;EUR/MWh;65,01;65,01
01.09.2025;CEST;16:30;16:45;EUR/MWh;74,61;74,61
01.09.2025;CEST;16:45;17:00;EUR/MWh;65,9;65,9
01.09.2025;CEST;17:00;17:15;EUR/MWh;46,78;46,78
01.09.2025;CEST;17:15;17:30;EUR/MWh;172,92;172,92
01.09.2025;CEST;17:30;17:45;EUR/MWh;264,88;264,88
01.09.2025;CEST;17:45;18:00;EUR/MWh;203,61;203,61
01.09.2025;CEST;18:00;18:15;EUR/MWh;71,06;71,06
01.09.2025;CEST;18:15;18:30;EUR/MWh;68,66;68,66
01.09.2025;CEST;18:30;18:45;EUR/MWh;66,71;66,71
01.09.2025;CEST;18:45;19:00;EUR/MWh;160,69;160,69
01.09.2025;CEST;19:00;19:15;EUR/MWh;218,89;218,89
01.09.2025;CEST;19:15;19:30;EUR/MWh;265,79;265,79
01.09.2025;CEST;19:30;19:45;EUR/MWh;332,44;332,44
01.09.2025;CEST;19:45;20:00;EUR/MWh;160,56;160,56
01.09.2025;CEST;20:00;20:15;EUR/MWh;168,96;168,96
01.09.2025;CEST;20:15;20:30;EUR/MWh;316,31;316,31
01.09.2025;CEST;20:30;20:45;EUR/MWh;287,89;287,89
01.09.2025;CEST;20:45;21:00;EUR/MWh;202,8;202,8
01.09.2025;CEST;21:00;21:15;EUR/MWh;196,12;196,12
01.09.2025;CEST;21:15;21:30;EUR/MWh;84,84;84,84
01.09.2025;CEST;21:30;21:45;EUR/MWh;77,71;77,71
01.09.2025;CEST;21:45;22:00;EUR/MWh;66,19;66,19
01.09.2025;CEST;22:00;22:15;EUR/MWh;98,91;98,91
01.09.2025;CEST;22:15;22:30;EUR/MWh;74,19;74,19
01.09.2025;CEST;22:30;22:45;EUR/MWh;73,29;73,29
01.09.2025;CEST;22:45;23:00;EUR/MWh;86,85;86,85
01.09.2025;CEST;23:00;23:15;EUR/MWh;138,68;138,68
01.09.2025;CEST;23:15;23:30;EUR/MWh;132,36;132,36
01.09.2025;CEST;23:30;23:45;EUR/MWh;131,55;131,55
01.09.2025;CEST;23:45;00:00;EUR/MWh;75,34;75,34
02.09.2025;CEST;00:00;00:15;EUR/MWh;78,5;78,5
02.09.2025;CEST;00:15;00:30;EUR/MWh;83,66;83,66
02.09.2025;CEST;00:30;00:45;EUR/MWh;102,76;102,76
02.09.2025;CEST;00:45;01:00;EUR/MWh;103,34;103,34
02.09.2025;CEST;01:00;01:15;EUR/MWh;83,41;83,41
02.09.2025;CEST;01:15;01:30;EUR/MWh;87,97;87,97
02.09.2025;CEST;01:30;01:45;EUR/MWh;80,54;80,54
02.09.2025;CEST;01:45;02:00;EUR/MWh;102,51;102,51
02.09.2025;CEST;02:00;02:15;EUR/MWh;125,28;125,28
02.09.2025;CEST;02:15;02:30;EUR/MWh;120,06;120,06
02.09.2025;CEST;02:30;02:45;EUR/MWh;141,45;141,45
02.09.2025;CEST;02:45;03:00;EUR/MWh;119,27;119,27
02.09.2025;CEST;03:00;03:15;EUR/MWh;88,54;88,54
02.09.2025;CEST;03:15;03:30;EUR/MWh;80,42;80,42
02.09.2025;CEST;03:30;03:45;EUR/MWh;81;81
02.09.2025;CEST;03:45;04:00;EUR/MWh;86;86
02.09.2025;CEST;04:00;04:15;EUR/MWh;75,49;75,49
02.09.2025;CEST;04:15;04:30;EUR/MWh;99,47;99,47
02.09.2025;CEST;04:30;04:45;EUR/MWh;121,1;121,1
02.09.2025;CEST;04:45;05:00;EUR/MWh;85,25;85,25
02.09.2025;CEST;05:00;05:15;EUR/MWh;87,95;87,95
02.09.2025;CEST;05:15;05:30;EUR/MWh;88,09;88,09
02.09.2025;CEST;05:30;05:45;EUR/MWh;105,44;105,44
02.09.2025;CEST;05:45;06:00;EUR/MWh;136,04;136,04
02.09.2025;CEST;06:00;06:15;EUR/MWh;201,86;201,86
02.09.2025;CEST;06:15;06:30;EUR/MWh;179,26;179,26
02.09.2025;CEST;06:30;06:45;EUR/MWh;167,74;167,74
02.09.2025;CEST;06:45;07:00;EUR/MWh;145,32;145,32
02.09.2025;CEST;07:00;07:15;EUR/MWh;190,23;190,23
02.09.2025;CEST;07:15;07:30;EUR/MWh;168,88;168,88
02.09.2025;CEST;07:30;07:45;EUR/MWh;164,67;164,67
02.09.2025;CEST;07:45;08:00;EUR/MWh;146,23;146,23
02.09.2025;CEST;08:00;08:15;EUR/MWh;82,06;82,06
02.09.2025;CEST;08:15;08:30;EUR/MWh;125,38;125,38
02.09.2025;CEST;08:30;08:45;EUR/MWh;127,62;127,62
02.09.2025;CEST;08:45;09:00;EUR/MWh;126,08;126,08
02.09.2025;CEST;09:00;09:15;EUR/MWh;133,73;133,73
02.09.2025;CEST;09:15;09:30;EUR/MWh;69,62;69,62
02.09.2025;CEST;09:30;09:45;EUR/MWh;72,03;72,03
02.09.2025;CEST;09:45;10:00;EUR/MWh;48,98;48,98
02.09.2025;CEST;10:00;10:15;EUR/MWh;55,61;55,61
02.09.2025;CEST;10:15;10:30;EUR/MWh;41,73;41,73
02.09.2025;CEST;10:30;10:45;EUR/MWh;36,93;36,93
02.09.2025;CEST;10:45;11:00;EUR/MWh;31,83;31,83
02.09.2025;CEST;11:00;11:15;EUR/MWh;119,22;119,22
02.09.2025;CEST;11:15;11:30;EUR/MWh;108,37;108,37
02.09.2025;CEST;11:30;11:45;EUR/MWh;124,68;124,68
02.09.2025;CEST;11:45;12:00;EUR/MWh;118,04;118,04
02.09.2025;CEST;12:00;12:15;EUR/MWh;77,78;77,78
02.09.2025;CEST;12:15;12:30;EUR/MWh;40,5;40,5
02.09.2025;CEST;12:30;12:45;EUR/MWh;19,67;19,67
02.09.2025;CEST;12:45;13:00;EUR/MWh;131,9;131,9
02.09.2025;CEST;13:00;13:15;EUR/MWh;144,1;144,1
02.09.2025;CEST;13:15;13:30;EUR/MWh;136,41;136,41
02.09.2025;CEST;13:30;13:45;EUR/MWh;13,56;13,56
02.09.2025;CEST;13:45;14:00;EUR/MWh;37,64;37,64
02.09.2025;CEST;14:00;14:15;EUR/MWh;112,9;112,9
02.09.2025;CEST;14:15;14:30;EUR/MWh;31,8;31,8
02.09.2025;CEST;14:30;14:45;EUR/MWh;5,19;5,19
02.09.2025;CEST;14:45;15:00;EUR/MWh;36,23;36,23
02.09.2025;CEST;15:00;15:15;EUR/MWh;24,6;24,6
02.09.2025;CEST;15:15;15:30;EUR/MWh;19,86;19,86
02.09.2025;CEST;15:30;15:45;EUR/MWh;108,4;108,4
02.09.2025;CEST;15:45;16:00;EUR/MWh;82,98;82,98
02.09.2025;CEST;16:00;16:15;EUR/MWh;91,23;91,23
02.09.2025;CEST;16:15;16:30;EUR/MWh;5,47;5,47
02.09.2025;CEST;16:30;16:45;EUR/MWh;-4,46;-4,46
02.09.2025;CEST;16:45;17:00;EUR/MWh;21,73;21,73
02.09.2025;CEST;17:00;17:15;EUR/MWh;36,46;36,46
02.09.2025;CEST;17:15;17:30;EUR/MWh;177,68;177,68
02.09.2025;CEST;17:30;17:45;EUR/MWh;181,13;181,13
02.09.2025;CEST;17:45;18:00;EUR/MWh;94,75;94,75
02.09.2025;CEST;18:00;18:15;EUR/MWh;65,99;65,99
02.09.2025;CEST;18:15;18:30;EUR/MWh;30,67;30,67
02.09.2025;CEST;18:30;18:45;EUR/MWh;53,31;53,31
02.09.2025;CEST;18:45;19:00;EUR/MWh;97,72;97,72
02.09.2025;CEST;19:00;19:15;EUR/MWh;97,06;97,06
02.09.2025;CEST;19:15;19:30;EUR/MWh;141,76;141,76
02.09.2025;CEST;19:30;19:45;EUR/MWh;234,32;234,32
02.09.2025;CEST;19:45;20:00;EUR/MWh;112,99;112,99
02.09.2025;CEST;20:00;20:15;EUR/MWh;83,38;83,38
02.09.2025;CEST;20:15;20:30;EUR/MWh;251,09;251,09
02.09.2025;CEST;20:30;20:45;EUR/MWh;175,87;175,87
02.09.2025;CEST;20:45;21:00;EUR/MWh;49,76;49,76
02.09.2025;CEST;21:00;21:15;EUR/MWh;90,32;90,32
02.09.2025;CEST;21:15;21:30;EUR/MWh;73,72;73,72
02.09.2025;CEST;21:30;21:45;EUR/MWh;60,49;60,49
02.09.2025;CEST;21:45;22:00;EUR/MWh;54,24;54,24
02.09.2025;CEST;22:00;22:15;EUR/MWh;59,8;59,8
02.09.2025;CEST;22:15;22:30;EUR/MWh;136,66;136,66
02.09.2025;CEST;22:30;22:45;EUR/MWh;140,19;140,19
02.09.2025;CEST;22:45;23:00;EUR/MWh;76,18;76,18
02.09.2025;CEST;23:00;23:15;EUR/MWh;154,62;154,62
02.09.2025;CEST;23:15;23:30;EUR/MWh;165,59;165,59
02.09.2025;CEST;23:30;23:45;EUR/MWh;67,91;67,91
02.09.2025;CEST;23:45;00:00;EUR/MWh;86,53;86,53
03.09.2025;CEST;00:00;00:15;EUR/MWh;245,17;245,17
03.09.2025;CEST;00:15;00:30;EUR/MWh;238,59;238,59
03.09.2025;CEST;00:30;00:45;EUR/MWh;150,87;150,87
03.09.2025;CEST;00:45;01:00;EUR/MWh;69,05;69,05
03.09.2025;CEST;01:00;01:15;EUR/MWh;92,19;92,19
03.09.2025;CEST;01:15;01:30;EUR/MWh;59,28;59,28
03.09.2025;CEST;01:30;01:45;EUR/MWh;54,67;54,67
03.09.2025;CEST;01:45;02:00;EUR/MWh;70,67;70,67
03.09.2025;CEST;02:00;02:15;EUR/MWh;75,91;75,91
03.09.2025;CEST;02:15;02:30;EUR/MWh;105,11;105,11
03.09.2025;CEST;02:30;02:45;EUR/MWh;78,57;78,57
03.09.2025;CEST;02:45;03:00;EUR/MWh;47,7;47,7
03.09.2025;CEST;03:00;03:15;EUR/MWh;106,22;106,22
03.09.2025;CEST;03:15;03:30;EUR/MWh;82,4;82,4
03.09.2025;CEST;03:30;03:45;EUR/MWh;77,67;77,67
03.09.2025;CEST;03:45;04:00;EUR/MWh;95,4;95,4
03.09.2025;CEST;04:00;04:15;EUR/MWh;119,05;119,05
03.09.2025;CEST;04:15;04:30;EUR/MWh;96,12;96,12
03.09.2025;CEST;04:30;04:45;EUR/MWh;85,63;85,63
03.09.2025;CEST;04:45;05:00;EUR/MWh;79,81;79,81
03.09.2025;CEST;05:00;05:15;EUR/MWh;67,05;67,05
03.09.2025;CEST;05:15;05:30;EUR/MWh;53,05;53,05
03.09.2025;CEST;05:30;05:45;EUR/MWh;124,79;124,79
03.09.2025;CEST;05:45;06:00;EUR/MWh;139,54;139,54
03.09.2025;CEST;06:00;06:15;EUR/MWh;314,84;314,84
03.09.2025;CEST;06:15;06:30;EUR/MWh;311,45;311,45
03.09.2025;CEST;06:30;06:45;EUR/MWh;378,71;378,71
03.09.2025;CEST;06:45;07:00;EUR/MWh;62,27;62,27
03.09.2025;CEST;07:00;07:15;EUR/MWh;25,72;25,72
03.09.2025;CEST;07:15;07:30;EUR/MWh;99,76;99,76
03.09.2025;CEST;07:30;07:45;EUR/MWh;140,42;140,42
03.09.2025;CEST;07:45;08:00;EUR/MWh;110,64;110,64
03.09.2025;CEST;08:00;08:15;EUR/MWh;90,5;90,5
03.09.2025;CEST;08:15;08:30;EUR/MWh;33,49;33,49
03.09.2025;CEST;08:30;08:45;EUR/MWh;116,78;116,78
03.09.2025;CEST;08:45;09:00;EUR/MWh;41,69;41,69
03.09.2025;CEST;09:00;09:15;EUR/MWh;-11,72;-11,72
03.09.2025;CEST;09:15;09:30;EUR/MWh;-5,06;-5,06
03.09.2025;CEST;09:30;09:45;EUR/MWh;-40,23;-40,23
03.09.2025;CEST;09:45;10:00;EUR/MWh;-54,44;-54,44
03.09.2025;CEST;10:00;10:15;EUR/MWh;-3,2;-3,2
03.09.2025;CEST;10:15;10:30;EUR/MWh;-40,57;-40,57
03.09.2025;CEST;10:30;10:45;EUR/MWh;-40,95;-40,95
03.09.2025;CEST;10:45;11:00;EUR/MWh;-15,29;-15,29
03.09.2025;CEST;11:00;11:15;EUR/MWh;103,12;103,12
03.09.2025;CEST;11:15;11:30;EUR/MWh;-17,34;-17,34
03.09.2025;CEST;11:30;11:45;EUR/MWh;10,92;10,92
03.09.2025;CEST;11:45;12:00;EUR/MWh;5,53;5,53
03.09.2025;CEST;12:00;12:15;EUR/MWh;-23,63;-23,63
03.09.2025;CEST;12:15;12:30;EUR/MWh;-30,85;-30,85
03.09.2025;CEST;12:30;12:45;EUR/MWh;-30,1;-30,1
03.09.2025;CEST;12:45;13:00;EUR/MWh;-27,15;-27,15
03.09.2025;CEST;13:00;13:15;EUR/MWh;-31,69;-31,69
03.09.2025;CEST;13:15;13:30;EUR/MWh;-29,22;-29,22
03.09.2025;CEST;13:30;13:45;EUR/MWh;-31,46;-31,46
03.09.2025;CEST;13:45;14:00;EUR/MWh;-42,75;-42,75
03.09.2025;CEST;14:00;14:15;EUR/MWh;-71,83;-71,83
03.09.2025;CEST;14:15;14:30;EUR/MWh;-15,5;-15,5
03.09.2025;CEST;14:30;14:45;EUR/MWh;-133,35;-133,35
03.09.2025;CEST;14:45;15:00;EUR/MWh;-122,81;-122,81
03.09.2025;CEST;15:00;15:15;EUR/MWh;43,54;43,54
03.09.2025;CEST;15:15;15:30;EUR/MWh;-131,3;-131,3
03.09.2025;CEST;15:30;15:45;EUR/MWh;93,72;93,72
03.09.2025;CEST;15:45;16:00;EUR/MWh;69,88;69,88
03.09.2025;CEST;16:00;16:15;EUR/MWh;28,08;28,08
03.09.2025;CEST;16:15;16:30;EUR/MWh;-58,58;-58,58
03.09.2025;CEST;16:30;16:45;EUR/MWh;110,22;110,22
03.09.2025;CEST;16:45;17:00;EUR/MWh;58,72;58,72
03.09.2025;CEST;17:00;17:15;EUR/MWh;34,83;34,83
03.09.2025;CEST;17:15;17:30;EUR/MWh;88,66;88,66
03.09.2025;CEST;17:30;17:45;EUR/MWh;110,57;110,57
03.09.2025;CEST;17:45;18:00;EUR/MWh;115,88;115,88
03.09.2025;CEST;18:00;18:15;EUR/MWh;65,43;65,43
03.09.2025;CEST;18:15;18:30;EUR/MWh;142,67;142,67
03.09.2025;CEST;18:30;18:45;EUR/MWh;133,82;133,82
03.09.2025;CEST;18:45;19:00;EUR/MWh;153,75;153,75
03.09.2025;CEST;19:00;19:15;EUR/MWh;158,51;158,51
03.09.2025;CEST;19:15;19:30;EUR/MWh;205,09;205,09
03.09.2025;CEST;19:30;19:45;EUR/MWh;530,4;530,4
03.09.2025;CEST;19:45;20:00;EUR/MWh;339,58;339,58
03.09.2025;CEST;20:00;20:15;EUR/MWh;67,38;67,38
03.09.2025;CEST;20:15;20:30;EUR/MWh;117,42;117,42
03.09.2025;CEST;20:30;20:45;EUR/MWh;79,95;79,95
03.09.2025;CEST;20:45;21:00;EUR/MWh;32,51;32,51
03.09.2025;CEST;21:00;21:15;EUR/MWh;139,38;139,38
03.09.2025;CEST;21:15;21:30;EUR/MWh;144,43;144,43
03.09.2025;CEST;21:30;21:45;EUR/MWh;113,45;113,45
03.09.2025;CEST;21:45;22:00;EUR/MWh;-19,34;-19,34
03.09.2025;CEST;22:00;22:15;EUR/MWh;156,58;156,58
03.09.2025;CEST;22:15;22:30;EUR/MWh;142,92;142,92
03.09.2025;CEST;22:30;22:45;EUR/MWh;120,48;120,48
03.09.2025;CEST;22:45;23:00;EUR/MWh;105,85;105,85
03.09.2025;CEST;23:00;23:15;EUR/MWh;124,15;124,15
03.09.2025;CEST;23:15;23:30;EUR/MWh;119,93;119,93
03.09.2025;CEST;23:30;23:45;EUR/MWh;87,67;87,67
03.09.2025;CEST;23:45;00:00;EUR/MWh;-2,72;-2,72
04.09.2025;CEST;00:00;00:15;EUR/MWh;-19,26;-19,26
04.09.2025;CEST;00:15;00:30;EUR/MWh;-15,24;-15,24
04.09.2025;CEST;00:30;00:45;EUR/MWh;30,33;30,33
04.09.2025;CEST;00:45;01:00;EUR/MWh;121;121
04.09.2025;CEST;01:00;01:15;EUR/MWh;106,51;106,51
04.09.2025;CEST;01:15;01:30;EUR/MWh;123,11;123,11
04.09.2025;CEST;01:30;01:45;EUR/MWh;129,04;129,04
04.09.2025;CEST;01:45;02:00;EUR/MWh;119,25;119,25
04.09.2025;CEST;02:00;02:15;EUR/MWh;103,73;103,73
04.09.2025;CEST;02:15;02:30;EUR/MWh;87,87;87,87
04.09.2025;CEST;02:30;02:45;EUR/MWh;73,2;73,2
04.09.2025;CEST;02:45;03:00;EUR/MWh;66,29;66,29
04.09.2025;CEST;03:00;03:15;EUR/MWh;65,1;65,1
04.09.2025;CEST;03:15;03:30;EUR/MWh;79,1;79,1
04.09.2025;CEST;03:30;03:45;EUR/MWh;78,85;78,85
04.09.2025;CEST;03:45;04:00;EUR/MWh;68,29;68,29
04.09.2025;CEST;04:00;04:15;EUR/MWh;68,74;68,74
04.09.2025;CEST;04:15;04:30;EUR/MWh;58,76;58,76
04.09.2025;CEST;04:30;04:45;EUR/MWh;103,5;103,5
04.09.2025;CEST;04:45;05:00;EUR/MWh;139,32;139,32
04.09.2025;CEST;05:00;05:15;EUR/MWh;127,11;127,11
04.09.2025;CEST;05:15;05:30;EUR/MWh;130,35;130,35
04.09.2025;CEST;05:30;05:45;EUR/MWh;63,56;63,56
04.09.2025;CEST;05:45;06:00;EUR/MWh;54,2;54,2
04.09.2025;CEST;06:00;06:15;EUR/MWh;48,75;48,75
04.09.2025;CEST;06:15;06:30;EUR/MWh;22,52;22,52
04.09.2025;CEST;06:30;06:45;EUR/MWh;104,9;104,9
04.09.2025;CEST;06:45;07:00;EUR/MWh;117,37;117,37
04.09.2025;CEST;07:00;07:15;EUR/MWh;124,16;124,16
04.09.2025;CEST;07:15;07:30;EUR/MWh;181,99;181,99
04.09.2025;CEST;07:30;07:45;EUR/MWh;152,88;152,88
04.09.2025;CEST;07:45;08:00;EUR/MWh;128,3;128,3
04.09.2025;CEST;08:00;08:15;EUR/MWh;144,26;144,26
04.09.2025;CEST;08:15;08:30;EUR/MWh;129,36;129,36
04.09.2025;CEST;08:30;08:45;EUR/MWh;138,81;138,81
04.09.2025;CEST;08:45;09:00;EUR/MWh;145,93;145,93
04.09.2025;CEST;09:00;09:15;EUR/MWh;203,56;203,56
04.09.2025;CEST;09:15;09:30;EUR/MWh;294,71;294,71
04.09.2025;CEST;09:30;09:45;EUR/MWh;154,64;154,64
04.09.2025;CEST;09:45;10:00;EUR/MWh;112,78;112,78
04.09.2025;CEST;10:00;10:15;EUR/MWh;14,78;14,78
04.09.2025;CEST;10:15;10:30;EUR/MWh;-12,9;-12,9
04.09.2025;CEST;10:30;10:45;EUR/MWh;-10,86;-10,86
04.09.2025;CEST;10:45;11:00;EUR/MWh;-19,01;-19,01
04.09.2025;CEST;11:00;11:15;EUR/MWh;-20,55;-20,55
04.09.2025;CEST;11:15;11:30;EUR/MWh;-26,89;-26,89
04.09.2025;CEST;11:30;11:45;EUR/MWh;-25,31;-25,31
04.09.2025;CEST;11:45;12:00;EUR/MWh;-15,26;-15,26
04.09.2025;CEST;12:00;12:15;EUR/MWh;13,43;13,43
04.09.2025;CEST;12:15;12:30;EUR/MWh;0,82;0,82
04.09.2025;CEST;12:30;12:45;EUR/MWh;-1,25;-1,25
04.09.2025;CEST;12:45;13:00;EUR/MWh;-6,54;-6,54
04.09.2025;CEST;13:00;13:15;EUR/MWh;-22,02;-22,02
04.09.2025;CEST;13:15;13:30;EUR/MWh;-9,07;-9,07
04.09.2025;CEST;13:30;13:45;EUR/MWh;-15,3;-15,3
04.09.2025;CEST;13:45;14:00;EUR/MWh;-21,57;-21,57
04.09.2025;CEST;14:00;14:15;EUR/MWh;-38,17;-38,17
04.09.2025;CEST;14:15;14:30;EUR/MWh;-25,2;-25,2
04.09.2025;CEST;14:30;14:45;EUR/MWh;110,48;110,48
04.09.2025;CEST;14:45;15:00;EUR/MWh;116,84;116,84
04.09.2025;CEST;15:00;15:15;EUR/MWh;12,73;12,73
04.09.2025;CEST;15:15;15:30;EUR/MWh;18,3;18,3
04.09.2025;CEST;15:30;15:45;EUR/MWh;108,49;108,49
04.09.2025;CEST;15:45;16:00;EUR/MWh;110,58;110,58
04.09.2025;CEST;16:00;16:15;EUR/MWh;65,86;65,86
04.09.2025;CEST;16:15;16:30;EUR/MWh;60,2;60,2
04.09.2025;CEST;16:30;16:45;EUR/MWh;31,98;31,98
04.09.2025;CEST;16:45;17:00;EUR/MWh;53,42;53,42
04.09.2025;CEST;17:00;17:15;EUR/MWh;81,87;81,87
04.09.2025;CEST;17:15;17:30;EUR/MWh;142,48;142,48
04.09.2025;CEST;17:30;17:45;EUR/MWh;238,09;238,09
04.09.2025;CEST;17:45;18:00;EUR/MWh;233,61;233,61
04.09.2025;CEST;18:00;18:15;EUR/MWh;244,44;244,44
04.09.2025;CEST;18:15;18:30;EUR/MWh;208,87;208,87
04.09.2025;CEST;18:30;18:45;EUR/MWh;432,93;432,93
04.09.2025;CEST;18:45;19:00;EUR/MWh;489,17;489,17
04.09.2025;CEST;19:00;19:15;EUR/MWh;286,62;286,62
04.09.2025;CEST;19:15;19:30;EUR/MWh;331,62;331,62
04.09.2025;CEST;19:30;19:45;EUR/MWh;420,63;420,63
04.09.2025;CEST;19:45;20:00;EUR/MWh;341,68;341,68
04.09.2025;CEST;20:00;20:15;EUR/MWh;421,59;421,59
04.09.2025;CEST;20:15;20:30;EUR/MWh;445,68;445,68
04.09.2025;CEST;20:30;20:45;EUR/MWh;82,17;82,17
04.09.2025;CEST;20:45;21:00;EUR/MWh;52,34;52,34
04.09.2025;CEST;21:00;21:15;EUR/MWh;105,07;105,07
04.09.2025;CEST;21:15;21:30;EUR/MWh;79,16;79,16
04.09.2025;CEST;21:30;21:45;EUR/MWh;48,9;48,9
04.09.2025;CEST;21:45;22:00;EUR/MWh;35,52;35,52
04.09.2025;CEST;22:00;22:15;EUR/MWh;65,45;65,45
04.09.2025;CEST;22:15;22:30;EUR/MWh;53,6;53,6
04.09.2025;CEST;22:30;22:45;EUR/MWh;61,68;61,68
04.09.2025;CEST;22:45;23:00;EUR/MWh;84,56;84,56
04.09.2025;CEST;23:00;23:15;EUR/MWh;108,31;108,31
04.09.2025;CEST;23:15;23:30;EUR/MWh;96,09;96,09
04.09.2025;CEST;23:30;23:45;EUR/MWh;104,43;104,43
04.09.2025;CEST;23:45;00:00;EUR/MWh;104,36;104,36
05.09.2025;CEST;00:00;00:15;EUR/MWh;89,89;89,89
05.09.2025;CEST;00:15;00:30;EUR/MWh;73,33;73,33
05.09.2025;CEST;00:30;00:45;EUR/MWh;64,56;64,56
05.09.2025;CEST;00:45;01:00;EUR/MWh;65,85;65,85
05.09.2025;CEST;01:00;01:15;EUR/MWh;73,27;73,27
05.09.2025;CEST;01:15;01:30;EUR/MWh;57,47;57,47
05.09.2025;CEST;01:30;01:45;EUR/MWh;66,45;66,45
05.09.2025;CEST;01:45;02:00;EUR/MWh;59,4;59,4
05.09.2025;CEST;02:00;02:15;EUR/MWh;76,92;76,92
05.09.2025;CEST;02:15;02:30;EUR/MWh;74,97;74,97
05.09.2025;CEST;02:30;02:45;EUR/MWh;58,93;58,93
05.09.2025;CEST;02:45;03:00;EUR/MWh;56,12;56,12
05.09.2025;CEST;03:00;03:15;EUR/MWh;48,64;48,64
05.09.2025;CEST;03:15;03:30;EUR/MWh;40,94;40,94
05.09.2025;CEST;03:30;03:45;EUR/MWh;40,91;40,91
05.09.2025;CEST;03:45;04:00;EUR/MWh;34,4;34,4
05.09.2025;CEST;04:00;04:15;EUR/MWh;62,44;62,44
05.09.2025;CEST;04:15;04:30;EUR/MWh;63,53;63,53
05.09.2025;CEST;04:30;04:45;EUR/MWh;84,61;84,61
05.09.2025;CEST;04:45;05:00;EUR/MWh;68,19;68,19
05.09.2025;CEST;05:00;05:15;EUR/MWh;58,03;58,03
05.09.2025;CEST;05:15;05:30;EUR/MWh;90,22;90,22
05.09.2025;CEST;05:30;05:45;EUR/MWh;93,37;93,37
05.09.2025;CEST;05:45;06:00;EUR/MWh;106,07;106,07
05.09.2025;CEST;06:00;06:15;EUR/MWh;64,38;64,38
05.09.2025;CEST;06:15;06:30;EUR/MWh;115,82;115,82
05.09.2025;CEST;06:30;06:45;EUR/MWh;128,51;128,51
05.09.2025;CEST;06:45;07:00;EUR/MWh;121,12;121,12
05.09.2025;CEST;07:00;07:15;EUR/MWh;108,53;108,53
05.09.2025;CEST;07:15;07:30;EUR/MWh;108,95;108,95
05.09.2025;CEST;07:30;07:45;EUR/MWh;119,11;119,11
05.09.2025;CEST;07:45;08:00;EUR/MWh;80,92;80,92
05.09.2025;CEST;08:00;08:15;EUR/MWh;98,48;98,48
05.09.2025;CEST;08:15;08:30;EUR/MWh;98,54;98,54
05.09.2025;CEST;08:30;08:45;EUR/MWh;132,72;132,72
05.09.2025;CEST;08:45;09:00;EUR/MWh;159,73;159,73
05.09.2025;CEST;09:00;09:15;EUR/MWh;155,06;155,06
05.09.2025;CEST;09:15;09:30;EUR/MWh;146,14;146,14
05.09.2025;CEST;09:30;09:45;EUR/MWh;73,11;73,11
05.09.2025;CEST;09:45;10:00;EUR/MWh;62,5;62,5
05.09.2025;CEST;10:00;10:15;EUR/MWh;57,37;57,37
05.09.2025;CEST;10:15;10:30;EUR/MWh;82,54;82,54
05.09.2025;CEST;10:30;10:45;EUR/MWh;89,07;89,07
05.09.2025;CEST;10:45;11:00;EUR/MWh;93,7;93,7
05.09.2025;CEST;11:00;11:15;EUR/MWh;66,05;66,05
05.09.2025;CEST;11:15;11:30;EUR/MWh;31,54;31,54
05.09.2025;CEST;11:30;11:45;EUR/MWh;32,83;32,83
05.09.2025;CEST;11:45;12:00;EUR/MWh;-1,73;-1,73
05.09.2025;CEST;12:00;12:15;EUR/MWh;163,34;163,34
05.09.2025;CEST;12:15;12:30;EUR/MWh;113,71;113,71
05.09.2025;CEST;12:30;12:45;EUR/MWh;102,68;102,68
05.09.2025;CEST;12:45;13:00;EUR/MWh;97,38;97,38
05.09.2025;CEST;13:00;13:15;EUR/MWh;135,94;135,94
05.09.2025;CEST;13:15;13:30;EUR/MWh;97,54;97,54
05.09.2025;CEST;13:30;13:45;EUR/MWh;82,88;82,88
05.09.2025;CEST;13:45;14:00;EUR/MWh;40,2;40,2
05.09.2025;CEST;14:00;14:15;EUR/MWh;96,76;96,76
05.09.2025;CEST;14:15;14:30;EUR/MWh;132,34;132,34
05.09.2025;CEST;14:30;14:45;EUR/MWh;88,04;88,04
05.09.2025;CEST;14:45;15:00;EUR/MWh;90,78;90,78
05.09.2025;CEST;15:00;15:15;EUR/MWh;71,38;71,38
05.09.2025;CEST;15:15;15:30;EUR/MWh;60,9;60,9
05.09.2025;CEST;15:30;15:45;EUR/MWh;47,67;47,67
05.09.2025;CEST;15:45;16:00;EUR/MWh;45,33;45,33
05.09.2025;CEST;16:00;16:15;EUR/MWh;36,41;36,41
05.09.2025;CEST;16:15;16:30;EUR/MWh;7,56;7,56
05.09.2025;CEST;16:30;16:45;EUR/MWh;42,79;42,79
05.09.2025;CEST;16:45;17:00;EUR/MWh;99,16;99,16
05.09.2025;CEST;17:00;17:15;EUR/MWh;82,61;82,61
05.09.2025;CEST;17:15;17:30;EUR/MWh;99,26;99,26
05.09.2025;CEST;17:30;17:45;EUR/MWh;99,97;99,97
05.09.2025;CEST;17:45;18:00;EUR/MWh;116,33;116,33
05.09.2025;CEST;18:00;18:15;EUR/MWh;82,58;82,58
05.09.2025;CEST;18:15;18:30;EUR/MWh;70,87;70,87
05.09.2025;CEST;18:30;18:45;EUR/MWh;143,69;143,69
05.09.2025;CEST;18:45;19:00;EUR/MWh;151,93;151,93
05.09.2025;CEST;19:00;19:15;EUR/MWh;135,16;135,16
05.09.2025;CEST;19:15;19:30;EUR/MWh;180,19;180,19
05.09.2025;CEST;19:30;19:45;EUR/MWh;299,21;299,21
05.09.2025;CEST;19:45;20:00;EUR/MWh;290,23;290,23
05.09.2025;CEST;20:00;20:15;EUR/MWh;141,44;141,44
05.09.2025;CEST;20:15;20:30;EUR/MWh;132,41;132,41
05.09.2025;CEST;20:30;20:45;EUR/MWh;145,3;145,3
05.09.2025;CEST;20:45;21:00;EUR/MWh;101,65;101,65
05.09.2025;CEST;21:00;21:15;EUR/MWh;159,43;159,43
05.09.2025;CEST;21:15;21:30;EUR/MWh;119,05;119,05
05.09.2025;CEST;21:30;21:45;EUR/MWh;97,9;97,9
05.09.2025;CEST;21:45;22:00;EUR/MWh;74,33;74,33
05.09.2025;CEST;22:00;22:15;EUR/MWh;88,8;88,8
05.09.2025;CEST;22:15;22:30;EUR/MWh;73,21;73,21
05.09.2025;CEST;22:30;22:45;EUR/MWh;79,66;79,66
05.09.2025;CEST;22:45;23:00;EUR/MWh;89,5;89,5
05.09.2025;CEST;23:00;23:15;EUR/MWh;140,28;140,28
05.09.2025;CEST;23:15;23:30;EUR/MWh;121,67;121,67
05.09.2025;CEST;23:30;23:45;EUR/MWh;106,7;106,7
05.09.2025;CEST;23:45;00:00;EUR/MWh;96,14;96,14
06.09.2025;CEST;00:00;00:15;EUR/MWh;102,58;102,58
06.09.2025;CEST;00:15;00:30;EUR/MWh;110,6;110,6
06.09.2025;CEST;00:30;00:45;EUR/MWh;110,95;110,95
06.09.2025;CEST;00:45;01:00;EUR/MWh;84,96;84,96
06.09.2025;CEST;01:00;01:15;EUR/MWh;118,8;118,8
06.09.2025;CEST;01:15;01:30;EUR/MWh;122,92;122,92
06.09.2025;CEST;01:30;01:45;EUR/MWh;107,4;107,4
06.09.2025;CEST;01:45;02:00;EUR/MWh;115,77;115,77
06.09.2025;CEST;02:00;02:15;EUR/MWh;104,77;104,77
06.09.2025;CEST;02:15;02:30;EUR/MWh;119,83;119,83
06.09.2025;CEST;02:30;02:45;EUR/MWh;127,9;127,9
06.09.2025;CEST;02:45;03:00;EUR/MWh;138,83;138,83
06.09.2025;CEST;03:00;03:15;EUR/MWh;139,29;139,29
06.09.2025;CEST;03:15;03:30;EUR/MWh;140,54;140,54
06.09.2025;CEST;03:30;03:45;EUR/MWh;105,34;105,34
06.09.2025;CEST;03:45;04:00;EUR/MWh;109,69;109,69
06.09.2025;CEST;04:00;04:15;EUR/MWh;128,63;128,63
06.09.2025;CEST;04:15;04:30;EUR/MWh;107,88;107,88
06.09.2025;CEST;04:30;04:45;EUR/MWh;99,54;99,54
06.09.2025;CEST;04:45;05:00;EUR/MWh;93,99;93,99
06.09.2025;CEST;05:00;05:15;EUR/MWh;87,07;87,07
06.09.2025;CEST;05:15;05:30;EUR/MWh;86,12;86,12
06.09.2025;CEST;05:30;05:45;EUR/MWh;78,24;78,24
06.09.2025;CEST;05:45;06:00;EUR/MWh;66,36;66,36
06.09.2025;CEST;06:00;06:15;EUR/MWh;94,62;94,62
06.09.2025;CEST;06:15;06:30;EUR/MWh;100,11;100,11
06.09.2025;CEST;06:30;06:45;EUR/MWh;100,09;100,09
06.09.2025;CEST;06:45;07:00;EUR/MWh;99,59;99,59
06.09.2025;CEST;07:00;07:15;EUR/MWh;141,01;141,01
06.09.2025;CEST;07:15;07:30;EUR/MWh;153,01;153,01
06.09.2025;CEST;07:30;07:45;EUR/MWh;114,99;114,99
06.09.2025;CEST;07:45;08:00;EUR/MWh;118,71;118,71
06.09.2025;CEST;08:00;08:15;EUR/MWh;149,48;149,48
06.09.2025;CEST;08:15;08:30;EUR/MWh;48,53;48,53
06.09.2025;CEST;08:30;08:45;EUR/MWh;23,87;23,87
06.09.2025;CEST;08:45;09:00;EUR/MWh;13,94;13,94
06.09.2025;CEST;09:00;09:15;EUR/MWh;97,19;97,19
06.09.2025;CEST;09:15;09:30;EUR/MWh;99,09;99,09
06.09.2025;CEST;09:30;09:45;EUR/MWh;4,71;4,71
06.09.2025;CEST;09:45;10:00;EUR/MWh;102,12;102,12
06.09.2025;CEST;10:00;10:15;EUR/MWh;158,32;158,32
06.09.2025;CEST;10:15;10:30;EUR/MWh;68,7;68,7
06.09.2025;CEST;10:30;10:45;EUR/MWh;2,31;2,31
06.09.2025;CEST;10:45;11:00;EUR/MWh;-41,44;-41,44
06.09.2025;CEST;11:00;11:15;EUR/MWh;59,68;59,68
06.09.2025;CEST;11:15;11:30;EUR/MWh;11,55;11,55
06.09.2025;CEST;11:30;11:45;EUR/MWh;30,54;30,54
06.09.2025;CEST;11:45;12:00;EUR/MWh;-6,5;-6,5
06.09.2025;CEST;12:00;12:15;EUR/MWh;65,16;65,16
06.09.2025;CEST;12:15;12:30;EUR/MWh;23,81;23,81
06.09.2025;CEST;12:30;12:45;EUR/MWh;0,25;0,25
06.09.2025;CEST;12:45;13:00;EUR/MWh;-29,41;-29,41
06.09.2025;CEST;13:00;13:15;EUR/MWh;31,31;31,31
06.09.2025;CEST;13:15;13:30;EUR/MWh;-13,45;-13,45
06.09.2025;CEST;13:30;13:45;EUR/MWh;-21,26;-21,26
06.09.2025;CEST;13:45;14:00;EUR/MWh;-21,62;-21,62
06.09.2025;CEST;14:00;14:15;EUR/MWh;-2,52;-2,52
06.09.2025;CEST;14:15;14:30;EUR/MWh;0,09;0,09
06.09.2025;CEST;14:30;14:45;EUR/MWh;1,42;1,42
06.09.2025;CEST;14:45;15:00;EUR/MWh;-8,23;-8,23
06.09.2025;CEST;15:00;15:15;EUR/MWh;8,71;8,71
06.09.2025;CEST;15:15;15:30;EUR/MWh;49,65;49,65
06.09.2025;CEST;15:30;15:45;EUR/MWh;72,78;72,78
06.09.2025;CEST;15:45;16:00;EUR/MWh;95,56;95,56
06.09.2025;CEST;16:00;16:15;EUR/MWh;12,69;12,69
06.09.2025;CEST;16:15;16:30;EUR/MWh;-124,25;-124,25
06.09.2025;CEST;16:30;16:45;EUR/MWh;-25,62;-25,62
06.09.2025;CEST;16:45;17:00;EUR/MWh;5,48;5,48
06.09.2025;CEST;17:00;17:15;EUR/MWh;68,89;68,89
06.09.2025;CEST;17:15;17:30;EUR/MWh;90,33;90,33
06.09.2025;CEST;17:30;17:45;EUR/MWh;-17,28;-17,28
06.09.2025;CEST;17:45;18:00;EUR/MWh;89,59;89,59
06.09.2025;CEST;18:00;18:15;EUR/MWh;78,81;78,81
06.09.2025;CEST;18:15;18:30;EUR/MWh;128,15;128,15
06.09.2025;CEST;18:30;18:45;EUR/MWh;145,94;145,94
06.09.2025;CEST;18:45;19:00;EUR/MWh;352,8;352,8
06.09.2025;CEST;19:00;19:15;EUR/MWh;60,95;60,95
06.09.2025;CEST;19:15;19:30;EUR/MWh;86,83;86,83
06.09.2025;CEST;19:30;19:45;EUR/MWh;114,85;114,85
06.09.2025;CEST;19:45;20:00;EUR/MWh;100,87;100,87
06.09.2025;CEST;20:00;20:15;EUR/MWh;120,72;120,72
06.09.2025;CEST;20:15;20:30;EUR/MWh;106,55;106,55
06.09.2025;CEST;20:30;20:45;EUR/MWh;47,71;47,71
06.09.2025;CEST;20:45;21:00;EUR/MWh;26,6;26,6
06.09.2025;CEST;21:00;21:15;EUR/MWh;58,98;58,98
06.09.2025;CEST;21:15;21:30;EUR/MWh;31,74;31,74
06.09.2025;CEST;21:30;21:45;EUR/MWh;24,96;24,96
06.09.2025;CEST;21:45;22:00;EUR/MWh;38,91;38,91
06.09.2025;CEST;22:00;22:15;EUR/MWh;58,96;58,96
06.09.2025;CEST;22:15;22:30;EUR/MWh;55,86;55,86
06.09.2025;CEST;22:30;22:45;EUR/MWh;35,27;35,27
06.09.2025;CEST;22:45;23:00;EUR/MWh;15,58;15,58
06.09.2025;CEST;23:00;23:15;EUR/MWh;77,33;77,33
06.09.2025;CEST;23:15;23:30;EUR/MWh;57,06;57,06
06.09.2025;CEST;23:30;23:45;EUR/MWh;64,03;64,03
06.09.2025;CEST;23:45;00:00;EUR/MWh;47,01;47,01
07.09.2025;CEST;00:00;00:15;EUR/MWh;36,13;36,13
07.09.2025;CEST;00:15;00:30;EUR/MWh;14,15;14,15
07.09.2025;CEST;00:30;00:45;EUR/MWh;41,22;41,22
07.09.2025;CEST;00:45;01:00;EUR/MWh;47,82;47,82
07.09.2025;CEST;01:00;01:15;EUR/MWh;67,14;67,14
07.09.2025;CEST;01:15;01:30;EUR/MWh;56,21;56,21
07.09.2025;CEST;01:30;01:45;EUR/MWh;49,87;49,87
07.09.2025;CEST;01:45;02:00;EUR/MWh;59,88;59,88
07.09.2025;CEST;02:00;02:15;EUR/MWh;78,59;78,59
07.09.2025;CEST;02:15;02:30;EUR/MWh;75,7;75,7
07.09.2025;CEST;02:30;02:45;EUR/MWh;68,52;68,52
07.09.2025;CEST;02:45;03:00;EUR/MWh;53,28;53,28
07.09.2025;CEST;03:00;03:15;EUR/MWh;86,93;86,93
07.09.2025;CEST;03:15;03:30;EUR/MWh;55,53;55,53
07.09.2025;CEST;03:30;03:45;EUR/MWh;63,64;63,64
07.09.2025;CEST;03:45;04:00;EUR/MWh;46,65;46,65
07.09.2025;CEST;04:00;04:15;EUR/MWh;58,65;58,65
07.09.2025;CEST;04:15;04:30;EUR/MWh;46,61;46,61
07.09.2025;CEST;04:30;04:45;EUR/MWh;21,55;21,55
07.09.2025;CEST;04:45;05:00;EUR/MWh;23,2;23,2
07.09.2025;CEST;05:00;05:15;EUR/MWh;94,11;94,11
07.09.2025;CEST;05:15;05:30;EUR/MWh;65,43;65,43
07.09.2025;CEST;05:30;05:45;EUR/MWh;75,56;75,56
07.09.2025;CEST;05:45;06:00;EUR/MWh;65,31;65,31
07.09.2025;CEST;06:00;06:15;EUR/MWh;138,14;138,14
07.09.2025;CEST;06:15;06:30;EUR/MWh;102,3;102,3
07.09.2025;CEST;06:30;06:45;EUR/MWh;102,9;102,9
07.09.2025;CEST;06:45;07:00;EUR/MWh;129,96;129,96
07.09.2025;CEST;07:00;07:15;EUR/MWh;91,64;91,64
07.09.2025;CEST;07:15;07:30;EUR/MWh;86,25;86,25
07.09.2025;CEST;07:30;07:45;EUR/MWh;91,63;91,63
07.09.2025;CEST;07:45;08:00;EUR/MWh;59,31;59,31
07.09.2025;CEST;08:00;08:15;EUR/MWh;13,35;13,35
07.09.2025;CEST;08:15;08:30;EUR/MWh;18,73;18,73
07.09.2025;CEST;08:30;08:45;EUR/MWh;-3,4;-3,4
07.09.2025;CEST;08:45;09:00;EUR/MWh;71,09;71,09
07.09.2025;CEST;09:00;09:15;EUR/MWh;130,86;130,86
07.09.2025;CEST;09:15;09:30;EUR/MWh;72,62;72,62
07.09.2025;CEST;09:30;09:45;EUR/MWh;111,58;111,58
07.09.2025;CEST;09:45;10:00;EUR/MWh;-8;-8
07.09.2025;CEST;10:00;10:15;EUR/MWh;62,14;62,14
07.09.2025;CEST;10:15;10:30;EUR/MWh;-14,63;-14,63
07.09.2025;CEST;10:30;10:45;EUR/MWh;-112,91;-112,91
07.09.2025;CEST;10:45;11:00;EUR/MWh;-24,06;-24,06
07.09.2025;CEST;11:00;11:15;EUR/MWh;-7,93;-7,93
07.09.2025;CEST;11:15;11:30;EUR/MWh;-36,42;-36,42
07.09.2025;CEST;11:30;11:45;EUR/MWh;-80,36;-80,36
07.09.2025;CEST;11:45;12:00;EUR/MWh;-48,19;-48,19
07.09.2025;CEST;12:00;12:15;EUR/MWh;-12,95;-12,95
07.09.2025;CEST;12:15;12:30;EUR/MWh;-35,43;-35,43
07.09.2025;CEST;12:30;12:45;EUR/MWh;-47;-47
07.09.2025;CEST;12:45;13:00;EUR/MWh;-49,27;-49,27
07.09.2025;CEST;13:00;13:15;EUR/MWh;-67,95;-67,95
07.09.2025;CEST;13:15;13:30;EUR/MWh;-89,54;-89,54
07.09.2025;CEST;13:30;13:45;EUR/MWh;-98,1;-98,1
07.09.2025;CEST;13:45;14:00;EUR/MWh;-124,54;-124,54
07.09.2025;CEST;14:00;14:15;EUR/MWh;-130,77;-130,77
07.09.2025;CEST;14:15;14:30;EUR/MWh;-100,47;-100,47
07.09.2025;CEST;14:30;14:45;EUR/MWh;-77,13;-77,13
07.09.2025;CEST;14:45;15:00;EUR/MWh;-50,16;-50,16
07.09.2025;CEST;15:00;15:15;EUR/MWh;-64,52;-64,52
07.09.2025;CEST;15:15;15:30;EUR/MWh;-26,8;-26,8
07.09.2025;CEST;15:30;15:45;EUR/MWh;-9,81;-9,81
07.09.2025;CEST;15:45;16:00;EUR/MWh;-12,32;-12,32
07.09.2025;CEST;16:00;16:15;EUR/MWh;-5,42;-5,42
07.09.2025;CEST;16:15;16:30;EUR/MWh;38,91;38,91
07.09.2025;CEST;16:30;16:45;EUR/MWh;53,15;53,15
07.09.2025;CEST;16:45;17:00;EUR/MWh;74,29;74,29
07.09.2025;CEST;17:00;17:15;EUR/MWh;82,24;82,24
07.09.2025;CEST;17:15;17:30;EUR/MWh;47,49;47,49
07.09.2025;CEST;17:30;17:45;EUR/MWh;14,59;14,59
07.09.2025;CEST;17:45;18:00;EUR/MWh;57,59;57,59
07.09.2025;CEST;18:00;18:15;EUR/MWh;61,95;61,95
07.09.2025;CEST;18:15;18:30;EUR/MWh;-2,13;-2,13
07.09.2025;CEST;18:30;18:45;EUR/MWh;118,63;118,63
07.09.2025;CEST;18:45;19:00;EUR/MWh;158,48;158,48
07.09.2025;CEST;19:00;19:15;EUR/MWh;142,16;142,16
07.09.2025;CEST;19:15;19:30;EUR/MWh;153,8;153,8
07.09.2025;CEST;19:30;19:45;EUR/MWh;135,98;135,98
07.09.2025;CEST;19:45;20:00;EUR/MWh;32,65;32,65
07.09.2025;CEST;20:00;20:15;EUR/MWh;18,65;18,65
07.09.2025;CEST;20:15;20:30;EUR/MWh;23,42;23,42
07.09.2025;CEST;20:30;20:45;EUR/MWh;-3,53;-3,53
07.09.2025;CEST;20:45;21:00;EUR/MWh;70,28;70,28
07.09.2025;CEST;21:00;21:15;EUR/MWh;214,14;214,14
07.09.2025;CEST;21:15;21:30;EUR/MWh;100,84;100,84
07.09.2025;CEST;21:30;21:45;EUR/MWh;26,81;26,81
07.09.2025;CEST;21:45;22:00;EUR/MWh;31,98;31,98
07.09.2025;CEST;22:00;22:15;EUR/MWh;92,71;92,71
07.09.2025;CEST;22:15;22:30;EUR/MWh;52,44;52,44
07.09.2025;CEST;22:30;22:45;EUR/MWh;77,65;77,65
07.09.2025;CEST;22:45;23:00;EUR/MWh;107,62;107,62
07.09.2025;CEST;23:00;23:15;EUR/MWh;121,51;121,51
07.09.2025;CEST;23:15;23:30;EUR/MWh;112,58;112,58
07.09.2025;CEST;23:30;23:45;EUR/MWh;121,07;121,07
07.09.2025;CEST;23:45;00:00;EUR/MWh;122,12;122,12
08.09.2025;CEST;00:00;00:15;EUR/MWh;-6,88;-6,88
08.09.2025;CEST;00:15;00:30;EUR/MWh;113,49;113,49
08.09.2025;CEST;00:30;00:45;EUR/MWh;104,7;104,7
08.09.2025;CEST;00:45;01:00;EUR/MWh;86,51;86,51
08.09.2025;CEST;01:00;01:15;EUR/MWh;111,41;111,41
08.09.2025;CEST;01:15;01:30;EUR/MWh;135,24;135,24
08.09.2025;CEST;01:30;01:45;EUR/MWh;112,06;112,06
08.09.2025;CEST;01:45;02:00;EUR/MWh;101,45;101,45
08.09.2025;CEST;02:00;02:15;EUR/MWh;83,47;83,47
08.09.2025;CEST;02:15;02:30;EUR/MWh;81,64;81,64
08.09.2025;CEST;02:30;02:45;EUR/MWh;67,96;67,96
08.09.2025;CEST;02:45;03:00;EUR/MWh;74,87;74,87
08.09.2025;CEST;03:00;03:15;EUR/MWh;79,89;79,89
08.09.2025;CEST;03:15;03:30;EUR/MWh;97,48;97,48
08.09.2025;CEST;03:30;03:45;EUR/MWh;98,69;98,69
08.09.2025;CEST;03:45;04:00;EUR/MWh;69,61;69,61
08.09.2025;CEST;04:00;04:15;EUR/MWh;82,13;82,13
08.09.2025;CEST;04:15;04:30;EUR/MWh;78,73;78,73
08.09.2025;CEST;04:30;04:45;EUR/MWh;78,14;78,14
08.09.2025;CEST;04:45;05:00;EUR/MWh;69,97;69,97
08.09.2025;CEST;05:00;05:15;EUR/MWh;76,3;76,3
08.09.2025;CEST;05:15;05:30;EUR/MWh;82,77;82,77
08.09.2025;CEST;05:30;05:45;EUR/MWh;112,36;112,36
08.09.2025;CEST;05:45;06:00;EUR/MWh;120,51;120,51
08.09.2025;CEST;06:00;06:15;EUR/MWh;58,98;58,98
08.09.2025;CEST;06:15;06:30;EUR/MWh;166,99;166,99
08.09.2025;CEST;06:30;06:45;EUR/MWh;170,24;170,24
08.09.2025;CEST;06:45;07:00;EUR/MWh;140,47;140,47
08.09.2025;CEST;07:00;07:15;EUR/MWh;149,39;149,39
08.09.2025;CEST;07:15;07:30;EUR/MWh;145,18;145,18
08.09.2025;CEST;07:30;07:45;EUR/MWh;165,52;165,52
08.09.2025;CEST;07:45;08:00;EUR/MWh;96,5;96,5
08.09.2025;CEST;08:00;08:15;EUR/MWh;87,44;87,44
08.09.2025;CEST;08:15;08:30;EUR/MWh;84,53;84,53
08.09.2025;CEST;08:30;08:45;EUR/MWh;82,06;82,06
08.09.2025;CEST;08:45;09:00;EUR/MWh;86,7;86,7
08.09.2025;CEST;09:00;09:15;EUR/MWh;131,11;131,11
08.09.2025;CEST;09:15;09:30;EUR/MWh;141,86;141,86
08.09.2025;CEST;09:30;09:45;EUR/MWh;97,17;97,17
08.09.2025;CEST;09:45;10:00;EUR/MWh;39,56;39,56
08.09.2025;CEST;10:00;10:15;EUR/MWh;72,9;72,9
08.09.2025;CEST;10:15;10:30;EUR/MWh;70,47;70,47
08.09.2025;CEST;10:30;10:45;EUR/MWh;109,3;109,3
08.09.2025;CEST;10:45;11:00;EUR/MWh;144,68;144,68
08.09.2025;CEST;11:00;11:15;EUR/MWh;62,77;62,77
08.09.2025;CEST;11:15;11:30;EUR/MWh;31,75;31,75
08.09.2025;CEST;11:30;11:45;EUR/MWh;30,86;30,86
08.09.2025;CEST;11:45;12:00;EUR/MWh;45,08;45,08
08.09.2025;CEST;12:00;12:15;EUR/MWh;105,31;105,31
08.09.2025;CEST;12:15;12:30;EUR/MWh;122,4;122,4
08.09.2025;CEST;12:30;12:45;EUR/MWh;143,18;143,18
08.09.2025;CEST;12:45;13:00;EUR/MWh;149,49;149,49
08.09.2025;CEST;13:00;13:15;EUR/MWh;128,21;128,21
08.09.2025;CEST;13:15;13:30;EUR/MWh;164,93;164,93
08.09.2025;CEST;13:30;13:45;EUR/MWh;152,3;152,3
08.09.2025;CEST;13:45;14:00;EUR/MWh;188,79;188,79
08.09.2025;CEST;14:00;14:15;EUR/MWh;229,06;229,06
08.09.2025;CEST;14:15;14:30;EUR/MWh;226,97;226,97
08.09.2025;CEST;14:30;14:45;EUR/MWh;265,68;265,68
08.09.2025;CEST;14:45;15:00;EUR/MWh;296,01;296,01
08.09.2025;CEST;15:00;15:15;EUR/MWh;152,98;152,98
08.09.2025;CEST;15:15;15:30;EUR/MWh;109,34;109,34
08.09.2025;CEST;15:30;15:45;EUR/MWh;88,08;88,08
08.09.2025;CEST;15:45;16:00;EUR/MWh;148,94;148,94
08.09.2025;CEST;16:00;16:15;EUR/MWh;144,47;144,47
08.09.2025;CEST;16:15;16:30;EUR/MWh;201,91;201,91
08.09.2025;CEST;16:30;16:45;EUR/MWh;197,02;197,02
08.09.2025;CEST;16:45;17:00;EUR/MWh;178,48;178,48
08.09.2025;CEST;17:00;17:15;EUR/MWh;163,55;163,55
08.09.2025;CEST;17:15;17:30;EUR/MWh;231,13;231,13
08.09.2025;CEST;17:30;17:45;EUR/MWh;328,78;328,78
08.09.2025;CEST;17:45;18:00;EUR/MWh;342,65;342,65
08.09.2025;CEST;18:00;18:15;EUR/MWh;232,04;232,04
08.09.2025;CEST;18:15;18:30;EUR/MWh;407,36;407,36
08.09.2025;CEST;18:30;18:45;EUR/MWh;1162,76;1162,76
08.09.2025;CEST;18:45;19:00;EUR/MWh;1179,43;1179,43
08.09.2025;CEST;19:00;19:15;EUR/MWh;1147,54;1147,54
08.09.2025;CEST;19:15;19:30;EUR/MWh;1315,66;1315,66
08.09.2025;CEST;19:30;19:45;EUR/MWh;1432,95;1432,95
08.09.2025;CEST;19:45;20:00;EUR/MWh;2267,74;2267,74
08.09.2025;CEST;20:00;20:15;EUR/MWh;1793,41;1793,41
08.09.2025;CEST;20:15;20:30;EUR/MWh;3975,53;3975,53
08.09.2025;CEST;20:30;20:45;EUR/MWh;4786,3;4786,3
08.09.2025;CEST;20:45;21:00;EUR/MWh;15,41;15,41
08.09.2025;CEST;21:00;21:15;EUR/MWh;95,15;95,15
08.09.2025;CEST;21:15;21:30;EUR/MWh;59,01;59,01
08.09.2025;CEST;21:30;21:45;EUR/MWh;74,95;74,95
08.09.2025;CEST;21:45;22:00;EUR/MWh;127,82;127,82
08.09.2025;CEST;22:00;22:15;EUR/MWh;98,87;98,87
08.09.2025;CEST;22:15;22:30;EUR/MWh;76,23;76,23
08.09.2025;CEST;22:30;22:45;EUR/MWh;81,44;81,44
08.09.2025;CEST;22:45;23:00;EUR/MWh;133,08;133,08
08.09.2025;CEST;23:00;23:15;EUR/MWh;137,42;137,42
08.09.2025;CEST;23:15;23:30;EUR/MWh;158,98;158,98
08.09.2025;CEST;23:30;23:45;EUR/MWh;132,74;132,74
08.09.2025;CEST;23:45;00:00;EUR/MWh;93,7;93,7
09.09.2025;CEST;00:00;00:15;EUR/MWh;126,99;126,99
09.09.2025;CEST;00:15;00:30;EUR/MWh;115,36;115,36
09.09.2025;CEST;00:30;00:45;EUR/MWh;94,58;94,58
09.09.2025;CEST;00:45;01:00;EUR/MWh;88,6;88,6
09.09.2025;CEST;01:00;01:15;EUR/MWh;85,96;85,96
09.09.2025;CEST;01:15;01:30;EUR/MWh;120,74;120,74
09.09.2025;CEST;01:30;01:45;EUR/MWh;113,84;113,84
09.09.2025;CEST;01:45;02:00;EUR/MWh;117,47;117,47
09.09.2025;CEST;02:00;02:15;EUR/MWh;99,73;99,73
09.09.2025;CEST;02:15;02:30;EUR/MWh;100,07;100,07
09.09.2025;CEST;02:30;02:45;EUR/MWh;103,37;103,37
09.09.2025;CEST;02:45;03:00;EUR/MWh;119,24;119,24
09.09.2025;CEST;03:00;03:15;EUR/MWh;119,79;119,79
09.09.2025;CEST;03:15;03:30;EUR/MWh;128,27;128,27
09.09.2025;CEST;03:30;03:45;EUR/MWh;125,39;125,39
09.09.2025;CEST;03:45;04:00;EUR/MWh;140,2;140,2
09.09.2025;CEST;04:00;04:15;EUR/MWh;133,88;133,88
09.09.2025;CEST;04:15;04:30;EUR/MWh;148,73;148,73
09.09.2025;CEST;04:30;04:45;EUR/MWh;146,25;146,25
09.09.2025;CEST;04:45;05:00;EUR/MWh;143,84;143,84
09.09.2025;CEST;05:00;05:15;EUR/MWh;71,64;71,64
09.09.2025;CEST;05:15;05:30;EUR/MWh;78,33;78,33
09.09.2025;CEST;05:30;05:45;EUR/MWh;81,11;81,11
09.09.2025;CEST;05:45;06:00;EUR/MWh;114,55;114,55
09.09.2025;CEST;06:00;06:15;EUR/MWh;298,94;298,94
09.09.2025;CEST;06:15;06:30;EUR/MWh;100,24;100,24
09.09.2025;CEST;06:30;06:45;EUR/MWh;69,83;69,83
09.09.2025;CEST;06:45;07:00;EUR/MWh;158,61;158,61
09.09.2025;CEST;07:00;07:15;EUR/MWh;182,07;182,07
09.09.2025;CEST;07:15;07:30;EUR/MWh;122,41;122,41
09.09.2025;CEST;07:30;07:45;EUR/MWh;87,16;87,16
09.09.2025;CEST;07:45;08:00;EUR/MWh;81,96;81,96
09.09.2025;CEST;08:00;08:15;EUR/MWh;124,07;124,07
09.09.2025;CEST;08:15;08:30;EUR/MWh;216,42;216,42
09.09.2025;CEST;08:30;08:45;EUR/MWh;242,29;242,29
09.09.2025;CEST;08:45;09:00;EUR/MWh;201,44;201,44
09.09.2025;CEST;09:00;09:15;EUR/MWh;197,03;197,03
09.09.2025;CEST;09:15;09:30;EUR/MWh;237,15;237,15
09.09.2025;CEST;09:30;09:45;EUR/MWh;220,35;220,35
09.09.2025;CEST;09:45;10:00;EUR/MWh;219,43;219,43
09.09.2025;CEST;10:00;10:15;EUR/MWh;318,34;318,34
09.09.2025;CEST;10:15;10:30;EUR/MWh;259,9;259,9
09.09.2025;CEST;10:30;10:45;EUR/MWh;235,3;235,3
09.09.2025;CEST;10:45;11:00;EUR/MWh;175,86;175,86
09.09.2025;CEST;11:00;11:15;EUR/MWh;242,25;242,25
09.09.2025;CEST;11:15;11:30;EUR/MWh;114,77;114,77
09.09.2025;CEST;11:30;11:45;EUR/MWh;172,26;172,26
09.09.2025;CEST;11:45;12:00;EUR/MWh;157,9;157,9
09.09.2025;CEST;12:00;12:15;EUR/MWh;186,51;186,51
09.09.2025;CEST;12:15;12:30;EUR/MWh;158,04;158,04
09.09.2025;CEST;12:30;12:45;EUR/MWh;135,03;135,03
09.09.2025;CEST;12:45;13:00;EUR/MWh;125,06;125,06
09.09.2025;CEST;13:00;13:15;EUR/MWh;217,83;217,83
09.09.2025;CEST;13:15;13:30;EUR/MWh;224,89;224,89
09.09.2025;CEST;13:30;13:45;EUR/MWh;171,91;171,91
09.09.2025;CEST;13:45;14:00;EUR/MWh;121,65;121,65
09.09.2025;CEST;14:00;14:15;EUR/MWh;192,63;192,63
09.09.2025;CEST;14:15;14:30;EUR/MWh;282,17;282,17
09.09.2025;CEST;14:30;14:45;EUR/MWh;290,38;290,38
09.09.2025;CEST;14:45;15:00;EUR/MWh;245,95;245,95
09.09.2025;CEST;15:00;15:15;EUR/MWh;160,17;160,17
09.09.2025;CEST;15:15;15:30;EUR/MWh;154,42;154,42
09.09.2025;CEST;15:30;15:45;EUR/MWh;147,95;147,95
09.09.2025;CEST;15:45;16:00;EUR/MWh;95,13;95,13
09.09.2025;CEST;16:00;16:15;EUR/MWh;91,49;91,49
09.09.2025;CEST;16:15;16:30;EUR/MWh;86,77;86,77
09.09.2025;CEST;16:30;16:45;EUR/MWh;113,09;113,09
09.09.2025;CEST;16:45;17:00;EUR/MWh;133,14;133,14
09.09.2025;CEST;17:00;17:15;EUR/MWh;90,23;90,23
09.09.2025;CEST;17:15;17:30;EUR/MWh;105,91;105,91
09.09.2025;CEST;17:30;17:45;EUR/MWh;75,66;75,66
09.09.2025;CEST;17:45;18:00;EUR/MWh;148,82;148,82
09.09.2025;CEST;18:00;18:15;EUR/MWh;186,57;186,57
09.09.2025;CEST;18:15;18:30;EUR/MWh;195,62;195,62
09.09.2025;CEST;18:30;18:45;EUR/MWh;89,58;89,58
09.09.2025;CEST;18:45;19:00;EUR/MWh;235,69;235,69
09.09.2025;CEST;19:00;19:15;EUR/MWh;118,41;118,41
09.09.2025;CEST;19:15;19:30;EUR/MWh;112,66;112,66
09.09.2025;CEST;19:30;19:45;EUR/MWh;228,19;228,19
09.09.2025;CEST;19:45;20:00;EUR/MWh;217,53;217,53
09.09.2025;CEST;20:00;20:15;EUR/MWh;223,87;223,87
09.09.2025;CEST;20:15;20:30;EUR/MWh;209,16;209,16
09.09.2025;CEST;20:30;20:45;EUR/MWh;88,99;88,99
09.09.2025;CEST;20:45;21:00;EUR/MWh;71,04;71,04
09.09.2025;CEST;21:00;21:15;EUR/MWh;235,44;235,44
09.09.2025;CEST;21:15;21:30;EUR/MWh;219,35;219,35
09.09.2025;CEST;21:30;21:45;EUR/MWh;149,61;149,61
09.09.2025;CEST;21:45;22:00;EUR/MWh;129,36;129,36
09.09.2025;CEST;22:00;22:15;EUR/MWh;232,46;232,46
09.09.2025;CEST;22:15;22:30;EUR/MWh;211,34;211,34
09.09.2025;CEST;22:30;22:45;EUR/MWh;160,14;160,14
09.09.2025;CEST;22:45;23:00;EUR/MWh;92,22;92,22
09.09.2025;CEST;23:00;23:15;EUR/MWh;135,88;135,88
09.09.2025;CEST;23:15;23:30;EUR/MWh;75,05;75,05
09.09.2025;CEST;23:30;23:45;EUR/MWh;92,24;92,24
09.09.2025;CEST;23:45;00:00;EUR/MWh;84,12;84,12
10.09.2025;CEST;00:00;00:15;EUR/MWh;89,29;89,29
10.09.2025;CEST;00:15;00:30;EUR/MWh;93,11;93,11
10.09.2025;CEST;00:30;00:45;EUR/MWh;99,01;99,01
10.09.2025;CEST;00:45;01:00;EUR/MWh;126,22;126,22
10.09.2025;CEST;01:00;01:15;EUR/MWh;124,81;124,81
10.09.2025;CEST;01:15;01:30;EUR/MWh;97,45;97,45
10.09.2025;CEST;01:30;01:45;EUR/MWh;95,62;95,62
10.09.2025;CEST;01:45;02:00;EUR/MWh;98,5;98,5
10.09.2025;CEST;02:00;02:15;EUR/MWh;88;88
10.09.2025;CEST;02:15;02:30;EUR/MWh;96,15;96,15
10.09.2025;CEST;02:30;02:45;EUR/MWh;112,6;112,6
10.09.2025;CEST;02:45;03:00;EUR/MWh;118,18;118,18
10.09.2025;CEST;03:00;03:15;EUR/MWh;107,3;107,3
10.09.2025;CEST;03:15;03:30;EUR/MWh;104,43;104,43
10.09.2025;CEST;03:30;03:45;EUR/MWh;81,38;81,38
10.09.2025;CEST;03:45;04:00;EUR/MWh;74,88;74,88
10.09.2025;CEST;04:00;04:15;EUR/MWh;74,54;74,54
10.09.2025;CEST;04:15;04:30;EUR/MWh;79,91;79,91
10.09.2025;CEST;04:30;04:45;EUR/MWh;96,43;96,43
10.09.2025;CEST;04:45;05:00;EUR/MWh;109,64;109,64
10.09.2025;CEST;05:00;05:15;EUR/MWh;149,1;149,1
10.09.2025;CEST;05:15;05:30;EUR/MWh;100,92;100,92
10.09.2025;CEST;05:30;05:45;EUR/MWh;136,03;136,03
10.09.2025;CEST;05:45;06:00;EUR/MWh;155,38;155,38
10.09.2025;CEST;06:00;06:15;EUR/MWh;170,41;170,41
10.09.2025;CEST;06:15;06:30;EUR/MWh;154,19;154,19
10.09.2025;CEST;06:30;06:45;EUR/MWh;188,61;188,61
10.09.2025;CEST;06:45;07:00;EUR/MWh;175,66;175,66
10.09.2025;CEST;07:00;07:15;EUR/MWh;118,75;118,75
10.09.2025;CEST;07:15;07:30;EUR/MWh;200,41;200,41
10.09.2025;CEST;07:30;07:45;EUR/MWh;199,26;199,26
10.09.2025;CEST;07:45;08:00;EUR/MWh;124,29;124,29
10.09.2025;CEST;08:00;08:15;EUR/MWh;120,64;120,64
10.09.2025;CEST;08:15;08:30;EUR/MWh;156,53;156,53
10.09.2025;CEST;08:30;08:45;EUR/MWh;124,87;124,87
10.09.2025;CEST;08:45;09:00;EUR/MWh;157,59;157,59
10.09.2025;CEST;09:00;09:15;EUR/MWh;185,19;185,19
10.09.2025;CEST;09:15;09:30;EUR/MWh;297,22;297,22
10.09.2025;CEST;09:30;09:45;EUR/MWh;184,8;184,8
10.09.2025;CEST;09:45;10:00;EUR/MWh;139,82;139,82
10.09.2025;CEST;10:00;10:15;EUR/MWh;153,39;153,39
10.09.2025;CEST;10:15;10:30;EUR/MWh;143;143
10.09.2025;CEST;10:30;10:45;EUR/MWh;184,06;184,06
10.09.2025;CEST;10:45;11:00;EUR/MWh;171,76;171,76
10.09.2025;CEST;11:00;11:15;EUR/MWh;257,69;257,69
10.09.2025;CEST;11:15;11:30;EUR/MWh;259,64;259,64
10.09.2025;CEST;11:30;11:45;EUR/MWh;272,05;272,05
10.09.2025;CEST;11:45;12:00;EUR/MWh;190,58;190,58
10.09.2025;CEST;12:00;12:15;EUR/MWh;76,35;76,35
10.09.2025;CEST;12:15;12:30;EUR/MWh;74,47;74,47
10.09.2025;CEST;12:30;12:45;EUR/MWh;96,02;96,02
10.09.2025;CEST;12:45;13:00;EUR/MWh;94,25;94,25
10.09.2025;CEST;13:00;13:15;EUR/MWh;137,66;137,66
10.09.2025;CEST;13:15;13:30;EUR/MWh;113,68;113,68
10.09.2025;CEST;13:30;13:45;EUR/MWh;120,67;120,67
10.09.2025;CEST;13:45;14:00;EUR/MWh;82,12;82,12
10.09.2025;CEST;14:00;14:15;EUR/MWh;108,94;108,94
10.09.2025;CEST;14:15;14:30;EUR/MWh;115,49;115,49
10.09.2025;CEST;14:30;14:45;EUR/MWh;88,52;88,52
10.09.2025;CEST;14:45;15:00;EUR/MWh;78,98;78,98
10.09.2025;CEST;15:00;15:15;EUR/MWh;77,01;77,01
10.09.2025;CEST;15:15;15:30;EUR/MWh;73,76;73,76
10.09.2025;CEST;15:30;15:45;EUR/MWh;73,08;73,08
10.09.2025;CEST;15:45;16:00;EUR/MWh;67,1;67,1
10.09.2025;CEST;16:00;16:15;EUR/MWh;127,81;127,81
10.09.2025;CEST;16:15;16:30;EUR/MWh;71,84;71,84
10.09.2025;CEST;16:30;16:45;EUR/MWh;71,38;71,38
10.09.2025;CEST;16:45;17:00;EUR/MWh;77,52;77,52
10.09.2025;CEST;17:00;17:15;EUR/MWh;92,32;92,32
10.09.2025;CEST;17:15;17:30;EUR/MWh;89,46;89,46
10.09.2025;CEST;17:30;17:45;EUR/MWh;68,44;68,44
10.09.2025;CEST;17:45;18:00;EUR/MWh;74,21;74,21
10.09.2025;CEST;18:00;18:15;EUR/MWh;59,61;59,61
10.09.2025;CEST;18:15;18:30;EUR/MWh;70,25;70,25
10.09.2025;CEST;18:30;18:45;EUR/MWh;77,43;77,43
10.09.2025;CEST;18:45;19:00;EUR/MWh;111,68;111,68
10.09.2025;CEST;19:00;19:15;EUR/MWh;131,46;131,46
10.09.2025;CEST;19:15;19:30;EUR/MWh;150,59;150,59
10.09.2025;CEST;19:30;19:45;EUR/MWh;133,2;133,2
10.09.2025;CEST;19:45;20:00;EUR/MWh;171,5;171,5
10.09.2025;CEST;20:00;20:15;EUR/MWh;148,66;148,66
10.09.2025;CEST;20:15;20:30;EUR/MWh;151,01;151,01
10.09.2025;CEST;20:30;20:45;EUR/MWh;110,55;110,55
10.09.2025;CEST;20:45;21:00;EUR/MWh;48,82;48,82
10.09.2025;CEST;21:00;21:15;EUR/MWh;126,23;126,23
10.09.2025;CEST;21:15;21:30;EUR/MWh;113,82;113,82
10.09.2025;CEST;21:30;21:45;EUR/MWh;91,09;91,09
10.09.2025;CEST;21:45;22:00;EUR/MWh;56,32;56,32
10.09.2025;CEST;22:00;22:15;EUR/MWh;82,23;82,23
10.09.2025;CEST;22:15;22:30;EUR/MWh;73,87;73,87
10.09.2025;CEST;22:30;22:45;EUR/MWh;78,85;78,85
10.09.2025;CEST;22:45;23:00;EUR/MWh;113,86;113,86
10.09.2025;CEST;23:00;23:15;EUR/MWh;111,93;111,93
10.09.2025;CEST;23:15;23:30;EUR/MWh;116,43;116,43
10.09.2025;CEST;23:30;23:45;EUR/MWh;95,51;95,51
10.09.2025;CEST;23:45;00:00;EUR/MWh;45,91;45,91
11.09.2025;CEST;00:00;00:15;EUR/MWh;104,88;104,88
11.09.2025;CEST;00:15;00:30;EUR/MWh;103,22;103,22
11.09.2025;CEST;00:30;00:45;EUR/MWh;92,3;92,3
11.09.2025;CEST;00:45;01:00;EUR/MWh;104,94;104,94
11.09.2025;CEST;01:00;01:15;EUR/MWh;102,78;102,78
11.09.2025;CEST;01:15;01:30;EUR/MWh;96,79;96,79
11.09.2025;CEST;01:30;01:45;EUR/MWh;99,52;99,52
11.09.2025;CEST;01:45;02:00;EUR/MWh;90,43;90,43
11.09.2025;CEST;02:00;02:15;EUR/MWh;118,31;118,31
11.09.2025;CEST;02:15;02:30;EUR/MWh;96,75;96,75
11.09.2025;CEST;02:30;02:45;EUR/MWh;80,08;80,08
11.09.2025;CEST;02:45;03:00;EUR/MWh;66,6;66,6
11.09.2025;CEST;03:00;03:15;EUR/MWh;79,74;79,74
11.09.2025;CEST;03:15;03:30;EUR/MWh;60,4;60,4
11.09.2025;CEST;03:30;03:45;EUR/MWh;62,4;62,4
11.09.2025;CEST;03:45;04:00;EUR/MWh;59,86;59,86
11.09.2025;CEST;04:00;04:15;EUR/MWh;83,27;83,27
11.09.2025;CEST;04:15;04:30;EUR/MWh;97,08;97,08
11.09.2025;CEST;04:30;04:45;EUR/MWh;108,31;108,31
11.09.2025;CEST;04:45;05:00;EUR/MWh;137,43;137,43
11.09.2025;CEST;05:00;05:15;EUR/MWh;93,96;93,96
11.09.2025;CEST;05:15;05:30;EUR/MWh;99,39;99,39
11.09.2025;CEST;05:30;05:45;EUR/MWh;120,28;120,28
11.09.2025;CEST;05:45;06:00;EUR/MWh;110,28;110,28
11.09.2025;CEST;06:00;06:15;EUR/MWh;7,65;7,65
11.09.2025;CEST;06:15;06:30;EUR/MWh;124,04;124,04
11.09.2025;CEST;06:30;06:45;EUR/MWh;149,85;149,85
11.09.2025;CEST;06:45;07:00;EUR/MWh;145,11;145,11
11.09.2025;CEST;07:00;07:15;EUR/MWh;173,14;173,14
11.09.2025;CEST;07:15;07:30;EUR/MWh;201,78;201,78
11.09.2025;CEST;07:30;07:45;EUR/MWh;164,35;164,35
11.09.2025;CEST;07:45;08:00;EUR/MWh;172,65;172,65
11.09.2025;CEST;08:00;08:15;EUR/MWh;110,11;110,11
11.09.2025;CEST;08:15;08:30;EUR/MWh;142,75;142,75
11.09.2025;CEST;08:30;08:45;EUR/MWh;109,39;109,39
11.09.2025;CEST;08:45;09:00;EUR/MWh;153,71;153,71
11.09.2025;CEST;09:00;09:15;EUR/MWh;131,36;131,36
11.09.2025;CEST;09:15;09:30;EUR/MWh;102,29;102,29
11.09.2025;CEST;09:30;09:45;EUR/MWh;37,11;37,11
11.09.2025;CEST;09:45;10:00;EUR/MWh;34,5;34,5
11.09.2025;CEST;10:00;10:15;EUR/MWh;146,62;146,62
11.09.2025;CEST;10:15;10:30;EUR/MWh;149,49;149,49
11.09.2025;CEST;10:30;10:45;EUR/MWh;111,68;111,68
11.09.2025;CEST;10:45;11:00;EUR/MWh;8,02;8,02
11.09.2025;CEST;11:00;11:15;EUR/MWh;61,29;61,29
11.09.2025;CEST;11:15;11:30;EUR/MWh;-28,69;-28,69
11.09.2025;CEST;11:30;11:45;EUR/MWh;17,91;17,91
11.09.2025;CEST;11:45;12:00;EUR/MWh;91,41;91,41
11.09.2025;CEST;12:00;12:15;EUR/MWh;7,62;7,62
11.09.2025;CEST;12:15;12:30;EUR/MWh;30,31;30,31
11.09.2025;CEST;12:30;12:45;EUR/MWh;3,85;3,85
11.09.2025;CEST;12:45;13:00;EUR/MWh;-2,4;-2,4
11.09.2025;CEST;13:00;13:15;EUR/MWh;-24,54;-24,54
11.09.2025;CEST;13:15;13:30;EUR/MWh;-14,02;-14,02
11.09.2025;CEST;13:30;13:45;EUR/MWh;-21,03;-21,03
11.09.2025;CEST;13:45;14:00;EUR/MWh;-26,62;-26,62
11.09.2025;CEST;14:00;14:15;EUR/MWh;-5,02;-5,02
11.09.2025;CEST;14:15;14:30;EUR/MWh;6,49;6,49
11.09.2025;CEST;14:30;14:45;EUR/MWh;73,32;73,32
11.09.2025;CEST;14:45;15:00;EUR/MWh;89,18;89,18
11.09.2025;CEST;15:00;15:15;EUR/MWh;79,14;79,14
11.09.2025;CEST;15:15;15:30;EUR/MWh;6,91;6,91
11.09.2025;CEST;15:30;15:45;EUR/MWh;2,14;2,14
11.09.2025;CEST;15:45;16:00;EUR/MWh;41,09;41,09
11.09.2025;CEST;16:00;16:15;EUR/MWh;-7,16;-7,16
11.09.2025;CEST;16:15;16:30;EUR/MWh;118,26;118,26
11.09.2025;CEST;16:30;16:45;EUR/MWh;8,43;8,43
11.09.2025;CEST;16:45;17:00;EUR/MWh;19,27;19,27
11.09.2025;CEST;17:00;17:15;EUR/MWh;76,39;76,39
11.09.2025;CEST;17:15;17:30;EUR/MWh;121,02;121,02
11.09.2025;CEST;17:30;17:45;EUR/MWh;131,13;131,13
11.09.2025;CEST;17:45;18:00;EUR/MWh;147,81;147,81
11.09.2025;CEST;18:00;18:15;EUR/MWh;107,11;107,11
11.09.2025;CEST;18:15;18:30;EUR/MWh;51,47;51,47
11.09.2025;CEST;18:30;18:45;EUR/MWh;74,05;74,05
11.09.2025;CEST;18:45;19:00;EUR/MWh;72,57;72,57
11.09.2025;CEST;19:00;19:15;EUR/MWh;50,72;50,72
11.09.2025;CEST;19:15;19:30;EUR/MWh;59,5;59,5
11.09.2025;CEST;19:30;19:45;EUR/MWh;159,4;159,4
11.09.2025;CEST;19:45;20:00;EUR/MWh;189,86;189,86
11.09.2025;CEST;20:00;20:15;EUR/MWh;179,55;179,55
11.09.2025;CEST;20:15;20:30;EUR/MWh;350,46;350,46
11.09.2025;CEST;20:30;20:45;EUR/MWh;73,95;73,95
11.09.2025;CEST;20:45;21:00;EUR/MWh;48,07;48,07
11.09.2025;CEST;21:00;21:15;EUR/MWh;17,06;17,06
11.09.2025;CEST;21:15;21:30;EUR/MWh;-20,64;-20,64
11.09.2025;CEST;21:30;21:45;EUR/MWh;18,01;18,01
11.09.2025;CEST;21:45;22:00;EUR/MWh;102,65;102,65
11.09.2025;CEST;22:00;22:15;EUR/MWh;169,45;169,45
11.09.2025;CEST;22:15;22:30;EUR/MWh;872,85;872,85
11.09.2025;CEST;22:30;22:45;EUR/MWh;67,82;67,82
11.09.2025;CEST;22:45;23:00;EUR/MWh;30,49;30,49
11.09.2025;CEST;23:00;23:15;EUR/MWh;42,41;42,41
11.09.2025;CEST;23:15;23:30;EUR/MWh;58,15;58,15
11.09.2025;CEST;23:30;23:45;EUR/MWh;105,06;105,06
11.09.2025;CEST;23:45;00:00;EUR/MWh;105,21;105,21
12.09.2025;CEST;00:00;00:15;EUR/MWh;61,36;61,36
12.09.2025;CEST;00:15;00:30;EUR/MWh;99,85;99,85
12.09.2025;CEST;00:30;00:45;EUR/MWh;10,31;10,31
12.09.2025;CEST;00:45;01:00;EUR/MWh;18,59;18,59
12.09.2025;CEST;01:00;01:15;EUR/MWh;99,27;99,27
12.09.2025;CEST;01:15;01:30;EUR/MWh;90,76;90,76
12.09.2025;CEST;01:30;01:45;EUR/MWh;107,03;107,03
12.09.2025;CEST;01:45;02:00;EUR/MWh;40,07;40,07
12.09.2025;CEST;02:00;02:15;EUR/MWh;47,28;47,28
12.09.2025;CEST;02:15;02:30;EUR/MWh;63,23;63,23
12.09.2025;CEST;02:30;02:45;EUR/MWh;103,25;103,25
12.09.2025;CEST;02:45;03:00;EUR/MWh;57,65;57,65
12.09.2025;CEST;03:00;03:15;EUR/MWh;85,25;85,25
12.09.2025;CEST;03:15;03:30;EUR/MWh;70,07;70,07
12.09.2025;CEST;03:30;03:45;EUR/MWh;102,71;102,71
12.09.2025;CEST;03:45;04:00;EUR/MWh;53,63;53,63
12.09.2025;CEST;04:00;04:15;EUR/MWh;34,94;34,94
12.09.2025;CEST;04:15;04:30;EUR/MWh;39,04;39,04
12.09.2025;CEST;04:30;04:45;EUR/MWh;52,04;52,04
12.09.2025;CEST;04:45;05:00;EUR/MWh;47,96;47,96
12.09.2025;CEST;05:00;05:15;EUR/MWh;41,06;41,06
12.09.2025;CEST;05:15;05:30;EUR/MWh;19,48;19,48
12.09.2025;CEST;05:30;05:45;EUR/MWh;51,8;51,8
12.09.2025;CEST;05:45;06:00;EUR/MWh;76,28;76,28
12.09.2025;CEST;06:00;06:15;EUR/MWh;118,86;118,86
12.09.2025;CEST;06:15;06:30;EUR/MWh;122,32;122,32
12.09.2025;CEST;06:30;06:45;EUR/MWh;129,46;129,46
12.09.2025;CEST;06:45;07:00;EUR/MWh;125,81;125,81
12.09.2025;CEST;07:00;07:15;EUR/MWh;139,88;139,88
12.09.2025;CEST;07:15;07:30;EUR/MWh;166,56;166,56
12.09.2025;CEST;07:30;07:45;EUR/MWh;162,54;162,54
12.09.2025;CEST;07:45;08:00;EUR/MWh;123,97;123,97
12.09.2025;CEST;08:00;08:15;EUR/MWh;92,45;92,45
12.09.2025;CEST;08:15;08:30;EUR/MWh;134,53;134,53
12.09.2025;CEST;08:30;08:45;EUR/MWh;57,43;57,43
12.09.2025;CEST;08:45;09:00;EUR/MWh;114,88;114,88
12.09.2025;CEST;09:00;09:15;EUR/MWh;15,74;15,74
12.09.2025;CEST;09:15;09:30;EUR/MWh;106,45;106,45
12.09.2025;CEST;09:30;09:45;EUR/MWh;123,97;123,97
12.09.2025;CEST;09:45;10:00;EUR/MWh;108,4;108,4
12.09.2025;CEST;10:00;10:15;EUR/MWh;247,89;247,89
12.09.2025;CEST;10:15;10:30;EUR/MWh;144,9;144,9
12.09.2025;CEST;10:30;10:45;EUR/MWh;-82,34;-82,34
12.09.2025;CEST;10:45;11:00;EUR/MWh;-126,11;-126,11
12.09.2025;CEST;11:00;11:15;EUR/MWh;-0,67;-0,67
12.09.2025;CEST;11:15;11:30;EUR/MWh;0,82;0,82
12.09.2025;CEST;11:30;11:45;EUR/MWh;70,83;70,83
12.09.2025;CEST;11:45;12:00;EUR/MWh;-11,13;-11,13
12.09.2025;CEST;12:00;12:15;EUR/MWh;80,8;80,8
12.09.2025;CEST;12:15;12:30;EUR/MWh;8,48;8,48
12.09.2025;CEST;12:30;12:45;EUR/MWh;-3,4;-3,4
12.09.2025;CEST;12:45;13:00;EUR/MWh;-9,22;-9,22
12.09.2025;CEST;13:00;13:15;EUR/MWh;-9,54;-9,54
12.09.2025;CEST;13:15;13:30;EUR/MWh;-3,42;-3,42
12.09.2025;CEST;13:30;13:45;EUR/MWh;37,05;37,05
12.09.2025;CEST;13:45;14:00;EUR/MWh;-11,74;-11,74
12.09.2025;CEST;14:00;14:15;EUR/MWh;-0,5;-0,5
12.09.2025;CEST;14:15;14:30;EUR/MWh;-17,5;-17,5
12.09.2025;CEST;14:30;14:45;EUR/MWh;-16,24;-16,24
12.09.2025;CEST;14:45;15:00;EUR/MWh;-53,05;-53,05
12.09.2025;CEST;15:00;15:15;EUR/MWh;-3,19;-3,19
12.09.2025;CEST;15:15;15:30;EUR/MWh;-14,38;-14,38
12.09.2025;CEST;15:30;15:45;EUR/MWh;-33,85;-33,85
12.09.2025;CEST;15:45;16:00;EUR/MWh;-5,16;-5,16
12.09.2025;CEST;16:00;16:15;EUR/MWh;62,03;62,03
12.09.2025;CEST;16:15;16:30;EUR/MWh;-29,48;-29,48
12.09.2025;CEST;16:30;16:45;EUR/MWh;53,22;53,22
12.09.2025;CEST;16:45;17:00;EUR/MWh;-5,74;-5,74
12.09.2025;CEST;17:00;17:15;EUR/MWh;116,24;116,24
12.09.2025;CEST;17:15;17:30;EUR/MWh;-4,68;-4,68
12.09.2025;CEST;17:30;17:45;EUR/MWh;-9,82;-9,82
12.09.2025;CEST;17:45;18:00;EUR/MWh;167,82;167,82
12.09.2025;CEST;18:00;18:15;EUR/MWh;17,04;17,04
12.09.2025;CEST;18:15;18:30;EUR/MWh;165,28;165,28
12.09.2025;CEST;18:30;18:45;EUR/MWh;180,71;180,71
12.09.2025;CEST;18:45;19:00;EUR/MWh;282,83;282,83
12.09.2025;CEST;19:00;19:15;EUR/MWh;61,83;61,83
12.09.2025;CEST;19:15;19:30;EUR/MWh;47,85;47,85
12.09.2025;CEST;19:30;19:45;EUR/MWh;96,47;96,47
12.09.2025;CEST;19:45;20:00;EUR/MWh;132,24;132,24
12.09.2025;CEST;20:00;20:15;EUR/MWh;83,14;83,14
12.09.2025;CEST;20:15;20:30;EUR/MWh;70,52;70,52
12.09.2025;CEST;20:30;20:45;EUR/MWh;55,99;55,99
12.09.2025;CEST;20:45;21:00;EUR/MWh;26,38;26,38
12.09.2025;CEST;21:00;21:15;EUR/MWh;84,31;84,31
12.09.2025;CEST;21:15;21:30;EUR/MWh;43,7;43,7
12.09.2025;CEST;21:30;21:45;EUR/MWh;79,01;79,01
12.09.2025;CEST;21:45;22:00;EUR/MWh;56,94;56,94
12.09.2025;CEST;22:00;22:15;EUR/MWh;138,96;138,96
12.09.2025;CEST;22:15;22:30;EUR/MWh;194,48;194,48
12.09.2025;CEST;22:30;22:45;EUR/MWh;138,85;138,85
12.09.2025;CEST;22:45;23:00;EUR/MWh;104,17;104,17
12.09.2025;CEST;23:00;23:15;EUR/MWh;113,05;113,05
12.09.2025;CEST;23:15;23:30;EUR/MWh;100,29;100,29
12.09.2025;CEST;23:30;23:45;EUR/MWh;67,06;67,06
12.09.2025;CEST;23:45;00:00;EUR/MWh;34,88;34,88
13.09.2025;CEST;00:00;00:15;EUR/MWh;77,51;77,51
13.09.2025;CEST;00:15;00:30;EUR/MWh;52,27;52,27
13.09.2025;CEST;00:30;00:45;EUR/MWh;57,15;57,15
13.09.2025;CEST;00:45;01:00;EUR/MWh;24,01;24,01
13.09.2025;CEST;01:00;01:15;EUR/MWh;45,41;45,41
13.09.2025;CEST;01:15;01:30;EUR/MWh;103,39;103,39
13.09.2025;CEST;01:30;01:45;EUR/MWh;102,65;102,65
13.09.2025;CEST;01:45;02:00;EUR/MWh;58,08;58,08
13.09.2025;CEST;02:00;02:15;EUR/MWh;47,39;47,39
13.09.2025;CEST;02:15;02:30;EUR/MWh;29,93;29,93
13.09.2025;CEST;02:30;02:45;EUR/MWh;34,35;34,35
13.09.2025;CEST;02:45;03:00;EUR/MWh;109,03;109,03
13.09.2025;CEST;03:00;03:15;EUR/MWh;103,97;103,97
13.09.2025;CEST;03:15;03:30;EUR/MWh;111,03;111,03
13.09.2025;CEST;03:30;03:45;EUR/MWh;109,93;109,93
13.09.2025;CEST;03:45;04:00;EUR/MWh;130,41;130,41
13.09.2025;CEST;04:00;04:15;EUR/MWh;118,64;118,64
13.09.2025;CEST;04:15;04:30;EUR/MWh;64,06;64,06
13.09.2025;CEST;04:30;04:45;EUR/MWh;54,79;54,79
13.09.2025;CEST;04:45;05:00;EUR/MWh;40,73;40,73
13.09.2025;CEST;05:00;05:15;EUR/MWh;28,48;28,48
13.09.2025;CEST;05:15;05:30;EUR/MWh;76,55;76,55
13.09.2025;CEST;05:30;05:45;EUR/MWh;51,36;51,36
13.09.2025;CEST;05:45;06:00;EUR/MWh;42,03;42,03
13.09.2025;CEST;06:00;06:15;EUR/MWh;54,58;54,58
13.09.2025;CEST;06:15;06:30;EUR/MWh;61,23;61,23
13.09.2025;CEST;06:30;06:45;EUR/MWh;41,52;41,52
13.09.2025;CEST;06:45;07:00;EUR/MWh;43,42;43,42
13.09.2025;CEST;07:00;07:15;EUR/MWh;25,78;25,78
13.09.2025;CEST;07:15;07:30;EUR/MWh;39,54;39,54
13.09.2025;CEST;07:30;07:45;EUR/MWh;26,7;26,7
13.09.2025;CEST;07:45;08:00;EUR/MWh;29,84;29,84
13.09.2025;CEST;08:00;08:15;EUR/MWh;11,1;11,1
13.09.2025;CEST;08:15;08:30;EUR/MWh;22,96;22,96
13.09.2025;CEST;08:30;08:45;EUR/MWh;8,54;8,54
13.09.2025;CEST;08:45;09:00;EUR/MWh;1,36;1,36
13.09.2025;CEST;09:00;09:15;EUR/MWh;8,35;8,35
13.09.2025;CEST;09:15;09:30;EUR/MWh;-6,81;-6,81
13.09.2025;CEST;09:30;09:45;EUR/MWh;29,08;29,08
13.09.2025;CEST;09:45;10:00;EUR/MWh;-10,99;-10,99
13.09.2025;CEST;10:00;10:15;EUR/MWh;-2,07;-2,07
13.09.2025;CEST;10:15;10:30;EUR/MWh;-14,67;-14,67
13.09.2025;CEST;10:30;10:45;EUR/MWh;-4,78;-4,78
13.09.2025;CEST;10:45;11:00;EUR/MWh;-78,03;-78,03
13.09.2025;CEST;11:00;11:15;EUR/MWh;-68,71;-68,71
13.09.2025;CEST;11:15;11:30;EUR/MWh;-42,08;-42,08
13.09.2025;CEST;11:30;11:45;EUR/MWh;-95,99;-95,99
13.09.2025;CEST;11:45;12:00;EUR/MWh;-136,07;-136,07
13.09.2025;CEST;12:00;12:15;EUR/MWh;-48,08;-48,08
13.09.2025;CEST;12:15;12:30;EUR/MWh;-19,93;-19,93
13.09.2025;CEST;12:30;12:45;EUR/MWh;-51,09;-51,09
13.09.2025;CEST;12:45;13:00;EUR/MWh;-35,01;-35,01
13.09.2025;CEST;13:00;13:15;EUR/MWh;9,55;9,55
13.09.2025;CEST;13:15;13:30;EUR/MWh;-3,3;-3,3
13.09.2025;CEST;13:30;13:45;EUR/MWh;-16,92;-16,92
13.09.2025;CEST;13:45;14:00;EUR/MWh;-20,57;-20,57
13.09.2025;CEST;14:00;14:15;EUR/MWh;-4,32;-4,32
13.09.2025;CEST;14:15;14:30;EUR/MWh;-5,49;-5,49
13.09.2025;CEST;14:30;14:45;EUR/MWh;-30,73;-30,73
13.09.2025;CEST;14:45;15:00;EUR/MWh;-4,36;-4,36
13.09.2025;CEST;15:00;15:15;EUR/MWh;60,66;60,66
13.09.2025;CEST;15:15;15:30;EUR/MWh;-36,94;-36,94
13.09.2025;CEST;15:30;15:45;EUR/MWh;-44,76;-44,76
13.09.2025;CEST;15:45;16:00;EUR/MWh;-13,61;-13,61
13.09.2025;CEST;16:00;16:15;EUR/MWh;-30,4;-30,4
13.09.2025;CEST;16:15;16:30;EUR/MWh;-887,09;-887,09
13.09.2025;CEST;16:30;16:45;EUR/MWh;-102,46;-102,46
13.09.2025;CEST;16:45;17:00;EUR/MWh;-98,55;-98,55
13.09.2025;CEST;17:00;17:15;EUR/MWh;-79,86;-79,86
13.09.2025;CEST;17:15;17:30;EUR/MWh;173,17;173,17
13.09.2025;CEST;17:30;17:45;EUR/MWh;20,45;20,45
13.09.2025;CEST;17:45;18:00;EUR/MWh;93,52;93,52
13.09.2025;CEST;18:00;18:15;EUR/MWh;135,7;135,7
13.09.2025;CEST;18:15;18:30;EUR/MWh;123,19;123,19
13.09.2025;CEST;18:30;18:45;EUR/MWh;168,27;168,27
13.09.2025;CEST;18:45;19:00;EUR/MWh;194,3;194,3
13.09.2025;CEST;19:00;19:15;EUR/MWh;192,2;192,2
13.09.2025;CEST;19:15;19:30;EUR/MWh;130,33;130,33
13.09.2025;CEST;19:30;19:45;EUR/MWh;1525,71;1525,71
13.09.2025;CEST;19:45;20:00;EUR/MWh;523,46;523,46
13.09.2025;CEST;20:00;20:15;EUR/MWh;212,55;212,55
13.09.2025;CEST;20:15;20:30;EUR/MWh;74,65;74,65
13.09.2025;CEST;20:30;20:45;EUR/MWh;252,29;252,29
13.09.2025;CEST;20:45;21:00;EUR/MWh;93,8;93,8
13.09.2025;CEST;21:00;21:15;EUR/MWh;128,85;128,85
13.09.2025;CEST;21:15;21:30;EUR/MWh;57,91;57,91
13.09.2025;CEST;21:30;21:45;EUR/MWh;42,56;42,56
13.09.2025;CEST;21:45;22:00;EUR/MWh;55,42;55,42
13.09.2025;CEST;22:00;22:15;EUR/MWh;135,06;135,06
13.09.2025;CEST;22:15;22:30;EUR/MWh;124,32;124,32
13.09.2025;CEST;22:30;22:45;EUR/MWh;93,84;93,84
13.09.2025;CEST;22:45;23:00;EUR/MWh;91,22;91,22
13.09.2025;CEST;23:00;23:15;EUR/MWh;148,11;148,11
13.09.2025;CEST;23:15;23:30;EUR/MWh;145,58;145,58
13.09.2025;CEST;23:30;23:45;EUR/MWh;151,23;151,23
13.09.2025;CEST;23:45;00:00;EUR/MWh;153,95;153,95
14.09.2025;CEST;00:00;00:15;EUR/MWh;159,73;159,73
14.09.2025;CEST;00:15;00:30;EUR/MWh;152,49;152,49
14.09.2025;CEST;00:30;00:45;EUR/MWh;85,63;85,63
14.09.2025;CEST;00:45;01:00;EUR/MWh;110,47;110,47
14.09.2025;CEST;01:00;01:15;EUR/MWh;150,74;150,74
14.09.2025;CEST;01:15;01:30;EUR/MWh;132,97;132,97
14.09.2025;CEST;01:30;01:45;EUR/MWh;155,63;155,63
14.09.2025;CEST;01:45;02:00;EUR/MWh;68,3;68,3
14.09.2025;CEST;02:00;02:15;EUR/MWh;96,53;96,53
14.09.2025;CEST;02:15;02:30;EUR/MWh;68,39;68,39
14.09.2025;CEST;02:30;02:45;EUR/MWh;73,38;73,38
14.09.2025;CEST;02:45;03:00;EUR/MWh;59,95;59,95
14.09.2025;CEST;03:00;03:15;EUR/MWh;36,32;36,32
14.09.2025;CEST;03:15;03:30;EUR/MWh;62,31;62,31
14.09.2025;CEST;03:30;03:45;EUR/MWh;65,42;65,42
14.09.2025;CEST;03:45;04:00;EUR/MWh;75,82;75,82
14.09.2025;CEST;04:00;04:15;EUR/MWh;68,05;68,05
14.09.2025;CEST;04:15;04:30;EUR/MWh;63,1;63,1
14.09.2025;CEST;04:30;04:45;EUR/MWh;70,14;70,14
14.09.2025;CEST;04:45;05:00;EUR/MWh;65,63;65,63
14.09.2025;CEST;05:00;05:15;EUR/MWh;47,17;47,17
14.09.2025;CEST;05:15;05:30;EUR/MWh;113,01;113,01
14.09.2025;CEST;05:30;05:45;EUR/MWh;106,06;106,06
14.09.2025;CEST;05:45;06:00;EUR/MWh;106,15;106,15
14.09.2025;CEST;06:00;06:15;EUR/MWh;103,06;103,06
14.09.2025;CEST;06:15;06:30;EUR/MWh;100,92;100,92
14.09.2025;CEST;06:30;06:45;EUR/MWh;111,25;111,25
14.09.2025;CEST;06:45;07:00;EUR/MWh;105,16;105,16
14.09.2025;CEST;07:00;07:15;EUR/MWh;86,14;86,14
14.09.2025;CEST;07:15;07:30;EUR/MWh;75,81;75,81
14.09.2025;CEST;07:30;07:45;EUR/MWh;116,03;116,03
14.09.2025;CEST;07:45;08:00;EUR/MWh;114,79;114,79
14.09.2025;CEST;08:00;08:15;EUR/MWh;142,19;142,19
14.09.2025;CEST;08:15;08:30;EUR/MWh;93,38;93,38
14.09.2025;CEST;08:30;08:45;EUR/MWh;85,7;85,7
14.09.2025;CEST;08:45;09:00;EUR/MWh;80,9;80,9
14.09.2025;CEST;09:00;09:15;EUR/MWh;112,55;112,55
14.09.2025;CEST;09:15;09:30;EUR/MWh;109,98;109,98
14.09.2025;CEST;09:30;09:45;EUR/MWh;108,86;108,86
14.09.2025;CEST;09:45;10:00;EUR/MWh;93,97;93,97
14.09.2025;CEST;10:00;10:15;EUR/MWh;133,79;133,79
14.09.2025;CEST;10:15;10:30;EUR/MWh;127,91;127,91
14.09.2025;CEST;10:30;10:45;EUR/MWh;91,52;91,52
14.09.2025;CEST;10:45;11:00;EUR/MWh;85,89;85,89
14.09.2025;CEST;11:00;11:15;EUR/MWh;156,36;156,36
14.09.2025;CEST;11:15;11:30;EUR/MWh;142,36;142,36
14.09.2025;CEST;11:30;11:45;EUR/MWh;36,43;36,43
14.09.2025;CEST;11:45;12:00;EUR/MWh;28,19;28,19
14.09.2025;CEST;12:00;12:15;EUR/MWh;66,4;66,4
14.09.2025;CEST;12:15;12:30;EUR/MWh;37,68;37,68
14.09.2025;CEST;12:30;12:45;EUR/MWh;12,33;12,33
14.09.2025;CEST;12:45;13:00;EUR/MWh;-18,54;-18,54
14.09.2025;CEST;13:00;13:15;EUR/MWh;81,01;81,01
14.09.2025;CEST;13:15;13:30;EUR/MWh;18,29;18,29
14.09.2025;CEST;13:30;13:45;EUR/MWh;-20,12;-20,12
14.09.2025;CEST;13:45;14:00;EUR/MWh;-25,3;-25,3
14.09.2025;CEST;14:00;14:15;EUR/MWh;-30,21;-30,21
14.09.2025;CEST;14:15;14:30;EUR/MWh;-47,86;-47,86
14.09.2025;CEST;14:30;14:45;EUR/MWh;-12,03;-12,03
14.09.2025;CEST;14:45;15:00;EUR/MWh;25,53;25,53
14.09.2025;CEST;15:00;15:15;EUR/MWh;-14,64;-14,64
14.09.2025;CEST;15:15;15:30;EUR/MWh;-6,45;-6,45
14.09.2025;CEST;15:30;15:45;EUR/MWh;-6,7;-6,7
14.09.2025;CEST;15:45;16:00;EUR/MWh;27,48;27,48
14.09.2025;CEST;16:00;16:15;EUR/MWh;-10,97;-10,97
14.09.2025;CEST;16:15;16:30;EUR/MWh;13,83;13,83
14.09.2025;CEST;16:30;16:45;EUR/MWh;-1,34;-1,34
14.09.2025;CEST;16:45;17:00;EUR/MWh;27,37;27,37
14.09.2025;CEST;17:00;17:15;EUR/MWh;12,95;12,95
14.09.2025;CEST;17:15;17:30;EUR/MWh;27,8;27,8
14.09.2025;CEST;17:30;17:45;EUR/MWh;171,45;171,45
14.09.2025;CEST;17:45;18:00;EUR/MWh;148,29;148,29
14.09.2025;CEST;18:00;18:15;EUR/MWh;161,49;161,49
14.09.2025;CEST;18:15;18:30;EUR/MWh;173,18;173,18
14.09.2025;CEST;18:30;18:45;EUR/MWh;312,24;312,24
14.09.2025;CEST;18:45;19:00;EUR/MWh;528,43;528,43
14.09.2025;CEST;19:00;19:15;EUR/MWh;122,18;122,18
14.09.2025;CEST;19:15;19:30;EUR/MWh;182,6;182,6
14.09.2025;CEST;19:30;19:45;EUR/MWh;101,05;101,05
14.09.2025;CEST;19:45;20:00;EUR/MWh;149,96;149,96
14.09.2025;CEST;20:00;20:15;EUR/MWh;113,09;113,09
14.09.2025;CEST;20:15;20:30;EUR/MWh;96,36;96,36
14.09.2025;CEST;20:30;20:45;EUR/MWh;34,72;34,72
14.09.2025;CEST;20:45;21:00;EUR/MWh;7,86;7,86
14.09.2025;CEST;21:00;21:15;EUR/MWh;71,31;71,31
14.09.2025;CEST;21:15;21:30;EUR/MWh;91,85;91,85
14.09.2025;CEST;21:30;21:45;EUR/MWh;82,41;82,41
14.09.2025;CEST;21:45;22:00;EUR/MWh;61,07;61,07
14.09.2025;CEST;22:00;22:15;EUR/MWh;78,26;78,26
14.09.2025;CEST;22:15;22:30;EUR/MWh;91,54;91,54
14.09.2025;CEST;22:30;22:45;EUR/MWh;50;50
14.09.2025;CEST;22:45;23:00;EUR/MWh;31,53;31,53
14.09.2025;CEST;23:00;23:15;EUR/MWh;99,51;99,51
14.09.2025;CEST;23:15;23:30;EUR/MWh;50,83;50,83
14.09.2025;CEST;23:30;23:45;EUR/MWh;12,76;12,76
14.09.2025;CEST;23:45;00:00;EUR/MWh;3,9;3,9
15.09.2025;CEST;00:00;00:15;EUR/MWh;79,62;79,62
15.09.2025;CEST;00:15;00:30;EUR/MWh;24,97;24,97
15.09.2025;CEST;00:30;00:45;EUR/MWh;13,35;13,35
15.09.2025;CEST;00:45;01:00;EUR/MWh;14,72;14,72
15.09.2025;CEST;01:00;01:15;EUR/MWh;55,83;55,83
15.09.2025;CEST;01:15;01:30;EUR/MWh;-35,53;-35,53
15.09.2025;CEST;01:30;01:45;EUR/MWh;-91,47;-91,47
15.09.2025;CEST;01:45;02:00;EUR/MWh;-148,41;-148,41
15.09.2025;CEST;02:00;02:15;EUR/MWh;124,46;124,46
15.09.2025;CEST;02:15;02:30;EUR/MWh;69,22;69,22
15.09.2025;CEST;02:30;02:45;EUR/MWh;59,31;59,31
15.09.2025;CEST;02:45;03:00;EUR/MWh;30,26;30,26
15.09.2025;CEST;03:00;03:15;EUR/MWh;-89,96;-89,96
15.09.2025;CEST;03:15;03:30;EUR/MWh;-23,08;-23,08
15.09.2025;CEST;03:30;03:45;EUR/MWh;47,91;47,91
15.09.2025;CEST;03:45;04:00;EUR/MWh;22,13;22,13
15.09.2025;CEST;04:00;04:15;EUR/MWh;47,1;47,1
15.09.2025;CEST;04:15;04:30;EUR/MWh;38,59;38,59
15.09.2025;CEST;04:30;04:45;EUR/MWh;51,96;51,96
15.09.2025;CEST;04:45;05:00;EUR/MWh;92,98;92,98
15.09.2025;CEST;05:00;05:15;EUR/MWh;27,51;27,51
15.09.2025;CEST;05:15;05:30;EUR/MWh;43,56;43,56
15.09.2025;CEST;05:30;05:45;EUR/MWh;107,21;107,21
15.09.2025;CEST;05:45;06:00;EUR/MWh;68,11;68,11
15.09.2025;CEST;06:00;06:15;EUR/MWh;-123,96;-123,96
15.09.2025;CEST;06:15;06:30;EUR/MWh;55,74;55,74
15.09.2025;CEST;06:30;06:45;EUR/MWh;59,89;59,89
15.09.2025;CEST;06:45;07:00;EUR/MWh;53,75;53,75
15.09.2025;CEST;07:00;07:15;EUR/MWh;28,01;28,01
15.09.2025;CEST;07:15;07:30;EUR/MWh;17,63;17,63
15.09.2025;CEST;07:30;07:45;EUR/MWh;44,48;44,48
15.09.2025;CEST;07:45;08:00;EUR/MWh;43,34;43,34
15.09.2025;CEST;08:00;08:15;EUR/MWh;75,93;75,93
15.09.2025;CEST;08:15;08:30;EUR/MWh;88,26;88,26
15.09.2025;CEST;08:30;08:45;EUR/MWh;76,76;76,76
15.09.2025;CEST;08:45;09:00;EUR/MWh;0,4;0,4
15.09.2025;CEST;09:00;09:15;EUR/MWh;-1,3;-1,3
15.09.2025;CEST;09:15;09:30;EUR/MWh;7,11;7,11
15.09.2025;CEST;09:30;09:45;EUR/MWh;-25,41;-25,41
15.09.2025;CEST;09:45;10:00;EUR/MWh;-48,83;-48,83
15.09.2025;CEST;10:00;10:15;EUR/MWh;-11,23;-11,23
15.09.2025;CEST;10:15;10:30;EUR/MWh;30,6;30,6
15.09.2025;CEST;10:30;10:45;EUR/MWh;-12,14;-12,14
15.09.2025;CEST;10:45;11:00;EUR/MWh;-9,17;-9,17
15.09.2025;CEST;11:00;11:15;EUR/MWh;111,65;111,65
15.09.2025;CEST;11:15;11:30;EUR/MWh;84,06;84,06
15.09.2025;CEST;11:30;11:45;EUR/MWh;84,69;84,69
15.09.2025;CEST;11:45;12:00;EUR/MWh;-37,27;-37,27
15.09.2025;CEST;12:00;12:15;EUR/MWh;-45,28;-45,28
15.09.2025;CEST;12:15;12:30;EUR/MWh;11,91;11,91
15.09.2025;CEST;12:30;12:45;EUR/MWh;57,49;57,49
15.09.2025;CEST;12:45;13:00;EUR/MWh;-30,99;-30,99
15.09.2025;CEST;13:00;13:15;EUR/MWh;-53,82;-53,82
15.09.2025;CEST;13:15;13:30;EUR/MWh;-82,11;-82,11
15.09.2025;CEST;13:30;13:45;EUR/MWh;-31,55;-31,55
15.09.2025;CEST;13:45;14:00;EUR/MWh;-33,6;-33,6
15.09.2025;CEST;14:00;14:15;EUR/MWh;-8,1;-8,1
15.09.2025;CEST;14:15;14:30;EUR/MWh;3,44;3,44
15.09.2025;CEST;14:30;14:45;EUR/MWh;-32,75;-32,75
15.09.2025;CEST;14:45;15:00;EUR/MWh;-29,42;-29,42
15.09.2025;CEST;15:00;15:15;EUR/MWh;-38,36;-38,36
15.09.2025;CEST;15:15;15:30;EUR/MWh;-17,05;-17,05
15.09.2025;CEST;15:30;15:45;EUR/MWh;-25,9;-25,9
15.09.2025;CEST;15:45;16:00;EUR/MWh;10,32;10,32
15.09.2025;CEST;16:00;16:15;EUR/MWh;-51,39;-51,39
15.09.2025;CEST;16:15;16:30;EUR/MWh;-14,52;-14,52
15.09.2025;CEST;16:30;16:45;EUR/MWh;125,01;125,01
15.09.2025;CEST;16:45;17:00;EUR/MWh;63,6;63,6
15.09.2025;CEST;17:00;17:15;EUR/MWh;79,95;79,95
15.09.2025;CEST;17:15;17:30;EUR/MWh;-58,8;-58,8
15.09.2025;CEST;17:30;17:45;EUR/MWh;102,96;102,96
15.09.2025;CEST;17:45;18:00;EUR/MWh;106,01;106,01
15.09.2025;CEST;18:00;18:15;EUR/MWh;99,94;99,94
15.09.2025;CEST;18:15;18:30;EUR/MWh;104,72;104,72
15.09.2025;CEST;18:30;18:45;EUR/MWh;180,5;180,5
15.09.2025;CEST;18:45;19:00;EUR/MWh;218,47;218,47
15.09.2025;CEST;19:00;19:15;EUR/MWh;38,28;38,28
15.09.2025;CEST;19:15;19:30;EUR/MWh;23,33;23,33
15.09.2025;CEST;19:30;19:45;EUR/MWh;17,3;17,3
15.09.2025;CEST;19:45;20:00;EUR/MWh;13,99;13,99
15.09.2025;CEST;20:00;20:15;EUR/MWh;64,95;64,95
15.09.2025;CEST;20:15;20:30;EUR/MWh;102,77;102,77
15.09.2025;CEST;20:30;20:45;EUR/MWh;53,27;53,27
15.09.2025;CEST;20:45;21:00;EUR/MWh;118,9;118,9
15.09.2025;CEST;21:00;21:15;EUR/MWh;195,16;195,16
15.09.2025;CEST;21:15;21:30;EUR/MWh;20,04;20,04
15.09.2025;CEST;21:30;21:45;EUR/MWh;-1,7;-1,7
15.09.2025;CEST;21:45;22:00;EUR/MWh;-14,47;-14,47
15.09.2025;CEST;22:00;22:15;EUR/MWh;19,58;19,58
15.09.2025;CEST;22:15;22:30;EUR/MWh;-1,46;-1,46
15.09.2025;CEST;22:30;22:45;EUR/MWh;0,84;0,84
15.09.2025;CEST;22:45;23:00;EUR/MWh;-4,12;-4,12
15.09.2025;CEST;23:00;23:15;EUR/MWh;53,43;53,43
15.09.2025;CEST;23:15;23:30;EUR/MWh;23,7;23,7
15.09.2025;CEST;23:30;23:45;EUR/MWh;-1,53;-1,53
15.09.2025;CEST;23:45;00:00;EUR/MWh;10;10
16.09.2025;CEST;00:00;00:15;EUR/MWh;-24,92;-24,92
16.09.2025;CEST;00:15;00:30;EUR/MWh;4,28;4,28
16.09.2025;CEST;00:30;00:45;EUR/MWh;-0,37;-0,37
16.09.2025;CEST;00:45;01:00;EUR/MWh;-41,42;-41,42
16.09.2025;CEST;01:00;01:15;EUR/MWh;-28,1;-28,1
16.09.2025;CEST;01:15;01:30;EUR/MWh;3,49;3,49
16.09.2025;CEST;01:30;01:45;EUR/MWh;-8,59;-8,59
16.09.2025;CEST;01:45;02:00;EUR/MWh;31,15;31,15
16.09.2025;CEST;02:00;02:15;EUR/MWh;143,74;143,74
16.09.2025;CEST;02:15;02:30;EUR/MWh;-4,2;-4,2
16.09.2025;CEST;02:30;02:45;EUR/MWh;3,71;3,71
16.09.2025;CEST;02:45;03:00;EUR/MWh;-20,1;-20,1
16.09.2025;CEST;03:00;03:15;EUR/MWh;-27,95;-27,95
16.09.2025;CEST;03:15;03:30;EUR/MWh;-22,06;-22,06
16.09.2025;CEST;03:30;03:45;EUR/MWh;9,05;9,05
16.09.2025;CEST;03:45;04:00;EUR/MWh;4,52;4,52
16.09.2025;CEST;04:00;04:15;EUR/MWh;4,58;4,58
16.09.2025;CEST;04:15;04:30;EUR/MWh;6,21;6,21
16.09.2025;CEST;04:30;04:45;EUR/MWh;-17,59;-17,59
16.09.2025;CEST;04:45;05:00;EUR/MWh;-23,34;-23,34
16.09.2025;CEST;05:00;05:15;EUR/MWh;-3,97;-3,97
16.09.2025;CEST;05:15;05:30;EUR/MWh;-0,47;-0,47
16.09.2025;CEST;05:30;05:45;EUR/MWh;73,39;73,39
16.09.2025;CEST;05:45;06:00;EUR/MWh;108,84;108,84
16.09.2025;CEST;06:00;06:15;EUR/MWh;80,91;80,91
16.09.2025;CEST;06:15;06:30;EUR/MWh;82,98;82,98
16.09.2025;CEST;06:30;06:45;EUR/MWh;97,31;97,31
16.09.2025;CEST;06:45;07:00;EUR/MWh;102,18;102,18
16.09.2025;CEST;07:00;07:15;EUR/MWh;197,44;197,44
16.09.2025;CEST;07:15;07:30;EUR/MWh;166,96;166,96
16.09.2025;CEST;07:30;07:45;EUR/MWh;187,08;187,08
16.09.2025;CEST;07:45;08:00;EUR/MWh;208,18;208,18
16.09.2025;CEST;08:00;08:15;EUR/MWh;208,1;208,1
16.09.2025;CEST;08:15;08:30;EUR/MWh;181,9;181,9
16.09.2025;CEST;08:30;08:45;EUR/MWh;133,48;133,48
16.09.2025;CEST;08:45;09:00;EUR/MWh;119,3;119,3
16.09.2025;CEST;09:00;09:15;EUR/MWh;-16,41;-16,41
16.09.2025;CEST;09:15;09:30;EUR/MWh;47,53;47,53
16.09.2025;CEST;09:30;09:45;EUR/MWh;49,15;49,15
16.09.2025;CEST;09:45;10:00;EUR/MWh;12,51;12,51
16.09.2025;CEST;10:00;10:15;EUR/MWh;115,37;115,37
16.09.2025;CEST;10:15;10:30;EUR/MWh;-246,75;-246,75
16.09.2025;CEST;10:30;10:45;EUR/MWh;101,9;101,9
16.09.2025;CEST;10:45;11:00;EUR/MWh;-56,27;-56,27
16.09.2025;CEST;11:00;11:15;EUR/MWh;9,72;9,72
16.09.2025;CEST;11:15;11:30;EUR/MWh;-17,23;-17,23
16.09.2025;CEST;11:30;11:45;EUR/MWh;5,38;5,38
16.09.2025;CEST;11:45;12:00;EUR/MWh;7,88;7,88
16.09.2025;CEST;12:00;12:15;EUR/MWh;56,98;56,98
16.09.2025;CEST;12:15;12:30;EUR/MWh;-7,03;-7,03
16.09.2025;CEST;12:30;12:45;EUR/MWh;-6,11;-6,11
16.09.2025;CEST;12:45;13:00;EUR/MWh;3,08;3,08
16.09.2025;CEST;13:00;13:15;EUR/MWh;-62,76;-62,76
16.09.2025;CEST;13:15;13:30;EUR/MWh;-6,41;-6,41
16.09.2025;CEST;13:30;13:45;EUR/MWh;-3,21;-3,21
16.09.2025;CEST;13:45;14:00;EUR/MWh;-7,96;-7,96
16.09.2025;CEST;14:00;14:15;EUR/MWh;53,04;53,04
16.09.2025;CEST;14:15;14:30;EUR/MWh;78,89;78,89
16.09.2025;CEST;14:30;14:45;EUR/MWh;-23,67;-23,67
16.09.2025;CEST;14:45;15:00;EUR/MWh;-71,04;-71,04
16.09.2025;CEST;15:00;15:15;EUR/MWh;68,16;68,16
16.09.2025;CEST;15:15;15:30;EUR/MWh;1,75;1,75
16.09.2025;CEST;15:30;15:45;EUR/MWh;2,25;2,25
16.09.2025;CEST;15:45;16:00;EUR/MWh;-17,11;-17,11
16.09.2025;CEST;16:00;16:15;EUR/MWh;95,77;95,77
16.09.2025;CEST;16:15;16:30;EUR/MWh;58,9;58,9
16.09.2025;CEST;16:30;16:45;EUR/MWh;97,6;97,6
16.09.2025;CEST;16:45;17:00;EUR/MWh;102,03;102,03
16.09.2025;CEST;17:00;17:15;EUR/MWh;134,72;134,72
16.09.2025;CEST;17:15;17:30;EUR/MWh;216,34;216,34
16.09.2025;CEST;17:30;17:45;EUR/MWh;160,48;160,48
16.09.2025;CEST;17:45;18:00;EUR/MWh;201,5;201,5
16.09.2025;CEST;18:00;18:15;EUR/MWh;117,94;117,94
16.09.2025;CEST;18:15;18:30;EUR/MWh;255,18;255,18
16.09.2025;CEST;18:30;18:45;EUR/MWh;156,85;156,85
16.09.2025;CEST;18:45;19:00;EUR/MWh;16,29;16,29
16.09.2025;CEST;19:00;19:15;EUR/MWh;13,79;13,79
16.09.2025;CEST;19:15;19:30;EUR/MWh;27,05;27,05
16.09.2025;CEST;19:30;19:45;EUR/MWh;40,05;40,05
16.09.2025;CEST;19:45;20:00;EUR/MWh;25,41;25,41
16.09.2025;CEST;20:00;20:15;EUR/MWh;20,02;20,02
16.09.2025;CEST;20:15;20:30;EUR/MWh;6,14;6,14
16.09.2025;CEST;20:30;20:45;EUR/MWh;51,69;51,69
16.09.2025;CEST;20:45;21:00;EUR/MWh;33,29;33,29
16.09.2025;CEST;21:00;21:15;EUR/MWh;6,35;6,35
16.09.2025;CEST;21:15;21:30;EUR/MWh;3,38;3,38
16.09.2025;CEST;21:30;21:45;EUR/MWh;-78,86;-78,86
16.09.2025;CEST;21:45;22:00;EUR/MWh;-15,28;-15,28
16.09.2025;CEST;22:00;22:15;EUR/MWh;99,88;99,88
16.09.2025;CEST;22:15;22:30;EUR/MWh;74,22;74,22
16.09.2025;CEST;22:30;22:45;EUR/MWh;73,64;73,64
16.09.2025;CEST;22:45;23:00;EUR/MWh;75,85;75,85
16.09.2025;CEST;23:00;23:15;EUR/MWh;140,5;140,5
16.09.2025;CEST;23:15;23:30;EUR/MWh;118,88;118,88
16.09.2025;CEST;23:30;23:45;EUR/MWh;111,98;111,98
16.09.2025;CEST;23:45;00:00;EUR/MWh;89,28;89,28
17.09.2025;CEST;00:00;00:15;EUR/MWh;124,92;124,92
17.09.2025;CEST;00:15;00:30;EUR/MWh;128,47;128,47
17.09.2025;CEST;00:30;00:45;EUR/MWh;101,46;101,46
17.09.2025;CEST;00:45;01:00;EUR/MWh;89,28;89,28
17.09.2025;CEST;01:00;01:15;EUR/MWh;125,27;125,27
17.09.2025;CEST;01:15;01:30;EUR/MWh;154,26;154,26
17.09.2025;CEST;01:30;01:45;EUR/MWh;118,43;118,43
17.09.2025;CEST;01:45;02:00;EUR/MWh;17,67;17,67
17.09.2025;CEST;02:00;02:15;EUR/MWh;94,45;94,45
17.09.2025;CEST;02:15;02:30;EUR/MWh;76,8;76,8
17.09.2025;CEST;02:30;02:45;EUR/MWh;84,56;84,56
17.09.2025;CEST;02:45;03:00;EUR/MWh;91,56;91,56
17.09.2025;CEST;03:00;03:15;EUR/MWh;80,22;80,22
17.09.2025;CEST;03:15;03:30;EUR/MWh;85,81;85,81
17.09.2025;CEST;03:30;03:45;EUR/MWh;104,98;104,98
17.09.2025;CEST;03:45;04:00;EUR/MWh;115,26;115,26
17.09.2025;CEST;04:00;04:15;EUR/MWh;32,57;32,57
17.09.2025;CEST;04:15;04:30;EUR/MWh;44,73;44,73
17.09.2025;CEST;04:30;04:45;EUR/MWh;88,44;88,44
17.09.2025;CEST;04:45;05:00;EUR/MWh;79,85;79,85
17.09.2025;CEST;05:00;05:15;EUR/MWh;25,9;25,9
17.09.2025;CEST;05:15;05:30;EUR/MWh;12,55;12,55
17.09.2025;CEST;05:30;05:45;EUR/MWh;12,73;12,73
17.09.2025;CEST;05:45;06:00;EUR/MWh;-8,65;-8,65
17.09.2025;CEST;06:00;06:15;EUR/MWh;-54,68;-54,68
17.09.2025;CEST;06:15;06:30;EUR/MWh;162,1;162,1
17.09.2025;CEST;06:30;06:45;EUR/MWh;156,5;156,5
17.09.2025;CEST;06:45;07:00;EUR/MWh;112,64;112,64
17.09.2025;CEST;07:00;07:15;EUR/MWh;104,03;104,03
17.09.2025;CEST;07:15;07:30;EUR/MWh;135,54;135,54
17.09.2025;CEST;07:30;07:45;EUR/MWh;136,4;136,4
17.09.2025;CEST;07:45;08:00;EUR/MWh;147,38;147,38
17.09.2025;CEST;08:00;08:15;EUR/MWh;235,51;235,51
17.09.2025;CEST;08:15;08:30;EUR/MWh;123,64;123,64
17.09.2025;CEST;08:30;08:45;EUR/MWh;36,03;36,03
17.09.2025;CEST;08:45;09:00;EUR/MWh;135,86;135,86
17.09.2025;CEST;09:00;09:15;EUR/MWh;33,1;33,1
17.09.2025;CEST;09:15;09:30;EUR/MWh;86,75;86,75
17.09.2025;CEST;09:30;09:45;EUR/MWh;54,01;54,01
17.09.2025;CEST;09:45;10:00;EUR/MWh;95,51;95,51
17.09.2025;CEST;10:00;10:15;EUR/MWh;97,32;97,32
17.09.2025;CEST;10:15;10:30;EUR/MWh;24,4;24,4
17.09.2025;CEST;10:30;10:45;EUR/MWh;24,9;24,9
17.09.2025;CEST;10:45;11:00;EUR/MWh;19,99;19,99
17.09.2025;CEST;11:00;11:15;EUR/MWh;6;6
17.09.2025;CEST;11:15;11:30;EUR/MWh;3,39;3,39
17.09.2025;CEST;11:30;11:45;EUR/MWh;17,23;17,23
17.09.2025;CEST;11:45;12:00;EUR/MWh;-12,72;-12,72
17.09.2025;CEST;12:00;12:15;EUR/MWh;-26,18;-26,18
17.09.2025;CEST;12:15;12:30;EUR/MWh;-111,93;-111,93
17.09.2025;CEST;12:30;12:45;EUR/MWh;-30,54;-30,54
17.09.2025;CEST;12:45;13:00;EUR/MWh;-13,18;-13,18
17.09.2025;CEST;13:00;13:15;EUR/MWh;93,11;93,11
17.09.2025;CEST;13:15;13:30;EUR/MWh;78,37;78,37
17.09.2025;CEST;13:30;13:45;EUR/MWh;-34,89;-34,89
17.09.2025;CEST;13:45;14:00;EUR/MWh;3,02;3,02
17.09.2025;CEST;14:00;14:15;EUR/MWh;16,61;16,61
17.09.2025;CEST;14:15;14:30;EUR/MWh;14,06;14,06
17.09.2025;CEST;14:30;14:45;EUR/MWh;37,52;37,52
17.09.2025;CEST;14:45;15:00;EUR/MWh;91,67;91,67
17.09.2025;CEST;15:00;15:15;EUR/MWh;69,44;69,44
17.09.2025;CEST;15:15;15:30;EUR/MWh;125,21;125,21
17.09.2025;CEST;15:30;15:45;EUR/MWh;9,37;9,37
17.09.2025;CEST;15:45;16:00;EUR/MWh;37,29;37,29
17.09.2025;CEST;16:00;16:15;EUR/MWh;49,93;49,93
17.09.2025;CEST;16:15;16:30;EUR/MWh;52,66;52,66
17.09.2025;CEST;16:30;16:45;EUR/MWh;58,38;58,38
17.09.2025;CEST;16:45;17:00;EUR/MWh;74,1;74,1
17.09.2025;CEST;17:00;17:15;EUR/MWh;87,72;87,72
17.09.2025;CEST;17:15;17:30;EUR/MWh;134,38;134,38
17.09.2025;CEST;17:30;17:45;EUR/MWh;128,75;128,75
17.09.2025;CEST;17:45;18:00;EUR/MWh;95,41;95,41
17.09.2025;CEST;18:00;18:15;EUR/MWh;69,33;69,33
17.09.2025;CEST;18:15;18:30;EUR/MWh;176,44;176,44
17.09.2025;CEST;18:30;18:45;EUR/MWh;281,72;281,72
17.09.2025;CEST;18:45;19:00;EUR/MWh;314,92;314,92
17.09.2025;CEST;19:00;19:15;EUR/MWh;264,55;264,55
17.09.2025;CEST;19:15;19:30;EUR/MWh;675,15;675,15
17.09.2025;CEST;19:30;19:45;EUR/MWh;932,86;932,86
17.09.2025;CEST;19:45;20:00;EUR/MWh;1225,08;1225,08
17.09.2025;CEST;20:00;20:15;EUR/MWh;88,7;88,7
17.09.2025;CEST;20:15;20:30;EUR/MWh;76,64;76,64
17.09.2025;CEST;20:30;20:45;EUR/MWh;60,72;60,72
17.09.2025;CEST;20:45;21:00;EUR/MWh;55,35;55,35
17.09.2025;CEST;21:00;21:15;EUR/MWh;71,66;71,66
17.09.2025;CEST;21:15;21:30;EUR/MWh;65,6;65,6
17.09.2025;CEST;21:30;21:45;EUR/MWh;66,98;66,98
17.09.2025;CEST;21:45;22:00;EUR/MWh;53,1;53,1
17.09.2025;CEST;22:00;22:15;EUR/MWh;32,35;32,35
17.09.2025;CEST;22:15;22:30;EUR/MWh;-11,45;-11,45
17.09.2025;CEST;22:30;22:45;EUR/MWh;32,04;32,04
17.09.2025;CEST;22:45;23:00;EUR/MWh;-8,86;-8,86
17.09.2025;CEST;23:00;23:15;EUR/MWh;39,65;39,65
17.09.2025;CEST;23:15;23:30;EUR/MWh;30,66;30,66
17.09.2025;CEST;23:30;23:45;EUR/MWh;14,17;14,17
17.09.2025;CEST;23:45;00:00;EUR/MWh;-1,62;-1,62
18.09.2025;CEST;00:00;00:15;EUR/MWh;45,99;45,99
18.09.2025;CEST;00:15;00:30;EUR/MWh;39,44;39,44
18.09.2025;CEST;00:30;00:45;EUR/MWh;47,88;47,88
18.09.2025;CEST;00:45;01:00;EUR/MWh;20,57;20,57
18.09.2025;CEST;01:00;01:15;EUR/MWh;26,59;26,59
18.09.2025;CEST;01:15;01:30;EUR/MWh;-1,58;-1,58
18.09.2025;CEST;01:30;01:45;EUR/MWh;3,41;3,41
18.09.2025;CEST;01:45;02:00;EUR/MWh;-11,47;-11,47
18.09.2025;CEST;02:00;02:15;EUR/MWh;-111,33;-111,33
18.09.2025;CEST;02:15;02:30;EUR/MWh;-152,65;-152,65
18.09.2025;CEST;02:30;02:45;EUR/MWh;-9,24;-9,24
18.09.2025;CEST;02:45;03:00;EUR/MWh;-15,82;-15,82
18.09.2025;CEST;03:00;03:15;EUR/MWh;-7,5;-7,5
18.09.2025;CEST;03:15;03:30;EUR/MWh;-5,48;-5,48
18.09.2025;CEST;03:30;03:45;EUR/MWh;-9,31;-9,31
18.09.2025;CEST;03:45;04:00;EUR/MWh;45,01;45,01
18.09.2025;CEST;04:00;04:15;EUR/MWh;38,57;38,57
18.09.2025;CEST;04:15;04:30;EUR/MWh;34,67;34,67
18.09.2025;CEST;04:30;04:45;EUR/MWh;13,27;13,27
18.09.2025;CEST;04:45;05:00;EUR/MWh;88,64;88,64
18.09.2025;CEST;05:00;05:15;EUR/MWh;101,23;101,23
18.09.2025;CEST;05:15;05:30;EUR/MWh;100,58;100,58
18.09.2025;CEST;05:30;05:45;EUR/MWh;90,04;90,04
18.09.2025;CEST;05:45;06:00;EUR/MWh;136,76;136,76
18.09.2025;CEST;06:00;06:15;EUR/MWh;42,12;42,12
18.09.2025;CEST;06:15;06:30;EUR/MWh;33,28;33,28
18.09.2025;CEST;06:30;06:45;EUR/MWh;67,6;67,6
18.09.2025;CEST;06:45;07:00;EUR/MWh;72,83;72,83
18.09.2025;CEST;07:00;07:15;EUR/MWh;99,64;99,64
18.09.2025;CEST;07:15;07:30;EUR/MWh;82,94;82,94
18.09.2025;CEST;07:30;07:45;EUR/MWh;42,75;42,75
18.09.2025;CEST;07:45;08:00;EUR/MWh;61,7;61,7
18.09.2025;CEST;08:00;08:15;EUR/MWh;74,55;74,55
18.09.2025;CEST;08:15;08:30;EUR/MWh;108,82;108,82
18.09.2025;CEST;08:30;08:45;EUR/MWh;128,11;128,11
18.09.2025;CEST;08:45;09:00;EUR/MWh;113,66;113,66
18.09.2025;CEST;09:00;09:15;EUR/MWh;59,88;59,88
18.09.2025;CEST;09:15;09:30;EUR/MWh;68,02;68,02
18.09.2025;CEST;09:30;09:45;EUR/MWh;96,77;96,77
18.09.2025;CEST;09:45;10:00;EUR/MWh;12,5;12,5
18.09.2025;CEST;10:00;10:15;EUR/MWh;33,13;33,13
18.09.2025;CEST;10:15;10:30;EUR/MWh;20,82;20,82
18.09.2025;CEST;10:30;10:45;EUR/MWh;0,91;0,91
18.09.2025;CEST;10:45;11:00;EUR/MWh;-7,35;-7,35
18.09.2025;CEST;11:00;11:15;EUR/MWh;23,74;23,74
18.09.2025;CEST;11:15;11:30;EUR/MWh;111,64;111,64
18.09.2025;CEST;11:30;11:45;EUR/MWh;-15,94;-15,94
18.09.2025;CEST;11:45;12:00;EUR/MWh;-28,5;-28,5
18.09.2025;CEST;12:00;12:15;EUR/MWh;7,95;7,95
18.09.2025;CEST;12:15;12:30;EUR/MWh;-2,2;-2,2
18.09.2025;CEST;12:30;12:45;EUR/MWh;-9,26;-9,26
18.09.2025;CEST;12:45;13:00;EUR/MWh;-27,26;-27,26
18.09.2025;CEST;13:00;13:15;EUR/MWh;-75,99;-75,99
18.09.2025;CEST;13:15;13:30;EUR/MWh;-38,31;-38,31
18.09.2025;CEST;13:30;13:45;EUR/MWh;-33,44;-33,44
18.09.2025;CEST;13:45;14:00;EUR/MWh;-99,47;-99,47
18.09.2025;CEST;14:00;14:15;EUR/MWh;-29,27;-29,27
18.09.2025;CEST;14:15;14:30;EUR/MWh;32,67;32,67
18.09.2025;CEST;14:30;14:45;EUR/MWh;50,29;50,29
18.09.2025;CEST;14:45;15:00;EUR/MWh;-31,01;-31,01
18.09.2025;CEST;15:00;15:15;EUR/MWh;-31,77;-31,77
18.09.2025;CEST;15:15;15:30;EUR/MWh;-22,51;-22,51
18.09.2025;CEST;15:30;15:45;EUR/MWh;-5,19;-5,19
18.09.2025;CEST;15:45;16:00;EUR/MWh;-0,47;-0,47
18.09.2025;CEST;16:00;16:15;EUR/MWh;-29,1;-29,1
18.09.2025;CEST;16:15;16:30;EUR/MWh;97,26;97,26
18.09.2025;CEST;16:30;16:45;EUR/MWh;99,48;99,48
18.09.2025;CEST;16:45;17:00;EUR/MWh;-5,57;-5,57
18.09.2025;CEST;17:00;17:15;EUR/MWh;-16,89;-16,89
18.09.2025;CEST;17:15;17:30;EUR/MWh;-16,38;-16,38
18.09.2025;CEST;17:30;17:45;EUR/MWh;-56,53;-56,53
18.09.2025;CEST;17:45;18:00;EUR/MWh;14,28;14,28
18.09.2025;CEST;18:00;18:15;EUR/MWh;18,39;18,39
18.09.2025;CEST;18:15;18:30;EUR/MWh;240,51;240,51
18.09.2025;CEST;18:30;18:45;EUR/MWh;202,96;202,96
18.09.2025;CEST;18:45;19:00;EUR/MWh;184,08;184,08
18.09.2025;CEST;19:00;19:15;EUR/MWh;99,08;99,08
18.09.2025;CEST;19:15;19:30;EUR/MWh;102,39;102,39
18.09.2025;CEST;19:30;19:45;EUR/MWh;126,39;126,39
18.09.2025;CEST;19:45;20:00;EUR/MWh;126,56;126,56
18.09.2025;CEST;20:00;20:15;EUR/MWh;175,91;175,91
18.09.2025;CEST;20:15;20:30;EUR/MWh;166,61;166,61
18.09.2025;CEST;20:30;20:45;EUR/MWh;129,97;129,97
18.09.2025;CEST;20:45;21:00;EUR/MWh;146,76;146,76
18.09.2025;CEST;21:00;21:15;EUR/MWh;150,1;150,1
18.09.2025;CEST;21:15;21:30;EUR/MWh;141,34;141,34
18.09.2025;CEST;21:30;21:45;EUR/MWh;156,79;156,79
18.09.2025;CEST;21:45;22:00;EUR/MWh;139,86;139,86
18.09.2025;CEST;22:00;22:15;EUR/MWh;171,86;171,86
18.09.2025;CEST;22:15;22:30;EUR/MWh;163,3;163,3
18.09.2025;CEST;22:30;22:45;EUR/MWh;156,43;156,43
18.09.2025;CEST;22:45;23:00;EUR/MWh;145,53;145,53
18.09.2025;CEST;23:00;23:15;EUR/MWh;142,71;142,71
18.09.2025;CEST;23:15;23:30;EUR/MWh;64,84;64,84
18.09.2025;CEST;23:30;23:45;EUR/MWh;68,15;68,15
18.09.2025;CEST;23:45;00:00;EUR/MWh;67,07;67,07
19.09.2025;CEST;00:00;00:15;EUR/MWh;95,98;95,98
19.09.2025;CEST;00:15;00:30;EUR/MWh;112,01;112,01
19.09.2025;CEST;00:30;00:45;EUR/MWh;112,31;112,31
19.09.2025;CEST;00:45;01:00;EUR/MWh;106,4;106,4
19.09.2025;CEST;01:00;01:15;EUR/MWh;112,95;112,95
19.09.2025;CEST;01:15;01:30;EUR/MWh;96,51;96,51
19.09.2025;CEST;01:30;01:45;EUR/MWh;112,75;112,75
19.09.2025;CEST;01:45;02:00;EUR/MWh;102,38;102,38
19.09.2025;CEST;02:00;02:15;EUR/MWh;93,34;93,34
19.09.2025;CEST;02:15;02:30;EUR/MWh;107,89;107,89
19.09.2025;CEST;02:30;02:45;EUR/MWh;130,43;130,43
19.09.2025;CEST;02:45;03:00;EUR/MWh;122,57;122,57
19.09.2025;CEST;03:00;03:15;EUR/MWh;113,49;113,49
19.09.2025;CEST;03:15;03:30;EUR/MWh;121,83;121,83
19.09.2025;CEST;03:30;03:45;EUR/MWh;137,77;137,77
19.09.2025;CEST;03:45;04:00;EUR/MWh;110,42;110,42
19.09.2025;CEST;04:00;04:15;EUR/MWh;79,13;79,13
19.09.2025;CEST;04:15;04:30;EUR/MWh;83,3;83,3
19.09.2025;CEST;04:30;04:45;EUR/MWh;84,6;84,6
19.09.2025;CEST;04:45;05:00;EUR/MWh;83,79;83,79
19.09.2025;CEST;05:00;05:15;EUR/MWh;79,26;79,26
19.09.2025;CEST;05:15;05:30;EUR/MWh;74,71;74,71
19.09.2025;CEST;05:30;05:45;EUR/MWh;62,03;62,03
19.09.2025;CEST;05:45;06:00;EUR/MWh;44,88;44,88
19.09.2025;CEST;06:00;06:15;EUR/MWh;50,63;50,63
19.09.2025;CEST;06:15;06:30;EUR/MWh;187,65;187,65
19.09.2025;CEST;06:30;06:45;EUR/MWh;180,79;180,79
19.09.2025;CEST;06:45;07:00;EUR/MWh;193,7;193,7
19.09.2025;CEST;07:00;07:15;EUR/MWh;175,2;175,2
19.09.2025;CEST;07:15;07:30;EUR/MWh;194,57;194,57
19.09.2025;CEST;07:30;07:45;EUR/MWh;209,38;209,38
19.09.2025;CEST;07:45;08:00;EUR/MWh;167,41;167,41
19.09.2025;CEST;08:00;08:15;EUR/MWh;100,89;100,89
19.09.2025;CEST;08:15;08:30;EUR/MWh;84,55;84,55
19.09.2025;CEST;08:30;08:45;EUR/MWh;162,57;162,57
19.09.2025;CEST;08:45;09:00;EUR/MWh;72,36;72,36
19.09.2025;CEST;09:00;09:15;EUR/MWh;134,05;134,05
19.09.2025;CEST;09:15;09:30;EUR/MWh;123,15;123,15
19.09.2025;CEST;09:30;09:45;EUR/MWh;109,61;109,61
19.09.2025;CEST;09:45;10:00;EUR/MWh;116,54;116,54
19.09.2025;CEST;10:00;10:15;EUR/MWh;108,12;108,12
19.09.2025;CEST;10:15;10:30;EUR/MWh;75,35;75,35
19.09.2025;CEST;10:30;10:45;EUR/MWh;16,85;16,85
19.09.2025;CEST;10:45;11:00;EUR/MWh;-4,93;-4,93
19.09.2025;CEST;11:00;11:15;EUR/MWh;138,84;138,84
19.09.2025;CEST;11:15;11:30;EUR/MWh;114,14;114,14
19.09.2025;CEST;11:30;11:45;EUR/MWh;12,67;12,67
19.09.2025;CEST;11:45;12:00;EUR/MWh;-17,45;-17,45
19.09.2025;CEST;12:00;12:15;EUR/MWh;25,2;25,2
19.09.2025;CEST;12:15;12:30;EUR/MWh;-13,93;-13,93
19.09.2025;CEST;12:30;12:45;EUR/MWh;-13,45;-13,45
19.09.2025;CEST;12:45;13:00;EUR/MWh;-19,37;-19,37
19.09.2025;CEST;13:00;13:15;EUR/MWh;-6,27;-6,27
19.09.2025;CEST;13:15;13:30;EUR/MWh;-9,02;-9,02
19.09.2025;CEST;13:30;13:45;EUR/MWh;-25,14;-25,14
19.09.2025;CEST;13:45;14:00;EUR/MWh;-28,15;-28,15
19.09.2025;CEST;14:00;14:15;EUR/MWh;-9,49;-9,49
19.09.2025;CEST;14:15;14:30;EUR/MWh;-15,41;-15,41
19.09.2025;CEST;14:30;14:45;EUR/MWh;-5,35;-5,35
19.09.2025;CEST;14:45;15:00;EUR/MWh;-2,81;-2,81
19.09.2025;CEST;15:00;15:15;EUR/MWh;-14,39;-14,39
19.09.2025;CEST;15:15;15:30;EUR/MWh;58,98;58,98
19.09.2025;CEST;15:30;15:45;EUR/MWh;159,97;159,97
19.09.2025;CEST;15:45;16:00;EUR/MWh;179,1;179,1
19.09.2025;CEST;16:00;16:15;EUR/MWh;72,71;72,71
19.09.2025;CEST;16:15;16:30;EUR/MWh;81,88;81,88
19.09.2025;CEST;16:30;16:45;EUR/MWh;77,79;77,79
19.09.2025;CEST;16:45;17:00;EUR/MWh;67,93;67,93
19.09.2025;CEST;17:00;17:15;EUR/MWh;21,8;21,8
19.09.2025;CEST;17:15;17:30;EUR/MWh;38,41;38,41
19.09.2025;CEST;17:30;17:45;EUR/MWh;234,26;234,26
19.09.2025;CEST;17:45;18:00;EUR/MWh;161,38;161,38
19.09.2025;CEST;18:00;18:15;EUR/MWh;40,51;40,51
19.09.2025;CEST;18:15;18:30;EUR/MWh;160,64;160,64
19.09.2025;CEST;18:30;18:45;EUR/MWh;183,34;183,34
19.09.2025;CEST;18:45;19:00;EUR/MWh;244,44;244,44
19.09.2025;CEST;19:00;19:15;EUR/MWh;81,72;81,72
19.09.2025;CEST;19:15;19:30;EUR/MWh;74,14;74,14
19.09.2025;CEST;19:30;19:45;EUR/MWh;139,92;139,92
19.09.2025;CEST;19:45;20:00;EUR/MWh;249,43;249,43
19.09.2025;CEST;20:00;20:15;EUR/MWh;252,83;252,83
19.09.2025;CEST;20:15;20:30;EUR/MWh;308,71;308,71
19.09.2025;CEST;20:30;20:45;EUR/MWh;41,33;41,33
19.09.2025;CEST;20:45;21:00;EUR/MWh;43,41;43,41
19.09.2025;CEST;21:00;21:15;EUR/MWh;93,2;93,2
19.09.2025;CEST;21:15;21:30;EUR/MWh;64,59;64,59
19.09.2025;CEST;21:30;21:45;EUR/MWh;51,04;51,04
19.09.2025;CEST;21:45;22:00;EUR/MWh;31,75;31,75
19.09.2025;CEST;22:00;22:15;EUR/MWh;48,56;48,56
19.09.2025;CEST;22:15;22:30;EUR/MWh;34,82;34,82
19.09.2025;CEST;22:30;22:45;EUR/MWh;52,37;52,37
19.09.2025;CEST;22:45;23:00;EUR/MWh;41,07;41,07
19.09.2025;CEST;23:00;23:15;EUR/MWh;67,42;67,42
19.09.2025;CEST;23:15;23:30;EUR/MWh;41,31;41,31
19.09.2025;CEST;23:30;23:45;EUR/MWh;40,82;40,82
19.09.2025;CEST;23:45;00:00;EUR/MWh;30,76;30,76
20.09.2025;CEST;00:00;00:15;EUR/MWh;108,71;108,71
20.09.2025;CEST;00:15;00:30;EUR/MWh;27,58;27,58
20.09.2025;CEST;00:30;00:45;EUR/MWh;60,36;60,36
20.09.2025;CEST;00:45;01:00;EUR/MWh;49,88;49,88
20.09.2025;CEST;01:00;01:15;EUR/MWh;102,86;102,86
20.09.2025;CEST;01:15;01:30;EUR/MWh;59,32;59,32
20.09.2025;CEST;01:30;01:45;EUR/MWh;46,51;46,51
20.09.2025;CEST;01:45;02:00;EUR/MWh;85,56;85,56
20.09.2025;CEST;02:00;02:15;EUR/MWh;43,73;43,73
20.09.2025;CEST;02:15;02:30;EUR/MWh;19,49;19,49
20.09.2025;CEST;02:30;02:45;EUR/MWh;33,76;33,76
20.09.2025;CEST;02:45;03:00;EUR/MWh;61,51;61,51
20.09.2025;CEST;03:00;03:15;EUR/MWh;82,22;82,22
20.09.2025;CEST;03:15;03:30;EUR/MWh;102,6;102,6
20.09.2025;CEST;03:30;03:45;EUR/MWh;99,87;99,87
20.09.2025;CEST;03:45;04:00;EUR/MWh;90,23;90,23
20.09.2025;CEST;04:00;04:15;EUR/MWh;91,74;91,74
20.09.2025;CEST;04:15;04:30;EUR/MWh;71,27;71,27
20.09.2025;CEST;04:30;04:45;EUR/MWh;90,29;90,29
20.09.2025;CEST;04:45;05:00;EUR/MWh;47,51;47,51
20.09.2025;CEST;05:00;05:15;EUR/MWh;54,87;54,87
20.09.2025;CEST;05:15;05:30;EUR/MWh;25,89;25,89
20.09.2025;CEST;05:30;05:45;EUR/MWh;53,34;53,34
20.09.2025;CEST;05:45;06:00;EUR/MWh;62,41;62,41
20.09.2025;CEST;06:00;06:15;EUR/MWh;37,23;37,23
20.09.2025;CEST;06:15;06:30;EUR/MWh;55,34;55,34
20.09.2025;CEST;06:30;06:45;EUR/MWh;77,53;77,53
20.09.2025;CEST;06:45;07:00;EUR/MWh;67,55;67,55
20.09.2025;CEST;07:00;07:15;EUR/MWh;78,94;78,94
20.09.2025;CEST;07:15;07:30;EUR/MWh;70,33;70,33
20.09.2025;CEST;07:30;07:45;EUR/MWh;66,78;66,78
20.09.2025;CEST;07:45;08:00;EUR/MWh;51,07;51,07
20.09.2025;CEST;08:00;08:15;EUR/MWh;39,91;39,91
20.09.2025;CEST;08:15;08:30;EUR/MWh;31,06;31,06
20.09.2025;CEST;08:30;08:45;EUR/MWh;-4,6;-4,6
20.09.2025;CEST;08:45;09:00;EUR/MWh;23,16;23,16
20.09.2025;CEST;09:00;09:15;EUR/MWh;-7,24;-7,24
20.09.2025;CEST;09:15;09:30;EUR/MWh;42,3;42,3
20.09.2025;CEST;09:30;09:45;EUR/MWh;86,18;86,18
20.09.2025;CEST;09:45;10:00;EUR/MWh;47,82;47,82
20.09.2025;CEST;10:00;10:15;EUR/MWh;169,12;169,12
20.09.2025;CEST;10:15;10:30;EUR/MWh;213,11;213,11
20.09.2025;CEST;10:30;10:45;EUR/MWh;71,49;71,49
20.09.2025;CEST;10:45;11:00;EUR/MWh;8,26;8,26
20.09.2025;CEST;11:00;11:15;EUR/MWh;65,14;65,14
20.09.2025;CEST;11:15;11:30;EUR/MWh;25,51;25,51
20.09.2025;CEST;11:30;11:45;EUR/MWh;4,16;4,16
20.09.2025;CEST;11:45;12:00;EUR/MWh;-2,5;-2,5
20.09.2025;CEST;12:00;12:15;EUR/MWh;9,59;9,59
20.09.2025;CEST;12:15;12:30;EUR/MWh;-3,4;-3,4
20.09.2025;CEST;12:30;12:45;EUR/MWh;34,86;34,86
20.09.2025;CEST;12:45;13:00;EUR/MWh;1,78;1,78
20.09.2025;CEST;13:00;13:15;EUR/MWh;-7,66;-7,66
20.09.2025;CEST;13:15;13:30;EUR/MWh;-4,28;-4,28
20.09.2025;CEST;13:30;13:45;EUR/MWh;-13,58;-13,58
20.09.2025;CEST;13:45;14:00;EUR/MWh;-14,51;-14,51
20.09.2025;CEST;14:00;14:15;EUR/MWh;-8,47;-8,47
20.09.2025;CEST;14:15;14:30;EUR/MWh;20,64;20,64
20.09.2025;CEST;14:30;14:45;EUR/MWh;68,5;68,5
20.09.2025;CEST;14:45;15:00;EUR/MWh;53,63;53,63
20.09.2025;CEST;15:00;15:15;EUR/MWh;25,36;25,36
20.09.2025;CEST;15:15;15:30;EUR/MWh;-7,26;-7,26
20.09.2025;CEST;15:30;15:45;EUR/MWh;-10,55;-10,55
20.09.2025;CEST;15:45;16:00;EUR/MWh;-11,35;-11,35
20.09.2025;CEST;16:00;16:15;EUR/MWh;0;0
20.09.2025;CEST;16:15;16:30;EUR/MWh;160,53;160,53
20.09.2025;CEST;16:30;16:45;EUR/MWh;175,14;175,14
20.09.2025;CEST;16:45;17:00;EUR/MWh;147,61;147,61
20.09.2025;CEST;17:00;17:15;EUR/MWh;85,32;85,32
20.09.2025;CEST;17:15;17:30;EUR/MWh;115,48;115,48
20.09.2025;CEST;17:30;17:45;EUR/MWh;122,69;122,69
20.09.2025;CEST;17:45;18:00;EUR/MWh;217,49;217,49
20.09.2025;CEST;18:00;18:15;EUR/MWh;116,67;116,67
20.09.2025;CEST;18:15;18:30;EUR/MWh;141,78;141,78
20.09.2025;CEST;18:30;18:45;EUR/MWh;324,29;324,29
20.09.2025;CEST;18:45;19:00;EUR/MWh;62,58;62,58
20.09.2025;CEST;19:00;19:15;EUR/MWh;37,78;37,78
20.09.2025;CEST;19:15;19:30;EUR/MWh;35,37;35,37
20.09.2025;CEST;19:30;19:45;EUR/MWh;62,03;62,03
20.09.2025;CEST;19:45;20:00;EUR/MWh;45,22;45,22
20.09.2025;CEST;20:00;20:15;EUR/MWh;111,88;111,88
20.09.2025;CEST;20:15;20:30;EUR/MWh;115,35;115,35
20.09.2025;CEST;20:30;20:45;EUR/MWh;47,57;47,57
20.09.2025;CEST;20:45;21:00;EUR/MWh;54,75;54,75
20.09.2025;CEST;21:00;21:15;EUR/MWh;132,49;132,49
20.09.2025;CEST;21:15;21:30;EUR/MWh;245,43;245,43
20.09.2025;CEST;21:30;21:45;EUR/MWh;165,7;165,7
20.09.2025;CEST;21:45;22:00;EUR/MWh;107,4;107,4
20.09.2025;CEST;22:00;22:15;EUR/MWh;89,54;89,54
20.09.2025;CEST;22:15;22:30;EUR/MWh;64,18;64,18
20.09.2025;CEST;22:30;22:45;EUR/MWh;85,21;85,21
20.09.2025;CEST;22:45;23:00;EUR/MWh;112,23;112,23
20.09.2025;CEST;23:00;23:15;EUR/MWh;155,67;155,67
20.09.2025;CEST;23:15;23:30;EUR/MWh;99,61;99,61
20.09.2025;CEST;23:30;23:45;EUR/MWh;69,04;69,04
20.09.2025;CEST;23:45;00:00;EUR/MWh;104,79;104,79
21.09.2025;CEST;00:00;00:15;EUR/MWh;56,6;56,6
21.09.2025;CEST;00:15;00:30;EUR/MWh;32,39;32,39
21.09.2025;CEST;00:30;00:45;EUR/MWh;10,85;10,85
21.09.2025;CEST;00:45;01:00;EUR/MWh;0,6;0,6
21.09.2025;CEST;01:00;01:15;EUR/MWh;-6,72;-6,72
21.09.2025;CEST;01:15;01:30;EUR/MWh;-5,3;-5,3
21.09.2025;CEST;01:30;01:45;EUR/MWh;-9,67;-9,67
21.09.2025;CEST;01:45;02:00;EUR/MWh;-11,25;-11,25
21.09.2025;CEST;02:00;02:15;EUR/MWh;31,88;31,88
21.09.2025;CEST;02:15;02:30;EUR/MWh;34,06;34,06
21.09.2025;CEST;02:30;02:45;EUR/MWh;45,59;45,59
21.09.2025;CEST;02:45;03:00;EUR/MWh;65,46;65,46
21.09.2025;CEST;03:00;03:15;EUR/MWh;127,93;127,93
21.09.2025;CEST;03:15;03:30;EUR/MWh;162,71;162,71
21.09.2025;CEST;03:30;03:45;EUR/MWh;239,45;239,45
21.09.2025;CEST;03:45;04:00;EUR/MWh;13,52;13,52
21.09.2025;CEST;04:00;04:15;EUR/MWh;28,08;28,08
21.09.2025;CEST;04:15;04:30;EUR/MWh;7,77;7,77
21.09.2025;CEST;04:30;04:45;EUR/MWh;1,28;1,28
21.09.2025;CEST;04:45;05:00;EUR/MWh;7,16;7,16
21.09.2025;CEST;05:00;05:15;EUR/MWh;89,18;89,18
21.09.2025;CEST;05:15;05:30;EUR/MWh;128,46;128,46
21.09.2025;CEST;05:30;05:45;EUR/MWh;7,9;7,9
21.09.2025;CEST;05:45;06:00;EUR/MWh;3,55;3,55
21.09.2025;CEST;06:00;06:15;EUR/MWh;0,9;0,9
21.09.2025;CEST;06:15;06:30;EUR/MWh;6,08;6,08
21.09.2025;CEST;06:30;06:45;EUR/MWh;19,55;19,55
21.09.2025;CEST;06:45;07:00;EUR/MWh;3,43;3,43
21.09.2025;CEST;07:00;07:15;EUR/MWh;43,14;43,14
21.09.2025;CEST;07:15;07:30;EUR/MWh;-44,12;-44,12
21.09.2025;CEST;07:30;07:45;EUR/MWh;-121,94;-121,94
21.09.2025;CEST;07:45;08:00;EUR/MWh;-150,8;-150,8
21.09.2025;CEST;08:00;08:15;EUR/MWh;-13,56;-13,56
21.09.2025;CEST;08:15;08:30;EUR/MWh;-18,11;-18,11
21.09.2025;CEST;08:30;08:45;EUR/MWh;-64,56;-64,56
21.09.2025;CEST;08:45;09:00;EUR/MWh;-22,98;-22,98
21.09.2025;CEST;09:00;09:15;EUR/MWh;-7,23;-7,23
21.09.2025;CEST;09:15;09:30;EUR/MWh;-6,93;-6,93
21.09.2025;CEST;09:30;09:45;EUR/MWh;-4,53;-4,53
21.09.2025;CEST;09:45;10:00;EUR/MWh;-12,44;-12,44
21.09.2025;CEST;10:00;10:15;EUR/MWh;-29,45;-29,45
21.09.2025;CEST;10:15;10:30;EUR/MWh;-43;-43
21.09.2025;CEST;10:30;10:45;EUR/MWh;-35,21;-35,21
21.09.2025;CEST;10:45;11:00;EUR/MWh;-64,54;-64,54
21.09.2025;CEST;11:00;11:15;EUR/MWh;-36,17;-36,17
21.09.2025;CEST;11:15;11:30;EUR/MWh;-40,75;-40,75
21.09.2025;CEST;11:30;11:45;EUR/MWh;-55,76;-55,76
21.09.2025;CEST;11:45;12:00;EUR/MWh;-65,44;-65,44
21.09.2025;CEST;12:00;12:15;EUR/MWh;-45,62;-45,62
21.09.2025;CEST;12:15;12:30;EUR/MWh;-45,24;-45,24
21.09.2025;CEST;12:30;12:45;EUR/MWh;-88,14;-88,14
21.09.2025;CEST;12:45;13:00;EUR/MWh;-72,19;-72,19
21.09.2025;CEST;13:00;13:15;EUR/MWh;-40,36;-40,36
21.09.2025;CEST;13:15;13:30;EUR/MWh;-68,05;-68,05
21.09.2025;CEST;13:30;13:45;EUR/MWh;-46,5;-46,5
21.09.2025;CEST;13:45;14:00;EUR/MWh;-22,63;-22,63
21.09.2025;CEST;14:00;14:15;EUR/MWh;-2,5;-2,5
21.09.2025;CEST;14:15;14:30;EUR/MWh;-53,56;-53,56
21.09.2025;CEST;14:30;14:45;EUR/MWh;-43,28;-43,28
21.09.2025;CEST;14:45;15:00;EUR/MWh;-28,47;-28,47
21.09.2025;CEST;15:00;15:15;EUR/MWh;21,25;21,25
21.09.2025;CEST;15:15;15:30;EUR/MWh;21,38;21,38
21.09.2025;CEST;15:30;15:45;EUR/MWh;47,71;47,71
21.09.2025;CEST;15:45;16:00;EUR/MWh;32,73;32,73
21.09.2025;CEST;16:00;16:15;EUR/MWh;83,56;83,56
21.09.2025;CEST;16:15;16:30;EUR/MWh;87,31;87,31
21.09.2025;CEST;16:30;16:45;EUR/MWh;174,05;174,05
21.09.2025;CEST;16:45;17:00;EUR/MWh;273,73;273,73
21.09.2025;CEST;17:00;17:15;EUR/MWh;97,51;97,51
21.09.2025;CEST;17:15;17:30;EUR/MWh;116,42;116,42
21.09.2025;CEST;17:30;17:45;EUR/MWh;54,8;54,8
21.09.2025;CEST;17:45;18:00;EUR/MWh;112,9;112,9
21.09.2025;CEST;18:00;18:15;EUR/MWh;104,68;104,68
21.09.2025;CEST;18:15;18:30;EUR/MWh;99,56;99,56
21.09.2025;CEST;18:30;18:45;EUR/MWh;116,2;116,2
21.09.2025;CEST;18:45;19:00;EUR/MWh;115,05;115,05
21.09.2025;CEST;19:00;19:15;EUR/MWh;81,26;81,26
21.09.2025;CEST;19:15;19:30;EUR/MWh;71,19;71,19
21.09.2025;CEST;19:30;19:45;EUR/MWh;117,92;117,92
21.09.2025;CEST;19:45;20:00;EUR/MWh;147,89;147,89
21.09.2025;CEST;20:00;20:15;EUR/MWh;139,29;139,29
21.09.2025;CEST;20:15;20:30;EUR/MWh;146,82;146,82
21.09.2025;CEST;20:30;20:45;EUR/MWh;123,71;123,71
21.09.2025;CEST;20:45;21:00;EUR/MWh;141,09;141,09
21.09.2025;CEST;21:00;21:15;EUR/MWh;126,04;126,04
21.09.2025;CEST;21:15;21:30;EUR/MWh;92,52;92,52
21.09.2025;CEST;21:30;21:45;EUR/MWh;44,28;44,28
21.09.2025;CEST;21:45;22:00;EUR/MWh;35,79;35,79
21.09.2025;CEST;22:00;22:15;EUR/MWh;70,63;70,63
21.09.2025;CEST;22:15;22:30;EUR/MWh;80,16;80,16
21.09.2025;CEST;22:30;22:45;EUR/MWh;69,35;69,35
21.09.2025;CEST;22:45;23:00;EUR/MWh;20,76;20,76
21.09.2025;CEST;23:00;23:15;EUR/MWh;98,46;98,46
21.09.2025;CEST;23:15;23:30;EUR/MWh;86,11;86,11
21.09.2025;CEST;23:30;23:45;EUR/MWh;91,18;91,18
21.09.2025;CEST;23:45;00:00;EUR/MWh;78,89;78,89
22.09.2025;CEST;00:00;00:15;EUR/MWh;117,64;117,64
22.09.2025;CEST;00:15;00:30;EUR/MWh;94,65;94,65
22.09.2025;CEST;00:30;00:45;EUR/MWh;93,1;93,1
22.09.2025;CEST;00:45;01:00;EUR/MWh;113,68;113,68
22.09.2025;CEST;01:00;01:15;EUR/MWh;101,11;101,11
22.09.2025;CEST;01:15;01:30;EUR/MWh;70,32;70,32
22.09.2025;CEST;01:30;01:45;EUR/MWh;110,55;110,55
22.09.2025;CEST;01:45;02:00;EUR/MWh;84,45;84,45
22.09.2025;CEST;02:00;02:15;EUR/MWh;121,97;121,97
22.09.2025;CEST;02:15;02:30;EUR/MWh;62,93;62,93
22.09.2025;CEST;02:30;02:45;EUR/MWh;70,1;70,1
22.09.2025;CEST;02:45;03:00;EUR/MWh;73,58;73,58
22.09.2025;CEST;03:00;03:15;EUR/MWh;51,42;51,42
22.09.2025;CEST;03:15;03:30;EUR/MWh;48,72;48,72
22.09.2025;CEST;03:30;03:45;EUR/MWh;49,71;49,71
22.09.2025;CEST;03:45;04:00;EUR/MWh;42,58;42,58
22.09.2025;CEST;04:00;04:15;EUR/MWh;80,02;80,02
22.09.2025;CEST;04:15;04:30;EUR/MWh;52,54;52,54
22.09.2025;CEST;04:30;04:45;EUR/MWh;69,27;69,27
22.09.2025;CEST;04:45;05:00;EUR/MWh;77,83;77,83
22.09.2025;CEST;05:00;05:15;EUR/MWh;47,44;47,44
22.09.2025;CEST;05:15;05:30;EUR/MWh;55,4;55,4
22.09.2025;CEST;05:30;05:45;EUR/MWh;51,17;51,17
22.09.2025;CEST;05:45;06:00;EUR/MWh;40,6;40,6
22.09.2025;CEST;06:00;06:15;EUR/MWh;44,29;44,29
22.09.2025;CEST;06:15;06:30;EUR/MWh;69,94;69,94
22.09.2025;CEST;06:30;06:45;EUR/MWh;104,61;104,61
22.09.2025;CEST;06:45;07:00;EUR/MWh;90,75;90,75
22.09.2025;CEST;07:00;07:15;EUR/MWh;95;95
22.09.2025;CEST;07:15;07:30;EUR/MWh;88,49;88,49
22.09.2025;CEST;07:30;07:45;EUR/MWh;121,93;121,93
22.09.2025;CEST;07:45;08:00;EUR/MWh;144,03;144,03
22.09.2025;CEST;08:00;08:15;EUR/MWh;89,47;89,47
22.09.2025;CEST;08:15;08:30;EUR/MWh;76,25;76,25
22.09.2025;CEST;08:30;08:45;EUR/MWh;72,59;72,59
22.09.2025;CEST;08:45;09:00;EUR/MWh;58,19;58,19
22.09.2025;CEST;09:00;09:15;EUR/MWh;63,72;63,72
22.09.2025;CEST;09:15;09:30;EUR/MWh;83,19;83,19
22.09.2025;CEST;09:30;09:45;EUR/MWh;71,63;71,63
22.09.2025;CEST;09:45;10:00;EUR/MWh;76,68;76,68
22.09.2025;CEST;10:00;10:15;EUR/MWh;115,4;115,4
22.09.2025;CEST;10:15;10:30;EUR/MWh;115,77;115,77
22.09.2025;CEST;10:30;10:45;EUR/MWh;54,42;54,42
22.09.2025;CEST;10:45;11:00;EUR/MWh;122,24;122,24
22.09.2025;CEST;11:00;11:15;EUR/MWh;11,22;11,22
22.09.2025;CEST;11:15;11:30;EUR/MWh;5,08;5,08
22.09.2025;CEST;11:30;11:45;EUR/MWh;12,6;12,6
22.09.2025;CEST;11:45;12:00;EUR/MWh;-0,12;-0,12
22.09.2025;CEST;12:00;12:15;EUR/MWh;1,1;1,1
22.09.2025;CEST;12:15;12:30;EUR/MWh;-10,91;-10,91
22.09.2025;CEST;12:30;12:45;EUR/MWh;-11,65;-11,65
22.09.2025;CEST;12:45;13:00;EUR/MWh;-15,31;-15,31
22.09.2025;CEST;13:00;13:15;EUR/MWh;30,48;30,48
22.09.2025;CEST;13:15;13:30;EUR/MWh;4,7;4,7
22.09.2025;CEST;13:30;13:45;EUR/MWh;23,2;23,2
22.09.2025;CEST;13:45;14:00;EUR/MWh;18,31;18,31
22.09.2025;CEST;14:00;14:15;EUR/MWh;6,43;6,43
22.09.2025;CEST;14:15;14:30;EUR/MWh;10,05;10,05
22.09.2025;CEST;14:30;14:45;EUR/MWh;-0,69;-0,69
22.09.2025;CEST;14:45;15:00;EUR/MWh;-5,1;-5,1
22.09.2025;CEST;15:00;15:15;EUR/MWh;14,62;14,62
22.09.2025;CEST;15:15;15:30;EUR/MWh;43,47;43,47
22.09.2025;CEST;15:30;15:45;EUR/MWh;95,25;95,25
22.09.2025;CEST;15:45;16:00;EUR/MWh;102,63;102,63
22.09.2025;CEST;16:00;16:15;EUR/MWh;25,7;25,7
22.09.2025;CEST;16:15;16:30;EUR/MWh;28,35;28,35
22.09.2025;CEST;16:30;16:45;EUR/MWh;24,72;24,72
22.09.2025;CEST;16:45;17:00;EUR/MWh;28,53;28,53
22.09.2025;CEST;17:00;17:15;EUR/MWh;49,67;49,67
22.09.2025;CEST;17:15;17:30;EUR/MWh;119,61;119,61
22.09.2025;CEST;17:30;17:45;EUR/MWh;157,92;157,92
22.09.2025;CEST;17:45;18:00;EUR/MWh;135,5;135,5
22.09.2025;CEST;18:00;18:15;EUR/MWh;71,02;71,02
22.09.2025;CEST;18:15;18:30;EUR/MWh;155,95;155,95
22.09.2025;CEST;18:30;18:45;EUR/MWh;149,21;149,21
22.09.2025;CEST;18:45;19:00;EUR/MWh;90,32;90,32
22.09.2025;CEST;19:00;19:15;EUR/MWh;13,71;13,71
22.09.2025;CEST;19:15;19:30;EUR/MWh;29,15;29,15
22.09.2025;CEST;19:30;19:45;EUR/MWh;55,53;55,53
22.09.2025;CEST;19:45;20:00;EUR/MWh;119,47;119,47
22.09.2025;CEST;20:00;20:15;EUR/MWh;57,89;57,89
22.09.2025;CEST;20:15;20:30;EUR/MWh;62,3;62,3
22.09.2025;CEST;20:30;20:45;EUR/MWh;56,51;56,51
22.09.2025;CEST;20:45;21:00;EUR/MWh;164,99;164,99
22.09.2025;CEST;21:00;21:15;EUR/MWh;172,14;172,14
22.09.2025;CEST;21:15;21:30;EUR/MWh;102,51;102,51
22.09.2025;CEST;21:30;21:45;EUR/MWh;129,27;129,27
22.09.2025;CEST;21:45;22:00;EUR/MWh;22,6;22,6
22.09.2025;CEST;22:00;22:15;EUR/MWh;118,48;118,48
22.09.2025;CEST;22:15;22:30;EUR/MWh;115,93;115,93
22.09.2025;CEST;22:30;22:45;EUR/MWh;81,05;81,05
22.09.2025;CEST;22:45;23:00;EUR/MWh;59,69;59,69
22.09.2025;CEST;23:00;23:15;EUR/MWh;67,29;67,29
22.09.2025;CEST;23:15;23:30;EUR/MWh;85,19;85,19
22.09.2025;CEST;23:30;23:45;EUR/MWh;137,17;137,17
22.09.2025;CEST;23:45;00:00;EUR/MWh;108,33;108,33
23.09.2025;CEST;00:00;00:15;EUR/MWh;145,56;145,56
23.09.2025;CEST;00:15;00:30;EUR/MWh;102,41;102,41
23.09.2025;CEST;00:30;00:45;EUR/MWh;62,93;62,93
23.09.2025;CEST;00:45;01:00;EUR/MWh;64,01;64,01
23.09.2025;CEST;01:00;01:15;EUR/MWh;68,5;68,5
23.09.2025;CEST;01:15;01:30;EUR/MWh;71,77;71,77
23.09.2025;CEST;01:30;01:45;EUR/MWh;78,89;78,89
23.09.2025;CEST;01:45;02:00;EUR/MWh;80,9;80,9
23.09.2025;CEST;02:00;02:15;EUR/MWh;79,39;79,39
23.09.2025;CEST;02:15;02:30;EUR/MWh;71,99;71,99
23.09.2025;CEST;02:30;02:45;EUR/MWh;60;60
23.09.2025;CEST;02:45;03:00;EUR/MWh;80,24;80,24
23.09.2025;CEST;03:00;03:15;EUR/MWh;81,48;81,48
23.09.2025;CEST;03:15;03:30;EUR/MWh;93,77;93,77
23.09.2025;CEST;03:30;03:45;EUR/MWh;68,31;68,31
23.09.2025;CEST;03:45;04:00;EUR/MWh;63,04;63,04
23.09.2025;CEST;04:00;04:15;EUR/MWh;62,2;62,2
23.09.2025;CEST;04:15;04:30;EUR/MWh;58,32;58,32
23.09.2025;CEST;04:30;04:45;EUR/MWh;60,7;60,7
23.09.2025;CEST;04:45;05:00;EUR/MWh;81,18;81,18
23.09.2025;CEST;05:00;05:15;EUR/MWh;97,79;97,79
23.09.2025;CEST;05:15;05:30;EUR/MWh;89,1;89,1
23.09.2025;CEST;05:30;05:45;EUR/MWh;113,65;113,65
23.09.2025;CEST;05:45;06:00;EUR/MWh;109,11;109,11
23.09.2025;CEST;06:00;06:15;EUR/MWh;71,27;71,27
23.09.2025;CEST;06:15;06:30;EUR/MWh;126,38;126,38
23.09.2025;CEST;06:30;06:45;EUR/MWh;151,54;151,54
23.09.2025;CEST;06:45;07:00;EUR/MWh;134,84;134,84
23.09.2025;CEST;07:00;07:15;EUR/MWh;230,56;230,56
23.09.2025;CEST;07:15;07:30;EUR/MWh;214,85;214,85
23.09.2025;CEST;07:30;07:45;EUR/MWh;114,13;114,13
23.09.2025;CEST;07:45;08:00;EUR/MWh;86,22;86,22
23.09.2025;CEST;08:00;08:15;EUR/MWh;308,09;308,09
23.09.2025;CEST;08:15;08:30;EUR/MWh;208,48;208,48
23.09.2025;CEST;08:30;08:45;EUR/MWh;76,77;76,77
23.09.2025;CEST;08:45;09:00;EUR/MWh;82,06;82,06
23.09.2025;CEST;09:00;09:15;EUR/MWh;156,5;156,5
23.09.2025;CEST;09:15;09:30;EUR/MWh;123,6;123,6
23.09.2025;CEST;09:30;09:45;EUR/MWh;140,98;140,98
23.09.2025;CEST;09:45;10:00;EUR/MWh;101,35;101,35
23.09.2025;CEST;10:00;10:15;EUR/MWh;148,64;148,64
23.09.2025;CEST;10:15;10:30;EUR/MWh;204,14;204,14
23.09.2025;CEST;10:30;10:45;EUR/MWh;155,21;155,21
23.09.2025;CEST;10:45;11:00;EUR/MWh;126,74;126,74
23.09.2025;CEST;11:00;11:15;EUR/MWh;80,66;80,66
23.09.2025;CEST;11:15;11:30;EUR/MWh;138,76;138,76
23.09.2025;CEST;11:30;11:45;EUR/MWh;196,25;196,25
23.09.2025;CEST;11:45;12:00;EUR/MWh;183,94;183,94
23.09.2025;CEST;12:00;12:15;EUR/MWh;104,38;104,38
23.09.2025;CEST;12:15;12:30;EUR/MWh;102,42;102,42
23.09.2025;CEST;12:30;12:45;EUR/MWh;96,96;96,96
23.09.2025;CEST;12:45;13:00;EUR/MWh;80,84;80,84
23.09.2025;CEST;13:00;13:15;EUR/MWh;79,86;79,86
23.09.2025;CEST;13:15;13:30;EUR/MWh;75,04;75,04
23.09.2025;CEST;13:30;13:45;EUR/MWh;73,41;73,41
23.09.2025;CEST;13:45;14:00;EUR/MWh;43,94;43,94
23.09.2025;CEST;14:00;14:15;EUR/MWh;136,1;136,1
23.09.2025;CEST;14:15;14:30;EUR/MWh;140,1;140,1
23.09.2025;CEST;14:30;14:45;EUR/MWh;145,95;145,95
23.09.2025;CEST;14:45;15:00;EUR/MWh;123,34;123,34
23.09.2025;CEST;15:00;15:15;EUR/MWh;108,46;108,46
23.09.2025;CEST;15:15;15:30;EUR/MWh;81,44;81,44
23.09.2025;CEST;15:30;15:45;EUR/MWh;79,02;79,02
23.09.2025;CEST;15:45;16:00;EUR/MWh;66,01;66,01
23.09.2025;CEST;16:00;16:15;EUR/MWh;77,83;77,83
23.09.2025;CEST;16:15;16:30;EUR/MWh;118,01;118,01
23.09.2025;CEST;16:30;16:45;EUR/MWh;134,66;134,66
23.09.2025;CEST;16:45;17:00;EUR/MWh;155,88;155,88
23.09.2025;CEST;17:00;17:15;EUR/MWh;34,98;34,98
23.09.2025;CEST;17:15;17:30;EUR/MWh;36,63;36,63
23.09.2025;CEST;17:30;17:45;EUR/MWh;56,15;56,15
23.09.2025;CEST;17:45;18:00;EUR/MWh;152,23;152,23
23.09.2025;CEST;18:00;18:15;EUR/MWh;151,48;151,48
23.09.2025;CEST;18:15;18:30;EUR/MWh;152,5;152,5
23.09.2025;CEST;18:30;18:45;EUR/MWh;169,5;169,5
23.09.2025;CEST;18:45;19:00;EUR/MWh;163,34;163,34
23.09.2025;CEST;19:00;19:15;EUR/MWh;162,39;162,39
23.09.2025;CEST;19:15;19:30;EUR/MWh;174,39;174,39
23.09.2025;CEST;19:30;19:45;EUR/MWh;197,8;197,8
23.09.2025;CEST;19:45;20:00;EUR/MWh;122,98;122,98
23.09.2025;CEST;20:00;20:15;EUR/MWh;79,31;79,31
23.09.2025;CEST;20:15;20:30;EUR/MWh;65,97;65,97
23.09.2025;CEST;20:30;20:45;EUR/MWh;39,69;39,69
23.09.2025;CEST;20:45;21:00;EUR/MWh;27,46;27,46
23.09.2025;CEST;21:00;21:15;EUR/MWh;72,4;72,4
23.09.2025;CEST;21:15;21:30;EUR/MWh;54,91;54,91
23.09.2025;CEST;21:30;21:45;EUR/MWh;52,02;52,02
23.09.2025;CEST;21:45;22:00;EUR/MWh;51,02;51,02
23.09.2025;CEST;22:00;22:15;EUR/MWh;76,03;76,03
23.09.2025;CEST;22:15;22:30;EUR/MWh;64,94;64,94
23.09.2025;CEST;22:30;22:45;EUR/MWh;71,49;71,49
23.09.2025;CEST;22:45;23:00;EUR/MWh;58,03;58,03
23.09.2025;CEST;23:00;23:15;EUR/MWh;54,76;54,76
23.09.2025;CEST;23:15;23:30;EUR/MWh;52,58;52,58
23.09.2025;CEST;23:30;23:45;EUR/MWh;64,84;64,84
23.09.2025;CEST;23:45;00:00;EUR/MWh;58,67;58,67
24.09.2025;CEST;00:00;00:15;EUR/MWh;63,41;63,41
24.09.2025;CEST;00:15;00:30;EUR/MWh;41,67;41,67
24.09.2025;CEST;00:30;00:45;EUR/MWh;60,75;60,75
24.09.2025;CEST;00:45;01:00;EUR/MWh;56,53;56,53
24.09.2025;CEST;01:00;01:15;EUR/MWh;60,57;60,57
24.09.2025;CEST;01:15;01:30;EUR/MWh;62,52;62,52
24.09.2025;CEST;01:30;01:45;EUR/MWh;59,53;59,53
24.09.2025;CEST;01:45;02:00;EUR/MWh;53,87;53,87
24.09.2025;CEST;02:00;02:15;EUR/MWh;54,26;54,26
24.09.2025;CEST;02:15;02:30;EUR/MWh;35,65;35,65
24.09.2025;CEST;02:30;02:45;EUR/MWh;38,66;38,66
24.09.2025;CEST;02:45;03:00;EUR/MWh;27,34;27,34
24.09.2025;CEST;03:00;03:15;EUR/MWh;62,63;62,63
24.09.2025;CEST;03:15;03:30;EUR/MWh;43,65;43,65
24.09.2025;CEST;03:30;03:45;EUR/MWh;46,92;46,92
24.09.2025;CEST;03:45;04:00;EUR/MWh;56;56
24.09.2025;CEST;04:00;04:15;EUR/MWh;35,21;35,21
24.09.2025;CEST;04:15;04:30;EUR/MWh;40,26;40,26
24.09.2025;CEST;04:30;04:45;EUR/MWh;37,66;37,66
24.09.2025;CEST;04:45;05:00;EUR/MWh;46,5;46,5
24.09.2025;CEST;05:00;05:15;EUR/MWh;42,88;42,88
24.09.2025;CEST;05:15;05:30;EUR/MWh;49,12;49,12
24.09.2025;CEST;05:30;05:45;EUR/MWh;26,78;26,78
24.09.2025;CEST;05:45;06:00;EUR/MWh;36,27;36,27
24.09.2025;CEST;06:00;06:15;EUR/MWh;18,1;18,1
24.09.2025;CEST;06:15;06:30;EUR/MWh;51,72;51,72
24.09.2025;CEST;06:30;06:45;EUR/MWh;92,05;92,05
24.09.2025;CEST;06:45;07:00;EUR/MWh;92,57;92,57
24.09.2025;CEST;07:00;07:15;EUR/MWh;111,2;111,2
24.09.2025;CEST;07:15;07:30;EUR/MWh;105,79;105,79
24.09.2025;CEST;07:30;07:45;EUR/MWh;104,55;104,55
24.09.2025;CEST;07:45;08:00;EUR/MWh;103,09;103,09
24.09.2025;CEST;08:00;08:15;EUR/MWh;102,53;102,53
24.09.2025;CEST;08:15;08:30;EUR/MWh;79,55;79,55
24.09.2025;CEST;08:30;08:45;EUR/MWh;88,62;88,62
24.09.2025;CEST;08:45;09:00;EUR/MWh;129,51;129,51
24.09.2025;CEST;09:00;09:15;EUR/MWh;152,74;152,74
24.09.2025;CEST;09:15;09:30;EUR/MWh;135,25;135,25
24.09.2025;CEST;09:30;09:45;EUR/MWh;131,99;131,99
24.09.2025;CEST;09:45;10:00;EUR/MWh;133,52;133,52
24.09.2025;CEST;10:00;10:15;EUR/MWh;118,58;118,58
24.09.2025;CEST;10:15;10:30;EUR/MWh;127,07;127,07
24.09.2025;CEST;10:30;10:45;EUR/MWh;102,22;102,22
24.09.2025;CEST;10:45;11:00;EUR/MWh;-25,25;-25,25
24.09.2025;CEST;11:00;11:15;EUR/MWh;-85,09;-85,09
24.09.2025;CEST;11:15;11:30;EUR/MWh;27,52;27,52
24.09.2025;CEST;11:30;11:45;EUR/MWh;92,46;92,46
24.09.2025;CEST;11:45;12:00;EUR/MWh;4;4
24.09.2025;CEST;12:00;12:15;EUR/MWh;170,65;170,65
24.09.2025;CEST;12:15;12:30;EUR/MWh;119,63;119,63
24.09.2025;CEST;12:30;12:45;EUR/MWh;130,57;130,57
24.09.2025;CEST;12:45;13:00;EUR/MWh;133,2;133,2
24.09.2025;CEST;13:00;13:15;EUR/MWh;145,55;145,55
24.09.2025;CEST;13:15;13:30;EUR/MWh;114,51;114,51
24.09.2025;CEST;13:30;13:45;EUR/MWh;133,55;133,55
24.09.2025;CEST;13:45;14:00;EUR/MWh;108,34;108,34
24.09.2025;CEST;14:00;14:15;EUR/MWh;235,03;235,03
24.09.2025;CEST;14:15;14:30;EUR/MWh;77,84;77,84
24.09.2025;CEST;14:30;14:45;EUR/MWh;84,75;84,75
24.09.2025;CEST;14:45;15:00;EUR/MWh;89,07;89,07
24.09.2025;CEST;15:00;15:15;EUR/MWh;23,4;23,4
24.09.2025;CEST;15:15;15:30;EUR/MWh;5,88;5,88
24.09.2025;CEST;15:30;15:45;EUR/MWh;-10,42;-10,42
24.09.2025;CEST;15:45;16:00;EUR/MWh;42,7;42,7
24.09.2025;CEST;16:00;16:15;EUR/MWh;-28,03;-28,03
24.09.2025;CEST;16:15;16:30;EUR/MWh;-49,67;-49,67
24.09.2025;CEST;16:30;16:45;EUR/MWh;-32,44;-32,44
24.09.2025;CEST;16:45;17:00;EUR/MWh;-17,87;-17,87
24.09.2025;CEST;17:00;17:15;EUR/MWh;132,94;132,94
24.09.2025;CEST;17:15;17:30;EUR/MWh;171,32;171,32
24.09.2025;CEST;17:30;17:45;EUR/MWh;144,26;144,26
24.09.2025;CEST;17:45;18:00;EUR/MWh;169,32;169,32
24.09.2025;CEST;18:00;18:15;EUR/MWh;121,36;121,36
24.09.2025;CEST;18:15;18:30;EUR/MWh;196,82;196,82
24.09.2025;CEST;18:30;18:45;EUR/MWh;200,41;200,41
24.09.2025;CEST;18:45;19:00;EUR/MWh;312,67;312,67
24.09.2025;CEST;19:00;19:15;EUR/MWh;93,9;93,9
24.09.2025;CEST;19:15;19:30;EUR/MWh;67,65;67,65
24.09.2025;CEST;19:30;19:45;EUR/MWh;53,68;53,68
24.09.2025;CEST;19:45;20:00;EUR/MWh;43,28;43,28
24.09.2025;CEST;20:00;20:15;EUR/MWh;52,28;52,28
24.09.2025;CEST;20:15;20:30;EUR/MWh;61,98;61,98
24.09.2025;CEST;20:30;20:45;EUR/MWh;35,88;35,88
24.09.2025;CEST;20:45;21:00;EUR/MWh;44,6;44,6
24.09.2025;CEST;21:00;21:15;EUR/MWh;107,47;107,47
24.09.2025;CEST;21:15;21:30;EUR/MWh;102,21;102,21
24.09.2025;CEST;21:30;21:45;EUR/MWh;103,53;103,53
24.09.2025;CEST;21:45;22:00;EUR/MWh;75,41;75,41
24.09.2025;CEST;22:00;22:15;EUR/MWh;107,15;107,15
24.09.2025;CEST;22:15;22:30;EUR/MWh;95,56;95,56
24.09.2025;CEST;22:30;22:45;EUR/MWh;98,6;98,6
24.09.2025;CEST;22:45;23:00;EUR/MWh;81,93;81,93
24.09.2025;CEST;23:00;23:15;EUR/MWh;20,76;20,76
24.09.2025;CEST;23:15;23:30;EUR/MWh;49,23;49,23
24.09.2025;CEST;23:30;23:45;EUR/MWh;-0,99;-0,99
24.09.2025;CEST;23:45;00:00;EUR/MWh;6,24;6,24
25.09.2025;CEST;00:00;00:15;EUR/MWh;71,09;71,09
25.09.2025;CEST;00:15;00:30;EUR/MWh;82,57;82,57
25.09.2025;CEST;00:30;00:45;EUR/MWh;44,63;44,63
25.09.2025;CEST;00:45;01:00;EUR/MWh;51,06;51,06
25.09.2025;CEST;01:00;01:15;EUR/MWh;35,48;35,48
25.09.2025;CEST;01:15;01:30;EUR/MWh;32,64;32,64
25.09.2025;CEST;01:30;01:45;EUR/MWh;57,67;57,67
25.09.2025;CEST;01:45;02:00;EUR/MWh;44,25;44,25
25.09.2025;CEST;02:00;02:15;EUR/MWh;52,68;52,68
25.09.2025;CEST;02:15;02:30;EUR/MWh;57,49;57,49
25.09.2025;CEST;02:30;02:45;EUR/MWh;59,42;59,42
25.09.2025;CEST;02:45;03:00;EUR/MWh;60,53;60,53
25.09.2025;CEST;03:00;03:15;EUR/MWh;89,91;89,91
25.09.2025;CEST;03:15;03:30;EUR/MWh;60,8;60,8
25.09.2025;CEST;03:30;03:45;EUR/MWh;66,67;66,67
25.09.2025;CEST;03:45;04:00;EUR/MWh;29,45;29,45
25.09.2025;CEST;04:00;04:15;EUR/MWh;48,21;48,21
25.09.2025;CEST;04:15;04:30;EUR/MWh;69,03;69,03
25.09.2025;CEST;04:30;04:45;EUR/MWh;82,34;82,34
25.09.2025;CEST;04:45;05:00;EUR/MWh;51,07;51,07
25.09.2025;CEST;05:00;05:15;EUR/MWh;41,88;41,88
25.09.2025;CEST;05:15;05:30;EUR/MWh;55,67;55,67
25.09.2025;CEST;05:30;05:45;EUR/MWh;60,03;60,03
25.09.2025;CEST;05:45;06:00;EUR/MWh;57,61;57,61
25.09.2025;CEST;06:00;06:15;EUR/MWh;120,8;120,8
25.09.2025;CEST;06:15;06:30;EUR/MWh;48,83;48,83
25.09.2025;CEST;06:30;06:45;EUR/MWh;82,22;82,22
25.09.2025;CEST;06:45;07:00;EUR/MWh;104,53;104,53
25.09.2025;CEST;07:00;07:15;EUR/MWh;113,02;113,02
25.09.2025;CEST;07:15;07:30;EUR/MWh;133,32;133,32
25.09.2025;CEST;07:30;07:45;EUR/MWh;119,32;119,32
25.09.2025;CEST;07:45;08:00;EUR/MWh;156,75;156,75
25.09.2025;CEST;08:00;08:15;EUR/MWh;149,62;149,62
25.09.2025;CEST;08:15;08:30;EUR/MWh;166,61;166,61
25.09.2025;CEST;08:30;08:45;EUR/MWh;195,88;195,88
25.09.2025;CEST;08:45;09:00;EUR/MWh;165,93;165,93
25.09.2025;CEST;09:00;09:15;EUR/MWh;78,87;78,87
25.09.2025;CEST;09:15;09:30;EUR/MWh;137,69;137,69
25.09.2025;CEST;09:30;09:45;EUR/MWh;125,9;125,9
25.09.2025;CEST;09:45;10:00;EUR/MWh;151,49;151,49
25.09.2025;CEST;10:00;10:15;EUR/MWh;51,35;51,35
25.09.2025;CEST;10:15;10:30;EUR/MWh;117,72;117,72
25.09.2025;CEST;10:30;10:45;EUR/MWh;145,38;145,38
25.09.2025;CEST;10:45;11:00;EUR/MWh;166,65;166,65
25.09.2025;CEST;11:00;11:15;EUR/MWh;147,25;147,25
25.09.2025;CEST;11:15;11:30;EUR/MWh;143,02;143,02
25.09.2025;CEST;11:30;11:45;EUR/MWh;121,14;121,14
25.09.2025;CEST;11:45;12:00;EUR/MWh;160,63;160,63
25.09.2025;CEST;12:00;12:15;EUR/MWh;75,16;75,16
25.09.2025;CEST;12:15;12:30;EUR/MWh;87,02;87,02
25.09.2025;CEST;12:30;12:45;EUR/MWh;94,94;94,94
25.09.2025;CEST;12:45;13:00;EUR/MWh;148,43;148,43
25.09.2025;CEST;13:00;13:15;EUR/MWh;222,96;222,96
25.09.2025;CEST;13:15;13:30;EUR/MWh;159,86;159,86
25.09.2025;CEST;13:30;13:45;EUR/MWh;124,41;124,41
25.09.2025;CEST;13:45;14:00;EUR/MWh;78,6;78,6
25.09.2025;CEST;14:00;14:15;EUR/MWh;157,08;157,08
25.09.2025;CEST;14:15;14:30;EUR/MWh;202,89;202,89
25.09.2025;CEST;14:30;14:45;EUR/MWh;264,94;264,94
25.09.2025;CEST;14:45;15:00;EUR/MWh;252,91;252,91
25.09.2025;CEST;15:00;15:15;EUR/MWh;167,7;167,7
25.09.2025;CEST;15:15;15:30;EUR/MWh;168,33;168,33
25.09.2025;CEST;15:30;15:45;EUR/MWh;152,19;152,19
25.09.2025;CEST;15:45;16:00;EUR/MWh;36,26;36,26
25.09.2025;CEST;16:00;16:15;EUR/MWh;43,02;43,02
25.09.2025;CEST;16:15;16:30;EUR/MWh;36,47;36,47
25.09.2025;CEST;16:30;16:45;EUR/MWh;161,5;161,5
25.09.2025;CEST;16:45;17:00;EUR/MWh;156,77;156,77
25.09.2025;CEST;17:00;17:15;EUR/MWh;110,27;110,27
25.09.2025;CEST;17:15;17:30;EUR/MWh;164,23;164,23
25.09.2025;CEST;17:30;17:45;EUR/MWh;181,58;181,58
25.09.2025;CEST;17:45;18:00;EUR/MWh;181,68;181,68
25.09.2025;CEST;18:00;18:15;EUR/MWh;152,09;152,09
25.09.2025;CEST;18:15;18:30;EUR/MWh;150,48;150,48
25.09.2025;CEST;18:30;18:45;EUR/MWh;78,58;78,58
25.09.2025;CEST;18:45;19:00;EUR/MWh;81,48;81,48
25.09.2025;CEST;19:00;19:15;EUR/MWh;32,36;32,36
25.09.2025;CEST;19:15;19:30;EUR/MWh;124,22;124,22
25.09.2025;CEST;19:30;19:45;EUR/MWh;134,6;134,6
25.09.2025;CEST;19:45;20:00;EUR/MWh;122,4;122,4
25.09.2025;CEST;20:00;20:15;EUR/MWh;160,77;160,77
25.09.2025;CEST;20:15;20:30;EUR/MWh;147,91;147,91
25.09.2025;CEST;20:30;20:45;EUR/MWh;147,39;147,39
25.09.2025;CEST;20:45;21:00;EUR/MWh;129,71;129,71
25.09.2025;CEST;21:00;21:15;EUR/MWh;68,12;68,12
25.09.2025;CEST;21:15;21:30;EUR/MWh;56,93;56,93
25.09.2025;CEST;21:30;21:45;EUR/MWh;145,85;145,85
25.09.2025;CEST;21:45;22:00;EUR/MWh;93,94;93,94
25.09.2025;CEST;22:00;22:15;EUR/MWh;135,53;135,53
25.09.2025;CEST;22:15;22:30;EUR/MWh;139,43;139,43
25.09.2025;CEST;22:30;22:45;EUR/MWh;133,84;133,84
25.09.2025;CEST;22:45;23:00;EUR/MWh;111,33;111,33
25.09.2025;CEST;23:00;23:15;EUR/MWh;121,51;121,51
25.09.2025;CEST;23:15;23:30;EUR/MWh;43,55;43,55
25.09.2025;CEST;23:30;23:45;EUR/MWh;101,62;101,62
25.09.2025;CEST;23:45;00:00;EUR/MWh;49,23;49,23
26.09.2025;CEST;00:00;00:15;EUR/MWh;128,33;128,33
26.09.2025;CEST;00:15;00:30;EUR/MWh;109,6;109,6
26.09.2025;CEST;00:30;00:45;EUR/MWh;112,4;112,4
26.09.2025;CEST;00:45;01:00;EUR/MWh;119,37;119,37
26.09.2025;CEST;01:00;01:15;EUR/MWh;135,51;135,51
26.09.2025;CEST;01:15;01:30;EUR/MWh;124,76;124,76
26.09.2025;CEST;01:30;01:45;EUR/MWh;126,22;126,22
26.09.2025;CEST;01:45;02:00;EUR/MWh;92,75;92,75
26.09.2025;CEST;02:00;02:15;EUR/MWh;74,31;74,31
26.09.2025;CEST;02:15;02:30;EUR/MWh;97,81;97,81
26.09.2025;CEST;02:30;02:45;EUR/MWh;94,42;94,42
26.09.2025;CEST;02:45;03:00;EUR/MWh;108,16;108,16
26.09.2025;CEST;03:00;03:15;EUR/MWh;119,16;119,16
26.09.2025;CEST;03:15;03:30;EUR/MWh;112,8;112,8
26.09.2025;CEST;03:30;03:45;EUR/MWh;117,38;117,38
26.09.2025;CEST;03:45;04:00;EUR/MWh;127,98;127,98
26.09.2025;CEST;04:00;04:15;EUR/MWh;112,35;112,35
26.09.2025;CEST;04:15;04:30;EUR/MWh;100,07;100,07
26.09.2025;CEST;04:30;04:45;EUR/MWh;100,71;100,71
26.09.2025;CEST;04:45;05:00;EUR/MWh;87,15;87,15
26.09.2025;CEST;05:00;05:15;EUR/MWh;115,87;115,87
26.09.2025;CEST;05:15;05:30;EUR/MWh;94,86;94,86
26.09.2025;CEST;05:30;05:45;EUR/MWh;95,69;95,69
26.09.2025;CEST;05:45;06:00;EUR/MWh;95,69;95,69
26.09.2025;CEST;06:00;06:15;EUR/MWh;57,48;57,48
26.09.2025;CEST;06:15;06:30;EUR/MWh;73,07;73,07
26.09.2025;CEST;06:30;06:45;EUR/MWh;85,11;85,11
26.09.2025;CEST;06:45;07:00;EUR/MWh;150,62;150,62
26.09.2025;CEST;07:00;07:15;EUR/MWh;149,87;149,87
26.09.2025;CEST;07:15;07:30;EUR/MWh;177,37;177,37
26.09.2025;CEST;07:30;07:45;EUR/MWh;125,81;125,81
26.09.2025;CEST;07:45;08:00;EUR/MWh;178,1;178,1
26.09.2025;CEST;08:00;08:15;EUR/MWh;460,69;460,69
26.09.2025;CEST;08:15;08:30;EUR/MWh;168,37;168,37
26.09.2025;CEST;08:30;08:45;EUR/MWh;114,57;114,57
26.09.2025;CEST;08:45;09:00;EUR/MWh;118,76;118,76
26.09.2025;CEST;09:00;09:15;EUR/MWh;94,92;94,92
26.09.2025;CEST;09:15;09:30;EUR/MWh;62,69;62,69
26.09.2025;CEST;09:30;09:45;EUR/MWh;126,27;126,27
26.09.2025;CEST;09:45;10:00;EUR/MWh;139,73;139,73
26.09.2025;CEST;10:00;10:15;EUR/MWh;92,15;92,15
26.09.2025;CEST;10:15;10:30;EUR/MWh;84,01;84,01
26.09.2025;CEST;10:30;10:45;EUR/MWh;132,6;132,6
26.09.2025;CEST;10:45;11:00;EUR/MWh;163,86;163,86
26.09.2025;CEST;11:00;11:15;EUR/MWh;159,3;159,3
26.09.2025;CEST;11:15;11:30;EUR/MWh;161,3;161,3
26.09.2025;CEST;11:30;11:45;EUR/MWh;157,43;157,43
26.09.2025;CEST;11:45;12:00;EUR/MWh;387,91;387,91
26.09.2025;CEST;12:00;12:15;EUR/MWh;228;228
26.09.2025;CEST;12:15;12:30;EUR/MWh;151,94;151,94
26.09.2025;CEST;12:30;12:45;EUR/MWh;152,36;152,36
26.09.2025;CEST;12:45;13:00;EUR/MWh;136,86;136,86
26.09.2025;CEST;13:00;13:15;EUR/MWh;63,61;63,61
26.09.2025;CEST;13:15;13:30;EUR/MWh;85,6;85,6
26.09.2025;CEST;13:30;13:45;EUR/MWh;65,98;65,98
26.09.2025;CEST;13:45;14:00;EUR/MWh;74,92;74,92
26.09.2025;CEST;14:00;14:15;EUR/MWh;115,17;115,17
26.09.2025;CEST;14:15;14:30;EUR/MWh;100,44;100,44
26.09.2025;CEST;14:30;14:45;EUR/MWh;107,91;107,91
26.09.2025;CEST;14:45;15:00;EUR/MWh;42,39;42,39
26.09.2025;CEST;15:00;15:15;EUR/MWh;26,18;26,18
26.09.2025;CEST;15:15;15:30;EUR/MWh;34,13;34,13
26.09.2025;CEST;15:30;15:45;EUR/MWh;47,68;47,68
26.09.2025;CEST;15:45;16:00;EUR/MWh;62,63;62,63
26.09.2025;CEST;16:00;16:15;EUR/MWh;67,99;67,99
26.09.2025;CEST;16:15;16:30;EUR/MWh;65,36;65,36
26.09.2025;CEST;16:30;16:45;EUR/MWh;92,7;92,7
26.09.2025;CEST;16:45;17:00;EUR/MWh;99,23;99,23
26.09.2025;CEST;17:00;17:15;EUR/MWh;69,2;69,2
26.09.2025;CEST;17:15;17:30;EUR/MWh;96,87;96,87
26.09.2025;CEST;17:30;17:45;EUR/MWh;147,31;147,31
26.09.2025;CEST;17:45;18:00;EUR/MWh;151,72;151,72
26.09.2025;CEST;18:00;18:15;EUR/MWh;80,54;80,54
26.09.2025;CEST;18:15;18:30;EUR/MWh;92,65;92,65
26.09.2025;CEST;18:30;18:45;EUR/MWh;83,33;83,33
26.09.2025;CEST;18:45;19:00;EUR/MWh;72,7;72,7
26.09.2025;CEST;19:00;19:15;EUR/MWh;115,93;115,93
26.09.2025;CEST;19:15;19:30;EUR/MWh;115,05;115,05
26.09.2025;CEST;19:30;19:45;EUR/MWh;134,06;134,06
26.09.2025;CEST;19:45;20:00;EUR/MWh;152,38;152,38
26.09.2025;CEST;20:00;20:15;EUR/MWh;154,5;154,5
26.09.2025;CEST;20:15;20:30;EUR/MWh;149,67;149,67
26.09.2025;CEST;20:30;20:45;EUR/MWh;121,44;121,44
26.09.2025;CEST;20:45;21:00;EUR/MWh;110,13;110,13
26.09.2025;CEST;21:00;21:15;EUR/MWh;146,19;146,19
26.09.2025;CEST;21:15;21:30;EUR/MWh;183,48;183,48
26.09.2025;CEST;21:30;21:45;EUR/MWh;146,42;146,42
26.09.2025;CEST;21:45;22:00;EUR/MWh;83,05;83,05
26.09.2025;CEST;22:00;22:15;EUR/MWh;73,31;73,31
26.09.2025;CEST;22:15;22:30;EUR/MWh;100,37;100,37
26.09.2025;CEST;22:30;22:45;EUR/MWh;92,15;92,15
26.09.2025;CEST;22:45;23:00;EUR/MWh;100,11;100,11
26.09.2025;CEST;23:00;23:15;EUR/MWh;72,89;72,89
26.09.2025;CEST;23:15;23:30;EUR/MWh;65,85;65,85
26.09.2025;CEST;23:30;23:45;EUR/MWh;71,43;71,43
26.09.2025;CEST;23:45;00:00;EUR/MWh;94,76;94,76
27.09.2025;CEST;00:00;00:15;EUR/MWh;129,08;129,08
27.09.2025;CEST;00:15;00:30;EUR/MWh;162,31;162,31
27.09.2025;CEST;00:30;00:45;EUR/MWh;155,58;155,58
27.09.2025;CEST;00:45;01:00;EUR/MWh;138,81;138,81
27.09.2025;CEST;01:00;01:15;EUR/MWh;144,56;144,56
27.09.2025;CEST;01:15;01:30;EUR/MWh;145,8;145,8
27.09.2025;CEST;01:30;01:45;EUR/MWh;147,67;147,67
27.09.2025;CEST;01:45;02:00;EUR/MWh;111,74;111,74
27.09.2025;CEST;02:00;02:15;EUR/MWh;89,99;89,99
27.09.2025;CEST;02:15;02:30;EUR/MWh;136,95;136,95
27.09.2025;CEST;02:30;02:45;EUR/MWh;129,68;129,68
27.09.2025;CEST;02:45;03:00;EUR/MWh;145,99;145,99
27.09.2025;CEST;03:00;03:15;EUR/MWh;168,2;168,2
27.09.2025;CEST;03:15;03:30;EUR/MWh;157,9;157,9
27.09.2025;CEST;03:30;03:45;EUR/MWh;85,06;85,06
27.09.2025;CEST;03:45;04:00;EUR/MWh;85,14;85,14
27.09.2025;CEST;04:00;04:15;EUR/MWh;85,1;85,1
27.09.2025;CEST;04:15;04:30;EUR/MWh;77,46;77,46
27.09.2025;CEST;04:30;04:45;EUR/MWh;91,33;91,33
27.09.2025;CEST;04:45;05:00;EUR/MWh;85,81;85,81
27.09.2025;CEST;05:00;05:15;EUR/MWh;121,12;121,12
27.09.2025;CEST;05:15;05:30;EUR/MWh;114,71;114,71
27.09.2025;CEST;05:30;05:45;EUR/MWh;142,91;142,91
27.09.2025;CEST;05:45;06:00;EUR/MWh;132,28;132,28
27.09.2025;CEST;06:00;06:15;EUR/MWh;114,52;114,52
27.09.2025;CEST;06:15;06:30;EUR/MWh;76,66;76,66
27.09.2025;CEST;06:30;06:45;EUR/MWh;98,61;98,61
27.09.2025;CEST;06:45;07:00;EUR/MWh;72,15;72,15
27.09.2025;CEST;07:00;07:15;EUR/MWh;93,88;93,88
27.09.2025;CEST;07:15;07:30;EUR/MWh;90,03;90,03
27.09.2025;CEST;07:30;07:45;EUR/MWh;82,6;82,6
27.09.2025;CEST;07:45;08:00;EUR/MWh;106,9;106,9
27.09.2025;CEST;08:00;08:15;EUR/MWh;123,86;123,86
27.09.2025;CEST;08:15;08:30;EUR/MWh;133,29;133,29
27.09.2025;CEST;08:30;08:45;EUR/MWh;136,21;136,21
27.09.2025;CEST;08:45;09:00;EUR/MWh;127,04;127,04
27.09.2025;CEST;09:00;09:15;EUR/MWh;161,13;161,13
27.09.2025;CEST;09:15;09:30;EUR/MWh;154,01;154,01
27.09.2025;CEST;09:30;09:45;EUR/MWh;166,65;166,65
27.09.2025;CEST;09:45;10:00;EUR/MWh;157,47;157,47
27.09.2025;CEST;10:00;10:15;EUR/MWh;76,94;76,94
27.09.2025;CEST;10:15;10:30;EUR/MWh;73,42;73,42
27.09.2025;CEST;10:30;10:45;EUR/MWh;61,93;61,93
27.09.2025;CEST;10:45;11:00;EUR/MWh;110,49;110,49
27.09.2025;CEST;11:00;11:15;EUR/MWh;161,72;161,72
27.09.2025;CEST;11:15;11:30;EUR/MWh;130,88;130,88
27.09.2025;CEST;11:30;11:45;EUR/MWh;123,31;123,31
27.09.2025;CEST;11:45;12:00;EUR/MWh;125,33;125,33
27.09.2025;CEST;12:00;12:15;EUR/MWh;159,24;159,24
27.09.2025;CEST;12:15;12:30;EUR/MWh;154,7;154,7
27.09.2025;CEST;12:30;12:45;EUR/MWh;153,77;153,77
27.09.2025;CEST;12:45;13:00;EUR/MWh;108,41;108,41
27.09.2025;CEST;13:00;13:15;EUR/MWh;134,83;134,83
27.09.2025;CEST;13:15;13:30;EUR/MWh;141,21;141,21
27.09.2025;CEST;13:30;13:45;EUR/MWh;159,14;159,14
27.09.2025;CEST;13:45;14:00;EUR/MWh;84,35;84,35
27.09.2025;CEST;14:00;14:15;EUR/MWh;73,12;73,12
27.09.2025;CEST;14:15;14:30;EUR/MWh;68,44;68,44
27.09.2025;CEST;14:30;14:45;EUR/MWh;119,18;119,18
27.09.2025;CEST;14:45;15:00;EUR/MWh;127,26;127,26
27.09.2025;CEST;15:00;15:15;EUR/MWh;99,93;99,93
27.09.2025;CEST;15:15;15:30;EUR/MWh;116,91;116,91
27.09.2025;CEST;15:30;15:45;EUR/MWh;114,13;114,13
27.09.2025;CEST;15:45;16:00;EUR/MWh;119,12;119,12
27.09.2025;CEST;16:00;16:15;EUR/MWh;111,59;111,59
27.09.2025;CEST;16:15;16:30;EUR/MWh;97,56;97,56
27.09.2025;CEST;16:30;16:45;EUR/MWh;108,8;108,8
27.09.2025;CEST;16:45;17:00;EUR/MWh;106,69;106,69
27.09.2025;CEST;17:00;17:15;EUR/MWh;46,31;46,31
27.09.2025;CEST;17:15;17:30;EUR/MWh;74,65;74,65
27.09.2025;CEST;17:30;17:45;EUR/MWh;94,71;94,71
27.09.2025;CEST;17:45;18:00;EUR/MWh;123,66;123,66
27.09.2025;CEST;18:00;18:15;EUR/MWh;134,67;134,67
27.09.2025;CEST;18:15;18:30;EUR/MWh;138,31;138,31
27.09.2025;CEST;18:30;18:45;EUR/MWh;109,84;109,84
27.09.2025;CEST;18:45;19:00;EUR/MWh;143,17;143,17
27.09.2025;CEST;19:00;19:15;EUR/MWh;112,57;112,57
27.09.2025;CEST;19:15;19:30;EUR/MWh;133,04;133,04
27.09.2025;CEST;19:30;19:45;EUR/MWh;139,64;139,64
27.09.2025;CEST;19:45;20:00;EUR/MWh;120,81;120,81
27.09.2025;CEST;20:00;20:15;EUR/MWh;147,85;147,85
27.09.2025;CEST;20:15;20:30;EUR/MWh;140,62;140,62
27.09.2025;CEST;20:30;20:45;EUR/MWh;136,82;136,82
27.09.2025;CEST;20:45;21:00;EUR/MWh;117,86;117,86
27.09.2025;CEST;21:00;21:15;EUR/MWh;138,53;138,53
27.09.2025;CEST;21:15;21:30;EUR/MWh;146,9;146,9
27.09.2025;CEST;21:30;21:45;EUR/MWh;123,91;123,91
27.09.2025;CEST;21:45;22:00;EUR/MWh;92,47;92,47
27.09.2025;CEST;22:00;22:15;EUR/MWh;149,3;149,3
27.09.2025;CEST;22:15;22:30;EUR/MWh;153,61;153,61
27.09.2025;CEST;22:30;22:45;EUR/MWh;162,45;162,45
27.09.2025;CEST;22:45;23:00;EUR/MWh;118,67;118,67
27.09.2025;CEST;23:00;23:15;EUR/MWh;90,66;90,66
27.09.2025;CEST;23:15;23:30;EUR/MWh;82,55;82,55
27.09.2025;CEST;23:30;23:45;EUR/MWh;80,61;80,61
27.09.2025;CEST;23:45;00:00;EUR/MWh;77,97;77,97
28.09.2025;CEST;00:00;00:15;EUR/MWh;128,49;128,49
28.09.2025;CEST;00:15;00:30;EUR/MWh;111,4;111,4
28.09.2025;CEST;00:30;00:45;EUR/MWh;129,48;129,48
28.09.2025;CEST;00:45;01:00;EUR/MWh;126,67;126,67
28.09.2025;CEST;01:00;01:15;EUR/MWh;76,84;76,84
28.09.2025;CEST;01:15;01:30;EUR/MWh;79,9;79,9
28.09.2025;CEST;01:30;01:45;EUR/MWh;75,52;75,52
28.09.2025;CEST;01:45;02:00;EUR/MWh;64,42;64,42
28.09.2025;CEST;02:00;02:15;EUR/MWh;107,8;107,8
28.09.2025;CEST;02:15;02:30;EUR/MWh;96,81;96,81
28.09.2025;CEST;02:30;02:45;EUR/MWh;118,88;118,88
28.09.2025;CEST;02:45;03:00;EUR/MWh;143,45;143,45
28.09.2025;CEST;03:00;03:15;EUR/MWh;146,23;146,23
28.09.2025;CEST;03:15;03:30;EUR/MWh;131,46;131,46
28.09.2025;CEST;03:30;03:45;EUR/MWh;104,57;104,57
28.09.2025;CEST;03:45;04:00;EUR/MWh;96,83;96,83
28.09.2025;CEST;04:00;04:15;EUR/MWh;83,15;83,15
28.09.2025;CEST;04:15;04:30;EUR/MWh;79,06;79,06
28.09.2025;CEST;04:30;04:45;EUR/MWh;83,74;83,74
28.09.2025;CEST;04:45;05:00;EUR/MWh;92,61;92,61
28.09.2025;CEST;05:00;05:15;EUR/MWh;104,55;104,55
28.09.2025;CEST;05:15;05:30;EUR/MWh;103,58;103,58
28.09.2025;CEST;05:30;05:45;EUR/MWh;115,57;115,57
28.09.2025;CEST;05:45;06:00;EUR/MWh;120,54;120,54
28.09.2025;CEST;06:00;06:15;EUR/MWh;118,5;118,5
28.09.2025;CEST;06:15;06:30;EUR/MWh;120,58;120,58
28.09.2025;CEST;06:30;06:45;EUR/MWh;144;144
28.09.2025;CEST;06:45;07:00;EUR/MWh;151,9;151,9
28.09.2025;CEST;07:00;07:15;EUR/MWh;173,35;173,35
28.09.2025;CEST;07:15;07:30;EUR/MWh;133,04;133,04
28.09.2025;CEST;07:30;07:45;EUR/MWh;111,48;111,48
28.09.2025;CEST;07:45;08:00;EUR/MWh;80,64;80,64
28.09.2025;CEST;08:00;08:15;EUR/MWh;95,39;95,39
28.09.2025;CEST;08:15;08:30;EUR/MWh;81,29;81,29
28.09.2025;CEST;08:30;08:45;EUR/MWh;73,07;73,07
28.09.2025;CEST;08:45;09:00;EUR/MWh;126,94;126,94
28.09.2025;CEST;09:00;09:15;EUR/MWh;146,72;146,72
28.09.2025;CEST;09:15;09:30;EUR/MWh;139,21;139,21
28.09.2025;CEST;09:30;09:45;EUR/MWh;195,91;195,91
28.09.2025;CEST;09:45;10:00;EUR/MWh;227,22;227,22
28.09.2025;CEST;10:00;10:15;EUR/MWh;170,98;170,98
28.09.2025;CEST;10:15;10:30;EUR/MWh;208,4;208,4
28.09.2025;CEST;10:30;10:45;EUR/MWh;180,16;180,16
28.09.2025;CEST;10:45;11:00;EUR/MWh;129,28;129,28
28.09.2025;CEST;11:00;11:15;EUR/MWh;135,83;135,83
28.09.2025;CEST;11:15;11:30;EUR/MWh;56,76;56,76
28.09.2025;CEST;11:30;11:45;EUR/MWh;23,79;23,79
28.09.2025;CEST;11:45;12:00;EUR/MWh;-5,37;-5,37
28.09.2025;CEST;12:00;12:15;EUR/MWh;8,68;8,68
28.09.2025;CEST;12:15;12:30;EUR/MWh;-1,51;-1,51
28.09.2025;CEST;12:30;12:45;EUR/MWh;-6,86;-6,86
28.09.2025;CEST;12:45;13:00;EUR/MWh;-9,18;-9,18
28.09.2025;CEST;13:00;13:15;EUR/MWh;13,77;13,77
28.09.2025;CEST;13:15;13:30;EUR/MWh;7,08;7,08
28.09.2025;CEST;13:30;13:45;EUR/MWh;17,24;17,24
28.09.2025;CEST;13:45;14:00;EUR/MWh;19,46;19,46
28.09.2025;CEST;14:00;14:15;EUR/MWh;18,84;18,84
28.09.2025;CEST;14:15;14:30;EUR/MWh;34,41;34,41
28.09.2025;CEST;14:30;14:45;EUR/MWh;48,09;48,09
28.09.2025;CEST;14:45;15:00;EUR/MWh;48,8;48,8
28.09.2025;CEST;15:00;15:15;EUR/MWh;77;77
28.09.2025;CEST;15:15;15:30;EUR/MWh;57,39;57,39
28.09.2025;CEST;15:30;15:45;EUR/MWh;92,5;92,5
28.09.2025;CEST;15:45;16:00;EUR/MWh;97,9;97,9
28.09.2025;CEST;16:00;16:15;EUR/MWh;117,41;117,41
28.09.2025;CEST;16:15;16:30;EUR/MWh;131,42;131,42
28.09.2025;CEST;16:30;16:45;EUR/MWh;134,19;134,19
28.09.2025;CEST;16:45;17:00;EUR/MWh;123,82;123,82
28.09.2025;CEST;17:00;17:15;EUR/MWh;47,98;47,98
28.09.2025;CEST;17:15;17:30;EUR/MWh;40,27;40,27
28.09.2025;CEST;17:30;17:45;EUR/MWh;147,9;147,9
28.09.2025;CEST;17:45;18:00;EUR/MWh;137,77;137,77
28.09.2025;CEST;18:00;18:15;EUR/MWh;162,18;162,18
28.09.2025;CEST;18:15;18:30;EUR/MWh;175,45;175,45
28.09.2025;CEST;18:30;18:45;EUR/MWh;215,26;215,26
28.09.2025;CEST;18:45;19:00;EUR/MWh;133,94;133,94
28.09.2025;CEST;19:00;19:15;EUR/MWh;143,24;143,24
28.09.2025;CEST;19:15;19:30;EUR/MWh;112,06;112,06
28.09.2025;CEST;19:30;19:45;EUR/MWh;75,92;75,92
28.09.2025;CEST;19:45;20:00;EUR/MWh;75,88;75,88
28.09.2025;CEST;20:00;20:15;EUR/MWh;84,59;84,59
28.09.2025;CEST;20:15;20:30;EUR/MWh;63,09;63,09
28.09.2025;CEST;20:30;20:45;EUR/MWh;62,33;62,33
28.09.2025;CEST;20:45;21:00;EUR/MWh;56,27;56,27
28.09.2025;CEST;21:00;21:15;EUR/MWh;119,7;119,7
28.09.2025;CEST;21:15;21:30;EUR/MWh;92,84;92,84
28.09.2025;CEST;21:30;21:45;EUR/MWh;102,12;102,12
28.09.2025;CEST;21:45;22:00;EUR/MWh;88,77;88,77
28.09.2025;CEST;22:00;22:15;EUR/MWh;132,66;132,66
28.09.2025;CEST;22:15;22:30;EUR/MWh;142,84;142,84
28.09.2025;CEST;22:30;22:45;EUR/MWh;140,1;140,1
28.09.2025;CEST;22:45;23:00;EUR/MWh;126,46;126,46
28.09.2025;CEST;23:00;23:15;EUR/MWh;85;85
28.09.2025;CEST;23:15;23:30;EUR/MWh;82,74;82,74
28.09.2025;CEST;23:30;23:45;EUR/MWh;69,97;69,97
28.09.2025;CEST;23:45;00:00;EUR/MWh;70,15;70,15
29.09.2025;CEST;00:00;00:15;EUR/MWh;81,24;81,24
29.09.2025;CEST;00:15;00:30;EUR/MWh;86,67;86,67
29.09.2025;CEST;00:30;00:45;EUR/MWh;106,52;106,52
29.09.2025;CEST;00:45;01:00;EUR/MWh;102,22;102,22
29.09.2025;CEST;01:00;01:15;EUR/MWh;94,07;94,07
29.09.2025;CEST;01:15;01:30;EUR/MWh;123,41;123,41
29.09.2025;CEST;01:30;01:45;EUR/MWh;103,7;103,7
29.09.2025;CEST;01:45;02:00;EUR/MWh;101,32;101,32
29.09.2025;CEST;02:00;02:15;EUR/MWh;130,09;130,09
29.09.2025;CEST;02:15;02:30;EUR/MWh;83,82;83,82
29.09.2025;CEST;02:30;02:45;EUR/MWh;83,17;83,17
29.09.2025;CEST;02:45;03:00;EUR/MWh;83,76;83,76
29.09.2025;CEST;03:00;03:15;EUR/MWh;82,52;82,52
29.09.2025;CEST;03:15;03:30;EUR/MWh;83,24;83,24
29.09.2025;CEST;03:30;03:45;EUR/MWh;91,93;91,93
29.09.2025;CEST;03:45;04:00;EUR/MWh;83,74;83,74
29.09.2025;CEST;04:00;04:15;EUR/MWh;87,42;87,42
29.09.2025;CEST;04:15;04:30;EUR/MWh;101,81;101,81
29.09.2025;CEST;04:30;04:45;EUR/MWh;114,44;114,44
29.09.2025;CEST;04:45;05:00;EUR/MWh;113,04;113,04
29.09.2025;CEST;05:00;05:15;EUR/MWh;102,31;102,31
29.09.2025;CEST;05:15;05:30;EUR/MWh;106,97;106,97
29.09.2025;CEST;05:30;05:45;EUR/MWh;153,92;153,92
29.09.2025;CEST;05:45;06:00;EUR/MWh;135,25;135,25
29.09.2025;CEST;06:00;06:15;EUR/MWh;29,12;29,12
29.09.2025;CEST;06:15;06:30;EUR/MWh;154,1;154,1
29.09.2025;CEST;06:30;06:45;EUR/MWh;205,05;205,05
29.09.2025;CEST;06:45;07:00;EUR/MWh;174,74;174,74
29.09.2025;CEST;07:00;07:15;EUR/MWh;148,26;148,26
29.09.2025;CEST;07:15;07:30;EUR/MWh;136,04;136,04
29.09.2025;CEST;07:30;07:45;EUR/MWh;181,64;181,64
29.09.2025;CEST;07:45;08:00;EUR/MWh;175,27;175,27
29.09.2025;CEST;08:00;08:15;EUR/MWh;198,06;198,06
29.09.2025;CEST;08:15;08:30;EUR/MWh;88,72;88,72
29.09.2025;CEST;08:30;08:45;EUR/MWh;102,81;102,81
29.09.2025;CEST;08:45;09:00;EUR/MWh;84,63;84,63
29.09.2025;CEST;09:00;09:15;EUR/MWh;187,58;187,58
29.09.2025;CEST;09:15;09:30;EUR/MWh;189,73;189,73
29.09.2025;CEST;09:30;09:45;EUR/MWh;138,06;138,06
29.09.2025;CEST;09:45;10:00;EUR/MWh;177,41;177,41
29.09.2025;CEST;10:00;10:15;EUR/MWh;165,85;165,85
29.09.2025;CEST;10:15;10:30;EUR/MWh;61,88;61,88
29.09.2025;CEST;10:30;10:45;EUR/MWh;95,31;95,31
29.09.2025;CEST;10:45;11:00;EUR/MWh;79,57;79,57
29.09.2025;CEST;11:00;11:15;EUR/MWh;60,74;60,74
29.09.2025;CEST;11:15;11:30;EUR/MWh;73,02;73,02
29.09.2025;CEST;11:30;11:45;EUR/MWh;56,18;56,18
29.09.2025;CEST;11:45;12:00;EUR/MWh;43,59;43,59
29.09.2025;CEST;12:00;12:15;EUR/MWh;39,92;39,92
29.09.2025;CEST;12:15;12:30;EUR/MWh;3,94;3,94
29.09.2025;CEST;12:30;12:45;EUR/MWh;-16,75;-16,75
29.09.2025;CEST;12:45;13:00;EUR/MWh;-13,97;-13,97
29.09.2025;CEST;13:00;13:15;EUR/MWh;48,74;48,74
29.09.2025;CEST;13:15;13:30;EUR/MWh;6,33;6,33
29.09.2025;CEST;13:30;13:45;EUR/MWh;35,74;35,74
29.09.2025;CEST;13:45;14:00;EUR/MWh;94,85;94,85
29.09.2025;CEST;14:00;14:15;EUR/MWh;95,74;95,74
29.09.2025;CEST;14:15;14:30;EUR/MWh;103,69;103,69
29.09.2025;CEST;14:30;14:45;EUR/MWh;135,58;135,58
29.09.2025;CEST;14:45;15:00;EUR/MWh;128,08;128,08
29.09.2025;CEST;15:00;15:15;EUR/MWh;4,11;4,11
29.09.2025;CEST;15:15;15:30;EUR/MWh;71,86;71,86
29.09.2025;CEST;15:30;15:45;EUR/MWh;102,3;102,3
29.09.2025;CEST;15:45;16:00;EUR/MWh;116,87;116,87
29.09.2025;CEST;16:00;16:15;EUR/MWh;89,08;89,08
29.09.2025;CEST;16:15;16:30;EUR/MWh;135,38;135,38
29.09.2025;CEST;16:30;16:45;EUR/MWh;149,14;149,14
29.09.2025;CEST;16:45;17:00;EUR/MWh;176,45;176,45
29.09.2025;CEST;17:00;17:15;EUR/MWh;33,15;33,15
29.09.2025;CEST;17:15;17:30;EUR/MWh;57,01;57,01
29.09.2025;CEST;17:30;17:45;EUR/MWh;69,63;69,63
29.09.2025;CEST;17:45;18:00;EUR/MWh;65,08;65,08
29.09.2025;CEST;18:00;18:15;EUR/MWh;44,28;44,28
29.09.2025;CEST;18:15;18:30;EUR/MWh;83,33;83,33
29.09.2025;CEST;18:30;18:45;EUR/MWh;128,31;128,31
29.09.2025;CEST;18:45;19:00;EUR/MWh;121,98;121,98
29.09.2025;CEST;19:00;19:15;EUR/MWh;116,38;116,38
29.09.2025;CEST;19:15;19:30;EUR/MWh;138;138
29.09.2025;CEST;19:30;19:45;EUR/MWh;134,88;134,88
29.09.2025;CEST;19:45;20:00;EUR/MWh;106,02;106,02
29.09.2025;CEST;20:00;20:15;EUR/MWh;111,71;111,71
29.09.2025;CEST;20:15;20:30;EUR/MWh;102,58;102,58
29.09.2025;CEST;20:30;20:45;EUR/MWh;93,97;93,97
29.09.2025;CEST;20:45;21:00;EUR/MWh;81,13;81,13
29.09.2025;CEST;21:00;21:15;EUR/MWh;165,01;165,01
29.09.2025;CEST;21:15;21:30;EUR/MWh;146,09;146,09
29.09.2025;CEST;21:30;21:45;EUR/MWh;165,29;165,29
29.09.2025;CEST;21:45;22:00;EUR/MWh;155,25;155,25
29.09.2025;CEST;22:00;22:15;EUR/MWh;150,55;150,55
29.09.2025;CEST;22:15;22:30;EUR/MWh;138,02;138,02
29.09.2025;CEST;22:30;22:45;EUR/MWh;144,12;144,12
29.09.2025;CEST;22:45;23:00;EUR/MWh;83,85;83,85
29.09.2025;CEST;23:00;23:15;EUR/MWh;92,12;92,12
29.09.2025;CEST;23:15;23:30;EUR/MWh;73,49;73,49
29.09.2025;CEST;23:30;23:45;EUR/MWh;73,72;73,72
29.09.2025;CEST;23:45;00:00;EUR/MWh;80,1;80,1
30.09.2025;CEST;00:00;00:15;EUR/MWh;79,32;79,32
30.09.2025;CEST;00:15;00:30;EUR/MWh;100,01;100,01
30.09.2025;CEST;00:30;00:45;EUR/MWh;122,85;122,85
30.09.2025;CEST;00:45;01:00;EUR/MWh;139,61;139,61
30.09.2025;CEST;01:00;01:15;EUR/MWh;78,99;78,99
30.09.2025;CEST;01:15;01:30;EUR/MWh;72,8;72,8
30.09.2025;CEST;01:30;01:45;EUR/MWh;72,3;72,3
30.09.2025;CEST;01:45;02:00;EUR/MWh;128,98;128,98
30.09.2025;CEST;02:00;02:15;EUR/MWh;76,81;76,81
30.09.2025;CEST;02:15;02:30;EUR/MWh;77,34;77,34
30.09.2025;CEST;02:30;02:45;EUR/MWh;122,3;122,3
30.09.2025;CEST;02:45;03:00;EUR/MWh;90,94;90,94
30.09.2025;CEST;03:00;03:15;EUR/MWh;115,33;115,33
30.09.2025;CEST;03:15;03:30;EUR/MWh;120,16;120,16
30.09.2025;CEST;03:30;03:45;EUR/MWh;110,48;110,48
30.09.2025;CEST;03:45;04:00;EUR/MWh;108,67;108,67
30.09.2025;CEST;04:00;04:15;EUR/MWh;113,01;113,01
30.09.2025;CEST;04:15;04:30;EUR/MWh;105,46;105,46
30.09.2025;CEST;04:30;04:45;EUR/MWh;102,06;102,06
30.09.2025;CEST;04:45;05:00;EUR/MWh;83,06;83,06
30.09.2025;CEST;05:00;05:15;EUR/MWh;51,78;51,78
30.09.2025;CEST;05:15;05:30;EUR/MWh;73,06;73,06
30.09.2025;CEST;05:30;05:45;EUR/MWh;76,57;76,57
30.09.2025;CEST;05:45;06:00;EUR/MWh;132,79;132,79
30.09.2025;CEST;06:00;06:15;EUR/MWh;168,26;168,26
30.09.2025;CEST;06:15;06:30;EUR/MWh;82,35;82,35
30.09.2025;CEST;06:30;06:45;EUR/MWh;76,32;76,32
30.09.2025;CEST;06:45;07:00;EUR/MWh;124,26;124,26
30.09.2025;CEST;07:00;07:15;EUR/MWh;181,1;181,1
30.09.2025;CEST;07:15;07:30;EUR/MWh;175,79;175,79
30.09.2025;CEST;07:30;07:45;EUR/MWh;154,66;154,66
30.09.2025;CEST;07:45;08:00;EUR/MWh;150,71;150,71
30.09.2025;CEST;08:00;08:15;EUR/MWh;220,69;220,69
30.09.2025;CEST;08:15;08:30;EUR/MWh;135,18;135,18
30.09.2025;CEST;08:30;08:45;EUR/MWh;98,34;98,34
30.09.2025;CEST;08:45;09:00;EUR/MWh;85,28;85,28
30.09.2025;CEST;09:00;09:15;EUR/MWh;176,46;176,46
30.09.2025;CEST;09:15;09:30;EUR/MWh;155,51;155,51
30.09.2025;CEST;09:30;09:45;EUR/MWh;139,63;139,63
30.09.2025;CEST;09:45;10:00;EUR/MWh;132,06;132,06
30.09.2025;CEST;10:00;10:15;EUR/MWh;126,07;126,07
30.09.2025;CEST;10:15;10:30;EUR/MWh;105,36;105,36
30.09.2025;CEST;10:30;10:45;EUR/MWh;59,95;59,95
30.09.2025;CEST;10:45;11:00;EUR/MWh;57,02;57,02
30.09.2025;CEST;11:00;11:15;EUR/MWh;82,23;82,23
30.09.2025;CEST;11:15;11:30;EUR/MWh;67,23;67,23
30.09.2025;CEST;11:30;11:45;EUR/MWh;73,84;73,84
30.09.2025;CEST;11:45;12:00;EUR/MWh;151,65;151,65
30.09.2025;CEST;12:00;12:15;EUR/MWh;124,25;124,25
30.09.2025;CEST;12:15;12:30;EUR/MWh;110,82;110,82
30.09.2025;CEST;12:30;12:45;EUR/MWh;104,07;104,07
30.09.2025;CEST;12:45;13:00;EUR/MWh;114,79;114,79
30.09.2025;CEST;13:00;13:15;EUR/MWh;99,93;99,93
30.09.2025;CEST;13:15;13:30;EUR/MWh;52,1;52,1
30.09.2025;CEST;13:30;13:45;EUR/MWh;41,69;41,69
30.09.2025;CEST;13:45;14:00;EUR/MWh;85,4;85,4
30.09.2025;CEST;14:00;14:15;EUR/MWh;87,54;87,54
30.09.2025;CEST;14:15;14:30;EUR/MWh;99,71;99,71
30.09.2025;CEST;14:30;14:45;EUR/MWh;151,87;151,87
30.09.2025;CEST;14:45;15:00;EUR/MWh;146,04;146,04
30.09.2025;CEST;15:00;15:15;EUR/MWh;52,22;52,22
30.09.2025;CEST;15:15;15:30;EUR/MWh;85,92;85,92
30.09.2025;CEST;15:30;15:45;EUR/MWh;74,7;74,7
30.09.2025;CEST;15:45;16:00;EUR/MWh;79,5;79,5
30.09.2025;CEST;16:00;16:15;EUR/MWh;72,1;72,1
30.09.2025;CEST;16:15;16:30;EUR/MWh;72,78;72,78
30.09.2025;CEST;16:30;16:45;EUR/MWh;74,07;74,07
30.09.2025;CEST;16:45;17:00;EUR/MWh;97,32;97,32
30.09.2025;CEST;17:00;17:15;EUR/MWh;61,01;61,01
30.09.2025;CEST;17:15;17:30;EUR/MWh;73,82;73,82
30.09.2025;CEST;17:30;17:45;EUR/MWh;137,99;137,99
30.09.2025;CEST;17:45;18:00;EUR/MWh;155,09;155,09
30.09.2025;CEST;18:00;18:15;EUR/MWh;82,29;82,29
30.09.2025;CEST;18:15;18:30;EUR/MWh;89,07;89,07
30.09.2025;CEST;18:30;18:45;EUR/MWh;130,64;130,64
30.09.2025;CEST;18:45;19:00;EUR/MWh;131,21;131,21
30.09.2025;CEST;19:00;19:15;EUR/MWh;123,49;123,49
30.09.2025;CEST;19:15;19:30;EUR/MWh;134,55;134,55
30.09.2025;CEST;19:30;19:45;EUR/MWh;103,81;103,81
30.09.2025;CEST;19:45;20:00;EUR/MWh;117,89;117,89
30.09.2025;CEST;20:00;20:15;EUR/MWh;148,43;148,43
30.09.2025;CEST;20:15;20:30;EUR/MWh;87,81;87,81
30.09.2025;CEST;20:30;20:45;EUR/MWh;84,9;84,9
30.09.2025;CEST;20:45;21:00;EUR/MWh;88,49;88,49
30.09.2025;CEST;21:00;21:15;EUR/MWh;129,51;129,51
30.09.2025;CEST;21:15;21:30;EUR/MWh;139,25;139,25
30.09.2025;CEST;21:30;21:45;EUR/MWh;98,27;98,27
30.09.2025;CEST;21:45;22:00;EUR/MWh;75,96;75,96
30.09.2025;CEST;22:00;22:15;EUR/MWh;78,85;78,85
30.09.2025;CEST;22:15;22:30;EUR/MWh;138,94;138,94
30.09.2025;CEST;22:30;22:45;EUR/MWh;90,56;90,56
30.09.2025;CEST;22:45;23:00;EUR/MWh;74,57;74,57
30.09.2025;CEST;23:00;23:15;EUR/MWh;81,2;81,2
30.09.2025;CEST;23:15;23:30;EUR/MWh;62,66;62,66
30.09.2025;CEST;23:30;23:45;EUR/MWh;77,35;77,35
30.09.2025;CEST;23:45;00:00;EUR/MWh;73;73
01.10.2025;CEST;00:00;00:15;EUR/MWh;133,58;133,58
01.10.2025;CEST;00:15;00:30;EUR/MWh;132,26;132,26
01.10.2025;CEST;00:30;00:45;EUR/MWh;133,65;133,65
01.10.2025;CEST;00:45;01:00;EUR/MWh;132,53;132,53
01.10.2025;CEST;01:00;01:15;EUR/MWh;107,24;107,24
01.10.2025;CEST;01:15;01:30;EUR/MWh;102,24;102,24
01.10.2025;CEST;01:30;01:45;EUR/MWh;118,3;118,3
01.10.2025;CEST;01:45;02:00;EUR/MWh;85,21;85,21
01.10.2025;CEST;02:00;02:15;EUR/MWh;87,35;87,35
01.10.2025;CEST;02:15;02:30;EUR/MWh;102,57;102,57
01.10.2025;CEST;02:30;02:45;EUR/MWh;105,07;105,07
01.10.2025;CEST;02:45;03:00;EUR/MWh;113,39;113,39
01.10.2025;CEST;03:00;03:15;EUR/MWh;147,15;147,15
01.10.2025;CEST;03:15;03:30;EUR/MWh;148,62;148,62
01.10.2025;CEST;03:30;03:45;EUR/MWh;151,94;151,94
01.10.2025;CEST;03:45;04:00;EUR/MWh;115,57;115,57
01.10.2025;CEST;04:00;04:15;EUR/MWh;124,81;124,81
01.10.2025;CEST;04:15;04:30;EUR/MWh;118,92;118,92
01.10.2025;CEST;04:30;04:45;EUR/MWh;107;107
01.10.2025;CEST;04:45;05:00;EUR/MWh;125,37;125,37
01.10.2025;CEST;05:00;05:15;EUR/MWh;118,98;118,98
01.10.2025;CEST;05:15;05:30;EUR/MWh;116,22;116,22
01.10.2025;CEST;05:30;05:45;EUR/MWh;153,65;153,65
01.10.2025;CEST;05:45;06:00;EUR/MWh;157,4;157,4
01.10.2025;CEST;06:00;06:15;EUR/MWh;157,11;157,11
01.10.2025;CEST;06:15;06:30;EUR/MWh;151,34;151,34
01.10.2025;CEST;06:30;06:45;EUR/MWh;208,43;208,43
01.10.2025;CEST;06:45;07:00;EUR/MWh;229,65;229,65
01.10.2025;CEST;07:00;07:15;EUR/MWh;241,88;241,88
01.10.2025;CEST;07:15;07:30;EUR/MWh;347,61;347,61
01.10.2025;CEST;07:30;07:45;EUR/MWh;99,76;99,76
01.10.2025;CEST;07:45;08:00;EUR/MWh;244,52;244,52
01.10.2025;CEST;08:00;08:15;EUR/MWh;105,24;105,24
01.10.2025;CEST;08:15;08:30;EUR/MWh;109,45;109,45
01.10.2025;CEST;08:30;08:45;EUR/MWh;54,52;54,52
01.10.2025;CEST;08:45;09:00;EUR/MWh;44,12;44,12
01.10.2025;CEST;09:00;09:15;EUR/MWh;124,79;124,79
01.10.2025;CEST;09:15;09:30;EUR/MWh;122;122
01.10.2025;CEST;09:30;09:45;EUR/MWh;109,04;109,04
01.10.2025;CEST;09:45;10:00;EUR/MWh;103,79;103,79
01.10.2025;CEST;10:00;10:15;EUR/MWh;138,88;138,88
01.10.2025;CEST;10:15;10:30;EUR/MWh;140,11;140,11
01.10.2025;CEST;10:30;10:45;EUR/MWh;99,09;99,09
01.10.2025;CEST;10:45;11:00;EUR/MWh;41,29;41,29
01.10.2025;CEST;11:00;11:15;EUR/MWh;17,97;17,97
01.10.2025;CEST;11:15;11:30;EUR/MWh;56;56
01.10.2025;CEST;11:30;11:45;EUR/MWh;53,98;53,98
01.10.2025;CEST;11:45;12:00;EUR/MWh;3,51;3,51
01.10.2025;CEST;12:00;12:15;EUR/MWh;29,32;29,32
01.10.2025;CEST;12:15;12:30;EUR/MWh;-0,66;-0,66
01.10.2025;CEST;12:30;12:45;EUR/MWh;14,22;14,22
01.10.2025;CEST;12:45;13:00;EUR/MWh;12,26;12,26
01.10.2025;CEST;13:00;13:15;EUR/MWh;-3,26;-3,26
01.10.2025;CEST;13:15;13:30;EUR/MWh;4,32;4,32
01.10.2025;CEST;13:30;13:45;EUR/MWh;55,1;55,1
01.10.2025;CEST;13:45;14:00;EUR/MWh;83,97;83,97
01.10.2025;CEST;14:00;14:15;EUR/MWh;92,29;92,29
01.10.2025;CEST;14:15;14:30;EUR/MWh;92,38;92,38
01.10.2025;CEST;14:30;14:45;EUR/MWh;110,88;110,88
01.10.2025;CEST;14:45;15:00;EUR/MWh;111,38;111,38
01.10.2025;CEST;15:00;15:15;EUR/MWh;47,14;47,14
01.10.2025;CEST;15:15;15:30;EUR/MWh;57,88;57,88
01.10.2025;CEST;15:30;15:45;EUR/MWh;67,04;67,04
01.10.2025;CEST;15:45;16:00;EUR/MWh;101,61;101,61
01.10.2025;CEST;16:00;16:15;EUR/MWh;101,84;101,84
01.10.2025;CEST;16:15;16:30;EUR/MWh;127,32;127,32
01.10.2025;CEST;16:30;16:45;EUR/MWh;87,65;87,65
01.10.2025;CEST;16:45;17:00;EUR/MWh;87,43;87,43
01.10.2025;CEST;17:00;17:15;EUR/MWh;146,19;146,19
01.10.2025;CEST;17:15;17:30;EUR/MWh;59,81;59,81
01.10.2025;CEST;17:30;17:45;EUR/MWh;92,81;92,81
01.10.2025;CEST;17:45;18:00;EUR/MWh;122,97;122,97
01.10.2025;CEST;18:00;18:15;EUR/MWh;72,73;72,73
01.10.2025;CEST;18:15;18:30;EUR/MWh;133,66;133,66
01.10.2025;CEST;18:30;18:45;EUR/MWh;172,15;172,15
01.10.2025;CEST;18:45;19:00;EUR/MWh;136,16;136,16
01.10.2025;CEST;19:00;19:15;EUR/MWh;124,55;124,55
01.10.2025;CEST;19:15;19:30;EUR/MWh;142,27;142,27
01.10.2025;CEST;19:30;19:45;EUR/MWh;129,94;129,94
01.10.2025;CEST;19:45;20:00;EUR/MWh;113,83;113,83
01.10.2025;CEST;20:00;20:15;EUR/MWh;138,98;138,98
01.10.2025;CEST;20:15;20:30;EUR/MWh;99,2;99,2
01.10.2025;CEST;20:30;20:45;EUR/MWh;67,65;67,65
01.10.2025;CEST;20:45;21:00;EUR/MWh;71,87;71,87
01.10.2025;CEST;21:00;21:15;EUR/MWh;119,97;119,97
01.10.2025;CEST;21:15;21:30;EUR/MWh;96,03;96,03
01.10.2025;CEST;21:30;21:45;EUR/MWh;72,82;72,82
01.10.2025;CEST;21:45;22:00;EUR/MWh;77,01;77,01
01.10.2025;CEST;22:00;22:15;EUR/MWh;72,18;72,18
01.10.2025;CEST;22:15;22:30;EUR/MWh;53,63;53,63
01.10.2025;CEST;22:30;22:45;EUR/MWh;63,68;63,68
01.10.2025;CEST;22:45;23:00;EUR/MWh;68,03;68,03
01.10.2025;CEST;23:00;23:15;EUR/MWh;88,3;88,3
01.10.2025;CEST;23:15;23:30;EUR/MWh;95,4;95,4
01.10.2025;CEST;23:30;23:45;EUR/MWh;94,33;94,33
01.10.2025;CEST;23:45;00:00;EUR/MWh;84,02;84,02
02.10.2025;CEST;00:00;00:15;EUR/MWh;65,89;65,89
02.10.2025;CEST;00:15;00:30;EUR/MWh;70,46;70,46
02.10.2025;CEST;00:30;00:45;EUR/MWh;76,88;76,88
02.10.2025;CEST;00:45;01:00;EUR/MWh;85,54;85,54
02.10.2025;CEST;01:00;01:15;EUR/MWh;87,99;87,99
02.10.2025;CEST;01:15;01:30;EUR/MWh;82,22;82,22
02.10.2025;CEST;01:30;01:45;EUR/MWh;96,03;96,03
02.10.2025;CEST;01:45;02:00;EUR/MWh;90,9;90,9
02.10.2025;CEST;02:00;02:15;EUR/MWh;75,85;75,85
02.10.2025;CEST;02:15;02:30;EUR/MWh;61,8;61,8
02.10.2025;CEST;02:30;02:45;EUR/MWh;62,96;62,96
02.10.2025;CEST;02:45;03:00;EUR/MWh;68,04;68,04
02.10.2025;CEST;03:00;03:15;EUR/MWh;71,71;71,71
02.10.2025;CEST;03:15;03:30;EUR/MWh;71,16;71,16
02.10.2025;CEST;03:30;03:45;EUR/MWh;61,16;61,16
02.10.2025;CEST;03:45;04:00;EUR/MWh;60,22;60,22
02.10.2025;CEST;04:00;04:15;EUR/MWh;76,02;76,02
02.10.2025;CEST;04:15;04:30;EUR/MWh;57,37;57,37
02.10.2025;CEST;04:30;04:45;EUR/MWh;68,35;68,35
02.10.2025;CEST;04:45;05:00;EUR/MWh;67,64;67,64
02.10.2025;CEST;05:00;05:15;EUR/MWh;64,61;64,61
02.10.2025;CEST;05:15;05:30;EUR/MWh;71,61;71,61
02.10.2025;CEST;05:30;05:45;EUR/MWh;83,86;83,86
02.10.2025;CEST;05:45;06:00;EUR/MWh;106,17;106,17
02.10.2025;CEST;06:00;06:15;EUR/MWh;30,5;30,5
02.10.2025;CEST;06:15;06:30;EUR/MWh;101,43;101,43
02.10.2025;CEST;06:30;06:45;EUR/MWh;122,5;122,5
02.10.2025;CEST;06:45;07:00;EUR/MWh;127,14;127,14
02.10.2025;CEST;07:00;07:15;EUR/MWh;145,22;145,22
02.10.2025;CEST;07:15;07:30;EUR/MWh;144,15;144,15
02.10.2025;CEST;07:30;07:45;EUR/MWh;144,58;144,58
02.10.2025;CEST;07:45;08:00;EUR/MWh;158,65;158,65
02.10.2025;CEST;08:00;08:15;EUR/MWh;178,75;178,75
02.10.2025;CEST;08:15;08:30;EUR/MWh;176,76;176,76
02.10.2025;CEST;08:30;08:45;EUR/MWh;201,31;201,31
02.10.2025;CEST;08:45;09:00;EUR/MWh;234,78;234,78
02.10.2025;CEST;09:00;09:15;EUR/MWh;213,38;213,38
02.10.2025;CEST;09:15;09:30;EUR/MWh;110,65;110,65
02.10.2025;CEST;09:30;09:45;EUR/MWh;141,95;141,95
02.10.2025;CEST;09:45;10:00;EUR/MWh;197,59;197,59
02.10.2025;CEST;10:00;10:15;EUR/MWh;203,95;203,95
02.10.2025;CEST;10:15;10:30;EUR/MWh;169,51;169,51
02.10.2025;CEST;10:30;10:45;EUR/MWh;-70,81;-70,81
02.10.2025;CEST;10:45;11:00;EUR/MWh;131,98;131,98
02.10.2025;CEST;11:00;11:15;EUR/MWh;6,19;6,19
02.10.2025;CEST;11:15;11:30;EUR/MWh;-35,17;-35,17
02.10.2025;CEST;11:30;11:45;EUR/MWh;-20,56;-20,56
02.10.2025;CEST;11:45;12:00;EUR/MWh;-29,76;-29,76
02.10.2025;CEST;12:00;12:15;EUR/MWh;-13,06;-13,06
02.10.2025;CEST;12:15;12:30;EUR/MWh;-19,17;-19,17
02.10.2025;CEST;12:30;12:45;EUR/MWh;-19,17;-19,17
02.10.2025;CEST;12:45;13:00;EUR/MWh;-24,57;-24,57
02.10.2025;CEST;13:00;13:15;EUR/MWh;-18,27;-18,27
02.10.2025;CEST;13:15;13:30;EUR/MWh;-29,79;-29,79
02.10.2025;CEST;13:30;13:45;EUR/MWh;-31,71;-31,71
02.10.2025;CEST;13:45;14:00;EUR/MWh;-29,37;-29,37
02.10.2025;CEST;14:00;14:15;EUR/MWh;0;0
02.10.2025;CEST;14:15;14:30;EUR/MWh;-7,48;-7,48
02.10.2025;CEST;14:30;14:45;EUR/MWh;8,89;8,89
02.10.2025;CEST;14:45;15:00;EUR/MWh;-6,11;-6,11
02.10.2025;CEST;15:00;15:15;EUR/MWh;24,05;24,05
02.10.2025;CEST;15:15;15:30;EUR/MWh;95,41;95,41
02.10.2025;CEST;15:30;15:45;EUR/MWh;87,5;87,5
02.10.2025;CEST;15:45;16:00;EUR/MWh;73,14;73,14
02.10.2025;CEST;16:00;16:15;EUR/MWh;45,14;45,14
02.10.2025;CEST;16:15;16:30;EUR/MWh;40,42;40,42
02.10.2025;CEST;16:30;16:45;EUR/MWh;52,54;52,54
02.10.2025;CEST;16:45;17:00;EUR/MWh;46,8;46,8
02.10.2025;CEST;17:00;17:15;EUR/MWh;19,8;19,8
02.10.2025;CEST;17:15;17:30;EUR/MWh;166,78;166,78
02.10.2025;CEST;17:30;17:45;EUR/MWh;107,74;107,74
02.10.2025;CEST;17:45;18:00;EUR/MWh;149,03;149,03
02.10.2025;CEST;18:00;18:15;EUR/MWh;82,29;82,29
02.10.2025;CEST;18:15;18:30;EUR/MWh;144,15;144,15
02.10.2025;CEST;18:30;18:45;EUR/MWh;106,58;106,58
02.10.2025;CEST;18:45;19:00;EUR/MWh;71,97;71,97
02.10.2025;CEST;19:00;19:15;EUR/MWh;101,95;101,95
02.10.2025;CEST;19:15;19:30;EUR/MWh;86,13;86,13
02.10.2025;CEST;19:30;19:45;EUR/MWh;100,57;100,57
02.10.2025;CEST;19:45;20:00;EUR/MWh;102,56;102,56
02.10.2025;CEST;20:00;20:15;EUR/MWh;86,75;86,75
02.10.2025;CEST;20:15;20:30;EUR/MWh;61,3;61,3
02.10.2025;CEST;20:30;20:45;EUR/MWh;51,84;51,84
02.10.2025;CEST;20:45;21:00;EUR/MWh;50,31;50,31
02.10.2025;CEST;21:00;21:15;EUR/MWh;73,2;73,2
02.10.2025;CEST;21:15;21:30;EUR/MWh;74,68;74,68
02.10.2025;CEST;21:30;21:45;EUR/MWh;118,07;118,07
02.10.2025;CEST;21:45;22:00;EUR/MWh;69,93;69,93
02.10.2025;CEST;22:00;22:15;EUR/MWh;114,45;114,45
02.10.2025;CEST;22:15;22:30;EUR/MWh;78,8;78,8
02.10.2025;CEST;22:30;22:45;EUR/MWh;102,98;102,98
02.10.2025;CEST;22:45;23:00;EUR/MWh;124,13;124,13
02.10.2025;CEST;23:00;23:15;EUR/MWh;127,82;127,82
02.10.2025;CEST;23:15;23:30;EUR/MWh;157,54;157,54
02.10.2025;CEST;23:30;23:45;EUR/MWh;123,73;123,73
02.10.2025;CEST;23:45;00:00;EUR/MWh;104,01;104,01
03.10.2025;CEST;00:00;00:15;EUR/MWh;92,89;92,89
03.10.2025;CEST;00:15;00:30;EUR/MWh;115,98;115,98
03.10.2025;CEST;00:30;00:45;EUR/MWh;82,72;82,72
03.10.2025;CEST;00:45;01:00;EUR/MWh;87,28;87,28
03.10.2025;CEST;01:00;01:15;EUR/MWh;66,68;66,68
03.10.2025;CEST;01:15;01:30;EUR/MWh;106,85;106,85
03.10.2025;CEST;01:30;01:45;EUR/MWh;60,72;60,72
03.10.2025;CEST;01:45;02:00;EUR/MWh;107,75;107,75
03.10.2025;CEST;02:00;02:15;EUR/MWh;68,06;68,06
03.10.2025;CEST;02:15;02:30;EUR/MWh;96,78;96,78
03.10.2025;CEST;02:30;02:45;EUR/MWh;116,9;116,9
03.10.2025;CEST;02:45;03:00;EUR/MWh;98,91;98,91
03.10.2025;CEST;03:00;03:15;EUR/MWh;87,99;87,99
03.10.2025;CEST;03:15;03:30;EUR/MWh;64,4;64,4
03.10.2025;CEST;03:30;03:45;EUR/MWh;53,47;53,47
03.10.2025;CEST;03:45;04:00;EUR/MWh;63,03;63,03
03.10.2025;CEST;04:00;04:15;EUR/MWh;109,74;109,74
03.10.2025;CEST;04:15;04:30;EUR/MWh;101,28;101,28
03.10.2025;CEST;04:30;04:45;EUR/MWh;77,62;77,62
03.10.2025;CEST;04:45;05:00;EUR/MWh;83,34;83,34
03.10.2025;CEST;05:00;05:15;EUR/MWh;120,13;120,13
03.10.2025;CEST;05:15;05:30;EUR/MWh;122,09;122,09
03.10.2025;CEST;05:30;05:45;EUR/MWh;109,64;109,64
03.10.2025;CEST;05:45;06:00;EUR/MWh;128,41;128,41
03.10.2025;CEST;06:00;06:15;EUR/MWh;115,47;115,47
03.10.2025;CEST;06:15;06:30;EUR/MWh;135,85;135,85
03.10.2025;CEST;06:30;06:45;EUR/MWh;140,51;140,51
03.10.2025;CEST;06:45;07:00;EUR/MWh;147,5;147,5
03.10.2025;CEST;07:00;07:15;EUR/MWh;176,73;176,73
03.10.2025;CEST;07:15;07:30;EUR/MWh;194,05;194,05
03.10.2025;CEST;07:30;07:45;EUR/MWh;167,72;167,72
03.10.2025;CEST;07:45;08:00;EUR/MWh;146,33;146,33
03.10.2025;CEST;08:00;08:15;EUR/MWh;135,24;135,24
03.10.2025;CEST;08:15;08:30;EUR/MWh;78,26;78,26
03.10.2025;CEST;08:30;08:45;EUR/MWh;18,71;18,71
03.10.2025;CEST;08:45;09:00;EUR/MWh;0,99;0,99
03.10.2025;CEST;09:00;09:15;EUR/MWh;5,09;5,09
03.10.2025;CEST;09:15;09:30;EUR/MWh;61,57;61,57
03.10.2025;CEST;09:30;09:45;EUR/MWh;50,39;50,39
03.10.2025;CEST;09:45;10:00;EUR/MWh;57,51;57,51
03.10.2025;CEST;10:00;10:15;EUR/MWh;98,19;98,19
03.10.2025;CEST;10:15;10:30;EUR/MWh;94,7;94,7
03.10.2025;CEST;10:30;10:45;EUR/MWh;101,48;101,48
03.10.2025;CEST;10:45;11:00;EUR/MWh;65,78;65,78
03.10.2025;CEST;11:00;11:15;EUR/MWh;75,85;75,85
03.10.2025;CEST;11:15;11:30;EUR/MWh;101,01;101,01
03.10.2025;CEST;11:30;11:45;EUR/MWh;64,48;64,48
03.10.2025;CEST;11:45;12:00;EUR/MWh;-6,34;-6,34
03.10.2025;CEST;12:00;12:15;EUR/MWh;-16,81;-16,81
03.10.2025;CEST;12:15;12:30;EUR/MWh;-11,05;-11,05
03.10.2025;CEST;12:30;12:45;EUR/MWh;-0,52;-0,52
03.10.2025;CEST;12:45;13:00;EUR/MWh;-16,61;-16,61
03.10.2025;CEST;13:00;13:15;EUR/MWh;7,42;7,42
03.10.2025;CEST;13:15;13:30;EUR/MWh;-38,89;-38,89
03.10.2025;CEST;13:30;13:45;EUR/MWh;0;0
03.10.2025;CEST;13:45;14:00;EUR/MWh;0;0
03.10.2025;CEST;14:00;14:15;EUR/MWh;0;0
03.10.2025;CEST;14:15;14:30;EUR/MWh;1,75;1,75
03.10.2025;CEST;14:30;14:45;EUR/MWh;43,76;43,76
03.10.2025;CEST;14:45;15:00;EUR/MWh;44,61;44,61
03.10.2025;CEST;15:00;15:15;EUR/MWh;3,88;3,88
03.10.2025;CEST;15:15;15:30;EUR/MWh;50,56;50,56
03.10.2025;CEST;15:30;15:45;EUR/MWh;104,07;104,07
03.10.2025;CEST;15:45;16:00;EUR/MWh;50,68;50,68
03.10.2025;CEST;16:00;16:15;EUR/MWh;-60,71;-60,71
03.10.2025;CEST;16:15;16:30;EUR/MWh;-45,67;-45,67
03.10.2025;CEST;16:30;16:45;EUR/MWh;-58,3;-58,3
03.10.2025;CEST;16:45;17:00;EUR/MWh;-1,54;-1,54
03.10.2025;CEST;17:00;17:15;EUR/MWh;20,28;20,28
03.10.2025;CEST;17:15;17:30;EUR/MWh;72,45;72,45
03.10.2025;CEST;17:30;17:45;EUR/MWh;132,47;132,47
03.10.2025;CEST;17:45;18:00;EUR/MWh;174,27;174,27
03.10.2025;CEST;18:00;18:15;EUR/MWh;179,99;179,99
03.10.2025;CEST;18:15;18:30;EUR/MWh;1270,43;1270,43
03.10.2025;CEST;18:30;18:45;EUR/MWh;1970,25;1970,25
03.10.2025;CEST;18:45;19:00;EUR/MWh;746,34;746,34
03.10.2025;CEST;19:00;19:15;EUR/MWh;76,28;76,28
03.10.2025;CEST;19:15;19:30;EUR/MWh;19,84;19,84
03.10.2025;CEST;19:30;19:45;EUR/MWh;36,86;36,86
03.10.2025;CEST;19:45;20:00;EUR/MWh;-7,53;-7,53
03.10.2025;CEST;20:00;20:15;EUR/MWh;-31,03;-31,03
03.10.2025;CEST;20:15;20:30;EUR/MWh;-59,78;-59,78
03.10.2025;CEST;20:30;20:45;EUR/MWh;-74,72;-74,72
03.10.2025;CEST;20:45;21:00;EUR/MWh;-103,02;-103,02
03.10.2025;CEST;21:00;21:15;EUR/MWh;-40,17;-40,17
03.10.2025;CEST;21:15;21:30;EUR/MWh;-2,89;-2,89
03.10.2025;CEST;21:30;21:45;EUR/MWh;70,78;70,78
03.10.2025;CEST;21:45;22:00;EUR/MWh;-97;-97
03.10.2025;CEST;22:00;22:15;EUR/MWh;97,47;97,47
03.10.2025;CEST;22:15;22:30;EUR/MWh;-4,19;-4,19
03.10.2025;CEST;22:30;22:45;EUR/MWh;79,31;79,31
03.10.2025;CEST;22:45;23:00;EUR/MWh;-3,76;-3,76
03.10.2025;CEST;23:00;23:15;EUR/MWh;-2,37;-2,37
03.10.2025;CEST;23:15;23:30;EUR/MWh;81,85;81,85
03.10.2025;CEST;23:30;23:45;EUR/MWh;62,04;62,04
03.10.2025;CEST;23:45;00:00;EUR/MWh;12,31;12,31
04.10.2025;CEST;00:00;00:15;EUR/MWh;-1755,46;-1755,46
04.10.2025;CEST;00:15;00:30;EUR/MWh;-55,08;-55,08
04.10.2025;CEST;00:30;00:45;EUR/MWh;-42,36;-42,36
04.10.2025;CEST;00:45;01:00;EUR/MWh;-38,47;-38,47
04.10.2025;CEST;01:00;01:15;EUR/MWh;-55,1;-55,1
04.10.2025;CEST;01:15;01:30;EUR/MWh;-47,79;-47,79
04.10.2025;CEST;01:30;01:45;EUR/MWh;-5,43;-5,43
04.10.2025;CEST;01:45;02:00;EUR/MWh;-12,17;-12,17
04.10.2025;CEST;02:00;02:15;EUR/MWh;-26,53;-26,53
04.10.2025;CEST;02:15;02:30;EUR/MWh;-10,82;-10,82
04.10.2025;CEST;02:30;02:45;EUR/MWh;-13,85;-13,85
04.10.2025;CEST;02:45;03:00;EUR/MWh;-10,29;-10,29
04.10.2025;CEST;03:00;03:15;EUR/MWh;-6,48;-6,48
04.10.2025;CEST;03:15;03:30;EUR/MWh;-21,27;-21,27
04.10.2025;CEST;03:30;03:45;EUR/MWh;-22,81;-22,81
04.10.2025;CEST;03:45;04:00;EUR/MWh;-91,73;-91,73
04.10.2025;CEST;04:00;04:15;EUR/MWh;-11,53;-11,53
04.10.2025;CEST;04:15;04:30;EUR/MWh;-7,99;-7,99
04.10.2025;CEST;04:30;04:45;EUR/MWh;25,85;25,85
04.10.2025;CEST;04:45;05:00;EUR/MWh;-11,22;-11,22
04.10.2025;CEST;05:00;05:15;EUR/MWh;-31,21;-31,21
04.10.2025;CEST;05:15;05:30;EUR/MWh;-2,52;-2,52
04.10.2025;CEST;05:30;05:45;EUR/MWh;-18;-18
04.10.2025;CEST;05:45;06:00;EUR/MWh;-1,06;-1,06
04.10.2025;CEST;06:00;06:15;EUR/MWh;-43,15;-43,15
04.10.2025;CEST;06:15;06:30;EUR/MWh;7,91;7,91
04.10.2025;CEST;06:30;06:45;EUR/MWh;17,82;17,82
04.10.2025;CEST;06:45;07:00;EUR/MWh;-6,89;-6,89
04.10.2025;CEST;07:00;07:15;EUR/MWh;14,84;14,84
04.10.2025;CEST;07:15;07:30;EUR/MWh;10,24;10,24
04.10.2025;CEST;07:30;07:45;EUR/MWh;27,85;27,85
04.10.2025;CEST;07:45;08:00;EUR/MWh;49,95;49,95
04.10.2025;CEST;08:00;08:15;EUR/MWh;38,12;38,12
04.10.2025;CEST;08:15;08:30;EUR/MWh;53,9;53,9
04.10.2025;CEST;08:30;08:45;EUR/MWh;49,3;49,3
04.10.2025;CEST;08:45;09:00;EUR/MWh;85,34;85,34
04.10.2025;CEST;09:00;09:15;EUR/MWh;65,29;65,29
04.10.2025;CEST;09:15;09:30;EUR/MWh;69,07;69,07
04.10.2025;CEST;09:30;09:45;EUR/MWh;88,38;88,38
04.10.2025;CEST;09:45;10:00;EUR/MWh;73,7;73,7
04.10.2025;CEST;10:00;10:15;EUR/MWh;91,28;91,28
04.10.2025;CEST;10:15;10:30;EUR/MWh;89,01;89,01
04.10.2025;CEST;10:30;10:45;EUR/MWh;14,04;14,04
04.10.2025;CEST;10:45;11:00;EUR/MWh;-1,54;-1,54
04.10.2025;CEST;11:00;11:15;EUR/MWh;-7,62;-7,62
04.10.2025;CEST;11:15;11:30;EUR/MWh;7,49;7,49
04.10.2025;CEST;11:30;11:45;EUR/MWh;-2,84;-2,84
04.10.2025;CEST;11:45;12:00;EUR/MWh;-1,23;-1,23
04.10.2025;CEST;12:00;12:15;EUR/MWh;-27,29;-27,29
04.10.2025;CEST;12:15;12:30;EUR/MWh;-5,01;-5,01
04.10.2025;CEST;12:30;12:45;EUR/MWh;5,4;5,4
04.10.2025;CEST;12:45;13:00;EUR/MWh;-12,95;-12,95
04.10.2025;CEST;13:00;13:15;EUR/MWh;-15;-15
04.10.2025;CEST;13:15;13:30;EUR/MWh;11,31;11,31
04.10.2025;CEST;13:30;13:45;EUR/MWh;6,09;6,09
04.10.2025;CEST;13:45;14:00;EUR/MWh;10,49;10,49
04.10.2025;CEST;14:00;14:15;EUR/MWh;3,45;3,45
04.10.2025;CEST;14:15;14:30;EUR/MWh;-1,09;-1,09
04.10.2025;CEST;14:30;14:45;EUR/MWh;-5,19;-5,19
04.10.2025;CEST;14:45;15:00;EUR/MWh;32,41;32,41
04.10.2025;CEST;15:00;15:15;EUR/MWh;11,5;11,5
04.10.2025;CEST;15:15;15:30;EUR/MWh;42,18;42,18
04.10.2025;CEST;15:30;15:45;EUR/MWh;36,67;36,67
04.10.2025;CEST;15:45;16:00;EUR/MWh;60,62;60,62
04.10.2025;CEST;16:00;16:15;EUR/MWh;65,94;65,94
04.10.2025;CEST;16:15;16:30;EUR/MWh;30,01;30,01
04.10.2025;CEST;16:30;16:45;EUR/MWh;60,83;60,83
04.10.2025;CEST;16:45;17:00;EUR/MWh;57,18;57,18
04.10.2025;CEST;17:00;17:15;EUR/MWh;23,17;23,17
04.10.2025;CEST;17:15;17:30;EUR/MWh;-1,73;-1,73
04.10.2025;CEST;17:30;17:45;EUR/MWh;42,35;42,35
04.10.2025;CEST;17:45;18:00;EUR/MWh;51,32;51,32
04.10.2025;CEST;18:00;18:15;EUR/MWh;36,47;36,47
04.10.2025;CEST;18:15;18:30;EUR/MWh;-62,06;-62,06
04.10.2025;CEST;18:30;18:45;EUR/MWh;-56,5;-56,5
04.10.2025;CEST;18:45;19:00;EUR/MWh;0,88;0,88
04.10.2025;CEST;19:00;19:15;EUR/MWh;36,24;36,24
04.10.2025;CEST;19:15;19:30;EUR/MWh;13;13
04.10.2025;CEST;19:30;19:45;EUR/MWh;10,1;10,1
04.10.2025;CEST;19:45;20:00;EUR/MWh;-0,95;-0,95
04.10.2025;CEST;20:00;20:15;EUR/MWh;4,97;4,97
04.10.2025;CEST;20:15;20:30;EUR/MWh;10,22;10,22
04.10.2025;CEST;20:30;20:45;EUR/MWh;10,4;10,4
04.10.2025;CEST;20:45;21:00;EUR/MWh;6,22;6,22
04.10.2025;CEST;21:00;21:15;EUR/MWh;15,5;15,5
04.10.2025;CEST;21:15;21:30;EUR/MWh;8,64;8,64
04.10.2025;CEST;21:30;21:45;EUR/MWh;10,53;10,53
04.10.2025;CEST;21:45;22:00;EUR/MWh;3,17;3,17
04.10.2025;CEST;22:00;22:15;EUR/MWh;35,44;35,44
04.10.2025;CEST;22:15;22:30;EUR/MWh;-9,13;-9,13
04.10.2025;CEST;22:30;22:45;EUR/MWh;9,67;9,67
04.10.2025;CEST;22:45;23:00;EUR/MWh;4,57;4,57
04.10.2025;CEST;23:00;23:15;EUR/MWh;-65,64;-65,64
04.10.2025;CEST;23:15;23:30;EUR/MWh;4,97;4,97
04.10.2025;CEST;23:30;23:45;EUR/MWh;16,73;16,73
04.10.2025;CEST;23:45;00:00;EUR/MWh;4,63;4,63
05.10.2025;CEST;00:00;00:15;EUR/MWh;-36,03;-36,03
05.10.2025;CEST;00:15;00:30;EUR/MWh;-31,11;-31,11
05.10.2025;CEST;00:30;00:45;EUR/MWh;-36,3;-36,3
05.10.2025;CEST;00:45;01:00;EUR/MWh;-91,38;-91,38
05.10.2025;CEST;01:00;01:15;EUR/MWh;-25,03;-25,03
05.10.2025;CEST;01:15;01:30;EUR/MWh;-0,05;-0,05
05.10.2025;CEST;01:30;01:45;EUR/MWh;-2,58;-2,58
05.10.2025;CEST;01:45;02:00;EUR/MWh;-33,32;-33,32
05.10.2025;CEST;02:00;02:15;EUR/MWh;-8,51;-8,51
05.10.2025;CEST;02:15;02:30;EUR/MWh;1;1
05.10.2025;CEST;02:30;02:45;EUR/MWh;3,37;3,37
05.10.2025;CEST;02:45;03:00;EUR/MWh;-3,58;-3,58
05.10.2025;CEST;03:00;03:15;EUR/MWh;11,79;11,79
05.10.2025;CEST;03:15;03:30;EUR/MWh;-5,06;-5,06
05.10.2025;CEST;03:30;03:45;EUR/MWh;7,65;7,65
05.10.2025;CEST;03:45;04:00;EUR/MWh;-10,25;-10,25
05.10.2025;CEST;04:00;04:15;EUR/MWh;-8,02;-8,02
05.10.2025;CEST;04:15;04:30;EUR/MWh;-20,85;-20,85
05.10.2025;CEST;04:30;04:45;EUR/MWh;-14,04;-14,04
05.10.2025;CEST;04:45;05:00;EUR/MWh;-13,33;-13,33
05.10.2025;CEST;05:00;05:15;EUR/MWh;-21,76;-21,76
05.10.2025;CEST;05:15;05:30;EUR/MWh;-22,61;-22,61
05.10.2025;CEST;05:30;05:45;EUR/MWh;-28,56;-28,56
05.10.2025;CEST;05:45;06:00;EUR/MWh;-3,59;-3,59
05.10.2025;CEST;06:00;06:15;EUR/MWh;-47,47;-47,47
05.10.2025;CEST;06:15;06:30;EUR/MWh;-42,09;-42,09
05.10.2025;CEST;06:30;06:45;EUR/MWh;-27,09;-27,09
05.10.2025;CEST;06:45;07:00;EUR/MWh;-11,41;-11,41
05.10.2025;CEST;07:00;07:15;EUR/MWh;-0,49;-0,49
05.10.2025;CEST;07:15;07:30;EUR/MWh;-15,81;-15,81
05.10.2025;CEST;07:30;07:45;EUR/MWh;-17,58;-17,58
05.10.2025;CEST;07:45;08:00;EUR/MWh;-8,42;-8,42
05.10.2025;CEST;08:00;08:15;EUR/MWh;2,85;2,85
05.10.2025;CEST;08:15;08:30;EUR/MWh;22,04;22,04
05.10.2025;CEST;08:30;08:45;EUR/MWh;-18,34;-18,34
05.10.2025;CEST;08:45;09:00;EUR/MWh;2,09;2,09
05.10.2025;CEST;09:00;09:15;EUR/MWh;-0,69;-0,69
05.10.2025;CEST;09:15;09:30;EUR/MWh;12,83;12,83
05.10.2025;CEST;09:30;09:45;EUR/MWh;-3,74;-3,74
05.10.2025;CEST;09:45;10:00;EUR/MWh;-17,63;-17,63
05.10.2025;CEST;10:00;10:15;EUR/MWh;7,65;7,65
05.10.2025;CEST;10:15;10:30;EUR/MWh;38,32;38,32
05.10.2025;CEST;10:30;10:45;EUR/MWh;17,85;17,85
05.10.2025;CEST;10:45;11:00;EUR/MWh;18,25;18,25
05.10.2025;CEST;11:00;11:15;EUR/MWh;-8,31;-8,31
05.10.2025;CEST;11:15;11:30;EUR/MWh;41,41;41,41
05.10.2025;CEST;11:30;11:45;EUR/MWh;9,64;9,64
05.10.2025;CEST;11:45;12:00;EUR/MWh;60,62;60,62
05.10.2025;CEST;12:00;12:15;EUR/MWh;28,18;28,18
05.10.2025;CEST;12:15;12:30;EUR/MWh;15,75;15,75
05.10.2025;CEST;12:30;12:45;EUR/MWh;12,24;12,24
05.10.2025;CEST;12:45;13:00;EUR/MWh;11,45;11,45
05.10.2025;CEST;13:00;13:15;EUR/MWh;-16,79;-16,79
05.10.2025;CEST;13:15;13:30;EUR/MWh;34,58;34,58
05.10.2025;CEST;13:30;13:45;EUR/MWh;7,35;7,35
05.10.2025;CEST;13:45;14:00;EUR/MWh;9,99;9,99
05.10.2025;CEST;14:00;14:15;EUR/MWh;7,61;7,61
05.10.2025;CEST;14:15;14:30;EUR/MWh;-0,05;-0,05
05.10.2025;CEST;14:30;14:45;EUR/MWh;6,39;6,39
05.10.2025;CEST;14:45;15:00;EUR/MWh;-0,61;-0,61
05.10.2025;CEST;15:00;15:15;EUR/MWh;12,96;12,96
05.10.2025;CEST;15:15;15:30;EUR/MWh;1,86;1,86
05.10.2025;CEST;15:30;15:45;EUR/MWh;12,63;12,63
05.10.2025;CEST;15:45;16:00;EUR/MWh;49,3;49,3
05.10.2025;CEST;16:00;16:15;EUR/MWh;50,05;50,05
05.10.2025;CEST;16:15;16:30;EUR/MWh;21,35;21,35
05.10.2025;CEST;16:30;16:45;EUR/MWh;61,09;61,09
05.10.2025;CEST;16:45;17:00;EUR/MWh;52,23;52,23
05.10.2025;CEST;17:00;17:15;EUR/MWh;90,56;90,56
05.10.2025;CEST;17:15;17:30;EUR/MWh;66,89;66,89
05.10.2025;CEST;17:30;17:45;EUR/MWh;96,46;96,46
05.10.2025;CEST;17:45;18:00;EUR/MWh;108,35;108,35
05.10.2025;CEST;18:00;18:15;EUR/MWh;83,81;83,81
05.10.2025;CEST;18:15;18:30;EUR/MWh;-21,04;-21,04
05.10.2025;CEST;18:30;18:45;EUR/MWh;-25,28;-25,28
05.10.2025;CEST;18:45;19:00;EUR/MWh;-34,2;-34,2
05.10.2025;CEST;19:00;19:15;EUR/MWh;96,14;96,14
05.10.2025;CEST;19:15;19:30;EUR/MWh;-10,92;-10,92
05.10.2025;CEST;19:30;19:45;EUR/MWh;-23,53;-23,53
05.10.2025;CEST;19:45;20:00;EUR/MWh;44,84;44,84
05.10.2025;CEST;20:00;20:15;EUR/MWh;49,12;49,12
05.10.2025;CEST;20:15;20:30;EUR/MWh;45,24;45,24
05.10.2025;CEST;20:30;20:45;EUR/MWh;40,95;40,95
05.10.2025;CEST;20:45;21:00;EUR/MWh;29,85;29,85
05.10.2025;CEST;21:00;21:15;EUR/MWh;34,4;34,4
05.10.2025;CEST;21:15;21:30;EUR/MWh;19,95;19,95
05.10.2025;CEST;21:30;21:45;EUR/MWh;-6,07;-6,07
05.10.2025;CEST;21:45;22:00;EUR/MWh;11,67;11,67
05.10.2025;CEST;22:00;22:15;EUR/MWh;19,89;19,89
05.10.2025;CEST;22:15;22:30;EUR/MWh;44,48;44,48
05.10.2025;CEST;22:30;22:45;EUR/MWh;41,88;41,88
05.10.2025;CEST;22:45;23:00;EUR/MWh;45,36;45,36
05.10.2025;CEST;23:00;23:15;EUR/MWh;58,28;58,28
05.10.2025;CEST;23:15;23:30;EUR/MWh;101,31;101,31
05.10.2025;CEST;23:30;23:45;EUR/MWh;77,05;77,05
05.10.2025;CEST;23:45;00:00;EUR/MWh;99,19;99,19
06.10.2025;CEST;00:00;00:15;EUR/MWh;95,01;95,01
06.10.2025;CEST;00:15;00:30;EUR/MWh;90,68;90,68
06.10.2025;CEST;00:30;00:45;EUR/MWh;77,72;77,72
06.10.2025;CEST;00:45;01:00;EUR/MWh;73,76;73,76
06.10.2025;CEST;01:00;01:15;EUR/MWh;2,04;2,04
06.10.2025;CEST;01:15;01:30;EUR/MWh;1,34;1,34
06.10.2025;CEST;01:30;01:45;EUR/MWh;5,88;5,88
06.10.2025;CEST;01:45;02:00;EUR/MWh;4,87;4,87
06.10.2025;CEST;02:00;02:15;EUR/MWh;5,98;5,98
06.10.2025;CEST;02:15;02:30;EUR/MWh;3,38;3,38
06.10.2025;CEST;02:30;02:45;EUR/MWh;4,74;4,74
06.10.2025;CEST;02:45;03:00;EUR/MWh;12,75;12,75
06.10.2025;CEST;03:00;03:15;EUR/MWh;21,08;21,08
06.10.2025;CEST;03:15;03:30;EUR/MWh;20,7;20,7
06.10.2025;CEST;03:30;03:45;EUR/MWh;51,78;51,78
06.10.2025;CEST;03:45;04:00;EUR/MWh;46,77;46,77
06.10.2025;CEST;04:00;04:15;EUR/MWh;101,96;101,96
06.10.2025;CEST;04:15;04:30;EUR/MWh;113,44;113,44
06.10.2025;CEST;04:30;04:45;EUR/MWh;105,72;105,72
06.10.2025;CEST;04:45;05:00;EUR/MWh;115,25;115,25
06.10.2025;CEST;05:00;05:15;EUR/MWh;2,24;2,24
06.10.2025;CEST;05:15;05:30;EUR/MWh;-15,95;-15,95
06.10.2025;CEST;05:30;05:45;EUR/MWh;29,3;29,3
06.10.2025;CEST;05:45;06:00;EUR/MWh;81,57;81,57
06.10.2025;CEST;06:00;06:15;EUR/MWh;103,79;103,79
06.10.2025;CEST;06:15;06:30;EUR/MWh;89,78;89,78
06.10.2025;CEST;06:30;06:45;EUR/MWh;114,6;114,6
06.10.2025;CEST;06:45;07:00;EUR/MWh;118,06;118,06
06.10.2025;CEST;07:00;07:15;EUR/MWh;123,08;123,08
06.10.2025;CEST;07:15;07:30;EUR/MWh;181,16;181,16
06.10.2025;CEST;07:30;07:45;EUR/MWh;194,48;194,48
06.10.2025;CEST;07:45;08:00;EUR/MWh;316,65;316,65
06.10.2025;CEST;08:00;08:15;EUR/MWh;110,66;110,66
06.10.2025;CEST;08:15;08:30;EUR/MWh;129,48;129,48
06.10.2025;CEST;08:30;08:45;EUR/MWh;68,96;68,96
06.10.2025;CEST;08:45;09:00;EUR/MWh;21,13;21,13
06.10.2025;CEST;09:00;09:15;EUR/MWh;70,06;70,06
06.10.2025;CEST;09:15;09:30;EUR/MWh;52,76;52,76
06.10.2025;CEST;09:30;09:45;EUR/MWh;127,86;127,86
06.10.2025;CEST;09:45;10:00;EUR/MWh;125,57;125,57
06.10.2025;CEST;10:00;10:15;EUR/MWh;159,58;159,58
06.10.2025;CEST;10:15;10:30;EUR/MWh;193,7;193,7
06.10.2025;CEST;10:30;10:45;EUR/MWh;197,29;197,29
06.10.2025;CEST;10:45;11:00;EUR/MWh;327,8;327,8
06.10.2025;CEST;11:00;11:15;EUR/MWh;165,66;165,66
06.10.2025;CEST;11:15;11:30;EUR/MWh;257,95;257,95
06.10.2025;CEST;11:30;11:45;EUR/MWh;176,91;176,91
06.10.2025;CEST;11:45;12:00;EUR/MWh;186,73;186,73
06.10.2025;CEST;12:00;12:15;EUR/MWh;419,3;419,3
06.10.2025;CEST;12:15;12:30;EUR/MWh;609;609
06.10.2025;CEST;12:30;12:45;EUR/MWh;155,87;155,87
06.10.2025;CEST;12:45;13:00;EUR/MWh;128,35;128,35
06.10.2025;CEST;13:00;13:15;EUR/MWh;136,21;136,21
06.10.2025;CEST;13:15;13:30;EUR/MWh;178,93;178,93
06.10.2025;CEST;13:30;13:45;EUR/MWh;179,03;179,03
06.10.2025;CEST;13:45;14:00;EUR/MWh;147,93;147,93
06.10.2025;CEST;14:00;14:15;EUR/MWh;169,47;169,47
06.10.2025;CEST;14:15;14:30;EUR/MWh;188,23;188,23
06.10.2025;CEST;14:30;14:45;EUR/MWh;187,51;187,51
06.10.2025;CEST;14:45;15:00;EUR/MWh;192,41;192,41
06.10.2025;CEST;15:00;15:15;EUR/MWh;176,63;176,63
06.10.2025;CEST;15:15;15:30;EUR/MWh;207,68;207,68
06.10.2025;CEST;15:30;15:45;EUR/MWh;192,89;192,89
06.10.2025;CEST;15:45;16:00;EUR/MWh;208,3;208,3
06.10.2025;CEST;16:00;16:15;EUR/MWh;177,36;177,36
06.10.2025;CEST;16:15;16:30;EUR/MWh;98,17;98,17
06.10.2025;CEST;16:30;16:45;EUR/MWh;59,5;59,5
06.10.2025;CEST;16:45;17:00;EUR/MWh;8,6;8,6
06.10.2025;CEST;17:00;17:15;EUR/MWh;217,68;217,68
06.10.2025;CEST;17:15;17:30;EUR/MWh;182,99;182,99
06.10.2025;CEST;17:30;17:45;EUR/MWh;192,64;192,64
06.10.2025;CEST;17:45;18:00;EUR/MWh;220,59;220,59
06.10.2025;CEST;18:00;18:15;EUR/MWh;163,14;163,14
06.10.2025;CEST;18:15;18:30;EUR/MWh;148,59;148,59
06.10.2025;CEST;18:30;18:45;EUR/MWh;156,79;156,79
06.10.2025;CEST;18:45;19:00;EUR/MWh;198,04;198,04
06.10.2025;CEST;19:00;19:15;EUR/MWh;161,31;161,31
06.10.2025;CEST;19:15;19:30;EUR/MWh;152,05;152,05
06.10.2025;CEST;19:30;19:45;EUR/MWh;157,93;157,93
06.10.2025;CEST;19:45;20:00;EUR/MWh;153,47;153,47
06.10.2025;CEST;20:00;20:15;EUR/MWh;178,63;178,63
06.10.2025;CEST;20:15;20:30;EUR/MWh;218,55;218,55
06.10.2025;CEST;20:30;20:45;EUR/MWh;191,09;191,09
06.10.2025;CEST;20:45;21:00;EUR/MWh;183,41;183,41
06.10.2025;CEST;21:00;21:15;EUR/MWh;275,23;275,23
06.10.2025;CEST;21:15;21:30;EUR/MWh;239,1;239,1
06.10.2025;CEST;21:30;21:45;EUR/MWh;185,34;185,34
06.10.2025;CEST;21:45;22:00;EUR/MWh;195,68;195,68
06.10.2025;CEST;22:00;22:15;EUR/MWh;175,69;175,69
06.10.2025;CEST;22:15;22:30;EUR/MWh;177,35;177,35
06.10.2025;CEST;22:30;22:45;EUR/MWh;170,17;170,17
06.10.2025;CEST;22:45;23:00;EUR/MWh;142,83;142,83
06.10.2025;CEST;23:00;23:15;EUR/MWh;172,69;172,69
06.10.2025;CEST;23:15;23:30;EUR/MWh;120,22;120,22
06.10.2025;CEST;23:30;23:45;EUR/MWh;99,14;99,14
06.10.2025;CEST;23:45;00:00;EUR/MWh;73,87;73,87
