datetime,Last [W],Reale Erzeugung [W],solar_elevation_deg,DA Preis [EUR/MWh],reBAP unterdeckt [EUR/MWh],reBAP ueberdeckt [EUR/MWh]
2025-07-07 00:00:00,"120,22900000000025","0,0","-16,661326661872007","110,2","164,4","164,4"
2025-07-07 00:15:00,"263,7260000000003","0,0","-17,406138104313843","103,71","54,52","54,52"
2025-07-07 00:30:00,"325,95433333333364","0,0","-18,00255966441061","96,7","157,59","157,59"
2025-07-07 00:45:00,"225,5423333333336","0,0","-18,446613933979886","81,5","122,81","122,81"
2025-07-07 01:00:00,"232,82500000000027","0,0","-18,73525696782296","103,63","131,45","131,45"
2025-07-07 01:15:00,"283,2676666666669","0,0","-18,86647130182299","90,0","113,89","113,89"
2025-07-07 01:30:00,"276,0763333333336","0,0","-18,839329933984864","84,76","130,26","130,26"
2025-07-07 01:45:00,"298,8173333333336","0,0","-18,654026236045787","80,8","66,65","66,65"
2025-07-07 02:00:00,"283,2676666666669","0,0","-18,31186775842736","90,1","74,51","74,51"
2025-07-07 02:15:00,"209,54066666666694","0,0","-17,8152341812958","81,72","65,06","65,06"
2025-07-07 02:30:00,"236,70300000000026","0,0","-17,167502780474724","87,3","53,36","53,36"
2025-07-07 02:45:00,"259,97466666666696","0,0","-16,372947009046992","86,1","76,79","76,79"
2025-07-07 03:00:00,"174,82333333333358","0,0","-15,436614894133228","95,03","112,46","112,46"
2025-07-07 03:15:00,"295,09200000000027","0,0","-14,364195639184462","85,0","95,85","95,85"
2025-07-07 03:30:00,"353,1146666666669","0,0","-13,161882096616711","82,4","120,65","120,65"
2025-07-07 03:45:00,"240,5836666666669","0,0","-11,836235542086904","79,4","94,17","94,17"
2025-07-07 04:00:00,"237,59866666666687","0,0","-10,39405936097765","84,7","89,56","89,56"
2025-07-07 04:15:00,"314,2873333333336","0,0","-8,842285585776843","84,7","77,81","77,81"
2025-07-07 04:30:00,"155,1910000000003","0,0","-7,187876294564743","89,48","52,9","52,9"
2025-07-07 04:45:00,"244,46400000000025","0,0","-5,437742368185586","88,9","51,69","51,69"
2025-07-07 05:00:00,"244,46400000000025","0,0","-3,598679317942782","86,8","84,85","84,85"
2025-07-07 05:15:00,"249,13900000000024","0,0","-1,6773187126020872","93,1","103,14","103,14"
2025-07-07 05:30:00,"725,2340000000004","0,0","0,711564061975146","101,99","154,34","154,34"
2025-07-07 05:45:00,"4140,924333333334","23,36033333333215","2,617375763001948","107,1","131,89","131,89"
2025-07-07 06:00:00,"1261,553333333334","62,19166666666548","4,672203008769203","104,77","156,85","156,85"
2025-07-07 06:15:00,"264,16233333333395","124,32699999999882","6,819588505534386","113,6","130,27","130,27"
2025-07-07 06:30:00,"244,4273333333339","186,20799999999883","9,03521394647205","122,1","141,91","141,91"
2025-07-07 06:45:00,"279,3873333333339","256,1053333333321","11,30612732520647","126,6","65,48","65,48"
2025-07-07 07:00:00,"388,4893333333339","318,5523333333322","13,62360692826299","139,79","152,46","152,46"
2025-07-07 07:15:00,"559,8706666666673","341,86033333333216","15,980753226787362","125,1","154,9","154,9"
2025-07-07 07:30:00,"782,5480000000007","459,4063333333322","18,37155301409201","112,0","156,51","156,51"
2025-07-07 07:45:00,"423,6730000000007","846,5233333333321","20,790477290190157","108,4","66,33","66,33"
2025-07-07 08:00:00,"341,914333333334","1064,7009999999989","23,23208677337512","149,97","99,25","99,25"
2025-07-07 08:15:00,"519,9710000000006","760,5543333333321","25,69114041759468","122,04","107,46","107,46"
2025-07-07 08:30:00,"597,5786666666673","1396,9373333333326","28,162270110831976","100,7","125,05","125,05"
2025-07-07 08:45:00,"598,3806666666674","2325,7969999999987","30,639931406400105","71,6","121,72","121,72"
2025-07-07 09:00:00,"1486,1856666666672","1971,233333333332","33,11827868968837","144,95","68,09","68,09"
2025-07-07 09:15:00,"845,3766666666672","2366,896333333332","35,59103338703847","99,9","41,44","41,44"
2025-07-07 09:30:00,"610,1770000000005","1858,392333333332","38,05132216877063","80,28","59,05","59,05"
2025-07-07 09:45:00,"490,01466666666715","926,4799999999988","40,49150057871648","48,0","54,36","54,36"
2025-07-07 10:00:00,"497,69733333333386","1578,5389999999986","42,90292923464376","124,92","87,01","87,01"
2025-07-07 10:15:00,"536,4240000000005","4306,187999999999","45,27570144611472","84,6","64,67","64,67"
2025-07-07 10:30:00,"473,3716666666672","3810,488333333333","47,5983438586198","70,6","44,5","44,5"
2025-07-07 10:45:00,"376,75800000000055","2726,1156666666657","49,85746324600282","55,41","12,46","12,46"
2025-07-07 11:00:00,"617,5736666666672","1988,7919999999992","52,03715424900607","109,92","97,73","97,73"
2025-07-07 11:15:00,"1187,4285000000007","2725,9134999999987","54,11879259401497","77,21","105,33","105,33"
2025-07-07 11:30:00,"1340,2010000000007","3690,203666666666","56,0804111314274","64,5","65,71","65,71"
2025-07-07 11:45:00,"885,5003333333337","4614,069333333332","57,89640523219791","49,1","49,45","49,45"
2025-07-07 12:00:00,"667,5333333333339","3907,667999999999","59,53746597553614","76,4","82,74","82,74"
2025-07-07 12:15:00,"700,0130000000006","4573,299999999998","60,971035458631086","55,31","18,75","18,75"
2025-07-07 12:30:00,"622,1803333333339","4257,502333333332","62,16258093481312","41,8","49,69","49,69"
2025-07-07 12:45:00,"576,1306666666671","3180,9513333333325","63,07795089225876","39,2","48,72","48,72"
2025-07-07 13:00:00,"1768,2416666666672","3602,849999999999","63,68680615508014","62,55","54,08","54,08"
2025-07-07 13:15:00,"612,3616666666671","2457,4899999999984","63,96665075056202","42,1","89,85","89,85"
2025-07-07 13:30:00,"1583,7536666666672","661,5333333333322","63,90645171544352","34,6","46,14","46,14"
2025-07-07 13:45:00,"722,664666666667","581,7789999999989","63,50865622581637","26,7","35,26","35,26"
2025-07-07 14:00:00,"296,5766666666671","850,6283333333321","62,788550024016985","43,6","71,22","71,22"
2025-07-07 14:15:00,"369,36333333333374","660,3706666666654","61,77187947002689","40,6","90,63","90,63"
2025-07-07 14:30:00,"457,90133333333375","667,4299999999987","60,49076562453142","39,1","101,83","101,83"
2025-07-07 14:45:00,"248,3443333333338","1311,5686666666654","58,97982528295287","36,9","77,85","77,85"
2025-07-07 15:00:00,"330,5826666666671","2116,566999999998","57,27309784288136","27,9","95,28","95,28"
2025-07-07 15:15:00,"356,99733333333376","2080,0263333333323","55,40209435185658","33,4","140,05","140,05"
2025-07-07 15:30:00,"381,0766666666671","3476,434333333332","53,39483012289445","37,4","110,0","110,0"
2025-07-07 15:45:00,"2087,644666666667","3081,0223333333315","51,27559893386872","83,58","107,06","107,06"
2025-07-07 16:00:00,"2079,1406666666676","2228,9669999999987","49,06515514755487","25,01","100,91","100,91"
2025-07-07 16:15:00,"1195,1573333333336","2995,653999999998","46,78111011825788","34,5","106,43","106,43"
2025-07-07 16:30:00,"717,4863333333337","4575,263333333332","44,43838765709623","74,6","94,12","94,12"
2025-07-07 16:45:00,"613,757666666667","4879,508333333331","42,04978409621203","104,97","105,01","105,01"
2025-07-07 17:00:00,"644,0703333333337","4238,255999999999","39,62598736577794","40,02","72,69","72,69"
2025-07-07 17:15:00,"675,1863333333336","3243,998666666666","37,17652426856209","59,9","66,8","66,8"
2025-07-07 17:30:00,"906,2943333333336","746,502666666665","34,70964298396098","73,9","60,58","60,58"
2025-07-07 17:45:00,"800,652666666667","652,8569999999986","32,232689640870305","123,65","13,21","13,21"
2025-07-07 18:00:00,"575,0183333333337","295,14099999999854","29,752304636791123","52,5","89,75","89,75"
2025-07-07 18:15:00,"840,4160000000003","326,6009999999985","27,274595115236615","75,08","112,53","112,53"
2025-07-07 18:30:00,"1210,495666666667","845,8259999999985","24,80528410837173","94,3","120,89","120,89"
2025-07-07 18:45:00,"2205,686666666667","674,3973333333319","22,34983580336994","137,1","31,47","31,47"
2025-07-07 19:00:00,"4978,263000000001","667,3536666666652","19,91357391082401","73,71","54,16","54,16"
2025-07-07 19:15:00,"527,7743333333339","551,1463333333319","17,501783159120595","85,6","47,43","47,43"
2025-07-07 19:30:00,"761,3773333333338","310,8003333333318","15,119883808267137","110,05","57,64","57,64"
2025-07-07 19:45:00,"1188,9476666666674","272,0169999999986","12,774008590368494","150,0","40,15","40,15"
2025-07-07 20:00:00,"1104,5116666666675","388,7109999999985","10,469661275796629","87,9","56,68","56,68"
2025-07-07 20:15:00,"922,910333333334","333,7456666666651","8,214603124306398","118,2","61,86","61,86"
2025-07-07 20:30:00,"896,3680000000007","124,17233333333188","6,018764483976157","122,8","54,61","54,61"
2025-07-07 20:45:00,"360,92966666666723","62,18933333333187","3,8981141288165007","138,73","82,36","82,36"
2025-07-07 21:00:00,"453,9306666666673","0,0","1,8856980143009416","141,22","115,18","115,18"
2025-07-07 21:15:00,"442,4436666666673","0,0","0,05590107766877","124,7","59,46","59,46"
2025-07-07 21:30:00,"431,6536666666673","0,0","-2,4135516709274025","105,01","71,2","71,2"
2025-07-07 21:45:00,"868,7476666666672","0,0","-4,310269574675793","91,7","83,93","83,93"
2025-07-07 22:00:00,"399,67933333333394","0,0","-6,122503433032897","137,75","162,44","162,44"
2025-07-07 22:15:00,"322,0716666666673","0,0","-7,843549408704631","108,5","307,31","307,31"
2025-07-07 22:30:00,"500,08233333333385","0,0","-9,466552417064667","99,2","73,85","73,85"
2025-07-07 22:45:00,"458,2866666666673","0,0","-10,984559351106276","87,8","50,83","50,83"
2025-07-07 23:00:00,"334,0350000000006","0,0","-12,390589107544605","136,83","63,39","63,39"
2025-07-07 23:15:00,"431,7666666666672","0,0","-13,67772036083863","93,3","96,11","96,11"
2025-07-07 23:30:00,"299,4646666666672","0,0","-14,83919533190156","85,2","107,75","107,75"
2025-07-07 23:45:00,"298,7893333333339","0,0","-15,868538522165402","74,6","144,13","144,13"
2025-07-08 00:00:00,"337,2343333333339","0,0","-16,759687536698614","107,47","71,17","71,17"
2025-07-08 00:15:00,"178,7980000000006","0,0","-17,507130277999416","99,3","57,44","57,44"
2025-07-08 00:30:00,"248,34433333333394","0,0","-18,106042872511523","89,1","63,91","63,91"
2025-07-08 00:45:00,"299,0860000000006","0,0","-18,552421107020425","82,91","100,58","100,58"
2025-07-08 01:00:00,"155,03733333333392","0,0","-18,84319680168229","102,7","112,1","112,1"
2025-07-08 01:15:00,"252,4973333333339","0,0","-18,976331789790382","87,43","111,61","111,61"
2025-07-08 01:30:00,"356,5853333333339","0,0","-18,950882725640483","87,4","119,29","119,29"
2025-07-08 01:45:00,"239,04950000000085","0,0","-18,767031612552174","81,5","110,82","110,82"
2025-07-08 02:00:00,"302,2856666666673","0,0","-18,426079961005502","77,4","109,37","109,37"
2025-07-08 02:15:00,"279,3873333333339","0,0","-17,930406803825196","92,9","103,4","103,4"
2025-07-08 02:30:00,"190,15233333333393","0,0","-17,2833939417655","90,9","116,75","116,75"
2025-07-08 02:45:00,"217,80866666666722","0,0","-16,489324054766307","88,7","148,13","148,13"
2025-07-08 03:00:00,"321,70033333333384","0,0","-15,55325843671252","96,0","136,53","136,53"
2025-07-08 03:15:00,"175,24000000000052","0,0","-14,480902812193865","87,8","89,17","89,17"
2025-07-08 03:30:00,"271,42200000000054","0,0","-13,278468972945925","86,1","101,31","101,31"
2025-07-08 03:45:00,"341,4733333333338","0,0","-11,95253872927587","73,16","94,29","94,29"
2025-07-08 04:00:00,"244,90400000000056","0,0","-10,509936841278614","69,95","116,51","116,51"
2025-07-08 04:15:00,"209,59333333333387","0,0","-8,957616901655088","88,8","146,84","146,84"
2025-07-08 04:30:00,"310,43066666666726","0,0","-7,302562203329124","92,5","128,92","128,92"
2025-07-08 04:45:00,"209,4523333333339","0,0","-5,551704091937876","96,4","78,91","78,91"
2025-07-08 05:00:00,"221,7250000000006","0,0","-3,711857513885619","78,0","70,1","70,1"
2025-07-08 05:15:00,"248,9023333333339","0,0","-1,7896722733524055","87,3","70,33","70,33"
2025-07-08 05:30:00,"143,5753333333339","0,0","0,6167767310373289","103,31","55,55","55,55"
2025-07-08 05:45:00,"388,18200000000064","0,0","2,514427401428532","95,07","58,32","58,32"
2025-07-08 06:00:00,"422,96466666666726","0,0","4,566471640323297","77,51","91,63","91,63"
2025-07-08 06:15:00,"221,2626666666673","7,760666666665196","6,713073646993186","90,07","103,54","103,54"
2025-07-08 06:30:00,"256,9226666666672","15,521666666665196","8,928671936246634","124,2","106,79","106,79"
2025-07-08 06:45:00,"357,3843333333339","171,09833333333188","11,199866023310236","131,8","104,06","104,06"
2025-07-08 07:00:00,"268,2120000000006","412,40699999999856","13,517749411108756","122,9","125,93","125,93"
2025-07-08 07:15:00,"1117,6016666666674","514,0789999999985","15,875353802540868","123,8","119,91","119,91"
2025-07-08 07:30:00,"383,7990000000006","240,3016666666652","18,26659059999028","118,4","127,54","127,54"
2025-07-08 07:45:00,"252,22466666666728","473,4063333333318","20,686027952809013","97,98","91,64","91,64"
2025-07-08 08:00:00,"398,0413333333339","624,3596666666652","23,12794076538457","144,3","123,29","123,29"
2025-07-08 08:15:00,"337,1830000000006","721,1616666666653","25,58720858016735","122,41","91,32","91,32"
2025-07-08 08:30:00,"405,1653333333339","1026,6273333333318","28,0584498355783","96,0","100,74","100,74"
2025-07-08 08:45:00,"1498,355666666667","1073,0479999999984","30,53610618593934","65,1","92,33","92,33"
2025-07-08 09:00:00,"416,68700000000064","1713,0519999999983","33,01431887146497","133,0","75,73","75,73"
2025-07-08 09:15:00,"418,6586666666672","1876,055333333332","35,48679593054685","106,75","69,16","69,16"
2025-07-08 09:30:00,"1385,2960000000005","2351,510666666665","37,94665280182524","89,95","34,39","34,39"
2025-07-08 09:45:00,"600,7090000000007","1700,4349999999988","40,38623380275437","63,5","74,67","74,67"
2025-07-08 10:00:00,"509,49400000000065","1555,2049999999988","42,796889965345976","111,98","141,18","141,18"
2025-07-08 10:15:00,"438,4830000000007","2925,806999999999","45,16871316067018","92,46","145,54","145,54"
2025-07-08 10:30:00,"750,5763333333341","2323,458666666665","47,49022221331955","79,97","142,55","142,55"
2025-07-08 10:45:00,"660,2450000000008","4100,131333333332","49,74802639037105","63,2","85,93","85,93"
2025-07-08 11:00:00,"620,8143333333342","3763,4296666666655","51,92623552952568","100,2","32,39","32,39"
2025-07-08 11:15:00,"407,5330000000008","1427,8356666666652","54,00627355801176","81,6","16,87","16,87"
2025-07-08 11:30:00,"443,84900000000084","1542,2919999999986","55,96623243005754","71,1","59,5","59,5"
2025-07-08 11:45:00,"753,3613333333342","2489,020999999999","57,78060426941587","59,91","56,31","56,31"
2025-07-08 12:00:00,"2968,491333333334","2335,988999999998","59,420219215348894","78,0","115,3","115,3"
2025-07-08 12:15:00,"4870,755666666668","2297,871666666665","60,852706493436685","62,42","122,73","122,73"
2025-07-08 12:30:00,"2161,728000000001","1382,0303333333318","62,04375334559856","57,42","109,11","109,11"
2025-07-08 12:45:00,"477,6993333333343","2578,0939999999982","62,95944452027269","43,77","73,97","73,97"
2025-07-08 13:00:00,"473,8906666666676","3014,721333333332","63,569646014352834","68,0","11,94","11,94"
2025-07-08 13:15:00,"408,2780000000009","2450,054666666665","63,85198167752416","57,48","19,11","19,11"
2025-07-08 13:30:00,"329,77033333333424","2925,2906666666654","63,79540099903588","54,93","14,41","14,41"
2025-07-08 13:45:00,"567,1936666666676","2626,2279999999982","63,40227479203004","46,38","0,76","0,76"
2025-07-08 14:00:00,"493,39600000000087","3224,9909999999986","62,6874447223258","49,1","-32,57","-32,57"
2025-07-08 14:15:00,"370,2920000000009","3811,620666666665","61,67642003835218","49,7","-16,72","-16,72"
2025-07-08 14:30:00,"431,65666666666755","2354,7479999999987","60,40100768282557","51,0","-27,29","-27,29"
2025-07-08 14:45:00,"345,3543333333342","1629,7596666666657","58,89557177007499","49,95","-18,19","-18,19"
2025-07-08 15:00:00,"252,22466666666753","2708,505666666665","57,19397415173044","40,95","-107,83","-107,83"
2025-07-08 15:15:00,"407,8970000000009","3791,899666666665","55,3276091591249","52,41","-112,53","-112,53"
2025-07-08 15:30:00,"337,1576666666676","3931,120333333332","53,32445083283176","59,95","-118,14","-118,14"
2025-07-08 15:45:00,"342,06833333333424","3016,8666666666654","51,208782512211314","71,0","-65,41","-65,41"
2025-07-08 16:00:00,"425,2553333333342","2963,969666666665","49,00137328131511","47,41","113,25","113,25"
2025-07-08 16:15:00,"329,8990000000009","1799,947666666665","46,71986394263092","57,46","-0,13","-0,13"
2025-07-08 16:30:00,"314,9833333333342","1921,0989999999983","44,37921329106806","71,24","-7,5","-7,5"
2025-07-08 16:45:00,"434,6026666666676","2180,773999999998","41,9923906254057","93,7","-12,6","-12,6"
2025-07-08 17:00:00,"356,05600000000135","1365,9004999999972","39,56987540446845","54,98","42,49","42,49"
2025-07-08 17:15:00,"279,6966666666675","1390,7233333333313","37,12133151186848","83,1","28,49","28,49"
2025-07-08 17:30:00,"396,22433333333424","1530,3656666666648","34,65504670174152","92,46","67,71","67,71"
2025-07-08 17:45:00,"453,54333333333426","3067,5756666666653","32,17839513268733","112,48","76,98","76,98"
2025-07-08 18:00:00,"403,9850000000009","3870,7119999999977","29,698042291008964","37,52","34,71","34,71"
2025-07-08 18:15:00,"379,88033333333425","2123,6569999999983","27,22012044521148","80,15","21,11","21,11"
2025-07-08 18:30:00,"721,7843333333343","3089,279666666665","24,75037130164791","112,4","79,47","79,47"
2025-07-08 18:45:00,"310,4303333333342","2421,357333333332","22,29427874235115","146,4","45,55","45,55"
2025-07-08 19:00:00,"450,6333333333343","583,2536666666649","19,857186238942703","67,51","-29,67","-29,67"
2025-07-08 19:15:00,"612,7316666666675","193,94366666666488","17,444413971059923","92,3","-2,85","-2,85"
2025-07-08 19:30:00,"295,27200000000084","372,9319999999983","15,06139904853016","139,94","22,8","22,8"
2025-07-08 19:45:00,"404,81933333333427","303,68233333333154","12,714113622872656","169,95","32,42","32,42"
2025-07-08 20:00:00,"427,3186666666676","248,6019999999982","10,408414009119785","105,08","29,25","29,25"
2025-07-08 20:15:00,"326,3260000000009","707,2089999999984","8,15215585448728","129,53","50,88","50,88"
2025-07-08 20:30:00,"442,2636666666676","256,1843333333315","5,955425189848658","144,95","73,43","73,43"
2025-07-08 20:45:00,"380,5870000000009","116,48866666666488","3,834783456335311","142,48","29,18","29,18"
2025-07-08 21:00:00,"341,1533333333343","7,734999999998187","1,8249912270449569","154,91","60,97","60,97"
2025-07-08 21:15:00,"558,7653333333342","0,0","0,0033575029554564","137,85","58,77","58,77"
2025-07-08 21:30:00,"830,4013333333344","0,0","-2,4900240798746047","105,08","38,03","38,03"
2025-07-08 21:45:00,"473,4066666666676","0,0","-4,389403153942352","120,8","61,09","61,09"
2025-07-08 22:00:00,"556,2656666666676","0,0","-6,204392496156298","139,7","110,58","110,58"
2025-07-08 22:15:00,"396,80766666666756","0,0","-7,928272557019103","120,4","120,62","120,62"
2025-07-08 22:30:00,"419,0810000000009","0,0","-9,554170287097138","115,22","132,01","132,01"
2025-07-08 22:45:00,"465,6456666666675","0,0","-11,075112222314084","97,3","146,18","146,18"
2025-07-08 23:00:00,"221,18166666666758","0,0","-12,484094473496024","120,3","118,29","118,29"
2025-07-08 23:15:00,"1971,2333333333343","0,0","-13,774170598511384","105,9","67,27","67,27"
2025-07-08 23:30:00,"1055,338000000001","0,0","-14,938555627679758","96,7","97,85","97,85"
2025-07-08 23:45:00,"232,8230000000009","0,0","-15,97074523387343","86,26","92,97","92,97"
2025-07-09 00:00:00,"334,3596666666676","0,0","-16,864647179532728","108,7","97,01","97,01"
2025-07-09 00:15:00,"279,1056666666675","0,0","-17,614719310008667","103,87","107,42","107,42"
2025-07-09 00:30:00,"159,26333333333423","0,0","-18,21610842633905","90,1","96,96","96,96"
2025-07-09 00:45:00,"260,0256666666675","0,0","-18,66478276150626","90,2","99,6","99,6"
2025-07-09 01:00:00,"306,46200000000084","0,0","-18,95764941466524","102,6","73,8","73,8"
2025-07-09 01:15:00,"197,66866666666758","0,0","-19,09264932845552","94,8","65,26","65,26"
2025-07-09 01:30:00,"302,9523333333342","0,0","-19,068822945674967","87,3","79,33","79,33"
2025-07-09 01:45:00,"329,51200000000085","0,0","-18,88634135830032","81,25","70,17","70,17"
2025-07-09 02:00:00,"186,6463333333342","0,0","-18,546500805065136","94,5","81,57","81,57"
2025-07-09 02:15:00,"315,0200000000009","0,0","-18,051680719911143","89,2","98,54","98,54"
2025-07-09 02:30:00,"256,10500000000087","0,0","-17,40526871132624","88,7","107,87","107,87"
2025-07-09 02:45:00,"209,54233333333426","0,0","-16,61155814858848","86,3","106,93","106,93"
2025-07-09 03:00:00,"253,05166666666756","0,0","-15,675625173513536","93,0","83,22","83,22"
2025-07-09 03:15:00,"197,55466666666754","0,0","-14,603193672108786","88,5","84,04","84,04"
2025-07-09 03:30:00,"272,01466666666755","0,0","-13,400496018507935","87,4","84,9","84,9"
2025-07-09 03:45:00,"349,23433333333423","0,0","-12,074136156995513","85,1","76,26","76,26"
2025-07-09 04:00:00,"248,85033333333425","0,0","-10,630961739437284","84,5","76,29","76,29"
2025-07-09 04:15:00,"228,94233333333423","0,0","-9,077949327666044","88,57","71,04","71,04"
2025-07-09 04:30:00,"283,26766666666754","0,0","-7,422104712095597","92,66","82,14","82,14"
2025-07-09 04:45:00,"228,90600000000086","0,0","-5,670380854709575","95,07","84,89","84,89"
2025-07-09 05:00:00,"206,0223333333342","0,0","-3,829613156539654","80,6","54,83","54,83"
2025-07-09 05:15:00,"255,77066666666752","0,0","-1,90647055276098","85,09","41,45","41,45"
2025-07-09 05:30:00,"768,3173333333343","0,0","0,523186391967004","101,3","50,88","50,88"
2025-07-09 05:45:00,"4077,0170000000007","23,30833333333152","2,410445460093475","121,1","54,27","54,27"
2025-07-09 06:00:00,"566,9096666666672","77,71099999999818","4,4587382259958535","90,05","116,49","116,49"
2025-07-09 06:15:00,"217,53333333333393","178,72966666666488","6,60414952581853","104,9","111,52","111,52"
2025-07-09 06:30:00,"294,9446666666672","294,9693333333315","8,819524077055226","116,2","133,03","133,03"
2025-07-09 06:45:00,"319,0750000000009","301,67100000000005","11,090899031744277","126,08","131,86","131,86"
2025-07-09 07:00:00,"217,58633333333395","458,2236666666648","13,409134856072816","128,6","127,0","127,0"
2025-07-09 07:15:00,"1035,9423333333339","699,7246666666648","15,767131858717098","113,8","136,63","136,63"
2025-07-09 07:30:00,"474,45066666666725","979,9703333333316","18,158762921121795","110,09","150,41","150,41"
2025-07-09 07:45:00,"427,80866666666725","1446,6473333333313","20,578459936216166","105,01","133,96","133,96"
2025-07-09 08:00:00,"389,2263333333339","1813,864333333332","23,020678361768372","144,99","77,63","77,63"
2025-07-09 08:15:00,"407,5330000000006","1893,8193333333315","25,48015501729714","119,2","25,68","25,68"
2025-07-09 08:30:00,"374,0120000000006","2283,447666666665","27,951495834621102","98,06","45,13","45,13"
2025-07-09 08:45:00,"593,7543333333339","2607,9946666666647","30,429126502093915","78,1","46,39","46,39"
2025-07-09 09:00:00,"576,7233333333339","3296,9266666666645","32,90717329546248","128,8","93,72","93,72"
2025-07-09 09:15:00,"396,1480000000006","3666,512333333332","35,3793265168485","105,8","103,54","103,54"
2025-07-09 09:30:00,"532,8023333333339","4020,7989999999977","37,83869180930157","88,2","68,89","68,89"
2025-07-09 09:45:00,"521,2126666666674","4084,3333333333326","40,27760050779395","65,09","54,44","54,44"
2025-07-09 10:00:00,"369,3556666666673","3599,975333333332","42,68739227757702","109,4","111,13","111,13"
2025-07-09 10:15:00,"461,76533333333384","2887,003333333332","45,058147889475975","88,1","115,88","115,88"
2025-07-09 10:30:00,"407,9226666666673","3880,5189999999984","47,37838564063689","74,0","121,96","121,96"
2025-07-09 10:45:00,"369,01000000000056","3302,5519999999988","49,63482658520426","57,2","133,61","133,61"
2025-07-09 11:00:00,"415,6393333333339","4645,550666666666","51,811386512078286","97,4","140,44","140,44"
2025-07-09 11:15:00,"299,8363333333339","2609,913666666665","53,88961959530909","78,9","143,94","143,94"
2025-07-09 11:30:00,"446,2440000000006","2312,7069999999985","55,8476895454528","70,72","143,13","143,13"
2025-07-09 11:45:00,"474,41200000000066","2820,1473333333315","57,66018666052201","60,72","153,37","153,37"
2025-07-09 12:00:00,"516,4803333333339","3007,452333333332","59,29808358892011","94,92","106,09","106,09"
2025-07-09 12:15:00,"1196,1253333333339","4494,814666666665","60,729192524849125","66,17","111,91","111,91"
2025-07-09 12:30:00,"380,7286666666672","1592,6579999999983","61,91944140281916","56,2","111,6","111,6"
2025-07-09 12:45:00,"333,27933333333385","2845,480999999998","62,83516352394944","45,3","60,53","60,53"
2025-07-09 13:00:00,"1943,2746666666674","3468,8279999999986","63,446444809809655","68,5","149,79","149,79"
2025-07-09 13:15:00,"2141,3110000000006","2764,412999999998","63,73104159730024","57,3","113,2","113,2"
2025-07-09 13:30:00,"1606,4673333333337","2413,8959999999984","63,67790145833984","49,5","135,41","135,41"
2025-07-09 13:45:00,"884,9530000000007","2956,666999999998","63,28916970294369","31,2","52,09","52,09"
2025-07-09 14:00:00,"380,21566666666723","3058,379666666665","62,5795647774525","47,8","52,27","52,27"
2025-07-09 14:15:00,"462,2626666666672","2190,7589999999987","61,57418605820622","50,3","7,94","7,94"
2025-07-09 14:30:00,"497,8506666666673","3259,702999999998","60,30451851779352","53,5","48,35","48,35"
2025-07-09 14:45:00,"405,37066666666726","990,635666666665","58,8046614548669","45,9","37,62","37,62"
2025-07-09 15:00:00,"613,7320000000007","660,4643333333318","57,10828735777368","39,4","21,24","21,24"
2025-07-09 15:15:00,"1101,3490000000006","1178,3036666666649","55,24667302956831","47,8","7,91","7,91"
2025-07-09 15:30:00,"1436,5276666666673","1204,0879999999986","53,24773556921533","68,4","70,52","70,52"
2025-07-09 15:45:00,"454,507333333334","1095,4789999999985","51,13574254882383","70,2","131,12","131,12"
2025-07-09 16:00:00,"395,42700000000065","1255,8949999999984","48,93147433606704","36,6","85,97","85,97"
2025-07-09 16:15:00,"296,26333333333395","1846,8009999999983","46,65259644803816","63,1","48,16","48,16"
2025-07-09 16:30:00,"461,76533333333396","1195,1569999999983","44,314104082580535","76,0","41,21","41,21"
2025-07-09 16:45:00,"1028,3010000000006","1459,0233333333315","41,92888225690936","91,3","36,13","36,13"
2025-07-09 17:00:00,"1061,3616666666671","1850,6829999999984","39,50768311173971","47,3","61,48","61,48"
2025-07-09 17:15:00,"1362,139333333334","2421,246666666665","37,06008351748645","79,7","14,04","14,04"
2025-07-09 17:30:00,"1847,0613333333338","1280,525666666665","34,594407980887304","92,0","12,41","12,41"
2025-07-09 17:45:00,"1288,286333333334","527,7316666666651","32,118058891686154","109,98","6,01","6,01"
2025-07-09 18:00:00,"805,1596666666672","700,0929999999984","29,637726951566435","35,08","-10,77","-10,77"
2025-07-09 18:15:00,"3626,4013333333337","581,4679999999985","27,159569676067907","80,1","19,14","19,14"
2025-07-09 18:30:00,"1493,5726666666671","598,145666666665","24,689347091181705","114,0","42,54","42,54"
2025-07-09 18:45:00,"860,5993333333339","930,164666666665","22,23256220814677","158,8","67,06","67,06"
2025-07-09 19:00:00,"826,1933333333338","923,562666666665","19,794577215212836","85,08","76,07","76,07"
2025-07-09 19:15:00,"1037,5183333333339","761,4829999999984","17,380721827479118","90,05","77,32","77,32"
2025-07-09 19:30:00,"1001,6213333333337","667,3789999999983","14,99646358095936","124,77","23,61","23,61"
2025-07-09 19:45:00,"605,3180000000006","543,077666666665","12,647678031680115","174,9","88,7","88,7"
2025-07-09 20:00:00,"658,9346666666672","379,918666666665","10,34054233160574","129,2","90,67","90,67"
2025-07-09 20:15:00,"2081,7056666666676","217,45766666666503","8,08280688649045","140,2","116,6","116,6"
2025-07-09 20:30:00,"790,2700000000004","108,5489999999984","5,884786838411902","151,6","152,6","152,6"
2025-07-09 20:45:00,"768,3156666666671","15,52166666666506","3,7635380260534887","161,01","165,78","165,78"
2025-07-09 21:00:00,"874,0330000000004","7,786666666665057","1,7553020257160563","180,7","70,22","70,22"
2025-07-09 21:15:00,"810,0903333333337","0,0","-0,0601151948736607","146,4","94,82","94,82"
2025-07-09 21:30:00,"512,2105000000007","0,0","-2,5726695892091223","133,25","108,36","108,36"
2025-07-09 21:45:00,"509,4166666666671","0,0","-4,474766648811534","120,07","56,12","56,12"
2025-07-09 22:00:00,"434,67033333333376","0,0","-6,2925674643026985","144,8","94,81","94,81"
2025-07-09 22:15:00,"462,87766666666715","0,0","-8,019335757993277","125,1","143,19","143,19"
2025-07-09 22:30:00,"519,9710000000005","0,0","-9,648179414960133","114,7","119,56","119,56"
2025-07-09 22:45:00,"508,3300000000004","0,0","-11,172103433056042","111,15","62,06","62,06"
2025-07-09 23:00:00,"632,4166666666671","0,0","-12,584079888943872","124,0","101,91","101,91"
2025-07-09 23:15:00,"465,6460000000004","0,0","-13,877135926953232","111,41","77,95","77,95"
2025-07-09 23:30:00,"267,7463333333338","0,0","-15,044458070216953","103,4","84,93","84,93"
2025-07-09 23:45:00,"338,4206666666671","0,0","-16,079511862672177","93,2","68,95","68,95"
2025-07-10 00:00:00,"364,7556666666671","0,0","-16,976173985343294","106,6","115,4","115,4"
2025-07-10 00:15:00,"294,885666666667","0,0","-17,728871099162003","109,6","111,73","111,73"
2025-07-10 00:30:00,"419,5776666666671","0,0","-18,332719717342925","96,09","105,83","105,83"
2025-07-10 00:45:00,"450,56600000000043","0,0","-18,783659774704734","93,6","83,31","83,31"
2025-07-10 01:00:00,"908,3873333333337","0,0","-19,0785731696998","103,09","84,46","84,46"
2025-07-10 01:15:00,"2070,7523333333334","0,0","-19,215379776288888","95,9","46,0","46,0"
2025-07-10 01:30:00,"880,3873333333337","0,0","-19,193103971095105","90,1","88,27","88,27"
2025-07-10 01:45:00,"275,50700000000035","0,0","-19,011906408075014","94,0","74,22","74,22"
2025-07-10 02:00:00,"387,6410000000003","0,0","-18,67307884143404","95,2","72,42","72,42"
2025-07-10 02:15:00,"357,3843333333336","0,0","-18,179002175401116","91,2","53,17","53,17"
2025-07-10 02:30:00,"291,197666666667","0,0","-17,533071131140858","92,0","91,81","91,81"
2025-07-10 02:45:00,"470,66233333333355","0,0","-16,739591251041134","94,38","83,89","83,89"
2025-07-10 03:00:00,"387,5770000000003","0,0","-15,803655126389174","94,9","118,73","118,73"
2025-07-10 03:15:00,"290,9923333333336","0,0","-14,731006461808434","91,3","110,11","110,11"
2025-07-10 03:30:00,"356,99500000000023","0,0","-13,52789987178734","99,49","117,72","117,72"
2025-07-10 03:45:00,"345,6890000000002","0,0","-12,200963044214465","87,9","95,73","95,73"
2025-07-10 04:00:00,"361,38066666666697","0,0","-10,757068046973524","89,1","111,48","111,48"
2025-07-10 04:15:00,"381,07900000000024","0,0","-9,203215822750082","91,6","109,02","109,02"
2025-07-10 04:30:00,"264,9006666666669","0,0","-7,546435942749498","96,4","104,28","104,28"
2025-07-10 04:45:00,"417,94466666666693","0,0","-5,7937041329825565","100,07","140,54","140,54"
2025-07-10 05:00:00,"445,3126666666669","0,0","-3,951877263431221","91,39","116,87","116,87"
2025-07-10 05:15:00,"279,3113333333336","0,0","-2,027644286532736","90,1","80,64","80,64"
2025-07-10 05:30:00,"315,0410000000002","0,0","0,4235770449817464","105,0","119,09","119,09"
2025-07-10 05:45:00,"437,0220000000002","15,633333333331723","2,301008352070774","121,1","130,17","130,17"
2025-07-10 06:00:00,"370,3176666666669","77,91799999999839","4,345895501914557","106,6","71,67","71,67"
2025-07-10 06:15:00,"421,9433333333336","187,50133333333173","6,49036518335078","118,7","98,1","98,1"
2025-07-10 06:30:00,"980,4690000000003","328,1253333333317","8,705730389477857","125,9","105,47","105,47"
2025-07-10 06:45:00,"802,2896666666669","645,807666666665","10,977466240278185","129,1","92,01","92,01"
2025-07-10 07:00:00,"640,2656666666669","833,8089999999984","13,296206079580813","148,8","144,3","144,3"
2025-07-10 07:15:00,"2517,2473333333337","997,7419999999984","15,654756519668222","130,33","133,66","133,66"
2025-07-10 07:30:00,"2777,9539999999997","1217,3486666666652","18,046913800956048","117,8","124,4","124,4"
2025-07-10 07:45:00,"406,25033333333334","1507,812666666665","20,4671316250934","95,06","131,23","131,23"
2025-07-10 08:00:00,"471,18","1814,2269999999985","22,909716097482004","152,46","128,46","128,46"
2025-07-10 08:15:00,"1615,9716666666668","2065,6046666666653","25,36943909189397","125,63","98,47","98,47"
2025-07-10 08:30:00,"921,4093333333334","2676,844333333332","27,84090455203977","102,4","60,66","60,66"
2025-07-10 08:45:00,"794,2273333333333","3348,2139999999986","30,31852143278149","69,9","38,03","38,03"
2025-07-10 09:00:00,"640,6253333333333","1976,562666666665","32,79640017849839","146,72","23,54","23,54"
2025-07-10 09:15:00,"1750,061333333333","3380,9659999999985","35,268222785686355","106,5","42,83","42,83"
2025-07-10 09:30:00,"720,096","3916,593333333331","37,72707176869097","82,8","41,82","41,82"
2025-07-10 09:45:00,"764,6193333333334","4076,766666666665","40,16526450716293","50,0","51,45","51,45"
2025-07-10 10:00:00,"691,4063333333335","4187,499999999999","42,57412813038434","104,94","14,6","14,6"
2025-07-10 10:15:00,"752,2506666666665","4256,105333333331","44,94373644111412","92,41","2,97","2,97"
2025-07-10 10:30:00,"757,021","4128,8933333333325","47,26259949306327","77,43","6,23","6,23"
2025-07-10 10:45:00,"567,2253333333333","4534,450999999998","49,51730442341415","49,65","22,43","22,43"
2025-07-10 11:00:00,"565,0096666666667","4669,287999999999","51,69206669634848","89,0","30,94","30,94"
2025-07-10 11:15:00,"488,28133333333335","4945,312666666666","53,768321277199966","71,9","41,83","41,83"
2025-07-10 11:30:00,"347,6563333333333","3765,625333333332","55,72430171344031","69,87","13,11","13,11"
2025-07-10 11:45:00,"460,9376666666667","2726,562666666665","57,53469767094269","48,6","7,8","7,8"
2025-07-10 12:00:00,"475,0156666666667","4472,772333333332","59,17062733573346","71,7","13,7","13,7"
2025-07-10 12:15:00,"3001,3496666666665","3845,960666666665","60,60010805211857","53,5","26,89","26,89"
2025-07-10 12:30:00,"3006,779666666667","4974,234666666665","61,789298583321305","44,45","18,34","18,34"
2025-07-10 12:45:00,"2868,1253333333334","2656,250333333332","62,704792918402816","34,3","5,59","5,59"
2025-07-10 13:00:00,"2753,259","3774,611333333332","63,31691147249299","61,1","47,67","47,67"
2025-07-10 13:15:00,"4621,349666666666","5881,266333333332","63,60356061452137","50,1","44,14","44,14"
2025-07-10 13:30:00,"3638,4950000000003","2904,5346666666646","63,55369716828952","31,3","74,29","74,29"
2025-07-10 13:45:00,"2858,25","5460,937999999998","63,16929587401458","37,6","21,17","21,17"
2025-07-10 14:00:00,"2850,3513333333335","1960,9319999999984","62,46484727771174","32,04","4,28","4,28"
2025-07-10 14:15:00,"2733,8593333333333","2116,310666666665","61,46509881184078","48,5","75,35","75,35"
2025-07-10 14:30:00,"2750,076","2859,7539999999985","60,20120240324005","51,9","58,49","58,49"
2025-07-10 14:45:00,"2767,864","2813,564666666665","58,706980919288085","55,1","114,05","114,05"
2025-07-10 15:00:00,"2674,894666666667","4431,919666666665","57,01590593416344","32,56","-0,61","-0,61"
2025-07-10 15:15:00,"2683,093","3984,6713333333314","55,15913145449889","46,64","-4,9","-4,9"
2025-07-10 15:30:00,"2739,784","3605,134333333332","53,164505679833255","65,7","4,94","4,94"
2025-07-10 15:45:00,"2647,613","5182,325999999999","51,0562747419996","77,9","82,66","82,66"
2025-07-10 16:00:00,"2761,2453333333337","4024,070999999999","48,85522642982284","39,0","16,72","16,72"
2025-07-10 16:15:00,"2040,7046666666665","4610,352333333331","46,5790447522255","66,3","67,35","67,35"
2025-07-10 16:30:00,"1069,9763333333333","2214,3876666666647","44,242762986725424","78,6","81,14","81,14"
2025-07-10 16:45:00,"230,46900000000002","1374,9999999999982","41,85920106880782","106,82","97,26","97,26"
2025-07-10 17:00:00,"273,438","1609,3753333333316","39,43934061551769","53,9","89,45","89,45"
2025-07-10 17:15:00,"425,78133333333335","1148,4376666666649","36,99269959080054","76,8","60,83","60,83"
2025-07-10 17:30:00,"234,37533333333337","632,8126666666649","34,52763375999557","98,25","40,05","40,05"
2025-07-10 17:45:00,"324,21900000000005","945,3126666666648","32,05157351426702","121,9","41,28","41,28"
2025-07-10 18:00:00,"148,43766666666673","601,5626666666649","29,57123435800683","53,07","47,97","47,97"
2025-07-10 18:15:00,"300,7813333333334","695,3129999999982","27,09278786262008","92,0","114,12","114,12"
2025-07-10 18:30:00,"421,8753333333334","796,8753333333315","24,622019288122736","116,9","138,05","138,05"
2025-07-10 18:45:00,"653,7546666666666","1165,727999999998","22,164448220680317","150,0","41,02","41,02"
2025-07-10 19:00:00,"745,0593333333333","1009,3543333333316","19,72545167828456","70,08","86,89","86,89"
2025-07-10 19:15:00,"429,7816666666666","765,7603333333315","17,310398448965127","110,08","121,47","121,47"
2025-07-10 19:30:00,"382,09099999999995","569,2953333333317","14,924752991052724","139,3","145,1","145,1"
2025-07-10 19:45:00,"545,6553333333333","475,4206666666649","12,5745956777159","154,88","146,72","146,72"
2025-07-10 20:00:00,"1067,1566666666665","467,28099999999824","10,265805018587397","125,01","109,99","109,99"
2025-07-10 20:15:00,"811,8513333333333","241,7983333333316","8,006341349343835","130,05","133,61","133,61"
2025-07-10 20:30:00,"584,696","85,7826666666649","5,806677907479503","150,0","170,65","170,65"
2025-07-10 20:45:00,"531,2499999999999","23,438","3,684284863174006","150,0","157,35","157,35"
2025-07-10 21:00:00,"483,7913333333332","7,812666666664891","1,6767026851836238","145,95","126,69","126,69"
2025-07-10 21:15:00,"571,5926666666667","0,0","-0,135090858975571","140,09","121,82","121,82"
2025-07-10 21:30:00,"436,08833333333325","0,0","-2,6614783188384483","135,2","99,23","99,23"
2025-07-10 21:45:00,"441,40633333333335","0,0","-4,566347934031279","122,1","98,12","98,12"
2025-07-10 22:00:00,"684,9086666666667","0,0","-6,387013949527487","128,65","147,29","147,29"
2025-07-10 22:15:00,"687,5443333333333","0,0","-8,116722347566181","126,6","188,09","188,09"
2025-07-10 22:30:00,"530,6733333333333","0,0","-9,748560849079334","117,2","197,67","197,67"
2025-07-10 22:45:00,"882,8126666666667","0,0","-11,275511735324056","105,7","135,63","135,63"
2025-07-10 23:00:00,"515,5246666666666","0,0","-12,690521800761328","110,08","25,55","25,55"
2025-07-10 23:15:00,"468,8313333333333","0,0","-13,986590479771248","107,98","22,22","22,22"
2025-07-10 23:30:00,"522,8923333333335","0,0","-15,156874470704484","108,2","46,24","46,24"
2025-07-10 23:45:00,"457,55400000000003","0,0","-16,19480788806747","98,8","32,15","32,15"
2025-07-11 00:00:00,"417,5276666666667","0,0","-17,094235091205324","119,14","91,06","91,06"
2025-07-11 00:15:00,"371,55100000000004","0,0","-17,849550428973686","104,1","82,65","82,65"
2025-07-11 00:30:00,"276,6856666666667","0,0","-18,45583916529612","94,6","124,96","124,96"
2025-07-11 00:45:00,"332,138","0,0","-18,90901219550183","96,4","82,82","82,82"
2025-07-11 01:00:00,"375,06800000000004","0,0","-19,205925743547017","105,2","137,61","137,61"
2025-07-11 01:15:00,"257,80133333333333","0,0","-19,344478445631733","99,4","119,65","119,65"
2025-07-11 01:30:00,"332,08566666666667","0,0","-19,32367877031573","91,91","158,08","158,08"
2025-07-11 01:45:00,"386,34233333333333","0,0","-19,14367742305422","95,5","130,06","130,06"
2025-07-11 02:00:00,"351,9546666666667","0,0","-18,805762479810543","98,0","133,86","133,86"
2025-07-11 02:15:00,"365,9056666666666","0,0","-18,312317405436453","94,0","83,72","83,72"
2025-07-11 02:30:00,"362,97","0,0","-17,666745360878437","89,11","82,6","82,6"
2025-07-11 02:45:00,"253,62433333333334","0,0","-16,873365567333284","93,4","89,87","89,87"
2025-07-11 03:00:00,"346,07800000000003","0,0","-15,937288687250982","98,0","111,59","111,59"
2025-07-11 03:15:00,"327,16266666666667","0,0","-14,86427991975916","93,7","66,22","66,22"
2025-07-11 03:30:00,"273,4376666666667","0,0","-13,660617792111628","92,0","67,84","67,84"
2025-07-11 03:45:00,"429,6876666666667","0,0","-12,33295535694745","89,7","73,5","73,5"
2025-07-11 04:00:00,"402,344","0,0","-10,888190629043905","90,3","78,91","78,91"
2025-07-11 04:15:00,"273,4376666666667","0,0","-9,333350346413964","91,8","96,67","96,67"
2025-07-11 04:30:00,"377,57266666666675","0,0","-7,675489143913299","94,3","91,61","91,61"
2025-07-11 04:45:00,"285,43066666666664","0,0","-5,921606656327755","96,2","101,89","101,89"
2025-07-11 05:00:00,"277,34366666666665","0,0","-4,078582229893908","84,6","125,61","125,61"
2025-07-11 05:15:00,"373,28266666666667","0,0","-2,153125713831863","90,4","116,18","116,18"
2025-07-11 05:30:00,"703,125","0,0","0,3108807174856154","104,0","112,53","112,53"
2025-07-11 05:45:00,"4164,062666666667","0,0","2,182266068795946","117,9","114,14","114,14"
2025-07-11 06:00:00,"3596,427666666667","39,08899999999822","4,225513583108057","103,5","165,59","165,59"
2025-07-11 06:15:00,"1299,1720000000003","109,27133333333155","6,370150826872033","117,7","140,73","140,73"
2025-07-11 06:30:00,"603,8593333333337","124,71466666666493","8,58622400912407","115,6","146,71","146,71"
2025-07-11 06:45:00,"390,6250000000003","101,56266666666488","10,858823626459778","117,4","145,29","145,29"
2025-07-11 07:00:00,"294,46633333333364","352,8479999999982","13,178440516802365","132,29","144,97","144,97"
2025-07-11 07:15:00,"670,8693333333337","631,0333333333316","15,5378080423737","125,6","135,16","135,16"
2025-07-11 07:30:00,"436,94800000000026","756,9673333333316","17,93070112598012","106,5","112,37","112,37"
2025-07-11 07:45:00,"432,59466666666697","678,1819999999982","20,35141365009455","99,2","115,34","115,34"
2025-07-11 08:00:00,"1155,0970000000002","676,1503333333316","22,794510178702183","147,8","133,79","133,79"
2025-07-11 08:15:00,"621,4986666666668","743,1019999999982","25,254632118130758","117,5","126,86","126,86"
2025-07-11 08:30:00,"375,04200000000026","859,3553333333316","27,726341672784766","91,7","138,44","138,44"
2025-07-11 08:45:00,"444,8323333333337","936,5656666666648","30,20403490281712","63,24","119,37","119,37"
2025-07-11 09:00:00,"417,93266666666693","1445,1419999999982","32,681808885158496","127,9","93,17","93,17"
2025-07-11 09:15:00,"550,7813333333337","2101,562666666665","35,15332748048033","102,3","64,91","64,91"
2025-07-11 09:30:00,"1022,2476666666669","4238,979666666664","37,6116640726754","82,7","92,96","92,96"
2025-07-11 09:45:00,"664,8130000000003","3397,8683333333315","40,04912194544225","55,24","99,76","99,76"
2025-07-11 10:00:00,"1299,4763333333337","4153,657333333332","42,45701518440188","107,3","137,76","137,76"
2025-07-11 10:15:00,"1575,434666666667","4392,591333333331","44,8254071264748","97,42","158,26","158,26"
2025-07-11 10:30:00,"971,0240000000005","3360,482666666665","47,1428017494125","67,9","61,34","61,34"
2025-07-11 10:45:00,"738,2570000000005","3669,955666666665","49,39578462613282","48,1","56,91","56,91"
2025-07-11 11:00:00,"688,4570000000004","4018,884666666665","51,568590823622536","93,4","36,34","36,34"
2025-07-11 11:15:00,"566,4240000000004","2615,7536666666647","53,64269876135163","74,6","69,71","69,71"
2025-07-11 11:30:00,"566,4116666666671","4306,824333333332","55,59639345278722","63,9","45,31","45,31"
2025-07-11 11:45:00,"572,5573333333336","3765,344999999998","57,404465680378905","44,51","31,19","31,19"
2025-07-11 12:00:00,"680,140333333334","3217,461999999998","59,03818272356071","70,6","72,81","72,81"
2025-07-11 12:15:00,"605,9196666666671","5354,3843333333325","60,46575989257927","61,2","45,87","45,87"
2025-07-11 12:30:00,"407,8966666666671","4435,862666666665","61,65361009724686","51,2","45,23","45,23"
2025-07-11 12:45:00,"488,84166666666704","5362,725333333333","62,568599383148864","35,84","34,47","34,47"
2025-07-11 13:00:00,"1726,3990000000006","5395,780666666665","63,18129635644515","45,08","63,65","63,65"
2025-07-11 13:15:00,"2836,6730000000007","5171,855999999997","63,469770347165856","43,43","27,61","27,61"
2025-07-11 13:30:00,"4252,0396666666675","5523,892999999998","63,42300175044924","32,58","-10,57","-10,57"
2025-07-11 13:45:00,"3695,7950000000005","5485,119666666665","63,04280458246739","25,05","-20,52","-20,52"
2025-07-11 14:00:00,"2980,412000000001","5362,686333333331","62,343445226329344","31,8","-17,36","-17,36"
2025-07-11 14:15:00,"2757,117333333334","5452,411999999998","61,3493096344333","30,05","-14,24","-14,24"
2025-07-11 14:30:00,"3922,467000000001","5219,474333333332","60,09121084918616","30,03","-11,93","-11,93"
2025-07-11 14:45:00,"4395,478000000001","5075,537999999999","58,60268424970885","16,81","-5,66","-5,66"
2025-07-11 15:00:00,"3887,6086666666674","1600,0413333333315","56,91698928710615","20,53","-10,44","-10,44"
2025-07-11 15:15:00,"587,9863333333338","729,5116666666651","55,06514663720377","32,6","-9,15","-9,15"
2025-07-11 15:30:00,"337,59333333333393","1008,8986666666652","53,07492829782971","43,9","-5,88","-5,88"
2025-07-11 15:45:00,"477,5513333333339","1343,4836666666652","50,97055315125074","55,7","-10,23","-10,23"
2025-07-11 16:00:00,"450,69133333333394","2547,927666666665","48,77281241050199","36,3","-10,94","-10,94"
2025-07-11 16:15:00,"189,9730000000006","2971,4643333333315","46,49941375138661","52,8","-10,22","-10,22"
2025-07-11 16:30:00,"205,9720000000006","2286,880999999998","44,16542056636388","76,06","23,46","23,46"
2025-07-11 16:45:00,"2046,4206666666676","2482,6389999999983","41,78366182787552","92,47","55,2","55,2"
2025-07-11 17:00:00,"1442,784333333334","3199,2869999999984","39,36519282187757","37,68","22,84","22,84"
2025-07-11 17:15:00,"472,9953333333339","3639,18","36,919560239218654","65,8","25,17","25,17"
2025-07-11 17:30:00,"932,9910000000004","2863,819666666665","34,455145035799745","82,6","-4,17","-4,17"
2025-07-11 17:45:00,"3004,100000000001","3726,795999999998","31,97940627168279","127,47","15,21","15,21"
2025-07-11 18:00:00,"3133,6146666666677","3570,233999999998","29,499085049467556","49,7","1,98","1,98"
2025-07-11 18:15:00,"2644,7440000000006","3045,177666666665","27,02037549321256","73,2","16,54","16,54"
2025-07-11 18:30:00,"3408,642333333334","2298,713999999998","24,549083295451755","105,3","88,99","88,99"
2025-07-11 18:45:00,"371,448333333334","2710,774333333332","22,09074638430105","137,19","125,79","125,79"
2025-07-11 19:00:00,"211,33066666666724","2010,464999999998","19,650758921691427","46,05","60,8","60,8"
2025-07-11 19:15:00,"156,10733333333394","2333,238333333332","17,234501124277518","96,0","40,3","40,3"
2025-07-11 19:30:00,"341,47366666666727","1668,563666666665","14,84746008476238","115,09","46,03","46,03"
2025-07-11 19:45:00,"326,35166666666726","1250,9006666666648","12,495566411156044","150,0","87,8","87,8"
2025-07-11 20:00:00,"186,52900000000062","279,8513333333316","10,185052048252162","110,01","71,04","71,04"
2025-07-11 20:15:00,"268,0300000000006","139,87399999999826","7,92374893426158","115,04","125,14","125,14"
2025-07-11 20:30:00,"232,54100000000062","162,7966666666649","5,722297774568375","127,99","131,88","131,88"
2025-07-11 20:45:00,"236,70333333333392","69,84666666666489","3,5985708041451594","141,4","158,17","158,17"
2025-07-11 21:00:00,"294,90900000000056","0,0","1,5913943327013231","150,09","108,16","108,16"
2025-07-11 21:15:00,"256,67433333333395","0,0","-0,2177036671603101","126,8","102,06","102,06"
2025-07-11 21:30:00,"302,7230000000006","0,0","-2,7564382641243657","112,6","81,47","81,47"
2025-07-11 21:45:00,"353,1146666666672","0,0","-4,664132851112176","102,0","76,86","76,86"
2025-07-11 22:00:00,"263,8663333333339","0,0","-6,487715630034822","129,4","91,11","91,11"
2025-07-11 22:15:00,"970,7270000000005","0,0","-8,220413833837902","112,3","134,15","134,15"
2025-07-11 22:30:00,"1987,1650000000002","0,0","-9,855293924390464","109,29","133,7","133,7"
2025-07-11 22:45:00,"1954,872333333334","0,0","-11,385314288404436","98,85","88,72","88,72"
2025-07-11 23:00:00,"1419,0400000000004","0,0","-12,803395191056158","122,6","153,45","153,45"
2025-07-11 23:15:00,"493,4016666666672","0,0","-14,102507059153044","102,46","105,21","105,21"
2025-07-11 23:30:00,"784,3656666666673","0,0","-15,275775447731112","93,2","114,11","114,11"
2025-07-11 23:45:00,"547,0863333333339","0,0","-16,316601738372768","83,3","123,4","123,4"
2025-07-12 00:00:00,"492,6706666666672","0,0","-17,218796726755603","113,1","107,61","107,61"
2025-07-12 00:15:00,"414,77833333333393","0,0","-17,976721320113473","106,5","129,58","129,58"
2025-07-12 00:30:00,"389,32700000000045","0,0","-18,585428571905723","96,44","252,28","252,28"
2025-07-12 00:45:00,"465,64933333333386","0,0","-19,040799598266258","91,0","179,06","179,06"
2025-07-12 01:00:00,"279,3876666666672","0,0","-19,339664479754163","99,9","95,67","95,67"
2025-07-12 01:15:00,"287,3673333333339","0,0","-19,479900454166245","100,9","115,41","115,41"
2025-07-12 01:30:00,"360,89100000000053","0,0","-19,460500252357907","93,6","124,67","124,67"
2025-07-12 01:45:00,"268,2376666666672","0,0","-19,281605136795577","88,4","126,63","126,63"
2025-07-12 02:00:00,"272,27366666666717","0,0","-18,94450033068848","91,2","106,35","106,35"
2025-07-12 02:15:00,"272,84233333333384","0,0","-18,45157297155509","94,43","145,71","145,71"
2025-07-12 02:30:00,"174,61733333333385","0,0","-17,806236009492903","93,07","142,17","142,17"
2025-07-12 02:45:00,"215,19000000000077","0,0","-17,012823872839473","92,3","157,75","157,75"
2025-07-12 03:00:00,"291,0286666666672","0,0","-16,076466937961257","100,8","113,53","113,53"
2025-07-12 03:15:00,"259,98533333333387","0,0","-15,00295359295111","92,0","97,46","97,46"
2025-07-12 03:30:00,"341,47366666666716","0,0","-13,798587965412857","93,13","115,03","115,03"
2025-07-12 03:45:00,"294,90900000000056","0,0","-12,470050104665658","83,6","113,05","113,05"
2025-07-12 04:00:00,"178,4976666666672","0,0","-11,024265510941644","91,6","91,51","91,51"
2025-07-12 04:15:00,"209,5406666666672","0,0","-9,468288135922498","89,1","92,5","92,5"
2025-07-12 04:30:00,"311,1033333333339","0,0","-7,809198960654364","91,05","91,45","91,45"
2025-07-12 04:45:00,"190,5770000000005","0,0","-6,054022668579647","87,6","68,21","68,21"
2025-07-12 05:00:00,"279,7483333333339","0,0","-4,209662084038131","102,18","111,73","111,73"
2025-07-12 05:15:00,"306,4753333333338","0,0","-2,2828488234779387","84,7","79,46","79,46"
2025-07-12 05:30:00,"241,14133333333388","0,0","0,2000545240539438","87,0","63,62","63,62"
2025-07-12 05:45:00,"334,54833333333386","38,93399999999823","2,062848666457999","88,4","73,52","73,52"
2025-07-12 06:00:00,"252,29066666666716","124,1216666666649","4,103266751627862","109,95","117,66","117,66"
2025-07-12 06:15:00,"155,2290000000005","232,77299999999823","6,247505946788352","84,76","111,78","111,78"
2025-07-12 06:30:00,"326,3130000000005","334,1253333333315","8,46400920553995","78,7","120,05","120,05"
2025-07-12 06:45:00,"244,76666666666722","381,2169999999983","10,737325795461542","71,3","115,37","115,37"
2025-07-12 07:00:00,"222,03533333333382","490,9976666666649","13,057739192183664","117,11","127,4","127,4"
2025-07-12 07:15:00,"353,50166666666723","605,9583333333314","15,417893906536117","94,92","60,37","60,37"
2025-07-12 07:30:00,"306,44933333333387","745,1926666666649","17,811507378542704","76,1","40,37","40,37"
2025-07-12 07:45:00,"186,05466666666717","999,9926666666648","20,23285973082632","66,7","29,47","29,47"
2025-07-12 08:00:00,"360,81333333333384","1288,1669999999983","22,67646818243","129,14","79,61","79,61"
2025-07-12 08:15:00,"384,15766666666724","1575,4346666666647","25,136948638769027","84,97","57,31","57,31"
2025-07-12 08:30:00,"260,65833333333387","2427,204333333332","27,60886105269637","59,8","48,89","48,89"
2025-07-12 08:45:00,"330,56733333333386","2940,2199999999984","30,086585257385902","35,1","50,23","50,23"
2025-07-12 09:00:00,"257,22866666666715","3281,898999999998","32,56420224754869","86,27","56,52","56,52"
2025-07-12 09:15:00,"1490,066333333334","3600,9933333333315","35,03536061962086","59,7","49,5","49,5"
2025-07-12 09:30:00,"1281,084333333334","3857,978333333332","37,4931163899953","48,2","48,52","48,52"
2025-07-12 09:45:00,"1111,0576666666673","3499,800999999998","39,929756888730736","22,0","20,54","20,54"
2025-07-12 10:00:00,"3030,0863333333336","3906,250333333331","42,336581330241245","48,1","88,53","88,53"
2025-07-12 10:15:00,"3053,383666666667","4115,842333333332","44,70363571988285","25,19","-22,54","-22,54"
2025-07-12 10:30:00,"2947,6796666666673","4256,104999999999","47,01942206264867","12,31","-7,93","-7,93"
2025-07-12 10:45:00,"3440,5940000000005","4484,374999999999","49,27052180895351","11,1","-36,86","-36,86"
2025-07-12 11:00:00,"886,461666666667","4498,990666666665","51,44119242073008","22,83","-31,15","-31,15"
2025-07-12 11:15:00,"1926,324666666667","3231,8399999999983","53,51294634040596","5,09","-0,13","-0,13"
2025-07-12 11:30:00,"1756,5666666666673","5158,170666666664","55,46412540274761","8,2","-0,13","-0,13"
2025-07-12 11:45:00,"1195,4780000000007","4910,994333333331","57,26962259082877","-7,2","1,03","1,03"
2025-07-12 12:00:00,"1477,9916666666672","4221,623333333332","58,90085712758365","5,81","3,63","3,63"
2025-07-12 12:15:00,"4981,331666666667","5384,786666666664","60,32624741185356","9,1","4,07","4,07"
2025-07-12 12:30:00,"2684,2270000000003","5596,349666666665","61,51246837946496","1,9","5,78","5,78"
2025-07-12 12:45:00,"3286,254000000001","4271,966666666665","62,42666877842275","-10,0","10,5","10,5"
2025-07-12 13:00:00,"2836,897666666667","938,4406666666648","63,03967827506848","15,3","27,23","27,23"
2025-07-12 13:15:00,"997,403333333334","3223,365999999998","63,329741841344514","4,4","4,91","4,91"
2025-07-12 13:30:00,"635,2496666666673","5453,851666666666","63,2858766964891","-6,21","5,16","5,16"
2025-07-12 13:45:00,"448,03900000000056","5581,0166666666655","62,90976772741784","-10,0","-4,3","-4,3"
2025-07-12 14:00:00,"1820,868333333334","5559,715666666665","62,21541641927255","-7,6","-13,89","-13,89"
2025-07-12 14:15:00,"3776,1303333333344","5437,514333333332","61,22686462745715","-3,9","-9,32","-9,32"
2025-07-12 14:30:00,"3818,131333333334","5519,143666666665","59,97457811648303","2,0","0,97","0,97"
2025-07-12 14:45:00,"2488,1250000000005","4125,000333333332","58,49179414689743","11,3","16,78","16,78"
2025-07-12 15:00:00,"374,97700000000077","1359,8283333333316","56,81154904794357","-15,51","16,68","16,68"
2025-07-12 15:15:00,"382,76333333333406","1390,6613333333316","54,96472123286635","-4,3","69,9","69,9"
2025-07-12 15:30:00,"504,49400000000077","2526,5729999999985","52,97899769957864","7,9","18,99","18,99"
2025-07-12 15:45:00,"659,403333333334","2333,082666666665","50,87856408613203","21,5","44,66","44,66"
2025-07-12 16:00:00,"549,4620000000008","2065,759666666665","48,68421079783898","-9,4","89,5","89,5"
2025-07-12 16:15:00,"562,5003333333341","3499,999999999998","46,413668070417664","7,7","122,63","122,63"
2025-07-12 16:30:00,"675,781333333334","4601,562666666666","44,08202621547884","20,6","108,07","108,07"
2025-07-12 16:45:00,"554,142333333334","3964,700999999999","41,70223187654842","35,87","80,89","80,89"
2025-07-12 17:00:00,"598,8676666666674","3935,221666666665","39,28521854072121","15,8","23,82","23,82"
2025-07-12 17:15:00,"691,2033333333341","1578,2383333333314","36,84064110912836","30,09","80,55","80,55"
2025-07-12 17:30:00,"810,0960000000007","1399,8749999999982","34,37691398058904","58,9","98,61","98,61"
2025-07-12 17:45:00,"510,4156666666674","2120,8786666666647","31,901525374343592","93,67","136,68","136,68"
2025-07-12 18:00:00,"626,7016666666674","2126,0056666666646","29,42124258123252","35,08","94,99","94,99"
2025-07-12 18:15:00,"610,1066666666674","2908,5756666666653","26,94227501685275","69,8","67,2","67,2"
2025-07-12 18:30:00,"636,7186666666674","2789,0629999999983","24,4704556727755","109,92","13,59","13,59"
2025-07-12 18:45:00,"639,9500000000007","1045,7329999999984","22,011341139025507","136,35","93,78","93,78"
2025-07-12 19:00:00,"643,2696666666674","1098,8279999999984","19,57034297029957","56,08","117,21","117,21"
2025-07-12 19:15:00,"682,8800000000008","834,9769999999982","17,152867166599204","87,7","115,13","115,13"
2025-07-12 19:30:00,"660,8750000000007","758,7269999999983","14,764413916638906","104,7","136,03","136,03"
2025-07-12 19:45:00,"611,7300000000007","373,79299999999824","12,411368083085543","142,8","80,17","80,17"
2025-07-12 20:00:00,"669,9466666666675","264,7503333333316","10,099226632049993","99,3","94,89","94,89"
2025-07-12 20:15:00,"788,3746666666674","273,1263333333316","7,836316075362318","107,9","111,86","111,86"
2025-07-12 20:30:00,"515,6030000000009","164,0636666666649","5,633478698896568","118,0","101,75","101,75"
2025-07-12 20:45:00,"420,4120000000007","77,91799999999823","3,509195963416634","126,3","103,88","103,88"
2025-07-12 21:00:00,"761,8740000000007","31,094999999998223","1,5041662268259404","132,3","102,57","102,57"
2025-07-12 21:15:00,"457,0870000000007","7,838666666664889","-0,8695367068447263","125,5","109,86","109,86"
2025-07-12 21:30:00,"566,4063333333341","0,0","-2,8575356044375","107,89","110,75","110,75"
2025-07-12 21:45:00,"687,500333333334","0,0","-4,768105515837211","106,7","123,54","123,54"
2025-07-12 22:00:00,"1621,7426666666672","0,0","-6,5946545554605","121,3","117,74","117,74"
2025-07-12 22:15:00,"1537,8263333333339","0,0","-8,330390201750195","114,98","114,9","114,9"
2025-07-12 22:30:00,"492,8086666666673","0,0","-9,968356563602486","110,3","104,91","104,91"
2025-07-12 22:45:00,"421,79966666666724","0,0","-11,501486956468751","103,1","92,77","92,77"
2025-07-12 23:00:00,"535,1560000000005","0,0","-12,922673868547651","111,4","124,54","124,54"
2025-07-12 23:15:00,"386,71900000000056","0,0","-14,22485742104151","104,5","109,64","109,64"
2025-07-12 23:30:00,"417,9200000000006","0,0","-15,4011307039158","102,05","136,26","136,26"
2025-07-12 23:45:00,"448,210333333334","0,0","-16,444861059503292","102,3","127,14","127,14"
2025-07-13 00:00:00,"389,7713333333339","0,0","-17,349824473992417","108,8","82,11","82,11"
2025-07-13 00:15:00,"382,33233333333396","0,0","-18,110347280981905","104,1","88,78","88,78"
2025-07-13 00:30:00,"437,97033333333394","0,0","-18,721449360265176","95,4","102,27","102,27"
2025-07-13 00:45:00,"358,4856666666673","0,0","-19,17898131023815","102,12","74,24","74,24"
2025-07-13 01:00:00,"268,0430000000006","0,0","-19,479746603095307","104,7","94,7","94,7"
2025-07-13 01:15:00,"294,85966666666724","0,0","-19,62160092562097","99,6","94,99","94,99"
2025-07-13 01:30:00,"275,9530000000006","0,0","-19,603521453146588","95,3","103,07","103,07"
2025-07-13 01:45:00,"232,46533333333394","0,0","-19,42564052655856","97,71","87,26","87,26"
2025-07-13 02:00:00,"275,50900000000064","0,0","-19,08924136126061","108,01","90,27","90,27"
2025-07-13 02:15:00,"225,65833333333393","0,0","-18,59671590119745","94,0","76,07","76,07"
2025-07-13 02:30:00,"291,0286666666673","0,0","-17,95148825859003","92,6","112,4","112,4"
2025-07-13 02:45:00,"349,234","0,0","-17,157909620286038","90,6","101,14","101,14"
2025-07-13 03:00:00,"299,80566666666726","0,0","-16,22113174140899","94,7","93,36","93,36"
2025-07-13 03:15:00,"182,81633333333392","0,0","-15,146967911959722","90,6","109,69","109,69"
2025-07-13 03:30:00,"264,44600000000065","0,0","-13,941749563506544","106,82","103,43","103,43"
2025-07-13 03:45:00,"236,70333333333392","0,0","-12,61218538566162","88,1","107,89","107,89"
2025-07-13 04:00:00,"206,2810000000006","0,0","-11,165229910342672","89,2","93,69","93,69"
2025-07-13 04:15:00,"287,14800000000065","0,0","-9,607965724235552","88,5","102,62","102,62"
2025-07-13 04:30:00,"287,14800000000065","0,0","-7,947501436211727","112,13","140,61","140,61"
2025-07-13 04:45:00,"311,20066666666725","0,0","-6,190887915766098","91,6","97,47","97,47"
2025-07-13 05:00:00,"291,0285000000009","0,0","-4,345052460158388","111,0","115,4","115,4"
2025-07-13 05:15:00,"240,48300000000057","0,0","-2,41674931561772","91,1","84,91","84,91"
2025-07-13 05:30:00,"197,60500000000062","0,0","0,0857553805494995","90,5","94,66","94,66"
2025-07-13 05:45:00,"268,02966666666725","15,521666666664892","1,9397975790203463","88,8","95,54","95,54"
2025-07-13 06:00:00,"233,31633333333394","77,94399999999823","3,9772229644709536","129,93","93,9","93,9"
2025-07-13 06:15:00,"252,51233333333394","194,2543333333316","6,121133518981296","98,22","87,22","87,22"
2025-07-13 06:30:00,"337,53166666666726","279,31233333333154","8,338166123300258","77,6","90,47","90,47"
2025-07-13 06:45:00,"284,21666666666727","381,65599999999824","10,612297907873414","64,5","84,11","84,11"
2025-07-13 07:00:00,"335,1643333333339","468,2119999999982","12,93359701532856","114,96","121,78","121,78"
2025-07-13 07:15:00,"3210,184","582,0869999999983","15,294605030587428","94,24","112,11","112,11"
2025-07-13 07:30:00,"2765,3556666666677","714,2009999999983","17,688996447976557","71,4","118,88","118,88"
2025-07-13 07:45:00,"345,0363333333339","922,6413333333315","20,111032153927457","51,2","127,64","127,64"
2025-07-13 08:00:00,"373,71333333333394","1526,884666666665","22,55517273139813","112,99","157,22","157,22"
2025-07-13 08:15:00,"279,55200000000065","1639,566999999998","25,01604049938159","72,9","312,15","312,15"
2025-07-13 08:30:00,"1231,073333333334","1483,955666666665","27,488171727363454","57,9","175,81","175,81"
2025-07-13 08:45:00,"601,9750000000006","2477,126999999998","29,965929366666217","30,03","127,34","127,34"
2025-07-13 09:00:00,"466,70633333333393","3118,325999999998","32,443377559197465","86,01","141,25","141,25"
2025-07-13 09:15:00,"532,5693333333339","3608,805999999998","34,91414172953298","54,4","177,75","177,75"
2025-07-13 09:30:00,"1319,3296666666674","3818,294666666664","37,37126771472207","29,9","121,25","121,25"
2025-07-13 09:45:00,"814,8800000000008","3981,270666666664","39,80702553542336","10,9","5,97","5,97"
2025-07-13 10:00:00,"601,4590000000007","4066,6393333333313","42,21269811117104","54,2","48,65","48,65"
2025-07-13 10:15:00,"454,9360000000007","4083,402333333331","44,57832209313501","25,8","23,13","23,13"
2025-07-13 10:30:00,"1636,2543333333342","4029,3873333333313","46,89238511707909","12,8","5,75","5,75"
2025-07-13 10:45:00,"2588,245000000001","3833,8163333333314","49,14148118210477","-4,5","-16,39","-16,39"
2025-07-13 11:00:00,"2497,832333333334","3715,3736666666646","51,30985400101292","30,5","13,79","13,79"
2025-07-13 11:15:00,"2494,2380000000007","4362,22133333333","53,37904481176214","16,7","89,19","89,19"
2025-07-13 11:30:00,"2461,5623333333338","3903,249666666664","55,32747760016333","-9,9","1,83","1,83"
2025-07-13 11:45:00,"2363,7543333333338","4707,781333333331","57,13014849722726","-13,97","-13,12","-13,12"
2025-07-13 12:00:00,"2448,301333333334","4925,654999999998","58,7586312971486","25,1","21,59","21,59"
2025-07-13 12:15:00,"4215,203666666667","4485,629333333331","60,18156393228091","7,8","72,9","72,9"
2025-07-13 12:30:00,"1642,2613333333338","5199,620666666665","61,36587790113103","-4,99","5,25","5,25"
2025-07-13 12:45:00,"1455,1920000000005","5300,613666666664","62,2790149864326","-19,9","2,99","2,99"
2025-07-13 13:00:00,"1671,3836666666673","5450,44033333333","62,892078381211626","13,3","16,62","16,62"
2025-07-13 13:15:00,"2379,879666666667","5285,435999999998","63,18350594664986","2,7","-5,1","-5,1"
2025-07-13 13:30:00,"2463,890000000001","5442,731666666665","63,142360015520815","-4,5","-12,61","-12,61"
2025-07-13 13:45:00,"2862,779333333334","5415,234666666664","62,77019436985431","-6,67","-14,03","-14,03"
2025-07-13 14:00:00,"3080,036000000001","5419,710999999997","62,08077089457459","-7,8","-30,72","-30,72"
2025-07-13 14:15:00,"3196,3780000000006","5700,185666666665","61,09777458771274","-5,7","-37,09","-37,09"
2025-07-13 14:30:00,"3155,562666666667","5339,570999999997","59,85131635534056","0,5","-29,4","-29,4"
2025-07-13 14:45:00,"3034,7996666666677","5254,035666666664","58,374325654577135","18,35","-16,97","-16,97"
2025-07-13 15:00:00,"3057,8953333333343","5067,777333333331","56,699605404875285","-21,7","-4,19","-4,19"
2025-07-13 15:15:00,"3009,940666666667","4905,429666666664","54,857873668243535","-6,6","-8,15","-8,15"
2025-07-13 15:30:00,"3007,7350000000006","4837,284999999998","52,87673219777917","6,7","-18,23","-18,23"
2025-07-13 15:45:00,"764,0420000000007","4477,992666666664","50,78032739945034","29,9","-20,81","-20,81"
2025-07-13 16:00:00,"236,70333333333394","3818,294666666664","48,5894446113229","-10,7","-46,77","-46,77"
2025-07-13 16:15:00,"320,0943333333339","4208,633999999998","46,321835268506526","2,08","-23,26","-23,26"
2025-07-13 16:30:00,"452,11633333333396","3626,707666666664","43,99261357066128","27,0","40,55","40,55"
2025-07-13 16:45:00,"333,71266666666725","3383,692333333331","41,61472635587714","47,5","-7,83","-7,83"
2025-07-13 17:00:00,"787,7176666666675","2941,328666666665","39,19919890218437","20,0","-7,01","-7,01"
2025-07-13 17:15:00,"365,5676666666673","3221,3349999999978","36,75569873291635","40,5","13,16","13,16"
2025-07-13 17:30:00,"573,1310000000007","3472,6206666666644","34,29266927851453","67,71","16,81","16,81"
2025-07-13 17:45:00,"1335,6456666666672","1565,3673333333309","31,817627611022687","119,99","114,83","114,83"
2025-07-13 18:00:00,"589,6296666666673","1830,423999999998","29,337366781677005","42,6","104,32","104,32"
2025-07-13 18:15:00,"1880,3026666666672","2384,8913333333307","26,85813421185787","74,2","133,14","133,14"
2025-07-13 18:30:00,"3883,591000000001","2680,6339999999977","24,385771079406016","101,2","129,94","129,94"
2025-07-13 18:45:00,"569,8106666666672","2504,533999999998","21,925852528079503","146,8","194,81","194,81"
2025-07-13 19:00:00,"1566,7070000000003","1843,0389999999977","19,4838071626358","72,1","128,19","128,19"
2025-07-13 19:15:00,"664,5023333333339","1213,989999999998","17,065038990626043","88,2","127,17","127,17"
2025-07-13 19:30:00,"423,3610000000006","1258,7646666666642","14,67507833722307","117,84","123,68","123,68"
2025-07-13 19:45:00,"469,0816666666672","511,5476666666642","12,31997463687041","160,7","148,65","148,65"
2025-07-13 20:00:00,"356,9850000000006","225,16699999999764","10,00589675848834","102,3","113,08","113,08"
2025-07-13 20:15:00,"391,91866666666726","356,99533333333096","7,7408868092922205","117,9","76,86","76,86"
2025-07-13 20:30:00,"418,4280000000008","441,6329999999964","5,5359181350203945","134,6","126,8","126,8"
2025-07-13 20:45:00,"326,3390000000006","404,07533333333095","3,409838329520836","150,0","74,32","74,32"
2025-07-13 21:00:00,"442,3793333333339","93,20666666666428","1,4045813616597678","154,8","76,77","76,77"
2025-07-13 21:15:00,"404,5653333333339","0,0","-0,9739406926868206","140,1","54,75","54,75"
2025-07-13 21:30:00,"298,7656666666672","0,0","-2,964754908308961","128,5","132,06","132,06"
2025-07-13 21:45:00,"512,8420000000006","0,0","-4,878248508488338","117,1","81,84","81,84"
2025-07-13 22:00:00,"498,0943333333339","0,0","-6,70781132209272","143,27","114,23","114,23"
2025-07-13 22:15:00,"299,4340000000006","0,0","-8,446630070073294","129,0","107,4","107,4"
2025-07-13 22:30:00,"474,44133333333394","0,0","-10,087725415627093","122,7","121,79","121,79"
2025-07-13 22:45:00,"435,81866666666724","0,0","-11,62400442788675","115,3","99,04","99,04"
2025-07-13 23:00:00,"272,0923333333339","0,0","-13,048330569363369","121,1","143,99","143,99"
2025-07-13 23:15:00,"388,7883333333339","0,0","-14,353612354252997","112,3","140,26","140,26"
2025-07-13 23:30:00,"205,56133333333392","0,0","-15,532909082758549","105,7","175,76","175,76"
2025-07-13 23:45:00,"325,9520000000006","0,0","-16,579552746986643","105,13","174,91","174,91"
2025-07-14 00:00:00,"275,95833333333394","0,0","-17,487283274052576","121,08","94,94","94,94"
2025-07-14 00:15:00,"186,25833333333395","0,0","-18,250391287416207","106,1","123,4","123,4"
2025-07-14 00:30:00,"252,5726666666673","0,0","-18,863862527746356","97,7","121,55","121,55"
2025-07-14 00:45:00,"306,5500000000006","0,0","-19,323516336851096","93,2","137,2","137,2"
2025-07-14 01:00:00,"159,0840000000006","0,0","-19,62612911708457","101,28","144,16","144,16"
2025-07-14 01:15:00,"259,6910000000006","0,0","-19,769534858793364","105,5","90,23","90,23"
2025-07-14 01:30:00,"302,7746666666673","0,0","-19,752695375874225","100,7","95,41","95,41"
2025-07-14 01:45:00,"283,2700000000006","0,0","-19,575734625298026","97,6","91,41","91,41"
2025-07-14 02:00:00,"368,96166666666727","0,0","-19,239934679338788","104,99","81,67","81,67"
2025-07-14 02:15:00,"244,24833333333396","0,0","-18,747693444824645","92,2","87,29","87,29"
2025-07-14 02:30:00,"175,1606666666673","0,0","-18,10244759289347","98,87","99,02","99,02"
2025-07-14 02:45:00,"260,000333333334","0,0","-17,30856664444174","91,7","89,32","89,32"
2025-07-14 03:00:00,"244,70900000000063","0,0","-16,3712254203402","106,0","105,82","105,82"
2025-07-14 03:15:00,"236,1656666666673","0,0","-15,296263845966456","98,81","96,25","96,25"
2025-07-14 03:30:00,"310,75266666666727","0,0","-14,090042376412862","91,8","82,11","82,11"
2025-07-14 03:45:00,"259,98566666666727","0,0","-12,759299997847055","91,2","78,9","78,9"
2025-07-14 04:00:00,"322,0716666666673","0,0","-11,31102182678468","99,7","67,75","67,75"
2025-07-14 04:15:00,"248,34433333333394","0,0","-9,752320510164454","92,1","65,74","65,74"
2025-07-14 04:30:00,"186,8276666666673","0,0","-8,090333565861494","100,07","64,88","64,88"
2025-07-14 04:45:00,"325,9520000000006","0,0","-6,332139182905559","101,7","67,01","67,01"
2025-07-14 05:00:00,"268,54200000000066","0,0","-4,484690119575645","98,9","70,39","70,39"
2025-07-14 05:15:00,"501,13766666666726","0,0","-2,554764104899335","96,37","56,66","56,66"
2025-07-14 05:30:00,"353,1150000000006","0,0","-0,0385685541596462","106,7","75,54","75,54"
2025-07-14 05:45:00,"302,66966666666724","69,84666666666429","1,8096171480180991","119,4","86,02","86,02"
2025-07-14 06:00:00,"406,95333333333394","217,0706666666643","3,845176103090208","117,96","83,57","83,57"
2025-07-14 06:15:00,"349,6080000000006","248,60199999999764","5,98940226863059","127,4","83,13","83,13"
2025-07-14 06:30:00,"197,8493333333339","271,67966666666433","8,207403347279225","134,1","106,21","106,21"
2025-07-14 06:45:00,"365,5836666666672","420,4263333333309","10,482669999126538","135,1","69,37","69,37"
2025-07-14 07:00:00,"314,73833333333397","1211,4629999999977","12,805098928191777","149,94","85,93","85,93"
2025-07-14 07:15:00,"284,1916666666673","911,727333333331","15,167149644637307","134,8","89,59","89,59"
2025-07-14 07:30:00,"1251,8390000000006","573,5789999999976","17,56247101647167","128,0","93,97","93,97"
2025-07-14 07:45:00,"4018,3326666666667","1103,3763333333309","19,98538054361799","113,1","115,11","115,11"
2025-07-14 08:00:00,"828,6980000000005","1333,4679999999971","22,43015699017093","153,8","175,73","175,73"
2025-07-14 08:15:00,"648,4490000000006","1654,795333333331","24,891484071085497","124,9","159,28","159,28"
2025-07-14 08:30:00,"439,41766666666723","2559,565666666664","27,36388657647295","105,71","126,72","126,72"
2025-07-14 08:45:00,"488,19800000000055","2822,0739999999973","29,841711470416733","82,8","120,4","120,4"
2025-07-14 09:00:00,"2002,8716666666671","3181,601666666664","32,31900639034264","144,93","95,05","95,05"
2025-07-14 09:15:00,"1440,0183333333337","3336,327333333331","34,78938852270248","119,0","74,04","74,04"
2025-07-14 09:30:00,"954,5736666666671","3888,141666666664","37,24587555153429","91,9","64,19","64,19"
2025-07-14 09:45:00,"478,01600000000036","2532,4893333333307","39,68071995523344","59,77","69,82","69,82"
2025-07-14 10:00:00,"276,5193333333338","3232,6296666666644","42,085187818039024","124,43","66,24","66,24"
2025-07-14 10:15:00,"372,5166666666671","2592,0946666666646","44,44929663289893","97,6","119,03","119,03"
2025-07-14 10:30:00,"343,47500000000065","2690,7909999999965","46,76152923090536","81,7","132,43","132,43"
2025-07-14 10:45:00,"295,5280000000005","1430,945333333331","49,008495631198144","61,5","129,11","129,11"
2025-07-14 11:00:00,"337,60833333333375","985,4189999999976","51,17441106456243","103,8","144,28","144,28"
2025-07-14 11:15:00,"276,2316666666671","894,4019999999977","53,24088808086309","86,6","157,35","157,35"
2025-07-14 11:30:00,"275,50700000000046","970,0953333333308","55,18639523415008","77,3","147,23","147,23"
2025-07-14 11:45:00,"329,4633333333337","1325,4856666666644","56,98603387213655","63,6","133,66","133,66"
2025-07-14 12:00:00,"256,37566666666714","2874,7046666666643","58,611535988897366","97,17","118,75","118,75"
2025-07-14 12:15:00,"174,96933333333376","2989,866999999997","60,03175463989417","76,9","58,82","58,82"
2025-07-14 12:30:00,"256,37600000000043","1950,452333333331","61,213897034553504","70,7","54,99","54,99"
2025-07-14 12:45:00,"186,25833333333378","2359,2716666666643","62,12570819593679","59,7","107,09","107,09"
2025-07-14 13:00:00,"204,98833333333377","1862,078333333331","62,73857709202653","83,9","60,12","60,12"
2025-07-14 13:15:00,"241,4106666666671","950,505333333331","63,03114140837948","72,6","48,35","48,35"
2025-07-14 13:30:00,"271,7443333333338","411,65766666666434","62,99252708662222","56,5","29,87","29,87"
2025-07-14 13:45:00,"330,26033333333385","1514,1619999999978","62,62420413052018","59,9","17,5","17,5"
2025-07-14 14:00:00,"275,52200000000045","1746,2879999999975","61,93962423638138","66,4","0,01","0,01"
2025-07-14 14:15:00,"710,1240000000005","1373,227333333331","60,96214464112974","64,6","7,75","7,75"
2025-07-14 14:30:00,"465,4313333333338","1482,4189999999978","59,72152035572928","65,3","-11,97","-11,97"
2025-07-14 14:45:00,"291,92866666666714","2797,806666666665","58,25036370795268","71,05","-18,67","-18,67"
2025-07-14 15:00:00,"155,4476666666671","3373,430333333331","56,58123409339764","39,1","-4,44","-4,44"
2025-07-14 15:15:00,"298,49500000000046","4348,28033333333","54,74469027134359","62,8","1,33","1,33"
2025-07-14 15:30:00,"294,9090000000005","5091,059333333331","52,76823206688572","75,2","36,26","36,26"
2025-07-14 15:45:00,"267,49000000000046","4077,140333333332","50,67596092681888","97,78","70,51","70,51"
2025-07-14 16:00:00,"310,76566666666713","2501,4663333333315","48,4886531102606","48,2","115,8","115,8"
2025-07-14 16:15:00,"170,73700000000045","2840,4383333333312","46,22406807846603","68,0","146,65","146,65"
2025-07-14 16:30:00,"209,54066666666714","3647,557666666664","43,897351335368185","82,5","121,37","121,37"
2025-07-14 16:45:00,"263,82933333333375","2708,859333333331","41,52146880748501","124,92","64,3","64,3"
2025-07-14 17:00:00,"2037,470666666667","3822,265333333331","39,10750881171791","52,3","93,52","93,52"
2025-07-14 17:15:00,"1872,9383333333337","3536,5609999999974","36,66515720430824","76,9","84,9","84,9"
2025-07-14 17:30:00,"1040,6250000000007","729,5116666666646","34,20289160660441","105,21","100,89","100,89"
2025-07-14 17:45:00,"1396,0836666666669","31,04299999999793","31,728259061489588","131,4","135,41","135,41"
2025-07-14 18:00:00,"1384,1433333333339","7,760666666664594","29,248079850454783","41,41","107,17","107,17"
2025-07-14 18:15:00,"1495,4920000000004","23,308333333331262","26,768623549658635","98,4","144,8","144,8"
2025-07-14 18:30:00,"446,25800000000044","139,90199999999794","24,29575566860244","125,2","154,14","154,14"
2025-07-14 18:45:00,"578,1766666666671","248,3443333333313","21,83507199679923","162,6","89,52","89,52"
2025-07-14 19:00:00,"433,02966666666714","499,8299999999978","19,392021019800563","95,59","70,26","70,26"
2025-07-14 19:15:00,"2522,3833333333337","1164,7143333333313","16,97203403019668","131,6","75,93","75,93"
2025-07-14 19:30:00,"953,0880000000006","929,9853333333314","14,580660577295042","150,06","66,7","66,7"
2025-07-14 19:45:00,"439,01466666666727","349,7266666666645","12,223956632411856","155,07","113,52","113,52"
2025-07-14 20:00:00,"1253,6706666666673","186,2083333333312","9,908168476261295","157,02","97,82","97,82"
2025-07-14 20:15:00,"419,16166666666726","100,89066666666452","7,641460933442975","155,03","80,06","80,06"
2025-07-14 20:30:00,"489,45133333333393","163,00466666666452","5,435032969846303","160,4","117,57","117,57"
2025-07-14 20:45:00,"381,1283333333339","132,2166666666645","3,308422147564476","161,7","60,04","60,04"
2025-07-14 21:00:00,"411,28533333333394","15,49566666666452","1,30570310670542","230,77","95,72","95,72"
2025-07-14 21:15:00,"527,7320000000007","0,0","-1,0844032455957324","179,1","73,62","73,62"
2025-07-14 21:30:00,"423,38700000000057","0,0","-3,078079140105197","150,6","91,54","91,54"
2025-07-14 21:45:00,"693,6916666666672","0,0","-4,994542856031089","140,09","117,74","117,74"
2025-07-14 22:00:00,"513,4003333333341","0,0","-6,827165026178271","150,8","157,71","157,71"
2025-07-14 22:15:00,"337,63900000000064","0,0","-8,56911061387892","138,2","196,15","196,15"
2025-07-14 22:30:00,"407,40466666666725","0,0","-10,213375747246133","128,2","144,69","144,69"
2025-07-14 22:45:00,"244,65833333333396","0,0","-11,752840072224664","117,9","104,83","104,83"
2025-07-14 23:00:00,"182,37800000000058","0,0","-13,180336776049584","129,6","120,65","120,65"
2025-07-14 23:15:00,"338,7173333333339","0,0","-14,488741461535316","117,5","98,98","98,98"
2025-07-14 23:30:00,"291,1753333333339","0,0","-15,671078310171753","109,5","125,58","125,58"
2025-07-14 23:45:00,"298,78933333333396","0,0","-16,72064264804702","99,4","112,82","112,82"
2025-07-15 00:00:00,"298,78933333333396","0,0","-17,631137087424452","118,46","145,33","145,33"
2025-07-15 00:15:00,"186,25833333333395","0,0","-18,39681540067716","108,98","156,85","156,85"
2025-07-15 00:30:00,"227,9725000000009","0,0","-19,01262822041906","101,9","145,99","145,99"
2025-07-15 00:45:00,"341,473333333334","0,0","-19,474362892831238","95,74","121,31","121,31"
2025-07-15 01:00:00,"186,25833333333395","0,0","-19,778768291631085","101,96","83,56","83,56"
2025-07-15 01:15:00,"252,22466666666728","0,0","-19,92365657267904","95,7","86,96","86,96"
2025-07-15 01:30:00,"314,4030000000006","0,0","-19,907974394574204","98,85","119,71","119,71"
2025-07-15 01:45:00,"256,62266666666727","0,0","-19,731837884494016","102,62","105,55","105,55"
2025-07-15 02:00:00,"291,1203333333339","0,0","-19,39652885698388","108,18","96,33","96,33"
2025-07-15 02:15:00,"329,7833333333339","0,0","-18,90445236167968","91,3","80,35","80,35"
2025-07-15 02:30:00,"159,48366666666726","0,0","-18,259059050681337","88,7","80,4","80,4"
2025-07-15 02:45:00,"306,20466666666726","0,0","-17,464738378991665","87,0","62,75","62,75"
2025-07-15 03:00:00,"213,5886666666673","0,0","-16,526689943958296","100,93","88,53","88,53"
2025-07-15 03:15:00,"182,3660000000006","0,0","-15,450782060069937","88,0","82,2","82,2"
2025-07-15 03:30:00,"286,86633333333396","0,0","-14,243405942697928","84,3","87,63","87,63"
2025-07-15 03:45:00,"325,9796666666673","0,0","-12,911332542423589","82,59","62,18","62,18"
2025-07-15 04:00:00,"295,218333333334","0,0","-11,461579122486432","84,06","69,29","69,29"
2025-07-15 04:15:00,"251,94300000000064","0,0","-9,901289818112096","86,4","59,82","59,82"
2025-07-15 04:30:00,"155,21533333333394","0,0","-8,237632337267932","94,92","68,16","68,16"
2025-07-15 04:45:00,"256,10500000000064","0,0","-6,477713316627727","100,0","87,76","87,76"
2025-07-15 05:00:00,"294,90900000000056","0,0","-4,628511957108618","89,4","82,2","82,2"
2025-07-15 05:15:00,"206,1260000000006","0,0","-2,69683031426332","94,9","84,28","84,28"
2025-07-15 05:30:00,"519,9706666666674","0,0","-0,158543750021148","102,14","84,93","84,93"
2025-07-15 05:45:00,"3480,7400000000007","15,52166666666452","1,6804949829093494","102,04","109,63","109,63"
2025-07-15 06:00:00,"1505,897333333334","108,80566666666452","3,712363245945026","94,7","125,5","125,5"
2025-07-15 06:15:00,"345,3536666666672","178,4973333333312","5,856127403764649","116,5","85,38","85,38"
2025-07-15 06:30:00,"256,1050000000006","294,9089999999979","8,074704969728078","118,15","97,2","97,2"
2025-07-15 06:45:00,"356,9953333333339","411,3206666666645","10,35088786519175","119,6","78,19","78,19"
2025-07-15 07:00:00,"343,4176666666673","507,1453333333312","12,674315512838572","125,0","97,46","97,46"
2025-07-15 07:15:00,"794,935333333334","606,0319999999978","15,037343448538314","124,6","101,6","101,6"
2025-07-15 07:30:00,"521,7656666666674","739,6756666666645","17,433550228827354","111,42","122,81","122,81"
2025-07-15 07:45:00,"361,72900000000055","964,455999999998","19,857103671726605","97,1","125,61","125,61"
2025-07-15 08:00:00,"342,3090000000006","1213,5249999999978","22,30247877627224","136,9","139,78","139,78"
2025-07-15 08:15:00,"326,6656666666672","1532,0363333333314","24,76424955126123","116,6","87,51","87,51"
2025-07-15 08:30:00,"392,42133333333396","2338,7739999999976","27,23690101183736","87,12","72,03","72,03"
2025-07-15 08:45:00,"635,3950000000007","2829,708333333331","29,71476210573603","70,01","68,44","68,44"
2025-07-15 09:00:00,"594,9356666666672","3181,3963333333304","32,191862221169586","125,0","61,66","61,66"
2025-07-15 09:15:00,"611,1710000000006","3511,576333333331","34,661796268926786","101,2","51,11","51,11"
2025-07-15 09:30:00,"675,1786666666671","3732,953333333331","37,11756683111101","76,48","60,09","60,09"
2025-07-15 09:45:00,"513,2496666666673","3849,9609999999975","39,55140697821666","57,52","73,18","73,18"
2025-07-15 10:00:00,"461,2783333333339","3930,377333333331","41,95456417641725","102,6","67,04","67,04"
2025-07-15 10:15:00,"474,5550000000006","4013,308333333331","44,31704288604698","80,3","66,25","66,25"
2025-07-15 10:30:00,"571,8340000000005","4005,506666666664","46,6273104645602","69,64","61,62","61,62"
2025-07-15 10:45:00,"477,8446666666672","3675,326333333331","48,87197399762639","47,4","33,77","33,77"
2025-07-15 11:00:00,"507,78300000000064","4310,661999999998","51,03525982630673","97,4","56,86","56,86"
2025-07-15 11:15:00,"365,52966666666725","2248,9189999999976","53,09880832796822","67,3","43,63","43,63"
2025-07-15 11:30:00,"479,2333333333339","3431,009333333332","55,04115524507218","60,39","41,59","41,59"
2025-07-15 11:45:00,"512,8160000000005","4863,599666666665","56,83750821794413","43,1","46,04","46,04"
2025-07-15 12:00:00,"276,13866666666723","3343,2896666666647","58,45976007540978","70,7","29,68","29,68"
2025-07-15 12:15:00,"1459,0233333333338","1001,1383333333316","59,87698694251226","56,8","5,95","5,95"
2025-07-15 12:30:00,"558,7750000000003","131,9326666666649","61,05667485416913","56,38","110,22","110,22"
2025-07-15 12:45:00,"270,7870000000004","262,6443333333316","61,966881273913664","43,5","-6,76","-6,76"
2025-07-15 13:00:00,"381,3673333333338","1127,646666666665","62,579292039083256","62,7","91,46","91,46"
2025-07-15 13:15:00,"314,3006666666671","3065,8029999999976","62,872759871129496","49,4","104,01","104,01"
2025-07-15 13:30:00,"329,8326666666671","3174,151666666665","62,83648239670405","31,72","120,64","120,64"
2025-07-15 13:45:00,"446,2440000000005","2669,701999999999","62,47186158304644","29,5","258,88","258,88"
2025-07-15 14:00:00,"294,90900000000045","1024,4206666666648","61,79202245162615","33,26","323,94","323,94"
2025-07-15 14:15:00,"287,6896666666671","808,9243333333314","60,82000966096071","43,5","138,19","138,19"
2025-07-15 14:30:00,"369,09333333333376","1157,0129999999983","59,585213230608105","37,0","25,69","25,69"
2025-07-15 14:45:00,"252,33300000000042","1924,838666666665","58,11991951743308","43,0","26,95","26,95"
2025-07-15 15:00:00,"233,52900000000065","1484,410999999997","56,456434574815134","29,7","27,54","27,54"
2025-07-15 15:15:00,"377,1763333333338","941,3593333333314","54,625147400965815","43,8","-4,05","-4,05"
2025-07-15 15:30:00,"412,53466666666714","1035,7989999999982","52,65344900150068","55,6","-5,79","-5,79"
2025-07-15 15:45:00,"372,6480000000005","1171,754666666665","50,565389663066185","76,83","2,56","2,56"
2025-07-15 16:00:00,"380,20300000000043","1102,2936666666646","48,3817319882952","43,2","2,25","2,25"
2025-07-15 16:15:00,"275,6403333333338","1249,397666666665","46,12024435559253","59,7","95,26","95,26"
2025-07-15 16:30:00,"306,5500000000004","876,9659999999982","43,79609800696805","73,5","37,84","37,84"
2025-07-15 16:45:00,"820,7713333333338","1524,383999999998","41,42258894486523","96,02","108,61","108,61"
2025-07-15 17:00:00,"264,1366666666671","1009,9303333333314","39,01028111014109","49,3","77,41","77,41"
2025-07-15 17:15:00,"372,21200000000044","1402,785999999998","36,56915091606527","77,3","23,99","23,99"
2025-07-15 17:30:00,"451,53266666666707","1923,107666666665","34,10771674674662","96,6","42,7","42,7"
2025-07-15 17:45:00,"302,55633333333384","1824,3326666666649","31,633556594018543","113,2","86,02","86,02"
2025-07-15 18:00:00,"411,57800000000043","1981,701666666665","29,15351929484656","40,06","69,05","69,05"
2025-07-15 18:15:00,"2918,335333333334","1825,1609999999976","26,67389366792624","84,8","114,69","114,69"
2025-07-15 18:30:00,"1362,7486666666673","1166,4346666666647","24,200575392052976","112,8","24,36","24,36"
2025-07-15 18:45:00,"380,6413333333339","559,448999999998","21,739183619033867","142,47","67,54","67,54"
2025-07-15 19:00:00,"338,8000000000006","256,8839999999981","19,295190477885715","73,7","65,79","65,79"
2025-07-15 19:15:00,"306,7483333333339","520,7266666666648","16,873954435770415","98,4","62,25","62,25"
2025-07-15 19:30:00,"609,6966666666673","404,0236666666648","14,481123850638266","125,0","74,78","74,78"
2025-07-15 19:45:00,"435,5703333333339","287,64599999999814","12,1229875364266","144,99","78,75","78,75"
2025-07-15 20:00:00,"325,95200000000057","256,1049999999981","9,805644211646234","128,65","77,16","77,16"
2025-07-15 20:15:00,"418,56900000000064","209,3359999999981","7,537521748916631","133,8","83,31","83,31"
2025-07-15 20:30:00,"466,1870000000006","108,75399999999811","5,33012549568022","139,98","80,44","80,44"
2025-07-15 20:45:00,"434,6056666666673","62,03533333333144","3,2039538545321884","139,97","107,89","107,89"
2025-07-15 21:00:00,"540,7433333333339","15,495666666664778","1,2059918051363103","167,9","36,33","36,33"
2025-07-15 21:15:00,"791,5976666666675","7,760666666664779","-1,2009074987301716","141,48","37,4","37,4"
2025-07-15 21:30:00,"1917,7460000000003","0,0","-3,197489502079168","131,3","70,62","70,62"
2025-07-15 21:45:00,"616,8056666666671","0,0","-5,116967834744766","120,8","44,35","44,35"
2025-07-15 22:00:00,"442,6800000000004","0,0","-6,952693026806581","142,8","45,87","45,87"
2025-07-15 22:15:00,"453,81500000000045","0,0","-8,697807287113287","130,09","45,22","45,22"
2025-07-15 22:30:00,"567,1583333333338","0,0","-10,34528111914426","122,7","67,59","67,59"
2025-07-15 22:45:00,"418,8013333333338","0,0","-11,887965569562713","102,8","56,73","56,73"
2025-07-15 23:00:00,"306,91533333333376","0,0","-13,318662298172471","125,7","78,28","78,28"
2025-07-15 23:15:00,"419,98666666666713","0,0","-14,630212689646052","119,5","70,93","70,93"
2025-07-15 23:30:00,"271,65433333333385","0,0","-15,815604472443209","111,6","70,41","70,41"
2025-07-15 23:45:00,"314,98366666666715","0,0","-16,8680949851266","92,4","61,26","61,26"
2025-07-16 00:00:00,"341,94666666666706","0,0","-17,78134826333203","118,0","104,48","104,48"
2025-07-16 00:15:00,"240,89466666666715","0,0","-18,549580082070847","108,4","91,05","91,05"
2025-07-16 00:30:00,"361,2880000000005","0,0","-19,1677049935406","99,2","85,84","85,84"
2025-07-16 00:45:00,"259,8463333333338","0,0","-19,63147760800075","90,0","97,86","97,86"
2025-07-16 01:00:00,"271,25500000000045","0,0","-19,937618815046413","109,0","103,71","103,71"
2025-07-16 01:15:00,"414,2053333333338","0,0","-20,083918805670685","103,3","98,61","98,61"
2025-07-16 01:30:00,"323,29933333333383","0,0","-20,069309301975206","93,44","104,93","104,93"
2025-07-16 01:45:00,"287,2783333333338","0,0","-19,893899173014372","80,09","30,64","30,64"
2025-07-16 02:00:00,"364,7326666666671","0,0","-19,55897088257199","103,09","62,91","62,91"
2025-07-16 02:15:00,"209,3103333333338","0,0","-19,066937827787797","88,9","60,84","60,84"
2025-07-16 02:30:00,"314,3003333333338","0,0","-18,42126608968332","87,4","103,48","103,48"
2025-07-16 02:45:00,"275,5736666666671","0,0","-17,626366683981395","84,6","58,84","58,84"
2025-07-16 03:00:00,"341,24500000000046","0,0","-16,687465719421656","95,0","112,41","112,41"
2025-07-16 03:15:00,"438,97300000000047","0,0","-15,610461675131704","88,7","77,97","77,97"
2025-07-16 03:30:00,"271,61566666666715","0,0","-14,40177828001934","86,5","109,4","109,4"
2025-07-16 03:45:00,"244,81200000000047","0,0","-13,068220130686347","80,2","74,25","74,25"
2025-07-16 04:00:00,"306,5393333333338","0,0","-11,616838205553613","85,8","64,1","64,1"
2025-07-16 04:15:00,"271,6263333333338","0,0","-10,054809560316388","86,1","61,61","61,61"
2025-07-16 04:30:00,"321,93233333333376","0,0","-8,389333372316276","88,9","73,28","73,28"
2025-07-16 04:45:00,"326,48500000000047","0,0","-6,627545850446105","90,4","72,76","72,76"
2025-07-16 05:00:00,"279,35533333333376","0,0","-4,7764536116565655","79,58","60,99","60,99"
2025-07-16 05:15:00,"381,0793333333338","0,0","-2,8428838725266865","84,7","57,31","57,31"
2025-07-16 05:30:00,"355,07800000000077","0,0","-0,8334514410327591","97,7","97,31","97,31"
2025-07-16 05:45:00,"236,74366666666714","30,991999999998114","1,552217259209121","112,1","103,76","103,76"
2025-07-16 06:00:00,"338,2913333333338","85,52366666666478","3,578479710095015","96,71","65,36","65,36"
2025-07-16 06:15:00,"318,9673333333338","279,9566666666648","5,721026158129102","104,0","83,32","83,32"
2025-07-16 06:30:00,"291,0286666666671","535,493","7,939817827296753","112,5","93,47","93,47"
2025-07-16 06:45:00,"395,8460000000004","543,3169999999981","10,216724549723931","117,0","108,49","108,49"
2025-07-16 07:00:00,"381,9370000000004","560,9403333333315","12,541041407774207","121,7","85,02","85,02"
2025-07-16 07:15:00,"707,3766666666671","473,9736666666647","14,904967263870386","112,14","97,6","97,6"
2025-07-16 07:30:00,"399,2566666666671","403,17533333333137","17,302006728414884","108,4","135,03","135,03"
2025-07-16 07:45:00,"810,9476666666669","598,923999999998","19,726570216583035","105,0","135,73","135,73"
2025-07-16 08:00:00,"746,230666666667","647,0283333333314","22,17250306047097","141,4","158,53","158,53"
2025-07-16 08:15:00,"385,45000000000044","996,6073333333312","24,634630984722595","120,3","136,9","136,9"
2025-07-16 08:30:00,"416,58000000000044","1409,3646666666648","27,10745104820164","97,5","129,35","129,35"
2025-07-16 08:45:00,"500,56900000000047","1490,0663333333314","29,58526921926543","85,5","135,86","135,86"
2025-07-16 09:00:00,"502,71666666666715","1426,3246666666648","32,062092803494984","131,6","150,75","150,75"
2025-07-16 09:15:00,"482,22800000000046","1509,364999999998","34,53150226328483","102,94","133,33","133,33"
2025-07-16 09:30:00,"486,0420000000005","2192,749999999998","36,98646959539412","88,0","120,36","120,36"
2025-07-16 09:45:00,"481,1670000000005","2242,859999999998","39,419206430680944","71,3","47,18","47,18"
2025-07-16 10:00:00,"516,0903333333337","2173,0133333333315","41,82093972314945","117,4","36,58","36,58"
2025-07-16 10:15:00,"434,6443333333338","2009,950333333332","44,18163916114763","99,8","26,75","26,75"
2025-07-16 10:30:00,"427,23500000000047","2222,7053333333315","46,489778088177566","88,1","24,97","24,97"
2025-07-16 10:45:00,"506,02566666666706","2149,2046666666647","48,73199817280531","70,69","13,92","13,92"
2025-07-16 11:00:00,"448,31066666666715","1574,9793333333314","50,89246171115804","102,9","19,27","19,27"
2025-07-16 11:15:00,"455,46466666666714","1549,636999999998","52,952875511514925","93,8","22,57","22,57"
2025-07-16 11:30:00,"450,64000000000044","2043,4006666666648","54,89183554902944","85,2","17,23","17,23"
2025-07-16 11:45:00,"573,3103333333338","2139,2549999999983","56,68465709329951","72,9","9,02","9,02"
2025-07-16 12:00:00,"664,7440000000005","3355,2139999999986","58,30339662863008","95,5","92,61","92,61"
2025-07-16 12:15:00,"3493,993333333334","3350,2406666666643","59,7173545699755","81,9","26,07","26,07"
2025-07-16 12:30:00,"2297,849333333334","2975,3026666666647","60,894306276448745","75,8","18,83","18,83"
2025-07-16 12:45:00,"1696,0706666666674","3669,309666666665","61,8026303819729","64,81","-7,47","-7,47"
2025-07-16 13:00:00,"651,1130000000006","3625,253999999998","62,414320094453","88,7","3,08","3,08"
2025-07-16 13:15:00,"333,27966666666725","3923,390666666665","62,708454558221305","77,0","58,93","58,93"
2025-07-16 13:30:00,"399,67933333333394","3965,7489999999975","62,6743140229706","71,3","0,52","0,52"
2025-07-16 13:45:00,"1620,406666666667","2908,931333333332","62,31321706569053","58,67","5,18","5,18"
2025-07-16 14:00:00,"391,918333333334","3267,2806666666647","61,63802306914465","68,42","93,04","93,04"
2025-07-16 14:15:00,"372,5320000000006","2112,5079999999984","60,67143895873564","70,7","14,6","14,6"
2025-07-16 14:30:00,"701,1090000000006","651,7026666666649","59,4424776675127","60,2","23,0","23,0"
2025-07-16 14:45:00,"1246,5336666666674","1384,8303333333315","57,98309197107564","55,7","14,87","14,87"
2025-07-16 15:00:00,"424,0220000000004","2548,789666666665","56,32532577738431","49,5","21,1","21,1"
2025-07-16 15:15:00,"299,38666666666705","3998,440333333332","54,49937797906679","59,0","47,66","47,66"
2025-07-16 15:30:00,"368,63633333333377","4710,782333333332","52,53253370933223","74,25","79,05","79,05"
2025-07-16 15:45:00,"303,23900000000043","4339,921666666665","50,44878621998788","87,6","31,53","31,53"
2025-07-16 16:00:00,"360,87533333333374","3996,791999999999","48,26888020047781","56,4","24,89","24,89"
2025-07-16 16:15:00,"369,4793333333338","1726,4943333333322","46,010589671706896","72,9","88,55","88,55"
2025-07-16 16:30:00,"349,2343333333337","2173,013333333332","43,68911027835904","83,3","102,64","102,64"
2025-07-16 16:45:00,"706,2293333333337","512,2099999999988","41,31754160670045","101,7","95,64","95,64"
2025-07-16 17:00:00,"434,60266666666695","380,2773333333322","38,906898885019146","58,5","81,04","81,04"
2025-07-16 17:15:00,"329,83233333333374","1350,3726666666655","36,46700235405212","85,8","92,86","92,86"
2025-07-16 17:30:00,"376,3970000000004","1086,5066666666655","34,00639879012149","100,7","103,93","103,93"
2025-07-16 17:45:00,"647,5753333333337","2513,001333333332","31,53269634739695","117,3","102,15","102,15"
2025-07-16 18:00:00,"485,4083333333337","1033,3673333333322","29,052771435162065","42,59","92,22","92,22"
2025-07-16 18:15:00,"470,518666666667","404,4619999999988","26,572965172519734","90,81","109,3","109,3"
2025-07-16 18:30:00,"372,5320000000004","15,495666666665484","24,099174967997055","115,0","166,98","166,98"
2025-07-16 18:45:00,"410,81100000000043","139,64366666666547","21,63704285990241","147,6","162,45","162,45"
2025-07-16 19:00:00,"443,9210000000004","54,56066666666549","19,192063809939917","62,72","56,54","56,54"
2025-07-16 19:15:00,"1860,378333333334","69,92433333333216","16,769720978663575","97,58","61,52","61,52"
2025-07-16 19:30:00,"1284,3526666666671","155,21633333333216","14,37562532232772","124,9","86,0","86,0"
2025-07-16 19:45:00,"350,39700000000045","0,0","12,016018696575246","160,0","91,62","91,62"
2025-07-16 20:00:00,"365,98366666666715","31,14666666666548","9,69714172466029","105,07","67,57","67,57"
2025-07-16 20:15:00,"511,63400000000047","7,734999999998815","7,42751758744286","122,73","65,93","65,93"
2025-07-16 20:30:00,"574,2963333333339","15,52133333333215","5,2190545265130615","131,5","115,7","115,7"
2025-07-16 20:45:00,"578,2583333333338","7,734999999998815","3,093245001529984","135,5","119,86","119,86"
2025-07-16 21:00:00,"500,569","23,282499999998223","1,1000908106250642","154,91","115,43","115,43"
2025-07-16 21:15:00,"504,50466666666716","0,0","-1,3234346297203086","130,21","74,14","74,14"
2025-07-16 21:30:00,"434,6443333333338","0,0","-3,322965212753601","117,1","81,4","81,4"
2025-07-16 21:45:00,"524,3926666666671","0,0","-5,245500706851552","105,1","86,08","86,08"
2025-07-16 22:00:00,"468,9883333333338","0,0","-7,08437063802615","137,6","87,12","87,12"
2025-07-16 22:15:00,"477,28666666666714","0,0","-8,832693465509305","122,5","77,16","77,16"
2025-07-16 22:30:00,"543,2533333333339","0,0","-10,48341298039018","119,7","48,67","48,67"
2025-07-16 22:45:00,"462,8260000000005","0,0","-12,029350452976727","108,2","70,47","70,47"
2025-07-16 23:00:00,"353,1146666666672","0,0","-13,463274762134894","123,1","133,99","133,99"
2025-07-16 23:15:00,"384,1576666666671","0,0","-14,777991762913782","110,5","129,03","129,03"
2025-07-16 23:30:00,"248,77333333333382","0,0","-15,966451391932528","103,2","77,2","77,2"
2025-07-16 23:45:00,"256,19733333333386","0,0","-17,021871672403037","100,0","71,28","71,28"
2025-07-17 00:00:00,"306,98000000000053","0,0","-17,93787679621551","108,89","87,85","87,85"
2025-07-17 00:15:00,"182,34066666666718","0,0","-18,70864338895041","109,0","92,08","92,08"
2025-07-17 00:30:00,"380,7030000000005","0,0","-19,329048946529863","99,8","95,22","95,22"
2025-07-17 00:45:00,"333,3286666666672","0,0","-19,7948146025404","93,4","86,96","86,96"
2025-07-17 01:00:00,"236,7046666666672","0,0","-20,102632810615766","98,7","129,07","129,07"
2025-07-17 01:15:00,"345,35366666666715","0,0","-20,250271675064507","98,58","117,66","117,66"
2025-07-17 01:30:00,"236,79466666666718","0,0","-20,23664821400051","96,0","106,79","106,79"
2025-07-17 01:45:00,"346,11433333333383","0,0","-20,06186462890472","90,5","106,22","106,22"
2025-07-17 02:00:00,"1952,7886666666675","0,0","-19,727204963049104","93,3","110,75","110,75"
2025-07-17 02:15:00,"1051,144666666667","0,0","-19,235092191690537","88,1","106,94","106,94"
2025-07-17 02:30:00,"337,5930000000005","0,0","-18,5890093004531","92,56","118,58","118,58"
2025-07-17 02:45:00,"353,1146666666671","0,0","-17,79339051972907","93,8","111,35","111,35"
2025-07-17 03:00:00,"170,91700000000043","0,0","-16,853490230022686","92,06","184,7","184,7"
2025-07-17 03:15:00,"255,90033333333378","0,0","-15,775238872210789","96,9","143,94","143,94"
2025-07-17 03:30:00,"294,9090000000005","0,0","-14,565094460522063","94,9","133,19","133,19"
2025-07-17 03:45:00,"170,7663333333338","0,0","-13,22989693105438","82,4","124,29","124,29"
2025-07-17 04:00:00,"271,61566666666715","0,0","-11,776732555059654","85,7","108,34","108,34"
2025-07-17 04:15:00,"338,7696666666671","0,0","-10,212812742054128","94,24","80,57","80,57"
2025-07-17 04:30:00,"289,7880000000004","0,0","-8,54536941705452","87,5","98,58","98,58"
2025-07-17 04:45:00,"322,0716666666671","0,0","-6,781569479637796","99,1","92,66","92,66"
2025-07-17 05:00:00,"209,38800000000046","0,0","-4,928447928281406","84,2","119,48","119,48"
2025-07-17 05:15:00,"224,79700000000045","0,0","-2,992857963348128","90,7","90,86","90,86"
2025-07-17 05:30:00,"671,6153333333338","0,0","-0,9814380273274336","94,7","78,02","78,02"
2025-07-17 05:45:00,"3736,3630000000007","7,709666666665485","1,4211734099788138","108,8","62,66","62,66"
2025-07-17 06:00:00,"1233,6903333333335","69,97566666666548","3,441455339055978","96,3","67,34","67,34"
2025-07-17 06:15:00,"853,8650000000005","147,0726666666655","5,582526105339622","107,4","100,85","100,85"
2025-07-17 06:30:00,"765,6340000000004","202,2183333333321","7,801472821322416","116,2","88,26","88,26"
2025-07-17 06:45:00,"407,0460000000004","232,56833333333216","10,079112255498671","113,37","104,98","104,98"
2025-07-17 07:00:00,"323,0030000000004","233,3919999999989","12,40435139091082","123,5","136,94","136,94"
2025-07-17 07:15:00,"214,22300000000035","257,14033333333214","14,769243752150963","119,8","160,14","160,14"
2025-07-17 07:30:00,"634,9853333333336","443,6053333333321","17,167175454450483","104,4","167,98","167,98"
2025-07-17 07:45:00,"205,66000000000037","799,3586666666655","19,59252762328656","95,24","141,65","141,65"
2025-07-17 08:00:00,"337,6850000000004","1249,6459999999988","22,039059819528102","139,97","71,34","71,34"
2025-07-17 08:15:00,"391,5730000000004","1023,3703333333322","24,501634504270616","116,93","75,96","75,96"
2025-07-17 08:30:00,"257,2973333333337","1270,3413333333322","26,97468823544848","101,3","60,06","60,06"
2025-07-17 08:45:00,"474,00266666666704","1739,8686666666654","29,45250604402952","75,3","96,51","96,51"
2025-07-17 09:00:00,"393,751666666667","1371,9246666666656","31,92907434876419","125,0","142,12","142,12"
2025-07-17 09:15:00,"392,84966666666696","1368,894999999999","34,39790686162818","103,2","156,86","156,86"
2025-07-17 09:30:00,"423,32900000000035","1421,6073333333322","36,85200723522665","87,0","119,63","119,63"
2025-07-17 09:45:00,"629,0730000000003","1895,533666666665","39,283563856897054","69,43","112,42","112,42"
2025-07-17 10:00:00,"1490,0663333333337","1482,3056666666655","41,68378144564021","114,93","141,64","141,64"
2025-07-17 10:15:00,"405,4193333333336","1036,8306666666656","44,04265128685735","102,42","43,17","43,17"
2025-07-17 10:30:00,"347,1876666666669","595,2956666666654","46,348583998619006","76,65","99,18","99,18"
2025-07-17 10:45:00,"433,63566666666696","709,7276666666655","48,58834374571123","55,6","80,58","80,58"
2025-07-17 11:00:00,"356,2345000000005","1646,853999999998","50,74582794061776","101,34","119,88","119,88"
2025-07-17 11:15:00,"447,210666666667","2946,9753333333324","52,80292361216056","73,6","116,56","116,56"
2025-07-17 11:30:00,"513,3316666666669","2923,409333333332","54,7382909684904","64,3","98,67","98,67"
2025-07-17 11:45:00,"427,850666666667","2216,939333333332","56,52735446084119","53,5","23,02","23,02"
2025-07-17 12:00:00,"490,1686666666669","1308,0273333333323","58,14233714864525","77,0","77,01","77,01"
2025-07-17 12:15:00,"1167,435666666667","2437,384999999999","59,552772187150005","83,0","70,66","70,66"
2025-07-17 12:30:00,"345,90433333333357","1965,681666666666","60,72672653929669","60,0","77,93","77,93"
2025-07-17 12:45:00,"403,6393333333335","1777,7139999999988","61,63290856134398","52,3","40,12","40,12"
2025-07-17 13:00:00,"399,39600000000024","3668,7419999999993","62,24362905112813","70,0","48,23","48,23"
2025-07-17 13:15:00,"404,48800000000017","2100,072333333333","62,5382058874402","61,8","46,7","46,7"
2025-07-17 13:30:00,"406,76566666666685","3551,7326666666663","62,5060116917388","56,8","-3,18","-3,18"
2025-07-17 13:45:00,"312,2513333333336","5160,948","62,14822573415765","49,08","-15,78","-15,78"
2025-07-17 14:00:00,"531,5520000000001","4676,737999999999","61,47756335876908","54,2","-30,29","-30,29"
2025-07-17 14:15:00,"466,7546666666668","3788,721333333333","60,516337110131325","52,59","-22,48","-22,48"
2025-07-17 14:30:00,"318,5286666666669","2049,942666666666","59,29318165152279","50,1","-16,4","-16,4"
2025-07-17 14:45:00,"380,27700000000027","4035,595999999999","57,839708557224704","63,5","-14,3","-14,3"
2025-07-17 15:00:00,"341,4736666666669","5385,968666666666","56,18769062084951","48,4","17,82","17,82"
2025-07-17 15:15:00,"260,0256666666669","5549,345666666666","54,36713606449279","57,2","27,36","27,36"
2025-07-17 15:30:00,"322,07166666666694","3639,797333333333","52,40520929408752","65,1","-23,29","-23,29"
2025-07-17 15:45:00,"342,30133333333356","3234,064666666666","50,32584040611877","73,3","35,19","35,19"
2025-07-17 16:00:00,"411,8230000000002","1468,3309999999994","48,149751532360106","48,44","88,35","88,35"
2025-07-17 16:15:00,"341,6720000000002","2789,4459999999995","45,89472405855662","63,9","156,02","156,02"
2025-07-17 16:30:00,"259,9853333333336","5021,212666666666","43,5759714855256","76,3","102,12","102,12"
2025-07-17 16:45:00,"322,07133333333354","3732,926","41,20657576140994","104,91","111,52","111,52"
2025-07-17 17:00:00,"331,35900000000026","1652,473333333333","38,79767854167386","59,6","28,69","28,69"
2025-07-17 17:15:00,"225,50200000000024","2569,174333333333","36,35909640897832","84,3","37,37","37,37"
2025-07-17 17:30:00,"353,19433333333353","2374,989666666666","33,899402537125546","93,6","-4,54","-4,54"
2025-07-17 17:45:00,"364,75600000000026","3220,7159999999994","31,426236716734664","106,5","50,59","50,59"
2025-07-17 18:00:00,"556,1470000000003","3301,4176666666663","28,946504951169224","60,06","48,53","48,53"
2025-07-17 18:15:00,"3380,5903333333335","2640,7873333333328","26,466551334422324","87,3","74,71","74,71"
2025-07-17 18:30:00,"1101,8563333333334","2282,287","23,992318747167182","114,47","104,13","104,13"
2025-07-17 18:45:00,"848,282","1850,052","21,52947359177444","127,3","147,49","147,49"
2025-07-17 19:00:00,"1793,4716666666664","1253,5586666666666","19,083535684534787","80,02","71,49","71,49"
2025-07-17 19:15:00,"416,56966666666665","903,3236666666664","16,66001319216634","104,6","85,34","85,34"
2025-07-17 19:30:00,"515,3123333333334","806,2029999999996","14,26455338705218","118,9","117,74","117,74"
2025-07-17 19:45:00,"586,8563333333333","559,3459999999997","11,903377489162898","137,69","150,5","150,5"
2025-07-17 20:00:00,"271,60333333333335","372,468333333333","9,582932562701226","119,7","133,06","133,06"
2025-07-17 20:15:00,"356,63666666666666","286,8406666666664","7,311855955344692","131,1","127,15","127,15"
2025-07-17 20:30:00,"412,2226666666666","505,6096666666664","5,102452078959525","137,5","140,21","140,21"
2025-07-17 20:45:00,"333,8053333333333","302,92899999999975","2,977349550969678","139,8","95,47","95,47"
2025-07-17 21:00:00,"465,559","23,256999999999707","0,9899709604856128","159,7","29,99","29,99"
2025-07-17 21:15:00,"458,29766666666666","0,0","-1,4519637219373702","137,7","39,16","39,16"
2025-07-17 21:30:00,"406,86633333333333","0,0","-3,4544833314626406","132,87","88,08","88,08"
2025-07-17 21:45:00,"512,7643333333333","0,0","-5,380116507726431","139,9","119,8","119,8"
2025-07-17 22:00:00,"492,1553333333333","0,0","-7,222170873880464","147,49","126,76","126,76"
2025-07-17 22:15:00,"443,83600000000007","0,0","-8,97374014783877","131,7","76,22","76,22"
2025-07-17 22:30:00,"492,24500000000006","0,0","-10,627740321418448","127,9","86,25","86,25"
2025-07-17 22:45:00,"260,0386666666667","0,0","-12,176961711941823","114,5","95,9","95,9"
2025-07-17 23:00:00,"252,2246666666667","0,0","-13,614139161217212","120,5","126,89","126,89"
2025-07-17 23:15:00,"217,30133333333336","0,0","-14,932041680035669","121,8","123,7","123,7"
2025-07-17 23:30:00,"240,58400000000006","0,0","-16,123580068881814","106,69","119,25","119,25"
2025-07-17 23:45:00,"395,7986666666667","0,0","-17,18193170250337","107,1","68,62","68,62"
2025-07-18 00:00:00,"252,00700000000003","0,0","-18,10067965524016","121,9","133,0","133,0"
2025-07-18 00:15:00,"230,17066666666668","0,0","-18,87396024660795","115,0","118,05","118,05"
2025-07-18 00:30:00,"275,50900000000007","0,0","-19,49661293729083","99,37","96,54","96,54"
2025-07-18 00:45:00,"189,97200000000004","0,0","-19,96432464429464","98,6","97,94","97,94"
2025-07-18 01:00:00,"217,22600000000006","0,0","-20,27375893795633","103,2","107,78","107,78"
2025-07-18 01:15:00,"310,75266666666676","0,0","-20,422661723983506","99,21","105,69","105,69"
2025-07-18 01:30:00,"268,30066666666676","0,0","-20,409935564387915","102,1","81,45","81,45"
2025-07-18 01:45:00,"355,63500000000005","0,0","-20,235676604216","97,1","82,26","82,26"
2025-07-18 02:00:00,"294,97533333333337","0,0","-19,901171421282505","94,4","84,3","84,3"
2025-07-18 02:15:00,"178,4976666666667","0,0","-19,408853827785624","92,8","83,0","83,0"
2025-07-18 02:30:00,"229,799","0,0","-18,762225219070075","102,04","92,39","92,39"
2025-07-18 02:45:00,"299,737","0,0","-17,965744722419984","105,6","72,11","72,11"
2025-07-18 03:00:00,"159,09566666666672","0,0","-17,024696777090004","96,1","71,51","71,51"
2025-07-18 03:15:00,"310,7656666666667","0,0","-15,945045605631623","93,9","67,17","67,17"
2025-07-18 03:30:00,"283,61800000000005","0,0","-14,733285297369193","104,04","75,36","75,36"
2025-07-18 03:45:00,"244,46400000000003","0,0","-13,396292834178183","93,8","77,08","77,08"
2025-07-18 04:00:00,"283,48600000000005","0,0","-11,941191364136362","88,0","78,11","78,11"
2025-07-18 04:15:00,"234,37500000000003","0,0","-10,375228087238444","101,4","83,84","83,84"
2025-07-18 04:30:00,"194,6663333333334","0,0","-8,70566895130723","100,51","94,84","94,84"
2025-07-18 04:45:00,"281,26533333333344","0,0","-6,939712659269284","110,8","85,78","85,78"
2025-07-18 05:00:00,"230,11133333333336","0,0","-5,084423545675245","97,9","100,02","100,02"
2025-07-18 05:15:00,"236,70300000000003","0,0","-3,14668160631661","104,1","100,77","100,77"
2025-07-18 05:30:00,"388,03800000000007","0,0","-1,1331496019049587","108,1","128,95","128,95"
2025-07-18 05:45:00,"2072,123","0,0","1,2872001376999105","121,5","144,1","144,1"
2025-07-18 06:00:00,"1493,675","69,92466666666637","3,301027232350147","111,9","142,57","142,57"
2025-07-18 06:15:00,"1263,8133333333333","155,0359999999997","5,440774600423993","123,4","145,88","145,88"
2025-07-18 06:30:00,"193,7146666666667","286,74199999999973","7,660034905406844","126,27","129,35","129,35"
2025-07-18 06:45:00,"334,46066666666667","388,86333333333306","9,938543239057903","125,6","122,57","122,57"
2025-07-18 07:00:00,"292,923","491,6716666666664","12,264816904171813","129,92","101,08","101,08"
2025-07-18 07:15:00,"550,4506666666666","620,1949999999997","14,630711555888922","125,27","101,54","101,54"
2025-07-18 07:30:00,"446,337","775,9023333333331","17,02956814985286","121,48","95,76","95,76"
2025-07-18 07:45:00,"268,09633333333335","1180,9336666666663","19,4554627613834","114,92","88,88","88,88"
2025-07-18 08:00:00,"678,7686666666667","1174,522333333333","21,9026665417072","144,97","106,65","106,65"
2025-07-18 08:15:00,"670,4126666666666","1459,2386666666666","24,36568837930893","128,2","86,79","86,79"
2025-07-18 08:30:00,"376,0030000000001","2248,075666666666","26,838967466646128","107,49","93,73","93,73"
2025-07-18 08:45:00,"664,1253333333334","2626,025","29,31676635325455","70,08","47,77","47,77"
2025-07-18 09:00:00,"670,6270000000001","3178,633666666666","31,79304920992687","125,8","117,46","117,46"
2025-07-18 09:15:00,"1518,5176666666669","3566,1089999999995","34,26134365030567","118,7","133,61","133,61"
2025-07-18 09:30:00,"827,3589999999999","3791,377333333333","36,71458745990787","89,9","111,59","111,59"
2025-07-18 09:45:00,"1231,3223333333333","3997,930666666666","39,14494698897846","65,61","70,13","70,13"
2025-07-18 10:00:00,"1609,873","3975,504666666667","41,54360539237008","124,91","106,66","106,66"
2025-07-18 10:15:00,"823,414","4040,056666666666","43,90050823166853","98,0","91,56","91,56"
2025-07-18 10:30:00,"747,175","4055,9584999999993","46,20408178548954","83,2","78,58","78,58"
2025-07-18 10:45:00,"364,7556666666666","4159,768","48,440873581872815","55,08","93,94","93,94"
2025-07-18 11:00:00,"384,158","4353,787333333334","50,5952253347254","101,5","128,61","128,61"
2025-07-18 11:15:00,"868,3516666666667","3081,125666666667","52,64882374776106","81,3","64,83","64,83"
2025-07-18 11:30:00,"1726,7693333333334","4834,954666666667","54,58039741872508","72,57","60,57","60,57"
2025-07-18 11:45:00,"554,8946666666667","3352,648666666667","56,36548139330839","79,91","26,22","26,22"
2025-07-18 12:00:00,"930,5375","4612,638500000001","57,97646797873898","99,91","84,73","84,73"
2025-07-18 12:15:00,"3580,3786666666665","5256,911333333334","59,38312075013121","72,9","98,56","98,56"
2025-07-18 12:30:00,"984,623333333333","3530,3116666666674","60,55381131167776","64,6","63,68","63,68"
2025-07-18 12:45:00,"757,6526666666664","5290,493","61,45758513717544","54,15","21,43","21,43"
2025-07-18 13:00:00,"2259,254","5399,724666666667","62,06707951770533","77,21","93,98","93,98"
2025-07-18 13:15:00,"2378,3289999999993","5626,053333333334","62,36186668054139","70,3","106,25","106,25"
2025-07-18 13:30:00,"1470,4099999999996","5349,618","62,33141562837236","64,0","60,05","60,05"
2025-07-18 13:45:00,"1420,1779999999992","5493,991999999999","61,97684321289797","48,4","18,69","18,69"
2025-07-18 14:00:00,"1353,363666666666","3944,5036666666674","61,31060276045154","59,5","28,05","28,05"
2025-07-18 14:15:00,"945,8866666666662","4486,920999999999","60,35465429996801","64,3","31,67","31,67"
2025-07-18 14:30:00,"613,796333333333","3293,6313333333337","59,13726464735287","67,7","46,03","46,03"
2025-07-18 14:45:00,"581,5949999999993","3942,537500000001","57,689697289167015","60,3","67,03","67,03"
2025-07-18 15:00:00,"884,7083333333329","4531,674666666668","56,04344548779787","45,07","48,46","48,46"
2025-07-18 15:15:00,"721,7506666666663","3406,974333333334","54,22832634916548","61,93","88,97","88,97"
2025-07-18 15:30:00,"640,2629999999996","4555,567000000001","52,271369024367694","79,6","97,1","97,1"
2025-07-18 15:45:00,"699,9689999999995","3555,8773333333334","50,19643434281259","93,8","91,2","91,2"
2025-07-18 16:00:00,"782,3234999999993","3060,767000000001","48,0242171510629","55,5","34,58","34,58"
2025-07-18 16:15:00,"796,3159999999995","3837,528666666667","45,77249905127047","76,2","56,25","56,25"
2025-07-18 16:30:00,"833,3983333333329","4303,124333333333","43,45651193950546","91,3","55,51","55,51"
2025-07-18 16:45:00,"841,120333333333","2790,8003333333336","41,08935378159544","98,35","31,43","31,43"
2025-07-18 17:00:00,"792,4469999999995","2965,8126666666667","38,68222846897605","55,7","-0,84","-0,84"
2025-07-18 17:15:00,"858,5439999999996","1491,432666666667","36,24495990026381","79,8","32,56","32,56"
2025-07-18 17:30:00,"685,8666666666663","2348,616333333334","33,78616034465913","107,5","38,36","38,36"
2025-07-18 17:45:00,"450,1143333333329","2869,6003333333338","31,31349985996375","125,0","48,69","48,69"
2025-07-18 18:00:00,"469,6449999999996","3360,409666666668","28,833912352273863","55,05","32,47","32,47"
2025-07-18 18:15:00,"511,6853333333329","3255,831333333333","26,3537613432968","105,0","42,38","42,38"
2025-07-18 18:30:00,"429,63399999999945","2926,43","23,87901762864476","132,4","53,81","53,81"
2025-07-18 18:45:00,"624,1523333333329","2474,112666666667","21,41536875489291","145,11","84,4","84,4"
2025-07-18 19:00:00,"738,7485","2219,1655","18,96835462262261","91,03","52,76","52,76"
2025-07-18 19:15:00,"616,3273333333333","1806,49","16,543517291195055","135,05","37,91","37,91"
2025-07-18 19:30:00,"584,0079999999999","1370,313","14,14651822247238","145,02","37,6","37,6"
2025-07-18 19:45:00,"648,7810000000001","1010,073","11,783740097708282","150,03","158,0","158,0"
2025-07-18 20:00:00,"586,6596666666667","753,7736666666666","9,4614679332486","162,3","17,83","17,83"
2025-07-18 20:15:00,"605,4206666666668","636,2586666666666","7,188575653163444","173,6","107,75","107,75"
2025-07-18 20:30:00,"687,5749999999999","442,8533333333333","4,977689402997343","177,2","20,59","20,59"
2025-07-18 20:45:00,"611,2436666666666","249,16966666666664","2,852424755613141","177,4","112,93","112,93"
2025-07-18 21:00:00,"492,8243333333333","69,82133333333333","0,8691964669065433","189,99","100,43","100,43"
2025-07-18 21:15:00,"532,0583333333333","0,0","-1,5864717330396034","168,88","87,85","87,85"
2025-07-18 21:30:00,"408,0009999999999","0,0","-3,592018698160365","153,0","88,08","88,08"
2025-07-18 21:45:00,"380,09766666666667","0,0","-5,520787952536142","151,8","99,46","99,46"
2025-07-18 22:00:00,"436,0366666666667","0,0","-7,366064321837479","139,8","83,84","83,84"
2025-07-18 22:15:00,"387,60299999999995","0,0","-9,120915793813706","115,1","73,86","73,86"
2025-07-18 22:30:00,"450,12433333333337","0,0","-10,778229475522677","137,8","74,77","74,77"
2025-07-18 22:45:00,"442,36349999999993","0,0","-12,33076355445644","127,6","68,58","68,58"
2025-07-18 23:00:00,"386,098","0,0","-13,77121757735248","119,74","139,88","139,88"
2025-07-18 23:15:00,"493,9043333333333","0,0","-15,092322392239836","105,1","78,27","78,27"
2025-07-18 23:30:00,"426,84499999999997","0,0","-16,286948315447454","122,7","88,96","88,96"
2025-07-18 23:45:00,"333,7126666666666","0,0","-17,34823073409659","114,8","101,47","101,47"
2025-07-19 00:00:00,"422,8616666666666","0,0","-18,26971032618837","129,69","117,12","117,12"
2025-07-19 00:15:00,"314,31100000000004","0,0","-19,04548194393956","119,79","109,72","109,72"
2025-07-19 00:30:00,"186,258","0,0","-19,670346032245572","107,8","105,46","105,46"
2025-07-19 00:45:00,"311,20699999999994","0,0","-20,13995455280244","101,7","81,66","81,66"
2025-07-19 01:00:00,"397,50333333333333","0,0","-20,45094175185477","113,7","109,13","109,13"
2025-07-19 01:15:00,"237,18666666666667","0,0","-20,601031236287724","108,9","89,42","89,42"
2025-07-19 01:30:00,"326,25333333333333","0,0","-20,589111377350577","102,6","113,64","113,64"
2025-07-19 01:45:00,"287,1483333333333","0,0","-20,415272897460856","109,31","70,14","70,14"
2025-07-19 02:00:00,"178,72966666666667","0,0","-20,08080589113886","109,0","99,33","99,33"
2025-07-19 02:15:00,"275,56033333333335","0,0","-19,588156296370823","104,8","94,52","94,52"
2025-07-19 02:30:00,"229,33066666666664","0,0","-18,940845454155173","103,4","97,18","97,18"
2025-07-19 02:45:00,"225,28233333333333","0,0","-18,143359101607608","101,2","80,16","80,16"
2025-07-19 03:00:00,"329,461","0,0","-17,201013551108343","109,0","77,0","77,0"
2025-07-19 03:15:00,"240,58366666666666","0,0","-16,119808650608515","103,5","82,71","82,71"
2025-07-19 03:30:00,"221,47799999999998","0,0","-14,906276371657947","107,27","96,0","96,0"
2025-07-19 03:45:00,"263,866","0,0","-13,567332461070116","96,5","103,59","103,59"
2025-07-19 04:00:00,"236,41066666666666","0,0","-12,110138534336835","106,97","101,24","101,24"
2025-07-19 04:15:00,"903,7966666666666","0,0","-10,541979019720218","99,5","114,75","114,75"
2025-07-19 04:30:00,"1606,448666666667","0,0","-8,87015515933472","100,9","122,18","122,18"
2025-07-19 04:45:00,"927,7206666666666","0,0","-7,101898563643532","100,9","103,19","103,19"
2025-07-19 05:00:00,"357,152","0,0","-5,244303848146255","112,5","130,33","130,33"
2025-07-19 05:15:00,"337,5696666666667","0,0","-3,30427860183297","99,1","115,39","115,39"
2025-07-19 05:30:00,"233,21100000000004","0,0","-1,2885105731580218","99,1","93,91","93,91"
2025-07-19 05:45:00,"240,5833333333333","23,282333333333334","1,1449469541881454","96,9","98,12","98,12"
2025-07-19 06:00:00,"274,49800000000005","81,79849999999999","3,1539903596626124","123,72","142,98","142,98"
2025-07-19 06:15:00,"244,20766666666668","162,77133333333336","5,293311522347338","103,7","132,17","132,17"
2025-07-19 06:30:00,"279,6326666666667","264,098","7,513473727044628","94,7","123,74","123,74"
2025-07-19 06:45:00,"3282,802333333333","341,4736666666667","9,793263787675784","82,2","65,64","65,64"
2025-07-19 07:00:00,"1334,695","428,2433333333333","12,120877260421326","125,0","91,74","91,74"
2025-07-19 07:15:00,"287,17566666666664","520,0263333333334","14,488015405476606","103,1","59,12","59,12"
2025-07-19 07:30:00,"244,19500000000002","596,8870000000001","16,887985509406853","86,4","50,75","50,75"
2025-07-19 07:45:00,"186,86533333333333","825,5353333333333","19,314826067447463","60,7","110,94","110,94"
2025-07-19 08:00:00,"220,91266666666667","1062,0203333333336","21,76278266144756","120,9","129,15","129,15"
2025-07-19 08:15:00,"549,0836666666667","1331,6636666666666","24,226337284245865","104,95","118,61","118,61"
2025-07-19 08:30:00,"182,57266666666663","2159,3140000000003","26,699903411725927","67,8","139,88","139,88"
2025-07-19 08:45:00,"384,1736666666667","2708,474666666666","29,17772311043724","41,27","92,48","92,48"
2025-07-19 09:00:00,"896,3679999999999","3088,783","31,653739472989567","125,0","34,75","34,75"
2025-07-19 09:15:00,"205,66166666666666","3500,026","34,12145426145164","79,97","7,55","7,55"
2025-07-19 09:30:00,"275,7776666666666","3635,9813333333336","36,573786920606906","43,2","21,89","21,89"
2025-07-19 09:45:00,"229,06066666666666","3877,005666666667","39,002880357079896","17,81","-23,11","-23,11"
2025-07-19 10:00:00,"225,26833333333332","3954,611","41,399894774677634","47,2","32,58","32,58"
2025-07-19 10:15:00,"348,453","4042,204333333333","43,75476191832851","25,03","82,02","82,02"
2025-07-19 10:30:00,"989,8450000000001","4102,168333333333","46,05588396273099","10,1","2,94","2,94"
2025-07-19 10:45:00,"2202,651","4148,862","48,28980039553841","-6,66","-8,24","-8,24"
2025-07-19 11:00:00,"2074,3080000000004","4249,891333333333","50,440860850513545","29,4","48,75","48,75"
2025-07-19 11:15:00,"730,5840000000001","4315,040666666668","52,49078149304727","5,08","11,72","11,72"
2025-07-19 11:30:00,"407,04133333333334","4481,964000000001","54,41835964226102","-3,37","-0,99","-0,99"
2025-07-19 11:45:00,"1256,345","4578,908666666667","56,19924258152024","-14,92","-7,23","-7,23"
2025-07-19 12:00:00,"2246,740666666666","4640,935666666666","57,805994721781786","26,7","90,18","90,18"
2025-07-19 12:15:00,"2888,0273333333334","4097,682333333333","59,208620814360266","9,0","-2,41","-2,41"
2025-07-19 12:30:00,"3030,184333333333","4700,226","60,37579587912501","-10,75","-6,41","-6,41"
2025-07-19 12:45:00,"3817,095666666667","5078,9636666666665","61,2769101648973","-19,9","-26,71","-26,71"
2025-07-19 13:00:00,"3132,443333333333","5024,610333333332","61,88493653224807","15,0","6,34","6,34"
2025-07-19 13:15:00,"3238,3483333333334","5069,786","62,179702195393794","-0,48","-12,77","-12,77"
2025-07-19 13:30:00,"3838,2463333333335","5217,075000000001","62,150792051641","-4,4","-8,19","-8,19"
2025-07-19 13:45:00,"4241,685333333333","5488,5233333333335","61,799208320246834","-12,4","96,9","96,9"
2025-07-19 14:00:00,"4099,7446666666665","5235,626333333334","61,13725715487467","-13,3","-8,51","-8,51"
2025-07-19 14:15:00,"3509,499666666666","4587,289333333333","60,18652478442196","-6,1","-1,69","-1,69"
2025-07-19 14:30:00,"3470,3653333333336","5058,160333333333","58,97488166830503","3,2","-0,83","-0,83"
2025-07-19 14:45:00,"3447,206","4974,6483333333335","57,53323768602614","14,0","6,3","6,3"
2025-07-19 15:00:00,"3279,3353333333334","4604,925333333333","55,89279933239314","-19,9","-11,8","-11,8"
2025-07-19 15:15:00,"3393,2533333333326","4276,179666666667","54,08316509469128","-4,62","-5,5","-5,5"
2025-07-19 15:30:00,"3329,728333333333","3870,414","52,13123920947946","10,09","23,62","23,62"
2025-07-19 15:45:00,"3726,1629999999996","3845,371","50,060807214604","30,5","21,11","21,11"
2025-07-19 16:00:00,"3722,433666666666","3709,644333333333","47,89253200518839","7,4","0,02","0,02"
2025-07-19 16:15:00,"3143,443333333333","2817,6133333333337","45,644189835412135","25,02","70,3","70,3"
2025-07-19 16:30:00,"1806,9906666666664","3426,901333333333","43,33103042152288","45,06","85,37","85,37"
2025-07-19 16:45:00,"1859,1276666666665","3430,978","40,96609916117311","74,0","52,59","52,59"
2025-07-19 17:00:00,"679,1596666666662","3042,218666666666","38,56077589388708","31,9","32,54","32,54"
2025-07-19 17:15:00,"120,29166666666639","3228,4770000000003","36,12485708534408","65,6","188,0","188,0"
2025-07-19 17:30:00,"283,62033333333306","3208,491","33,66697962276245","99,43","122,55","122,55"
2025-07-19 17:45:00,"209,8626666666664","2928,746","31,194843604145383","125,0","153,71","153,71"
2025-07-19 18:00:00,"655,784333333333","1063,224333333333","28,715410677005632","55,05","123,68","123,68"
2025-07-19 18:15:00,"3325,486333333333","993,3776666666666","26,23507488962405","82,9","146,59","146,59"
2025-07-19 18:30:00,"527,7319999999997","682,9473333333334","23,759826040686143","120,37","157,05","157,05"
2025-07-19 18:45:00,"700,383333333333","684,6026666666666","21,295373181985276","138,3","112,89","112,89"
2025-07-19 19:00:00,"372,516333333333","838,1623333333333","18,84727673144436","87,8","105,78","105,78"
2025-07-19 19:15:00,"298,6756666666664","1001,0423333333332","16,421092563765978","101,8","119,18","119,18"
2025-07-19 19:30:00,"236,73066666666634","566,3593333333331","14,022510874477716","122,7","147,9","147,9"
2025-07-19 19:45:00,"360,87533333333306","139,69366666666653","11,65790081842029","150,8","185,37","185,37"
2025-07-19 20:00:00,"757,3726666666663","124,3793333333332","9,333674254908574","115,08","145,87","145,87"
2025-07-19 20:15:00,"1587,1909999999993","267,32349999999985","7,058761621209728","110,09","209,47","209,47"
2025-07-19 20:30:00,"477,28700000000003","147,45466666666653","4,8460949622497855","127,93","186,93","186,93"
2025-07-19 20:45:00,"470,08366666666626","69,92466666666651","2,7202162880444893","134,1","90,58","90,58"
2025-07-19 21:00:00,"1164,922333333333","23,25699999999985","0,74029311117741","148,2","50,68","50,68"
2025-07-19 21:15:00,"980,1136666666662","0,0","-1,7269335881605834","126,0","48,17","48,17"
2025-07-19 21:30:00,"430,6739999999996","0,0","-3,735544011313279","113,5","110,72","110,72"
2025-07-19 21:45:00,"337,22166666666624","0,0","-5,667485497481201","102,3","123,94","123,94"
2025-07-19 22:00:00,"613,9383333333329","0,0","-7,516019185989186","127,76","28,71","28,71"
2025-07-19 22:15:00,"449,57333333333287","0,0","-9,274186347883566","112,35","1,21","1,21"
2025-07-19 22:30:00,"415,20099999999957","0,0","-10,934844122119294","107,3","21,54","21,54"
2025-07-19 22:45:00,"493,86933333333286","0,0","-12,490717388286132","99,0","32,76","32,76"
2025-07-19 23:00:00,"473,87433333333286","0,0","-13,934469139069414","114,71","127,07","127,07"
2025-07-19 23:15:00,"393,35266666666627","0,0","-15,25879073856328","106,8","137,36","137,36"
2025-07-19 23:30:00,"486,13433333333296","0,0","-16,45651066568109","98,6","122,65","122,65"
2025-07-19 23:45:00,"380,4213333333329","0,0","-17,520720976402284","90,0","71,68","71,68"
2025-07-20 00:00:00,"373,24099999999953","0,0","-18,444918668688967","107,7","78,68","78,68"
2025-07-20 00:15:00,"466,89366666666626","0,0","-19,22315596365032","102,0","81,23","81,23"
2025-07-20 00:30:00,"329,8216666666662","0,0","-19,85019330872606","86,31","55,91","55,91"
2025-07-20 00:45:00,"228,6093333333329","0,0","-20,32164697493892","88,0","50,44","50,44"
2025-07-20 01:00:00,"303,00499999999954","0,0","-20,63412145155113","102,3","117,94","117,94"
2025-07-20 01:15:00,"221,1816666666662","0,0","-20,78531796025075","95,8","96,16","96,16"
2025-07-20 01:30:00,"229,02299999999954","0,0","-20,77411096653245","90,7","191,65","191,65"
2025-07-20 01:45:00,"299,7629999999996","0,0","-20,60058642911465","86,9","96,61","96,61"
2025-07-20 02:00:00,"205,65999999999954","0,0","-20,26603897102665","97,1","151,02","151,02"
2025-07-20 02:15:00,"268,5705","0,0","-19,77292797689741","91,4","132,04","132,04"
2025-07-20 02:30:00,"380,72866666666664","0,0","-19,124796302574875","88,6","139,45","139,45"
2025-07-20 02:45:00,"221,71300000000002","0,0","-18,32615803949151","85,6","82,01","82,01"
2025-07-20 03:00:00,"230,08066666666662","0,0","-17,382363216482645","90,0","78,51","78,51"
2025-07-20 03:15:00,"287,1483333333333","0,0","-16,299449174119957","88,3","74,01","74,01"
2025-07-20 03:30:00,"186,324","0,0","-15,083987592467768","88,6","101,98","101,98"
2025-07-20 03:45:00,"263,7393333333333","0,0","-13,742934713960553","95,3","110,57","110,57"
2025-07-20 04:00:00,"283,26800000000003","0,0","-12,283492218935198","83,7","109,05","109,05"
2025-07-20 04:15:00,"276,10400000000004","0,0","-10,712983200604922","85,6","147,45","147,45"
2025-07-20 04:30:00,"372,57099999999997","0,0","-9,038745462365348","101,13","137,83","137,83"
2025-07-20 04:45:00,"259,98566666666665","0,0","-7,268044617256575","101,13","123,35","123,35"
2025-07-20 05:00:00,"182,37766666666667","0,0","-5,408006494213271","115,46","96,88","96,88"
2025-07-20 05:15:00,"291,029","0,0","-3,4655670583399885","86,2","77,99","77,99"
2025-07-20 05:30:00,"249,01700000000002","0,0","-1,4474396983599271","88,4","64,61","64,61"
2025-07-20 05:45:00,"220,55166666666662","7,684333333333334","0,997755467570672","90,5","75,31","75,31"
2025-07-20 06:00:00,"330,92800000000005","54,506","3,0024447974025548","124,9","100,67","100,67"
2025-07-20 06:15:00,"334,512","163,311","5,141663084458435","88,1","83,54","83,54"
2025-07-20 06:30:00,"255,79766666666666","263,533","7,362986429913287","80,0","72,53","72,53"
2025-07-20 06:45:00,"306,5396666666667","349,1853333333333","9,644259993358393","67,0","59,5","59,5"
2025-07-20 07:00:00,"248,46166666666667","442,2896666666667","11,973372091181345","114,97","95,75","95,75"
2025-07-20 07:15:00,"259,3493333333334","565,7503333333333","14,3419371185461","84,86","70,54","70,54"
2025-07-20 07:30:00,"380,631","691,3363333333332","16,74316214280722","75,8","69,79","69,79"
2025-07-20 07:45:00,"345,7146666666667","901,1506666666668","19,17096773207215","57,9","73,87","73,87"
2025-07-20 08:00:00,"2967,2616666666668","1077,542","21,61973553923758","121,09","125,18","125,18"
2025-07-20 08:15:00,"2153,6113333333337","1466,784","24,08386457384685","94,9","22,35","22,35"
2025-07-20 08:30:00,"513,6153333333333","2239,998","26,55774284195521","61,2","9,26","9,26"
2025-07-20 08:45:00,"256,105","2630,898333333333","29,035592256440747","35,2","-10,13","-10,13"
2025-07-20 09:00:00,"1224,8033333333333","3033,268","31,511334814333587","104,91","-15,83","-15,83"
2025-07-20 09:15:00,"1060,1043333333332","3441,936333333333","33,978457238529224","63,2","-17,16","-17,16"
2025-07-20 09:30:00,"732,6363333333334","3682,3916666666655","36,429847126367655","42,1","-48,15","-48,15"
2025-07-20 09:45:00,"690,708","4004,553","38,85762361317693","15,4","-31,69","-31,69"
2025-07-20 10:00:00,"411,6426666666667","4071,125333333334","41,25292343645249","37,18","1,94","1,94"
2025-07-20 10:15:00,"466,1486666666666","4071,073666666667","43,60565182339266","19,6","-15,7","-15,7"
2025-07-20 10:30:00,"338,395","4067,984333333333","45,90420014175791","7,8","-59,45","-59,45"
2025-07-20 10:45:00,"182,37766666666667","4183,050666666666","48,13514719081477","-7,8","-42,2","-42,2"
2025-07-20 11:00:00,"573,6943333333334","3682,3916666666655","50,2827509499992","24,1","-6,93","-6,93"
2025-07-20 11:15:00,"292,17866666666663","4360,29","52,328819574160754","7,3","-34,76","-34,76"
2025-07-20 11:30:00,"222,12433333333334","4575,971","54,25220656143396","-2,7","-23,0","-23,0"
2025-07-20 11:45:00,"318,1913333333333","4415,873333333334","56,02867319279078","-19,5","-14,99","-14,99"
2025-07-20 12:00:00,"291,02866666666665","4027,835333333333","57,63095887264874","19,61","-41,8","-41,8"
2025-07-20 12:15:00,"330,5566666666667","3748,7583333333328","59,029315001264","10,4","-8,44","-8,44"
2025-07-20 12:30:00,"524,7926666666667","4848,206999999999","60,19272423142003","-7,9","-45,72","-45,72"
2025-07-20 12:45:00,"240,84133333333332","4716,119333333333","61,090928648152165","-14,91","-36,91","-36,91"
2025-07-20 13:00:00,"237,53633333333335","4838,761333333333","61,69724503305213","15,0","-0,13","-0,13"
2025-07-20 13:15:00,"306,5503333333333","4842,715333333334","61,99176681856141","-3,8","26,06","26,06"
2025-07-20 13:30:00,"240,58366666666663","4811,672333333333","61,96420243172911","-3,01","53,85","53,85"
2025-07-20 13:45:00,"295,37499999999994","4666,442666666666","61,61554130118066","-3,4","-8,27","-8,27"
2025-07-20 14:00:00,"2309,2213333333334","5020,089333333332","60,95776811373465","-8,89","-14,98","-14,98"
2025-07-20 14:15:00,"3994,1633333333334","4843,701666666667","60,01216449656472","-9,8","45,08","45,08"
2025-07-20 14:30:00,"3895,1856666666663","4395,510666666667","58,806222061224325","1,1","-12,08","-12,08"
2025-07-20 14:45:00,"3917,842","4521,893999999999","57,37049128709081","26,0","0,91","0,91"
2025-07-20 15:00:00,"3807,0623333333333","4084,978","55,73588430307759","-12,5","18,29","18,29"
2025-07-20 15:15:00,"3251,269666666667","4291,578666666666","53,93178401767402","11,7","9,04","9,04"
2025-07-20 15:30:00,"3042,879333333333","4024,225333333333","51,984952893456885","17,2","15,57","15,57"
2025-07-20 15:45:00,"3007,464333333333","3791,4543333333327","49,91909518605773","44,0","70,56","70,56"
2025-07-20 16:00:00,"3056,967666666667","3865,9743333333327","47,7548371566456","13,25","49,43","49,43"
2025-07-20 16:15:00,"3033,3025000000002","3959,7105","45,5099527475719","33,5","8,0","8,0"
2025-07-20 16:30:00,"2988,234666666667","3802,773","43,19970171110408","74,9","-20,87","-20,87"
2025-07-20 16:45:00,"1401,6866666666667","3616,515","40,8371663346407","94,97","-4,85","-4,85"
2025-07-20 17:00:00,"310,433","3453,3843333333325","38,433735514983645","60,55","-14,14","-14,14"
2025-07-20 17:15:00,"228,94266666666667","3422,4956666666662","35,99923952482221","61,6","-2,79","-2,79"
2025-07-20 17:30:00,"605,3396666666667","3282,802333333333","33,54235405852452","85,8","109,13","109,13"
2025-07-20 17:45:00,"442,36366666666663","2064,3626666666664","31,070810009818285","125,0","119,88","119,88"
2025-07-20 18:00:00,"465,646","1753,9323333333332","28,591597947868237","64,3","143,42","143,42"
2025-07-20 18:15:00,"329,83233333333334","2429,1183333333333","26,111144186137977","95,0","188,56","188,56"
2025-07-20 18:30:00,"221,62133333333333","2644,453666666667","23,635459791819383","125,0","295,9","295,9"
2025-07-20 18:45:00,"369,464","1920,9436666666663","21,17027855180193","144,1","243,92","243,92"
2025-07-20 19:00:00,"388,0383333333333","1505,5876666666663","18,721186043102072","88,0","131,94","131,94"
2025-07-20 19:15:00,"287,253","1303,2506666666663","16,293758378239733","104,77","58,47","58,47"
2025-07-20 19:30:00,"404,545","1322,6996666666664","13,893725760789602","129,5","69,47","69,47"
2025-07-20 19:45:00,"434,65733333333327","806,8939999999998","11,527472114406748","164,92","75,34","75,34"
2025-07-20 20:00:00,"651,0245","390,2334999999996","9,201559107323757","122,9","81,52","81,52"
2025-07-20 20:15:00,"369,6065","203,7199999999996","6,925079920541781","120,8","96,49","96,49"
2025-07-20 20:30:00,"377,2146666666667","101,17466666666635","4,711426969912263","127,4","84,33","84,33"
2025-07-20 20:45:00,"391,9186666666667","77,60766666666636","2,586546066734416","138,01","59,46","59,46"
2025-07-20 21:00:00,"434,60266666666666","15,521333333333038","0,6135984881238752","158,2","42,36","42,36"
2025-07-20 21:15:00,"465,64566666666667","0,0","-1,8733224128198056","134,7","41,92","41,92"
2025-07-20 21:30:00,"552,9545","0,0","-3,8850300634283066","122,6","34,04","34,04"
2025-07-20 21:45:00,"506,39","0,0","-5,820177579769286","113,3","56,04","56,04"
2025-07-20 22:00:00,"500,5693333333333","0,0","-7,672001529000877","144,92","108,53","108,53"
2025-07-20 22:15:00,"477,28700000000003","0,0","-9,433515482853108","120,8","122,42","122,42"
2025-07-20 22:30:00,"356,995","0,0","-11,097545529800492","114,2","88,44","88,44"
2025-07-20 22:45:00,"356,995","0,0","-12,656782065267802","113,88","75,15","75,15"
2025-07-20 23:00:00,"467,844","0,0","-14,103850266676938","123,7","62,63","62,63"
2025-07-20 23:15:00,"212,34366666666668","0,0","-15,431400690241423","114,4","54,65","54,65"
2025-07-20 23:30:00,"308,49050000000005","0,0","-16,632218620328747","106,8","54,0","54,0"
2025-07-20 23:45:00,"372,517","0,0","-17,699351433972527","102,58","48,0","48,0"
2025-07-21 00:00:00,"0,0","0,0","-18,62625116187831","119,51","79,65","79,65"
2025-07-21 00:15:00,"271,0335","0,0","-19,406926227285144","104,4","101,5","101,5"
2025-07-21 00:30:00,"302,33700000000005","0,0","-20,03609609947913","96,2","115,66","115,66"
2025-07-21 00:45:00,"202,43900000000002","0,0","-20,509340628048456","90,8","173,36","173,36"
2025-07-21 01:00:00,"279,1313333333333","0,0","-20,823234122726294","105,73","147,24","147,24"
2025-07-21 01:15:00,"287,4703333333333","0,0","-20,97545534940113","100,5","85,08","85,08"
2025-07-21 01:30:00,"186,258","0,0","-20,96486517476238","95,0","103,85","103,85"
2025-07-21 01:45:00,"373,26000000000005","0,0","-20,791545480446587","91,4","106,5","106,5"
2025-07-21 02:00:00,"364,0945","0,0","-20,45679646162048","100,2","120,08","120,08"
2025-07-21 02:15:00,"221,91666666666669","0,0","-19,963092305226667","96,49","136,92","136,92"
2025-07-21 02:30:00,"256,1055","0,0","-19,31399898616077","97,7","82,57","82,57"
2025-07-21 02:45:00,"279,387","0,0","-18,51406072841941","96,7","80,88","80,88"
2025-07-21 03:00:00,"251,116","0,0","-17,568663149846508","100,4","70,63","70,63"
2025-07-21 03:15:00,"225,52650000000003","0,0","-16,483882975931202","97,9","97,34","97,34"
2025-07-21 03:30:00,"279,227","0,0","-15,266333439512357","97,6","104,96","104,96"
2025-07-21 03:45:00,"279,387","0,0","-13,923013022027757","97,4","67,74","67,74"
2025-07-21 04:00:00,"314,31100000000004","0,0","-12,461165069550098","92,1","46,21","46,21"
2025-07-21 04:15:00,"282,29749999999996","0,0","-10,888152777489053","95,46","55,05","55,05"
2025-07-21 04:30:00,"244,464","0,0","-9,211351770767475","101,8","74,34","74,34"
2025-07-21 04:45:00,"221,37449999999998","0,0","-7,43806275009271","106,4","100,01","100,01"
2025-07-21 05:00:00,"302,67","0,0","-5,575443675021606","89,5","108,57","108,57"
2025-07-21 05:15:00,"232,823","0,0","-3,63045965407828","94,8","146,44","146,44"
2025-07-21 05:30:00,"266,02049999999997","0,0","-1,6098503510172597","107,2","145,11","145,11"
2025-07-21 05:45:00,"3486,060333333333","0,0","0,8522964932073717","120,4","139,98","139,98"
2025-07-21 06:00:00,"842,588","0,0","2,8505148962002944","99,3","125,08","125,08"
2025-07-21 06:15:00,"239,0495","11,68","4,988697181710088","110,6","108,33","108,33"
2025-07-21 06:30:00,"375,733","110,8135","7,2107553181207855","121,3","102,17","102,17"
2025-07-21 06:45:00,"379,594","245,276","9,493290376414834","128,4","154,53","154,53"
2025-07-21 07:00:00,"436,5425","320,1315","11,823773922080438","125,0","101,88","101,88"
2025-07-21 07:15:00,"346,05949999999996","296,60900000000004","14,193659506037028","124,3","133,84","133,84"
2025-07-21 07:30:00,"702,572","283,458","16,596065774856502","131,5","137,31","137,31"
2025-07-21 07:45:00,"306,92633333333333","194,25233333333333","19,02489179892406","134,3","129,6","129,6"
2025-07-21 08:00:00,"452,76500000000004","156,09533333333334","21,474433088488865","125,0","141,0","141,0"
2025-07-21 08:15:00,"332,0045","192,2625","23,93909347577149","122,7","113,37","113,37"
2025-07-21 08:30:00,"225,28466666666665","396,062","26,41323772694664","110,1","94,65","94,65"
2025-07-21 08:45:00,"457,7726666666667","589,6933333333333","28,891064783948977","103,83","119,61","119,61"
2025-07-21 09:00:00,"431,36050000000006","629,743","31,36647330755377","125,4","130,15","130,15"
2025-07-21 09:15:00,"368,99699999999996","411,81","33,832922503347895","122,3","144,28","144,28"
2025-07-21 09:30:00,"423,854","418,024","36,28327886410744","104,2","198,65","198,65"
2025-07-21 09:45:00,"407,48","478,606","38,70963590724292","60,1","195,5","195,5"
2025-07-21 10:00:00,"445,38500000000005","779,9264999999999","41,10310523841397","118,8","201,45","201,45"
2025-07-21 10:15:00,"425,27833333333325","858,4993333333332","43,45357065862365","103,1","227,19","227,19"
2025-07-21 10:30:00,"318,742","886,481","45,74940380812637","94,2","207,56","207,56"
2025-07-21 10:45:00,"368,63599999999997","721,7510000000001","47,9771872752787","67,89","150,58","150,58"
2025-07-21 11:00:00,"427,773","669,34","50,12116457835305","111,59","131,77","131,77"
2025-07-21 11:15:00,"325,95233333333334","706,2296666666666","52,16317694643352","94,8","127,32","127,32"
2025-07-21 11:30:00,"396,70433333333335","458,71266666666673","54,08215152129772","87,3","150,28","150,28"
2025-07-21 11:45:00,"527,732","698,4686666666668","55,85396494717124","78,3","141,12","141,12"
2025-07-21 12:00:00,"426,2396666666666","1054,2386666666669","57,4515340845637","111,2","62,29","62,29"
2025-07-21 12:15:00,"349,2366666666666","970,3346666666666","58,84536307790872","90,26","105,81","105,81"
2025-07-21 12:30:00,"432,166","474,6316666666667","60,004744537164974","81,1","112,22","112,22"
2025-07-21 12:45:00,"902,9890000000001","457,424","60,89977863675686","80,1","88,94","88,94"
2025-07-21 13:00:00,"542,4626666666667","671,2000000000002","61,50413348654482","98,5","109,7","109,7"
2025-07-21 13:15:00,"469,52600000000007","1272,765","61,79817514807733","93,2","70,71","70,71"
2025-07-21 13:30:00,"1239,4856666666667","1948,3516666666667","61,77174621576739","85,4","45,78","45,78"
2025-07-21 13:45:00,"1123,2413333333334","2217,032333333333","61,42578261423409","76,9","40,23","40,23"
2025-07-21 14:00:00,"461,87166666666684","1816,417","60,77204972974608","92,2","114,4","114,4"
2025-07-21 14:15:00,"406,8576666666668","1673,8086666666668","59,83148331920705","93,6","42,4","42,4"
2025-07-21 14:30:00,"406,8576666666668","1673,8086666666668","58,63118988574285","90,7","39,93","39,93"
2025-07-21 14:45:00,"406,8576666666668","1673,8086666666668","57,201355730493646","74,7","21,91","21,91"
2025-07-21 15:00:00,"406,8576666666668","1673,8086666666668","55,57259186325403","74,0","56,18","56,18"
2025-07-21 15:15:00,"0,0","0,0","53,77405843368209","88,29","54,0","54,0"
2025-07-21 15:30:00,"652,35","2479,9503333333337","51,83236898868136","88,7","62,67","62,67"
2025-07-21 15:45:00,"663,0883333333334","4945,628","49,7711405185911","97,9","59,69","59,69"
2025-07-21 16:00:00,"545,0966666666667","4307,346666666666","47,610957858707344","74,3","86,97","86,97"
2025-07-21 16:15:00,"578,9283333333334","4178,853666666667","45,36958583445488","82,8","74,5","74,5"
2025-07-21 16:30:00,"502,81","4266,112999999999","43,06229422536744","92,1","53,36","53,36"
2025-07-21 16:45:00,"508,4306666666667","3820,899","40,702264823437794","110,9","60,22","60,22"
2025-07-21 17:00:00,"585,2686666666666","3875,125666666667","38,30076957105821","62,34","53,78","53,78"
2025-07-21 17:15:00,"503,6193333333333","3658,735333333334","35,8677420864373","87,2","34,01","34,01"
2025-07-21 17:30:00,"534,8356666666666","3118,7963333333337","33,41188826182257","100,5","19,81","19,81"
2025-07-21 17:45:00,"630,8823333333333","3406,086666666667","30,940969768105557","125,0","58,13","58,13"
2025-07-21 18:00:00,"903,0469999999999","2996,1380000000004","28,46200627772192","60,03","88,69","88,69"
2025-07-21 18:15:00,"3537,3823333333335","2693,8886666666667","25,981448927282784","91,36","103,69","103,69"
2025-07-21 18:30:00,"715,9033333333333","2383,0373333333337","23,50533653116237","121,0","101,66","101,66"
2025-07-21 18:45:00,"482,26433333333335","2155,544","21,03942776771594","139,6","84,08","84,08"
2025-07-21 19:00:00,"349,0489999999999","1082,7776666666666","18,58933356593287","80,01","71,19","71,19"
2025-07-21 19:15:00,"502,6926666666667","659,0913333333334","16,16062737027764","90,07","69,71","69,71"
2025-07-21 19:30:00,"544,1993333333334","408,3003333333333","13,759095017906011","124,4","120,78","120,78"
2025-07-21 19:45:00,"363,5059999999999","617,0136666666667","11,390915711173278","153,52","133,75","133,75"
2025-07-21 20:00:00,"361,28566666666666","342,416","9,063216831533564","139,2","129,38","129,38"
2025-07-21 20:15:00,"345,2843333333333","124,928","6,785069786953868","124,4","168,05","168,05"
2025-07-21 20:30:00,"291,932","68,79266666666666","4,570316625581708","123,8","198,8","198,8"
2025-07-21 20:45:00,"458,4460000000001","39,611666666666665","2,446369850214257","123,85","308,21","308,21"
2025-07-21 21:00:00,"526,993","6,279333333333334","0,4803753425568714","129,25","259,05","259,05"
2025-07-21 21:15:00,"316,85766666666666","0,0","-2,025609879616876","143,8","607,86","607,86"
2025-07-21 21:30:00,"447,5743333333333","0,0","-4,040446109623302","118,0","392,49","392,49"
2025-07-21 21:45:00,"431,0143333333334","0,0","-5,978831006786551","92,2","260,95","260,95"
2025-07-21 22:00:00,"391,23733333333337","0,0","-7,833975685614168","126,8","89,03","89,03"
2025-07-21 22:15:00,"1126,2353333333335","0,0","-9,598865038470937","116,03","112,26","112,26"
2025-07-21 22:30:00,"1196,791","0,0","-11,26629302364899","109,4","146,97","146,97"
2025-07-21 22:45:00,"386,27199999999993","0,0","-12,82891437519147","87,0","171,31","171,31"
2025-07-21 23:00:00,"547,0346666666667","0,0","-14,279315193430929","111,7","182,85","182,85"
2025-07-21 23:15:00,"452,927","0,0","-15,61010389965011","98,4","74,94","74,94"
2025-07-21 23:30:00,"302,28366666666665","0,1956666666666666","-16,81402122395505","95,2","133,78","133,78"
2025-07-21 23:45:00,"403,30266666666665","0,0","-17,884068512233206","86,3","139,61","139,61"
2025-07-22 00:00:00,"260,94866666666667","0,0","-18,81365153743377","119,98","189,09","189,09"
2025-07-22 00:15:00,"181,44966666666664","0,0036666666666666","-19,59673375672149","114,93","210,71","210,71"
2025-07-22 00:30:00,"309,35566666666665","0,0153333333333333","-20,22799268221889","75,09","141,86","141,86"
2025-07-22 00:45:00,"231,51966666666664","0,0036666666666666","-20,70297101761084","71,19","79,56","79,56"
2025-07-22 01:00:00,"231,181","0,0","-21,01821248192375","80,09","122,62","122,62"
2025-07-22 01:15:00,"332,33666666666664","0,0","-21,17137333279128","75,09","82,9","82,9"
2025-07-22 01:30:00,"297,04166666666663","0,0","-21,16130116948904","102,69","90,83","90,83"
2025-07-22 01:45:00,"351,73133333333334","0,0","-20,98807451308252","104,9","85,18","85,18"
2025-07-22 02:00:00,"317,59800000000007","0,003","-20,653000208869177","93,34","72,88","72,88"
2025-07-22 02:15:00,"208,81766666666667","0,0","-20,15856863862781","70,1","75,04","75,04"
2025-07-22 02:30:00,"244,8936666666667","0,0076666666666666","-19,508370537552683","91,66","71,8","71,8"
2025-07-22 02:45:00,"297,37649999999996","0,0","-18,706982075194663","104,9","72,82","72,82"
2025-07-22 03:00:00,"1307,278","0,0","-17,759826362509244","91,57","76,32","76,32"
2025-07-22 03:15:00,"1351,437","0,0","-16,673021427160652","104,9","77,25","77,25"
2025-07-22 03:30:00,"380,5566666666667","0,0036666666666666","-15,45322391805818","90,83","94,27","94,27"
2025-07-22 03:45:00,"310,76733333333334","0,0","-14,107476309041552","65,09","98,36","98,36"
2025-07-22 04:00:00,"277,9915","0,0","-12,643065218541532","65,1","123,71","123,71"
2025-07-22 04:15:00,"294,763","0,0","-11,067395379022336","65,1","141,16","141,16"
2025-07-22 04:30:00,"253,78033333333332","0,002","-9,38788148961315","104,51","149,02","149,02"
2025-07-22 04:45:00,"278,5933333333333","0,0","-7,611860411097397","109,9","138,21","138,21"
2025-07-22 05:00:00,"285,539","0,0","-5,7465231368099685","94,91","128,48","128,48"
2025-07-22 05:15:00,"170,5045","0,0","-3,7988646676478064","104,91","162,65","162,65"
2025-07-22 05:30:00,"369,7216666666667","0,0036666666666666","-1,7756515587326245","86,28","172,97","172,97"
2025-07-22 05:45:00,"379,866","14,4545","0,7061784985110904","80,09","160,29","160,29"
2025-07-22 06:00:00,"213,006","61,98","2,6965942064300856","70,06","121,14","121,14"
2025-07-22 06:15:00,"333,74833333333333","156,803","4,83330063068491","114,92","125,42","125,42"
2025-07-22 06:30:00,"374,565","252,8685","7,055952497672126","114,91","132,01","132,01"
2025-07-22 06:45:00,"220,79633333333334","322,35166666666663","9,339708591970714","106,04","157,78","157,78"
2025-07-22 07:00:00,"824,64","396,3970000000001","11,671560411151296","134,91","120,96","120,96"
2025-07-22 07:15:00,"918,3460000000001","470,3205","14,04277526814064","114,95","154,91","154,91"
2025-07-22 07:30:00,"304,3205","584,2484999999999","16,446374554214085","114,92","157,91","157,91"
2025-07-22 07:45:00,"413,4063333333333","813,1516666666666","18,876217741856752","65,08","147,36","147,36"
2025-07-22 08:00:00,"302,3813333333333","1032,3223333333333","21,32654259795776","126,78","151,26","151,26"
2025-07-22 08:15:00,"243,28533333333334","1661,8186666666668","23,79173292125056","104,95","186,91","186,91"
2025-07-22 08:30:00,"393,05799999999994","2057,616","26,26613150698813","94,94","154,14","154,14"
2025-07-22 08:45:00,"366,59000000000003","1323,146","28,743913185920345","74,96","120,32","120,32"
2025-07-22 09:00:00,"413,10400000000004","2463,12","31,218952244532957","104,99","169,15","169,15"
2025-07-22 09:15:00,"330,31899999999996","1475,999","33,68467698291615","94,99","183,81","183,81"
2025-07-22 09:30:00,"367,2873333333334","1454,235","36,13393459494162","82,79","186,51","186,51"
2025-07-22 09:45:00,"365,21850000000006","1888,218","38,55879190065395","84,97","207,88","207,88"
2025-07-22 10:00:00,"373,68833333333333","2155,573","40,95033431432774","104,92","323,6","323,6"
2025-07-22 10:15:00,"331,4406666666667","2933,105","43,29842858609886","94,92","213,24","213,24"
2025-07-22 10:30:00,"401,3616666666667","3403,139333333333","45,59141951632791","59,98","65,75","65,75"
2025-07-22 10:45:00,"368,333","2588,2670000000003","47,81587963942955","49,94","40,71","40,71"
2025-07-22 11:00:00,"301,66966666666667","2167,339","49,95605635695716","133,89","4,66","4,66"
2025-07-22 11:15:00,"350,968","1811,8005","51,9938289188157","69,93","15,7","15,7"
2025-07-22 11:30:00,"497,4446666666667","3005,164","53,90818861541242","39,95","-12,8","-12,8"
2025-07-22 11:45:00,"395,1263333333333","3094,398333333333","55,67512917793992","29,92","-13,71","-13,71"
2025-07-22 12:00:00,"520,8946666666666","3940,1","57,26774764863647","70,0","14,3","14,3"
2025-07-22 12:15:00,"3090,1866666666665","3286,467","58,65679661077216","50,61","3,03","3,03"
2025-07-22 12:30:00,"1505,7206666666666","1460,8666666666668","59,81189242492225","34,97","-8,13","-8,13"
2025-07-22 12:45:00,"350,903","1121,5226666666667","60,70349909862964","24,98","-18,27","-18,27"
2025-07-22 13:00:00,"369,43966666666665","3326,0930000000003","61,30564284879151","34,96","8,24","8,24"
2025-07-22 13:15:00,"284,683","1605,4276666666665","61,59897542661037","29,95","-13,15","-13,15"
2025-07-22 13:30:00,"368,6026666666666","2731,532","61,573476488356505","-0,34","-14,5","-14,5"
2025-07-22 13:45:00,"255,46166666666664","3790,910666666666","61,23009700510704","-14,93","-18,65","-18,65"
2025-07-22 14:00:00,"140,0273333333333","4586,261333333334","60,58025439135129","-9,91","-5,78","-5,78"
2025-07-22 14:15:00,"288,85699999999997","2999,7010000000005","59,64462299448651","24,93","-6,74","-6,74"
2025-07-22 14:30:00,"178,88933333333335","2792,934","58,44991588137072","24,94","-5,73","-5,73"
2025-07-22 14:45:00,"148,71033333333332","1886,5560000000005","57,02595078829733","-0,77","-1,98","-1,98"
2025-07-22 15:00:00,"257,5946666666667","1682,247333333334","55,40303113543386","-9,91","-6,65","-6,65"
2025-07-22 15:15:00,"199,21266666666668","1091,9196666666671","53,61009282614538","20,0","1,62","1,62"
2025-07-22 15:30:00,"241,1903333333333","729,6213333333338","51,67358854597554","6,48","-0,81","-0,81"
2025-07-22 15:45:00,"286,13533333333334","634,7126666666671","49,617042043240815","39,93","50,7","50,7"
2025-07-22 16:00:00,"231,32299999999998","2824,873","47,46099186878385","20,0","36,64","36,64"
2025-07-22 16:15:00,"161,24366666666668","4134,805","45,223193048310165","13,78","23,68","23,68"
2025-07-22 16:30:00,"459,574","3707,5569999999993","42,91892007831302","39,46","86,54","86,54"
2025-07-22 16:45:00,"1978,6486666666667","4299,22","40,5618918351134","64,92","101,65","101,65"
2025-07-22 17:00:00,"417,362","3829,799","38,1624228412006","20,0","102,31","102,31"
2025-07-22 17:15:00,"871,371","2084,0626666666667","35,73089546734342","69,93","117,7","117,7"
2025-07-22 17:30:00,"429,21133333333336","1049,3963333333334","33,27609424522338","89,99","75,39","75,39"
2025-07-22 17:45:00,"308,38933333333335","3890,5099999999993","30,80581048788424","122,17","126,8","126,8"
2025-07-22 18:00:00,"695,901","3372,1983333333333","28,327091731132302","25,05","61,2","61,2"
2025-07-22 18:15:00,"1045,0033333333336","2761,613666666666","25,84646476475133","68,31","82,6","82,6"
2025-07-22 18:30:00,"786,1376666666665","2452,498333333333","23,36995374695017","114,98","9,19","9,19"
2025-07-22 18:45:00,"952,566","2233,438","20,9033430580657","150,0","58,58","58,58"
2025-07-22 19:00:00,"1026,535","1729,4085","18,45227014367248","49,06","58,18","58,18"
2025-07-22 19:15:00,"514,9306666666668","1170,0896666666663","16,02233256325924","85,09","39,61","39,61"
2025-07-22 19:30:00,"371,32733333333334","1007,3613333333332","13,619358337912605","129,96","73,5","73,5"
2025-07-22 19:45:00,"274,6493333333333","822,1383333333333","11,251444026898977","150,0","62,73","62,73"
2025-07-22 20:00:00,"154,43","656,5556666666666","8,92267867417435","90,05","65,46","65,46"
2025-07-22 20:15:00,"329,318","477,297","6,643880960207387","120,41","79,39","79,39"
2025-07-22 20:30:00,"346,42433333333327","317,8056666666667","4,429792284845254","134,95","96,63","96,63"
2025-07-22 20:45:00,"320,33","155,57066666666665","2,31033860277022","134,98","79,76","79,76"
2025-07-22 21:00:00,"465,50466666666665","16,317333333333334","0,3592437327858341","110,09","77,29","77,29"
2025-07-22 21:15:00,"1603,062333333333","0,1373333333333333","-2,1837665401035524","110,1","54,86","54,86"
2025-07-22 21:30:00,"1176,967","0,0","-4,201760237351916","129,92","86,01","86,01"
2025-07-22 21:45:00,"484,68366666666674","0,0","-6,143411367155755","119,93","65,01","65,01"
2025-07-22 22:00:00,"351,9980000000002","0,0153333333333333","-8,001904714880643","110,09","111,86","111,86"
2025-07-22 22:15:00,"319,3666666666668","0,0","-9,77019551841544","100,09","59,05","59,05"
2025-07-22 22:30:00,"408,0316666666668","0,0","-11,441044526589897","111,31","103,73","103,73"
2025-07-22 22:45:00,"290,20100000000014","0,0","-13,007069635924427","114,91","82,18","82,18"
2025-07-22 23:00:00,"269,07433333333347","0,0","-14,460816605908573","100,09","85,31","85,31"
2025-07-22 23:15:00,"397,7280000000001","0,0","-15,794850393845993","108,6","79,3","79,3"
2025-07-22 23:30:00,"295,4143333333335","0,0153333333333333","-17,001865811288127","80,09","65,71","65,71"
2025-07-22 23:45:00,"218,63566666666682","0,0","-18,07481681746936","109,9","75,87","75,87"
2025-07-23 00:00:00,"343,80366666666686","0,0","-19,00706163375085","82,6","129,64","129,64"
2025-07-23 00:15:00,"231,65066666666678","0,0","-19,792517582687992","77,59","132,19","132,19"
2025-07-23 00:30:00,"241,37133333333347","0,0153333333333333","-20,425819242247844","99,67","131,91","131,91"
2025-07-23 00:45:00,"301,35900000000015","0,0","-20,902471452899803","99,9","89,69","89,69"
2025-07-23 01:00:00,"222,2883333333335","0,0","-21,218986944840143","75,1","42,5","42,5"
2025-07-23 01:15:00,"312,0070000000001","0,0","-21,3729994346453","104,9","60,46","60,46"
2025-07-23 01:30:00,"356,0423333333335","0,0","-21,363343611688453","89,59","70,03","70,03"
2025-07-23 01:45:00,"277,4873333333335","0,0","-21,19009538515872","67,6","61,48","61,48"
2025-07-23 02:00:00,"255,26700000000014","0,0","-20,85456936516641","102,4","64,49","64,49"
2025-07-23 02:15:00,"273,28366666666676","0,0","-20,35927355949205","77,4","66,63","66,63"
2025-07-23 02:30:00,"192,67200000000014","0,0","-19,707825143932038","70,1","59,96","59,96"
2025-07-23 02:45:00,"225,75800000000012","0,0","-18,904834083108984","70,1","70,89","70,89"
2025-07-23 03:00:00,"350,2930000000002","0,0","-17,955762917209423","70,09","46,38","46,38"
2025-07-23 03:15:00,"275,6546666666668","0,0","-16,8667729192235","73,09","57,82","57,82"
2025-07-23 03:30:00,"349,75966666666676","0,0","-15,644566035624775","99,92","63,87","63,87"
2025-07-23 03:45:00,"275,49100000000016","0,0","-14,296230498202217","70,1","71,72","71,72"
2025-07-23 04:00:00,"174,14200000000017","0,0153333333333333","-12,829097808048877","62,59","20,84","20,84"
2025-07-23 04:15:00,"281,29533333333353","0,0","-11,250615665561975","65,09","9,95","9,95"
2025-07-23 04:30:00,"290,88600000000014","0,0","-9,568239088652971","74,83","-6,93","-6,93"
2025-07-23 04:45:00,"171,17400000000015","0,0","-7,789342157384697","112,41","37,46","37,46"
2025-07-23 05:00:00,"327,6560000000002","0,0","-5,9211497853478905","92,41","71,7","71,7"
2025-07-23 05:15:00,"406,3030000000001","0,0153333333333333","-3,97068759575935","74,48","84,96","84,96"
2025-07-23 05:30:00,"543,1803333333335","0,0","-1,9447496303714216","80,07","107,11","107,11"
2025-07-23 05:45:00,"3438,0286666666666","18,738","0,5729644522725795","85,04","127,36","127,36"
2025-07-23 06:00:00,"991,013","116,775","2,548545001653154","75,05","99,28","99,28"
2025-07-23 06:15:00,"183,014","197,6443333333333","4,68064631373192","105,57","131,6","131,6"
2025-07-23 06:30:00,"305,51599999999996","325,1433333333333","6,902347752763989","87,57","127,74","127,74"
2025-07-23 06:45:00,"230,6156666666667","328,72233333333327","9,186445580617445","118,06","156,14","156,14"
2025-07-23 07:00:00,"323,42299999999994","543,735","11,519110636401528","127,49","88,19","88,19"
2025-07-23 07:15:00,"1318,7903333333334","870,9043333333333","13,891276372221071","124,92","110,51","110,51"
2025-07-23 07:30:00,"294,58633333333336","993,9313333333334","16,295793613995677","91,7","96,65","96,65"
2025-07-23 07:45:00,"242,35400000000004","1253,628","18,726575662858536","70,01","97,67","97,67"
2025-07-23 08:00:00,"338,06800000000004","1694,018","21,17748814821155","150,0","132,08","132,08"
2025-07-23 08:15:00,"256,4806666666667","1439,4609999999998","23,64305546103769","122,44","137,94","137,94"
2025-07-23 08:30:00,"352,9526666666667","1899,1053333333327","26,11757066377714","75,03","197,58","197,58"
2025-07-23 08:45:00,"406,5186666666667","2286,1956666666665","28,595177257400504","35,01","189,74","189,74"
2025-07-23 09:00:00,"394,5973333333333","3422,3606666666665","31,06971984209724","139,95","185,13","185,13"
2025-07-23 09:15:00,"472,183","3558,8746666666666","33,53459428513007","102,46","29,04","29,04"
2025-07-23 09:30:00,"388,79866666666675","3702,910333333333","35,98262222788744","59,56","6,19","6,19"
2025-07-23 09:45:00,"352,7736666666667","3885,276666666666","38,40584118488627","35,03","23,73","23,73"
2025-07-23 10:00:00,"346,8063333333333","4060,369333333333","40,795308183604334","94,92","46,85","46,85"
2025-07-23 10:15:00,"162,94566666666668","4128,982666666667","43,140864264096855","82,43","96,21","96,21"
2025-07-23 10:30:00,"202,83333333333334","4176,775333333334","45,43083373470778","43,13","92,91","92,91"
2025-07-23 10:45:00,"236,079","4266,139","47,65175813448602","22,54","92,89","92,89"
2025-07-23 11:00:00,"229,45700000000002","4334,278","49,78793622154505","77,41","23,58","23,58"
2025-07-23 11:15:00,"261,03133333333335","4559,068333333334","51,82124474826264","57,95","143,08","143,08"
2025-07-23 11:30:00,"219,31866666666667","4515,814666666666","53,73075183290147","25,1","87,45","87,45"
2025-07-23 11:45:00,"142,0506666666667","4784,646","55,492569695478046","20,0","82,17","82,17"
2025-07-23 12:00:00,"281,26","3869,2243333333336","57,079977972782","36,9","157,01","157,01"
2025-07-23 12:15:00,"1231,1726666666666","4522,824333333333","58,4639827463658","25,07","166,0","166,0"
2025-07-23 12:30:00,"1783,0346666666665","3978,1873333333338","59,61452684721706","20,06","123,84","123,84"
2025-07-23 12:45:00,"1036,554","3566,7823333333326","60,5024435759349","20,0","33,96","33,96"
2025-07-23 13:00:00,"3324,677666666666","5167,361","61,10212364626074","22,56","110,1","110,1"
2025-07-23 13:15:00,"701,5606666666664","2641,9330000000004","61,39451049131876","17,59","173,62","173,62"
2025-07-23 13:30:00,"383,5876666666664","4050,6616666666673","61,369730038076014","17,57","45,03","45,03"
2025-07-23 13:45:00,"664,8359999999997","5796,418333333334","61,02858884827826","14,26","32,54","32,54"
2025-07-23 14:00:00,"1573,0259999999996","5965,861","60,38251966028377","5,06","-4,72","-4,72"
2025-07-23 14:15:00,"724,4039999999998","3914,089666666667","59,45174200612643","10,08","68,94","68,94"
2025-07-23 14:30:00,"2218,433333333333","4926,143666666668","58,262581811484566","35,85","68,65","68,65"
2025-07-23 14:45:00,"2034,691666666666","5353,888000000001","56,84448528616687","25,03","69,9","69,9"
2025-07-23 15:00:00,"1215,2336666666663","4846,747","55,22744307725507","20,0","16,85","16,85"
2025-07-23 15:15:00,"872,5206666666664","4587,540333333334","53,44014418118089","27,78","23,65","23,65"
2025-07-23 15:30:00,"637,064333333333","4547,139","51,50888864448852","30,1","7,57","7,57"
2025-07-23 15:45:00,"279,13766666666635","4482,84","49,4571013762098","74,93","-5,12","-5,12"
2025-07-23 16:00:00,"317,31133333333304","4399,185666666667","47,30527015265116","20,0","31,12","31,12"
2025-07-23 16:15:00,"244,65333333333302","4354,242","45,0711257545152","52,68","103,22","103,22"
2025-07-23 16:30:00,"417,7089999999997","4103,5560000000005","42,76995442494452","82,45","111,72","111,72"
2025-07-23 16:45:00,"1023,120333333333","3560,3723333333337","40,41497584498601","97,48","104,92","104,92"
2025-07-23 17:00:00,"2755,4429999999998","3741,784000000001","38,01751754744041","20,0","39,79","39,79"
2025-07-23 17:15:00,"2226,1866666666665","3563,978333333333","35,58758221245108","60,03","44,62","44,62"
2025-07-23 17:30:00,"1223,089","4198,605666666667","33,133932029568626","96,41","43,22","43,22"
2025-07-23 17:45:00,"634,9273333333332","2629,109666666667","30,664390266300845","129,92","116,84","116,84"
2025-07-23 18:00:00,"505,58633333333313","2323,317666666668","28,186035616273877","37,56","102,43","102,43"
2025-07-23 18:15:00,"542,3583333333331","3073,155666666667","25,70538030756668","72,58","84,19","84,19"
2025-07-23 18:30:00,"441,2433333333332","3407,0496666666672","23,228513441552455","120,86","68,66","68,66"
2025-07-23 18:45:00,"640,8966666666664","2609,9490000000005","20,761247615551287","147,47","68,7","68,7"
2025-07-23 19:00:00,"767,3519999999999","1890,903333333334","18,30925053180616","60,14","51,74","51,74"
2025-07-23 19:15:00,"556,8373333333332","929,2703333333336","15,878194846393349","95,08","69,65","69,65"
2025-07-23 19:30:00,"1779,7896666666666","502,6286666666673","13,473930632846107","139,94","130,37","130,37"
2025-07-23 19:45:00,"1366,1070000000002","388,07400000000064","11,103127035439666","150,0","129,83","129,83"
2025-07-23 20:00:00,"1314,9726666666666","174,18866666666725","8,77248935780269","97,55","67,31","67,31"
2025-07-23 20:15:00,"1182,3883333333333","98,60866666666728","6,491986893152405","112,49","75,54","75,54"
2025-07-23 20:30:00,"884,9543333333332","52,31700000000059","4,27686526395106","139,94","118,4","118,4"
2025-07-23 20:45:00,"1440,0216666666665","8,561000000000593","2,158850035765483","139,97","109,4","109,4"
2025-07-23 21:00:00,"1313,7666666666667","0,9700000000005924","0,2157316316770664","115,08","117,38","117,38"
2025-07-23 21:15:00,"1361,5736666666667","0,0","-2,3477619119915065","110,08","108,75","108,75"
2025-07-23 21:30:00,"922,5300000000001","0,0","-4,368939499343617","121,7","121,17","121,17"
2025-07-23 21:45:00,"619,8796666666666","0,0","-6,313883212332391","129,92","133,14","133,14"
2025-07-23 22:00:00,"620,4666666666666","0,0","-8,175750636051761","110,1","137,62","137,62"
2025-07-23 22:15:00,"521,6453333333333","0,0","-9,947466380002997","110,53","127,58","127,58"
2025-07-23 22:30:00,"441,15999999999997","0,0","-11,621756908006802","124,94","149,78","149,78"
2025-07-23 22:45:00,"410,51699999999994","0,0","-13,191202101682924","117,45","129,46","129,46"
2025-07-23 23:00:00,"290,16599999999994","0,0","-14,64830611550029","100,1","134,86","134,86"
2025-07-23 23:15:00,"259,53233333333327","0,0","-15,985589110171473","126,79","119,7","119,7"
2025-07-23 23:30:00,"299,2273333333332","0,0","-17,195698610473823","85,09","90,87","90,87"
2025-07-23 23:45:00,"217,02466666666655","0,0","-18,271539829406283","112,41","56,71","56,71"
2025-07-24 00:00:00,"250,3063333333333","0,0","-19,20642214000019","103,45","95,78","95,78"
2025-07-24 00:15:00,"333,5759999999999","0,0","-19,99421555993209","106,5","103,82","103,82"
2025-07-24 00:30:00,"336,0413333333332","0,0","-20,62951075897845","97,6","89,98","89,98"
2025-07-24 00:45:00,"289,4729999999999","0,0303333333339254","-21,107774004623884","91,8","91,51","91,51"
2025-07-24 01:00:00,"301,2773333333332","0,0","-21,42548665421378","107,3","111,97","111,97"
2025-07-24 01:15:00,"205,75599999999994","0,0","-21,58025987108876","102,0","136,69","136,69"
2025-07-24 01:30:00,"244,41833333333327","0,0","-21,57091581992658","95,8","136,74","136,74"
2025-07-24 01:45:00,"266,68566666666663","0,0","-21,39752858047871","85,88","98,8","98,8"
2025-07-24 02:00:00,"228,81699999999995","0,0","-21,061421680480365","92,32","116,86","116,86"
2025-07-24 02:15:00,"348,91599999999994","0,0303333333339254","-20,565122225808988","88,82","114,61","114,61"
2025-07-24 02:30:00,"386,5543333333332","0,0","-19,9122755535706","97,5","119,99","119,99"
2025-07-24 02:45:00,"212,9356666666666","0,0","-19,107527311158343","96,0","106,05","106,05"
2025-07-24 03:00:00,"233,38599999999997","0,0","-18,156381436494424","87,8","108,96","108,96"
2025-07-24 03:15:00,"265,98766666666654","0,0303333333339254","-17,06504441771471","87,1","121,26","121,26"
2025-07-24 03:30:00,"204,53833333333327","0,0","-15,840265399152653","96,7","101,72","101,72"
2025-07-24 03:45:00,"281,31499999999994","0,0","-14,489180146965582","95,6","91,74","91,74"
2025-07-24 04:00:00,"290,9949999999999","0,0","-13,019166657792464","85,4","55,64","55,64"
2025-07-24 04:15:00,"235,64533333333327","0,0","-11,437717028255756","89,7","94,29","94,29"
2025-07-24 04:30:00,"319,3083333333332","0,0","-9,752327829454872","101,7","101,26","101,26"
2025-07-24 04:45:00,"303,7836666666666","0,0","-7,970411406273736","95,7","108,81","108,81"
2025-07-24 05:00:00,"189,24433333333326","0,0","-6,099227459974207","87,0","70,43","70,43"
2025-07-24 05:15:00,"288,80033333333324","0,0","-4,145832946640413","93,09","70,53","70,53"
2025-07-24 05:30:00,"483,17699999999996","0,0","-2,117049968556606","99,8","82,06","82,06"
2025-07-24 05:45:00,"2985,662666666666","0,0","0,4212099287108247","116,1","79,22","79,22"
2025-07-24 06:00:00,"1242,3933333333332","0,0","2,38838545740094","101,4","38,14","38,14"
2025-07-24 06:15:00,"419,6823333333333","0,0","4,518916568931192","115,0","86,79","86,79"
2025-07-24 06:30:00,"332,0129999999999","0,0","6,741389330947836","115,4","89,63","89,63"
2025-07-24 06:45:00,"786,8443333333332","0,0303333333339254","9,026918985637897","122,5","81,23","81,23"
2025-07-24 07:00:00,"620,2429999999999","5,933333333333924","11,361142952416513","124,4","102,53","102,53"
2025-07-24 07:15:00,"1675,5963333333336","49,599000000000586","13,734772101351252","124,3","106,14","106,14"
2025-07-24 07:30:00,"507,5636666666666","171,37833333333393","16,140592716844125","121,51","107,26","107,26"
2025-07-24 07:45:00,"287,68433333333337","172,74066666666724","18,572386578295134","114,7","139,79","139,79"
2025-07-24 08:00:00,"166,90966666666665","155,43533333333392","21,02416276172267","138,6","138,55","138,55"
2025-07-24 08:15:00,"349,2803333333334","148,8400000000006","23,49028160744556","117,7","132,74","132,74"
2025-07-24 08:30:00,"402,3986666666666","214,42166666666725","25,965048322208045","99,79","138,89","138,89"
2025-07-24 08:45:00,"183,07533333333333","274,47666666666726","28,442580974978235","84,2","128,45","128,45"
2025-07-24 09:00:00,"270,4986666666667","474,63500000000056","30,916698438868675","130,3","103,76","103,76"
2025-07-24 09:15:00,"317,07466666666664","489,7490000000006","33,38079408562241","108,95","125,36","125,36"
2025-07-24 09:30:00,"193,44733333333332","576,7173333333338","35,82763366773252","85,0","113,95","113,95"
2025-07-24 09:45:00,"277,7373333333333","615,0450000000006","38,249227295424575","65,2","73,58","73,58"
2025-07-24 10:00:00,"279,3623333333333","805,4230000000007","40,63660486040826","117,49","87,69","87,69"
2025-07-24 10:15:00,"346,39366666666666","774,6383333333339","42,9795747727818","101,1","69,16","69,16"
2025-07-24 10:30:00,"356,4036666666666","617,9506666666672","45,26645033327682","80,78","73,86","73,86"
2025-07-24 10:45:00,"252,16433333333333","341,89800000000054","47,48377861390738","62,54","82,43","82,43"
2025-07-24 11:00:00,"404,399","634,198333333334","49,61583227905223","112,1","122,03","122,03"
2025-07-24 11:15:00,"310,19900000000007","1069,6073333333338","51,64453795547551","91,9","131,96","131,96"
2025-07-24 11:30:00,"288,07300000000004","685,1300000000006","53,54903111447021","79,7","134,28","134,28"
2025-07-24 11:45:00,"286,2053333333334","906,5626666666672","55,30554446673624","65,89","54,64","54,64"
2025-07-24 12:00:00,"325,11866666666674","739,6306666666673","56,88754299289111","97,4","41,9","41,9"
2025-07-24 12:15:00,"308,5546666666667","435,3856666666673","58,266296973723016","85,69","50,31","50,31"
2025-07-24 12:30:00,"795,3779999999999","490,26966666666726","59,41207216211959","84,94","48,73","48,73"
2025-07-24 12:45:00,"618,4083333333333","864,9196666666672","60,29607640369255","79,97","43,62","43,62"
2025-07-24 13:00:00,"545,9233333333334","722,1493333333339","60,89307098527806","110,25","100,88","100,88"
2025-07-24 13:15:00,"559,0456666666666","1037,4226666666673","61,18429517722133","89,93","86,54","86,54"
2025-07-24 13:30:00,"560,7886666666667","901,1666666666672","61,16003194775377","66,7","125,07","125,07"
2025-07-24 13:45:00,"529,2533333333332","1357,8226666666674","60,8211069126262","77,75","85,31","85,31"
2025-07-24 14:00:00,"640,6173333333332","1250,867333333334","60,17865312165966","87,44","107,84","107,84"
2025-07-24 14:15:00,"1076,9326666666668","1028,761666666667","59,25260510695184","84,93","100,92","100,92"
2025-07-24 14:30:00,"1459,9343333333331","793,1073333333338","58,06890322879705","77,76","106,03","106,03"
2025-07-24 14:45:00,"548,0583333333334","911,0710000000004","56,6566190914467","89,9","89,64","89,64"
2025-07-24 15:00:00,"349,38766666666663","788,0486666666671","55,04542517230267","84,93","88,6","88,6"
2025-07-24 15:15:00,"1396,551","724,6140000000004","53,26376849528645","83,3","102,34","102,34"
2025-07-24 15:30:00,"633,9616666666667","908,7960000000004","51,33777999349061","82,4","127,55","127,55"
2025-07-24 15:45:00,"923,6740000000001","1155,2960000000005","49,29077995599072","97,46","127,08","127,08"
2025-07-24 16:00:00,"583,8606666666667","906,341666666667","47,143200498116144","58,5","88,62","88,62"
2025-07-24 16:15:00,"418,4473333333334","775,418666666667","44,91275590783168","79,84","68,21","68,21"
2025-07-24 16:30:00,"365,65700000000004","700,6653333333337","42,61473136646821","102,46","53,72","53,72"
2025-07-24 16:45:00,"236,47600000000006","711,3223333333337","40,262357731263975","115,0","46,49","46,49"
2025-07-24 17:00:00,"300,8203333333334","892,9120000000005","37,866997333962615","62,0","33,41","33,41"
2025-07-24 17:15:00,"350,9016666666667","1244,7840000000003","35,43866975961112","82,56","63,83","63,83"
2025-07-24 17:30:00,"290,3920000000001","1124,7345000000007","32,986175078904544","110,0","119,88","119,88"
2025-07-24 17:45:00,"343,5810000000001","984,4733333333338","30,51736691575276","130,3","172,86","172,86"
2025-07-24 18:00:00,"520,9543333333334","1058,3360000000005","28,03935332580927","64,3","141,49","141,49"
2025-07-24 18:15:00,"2880,2783333333336","1023,746666666667","25,55867263666232","92,5","139,64","139,64"
2025-07-24 18:30:00,"1413,2016666666668","1638,418333333334","23,08144280546442","119,0","55,03","55,03"
2025-07-24 18:45:00,"425,4170000000003","2135,1190000000006","20,613503516369175","150,0","94,01","94,01"
2025-07-24 19:00:00,"242,32700000000028","1008,5353333333338","18,16055110824197","97,0","78,95","78,95"
2025-07-24 19:15:00,"252,61433333333366","466,2273333333338","15,72829081871511","105,2","86,2","86,2"
2025-07-24 19:30:00,"307,00566666666697","335,5286666666671","13,32261740320994","123,0","106,05","106,05"
2025-07-24 19:45:00,"206,45733333333362","303,6213333333338","10,950176997711024","150,0","92,92","92,92"
2025-07-24 20:00:00,"357,2386666666669","174,0523333333338","8,617958108089972","146,6","93,2","93,2"
2025-07-24 20:15:00,"292,1090000000002","148,17300000000046","6,336144372746132","144,94","117,42","117,42"
2025-07-24 20:30:00,"174,9343333333336","66,13633333333378","4,120723558993974","147,49","172,14","172,14"
2025-07-24 20:45:00,"281,9493333333336","30,558000000000447","2,0057795131382314","150,0","351,69","351,69"
2025-07-24 21:00:00,"508,59733333333367","3,486333333333777","0,0738569041029297","169,3","93,88","93,88"
2025-07-24 21:15:00,"385,5796666666669","0,0","-2,5175641110044933","136,8","113,92","113,92"
2025-07-24 21:30:00,"470,53633333333363","0,0","-4,54194958952714","123,1","142,45","142,45"
2025-07-24 21:45:00,"519,2373333333337","0,0","-6,49020977997989","133,69","143,58","143,58"
2025-07-24 22:00:00,"359,26633333333353","0,0","-8,355474200757504","140,97","171,71","171,71"
2025-07-24 22:15:00,"489,42166666666685","0,0","-10,130635862885292","124,7","87,4","87,4"
2025-07-24 22:30:00,"529,0843333333336","0,0","-11,808385869782107","115,1","105,1","105,1"
2025-07-24 22:45:00,"485,29400000000027","0,0","-13,381264911766982","104,5","100,79","100,79"
2025-07-24 23:00:00,"465,67066666666693","0,0","-14,841734270977598","117,7","141,22","141,22"
2025-07-24 23:15:00,"387,564666666667","0,0","-16,182267975553774","116,4","104,35","104,35"
2025-07-24 23:30:00,"309,2850000000003","0,0303333333337774","-17,395464891817653","105,59","100,4","100,4"
2025-07-24 23:45:00,"292,8373333333336","0,0","-18,474180121740048","96,5","106,83","106,83"
2025-07-25 00:00:00,"295,5800000000003","0,0","-19,411672889497968","111,1","110,3","110,3"
2025-07-25 00:15:00,"228,71166666666696","0,0","-20,201764736103748","113,0","108,94","108,94"
2025-07-25 00:30:00,"305,923666666667","0,0","-20,83900145140272","95,1","97,69","97,69"
2025-07-25 00:45:00,"285,64166666666694","0,0303333333337774","-21,31881002771919","99,0","99,83","99,83"
2025-07-25 01:00:00,"309,9866666666669","0,0","-21,63764007965251","110,33","162,54","162,54"
2025-07-25 01:15:00,"360,7433333333336","0,0","-21,79308022647953","98,8","159,38","159,38"
2025-07-25 01:30:00,"1157,4633333333336","0,0","-21,783940521983883","92,0","152,82","152,82"
2025-07-25 01:45:00,"1447,1690000000003","0,0","-21,61029403379757","96,9","131,23","131,23"
2025-07-25 02:00:00,"306,43966666666694","0,0","-21,27347439966876","98,84","126,62","126,62"
2025-07-25 02:15:00,"283,72533333333365","0,0","-20,77602933760627","93,2","122,48","122,48"
2025-07-25 02:30:00,"231,98900000000032","0,0","-20,1216341084541","92,4","151,43","151,43"
2025-07-25 02:45:00,"368,03966666666696","0,0","-19,31497196860037","100,8","82,37","82,37"
2025-07-25 03:00:00,"289,554666666667","0,0","-18,361590256511576","97,3","97,89","97,89"
2025-07-25 03:15:00,"243,69100000000032","0,0","-17,267742671725024","92,2","84,38","84,38"
2025-07-25 03:30:00,"345,25000000000034","0,0303333333337774","-16,040227475880638","100,0","91,14","91,14"
2025-07-25 03:45:00,"225,5320000000003","0,0","-14,68622975589916","89,56","69,59","69,59"
2025-07-25 04:00:00,"220,88133333333363","0,0","-13,21317561992101","92,0","80,52","80,52"
2025-07-25 04:15:00,"284,6503333333336","0,0","-11,628602983986228","91,5","60,28","60,28"
2025-07-25 04:30:00,"310,65800000000024","0,0","-9,940051196855654","98,0","63,74","63,74"
2025-07-25 04:45:00,"334,5310000000003","0,0","-8,154971897652198","95,4","69,91","69,91"
2025-07-25 05:00:00,"344,98466666666695","0,0","-6,28066042535201","93,6","93,27","93,27"
2025-07-25 05:15:00,"189,62566666666694","0,0","-4,324205757803797","91,31","94,54","94,54"
2025-07-25 05:30:00,"244,59600000000034","0,0","-2,292458610292099","99,3","127,4","127,4"
2025-07-25 05:45:00,"331,509666666667","0,0","0,2722748805114593","111,4","125,38","125,38"
2025-07-25 06:00:00,"235,32766666666697","11,017333333333776","2,2284146956098247","103,1","125,63","125,63"
2025-07-25 06:15:00,"374,07766666666697","57,38733333333377","4,356116857260091","107,85","124,99","124,99"
2025-07-25 06:30:00,"357,53300000000024","154,26500000000044","6,578831968219251","112,6","114,96","114,96"
2025-07-25 06:45:00,"211,65466666666697","285,9480000000005","8,865534553641625","118,8","110,21","110,21"
2025-07-25 07:00:00,"284,57566666666696","459,5670000000005","11,20117501428981","125,9","92,67","92,67"
2025-07-25 07:15:00,"492,0960000000003","452,39766666666713","13,57621319731793","123,5","113,96","113,96"
2025-07-25 07:30:00,"635,2380000000005","411,2595000000007","15,98330133107906","110,6","103,93","103,93"
2025-07-25 07:45:00,"278,43266666666693","396,9206666666671","18,41615883977092","104,01","92,49","92,49"
2025-07-25 08:00:00,"430,2080000000003","640,5000000000005","20,86875108821334","140,2","91,58","91,58"
2025-07-25 08:15:00,"323,67166666666697","1229,832333333334","23,335424452153298","118,0","85,07","85,07"
2025-07-25 08:30:00,"347,548666666667","1454,6840000000002","25,810431987039948","100,37","70,72","70,72"
2025-07-25 08:45:00,"529,8843333333338","1549,2720000000004","28,287866029519904","75,09","51,9","51,9"
2025-07-25 09:00:00,"1325,3976666666672","2513,464333333334","30,761519311103594","129,96","71,59","71,59"
2025-07-25 09:15:00,"578,8286666666669","3513,897333333334","33,224734243439634","109,6","57,38","57,38"
2025-07-25 09:30:00,"483,35000000000025","3137,188000000001","35,67027640715026","83,99","48,74","48,74"
2025-07-25 09:45:00,"657,2390000000001","3600,8206666666674","38,09012638088053","67,53","46,5","46,5"
2025-07-25 10:00:00,"874,1970000000002","3328,0413333333336","40,47528511241253","114,96","62,78","62,78"
2025-07-25 10:15:00,"813,9553333333337","2566,690000000001","42,815541215275566","104,55","78,94","78,94"
2025-07-25 10:30:00,"1639,2880000000005","2279,502333333334","45,09917915781988","80,7","78,38","78,38"
2025-07-25 10:45:00,"512,1260000000003","2204,559333333334","47,31273591142812","64,7","103,54","103,54"
2025-07-25 11:00:00,"1541,0880000000002","2061,638000000001","49,44048642147504","101,92","139,04","139,04"
2025-07-25 11:15:00,"1071,5873333333336","1701,8973333333338","51,46439921785435","76,3","132,05","132,05"
2025-07-25 11:30:00,"633,3766666666669","1706,283666666667","53,3636723778053","75,9","148,14","148,14"
2025-07-25 11:45:00,"811,560666666667","1785,9660000000008","55,11466087078225","82,44","174,85","174,85"
2025-07-25 12:00:00,"773,3933333333337","2024,8006666666672","56,691017591962606","87,7","139,98","139,98"
2025-07-25 12:15:00,"3375,664666666667","2160,6750000000006","58,06427061488908","85,9","134,85","134,85"
2025-07-25 12:30:00,"3390,8160000000007","2302,7030000000004","59,20502327556049","79,96","148,25","148,25"
2025-07-25 12:45:00,"1542,344","2986,582000000001","60,08486230689584","72,44","129,45","129,45"
2025-07-25 13:00:00,"625,6740000000004","2469,9123333333346","60,67892460256173","77,7","102,1","102,1"
2025-07-25 13:15:00,"699,6640000000003","2998,5383333333343","60,96875271012937","76,74","68,34","68,34"
2025-07-25 13:30:00,"624,8410000000003","2759,269666666668","60,94479190260662","74,92","48,55","48,55"
2025-07-25 13:45:00,"677,4753333333337","1839,5656666666675","60,60788897065956","69,9","31,13","31,13"
2025-07-25 14:00:00,"803,237666666667","2368,253333333334","59,96889300347218","64,96","44,33","44,33"
2025-07-25 14:15:00,"714,0913333333336","3684,602333333334","59,047449851169496","77,44","26,9","26,9"
2025-07-25 14:30:00,"944,1863333333336","4833,282666666668","57,8691179663435","74,94","19,99","19,99"
2025-07-25 14:45:00,"771,0943333333337","1908,775666666668","56,46259177528045","74,93","35,3","35,3"
2025-07-25 15:00:00,"721,8756666666669","1730,3006666666677","54,85722062996976","51,19","96,12","96,12"
2025-07-25 15:15:00,"687,8580000000003","2660,8193333333343","53,08121164921746","77,45","71,54","71,54"
2025-07-25 15:30:00,"646,8206666666671","2594,9820000000013","51,16051312577896","79,95","98,15","98,15"
2025-07-25 15:45:00,"569,2470000000003","2028,102000000001","49,11833500201929","84,92","81,15","81,15"
2025-07-25 16:00:00,"595,3403333333335","2053,768000000001","46,9750488505268","64,04","78,17","78,17"
2025-07-25 16:15:00,"629,039666666667","3273,0113333333343","44,74834186605927","82,41","103,53","103,53"
2025-07-25 16:30:00,"644,961666666667","4768,775666666667","42,45350069189601","83,2","121,32","121,32"
2025-07-25 16:45:00,"712,0026666666669","4617,657666666668","40,10389366151824","95,9","169,86","169,86"
2025-07-25 17:00:00,"646,2213333333336","4262,268000000002","37,71068018592089","59,6","121,9","121,9"
2025-07-25 17:15:00,"535,4906666666669","2277,588666666668","35,28401339917064","75,7","195,66","195,66"
2025-07-25 17:30:00,"607,8073333333336","2183,891666666668","32,83272434664911","99,18","144,43","144,43"
2025-07-25 17:45:00,"692,3800000000003","1604,3390000000013","30,36469703427605","117,1","147,61","147,61"
2025-07-25 18:00:00,"564,194666666667","1346,1456666666677","27,88706924826712","56,21","119,83","119,83"
2025-07-25 18:15:00,"698,9883333333337","1308,3940000000014","25,406412262879925","87,5","118,82","118,82"
2025-07-25 18:30:00,"552,9970000000003","1372,887666666668","22,92886939361722","109,8","137,68","137,68"
2025-07-25 18:45:00,"200,14633333333362","1217,2630000000015","20,46030962961885","144,96","138,39","138,39"
2025-07-25 19:00:00,"331,2653333333336","804,9340000000012","18,00646130652098","80,03","139,11","139,11"
2025-07-25 19:15:00,"328,47466666666696","969,042666666668","15,57302886855106","98,83","148,09","148,09"
2025-07-25 19:30:00,"469,2080000000003","943,6300000000014","13,165985360092783","117,1","136,04","136,04"
2025-07-25 19:45:00,"431,11033333333364","257,46166666666807","10,79232588495131","140,4","129,7","129,7"
2025-07-25 20:00:00,"529,4480000000002","199,6230000000014","8,458793041954376","129,9","79,86","79,86"
2025-07-25 20:15:00,"440,89333333333366","249,7693333333348","6,176063975169274","123,5","76,95","76,95"
2025-07-25 20:30:00,"391,2046666666669","131,66666666666808","3,961114403038026","123,6","94,11","94,11"
2025-07-25 20:45:00,"562,6273333333337","4,653666666668054","1,851039256860007","120,7","129,87","129,87"
2025-07-25 21:00:00,"571,8863333333336","0,0","-0,0664391203909848","142,45","131,53","131,53"
2025-07-25 21:15:00,"770,2025000000006","0,0","-2,69313900719079","130,1","116,54","116,54"
2025-07-25 21:30:00,"2125,311666666667","0,0","-4,720754034662794","117,9","134,41","134,41"
2025-07-25 21:45:00,"744,7830000000004","0,0","-6,672352223934111","109,0","82,04","82,04"
2025-07-25 22:00:00,"729,7210000000002","0,0","-8,54103416442328","130,4","143,41","143,41"
2025-07-25 22:15:00,"419,490666666667","0,0606666666680544","-10,31966030291507","112,7","106,06","106,06"
2025-07-25 22:30:00,"543,783666666667","0,0","-12,000885308134004","109,67","143,07","143,07"
2025-07-25 22:45:00,"517,5153333333336","0,0","-13,577209501935826","106,2","161,94","161,94"
2025-07-25 23:00:00,"372,1823333333336","0,0","-15,041050024386571","123,4","138,83","138,83"
2025-07-25 23:15:00,"434,10266666666695","0,0","-16,38483343153042","112,96","138,19","138,19"
2025-07-25 23:30:00,"543,912666666667","0,0303333333347211","-17,60110855338367","97,8","137,08","137,08"
2025-07-25 23:45:00,"437,67966666666695","0,0","-18,682679011149123","90,0","143,12","143,12"
2025-07-26 00:00:00,"338,13866666666695","0,0","-19,622752574697348","106,05","91,77","91,77"
2025-07-26 00:15:00,"376,0103333333336","0,0","-20,41510113499263","110,1","64,77","64,77"
2025-07-26 00:30:00,"299,8230000000003","0,0","-21,054224631451405","102,2","66,5","66,5"
2025-07-26 00:45:00,"221,71233333333362","0,0","-21,53551008632756","96,5","54,97","54,97"
2025-07-26 01:00:00,"338,2390000000003","0,0","-21,85537501511589","102,3","78,06","78,06"
2025-07-26 01:15:00,"404,81166666666695","0,0","-22,01138552384228","108,1","121,03","121,03"
2025-07-26 01:30:00,"219,77533333333366","0,0","-22,00233999806956","91,9","72,27","72,27"
2025-07-26 01:45:00,"200,93100000000027","0,0606666666680544","-21,82831134614856","97,4","84,35","84,35"
2025-07-26 02:00:00,"347,4010000000003","0,0303333333347211","-21,490644548738032","98,2","127,82","127,82"
2025-07-26 02:15:00,"264,36466666666695","0,0303333333347211","-20,991909492564204","94,1","84,15","84,15"
2025-07-26 02:30:00,"195,902666666667","0,0303333333347211","-20,335813167216987","102,6","95,55","95,55"
2025-07-26 02:45:00,"398,67466666666695","0,0","-19,527078403755024","94,57","88,53","88,53"
2025-07-26 03:00:00,"310,7790000000003","0,0","-18,571297977948944","98,8","110,3","110,3"
2025-07-26 03:15:00,"228,34666666666695","0,0","-17,474774823893412","93,2","129,46","129,46"
2025-07-26 03:30:00,"242,6450000000003","0,0303333333347211","-16,244358258554225","100,6","156,69","156,69"
2025-07-26 03:45:00,"272,466666666667","0,0","-14,887284486067186","96,41","185,66","185,66"
2025-07-26 04:00:00,"239,65066666666698","0,0","-13,411029343993931","96,63","163,41","163,41"
2025-07-26 04:15:00,"249,63366666666698","0,0","-11,823177986250606","96,63","149,22","149,22"
2025-07-26 04:30:00,"367,9390000000003","0,0","-10,131313751110588","103,2","105,01","105,01"
2025-07-26 04:45:00,"335,986666666667","0,0","-8,342928585784621","93,5","120,22","120,22"
2025-07-26 05:00:00,"154,1340000000003","0,0","-6,465354297346317","102,9","82,62","82,62"
2025-07-26 05:15:00,"261,12600000000026","0,0","-4,505712552584373","98,18","80,3","80,3"
2025-07-26 05:30:00,"285,8820000000003","0,0303333333347211","-2,470883208504313","93,0","74,24","74,24"
2025-07-26 05:45:00,"214,76800000000028","0,0","0,1282518153137986","93,4","76,75","76,75"
2025-07-26 06:00:00,"352,78633333333363","8,60933333333472","2,069838154248043","102,1","98,44","98,44"
2025-07-26 06:15:00,"411,88466666666693","27,34233333333472","4,193091989533929","98,68","118,2","118,2"
2025-07-26 06:30:00,"626,9995000000001","31,27400000000104","6,415360048444914","92,7","100,3","100,3"
2025-07-26 06:45:00,"3567,8956666666672","64,12700000000139","8,702890137048298","87,2","87,79","87,79"
2025-07-26 07:00:00,"645,9890000000003","116,80866666666806","11,039750205264452","106,2","154,31","154,31"
2025-07-26 07:15:00,"358,34333333333365","187,67966666666808","13,416067037950295","100,13","137,84","137,84"
2025-07-26 07:30:00,"572,8316666666669","272,48366666666806","15,824331170397729","91,1","116,03","116,03"
2025-07-26 07:45:00,"341,3070000000003","370,6840000000014","18,25812250104139","77,59","109,04","109,04"
2025-07-26 08:00:00,"810,844666666667","598,313666666668","20,711462703863987","117,4","99,8","99,8"
2025-07-26 08:15:00,"556,3140000000003","674,6886666666679","23,17860929155936","98,4","139,29","139,29"
2025-07-26 08:30:00,"428,8700000000003","800,4976666666681","25,65377966658397","82,1","75,81","75,81"
2025-07-26 08:45:00,"349,11233333333365","651,1306666666682","28,13103607724493","70,1","65,8","65,8"
2025-07-26 09:00:00,"384,083666666667","327,68133333333475","30,604141870703888","102,8","129,5","129,5"
2025-07-26 09:15:00,"1278,1650000000004","358,9706666666681","33,06641841822547","91,9","107,38","107,38"
2025-07-26 09:30:00,"571,265666666667","313,8560000000014","35,51059092766192","82,6","115,34","115,34"
2025-07-26 09:45:00,"282,87033333333363","365,6026666666681","37,92860969932449","71,7","94,53","94,53"
2025-07-26 10:00:00,"1416,7613333333338","452,0176666666681","40,31144601946479","93,42","136,28","136,28"
2025-07-26 10:15:00,"302,36666666666696","696,5283333333347","42,64885511474172","79,3","122,87","122,87"
2025-07-26 10:30:00,"267,65533333333366","663,029666666668","44,92910706495382","71,9","71,01","71,01"
2025-07-26 10:45:00,"334,810666666667","878,815666666668","47,13868802828048","52,8","49,19","49,19"
2025-07-26 11:00:00,"303,7155000000005","824,3840000000021","49,26196396182946","89,95","69,34","69,34"
2025-07-26 11:15:00,"242,16000000000028","581,1780000000014","51,28088291827311","64,3","99,19","99,19"
2025-07-26 11:30:00,"326,527666666667","487,76833333333474","53,1747213173609","57,51","69,87","69,87"
2025-07-26 11:45:00,"365,61000000000024","666,5660000000014","54,91995792375329","46,0","81,3","81,3"
2025-07-26 12:00:00,"304,8280000000003","698,350666666668","56,4904358211788","71,3","58,66","58,66"
2025-07-26 12:15:00,"240,49233333333365","918,8620000000012","57,857953357328526","60,4","61,74","61,74"
2025-07-26 12:30:00,"324,8803333333337","1086,4623333333348","58,99344454087953","59,13","41,59","41,59"
2025-07-26 12:45:00,"282,955666666667","1199,969666666668","59,86887924634972","43,1","29,51","29,51"
2025-07-26 13:00:00,"364,846666666667","2168,0416666666683","60,459774819156245","65,75","34,48","34,48"
2025-07-26 13:15:00,"511,97300000000035","2733,553666666668","60,74797956524841","55,4","83,47","83,47"
2025-07-26 13:30:00,"400,1943333333337","1974,082666666668","60,72411098803572","36,1","53,16","53,16"
2025-07-26 13:45:00,"243,89133333333365","1665,5890000000015","60,38897789272973","37,1","43,88","43,88"
2025-07-26 14:00:00,"325,1363333333337","1710,8756666666682","59,75329442520616","37,7","53,02","53,02"
2025-07-26 14:15:00,"355,7060000000003","1645,3470000000011","58,83635228644399","46,7","53,32","53,32"
2025-07-26 14:30:00,"255,22700000000032","1531,7703333333347","57,66332429032836","45,33","57,9","57,9"
2025-07-26 14:45:00,"372,2740000000003","1106,3333333333346","56,26252656367298","52,6","55,43","55,43"
2025-07-26 15:00:00,"437,0513333333337","1769,677333333335","54,66298173206507","42,5","46,8","46,8"
2025-07-26 15:15:00,"302,7603333333336","1783,6413333333348","52,89263093399065","52,6","71,03","71,03"
2025-07-26 15:30:00,"307,18133333333367","1550,555666666668","50,97725262598065","62,8","91,15","91,15"
2025-07-26 15:45:00,"381,7290000000004","1185,3223333333349","48,93994094521822","72,5","101,86","101,86"
2025-07-26 16:00:00,"230,43033333333366","1120,454000000001","46,801002257537455","45,2","59,67","59,67"
2025-07-26 16:15:00,"308,0053333333337","1135,7386666666682","44,57809534891418","56,6","58,99","58,99"
2025-07-26 16:30:00,"396,79933333333366","1029,6953333333347","42,286503503026","83,42","62,85","62,85"
2025-07-26 16:45:00,"330,79233333333366","835,4946666666682","39,93944810192252","109,98","61,23","61,23"
2025-07-26 17:00:00,"321,98200000000037","715,2426666666681","37,54841757536179","64,2","102,6","102,6"
2025-07-26 17:15:00,"310,31633333333366","685,0963333333349","35,12344322775724","80,3","91,99","91,99"
2025-07-26 17:30:00,"234,37666666666698","745,1560000000015","32,673385872581306","98,5","90,61","90,61"
2025-07-26 17:45:00,"271,050666666667","620,497333333335","30,20615917090946","112,2","52,25","52,25"
2025-07-26 18:00:00,"314,67433333333366","507,7840000000015","27,72893003732359","57,58","62,18","62,18"
2025-07-26 18:15:00,"271,023666666667","563,5506666666682","25,248279791234","87,0","96,12","96,12"
2025-07-26 18:30:00,"331,59400000000034","430,2146666666681","22,770393459451263","110,3","119,06","119,06"
2025-07-26 18:45:00,"261,19833333333366","319,9496666666681","20,301166847042417","141,6","114,12","114,12"
2025-07-26 19:00:00,"898,478666666667","274,9390000000015","17,84635670342014","81,67","114,78","114,78"
2025-07-26 19:15:00,"3694,668333333334","150,30400000000145","15,411727422274945","105,0","123,4","123,4"
2025-07-26 19:30:00,"1657,5520000000001","46,67000000000148","13,003279558762276","116,3","129,76","129,76"
2025-07-26 19:45:00,"325,47266666666695","4,142333333334814","10,62824150530401","142,44","123,64","123,64"
2025-07-26 20:00:00,"417,4350000000003","7,81800000000148","8,293256105921573","127,43","110,17","110,17"
2025-07-26 20:15:00,"388,947666666667","4,668666666668147","6,009430345410764","118,8","100,84","100,84"
2025-07-26 20:30:00,"203,09233333333364","0,1820000000014803","3,794734340572085","121,0","106,95","106,95"
2025-07-26 20:45:00,"328,75833333333367","0,0","1,6893772942248635","124,96","105,28","105,28"
2025-07-26 21:00:00,"301,1543333333337","0,0","-0,2155568780812563","134,91","91,32","91,32"
2025-07-26 21:15:00,"182,50366666666696","0,0","-2,8744491364964717","105,92","97,75","97,75"
2025-07-26 21:30:00,"312,0750000000003","0,0","-4,90531313057172","115,7","101,45","101,45"
2025-07-26 21:45:00,"415,495666666667","0,0","-6,860268577413849","109,3","87,76","87,76"
2025-07-26 22:00:00,"274,4770000000003","0,0603333333348136","-8,732386280850001","118,18","89,92","89,92"
2025-07-26 22:15:00,"268,63000000000034","0,0","-10,514493159553668","112,6","83,74","83,74"
2025-07-26 22:30:00,"283,7993333333336","0,0","-12,19920637529821","107,2","59,83","59,83"
2025-07-26 22:45:00,"177,35833333333363","0,0","-13,77898470301602","100,9","57,89","57,89"
2025-07-26 23:00:00,"280,305666666667","0,0","-15,246199869393667","113,51","67,21","67,21"
2025-07-26 23:15:00,"351,61000000000024","0,0610000000014803","-16,593229613668523","105,0","95,97","95,97"
2025-07-26 23:30:00,"294,09400000000034","0,0","-17,81257134582913","99,0","85,59","85,59"
2025-07-26 23:45:00,"275,50700000000035","0,0","-18,89697583027072","93,2","78,34","78,34"
2025-07-27 00:00:00,"265,23266666666694","0,0","-19,83959807188001","108,6","105,33","105,33"
2025-07-27 00:15:00,"222,27466666666697","0,0","-20,63415913422348","105,8","90,59","90,59"
2025-07-27 00:30:00,"282,0783333333336","0,0","-21,27511213687449","97,54","85,38","85,38"
2025-07-27 00:45:00,"260,30433333333366","0,0603333333348136","-21,757803443240427","95,0","87,14","87,14"
2025-07-27 01:00:00,"264,4990000000003","0,0","-22,078618127157643","106,5","78,49","78,49"
2025-07-27 01:15:00,"399,5460000000004","0,0","-22,23509983302481","102,3","72,34","72,34"
2025-07-27 01:30:00,"310,086666666667","0,0","-22,22603574970864","97,2","60,47","60,47"
2025-07-27 01:45:00,"244,5550000000003","0,0","-22,05149951478169","89,2","49,64","49,64"
2025-07-27 02:00:00,"251,91133333333366","0,0606666666681469","-21,712848725202377","104,6","79,47","79,47"
2025-07-27 02:15:00,"279,9333333333336","0,0","-21,21267703641088","98,8","68,82","68,82"
2025-07-27 02:30:00,"168,0443333333336","0,0","-20,554725014442557","95,1","59,86","59,86"
2025-07-27 02:45:00,"329,2993333333336","0,0603333333348136","-19,743757070622436","85,14","66,72","66,72"
2025-07-27 03:00:00,"411,5776666666669","0,0","-18,785413488219127","94,21","89,92","89,92"
2025-07-27 03:15:00,"194,69600000000028","0,0","-17,686048485839148","96,5","85,94","85,94"
2025-07-27 03:30:00,"238,86366666666694","0,0","-16,45256439140343","93,8","80,5","80,5"
2025-07-27 03:45:00,"256,98566666666693","0,0","-15,09225033299928","91,2","97,57","97,57"
2025-07-27 04:00:00,"176,12600000000032","0,0","-13,612633496152489","89,7","93,72","93,72"
2025-07-27 04:15:00,"301,8423333333336","0,0","-12,021347684242096","94,4","99,38","99,38"
2025-07-27 04:30:00,"327,83000000000027","0,0","-10,32602142570598","95,2","78,31","78,31"
2025-07-27 04:45:00,"264,64066666666696","0,0","-8,534187972607308","94,7","73,95","73,95"
2025-07-27 05:00:00,"277,2990000000003","0,0603333333348136","-6,653216408770618","97,6","96,67","96,67"
2025-07-27 05:15:00,"246,35266666666698","0,0","-4,690261735074033","94,6","97,84","97,84"
2025-07-27 05:30:00,"221,04000000000033","0,0","-2,652233455398532","93,6","93,38","93,38"
2025-07-27 05:45:00,"280,2540000000003","0,0","-0,0244042341969116","86,96","99,65","99,65"
2025-07-27 06:00:00,"230,84433333333365","0,0","1,9052870706810443","106,5","97,81","97,81"
2025-07-27 06:15:00,"329,9983333333336","7,1140000000014805","4,025094103110769","97,7","100,24","100,24"
2025-07-27 06:30:00,"383,2503333333337","50,21033333333482","6,247568487510227","84,54","89,87","89,87"
2025-07-27 06:45:00,"276,61366666666703","155,9093333333348","8,536371521232542","72,0","68,83","68,83"
2025-07-27 07:00:00,"226,73933333333363","277,01333333333486","10,87476789922131","114,96","73,13","73,13"
2025-07-27 07:15:00,"431,08800000000036","266,5456666666682","13,252585010241624","89,8","100,2","100,2"
2025-07-27 07:30:00,"1531,8490000000004","148,86566666666815","15,66219214056785","73,74","48,68","48,68"
2025-07-27 07:45:00,"239,33500000000043","648,1243333333349","18,097176830859983","68,3","53,15","53,15"
2025-07-27 08:00:00,"391,21766666666707","919,0850000000016","20,55134616269247","119,94","27,83","27,83"
2025-07-27 08:15:00,"370,7686666666671","1237,0736666666685","23,019021677745997","94,9","27,27","27,27"
2025-07-27 08:30:00,"250,79933333333375","1104,5633333333346","25,4943888747995","66,1","33,59","33,59"
2025-07-27 08:45:00,"263,2286666666671","414,67733333333473","27,971481627296782","45,96","37,17","37,17"
2025-07-27 09:00:00,"235,30866666666714","1263,973666666668","30,44403492228273","98,81","55,09","55,09"
2025-07-27 09:15:00,"323,95133333333376","1883,4396666666685","32,905334143109485","84,9","46,07","46,07"
2025-07-27 09:30:00,"335,4660000000004","1545,135666666668","35,34808253771927","65,7","28,73","28,73"
2025-07-27 09:45:00,"311,52166666666716","1076,745333333335","37,76419962171645","41,9","22,28","22,28"
2025-07-27 10:00:00,"352,6650000000005","916,4276666666682","40,14462648212469","75,13","97,75","97,75"
2025-07-27 10:15:00,"308,42066666666705","1353,6493333333349","42,47909445769631","70,0","16,36","16,36"
2025-07-27 10:30:00,"257,73733333333377","1884,981666666668","44,75584728553321","64,91","2,56","2,56"
2025-07-27 10:45:00,"347,95766666666714","1705,8706666666685","46,9613748016633","36,7","-5,39","-5,39"
2025-07-27 11:00:00,"353,4363333333337","2313,218000000001","49,08001959062946","84,95","-10,26","-10,26"
2025-07-27 11:15:00,"300,06066666666715","3949,809666666669","51,09377804523216","59,99","-25,35","-25,35"
2025-07-27 11:30:00,"496,87066666666715","3399,456000000001","52,9819979468208","54,94","-40,35","-40,35"
2025-07-27 11:45:00,"401,65000000000043","2139,969666666668","54,721283825559965","40,08","-44,49","-44,49"
2025-07-27 12:00:00,"275,68100000000044","3758,2430000000018","56,28567153262773","74,92","-18,48","-18,48"
2025-07-27 12:15:00,"242,25733333333378","2451,322000000001","57,64722617448797","53,11","-1,26","-1,26"
2025-07-27 12:30:00,"183,0553333333338","4096,169000000001","58,777223107399735","39,96","-1,09","-1,09"
2025-07-27 12:45:00,"122,37833333333377","3503,6313333333346","59,648018931828055","34,99","0,87","0,87"
2025-07-27 13:00:00,"244,02266666666708","2098,825333333335","60,23551549536544","31,0","-6,83","-6,83"
2025-07-27 13:15:00,"1500,1270000000002","926,6940000000016","60,52187535769083","25,16","-8,67","-8,67"
2025-07-27 13:30:00,"2797,813","1718,6953333333347","60,49789062899232","19,4","-9,8","-9,8"
2025-07-27 13:45:00,"395,95866666666706","3989,525333333335","60,16437407337353","11,6","-12,37","-12,37"
2025-07-27 14:00:00,"185,6893333333338","3228,3986666666674","59,53183374672263","20,1","-11,68","-11,68"
2025-07-27 14:15:00,"149,53200000000044","2124,326666666668","58,61924978191628","18,9","-3,51","-3,51"
2025-07-27 14:30:00,"266,2486666666671","4174,084000000002","57,45141556651408","19,97","26,8","26,8"
2025-07-27 14:45:00,"217,95350000000067","2395,5290000000014","56,05626742420745","22,77","27,46","27,46"
2025-07-27 15:00:00,"199,69600000000042","185,48866666666785","54,46249723942954","20,0","6,82","6,82"
2025-07-27 15:15:00,"310,2256666666671","338,53366666666784","52,6977927083603","24,9","24,54","24,54"
2025-07-27 15:30:00,"186,1126666666671","432,9970000000012","50,787740872529554","31,1","14,53","14,53"
2025-07-27 15:45:00,"183,19066666666708","447,2890000000013","48,75531467317595","59,94","6,74","6,74"
2025-07-27 16:00:00,"223,40133333333378","528,0690000000012","46,62075051630677","20,0","-6,96","-6,96"
2025-07-27 16:15:00,"186,77366666666708","913,4050000000012","44,40167422566614","39,91","-15,92","-15,92"
2025-07-27 16:30:00,"185,34766666666712","1296,9310000000012","42,11336307240092","49,99","118,0","118,0"
2025-07-27 16:45:00,"278,21266666666713","1287,3710000000012","39,7690400192933","112,94","101,13","101,13"
2025-07-27 17:00:00,"259,4150000000005","1759,0336666666678","37,38021627812793","39,79","93,55","93,55"
2025-07-27 17:15:00,"154,8336666666671","3746,0366666666673","34,9569670950586","59,95","93,14","93,14"
2025-07-27 17:30:00,"219,70166666666714","4014,8623333333344","32,508169399942595","74,96","99,51","99,51"
2025-07-27 17:45:00,"149,0090000000004","3403,548000000001","30,041765802591804","114,96","49,15","49,15"
2025-07-27 18:00:00,"183,25200000000044","4023,025333333334","27,56495179380256","55,2","37,1","37,1"
2025-07-27 18:15:00,"212,8623333333338","3222,717666666668","25,08434300910317","78,9","7,16","7,16"
2025-07-27 18:30:00,"263,5683333333338","2410,685000000001","22,606146905184072","101,5","68,55","68,55"
2025-07-27 18:45:00,"205,23700000000045","2163,430000000001","20,136287486662447","136,36","109,02","109,02"
2025-07-27 19:00:00,"230,6706666666671","664,3333333333344","17,68055210734579","66,36","99,98","99,98"
2025-07-27 19:15:00,"195,26200000000046","317,1000000000012","15,244749729880509","89,9","131,35","131,35"
2025-07-27 19:30:00,"252,14900000000046","184,2943333333345","12,834926844873996","117,6","147,54","147,54"
2025-07-27 19:45:00,"347,46933333333385","157,5760000000012","10,457997216020358","144,7","118,21","118,21"
2025-07-27 20:00:00,"190,53266666666713","214,45166666666785","8,12136637043288","84,5","91,45","91,45"
2025-07-27 20:15:00,"336,8756666666671","165,62933333333453","5,836284399133197","107,5","100,68","100,68"
2025-07-27 20:30:00,"324,1550000000004","51,11833333333452","3,621663419761066","112,0","113,14","113,14"
2025-07-27 20:45:00,"232,31133333333375","6,291666666667851","1,5209545134449554","124,8","100,0","100,0"
2025-07-27 21:00:00,"310,7440000000005","0,0","-0,958216970678132","124,2","100,35","100,35"
2025-07-27 21:15:00,"386,2596666666671","0,0","-3,061452755236361","113,5","138,39","138,39"
2025-07-27 21:30:00,"743,2590000000005","0,0","-5,095583012134213","103,5","141,99","141,99"
2025-07-27 21:45:00,"541,9553333333338","0,0","-7,053912839774441","95,8","154,43","154,43"
2025-07-27 22:00:00,"522,2563333333337","0,0","-8,929482405176785","119,5","68,06","68,06"
2025-07-27 22:15:00,"568,8370000000003","0,0","-10,7150841387158","113,0","61,45","61,45"
2025-07-27 22:30:00,"438,69533333333385","0,0","-12,40329662392966","97,1","74,05","74,05"
2025-07-27 22:45:00,"523,8313333333338","0,0","-13,986535910380155","89,1","91,23","91,23"
2025-07-27 23:00:00,"380,2010000000005","0,0","-15,457127035845025","105,5","81,84","81,84"
2025-07-27 23:15:00,"302,91200000000043","0,0","-16,807397573150038","97,4","70,01","70,01"
2025-07-27 23:30:00,"347,0046666666671","0,0606666666678509","-18,029792123018847","90,9","72,62","72,62"
2025-07-27 23:45:00,"249,92100000000042","0,0","-19,117007209319038","86,56","56,29","56,29"
2025-07-28 00:00:00,"181,83833333333376","0,0","-20,06214375476092","101,1","74,2","74,2"
2025-07-28 00:15:00,"258,2920000000004","0,0","-20,8588708138559","96,5","78,68","78,68"
2025-07-28 00:30:00,"223,27000000000044","0,0603333333345175","-21,501593716582597","88,5","77,37","77,37"
2025-07-28 00:45:00,"295,2446666666671","0,0","-21,9856174842562","83,8","79,03","79,03"
2025-07-28 01:00:00,"288,14700000000045","0,0","-22,30729441867301","99,4","109,81","109,81"
2025-07-28 01:15:00,"255,42366666666712","0,0","-22,464145774950605","94,4","81,69","81,69"
2025-07-28 01:30:00,"334,7433333333338","0,0","-22,45494804531685","89,1","56,85","56,85"
2025-07-28 01:45:00,"236,89266666666708","0,0","-22,279776520547006","80,82","49,24","49,24"
2025-07-28 02:00:00,"224,49100000000044","0,0","-21,940002727922263","92,4","91,1","91,1"
2025-07-28 02:15:00,"344,4630000000005","0,0","-21,438245734723644","81,42","96,73","96,73"
2025-07-28 02:30:00,"251,09433333333376","0,0","-20,77828157392748","81,22","36,78","36,78"
2025-07-28 02:45:00,"196,9626666666671","0,0","-19,96491828187501","88,3","32,43","32,43"
2025-07-28 03:00:00,"343,4206666666671","0,0603333333345175","-19,00384575375529","93,8","98,69","98,69"
2025-07-28 03:15:00,"314,5560000000006","0,0","-17,901471568349276","88,2","56,98","56,98"
2025-07-28 03:30:00,"208,42333333333374","0,0","-16,664753038136595","85,8","63,74","63,74"
2025-07-28 03:45:00,"264,8843333333337","0,0","-15,301034029131204","74,68","65,83","65,83"
2025-07-28 04:00:00,"283,4720000000004","0,0","-13,817894694000854","89,9","62,89","62,89"
2025-07-28 04:15:00,"194,1806666666671","0,0","-12,223018889783502","87,0","58,89","58,89"
2025-07-28 04:30:00,"271,2536666666671","0,0","-10,52408152223782","86,7","65,8","65,8"
2025-07-28 04:45:00,"324,00933333333376","0,0606666666678509","-8,72865812630282","75,61","77,8","77,8"
2025-07-28 05:00:00,"252,56566666666708","0,0","-6,844155851084906","78,0","81,45","81,45"
2025-07-28 05:15:00,"267,8373333333338","0,0","-4,877763652715407","84,8","93,28","93,28"
2025-07-28 05:30:00,"217,1610000000004","0,0","-2,836421163509159","90,43","83,38","83,38"
2025-07-28 05:45:00,"1388,4250000000004","0,0","-0,1760828795718393","101,9","37,19","37,19"
2025-07-28 06:00:00,"1471,9243333333338","1,6423333333345176","1,7407827208504667","88,6","110,91","110,91"
2025-07-28 06:15:00,"793,4893333333338","9,188333333334516","3,855896687749572","103,2","68,58","68,58"
2025-07-28 06:30:00,"390,62200000000047","13,209000000001184","6,078114730115969","114,8","75,98","75,98"
2025-07-28 06:45:00,"394,3236666666671","34,12966666666786","8,36799195797015","115,79","76,65","76,65"
2025-07-28 07:00:00,"264,96833333333376","60,51366666666785","10,707827305229152","129,92","59,75","59,75"
2025-07-28 07:15:00,"846,1406666666672","107,46600000000116","13,087084847861426","110,0","66,45","66,45"
2025-07-28 07:30:00,"3427,2896666666666","99,53266666666786","15,497995934293844","112,89","73,46","73,46"
2025-07-28 07:45:00,"711,9163333333337","153,75066666666785","17,93408688118172","109,8","77,17","77,17"
2025-07-28 08:00:00,"340,0600000000003","189,6326666666678","20,38908616616172","134,96","78,17","78,17"
2025-07-28 08:15:00,"410,42466666666695","107,99666666666783","22,857266156480577","114,3","55,49","55,49"
2025-07-28 08:30:00,"274,6060000000003","208,4810000000012","25,332797879914565","96,1","53,62","53,62"
2025-07-28 08:45:00,"465,583666666667","445,7723333333345","27,809685203577832","73,77","48,75","48,75"
2025-07-28 09:00:00,"921,5733333333337","702,0036666666679","30,28163345183621","129,94","48,93","48,93"
2025-07-28 09:15:00,"799,6650000000004","609,0193333333345","32,74191386015433","108,9","45,95","45,95"
2025-07-28 09:30:00,"671,6790000000002","640,2470000000012","35,183179742493344","92,38","24,87","24,87"
2025-07-28 09:45:00,"500,2356666666669","948,3893333333344","37,597319653684266","67,2","11,21","11,21"
2025-07-28 10:00:00,"500,35333333333364","1278,8613333333344","39,9752442393138","113,2","50,91","50,91"
2025-07-28 10:15:00,"463,2486666666669","773,5466666666679","42,30664958268957","92,6","17,92","17,92"
2025-07-28 10:30:00,"986,6523333333336","1233,1700000000012","44,57976579461898","79,4","38,74","38,74"
2025-07-28 10:45:00,"439,59700000000026","1207,513666666668","46,781108673737606","62,3","41,31","41,31"
2025-07-28 11:00:00,"440,94166666666683","713,9480000000011","48,89494603387456","109,98","-8,67","-8,67"
2025-07-28 11:15:00,"414,96833333333353","298,5306666666679","50,90335025450101","78,5","-6,9","-6,9"
2025-07-28 11:30:00,"637,2676666666669","654,4733333333346","52,78574499874805","66,1","-3,31","-3,31"
2025-07-28 11:45:00,"493,8996666666669","1008,1106666666676","54,5188622345479","50,3","48,28","48,28"
2025-07-28 12:00:00,"2393,9350000000004","1313,369000000001","56,076932844577065","93,92","63,11","63,11"
2025-07-28 12:15:00,"2508,826333333334","945,6370000000012","57,43229392901737","68,4","145,7","145,7"
2025-07-28 12:30:00,"2364,7470000000003","1122,2736666666676","58,556562417855055","59,7","99,53","99,53"
2025-07-28 12:45:00,"1741,1990000000005","1120,2770000000014","59,42248487386403","46,5","54,71","54,71"
2025-07-28 13:00:00,"393,99166666666713","886,8843333333346","60,00635123941468","71,6","104,13","104,13"
2025-07-28 13:15:00,"528,8383333333337","944,9076666666678","60,29064746002853","61,6","89,09","89,09"
2025-07-28 13:30:00,"497,36000000000047","1524,005000000001","60,26634103684729","48,37","40,49","40,49"
2025-07-28 13:45:00,"288,1886666666671","1226,0653333333344","59,93425424960612","49,9","16,01","16,01"
2025-07-28 14:00:00,"475,6500000000005","2098,983000000001","59,30469603039733","45,8","-9,69","-9,69"
2025-07-28 14:15:00,"537,4800000000005","2889,7343333333347","58,396343672222784","42,0","-3,3","-3,3"
2025-07-28 14:30:00,"431,8806666666671","2520,6683333333344","57,23361098737592","40,1","-6,34","-6,34"
2025-07-28 14:45:00,"561,0180000000005","1962,624000000001","55,8440540123469","52,96","-0,3","-0,3"
2025-07-28 15:00:00,"461,76066666666713","2117,786666666668","54,25603085641705","27,7","9,39","9,39"
2025-07-28 15:15:00,"336,2300000000005","2228,150666666668","52,49695174507116","34,5","16,11","16,11"
2025-07-28 15:30:00,"479,46966666666714","2130,8746666666675","50,59222375091166","40,0","24,6","24,6"
2025-07-28 15:45:00,"388,2200000000005","1814,926666666668","48,56469301060561","72,56","14,34","14,34"
2025-07-28 16:00:00,"303,93500000000046","1550,014000000001","46,434520921001415","21,0","7,24","7,24"
2025-07-28 16:15:00,"454,6370000000004","1426,5580000000011","44,21931626924207","37,33","-6,49","-6,49"
2025-07-28 16:30:00,"622,126666666667","1472,613000000001","41,934329809319486","45,1","3,24","3,24"
2025-07-28 16:45:00,"402,4076666666671","2483,444000000001","39,592958038176434","107,46","56,73","56,73"
2025-07-28 17:00:00,"514,7263333333337","1846,758000000001","37,20641598267032","30,7","44,63","44,63"
2025-07-28 17:15:00,"376,32750000000067","1572,0355000000015","34,78494913996734","54,9","92,11","92,11"
2025-07-28 17:30:00,"304,1250000000004","2272,327000000001","32,337467248090825","71,6","112,36","112,36"
2025-07-28 17:45:00,"293,0770000000004","2386,2173333333344","29,87194184314203","133,14","-9,1","-9,1"
2025-07-28 18:00:00,"246,20566666666707","1540,4506666666678","27,395597391950204","44,58","-1,98","-1,98"
2025-07-28 18:15:00,"409,0280000000004","1745,346000000001","24,91503421080525","65,06","30,88","30,88"
2025-07-28 18:30:00,"856,2310000000003","781,3776666666677","22,43652199624922","91,8","30,38","30,38"
2025-07-28 18:45:00,"347,65200000000027","326,8993333333344","19,96601121445217","139,97","45,12","45,12"
2025-07-28 19:00:00,"253,25566666666694","1267,7263333333342","17,509317364649366","67,51","54,3","54,3"
2025-07-28 19:15:00,"352,14933333333363","821,2656666666677","15,07236151235235","81,42","89,19","89,19"
2025-07-28 19:30:00,"242,91766666666695","315,2203333333344","12,661185595538027","101,2","88,57","88,57"
2025-07-28 19:45:00,"266,1113333333336","311,7116666666677","10,283202548877329","136,7","117,05","117,05"
2025-07-28 20:00:00,"533,1103333333336","311,4903333333344","7,945331582317082","86,0","55,95","55,95"
2025-07-28 20:15:00,"510,76233333333363","157,24900000000105","5,659524325369733","109,7","66,81","66,81"
2025-07-28 20:30:00,"1250,8463333333336","40,90133333333437","3,4460394036132684","115,5","74,72","74,72"
2025-07-28 20:45:00,"1479,4253333333336","5,214000000001036","1,352515990844532","122,41","62,56","62,56"
2025-07-28 21:00:00,"429,3393333333337","0,0","-1,1477218246735252","126,7","57,65","57,65"
2025-07-28 21:15:00,"391,0376666666669","0,0","-3,2541033367057834","108,2","50,06","50,06"
2025-07-28 21:30:00,"538,9886666666669","0,0","-5,291515158514101","105,42","37,23","37,23"
2025-07-28 21:45:00,"451,27633333333364","0,0606666666677028","-7,253234490921272","83,6","33,49","33,49"
2025-07-28 22:00:00,"454,3683333333336","0,0","-9,13227001796018","113,0","46,38","46,38"
2025-07-28 22:15:00,"438,73966666666695","0,0606666666677028","-10,92137872607138","97,8","-4,26","-4,26"
2025-07-28 22:30:00,"391,9810000000003","0,0","-12,613099551467265","99,5","-0,98","-0,98"
2025-07-28 22:45:00,"400,3183333333336","0,0","-14,199804638378977","78,51","-2,2","-2,2"
2025-07-28 23:00:00,"529,338666666667","0,1213333333343695","-15,6737710569293","99,8","-45,12","-45,12"
2025-07-28 23:15:00,"330,9143333333336","0,0606666666677028","-17,02727485895748","89,4","5,05","5,05"
2025-07-28 23:30:00,"426,95033333333373","0,0610000000010362","-18,25270643851611","87,17","21,68","21,68"
2025-07-28 23:45:00,"400,4553333333336","0,0610000000010362","-19,342706687782165","76,88","42,13","42,13"
2025-07-29 00:00:00,"216,44433333333365","0,1843333333343695","-20,29032112227673","96,35","64,75","64,75"
2025-07-29 00:15:00,"257,59600000000034","0,0","-21,089165601105744","90,3","26,36","26,36"
2025-07-29 00:30:00,"338,8320000000002","0,0","-21,733596693091776","80,3","31,64","31,64"
2025-07-29 00:45:00,"191,97066666666694","0,0","-22,218877398605805","65,1","21,34","21,34"
2025-07-29 01:00:00,"277,6136666666669","0,0","-22,541326928534065","85,28","10,03","10,03"
2025-07-29 01:15:00,"382,268666666667","0,0","-22,698444240940606","85,4","-7,29","-7,29"
2025-07-29 01:30:00,"247,73466666666695","0,0606666666677028","-22,688995659424684","78,4","5,04","5,04"
2025-07-29 01:45:00,"282,02866666666694","0,0","-22,513059087161","72,9","47,73","47,73"
2025-07-29 02:00:00,"288,8723333333336","0,0","-22,172021336362995","70,1","59,78","59,78"
2025-07-29 02:15:00,"230,73100000000025","0,0","-21,668528572113978","81,8","74,66","74,66"
2025-07-29 02:30:00,"290,6100000000003","0,0606666666677028","-21,006394227455296","79,79","113,04","113,04"
2025-07-29 02:45:00,"266,86000000000024","0,0","-20,190472047615547","77,51","108,43","108,43"
2025-07-29 03:00:00,"302,2286666666669","0,0606666666677028","-19,226503677271143","84,8","108,24","108,24"
2025-07-29 03:15:00,"312,70400000000024","0,0","-18,120952156323344","66,4","68,26","68,26"
2025-07-29 03:30:00,"204,16533333333362","0,0","-16,880831771368406","77,7","88,81","88,81"
2025-07-29 03:45:00,"248,9563333333336","0,0","-15,513542948620913","76,2","63,07","63,07"
2025-07-29 04:00:00,"303,31933333333353","0,0","-14,026720425546596","81,2","83,39","83,39"
2025-07-29 04:15:00,"204,59900000000027","0,0","-12,42809950913105","65,55","80,8","80,8"
2025-07-29 04:30:00,"272,5846666666669","0,0603333333343695","-10,725402653871951","80,3","105,23","105,23"
2025-07-29 04:45:00,"354,5303333333336","0,0","-8,926248636968687","80,8","103,37","103,37"
2025-07-29 05:00:00,"210,80366666666694","0,0","-7,038083439044099","65,8","52,4","52,4"
2025-07-29 05:15:00,"230,54733333333357","0,0","-5,068130568481153","74,2","39,54","39,54"
2025-07-29 05:30:00,"857,1700000000003","0,0","-3,02336024193088","91,2","36,7","36,7"
2025-07-29 05:45:00,"4120,208333333333","0,0603333333343695","-0,9104744623197752","94,74","52,55","52,55"
2025-07-29 06:00:00,"2621,478","0,0","1,5748165541328882","70,06","99,19","99,19"
2025-07-29 06:15:00,"1274,7583333333337","0,0610000000010362","3,6846640388210754","93,2","66,17","66,17"
2025-07-29 06:30:00,"393,8253333333336","17,7286666666677","5,906503430903383","105,5","95,84","95,84"
2025-07-29 06:45:00,"467,47900000000055","81,01200000000155","8,197454388662653","112,38","89,65","89,65"
2025-07-29 07:00:00,"300,17533333333364","155,3476666666677","10,538757320753891","116,1","169,46","169,46"
2025-07-29 07:15:00,"708,6363333333336","238,78200000000103","12,919503928906936","101,7","146,69","146,69"
2025-07-29 07:30:00,"645,6603333333336","364,3786666666677","15,331756328276091","97,8","170,38","170,38"
2025-07-29 07:45:00,"320,2336666666669","446,3856666666677","17,76896294339704","87,57","112,38","112,38"
2025-07-29 08:00:00,"259,34200000000027","325,1233333333344","20,224771387876377","129,92","127,66","127,66"
2025-07-29 08:15:00,"403,12633333333366","257,23000000000104","22,693428268753312","110,7","23,21","23,21"
2025-07-29 08:30:00,"344,37466666666694","319,929000000001","25,169089282173463","88,7","23,3","23,3"
2025-07-29 08:45:00,"363,52000000000027","305,13633333333433","27,645726618137918","55,06","105,76","105,76"
2025-07-29 09:00:00,"443,176666666667","323,14166666666773","30,11701462513594","128,3","189,81","189,81"
2025-07-29 09:15:00,"370,36466666666695","888,9333333333343","32,57619824050871","100,1","149,06","149,06"
2025-07-29 09:30:00,"466,2920000000003","1338,4230000000011","35,01589283487659","81,6","106,84","106,84"
2025-07-29 09:45:00,"806,7420000000003","1260,4683333333344","37,42795479348995","52,0","40,21","40,21"
2025-07-29 10:00:00,"2242,846","1983,8730000000007","39,80326329581528","102,7","-7,4","-7,4"
2025-07-29 10:15:00,"2218,671666666667","2081,589666666667","42,13149124816106","83,4","100,62","100,62"
2025-07-29 10:30:00,"1376,3863333333338","1737,0306666666677","44,40083965712692","65,81","14,48","14,48"
2025-07-29 10:45:00,"783,5733333333336","1650,469333333334","46,59788516797876","44,6","-10,55","-10,55"
2025-07-29 11:00:00,"536,856666666667","1630,1103333333344","48,70675422811915","80,6","-21,9","-21,9"
2025-07-29 11:15:00,"512,138666666667","2764,3400000000006","50,70963584231631","59,98","8,16","8,16"
2025-07-29 11:30:00,"657,6826666666669","3513,356","52,58602180295964","51,8","10,71","10,71"
2025-07-29 11:45:00,"548,5823333333336","1704,9466666666674","54,31277376853868","39,1","31,22","31,22"
2025-07-29 12:00:00,"695,705666666667","4874,120666666668","55,86432040524826","59,93","5,54","5,54"
2025-07-29 12:15:00,"1727,4620000000002","3662,294000000001","57,21325021655521","51,7","-18,87","-18,87"
2025-07-29 12:30:00,"556,7016666666669","3517,8040000000005","58,33155073423594","29,92","-11,34","-11,34"
2025-07-29 12:45:00,"745,275666666667","3490,8270000000007","59,1923610338164","10,06","-10,61","-10,61"
2025-07-29 13:00:00,"1336,8820000000003","2634,111666666668","59,77236193998138","14,51","60,3","60,3"
2025-07-29 13:15:00,"1356,6173333333336","2348,721666666668","60,05437358287246","34,5","12,08","12,08"
2025-07-29 13:30:00,"1659,2090000000003","3203,665666666668","60,02953627608074","0,07","-6,87","-6,87"
2025-07-29 13:45:00,"2187,355","2834,976333333335","59,69871207157159","0,03","15,1","15,1"
2025-07-29 14:00:00,"3127,3833333333337","3109,454666666668","59,07197254765205","-4,91","-3,15","-3,15"
2025-07-29 14:15:00,"905,4903333333336","3971,785666666668","58,16771427328349","20,6","0,47","0,47"
2025-07-29 14:30:00,"861,2770000000003","4963,341333333335","57,00997808809886","-1,07","-5,8","-5,8"
2025-07-29 14:45:00,"594,7500000000003","3757,754333333335","55,62593951558216","22,3","-7,93","-7,93"
2025-07-29 15:00:00,"1091,229666666667","4473,5650000000005","54,04362010348041","-0,62","34,77","34,77"
2025-07-29 15:15:00,"1693,2663333333337","2734,7143333333343","52,29018012875363","21,3","27,69","27,69"
2025-07-29 15:30:00,"708,5150000000002","2239,4530000000004","50,39081389214557","28,6","-10,15","-10,15"
2025-07-29 15:45:00,"1644,204666666667","4293,063333333335","48,36823635055056","34,8","16,96","16,96"
2025-07-29 16:00:00,"1745,7320000000002","4627,241000000001","46,24253007725044","19,45","8,0","8,0"
2025-07-29 16:15:00,"1057,2826666666667","4276,604000000001","44,03123956095388","42,8","71,32","71,32"
2025-07-29 16:30:00,"728,056666666667","3376,5983333333343","41,749624018773794","56,6","136,34","136,34"
2025-07-29 16:45:00,"625,0813333333338","2158,853000000001","39,4109120652006","74,93","135,68","135,68"
2025-07-29 17:00:00,"689,6873333333335","3677,529000000002","37,02668105471821","39,2","93,78","93,78"
2025-07-29 17:15:00,"764,0410000000003","4716,966666666668","34,60702193236759","64,97","100,52","100,52"
2025-07-29 17:30:00,"586,4960000000002","1319,827000000001","32,160876443686846","91,9","149,49","149,49"
2025-07-29 17:45:00,"521,9850000000002","478,52733333333424","29,696244034558205","119,54","147,52","147,52"
2025-07-29 18:00:00,"580,5043333333336","440,07633333333416","27,22037723330787","51,7","79,17","79,17"
2025-07-29 18:15:00,"487,4863333333337","1869,4190000000008","24,7399514233965","79,3","19,54","19,54"
2025-07-29 18:30:00,"585,4670000000003","756,095000000001","22,26122812083468","110,5","2,27","2,27"
2025-07-29 18:45:00,"640,8960000000003","778,2423333333344","19,79019016119937","137,6","53,67","53,67"
2025-07-29 19:00:00,"519,3200000000004","1975,706666666668","17,332690257091485","65,04","98,0","98,0"
2025-07-29 19:15:00,"883,1086666666671","2096,018666666668","14,894630305635069","80,08","121,46","121,46"
2025-07-29 19:30:00,"1380,6493333333335","1339,7210000000011","12,48216422446398","118,4","126,85","126,85"
2025-07-29 19:45:00,"1065,119666666667","840,3486666666679","10,10254319463724","147,99","127,04","127,04"
2025-07-29 20:00:00,"657,635666666667","602,3796666666678","7,763279413244854","117,5","113,02","113,02"
2025-07-29 20:15:00,"754,7536666666671","395,1886666666678","5,476712251415701","123,0","124,41","124,41"
2025-07-29 20:30:00,"2335,7400000000002","123,26333333333451","3,264444725746725","128,1","160,53","160,53"
2025-07-29 20:45:00,"1374,5860000000005","7,671333333334518","1,1786571255316558","134,92","76,11","76,11"
2025-07-29 21:00:00,"732,7035000000008","0,0910000000017764","-1,342809443565708","144,1","94,06","94,06"
2025-07-29 21:15:00,"621,8110000000005","0,0","-3,4523495621023703","120,9","107,88","107,88"
2025-07-29 21:30:00,"489,7083333333338","0,0","-5,493056387511969","118,9","125,88","125,88"
2025-07-29 21:45:00,"474,1470000000005","0,0","-7,45817848890205","104,42","105,04","105,04"
2025-07-29 22:00:00,"580,7840000000004","0,0606666666678509","-9,340692227967844","127,6","44,45","44,45"
2025-07-29 22:15:00,"517,7416666666671","0,0","-11,133318194903335","110,3","37,66","37,66"
2025-07-29 22:30:00,"441,0723333333338","0,0","-12,828554610618076","110,11","34,99","34,99"
2025-07-29 22:45:00,"426,33433333333375","0,0","-14,418728533348975","100,0","38,49","38,49"
2025-07-29 23:00:00,"494,3076666666671","0,0","-15,896067784575656","112,28","33,21","33,21"
2025-07-29 23:15:00,"412,85733333333377","0,0","-17,25279553392536","102,3","61,89","61,89"
2025-07-29 23:30:00,"272,5653333333338","0,0","-18,48124656407036","93,6","62,16","62,16"
2025-07-29 23:45:00,"336,13833333333383","0,0606666666678509","-19,574004735044632","84,0","69,49","69,49"
2025-07-30 00:00:00,"204,0673333333338","0,0","-20,52405882214765","104,7","69,14","69,14"
2025-07-30 00:15:00,"228,60166666666711","0,0606666666678509","-21,324970295539256","93,6","76,82","76,82"
2025-07-30 00:30:00,"326,1436666666671","0,0","-21,971045989142464","86,61","66,66","66,66"
2025-07-30 00:45:00,"196,4996666666671","0,0","-22,457506206519845","87,1","81,08","81,08"
2025-07-30 01:00:00,"312,13000000000045","0,0","-22,780636760215387","95,4","91,65","91,65"
2025-07-30 01:15:00,"411,7163333333338","0,0","-22,937914422136515","89,2","97,12","97,12"
2025-07-30 01:30:00,"216,60533333333376","0,0","-22,92809590275212","84,49","106,58","106,58"
2025-07-30 01:45:00,"262,4700000000004","0,0606666666678509","-22,7512627116918","86,9","116,77","116,77"
2025-07-30 02:00:00,"326,7003333333338","0,0","-22,40881834083673","97,25","79,32","79,32"
2025-07-30 02:15:00,"171,52066666666713","0,0","-21,90343778210256","84,8","65,33","65,33"
2025-07-30 02:30:00,"278,14466666666715","0,0606666666678509","-21,23897384403079","83,5","44,97","44,97"
2025-07-30 02:45:00,"294,5060000000004","0,0","-20,42032810369848","80,9","50,72","50,72"
2025-07-30 03:00:00,"243,7363333333338","0,0","-19,45329612481088","88,5","44,91","44,91"
2025-07-30 03:15:00,"374,3356666666671","0,0","-18,34439853415902","90,53","52,03","52,03"
2025-07-30 03:30:00,"321,2870000000005","0,0","-17,100708597319738","82,0","49,15","49,15"
2025-07-30 03:45:00,"177,8523333333338","0,0","-15,729685129652095","79,3","27,74","27,74"
2025-07-30 04:00:00,"266,33700000000044","0,0","-14,239019068659662","85,01","79,7","79,7"
2025-07-30 04:15:00,"213,04733333333382","0,0","-12,636498557301604","83,4","86,72","86,72"
2025-07-30 04:30:00,"279,04500000000047","0,0","-10,929894755692338","88,62","113,73","113,73"
2025-07-30 04:45:00,"293,4536666666672","0,0","-9,126870622601766","81,7","125,53","125,53"
2025-07-30 05:00:00,"248,32066666666717","0,0606666666678509","-7,234911711877776","81,6","92,98","92,98"
2025-07-30 05:15:00,"355,3493333333338","0,0","-5,261276656877765","78,2","126,03","126,03"
2025-07-30 05:30:00,"328,6263333333338","0,0","-3,2129666889502566","92,9","63,97","63,97"
2025-07-30 05:45:00,"1035,9633333333338","0,0603333333345175","-1,0967111767959978","108,4","76,25","76,25"
2025-07-30 06:00:00,"5039,755","0,0","1,4073236119866734","80,07","-5,13","-5,13"
2025-07-30 06:15:00,"2918,377333333334","23,777000000001188","3,5112104085866207","95,3","70,38","70,38"
2025-07-30 06:30:00,"882,2246666666672","82,35500000000118","5,732513393928246","103,64","31,33","31,33"
2025-07-30 06:45:00,"469,7096666666673","134,07966666666783","8,024528282212014","113,0","85,9","85,9"
2025-07-30 07:00:00,"412,98800000000057","367,6053333333345","10,367325617348248","119,6","119,51","119,51"
2025-07-30 07:15:00,"663,378333333334","686,3220000000011","12,749584842829506","108,4","106,73","106,73"
2025-07-30 07:30:00,"1290,6006666666672","692,4546666666679","15,163199835668076","96,5","148,94","148,94"
2025-07-30 07:45:00,"289,45233333333385","837,7983333333345","17,60160019179733","84,3","145,7","145,7"
2025-07-30 08:00:00,"356,10566666666716","895,8760000000012","20,058223004300093","131,8","129,12","129,12"
2025-07-30 08:15:00,"321,66100000000046","1213,4633333333345","22,52740519358648","99,0","99,72","99,72"
2025-07-30 08:30:00,"336,03700000000055","1630,2536666666676","25,00322031569943","84,3","97,53","97,53"
2025-07-30 08:45:00,"548,7110000000004","1405,8753333333343","27,47961118301445","64,9","101,11","101,11"
2025-07-30 09:00:00,"461,7943333333338","1453,3346666666678","29,95022262253125","114,8","121,97","121,97"
2025-07-30 09:15:00,"546,9133333333338","1782,451666666668","32,40825243386924","86,7","129,53","129,53"
2025-07-30 09:30:00,"493,7853333333338","1769,6823333333346","34,8463041368935","70,2","119,24","119,24"
2025-07-30 09:45:00,"338,21500000000054","1140,6450000000011","37,25620151218519","52,7","137,91","137,91"
2025-07-30 10:00:00,"526,7313333333337","1306,415000000001","39,628791870841695","100,0","145,93","145,93"
2025-07-30 10:15:00,"542,6890000000005","1932,435666666668","41,95371829678764","73,3","125,83","125,83"
2025-07-30 10:30:00,"428,9203333333339","1662,3773333333345","44,21915985764093","66,73","26,92","26,92"
2025-07-30 10:45:00,"587,8446666666671","2109,5290000000014","46,41156240485536","47,57","54,23","54,23"
2025-07-30 11:00:00,"688,3926666666672","2854,2720000000013","48,51530647715087","84,83","79,29","79,29"
2025-07-30 11:15:00,"554,2040000000007","2769,6760000000013","50,51248259159805","74,0","104,94","104,94"
2025-07-30 11:30:00,"423,84166666666715","1666,0843333333346","52,38266480213469","61,8","108,34","108,34"
2025-07-30 11:45:00,"666,6619999999999","2749,684","54,10284612488702","37,59","104,28","104,28"
2025-07-30 12:00:00,"666,6619999999999","2749,684","55,647655093556935","59,23","62,67","62,67"
2025-07-30 12:15:00,"666,6619999999999","2749,684","56,989979571772935","45,09","33,05","33,05"
2025-07-30 12:30:00,"666,6619999999999","2749,684","58,10213025487715","46,0","9,12","9,12"
2025-07-30 12:45:00,"1899,467","447,896","58,95764232851073","35,9","-10,88","-10,88"
2025-07-30 13:00:00,"1526,669","1549,8719999999998","59,533591259184405","45,03","-3,52","-3,52"
2025-07-30 13:15:00,"609,9193333333334","1482,5113333333334","59,81310741780904","40,04","43,98","43,98"
2025-07-30 13:30:00,"495,59","2234,6473333333333","59,78753823514983","23,54","27,38","27,38"
2025-07-30 13:45:00,"558,7749999999999","2751,554","59,45768598876185","17,56","-1,22","-1,22"
2025-07-30 14:00:00,"579,314","2220,2323333333334","58,83359410356794","16,88","15,77","15,77"
2025-07-30 14:15:00,"443,116","1666,9143333333334","57,93330133230668","30,03","10,5","10,5"
2025-07-30 14:30:00,"460,0373333333334","3251,1526666666664","56,780464100974655","30,02","18,82","18,82"
2025-07-30 14:45:00,"276,38633333333337","2566,508","55,40187825592359","15,07","15,58","15,58"
2025-07-30 15:00:00,"433,37566666666663","2149,929","53,825227021254896","25,1","-1,51","-1,51"
2025-07-30 15:15:00,"355,59633333333335","1055,054666666667","52,07738981962219","30,09","8,89","8,89"
2025-07-30 15:30:00,"332,76199999999994","635,1813333333332","50,183367329685474","35,09","63,3","63,3"
2025-07-30 15:45:00,"360,23333333333335","2606,5090000000005","48,16573810007424","47,49","62,46","62,46"
2025-07-30 16:00:00,"335,874","3401,313333333333","46,04450100722257","36,2","77,73","77,73"
2025-07-30 16:15:00,"1665,1696666666667","1416,868","43,83716241396927","52,7","-1,68","-1,68"
2025-07-30 16:30:00,"606,107","1721,1626666666666","41,55896085219011","63,5","43,1","43,1"
2025-07-30 16:45:00,"524,0915","1594,1265","39,22318789983324","79,36","38,37","38,37"
2025-07-30 17:00:00,"427,7533333333334","1197,6926666666668","36,841316492118","40,9","39,27","39,27"
2025-07-30 17:15:00,"182,17833333333334","952,9783333333334","34,42351622287754","74,0","16,53","16,53"
2025-07-30 17:30:00,"320,82899999999995","914,1326666666666","31,97875771315327","92,1","14,08","14,08"
2025-07-30 17:45:00,"235,97566666666665","1289,378","29,515068116544334","104,6","107,8","107,8"
2025-07-30 18:00:00,"176,19366666666667","628,1976666666667","27,03972822830174","51,43","105,88","105,88"
2025-07-30 18:15:00,"173,79866666666666","608,9773333333334","24,55943310087245","81,0","122,62","122,62"
2025-07-30 18:30:00,"837,5113333333334","1052,1233333333332","22,08047978982438","100,8","137,3","137,3"
2025-07-30 18:45:00,"3498,807","1714,8216666666667","19,60888099300163","134,94","125,95","125,95"
2025-07-30 19:00:00,"383,9713333333337","1366,5846666666666","17,15052310047921","66,43","106,71","106,71"
2025-07-30 19:15:00,"286,3433333333336","683,5886666666667","14,71135342857346","85,07","118,0","118,0"
2025-07-30 19:30:00,"336,0123333333336","915,715","12,297585815915069","113,7","140,95","140,95"
2025-07-30 19:45:00,"358,69566666666697","970,2423333333334","9,916216948707923","137,6","153,45","153,45"
2025-07-30 20:00:00,"162,88666666666697","641,7683333333333","7,575682861773973","90,1","123,94","123,94"
2025-07-30 20:15:00,"243,84833333333364","326,28533333333337","5,288444963565068","115,8","117,19","117,19"
2025-07-30 20:30:00,"1342,8300000000004","254,67","3,077713626255655","119,6","121,46","121,46"
2025-07-30 20:45:00,"1163,9393333333337","51,631","1,000716407018073","130,56","102,66","102,66"
2025-07-30 21:00:00,"280,02400000000034","0,0606666666666666","-1,5434257906663518","129,87","134,18","134,18"
2025-07-30 21:15:00,"368,96833333333365","0,0","-3,656135656031331","102,59","152,05","152,05"
2025-07-30 21:30:00,"307,5203333333336","0,0","-5,700149189354131","108,8","152,75","152,75"
2025-07-30 21:45:00,"204,3010000000003","0,0","-7,668685601435396","97,8","143,75","143,75"
2025-07-30 22:00:00,"272,8393333333336","0,0","-9,554688098813571","113,86","164,39","164,39"
2025-07-30 22:15:00,"338,7146666666669","0,0","-11,350839927249083","110,6","142,7","142,7"
2025-07-30 22:30:00,"317,58500000000026","0,0","-13,049597526664927","102,1","67,71","67,71"
2025-07-30 22:45:00,"321,32066666666697","0,0","-14,643241688127558","91,0","128,08","128,08"
2025-07-30 23:00:00,"313,69566666666697","0,0","-16,12394969862235","112,5","113,41","113,41"
2025-07-30 23:15:00,"271,95933333333363","0,0","-17,48389047865001","87,61","88,74","88,74"
2025-07-30 23:30:00,"244,75533333333362","0,0","-18,715341785902776","92,2","100,31","100,31"
2025-07-30 23:45:00,"475,53500000000025","0,0","-19,81082903906645","81,7","62,53","62,53"
2025-07-31 00:00:00,"397,3170000000003","0,0","-20,76328293019091","95,3","119,11","119,11"
2025-07-31 00:15:00,"261,6836666666669","0,0","-21,56620933934913","96,2","138,24","138,24"
2025-07-31 00:30:00,"287,04300000000035","0,0","-22,213864388152","85,5","126,38","126,38"
2025-07-31 00:45:00,"377,71600000000035","0,0","-22,70142501003629","87,0","112,5","112,5"
2025-07-31 01:00:00,"320,86266666666694","0,0","-23,025143320898493","85,43","124,05","124,05"
2025-07-31 01:15:00,"191,41300000000027","0,0","-23,18247403623672","86,9","96,44","96,44"
2025-07-31 01:30:00,"263,98700000000025","0,0","-23,172164835982265","79,6","82,94","82,94"
2025-07-31 01:45:00,"279,60566666666693","0,0","-22,99430186491094","73,3","102,88","102,88"
2025-07-31 02:00:00,"232,03433333333365","0,0","-22,650306729470756","78,28","93,34","93,34"
2025-07-31 02:15:00,"279,9783333333336","0,0","-22,142885020132667","83,7","108,15","108,15"
2025-07-31 02:30:00,"366,6016666666669","0,0","-21,475930938719824","81,9","109,51","109,51"
2025-07-31 02:45:00,"325,182666666667","0,0","-20,65439605527935","78,8","90,1","90,1"
2025-07-31 03:00:00,"240,18966666666697","0,0","-19,684132054803747","87,6","81,06","81,06"
2025-07-31 03:15:00,"318,11700000000025","0,0","-18,57171930028806","71,9","83,1","83,1"
2025-07-31 03:30:00,"214,4310000000003","0,0606666666666666","-17,324292056763454","80,3","88,01","88,01"
2025-07-31 03:45:00,"236,69466666666696","0,0","-15,949369361074698","78,6","84,15","84,15"
2025-07-31 04:00:00,"335,40766666666696","0,0","-14,454699963552944","82,2","90,13","90,13"
2025-07-31 04:15:00,"240,21400000000028","0,0","-12,84812621830734","81,5","93,26","93,26"
2025-07-31 04:30:00,"267,38233333333363","0,0","-11,137469131170931","82,2","100,54","100,54"
2025-07-31 04:45:00,"352,2223333333336","0,0","-9,33043675993089","78,91","120,85","120,85"
2025-07-31 05:00:00,"305,29900000000026","0,0","-7,434554950619281","68,4","113,63","113,63"
2025-07-31 05:15:00,"187,65425000000022","0,1065","-5,457118008018339","76,6","150,21","150,21"
2025-07-31 05:30:00,"362,24166666666696","0,0","-3,405158583175478","93,0","149,25","149,25"
2025-07-31 05:45:00,"2130,8016666666667","0,0","-1,2854337015358102","100,72","152,39","152,39"
2025-07-31 06:00:00,"1383,370666666667","2,4496666666666664","1,2392862535903748","70,04","136,86","136,86"
2025-07-31 06:15:00,"731,445666666667","71,93833333333333","3,3361724166494517","90,3","139,34","139,34"
2025-07-31 06:30:00,"375,32000000000033","349,2863333333333","5,55662476782109","88,64","114,62","114,62"
2025-07-31 06:45:00,"341,7683333333336","392,2946666666666","7,849611892754738","115,2","84,03","84,03"
2025-07-31 07:00:00,"880,3003333333338","444,3243333333333","10,193879601683284","99,56","79,34","79,34"
2025-07-31 07:15:00,"304,53833333333364","776,568","12,577664945894934","102,0","73,01","73,01"
2025-07-31 07:30:00,"928,145666666667","713,5573333333333","14,992654654878448","100,4","122,63","122,63"
2025-07-31 07:45:00,"770,4053333333337","1071,4686666666669","17,432130087526435","96,5","137,31","137,31"
2025-07-31 08:00:00,"1469,3003333333338","1600,4213333333332","19,88959094797889","125,5","299,43","299,43"
2025-07-31 08:15:00,"330,1376666666671","1758,9886666666666","22,35923381827261","111,1","49,63","49,63"
2025-07-31 08:30:00,"459,8733333333338","1842,6493333333333","24,83513859561969","91,4","79,52","79,52"
2025-07-31 08:45:00,"559,6390000000007","2553,8665","27,311215193554364","80,6","61,1","61,1"
2025-07-31 09:00:00,"510,3696666666672","3344,873333333333","29,78107635211552","116,0","64,07","64,07"
2025-07-31 09:15:00,"571,6223333333338","3518,7880000000005","32,23790044849288","101,7","52,8","52,8"
2025-07-31 09:30:00,"503,97866666666715","3773,156","34,67424264621881","80,27","62,85","62,85"
2025-07-31 09:45:00,"505,89200000000034","3199,5443333333333","37,08189379441611","65,3","47,34","47,34"
2025-07-31 10:00:00,"531,8626666666671","3906,819666666666","39,45166903103358","103,1","124,37","124,37"
2025-07-31 10:15:00,"477,5383333333338","4019,673","41,77318486214784","86,5","110,2","110,2"
2025-07-31 10:30:00,"414,5143333333337","2860,4389999999994","44,03459435794932","65,9","110,74","110,74"
2025-07-31 10:45:00,"414,06233333333375","2074,0966666666664","46,22236927831772","50,9","115,74","115,74"
2025-07-31 11:00:00,"312,9793333333338","1353,4009999999992","48,32081845845903","94,5","125,54","125,54"
2025-07-31 11:15:00,"375,76266666666714","1751,192666666666","50,31211840545996","71,01","30,93","30,93"
2025-07-31 11:30:00,"339,7380000000005","2362,468333333333","52,17591339291274","66,0","57,25","57,25"
2025-07-31 11:45:00,"313,6250000000005","2863,4923333333327","53,88932999752459","52,9","43,46","43,46"
2025-07-31 12:00:00,"362,5450000000004","1763,808666666666","55,42719919018475","73,5","106,28","106,28"
2025-07-31 12:15:00,"297,6076666666671","1540,832666666666","56,762679109598295","59,9","83,97","83,97"
2025-07-31 12:30:00,"364,7403333333338","1629,3819999999994","57,86844077169357","55,08","164,01","164,01"
2025-07-31 12:45:00,"636,2763333333338","2635,4063333333324","58,71841684718715","45,0","67,32","67,32"
2025-07-31 13:00:00,"1653,2950000000005","2513,5296666666663","59,290078824914666","43,65","108,66","108,66"
2025-07-31 13:15:00,"391,54066666666716","2153,0149999999994","59,56689062038865","51,8","32,02","32,02"
2025-07-31 13:30:00,"388,86266666666705","3276,249666666666","59,54038878882441","30,09","16,31","16,31"
2025-07-31 13:45:00,"2743,164","4429,382333333333","59,211394116708455","25,07","1,02","1,02"
2025-07-31 14:00:00,"1718,6136666666669","5099,285333333333","58,58979052507211","32,54","1,74","1,74"
2025-07-31 14:15:00,"411,4413333333336","4625,912666666667","57,69331648808996","27,58","4,31","4,31"
2025-07-31 14:30:00,"374,44733333333363","2864,440666666665","56,5452608684198","42,78","12,77","12,77"
2025-07-31 14:45:00,"483,2933333333336","1512,8729999999996","55,17204042292456","27,57","-10,12","-10,12"
2025-07-31 15:00:00,"361,5610000000003","1788,6419999999994","53,600998081452495","25,08","25,34","25,34"
2025-07-31 15:15:00,"291,0140000000003","3435,103333333333","51,858733768429744","45,8","0,61","0,61"
2025-07-31 15:30:00,"396,5316666666669","598,6459999999995","49,97004531421698","53,6","132,5","132,5"
2025-07-31 15:45:00,"357,6163333333336","1045,489999999999","47,95737000636432","63,0","111,08","111,08"
2025-07-31 16:00:00,"324,572666666667","1178,5773333333327","45,84061846903575","38,03","69,47","69,47"
2025-07-31 16:15:00,"360,79500000000024","1012,9029999999996","43,63725430851846","59,7","112,75","112,75"
2025-07-31 16:30:00,"361,38933333333364","1097,7169999999996","41,36249256562569","71,3","101,08","101,08"
2025-07-31 16:45:00,"528,9916666666669","1320,9839999999997","39,02964534003593","84,3","126,82","126,82"
2025-07-31 17:00:00,"339,66833333333363","1859,2723333333329","36,65015367669036","48,59","50,47","50,47"
2025-07-31 17:15:00,"293,13166666666694","2108,8499999999995","34,23423498079835","76,5","21,18","21,18"
2025-07-31 17:30:00,"352,34800000000035","2164,301666666666","31,790881699263952","96,5","85,72","85,72"
2025-07-31 17:45:00,"305,74300000000034","2160,0116666666663","29,328147455072983","112,9","114,96","114,96"
2025-07-31 18:00:00,"282,7940000000003","1752,5443333333328","26,853340146585264","58,5","114,96","114,96"
2025-07-31 18:15:00,"381,00300000000027","1696,202666666666","24,37318640981396","83,6","143,21","143,21"
2025-07-31 18:30:00,"424,798666666667","2280,885","21,89400752428488","111,03","148,7","148,7"
2025-07-31 18:45:00,"412,84566666666694","1594,1879999999992","19,421845336070916","134,98","152,4","152,4"
2025-07-31 19:00:00,"301,81900000000036","1508,1783333333328","16,962619095936983","70,0","18,45","18,45"
2025-07-31 19:15:00,"221,55100000000036","1379,2403333333325","14,522308089884596","82,58","121,53","121,53"
2025-07-31 19:30:00,"569,5783333333337","1583,9223333333323","12,107192994730685","115,32","139,02","139,02"
2025-07-31 19:45:00,"309,5603333333337","945,3189999999992","9,725001362714714","139,96","158,43","158,43"
2025-07-31 20:00:00,"215,39833333333368","429,60966666666593","7,38335363732951","118,1","105,78","105,78"
2025-07-31 20:15:00,"544,0640000000003","344,4409999999993","5,095833603541137","124,0","105,9","105,9"
2025-07-31 20:30:00,"1686,6753333333336","129,2603333333326","2,887544534265674","127,4","112,35","112,35"
2025-07-31 20:45:00,"706,1146666666671","28,36233333333259","0,8216944454157169","129,43","104,23","104,23"
2025-07-31 21:00:00,"716,2206666666672","0,0606666666659265","-1,749512709552221","139,92","136,37","136,37"
2025-07-31 21:15:00,"497,1676666666671","0,0","-3,865401841360788","130,1","151,04","151,04"
2025-07-31 21:30:00,"3107,327","0,0","-5,912732176073501","119,3","130,04","130,04"
2025-07-31 21:45:00,"1139,5950000000005","0,0","-7,884692849168581","87,79","80,41","80,41"
2025-07-31 22:00:00,"713,2116666666674","0,0","-9,774193085336131","133,7","97,25","97,25"
2025-07-31 22:15:00,"426,7256666666673","0,0","-11,573877843655174","105,71","99,57","99,57"
2025-07-31 22:30:00,"618,1230000000005","0,0","-13,27616071862392","109,8","92,74","92,74"
2025-07-31 22:45:00,"461,1723333333339","0,0","-14,873275052017696","98,8","107,52","107,52"
2025-07-31 23:00:00,"333,07300000000055","0,0","-16,35734630653693","117,6","130,99","130,99"
2025-07-31 23:15:00,"330,74133333333396","0,0","-17,720487779851943","107,8","98,06","98,06"
2025-07-31 23:30:00,"316,6863333333339","0,0","-18,954918782365823","92,13","94,51","94,51"
2025-07-31 23:45:00,"210,0850000000006","0,0","-20,0531048707523","90,7","87,54","87,54"
2025-08-01 00:00:00,"285,3513333333339","0,0","-21,00791730040816","114,8","74,1","74,1"
2025-08-01 00:15:00,"319,91533333333393","0,0","-21,81280515219762","105,26","81,62","81,62"
2025-08-01 00:30:00,"265,4086666666673","0,0606666666659265","-22,46197285286921","89,8","116,49","116,49"
2025-08-01 00:45:00,"314,0833333333339","0,0","-22,950553293650497","94,6","119,11","119,11"
2025-08-01 01:00:00,"284,7836666666673","0,0","-23,274764604649288","101,0","154,31","154,31"
2025-08-01 01:15:00,"195,99300000000056","0,0","-23,432039592511245","95,0","171,78","171,78"
2025-08-01 01:30:00,"334,4933333333339","0,0","-23,42111751594229","89,82","158,13","158,13"
2025-08-01 01:45:00,"226,58466666666723","0,0","-23,242090218133097","92,8","155,91","155,91"
2025-08-01 02:00:00,"229,49266666666722","0,0","-22,89639889523661","95,7","139,74","139,74"
2025-08-01 02:15:00,"395,1800000000006","0,0","-22,386781551089157","94,96","135,81","135,81"
2025-08-01 02:30:00,"307,43333333333396","0,0","-21,717175840478955","91,2","123,27","123,27"
2025-08-01 02:45:00,"217,11933333333388","0,0","-20,8925855260194","89,4","131,56","131,56"
2025-08-01 03:00:00,"269,63100000000054","0,0","-19,91892064800129","95,4","117,7","117,7"
2025-08-01 03:15:00,"216,33100000000059","0,0","-18,802823478197755","81,93","137,19","137,19"
2025-08-01 03:30:00,"286,5946666666672","0,0613333333325931","-17,55149131432368","89,4","145,56","145,56"
2025-08-01 03:45:00,"290,36700000000053","0,0","-16,172505253225097","87,8","138,36","138,36"
2025-08-01 04:00:00,"158,90200000000058","0,0","-14,673673465525304","89,7","135,71","135,71"
2025-08-01 04:15:00,"340,4116666666672","0,0","-13,062893880317292","88,8","97,78","97,78"
2025-08-01 04:30:00,"340,6110000000006","0,0","-11,348038470203871","90,1","95,04","95,04"
2025-08-01 04:45:00,"207,8203333333339","0,0","-9,53686128785785","91,1","76,11","76,11"
2025-08-01 05:00:00,"284,6336666666672","0,0","-7,636929165523549","82,69","78,98","78,98"
2025-08-01 05:15:00,"299,57366666666724","0,0606666666659265","-5,655572599494488","86,2","58,03","58,03"
2025-08-01 05:30:00,"173,88200000000055","0,0","-3,5998560380876548","99,9","53,12","53,12"
2025-08-01 05:45:00,"297,2013333333339","0,0","-1,476564429804438","114,6","60,39","60,39"
2025-08-01 06:00:00,"1464,186333333334","0,0","1,0707817709947358","91,7","94,53","94,53"
2025-08-01 06:15:00,"1362,4110000000005","3,649333333332593","3,159620201950556","104,4","107,46","107,46"
2025-08-01 06:30:00,"396,4143333333339","27,1493333333326","5,378910607872737","120,84","146,7","146,7"
2025-08-01 06:45:00,"204,23266666666726","172,61699999999928","7,672787723213131","132,42","143,35","143,35"
2025-08-01 07:00:00,"283,4673333333339","155,4343333333326","10,018509153899764","107,5","51,93","51,93"
2025-08-01 07:15:00,"758,6196666666672","148,97066666666595","12,40379185417776","110,0","39,9","39,9"
2025-08-01 07:30:00,"2136,326333333334","256,1106666666659","14,820138997195317","120,0","76,94","76,94"
2025-08-01 07:45:00,"2667,068333333334","714,2279999999993","17,26062567978778","111,93","109,7","109,7"
2025-08-01 08:00:00,"942,0230000000006","831,3109999999994","19,718924749283616","118,3","98,21","98,21"
2025-08-01 08:15:00,"372,06066666666726","590,294666666666","22,18906089066173","106,3","90,68","90,68"
2025-08-01 08:30:00,"444,91533333333393","649,661666666666","24,66506636950997","100,6","78,4","78,4"
2025-08-01 08:45:00,"470,79300000000063","1053,880666666666","27,140820102393917","104,72","69,02","69,02"
2025-08-01 09:00:00,"512,7416666666674","2133,336999999999","29,609903941117604","120,0","125,14","125,14"
2025-08-01 09:15:00,"536,5590000000005","2446,049666666666","32,06545555364837","108,9","34,39","34,39"
2025-08-01 09:30:00,"490,9690000000006","2056,905999999999","34,50000809235086","95,5","-4,06","-4,06"
2025-08-01 09:45:00,"1027,4660000000006","1330,6203333333324","36,905319002382896","79,7","0,3","0,3"
2025-08-01 10:00:00,"1563,1006666666674","138,22699999999926","39,27217086434317","115,0","47,02","47,02"
2025-08-01 10:15:00,"709,680333333334","673,0866666666659","41,59014753737681","97,1","51,54","51,54"
2025-08-01 10:30:00,"678,3390000000009","3173,121","43,84738277929146","89,52","33,02","33,02"
2025-08-01 10:45:00,"595,7900000000011","4506,213499999999","46,030236573108255","72,2","29,64","29,64"
2025-08-01 11:00:00,"552,7983333333341","4368,853666666666","48,12323463244603","97,91","85,29","85,29"
2025-08-01 11:15:00,"688,3526666666673","4554,205333333333","50,10848053182477","90,0","44,13","44,13"
2025-08-01 11:30:00,"453,8120000000007","3350,937999999999","51,96569977754512","80,7","34,36","34,36"
2025-08-01 11:45:00,"401,0873333333341","262,08066666666605","53,67215441381229","70,6","4,69","4,69"
2025-08-01 12:00:00,"404,4336666666674","418,8536666666661","55,202880044967145","82,9","48,51","48,51"
2025-08-01 12:15:00,"683,9323333333341","137,1806666666661","56,53132313787573","76,93","-5,85","-5,85"
2025-08-01 12:30:00,"576,285333333334","244,2876666666661","57,63049982001255","69,9","-10,66","-10,66"
2025-08-01 12:45:00,"1181,8930000000007","824,9053333333327","58,47474233568236","58,7","-10,29","-10,29"
2025-08-01 13:00:00,"2061,495000000001","1971,571666666666","59,04192021501208","75,9","5,68","5,68"
2025-08-01 13:15:00,"929,1216666666674","2216,442333333333","59,3158177902077","62,0","10,38","10,38"
2025-08-01 13:30:00,"840,3316666666673","1277,6089999999997","59,28818049975686","55,85","3,22","3,22"
2025-08-01 13:45:00,"990,1236666666673","1137,756","58,95988362930693","45,1","0,0","0,0"
2025-08-01 14:00:00,"1189,7613333333338","2068,4853333333326","58,34060252475219","52,51","-1,43","-1,43"
2025-08-01 14:15:00,"946,769333333334","4741,788333333333","57,44780637834475","57,5","-21,07","-21,07"
2025-08-01 14:30:00,"810,2856666666675","4380,656999999999","56,30441988965485","57,5","-9,04","-9,04"
2025-08-01 14:45:00,"545,2556666666674","5145,442999999999","54,93648204043964","57,6","-2,59","-2,59"
2025-08-01 15:00:00,"519,6696666666672","4454,191000000001","53,37099423071768","48,6","-21,03","-21,03"
2025-08-01 15:15:00,"1243,5680000000007","3560,856666666666","51,63427463524488","57,49","-20,67","-20,67"
2025-08-01 15:30:00,"944,5856666666673","3571,9186666666665","49,7509132821242","62,8","-15,71","-15,71"
2025-08-01 15:45:00,"420,10500000000076","3283,974666666667","47,74320172258258","70,3","-21,08","-21,08"
2025-08-01 16:00:00,"448,9733333333341","4071,8469999999993","45,63095808014502","57,55","-15,38","-15,38"
2025-08-01 16:15:00,"451,29066666666745","4508,423","43,43159130834173","69,3","-7,66","-7,66"
2025-08-01 16:30:00,"483,6163333333341","4177,236666666667","41,16029669410687","69,3","22,68","22,68"
2025-08-01 16:45:00,"384,2316666666675","3890,289","38,83037793660857","79,5","37,58","37,58"
2025-08-01 17:00:00,"288,7506666666675","3801,5993333333327","36,45331455105329","67,2","102,59","102,59"
2025-08-01 17:15:00,"340,8440000000008","3346,193666666666","34,03932119058181","82,7","117,37","117,37"
2025-08-01 17:30:00,"662,6510000000009","823,1953333333331","31,597416663453423","87,9","145,83","145,83"
2025-08-01 17:45:00,"729,5933333333342","125,07299999999972","29,135680659206766","105,1","317,24","317,24"
2025-08-01 18:00:00,"675,7323333333342","439,582333333333","26,661448155229586","64,3","24,56","24,56"
2025-08-01 18:15:00,"1146,2550000000008","4267,316999999999","24,18148481715905","85,7","36,45","36,45"
2025-08-01 18:30:00,"394,3043333333341","2637,584","21,70213169758609","110,3","16,05","16,05"
2025-08-01 18:45:00,"420,7050000000008","1599,597","19,22946192952072","128,92","20,83","20,83"
2025-08-01 19:00:00,"512,4210000000008","2541,923333333333","16,769431164399027","91,1","65,57","65,57"
2025-08-01 19:15:00,"495,11700000000076","1213,745","14,328063707624027","100,4","96,2","96,2"
2025-08-01 19:30:00,"2441,467333333334","433,227333333333","11,911713660683697","119,5","9,31","9,31"
2025-08-01 19:45:00,"3143,5336666666676","432,8976666666664","9,527737409280093","110,95","58,87","58,87"
2025-08-01 20:00:00,"947,8593333333341","759,333333333333","7,184841527586847","127,8","77,52","77,52"
2025-08-01 20:15:00,"719,161000000001","252,8639999999997","4,896803811902285","112,23","108,29","108,29"
2025-08-01 20:30:00,"701,2943333333343","61,7679999999997","2,690708662029878","115,19","136,22","136,22"
2025-08-01 20:45:00,"364,9860000000009","7,935999999999703","0,6356996970062492","126,7","98,04","98,04"
2025-08-01 21:00:00,"644,0883333333343","0,0","-1,9610083680828767","142,4","97,48","97,48"
2025-08-01 21:15:00,"567,3403333333342","0,1209999999997039","-4,0800847747584","119,45","127,56","127,56"
2025-08-01 21:30:00,"766,5003333333343","0,0","-6,130740510359892","115,1","116,52","116,52"
2025-08-01 21:45:00,"1281,8436666666676","0,0","-8,106133927121306","105,6","106,58","106,58"
2025-08-01 22:00:00,"2035,3983333333344","0,0","-9,999139449208698","126,0","101,87","101,87"
2025-08-01 22:15:00,"849,2666666666676","0,0","-11,802362809655408","113,7","88,71","88,71"
2025-08-01 22:30:00,"397,69566666666753","0,0","-13,508173696032657","105,5","62,6","62,6"
2025-08-01 22:45:00,"406,4840000000009","0,0","-15,10875681707066","95,6","64,82","64,82"
2025-08-01 23:00:00,"549,6826666666675","0,0","-16,59618451836432","117,4","106,99","106,99"
2025-08-01 23:15:00,"327,11766666666756","0,0","-17,962513093295154","107,4","126,97","126,97"
2025-08-01 23:30:00,"430,99066666666755","0,0","-19,199901972356493","99,1","97,08","97,08"
2025-08-01 23:45:00,"416,7656666666675","0,0","-20,3007554186043","96,83","75,95","75,95"
2025-08-02 00:00:00,"295,9360000000009","0,0","-21,25788388600078","90,08","94,79","94,79"
2025-08-02 00:15:00,"397,1453333333342","0,0","-22,064678436610308","112,67","67,7","67,7"
2025-08-02 00:30:00,"268,5426666666675","0,0","-22,715290814360912","107,67","76,72","76,72"
2025-08-02 00:45:00,"203,73933333333423","0,1223333333330372","-23,204809196389498","104,9","76,33","76,33"
2025-08-02 01:00:00,"326,6786666666675","0,0","-23,52941744659661","119,9","68,62","68,62"
2025-08-02 01:15:00,"223,6130000000009","0,0","-23,686526627551046","93,3","54,27","54,27"
2025-08-02 01:30:00,"247,00566666666757","0,0","-23,674868212638767","88,3","56,94","56,94"
2025-08-02 01:45:00,"318,79433333333424","0,0","-23,494540841337106","83,3","62,83","62,83"
2025-08-02 02:00:00,"294,57700000000085","0,0","-23,147006815039685","114,9","97,18","97,18"
2025-08-02 02:15:00,"351,4806666666675","0,0","-22,635038408678597","109,9","115,07","115,07"
2025-08-02 02:30:00,"287,8343333333342","0,0","-21,96261883243849","83,24","119,15","119,15"
2025-08-02 02:45:00,"198,18100000000086","0,0","-21,13480627961165","70,1","45,92","45,92"
2025-08-02 03:00:00,"279,8463333333342","0,0","-20,15757141060525","80,08","82,6","82,6"
2025-08-02 03:15:00,"257,38666666666757","0,0","-19,037620601464816","107,41","82,01","82,01"
2025-08-02 03:30:00,"165,80900000000088","0,0","-17,782216229017244","104,91","87,03","87,03"
2025-08-02 03:45:00,"329,60600000000085","0,0","-16,399003291625235","75,77","66,33","66,33"
2025-08-02 04:00:00,"322,30066666666755","0,0","-14,89585098226764","72,6","48,03","48,03"
2025-08-02 04:15:00,"278,20900000000086","0,0","-13,280714155249248","88,09","57,55","57,55"
2025-08-02 04:30:00,"277,45133333333416","0,0","-11,561516853246363","104,9","33,83","33,83"
2025-08-02 04:45:00,"225,63733333333423","0,0","-9,746059996620936","107,4","34,0","34,0"
2025-08-02 05:00:00,"198,66966666666755","0,0","-7,841952070783885","107,41","95,12","95,12"
2025-08-02 05:15:00,"315,2226666666675","0,0","-5,856560257233337","107,41","105,2","105,2"
2025-08-02 05:30:00,"230,3423333333342","0,0","-3,796981151871744","89,27","115,93","115,93"
2025-08-02 05:45:00,"261,9796666666675","0,0","-1,6700278659678798","70,07","126,34","126,34"
2025-08-02 06:00:00,"364,8833333333342","0,0","0,8989843098649323","80,07","68,24","68,24"
2025-08-02 06:15:00,"297,86166666666753","6,3136666666663706","2,97977188680948","107,41","84,29","84,29"
2025-08-02 06:30:00,"281,68200000000087","69,24066666666637","5,19807507120307","102,41","37,55","37,55"
2025-08-02 06:45:00,"347,85733333333417","388,753333333333","7,49303506417323","78,22","35,97","35,97"
2025-08-02 07:00:00,"1060,249000000001","468,9493333333331","9,840366581554465","107,46","87,67","87,67"
2025-08-02 07:15:00,"460,25666666666757","73,48699999999971","12,22729253487872","102,41","86,59","86,59"
2025-08-02 07:30:00,"264,12133333333423","308,5376666666664","14,645103614734136","78,73","72,77","72,77"
2025-08-02 07:45:00,"253,90966666666753","372,1736666666664","17,087050997690532","65,04","61,29","61,29"
2025-08-02 08:00:00,"383,13466666666756","376,2563333333331","19,546181512600207","102,49","73,22","73,22"
2025-08-02 08:15:00,"356,04200000000094","291,43566666666635","22,016785130407985","97,46","53,12","53,12"
2025-08-02 08:30:00,"1106,2396666666673","104,13733333333305","24,492856732279787","86,26","21,45","21,45"
2025-08-02 08:45:00,"768,5580000000009","246,2829999999997","26,968243022223582","60,01","15,4","15,4"
2025-08-02 09:00:00,"403,34933333333424","329,0046666666664","29,43649402456104","122,42","101,82","101,82"
2025-08-02 09:15:00,"274,2643333333342","254,6479999999997","31,890720337435457","94,96","99,96","99,96"
2025-08-02 09:30:00,"370,77166666666756","530,7569999999996","34,32341546773289","67,88","4,8","4,8"
2025-08-02 09:45:00,"290,1080000000009","719,7803333333331","36,726303368516696","47,54","17,18","17,18"
2025-08-02 10:00:00,"2216,447666666668","972,0919999999996","39,09013398624833","94,97","58,72","58,72"
2025-08-02 10:15:00,"1952,3140000000005","1539,2226666666663","41,40446000600626","82,44","67,49","67,49"
2025-08-02 10:30:00,"1442,8290000000009","1535,5276666666662","43,65739437125695","50,85","1,4","1,4"
2025-08-02 10:45:00,"543,0806666666675","2244,429333333333","45,83534075620205","27,56","-5,97","-5,97"
2025-08-02 11:00:00,"386,38766666666754","1764,0046666666667","47,92272250271287","82,42","18,52","18,52"
2025-08-02 11:15:00,"403,9333333333342","1572,0553333333332","49,90173935684278","38,94","6,13","6,13"
2025-08-02 11:30:00,"505,61033333333427","2666,826333333333","51,75219788942548","22,57","-5,47","-5,47"
2025-08-02 11:45:00,"375,6683333333342","1482,5136666666665","53,45149775269064","12,58","2,02","2,02"
2025-08-02 12:00:00,"866,3813333333342","1578,7053333333329","54,97488156278952","32,99","15,58","15,58"
2025-08-02 12:15:00,"3686,394666666667","1830,697333333333","56,29607823077753","20,07","2,87","2,87"
2025-08-02 12:30:00,"949,2683333333342","1665,1076666666663","57,38845986251332","7,58","-15,44","-15,44"
2025-08-02 12:45:00,"860,1180000000008","1899,445","58,2267595229379","0,08","-16,72","-16,72"
2025-08-02 13:00:00,"519,8203333333342","1638,071333333333","58,7892458496996","26,78","-9,8","-9,8"
2025-08-02 13:15:00,"1555,3620000000008","1619,4796666666662","59,06003721036419","5,08","-18,54","-18,54"
2025-08-02 13:30:00,"2282,0276666666673","2144,2739999999994","59,03107894026408","-4,93","-25,01","-25,01"
2025-08-02 13:45:00,"394,68566666666766","2149,9266666666663","58,70321186056868","-12,44","-31,43","-31,43"
2025-08-02 14:00:00,"402,72900000000107","1606,0533333333328","58,08608291597213","2,59","-29,91","-29,91"
2025-08-02 14:15:00,"507,4203333333344","1629,275","57,196821299617945","-4,91","-36,71","-36,71"
2025-08-02 14:30:00,"285,9916666666677","1618,765333333333","56,05798714386211","16,56","-39,78","-39,78"
2025-08-02 14:45:00,"288,19100000000105","786,9789999999997","54,6952433714157","-4,94","-37,71","-37,71"
2025-08-02 15:00:00,"310,07900000000154","405,4969999999996","53,13524904350735","-7,42","-28,48","-28,48"
2025-08-02 15:15:00,"223,78900000000104","696,6496666666662","51,404048661003706","-2,42","-27,59","-27,59"
2025-08-02 15:30:00,"446,89833333333445","1135,8146666666664","49,526011173920175","12,23","-17,46","-17,46"
2025-08-02 15:45:00,"465,64700000000107","1689,2339999999997","47,52327836034366","12,58","-19,34","-19,34"
2025-08-02 16:00:00,"803,7816666666679","1451,5519999999997","45,41557196107563","2,6","36,58","36,58"
2025-08-02 16:15:00,"1094,0753333333344","1482,6579999999997","43,220244199926405","18,06","51,89","51,89"
2025-08-02 16:30:00,"2384,2803333333345","1976,9439999999995","40,9524667347893","20,1","14,27","14,27"
2025-08-02 16:45:00,"577,9583333333348","2351,851333333333","38,62559031674483","69,93","58,25","58,25"
2025-08-02 17:00:00,"558,7733333333348","2166,7976666666664","36,250990661089176","20,0","-46,68","-46,68"
2025-08-02 17:15:00,"867,3916666666681","1864,637333333333","33,83895064896316","30,09","117,43","117,43"
2025-08-02 17:30:00,"546,968333333335","1862,8036666666665","31,398519534863755","82,45","114,47","114,47"
2025-08-02 17:45:00,"675,5260000000015","1601,2529999999997","28,93780181960008","108,74","-12,7","-12,7"
2025-08-02 18:00:00,"499,0533333333349","1268,642333333333","26,46415841717588","20,0","16,52","16,52"
2025-08-02 18:15:00,"715,5476666666682","790,5469999999997","23,984372527687263","57,57","23,64","23,64"
2025-08-02 18:30:00,"367,8250000000016","425,2876666666663","21,50481901377224","109,94","108,79","108,79"
2025-08-02 18:45:00,"367,8250000000016","472,8758333333332","19,031599014060543","149,91","116,9","116,9"
2025-08-02 19:00:00,"283,2693333333333","520,464","16,57069989884369","40,08","131,74","131,74"
2025-08-02 19:15:00,"1474,2213333333334","564,5003333333333","14,128234308712358","75,08","107,51","107,51"
2025-08-02 19:30:00,"1283,8663333333334","463,1956666666666","11,710588360247424","122,41","100,17","100,17"
2025-08-02 19:45:00,"580,9703333333333","493,1373333333333","9,325600313901376","148,03","101,58","101,58"
2025-08-02 20:00:00,"774,7833333333333","185,576","6,981569521737335","82,56","89,24","89,24"
2025-08-02 20:15:00,"301,413","28,689666666666664","4,693458433010284","90,07","102,37","102,37"
2025-08-02 20:30:00,"301,977","43,572","2,490648565696432","124,0","123,98","123,98"
2025-08-02 20:45:00,"323,5266666666667","0,8489999999999955","0,4491101410210166","129,95","87,43","87,43"
2025-08-02 21:00:00,"327,55033333333336","0,0","-2,1778476490590104","95,09","185,79","185,79"
2025-08-02 21:15:00,"260,15366666666665","0,0","-4,300117932340821","106,09","194,9","194,9"
2025-08-02 21:30:00,"242,22066666666666","0,0","-6,354106285767206","122,41","144,55","144,55"
2025-08-02 21:45:00,"291,74966666666666","0,0","-8,332939579030741","117,41","203,15","203,15"
2025-08-02 22:00:00,"234,88333333333333","0,0","-10,22945662376668","92,58","203,59","203,59"
2025-08-02 22:15:00,"464,2116666666667","0,0","-12,0362229938804","92,79","108,97","108,97"
2025-08-02 22:30:00,"661,6753333333332","0,0","-13,745563409813364","114,91","78,26","78,26"
2025-08-02 22:45:00,"465,03966666666673","0,0","-15,34961276290434","109,91","63,69","63,69"
2025-08-02 23:00:00,"374,8419999999999","0,0","-16,840388983061615","87,83","59,57","59,57"
2025-08-02 23:15:00,"430,90399999999994","0,0","-18,20988997026442","82,6","48,28","48,28"
2025-08-02 23:30:00,"349,63666666666666","0,0","-19,4502138329288","109,92","64,71","64,71"
2025-08-02 23:45:00,"266,24033333333335","0,0","-20,55370209604694","104,92","50,95","50,95"
2025-08-03 00:00:00,"309,945","0,0","-21,513103034809934","100,9","39,84","39,84"
2025-08-03 00:15:00,"187,70600000000002","0,0","-22,32174846206637","90,3","23,99","23,99"
2025-08-03 00:30:00,"272,70666666666665","0,0","-22,973736444151086","80,9","103,84","103,84"
2025-08-03 00:45:00,"392,3306666666667","0,0","-23,4641097719233","87,5","10,55","10,55"
2025-08-03 01:00:00,"281,07133333333326","0,0","-23,789017769865207","88,7","94,91","94,91"
2025-08-03 01:15:00,"296,37666666666667","0,0","-23,94584993860349","81,7","83,04","83,04"
2025-08-03 01:30:00,"276,72566666666665","0,0","-23,933330628648363","85,84","100,21","100,21"
2025-08-03 01:45:00,"178,566","0,121666666666662","-23,751566408411037","72,4","75,46","75,46"
2025-08-03 02:00:00,"323,2123333333334","0,0","-23,40204224068113","84,5","73,95","73,95"
2025-08-03 02:15:00,"259,74566666666664","0,0","-22,88756657283621","78,1","44,33","44,33"
2025-08-03 02:30:00,"227,49666666666667","0,0","-22,21217031533787","74,8","32,82","32,82"
2025-08-03 02:45:00,"322,5926666666667","0,0","-21,38096836831321","71,4","38,16","38,16"
2025-08-03 03:00:00,"323,23799999999994","0,0","-20,399994308946315","84,58","37,55","37,55"
2025-08-03 03:15:00,"228,39333333333335","0,0","-19,2760208349459","70,5","26,82","26,82"
2025-08-03 03:30:00,"274,1196666666667","0,0","-18,01637746137608","68,8","30,45","30,45"
2025-08-03 03:45:00,"258,2886666666667","0,0","-16,628774931091225","77,4","27,56","27,56"
2025-08-03 04:00:00,"221,1493333333334","0,0","-15,121145055335496","79,4","24,41","24,41"
2025-08-03 04:15:00,"263,7920000000001","0,0","-13,50150094971485","77,3","19,79","19,79"
2025-08-03 04:30:00,"221,34166666666675","0,0","-11,777819810279984","69,3","33,65","33,65"
2025-08-03 04:45:00,"285,5716666666667","0,0","-9,957950273154582","66,0","31,27","31,27"
2025-08-03 05:00:00,"359,4903333333334","0,0","-8,04954311854468","73,3","40,75","40,75"
2025-08-03 05:15:00,"243,69966666666673","0,0","-6,060002678477806","72,5","39,7","39,7"
2025-08-03 05:30:00,"233,8553333333334","0,0","-3,9964580198166906","65,0","70,41","70,41"
2025-08-03 05:45:00,"296,3035000000001","0,0","-1,8657506277007732","67,0","77,89","77,89"
2025-08-03 06:00:00,"247,3263333333334","0,0","0,7283769745853353","70,08","32,13","32,13"
2025-08-03 06:15:00,"908,3966666666669","5,802333333333329","2,799488618043969","72,7","47,94","47,94"
2025-08-03 06:30:00,"2014,882","153,5","5,016201199747423","68,9","47,92","47,92"
2025-08-03 06:45:00,"1530,8883333333333","415,7196666666666","7,312016634742578","55,1","34,9","34,9"
2025-08-03 07:00:00,"637,8070000000001","514,3906666666667","9,660853889228171","102,44","28,29","28,29"
2025-08-03 07:15:00,"3563,103666666667","573,3416666666666","12,049368574443482","64,9","23,73","23,73"
2025-08-03 07:30:00,"1948,6043333333337","884,2216666666666","14,468604806814296","50,6","30,91","30,91"
2025-08-03 07:45:00,"373,1743333333333","597,6563333333332","16,911764414765603","43,5","20,93","20,93"
2025-08-03 08:00:00,"288,12066666666664","994,031","19,37169980984872","99,96","60,17","60,17"
2025-08-03 08:15:00,"289,2726666666667","803,4046666666667","21,8427173684266","58,8","21,93","21,93"
2025-08-03 08:30:00,"305,9806666666667","418,898","24,31879724801369","45,01","5,59","5,59"
2025-08-03 08:45:00,"548,5283333333334","456,43","26,79375160288925","34,6","-5,87","-5,87"
2025-08-03 09:00:00,"431,6466666666667","588,6779999999999","29,261096940434","94,93","55,44","55,44"
2025-08-03 09:15:00,"957,8753333333334","612,2656666666667","31,71391697648846","49,9","66,91","66,91"
2025-08-03 09:30:00,"233,429","620,6183333333332","34,1446628074947","32,3","31,48","31,48"
2025-08-03 09:45:00,"360,6323333333334","763,0633333333333","36,545024155197616","20,04","-8,58","-8,58"
2025-08-03 10:00:00,"289,17933333333326","663,0236666666667","38,90571778922682","60,9","-13,67","-13,67"
2025-08-03 10:15:00,"361,77866666666665","1353,9446666666668","41,21626465025173","30,5","1,18","1,18"
2025-08-03 10:30:00,"1670,3156666666666","2709,251333333334","43,46475710775176","23,1","6,73","6,73"
2025-08-03 10:45:00,"1262,5729999999999","2612,8370000000004","45,6376924789934","11,4","-0,43","-0,43"
2025-08-03 11:00:00,"810,978","2866,8280000000004","47,71928507967738","26,9","0,19","0,19"
2025-08-03 11:15:00,"610,4733333333334","2386,5080000000003","49,69188994680418","24,1","-0,36","-0,36"
2025-08-03 11:30:00,"531,8146666666667","3153,108","51,53539710036416","11,8","9,2","9,2"
2025-08-03 11:45:00,"773,9176666666667","4362,6106666666665","53,22734569378645","11,6","-4,97","-4,97"
2025-08-03 12:00:00,"605,053","5604,141666666667","54,7431874244792","26,1","-15,64","-15,64"
2025-08-03 12:15:00,"1505,7219999999998","1976,889","56,0569363785752","19,5","-5,73","-5,73"
2025-08-03 12:30:00,"2346,579333333333","1993,993333333333","57,14232119102648","-24,91","1,54","1,54"
2025-08-03 12:45:00,"469,9763333333332","2847,861333333333","57,97447661017715","3,47","-4,71","-4,71"
2025-08-03 13:00:00,"563,3253333333331","2774,862666666667","58,53207096750457","-13,31","13,98","13,98"
2025-08-03 13:15:00,"409,5036666666665","1719,3893333333333","58,79956528111157","15,9","6,12","6,12"
2025-08-03 13:30:00,"739,8809999999999","1439,024","58,7690997888326","8,4","-3,96","-3,96"
2025-08-03 13:45:00,"1936,9626666666668","2430,1673333333333","58,44161887356873","0,0","-0,91","-0,91"
2025-08-03 14:00:00,"1052,103","2936,3736666666664","57,82648361148316","12,4","43,07","43,07"
2025-08-03 14:15:00,"1677,7463333333333","1449,673","56,94061964288984","-23,12","60,57","60,57"
2025-08-03 14:30:00,"2207,2696666666666","2242,739","55,80622796152262","9,94","53,48","53,48"
2025-08-03 14:45:00,"1017,3826666666665","2873,6693333333333","54,44859752776466","9,99","1,28","1,28"
2025-08-03 15:00:00,"664,3306666666667","2307,661333333333","52,89404469240399","3,3","-1,72","-1,72"
2025-08-03 15:15:00,"1024,6386666666667","3371,0806666666663","51,16831399739276","9,92","-5,32","-5,32"
2025-08-03 15:30:00,"446,0586666666667","3308,626333333334","49,29557050106381","-25,42","39,31","39,31"
2025-08-03 15:45:00,"526,7879999999999","4650,994333333333","47,29780160635277","24,99","52,46","52,46"
2025-08-03 16:00:00,"462,355","3288,5906666666665","45,194628107405656","-0,97","-3,04","-3,04"
2025-08-03 16:15:00,"522,578","3618,5213333333336","43,0033552556693","-24,93","-1,49","-1,49"
2025-08-03 16:30:00,"499,56399999999996","2329,1373333333336","40,7391156079464","26,1","-2,95","-2,95"
2025-08-03 16:45:00,"440,13033333333334","2214,266","38,41534857365698","37,4","73,79","73,79"
2025-08-03 17:00:00,"612,834","3057,969333333334","36,043269069429215","11,8","-1,85","-1,85"
2025-08-03 17:15:00,"478,34400000000005","2049,0370000000003","33,63325999085184","30,47","0,22","0,22"
2025-08-03 17:30:00,"390,7133333333333","3241,7180000000003","31,194386495097632","54,9","28,07","28,07"
2025-08-03 17:45:00,"489,5956666666667","2123,7106666666664","28,73477885415157","82,7","16,11","16,11"
2025-08-03 18:00:00,"439,99633333333327","1343,371666666667","26,261825778192826","20,03","-21,97","-21,97"
2025-08-03 18:15:00,"1558,6156666666666","1229,55","23,78232723725803","64,3","-13,41","-13,41"
2025-08-03 18:30:00,"3708,2789999999995","917,5116666666668","21,302699383048694","94,0","2,35","2,35"
2025-08-03 18:45:00,"575,567","1586,311","18,82907822430516","121,66","6,62","6,62"
2025-08-03 19:00:00,"776,8444999999999","2120,805","16,367493701563816","50,04","25,4","25,4"
2025-08-03 19:15:00,"2074,387","821,6579999999999","13,924104112968813","83,07","84,93","84,93"
2025-08-03 19:30:00,"1374,2149999999997","373,7553333333333","11,505395812053184","99,0","100,56","100,56"
2025-08-03 19:45:00,"618,3046666666667","365,5093333333333","9,118833646601132","127,3","99,85","99,85"
2025-08-03 20:00:00,"693,7726666666667","272,1793333333333","6,774075253217595","90,24","102,41","102,41"
2025-08-03 20:15:00,"359,17766666666665","92,52266666666664","4,486449090860801","99,0","110,8","110,8"
2025-08-03 20:30:00,"456,3086666666666","11,277","2,288294717417216","102,7","102,5","102,5"
2025-08-03 20:45:00,"404,04100000000005","0,0","0,2632258335504466","106,4","95,53","95,53"
2025-08-03 21:00:00,"514,24","0,0","-2,399962475634703","99,79","108,45","108,45"
2025-08-03 21:15:00,"567,0466666666667","0,0","-4,525431935557973","105,3","82,25","82,25"
2025-08-03 21:30:00,"463,29533333333336","0,1213333333333333","-6,582758850599771","97,9","75,38","75,38"
2025-08-03 21:45:00,"593,577","0,0","-8,565037919105132","92,3","75,29","75,29"
2025-08-03 22:00:00,"481,2283333333333","0,0","-10,465071535759892","110,4","101,38","101,38"
2025-08-03 22:15:00,"414,41533333333336","0,0","-12,275384187298306","98,2","115,21","115,21"
2025-08-03 22:30:00,"577,6296666666666","0,0","-13,988254568855794","93,4","123,76","123,76"
2025-08-03 22:45:00,"484,1736666666667","0,0","-15,595766568690744","85,6","123,33","123,33"
2025-08-03 23:00:00,"477,4686666666667","0,0","-17,089882397564402","102,5","118,14","118,14"
2025-08-03 23:15:00,"378,76166666666666","0,0","-18,462540165066063","94,9","79,23","79,23"
2025-08-03 23:30:00,"177,2023333333333","0,0","-19,705775203054287","86,6","96,21","96,21"
2025-08-03 23:45:00,"274,40700000000004","0,0","-20,81186484130834","77,7","44,96","44,96"
2025-08-04 00:00:00,"215,66033333333334","0,0","-21,773493784973965","102,9","31,9","31,9"
2025-08-04 00:15:00,"245,00966666666667","0,0","-22,583933356061493","90,38","-76,22","-76,22"
2025-08-04 00:30:00,"289,43","0,0","-23,23722694030021","81,72","-20,76","-20,76"
2025-08-04 00:45:00,"243,34133333333332","0,0","-23,728371268525542","72,2","-5,59","-5,59"
2025-08-04 01:00:00,"338,7446666666667","0,0","-24,05348086001228","97,1","38,22","38,22"
2025-08-04 01:15:00,"337,04499999999996","0,0","-24,20992385208752","82,49","80,06","80,06"
2025-08-04 01:30:00,"171,16300000000004","0,0","-24,19641816125806","74,7","105,83","105,83"
2025-08-04 01:45:00,"258,6933333333334","0,0","-24,01307945250065","69,7","73,68","73,68"
2025-08-04 02:00:00,"244,7976666666667","0,1213333333333333","-23,661416947426968","80,7","15,48","15,48"
2025-08-04 02:15:00,"245,23566666666665","0,0","-23,14427721075479","83,6","48,59","48,59"
2025-08-04 02:30:00,"341,534","0,0","-22,465741041135","76,4","55,12","55,12"
2025-08-04 02:45:00,"252,98366666666666","0,0","-21,630982360054247","75,3","54,72","54,72"
2025-08-04 03:00:00,"324,92133333333334","0,0","-20,6460999891674","78,7","60,78","60,78"
2025-08-04 03:15:00,"310,0853333333333","0,0","-19,51793518677284","76,1","69,89","69,89"
2025-08-04 03:30:00,"175,596","0,0","-18,253886676541065","76,0","73,27","73,27"
2025-08-04 03:45:00,"292,3623333333333","0,0","-16,86173279103283","81,01","65,78","65,78"
2025-08-04 04:00:00,"221,33933333333334","0,0","-15,349469547628187","84,7","51,32","51,32"
2025-08-04 04:15:00,"178,4313333333333","0,0","-13,725169644677566","85,4","50,65","50,65"
2025-08-04 04:30:00,"320,65299999999996","0,0","-11,996864492743768","79,87","85,56","85,56"
2025-08-04 04:45:00,"279,98766666666666","0,121","-10,172451267257856","80,9","0,64","0,64"
2025-08-04 05:00:00,"324,49699999999996","0,0","-8,259623657458489","65,5","20,87","20,87"
2025-08-04 05:15:00,"291,271","0,0","-6,265823582841743","77,55","29,88","29,88"
2025-08-04 05:30:00,"274,6513333333333","0,0","-4,198212875479275","93,88","77,77","77,77"
2025-08-04 05:45:00,"2345,3740000000003","0,0","-2,0636615797630578","108,2","84,67","84,67"
2025-08-04 06:00:00,"1450,0949999999998","3,988333333333333","0,5613204262209679","73,8","10,76","10,76"
2025-08-04 06:15:00,"1280,2223333333334","47,534666666666666","2,620013505538627","97,8","34,43","34,43"
2025-08-04 06:30:00,"1083,7013333333334","23,700333333333333","4,834029140249883","109,7","65,19","65,19"
2025-08-04 06:45:00,"386,732","27,668333333333333","7,13023130600816","124,3","68,01","68,01"
2025-08-04 07:00:00,"490,3063333333333","69,20366666666666","9,480332827893944","117,2","65,42","65,42"
2025-08-04 07:15:00,"614,2726666666667","133,827","11,87025936681841","112,9","74,06","74,06"
2025-08-04 07:30:00,"548,4443333333334","115,92666666666668","14,290798159210318","113,3","75,97","75,97"
2025-08-04 07:45:00,"855,759","244,168","16,734750277747303","127,8","48,76","48,76"
2025-08-04 08:00:00,"428,78566666666666","397,9576666666667","19,195459138780496","130,0","77,81","77,81"
2025-08-04 08:15:00,"443,04299999999995","434,6929999999999","21,666889895020347","128,3","71,45","71,45"
2025-08-04 08:30:00,"345,53099999999995","400,207","24,142961135133497","116,7","62,33","62,33"
2025-08-04 08:45:00,"636,8543333333333","617,2570000000001","26,617451187073303","110,2","52,38","52,38"
2025-08-04 09:00:00,"559,825","590,9843333333333","29,08384346799104","134,97","63,11","63,11"
2025-08-04 09:15:00,"413,11166666666674","492,9566666666667","31,535172006176836","111,8","39,46","39,46"
2025-08-04 09:30:00,"378,0346666666667","738,3109999999999","33,963872737357576","90,0","24,35","24,35"
2025-08-04 09:45:00,"454,32866666666666","687,1350000000001","36,36160044931678","70,17","20,44","20,44"
2025-08-04 10:00:00,"413,008","644,0513333333334","38,71903824771327","129,98","103,13","103,13"
2025-08-04 10:15:00,"426,5573333333334","689,2053333333333","41,025676663326045","99,1","51,71","51,71"
2025-08-04 10:30:00,"449,91333333333336","1075,7616666666663","43,26958572628295","77,2","26,53","26,53"
2025-08-04 10:45:00,"441,39866666666666","1238,6936666666666","45,4372583639184","61,7","104,77","104,77"
2025-08-04 11:00:00,"608,0096666666667","1035,6793333333335","47,51291799586684","114,25","33,85","33,85"
2025-08-04 11:15:00,"446,9103333333333","1353,7679999999998","49,47895451482862","87,4","48,62","48,62"
2025-08-04 11:30:00,"432,1023333333333","1511,1736666666668","51,31534405924139","76,0","41,26","41,26"
2025-08-04 11:45:00,"555,0603333333333","1692,5189999999998","52,999767752308486","62,0","16,19","16,19"
2025-08-04 12:00:00,"598,971","1422,3496666666667","54,50788892446055","87,2","12,98","12,98"
2025-08-04 12:15:00,"3348,422333333333","753,64","55,81401076769343","71,4","-8,03","-8,03"
2025-08-04 12:30:00,"1629,4126666666664","994,9353333333332","56,89221840139985","53,5","-19,29","-19,29"
2025-08-04 12:45:00,"498,64866666666666","1089,5780000000002","57,71804933343358","47,31","-28,74","-28,74"
2025-08-04 13:00:00,"1160,3763333333334","1042,494333333333","58,27057231416604","42,59","78,56","78,56"
2025-08-04 13:15:00,"880,3766666666667","888,4599999999999","58,53457315008826","35,23","2,78","2,78"
2025-08-04 13:30:00,"473,11933333333326","780,097","58,50240865863278","39,6","-12,4","-12,4"
2025-08-04 13:45:00,"468,4876666666667","1572,5656666666666","58,17499509921547","22,58","-24,59","-24,59"
2025-08-04 14:00:00,"470,7523333333333","1554,0756666666666","57,56169397124062","30,03","7,19","7,19"
2025-08-04 14:15:00,"512,5556666666666","1596,255666666667","56,679084268272256","25,06","-12,54","-12,54"
2025-08-04 14:30:00,"442,9866666666666","1249,8446666666664","55,54901515722552","25,92","-18,89","-18,89"
2025-08-04 14:45:00,"506,2176666666667","998,754","54,19640413568971","35,8","-30,55","-30,55"
2025-08-04 15:00:00,"531,499","890,4159999999999","52,647224902869816","20,0","-23,9","-23,9"
2025-08-04 15:15:00,"415,9966666666666","1344,2","50,926944765904885","20,09","-20,91","-20,91"
2025-08-04 15:30:00,"528,7306666666667","1639,1476666666665","49,0595002588665","44,6","-36,75","-36,75"
2025-08-04 15:45:00,"526,7693333333333","2940,108","47,066721204396295","53,59","-30,63","-30,63"
2025-08-04 16:00:00,"467,28833333333336","2425,874","44,968124270263054","28,2","-8,41","-8,41"
2025-08-04 16:15:00,"526,3053333333332","1752,6633333333332","42,780942269321976","41,55","89,44","89,44"
2025-08-04 16:30:00,"409,19133333333343","910,1583333333334","40,5202855398417","59,8","95,5","95,5"
2025-08-04 16:45:00,"486,739","554,6659999999999","38,19941964275964","102,45","69,17","69,17"
2025-08-04 17:00:00,"460,72533333333337","738,0533333333333","35,82987261944505","34,6","85,83","85,83"
2025-08-04 17:15:00,"560,0366666666666","907,4943333333332","33,42189963027365","57,8","96,13","96,13"
2025-08-04 17:30:00,"525,6850000000001","1127,2883333333334","30,984583557924683","87,8","125,7","125,7"
2025-08-04 17:45:00,"664,3873333333335","1734,1043333333334","28,52607847823573","121,4","25,0","25,0"
2025-08-04 18:00:00,"422,3036666666668","1639,1816666666668","26,05379881970122","50,8","-8,35","-8,35"
2025-08-04 18:15:00,"470,6210000000001","775,6413333333333","23,57458692597323","78,0","-1,51","-1,51"
2025-08-04 18:30:00,"438,5843333333334","743,9226666666667","21,09487629263856","106,09","41,95","41,95"
2025-08-04 18:45:00,"412,27933333333345","410,5393333333334","18,620836241332476","137,5","44,89","44,89"
2025-08-04 19:00:00,"332,4640000000001","238,6543333333333","16,158537352430397","77,06","42,09","42,09"
2025-08-04 19:15:00,"1009,6290000000001","323,33366666666666","13,714136165818791","93,6","72,15","72,15"
2025-08-04 19:30:00,"1326,6660000000002","536,8263333333333","11,294242925701608","114,0","114,66","114,66"
2025-08-04 19:45:00,"344,41700000000014","389,9243333333333","8,906841381752772","131,3","138,92","138,92"
2025-08-04 20:00:00,"313,18200000000013","232,90666666666667","6,56136662639112","125,5","156,72","156,72"
2025-08-04 20:15:00,"496,33200000000016","173,80866666666665","4,274381915361325","113,9","72,18","72,18"
2025-08-04 20:30:00,"483,2533333333335","145,59066666666666","2,081521579372714","109,9","25,52","25,52"
2025-08-04 20:45:00,"409,55533333333346","4,593333333333334","0,073686959702009","121,66","-17,88","-17,88"
2025-08-04 21:00:00,"469,32166666666683","0,0","-2,6272820634987206","132,5","66,37","66,37"
2025-08-04 21:15:00,"403,1883333333335","0,0","-4,755954802454887","113,1","49,93","49,93"
2025-08-04 21:30:00,"456,3106666666668","0,0","-6,81662506090154","105,2","-8,38","-8,38"
2025-08-04 21:45:00,"396,9393333333335","0,0","-8,802354687052016","84,4","-34,79","-34,79"
2025-08-04 22:00:00,"435,6310000000002","0,0","-10,705908862503112","104,9","92,74","92,74"
2025-08-04 22:15:00,"570,9870000000002","0,0","-12,519770062970643","91,5","-12,32","-12,32"
2025-08-04 22:30:00,"502,23866666666686","0,0","-14,236169902625187","83,7","-53,61","-53,61"
2025-08-04 22:45:00,"636,2023333333334","0,0","-15,847140078875276","69,9","-33,51","-33,51"
2025-08-04 23:00:00,"537,5023333333335","0,0","-17,34458577580824","94,78","42,78","42,78"
2025-08-04 23:15:00,"456,6993333333335","0,0","-18,72038390609183","75,4","40,54","40,54"
2025-08-04 23:30:00,"307,4146666666669","0,0","-19,966505558446283","63,7","35,29","35,29"
2025-08-04 23:45:00,"314,94866666666684","0,0","-21,07516239606641","49,7","46,57","46,57"
2025-08-05 00:00:00,"257,1500000000002","0,1213333333333333","-22,03897414837393","64,9","67,38","67,38"
2025-08-05 00:15:00,"1524,1456666666668","0,0","-22,851150391105907","25,1","130,48","130,48"
2025-08-05 00:30:00,"813,0663333333335","0,0","-23,505678817771404","20,1","5,04","5,04"
2025-08-05 00:45:00,"259,341666666667","0,0","-23,99750942305888","32,25","16,88","16,88"
2025-08-05 01:00:00,"322,68400000000037","0,0","-24,322721661582744","20,1","32,81","32,81"
2025-08-05 01:15:00,"336,85800000000035","0,0","-24,47866252233908","26,9","22,65","22,65"
2025-08-05 01:30:00,"270,36800000000034","0,0","-24,46404420307908","39,3","24,05","24,05"
2025-08-05 01:45:00,"317,9223333333336","0,0","-24,278992668131053","33,6","19,71","19,71"
2025-08-05 02:00:00,"220,248666666667","0,0","-23,92504303660672","20,0","-15,3","-15,3"
2025-08-05 02:15:00,"250,80333333333365","0,0","-23,40508197996289","27,02","5,75","5,75"
2025-08-05 02:30:00,"434,60466666666696","0,0","-22,72324241598048","41,2","7,81","7,81"
2025-08-05 02:45:00,"269,6920000000003","0,1213333333333333","-21,88475964090103","40,8","0,56","0,56"
2025-08-05 03:00:00,"255,52533333333366","0,0","-20,895800078694368","39,91","30,79","30,79"
2025-08-05 03:15:00,"281,5033333333336","0,0","-19,763275809066283","39,91","20,16","20,16"
2025-08-05 03:30:00,"219,90166666666696","0,0","-18,49465684459329","42,6","22,84","22,84"
2025-08-05 03:45:00,"356,02600000000035","0,0","-17,097790953661853","40,41","44,16","44,16"
2025-08-05 04:00:00,"256,704666666667","0,0","-15,580739938947753","38,51","-8,55","-8,55"
2025-08-05 04:15:00,"217,33766666666696","0,0","-13,951637386145938","40,0","40,38","40,38"
2025-08-05 04:30:00,"339,59133333333364","0,0","-12,21856996058679","55,2","44,64","44,64"
2025-08-05 04:45:00,"307,066666666667","0,0","-10,38948417472567","62,0","55,99","55,99"
2025-08-05 05:00:00,"696,457666666667","0,0","-8,472117211571826","44,98","79,24","79,24"
2025-08-05 05:15:00,"1667,9903333333336","0,0","-6,473948986641468","59,99","88,41","88,41"
2025-08-05 05:30:00,"472,220666666667","0,122","-4,40217436278145","81,4","101,96","101,96"
2025-08-05 05:45:00,"3482,3710000000005","0,0","-2,2636921012030027","94,8","87,96","87,96"
2025-08-05 06:00:00,"692,805666666667","2,4173333333333336","0,3908438528374917","60,1","57,98","57,98"
2025-08-05 06:15:00,"230,64000000000033","51,29366666666666","2,437378472942123","81,4","97,94","97,94"
2025-08-05 06:30:00,"372,64933333333363","146,907","4,648861687288724","96,58","91,49","91,49"
2025-08-05 06:45:00,"391,98233333333366","239,08966666666663","6,945663603949738","109,93","92,1","92,1"
2025-08-05 07:00:00,"1653,070666666667","328,712","9,29720235511738","95,5","93,42","93,42"
2025-08-05 07:15:00,"755,5380000000004","398,5773333333333","11,688708155420043","90,96","91,9","91,9"
2025-08-05 07:30:00,"523,7150000000003","472,4683333333333","14,11066815309613","86,6","83,43","83,43"
2025-08-05 07:45:00,"376,12366666666696","557,4656666666665","16,555700990626114","84,94","51,56","51,56"
2025-08-05 08:00:00,"349,1150000000003","785,9366666666667","19,01719858409469","99,97","85,81","85,81"
2025-08-05 08:15:00,"599,2680000000004","1175,3413333333335","21,489008492252463","89,44","92,81","92,81"
2025-08-05 08:30:00,"936,4060000000003","1594,6563333333336","23,965029209825744","72,7","83,99","83,99"
2025-08-05 08:45:00,"369,84133333333364","2040,1620000000005","26,439003904666063","62,8","80,04","80,04"
2025-08-05 09:00:00,"607,2320000000003","2650,9406666666664","28,904381939841794","76,5","87,69","87,69"
2025-08-05 09:15:00,"495,7846666666669","3264,280333333333","31,35413529201961","25,06","572,96","572,96"
2025-08-05 09:30:00,"1578,9550000000006","3520,6060000000007","33,780697950330726","10,09","384,93","384,93"
2025-08-05 09:45:00,"857,3173333333336","3704,914666666668","36,1756889006944","4,86","81,59","81,59"
2025-08-05 10:00:00,"642,7460000000002","3871,8043333333335","38,52975697958674","50,0","59,4","59,4"
2025-08-05 10:15:00,"2658,0893333333333","4063,609","40,83237605739788","5,07","35,09","35,09"
2025-08-05 10:30:00,"2530,7836666666667","3513,562666666667","43,071577531346776","-14,91","43,47","43,47"
2025-08-05 10:45:00,"4238,708","3129,987333333333","45,23373371084333","-9,6","15,09","15,09"
2025-08-05 11:00:00,"3214,3223333333335","3224,610666666667","47,303300756793554","34,97","73,31","73,31"
2025-08-05 11:15:00,"2854,0373333333328","2204,8776666666668","49,26260722800186","-14,91","181,95","181,95"
2025-08-05 11:30:00,"2892,02","2196,1113333333333","51,09170977046888","-14,58","103,36","103,36"
2025-08-05 11:45:00,"2316,3216666666667","2800,4276666666665","52,76843335529779","-5,09","32,86","32,86"
2025-08-05 12:00:00,"500,35566666666665","2360,46","54,26865480575104","14,96","-1,22","-1,22"
2025-08-05 12:15:00,"580,1469999999999","2982,3155","55,56697023257106","0,07","61,9","61,9"
2025-08-05 12:30:00,"587,9543333333332","4222,094","56,63781943542822","-10,07","-1,4","-1,4"
2025-08-05 12:45:00,"1635,2276666666664","3551,3789999999995","57,457142643412986","-14,95","5,72","5,72"
2025-08-05 13:00:00,"5548,3606666666665","2089,041","58,00440852483649","6,29","-1,86","-1,86"
2025-08-05 13:15:00,"1871,638333333333","1186,5696666666663","58,26474487959222","-10,01","-13,34","-13,34"
2025-08-05 13:30:00,"629,1613333333331","1670,7983333333332","58,23070925251201","-14,91","-15,46","-15,46"
2025-08-05 13:45:00,"564,2863333333331","2896,151666666667","57,90327583686432","-14,96","-12,05","-12,05"
2025-08-05 14:00:00,"450,6999999999997","3282,8466666666664","57,29163199576087","-1,0","-7,05","-7,05"
2025-08-05 14:15:00,"713,9099999999997","3267,9843333333333","56,41212017615421","-7,93","-4,77","-4,77"
2025-08-05 14:30:00,"1149,4893333333332","5063,671333333333","55,28623684612773","-14,93","-6,8","-6,8"
2025-08-05 14:45:00,"1429,0739999999998","4990,81","53,93853065179007","-14,94","-11,41","-11,41"
2025-08-05 15:00:00,"1648,9013333333328","3473,592666666667","52,39463285045032","-4,1","-7,98","-7,98"
2025-08-05 15:15:00,"1514,656333333333","4704,198333333334","50,679729476400034","-2,3","-74,08","-74,08"
2025-08-05 15:30:00,"597,2949999999998","3277,034","48,81752717829735","-10,01","-18,02","-18,02"
2025-08-05 15:45:00,"829,5479999999997","418,114","46,829694147721625","2,91","-8,9","-8,9"
2025-08-05 16:00:00,"824,8176666666664","1061,6313333333333","44,7356386677866","-5,7","-15,98","-15,98"
2025-08-05 16:15:00,"558,9603333333331","2923,215666666666","42,5525261477733","-6,58","11,22","11,22"
2025-08-05 16:30:00,"633,957333333333","3947,56","40,29543312802402","-14,91","48,97","48,97"
2025-08-05 16:45:00,"569,0433333333331","3987,741666666667","37,97764829174401","15,7","-8,23","-8,23"
2025-08-05 17:00:00,"569,3186666666664","3483,715666666667","35,610608918205244","-14,93","7,17","7,17"
2025-08-05 17:15:00,"649,1043333333331","1745,2933333333335","33,20465384417905","-14,9","55,76","55,76"
2025-08-05 17:30:00,"714,1276666666663","390,883666666667","30,76886861533458","-3,59","37,59","37,59"
2025-08-05 17:45:00,"810,3613333333332","783,9483333333336","28,311428265111516","36,2","55,79","55,79"
2025-08-05 18:00:00,"749,1563333333331","1308,2943333333335","25,839769664928014","-0,09","106,39","106,39"
2025-08-05 18:15:00,"1121,8716666666664","644,544666666667","23,360764102041188","-9,92","56,82","56,82"
2025-08-05 18:30:00,"444,7226666666664","721,2840000000003","20,88086403055738","41,26","78,4","78,4"
2025-08-05 18:45:00,"551,0396666666662","761,7230000000003","18,406263642123204","55,9","116,38","116,38"
2025-08-05 19:00:00,"687,2646666666664","288,78566666666694","15,943061574711171","44,97","78,17","78,17"
2025-08-05 19:15:00,"850,601333333333","108,32533333333362","13,497467537087443","67,3","103,25","103,25"
2025-08-05 19:30:00,"475,5976666666664","47,8740000000003","11,076138707367836","89,15","-15,65","-15,65"
2025-08-05 19:45:00,"535,760333333333","7,504666666666962","8,687387791821616","112,0","94,84","94,84"
2025-08-05 20:00:00,"605,4266666666663","3,52533333333363","6,340506248753432","77,3","92,85","92,85"
2025-08-05 20:15:00,"356,75266666666636","0,0","4,053201425704569","89,0","141,85","141,85"
2025-08-05 20:30:00,"480,0726666666663","44,59566666666696","1,8640287821405583","95,74","17,28","17,28"
2025-08-05 20:45:00,"461,1339999999997","10,886000000000296","-0,1319585267654018","98,9","-10,74","-10,74"
2025-08-05 21:00:00,"446,19733333333295","0,0","-2,8597330893348745","101,6","46,88","46,88"
2025-08-05 21:15:00,"545,1719999999997","0,0","-4,9916121206712","98,04","57,77","57,77"
2025-08-05 21:30:00,"745,1919999999998","0,0","-7,055629458645906","87,95","94,0","94,0"
2025-08-05 21:45:00,"382,8846666666663","0,1213333333336294","-9,044813432064394","77,9","-8,76","-8,76"
2025-08-05 22:00:00,"439,09466666666634","0,0","-10,951891221327935","96,8","36,73","36,73"
2025-08-05 22:15:00,"431,33033333333293","0,0","-12,769302372584646","85,1","24,27","24,27"
2025-08-05 22:30:00,"459,92099999999965","0,0","-14,489230365384095","82,92","10,79","10,79"
2025-08-05 22:45:00,"473,9779999999996","0,0","-16,10365351739585","75,9","-13,4","-13,4"
2025-08-05 23:00:00,"489,51499999999965","0,0","-17,604418671656283","90,74","71,3","71,3"
2025-08-05 23:15:00,"505,84266666666633","0,0","-18,98334012794348","81,9","-13,75","-13,75"
2025-08-05 23:30:00,"263,94233333333295","0,1213333333336294","-20,23232325332216","72,5","-10,59","-10,59"
2025-08-05 23:45:00,"256,1109999999996","0,0","-21,343512557191467","61,1","43,07","43,07"
2025-08-06 00:00:00,"276,6579999999996","0,0","-22,30946137161122","87,6","55,09","55,09"
2025-08-06 00:15:00,"189,1636666666663","0,0","-23,123316256204657","76,7","70,44","70,44"
2025-08-06 00:30:00,"337,56099999999964","0,0","-23,779008190398667","61,36","72,54","72,54"
2025-08-06 00:45:00,"331,46933333333294","0,0","-24,27143975322788","49,3","59,58","59,58"
2025-08-06 01:00:00,"241,5429999999996","0,0","-24,596655080447093","69,6","45,96","45,96"
2025-08-06 01:15:00,"369,857333333333","0,0","-24,7519802436152","61,6","49,03","49,03"
2025-08-06 01:30:00,"303,7076666666663","0,0","-24,736122463201127","57,82","68,55","68,55"
2025-08-06 01:45:00,"206,75366666666628","0,0","-24,54921924092816","50,8","51,76","51,76"
2025-08-06 02:00:00,"299,6684999999994","0,0","-24,19283327374103","57,11","35,07","35,07"
2025-08-06 02:15:00,"291,0016666666663","0,0","-23,66989337374947","55,4","24,52","24,52"
2025-08-06 02:30:00,"242,74366666666634","0,0","-22,984586852252036","55,3","89,49","89,49"
2025-08-06 02:45:00,"292,55133333333293","0,0","-22,14221277176423","55,0","82,29","82,29"
2025-08-06 03:00:00,"285,1083333333329","0,1216666666669627","-21,149007547632877","56,8","-10,22","-10,22"
2025-08-06 03:15:00,"285,1799999999996","0,0","-20,01195636176716","69,9","-2,95","-2,95"
2025-08-06 03:30:00,"365,8996666666663","0,0","-18,738602607243408","54,15","-13,36","-13,36"
2025-08-06 03:45:00,"267,90266666666633","0,0","-17,336865332629905","53,8","42,96","42,96"
2025-08-06 04:00:00,"168,3806666666663","0,0","-15,814873695627778","48,3","87,88","87,88"
2025-08-06 04:15:00,"289,373333333333","0,0","-14,18082345716729","53,1","77,77","77,77"
2025-08-06 04:30:00,"269,5206666666663","0,0","-12,4428575540141","73,74","109,22","109,22"
2025-08-06 04:45:00,"263,797333333333","0,0","-10,608972606109813","62,1","99,66","99,66"
2025-08-06 05:00:00,"308,63433333333296","0,1213333333336294","-8,686949847380106","52,9","-8,29","-8,29"
2025-08-06 05:15:00,"272,1706666666663","0,0","-6,68430756772609","63,0","84,86","84,86"
2025-08-06 05:30:00,"487,36533333333296","0,0","-4,608273897967509","82,9","85,99","85,99"
2025-08-06 05:45:00,"3241,4243333333334","0,0","-2,465776444273717","97,2","80,26","80,26"
2025-08-06 06:00:00,"2910,164999999999","0,0","0,2107766488413072","60,06","25,4","25,4"
2025-08-06 06:15:00,"1456,335666666666","28,685000000000297","2,2485069187094244","88,3","66,02","66,02"
2025-08-06 06:30:00,"758,7583333333328","140,0640000000003","4,458803109590109","98,32","66,76","66,76"
2025-08-06 06:45:00,"247,20533333333276","305,4220000000003","6,757005056740656","103,6","73,06","73,06"
2025-08-06 07:00:00,"407,46133333333273","514,4960000000003","9,110492133958807","119,97","91,26","91,26"
2025-08-06 07:15:00,"632,3809999999995","648,6300000000002","11,503869514143242","105,07","79,88","79,88"
2025-08-06 07:30:00,"348,98666666666605","811,0430000000003","13,927456586982045","83,5","58,56","58,56"
2025-08-06 07:45:00,"309,51133333333274","885,433666666667","16,373900839378937","54,0","88,23","88,23"
2025-08-06 08:00:00,"227,03899999999942","1124,1943333333336","18,8362830520066","129,91","235,2","235,2"
2025-08-06 08:15:00,"897,546666666666","1400,5800000000004","21,308587806051907","89,3","264,96","264,96"
2025-08-06 08:30:00,"409,55699999999945","1824,310666666667","23,784634483242503","58,1","176,54","176,54"
2025-08-06 08:45:00,"483,8289999999994","2283,8880000000004","26,25813801103178","20,0","93,64","93,64"
2025-08-06 09:00:00,"488,0159999999994","2779,1083333333336","28,72251835208909","89,0","302,1","302,1"
2025-08-06 09:15:00,"468,62399999999946","3226,913666666667","31,170737334742917","15,37","122,32","122,32"
2025-08-06 09:30:00,"627,7699999999994","3577,8633333333337","33,59517176385732","-14,9","92,7","92,7"
2025-08-06 09:45:00,"489,683666666666","3699,402000000001","35,98740825831745","-9,98","-59,05","-59,05"
2025-08-06 10:00:00,"438,3169999999994","3881,423666666667","38,33806408681791","49,97","-109,63","-109,63"
2025-08-06 10:15:00,"514,7283333333328","3976,155333333333","40,636577394575","-4,91","-15,0","-15,0"
2025-08-06 10:30:00,"484,22399999999936","4120,582666666667","42,870967740437536","-14,91","-3,91","-3,91"
2025-08-06 10:45:00,"506,9726666666661","4312,524333333333","45,02767480223286","-14,98","-13,01","-13,01"
2025-08-06 11:00:00,"305,97533333333274","3832,954666666667","47,09101568615457","17,74","-7,58","-7,58"
2025-08-06 11:15:00,"403,8046666666661","4283,944333333334","49,04343952967794","1,2","15,7","15,7"
2025-08-06 11:30:00,"450,79133333333283","4609,530000000001","50,86509451537533","-8,3","-8,16","-8,16"
2025-08-06 11:45:00,"295,7986666666662","4387,585666666667","52,5339522282943","-14,91","62,63","62,63"
2025-08-06 12:00:00,"323,2189999999994","4358,905000000001","54,02610572644485","2,56","25,32","25,32"
2025-08-06 12:15:00,"375,2583333333328","4527,532666666668","55,3164382694211","-3,1","4,85","4,85"
2025-08-06 12:30:00,"320,90833333333285","4826,664000000001","56,379754689177176","-10,01","17,16","17,16"
2025-08-06 12:45:00,"1748,327666666666","5008,224000000001","57,1923983915493","-10,09","0,07","0,07"
2025-08-06 13:00:00,"1907,646333333333","4807,396333333334","57,734237909688666","-0,3","-6,38","-6,38"
2025-08-06 13:15:00,"2867,847333333333","4640,740666666667","57,9907302662242","-5,4","6,42","6,42"
2025-08-06 13:30:00,"2972,824333333333","4761,591","57,95464859751688","-8,6","1,09","1,09"
2025-08-06 13:45:00,"3027,4763333333326","4631,4383333333335","57,62700988218849","-10,55","-13,48","-13,48"
2025-08-06 14:00:00,"3631,7013333333325","5091,082666666668","57,01688953277578","-15,0","-8,89","-8,89"
2025-08-06 14:15:00,"3588,462","4451,335666666667","56,14034450663013","-12,47","-11,01","-11,01"
2025-08-06 14:30:00,"3505,4243333333325","4203,198666666667","55,01853998646028","0,5","-9,36","-9,36"
2025-08-06 14:45:00,"3523,1446666666657","4451,944333333335","53,67565880333453","10,6","-7,47","-7,47"
2025-08-06 15:00:00,"3270,6809999999996","4329,171333333334","52,13699052204937","-14,6","-25,95","-25,95"
2025-08-06 15:15:00,"1737,3436666666662","4307,772666666668","50,42743622463287","-12,43","-46,66","-46,66"
2025-08-06 15:30:00,"4264,821333333333","4031,292","48,570472201165096","8,6","-15,89","-15,89"
2025-08-06 15:45:00,"3613,247666666666","4012,859000000001","46,587601718398325","20,5","-12,18","-12,18"
2025-08-06 16:00:00,"3451,4073333333336","4109,597333333334","44,49812128713082","-11,6","-55,78","-55,78"
2025-08-06 16:15:00,"3415,6420000000003","3757,9870000000014","42,31912525927356","-5,3","-15,8","-15,8"
2025-08-06 16:30:00,"3345,4919999999997","3746,5973333333336","40,06565425852893","20,0","-10,0","-10,0"
2025-08-06 16:45:00,"3483,280333333333","3704,281666666667","37,75091781637017","36,9","-2,42","-2,42"
2025-08-06 17:00:00,"3413,094666666666","3176,819333333334","35,386489630688814","20,0","-17,15","-17,15"
2025-08-06 17:15:00,"3314,200666666666","3360,880666666668","32,98263911377748","25,56","-6,37","-6,37"
2025-08-06 17:30:00,"2886,1076666666663","3447,8050000000007","30,548479785337214","68,2","130,93","130,93"
2025-08-06 17:45:00,"1681,497333333333","3220,3523333333337","28,092208709411203","104,0","114,82","114,82"
2025-08-06 18:00:00,"1840,9236666666666","2978,6533333333336","25,62128728111981","45,3","123,88","123,88"
2025-08-06 18:15:00,"4926,822999999999","2684,6800000000007","23,14260877593285","72,9","74,72","74,72"
2025-08-06 18:30:00,"1539,211333333333","2259,8060000000005","20,662657665404016","108,9","135,0","135,0"
2025-08-06 18:45:00,"1570,6276666666665","1924,811333333334","18,18766038235942","144,97","122,25","122,25"
2025-08-06 19:00:00,"1647,9643333333331","1457,7430000000006","15,72375544494728","75,9","74,4","74,4"
2025-08-06 19:15:00,"539,3816666666663","1334,7720000000004","13,277218974321766","106,37","141,36","141,36"
2025-08-06 19:30:00,"547,8869999999997","1214,915333333334","10,854794666566882","131,2","146,87","146,87"
2025-08-06 19:45:00,"714,3116666666664","863,3983333333339","8,464969759748476","152,2","245,49","245,49"
2025-08-06 20:00:00,"507,19333333333304","605,5853333333339","6,117498218484603","126,5","97,01","97,01"
2025-08-06 20:15:00,"363,4629999999998","316,808333333334","3,831230080540249","148,76","167,26","167,26"
2025-08-06 20:30:00,"303,1753333333331","137,85233333333397","1,6488903014479912","154,94","161,23","161,23"
2025-08-06 20:45:00,"867,0069999999997","8,731333333333925","-0,901134055947034","159,92","163,11","163,11"
2025-08-06 21:00:00,"2338,188333333333","0,0","-3,097239830804028","173,07","126,12","126,12"
2025-08-06 21:15:00,"1508,7579999999996","0,0","-5,232327196944059","154,96","95,89","95,89"
2025-08-06 21:30:00,"710,9659999999999","0,0","-7,299694429142085","149,97","77,07","77,07"
2025-08-06 21:45:00,"565,6429999999998","0,0","-9,292335679158812","149,96","64,22","64,22"
2025-08-06 22:00:00,"511,72266666666656","0,0","-11,20293934519431","137,67","142,77","142,77"
2025-08-06 22:15:00,"492,3806666666664","0,0","-13,023901132353068","113,1","140,37","140,37"
2025-08-06 22:30:00,"723,7673333333331","0,0","-14,747355333379272","113,5","133,13","133,13"
2025-08-06 22:45:00,"493,3109999999998","0,0","-16,365225694780804","104,0","127,51","127,51"
2025-08-06 23:00:00,"381,19199999999984","0,0","-17,869299398687993","118,73","123,33","123,33"
2025-08-06 23:15:00,"293,72066666666655","0,0","-19,251326706039748","111,6","110,41","110,41"
2025-08-06 23:30:00,"478,36433333333315","0,0","-20,503145768777557","104,8","91,08","91,08"
2025-08-06 23:45:00,"237,15966666666654","0,1213333333339254","-21,61683243934005","96,7","60,24","60,24"
2025-08-07 00:00:00,"229,54866666666652","0,0","-22,584872213113822","120,16","112,07","112,07"
2025-08-07 00:15:00,"354,11699999999985","0,0","-23,400347348625143","106,1","109,27","109,27"
2025-08-07 00:30:00,"194,89899999999986","0,0","-24,057131077276168","97,8","103,66","103,66"
2025-08-07 00:45:00,"266,59099999999984","0,0","-24,55007787817676","91,3","83,53","83,53"
2025-08-07 01:00:00,"272,9613333333332","0,0","-24,87519631847316","105,3","89,76","89,76"
2025-08-07 01:15:00,"261,13333333333316","0,0","-25,029791798292123","100,0","108,82","108,82"
2025-08-07 01:30:00,"358,7439999999998","0,0","-25,01256732810428","94,0","90,19","90,19"
2025-08-07 01:45:00,"258,4853333333332","0,0","-24,82367322030366","89,09","75,26","75,26"
2025-08-07 02:00:00,"290,52399999999983","0,0","-24,464701472053545","100,7","90,15","90,15"
2025-08-07 02:15:00,"298,9866666666665","0,0","-23,938625114561397","95,0","78,76","78,76"
2025-08-07 02:30:00,"170,67233333333317","0,0","-23,249688170674983","92,4","80,34","80,34"
2025-08-07 02:45:00,"333,0433333333331","0,0","-22,40325589921816","89,23","72,74","72,74"
2025-08-07 03:00:00,"226,15699999999987","0,0","-21,40563712631038","100,27","81,17","81,17"
2025-08-07 03:15:00,"251,37599999999983","0,1213333333339254","-20,26389243713976","92,4","69,49","69,49"
2025-08-07 03:30:00,"355,64299999999986","0,0","-18,985640705350747","90,5","72,28","72,28"
2025-08-07 03:45:00,"264,6583333333332","0,0","-17,578874103836853","88,6","59,78","59,78"
2025-08-07 04:00:00,"303,2613333333332","0,0","-16,05179070452359","96,72","66,75","66,75"
2025-08-07 04:15:00,"288,48199999999986","0,0","-14,41264971203654","90,7","72,5","72,5"
2025-08-07 04:30:00,"165,69199999999984","0,0","-12,66965132793078","91,9","87,91","87,91"
2025-08-07 04:45:00,"270,4703333333332","0,0","-10,830843022504968","92,4","91,8","91,8"
2025-08-07 05:00:00,"199,16066666666651","0,1210000000005921","-8,904050608273332","102,31","88,03","88,03"
2025-08-07 05:15:00,"300,8899999999999","0,0","-6,896831097880197","88,8","75,34","75,34"
2025-08-07 05:30:00,"397,9159999999999","0,0","-4,816446097068447","102,7","80,01","80,01"
2025-08-07 05:45:00,"453,02849999999984","0,0","-2,669852158536687","115,4","42,0","42,0"
2025-08-07 06:00:00,"2518,781333333333","0,0","0,040512195220402","85,3","48,3","48,3"
2025-08-07 06:15:00,"1711,0053333333333","16,49166666666726","2,0642499295282946","108,6","56,0","56,0"
2025-08-07 06:30:00,"1149,1786666666665","121,64733333333392","4,270856900100639","117,02","45,56","45,56"
2025-08-07 06:45:00,"335,6993333333332","192,237333333334","6,569326094582582","125,92","39,29","39,29"
2025-08-07 07:00:00,"1153,986333333333","284,70833333333394","8,92414223411153","136,0","83,64","83,64"
2025-08-07 07:15:00,"4340,3876666666665","424,92566666666727","11,319062425150031","117,7","59,03","59,03"
2025-08-07 07:30:00,"801,6463333333334","673,929333333334","13,744044204580405","101,8","65,7","65,7"
2025-08-07 07:45:00,"1192,8970000000002","802,4236666666673","16,191432912655415","75,04","63,01","63,01"
2025-08-07 08:00:00,"318,2893333333334","1031,036666666667","18,65457617910141","144,99","106,8","106,8"
2025-08-07 08:15:00,"363,2710000000001","1362,066333333334","21,12719616132821","105,81","130,14","130,14"
2025-08-07 08:30:00,"358,78799999999995","1867,2110000000005","23,60310823101884","74,7","115,03","115,03"
2025-08-07 08:45:00,"515,6853333333333","2199,0443333333337","26,07599082561828","42,9","89,68","89,68"
2025-08-07 09:00:00,"616,9196666666667","3534,6630000000005","28,539228880639445","122,4","110,85","110,85"
2025-08-07 09:15:00,"514,4300000000001","1980,727666666668","30,98574887634519","82,2","128,43","128,43"
2025-08-07 09:30:00,"648,2996666666666","3455,670666666668","33,40789267460276","60,8","84,15","84,15"
2025-08-07 09:45:00,"573,9996666666667","3986,784333333334","35,79721170081857","34,2","92,56","92,56"
2025-08-07 10:00:00,"767,224","3586,5633333333344","38,14428963212035","69,25","118,75","118,75"
2025-08-07 10:15:00,"554,0333333333333","4020,7933333333335","40,438540490296425","40,01","225,49","225,49"
2025-08-07 10:30:00,"542,7520000000001","4019,343","42,667956272100376","20,0","-29,44","-29,44"
2025-08-07 10:45:00,"580,0930000000001","4024,109666666668","44,81894099732144","5,03","-96,78","-96,78"
2025-08-07 11:00:00,"518,015","4045,393333333334","46,87588134031977","30,04","-36,05","-36,05"
2025-08-07 11:15:00,"549,918","4080,801000000001","48,821244819427925","-1,23","-24,73","-24,73"
2025-08-07 11:30:00,"376,1326666666667","4304,612666666668","50,63527118989578","5,03","-47,84","-47,84"
2025-08-07 11:45:00,"499,84133333333335","4217,125","52,296080506538296","-9,98","-56,65","-56,65"
2025-08-07 12:00:00,"389,29833333333335","4307,4490000000005","53,77998382896691","15,04","-0,28","-0,28"
2025-08-07 12:15:00,"2293,484","4095,3310000000006","55,06215630942656","0,68","-2,74","-2,74"
2025-08-07 12:30:00,"2946,3803333333335","4652,334000000001","56,11776439574512","-4,98","-1,63","-1,63"
2025-08-07 12:45:00,"4383,969666666666","4690,080333333333","56,923554129606565","-14,93","-7,21","-7,21"
2025-08-07 13:00:00,"3441,805","4802,172333333334","57,4597927643807","11,55","-9,57","-9,57"
2025-08-07 13:15:00,"2959,093","4779,042","57,71227318815041","3,09","-20,84","-20,84"
2025-08-07 13:30:00,"2759,880666666666","4973,4113333333335","57,67397736862876","-5,9","-17,49","-17,49"
2025-08-07 13:45:00,"2843,156","4904,438000000002","57,34599780145529","-13,1","-43,86","-43,86"
2025-08-07 14:00:00,"3094,2276666666667","4869,469333333334","56,737229201145055","-9,9","-29,63","-29,63"
2025-08-07 14:15:00,"3917,4643333333333","4740,492666666667","55,86351301050866","-6,26","-32,41","-32,41"
2025-08-07 14:30:00,"3969,6886666666664","4608,4710000000005","54,74566880746348","3,9","-27,42","-27,42"
2025-08-07 14:45:00,"3886,342333333333","4414,838333333335","53,40751704516254","8,4","43,32","43,32"
2025-08-07 15:00:00,"4028,3996666666662","4306,201666666668","51,87400678054887","-11,51","-15,38","-15,38"
2025-08-07 15:15:00,"1327,1293333333329","3862,2560000000008","50,16974748972852","-9,9","12,29","12,29"
2025-08-07 15:30:00,"302,7956666666664","3524,4140000000007","48,31798783244778","5,06","-3,53","-3,53"
2025-08-07 15:45:00,"468,3839999999997","4080,322333333334","46,34006290114166","17,2","-3,41","-3,41"
2025-08-07 16:00:00,"192,38266666666638","3895,6303333333335","44,25515392465747","-14,97","-20,74","-20,74"
2025-08-07 16:15:00,"1223,235333333333","3191,422666666668","42,08027774817694","-3,33","-16,96","-16,96"
2025-08-07 16:30:00,"4417,678666666667","3793,6673333333338","39,8304385538905","10,09","5,28","5,28"
2025-08-07 16:45:00,"4296,191333333333","3663,050333333334","37,51889332699052","43,4","69,92","69,92"
2025-08-07 17:00:00,"2703,631999999999","3678,290666666667","35,15709652433737","16,0","37,19","37,19"
2025-08-07 17:15:00,"1837,6390000000001","3360,211000000001","32,75538590571404","42,2","81,23","81,23"
2025-08-07 17:30:00,"2174,807666666666","2954,1860000000006","30,322888844319344","84,1","107,37","107,37"
2025-08-07 17:45:00,"2393,7119999999995","3094,1040000000003","27,86782365029026","129,36","128,29","128,29"
2025-08-07 18:00:00,"2335,818666666666","2785,0180000000005","25,39767580687017","45,05","104,0","104,0"
2025-08-07 18:15:00,"4963,396333333334","2365,4560000000006","22,919371128147144","81,18","132,33","132,33"
2025-08-07 18:30:00,"1822,0246666666667","2183,906333333334","20,439418604851856","114,0","142,39","142,39"
2025-08-07 18:45:00,"276,307","1816,2380000000005","17,964078933851855","150,0","146,68","146,68"
2025-08-07 19:00:00,"343,179","1502,5406666666674","15,49953420899221","75,03","46,51","46,51"
2025-08-07 19:15:00,"172,264","1101,6636666666673","13,05208845464789","105,0","69,85","69,85"
2025-08-07 19:30:00,"311,45366666666666","824,5676666666673","10,62861166713611","132,6","141,22","141,22"
2025-08-07 19:45:00,"327,16466666666673","632,1383333333339","8,237362843493447","159,98","186,08","186,08"
2025-08-07 20:00:00,"147,62","446,1310000000005","5,889290453385226","132,6","106,89","106,89"
2025-08-07 20:15:00,"283,82466666666664","246,16666666666728","3,6044004318166634","143,36","168,67","168,67"
2025-08-07 20:30:00,"273,62166666666667","90,8480000000006","1,4300850504312963","159,96","161,65","161,65"
2025-08-07 20:45:00,"298,4253333333333","3,3953333333339257","-1,140582138130183","159,95","196,23","196,23"
2025-08-07 21:00:00,"409,3193333333333","0,0","-3,3397243818428968","160,1","210,58","210,58"
2025-08-07 21:15:00,"259,9046666666667","0,0","-5,478021278271734","134,8","327,65","327,65"
2025-08-07 21:30:00,"443,98699999999997","0,0","-7,548740431254303","130,59","645,96","645,96"
2025-08-07 21:45:00,"565,6866666666667","0,0","-9,54484116805036","124,9","261,02","261,02"
2025-08-07 22:00:00,"944,5716666666667","0,0","-11,458972334323974","123,4","302,1","302,1"
2025-08-07 22:15:00,"814,698","0,0","-13,283484885997431","115,7","165,62","165,62"
2025-08-07 22:30:00,"462,56533333333334","0,0","-15,010462878861857","106,7","163,09","163,09"
2025-08-07 22:45:00,"436,363","0,0","-16,63177429596041","96,2","64,71","64,71"
2025-08-07 23:00:00,"456,34733333333327","0,0","-18,13914533137194","114,8","100,29","100,29"
2025-08-07 23:15:00,"314,1599999999999","0,0","-19,52426077020229","105,2","62,64","62,64"
2025-08-07 23:30:00,"427,20799999999997","0,0","-20,77889004080608","96,9","70,76","70,76"
2025-08-07 23:45:00,"275,26","0,0","-21,89503881765958","88,2","57,43","57,43"
2025-08-08 00:00:00,"220,93899999999996","0,0","-22,86512330161363","105,0","61,06","61,06"
2025-08-08 00:15:00,"350,40999999999997","0,0","-23,682160146870544","98,4","59,08","59,08"
2025-08-08 00:30:00,"313,2863333333333","0,0","-24,3399637899933","86,46","70,76","70,76"
2025-08-08 00:45:00,"236,15766666666661","0,0","-24,833339919306862","81,8","122,17","122,17"
2025-08-08 01:00:00,"285,69266666666664","0,0","-25,158261287308363","99,6","134,1","134,1"
2025-08-08 01:15:00,"298,7893333333333","0,0","-25,31201288271638","93,8","111,7","111,7"
2025-08-08 01:30:00,"1472,5596666666665","0,0","-25,29329429863352","86,8","86,03","86,03"
2025-08-08 01:45:00,"934,3050000000001","0,0","-25,102269966501236","81,4","84,8","84,8"
2025-08-08 02:00:00,"287,70533333333333","0,1213333333339254","-24,74056294786646","94,8","92,33","92,33"
2025-08-08 02:15:00,"355,176","0,0","-24,211192616701865","89,7","82,12","82,12"
2025-08-08 02:30:00,"260,5313333333333","0,0","-23,51846206906636","82,89","93,53","93,53"
2025-08-08 02:45:00,"222,82899999999998","0,0","-22,66780522897279","76,5","91,88","91,88"
2025-08-08 03:00:00,"336,739","0,0","-21,665605782111754","89,63","120,95","120,95"
2025-08-08 03:15:00,"301,27666666666664","0,0","-20,51900203800174","88,8","92,65","92,65"
2025-08-08 03:30:00,"307,1573333333333","0,0","-19,235690459489007","86,04","109,63","109,63"
2025-08-08 03:45:00,"348,0026666666667","0,0","-17,823738185755786","76,8","106,0","106,0"
2025-08-08 04:00:00,"298,51800000000003","0,0","-16,291413750010545","82,02","86,48","86,48"
2025-08-08 04:15:00,"340,5776666666667","0,0","-14,647041051063416","77,7","123,16","123,16"
2025-08-08 04:30:00,"175,16233333333335","0,0","-12,89887852336549","89,9","111,7","111,7"
2025-08-08 04:45:00,"271,14133333333336","0,0","-11,055025202914882","90,7","133,27","133,27"
2025-08-08 05:00:00,"277,387","0,0","-9,12335197711986","82,4","85,99","85,99"
2025-08-08 05:15:00,"302,91200000000003","0,0","-7,111454899999743","78,0","78,71","78,71"
2025-08-08 05:30:00,"301,19466666666665","0,0","-5,026629229603606","99,19","76,91","76,91"
2025-08-08 05:45:00,"1946,1156666666666","0,0","-2,875860538504553","102,0","61,96","61,96"
2025-08-08 06:00:00,"1459,3866666666663","0,0","-0,1338758081757195","85,06","50,34","50,34"
2025-08-08 06:15:00,"720,1009999999998","31,44000000000059","1,8772987079070171","104,2","67,09","67,09"
2025-08-08 06:30:00,"267,3503333333332","113,74633333333394","4,080275647846103","105,59","116,66","116,66"
2025-08-08 06:45:00,"344,53766666666644","197,93733333333392","6,379186027457355","115,2","101,17","101,17"
2025-08-08 07:00:00,"255,74133333333322","294,0603333333339","8,73548156051817","123,3","102,76","102,76"
2025-08-08 07:15:00,"615,6566666666665","380,0620000000006","11,132017172881316","110,2","86,42","86,42"
2025-08-08 07:30:00,"3730,952666666667","457,4290000000006","13,558444969201046","104,8","93,23","93,23"
2025-08-08 07:45:00,"1206,4953333333333","574,7813333333339","16,006986548664365","85,7","96,41","96,41"
2025-08-08 08:00:00,"319,9706666666666","1165,8206666666672","18,470879143050496","138,0","66,84","66,84"
2025-08-08 08:15:00,"415,09799999999996","1313,135000000001","20,943829618418757","108,3","88,43","88,43"
2025-08-08 08:30:00,"445,3586666666667","1227,6536666666673","23,419602322796468","83,3","104,39","104,39"
2025-08-08 08:45:00,"1219,8973333333333","1918,1740000000004","25,89184124732254","60,1","95,1","95,1"
2025-08-08 09:00:00,"627,8943333333333","2582,1510000000007","28,353897672364266","121,7","138,66","138,66"
2025-08-08 09:15:00,"601,766","3241,917000000001","30,798670933945708","97,4","45,65","45,65"
2025-08-08 09:30:00,"662,0293333333334","3486,8860000000004","33,21846009129358","67,5","64,3","64,3"
2025-08-08 09:45:00,"1951,4593333333335","3701,010333333334","35,6047822209219","43,7","36,39","36,39"
2025-08-08 10:00:00,"761,329","3837,2796666666673","37,948188189088384","100,94","86,42","86,42"
2025-08-08 10:15:00,"819,6430000000001","3917,224000000001","40,23806070675842","73,8","29,17","29,17"
2025-08-08 10:30:00,"1728,8066666666666","2808,7903333333343","42,46237447112635","43,6","36,76","36,76"
2025-08-08 10:45:00,"746,7096666666667","3870,1396666666674","44,60749434739824","25,01","68,68","68,68"
2025-08-08 11:00:00,"728,9296666666667","3954,8180000000007","46,65789210848372","45,05","146,56","146,56"
2025-08-08 11:15:00,"769,8446666666667","3978,256333333334","48,59604533222216","15,92","118,19","118,19"
2025-08-08 11:30:00,"666,5643333333335","4082,832333333335","50,40228769341928","15,03","121,86","121,86"
2025-08-08 11:45:00,"677,3699999999999","4182,466","52,05489016550817","4,0","118,54","118,54"
2025-08-08 12:00:00,"670,337","4226,449000000001","53,530384081327625","33,7","133,01","133,01"
2025-08-08 12:15:00,"518,6803333333334","4353,160666666668","54,80422883350422","12,76","194,28","194,28"
2025-08-08 12:30:00,"2377,7286666666664","4430,567000000001","55,851963234196845","-4,9","128,35","128,35"
2025-08-08 12:45:00,"1895,0359999999998","4455,223666666668","56,6507352966363","-9,9","66,24","66,24"
2025-08-08 13:00:00,"2190,986666666666","4506,22","57,181209665182","21,89","115,86","115,86"
2025-08-08 13:15:00,"2230,4746666666665","4656,154","57,42951731318147","-4,9","99,94","99,94"
2025-08-08 13:30:00,"2187,7206666666666","4665,128333333334","57,38884625018233","-9,91","182,5","182,5"
2025-08-08 13:45:00,"2062,048333333333","4662,939333333334","57,06030471446688","-11,2","101,28","101,28"
2025-08-08 14:00:00,"2169,092666666667","4626,578333333335","56,452740531518","-0,4","27,54","27,54"
2025-08-08 14:15:00,"3380,4736666666668","4540,631000000001","55,58170863787605","-6,27","26,79","26,79"
2025-08-08 14:30:00,"4072,6009999999987","4401,443000000001","54,46769758568375","-9,9","30,46","30,46"
2025-08-08 14:45:00,"4193,723666666666","4245,543333333334","53,13416886793481","8,8","40,22","40,22"
2025-08-08 15:00:00,"5676,703666666665","4140,404666666668","51,605732275285305","-15,0","-5,37","-5,37"
2025-08-08 15:15:00,"1078,075333333333","4052,018666666668","49,90670765914384","-13,57","4,43","4,43"
2025-08-08 15:30:00,"2482,962666666666","3955,989000000001","48,06011135457052","10,0","84,0","84,0"
2025-08-08 15:45:00,"3919,8109999999992","3826,949666666668","46,087107184161","25,07","110,61","110,61"
2025-08-08 16:00:00,"4267,030999999999","3751,8320000000017","44,00675765798671","-7,3","74,21","74,21"
2025-08-08 16:15:00,"3604,2173333333326","3153,8080000000014","41,83600924198111","14,7","110,99","110,99"
2025-08-08 16:30:00,"1026,2369999999994","2810,3753333333343","39,58981770284734","32,0","109,21","109,21"
2025-08-08 16:45:00,"1211,2219999999993","3552,386000000002","37,281394681498725","61,97","79,59","79,59"
2025-08-08 17:00:00,"1310,2409999999993","3189,656666666668","34,92224092319757","20,0","54,18","54,18"
2025-08-08 17:15:00,"2200,043333333333","2982,4363333333345","32,52267581988728","58,5","103,0","103,0"
2025-08-08 17:30:00,"4326,641999999999","3006,826666666668","30,091843329797435","87,3","33,49","33,49"
2025-08-08 17:45:00,"1331,1123333333328","2739,451666666668","27,63798106311929","127,49","91,05","91,05"
2025-08-08 18:00:00,"1033,1583333333328","2312,5853333333343","25,16859657036746","51,1","84,52","84,52"
2025-08-08 18:15:00,"3225,202666666666","2040,7163333333344","22,69063379278342","88,1","107,72","107,72"
2025-08-08 18:30:00,"829,5283333333327","1870,2273333333344","20,210632378775244","115,1","120,3","120,3"
2025-08-08 18:45:00,"585,3626666666661","1531,5130000000013","17,734882376556914","150,1","80,83","80,83"
2025-08-08 19:00:00,"614,0673333333327","1197,846666666668","15,269602344705302","80,07","65,07","65,07"
2025-08-08 19:15:00,"587,0489999999993","985,4525000000016","12,821175768032576","105,2","116,24","116,24"
2025-08-08 19:30:00,"653,648666666666","795,8733333333346","10,396546324971558","120,09","147,95","147,95"
2025-08-08 19:45:00,"670,6623333333326","613,7753333333345","8,004369527976497","154,96","143,69","143,69"
2025-08-08 20:00:00,"660,7383333333328","434,5443333333345","5,655717439037829","139,52","142,37","142,37"
2025-08-08 20:15:00,"494,9336666666661","251,11266666666785","3,372255112381984","159,91","142,55","142,55"
2025-08-08 20:30:00,"564,2696666666661","93,41066666666784","1,2065227328451935","159,93","102,47","102,47"
2025-08-08 20:45:00,"531,1383333333328","0,3626666666678509","-1,3849292132332032","159,93","88,79","88,79"
2025-08-08 21:00:00,"668,3783333333328","0,0","-3,587106982988057","161,2","101,18","101,18"
2025-08-08 21:15:00,"735,0893333333328","0,0","-5,728613888633971","154,96","94,81","94,81"
2025-08-08 21:30:00,"573,852666666666","0,0","-7,802686341110354","149,97","85,19","85,19"
2025-08-08 21:45:00,"601,474666666666","0,0","-9,802248206801668","144,98","76,53","76,53"
2025-08-08 22:00:00,"653,0483333333328","0,0","-11,719908015712232","129,7","115,14","115,14"
2025-08-08 22:15:00,"817,0503333333327","0,0","-13,54797107276778","113,08","103,22","103,22"
2025-08-08 22:30:00,"689,582666666666","0,0","-15,278470149115662","115,4","110,67","110,67"
2025-08-08 22:45:00,"423,3909999999994","0,0","-16,90321626822213","106,3","92,49","92,49"
2025-08-08 23:00:00,"428,2973333333327","0,0","-18,41387330243443","119,3","131,9","131,9"
2025-08-08 23:15:00,"539,9323333333327","0,0","-19,80205911158389","110,0","123,8","123,8"
2025-08-08 23:30:00,"443,5326666666661","0,0","-21,059472876795848","105,0","114,05","114,05"
2025-08-08 23:45:00,"414,9583333333327","0,0","-22,178048553713992","90,1","117,76","117,76"
2025-08-09 00:00:00,"479,05233333333274","0,0","-23,150131570184698","114,4","118,43","118,43"
2025-08-09 00:15:00,"341,6153333333327","0,0","-23,96867165348881","109,3","117,41","117,41"
2025-08-09 00:30:00,"404,3273333333328","0,0","-24,627423383148127","104,35","80,41","80,41"
2025-08-09 00:45:00,"274,3013333333327","0,1216666666678508","-25,12114295853912","109,9","101,76","101,76"
2025-08-09 01:00:00,"215,49899999999943","0,0","-25,44576707266988","112,2","90,24","90,24"
2025-08-09 01:15:00,"333,2276666666661","0,0","-25,59856057630892","106,9","78,39","78,39"
2025-08-09 01:30:00,"299,80366666666606","0,0","-25,57822046270473","102,09","77,05","77,05"
2025-08-09 01:45:00,"260,71333333333274","0,0","-25,38492662551178","96,0","73,54","73,54"
2025-08-09 02:00:00,"331,1259999999994","0,0","-25,020334996839008","106,2","66,07","66,07"
2025-08-09 02:15:00,"184,0159999999994","0,0","-24,48751346225249","101,6","65,3","65,3"
2025-08-09 02:30:00,"252,2246666666661","0,0","-23,790826596601995","100,3","73,46","73,46"
2025-08-09 02:45:00,"260,14333333333275","0,0","-22,935779496122063","98,93","74,2","74,2"
2025-08-09 03:00:00,"224,21066666666604","0,0","-21,92883318529579","104,6","71,87","71,87"
2025-08-09 03:15:00,"314,3499999999994","0,0","-20,777206038273118","99,5","72,53","72,53"
2025-08-09 03:30:00,"313,039666666666","0,0","-19,48867422404214","98,2","74,59","74,59"
2025-08-09 03:45:00,"237,24466666666603","0,0","-18,07138168622566","96,6","86,56","86,56"
2025-08-09 04:00:00,"289,26166666666603","0,0","-16,533668954473466","98,8","107,93","107,93"
2025-08-09 04:15:00,"187,55966666666603","0,0","-14,883925852344063","97,8","111,33","111,33"
2025-08-09 04:30:00,"247,4453333333327","0,0","-13,13046998997221","98,7","132,22","132,22"
2025-08-09 04:45:00,"248,4619999999994","0,0","-11,281452654906632","98,9","141,88","141,88"
2025-08-09 05:00:00,"227,91299999999936","0,0","-9,344790276703293","100,8","136,68","136,68"
2025-08-09 05:15:00,"309,93566666666607","0,0","-7,328118238196239","99,1","137,04","137,04"
2025-08-09 05:30:00,"325,10333333333267","0,0","-5,238765598113747","99,8","117,13","117,13"
2025-08-09 05:45:00,"261,59299999999934","0,0","-3,083746992544699","98,0","106,38","106,38"
2025-08-09 06:00:00,"294,0443333333327","0,0","-0,8697678762036922","102,21","107,02","107,02"
2025-08-09 06:15:00,"236,84466666666603","17,116666666667854","1,6879702134923555","102,4","80,34","80,34"
2025-08-09 06:30:00,"286,63733333333266","119,43500000000118","3,887309855892095","98,7","65,71","65,71"
2025-08-09 06:45:00,"216,14699999999934","233,75733333333457","6,18679763569826","93,9","53,51","53,51"
2025-08-09 07:00:00,"199,27299999999937","329,8966666666679","8,544698247659932","119,98","88,47","88,47"
2025-08-09 07:15:00,"302,9609999999994","407,3770000000012","10,94293821403098","104,91","43,31","43,31"
2025-08-09 07:30:00,"348,14333333333263","485,1690000000011","13,370871548953309","82,56","43,82","43,82"
2025-08-09 07:45:00,"1932,124999999999","574,7516666666678","15,820548268951423","61,3","39,44","39,44"
2025-08-09 08:00:00,"3272,9979999999996","765,7686666666677","18,28522745749495","139,94","83,01","83,01"
2025-08-09 08:15:00,"253,77099999999913","1140,194666666668","20,758494341081462","89,94","119,65","119,65"
2025-08-09 08:30:00,"1114,9846666666656","1565,1010000000012","23,23409965984785","60,31","106,42","106,42"
2025-08-09 08:45:00,"286,2993333333324","1979,1153333333343","25,705653501869502","26,8","107,99","107,99"
2025-08-09 09:00:00,"315,3714999999987","2602,877000000002","28,16647386087152","83,58","150,94","150,94"
2025-08-09 09:15:00,"499,4126666666658","3124,222000000001","30,609436272891347","36,8","120,18","120,18"
2025-08-09 09:30:00,"483,7829999999991","3388,682333333335","33,026793582100446","21,0","166,5","166,5"
2025-08-09 09:45:00,"391,6306666666658","3587,183666666668","35,41002887286379","-4,98","100,83","100,83"
2025-08-09 10:00:00,"402,6789999999991","3743,505666666668","37,74966062467118","39,9","127,94","127,94"
2025-08-09 10:15:00,"401,8386666666658","3823,728666666668","40,03503805184129","9,7","31,0","31,0"
2025-08-09 10:30:00,"500,3733333333324","3843,972333333335","42,25412253897908","-11,42","18,59","18,59"
2025-08-09 10:45:00,"524,530999999999","3831,148666666668","44,393262170808825","-34,98","-9,95","-9,95"
2025-08-09 11:00:00,"1196,6783333333326","3843,2850000000017","46,43696894139668","24,97","-13,8","-13,8"
2025-08-09 11:15:00,"2144,4449999999993","3873,6903333333344","48,36775885776134","6,63","-10,98","-10,98"
2025-08-09 11:30:00,"2081,339333333333","3919,0633333333353","50,16606041123939","-12,3","-21,26","-21,26"
2025-08-09 11:45:00,"1378,5683333333327","3979,942666666668","51,8102977029944","-31,3","-30,38","-30,38"
2025-08-09 12:00:00,"1978,301666666666","4144,663000000001","53,27722429992121","12,6","14,83","14,83"
2025-08-09 12:15:00,"354,4483333333326","4263,689666666668","54,542608169316175","-6,4","33,24","33,24"
2025-08-09 12:30:00,"466,49833333333265","4332,418666666668","55,58233579864274","-15,85","-7,87","-7,87"
2025-08-09 12:45:00,"414,7846666666659","4359,095333333336","56,37395686482825","-30,2","32,77","32,77"
2025-08-09 13:00:00,"1194,2509999999993","4400,215333333335","56,89853237436216","-15,66","12,24","12,24"
2025-08-09 13:15:00,"1515,4129999999996","4505,926000000001","57,14251470463031","-14,8","-0,43","-0,43"
2025-08-09 13:30:00,"1594,4739999999993","4537,304666666669","57,09931456936482","-24,1","6,25","6,25"
2025-08-09 13:45:00,"1511,6153333333325","4567,480666666667","56,77006570655049","-25,08","-7,81","-7,81"
2025-08-09 14:00:00,"852,0329999999992","4540,378666666668","56,16355757214987","-30,1","-11,95","-11,95"
2025-08-09 14:15:00,"937,8999999999992","4492,885000000001","55,29508274422214","-27,0","-0,17","-0,17"
2025-08-09 14:30:00,"1038,3603333333326","4347,929000000002","54,18479517731619","-19,7","0,3","0,3"
2025-08-09 14:45:00,"1021,3723333333327","4223,671333333335","52,85580141404094","-3,97","-3,92","-3,92"
2025-08-09 15:00:00,"534,4539999999993","4095,396333333336","51,332373894551246","-35,06","5,78","5,78"
2025-08-09 15:15:00,"313,34699999999924","3965,058000000002","49,63853419234383","-15,2","4,66","4,66"
2025-08-09 15:30:00,"394,32899999999927","3949,480666666668","47,79707220469431","-8,22","5,98","5,98"
2025-08-09 15:45:00,"287,4869999999993","3869,380666666668","45,82897780730655","9,3","4,53","4,53"
2025-08-09 16:00:00,"322,62599999999924","3829,214000000001","43,75319175553003","-43,68","-4,01","-4,01"
2025-08-09 16:15:00,"1128,6203333333324","3664,0060000000008","41,58658109266786","-13,2","103,35","103,35"
2025-08-09 16:30:00,"1130,1606666666657","3794,042333333335","39,34405550179176","14,94","-6,01","-6,01"
2025-08-09 16:45:00,"704,4673333333324","3769,253333333336","37,03876983073688","43,0","54,25","54,25"
2025-08-09 17:00:00,"434,6713333333325","3364,0416666666674","34,68228755262713","-45,02","82,1","82,1"
2025-08-09 17:15:00,"375,88366666666576","3139,143000000001","32,284900771646164","0,06","-11,44","-11,44"
2025-08-09 17:30:00,"725,4676666666659","2683,648666666668","29,855766851589365","41,3","-6,81","-6,81"
2025-08-09 17:45:00,"248,84133333333244","2969,093000000001","27,40314176563589","75,7","7,65","7,65"
2025-08-09 18:00:00,"584,5366666666657","2405,8250000000016","24,934554499590487","40,01","6,61","6,61"
2025-08-09 18:15:00,"2718,5216666666656","2109,085333333335","22,45697180437173","70,9","80,83","80,83"
2025-08-09 18:30:00,"579,0023333333324","2006,252000000001","19,976960314984492","92,4","43,4","43,4"
2025-08-09 18:45:00,"180,1329999999991","1573,4650000000013","17,500840447942927","139,97","47,38","47,38"
2025-08-09 19:00:00,"317,72266666666576","1237,916000000001","15,034869392940692","75,06","90,89","90,89"
2025-08-09 19:15:00,"267,67533333333245","960,4973333333344","12,58548447878482","90,85","92,44","92,44"
2025-08-09 19:30:00,"348,3686666666657","725,960666666668","10,159729981900217","110,2","127,47","127,47"
2025-08-09 19:45:00,"400,47866666666584","541,5716666666677","7,766557514382661","128,5","149,14","149,14"
2025-08-09 20:00:00,"289,2629999999991","336,4063333333345","5,417475238160956","115,2","129,96","129,96"
2025-08-09 20:15:00,"295,63566666666577","147,8970000000012","3,1357652050420195","116,0","311,31","311,31"
2025-08-09 20:30:00,"391,76466666666573","26,98466666666785","0,9797500470547268","119,0","101,04","101,04"
2025-08-09 20:45:00,"348,07133333333246","0,7293333333345176","-1,6340946842684692","124,16","69,66","69,66"
2025-08-09 21:00:00,"344,1083333333324","0,0","-3,839306388917636","130,8","144,26","144,26"
2025-08-09 21:15:00,"372,7589999999991","0,0","-5,984023198849734","120,9","135,84","135,84"
2025-08-09 21:30:00,"348,51166666666575","0,0","-8,061449821919481","114,1","118,23","118,23"
2025-08-09 21:45:00,"469,795999999999","0,0","-10,064474039233582","109,1","88,07","88,07"
2025-08-09 22:00:00,"415,4209999999991","0,0","-11,98566331063322","120,27","170,37","170,37"
2025-08-09 22:15:00,"288,8459999999991","0,0","-13,817276395024024","108,1","73,6","73,6"
2025-08-09 22:30:00,"347,03066666666575","0,0","-15,551293732129809","103,5","89,19","89,19"
2025-08-09 22:45:00,"347,8373333333324","0,0","-17,179468186852787","99,9","88,21","88,21"
2025-08-09 23:00:00,"291,39233333333243","0,0","-18,693399968223485","106,0","84,97","84,97"
2025-08-09 23:15:00,"357,96499999999855","0,0","-20,08463854891624","104,9","111,92","111,92"
2025-08-09 23:30:00,"371,6676666666657","0,0","-21,34481132063404","91,1","135,8","135,8"
2025-08-09 23:45:00,"419,89399999999904","0,0","-22,46577895891201","94,44","130,28","130,28"
2025-08-10 00:00:00,"555,3253333333323","0,0","-23,43981461733473","104,15","92,03","92,03"
2025-08-10 00:15:00,"462,37166666666576","0,0","-24,25979975304313","95,1","90,99","90,99"
2025-08-10 00:30:00,"362,4519999999991","0,0","-24,919428009083504","89,65","96,37","96,37"
2025-08-10 00:45:00,"451,27266666666577","0,0","-25,41340538728228","99,9","60,45","60,45"
2025-08-10 01:00:00,"364,0749999999991","0,0","-25,73763227719202","109,9","91,43","91,43"
2025-08-10 01:15:00,"578,5186666666657","0,0","-25,889353677231025","89,0","87,04","87,04"
2025-08-10 01:30:00,"503,23699999999917","0,0","-25,867264822392755","82,7","71,98","71,98"
2025-08-10 01:45:00,"495,5973333333324","0,0","-25,67156244649897","77,6","49,13","49,13"
2025-08-10 02:00:00,"445,97999999999917","0,0","-25,303937200725844","104,9","60,94","60,94"
2025-08-10 02:15:00,"214,26966666666578","0,0","-24,767507696254107","91,89","26,39","26,39"
2025-08-10 02:30:00,"232,54466666666576","0,0","-24,066702436577035","75,3","24,45","24,45"
2025-08-10 02:45:00,"302,80233333333246","0,0","-23,207100235847","69,1","11,4","11,4"
2025-08-10 03:00:00,"202,90399999999912","0,0","-22,195241966850386","82,22","74,32","74,32"
2025-08-10 03:15:00,"288,23933333333247","0,0","-21,03842842684955","77,82","48,3","48,3"
2025-08-10 03:30:00,"224,3829999999991","0,0","-19,744517615247343","75,3","59,94","59,94"
2025-08-10 03:45:00,"306,5116666666658","0,0","-18,321732115668432","89,91","52,6","52,6"
2025-08-10 04:00:00,"358,80066666666573","0,0","-16,77848597648727","89,9","87,74","87,74"
2025-08-10 04:15:00,"183,2776666666658","0,0","-15,12323615486205","81,82","101,3","101,3"
2025-08-10 04:30:00,"272,5679999999991","0,0","-13,364360353960429","75,4","91,16","91,16"
2025-08-10 04:45:00,"250,0576666666658","0,0","-11,510062769527377","75,8","64,46","64,46"
2025-08-10 05:00:00,"176,93399999999912","0,0","-9,568305809841236","81,89","83,93","83,93"
2025-08-10 05:15:00,"325,6503333333324","0,0","-7,546764443127634","89,91","86,23","86,23"
2025-08-10 05:30:00,"195,0819999999991","0,0","-5,452801646684498","89,91","108,41","108,41"
2025-08-10 05:45:00,"326,66033333333246","0,0","-3,293461136956686","75,2","102,23","102,23"
2025-08-10 06:00:00,"393,99466666666575","0,0","-1,0754734808867166","77,9","111,69","111,69"
2025-08-10 06:15:00,"212,92399999999913","26,61433333333452","1,4986001050868931","87,78","89,78","89,78"
2025-08-10 06:30:00,"309,4979999999991","111,15500000000118","3,6933252484073216","71,2","89,48","89,48"
2025-08-10 06:45:00,"237,12899999999914","207,51533333333447","5,993074879925262","69,4","81,67","81,67"
2025-08-10 07:00:00,"202,11533333333242","324,2386666666678","8,352456459384895","87,2","88,1","88,1"
2025-08-10 07:15:00,"309,3633333333325","412,13700000000114","10,752341399675483","69,6","79,73","79,73"
2025-08-10 07:30:00,"246,71933333333243","499,0703333333345","13,18173805525078","55,9","71,48","71,48"
2025-08-10 07:45:00,"1034,3019999999992","601,0320000000011","15,632617303812854","27,4","102,68","102,68"
2025-08-10 08:00:00,"3251,9533333333325","750,4886666666678","18,09799660066468","67,4","120,63","120,63"
2025-08-10 08:15:00,"513,6719999999992","1072,0216666666677","20,57155286267612","38,3","107,29","107,29"
2025-08-10 08:30:00,"349,8626666666659","1463,5203333333343","23,046950843061417","2,66","39,69","39,69"
2025-08-10 08:45:00,"313,4763333333326","1888,183666666668","25,517767076017336","-24,97","9,58","9,58"
2025-08-10 09:00:00,"510,6199999999993","2479,2480000000014","27,97728651704016","54,01","87,23","87,23"
2025-08-10 09:15:00,"992,8139999999992","3060,659000000001","30,418339464381955","19,9","66,9","66,9"
2025-08-10 09:30:00,"754,7339999999992","3410,6973333333344","32,83315825049226","-6,0","-4,98","-4,98"
2025-08-10 09:45:00,"523,4619999999993","3657,674000000001","35,21319146856725","-59,93","82,19","82,19"
2025-08-10 10:00:00,"497,89533333333253","3725,142333333335","37,54892502646697","31,8","6,37","6,37"
2025-08-10 10:15:00,"385,62033333333255","3781,0060000000008","39,829683817738704","4,94","-5,22","-5,22"
2025-08-10 10:30:00,"1812,8659999999995","3774,658000000001","42,043406042618095","-20,01","-6,89","-6,89"
2025-08-10 10:45:00,"1539,4253333333327","3799,6020000000017","44,17646537634624","-37,6","-24,04","-24,04"
2025-08-10 11:00:00,"1064,4659999999992","3850,434000000001","46,21332727779507","2,2","-11,13","-11,13"
2025-08-10 11:15:00,"369,0186666666659","3902,343666666668","48,13659909794932","-17,05","-4,03","-4,03"
2025-08-10 11:30:00,"265,08999999999924","3946,348333333335","49,92680282638202","-39,6","-11,25","-11,25"
2025-08-10 11:45:00,"402,972666666666","4035,546000000001","51,56251803353129","-55,09","-24,31","-24,31"
2025-08-10 12:00:00,"1167,0809999999994","4193,446666666668","53,020722580885234","-29,0","0,72","0,72"
2025-08-10 12:15:00,"1148,6553333333325","4328,389666666667","54,27747866128858","-45,6","-13,64","-13,64"
2025-08-10 12:30:00,"379,95699999999925","4438,558000000001","55,30903750990635","-64,9","-14,69","-14,69"
2025-08-10 12:45:00,"2627,582666666666","4481,201000000001","56,09334895784359","-78,6","2,25","2,25"
2025-08-10 13:00:00,"1336,5499999999993","4485,946000000002","56,61186807781623","-65,09","-22,82","-22,82"
2025-08-10 13:15:00,"374,38966666666596","4613,525333333335","56,851387234794586","-90,1","-9,53","-9,53"
2025-08-10 13:30:00,"351,14066666666594","4606,511666666669","56,80551863590523","-90,44","-49,77","-49,77"
2025-08-10 13:45:00,"259,66899999999924","4648,012333333334","56,47549658544072","-80,1","-14,09","-14,09"
2025-08-10 14:00:00,"540,2499999999993","4593,986333333334","55,86991338950321","-91,25","-14,06","-14,06"
2025-08-10 14:15:00,"1071,5609999999992","4502,640333333335","55,0038641192364","-90,64","-37,3","-37,3"
2025-08-10 14:30:00,"1090,1109999999994","4401,862666666667","53,8971852472352","-71,09","-30,53","-30,53"
2025-08-10 14:45:00,"811,1569999999991","4232,421666666668","52,57263219932469","-45,08","-29,62","-29,62"
2025-08-10 15:00:00,"436,1573333333326","4151,123333333335","51,05414190569133","-70,03","-29,0","-29,0"
2025-08-10 15:15:00,"431,14033333333253","4072,116666666668","49,36544133368935","-47,17","-20,62","-20,62"
2025-08-10 15:30:00,"517,1253333333325","3976,072666666668","47,52908904721044","-35,01","-16,21","-16,21"
2025-08-10 15:45:00,"413,9139999999992","3834,1633333333343","45,56589853410236","-9,2","-11,37","-11,37"
2025-08-10 16:00:00,"644,3503333333326","3780,279000000002","43,49468596690692","-58,61","-15,3","-15,3"
2025-08-10 16:15:00,"621,4926666666659","3724,638666666667","41,332240693358905","-20,6","-2,31","-2,31"
2025-08-10 16:30:00,"746,5053333333325","3593,792333333334","39,09341996095176","8,8","-7,78","-7,78"
2025-08-10 16:45:00,"628,2919999999992","3447,4920000000016","36,79137706697468","34,5","-19,56","-19,56"
2025-08-10 17:00:00,"1539,7956666666657","3269,831666666668","34,437624574477915","-71,34","90,43","90,43"
2025-08-10 17:15:00,"1028,5636666666658","3079,979000000001","32,0424785750263","-4,4","-34,82","-34,82"
2025-08-10 17:30:00,"549,2003333333324","3012,795000000001","29,61511190367597","25,5","-1,11","-1,11"
2025-08-10 17:45:00,"540,3503333333325","2843,997333333334","27,163799145882653","64,2","70,28","70,28"
2025-08-10 18:00:00,"914,8866666666656","2446,3383333333345","24,69609174368764","28,3","-15,29","-15,29"
2025-08-10 18:15:00,"3615,9669999999996","2097,412000000001","22,21897433762293","59,6","-18,45","-18,45"
2025-08-10 18:30:00,"1011,5536666666658","1904,4683333333344","19,739049126477717","97,18","57,86","57,86"
2025-08-10 18:45:00,"615,0979999999992","1585,7843333333346","17,262671984323703","134,93","85,9","85,9"
2025-08-10 19:00:00,"549,3023333333324","1274,7426666666677","14,796147420926058","68,4","18,82","18,82"
2025-08-10 19:15:00,"520,962999999999","1016,294666666668","12,345991095660818","88,3","58,07","58,07"
2025-08-10 19:30:00,"598,6459999999992","780,8370000000012","9,91937315547127","119,91","118,44","118,44"
2025-08-10 19:45:00,"573,4423333333325","581,8680000000012","7,525530378711327","145,0","135,23","135,23"
2025-08-10 20:00:00,"626,243999999999","359,0593333333345","5,176646336194761","110,3","151,28","151,28"
2025-08-10 20:15:00,"762,2153333333325","168,99166666666784","2,898332199819836","116,8","152,8","152,8"
2025-08-10 20:30:00,"738,4746666666658","42,76500000000119","0,7562058517181247","121,4","135,46","135,46"
2025-08-10 20:45:00,"874,0396666666658","0,0","-1,887996586912477","132,7","123,57","123,57"
2025-08-10 21:00:00,"741,5236666666658","0,0","-4,096240098918209","129,99","117,2","117,2"
2025-08-10 21:15:00,"322,0986666666658","0,0","-6,244166243737901","125,4","125,19","125,19"
2025-08-10 21:30:00,"464,37466666666575","0,0","-8,324947529563222","116,9","102,45","102,45"
2025-08-10 21:45:00,"571,7766666666658","0,0","-10,331435039410144","112,51","91,92","91,92"
2025-08-10 22:00:00,"939,6166666666658","0,0","-12,2561544181205","126,7","69,42","69,42"
2025-08-10 22:15:00,"415,32199999999904","0,0","-14,091316987712167","124,92","49,27","49,27"
2025-08-10 22:30:00,"386,91499999999905","0,0","-15,828849811322277","106,7","48,38","48,38"
2025-08-10 22:45:00,"481,36233333333234","0,0","-17,460446394269482","99,5","62,18","62,18"
2025-08-10 23:00:00,"465,68066666666573","0,0","-18,97764193147339","124,42","90,24","90,24"
2025-08-10 23:15:00,"287,56599999999906","0,0","-20,37191603262903","104,6","88,23","88,23"
2025-08-10 23:30:00,"261,79833333333244","0,0","-21,634822738996775","97,8","90,26","90,26"
2025-08-10 23:45:00,"332,3206666666658","0,0","-22,75814786217288","90,9","75,66","75,66"
2025-08-11 00:00:00,"162,42233333333238","0,0","-23,73409075626353","92,37","115,52","115,52"
2025-08-11 00:15:00,"317,21733333333236","0,0","-24,5554632410297","97,6","124,13","124,13"
2025-08-11 00:30:00,"299,14633333333234","0,0","-25,215896924663845","89,4","112,22","112,22"
2025-08-11 00:45:00,"209,23133333333234","0,0","-25,71004689203418","85,5","97,36","97,36"
2025-08-11 01:00:00,"298,2283333333324","0,0","-26,0337769839161","98,0","92,84","92,84"
2025-08-11 01:15:00,"225,18699999999902","0,0","-26,184312643239707","92,3","91,82","91,82"
2025-08-11 01:30:00,"277,3106666666657","0,0","-26,160348212099752","88,5","83,35","83,35"
2025-08-11 01:45:00,"418,05033333333233","0,0","-25,962098677132506","77,68","64,03","64,03"
2025-08-11 02:00:00,"240,83266666666572","0,0","-25,59129129936349","84,46","84,46","84,46"
2025-08-11 02:15:00,"255,23466666666567","0,0","-25,05109767578081","89,6","68,11","68,11"
2025-08-11 02:30:00,"280,9943333333324","0,0","-24,34601273288617","89,9","72,9","72,9"
2025-08-11 02:45:00,"203,47733333333238","0,0","-23,481691587779935","89,1","50,94","50,94"
2025-08-11 03:00:00,"289,1973333333324","0,0","-22,464757499815725","90,9","68,53","68,53"
2025-08-11 03:15:00,"289,0234999999986","0,0","-21,302596067540986","82,46","61,52","61,52"
2025-08-11 03:30:00,"201,90099999999907","0,0","-20,003149252140435","89,1","68,06","68,06"
2025-08-11 03:45:00,"369,17033333333245","0,2450000000011842","-18,57472010820872","89,6","58,37","58,37"
2025-08-11 04:00:00,"327,64966666666567","0,0","-17,02579771095099","89,8","72,91","72,91"
2025-08-11 04:15:00,"182,81599999999906","0,0","-15,364907339871005","89,8","69,48","69,48"
2025-08-11 04:30:00,"290,9073333333324","0,0","-13,600487681441727","86,44","92,69","92,69"
2025-08-11 04:45:00,"224,57699999999906","0,0","-11,740796467253992","94,3","93,35","93,35"
2025-08-11 05:00:00,"231,35666666666575","0,0","-9,79384248837843","76,75","74,72","74,72"
2025-08-11 05:15:00,"299,6836666666657","0,0","-7,767340524549958","91,7","83,13","83,13"
2025-08-11 05:30:00,"177,3533333333324","0,0","-5,668687560411765","105,4","104,29","104,29"
2025-08-11 05:45:00,"366,7773333333324","0,0","-3,504956381654834","117,8","86,2","86,2"
2025-08-11 06:00:00,"416,79633333333237","0,0","-1,282902587973242","89,08","62,05","62,05"
2025-08-11 06:15:00,"1550,8183333333322","17,46166666666785","1,3117861607396513","111,1","76,23","76,23"
2025-08-11 06:30:00,"4183,339333333332","102,79233333333453","3,49989626020888","123,9","91,91","91,91"
2025-08-11 06:45:00,"522,9773333333324","213,03300000000115","5,7991347480112205","135,9","74,34","74,34"
2025-08-11 07:00:00,"1820,8186666666659","339,45900000000125","8,159629233010833","149,93","86,27","86,27"
2025-08-11 07:15:00,"2193,9293333333326","435,8513333333345","10,560957878981988","137,84","66,91","66,91"
2025-08-11 07:30:00,"587,8049999999994","529,9073333333345","12,99167882884903","110,9","64,69","64,69"
2025-08-11 07:45:00,"461,7496666666659","631,8203333333346","15,44349043008532","91,3","58,43","58,43"
2025-08-11 08:00:00,"340,1393333333326","769,4793333333346","17,90951621226421","148,2","99,68","99,68"
2025-08-11 08:15:00,"376,2779999999992","1076,0603333333345","20,38325309308221","115,8","97,65","97,65"
2025-08-11 08:30:00,"934,896666666666","1511,7903333333347","22,85833932742786","94,4","103,7","103,7"
2025-08-11 08:45:00,"1290,8523333333326","1953,4453333333345","25,3283136295709","63,3","76,25","76,25"
2025-08-11 09:00:00,"522,3993333333326","2533,740666666668","27,786425106336136","130,89","143,22","143,22"
2025-08-11 09:15:00,"758,0303333333326","3190,853666666668","30,22546338469159","98,2","112,56","112,56"
2025-08-11 09:30:00,"3030,447666666666","3474,707333333334","32,637631390310865","76,7","90,84","90,84"
2025-08-11 09:45:00,"2718,504666666666","3681,446666666668","35,01434264549938","43,2","120,7","120,7"
2025-08-11 10:00:00,"1683,5833333333323","3875,337000000002","37,34605027163455","89,91","134,18","134,18"
2025-08-11 10:15:00,"866,3029999999994","3995,7550000000015","39,62205685627866","62,1","62,01","62,01"
2025-08-11 10:30:00,"664,286666666666","3999,054000000001","41,83027582563965","35,41","54,33","54,33"
2025-08-11 10:45:00,"515,6099999999993","4029,2736666666674","43,95710810118791","7,3","17,37","17,37"
2025-08-11 11:00:00,"656,4159999999993","4050,7663333333344","45,98697392902072","57,1","75,86","75,86"
2025-08-11 11:15:00,"649,7213333333326","4100,592333333334","47,902572425988446","29,3","73,01","73,01"
2025-08-11 11:30:00,"591,5176666666661","4160,284333333334","49,68452230821309","8,28","88,74","88,74"
2025-08-11 11:45:00,"519,5539999999993","4242,916000000001","51,31156086731645","-21,8","15,8","15,8"
2025-08-11 12:00:00,"350,6893333333327","4402,777333333333","52,760892172283896","33,6","-0,37","-0,37"
2025-08-11 12:15:00,"307,398666666666","4524,524","54,008878556939","14,1","-16,8","-16,8"
2025-08-11 12:30:00,"374,25666666666604","4562,482333333334","55,03213070379032","-5,1","-0,24","-0,24"
2025-08-11 12:45:00,"281,87799999999936","4582,702","55,80899731774954","-9,4","-2,42","-2,42"
2025-08-11 13:00:00,"812,939666666666","4573,029","56,32132542789768","20,7","-3,76","-3,76"
2025-08-11 13:15:00,"986,5796666666661","4690,176666666668","56,55623452217359","6,39","-8,86","-8,86"
2025-08-11 13:30:00,"315,9719999999993","4671,699666666668","56,50754882599576","-5,1","-10,97","-10,97"
2025-08-11 13:45:00,"1550,108333333333","4696,804000000001","56,17665221858988","-8,9","10,38","10,38"
2025-08-11 14:00:00,"3467,589666666666","4643,228666666667","55,571844673916814","-11,1","0,66","0,66"
2025-08-11 14:15:00,"2714,9556666666663","4535,800333333335","54,70807871725937","-5,19","35,4","35,4"
2025-08-11 14:30:00,"2984,4249999999993","4345,298666666668","53,60488017851696","10,1","45,3","45,3"
2025-08-11 14:45:00,"2912,774333333333","4213,714666666667","52,28465702074687","17,4","59,56","59,56"
2025-08-11 15:00:00,"2883,276999999999","4095,149666666668","50,77101240515247","-17,9","22,57","22,57"
2025-08-11 15:15:00,"2974,149666666666","3988,061333333336","49,08739081120002","-3,6","72,58","72,58"
2025-08-11 15:30:00,"2227,620999999999","3907,254","47,25610700549381","18,1","87,16","87,16"
2025-08-11 15:45:00,"2374,196999999999","3750,061333333336","45,29779564348436","43,8","91,21","91,21"
2025-08-11 16:00:00,"576,623999999999","3669,714000000001","43,2311453814014","-7,9","-8,83","-8,83"
2025-08-11 16:15:00,"475,9529999999991","3603,176000000001","41,07286786017091","32,66","-5,11","-5,11"
2025-08-11 16:30:00,"572,8649999999992","3471,077333333334","38,83776244046969","60,6","111,93","111,93"
2025-08-11 16:45:00,"584,7326666666658","3251,6836666666672","36,53919227102264","99,93","65,92","65,92"
2025-08-11 17:00:00,"3683,8259999999987","2960,665666666667","34,1882145460126","30,5","102,26","102,26"
2025-08-11 17:15:00,"2625,843666666666","2915,971000000001","31,7953549826379","64,3","57,03","57,03"
2025-08-11 17:30:00,"2595,1219999999985","2903,167666666668","29,369805027789","95,91","96,24","96,24"
2025-08-11 17:45:00,"2497,5359999999982","2789,0645000000018","26,919857480119735","142,2","80,03","80,03"
2025-08-11 18:00:00,"2507,1523333333325","2445,975666666668","24,45308638175734","40,01","34,38","34,38"
2025-08-11 18:15:00,"4714,3116666666665","2048,219000000001","21,97651752938665","67,81","318,5","318,5"
2025-08-11 18:30:00,"2529,5349999999994","1874,128666666668","19,496774053661515","137,6","226,26","226,26"
2025-08-11 18:45:00,"1520,8276666666657","1556,9120000000007","17,020252938946474","187,1","146,7","146,7"
2025-08-11 19:00:00,"557,3196666666659","1270,0973333333343","14,553315800203428","75,06","73,01","73,01"
2025-08-11 19:15:00,"515,6589999999991","985,9563333333342","12,102501468288423","139,5","87,47","87,47"
2025-08-11 19:30:00,"754,5546666666658","754,5620000000008","9,675180399779691","163,47","167,78","167,78"
2025-08-11 19:45:00,"419,9569999999991","569,6213333333343","7,281154580811456","174,96","102,13","102,13"
2025-08-11 20:00:00,"397,9809999999991","338,9743333333342","4,93324816267056","210,5","79,11","79,11"
2025-08-11 20:15:00,"464,91799999999904","158,6103333333342","2,659955697117223","190,0","100,16","100,16"
2025-08-11 20:30:00,"819,5843333333323","36,17200000000089","0,535834203356834","185,4","92,32","92,32"
2025-08-11 20:45:00,"567,4619999999991","0,2433333333342215","-2,146551566163256","181,37","77,8","77,8"
2025-08-11 21:00:00,"423,5386666666658","0,0","-4,357824311347704","187,57","129,82","129,82"
2025-08-11 21:15:00,"406,53366666666574","0,0","-6,508958852652444","158,3","139,6","139,6"
2025-08-11 21:30:00,"638,3463333333324","0,0","-8,593095017474118","149,95","132,74","132,74"
2025-08-11 21:45:00,"546,5273333333324","0,0","-10,60304658942327","139,95","46,03","46,03"
2025-08-11 22:00:00,"406,86766666666574","0,0","-12,531296661362532","144,9","114,94","114,94"
2025-08-11 22:15:00,"529,275999999999","0,0","-14,370008234193865","108,47","104,68","104,68"
2025-08-11 22:30:00,"401,2153333333324","0,0","-16,111053951054632","115,7","94,38","94,38"
2025-08-11 22:45:00,"407,02066666666576","0,0","-17,74606675176025","103,7","70,75","70,75"
2025-08-11 23:00:00,"482,0129999999991","0,0","-19,266515457836057","121,5","80,82","80,82"
2025-08-11 23:15:00,"302,3059999999991","0,0","-20,663808324905112","107,3","85,39","85,39"
2025-08-11 23:30:00,"359,3379999999991","0,0","-21,929424463806665","98,3","90,99","90,99"
2025-08-11 23:45:00,"357,8036666666658","0,0","-23,055073213979508","88,1","69,83","69,83"
2025-08-12 00:00:00,"208,36766666666577","0,0","-24,032878578521267","101,0","84,28","84,28"
2025-08-12 00:15:00,"345,59633333333244","0,0","-24,85558134794281","104,9","90,42","90,42"
2025-08-12 00:30:00,"229,0079999999991","0,0","-25,516749976573244","92,26","72,62","72,62"
2025-08-12 00:45:00,"210,68599999999913","0,0","-26,010987899532186","89,5","80,29","80,29"
2025-08-12 01:00:00,"325,26166666666586","0,0","-26,33412216169891","95,7","94,01","94,01"
2025-08-12 01:15:00,"186,86133333333245","0,0","-26,48335895800865","93,97","71,61","71,61"
2025-08-12 01:30:00,"356,44133333333247","0,0","-26,457392626736187","94,7","65,41","65,41"
2025-08-12 01:45:00,"346,9059999999991","0,0","-26,25645785485957","89,4","50,34","50,34"
2025-08-12 02:00:00,"194,25833333333244","0,0","-25,88232044706579","90,3","73,47","73,47"
2025-08-12 02:15:00,"333,22599999999915","0,0","-25,33820729290117","95,16","68,31","68,31"
2025-08-12 02:30:00,"233,34399999999914","0,0","-24,628682281431352","85,7","76,84","76,84"
2025-08-12 02:45:00,"257,80999999999915","0,0","-23,759479456648272","93,8","63,99","63,99"
2025-08-12 03:00:00,"262,1093333333325","0,0","-22,737307033505253","88,4","71,97","71,97"
2025-08-12 03:15:00,"159,78833333333245","0,0","-21,569637808349317","86,4","77,81","77,81"
2025-08-12 03:30:00,"333,3486666666658","0,0","-20,26449984119753","96,8","75,65","75,65"
2025-08-12 03:45:00,"359,7519999999991","0,0","-18,830278484182617","93,25","78,49","78,49"
2025-08-12 04:00:00,"256,54933333333247","0,0","-17,275539332870363","86,3","111,26","111,26"
2025-08-12 04:15:00,"297,8626666666658","0,0","-15,608877155795328","86,8","74,82","74,82"
2025-08-12 04:30:00,"228,03933333333245","0,0","-13,83879248573799","99,1","80,82","80,82"
2025-08-12 04:45:00,"243,97899999999913","0,0","-11,973597186691306","94,39","108,76","108,76"
2025-08-12 05:00:00,"295,27266666666577","0,0","-10,021346806494623","89,8","85,32","85,32"
2025-08-12 05:15:00,"193,78166666666576","0,0","-7,989796131311622","96,1","83,27","83,27"
2025-08-12 05:30:00,"306,4529999999991","0,0","-5,886376210395835","110,2","115,57","115,57"
2025-08-12 05:45:00,"403,48566666666574","0,0","-3,7181888593831536","114,38","133,01","133,01"
2025-08-12 06:00:00,"331,5299999999992","0,0","-1,4920146069763232","103,2","84,49","84,49"
2025-08-12 06:15:00,"1425,4336666666659","25,22266666666756","1,1291811021795428","119,32","105,82","105,82"
2025-08-12 06:30:00,"1863,4263333333322","105,27866666666756","3,3078032125595027","129,1","126,73","126,73"
2025-08-12 06:45:00,"3423,332999999999","203,22500000000088","5,60540980104235","141,2","117,04","117,04"
2025-08-12 07:00:00,"1521,264999999999","311,20033333333424","7,966484350963726","150,0","117,49","117,49"
2025-08-12 07:15:00,"246,2029999999988","388,71033333333423","10,368952917065116","144,96","98,23","98,23"
2025-08-12 07:30:00,"551,6806666666655","465,5760000000009","12,800793950765044","114,96","118,58","118,58"
2025-08-12 07:45:00,"399,3154999999983","535,7205000000014","15,253571300760802","80,3","102,08","102,08"
2025-08-12 08:00:00,"301,5783333333321","630,8043333333342","17,720100384474417","150,0","75,53","75,53"
2025-08-12 08:15:00,"311,7669999999988","918,1033333333344","20,1938971051262","119,0","75,33","75,33"
2025-08-12 08:30:00,"316,0083333333322","1357,4056666666677","22,66855671084735","85,16","103,25","103,25"
2025-08-12 08:45:00,"399,91366666666545","1827,838666666668","25,13757537866641","64,91","116,19","116,19"
2025-08-12 09:00:00,"493,59233333333214","2353,1060000000007","27,59416329839372","134,9","123,67","123,67"
2025-08-12 09:15:00,"453,85499999999877","3179,013666666668","30,03107600174479","98,6","155,56","155,56"
2025-08-12 09:30:00,"479,1086666666655","3486,0833333333344","32,44047549239906","71,03","162,28","162,28"
2025-08-12 09:45:00,"590,5123333333321","3614,270666666668","34,813739729778746","50,7","486,19","486,19"
2025-08-12 10:00:00,"516,8673333333321","3800,171000000001","37,14128894028049","123,89","297,49","297,49"
2025-08-12 10:15:00,"516,1396666666654","3926,959666666667","39,41239257214868","75,4","213,26","213,26"
2025-08-12 10:30:00,"527,2693333333322","3974,274000000001","41,61495277165762","54,1","192,51","192,51"
2025-08-12 10:45:00,"417,7973333333322","3940,052000000001","43,73534681309425","20,0","125,47","125,47"
2025-08-12 11:00:00,"497,8339999999988","3943,935333333334","45,758067796914574","63,62","130,28","130,28"
2025-08-12 11:15:00,"255,2326666666655","3977,673333333334","47,66583375299017","42,1","173,53","173,53"
2025-08-12 11:30:00,"286,29466666666553","4018,7843333333335","49,43937165194291","20,0","123,82","123,82"
2025-08-12 11:45:00,"431,3369999999988","4093,797000000001","51,05757874707743","7,3","100,57","100,57"
2025-08-12 12:00:00,"338,5529999999988","4231,141333333333","52,4978871778203","35,95","95,16","95,16"
2025-08-12 12:15:00,"338,10333333333216","4354,359666666667","53,736956893371456","17,6","79,79","79,79"
2025-08-12 12:30:00,"1561,4336666666652","4422,929000000001","54,75176153664061","8,8","38,34","38,34"
2025-08-12 12:45:00,"907,6239999999989","4452,740333333335","55,5210469595129","-0,02","49,81","49,81"
2025-08-12 13:00:00,"425,8069999999989","4445,674666666668","56,02704954839043","23,9","17,92","17,92"
2025-08-12 13:15:00,"260,1243333333321","4562,811000000001","56,25721756623102","15,2","28,9","28,9"
2025-08-12 13:30:00,"298,1896666666655","4600,915666666669","56,20558225121376","11,57","35,51","35,51"
2025-08-12 13:45:00,"443,93999999999886","4580,789666666668","55,87347037246701","5,1","1,84","1,84"
2025-08-12 14:00:00,"366,8169999999988","4533,739666666666","55,2693184536485","4,1","-25,37","-25,37"
2025-08-12 14:15:00,"307,6756666666655","4436,792","54,407727241960906","6,55","-15,27","-15,27"
2025-08-12 14:30:00,"318,0499999999988","4271,370000000001","53,30791456034787","15,0","6,13","6,13"
2025-08-12 14:45:00,"256,53299999999876","4081,562666666668","51,99194569051564","24,94","10,69","10,69"
2025-08-12 15:00:00,"335,03866666666545","4014,5353333333337","50,48309296637085","4,2","83,33","83,33"
2025-08-12 15:15:00,"307,6543333333322","3930,822000000001","48,8045087795937","18,3","86,06","86,06"
2025-08-12 15:30:00,"277,33033333333213","3825,5860000000007","46,97827291096564","30,3","152,09","152,09"
2025-08-12 15:45:00,"387,3616666666655","3675,696666666668","45,02483945427925","49,13","151,59","151,59"
2025-08-12 16:00:00,"363,73099999999886","3554,264333333334","42,96276734111145","20,0","119,18","119,18"
2025-08-12 16:15:00,"256,15199999999885","3464,3590000000004","40,80867550062051","52,6","115,56","115,56"
2025-08-12 16:30:00,"323,89033333333214","3373,021000000001","38,57731404544605","79,95","145,56","145,56"
2025-08-12 16:45:00,"315,52866666666546","3233,197666666668","36,28178749330931","130,74","92,88","92,88"
2025-08-12 17:00:00,"231,86933333333215","3048,105666666668","33,93357596903365","57,45","29,07","29,07"
2025-08-12 17:15:00,"306,4976666666655","2905,4623333333343","31,54299924040058","79,96","175,07","175,07"
2025-08-12 17:30:00,"252,3893333333322","2841,397666666667","29,119258961781995","105,5","101,33","101,33"
2025-08-12 17:45:00,"332,31466666666546","2686,6956666666674","26,67066384092093","150,0","107,77","107,77"
2025-08-12 18:00:00,"447,4466666666655","2360,660000000001","24,204808016489608","68,9","120,44","120,44"
2025-08-12 18:15:00,"261,0436666666655","1972,978333333334","21,728745414726333","95,8","110,89","110,89"
2025-08-12 18:30:00,"486,52399999999886","1773,7846666666676","19,249123783756488","122,1","42,23","42,23"
2025-08-12 18:45:00,"2558,026999999999","1480,6913333333343","16,772375164074816","159,94","164,26","164,26"
2025-08-12 19:00:00,"376,00933333333217","1182,326000000001","14,30490947331161","117,5","132,73","132,73"
2025-08-12 19:15:00,"346,6103333333321","906,0116666666676","11,853407257756247","126,5","168,04","168,04"
2025-08-12 19:30:00,"256,0843333333322","694,3536666666676","9,42534805761337","148,5","167,39","167,39"
2025-08-12 19:45:00,"171,31766666666547","476,7286666666676","7,030662554508614","159,51","249,82","249,82"
2025-08-12 20:00:00,"478,0584999999983","273,0915000000013","4,683287661728415","182,8","100,37","100,37"
2025-08-12 20:15:00,"478,0584999999983","0,0","2,414567019242668","159,97","80,2","80,2"
2025-08-12 20:30:00,"478,0584999999983","0,0","0,3074002287070483","175,67","74,38","74,38"
2025-08-12 20:45:00,"478,0584999999983","0,0","-2,4096746058652103","159,97","61,45","61,45"
2025-08-12 21:00:00,"478,0584999999983","0,0","-4,623973620858492","169,94","116,04","116,04"
2025-08-12 21:15:00,"478,0584999999983","0,0","-6,778315314045294","145,2","80,48","80,48"
2025-08-12 21:30:00,"478,0584999999983","0,0","-8,865806363368565","130,12","62,44","62,44"
2025-08-12 21:45:00,"478,0584999999983","0,0","-10,879222663095616","117,0","60,3","60,3"
2025-08-12 22:00:00,"478,0584999999983","0,0","-12,811004029473812","105,1","132,04","132,04"
2025-08-12 22:15:00,"478,0584999999983","0,0","-14,653264262298777","120,1","82,33","82,33"
2025-08-12 22:30:00,"478,0584999999983","0,0","-16,397820542683043","109,94","91,5","91,5"
2025-08-12 22:45:00,"478,0584999999983","0,0","-18,036244035255454","99,95","103,14","103,14"
2025-08-12 23:00:00,"478,0584999999983","0,0","-19,55993581936918","110,31","143,53","143,53"
2025-08-12 23:15:00,"478,0584999999983","0,0","-20,960231290581355","104,8","117,59","117,59"
2025-08-12 23:30:00,"478,0584999999983","0,0","-22,228533027465605","95,3","108,43","108,43"
2025-08-12 23:45:00,"478,0584999999983","0,0","-23,356472264178706","84,4","100,66","100,66"
2025-08-13 00:00:00,"478,0584999999983","0,0","-24,33609607496875","109,9","124,78","124,78"
2025-08-13 00:15:00,"478,0584999999983","0,0","-25,160072802488894","104,9","139,45","139,45"
2025-08-13 00:30:00,"478,0584999999983","0,0","-25,821906606373503","96,3","150,14","150,14"
2025-08-13 00:45:00,"478,0584999999983","0,0","-26,316148525194286","92,1","118,1","118,1"
2025-08-13 01:00:00,"478,0584999999983","0,0","-26,638588558290355","98,6","168,3","168,3"
2025-08-13 01:15:00,"478,0584999999983","0,0","-26,786413970654056","92,6","129,36","129,36"
2025-08-13 01:30:00,"478,0584999999983","0,0","-26,758320009675074","91,68","117,94","117,94"
2025-08-13 01:45:00,"478,0584999999983","0,0","-26,55456254597994","91,7","121,12","121,12"
2025-08-13 02:00:00,"478,0584999999983","0,0","-26,176947905801317","92,9","139,75","139,75"
2025-08-13 02:15:00,"478,0584999999983","0,0","-25,628760625184054","97,0","137,55","137,55"
2025-08-13 02:30:00,"478,0584999999983","0,0","-24,914636141250867","84,3","149,15","149,15"
2025-08-13 02:45:00,"348,579","6,07","-24,04039008884063","90,19","135,32","135,32"
2025-08-13 03:00:00,"348,579","0,0","-23,012818237104387","84,49","103,69","103,69"
2025-08-13 03:15:00,"348,579","0,0","-21,839482994455853","93,7","88,27","88,27"
2025-08-13 03:30:00,"348,579","0,0","-20,52850066341141","85,6","78,4","78,4"
2025-08-13 03:45:00,"348,579","0,0","-19,0883407139","87,5","64,46","64,46"
2025-08-13 04:00:00,"237,43800000000002","0,0","-17,527646740386317","80,1","62,1","62,1"
2025-08-13 04:15:00,"323,45433333333335","0,0","-15,855084142784897","83,0","61,51","61,51"
2025-08-13 04:30:00,"338,00766666666664","0,0","-14,079216135184128","89,0","70,95","70,95"
2025-08-13 04:45:00,"213,05699999999996","0,0","-12,20840928001933","99,54","78,84","78,84"
2025-08-13 05:00:00,"267,22366666666665","0,0","-10,25076622294009","85,2","81,08","81,08"
2025-08-13 05:15:00,"298,29900000000004","0,0","-8,214081919055744","82,9","95,0","95,0"
2025-08-13 05:30:00,"176,77533333333332","0,0","-6,1058215106511735","105,05","90,23","90,23"
2025-08-13 05:45:00,"271,806","0,0","-3,933115775162279","122,0","107,94","107,94"
2025-08-13 06:00:00,"217,08633333333336","0,0","-1,7027700408500823","85,1","79,81","79,81"
2025-08-13 06:15:00,"390,5826666666667","8,245666666666667","0,9416009150939446","107,98","78,86","78,86"
2025-08-13 06:30:00,"386,2513333333333","88,80433333333333","3,111765921968521","113,0","96,21","96,21"
2025-08-13 06:45:00,"212,9906666666667","209,97366666666665","5,408374760431456","124,9","98,09","98,09"
2025-08-13 07:00:00,"222,314","336,05233333333337","7,770450582014702","137,9","100,96","100,96"
2025-08-13 07:15:00,"299,27299999999997","441,96833333333336","10,174306625632342","122,8","88,23","88,23"
2025-08-13 07:30:00,"499,62333333333333","544,8179999999999","12,60743377828496","96,1","76,04","76,04"
2025-08-13 07:45:00,"386,8063333333334","654,1333333333333","15,061182633510786","84,88","100,03","100,03"
2025-08-13 08:00:00,"300,85066666666677","777,5313333333332","17,528280010138825","150,0","107,25","107,25"
2025-08-13 08:15:00,"328,3403333333334","1050,6263333333332","20,00216761127241","124,19","109,39","109,39"
2025-08-13 08:30:00,"398,94533333333345","1413,2886666666664","22,4764079283413","84,4","112,27","112,27"
2025-08-13 08:45:00,"434,65666666666675","1833,891","24,94445808379764","66,5","134,8","134,8"
2025-08-13 09:00:00,"501,66300000000007","2331,9860000000003","27,39949176425757","150,0","101,12","101,12"
2025-08-13 09:15:00,"545,1963333333334","3032,666666666667","29,834245101967404","104,83","92,44","92,44"
2025-08-13 09:30:00,"436,78533333333337","3314,572666666667","32,240825275440145","79,94","106,83","106,83"
2025-08-13 09:45:00,"524,0843333333333","3494,218333333333","34,61057632104348","50,07","124,25","124,25"
2025-08-13 10:00:00,"445,90666666666675","3660,3360000000007","36,933887048727016","150,0","104,16","104,16"
2025-08-13 10:15:00,"326,32233333333346","3736,370666666666","39,199996124573325","74,39","140,12","140,12"
2025-08-13 10:30:00,"442,5123333333334","3753,78","41,39679501018119","54,94","102,71","102,71"
2025-08-13 10:45:00,"301,1613333333334","3752,3386666666665","43,510651309474206","25,9","98,86","98,86"
2025-08-13 11:00:00,"247,71666666666678","3784,709666666666","45,526102220905706","84,94","99,95","99,95"
2025-08-13 11:15:00,"344,2316666666668","3824,3673333333336","47,42591170190352","49,96","108,12","108,12"
2025-08-13 11:30:00,"278,55000000000007","3914,573333333333","49,19091181968787","30,6","96,77","96,77"
2025-08-13 11:45:00,"360,55400000000003","3994,2726666666654","50,80016220496562","20,0","96,74","96,74"
2025-08-13 12:00:00,"694,6456666666667","4116,720333333334","52,23132496024216","39,92","46,94","46,94"
2025-08-13 12:15:00,"2514,309333333333","4236,477333333333","53,46134954983063","25,4","42,71","42,71"
2025-08-13 12:30:00,"730,3830000000002","4280,066333333333","54,46758173867267","14,3","21,54","21,54"
2025-08-13 12:45:00,"417,2676666666668","4362,269666666666","55,22916232593713","0,22","-10,31","-10,31"
2025-08-13 13:00:00,"1956,1053333333334","4409,792666666667","55,72871393112031","25,8","-2,06","-2,06"
2025-08-13 13:15:00,"439,70666666666676","4522,211666666666","55,95400661588527","17,0","-9,93","-9,93"
2025-08-13 13:30:00,"323,23333333333346","4526,868666666666","55,89928115743175","10,9","-13,63","-13,63"
2025-08-13 13:45:00,"339,77566666666684","4533,74","55,56590045120426","5,46","17,63","17,63"
2025-08-13 14:00:00,"369,3636666666668","4498,3313333333335","54,96225564116068","9,16","68,01","68,01"
2025-08-13 14:15:00,"328,4093333333335","4405,666666666667","54,10270815886525","14,16","78,09","78,09"
2025-08-13 14:30:00,"414,0360000000001","4257,3893333333335","53,00615986758403","25,3","105,8","105,8"
2025-08-13 14:45:00,"392,06766666666687","4161,228666666667","51,69433768069528","37,3","116,57","116,57"
2025-08-13 15:00:00,"273,9976666666668","4038,0976666666666","50,19018564801074","22,0","117,23","117,23"
2025-08-13 15:15:00,"321,8573333333335","3898,946333333333","48,5165681975334","37,2","113,23","113,23"
2025-08-13 15:30:00,"345,8940000000001","3796,326333333333","46,69532614855928","54,93","129,14","129,14"
2025-08-13 15:45:00,"256,24900000000014","3672,675","44,74673105734758","72,51","125,2","125,2"
2025-08-13 16:00:00,"330,38800000000015","3593,372333333333","42,689209522057695","44,92","70,88","70,88"
2025-08-13 16:15:00,"286,67366666666675","3559,58","40,53927802455694","59,95","101,18","101,18"
2025-08-13 16:30:00,"379,0050000000001","3403,700666666667","38,31164029416463","101,07","136,31","136,31"
2025-08-13 16:45:00,"402,0403333333335","3303,023333333333","36,01937784650919","134,98","137,98","137,98"
2025-08-13 17:00:00,"277,1216666666668","3020,000666666667","33,67394964444547","56,5","103,48","103,48"
2025-08-13 17:15:00,"284,33366666666683","2886,935","31,285668967118887","85,0","138,79","138,79"
2025-08-13 17:30:00,"329,23833333333346","2858,583","28,86375109968323","114,96","185,03","185,03"
2025-08-13 17:45:00,"286,6995000000002","2689,1355","26,416519021011904","150,0","154,43","154,43"
2025-08-13 18:00:00,"287,3906666666668","2396,6203333333333","23,95158538284958","75,0","132,06","132,06"
2025-08-13 18:15:00,"356,72466666666685","1989,485","21,47603191865883","104,21","146,63","146,63"
2025-08-13 18:30:00,"275,83633333333347","1765,8440000000005","18,996528246829374","133,6","204,21","204,21"
2025-08-13 18:45:00,"377,77433333333346","1482,6013333333333","16,51953947889402","165,7","184,56","184,56"
2025-08-13 19:00:00,"366,49933333333354","1220,7576666666669","14,05152149080661","138,79","118,53","118,53"
2025-08-13 19:15:00,"246,54100000000014","949,4676666666668","11,5992272116691","174,9","165,4","165,4"
2025-08-13 19:30:00,"370,09133333333347","720,7806666666668","9,170279837690988","184,91","213,51","213,51"
2025-08-13 19:45:00,"261,3156666666668","528,6346666666667","6,774911524690308","192,7","294,11","294,11"
2025-08-13 20:00:00,"175,4946666666668","292,0056666666667","4,428081897228185","204,8","193,69","193,69"
2025-08-13 20:15:00,"323,5366666666668","124,31","2,164189300334522","192,43","81,85","81,85"
2025-08-13 20:30:00,"327,2390000000001","7,255","0,0738368559001589","177,2","99,17","99,17"
2025-08-13 20:45:00,"507,27866666666677","0,0","-2,677278688598957","194,96","102,36","102,36"
2025-08-13 21:00:00,"514,6323333333335","0,0","-4,89460064137436","173,34","158,91","158,91"
2025-08-13 21:15:00,"344,38400000000007","0,0","-7,052147955046531","150,0","76,74","76,74"
2025-08-13 21:30:00,"448,05766666666676","0,0","-9,142993704637334","141,99","67,06","67,06"
2025-08-13 21:45:00,"412,7656666666668","0,0","-11,159875318696164","129,6","61,93","61,93"
2025-08-13 22:00:00,"328,6386666666668","0,0","-13,095188618796186","145,4","108,96","108,96"
2025-08-13 22:15:00,"475,6863333333335","0,0","-14,940997331209852","128,2","80,59","80,59"
2025-08-13 22:30:00,"415,8733333333335","0,0","-16,689062133946646","117,6","57,76","57,76"
2025-08-13 22:45:00,"510,01866666666683","0,0","-18,33089120434066","116,96","63,1","63,1"
2025-08-13 23:00:00,"473,69233333333347","0,0","-19,85781650073319","127,55","77,67","77,67"
2025-08-13 23:15:00,"338,46533333333343","0,0","-21,261099036432075","111,2","56,72","56,72"
2025-08-13 23:30:00,"302,7086666666668","0,0","-22,53206323515869","102,6","69,95","69,95"
2025-08-13 23:45:00,"272,5280000000001","0,0","-23,66226056722454","92,0","60,25","60,25"
2025-08-14 00:00:00,"231,32400000000015","0,0","-24,643659571500013","104,3","95,27","95,27"
2025-08-14 00:15:00,"270,08933333333346","0,0","-25,46885469763941","100,32","85,6","85,6"
2025-08-14 00:30:00,"296,19366666666684","0,0","-26,131284646874747","99,1","96,13","96,13"
2025-08-14 00:45:00,"328,9836666666668","0,0","-26,625447301319934","92,0","100,67","100,67"
2025-08-14 01:00:00,"341,69666666666683","0,0","-26,94709536204944","97,1","113,22","113,22"
2025-08-14 01:15:00,"280,95433333333347","0,0","-27,093397493270817","98,38","116,97","116,97"
2025-08-14 01:30:00,"213,8496666666668","0,2433333333333333","-27,063050789341062","95,3","107,51","107,51"
2025-08-14 01:45:00,"292,2053333333335","0,0","-26,85633382475427","90,0","103,32","103,32"
2025-08-14 02:00:00,"252,71100000000013","0,0","-26,47509547028129","104,7","117,72","117,72"
2025-08-14 02:15:00,"250,12900000000016","0,0","-25,92268031136054","93,27","117,23","117,23"
2025-08-14 02:30:00,"316,9753333333335","0,0","-25,20379796566615","84,2","119,35","119,35"
2025-08-14 02:45:00,"287,4796666666668","0,0","-24,324348362417343","90,0","115,18","115,18"
2025-08-14 03:00:00,"300,36633333333344","0,0","-23,291217453510164","97,0","99,95","99,95"
2025-08-14 03:15:00,"311,8426666666668","0,0","-22,112059691416423","94,18","116,25","116,25"
2025-08-14 03:30:00,"191,84600000000015","0,0","-20,795081769366654","85,3","116,78","116,78"
2025-08-14 03:45:00,"279,6296666666668","0,0","-19,34883908827336","85,3","124,29","124,29"
2025-08-14 04:00:00,"296,12933333333353","0,0","-17,782054702335614","80,9","129,81","129,81"
2025-08-14 04:15:00,"190,70400000000012","0,0","-16,103465761730813","83,8","136,91","136,91"
2025-08-14 04:30:00,"320,96500000000015","0,0","-14,321698967295962","94,12","122,8","122,8"
2025-08-14 04:45:00,"326,4743333333335","0,0","-12,445176112188886","103,1","128,31","128,31"
2025-08-14 05:00:00,"250,6363333333335","0,0","-10,482047248223967","82,59","110,08","110,08"
2025-08-14 05:15:00,"297,3340000000002","0,0","-8,440147629319402","86,0","145,98","145,98"
2025-08-14 05:30:00,"790,8806666666668","0,0","-6,326976488164001","100,5","149,84","149,84"
2025-08-14 05:45:00,"2930,900333333333","0,0","-4,149693467035127","114,5","149,46","149,46"
2025-08-14 06:00:00,"447,9446666666668","0,0","-1,915128536999812","90,3","111,67","111,67"
2025-08-14 06:15:00,"189,0236666666668","15,036333333333332","0,7506981760284754","114,2","108,13","108,13"
2025-08-14 06:30:00,"284,3990000000001","98,84066666666668","2,912770831669163","125,53","113,25","113,25"
2025-08-14 06:45:00,"415,6383333333335","211,40866666666665","5,208671910846534","134,91","80,24","80,24"
2025-08-14 07:00:00,"224,00866666666684","335,5363333333333","7,571979929235567","136,37","140,4","140,4"
2025-08-14 07:15:00,"315,42900000000014","445,618","9,977391176786012","123,8","124,71","124,71"
2025-08-14 07:30:00,"366,0803333333334","561,1606666666668","12,411913588434755","110,9","120,38","120,38"
2025-08-14 07:45:00,"512,4980000000002","660,6695","14,86676899462348","90,05","139,82","139,82"
2025-08-14 08:00:00,"342,57333333333344","762,7859999999998","17,334472225323594","146,5","139,55","139,55"
2025-08-14 08:15:00,"328,53966666666685","1009,4906666666666","19,80847647591287","107,3","146,94","146,94"
2025-08-14 08:30:00,"307,7626666666668","1357,891","22,282298469976023","87,5","125,33","125,33"
2025-08-14 08:45:00,"1240,8533333333337","1760,5116666666668","24,749360230599343","58,9","101,2","101,2"
2025-08-14 09:00:00,"919,8846666666668","2163,5536666666667","27,20280165751584","133,3","122,91","122,91"
2025-08-14 09:15:00,"538,1806666666669","2846,5286666666666","29,635319481266777","102,7","131,38","131,38"
2025-08-14 09:30:00,"583,2700000000002","3141,8960000000006","32,03899351886949","77,5","121,54","121,54"
2025-08-14 09:45:00,"1504,7503333333336","3348,1383333333333","34,405134411582445","48,18","166,5","166,5"
2025-08-14 10:00:00,"554,6833333333335","3512,1109999999994","36,72410022960733","111,55","139,54","139,54"
2025-08-14 10:15:00,"554,6536666666668","3598,4246666666663","38,98510419519315","81,5","141,61","141,61"
2025-08-14 10:30:00,"481,6743333333335","3641,1303333333335","41,17602317389258","89,9","51,64","51,64"
2025-08-14 10:45:00,"419,82366666666684","3647,780666666667","43,28326074402794","54,93","51,32","51,32"
2025-08-14 11:00:00,"425,7470000000001","3721,016","45,29130967215087","89,98","36,67","36,67"
2025-08-14 11:15:00,"332,2006666666668","3801,629666666666","47,18303006857799","90,79","16,59","16,59"
2025-08-14 11:30:00,"313,25633333333354","3750,326","48,93936034751154","69,95","-1,08","-1,08"
2025-08-14 11:45:00,"342,1870000000002","3684,074","50,53952487456138","35,0","83,43","83,43"
2025-08-14 12:00:00,"304,61366666666686","4320,542333333333","51,961417527415286","73,84","53,0","53,0"
2025-08-14 12:15:00,"349,07800000000015","4346,944999999999","53,18229773602737","46,1","29,23","29,23"
2025-08-14 12:30:00,"363,7576666666668","4406,945333333334","54,17986157122755","59,92","27,37","27,37"
2025-08-14 12:45:00,"2190,294666666667","4219,221666666667","54,933643209530025","54,93","-11,55","-11,55"
2025-08-14 13:00:00,"613,2243333333334","4442,303333333333","55,42664899132073","64,9","-3,71","-3,71"
2025-08-14 13:15:00,"442,0160000000002","4398,276333333333","55,64697210550894","51,12","48,68","48,68"
2025-08-14 13:30:00,"228,56700000000015","4416,428333333333","55,58905830593262","39,99","73,69","73,69"
2025-08-14 13:45:00,"1631,6996666666669","3963,984","55,254349540922064","39,98","105,95","105,95"
2025-08-14 14:00:00,"1746,6566666666668","4443,763666666667","54,65110554253359","39,94","127,32","127,32"
2025-08-14 14:15:00,"279,90766666666667","4067,669666666667","53,79348980481014","44,96","215,33","215,33"
2025-08-14 14:30:00,"327,52833333333336","4163,406333333333","52,700106123777815","71,19","137,71","137,71"
2025-08-14 14:45:00,"303,1476666666666","3307,724","51,39234755775127","79,95","131,22","131,22"
2025-08-14 15:00:00,"419,7956666666667","1512,8176666666668","49,89283274403121","49,93","91,56","91,56"
2025-08-14 15:15:00,"461,19666666666666","3872,873333333334","48,22412285776266","73,84","93,79","93,79"
2025-08-14 15:30:00,"279,70133333333337","3854,4316666666673","46,4078335633432","94,91","131,09","131,09"
2025-08-14 15:45:00,"279,818","2937,372000000001","44,4640519693229","104,95","98,7","98,7"
2025-08-14 16:00:00,"402,22566666666665","2565,901666666668","42,41106982510981","64,91","87,58","87,58"
2025-08-14 16:15:00,"283,5103333333334","2823,219666666668","40,26532739743249","79,94","121,88","121,88"
2025-08-14 16:30:00,"338,7883333333333","3399,172333333334","38,0414550664133","99,99","145,05","145,05"
2025-08-14 16:45:00,"405,459","3635,4900000000007","35,75249158986855","130,12","143,9","143,9"
2025-08-14 17:00:00,"321,46099999999996","3389,632666666668","33,40988860759313","57,1","111,98","111,98"
2025-08-14 17:15:00,"347,9003333333333","3135,3480000000004","31,02396880828245","92,46","37,63","37,63"
2025-08-14 17:30:00,"365,39233333333334","2780,772666666667","28,603946607374723","124,93","147,5","147,5"
2025-08-14 17:45:00,"299,213","3056,2760000000007","26,15815987837714","150,0","132,85","132,85"
2025-08-14 18:00:00,"312,75933333333336","2603,109666666667","23,69424135759783","80,77","49,67","49,67"
2025-08-14 18:15:00,"298,3106666666667","2194,7580000000007","21,21928776033021","102,0","127,76","127,76"
2025-08-14 18:30:00,"227,59366666666668","1869,4650000000008","18,740006863691235","141,9","146,05","146,05"
2025-08-14 18:45:00,"274,322","1653,5666666666673","16,262903332054368","169,98","156,82","156,82"
2025-08-14 19:00:00,"448,30299999999994","1521,5030000000006","13,794490415808708","159,97","134,73","134,73"
2025-08-14 19:15:00,"293,4926666666667","1256,2996666666672","11,341604281599652","194,97","170,39","170,39"
2025-08-14 19:30:00,"381,743","1006,8060000000004","8,91206077943882","266,44","260,28","260,28"
2025-08-14 19:45:00,"346,5663333333333","686,5846666666672","6,516357284569732","276,96","622,66","622,66"
2025-08-14 20:00:00,"242,524","387,3103333333339","4,170958945766886","218,7","96,41","96,41"
2025-08-14 20:15:00,"419,8086666666667","151,09200000000058","1,9142911676922565","209,98","187,38","187,38"
2025-08-14 20:30:00,"422,2186666666667","9,97266666666726","-0,1554516044412955","496,02","142,88","142,88"
2025-08-14 20:45:00,"370,81466666666665","0,0","-2,949274611958081","204,96","167,03","167,03"
2025-08-14 21:00:00,"504,93433333333337","0,0","-5,169615785280714","196,9","247,39","247,39"
2025-08-14 21:15:00,"489,7659999999999","0,0","-7,330366882612345","165,0","219,36","219,36"
2025-08-14 21:30:00,"363,2953333333333","0,0","-9,424566936415625","159,97","140,06","140,06"
2025-08-14 21:45:00,"383,67799999999994","0,0","-11,444914345568003","154,98","109,1","109,1"
2025-08-14 22:00:00,"450,8649999999999","0,0","-13,383760229379783","141,9","103,63","103,63"
2025-08-14 22:15:00,"289,35366666666664","0,0","-15,233117374283164","130,3","83,98","83,98"
2025-08-14 22:30:00,"381,54299999999995","0,0","-16,984688916635438","123,5","78,89","78,89"
2025-08-14 22:45:00,"449,0326666666666","0,0","-18,62991882962921","113,5","71,1","71,1"
2025-08-14 23:00:00,"430,4763333333333","0,0","-20,1600685624606","127,0","115,01","115,01"
2025-08-14 23:15:00,"568,9606666666666","0,0","-21,566323209557297","108,96","79,57","79,57"
2025-08-14 23:30:00,"414,162","0,0","-22,839927395288687","107,6","97,23","97,23"
2025-08-14 23:45:00,"354,0733333333333","0,0","-23,972351141771487","97,8","95,1","95,1"
2025-08-15 00:00:00,"418,33400000000006","0,0","-24,955482817975877","110,37","132,21","132,21"
2025-08-15 00:15:00,"268,64666666666665","0,0","-25,78184150835984","110,3","129,85","129,85"
2025-08-15 00:30:00,"286,1236666666667","0,0","-26,44479927015741","101,8","87,56","87,56"
2025-08-15 00:45:00,"316,8416666666667","0,0","-26,938800054453058","94,1","78,66","78,66"
2025-08-15 01:00:00,"301,47066666666666","0,0","-27,259559010226063","106,61","134,39","134,39"
2025-08-15 01:15:00,"389,2176666666667","0,0","-27,40422654239138","96,7","128,26","128,26"
2025-08-15 01:30:00,"330,9653333333333","0,0","-27,37150255678432","89,7","124,76","124,76"
2025-08-15 01:45:00,"233,22566666666665","0,0","-27,161689890623723","83,9","134,28","134,28"
2025-08-15 02:00:00,"285,28166666666664","0,0","-26,776682029380744","101,5","130,38","130,38"
2025-08-15 02:15:00,"291,683","0,0","-26,219886060958792","90,5","84,05","84,05"
2025-08-15 02:30:00,"219,98566666666667","0,0","-25,496088463705043","83,9","78,86","78,86"
2025-08-15 02:45:00,"292,11033333333336","0,0","-24,611276205896985","82,42","68,22","68,22"
2025-08-15 03:00:00,"354,82666666666665","0,0","-23,57242808056412","92,8","73,71","73,71"
2025-08-15 03:15:00,"303,27633333333335","0,0","-22,38729303259703","87,9","83,38","83,38"
2025-08-15 03:30:00,"329,2646666666667","0,0","-21,06417029709521","85,5","90,95","90,95"
2025-08-15 03:45:00,"264,15133333333335","0,0","-19,61170301059381","92,8","87,5","87,5"
2025-08-15 04:00:00,"230,94833333333332","0,0","-18,03869512955657","93,1","77,41","77,41"
2025-08-15 04:15:00,"356,0079999999999","0,0","-16,35395664631788","95,3","69,0","69,0"
2025-08-15 04:30:00,"180,14733333333334","0,0","-14,566178522003542","98,3","65,18","65,18"
2025-08-15 04:45:00,"298,42566666666664","0,0","-12,683838280053742","90,8","61,15","61,15"
2025-08-15 05:00:00,"391,00699999999995","0,2433333333339254","-10,715133651570085","80,2","106,02","106,02"
2025-08-15 05:15:00,"240,826","0,0","-8,667940286105908","94,9","102,11","102,11"
2025-08-15 05:30:00,"737,0236666666666","0,0","-6,549791470632094","104,8","115,19","115,19"
2025-08-15 05:45:00,"2806,188333333333","0,0","-4,367875586198773","111,75","114,13","114,13"
2025-08-15 06:00:00,"410,2763333333333","0,0","-2,1290470636062326","90,04","116,36","116,36"
2025-08-15 06:15:00,"352,28299999999996","6,526666666667259","0,564615563455204","97,2","88,48","88,48"
2025-08-15 06:30:00,"247,46","78,62700000000059","2,715426879519649","116,35","97,81","97,81"
2025-08-15 06:45:00,"190,49799999999996","193,33666666666727","5,00934338929722","124,91","91,43","91,43"
2025-08-15 07:00:00,"390,39933333333335","324,28733333333395","7,3733054524161075","124,98","115,47","115,47"
2025-08-15 07:15:00,"588,484","440,42366666666726","9,779972292701","117,8","427,53","427,53"
2025-08-15 07:30:00,"307,5016666666666","558,823333333334","12,2156892163742","96,18","132,74","132,74"
2025-08-15 07:45:00,"339,65433333333334","679,3090000000005","14,671386071380407","84,8","119,32","119,32"
2025-08-15 08:00:00,"307,28866666666664","817,6423333333339","17,13955145438369","131,6","163,52","163,52"
2025-08-15 08:15:00,"317,7043333333333","1100,704333333334","19,613563739749186","99,9","148,8","148,8"
2025-08-15 08:30:00,"350,0126666666667","1453,7876666666675","22,086861894596865","85,1","181,23","181,23"
2025-08-15 08:45:00,"423,22066666666666","1791,5856666666673","24,552829118666494","62,26","198,64","198,64"
2025-08-15 09:00:00,"557,926","2328,228666666668","27,004569185400964","120,1","314,3","314,3"
2025-08-15 09:15:00,"633,8359999999999","2935,7503333333343","29,43474005967012","87,59","387,55","387,55"
2025-08-15 09:30:00,"564,6706666666666","3153,955666666667","31,835390829610823","60,9","104,83","104,83"
2025-08-15 09:45:00,"519,2433333333332","3341,0080000000003","34,19779841295859","39,1","65,61","65,61"
2025-08-15 10:00:00,"578,2979999999999","3492,342666666667","36,51229021967924","88,2","44,05","44,05"
2025-08-15 10:15:00,"464,55800000000005","3553,6470000000004","38,768052899529565","61,05","-13,17","-13,17"
2025-08-15 10:30:00,"403,42166666666674","3584,349333333334","40,95295149575875","35,4","117,14","117,14"
2025-08-15 10:45:00,"379,8504999999999","3598,043500000001","43,0533806174142","15,1","-17,5","-17,5"
2025-08-15 11:00:00,"293,563","3622,9390000000008","45,0538832866814","31,82","-1,85","-1,85"
2025-08-15 11:15:00,"422,23366666666664","3720,072333333334","46,93737249582787","10,07","-8,94","-8,94"
2025-08-15 11:30:00,"450,1600000000001","3704,373000000001","48,68489390834453","0,06","-19,25","-19,25"
2025-08-15 11:45:00,"250,26199999999997","3920,716666666667","50,27583883257627","-9,95","-22,04","-22,04"
2025-08-15 12:00:00,"327,79200000000003","3965,106333333334","51,68833455772718","29,93","-12,65","-12,65"
2025-08-15 12:15:00,"1021,0250000000001","4111,021000000001","52,89994276238641","18,64","-17,6","-17,6"
2025-08-15 12:30:00,"1152,6823333333334","4201,019666666667","53,88871782406734","-14,9","29,8","29,8"
2025-08-15 12:45:00,"410,47166666666664","4223,794666666668","54,63458465316504","-19,9","-35,58","-35,58"
2025-08-15 13:00:00,"329,428","4273,005999999999","55,12092970070813","14,9","-15,75","-15,75"
2025-08-15 13:15:00,"378,9153333333333","4408,811000000001","55,33616137897611","-0,76","-16,88","-16,88"
2025-08-15 13:30:00,"407,8736666666667","4652,832333333334","55,27493282668315","-5,74","-32,18","-32,18"
2025-08-15 13:45:00,"284,65000000000003","4792,028666666667","54,93875862699395","-0,4","-32,18","-32,18"
2025-08-15 14:00:00,"316,521","4988,502","54,33578910801908","-4,91","-20,25","-20,25"
2025-08-15 14:15:00,"338,93100000000004","3852,2290000000007","53,47998432046449","-9,92","-19,76","-19,76"
2025-08-15 14:30:00,"392,7336666666667","3630,000333333334","52,389653221905625","-0,63","-12,12","-12,12"
2025-08-15 14:45:00,"315,645","3034,215333333334","51,08585943914525","24,96","-7,76","-7,76"
2025-08-15 15:00:00,"360,14766666666657","2618,2870000000003","49,590899041295465","-5,12","-16,25","-16,25"
2025-08-15 15:15:00,"388,74800000000005","2261,9960000000005","47,92705016705036","5,02","-5,84","-5,84"
2025-08-15 15:30:00,"390,83466666666664","1436,1166666666672","46,115686164233615","15,03","-5,51","-5,51"
2025-08-15 15:45:00,"378,7006666666666","3671,3250000000007","44,17670858014538","25,07","0,99","0,99"
2025-08-15 16:00:00,"278,4173333333334","3635,917","42,128272586472654","19,14","-10,29","-10,29"
2025-08-15 16:15:00,"319,00800000000004","1952,2473333333344","39,986716748427874","25,05","3,24","3,24"
2025-08-15 16:30:00,"400,92599999999993","2799,5086666666666","37,76661595583342","40,09","97,24","97,24"
2025-08-15 16:45:00,"250,4056666666667","3623,305666666667","35,48093256627648","78,6","127,8","127,8"
2025-08-15 17:00:00,"405,82733333333334","3429,145666666667","33,14118378091026","35,04","87,24","87,24"
2025-08-15 17:15:00,"412,634","2725,701666666668","30,75764662782825","73,84","76,47","76,47"
2025-08-15 17:30:00,"182,0143333333333","3263,885333333334","28,33954315386333","89,7","126,81","126,81"
2025-08-15 17:45:00,"275,92433333333327","3001,605333333334","25,89522484774364","122,0","112,94","112,94"
2025-08-15 18:00:00,"611,0386666666666","2252,076","23,432343464449232","46,75","94,36","94,36"
2025-08-15 18:15:00,"2277,4033333333336","1280,6660000000008","20,95801288946573","83,8","111,17","111,17"
2025-08-15 18:30:00,"279,14500000000004","381,9750000000006","18,478976187321297","106,5","25,45","25,45"
2025-08-15 18:45:00,"268,4526666666667","470,9340000000007","16,001777685207074","144,95","104,82","104,82"
2025-08-15 19:00:00,"304,367","582,0570000000006","13,532989265679047","74,9","92,72","92,72"
2025-08-15 19:15:00,"417,01966666666675","777,7740000000006","11,079556320817838","100,02","110,96","110,96"
2025-08-15 19:30:00,"398,4666666666667","960,8790000000006","8,649489489783818","121,7","127,74","127,74"
2025-08-15 19:45:00,"216,78566666666669","336,2476666666672","6,254011564863046","137,42","207,36","207,36"
2025-08-15 20:00:00,"381,9823333333334","111,5306666666672","3,910549042319319","139,3","150,23","150,23"
2025-08-15 20:15:00,"445,516","12,853666666667184","1,6627047862994395","120,59","113,65","113,65"
2025-08-15 20:30:00,"384,195","0,2416666666671847","-0,9494799691920984","114,9","92,83","92,83"
2025-08-15 20:45:00,"657,1876666666667","0,0","-3,2255710880847577","115,3","120,0","120,0"
2025-08-15 21:00:00,"477,4993333333333","0,0","-5,4489273377067375","139,9","107,94","107,94"
2025-08-15 21:15:00,"464,73400000000004","0,0","-7,612880026281904","126,51","77,53","77,53"
2025-08-15 21:30:00,"518,3663333333334","0,0","-9,710433719826264","105,7","78,95","78,95"
2025-08-15 21:45:00,"408,5500000000001","0,0","-11,734247235868851","95,1","70,6","70,6"
2025-08-15 22:00:00,"509,966","0,0","-13,6766262956959","117,1","121,25","121,25"
2025-08-15 22:15:00,"550,0543333333334","0,0","-15,52953188582504","103,8","101,21","101,21"
2025-08-15 22:30:00,"381,3520000000001","0,0","-17,28460856401365","105,7","109,93","109,93"
2025-08-15 22:45:00,"483,68033333333335","0,0","-18,93323488008884","91,93","118,2","118,2"
2025-08-15 23:00:00,"525,1023333333334","0,0","-20,466600377230844","105,9","129,26","129,26"
2025-08-15 23:15:00,"455,83733333333345","0,0","-21,87581267793081","105,8","111,68","111,68"
2025-08-15 23:30:00,"303,0336666666667","0,0","-23,152034942229697","96,8","106,97","106,97"
2025-08-15 23:45:00,"308,13000000000005","0,0","-24,286654033772496","85,57","110,34","110,34"
2025-08-16 00:00:00,"259,50033333333346","0,0","-25,271476490245323","106,3","111,91","111,91"
2025-08-16 00:15:00,"299,20466666666675","0,0","-26,09894453164617","99,7","132,03","132,03"
2025-08-16 00:30:00,"341,6950000000001","0,0","-26,762362363926638","90,2","116,06","116,06"
2025-08-16 00:45:00,"245,16866666666672","0,0","-27,25611922012354","83,41","61,63","61,63"
2025-08-16 01:00:00,"331,77266666666674","0,0","-27,575892443019335","99,1","72,66","72,66"
2025-08-16 01:15:00,"420,3726666666667","0,0","-27,718814534047027","92,4","68,44","68,44"
2025-08-16 01:30:00,"281,53233333333344","0,0","-27,68358920372931","85,08","86,75","86,75"
2025-08-16 01:45:00,"284,2306666666668","0,0","-27,47054515221033","82,1","72,67","72,67"
2025-08-16 02:00:00,"367,3553333333334","0,0","-27,08162259905975","95,3","81,54","81,54"
2025-08-16 02:15:00,"198,6163333333334","0,0","-26,520293639901844","87,3","70,62","70,62"
2025-08-16 02:30:00,"325,08900000000006","0,0","-25,791424343123115","83,44","80,65","80,65"
2025-08-16 02:45:00,"313,5670000000001","0,0","-24,90109150195281","84,9","81,57","81,57"
2025-08-16 03:00:00,"242,70133333333342","0,0","-23,85636943792403","86,3","90,89","90,89"
2025-08-16 03:15:00,"453,7446666666667","0,0","-22,665104052855515","81,4","58,96","58,96"
2025-08-16 03:30:00,"338,1513333333334","0,0","-21,335689277335312","80,0","50,9","50,9"
2025-08-16 03:45:00,"218,7500000000001","0,0","-19,876857777681188","87,44","40,09","40,09"
2025-08-16 04:00:00,"347,9490000000001","0,0","-18,29749583316863","77,9","95,94","95,94"
2025-08-16 04:15:00,"257,46366666666677","0,0","-16,60648734214565","80,2","54,28","54,28"
2025-08-16 04:30:00,"262,01666666666677","0,0","-14,812588266110517","86,81","61,08","61,08"
2025-08-16 04:45:00,"326,7600000000001","0,0","-12,924332322565055","89,93","73,87","73,87"
2025-08-16 05:00:00,"295,93633333333344","0,0","-10,94996515874611","85,23","86,99","86,99"
2025-08-16 05:15:00,"390,2210000000001","0,0","-8,897402880776827","89,9","93,62","93,62"
2025-08-16 05:30:00,"345,62833333333344","0,0","-6,774212762250773","83,8","107,35","107,35"
2025-08-16 05:45:00,"247,67000000000007","0,0","-4,587611766591273","85,1","105,48","105,48"
2025-08-16 06:00:00,"311,13566666666674","0,0","-2,3444785727751603","85,35","101,05","101,05"
2025-08-16 06:15:00,"320,1313333333334","0,0","0,380489256067081","85,2","55,5","55,5"
2025-08-16 06:30:00,"259,77866666666677","0,0","2,5181568306649407","87,4","44,88","44,88"
2025-08-16 06:45:00,"298,9013333333334","0,0","4,809321194907778","84,93","102,97","102,97"
2025-08-16 07:00:00,"329,69433333333336","0,0","7,173648141144146","98,99","111,4","111,4"
2025-08-16 07:15:00,"394,42666666666673","12,38100000000052","9,581411207639842","86,6","115,61","115,61"
2025-08-16 07:30:00,"443,7510000000001","34,65266666666719","12,018217912225616","82,7","127,28","127,28"
2025-08-16 07:45:00,"341,6146666666668","69,44300000000052","14,474784329613232","64,5","134,88","134,88"
2025-08-16 08:00:00,"207,6533333333334","119,19933333333384","16,943360855188537","129,95","147,88","147,88"
2025-08-16 08:15:00,"383,5923333333334","211,6610000000005","19,4172671326662","85,91","140,98","140,98"
2025-08-16 08:30:00,"3079,129333333333","391,5633333333338","21,889932541891405","73,6","145,66","145,66"
2025-08-16 08:45:00,"816,1836666666668","583,3606666666672","24,35469715880857","56,7","123,95","123,95"
2025-08-16 09:00:00,"415,91233333333327","798,3206666666671","26,8046259642141","114,95","131,05","131,05"
2025-08-16 09:15:00,"402,1523333333333","1022,5960000000008","29,232345322279745","64,4","115,56","115,56"
2025-08-16 09:30:00,"1215,4983333333334","930,4646666666672","31,629862172522028","53,1","76,24","76,24"
2025-08-16 09:45:00,"408,54699999999985","720,0713333333339","33,98841957597459","26,61","84,16","84,16"
2025-08-16 10:00:00,"274,1143333333332","774,0550000000006","36,298314522463286","53,7","124,06","124,06"
2025-08-16 10:15:00,"322,3703333333332","470,5083333333338","38,5487160885017","20,1","135,33","135,33"
2025-08-16 10:30:00,"349,48999999999984","492,4136666666672","40,72746890734808","19,6","108,24","108,24"
2025-08-16 10:45:00,"290,0483333333332","548,9503333333339","42,82095918545661","-1,45","90,48","90,48"
2025-08-16 11:00:00,"391,9183333333331","550,0440000000006","44,81378198500517","31,8","115,57","115,57"
2025-08-16 11:15:00,"584,0823333333333","386,5633333333338","46,68890596842684","16,2","121,29","121,29"
2025-08-16 11:30:00,"2362,0606666666663","196,4446666666672","48,42748788274616","4,76","105,76","105,76"
2025-08-16 11:45:00,"2728,2453333333333","211,99700000000053","50,00908818074105","-13,71","88,94","88,94"
2025-08-16 12:00:00,"1618,1190000000001","330,7916666666672","51,4120691280395","24,5","127,11","127,11"
2025-08-16 12:15:00,"735,0449999999998","910,1396666666672","52,61429528223263","5,0","337,81","337,81"
2025-08-16 12:30:00,"523,8896666666665","1332,9896666666673","53,59417801036433","-2,2","121,85","121,85"
2025-08-16 12:45:00,"403,94099999999986","1551,6966666666672","54,332030325352434","-17,21","111,83","111,83"
2025-08-16 13:00:00,"528,6993333333332","1676,4086666666672","54,81161517614415","16,0","134,98","134,98"
2025-08-16 13:15:00,"602,0063333333331","1651,347666666667","55,02165358156224","4,6","38,23","38,23"
2025-08-16 13:30:00,"1839,4409999999996","1543,4520000000002","54,95700320315737","-4,9","49,16","49,16"
2025-08-16 13:45:00,"1452,7176666666667","1673,4140000000004","54,61925814609856","-15,54","34,29","34,29"
2025-08-16 14:00:00,"376,3359999999998","1184,486500000001","54,01644808774141","2,6","29,0","29,0"
2025-08-16 14:15:00,"365,73666666666657","875,6483333333337","53,16234087202302","-5,6","9,13","9,13"
2025-08-16 14:30:00,"268,52233333333317","489,8703333333338","52,07495727295496","-1,0","-10,19","-10,19"
2025-08-16 14:45:00,"547,9639999999999","420,4806666666672","50,77503607188592","4,0","14,29","14,29"
2025-08-16 15:00:00,"828,8249999999998","708,6550000000005","49,28455386517003","-26,8","9,48","9,48"
2025-08-16 15:15:00,"1096,2266666666667","1203,682666666667","47,62550095996928","-3,5","5,15","5,15"
2025-08-16 15:30:00,"1174,8826666666664","1495,7223333333338","45,81901359321289","4,92","-4,17","-4,17"
2025-08-16 15:45:00,"1028,6516666666664","1560,8280000000009","43,88480628870463","18,2","6,87","6,87"
2025-08-16 16:00:00,"531,7663333333333","1687,9866666666671","41,84089547051352","-20,9","48,77","48,77"
2025-08-16 16:15:00,"444,5459999999999","1852,1540000000005","39,70352932227516","-10,02","2,47","2,47"
2025-08-16 16:30:00,"299,2743333333331","1934,8550000000005","37,48721307555978","4,98","23,74","23,74"
2025-08-16 16:45:00,"378,74233333333314","1907,216666666667","35,20497605892562","28,8","93,29","93,29"
2025-08-16 17:00:00,"342,2899999999998","1744,7120000000004","32,86810494795942","-19,9","76,38","76,38"
2025-08-16 17:15:00,"396,2423333333332","1389,646666666667","30,48696197204542","14,49","125,05","125,05"
2025-08-16 17:30:00,"456,7936666666665","1143,9850000000006","28,070787675180725","40,7","115,25","115,25"
2025-08-16 17:45:00,"322,7789999999999","1028,056666666667","25,62794516759613","65,7","126,63","126,63"
2025-08-16 18:00:00,"339,5523333333332","1186,7946666666674","23,1661031637879","20,0","119,31","119,31"
2025-08-16 18:15:00,"712,5346666666666","714,2326666666672","20,692440096146097","56,1","104,82","104,82"
2025-08-16 18:30:00,"378,9906666666665","540,6760000000005","18,213695981565973","75,4","124,95","124,95"
2025-08-16 18:45:00,"1659,8553333333334","425,5996666666672","15,73645728002962","128,05","104,39","104,39"
2025-08-16 19:00:00,"1586,178333333333","362,4533333333338","13,267359738756884","71,1","69,38","69,38"
2025-08-16 19:15:00,"2707,1","278,8673333333339","10,813453844017328","90,49","91,48","91,48"
2025-08-16 19:30:00,"1211,0696666666665","193,50933333333384","8,382980325169418","108,0","86,81","86,81"
2025-08-16 19:45:00,"322,93666666666655","126,08833333333384","5,987672861443916","124,9","125,76","125,76"
2025-08-16 20:00:00,"259,62166666666656","56,75066666666718","3,646633875447383","96,3","115,69","115,69"
2025-08-16 20:15:00,"437,0476666666665","7,052666666667185","1,409184019953705","100,4","136,5","136,5"
2025-08-16 20:30:00,"799,3583333333331","0,0","-1,227192489731656","102,4","45,99","45,99"
2025-08-16 20:45:00,"846,7056666666665","0,0","-3,506075118621796","105,5","95,33","95,33"
2025-08-16 21:00:00,"974,5816666666665","0,0","-5,732441812611756","111,2","143,75","143,75"
2025-08-16 21:15:00,"890,6686666666666","0,0","-7,899593475724153","108,09","146,07","146,07"
2025-08-16 21:30:00,"750,4296666666664","0,0","-10,00049979883779","93,9","117,0","117,0"
2025-08-16 21:45:00,"2182,4716666666664","0,0","-12,027779480735814","88,2","80,51","80,51"
2025-08-16 22:00:00,"1035,2236666666663","0,0","-13,973692157576806","107,9","149,58","149,58"
2025-08-16 22:15:00,"469,4049999999997","0,0","-15,83014616338412","98,5","119,12","119,12"
2025-08-16 22:30:00,"481,5049999999997","0,0","-17,588726444473416","94,77","143,24","143,24"
2025-08-16 22:45:00,"538,2819999999997","0,0","-19,240744904730946","87,2","137,15","137,15"
2025-08-16 23:00:00,"540,3426666666663","0,0","-20,777317775820546","101,4","131,76","131,76"
2025-08-16 23:15:00,"524,8846666666664","0,0","-22,18947364036953","96,0","110,31","110,31"
2025-08-16 23:30:00,"473,3976666666664","0,0","-23,46829250846122","88,7","80,91","80,91"
2025-08-16 23:45:00,"353,4726666666664","0,0","-24,60507635029797","76,18","107,13","107,13"
2025-08-17 00:00:00,"382,7976666666664","0,0","-25,591548182909712","97,7","110,08","110,08"
2025-08-17 00:15:00,"306,91399999999976","0,0","-26,420071837171395","93,0","99,85","99,85"
2025-08-17 00:30:00,"250,01166666666634","0,0","-27,08388243969195","83,6","78,71","78,71"
2025-08-17 00:45:00,"378,8186666666664","0,0","-27,57731370783396","78,34","69,22","69,22"
2025-08-17 01:00:00,"397,2296666666664","0,0","-27,89600492561772","94,0","72,92","72,92"
2025-08-17 01:15:00,"257,73366666666635","0,0","-28,03707106342493","87,3","51,11","51,11"
2025-08-17 01:30:00,"327,96299999999974","0,0","-27,999220661304328","84,0","36,22","36,22"
2025-08-17 01:45:00,"332,14233333333306","0,0","-27,782809926418818","75,71","34,79","34,79"
2025-08-17 02:00:00,"244,636333333333","0,0","-27,389827984015454","90,9","48,32","48,32"
2025-08-17 02:15:00,"332,681333333333","0,0","-26,823814497067637","85,9","75,11","75,11"
2025-08-17 02:30:00,"251,03699999999972","0,0","-26,08971790441548","83,7","98,98","98,98"
2025-08-17 02:45:00,"253,11233333333305","0,0","-25,19370765142009","77,66","108,51","108,51"
2025-08-17 03:00:00,"405,47633333333306","0,0","-24,142956305080773","85,9","80,21","80,21"
2025-08-17 03:15:00,"380,2769999999997","0,0","-22,945409203563024","81,72","72,93","72,93"
2025-08-17 03:30:00,"258,53066666666643","0,0","-21,60955712662897","83,8","70,82","70,82"
2025-08-17 03:45:00,"305,6589999999997","0,0","-20,144224051513323","84,7","81,69","81,69"
2025-08-17 04:00:00,"289,088333333333","0,0","-18,558379978740888","80,5","64,58","64,58"
2025-08-17 04:15:00,"252,46733333333304","0,0","-16,860983745172156","81,4","95,82","95,82"
2025-08-17 04:30:00,"310,16349999999954","0,0","-15,060857017912324","84,2","123,4","123,4"
2025-08-17 04:45:00,"335,63733333333295","0,0","-13,166590133121138","85,7","107,57","107,57"
2025-08-17 05:00:00,"198,16566666666637","0,0","-11,186476853729184","82,4","110,51","110,51"
2025-08-17 05:15:00,"390,0786666666664","0,0","-9,128473766765136","81,7","107,75","107,75"
2025-08-17 05:30:00,"418,39633333333296","0,0","-7,000182030542836","87,5","104,3","104,3"
2025-08-17 05:45:00,"214,06033333333303","0,0","-4,808847002228399","86,2","116,15","116,15"
2025-08-17 06:00:00,"303,38033333333306","0,0","-2,5613713697971825","83,07","99,7","99,7"
2025-08-17 06:15:00,"352,17599999999976","0,0","0,1966763839454091","85,3","53,26","53,26"
2025-08-17 06:30:00,"201,35766666666635","0,0","2,3201887519013797","84,4","61,29","61,29"
2025-08-17 06:45:00,"344,99033333333307","0,0","4,608082444566435","80,24","69,49","69,49"
2025-08-17 07:00:00,"306,18633333333304","12,126333333333852","6,97262871862225","109,99","66,68","66,68"
2025-08-17 07:15:00,"287,05799999999977","51,60766666666719","9,381424391935065","79,7","53,27","53,27"
2025-08-17 07:30:00,"488,3779999999997","285,80400000000054","11,819279527007945","70,9","48,25","48,25"
2025-08-17 07:45:00,"409,98633333333305","756,6743333333338","14,27649184613117","48,3","38,43","38,43"
2025-08-17 08:00:00,"445,8879999999997","1183,5770000000005","16,74543169632137","109,98","98,84","98,84"
2025-08-17 08:15:00,"953,1186666666663","809,7870000000006","19,21923460348451","71,28","98,98","98,98"
2025-08-17 08:30:00,"3690,9620000000004","653,4920000000005","21,691248901421336","59,4","121,33","121,33"
2025-08-17 08:45:00,"842,3116666666664","847,7526666666672","24,15477472749501","42,2","43,91","43,91"
2025-08-17 09:00:00,"384,03633333333306","1302,595333333334","26,60284052652647","65,2","63,38","63,38"
2025-08-17 09:15:00,"285,52533333333304","1101,4850000000006","29,028025340359477","36,9","38,36","38,36"
2025-08-17 09:30:00,"413,98799999999966","1266,459333333334","31,42231597391487","20,0","15,45","15,45"
2025-08-17 09:45:00,"510,7716666666664","2403,754666666667","33,77692227826131","-12,22","-3,64","-3,64"
2025-08-17 10:00:00,"578,3659999999996","2401,2490000000003","36,08211166442175","38,0","0,23","0,23"
2025-08-17 10:15:00,"1570,022333333333","2822,084666666667","38,32702952618371","22,4","-13,0","-13,0"
2025-08-17 10:30:00,"503,79066666666637","3294,8543333333337","40,49950978510063","-51,52","-36,41","-36,41"
2025-08-17 10:45:00,"458,9116666666664","3232,2310000000007","42,58592388694203","-5,8","-38,87","-38,87"
2025-08-17 11:00:00,"1582,267333333333","2844,323666666668","44,57094471339367","20,0","-23,31","-23,31"
2025-08-17 11:15:00,"971,186333333333","2314,4050000000007","46,43758056317524","10,8","-28,0","-28,0"
2025-08-17 11:30:00,"391,6466666666664","1555,4550000000004","48,16710338112277","-24,1","-25,75","-25,75"
2025-08-17 11:45:00,"474,54866666666635","2005,5393333333336","49,73924500266924","-10,3","-0,02","-0,02"
2025-08-17 12:00:00,"446,15666666666635","3369,3050000000007","51,13260419912337","17,2","57,18","57,18"
2025-08-17 12:15:00,"399,800333333333","3368,655666666667","52,32534479881438","2,2","80,81","80,81"
2025-08-17 12:30:00,"457,8849999999997","4645,301","53,29623811163246","-6,5","106,45","106,45"
2025-08-17 12:45:00,"308,41233333333304","3013,040333333334","54,02598232386956","-20,9","120,59","120,59"
2025-08-17 13:00:00,"380,3123333333331","2801,337666666667","54,49871296265567","-0,07","45,45","45,45"
2025-08-17 13:15:00,"461,427333333333","4623,323666666667","54,70346533434169","-5,1","65,74","65,74"
2025-08-17 13:30:00,"358,20433333333307","2633,784666666667","54,63529387810623","-16,65","71,92","71,92"
2025-08-17 13:45:00,"446,2436666666664","1732,8323333333335","54,29606777619815","-19,7","-7,48","-7,48"
2025-08-17 14:00:00,"433,5109999999997","5294,779666666667","53,69330047625105","-10,1","-5,61","-5,61"
2025-08-17 14:15:00,"256,5899999999997","2041,807666666667","52,84077155518089","-14,78","-11,04","-11,04"
2025-08-17 14:30:00,"393,7156666666664","3560,046666666667","51,75622358679145","-7,3","-6,98","-6,98"
2025-08-17 14:45:00,"176,43066666666638","1680,6970000000003","50,46007483038968","-0,5","-15,84","-15,84"
2025-08-17 15:00:00,"195,2316666666664","1631,2150000000004","48,97398533020096","-17,3","-2,57","-2,57"
2025-08-17 15:15:00,"206,4719999999997","3435,6293333333333","47,319645166299445","-5,07","-10,92","-10,92"
2025-08-17 15:30:00,"185,96166666666636","1533,6373333333331","45,51796524924463","0,0","-12,11","-12,11"
2025-08-17 15:45:00,"293,107333333333","3437,161","43,58847130070878","21,66","8,2","8,2"
2025-08-17 16:00:00,"224,63433333333305","1294,472","41,549038432023565","-21,6","-16,94","-16,94"
2025-08-17 16:15:00,"177,77033333333304","1625,3943333333334","39,41585268325366","-19,64","2,61","2,61"
2025-08-17 16:30:00,"188,4319999999997","2101,9116666666664","37,2033199187704","19,1","108,88","108,88"
2025-08-17 16:45:00,"200,78233333333304","3228,869666666667","34,924776233390446","52,3","69,83","69,83"
2025-08-17 17:00:00,"149,3559999999997","3689,3496666666665","32,59084511554611","20,0","65,74","65,74"
2025-08-17 17:15:00,"206,85266666666635","4095,2626666666665","30,21219094871396","45,3","66,52","66,52"
2025-08-17 17:30:00,"300,1229999999997","3646,345666666667","27,79805630716764","79,98","139,23","139,23"
2025-08-17 17:45:00,"295,8013333333331","3340,185","25,356818459416107","128,9","140,9","140,9"
2025-08-17 18:00:00,"300,13266666666635","3247,6603333333337","22,89616736443523","50,8","95,51","95,51"
2025-08-17 18:15:00,"286,7739999999997","2519,5716666666663","20,42327938047782","86,9","134,14","134,14"
2025-08-17 18:30:00,"218,94933333333307","1848,2093333333328","17,94495529149861","123,03","154,94","154,94"
2025-08-17 18:45:00,"284,0419999999996","727,5715","15,467833141526032","150,0","161,43","161,43"
2025-08-17 19:00:00,"307,7549999999997","1084,6503333333333","12,998629531395247","85,6","34,55","34,55"
2025-08-17 19:15:00,"202,67333333333303","960,8923333333332","10,5445633288501","106,49","84,37","84,37"
2025-08-17 19:30:00,"339,74633333333304","704,3636666666666","8,11416167105769","129,8","128,48","128,48"
2025-08-17 19:45:00,"383,6726666666664","487,4726666666666","5,720154786839346","152,5","96,04","96,04"
2025-08-17 20:00:00,"255,03999999999965","209,405","3,383551410835702","108,23","97,97","97,97"
2025-08-17 20:15:00,"445,67766666666637","62,31333333333333","1,1615241063222954","125,4","121,97","121,97"
2025-08-17 20:30:00,"612,8759999999999","0,2433333333333333","-1,5090259142229006","123,9","154,94","154,94"
2025-08-17 20:45:00,"358,32899999999984","0,0","-3,7906925188875618","121,9","163,81","163,81"
2025-08-17 21:00:00,"476,3169999999997","0,0","-6,02006447360633","134,8","179,25","179,25"
2025-08-17 21:15:00,"345,00799999999975","0,0","-8,19041199749491","120,2","141,98","141,98"
2025-08-17 21:30:00,"455,8233333333331","0,0","-10,294669512386966","111,3","124,19","124,19"
2025-08-17 21:45:00,"587,3533333333331","0,0","-12,32541507294382","102,91","120,41","120,41"
2025-08-17 22:00:00,"421,35733333333314","0,0","-14,274861556326623","109,52","139,81","139,81"
2025-08-17 22:15:00,"1754,1746666666663","0,0","-16,134863798639355","150,0","125,51","125,51"
2025-08-17 22:30:00,"1245,0283333333332","0,0","-17,896946103596495","90,09","118,89","118,89"
2025-08-17 22:45:00,"364,3513333333332","0,2426666666666666","-19,55235250503111","85,09","109,4","109,4"
2025-08-17 23:00:00,"521,4056666666665","0,0","-21,09212450879363","116,4","139,9","139,9"
2025-08-17 23:15:00,"349,4113333333331","0,0","-22,50721007639247","108,93","136,38","136,38"
2025-08-17 23:30:00,"318,8976666666665","0,0","-23,78860436164503","93,8","117,0","117,0"
2025-08-17 23:45:00,"369,85066666666654","0,0","-24,92752268128033","87,0","123,54","123,54"
2025-08-18 00:00:00,"176,31466666666654","0,0","-25,91560281621998","108,2","120,17","120,17"
2025-08-18 00:15:00,"274,6256666666665","0,0","-26,74512865848226","104,4","141,55","141,55"
2025-08-18 00:30:00,"294,30266666666654","0,0","-27,40926500794734","88,56","114,99","114,99"
2025-08-18 00:45:00,"234,27766666666653","0,0","-27,90228925884889","82,7","101,48","101,48"
2025-08-18 01:00:00,"272,83933333333323","0,0","-28,219802388054557","103,86","150,38","150,38"
2025-08-18 01:15:00,"260,5916666666666","0,0","-28,358902226928763","91,4","120,93","120,93"
2025-08-18 01:30:00,"259,62166666666656","0,0","-28,31830320428861","87,3","103,51","103,51"
2025-08-18 01:45:00,"396,52666666666653","0,0","-28,09839072551789","84,2","87,43","87,43"
2025-08-18 02:00:00,"298,6029999999999","0,0","-27,70120504811705","89,7","102,42","102,42"
2025-08-18 02:15:00,"211,96166666666653","0,0","-27,13035601882492","84,83","80,76","80,76"
2025-08-18 02:30:00,"271,67733333333314","0,0","-26,390877279444258","89,0","74,17","74,17"
2025-08-18 02:45:00,"214,92866666666654","0,0","-25,489033797869936","88,8","81,46","81,46"
2025-08-18 03:00:00,"262,0466666666665","0,0","-24,432099132747933","90,6","83,07","83,07"
2025-08-18 03:15:00,"271,2629999999998","0,0","-23,22812055109063","82,78","77,67","77,67"
2025-08-18 03:30:00,"312,0069999999999","0,0","-21,885687834578995","89,7","74,17","74,17"
2025-08-18 03:45:00,"349,35566666666654","0,0","-20,413718037780413","90,5","80,48","80,48"
2025-08-18 04:00:00,"278,41733333333315","0,0","-18,821266255436505","79,27","70,12","70,12"
2025-08-18 04:15:00,"184,26566666666653","0,0","-17,117367262310207","89,0","82,86","82,86"
2025-08-18 04:30:00,"316,95899999999983","0,0","-15,310909097806046","92,4","76,88","76,88"
2025-08-18 04:45:00,"275,67833333333317","0,0","-13,410539102895877","94,7","81,24","81,24"
2025-08-18 05:00:00,"220,57533333333322","0,0","-11,424599315433491","86,4","83,17","83,17"
2025-08-18 05:15:00,"288,48199999999986","0,0","-9,361086790417067","92,4","92,16","92,16"
2025-08-18 05:30:00,"777,5313333333331","0,0","-7,227636431954512","106,2","79,92","79,92"
2025-08-18 05:45:00,"3743,9613333333336","0,0","-5,0315217707576405","126,19","113,38","113,38"
2025-08-18 06:00:00,"1331,6983333333335","0,0","-2,779669235762257","97,96","120,63","120,63"
2025-08-18 06:15:00,"263,77433333333335","5,092999999999999","0,0243879137411799","123,7","114,45","114,45"
2025-08-18 06:30:00,"263,38100000000003","55,295333333333325","2,12761192385537","138,8","124,49","124,49"
2025-08-18 06:45:00,"264,836","145,75666666666666","4,409409060232352","152,8","106,42","106,42"
2025-08-18 07:00:00,"167,22099999999998","263,36966666666666","6,77292411149796","150,0","113,65","113,65"
2025-08-18 07:15:00,"307,712","364,3893333333333","9,182023169934547","142,53","98,77","98,77"
2025-08-18 07:30:00,"597,6426666666666","455,987","11,620461920846452","124,6","86,07","86,07"
2025-08-18 07:45:00,"447,45666666666665","533,5523333333333","14,0783808685494","100,0","86,06","86,06"
2025-08-18 08:00:00,"314,3313333333333","647,2353333333333","16,547408158473008","156,02","131,44","131,44"
2025-08-18 08:15:00,"935,4803333333334","931,709","19,020840857466585","127,3","130,0","130,0"
2025-08-18 08:30:00,"548,2253333333332","1383,3556666666666","21,49197479835965","96,2","100,04","100,04"
2025-08-18 08:45:00,"506,02599999999995","1606,9626666666668","23,95405658021412","60,08","82,28","82,28"
2025-08-18 09:00:00,"418,46549999999974","2262,2345","26,40006948016553","147,3","116,82","116,82"
2025-08-18 09:15:00,"526,2769999999999","2820,5516666666667","28,82253342743952","103,3","77,44","77,44"
2025-08-18 09:30:00,"561,3213333333332","3418,8576666666663","31,213418707428502","78,3","104,67","104,67"
2025-08-18 09:45:00,"571,5989999999998","3572,065666666667","33,56389934675135","36,31","63,69","63,69"
2025-08-18 10:00:00,"662,9386666666664","3767,849666666667","35,86421164291824","122,2","86,59","86,59"
2025-08-18 10:15:00,"859,7469999999997","3868,254333333333","38,10349227792089","82,9","45,7","45,7"
2025-08-18 10:30:00,"2033,8926666666666","3893,349333333333","40,269546576938666","46,53","98,69","98,69"
2025-08-18 10:45:00,"565,0803333333332","3894,932","42,34886729476529","35,0","32,18","32,18"
2025-08-18 11:00:00,"566,8993333333332","3905,118","44,325922241235055","99,94","97,22","97,22"
2025-08-18 11:15:00,"789,4146666666666","3950,7126666666654","46,18391657273839","78,46","96,78","96,78"
2025-08-18 11:30:00,"947,1763333333332","4009,4036666666666","47,9042353251694","49,3","77,2","77,2"
2025-08-18 11:45:00,"738,7743333333332","4073,2380000000007","49,46678360474911","28,3","60,51","60,51"
2025-08-18 12:00:00,"382,45966666666646","4196,146666666667","50,85039790939273","58,77","91,78","91,78"
2025-08-18 12:15:00,"1690,8046666666664","4303,559333333334","52,03354603637883","25,07","55,46","55,46"
2025-08-18 12:30:00,"672,8406666666665","4367,393","52,99535272778142","20,05","39,29","39,29"
2025-08-18 12:45:00,"349,53733333333315","4399,6793333333335","53,7168983996091","20,05","4,56","4,56"
2025-08-18 13:00:00,"299,15333333333314","4359,608","54,18268724064617","20,1","64,71","64,71"
2025-08-18 13:15:00,"2826,7133333333327","4429,37","54,382058472876366","24,76","53,0","53,0"
2025-08-18 13:30:00,"1685,0553333333332","4510,7","54,31026759775568","20,09","52,05","52,05"
2025-08-18 13:45:00,"604,9759999999999","4510,457666666666","53,96900395346784","20,08","31,2","31,2"
2025-08-18 14:00:00,"1731,620666666667","4462,221666666667","53,36619038697728","15,06","43,81","43,81"
2025-08-18 14:15:00,"2333,7193333333335","4512,1990000000005","52,51516654006706","15,07","62,59","62,59"
2025-08-18 14:30:00,"1963,5879999999997","4012,1016666666665","51,43338876995868","20,07","85,14","85,14"
2025-08-18 14:45:00,"734,6296666666664","4146,932000000001","50,14096061033324","34,97","74,85","74,85"
2025-08-18 15:00:00,"581,4776666666664","4003,754333333334","48,65923001565072","20,0","61,87","61,87"
2025-08-18 15:15:00,"654,6929999999999","3691,697333333334","47,00962378762765","41,4","54,46","54,46"
2025-08-18 15:30:00,"743,4116666666665","3799,446666666666","45,212798824439446","54,7","38,93","38,93"
2025-08-18 15:45:00,"551,0656666666665","3708,694666666668","43,28809323841251","73,29","42,59","42,59"
2025-08-18 16:00:00,"570,1066666666665","3494,525333333333","41,25324154095004","25,9","43,42","43,42"
2025-08-18 16:15:00,"3019,1959999999995","3204,2243333333336","39,12428320323105","51,5","51,42","51,42"
2025-08-18 16:30:00,"3569,9920000000006","3045,403333333334","36,91559781116562","81,0","65,53","65,53"
2025-08-18 16:45:00,"3756,721333333333","2875,119333333334","34,6400332246586","117,19","95,56","95,56"
2025-08-18 17:00:00,"3713,108","2671,1570000000006","32,309037689679656","35,1","80,98","80,98"
2025-08-18 17:15:00,"4075,5316666666668","2726,21","29,932874596658543","74,3","76,26","76,26"
2025-08-18 17:30:00,"3030,851666666667","2675,28","27,520781085002437","114,3","94,34","94,34"
2025-08-18 17:45:00,"2938,6910000000003","2513,965","25,08114660070231","150,0","106,89","106,89"
2025-08-18 18:00:00,"2900,6139999999996","2136,463333333334","22,62168031020847","55,02","54,12","54,12"
2025-08-18 18:15:00,"1216,155","1711,490666666667","20,14957232765191","88,62","64,87","64,87"
2025-08-18 18:30:00,"594,1216666666667","1515,2130000000004","17,67166864035225","130,8","91,35","91,35"
2025-08-18 18:45:00,"669,9723333333333","1290,9543333333338","15,194658010067318","174,96","101,55","101,55"
2025-08-18 19:00:00,"651,8823333333333","1002,748666666667","12,72533808539638","153,2","52,39","52,39"
2025-08-18 19:15:00,"600,5573333333334","749,4260000000003","10,271069486016522","169,91","80,09","80,09"
2025-08-18 19:30:00,"525,7356666666667","563,6630000000004","7,840696503986306","190,6","152,76","152,76"
2025-08-18 19:45:00,"595,8806666666666","321,1013333333336","5,447290407460807","211,12","155,63","155,63"
2025-08-18 20:00:00,"521,0409999999999","128,58133333333362","3,1149902945896937","247,4","140,39","140,39"
2025-08-18 20:15:00,"606,6986666666666","30,106000000000297","0,9090467800075954","217,2","146,25","146,25"
2025-08-18 20:30:00,"575,994","0,7276666666669627","-1,7948860119895502","280,06","158,46","158,46"
2025-08-18 20:45:00,"418,17900000000003","0,0","-4,079328425087422","210,0","147,95","147,95"
2025-08-18 21:00:00,"686,3876666666666","0,0","-6,311699852795293","192,4","248,89","248,89"
2025-08-18 21:15:00,"740,304","0,0","-8,485239563644194","162,98","57,6","57,6"
2025-08-18 21:30:00,"498,89566666666667","0,0","-10,5928463320772","141,6","46,9","46,9"
2025-08-18 21:45:00,"631,1683333333334","0,0","-12,627057059332971","128,3","50,04","50,04"
2025-08-18 22:00:00,"410,8353333333334","0,0","-14,580037198584703","142,2","116,35","116,35"
2025-08-18 22:15:00,"426,8156666666667","0,0","-16,443587251113644","123,0","100,95","100,95"
2025-08-18 22:30:00,"549,4366666666667","0,0","-18,20916985023277","112,6","74,67","74,67"
2025-08-18 22:45:00,"440,0083333333333","0,0","-19,8679599336606","97,19","64,0","64,0"
2025-08-18 23:00:00,"433,4505","0,0","-21,410922859725304","127,2","115,46","115,46"
2025-08-18 23:15:00,"514,393","0,0","-22,82892437221917","108,8","73,82","73,82"
2025-08-18 23:30:00,"376,147","0,0","-24,11287304256969","97,4","65,74","65,74"
2025-08-18 23:45:00,"375,33566666666667","0,0","-25,253895750684823","87,4","77,78","77,78"
2025-08-19 00:00:00,"286,0493333333333","0,0","-26,243543299359303","111,1","106,18","106,18"
2025-08-19 00:15:00,"193,15833333333333","0,0","-27,07401806754672","103,78","101,98","101,98"
2025-08-19 00:30:00,"296,00033333333334","0,0","-27,73841326311108","95,08","106,67","106,67"
2025-08-19 00:45:00,"330,4796666666667","0,0","-28,230949141759723","87,8","82,29","82,29"
2025-08-19 01:00:00,"287,148","0,0","-28,547188130910804","104,08","97,47","97,47"
2025-08-19 01:15:00,"380,73566666666665","0,0","-28,684211336724427","90,8","113,8","113,8"
2025-08-19 01:30:00,"240,09833333333333","0,0","-28,6407401737831","94,5","85,86","85,86"
2025-08-19 01:45:00,"200,20333333333332","0,0","-28,41719098724465","89,2","107,64","107,64"
2025-08-19 02:00:00,"344,38366666666667","0,0","-28,015657451211634","99,6","120,2","120,2"
2025-08-19 02:15:00,"212,81433333333334","0,0","-27,4398222718002","89,96","110,63","110,63"
2025-08-19 02:30:00,"252,40266666666673","0,0","-26,694807180630416","86,2","111,83","111,83"
2025-08-19 02:45:00,"341,396","0,0","-25,78697558166403","94,8","110,7","110,7"
2025-08-19 03:00:00,"250,7626666666667","0,0","-24,72370479982708","94,78","84,0","84,0"
2025-08-19 03:15:00,"332,02700000000004","0,0","-23,513146537352306","87,8","83,88","83,88"
2025-08-19 03:30:00,"292,499","0,0","-22,163991727171467","88,4","104,12","104,12"
2025-08-19 03:45:00,"165,51600000000002","0,0","-20,68525225135597","88,2","107,83","107,83"
2025-08-19 04:00:00,"310,9153333333333","0,0","-19,086069643026587","84,5","113,54","113,54"
2025-08-19 04:15:00,"279,38733333333334","0,0","-17,375555579080014","86,5","105,03","105,03"
2025-08-19 04:30:00,"219,3696666666667","0,0","-15,562665098654294","98,7","114,1","114,1"
2025-08-19 04:45:00,"348,576","0,0","-13,656102891306883","102,3","115,9","115,9"
2025-08-19 05:00:00,"279,28333333333336","0,0","-11,664259387917893","83,8","114,1","114,1"
2025-08-19 05:15:00,"272,48733333333337","0,0","-9,59517205830696","90,4","128,42","128,42"
2025-08-19 05:30:00,"289,3143333333334","0,0","-7,456509378526784","105,0","133,83","133,83"
2025-08-19 05:45:00,"263,1986666666667","0,0","-5,255572799418272","122,79","123,34","123,34"
2025-08-19 06:00:00,"1401,3026666666667","0,0","-2,999312191461637","94,72","124,17","124,17"
2025-08-19 06:15:00,"3952,138333333334","1,2166666666669628","-0,1555736258395308","117,4","108,88","108,88"
2025-08-19 06:30:00,"292,730666666667","42,07000000000029","1,9306230215079656","129,98","90,9","90,9"
2025-08-19 06:45:00,"299,366666666667","121,96000000000028","4,207039154037257","137,7","127,05","127,05"
2025-08-19 07:00:00,"299,39566666666695","225,0623333333336","6,570036884823493","153,34","144,82","144,82"
2025-08-19 07:15:00,"670,0933333333336","322,31400000000025","8,979875484104806","134,93","120,91","120,91"
2025-08-19 07:30:00,"1108,3080000000002","412,68800000000033","11,419179004176629","111,5","102,5","102,5"
2025-08-19 07:45:00,"1116,329666666667","491,1783333333337","13,877558248382508","81,7","77,17","77,17"
2025-08-19 08:00:00,"979,9686666666669","578,3273333333335","16,346804041722905","157,1","90,64","90,64"
2025-08-19 08:15:00,"472,3903333333336","800,8630000000002","18,819961977616444","121,2","62,27","62,27"
2025-08-19 08:30:00,"382,9453333333336","1181,8183333333336","21,2902707506745","87,0","81,24","81,24"
2025-08-19 08:45:00,"445,43700000000024","1403,161","23,750932302408746","50,08","74,25","74,25"
2025-08-19 09:00:00,"618,636666666667","2292,943","26,194890758690292","134,96","128,21","128,21"
2025-08-19 09:15:00,"1432,4886666666669","3141,9990000000003","28,61465678289814","104,8","139,88","139,88"
2025-08-19 09:30:00,"852,714","3433,894333333333","31,002133465090207","79,41","106,89","106,89"
2025-08-19 09:45:00,"563,3730000000002","3583,5586666666672","33,348463428520944","49,8","64,65","64,65"
2025-08-19 10:00:00,"492,6870000000001","3752,570666666667","35,64385553251938","114,98","75,27","75,27"
2025-08-19 10:15:00,"1942,494","3819,750000000001","37,87740869601364","81,6","63,76","63,76"
2025-08-19 10:30:00,"1531,052666666667","3845,215","40,03693997093044","59,5","115,84","115,84"
2025-08-19 10:45:00,"1316,656","3803,483666666667","42,10883312955443","24,2","93,06","93,06"
2025-08-19 11:00:00,"859,7703333333335","3829,7933333333335","44,07783483047875","75,8","136,06","136,06"
2025-08-19 11:15:00,"704,8140000000002","3908,102666666666","45,92709556216542","49,97","123,12","123,12"
2025-08-19 11:30:00,"1433,5226666666667","3938,306666666667","47,63811999877293","34,94","88,99","88,99"
2025-08-19 11:45:00,"2355,1290000000004","4038,256666666666","49,19098878240927","14,81","19,5","19,5"
2025-08-19 12:00:00,"814,5080000000004","4185,266333333334","50,56477752465116","22,8","36,01","36,01"
2025-08-19 12:15:00,"502,23200000000037","4234,177333333334","51,73825845534081","10,07","-2,08","-2,08"
2025-08-19 12:30:00,"1211,7703333333336","4314,256","52,69090764433799","5,04","79,95","79,95"
2025-08-19 12:45:00,"2646,541333333334","4350,149333333335","53,404184477303744","0,04","-10,78","-10,78"
2025-08-19 13:00:00,"1560,4023333333334","4340,241","53,86295754712496","3,9","79,15","79,15"
2025-08-19 13:15:00,"1535,9033333333336","4410,295333333333","54,05685978288351","5,02","43,26","43,26"
2025-08-19 13:30:00,"872,9455000000002","4496,4645","53,9813512260528","5,02","-9,18","-9,18"
2025-08-19 13:45:00,"635,8090000000002","4445,294666666668","53,63817602625088","5,04","-16,93","-16,93"
2025-08-19 14:00:00,"609,5990000000002","4391,666000000001","53,03519410921822","-3,65","0,0","0,0"
2025-08-19 14:15:00,"1012,658","4395,016333333333","52,18554354028265","0,02","0,97","0,97"
2025-08-19 14:30:00,"1279,3733333333337","4235,738666666667","51,10640615778817","5,05","80,36","80,36"
2025-08-19 14:45:00,"919,0440000000001","4048,935","49,81757495477465","21,4","27,46","27,46"
2025-08-19 15:00:00,"641,5966666666669","3957,018333333334","48,34008869156059","-10,0","-7,38","-7,38"
2025-08-19 15:15:00,"611,1600000000002","3796,952666666668","46,69509913994129","5,03","1,55","1,55"
2025-08-19 15:30:00,"614,1913333333334","3734,624","44,90302036751682","38,41","4,62","4,62"
2025-08-19 15:45:00,"1886,6723333333334","3643,192333333334","42,98300093320138","54,95","23,75","23,75"
2025-08-19 16:00:00,"2967,770333333334","3333,489666666667","40,95263181931625","21,7","-2,31","-2,31"
2025-08-19 16:15:00,"3006,7996666666672","3146,5036666666665","38,82785055439119","54,2","9,1","9,1"
2025-08-19 16:30:00,"2999,741666666667","2915,6290000000004","36,6229655678146","74,98","44,29","44,29"
2025-08-19 16:45:00,"2737,6463333333336","2728,150333333333","34,350783157494575","107,2","60,63","60,63"
2025-08-19 17:00:00,"2778,043333333333","2633,3233333333337","32,02271100453813","38,1","52,55","52,55"
2025-08-19 17:15:00,"2612,2976666666673","2503,815666666668","29,649027496120443","69,83","114,35","114,35"
2025-08-19 17:30:00,"2352,6733333333336","2626,346333333334","27,23896048043949","104,8","128,85","128,85"
2025-08-19 17:45:00,"1997,1276666666668","2412,3840000000005","24,800908849969044","154,94","107,95","107,95"
2025-08-19 18:00:00,"2009,0949999999998","2079,7783333333336","22,342597863998083","51,0","30,91","30,91"
2025-08-19 18:15:00,"3186,359","1682,949333333334","19,87123641809658","83,1","41,14","41,14"
2025-08-19 18:30:00,"674,1933333333333","1443,3443333333337","17,39370443166614","123,3","157,5","157,5"
2025-08-19 18:45:00,"280,938","1260,2833333333338","14,916735625469183","173,35","134,24","134,24"
2025-08-19 19:00:00,"249,1933333333333","981,7366666666668","12,447200693261587","99,3","61,15","61,15"
2025-08-19 19:15:00,"271,331","728,064666666667","9,992600377669016","115,6","81,96","81,96"
2025-08-19 19:30:00,"314,38633333333325","545,0070000000004","7,562080191697671","149,96","74,79","74,79"
2025-08-19 19:45:00,"303,3653333333333","294,0690000000003","5,169803062636504","182,2","136,23","136,23"
2025-08-19 20:00:00,"227,19599999999994","120,64566666666698","2,842087930532592","175,72","139,69","139,69"
2025-08-19 20:15:00,"224,02033333333335","20,967000000000294","0,6533434148233105","146,0","125,44","125,44"
2025-08-19 20:30:00,"327,29800000000006","0,4866666666669627","-2,084678262246883","140,1","126,4","126,4"
2025-08-19 20:45:00,"279,6303333333334","0,0","-4,371887655296653","130,7","144,13","144,13"
2025-08-19 21:00:00,"323,0416666666667","0,0","-6,607252127620001","135,0","235,35","235,35"
2025-08-19 21:15:00,"585,0886666666665","0,0","-8,783979749118625","125,01","132,24","132,24"
2025-08-19 21:30:00,"753,0643333333335","0,0","-10,89493328467189","107,66","72,16","72,16"
2025-08-19 21:45:00,"426,96299999999997","0,0","-12,932607984838802","104,7","70,08","70,08"
2025-08-19 22:00:00,"475,10400000000004","0,0","-14,889121226524086","120,41","142,15","142,15"
2025-08-19 22:15:00,"440,18466666666666","0,0","-16,756218346320573","110,2","139,74","139,74"
2025-08-19 22:30:00,"352,9483333333334","0,0","-18,525299284299077","95,1","132,12","132,12"
2025-08-19 22:45:00,"415,39733333333334","0,0","-20,187468653714337","80,1","164,48","164,48"
2025-08-19 23:00:00,"458,0086666666667","0,0","-21,7336142352594","107,1","174,42","174,42"
2025-08-19 23:15:00,"318,72633333333334","0,0","-23,15451794489877","96,2","139,41","139,41"
2025-08-19 23:30:00,"503,1293333333334","0,0","-24,44100002591022","87,5","155,47","155,47"
2025-08-19 23:45:00,"502,32166666666666","0,0","-25,584097112877316","77,5","150,74","150,74"
2025-08-20 00:00:00,"324,2273333333334","0,0","-26,575271263057573","109,91","97,51","97,51"
2025-08-20 00:15:00,"270,53499999999997","0,0","-27,4066417442478","105,7","96,46","96,46"
2025-08-20 00:30:00,"327,19933333333336","0,0","-28,07122888949732","91,64","89,81","89,81"
2025-08-20 00:45:00,"197,7783333333333","0,0","-28,563194994051557","80,1","77,92","77,92"
2025-08-20 01:00:00,"241,31133333333332","0,0","-28,87806370134703","97,24","98,22","98,22"
2025-08-20 01:15:00,"283,349","0,0","-29,012899830694927","92,1","98,17","98,17"
2025-08-20 01:30:00,"293,78900000000004","0,0","-28,96643291971815","86,3","89,66","89,66"
2025-08-20 01:45:00,"397,9816666666667","0,0","-28,739112048045587","81,1","78,66","78,66"
2025-08-20 02:00:00,"322,0713333333333","0,0","-28,333086651555167","92,8","65,02","65,02"
2025-08-20 02:15:00,"210,04933333333335","0,0","-27,752115033135617","86,0","68,07","68,07"
2025-08-20 02:30:00,"267,9986666666667","0,0","-27,001409956271303","77,59","111,37","111,37"
2025-08-20 02:45:00,"281,47133333333335","0,0","-26,087436218732613","86,9","104,36","104,36"
2025-08-20 03:00:00,"209,50650000000002","0,0","-25,017677715526148","90,8","91,6","91,6"
2025-08-20 03:15:00,"190,26599999999996","0,0","-23,800393101417825","77,57","112,85","112,85"
2025-08-20 03:30:00,"348,9916666666666","0,0","-22,44437660571118","89,47","92,88","92,88"
2025-08-20 03:45:00,"353,995","0,0","-20,958736668794995","77,59","85,41","85,41"
2025-08-20 04:00:00,"296,3643333333333","0,0","-19,352702577482955","75,08","73,97","73,97"
2025-08-20 04:15:00,"296,7036666666667","0,0","-17,635463837601403","82,49","78,89","78,89"
2025-08-20 04:30:00,"261,249","0,0","-15,816043072229617","92,0","82,4","82,4"
2025-08-20 04:45:00,"176,88733333333337","0,0","-13,903202620419735","93,7","80,27","80,27"
2025-08-20 05:00:00,"313,61999999999995","0,0","-11,905381381130438","82,8","84,59","84,59"
2025-08-20 05:15:00,"286,654","0,0","-9,830657146045157","88,6","109,8","109,8"
2025-08-20 05:30:00,"230,30366666666666","0,0","-7,68673175078766","101,9","137,03","137,03"
2025-08-20 05:45:00,"1778,309666666667","0,0","-5,480934279075104","114,5","144,36","144,36"
2025-08-20 06:00:00,"1497,7900000000002","0,0","-3,2202377145653536","85,05","147,75","147,75"
2025-08-20 06:15:00,"764,9203333333335","0,0","-0,9112876982408912","99,9","128,35","128,35"
2025-08-20 06:30:00,"322,65900000000016","51,8540000000003","1,7315292495187231","110,25","101,43","101,43"
2025-08-20 06:45:00,"260,1553333333335","177,6273333333336","4,002545900997273","130,0","93,71","93,71"
2025-08-20 07:00:00,"224,3343333333335","324,4970000000003","6,365168404868454","124,8","77,39","77,39"
2025-08-20 07:15:00,"308,4900000000002","488,9280000000003","8,775797751037484","114,8","78,66","78,66"
2025-08-20 07:30:00,"1934,5799999999997","730,0516666666668","11,21600196510702","100,27","88,27","88,27"
2025-08-20 07:45:00,"2926,8983333333335","888,3650000000002","13,674930116538269","89,2","94,67","94,67"
2025-08-20 08:00:00,"473,527","998,1283333333336","16,14439749045219","141,1","129,3","129,3"
2025-08-20 08:15:00,"952,3596666666667","1163,311","18,61726117581457","108,9","146,53","146,53"
2025-08-20 08:30:00,"513,8953333333334","1589,4746666666667","21,086709388376068","85,57","144,17","144,17"
2025-08-20 08:45:00,"368,53633333333335","1760,4776666666671","23,545901450762194","45,06","124,42","124,42"
2025-08-20 09:00:00,"484,12100000000004","2094,322666666667","25,987743899887853","128,41","174,85","174,85"
2025-08-20 09:15:00,"470,9813333333333","2121,1133333333337","28,404715446471744","99,0","174,43","174,43"
2025-08-20 09:30:00,"481,89500000000004","2114,322333333334","30,78868151777009","78,5","108,1","108,1"
2025-08-20 09:45:00,"455,2746666666667","2469,707","33,13075357500941","57,56","69,99","69,99"
2025-08-20 10:00:00,"2030,8943333333339","3562,432","35,4211136187342","107,46","90,41","90,41"
2025-08-20 10:15:00,"855,8666666666667","4038,991666666667","37,64884131422834","91,3","139,72","139,72"
2025-08-20 10:30:00,"690,4653333333333","3847,640000000001","39,80174653028345","68,36","182,39","182,39"
2025-08-20 10:45:00,"536,5609999999999","3784,6196666666674","41,86621810925544","47,53","54,29","54,29"
2025-08-20 11:00:00,"582,7496666666666","3591,9770000000003","43,82705027627731","84,97","37,25","37,25"
2025-08-20 11:15:00,"351,00866666666656","3834,379000000001","45,66746962939433","72,3","36,62","36,62"
2025-08-20 11:30:00,"331,04499999999996","3460,8143333333337","47,36909693805168","58,9","42,09","42,09"
2025-08-20 11:45:00,"334,78599999999994","3733,4563333333344","48,912190452515375","42,5","10,25","10,25"
2025-08-20 12:00:00,"346,64266666666657","4410,997333333335","50,27606610121289","65,0","36,05","36,05"
2025-08-20 12:15:00,"405,91833333333335","4335,165666666668","51,4397958871001","55,33","-2,87","-2,87"
2025-08-20 12:30:00,"1203,8283333333334","4027,555","52,38321020419729","47,5","-15,58","-15,58"
2025-08-20 12:45:00,"1877,21","4546,606000000002","53,08814386158662","35,4","-27,5","-27,5"
2025-08-20 13:00:00,"1342,854","4270,844000000001","53,53982533338301","52,41","80,82","80,82"
2025-08-20 13:15:00,"1332,1433333333334","4384,352333333335","53,72819527928768","43,08","-16,86","-16,86"
2025-08-20 13:30:00,"1164,3570000000002","4398,896666666667","53,6488971255073","43,0","-15,41","-15,41"
2025-08-20 13:45:00,"729,031","4512,232666666668","53,3037505800534","28,2","-1,44","-1,44"
2025-08-20 14:00:00,"1808,4753333333333","4363,935333333334","52,70050550793404","40,76","9,26","9,26"
2025-08-20 14:15:00,"924,1370000000001","4550,959333333334","51,85213670613127","50,8","-3,63","-3,63"
2025-08-20 14:30:00,"624,0603333333335","3580,5040000000013","50,7755528223886","57,4","3,53","3,53"
2025-08-20 14:45:00,"628,7433333333336","3925,975333333335","49,49024150479234","64,97","83,18","83,18"
2025-08-20 15:00:00,"466,35266666666683","3127,0756666666675","48,01693632756989","36,79","3,61","3,61"
2025-08-20 15:15:00,"1777,6993333333332","2682,070666666668","46,37650379512467","62,46","91,83","91,83"
2025-08-20 15:30:00,"585,3696666666667","1574,8233333333346","44,5891272445461","77,3","123,11","123,11"
2025-08-20 15:45:00,"492,833","1426,9276666666678","42,67376519661644","94,8","137,48","137,48"
2025-08-20 16:00:00,"633,8786666666667","1383,7463333333346","40,64786382573441","64,98","83,65","83,65"
2025-08-20 16:15:00,"670,0933333333334","1290,226666666668","38,52725655718103","78,2","71,63","71,63"
2025-08-20 16:30:00,"497,47766666666666","1430,765666666668","36,32617917054152","100,57","71,43","71,43"
2025-08-20 16:45:00,"602,5503333333334","1415,3690000000013","34,05738499251377","113,3","93,82","93,82"
2025-08-20 17:00:00,"634,624","1384,2045000000016","31,732268000521312","57,59","48,37","48,37"
2025-08-20 17:15:00,"507,7796666666666","1221,429666666668","29,36109178922192","91,4","79,8","79,8"
2025-08-20 17:30:00,"540,5853333333333","1099,3606666666678","26,95308320799723","108,2","90,74","90,74"
2025-08-20 17:45:00,"600,1833333333334","978,2616666666678","24,51664981974796","144,96","120,1","120,1"
2025-08-20 18:00:00,"548,9523333333334","883,5143333333345","22,05953262431377","70,5","74,96","74,96"
2025-08-20 18:15:00,"651,3833333333333","718,6463333333345","19,588961076323088","94,4","42,54","42,54"
2025-08-20 18:30:00,"985,1873333333333","634,3570000000011","17,111849079451687","123,88","65,39","65,39"
2025-08-20 18:45:00,"792,2056666666668","583,9150000000012","14,634978393503836","152,9","131,74","131,74"
2025-08-20 19:00:00,"2998,277666666667","567,8200000000011","12,165299682035716","94,2","58,8","58,8"
2025-08-20 19:15:00,"827,8726666666665","560,2866666666678","9,710473429266582","122,51","132,79","132,79"
2025-08-20 19:30:00,"368,7406666666665","461,1460000000012","7,2799887013481905","130,04","148,99","148,99"
2025-08-20 19:45:00,"315,52366666666654","227,48733333333456","4,889099760733368","135,06","179,83","179,83"
2025-08-20 20:00:00,"349,4929999999998","65,19466666666786","2,5671227455346823","120,23","196,05","196,05"
2025-08-20 20:15:00,"350,4856666666665","1,697666666667851","0,3985245143481388","132,51","233,17","233,17"
2025-08-20 20:30:00,"536,7563333333331","0,0","-2,378307937701764","130,03","121,63","121,63"
2025-08-20 20:45:00,"494,1509999999998","0,0","-4,668274813161879","121,4","131,23","131,23"
2025-08-20 21:00:00,"375,8993333333331","0,0","-6,9066252502308405","125,04","149,22","149,22"
2025-08-20 21:15:00,"462,76766666666646","0,0","-9,086535888192396","107,14","43,49","43,49"
2025-08-20 21:30:00,"649,842333333333","0,0","-11,200833135964873","110,02","25,54","25,54"
2025-08-20 21:45:00,"682,5096666666665","0,0","-13,241970110277355","100,01","46,53","46,53"
2025-08-20 22:00:00,"523,0026666666664","0,0","-15,202015471054768","110,09","107,31","107,31"
2025-08-20 22:15:00,"532,3183333333332","0,0","-17,07265856917281","106,78","117,41","117,41"
2025-08-20 22:30:00,"455,14799999999985","0,0","-18,845235630957514","101,8","88,71","88,71"
2025-08-20 22:45:00,"436,9159999999998","0,0","-20,510779715295257","89,7","108,15","108,15"
2025-08-20 23:00:00,"458,8053333333331","0,0","-22,060099588554397","112,5","123,82","123,82"
2025-08-20 23:15:00,"400,6493333333331","0,0","-23,48389171393155","99,44","112,69","112,69"
2025-08-20 23:30:00,"387,43166666666644","0,0","-24,77288624070399","93,6","83,31","83,31"
2025-08-20 23:45:00,"409,6226666666665","0,0","-25,91802772518481","83,8","74,1","74,1"
2025-08-21 00:00:00,"442,6059999999998","0,0","-26,91068768559861","109,9","82,09","82,09"
2025-08-21 00:15:00,"491,89266666666646","0,0","-27,742900656732957","103,73","88,24","88,24"
2025-08-21 00:30:00,"348,5089999999998","0,2440000000011842","-28,40761279642987","86,8","94,69","94,69"
2025-08-21 00:45:00,"229,3299999999998","0,0","-28,898927611741165","82,6","83,98","83,98"
2025-08-21 01:00:00,"286,01833333333315","0,0","-29,21232973722637","96,6","79,12","79,12"
2025-08-21 01:15:00,"291,8416666666665","0,0","-29,344868169769192","91,2","85,5","85,5"
2025-08-21 01:30:00,"214,76533333333313","0,0","-29,29528175000492","87,11","87,31","87,31"
2025-08-21 01:45:00,"280,19833333333315","0,0","-29,06405414250013","90,3","75,87","75,87"
2025-08-21 02:00:00,"304,00266666666647","0,0","-28,653392953206858","92,95","83,83","83,83"
2025-08-21 02:15:00,"269,0799999999998","0,0","-28,06713488245122","90,95","92,07","92,07"
2025-08-21 02:30:00,"362,8796666666665","0,0","-27,310586724999904","89,3","127,4","127,4"
2025-08-21 02:45:00,"275,6279999999998","0,0","-26,390317674540675","89,0","108,99","108,99"
2025-08-21 03:00:00,"195,2446666666665","0,0","-25,31392102820806","89,4","132,59","132,59"
2025-08-21 03:15:00,"272,46966666666646","0,0","-24,089764921308884","88,6","144,96","144,96"
2025-08-21 03:30:00,"234,80399999999983","0,0","-22,726749018189047","93,04","157,28","157,28"
2025-08-21 03:45:00,"198,2599999999998","0,0","-21,2340800281363","90,2","151,16","151,16"
2025-08-21 04:00:00,"364,2706666666664","0,0","-19,621076274422585","85,6","144,19","144,19"
2025-08-21 04:15:00,"372,39533333333316","0,0","-17,897005978508606","87,8","134,42","134,42"
2025-08-21 04:30:00,"215,12166666666647","0,0","-16,070959889153045","102,0","124,32","124,32"
2025-08-21 04:45:00,"281,8829999999998","0,0","-14,151758250221365","101,0","113,25","113,25"
2025-08-21 05:00:00,"250,09966666666645","0,0","-12,147888460510014","83,49","79,88","79,88"
2025-08-21 05:15:00,"226,3289999999998","0,0","-10,06746849756236","96,2","83,69","83,69"
2025-08-21 05:30:00,"286,70966666666646","0,0","-7,918233307373801","104,59","80,68","80,68"
2025-08-21 05:45:00,"246,9189999999998","0,0","-5,707539284103487","118,09","66,05","66,05"
2025-08-21 06:00:00,"315,9226666666665","0,0","-3,442382165673151","94,7","113,83","113,83"
2025-08-21 06:15:00,"375,1229999999998","0,0","-1,129426961015365","109,8","111,25","111,25"
2025-08-21 06:30:00,"359,26866666666643","1,697666666667851","1,5327689927050014","119,57","59,29","59,29"
2025-08-21 06:45:00,"297,9569999999998","31,876000000001188","3,797354276334608","129,4","93,97","93,97"
2025-08-21 07:00:00,"340,01833333333315","40,98666666666785","6,15927855402655","131,1","102,18","102,18"
2025-08-21 07:15:00,"687,3729999999998","53,840500000001775","8,570579357752841","124,98","76,59","76,59"
2025-08-21 07:30:00,"341,71599999999984","56,75066666666786","11,01161100899508","115,85","76,17","76,17"
2025-08-21 07:45:00,"377,8136666666665","75,51666666666785","13,47114470392075","97,5","74,76","74,76"
2025-08-21 08:00:00,"1734,447333333333","112,4223333333345","15,94075797252675","147,46","66,85","66,85"
2025-08-21 08:15:00,"386,45699999999965","132,3940000000012","18,41324880251659","117,3","73,86","73,86"
2025-08-21 08:30:00,"1222,6106666666662","195,7333333333345","20,88175412125778","92,9","58,2","58,2"
2025-08-21 08:45:00,"344,87766666666624","157,4610000000012","23,33938920359599","77,53","62,0","62,0"
2025-08-21 09:00:00,"482,258333333333","215,3610000000012","25,77902234173327","142,0","62,68","62,68"
2025-08-21 09:15:00,"454,48966666666627","297,81900000000115","28,19309858611576","110,6","57,74","57,74"
2025-08-21 09:30:00,"363,37333333333294","466,6763333333345","30,573447661975223","80,1","57,98","57,98"
2025-08-21 09:45:00,"417,3226666666663","691,6140000000013","32,911150285534575","60,01","57,22","57,22"
2025-08-21 10:00:00,"381,247333333333","410,8353333333346","35,19636234756761","128,16","80,4","80,4"
2025-08-21 10:15:00,"519,243333333333","413,5030000000013","37,418145331394925","97,4","22,36","22,36"
2025-08-21 10:30:00,"760,5546666666662","369,8486666666679","39,56430343509759","76,5","9,97","9,97"
2025-08-21 10:45:00,"770,413333333333","570,2063333333346","41,621259656881534","57,5","8,01","8,01"
2025-08-21 11:00:00,"647,5179999999997","682,273666666668","43,57380531218799","110,29","13,48","13,48"
2025-08-21 11:15:00,"491,353333333333","667,910666666668","45,40526513808842","79,96","0,08","0,08"
2025-08-21 11:30:00,"454,6109999999996","801,7836666666678","47,09738456860686","69,91","5,42","5,42"
2025-08-21 11:45:00,"433,026333333333","646,8106666666679","48,630601313468894","47,4","-3,5","-3,5"
2025-08-21 12:00:00,"1070,2296666666664","882,6450000000013","49,98447259268099","81,5","-6,52","-6,52"
2025-08-21 12:15:00,"1840,950333333333","833,0570000000012","51,138373684505055","69,91","-5,43","-5,43"
2025-08-21 12:30:00,"3320,1549999999997","1256,4973333333344","52,07248310451923","60,3","-10,03","-10,03"
2025-08-21 12:45:00,"910,8849999999999","1591,2266666666676","52,76900754471633","51,91","-4,05","-4,05"
2025-08-21 13:00:00,"2522,4593333333332","1295,8653333333343","53,213530867220605","62,01","32,25","32,25"
2025-08-21 13:15:00,"1416,935333333333","1029,5850000000014","53,39628640376544","55,1","28,29","28,29"
2025-08-21 13:30:00,"609,2116666666664","1068,4476666666678","53,31310886843807","51,2","55,62","55,62"
2025-08-21 13:45:00,"399,13699999999966","1133,9850000000013","52,96589115546808","47,6","32,34","32,34"
2025-08-21 14:00:00,"413,8666666666664","817,5476666666679","52,362291714666135","51,08","18,82","18,82"
2025-08-21 14:15:00,"514,304333333333","905,5750000000012","51,51510143455759","51,9","22,68","22,68"
2025-08-21 14:30:00,"454,9079999999997","893,7233333333346","50,44097088877886","52,6","25,94","25,94"
2025-08-21 14:45:00,"341,10999999999973","486,5030000000013","49,15908717194858","56,5","15,98","15,98"
2025-08-21 15:00:00,"408,33599999999973","396,084666666668","47,68988234194425","50,6","113,21","113,21"
2025-08-21 15:15:00,"416,8086666666664","470,8093333333347","46,05394734225632","58,6","127,04","127,04"
2025-08-21 15:30:00,"316,7269999999997","585,7953333333346","44,27122890409291","69,92","83,87","83,87"
2025-08-21 15:45:00,"416,7769999999997","765,6476666666681","42,3604952161655","75,2","57,6","57,6"
2025-08-21 16:00:00,"495,8399999999997","958,211666666668","40,33904654021285","50,09","-12,2","-12,2"
2025-08-21 16:15:00,"426,97733333333304","970,4020000000012","38,22260572051363","68,4","28,67","28,67"
2025-08-21 16:30:00,"474,13833333333304","835,5486666666679","36,025338257628846","79,92","19,7","19,7"
2025-08-21 16:45:00,"447,1579999999997","722,4013333333347","33,76015473125816","100,8","21,69","21,69"
2025-08-21 17:00:00,"343,81299999999965","633,4540000000013","31,43804750339215","27,56","37,61","37,61"
2025-08-21 17:15:00,"382,90633333333295","487,6410000000014","29,06940082627717","78,7","37,84","37,84"
2025-08-21 17:30:00,"368,0296666666663","365,240666666668","26,663475666378083","103,67","86,37","86,37"
2025-08-21 17:45:00,"296,451333333333","281,599666666668","24,22868699703429","129,91","2,91","2,91"
2025-08-21 18:00:00,"355,1226666666663","241,5803333333347","21,772790533905397","51,45","40,79","40,79"
2025-08-21 18:15:00,"549,6016666666663","214,60233333333468","19,303086678070358","89,4","26,31","26,31"
2025-08-21 18:30:00,"692,0186666666664","187,9420000000013","16,82648733546589","116,4","37,52","37,52"
2025-08-21 18:45:00,"343,4459999999997","147,82500000000135","14,34983012900094","131,3","76,22","76,22"
2025-08-21 19:00:00,"451,49533333333295","98,679666666668","11,880161026485734","90,05","85,6","85,6"
2025-08-21 19:15:00,"491,5086666666664","32,555333333334666","9,425311256405076","98,8","109,4","109,4"
2025-08-21 19:30:00,"329,2369999999997","30,597333333334667","6,995202051708397","110,0","151,06","151,06"
2025-08-21 19:45:00,"377,3909999999996","21,132000000001334","4,605211802649734","123,66","172,83","172,83"
2025-08-21 20:00:00,"386,2239999999997","3,646666666667999","2,289941823021718","115,06","115,69","115,69"
2025-08-21 20:15:00,"314,674333333333","0,2426666666679989","0,1437213161164899","115,06","92,09","92,09"
2025-08-21 20:30:00,"519,0396666666663","0,0","-2,675679878776874","109,4","92,26","92,26"
2025-08-21 20:45:00,"418,39266666666634","0,0","-4,9683940874110695","106,88","102,26","102,26"
2025-08-21 21:00:00,"342,6579999999997","0,0","-7,20972277224213","115,7","141,57","141,57"
2025-08-21 21:15:00,"508,89266666666634","0,0","-9,392810927844527","111,8","98,37","98,37"
2025-08-21 21:30:00,"549,1344999999994","0,0","-11,510448276278044","100,5","46,07","46,07"
2025-08-21 21:45:00,"439,12699999999967","0,0","-13,555045332638064","89,6","30,32","30,32"
2025-08-21 22:00:00,"416,670333333333","0,0","-15,518621410704428","114,8","70,76","70,76"
2025-08-21 22:15:00,"533,6543333333332","0,0","-17,392809062264522","101,9","74,62","74,62"
2025-08-21 22:30:00,"532,946333333333","0,0","-19,168879783991237","92,6","80,5","80,5"
2025-08-21 22:45:00,"420,29366666666635","0,0","-20,83779384924456","81,0","86,11","86,11"
2025-08-21 23:00:00,"468,6106666666665","0,0","-22,39027956425163","96,56","123,08","123,08"
2025-08-21 23:15:00,"217,555333333333","0,0","-23,81694630068166","93,4","122,94","122,94"
2025-08-21 23:30:00,"223,31199999999973","0,0","-25,108432327010654","84,4","110,2","110,2"
2025-08-21 23:45:00,"314,9169999999997","0,0","-26,25558826430277","74,4","58,74","58,74"
2025-08-22 00:00:00,"197,22033333333303","0,0","-27,24969327116724","102,2","76,87","76,87"
2025-08-22 00:15:00,"363,6599999999997","0,0","-28,082695502768967","95,2","81,21","81,21"
2025-08-22 00:30:00,"393,97999999999973","0,0","-28,74746562423979","85,5","81,09","81,09"
2025-08-22 00:45:00,"223,97399999999968","0,0","-29,238047521085303","78,97","108,78","108,78"
2025-08-22 01:00:00,"230,35033333333303","0,0","-29,54988660371779","97,0","112,4","112,4"
2025-08-22 01:15:00,"338,13099999999974","0,0","-29,680016538828312","90,8","88,09","88,09"
2025-08-22 01:30:00,"182,13533333333302","0,0","-29,62718669456071","81,12","75,78","75,78"
2025-08-22 01:45:00,"263,7769999999997","0,0","-29,391917228601688","79,4","69,66","69,66"
2025-08-22 02:00:00,"331,50733333333307","0,0","-28,976476390313103","77,97","83,53","83,53"
2025-08-22 02:15:00,"246,52533333333304","0,0","-28,38478214322906","85,2","72,31","72,31"
2025-08-22 02:30:00,"365,7263333333331","0,0","-27,62223837067729","86,2","79,11","79,11"
2025-08-22 02:45:00,"310,2129999999997","0,0","-26,69552170898449","86,2","52,76","52,76"
2025-08-22 03:00:00,"172,0919999999997","0,0","-25,61233771687466","77,36","66,98","66,98"
2025-08-22 03:15:00,"249,26966666666638","0,0","-24,3811665481412","84,4","44,97","44,97"
2025-08-22 03:30:00,"335,77166666666636","0,0","-23,011015433144177","84,6","44,88","44,88"
2025-08-22 03:45:00,"168,19766666666635","0,0","-21,511191036827288","84,3","51,89","51,89"
2025-08-22 04:00:00,"298,31033333333306","0,0","-19,891101968203877","82,9","56,99","56,99"
2025-08-22 04:15:00,"348,8836666666664","0,0","-18,160096009640583","83,6","66,25","66,25"
2025-08-22 04:30:00,"233,34966666666637","0,0","-16,327332531957186","85,4","81,32","81,32"
2025-08-22 04:45:00,"271,2499999999997","0,0","-14,40168989277775","86,8","70,68","70,68"
2025-08-22 05:00:00,"322,5566666666664","0,0","-12,391703976730728","77,3","72,84","72,84"
2025-08-22 05:15:00,"188,48933333333304","0,0","-10,305532770488645","84,2","80,75","80,75"
2025-08-22 05:30:00,"689,0666666666663","0,0","-8,150944041866367","97,9","107,82","107,82"
2025-08-22 05:45:00,"3121,8433333333332","0,0","-5,935321138511851","110,93","142,28","142,28"
2025-08-22 06:00:00,"2182,835333333333","0,0","-3,665682163025971","81,2","135,73","135,73"
2025-08-22 06:15:00,"1352,5003333333327","0,0","-1,3487110950786727","96,8","140,9","140,9"
2025-08-22 06:30:00,"493,213333333333","0,9670000000013322","1,3350855594035371","112,4","146,43","146,43"
2025-08-22 06:45:00,"271,82466666666636","36,108666666668","3,5918591278863787","120,34","135,54","135,54"
2025-08-22 07:00:00,"397,64166666666637","120,98200000000132","5,952624300449381","121,8","137,54","137,54"
2025-08-22 07:15:00,"1128,7923333333329","209,54500000000127","8,364422677384418","117,45","125,17","125,17"
2025-08-22 07:30:00,"451,8439999999997","239,90933333333464","10,806176305412498","103,14","152,91","152,91"
2025-08-22 07:45:00,"308,1993333333331","398,7350000000013","13,266145417453853","89,6","160,56","160,56"
2025-08-22 08:00:00,"269,63366666666633","424,373666666668","15,735826317475157","139,5","206,01","206,01"
2025-08-22 08:15:00,"405,1409999999997","583,6523333333347","18,207887839870303","114,4","187,0","187,0"
2025-08-22 08:30:00,"423,5676666666664","422,2340000000013","20,67538482038526","93,26","378,66","378,66"
2025-08-22 08:45:00,"326,6793333333331","442,3633333333346","23,13138870092836","60,09","290,68","290,68"
2025-08-22 09:00:00,"1622,1346666666666","540,2293333333347","25,568729952086144","138,65","124,65","124,65"
2025-08-22 09:15:00,"471,32033333333305","513,5303333333346","27,97981128951262","92,5","60,48","60,48"
2025-08-22 09:30:00,"366,3149999999997","375,855666666668","30,356438363517608","72,42","53,74","53,74"
2025-08-22 09:45:00,"956,2876666666664","325,641666666668","32,68966165400252","48,0","52,14","52,14"
2025-08-22 10:00:00,"1062,8883333333329","774,0220000000013","34,96961177715353","96,4","127,51","127,51"
2025-08-22 10:15:00,"1172,8939999999996","1087,532666666668","37,18533222513008","75,4","99,05","99,05"
2025-08-22 10:30:00,"1212,1339999999996","1036,7893333333348","39,32462420164609","54,15","205,6","205,6"
2025-08-22 10:45:00,"663,9483333333328","1375,6546666666677","41,37389563468788","34,96","386,28","386,28"
2025-08-22 11:00:00,"608,4186666666662","2608,891000000001","43,31803999025012","54,92","77,86","77,86"
2025-08-22 11:15:00,"631,5769999999995","3398,660000000001","45,14043571077157","47,42","39,44","39,44"
2025-08-22 11:30:00,"665,0003333333328","4327,352000000001","46,8229494881461","31,48","103,56","103,56"
2025-08-22 11:45:00,"523,2339999999994","3533,620500000002","48,3462003969177","2,59","133,21","133,21"
2025-08-22 12:00:00,"622,677333333333","3647,823000000001","49,68998791384319","39,9","152,93","152,93"
2025-08-22 12:15:00,"2306,1689999999994","2515,831000000001","50,83398872926948","32,41","167,38","167,38"
2025-08-22 12:30:00,"2217,803333333333","2666,893333333335","51,75872885378789","17,17","149,84","149,84"
2025-08-22 12:45:00,"1682,829666666666","3728,504666666668","52,446783092529046","7,18","113,25","113,25"
2025-08-22 13:00:00,"1765,9759999999994","3232,0223333333347","52,88408598857931","27,4","149,38","149,38"
2025-08-22 13:15:00,"1428,4649999999995","3114,005333333335","53,06115899928137","15,95","129,08","129,08"
2025-08-22 13:30:00,"3222,3936666666664","3896,242333333336","52,97402517364237","19,91","112,76","112,76"
2025-08-22 13:45:00,"1274,161666666666","4174,158666666668","52,62480944712311","-14,91","28,69","28,69"
2025-08-22 14:00:00,"576,4789999999994","4186,445666666667","52,02076089201616","-14,92","19,19","19,19"
2025-08-22 14:15:00,"789,8703333333327","3050,7580000000016","51,17464783206642","0,42","27,3","27,3"
2025-08-22 14:30:00,"1168,964666666666","4295,339000000001","50,10287225500486","14,93","9,7","9,7"
2025-08-22 14:45:00,"1294,9469999999994","3394,3046666666683","48,82432543177366","14,93","24,6","24,6"
2025-08-22 15:00:00,"1531,478666666666","2124,5343333333344","47,35914158984829","-14,94","133,88","133,88"
2025-08-22 15:15:00,"1455,0943333333325","2285,9053333333345","45,72762082554398","-0,25","119,53","119,53"
2025-08-22 15:30:00,"1397,2029999999993","1880,1083333333345","43,94948948558853","22,44","140,11","140,11"
2025-08-22 15:45:00,"993,9076666666663","3286,479000000001","42,04332458611161","29,95","141,2","141,2"
2025-08-22 16:00:00,"689,3163333333328","1847,5650000000007","40,02627872650165","-14,9","110,24","110,24"
2025-08-22 16:15:00,"575,9559999999993","3284,2406666666675","37,91399211485743","29,97","151,54","151,54"
2025-08-22 16:30:00,"417,26199999999943","1809,4700000000007","35,7205317730505","51,58","121,92","121,92"
2025-08-22 16:45:00,"330,5599999999994","2179,0763333333343","33,458929417969216","65,5","118,18","118,18"
2025-08-22 17:00:00,"349,93733333333284","2409,7213333333343","31,139830070579546","27,42","51,3","51,3"
2025-08-22 17:15:00,"385,15399999999937","1995,7603333333348","28,773788531490816","62,5","71,18","71,18"
2025-08-22 17:30:00,"326,0789999999994","1849,670666666668","26,370037763973546","84,4","75,26","75,26"
2025-08-22 17:45:00,"294,18133333333276","1328,7880000000011","23,9370025235189","111,6","151,2","151,2"
2025-08-22 18:00:00,"352,62966666666614","999,6830000000012","21,48245738704702","59,1","123,2","123,2"
2025-08-22 18:15:00,"1014,6236666666662","850,6696666666679","19,013695839125127","87,45","201,75","201,75"
2025-08-22 18:30:00,"644,7199999999996","1188,048666666668","16,537698650334757","109,0","170,2","170,2"
2025-08-22 18:45:00,"689,1823333333327","1393,780000000001","14,061367537014098","130,3","133,03","133,03"
2025-08-22 19:00:00,"626,7759999999996","995,1693333333344","11,59186031217353","84,5","83,23","83,23"
2025-08-22 19:15:00,"585,3843333333327","590,9330000000011","9,137199175444373","99,1","48,18","48,18"
2025-08-22 19:30:00,"596,1136666666661","387,3620000000012","6,707834813083008","119,93","75,41","75,41"
2025-08-22 19:45:00,"601,6619999999995","163,98533333333452","4,32153422310422","134,24","64,46","64,46"
2025-08-22 20:00:00,"636,9323333333328","27,201666666667847","2,0165775665168653","115,3","90,24","90,24"
2025-08-22 20:15:00,"535,3653333333328","1,4513333333345178","-0,1009203835386984","116,8","86,92","86,92"
2025-08-22 20:30:00,"418,68766666666613","0,0","-2,9766979917574656","116,85","146,49","146,49"
2025-08-22 20:45:00,"733,4639999999996","0,0","-5,272148767271535","119,92","148,31","148,31"
2025-08-22 21:00:00,"869,0503333333327","0,0","-7,516447383159446","128,5","104,24","104,24"
2025-08-22 21:15:00,"460,9293333333328","0,0","-9,70270699223844","115,8","62,93","62,93"
2025-08-22 21:30:00,"370,01733333333283","0,0","-11,823680315081548","106,7","6,8","6,8"
2025-08-22 21:45:00,"425,7503333333328","0,0","-13,871734812009873","95,09","5,42","5,42"
2025-08-22 22:00:00,"510,6986666666661","0,0","-15,838839832905922","118,5","73,05","73,05"
2025-08-22 22:15:00,"477,68199999999945","0,0","-17,716570327250043","105,2","38,4","38,4"
2025-08-22 22:30:00,"493,28966666666616","0,0","-19,49613204950038","96,4","47,7","47,7"
2025-08-22 22:45:00,"559,2336666666662","0,0","-21,168411254799143","90,69","58,89","58,89"
2025-08-22 23:00:00,"512,5743333333328","0,0","-22,72405433541432","112,4","127,73","127,73"
2025-08-22 23:15:00,"565,5566666666662","0,0","-24,15358191794921","99,0","129,37","129,37"
2025-08-22 23:30:00,"519,9713333333328","0,0","-25,44753858264022","94,41","77,87","77,87"
2025-08-22 23:45:00,"540,9993333333329","0,0","-26,596679131575403","81,3","123,06","123,06"
2025-08-23 00:00:00,"571,0219999999995","0,0","-27,59218851582695","102,9","56,49","56,49"
2025-08-23 00:15:00,"304,9406666666661","0,0","-28,42592683945632","97,0","36,62","36,62"
2025-08-23 00:30:00,"263,1383333333328","0,0","-29,09068793892811","97,8","15,8","15,8"
2025-08-23 00:45:00,"296,9706666666661","0,0","-29,580455238834546","87,97","6,99","6,99"
2025-08-23 01:00:00,"247,74333333333286","0,0","-29,89063472028282","106,8","48,41","48,41"
2025-08-23 01:15:00,"247,07299999999952","0,0","-30,018245240291687","90,7","42,63","42,63"
2025-08-23 01:30:00,"267,4319999999995","0,0","-29,96204796455468","83,9","43,26","43,26"
2025-08-23 01:45:00,"238,1119999999995","0,0","-29,72260151128704","78,6","69,98","69,98"
2025-08-23 02:00:00,"419,28499999999923","0,0","-29,30223731303507","92,7","88,4","88,4"
2025-08-23 02:15:00,"352,2796666666662","0,0","-28,70495752868947","84,8","109,63","109,63"
2025-08-23 02:30:00,"239,3059999999995","0,0","-27,93626624523364","91,9","104,5","104,5"
2025-08-23 02:45:00,"242,2813333333328","0,0","-27,002950632869425","78,6","91,49","91,49"
2025-08-23 03:00:00,"267,9983333333328","0,0","-25,91283139849143","86,2","88,3","88,3"
2025-08-23 03:15:00,"168,9753333333328","0,0","-24,67450325980445","80,6","90,35","90,35"
2025-08-23 03:30:00,"265,86466666666615","0,0","-23,297083133913013","87,58","89,43","89,43"
2025-08-23 03:45:00,"380,4159999999996","0,0","-21,78997930448512","76,5","108,75","108,75"
2025-08-23 04:00:00,"301,9986666666661","0,0","-20,162691879079592","83,2","163,29","163,29"
2025-08-23 04:15:00,"290,7859999999995","0,0","-18,42464900372885","79,9","168,28","168,28"
2025-08-23 04:30:00,"240,9476666666662","0,0","-16,585079119543792","78,0","81,58","81,58"
2025-08-23 04:45:00,"170,25066666666618","0,0","-14,652918859874896","86,1","141,95","141,95"
2025-08-23 05:00:00,"316,7476666666662","0,0","-12,636752536058388","87,3","116,87","116,87"
2025-08-23 05:15:00,"245,19266666666618","0,0","-10,54477792371654","80,09","83,29","83,29"
2025-08-23 05:30:00,"244,99299999999948","0,0","-8,384795284895521","79,5","83,35","83,35"
2025-08-23 05:45:00,"396,8486666666662","0,0","-6,164214530175903","80,3","139,85","139,85"
2025-08-23 06:00:00,"307,3676666666662","0,0","-3,890075706290914","80,07","163,59","163,59"
2025-08-23 06:15:00,"214,99733333333285","0,0","-1,5690813404096065","87,9","32,51","32,51"
2025-08-23 06:30:00,"595,7813333333329","0,0","1,1444494918157264","90,9","-0,97","-0,97"
2025-08-23 06:45:00,"3310,676666666666","11,47566666666785","3,389520844863525","83,8","47,8","47,8"
2025-08-23 07:00:00,"2840,8986666666665","37,552666666667854","5,7475773465846105","99,3","40,99","40,99"
2025-08-23 07:15:00,"1690,0743333333332","103,27066666666784","8,159053749568313","93,3","53,83","53,83"
2025-08-23 07:30:00,"1325,2786666666666","256,9873333333345","10,601034505525815","86,49","77,95","77,95"
2025-08-23 07:45:00,"417,3906666666663","462,2453333333345","13,06133909658625","65,06","2,94","2,94"
2025-08-23 08:00:00,"391,637333333333","552,2203333333346","15,530789619213689","106,16","46,69","46,69"
2025-08-23 08:15:00,"219,95566666666636","864,9243333333345","18,00216997606756","83,95","83,55","83,55"
2025-08-23 08:30:00,"271,737333333333","907,955666666668","20,46844243366164","70,0","83,88","83,88"
2025-08-23 08:45:00,"298,6746666666664","1043,7500000000014","22,92262140250895","49,4","92,32","92,32"
2025-08-23 09:00:00,"702,9496666666664","1089,5376666666675","25,357491466590886","109,91","19,75","19,75"
2025-08-23 09:15:00,"758,8316666666665","1271,0520000000013","27,76541619240822","60,23","83,48","83,48"
2025-08-23 09:30:00,"365,73099999999965","1892,500666666668","30,13816425157304","42,4","95,3","95,3"
2025-08-23 09:45:00,"396,43566666666635","2721,8593333333347","32,46675438087992","15,07","-43,08","-43,08"
2025-08-23 10:00:00,"391,3919999999997","2101,500000000001","34,74129131361569","44,93","-12,73","-12,73"
2025-08-23 10:15:00,"300,615333333333","2059,455666666668","36,95080203542905","22,0","-15,65","-15,65"
2025-08-23 10:30:00,"394,89933333333306","2251,6736666666675","39,08308397253144","8,2","-0,02","-0,02"
2025-08-23 10:45:00,"423,4446666666664","2255,9883333333346","41,12459608026837","-10,66","36,82","36,82"
2025-08-23 11:00:00,"348,2006666666664","2153,3463333333348","43,06021257500812","16,0","79,1","79,1"
2025-08-23 11:15:00,"428,889333333333","2167,6720000000014","44,87341258434839","13,83","13,88","13,88"
2025-08-23 11:30:00,"1817,5943333333328","2638,416333333334","46,546200468209314","-3,6","-30,62","-30,62"
2025-08-23 11:45:00,"2127,478333333333","3334,9506666666675","48,05937813634448","-14,93","-16,35","-16,35"
2025-08-23 12:00:00,"1555,0256666666664","4265,063333333334","49,39298789339763","14,6","-23,35","-23,35"
2025-08-23 12:15:00,"876,8449999999998","3674,720333333335","50,52700764003614","3,6","18,0","18,0"
2025-08-23 12:30:00,"542,0346666666663","2227,1670000000013","51,442307773499536","-2,4","-12,64","-12,64"
2025-08-23 12:45:00,"512,949333333333","1663,4486666666676","52,12182720876934","-11,89","-16,38","-16,38"
2025-08-23 13:00:00,"509,8289999999998","2478,331000000001","52,55184626532756","8,1","2,02","2,02"
2025-08-23 13:15:00,"738,7273333333329","4205,847666666668","52,72317011902405","0,0","-45,13","-45,13"
2025-08-23 13:30:00,"774,5553333333331","3652,1343333333343","52,63200671869326","4,93","-16,84","-16,84"
2025-08-23 13:45:00,"445,93333333333305","4143,612000000001","52,28039160278965","-9,9","-31,51","-31,51"
2025-08-23 14:00:00,"1288,3529999999996","2119,3743333333346","51,675798392425584","-6,8","-28,41","-28,41"
2025-08-23 14:15:00,"1053,0416666666665","4641,198333333335","50,8306824380947","-6,1","-29,41","-29,41"
2025-08-23 14:30:00,"629,3493333333331","4254,352666666668","49,76118371390156","3,39","-29,93","-29,93"
2025-08-23 14:45:00,"391,55433333333303","4592,188333333334","48,4859030683164","9,9","-27,79","-27,79"
2025-08-23 15:00:00,"1509,5056666666665","4280,425000000001","47,02468131741612","-22,05","-34,51","-34,51"
2025-08-23 15:15:00,"3127,25","3136,715666666668","45,39757128771072","-2,5","-13,11","-13,11"
2025-08-23 15:30:00,"3576,4243333333334","3130,3103333333343","43,62404497507805","7,7","-10,03","-10,03"
2025-08-23 15:45:00,"3603,277","2541,161666666668","41,722489804100334","20,5","-14,33","-14,33"
2025-08-23 16:00:00,"4521,3556666666655","1882,0303333333345","39,70991166440328","-29,99","6,43","6,43"
2025-08-23 16:15:00,"3573,3759999999993","1957,4385000000016","37,601818243362366","-4,53","4,67","4,67"
2025-08-23 16:30:00,"2670,913666666667","1887,9833333333345","35,41222167551656","25,0","-7,56","-7,56"
2025-08-23 16:45:00,"2555,519","1386,5916666666678","33,153774882616155","40,04","1,1","1,1"
2025-08-23 17:00:00,"2651,478333333333","997,4350000000012","30,837698933474343","22,8","4,53","4,53"
2025-08-23 17:15:00,"2592,4076666666665","725,2280000000012","28,47424834033572","48,7","6,38","6,38"
2025-08-23 17:30:00,"2249,2639999999997","341,4243333333345","26,072654847417237","72,2","93,89","93,89"
2025-08-23 17:45:00,"1045,7359999999996","326,3560000000012","23,64135005618941","102,1","84,37","84,37"
2025-08-23 18:00:00,"683,8576666666663","551,0203333333344","21,18812399221178","60,2","67,43","67,43"
2025-08-23 18:15:00,"3392,9519999999998","631,8546666666679","18,720298867941","84,8","94,55","94,55"
2025-08-23 18:30:00,"1845,960666666666","642,6326666666679","16,244890989032655","112,53","6,76","6,76"
2025-08-23 18:45:00,"1321,3633333333328","661,7493333333346","13,768864274556169","134,99","110,39","110,39"
2025-08-23 19:00:00,"648,0313333333328","651,0770000000011","11,299487782250084","76,2","53,35","53,35"
2025-08-23 19:15:00,"806,4113333333327","484,5393333333345","8,845032120417304","102,45","93,52","93,52"
2025-08-23 19:30:00,"596,0013333333328","230,4780000000012","6,416488756469644","126,3","114,49","114,49"
2025-08-23 19:45:00,"593,4523333333327","53,88833333333452","4,03267195258838","134,98","138,15","138,15"
2025-08-23 20:00:00,"650,0243333333327","3,8853333333345175","1,738322020453428","114,8","87,52","87,52"
2025-08-23 20:15:00,"1799,4053333333327","0,0","-0,9387619235439264","117,9","63,23","63,23"
2025-08-23 20:30:00,"1627,0923333333328","0,0","-3,2812645777711764","117,7","86,12","86,12"
2025-08-23 20:45:00,"938,4173333333329","0,0","-5,579440588599877","119,6","106,09","106,09"
2025-08-23 21:00:00,"785,3853333333328","0,0","-7,8267002746689665","126,3","25,15","25,15"
2025-08-23 21:15:00,"787,686333333333","0,0","-10,016124767862935","119,0","26,56","26,56"
2025-08-23 21:30:00,"724,3486666666663","0,0","-12,140429489328252","101,59","-10,38","-10,38"
2025-08-23 21:45:00,"753,6426666666662","0,0","-14,191938405750424","106,0","-5,22","-5,22"
2025-08-23 22:00:00,"733,4913333333329","0,0","-16,162570299231973","117,2","29,2","29,2"
2025-08-23 22:15:00,"565,6593333333329","0,0","-18,04384172133379","104,5","5,45","5,45"
2025-08-23 22:30:00,"452,6666666666663","0,0","-19,82689167690992","104,51","33,17","33,17"
2025-08-23 22:45:00,"608,7346666666663","0,0","-21,502531168212705","102,3","12,06","12,06"
2025-08-23 23:00:00,"501,9986666666663","0,0","-23,06132321291572","106,0","60,2","60,2"
2025-08-23 23:15:00,"538,4333333333328","0,0","-24,49369802340889","106,48","25,44","25,44"
2025-08-23 23:30:00,"469,83333333333286","0,0","-25,790104662002378","104,0","63,99","63,99"
2025-08-23 23:45:00,"428,7986666666663","0,0","-26,94120020183953","97,5","50,47","50,47"
2025-08-24 00:00:00,"424,8016666666662","0,0","-27,938073509569616","100,8","67,16","67,16"
2025-08-24 00:15:00,"360,60399999999953","0,0","-28,77249494005203","102,5","53,0","53,0"
2025-08-24 00:30:00,"425,8956666666662","0,0","-29,437180145789675","100,2","37,19","37,19"
2025-08-24 00:45:00,"464,4329999999996","0,0","-29,926051244042032","96,5","86,4","86,4"
2025-08-24 01:00:00,"456,20666666666625","0,0","-30,23447459156552","103,6","99,84","99,84"
2025-08-24 01:15:00,"455,0753333333329","0,0","-30,35945478440259","94,8","95,55","95,55"
2025-08-24 01:30:00,"429,4319999999996","0,0","-30,299766102026915","90,8","98,9","98,9"
2025-08-24 01:45:00,"331,5299999999996","0,0","-30,056007650566222","86,8","105,6","105,6"
2025-08-24 02:00:00,"337,6859999999995","0,0","-29,63057665278104","101,59","25,64","25,64"
2025-08-24 02:15:00,"260,4706666666663","0,0","-29,027562461394982","91,7","23,98","23,98"
2025-08-24 02:30:00,"174,72266666666624","0,0","-28,252572540912293","91,0","64,16","64,16"
2025-08-24 02:45:00,"413,5069999999996","0,0","-27,31250773041096","89,7","70,33","70,33"
2025-08-24 03:00:00,"336,8583333333329","0,0","-26,21530679652761","93,1","87,04","87,04"
2025-08-24 03:15:00,"168,7483333333329","0,0","-24,96968157252508","90,7","89,96","89,96"
2025-08-24 03:30:00,"324,8606666666663","0,0","-23,584860771619248","91,99","85,6","85,6"
2025-08-24 03:45:00,"231,1143333333329","0,0","-22,07035593189587","100,2","96,98","96,98"
2025-08-24 04:00:00,"176,96866666666625","0,0","-20,435759834588","94,15","92,37","92,37"
2025-08-24 04:15:00,"296,84899999999965","0,0","-18,690581746567204","89,8","90,67","90,67"
2025-08-24 04:30:00,"250,1579999999996","0,0","-16,844119580700248","88,4","51,97","51,97"
2025-08-24 04:45:00,"306,11033333333285","0,0","-14,905368359698937","86,4","26,97","26,97"
2025-08-24 05:00:00,"370,02899999999954","0,0","-12,88296071468019","93,01","79,79","79,79"
2025-08-24 05:15:00,"195,8399999999996","0,0","-10,785133947772731","89,4","76,21","76,21"
2025-08-24 05:30:00,"236,50099999999964","0,0","-8,61972044879042","100,5","75,66","75,66"
2025-08-24 05:45:00,"285,3979999999996","0,0","-6,394156266332835","89,2","80,17","80,17"
2025-08-24 06:00:00,"234,1123333333329","0,0","-4,115502940429924","94,4","96,33","96,33"
2025-08-24 06:15:00,"330,31749999999937","0,0","-1,790481095257538","97,5","47,74","47,74"
2025-08-24 06:30:00,"340,4423333333329","0,0","0,9501671096828676","94,25","16,52","16,52"
2025-08-24 06:45:00,"352,63599999999957","57,31733333333452","3,183990061408715","83,6","18,09","18,09"
2025-08-24 07:00:00,"2095,6699999999996","177,09300000000118","5,539738178251227","113,3","58,96","58,96"
2025-08-24 07:15:00,"1458,9979999999996","330,5983333333345","7,951237281548338","95,55","42,07","42,07"
2025-08-24 07:30:00,"783,0669999999997","288,3820000000012","10,393665935531653","72,4","43,55","43,55"
2025-08-24 07:45:00,"389,594333333333","714,4010000000011","12,854173804725006","53,7","34,03","34,03"
2025-08-24 08:00:00,"1462,8459999999998","1039,1433333333343","15,323543780510164","103,4","120,36","120,36"
2025-08-24 08:15:00,"3015,2076666666667","974,0803333333346","17,794310696077243","75,12","95,86","95,86"
2025-08-24 08:30:00,"363,67533333333296","1060,7990000000011","20,25938995673706","54,1","81,34","81,34"
2025-08-24 08:45:00,"395,78866666666636","1240,0160000000014","22,711747501568954","25,09","85,95","85,95"
2025-08-24 09:00:00,"286,6876666666664","1890,2350000000013","25,1441278365078","68,3","105,32","105,32"
2025-08-24 09:15:00,"503,28866666666636","2399,3483333333347","27,548842948583832","22,16","171,99","171,99"
2025-08-24 09:30:00,"1056,6579999999997","2914,536666666668","29,91764746941351","5,05","-52,99","-52,99"
2025-08-24 09:45:00,"629,8796666666664","3629,922666666668","32,24153042375974","-34,91","-83,0","-83,0"
2025-08-24 10:00:00,"422,12599999999964","3661,810666666668","34,51057262471781","43,34","72,26","72,26"
2025-08-24 10:15:00,"383,5539999999997","3775,282666666668","36,7137948225651","19,6","-12,79","-12,79"
2025-08-24 10:30:00,"1931,7823333333333","3806,474666666668","38,838983381003615","-24,94","3,28","3,28"
2025-08-24 10:45:00,"1804,0849999999996","3816,295000000001","40,87262554829975","-34,95","-21,93","-21,93"
2025-08-24 11:00:00,"1225,7076666666665","3845,306666666668","42,79962720485858","12,9","-4,87","-4,87"
2025-08-24 11:15:00,"461,15733333333304","3867,465666666668","44,60355589051149","8,4","16,75","16,75"
2025-08-24 11:30:00,"415,31899999999973","2279,627000000001","46,26654751863947","3,2","13,63","13,63"
2025-08-24 11:45:00,"606,282333333333","4206,690333333334","47,769588772221816","-39,71","67,44","67,44"
2025-08-24 12:00:00,"1330,8749999999995","4718,533666666667","49,09296564543074","15,1","48,29","48,29"
2025-08-24 12:15:00,"3174,4946666666665","2388,265333333334","50,216954930158586","8,3","85,17","85,17"
2025-08-24 12:30:00,"2470,8546666666666","1731,7276666666678","51,12277079555204","3,9","80,23","80,23"
2025-08-24 12:45:00,"552,5459999999996","3068,060666666668","51,79371223661025","-48,88","21,86","21,86"
2025-08-24 13:00:00,"1348,3696666666665","4875,6686666666665","52,21640041414394","10,9","10,8","10,8"
2025-08-24 13:15:00,"1369,1909999999996","2330,922333333334","52,381918296481984","-5,48","-3,71","-3,71"
2025-08-24 13:30:00,"933,5046666666664","2478,073666666668","52,28665676630808","-50,0","-11,9","-11,9"
2025-08-24 13:45:00,"828,9739999999997","5437,203666666668","51,93267912290845","-9,4","-9,52","-9,52"
2025-08-24 14:00:00,"2359,2729999999997","5212,580000000001","51,32745895690492","-41,42","-13,99","-13,99"
2025-08-24 14:15:00,"2244,341","3188,4660000000013","50,48324315450572","-4,4","-17,03","-17,03"
2025-08-24 14:30:00,"2108,2179999999994","3593,9306666666675","49,41592374056622","-0,6","-16,45","-16,45"
2025-08-24 14:45:00,"2094,8963333333327","4636,722000000002","48,14381604064059","4,9","-15,78","-15,78"
2025-08-24 15:00:00,"2375,409333333333","3992,913333333334","46,68647142234834","-36,54","-14,58","-14,58"
2025-08-24 15:15:00,"2012,083333333333","3405,0550000000007","45,06366908294959","-1,4","-12,19","-12,19"
2025-08-24 15:30:00,"1904,7409999999995","3169,208000000001","43,29465322170587","9,2","0,0","0,0"
2025-08-24 15:45:00,"1870,0043333333329","3532,523000000001","41,39762083585622","19,9","-5,42","-5,42"
2025-08-24 16:00:00,"1867,7509999999995","2196,470333333334","39,389429239621776","-50,0","-29,42","-29,42"
2025-08-24 16:15:00,"2046,7669999999996","4270,6016666666665","37,28547414679114","-31,15","-24,4","-24,4"
2025-08-24 16:30:00,"1818,2699999999993","3672,7196666666673","35,09969004991468","32,4","-20,41","-20,41"
2025-08-24 16:45:00,"1747,4116666666662","2088,9540000000006","32,84467771497586","60,2","-13,2","-13,2"
2025-08-24 17:00:00,"544,1186666666661","2399,711333333334","30,53162710397992","-19,91","22,13","22,13"
2025-08-24 17:15:00,"249,55699999999945","3471,243000000001","28,17077810191084","25,06","88,76","88,76"
2025-08-24 17:30:00,"258,7726666666661","3084,6603333333337","25,771355476425367","72,45","122,12","122,12"
2025-08-24 17:45:00,"313,2303333333328","2495,295666666668","23,34179639074797","101,8","129,45","129,45"
2025-08-24 18:00:00,"820,625666666666","2225,882000000001","20,88990524588528","54,1","83,8","83,8"
2025-08-24 18:15:00,"3461,879666666666","1628,757333333334","18,423026756761335","77,4","41,43","41,43"
2025-08-24 18:30:00,"652,3253333333328","1272,313333333334","15,948216358972552","107,5","135,43","135,43"
2025-08-24 18:45:00,"745,4129999999996","1119,334333333334","13,472500571819294","135,2","138,74","138,74"
2025-08-24 19:00:00,"584,2419999999994","918,5493333333338","11,003263262287708","70,07","107,1","107,1"
2025-08-24 19:15:00,"370,08066666666605","727,5650000000006","8,549011214505503","101,9","147,23","147,23"
2025-08-24 19:30:00,"341,8916666666661","434,6606666666672","6,121338558555781","119,0","146,87","146,87"
2025-08-24 19:45:00,"414,70033333333276","173,96866666666725","3,74115063446571","139,72","150,25","150,25"
2025-08-24 20:00:00,"413,55399999999935","46,62466666666726","1,4594467620746228","128,84","95,58","95,58"
2025-08-24 20:15:00,"508,59299999999905","1,4505000000008883","-1,2443296631963523","122,0","115,85","115,85"
2025-08-24 20:30:00,"532,4789999999994","0,0","-3,5892796806403897","118,6","126,3","126,3"
2025-08-24 20:45:00,"500,402666666666","0,0","-5,890169092166201","114,2","152,58","152,58"
2025-08-24 21:00:00,"461,58699999999936","0,0","-8,140380511207017","134,0","151,63","151,63"
2025-08-24 21:15:00,"477,7873333333327","0,0","-10,33296288681476","120,2","146,55","146,55"
2025-08-24 21:30:00,"574,1363333333327","0,0","-12,460594061296336","111,0","64,82","64,82"
2025-08-24 21:45:00,"2314,5339999999997","0,0","-14,51555408444998","103,2","64,23","64,23"
2025-08-24 22:00:00,"1638,4223333333327","0,0","-16,489710578861843","123,5","60,22","60,22"
2025-08-24 22:15:00,"433,19366666666605","0,0","-18,37452091293501","110,14","42,83","42,83"
2025-08-24 22:30:00,"512,157666666666","0,0","-20,161056339135644","102,4","45,13","45,13"
2025-08-24 22:45:00,"411,9329999999994","0,0","-21,840051371645437","94,4","57,27","57,27"
2025-08-24 23:00:00,"360,23233333333275","0,0","-23,401984183615223","113,58","89,72","89,72"
2025-08-24 23:15:00,"494,1293333333327","0,0","-24,83719288876525","112,8","79,84","79,84"
2025-08-24 23:30:00,"335,2063333333328","0,0","-26,13602918044205","94,9","71,7","71,7"
2025-08-24 23:45:00,"352,7339999999994","0,0","-27,28905046453973","86,6","46,35","46,35"
2025-08-25 00:00:00,"236,8246666666661","0,0","-28,287247616608266","106,8","84,09","84,09"
2025-08-25 00:15:00,"207,29966666666607","0,0","-29,122299515354577","92,2","75,32","75,32"
2025-08-25 00:30:00,"287,5356666666661","0,0","-29,786842253624556","94,0","57,91","57,91"
2025-08-25 00:45:00,"307,8423333333327","0,0","-30,274735786957827","86,62","53,56","53,56"
2025-08-25 01:00:00,"209,5776666666661","0,0","-30,581306661261674","104,0","73,65","73,65"
2025-08-25 01:15:00,"324,7589999999994","0,0","-30,703545788563417","91,08","81,27","81,27"
2025-08-25 01:30:00,"305,51799999999946","0,0","-30,640241924728144","83,9","79,92","79,92"
2025-08-25 01:45:00,"269,10033333333274","0,0","-30,392036751446557","79,5","83,52","83,52"
2025-08-25 02:00:00,"358,11399999999935","0,0","-29,96139595621767","88,2","105,82","105,82"
2025-08-25 02:15:00,"244,0999999999994","0,0","-29,352499150965237","85,94","92,06","92,06"
2025-08-25 02:30:00,"213,8433333333327","0,0","-28,571060409150373","83,5","89,6","89,6"
2025-08-25 02:45:00,"348,53333333333273","0,0","-27,62409741652432","91,8","94,85","94,85"
2025-08-25 03:00:00,"191,19766666666607","0,0","-26,51966993491852","85,3","94,2","94,2"
2025-08-25 03:15:00,"239,48433333333278","0,0","-25,26660946939678","84,2","90,12","90,12"
2025-08-25 03:30:00,"423,16366666666613","0,0","-23,874258623670983","85,2","76,96","76,96"
2025-08-25 03:45:00,"232,3726666666661","0,0","-22,35223379742129","88,1","80,35","80,35"
2025-08-25 04:00:00,"250,2963333333328","0,0","-20,710221580576835","88,86","71,95","71,95"
2025-08-25 04:15:00,"273,56866666666605","0,0","-18,957813072209262","93,7","68,19","68,19"
2025-08-25 04:30:00,"221,34366666666614","0,0","-17,104376008378157","87,6","119,99","119,99"
2025-08-25 04:45:00,"284,7146666666661","0,0","-15,158963865141567","90,7","128,15","128,15"
2025-08-25 05:00:00,"265,6266666666661","0,0","-13,130257441072755","78,2","116,24","116,24"
2025-08-25 05:15:00,"247,9109999999994","0,0","-11,026533258269964","85,1","112,09","112,09"
2025-08-25 05:30:00,"366,3126666666661","0,0","-8,855655430542816","105,11","85,45","85,45"
2025-08-25 05:45:00,"459,36033333333273","0,0","-6,625085683605263","124,9","64,53","64,53"
2025-08-25 06:00:00,"2289,3579999999997","0,0","-4,341906570679341","87,5","100,3","100,3"
2025-08-25 06:15:00,"1601,1079999999993","0,0","-2,012856337324002","116,3","91,64","91,64"
2025-08-25 06:30:00,"412,3969999999994","14,561000000000591","0,7556821950726822","129,02","106,84","106,84"
2025-08-25 06:45:00,"302,3026666666661","94,64466666666726","2,977478919716116","137,4","113,71","113,71"
2025-08-25 07:00:00,"842,9013333333328","242,00266666666727","5,330722395031202","144,92","135,5","135,5"
2025-08-25 07:15:00,"4016,1459999999993","392,1940000000006","7,742137016900791","125,3","141,23","141,23"
2025-08-25 07:30:00,"2031,1679999999997","426,0893333333339","10,184959778929809","119,1","119,03","119,03"
2025-08-25 07:45:00,"383,82333333333276","510,4290000000006","12,64576976209508","105,21","123,02","123,02"
2025-08-25 08:00:00,"414,2309999999994","609,9476666666673","15,11498192083801","160,0","108,01","108,01"
2025-08-25 08:15:00,"423,3253333333327","745,7606666666672","17,58506411112431","131,27","112,57","112,57"
2025-08-25 08:30:00,"340,1746666666661","975,0216666666672","20,04887386010573","96,0","113,71","113,71"
2025-08-25 08:45:00,"1580,888666666666","1354,8700000000006","22,49932786759","62,3","123,19","123,19"
2025-08-25 09:00:00,"679,3113333333328","2173,659333333333","24,92913045677576","158,94","372,34","372,34"
2025-08-25 09:15:00,"543,4129999999993","3053,256333333334","27,33057975939125","100,4","546,27","546,27"
2025-08-25 09:30:00,"634,757666666666","3332,377000000001","29,69537251961439","74,6","779,84","779,84"
2025-08-25 09:45:00,"1470,6329999999994","3535,631666666667","32,01447040290041","39,2","573,35","573,35"
2025-08-25 10:00:00,"434,9773333333327","3695,115","34,27793253484758","109,16","59,43","59,43"
2025-08-25 10:15:00,"533,3049999999995","3753,059","36,47475960901152","77,7","39,59","39,59"
2025-08-25 10:30:00,"428,00633333333275","3763,550666666667","38,59274781540402","47,4","96,26","96,26"
2025-08-25 10:45:00,"425,1379999999991","3757,233000000001","40,61836082093383","22,8","169,79","169,79"
2025-08-25 11:00:00,"588,4689999999995","3823,877666666668","42,53664334519269","66,7","179,75","179,75"
2025-08-25 11:15:00,"531,0299999999993","3889,5346666666674","44,33120432286445","46,3","155,11","155,11"
2025-08-25 11:30:00,"441,3399999999994","3959,391333333334","45,984312289254525","32,6","150,41","150,41"
2025-08-25 11:45:00,"526,0213333333327","4005,939333333334","47,47714025764316","13,5","109,56","109,56"
2025-08-25 12:00:00,"393,09433333333277","4177,954666666667","48,79021842004503","46,53","30,58","30,58"
2025-08-25 12:15:00,"253,66833333333278","4098,912333333334","49,90411540997832","0,09","3,49","3,49"
2025-08-25 12:30:00,"251,0916666666661","3920,724333333334","50,80039294120285","-4,93","-4,58","-4,58"
2025-08-25 12:45:00,"153,45233333333275","4104,774666666666","51,462705685361","-9,93","13,3","13,3"
2025-08-25 13:00:00,"280,4629999999994","4168,588666666667","51,87801037289195","38,5","7,26","7,26"
2025-08-25 13:15:00,"284,84433333333277","4164,376333333335","52,03767017770208","28,0","-4,81","-4,81"
2025-08-25 13:30:00,"132,77399999999943","4301,488","51,938248028520334","4,15","-7,81","-7,81"
2025-08-25 13:45:00,"205,0766666666661","4218,414","51,58184569812013","-49,0","-18,71","-18,71"
2025-08-25 14:00:00,"167,56533333333277","4088,3980000000006","50,97590579014071","19,3","4,08","4,08"
2025-08-25 14:15:00,"161,97599999999943","4355,9293333333335","50,13249534215923","-49,0","9,71","9,71"
2025-08-25 14:30:00,"242,1236666666661","4124,216333333334","49,06725943417516","17,21","16,24","16,24"
2025-08-25 14:45:00,"185,04999999999941","4152,460333333334","47,79823268716209","31,3","-1,93","-1,93"
2025-08-25 15:00:00,"265,3209999999994","3313,1176666666674","46,344680970012185","-9,93","-1,83","-1,83"
2025-08-25 15:15:00,"225,48866666666612","3459,165666666667","44,72611514136958","7,66","-8,78","-8,78"
2025-08-25 15:30:00,"116,29033333333275","3995,337333333334","42,96155052998672","41,7","-12,07","-12,07"
2025-08-25 15:45:00,"178,86099999999942","3983,453333333334","41,068993809249775","58,6","-6,51","-6,51"
2025-08-25 16:00:00,"228,3999999999994","3982,023666666667","39,06515290279443","15,8","74,24","74,24"
2025-08-25 16:15:00,"148,43199999999942","3848,751333333334","36,96532105586443","51,3","-9,78","-9,78"
2025-08-25 16:30:00,"230,74599999999944","3358,4320000000007","34,78334418188409","70,8","9,7","9,7"
2025-08-25 16:45:00,"235,62866666666608","3328,038666666667","32,53175269484363","112,9","115,19","115,19"
2025-08-25 17:00:00,"193,52299999999946","3065,4640000000004","30,221736185386572","37,74","35,91","35,91"
2025-08-25 17:15:00,"254,3329999999995","2849,7950000000005","27,86349701922281","64,2","14,06","14,06"
2025-08-25 17:30:00,"150,5746666666661","2732,639666666667","25,46625613994147","107,1","80,72","80,72"
2025-08-25 17:45:00,"188,08766666666614","2556,411666666668","23,038454852540347","146,1","102,98","102,98"
2025-08-25 18:00:00,"261,98033333333274","2076,040666666667","20,58791065454657","53,6","35,16","35,16"
2025-08-25 18:15:00,"261,98033333333274","1696,2570000000003","18,121968163748","89,74","61,01","61,01"
2025-08-25 18:30:00,"225,1386666666667","1316,4733333333334","15,64773591789722","129,9","83,46","83,46"
2025-08-25 18:45:00,"2045,6913333333334","1141,2530000000002","13,172300061905764","173,0","84,78","84,78"
2025-08-25 19:00:00,"1611,7403333333336","792,9499999999999","10,703157021904","111,3","121,31","121,31"
2025-08-25 19:15:00,"358,7286666666667","642,4786666666668","8,249113368511926","138,47","132,59","132,59"
2025-08-25 19:30:00,"346,89466666666675","474,317","5,822379983478797","161,7","148,38","148,38"
2025-08-25 19:45:00,"223,53266666666667","190,5103333333333","3,446224420752289","184,94","196,62","196,62"
2025-08-25 20:00:00,"398,2596666666667","58,24633333333334","1,1787241542275189","204,9","215,11","215,11"
2025-08-25 20:15:00,"439,95933333333335","2,4266666666666667","-1,55325807963061","184,94","220,32","220,32"
2025-08-25 20:30:00,"349,5976666666666","0,0","-3,9006406171949135","179,98","198,47","198,47"
2025-08-25 20:45:00,"488,9053333333333","0,0","-6,20423116004645","170,3","97,79","97,79"
2025-08-25 21:00:00,"427,57466666666664","0,0","-8,45738457338081","135,68","104,01","104,01"
2025-08-25 21:15:00,"273,72733333333326","0,0","-10,653117480809186","153,4","92,1","92,1"
2025-08-25 21:30:00,"385,4443333333333","0,0","-12,784069882568422","139,6","59,31","59,31"
2025-08-25 21:45:00,"359,75366666666656","0,0","-14,84247750462972","127,2","67,86","67,86"
2025-08-25 22:00:00,"221,06499999999997","0,0","-16,820156233726745","147,1","130,46","130,46"
2025-08-25 22:15:00,"305,48533333333336","0,0","-18,708503479355446","100,59","144,3","144,3"
2025-08-25 22:30:00,"390,94833333333327","0,0","-20,498521744425965","116,9","143,07","143,07"
2025-08-25 22:45:00,"264,11633333333333","0,0","-22,180867818486497","105,2","80,07","80,07"
2025-08-25 23:00:00,"225,91066666666669","0,0","-23,74593355292636","122,0","88,0","88,0"
2025-08-25 23:15:00,"284,67133333333334","0,0","-25,183963262945475","111,2","105,78","105,78"
2025-08-25 23:30:00,"221,01866666666666","0,0","-26,485209397746814","103,2","109,15","109,15"
2025-08-25 23:45:00,"245,43399999999997","0,0","-27,640127729379603","90,65","76,46","76,46"
2025-08-26 00:00:00,"332,9853333333333","0,0","-28,639609203616445","107,99","79,36","79,36"
2025-08-26 00:15:00,"266,018","0,0","-29,475239467299176","108,8","93,6","93,6"
2025-08-26 00:30:00,"334,23499999999996","0,0","-30,139573654990308","101,0","76,55","76,55"
2025-08-26 00:45:00,"342,78266666666667","0,0","-30,62640869632065","93,6","74,27","74,27"
2025-08-26 01:00:00,"230,22466666666665","0,0","-30,931031147861344","100,0","78,0","78,0"
2025-08-26 01:15:00,"188,68366666666665","0,0","-31,050418841958997","102,21","77,73","77,73"
2025-08-26 01:30:00,"321,67533333333336","0,0","-30,983376419452597","98,5","66,81","66,81"
2025-08-26 01:45:00,"266,18166666666673","0,0","-30,73059028566372","93,0","66,71","66,71"
2025-08-26 02:00:00,"232,57933333333332","0,0","-30,29459733515733","107,75","79,49","79,49"
2025-08-26 02:15:00,"400,82166666666666","0,0","-29,679670570453133","92,65","84,33","84,33"
2025-08-26 02:30:00,"303,6953333333334","0,0","-28,89163396250672","90,45","93,96","93,96"
2025-08-26 02:45:00,"176,65833333333333","0,0","-27,937625262811995","88,64","64,62","64,62"
2025-08-26 03:00:00,"273,6913333333333","0,0","-26,825828186255357","93,8","81,36","81,36"
2025-08-26 03:15:00,"267,0843333333333","0,0","-25,565196467238547","91,2","77,99","77,99"
2025-08-26 03:30:00,"256,231","0,0","-24,165188678910447","90,9","89,29","89,29"
2025-08-26 03:45:00,"322,33099999999996","0,0","-22,63552765804365","99,61","81,69","81,69"
2025-08-26 04:00:00,"206,56366666666668","0,0","-20,985994897147663","93,21","87,18","87,18"
2025-08-26 04:15:00,"321,885","0,0","-19,226263989552614","89,9","83,16","83,16"
2025-08-26 04:30:00,"331,21233333333333","0,0","-17,365772795864945","92,3","111,49","111,49"
2025-08-26 04:45:00,"251,7293333333333","0,0","-15,41363326023898","104,5","139,45","139,45"
2025-08-26 05:00:00,"216,50499999999997","0,0","-13,378574148598158","94,93","110,62","110,62"
2025-08-26 05:15:00,"343,52833333333325","0,0","-11,268910854429045","101,8","126,73","126,73"
2025-08-26 05:30:00,"199,67699999999996","0,0","-9,09253877100116","106,53","137,06","137,06"
2025-08-26 05:45:00,"2292,941333333333","0,0","-6,856944808920605","119,4","145,33","145,33"
2025-08-26 06:00:00,"1850,2343333333336","0,0","-4,569232025332469","95,9","158,05","158,05"
2025-08-26 06:15:00,"1337,7836666666667","0,0","-2,2361557845048776","121,2","164,43","164,43"
2025-08-26 06:30:00,"787,432","0,0","0,5589796697250776","129,71","132,73","132,73"
2025-08-26 06:45:00,"284,56100000000004","37,85566666666667","2,7688145425340163","141,2","115,36","115,36"
2025-08-26 07:00:00,"277,701","126,268","5,119666412397935","141,8","122,84","122,84"
2025-08-26 07:15:00,"606,563","248,377","7,531229756828488","132,4","115,21","115,21"
2025-08-26 07:30:00,"362,91366666666664","348,88366666666667","9,97459159040289","122,8","90,33","90,33"
2025-08-26 07:45:00,"303,30400000000003","460,31500000000005","12,435630799966503","108,0","68,19","68,19"
2025-08-26 08:00:00,"454,3883333333333","536,0863333333333","14,90470495385228","152,7","77,12","77,12"
2025-08-26 08:15:00,"420,871","634,7383333333333","17,37411096446549","121,56","60,65","60,65"
2025-08-26 08:30:00,"364,5133333333333","867,911","19,83663563134916","92,0","53,74","53,74"
2025-08-26 08:45:00,"480,4116666666667","1248,117","22,285151679592204","65,06","49,88","49,88"
2025-08-26 09:00:00,"440,3273333333333","2044,1966666666667","24,71232694273978","132,26","59,4","59,4"
2025-08-26 09:15:00,"435,6613333333333","2989,539333333333","27,11042708840277","106,8","79,91","79,91"
2025-08-26 09:30:00,"517,5493333333333","2824,873333333333","29,471118620537773","81,5","63,72","63,72"
2025-08-26 09:45:00,"543,8596666666667","3218,7760000000003","31,78533703056207","55,04","44,17","44,17"
2025-08-26 10:00:00,"555,4396666666667","3207,579666666666","34,04312112665482","108,71","114,56","114,56"
2025-08-26 10:15:00,"525,5490000000001","3329,851666666667","36,23345767269769","84,0","122,13","122,13"
2025-08-26 10:30:00,"489,5343333333333","3771,245","38,34414936113881","65,09","103,98","103,98"
2025-08-26 10:45:00,"490,8536666666667","3570,7223333333336","40,36165590089998","55,0","26,16","26,16"
2025-08-26 11:00:00,"456,2553333333334","3751,846333333333","42,27113206429895","83,16","69,01","69,01"
2025-08-26 11:15:00,"238,75166666666667","3814,0636666666655","44,05624529815277","60,7","76,8","76,8"
2025-08-26 11:30:00,"293,3323333333333","3853,218","45,69939752223873","46,1","39,69","39,69"
2025-08-26 11:45:00,"1299,0839999999998","3925,778","47,18194968741137","35,03","51,2","51,2"
2025-08-26 12:00:00,"1140,9563333333333","3993,906333333333","48,484676677388514","58,19","64,77","64,77"
2025-08-26 12:15:00,"2835,8283333333334","4120,815333333334","49,58843980879054","41,9","78,27","78,27"
2025-08-26 12:30:00,"821,1873333333334","4171,201666666667","50,47514357135374","31,9","46,92","46,92"
2025-08-26 12:45:00,"218,36200000000002","4222,069","51,12879404478395","20,2","41,98","41,98"
2025-08-26 13:00:00,"249,83066666666667","4228,676","51,53667841007361","35,1","51,49","51,49"
2025-08-26 13:15:00,"258,3316666666667","4313,926","51,690427476222105","35,02","55,89","55,89"
2025-08-26 13:30:00,"256,94166666666666","4327,191333333332","51,58678056347272","30,8","42,43","42,43"
2025-08-26 13:45:00,"361,516","4299,799","51,22790074848518","19,09","19,24","19,24"
2025-08-26 14:00:00,"312,0273333333334","4247,5216666666665","50,621161224177655","31,44","33,25","33,25"
2025-08-26 14:15:00,"189,23300000000006","4171,763999999999","49,778464507647584","40,03","30,76","30,76"
2025-08-26 14:30:00,"256,011","4085,301","48,71521819019481","45,04","11,23","11,23"
2025-08-26 14:45:00,"225,81833333333338","3398,7273333333333","47,44918103462119","55,09","121,94","121,94"
2025-08-26 15:00:00,"163,76800000000003","2956,7875","45,99933744376535","35,02","241,48","241,48"
2025-08-26 15:15:00,"300,75533333333334","3931,232","44,38494759271321","55,63","157,26","157,26"
2025-08-26 15:30:00,"270,9553333333334","3700,146","42,62478628820758","84,96","164,71","164,71"
2025-08-26 15:45:00,"277,1216666666667","3545,8906666666667","40,73667046161688","99,98","165,13","165,13"
2025-08-26 16:00:00,"261,31966666666665","2692,4993333333327","38,73715834145838","41,0","108,49","108,49"
2025-08-26 16:15:00,"227,5976666666667","2063,8666666666663","36,64141537275762","84,94","146,1","146,1"
2025-08-26 16:30:00,"134,93400000000003","3063,7593333333334","34,46321812194055","104,02","106,85","106,85"
2025-08-26 16:45:00,"250,616","2552,072666666666","32,21506204179002","106,7","130,96","130,96"
2025-08-26 17:00:00,"261,64766666666674","2521,163","29,90805908448904","57,8","96,41","96,41"
2025-08-26 17:15:00,"184,2856666666667","2430,691","27,552417198280462","86,36","164,51","164,51"
2025-08-26 17:30:00,"294,18100000000004","2381,0986666666668","25,15734406796425","124,9","169,61","169,61"
2025-08-26 17:45:00,"311,27333333333337","3326,793","22,73128243161405","142,3","214,38","214,38"
2025-08-26 18:00:00,"202,18400000000003","2737,911333333333","20,28205971859978","76,1","171,0","171,0"
2025-08-26 18:15:00,"303,76133333333337","2171,0733333333337","17,817060925162128","104,3","234,25","234,25"
2025-08-26 18:30:00,"301,0736666666667","1507,4876666666669","15,34341240433165","133,4","307,15","307,15"
2025-08-26 18:45:00,"192,07900000000004","1267,9146666666668","12,868260162046123","168,6","556,15","556,15"
2025-08-26 19:00:00,"282,835","968,0716666666666","10,399216872643889","144,98","593,35","593,35"
2025-08-26 19:15:00,"248,50433333333336","512,5183333333334","7,945291092050005","174,36","103,97","103,97"
2025-08-26 19:30:00,"401,3956666666667","200,54366666666667","5,5194094481648985","163,2","1183,93","1183,93"
2025-08-26 19:45:00,"486,165","139,54533333333336","3,147855025762635","189,9","500,0","500,0"
2025-08-26 20:00:00,"313,33700000000005","31,93766666666667","0,8958478925723125","184,92","422,93","422,93"
2025-08-26 20:15:00,"312,556","0,0","-1,8654419615443427","160,09","530,05","530,05"
2025-08-26 20:30:00,"343,07233333333335","0,0","-4,215241789934258","174,8","280,74","280,74"
2025-08-26 20:45:00,"343,13866666666667","0,0","-6,521520830370824","150,09","102,83","102,83"
2025-08-26 21:00:00,"434,3666666666666","0,0","-8,777606175317509","148,79","112,83","112,83"
2025-08-26 21:15:00,"456,8043333333333","0,0","-10,976481998587335","130,08","75,47","75,47"
2025-08-26 21:30:00,"401,4893333333333","0,0","-13,110750214557244","120,6","56,47","56,47"
2025-08-26 21:45:00,"348,26433333333335","0,0","-15,172601835395117","104,6","55,05","55,05"
2025-08-26 22:00:00,"319,28266666666667","0,0","-17,15380044894106","126,06","92,17","92,17"
2025-08-26 22:15:00,"213,84633333333332","0,0","-19,045682741798583","116,0","73,75","73,75"
2025-08-26 22:30:00,"260,27500000000003","0,0","-20,839181475547143","105,4","70,59","70,59"
2025-08-26 22:45:00,"262,10433333333333","0,0","-22,52487447956984","93,2","69,28","69,28"
2025-08-26 23:00:00,"166,89333333333335","0,0","-24,093065797973523","105,83","83,65","83,65"
2025-08-26 23:15:00,"313,085","0,0","-25,53390423112965","103,6","76,42","76,42"
2025-08-26 23:30:00,"404,509","0,0","-26,837541085769978","93,2","80,54","80,54"
2025-08-26 23:45:00,"214,15300000000002","0,0","-27,994328503383063","81,0","67,56","67,56"
2025-08-27 00:00:00,"283,68966666666665","0,0","-28,995055528603537","108,8","84,69","84,69"
2025-08-27 00:15:00,"284,9653333333333","0,0","-29,83121278846754","97,1","84,04","84,04"
2025-08-27 00:30:00,"186,33099999999993","0,0","-30,49527303654101","88,1","58,69","58,69"
2025-08-27 00:45:00,"255,54433333333333","0,0","-30,98096930163005","90,8","91,98","91,98"
2025-08-27 01:00:00,"328,13466666666665","0,0","-31,28354797876739","96,5","94,76","94,76"
2025-08-27 01:15:00,"282,42866666666663","0,0","-31,39997445146452","90,9","112,31","112,31"
2025-08-27 01:30:00,"379,7869999999999","0,0","-31,329070699847048","85,61","101,84","101,84"
2025-08-27 01:45:00,"281,23866666666663","0,0","-31,071570061137397","90,6","81,56","81,56"
2025-08-27 02:00:00,"169,45999999999998","0,0","-30,63008344648333","86,55","70,24","70,24"
2025-08-27 02:15:00,"289,1443333333333","0,0","-30,00898044664139","86,4","68,44","68,44"
2025-08-27 02:30:00,"290,6646666666666","0,0","-29,214198274880893","88,2","68,98","68,98"
2025-08-27 02:45:00,"221,31999999999996","0,0","-28,252998006931463","87,5","74,74","74,74"
2025-08-27 03:00:00,"342,0033333333333","0,0","-27,13369028869469","75,1","63,55","63,55"
2025-08-27 03:15:00,"299,614","0,0","-25,865353641190413","86,51","62,78","62,78"
2025-08-27 03:30:00,"248,56833333333327","0,0","-24,457564667244107","90,1","47,75","47,75"
2025-08-27 03:45:00,"327,8406666666666","0,0","-22,920154182745303","91,4","53,23","53,23"
2025-08-27 04:00:00,"227,71266666666665","0,0","-21,262999632339483","85,9","57,22","57,22"
2025-08-27 04:15:00,"216,6163333333333","0,0","-19,495857717334435","75,4","78,62","78,62"
2025-08-27 04:30:00,"318,9273333333333","0,0","-17,62823667281106","92,0","125,36","125,36"
2025-08-27 04:45:00,"238,82549999999998","0,0","-15,669306874017106","94,5","80,49","80,49"
2025-08-27 05:00:00,"200,983","0,0","-13,627844807399343","81,2","60,92","60,92"
2025-08-27 05:15:00,"404,4123333333333","0,0","-11,512204345291783","86,7","132,17","132,17"
2025-08-27 05:30:00,"419,3739999999999","0,0","-9,33031168021476","100,0","155,08","155,08"
2025-08-27 05:45:00,"2621,3623333333335","0,0","-7,089678380798217","112,7","156,38","156,38"
2025-08-27 06:00:00,"1310,818","0,0","-4,797427469665414","80,03","166,33","166,33"
2025-08-27 06:15:00,"268,2096666666667","0,0","-2,4603309040617045","99,1","151,06","151,06"
2025-08-27 06:30:00,"253,50500000000002","0,0","0,3630945331390472","115,3","140,36","140,36"
2025-08-27 06:45:00,"319,595","11,170666666666667","2,559797739205785","130,05","144,22","144,22"
2025-08-27 07:00:00,"322,0366666666667","28,65266666666667","4,907759385956624","122,9","178,36","178,36"
2025-08-27 07:15:00,"416,48033333333336","54,419","7,319290699505464","123,4","172,4","172,4"
2025-08-27 07:30:00,"432,17766666666665","221,2753333333333","9,763094117854155","119,78","161,46","161,46"
2025-08-27 07:45:00,"349,44366666666673","324,72566666666665","12,224263565797196","106,3","165,21","165,21"
2025-08-27 08:00:00,"396,55966666666666","460,0806666666666","14,693146624977942","141,74","195,41","195,41"
2025-08-27 08:15:00,"449,82300000000004","561,1703333333334","17,16182400923823","114,0","194,33","194,33"
2025-08-27 08:30:00,"328,50066666666663","656,4053333333333","19,62300079467592","98,2","94,2","94,2"
2025-08-27 08:45:00,"423,13399999999996","1169,7759999999998","22,06950693731749","75,02","99,66","99,66"
2025-08-27 09:00:00,"529,9146666666667","1012,294","24,49397492443459","140,4","95,35","95,35"
2025-08-27 09:15:00,"456,04633333333334","836,1363333333335","26,888625518076594","112,6","63,35","63,35"
2025-08-27 09:30:00,"423,93199999999996","1062,9220000000005","29,24511222000896","81,7","60,21","60,21"
2025-08-27 09:45:00,"516,6106666666667","1528,4016666666666","31,554345050600407","60,05","46,0","46,0"
2025-08-27 10:00:00,"410,9393333333333","2816,9680000000008","33,806343541220315","122,9","57,17","57,17"
2025-08-27 10:15:00,"499,71900000000005","2994,5306666666675","35,99009571665924","94,93","56,0","56,0"
2025-08-27 10:30:00,"557,5623333333334","3424,4356666666663","38,09339665064598","79,3","39,06","39,06"
2025-08-27 10:45:00,"483,08166666666665","3078,056666666667","40,10279827088656","52,07","34,21","34,21"
2025-08-27 11:00:00,"635,564","3740,106666666667","42,00336239964512","100,4","76,28","76,28"
2025-08-27 11:15:00,"573,3240000000001","3713,505","43,77893437275719","79,0","108,53","108,53"
2025-08-27 11:30:00,"488,20566666666673","3771,0486666666666","45,4120481326187","80,42","98,07","98,07"
2025-08-27 11:45:00,"1035,124","3900,085666666667","46,88425386012525","54,99","103,71","103,71"
2025-08-27 12:00:00,"1201,705333333333","4056,938333333334","48,176571325677074","74,03","102,86","102,86"
2025-08-27 12:15:00,"302,74533333333335","4308,084333333333","49,27017258828808","56,0","103,78","103,78"
2025-08-27 12:30:00,"278,1933333333333","4162,657666666667","50,14728127971017","45,2","97,94","97,94"
2025-08-27 12:45:00,"301,33133333333336","4208,865000000001","50,79225085544651","44,9","96,68","96,68"
2025-08-27 13:00:00,"303,269","4143,645666666667","51,19269409524263","59,1","-7,47","-7,47"
2025-08-27 13:15:00,"299,44766666666663","4299,300333333334","51,34050519768466","44,98","-18,74","-18,74"
2025-08-27 13:30:00,"261,273","3814,0276666666655","51,23259650194692","44,9","-12,9","-12,9"
2025-08-27 13:45:00,"210,61700000000002","3130,949","50,87121477060853","42,23","-14,48","-14,48"
2025-08-27 14:00:00,"278,781","3533,0863333333336","50,2636186567311","40,2","67,33","67,33"
2025-08-27 14:15:00,"229,38100000000003","4550,465333333335","49,42157310405097","47,5","-29,91","-29,91"
2025-08-27 14:30:00,"247,7976666666667","3890,5860000000007","48,36025464566355","54,0","-4,44","-4,44"
2025-08-27 14:45:00,"404,6326666666667","4325,156333333334","47,09715149436164","69,93","116,29","116,29"
2025-08-27 15:00:00,"279,61033333333336","3875,362333333334","45,65097119820015","51,74","91,15","91,15"
2025-08-27 15:15:00,"176,47633333333337","3484,807666666667","44,04070063532172","66,6","91,81","91,81"
2025-08-27 15:30:00,"241,96733333333333","3800,8490000000006","42,28489917501298","82,0","115,04","115,04"
2025-08-27 15:45:00,"202,78966666666673","2781,121333333333","40,40119449178471","99,8","84,99","84,99"
2025-08-27 16:00:00,"177,24133333333336","3127,0270000000005","38,405994754832825","48,2","109,72","109,72"
2025-08-27 16:15:00,"311,58766666666673","1954,2260000000008","36,31436116389043","76,56","128,89","128,89"
2025-08-27 16:30:00,"317,59666666666675","1270,8583333333338","34,13997930199515","99,92","145,18","145,18"
2025-08-27 16:45:00,"296,21733333333333","1270,540333333334","31,89523385139792","120,8","154,04","154,04"
2025-08-27 17:00:00,"265,1156666666667","1431,0213333333336","29,591310411459723","55,8","77,37","77,37"
2025-08-27 17:15:00,"181,51900000000006","1333,5600000000006","27,238328278775285","87,55","102,79","102,79"
2025-08-27 17:30:00,"229,6606666666667","1102,122666666667","24,845498623156075","123,4","134,64","134,64"
2025-08-27 17:45:00,"258,44566666666674","844,8240000000005","22,42126735566748","150,0","145,51","145,51"
2025-08-27 18:00:00,"781,4463333333333","677,5810000000006","19,97347516160237","85,02","220,64","220,64"
2025-08-27 18:15:00,"2437,2823333333336","560,179333333334","17,509527355541668","124,79","199,3","199,3"
2025-08-27 18:30:00,"348,8466666666667","415,6630000000006","15,036596188805936","143,2","196,48","196,48"
2025-08-27 18:45:00,"319,944","421,3170000000008","12,561902653838365","180,0","121,17","121,17"
2025-08-27 19:00:00,"292,66833333333335","559,5320000000006","10,093206696511736","184,96","104,47","104,47"
2025-08-27 19:15:00,"316,27233333333334","521,8106666666672","7,639878111152909","190,1","99,18","99,18"
2025-08-27 19:30:00,"287,01533333333333","445,4680000000006","5,215731447108252","306,71","95,81","95,81"
2025-08-27 19:45:00,"177,72566666666668","104,5770000000006","2,849349738777177","195,1","110,62","110,62"
2025-08-27 20:00:00,"429,3960000000001","3,393333333333925","0,6172508311137328","334,36","134,07","134,07"
2025-08-27 20:15:00,"287,75466666666665","0,0","-2,1807731983789678","214,97","154,41","154,41"
2025-08-27 20:30:00,"345,94233333333335","0,0","-4,532974766644269","243,42","163,39","163,39"
2025-08-27 20:45:00,"453,98066666666665","0,0","-6,841929375675843","220,69","96,32","96,32"
2025-08-27 21:00:00,"371,6813333333334","0,0","-9,100936340327731","177,0","87,88","87,88"
2025-08-27 21:15:00,"225,6076666666667","0,0","-11,302947281499224","144,42","59,79","59,79"
2025-08-27 21:30:00,"335,28933333333333","0,0","-13,440525801585816","125,3","76,47","76,47"
2025-08-27 21:45:00,"321,80666666666673","0,0","-15,505817827469873","121,7","51,48","51,48"
2025-08-27 22:00:00,"226,9486666666667","0,0","-17,49053410039341","134,9","73,43","73,43"
2025-08-27 22:15:00,"286,54200000000003","0,0","-19,38594983156672","110,05","46,04","46,04"
2025-08-27 22:30:00,"298,2816666666667","0,0","-21,18292705679575","107,2","57,12","57,12"
2025-08-27 22:45:00,"244,54133333333337","0,0","-22,871963408621777","95,2","53,48","53,48"
2025-08-27 23:00:00,"325,247","0,0","-24,44327363088777","116,4","110,77","110,77"
2025-08-27 23:15:00,"273,3976666666666","0,0","-25,88690927792343","104,7","97,3","97,3"
2025-08-27 23:30:00,"217,75000000000003","0,0","-27,19291859071615","95,9","96,97","96,97"
2025-08-27 23:45:00,"272,8393333333334","0,0","-28,351548052584125","85,3","70,67","70,67"
2025-08-28 00:00:00,"204,8756666666667","0,0","-29,35348280083125","112,46","79,97","79,97"
2025-08-28 00:15:00,"296,92366666666663","0,0","-30,19011662160825","106,7","69,23","69,23"
2025-08-28 00:30:00,"386,68533333333335","0,0","-30,853838438850275","99,4","71,73","71,73"
2025-08-28 00:45:00,"276,26666666666665","0,0","-31,33831649217064","91,3","124,12","124,12"
2025-08-28 01:00:00,"231,56500000000003","0,0","-31,63875684823664","100,7","148,24","148,24"
2025-08-28 01:15:00,"314,2603333333334","0,0","-31,752113098502598","105,6","120,24","120,24"
2025-08-28 01:30:00,"211,23833333333334","0,0","-31,677226061765296","91,01","112,4","112,4"
2025-08-28 01:45:00,"264,9843333333333","0,0","-31,414878275316536","92,0","115,75","115,75"
2025-08-28 02:00:00,"293,90500000000003","0,0","-30,96775754372878","103,8","110,87","110,87"
2025-08-28 02:15:00,"251,49733333333336","0,0","-30,340333308906864","88,3","89,84","89,84"
2025-08-28 02:30:00,"305,97300000000007","0,0","-29,538659426083445","88,05","89,9","89,9"
2025-08-28 02:45:00,"347,00766666666664","0,0","-28,570123592608105","94,3","94,41","94,41"
2025-08-28 03:00:00,"222,15033333333338","0,0","-27,443166381133214","89,7","115,41","115,41"
2025-08-28 03:15:00,"275,02200000000005","0,0","-26,1669936544554","87,28","92,65","92,65"
2025-08-28 03:30:00,"307,4656666666667","0,0","-24,75130208326711","97,5","118,82","118,82"
2025-08-28 03:45:00,"183,83300000000006","0,0","-23,206031969216","96,4","89,95","89,95"
2025-08-28 04:00:00,"232,454","0,0","-21,54115771358591","84,0","77,5","77,5"
2025-08-28 04:15:00,"352,4696666666667","0,0","-19,7665196878722","86,5","70,2","70,2"
2025-08-28 04:30:00,"323,4266666666667","0,0","-17,891696698610357","99,15","63,11","63,11"
2025-08-28 04:45:00,"278,187","0,0","-15,925917465525488","105,9","59,19","59,19"
2025-08-28 05:00:00,"292,80400000000003","0,0","-13,878005900761764","93,5","96,68","96,68"
2025-08-28 05:15:00,"200,84433333333337","0,0","-11,756353921310064","95,34","77,5","77,5"
2025-08-28 05:30:00,"237,11133333333336","0,0","-9,568917999097522","111,6","98,62","98,62"
2025-08-28 05:45:00,"323,7506666666667","0,0","-7,323233802149243","113,8","113,8","113,8"
2025-08-28 06:00:00,"208,2896666666667","0,0","-5,026443753056906","98,6","108,08","108,08"
2025-08-28 06:15:00,"358,0583333333334","0,0","-2,6853358515493504","114,6","133,24","133,24"
2025-08-28 06:30:00,"415,20099999999996","1,9403333333339248","0,1701299860644903","130,8","102,35","102,35"
2025-08-28 06:45:00,"202,39600000000002","69,88566666666725","2,351828003865432","143,48","95,65","95,65"
2025-08-28 07:00:00,"201,6286666666667","251,3463333333339","4,69595757001692","144,91","79,56","79,56"
2025-08-28 07:15:00,"374,47066666666666","297,4883333333339","7,107015760975622","144,7","106,73","106,73"
2025-08-28 07:30:00,"335,52333333333337","585,0413333333339","9,55101662948639","130,9","98,38","98,38"
2025-08-28 07:45:00,"420,8693333333334","619,5513333333339","12,012401354049516","134,99","127,75","127,75"
2025-08-28 08:00:00,"503,40733333333344","490,0786666666672","14,480957779700333","145,67","129,78","129,78"
2025-08-28 08:15:00,"500,0256666666667","774,254333333334","16,948759476256484","152,42","145,91","145,91"
2025-08-28 08:30:00,"483,14233333333334","1270,4690000000005","19,408453314136796","149,91","135,25","135,25"
2025-08-28 08:45:00,"395,42133333333334","1051,5910000000006","21,85282075710204","125,4","141,84","141,84"
2025-08-28 09:00:00,"432,5110000000001","920,9995000000008","24,2744558087319","140,6","149,41","149,41"
2025-08-28 09:15:00,"439,45300000000003","1221,8350000000007","26,66554022413955","131,49","142,67","142,67"
2025-08-28 09:30:00,"441,90233333333333","1972,345333333334","29,01770484261188","117,0","131,49","131,49"
2025-08-28 09:45:00,"462,43600000000004","1926,194666666668","31,32183451102003","102,0","118,4","118,4"
2025-08-28 10:00:00,"568,839","3187,064666666668","33,567930264510984","140,0","120,75","120,75"
2025-08-28 10:15:00,"635,6843333333334","2811,2380000000007","35,74497175136559","120,23","112,65","112,65"
2025-08-28 10:30:00,"464,59999999999997","2632,417666666668","37,840760494528745","109,96","108,75","108,75"
2025-08-28 10:45:00,"414,24366666666674","1273,6653333333338","39,84185246118727","93,7","122,09","122,09"
2025-08-28 11:00:00,"463,46166666666664","1405,644333333334","41,733420372123256","138,96","144,63","144,63"
2025-08-28 11:15:00,"434,2896666666667","1355,257333333334","43,49936349065613","112,47","112,45","112,45"
2025-08-28 11:30:00,"447,46900000000005","1655,0513333333338","45,12236244433501","104,95","81,49","81,49"
2025-08-28 11:45:00,"398,9050000000001","2272,436666666667","46,58415791038099","99,92","85,81","85,81"
2025-08-28 12:00:00,"606,0820000000001","1610,7456666666671","47,86601468843803","134,98","102,49","102,49"
2025-08-28 12:15:00,"4352,369333333333","1236,2620000000006","48,9494034202477","129,95","100,99","100,99"
2025-08-28 12:30:00,"1250,0693333333334","886,4650000000004","49,81687527789768","102,44","103,08","103,08"
2025-08-28 12:45:00,"404,16333333333336","534,9736666666671","50,4531262464063","97,47","91,76","91,76"
2025-08-28 13:00:00,"299,5786666666667","336,8663333333338","50,84608907669895","112,85","127,89","127,89"
2025-08-28 13:15:00,"413,086","398,2736666666671","50,98791690973881","129,92","127,41","127,41"
2025-08-28 13:30:00,"363,4503333333334","490,9340000000004","50,87569043193098","102,49","186,41","186,41"
2025-08-28 13:45:00,"334,6826666666667","494,2636666666672","50,51172035582034","99,92","108,4","108,4"
2025-08-28 14:00:00,"457,47333333333336","566,1396666666672","49,9031831837216","102,49","104,92","104,92"
2025-08-28 14:15:00,"539,8106666666666","889,5340000000006","49,061702781975015","102,5","128,55","128,55"
2025-08-28 14:30:00,"335,09900000000005","567,8246666666672","48,0022229254496","115,6","83,76","83,76"
2025-08-28 14:45:00,"461,9676666666666","859,7560000000004","46,7419659557584","105,0","62,28","62,28"
2025-08-28 15:00:00,"430,83433333333335","1105,2436666666672","45,29936656097832","103,39","67,01","67,01"
2025-08-28 15:15:00,"346,12299999999993","1461,7820000000006","43,69315798386753","104,95","59,5","59,5"
2025-08-28 15:30:00,"407,1133333333334","1178,979333333334","41,941670967163006","109,1","54,62","54,62"
2025-08-28 15:45:00,"348,8816666666667","482,6343333333338","40,0623447510205","120,4","65,05","65,05"
2025-08-28 16:00:00,"391,67433333333327","1257,737666666667","38,07143739180126","97,42","80,79","80,79"
2025-08-28 16:15:00,"464,90000000000003","1297,0826666666671","35,98388908063064","114,72","97,64","97,64"
2025-08-28 16:30:00,"304,78133333333335","1070,3560000000004","33,813306912212965","111,6","84,24","84,24"
2025-08-28 16:45:00,"173,0956666666667","1085,4490000000003","31,57205293525421","140,0","152,0","152,0"
2025-08-28 17:00:00,"258,789","1100,0973333333338","29,27120196875751","80,5","133,39","133,39"
2025-08-28 17:15:00,"302,49333333333334","1040,6016666666671","26,920890270470828","129,74","101,64","101,64"
2025-08-28 17:30:00,"380,1236666666667","828,3430000000006","24,53031830400801","121,5","115,13","115,13"
2025-08-28 17:45:00,"366,15999999999997","435,9800000000005","22,107933955864898","154,3","116,2","116,2"
2025-08-28 18:00:00,"364,25766666666664","337,89033333333384","19,66159021366793","119,94","107,59","107,59"
2025-08-28 18:15:00,"221,34566666666666","415,0966666666672","17,198728798902117","151,02","129,7","129,7"
2025-08-28 18:30:00,"285,41766666666666","356,9353333333338","14,72655718833601","159,9","145,22","145,22"
2025-08-28 18:45:00,"452,1483333333333","204,5896666666672","12,2523770319555","172,5","149,56","149,56"
2025-08-28 19:00:00,"364,74600000000004","125,00033333333386","9,784110420003572","167,43","108,54","108,54"
2025-08-28 19:15:00,"348,51833333333343","111,31233333333384","7,331454736331828","172,48","132,88","132,88"
2025-08-28 19:30:00,"395,94800000000004","66,62100000000052","4,909274219682651","174,99","154,83","154,83"
2025-08-28 19:45:00,"405,99199999999996","9,275666666667185","2,54942957552078","273,92","187,84","187,84"
2025-08-28 20:00:00,"458,9293333333333","0,4900000000005181","0,3399375998367638","203,5","71,47","71,47"
2025-08-28 20:15:00,"578,81","0,0","-2,4991410353659727","179,94","181,99","181,99"
2025-08-28 20:30:00,"1846,6796666666667","0,0","-4,853728529147131","174,99","176,98","176,98"
2025-08-28 20:45:00,"865,1343333333333","0,0","-7,16534554800817","195,17","213,01","213,01"
2025-08-28 21:00:00,"315,69633333333354","0,0","-9,42726364479631","164,0","97,25","97,25"
2025-08-28 21:15:00,"269,2733333333335","0,0","-11,63240180279654","137,41","115,02","115,02"
2025-08-28 21:30:00,"276,1213333333335","0,0","-13,77328510679888","123,7","106,38","106,38"
2025-08-28 21:45:00,"411,4626666666668","0,0","-15,842014045345149","103,06","116,85","116,85"
2025-08-28 22:00:00,"355,3506666666668","0,0","-17,830245981504785","128,4","140,54","140,54"
2025-08-28 22:15:00,"205,07833333333346","0,0","-19,72919391132896","119,91","155,2","155,2"
2025-08-28 22:30:00,"285,88866666666684","0,0","-21,52964816710212","104,91","150,63","150,63"
2025-08-28 22:45:00,"302,7340000000001","0,0","-23,22202494921668","97,6","157,68","157,68"
2025-08-28 23:00:00,"181,64100000000016","0,0","-24,796448201237727","113,0","135,31","135,31"
2025-08-28 23:15:00,"264,16866666666675","0,0","-26,24287048283247","104,15","85,95","85,95"
2025-08-28 23:30:00,"267,57833333333355","0,0","-27,55123502161005","91,8","83,77","83,77"
2025-08-28 23:45:00,"291,3986666666668","0,0","-28,71168058255861","90,9","85,02","85,02"
2025-08-29 00:00:00,"343,9923333333335","0,0","-29,714786353889853","109,91","121,42","121,42"
2025-08-29 00:15:00,"313,9650000000002","0,0","-30,551847425037085","97,54","119,92","119,92"
2025-08-29 00:30:00,"201,6123333333335","0,0","-31,215167412909462","86,6","119,49","119,49"
2025-08-29 00:45:00,"274,4143333333335","0,0","-31,698348865132484","79,9","100,26","100,26"
2025-08-29 01:00:00,"272,7950000000002","0,0","-31,9965573569457","98,58","130,01","130,01"
2025-08-29 01:15:00,"174,8123333333335","0,0","-32,1067353691219","90,2","93,47","93,47"
2025-08-29 01:30:00,"389,89266666666686","0,0","-32,027744103366274","83,2","115,09","115,09"
2025-08-29 01:45:00,"419,91600000000017","0,0","-31,76041762519512","87,3","100,7","100,7"
2025-08-29 02:00:00,"233,39866666666683","0,0","-31,307523576201145","85,91","104,43","104,43"
2025-08-29 02:15:00,"224,69833333333347","0,0","-30,673634577244474","87,0","82,54","82,54"
2025-08-29 02:30:00,"269,6540000000001","0,0","-29,8649245795332","86,2","77,77","77,77"
2025-08-29 02:45:00,"225,75300000000018","0,0","-28,888911235830264","94,9","82,94","82,94"
2025-08-29 03:00:00,"239,25300000000016","0,0","-27,754168057629524","91,0","88,35","88,35"
2025-08-29 03:15:00,"315,91833333333346","0,0","-26,4700307991384","86,9","91,85","91,85"
2025-08-29 03:30:00,"321,96766666666684","0,0","-25,04631821461844","85,7","90,8","90,8"
2025-08-29 03:45:00,"304,1990000000002","0,0","-23,493081560480885","86,04","76,91","76,91"
2025-08-29 04:00:00,"273,8723333333335","0,0","-21,820393150651835","91,21","72,58","72,58"
2025-08-29 04:15:00,"251,07633333333345","0,0","-20,038177537263845","86,0","50,15","50,15"
2025-08-29 04:30:00,"213,9206666666668","0,0","-18,156084241957533","87,2","52,63","52,63"
2025-08-29 04:45:00,"265,6813333333335","0,0","-16,18340019106866","87,59","70,31","70,31"
2025-08-29 05:00:00,"216,35566666666682","0,0","-14,128996380179148","88,24","86,63","86,63"
2025-08-29 05:15:00,"259,0333333333335","0,0","-12,001302293629466","86,5","70,02","70,02"
2025-08-29 05:30:00,"735,8400000000001","0,0","-9,808304127438298","98,0","87,03","87,03"
2025-08-29 05:45:00,"2940,367","0,0","-7,557561058676282","108,8","61,69","61,69"
2025-08-29 06:00:00,"955,3223333333336","0,0","-5,256234315589801","88,0","108,01","108,01"
2025-08-29 06:15:00,"296,5370000000002","0,0","-2,911127367492144","111,7","117,1","117,1"
2025-08-29 06:30:00,"255,12666666666684","0,0","-0,0209739814716019","122,12","114,39","114,39"
2025-08-29 06:45:00,"238,2813333333335","0,0","2,144555037374492","131,1","102,41","102,41"
2025-08-29 07:00:00,"523,6816666666668","15,625000000000515","4,483967832868647","124,95","177,88","177,88"
2025-08-29 07:15:00,"467,85433333333344","5,371333333333852","6,894241731872784","123,81","149,46","149,46"
2025-08-29 07:30:00,"724,1580000000001","7,778666666667184","9,33827658668841","126,9","115,95","115,95"
2025-08-29 07:45:00,"1909,0033333333333","84,05866666666718","11,799632991194107","129,95","108,25","108,25"
2025-08-29 08:00:00,"655,2440000000001","419,1053333333339","14,267740660131434","154,99","86,46","86,46"
2025-08-29 08:15:00,"329,0896666666668","411,2510000000005","16,734566926989363","123,1","70,93","70,93"
2025-08-29 08:30:00,"421,6823333333335","659,0280000000005","19,19267959200509","108,6","70,29","70,29"
2025-08-29 08:45:00,"459,34000000000015","1161,6893333333337","21,63480920731586","90,07","64,78","64,78"
2025-08-29 09:00:00,"358,8770000000001","1853,301666666667","24,05351027122078","136,2","123,12","123,12"
2025-08-29 09:15:00,"457,44500000000016","1264,5550000000003","26,44093808995753","110,11","120,23","120,23"
2025-08-29 09:30:00,"489,4133333333335","897,3380000000004","28,78868591336989","93,7","115,97","115,97"
2025-08-29 09:45:00,"400,4070000000001","1233,4763333333335","31,08761465077026","75,0","78,69","78,69"
2025-08-29 10:00:00,"429,87133333333344","1828,8423333333333","33,32770830355324","119,6","96,4","96,4"
2025-08-29 10:15:00,"487,25800000000015","2607,736666666667","35,49793362483884","95,09","128,1","128,1"
2025-08-29 10:30:00,"448,05533333333346","2905,2943333333337","37,58610774181588","84,2","37,47","37,47"
2025-08-29 10:45:00,"481,1890000000001","2984,362666666668","39,57880101521853","67,37","8,88","8,88"
2025-08-29 11:00:00,"701,2096666666669","2900,319333333334","41,461280469426825","104,3","-6,87","-6,87"
2025-08-29 11:15:00,"1600,5043333333333","3945,388333333334","43,21752021314975","81,8","-18,39","-18,39"
2025-08-29 11:30:00,"558,1826666666668","3241,789","44,830340596567154","75,73","-25,17","-25,17"
2025-08-29 11:45:00,"587,8273333333334","4462,6123333333335","46,28167410621845","54,1","-34,14","-34,14"
2025-08-29 12:00:00,"432,69433333333353","4290,531000000001","47,55303071265124","88,6","86,1","86,1"
2025-08-29 12:15:00,"484,0403333333335","3846,564666666667","48,626171251713664","69,7","86,93","86,93"
2025-08-29 12:30:00,"526,6520000000002","3046,452","49,4839787398361","69,57","80,41","80,41"
2025-08-29 12:45:00,"298,0290000000001","4765,371666666668","50,11148693927956","45,08","65,09","65,09"
2025-08-29 13:00:00,"315,5593333333335","4595,568000000001","50,4969430644765","72,5","91,49","91,49"
2025-08-29 13:15:00,"450,7946666666667","3933,382000000001","50,6327583535904","58,41","187,31","187,31"
2025-08-29 13:30:00,"367,6926666666668","4845,707666666667","50,51617386196234","55,5","17,04","17,04"
2025-08-29 13:45:00,"262,53700000000015","4947,1900000000005","50,14971276297448","49,0","-1,17","-1,17"
2025-08-29 14:00:00,"350,6220000000001","3655,2493333333337","49,54016224142242","49,9","1,55","1,55"
2025-08-29 14:15:00,"313,56366666666673","3233,010333333334","48,69915393178895","59,5","27,52","27,52"
2025-08-29 14:30:00,"230,89266666666677","1799,1536666666673","47,64141628829314","61,3","33,42","33,42"
2025-08-29 14:45:00,"331,6526666666668","1530,305666666667","46,38391002127657","63,03","86,09","86,09"
2025-08-29 15:00:00,"255,52966666666677","1492,449666666667","44,94480057983437","47,52","64,51","64,51"
2025-08-29 15:15:00,"249,53666666666678","1885,1683333333333","43,34258086935189","57,5","68,21","68,21"
2025-08-29 15:30:00,"340,7973333333334","1481,050333333334","41,59534474643498","79,5","101,44","101,44"
2025-08-29 15:45:00,"253,84733333333344","2450,167666666668","39,72034336764723","91,9","126,1","126,1"
2025-08-29 16:00:00,"135,31700000000012","1939,4166666666672","37,7336840841564","54,1","73,95","73,95"
2025-08-29 16:15:00,"242,0720000000001","2312,273333333333","35,65019941541339","76,09","110,01","110,01"
2025-08-29 16:30:00,"220,70733333333348","1389,3550000000007","33,48340396635278","89,4","99,12","99,12"
2025-08-29 16:45:00,"229,7056666666668","945,7496666666672","31,24605061710693","117,1","102,2","102,2"
2025-08-29 17:00:00,"349,1546666666668","830,2726666666672","28,948335355432","57,53","5,86","5,86"
2025-08-29 17:15:00,"372,46433333333346","612,9050000000005","26,600762967565327","82,81","37,37","37,37"
2025-08-29 17:30:00,"271,62833333333344","307,4200000000006","24,21253282617268","120,7","18,26","18,26"
2025-08-29 17:45:00,"369,46766666666673","564,2200000000006","21,79209730743961","143,85","54,77","54,77"
2025-08-29 18:00:00,"370,8843333333334","1180,9116666666675","19,34732623551905","77,54","45,4","45,4"
2025-08-29 18:15:00,"294,9883333333334","1053,7410000000004","16,885698384550608","104,93","69,04","69,04"
2025-08-29 18:30:00,"389,2506666666668","606,794333333334","14,414475547196703","132,42","81,68","81,68"
2025-08-29 18:45:00,"601,5986666666668","645,1343333333339","11,941065435291184","169,9","114,37","114,37"
2025-08-29 19:00:00,"2705,8553333333334","281,52466666666726","9,473604729453296","129,98","99,08","99,08"
2025-08-29 19:15:00,"1460,8170000000002","193,5306666666673","7,022145252123958","139,04","154,26","154,26"
2025-08-29 19:30:00,"480,5630000000001","163,18200000000058","4,602963767203752","154,8","197,06","197,06"
2025-08-29 19:45:00,"320,32966666666687","134,1730000000006","2,254561982681434","164,2","23,05","23,05"
2025-08-29 20:00:00,"408,05300000000017","43,598333333333926","0,0757743689287249","145,42","35,0","35,0"
2025-08-29 20:15:00,"443,81933333333353","0,0","-2,820432396746045","139,97","71,7","71,7"
2025-08-29 20:30:00,"1253,006666666667","0,0","-5,177389793102723","134,0","101,2","101,2"
2025-08-29 20:45:00,"2013,1900000000003","0,0","-7,491655893783613","119,8","91,78","91,78"
2025-08-29 21:00:00,"1387,4730000000002","0,0","-9,7564745246868","138,55","102,61","102,61"
2025-08-29 21:15:00,"383,5486666666668","0,0","-11,96473196819982","112,58","120,86","120,86"
2025-08-29 21:30:00,"441,4333333333335","0,0","-14,10891460640375","105,08","105,17","105,17"
2025-08-29 21:45:00,"349,3340000000001","0,0","-16,181077154543935","95,07","44,56","44,56"
2025-08-29 22:00:00,"224,05166666666685","0,0","-18,17282308337791","110,05","128,8","128,8"
2025-08-29 22:15:00,"299,1466666666668","0,0","-20,075302446625948","104,11","128,73","128,73"
2025-08-29 22:30:00,"285,5166666666668","0,0","-21,879232904799487","99,9","116,55","116,55"
2025-08-29 22:45:00,"184,13466666666682","0,0","-23,57494799152689","87,4","120,76","120,76"
2025-08-29 23:00:00,"346,75833333333344","0,0","-25,152479342349405","102,58","142,78","142,78"
2025-08-29 23:15:00,"388,3170000000002","0,4833333333339254","-26,601678757857485","99,4","152,15","152,15"
2025-08-29 23:30:00,"236,51633333333348","0,0","-27,91238247885362","89,6","149,74","149,74"
2025-08-29 23:45:00,"243,97900000000016","0,0","-29,07461945896475","79,07","151,93","151,93"
2025-08-30 00:00:00,"281,58433333333346","0,0","-30,07886085735645","102,3","89,02","89,02"
2025-08-30 00:15:00,"213,9023333333335","0,0","-30,916301173336656","94,68","75,22","75,22"
2025-08-30 00:30:00,"229,5386666666668","0,0","-31,579157210364176","85,8","78,13","78,13"
2025-08-30 00:45:00,"349,8586666666668","0,0","-32,06096490445483","79,0","107,88","107,88"
2025-08-30 01:00:00,"288,2506666666668","0,0","-32,35684917873402","96,4","96,55","96,55"
2025-08-30 01:15:00,"333,8023333333335","0,0","-32,46374210859092","89,8","84,98","84,98"
2025-08-30 01:30:00,"280,32066666666685","0,0","-32,38052686725147","84,2","81,15","81,15"
2025-08-30 01:45:00,"220,33600000000018","0,0","-32,10809143611785","79,98","71,54","71,54"
2025-08-30 02:00:00,"209,61600000000016","0,0","-31,649286304476146","89,9","66,39","66,39"
2025-08-30 02:15:00,"295,0136666666668","0,0","-31,008790664602408","85,4","86,48","86,48"
2025-08-30 02:30:00,"263,38700000000017","0,0","-30,192902070402944","84,39","124,55","124,55"
2025-08-30 02:45:00,"293,4433333333335","0,0","-29,209271499758053","82,7","127,55","127,55"
2025-08-30 03:00:00,"394,3436666666669","0,0","-28,066608428216984","85,5","104,92","104,92"
2025-08-30 03:15:00,"283,5103333333335","0,0","-26,774381044689058","81,5","143,24","143,24"
2025-08-30 03:30:00,"161,62750000000025","0,0","-25,34253217654287","82,17","120,19","120,19"
2025-08-30 03:45:00,"309,97200000000015","0,0","-23,78122546361641","89,9","114,83","114,83"
2025-08-30 04:00:00,"273,25000000000017","0,0","-22,10063204059652","83,2","108,07","108,07"
2025-08-30 04:15:00,"158,12600000000018","0,0","-20,310761096570648","82,1","108,39","108,39"
2025-08-30 04:30:00,"325,35766666666683","0,0","-18,421332958676675","86,97","125,89","125,89"
2025-08-30 04:45:00,"258,79166666666686","0,0","-16,441692568914767","93,1","121,23","121,23"
2025-08-30 05:00:00,"243,2240000000002","0,0","-14,380757617216767","92,0","120,62","120,62"
2025-08-30 05:15:00,"397,47600000000017","0,0","-12,246994636464846","89,06","98,93","98,93"
2025-08-30 05:30:00,"261,74133333333356","0,0","-10,048418954856295","95,7","98,87","98,87"
2025-08-30 05:45:00,"157,92300000000017","0,0","-7,792612636228759","87,6","83,59","83,59"
2025-08-30 06:00:00,"278,6246666666668","0,0","-5,4867550954565205","87,4","117,64","117,64"
2025-08-30 06:15:00,"315,1706666666669","0,0","-3,1376646753027018","97,2","98,52","98,52"
2025-08-30 06:30:00,"187,6000000000002","0,0","-0,1984186924885784","99,7","120,18","120,18"
2025-08-30 06:45:00,"862,4256666666669","0,0","1,9442489396816296","98,93","121,9","121,9"
2025-08-30 07:00:00,"1875,4490000000003","3,3953333333339257","4,275484145601766","100,8","134,73","134,73"
2025-08-30 07:15:00,"871,6770000000001","14,548333333333924","6,683496823349073","99,1","129,98","129,98"
2025-08-30 07:30:00,"274,6980000000001","51,84700000000058","9,12675850495624","97,3","145,9","145,9"
2025-08-30 07:45:00,"279,4136666666668","103,75933333333391","11,587854448335458","86,26","132,84","132,84"
2025-08-30 08:00:00,"173,8843333333335","207,5376666666673","14,055113575845803","119,91","55,4","55,4"
2025-08-30 08:15:00,"309,0070000000001","178,72733333333397","16,520612790209764","95,2","69,39","69,39"
2025-08-30 08:30:00,"587,0213333333335","297,0510000000006","18,97685581619336","84,32","104,22","104,22"
2025-08-30 08:45:00,"2954,839333333334","616,9706666666673","21,416500013774797","69,2","74,76","74,76"
2025-08-30 09:00:00,"811,7750000000002","519,8576666666673","23,83204723627797","109,94","111,07","111,07"
2025-08-30 09:15:00,"399,1943333333336","613,100333333334","26,215619610538184","78,6","87,1","87,1"
2025-08-30 09:30:00,"259,5770000000003","693,7580000000006","28,55876632942213","65,7","36,27","36,27"
2025-08-30 09:45:00,"345,790666666667","766,7010000000006","30,85232152898216","49,5","84,82","84,82"
2025-08-30 10:00:00,"417,4956666666669","712,7170000000004","33,08625074095507","70,58","110,88","110,88"
2025-08-30 10:15:00,"359,5853333333336","1260,6146666666673","35,24951940677474","47,3","115,27","115,27"
2025-08-30 10:30:00,"459,3430000000003","1053,9970000000003","37,32994694070965","35,6","44,26","44,26"
2025-08-30 10:45:00,"513,0323333333337","660,9560000000007","39,31426860953696","19,7","24,64","24,64"
2025-08-30 11:00:00,"413,2603333333336","769,2853333333339","41,18753540791121","25,06","29,51","29,51"
2025-08-30 11:15:00,"455,52566666666695","1369,7436666666674","42,933964461978505","10,12","15,88","15,88"
2025-08-30 11:30:00,"440,14133333333365","1533,0816666666672","44,53651527392906","5,02","-2,83","-2,83"
2025-08-30 11:45:00,"432,6380000000003","2350,541666666667","45,97731289757984","-4,97","-6,31","-6,31"
2025-08-30 12:00:00,"465,45300000000026","2544,898","47,23811214738445","22,3","54,28","54,28"
2025-08-30 12:15:00,"475,93733333333364","1897,516666666667","48,3009638013285","5,21","-6,73","-6,73"
2025-08-30 12:30:00,"352,27200000000033","2011,6166666666672","49,14907764381413","-0,5","0,41","0,41"
2025-08-30 12:45:00,"613,258666666667","5126,335","49,767820428711225","-14,6","-18,41","-18,41"
2025-08-30 13:00:00,"559,3533333333336","3692,095333333335","50,145748347804485","10,0","7,3","7,3"
2025-08-30 13:15:00,"367,66600000000034","1441,5613333333338","50,27552231635779","0,37","57,92","57,92"
2025-08-30 13:30:00,"517,689666666667","3262,9826666666672","50,154543411056814","1,3","6,63","6,63"
2025-08-30 13:45:00,"506,2050000000003","3632,656666666667","49,78517866492562","-17,0","7,94","7,94"
2025-08-30 14:00:00,"374,3613333333336","4776,181333333334","49,17458065037102","-1,8","9,28","9,28"
2025-08-30 14:15:00,"428,61733333333365","2740,380000000001","48,33401833989122","-0,7","12,32","12,32"
2025-08-30 14:30:00,"462,51433333333364","3073,1680000000006","47,277996779403246","-3,21","48,87","48,87"
2025-08-30 14:45:00,"363,4913333333336","4732,799666666668","46,023220920093344","9,4","2,66","2,66"
2025-08-30 15:00:00,"344,31100000000026","4189,063666666667","44,587592345371874","-18,07","-7,0","-7,0"
2025-08-30 15:15:00,"321,78800000000024","4506,4783333333335","42,98934724958359","-4,87","-1,79","-1,79"
2025-08-30 15:30:00,"171,46433333333363","4078,2803333333327","41,24636433391759","1,1","-8,65","-8,65"
2025-08-30 15:45:00,"266,71866666666693","1254,1130000000005","39,3757086225524","21,8","0,4","0,4"
2025-08-30 16:00:00,"268,36533333333364","725,7570000000002","37,39333805489974","-9,79","-14,76","-14,76"
2025-08-30 16:15:00,"200,06033333333363","2026,2960000000005","35,313961161413616","5,1","25,2","25,2"
2025-08-30 16:30:00,"323,1060000000003","1952,519","33,15101554242485","22,9","21,51","21,51"
2025-08-30 16:45:00,"349,636666666667","1675,256666666667","30,916674870825588","52,6","25,53","25,53"
2025-08-30 17:00:00,"244,78633333333363","2630,5126666666665","28,62207149861198","21,5","9,15","9,15"
2025-08-30 17:15:00,"249,76633333333365","3871,5653333333335","26,277237518107675","58,5","114,39","114,39"
2025-08-30 17:30:00,"256,46900000000045","3104,547","23,891350583488112","88,51","111,67","111,67"
2025-08-30 17:45:00,"230,62866666666696","2746,9323333333336","21,472866075708367","139,79","113,5","113,5"
2025-08-30 18:00:00,"227,78633333333366","2250,418","19,029669295971864","45,07","104,45","104,45"
2025-08-30 18:15:00,"269,01500000000027","1551,1856666666667","16,569246909723667","79,4","24,07","24,07"
2025-08-30 18:30:00,"231,80366666666697","1075,8659999999998","14,098933218831522","112,16","62,37","62,37"
2025-08-30 18:45:00,"408,75666666666694","894,7603333333333","11,626239070817268","159,54","135,66","135,66"
2025-08-30 19:00:00,"325,95166666666694","671,3059999999999","9,1595167944686","90,08","99,37","99,37"
2025-08-30 19:15:00,"245,43400000000028","489,898","6,709535483912391","107,6","170,13","170,13"
2025-08-30 19:30:00,"308,9040000000003","243,876","4,294048746543185","129,93","206,69","206,69"
2025-08-30 19:45:00,"433,3940000000003","79,94800000000001","1,9560625632369015","152,79","195,52","195,52"
2025-08-30 20:00:00,"349,86233333333354","7,292","-0,1938729286741881","141,1","166,2","166,2"
2025-08-30 20:15:00,"478,12733333333364","0,4866666666666666","-3,1445321903485155","131,5","135,87","135,87"
2025-08-30 20:30:00,"516,8180000000003","0,0","-5,503843307379687","126,7","135,58","135,58"
2025-08-30 20:45:00,"456,68133333333367","0,0","-7,820745046541323","118,9","139,18","139,18"
2025-08-30 21:00:00,"386,8253333333336","0,0","-10,088453564206516","129,91","142,49","142,49"
2025-08-30 21:15:00,"379,66800000000035","0,0","-12,299822398799543","124,1","127,62","127,62"
2025-08-30 21:30:00,"303,31033333333363","0,0","-14,44729906551751","105,98","101,74","101,74"
2025-08-30 21:45:00,"367,6183333333336","0,0","-16,522892191201063","93,2","34,38","34,38"
2025-08-30 22:00:00,"289,25200000000035","0,0","-18,51815085786016","122,1","79,0","79,0"
2025-08-30 22:15:00,"226,2480000000003","0,0","-20,424161464490464","108,1","50,37","50,37"
2025-08-30 22:30:00,"397,25200000000035","0,0","-22,23156803896297","98,72","68,3","68,3"
2025-08-30 22:45:00,"332,41600000000034","0,0","-23,93062021541026","92,9","65,48","65,48"
2025-08-30 23:00:00,"225,58333333333366","0,0","-25,511255807996477","110,8","45,16","45,16"
2025-08-30 23:15:00,"285,2080000000003","0,0","-26,96322407664523","102,4","67,65","67,65"
2025-08-30 23:30:00,"267,747666666667","0,0","-28,276252275860735","90,27","107,34","107,34"
2025-08-30 23:45:00,"184,37433333333365","0,0","-29,440257420003007","74,6","58,8","58,8"
2025-08-31 00:00:00,"288,48566666666704","0,0","-30,44560052030461","95,5","74,39","74,39"
2025-08-31 00:15:00,"303,3973333333337","0,0","-31,28337355396456","89,8","84,73","84,73"
2025-08-31 00:30:00,"278,12500000000034","0,0","-31,94570497176475","81,7","86,38","86,38"
2025-08-31 00:45:00,"352,5653333333336","0,0","-32,42606316046543","81,73","38,99","38,99"
2025-08-31 01:00:00,"273,52433333333363","0,0","-32,719532231304385","90,8","73,01","73,01"
2025-08-31 01:15:00,"189,1170000000003","0,0","-32,82303458283561","84,5","86,68","86,68"
2025-08-31 01:30:00,"307,99033333333364","0,0","-32,73547699220994","75,7","101,37","101,37"
2025-08-31 01:45:00,"251,73966666666698","0,0","-32,45780380403138","73,0","40,38","40,38"
2025-08-31 02:00:00,"181,9270000000003","0,0","-31,992951432618817","88,3","76,74","76,74"
2025-08-31 02:15:00,"425,39400000000035","0,0","-31,345709097986816","79,0","96,6","96,6"
2025-08-31 02:30:00,"342,773666666667","0,0","-30,522501516192868","73,1","106,41","106,41"
2025-08-31 02:45:00,"180,73233333333363","0,0","-29,531116393060568","64,54","62,48","62,48"
2025-08-31 03:00:00,"303,639666666667","0,0","-28,380402206780698","78,0","50,83","50,83"
2025-08-31 03:15:00,"259,62033333333363","0,0","-27,079962113605877","67,19","66,74","66,74"
2025-08-31 03:30:00,"168,06900000000033","0,0","-25,639864975865933","70,3","67,27","67,27"
2025-08-31 03:45:00,"282,4810000000003","0,0","-24,070388204147577","67,8","50,66","50,66"
2025-08-31 04:00:00,"323,3500000000003","0,0","-22,381802610736244","74,4","71,37","71,37"
2025-08-31 04:15:00,"268,2740000000003","0,0","-20,584202423522974","70,91","72,39","72,39"
2025-08-31 04:30:00,"352,9600000000003","0,0","-18,687378810083658","55,1","70,43","70,43"
2025-08-31 04:45:00,"233,9853333333336","0,0","-16,70073448674016","50,09","88,62","88,62"
2025-08-31 05:00:00,"170,0093333333336","0,0","-14,633233401700538","71,3","85,58","85,58"
2025-08-31 05:15:00,"270,9580000000003","0,0","-12,493378575324185","63,6","87,59","87,59"
2025-08-31 05:30:00,"244,5430000000003","0,0","-10,289213839213836","68,8","104,07","104,07"
2025-08-31 05:45:00,"248,34433333333365","0,0","-8,028343492990881","50,1","109,38","109,38"
2025-08-31 06:00:00,"396,144666666667","0,0","-5,717964492828384","60,09","159,14","159,14"
2025-08-31 06:15:00,"324,1623333333336","0,0","-3,36490943746707","67,6","142,81","142,81"
2025-08-31 06:30:00,"182,6203333333336","0,97","-0,9756968611136808","66,3","123,24","123,24"
2025-08-31 06:45:00,"375,5903333333337","37,384","1,7406113086914732","53,68","69,96","69,96"
2025-08-31 07:00:00,"2742,1890000000008","98,035","4,064168036113443","77,21","87,52","87,52"
2025-08-31 07:15:00,"3993,821666666667","178,41699999999997","6,470292323452177","62,5","87,66","87,66"
2025-08-31 07:30:00,"1994,3303333333338","280,6413333333333","8,91302893515605","53,9","51,77","51,77"
2025-08-31 07:45:00,"328,5003333333339","354,1306666666666","11,373402945018348","30,09","39,82","39,82"
2025-08-31 08:00:00,"253,19500000000056","432,6623333333333","13,8399884230906","78,2","35,44","35,44"
2025-08-31 08:15:00,"368,6016666666672","512,3133333333333","16,304335196197595","52,0","50,03","50,03"
2025-08-31 08:30:00,"322,68366666666725","640,4720000000001","18,758817998900263","33,12","20,48","20,48"
2025-08-31 08:45:00,"416,31766666666726","947,875","21,19604009557794","15,0","9,93","9,93"
2025-08-31 09:00:00,"363,0583333333339","1557,0026666666663","23,608462998686527","54,4","27,32","27,32"
2025-08-31 09:15:00,"409,61933333333394","2520,732666666667","25,988175003429383","34,7","18,47","18,47"
2025-08-31 09:30:00,"320,0400000000006","3069,343","28,326698229481792","-37,89","-1,51","-1,51"
2025-08-31 09:45:00,"430,96500000000054","3286,682333333333","30,61484448482529","4,8","-19,8","-19,8"
2025-08-31 10:00:00,"502,27800000000053","3385,235","32,84256461390137","31,9","31,16","31,16"
2025-08-31 10:15:00,"359,6630000000006","3483,1266666666666","34,99881370924727","14,9","-2,36","-2,36"
2025-08-31 10:30:00,"403,52100000000064","3637,489333333333","37,07143104344283","-22,1","-4,93","-4,93"
2025-08-31 10:45:00,"402,83200000000056","3607,299","39,04702481045592","-14,7","-13,3","-13,3"
2025-08-31 11:00:00,"326,6686666666672","3572,902","40,91103194964067","13,4","-5,01","-5,01"
2025-08-31 11:15:00,"249,28400000000062","3646,6266666666666","42,647601669510045","5,2","2,17","2,17"
2025-08-31 11:30:00,"217,18033333333395","3821,3113333333336","44,23984320937872","-7,27","1,79","1,79"
2025-08-31 11:45:00,"172,15966666666728","3974,954","45,6700751535539","-16,95","-0,44","-0,44"
2025-08-31 12:00:00,"302,5180000000006","3971,105666666667","46,920296830146896","14,91","4,94","4,94"
2025-08-31 12:15:00,"288,11833333333396","3341,978","47,97284613444418","-1,2","-7,34","-7,34"
2025-08-31 12:30:00,"123,90666666666728","3564,631","48,81125685274501","-8,6","-9,24","-9,24"
2025-08-31 12:45:00,"244,39200000000062","3202,06","49,4212235636823","-20,3","-16,69","-16,69"
2025-08-31 13:00:00,"230,0900000000006","2382,4176666666667","49,79160554544613","-3,8","-17,51","-17,51"
2025-08-31 13:15:00,"127,08733333333397","1520,707666666667","49,91531175375876","-8,5","-19,66","-19,66"
2025-08-31 13:30:00,"223,3596666666673","2190,621","49,78989533486268","-10,5","-24,22","-24,22"
2025-08-31 13:45:00,"246,2150000000006","1699,836333333333","49,41779813358363","-3,36","-21,02","-21,02"
2025-08-31 14:00:00,"258,79800000000057","1204,9213333333332","48,80607219349212","-20,95","-22,78","-22,78"
2025-08-31 14:15:00,"223,3646666666673","1701,0619999999997","47,96586211748168","-15,6","0,0","0,0"
2025-08-31 14:30:00,"245,0830000000006","3238,7013333333334","46,91145397006797","2,9","-11,46","-11,46"
2025-08-31 14:45:00,"127,30900000000064","3334,521666666667","45,6593011569336","15,7","-17,93","-17,93"
2025-08-31 15:00:00,"212,70466666666732","3472,345333333333","44,22704503466805","-24,11","4,75","4,75"
2025-08-31 15:15:00,"157,53733333333395","3260,728","42,63267617001638","-10,3","-29,36","-29,36"
2025-08-31 15:30:00,"139,31833333333395","1795,92","40,89385182478541","4,5","-22,01","-22,01"
2025-08-31 15:45:00,"348,264333333334","3873,105333333333","39,02745108926732","31,8","112,47","112,47"
2025-08-31 16:00:00,"282,1870000000006","4154,727333333332","37,04928158144885","-34,41","-34,76","-34,76"
2025-08-31 16:15:00,"101,98633333333396","2406,84","34,97393851340106","-9,93","-32,68","-32,68"
2025-08-31 16:30:00,"217,296333333334","1782,107","32,81476938057424","43,1","-5,98","-5,98"
2025-08-31 16:45:00,"173,64700000000065","2136,1496666666662","30,58397196226341","75,7","11,04","11,04"
2025-08-31 17:00:00,"147,32533333333396","2362,381666666666","28,29247065800028","49,91","24,89","24,89"
2025-08-31 17:15:00,"223,17433333333395","2229,893","25,950340503274244","63,4","29,25","29,25"
2025-08-31 17:30:00,"211,2226666666673","2168,093333333333","23,566757046845392","104,92","33,35","33,35"
2025-08-31 17:45:00,"263,698333333334","1993,428","21,15017472392912","128,8","86,8","86,8"
2025-08-31 18:00:00,"234,76300000000063","1575,4346666666663","18,70848925736852","58,5","39,94","39,94"
2025-08-31 18:15:00,"169,76666666666728","1154,898","16,249222180483212","101,23","106,01","106,01"
2025-08-31 18:30:00,"184,31433333333393","926,9346666666664","13,77974864635221","129,93","131,19","131,19"
2025-08-31 18:45:00,"224,81700000000063","744,7019999999999","11,307675336476343","157,5","150,4","150,4"
2025-08-31 19:00:00,"178,5010000000006","563,8219999999999","8,841563299818835","106,2","139,83","139,83"
2025-08-31 19:15:00,"189,0876666666673","374,6283333333332","6,39271639785304","126,89","137,83","137,83"
2025-08-31 19:30:00,"2175,6716666666675","149,3526666666665","3,980499636162035","144,95","149,25","149,25"
2025-08-31 19:45:00,"1698,7906666666672","35,95133333333319","1,6533027113850176","154,99","106,1","106,1"
2025-08-31 20:00:00,"243,2420000000006","3,880333333333185","-1,074045471039907","155,6","120,29","120,29"
2025-08-31 20:15:00,"305,4790000000009","0,0","-3,471323538919097","140,2","141,22","141,22"
2025-08-31 20:30:00,"283,56766666666726","0,0","-5,832972081643921","140,83","136,21","136,21"
2025-08-31 20:45:00,"172,40666666666726","0,0","-8,152495953632208","149,92","104,91","104,91"
2025-08-31 21:00:00,"243,8690000000006","0,0","-10,423083718473592","137,2","128,48","128,48"
2025-08-31 21:15:00,"312,34166666666727","0,0","-12,637556150296913","118,7","60,48","60,48"
2025-08-31 21:30:00,"273,8053333333339","0,0","-14,788321753425867","107,7","64,35","64,35"
2025-08-31 21:45:00,"368,1280000000006","0,0","-16,8673427737118","105,32","32,98","32,98"
2025-08-31 22:00:00,"285,69300000000067","0,0","-18,8661134259308","118,17","66,67","66,67"
2025-08-31 22:15:00,"172,96266666666727","0,0","-20,775655756159946","101,5","42,74","42,74"
2025-08-31 22:30:00,"289,31233333333387","0,0","-22,586539209059897","104,2","57,42","57,42"
2025-08-31 22:45:00,"281,5703333333339","0,0","-24,28892828926463","95,8","32,29","32,29"
2025-08-31 23:00:00,"157,6380000000006","0,0","-25,87266546838331","117,2","70,9","70,9"
2025-08-31 23:15:00,"309,70300000000054","0,0","-27,32739566809221","103,14","54,59","54,59"
2025-08-31 23:30:00,"385,9140000000006","0,0","-28,642735129808763","95,14","40,06","40,06"
2025-08-31 23:45:00,"256,89566666666724","0,0","-29,808486766118808","80,8","48,21","48,21"
2025-09-01 00:00:00,"175,10233333333392","0,0","-30,814899280093243","104,5","56,98","56,98"
2025-09-01 00:15:00,"300,6556666666673","0,0","-31,65296015353041","88,7","66,16","66,16"
2025-09-01 00:30:00,"185,53100000000057","0,0","-32,31470791146962","87,98","79,89","79,89"
2025-09-01 00:45:00,"254,1483333333339","0,0","-32,793542433361445","85,8","44,97","44,97"
2025-09-01 01:00:00,"312,01100000000065","0,0","-33,084506858295626","90,4","85,33","85,33"
2025-09-01 01:15:00,"207,14133333333393","0,0","-33,184514658401696","86,2","78,06","78,06"
2025-09-01 01:30:00,"386,34033333333394","0,0","-33,09249789085846","89,8","103,48","103,48"
2025-09-01 01:45:00,"371,0613333333339","0,4849999999998519","-32,80945977017769","84,8","101,86","101,86"
2025-09-01 02:00:00,"184,56033333333392","0,0","-32,33842577963318","95,3","105,95","105,95"
2025-09-01 02:15:00,"242,03866666666727","0,0","-31,68429868709183","89,67","107,44","107,44"
2025-09-01 02:30:00,"269,85866666666726","0,0","-30,853633981317213","79,6","116,11","116,11"
2025-09-01 02:45:00,"186,67866666666725","0,0","-29,8543595314325","77,7","110,67","110,67"
2025-09-01 03:00:00,"318,3043333333339","0,0","-28,6954658662193","86,64","68,61","68,61"
2025-09-01 03:15:00,"329,08733333333396","0,0","-27,386693631299732","79,89","69,25","69,25"
2025-09-01 03:30:00,"249,92200000000062","0,0","-25,938239655822983","88,9","83,29","83,29"
2025-09-01 03:45:00,"290,7690000000006","0,0","-24,36049646356011","78,4","82,31","82,31"
2025-09-01 04:00:00,"334,70066666666725","0,0","-22,663835349489485","79,8","66,56","66,56"
2025-09-01 04:15:00,"174,85966666666727","0,0","-20,85843592616564","82,11","57,91","57,91"
2025-09-01 04:30:00,"251,6223333333339","0,0","-18,954160181984403","91,4","69,6","69,6"
2025-09-01 04:45:00,"289,29033333333393","0,0","-16,96046831369245","83,1","103,7","103,7"
2025-09-01 05:00:00,"218,20500000000055","0,0","-14,886370044263574","87,9","59,51","59,51"
2025-09-01 05:15:00,"316,0086666666673","0,0","-12,740404280285215","84,61","61,1","61,1"
2025-09-01 05:30:00,"417,0393333333339","0,0","-10,530642694669115","95,7","85,55","85,55"
2025-09-01 05:45:00,"1946,030333333334","0,0","-8,264711139952503","106,9","66,46","66,46"
2025-09-01 06:00:00,"1440,5913333333338","0,0","-5,949823444403755","80,4","58,27","58,27"
2025-09-01 06:15:00,"952,8760000000007","0,0","-3,5928258242341515","99,7","89,37","89,37"
2025-09-01 06:30:00,"197,9580000000006","17,09366666666652","-1,2002484154327098","122,49","123,03","123,03"
2025-09-01 06:45:00,"323,086333333334","91,7806666666665","1,532475176926027","140,0","100,29","100,29"
2025-09-01 07:00:00,"312,56233333333387","300,3593333333332","3,849370029445066","117,9","117,74","117,74"
2025-09-01 07:15:00,"250,70466666666724","560,5163333333331","6,254285924741752","121,4","125,89","125,89"
2025-09-01 07:30:00,"368,4076666666673","629,3746666666665","8,696901239021074","116,1","121,95","121,95"
2025-09-01 07:45:00,"291,65733333333395","610,4453333333332","11,157207058699273","112,6","124,95","124,95"
2025-09-01 08:00:00,"231,85266666666726","598,5486666666665","13,623196614950883","139,9","116,94","116,94"
2025-09-01 08:15:00,"308,57800000000066","620,6016666666665","16,08638005915095","117,6","131,24","131,24"
2025-09-01 08:30:00,"297,7930000000006","722,7299999999999","18,539072268828598","100,5","116,19","116,19"
2025-09-01 08:45:00,"250,2950000000006","1208,389","20,97382710246408","78,6","133,35","133,35"
2025-09-01 09:00:00,"350,3413333333339","1871,1123333333333","23,383069154710764","130,88","176,97","176,97"
2025-09-01 09:15:00,"454,5090000000005","2878,3013333333333","25,75885070112581","108,1","395,5","395,5"
2025-09-01 09:30:00,"432,2186666666673","3300,876","28,09267485697832","91,3","213,34","213,34"
2025-09-01 09:45:00,"408,4100000000006","3849,3376666666654","30,37533300435756","62,1","258,55","258,55"
2025-09-01 10:00:00,"332,0150000000006","1540,0263333333337","32,59676325088813","116,1","235,99","235,99"
2025-09-01 10:15:00,"352,6453333333339","3699,697666666667","34,745923262245306","94,8","415,1","415,1"
2025-09-01 10:30:00,"409,88900000000086","3657,973","36,8106619491798","81,6","186,97","186,97"
2025-09-01 10:45:00,"399,4906666666673","3538,990333333333","38,77767704126543","65,9","215,69","215,69"
2025-09-01 11:00:00,"273,6956666666673","3667,858333333333","40,63236918334982","114,9","184,95","184,95"
2025-09-01 11:15:00,"285,8803333333339","3810,8153333333335","42,35903817658288","77,2","297,83","297,83"
2025-09-01 11:30:00,"281,65666666666726","3254,117","43,94093911129784","65,6","324,3","324,3"
2025-09-01 11:45:00,"145,4866666666673","2693,9663333333333","45,36058549227534","52,0","396,39","396,39"
2025-09-01 12:00:00,"214,5243333333339","3016,85","46,600221273643896","97,42","309,91","309,91"
2025-09-01 12:15:00,"212,92166666666725","2563,560333333334","47,642477293383294","53,8","42,02","42,02"
2025-09-01 12:30:00,"180,51633333333393","2159,3520000000003","48,47120042447331","64,56","67,74","67,74"
2025-09-01 12:45:00,"2464,05","2027,3713333333333","49,0724087037359","32,59","263,64","263,64"
2025-09-01 13:00:00,"1113,1076666666672","3330,693","49,43525945652877","51,9","3563,84","3563,84"
2025-09-01 13:15:00,"186,01566666666727","3357,499333333333","49,55289767929039","37,57","855,81","855,81"
2025-09-01 13:30:00,"309,08333333333394","3019,469666666668","49,4230327057679","77,34","46,04","46,04"
2025-09-01 13:45:00,"236,65400000000056","2210,974333333333","49,048177604967776","37,59","58,12","58,12"
2025-09-01 14:00:00,"123,6870000000006","2431,058333333333","48,43528918547389","35,06","110,27","110,27"
2025-09-01 14:15:00,"251,01200000000057","2290,3946666666666","47,595378868045294","54,1","78,98","78,98"
2025-09-01 14:30:00,"182,18066666666724","2228,6023333333333","46,542528436955486","40,1","225,99","225,99"
2025-09-01 14:45:00,"111,31600000000057","1278,022333333333","45,29294456216314","94,93","132,43","132,43"
2025-09-01 15:00:00,"221,41133333333394","1605,0613333333336","43,86401275996452","42,55","57,57","57,57"
2025-09-01 15:15:00,"290,0580000000006","1915,1643333333327","42,27347676741239","45,07","99,58","99,58"
2025-09-01 15:30:00,"206,78700000000057","1352,5390000000002","40,53877894705721","60,53","134,41","134,41"
2025-09-01 15:45:00,"250,16733333333391","1054,3096666666668","38,676613760255385","107,44","117,22","117,22"
2025-09-01 16:00:00,"208,52600000000058","1087,1416666666669","36,70263900685572","45,08","96,66","96,66"
2025-09-01 16:15:00,"111,0793333333339","684,734","34,63133214611973","62,3","65,01","65,01"
2025-09-01 16:30:00,"266,52400000000057","585,6336666666667","32,47595391630167","92,01","74,61","74,61"
2025-09-01 16:45:00,"214,76266666666723","722,683","30,24860835378195","127,4","65,9","65,9"
2025-09-01 17:00:00,"153,86666666666724","492,163","27,960236696047428","54,6","46,78","46,78"
2025-09-01 17:15:00,"363,18500000000057","302,55566666666664","25,620859553881555","85,2","172,92","172,92"
2025-09-01 17:30:00,"315,05433333333394","315,02866666666665","23,239640943317443","113,85","264,88","264,88"
2025-09-01 17:45:00,"118,9473333333339","250,50366666666667","20,82503604498114","152,48","203,61","203,61"
2025-09-01 18:00:00,"300,3823333333339","185,0013333333333","18,38495435927185","64,7","71,06","71,06"
2025-09-01 18:15:00,"248,86533333333392","179,89066666666668","15,926953519787409","95,8","68,66","68,66"
2025-09-01 18:30:00,"134,21000000000058","166,66599999999997","13,458464852230204","124,7","66,71","66,71"
2025-09-01 18:45:00,"282,6650000000006","105,742","10,987214104840223","172,5","160,69","160,69"
2025-09-01 19:00:00,"291,5070000000006","84,48499999999999","8,52202348765572","154,97","218,89","218,89"
2025-09-01 19:15:00,"365,4686666666673","47,263","6,074837695745794","159,97","265,79","265,79"
2025-09-01 19:30:00,"400,46200000000056","27,60933333333333","3,667084348613715","164,98","332,44","332,44"
2025-09-01 19:45:00,"277,31100000000055","5,348333333333334","1,3546048691588413","170,73","160,56","160,56"
2025-09-01 20:00:00,"179,64833333333388","0,0","-1,4013995651576328","169,96","168,96","168,96"
2025-09-01 20:15:00,"275,0216666666672","0,0","-3,800687922513063","141,0","316,31","316,31"
2025-09-01 20:30:00,"248,58700000000056","0,0","-6,1646575273562325","127,6","287,89","287,89"
2025-09-01 20:45:00,"223,5806666666673","0,0","-8,48679001309683","144,58","202,8","202,8"
2025-09-01 21:00:00,"352,1750000000006","0,0","-10,760246449544434","140,91","196,12","196,12"
2025-09-01 21:15:00,"369,44033333333397","0,0","-12,977814847227528","117,4","84,84","84,84"
2025-09-01 21:30:00,"193,5830000000006","0,0","-15,13186458029964","102,2","77,71","77,71"
2025-09-01 21:45:00,"287,2310000000006","0,0","-17,214311240011696","85,1","66,19","66,19"
2025-09-01 22:00:00,"295,3940000000005","0,0","-19,21659371492637","120,65","98,91","98,91"
2025-09-01 22:15:00,"183,34800000000058","0,0","-21,12966901731599","102,4","74,19","74,19"
2025-09-01 22:30:00,"280,70133333333393","0,0","-22,94403106793341","91,9","73,29","73,29"
2025-09-01 22:45:00,"241,5853333333339","0,0","-24,649758014268937","80,0","86,85","86,85"
2025-09-01 23:00:00,"326,7600000000006","0,0","-26,23659545864646","102,8","138,68","138,68"
2025-09-01 23:15:00,"356,42700000000053","0,0","-27,694082169963696","90,3","132,36","132,36"
2025-09-01 23:30:00,"267,01866666666723","0,0","-29,01172132276108","88,39","131,55","131,55"
2025-09-01 23:45:00,"216,3363333333339","0,0","-30,17919952769492","79,4","75,34","75,34"
2025-09-02 00:00:00,"288,4820000000009","0,0","-31,18665097661749","109,95","78,5","78,5"
2025-09-02 00:15:00,"271,36366666666726","0,0","-32,02495664041737","95,1","83,66","83,66"
2025-09-02 00:30:00,"174,61733333333393","0,0","-32,686063508413085","88,19","102,76","102,76"
2025-09-02 00:45:00,"314,89133333333393","0,0","-33,16330197230956","88,7","103,34","103,34"
2025-09-02 01:00:00,"377,0543333333339","0,0","-33,45167403632394","97,1","83,41","83,41"
2025-09-02 01:15:00,"284,2380000000006","0,0","-33,54808501763078","92,2","87,97","87,97"
2025-09-02 01:30:00,"280,2920000000006","0,0","-33,45149397231328","92,39","80,54","80,54"
2025-09-02 01:45:00,"270,23933333333395","0,0","-33,16296555072708","89,9","102,51","102,51"
2025-09-02 02:00:00,"171,40866666666724","0,0","-32,68561751555452","91,4","125,28","125,28"
2025-09-02 02:15:00,"325,2903333333339","0,0","-32,024469765385334","89,4","120,06","120,06"
2025-09-02 02:30:00,"255,13500000000062","0,0","-31,18621222264747","93,69","141,45","141,45"
2025-09-02 02:45:00,"211,98433333333392","0,0","-30,17891638565473","90,0","119,27","119,27"
2025-09-02 03:00:00,"392,4763333333339","0,0","-29,011717890229875","91,8","88,54","88,54"
2025-09-02 03:15:00,"340,99100000000055","0,0","-27,694497379187283","90,01","80,42","80,42"
2025-09-02 03:30:00,"182,11933333333394","0,0","-26,23758154763784","75,1","81,0","81,0"
2025-09-02 03:45:00,"314,79600000000056","0,0","-24,65147933028337","90,7","86,0","86,0"
2025-09-02 04:00:00,"269,6863333333339","0,0","-22,946663255711076","87,4","75,49","75,49"
2025-09-02 04:15:00,"161,3530000000006","0,0","-21,13339861105332","89,4","99,47","99,47"
2025-09-02 04:30:00,"301,99200000000053","0,0","-19,221618128919378","93,7","121,1","121,1"
2025-09-02 04:45:00,"290,17666666666724","0,0","-17,220839141071504","99,6","85,25","85,25"
2025-09-02 05:00:00,"260,7866666666672","0,0","-15,14011661610252","87,41","87,95","87,95"
2025-09-02 05:15:00,"388,0380000000005","0,0","-12,98802470480648","89,5","88,09","88,09"
2025-09-02 05:30:00,"244,22166666666723","0,0","-10,772662224046648","106,09","105,44","105,44"
2025-09-02 05:45:00,"192,94166666666723","0,0","-8,50167586976119","118,4","136,04","136,04"
2025-09-02 06:00:00,"1888,5103333333338","0,0","-6,182295648633981","97,49","201,86","201,86"
2025-09-02 06:15:00,"1097,0150000000006","0,0","-3,821380736863527","122,0","179,26","179,26"
2025-09-02 06:30:00,"266,6336666666673","0,0","-1,4254722584814246","132,49","167,74","167,74"
2025-09-02 06:45:00,"383,3400000000006","0,0","1,328950587094064","143,7","145,32","145,32"
2025-09-02 07:00:00,"321,5193333333339","0,0","3,6365340718709063","137,46","190,23","190,23"
2025-09-02 07:15:00,"839,8106666666673","0,0","6,039150718595718","142,45","168,88","168,88"
2025-09-02 07:30:00,"3050,549333333334","3,4066666666666667","8,481087182260511","147,46","164,67","164,67"
2025-09-02 07:45:00,"262,0373333333339","82,50066666666666","10,94073180033672","179,57","146,23","146,23"
2025-09-02 08:00:00,"171,5320000000006","182,2393333333333","13,405902312783056","146,1","82,06","82,06"
2025-09-02 08:15:00,"288,91866666666726","388,7463333333334","15,86775796621337","132,7","125,38","125,38"
2025-09-02 08:30:00,"275,4523333333339","489,059","18,318513238609597","134,92","127,62","127,62"
2025-09-02 08:45:00,"282,05500000000063","498,629","20,750665053431632","126,63","126,08","126,08"
2025-09-02 09:00:00,"376,72033333333394","558,0699999999999","23,156597122552466","132,6","133,73","133,73"
2025-09-02 09:15:00,"296,11200000000053","843,6273333333334","25,528333188171597","114,0","69,62","69,62"
2025-09-02 09:30:00,"232,79566666666727","959,4506666666666","27,85734521577987","106,15","72,03","72,03"
2025-09-02 09:45:00,"316,49366666666725","1112,214","30,13440457131101","89,99","48,98","48,98"
2025-09-02 10:00:00,"247,87266666666721","1116,8986666666667","32,349437544922054","122,8","55,61","55,61"
2025-09-02 10:15:00,"309,9453333333339","859,0193333333334","34,49139924187591","102,4","41,73","41,73"
2025-09-02 10:30:00,"319,60866666666726","1067,667","36,54815736563391","98,1","36,93","36,93"
2025-09-02 10:45:00,"350,2333333333339","1026,9266666666665","38,50645830489146","82,45","31,83","31,83"
2025-09-02 11:00:00,"362,81533333333385","1300,8976666666667","40,351749257596445","113,5","119,22","119,22"
2025-09-02 11:15:00,"328,73333333333386","1536,571","42,06844918664939","93,8","108,37","108,37"
2025-09-02 11:30:00,"221,64100000000056","1233,8126666666665","43,63995549423635","87,8","124,68","124,68"
2025-09-02 11:45:00,"292,23800000000057","1224,1730000000002","45,04897724188833","79,7","118,04","118,04"
2025-09-02 12:00:00,"377,36700000000053","1581,7403333333336","46,27800242284026","97,04","77,78","77,78"
2025-09-02 12:15:00,"291,6536666666672","1594,1063333333334","47,30994229487713","90,4","40,5","40,5"
2025-09-02 12:30:00,"337,0060000000006","1826,33","48,128964060509496","83,0","19,67","19,67"
2025-09-02 12:45:00,"424,1466666666673","1991,043","48,721403854380405","73,3","131,9","131,9"
2025-09-02 13:00:00,"318,3380000000006","1981,2516666666663","49,07671106730301","94,8","144,1","144,1"
2025-09-02 13:15:00,"373,48666666666725","2216,182333333333","49,18826748470838","83,7","136,41","136,41"
2025-09-02 13:30:00,"362,57300000000055","2074,548666666667","49,0539282417775","69,01","13,56","13,56"
2025-09-02 13:45:00,"250,2845000000008","2000,0935","48,6762592037817","64,98","37,64","37,64"
2025-09-02 14:00:00,"232,84733333333386","1900,2666666666664","48,06214675287009","82,4","112,9","112,9"
2025-09-02 14:15:00,"282,9603333333339","1789,8719999999998","47,22247456462628","79,0","31,8","31,8"
2025-09-02 14:30:00,"129,40300000000053","1718,7493333333332","46,17111418900459","76,91","5,19","5,19"
2025-09-02 14:45:00,"267,48033333333393","1726,7543333333333","44,924030055847744","69,97","36,23","36,23"
2025-09-02 15:00:00,"310,8026666666672","1549,573","43,49835592617852","71,3","24,6","24,6"
2025-09-02 15:15:00,"151,0926666666672","1313,994","41,911589627543016","79,3","19,86","19,86"
2025-09-02 15:30:00,"153,76000000000053","2738,093666666666","40,18096268715728","82,2","108,4","108,4"
2025-09-02 15:45:00,"201,7616666666672","2816,31","38,322985888814415","84,4","82,98","82,98"
2025-09-02 16:00:00,"172,38600000000056","3580,6276666666668","36,3531672502325","79,98","91,23","91,23"
2025-09-02 16:15:00,"232,63633333333388","3737,277333333333","34,28587590048145","84,94","5,47","5,47"
2025-09-02 16:30:00,"243,77833333333388","3826,634000000001","32,1342762333224","94,96","-4,46","-4,46"
2025-09-02 16:45:00,"208,05900000000054","3547,743","29,910633578342285","106,24","21,73","21,73"
2025-09-02 17:00:00,"233,3080000000005","2020,223","27,625394444524744","79,7","36,46","36,46"
2025-09-02 17:15:00,"217,2483333333339","1697,3916666666669","25,288775903954097","96,5","177,68","177,68"
2025-09-02 17:30:00,"165,14100000000053","1615,6003333333333","22,909930544360595","117,47","181,13","181,13"
2025-09-02 17:45:00,"185,6466666666672","1120,8516666666667","20,497312938939537","140,6","94,75","94,75"
2025-09-02 18:00:00,"282,0550000000006","789,1723333333334","18,05884518565257","98,43","65,99","65,99"
2025-09-02 18:15:00,"147,93966666666722","1504,6176666666663","15,602131817030507","134,94","30,67","30,67"
2025-09-02 18:30:00,"229,42766666666722","2171,558333333333","13,13465359239128","152,1","53,31","53,31"
2025-09-02 18:45:00,"338,63433333333387","657,867","10,664262430196215","201,2","97,72","97,72"
2025-09-02 19:00:00,"232,5796666666672","262,2043333333333","8,200064794197269","368,59","97,06","97,06"
2025-09-02 19:15:00,"206,45966666666723","342,32666666666665","5,754794537393508","185,1","141,76","141,76"
2025-09-02 19:30:00,"286,4540000000006","156,3863333333333","3,352273114377964","206,7","234,32","234,32"
2025-09-02 19:45:00,"227,00200000000058","26,192666666666668","1,060007757399432","224,6","112,99","112,99"
2025-09-02 20:00:00,"288,1183333333339","0,485","-1,7312256845092646","249,6","83,38","83,38"
2025-09-02 20:15:00,"287,1776666666672","0,0","-4,132505234469592","207,6","251,09","251,09"
2025-09-02 20:30:00,"263,85600000000056","0,0","-6,498779513103682","189,99","175,87","175,87"
2025-09-02 20:45:00,"346,6913333333339","0,0","-8,823507131973415","203,42","49,76","49,76"
2025-09-02 21:00:00,"291,8116666666672","0,0","-11,099821787078143","135,49","90,32","90,32"
2025-09-02 21:15:00,"172,86700000000056","0,0","-13,320478749858614","144,91","73,72","73,72"
2025-09-02 21:30:00,"277,44733333333386","0,0","-15,477808165494697","134,6","60,49","60,49"
2025-09-02 21:45:00,"344,3840000000005","0,0","-17,563678721001455","120,2","54,24","54,24"
2025-09-02 22:00:00,"248,10200000000057","0,0","-19,569473540561017","116,29","59,8","59,8"
2025-09-02 22:15:00,"1792,2510000000004","0,0","-21,4860839370786","121,2","136,66","136,66"
2025-09-02 22:30:00,"429,8490000000008","0,0","-23,30392737812637","109,9","140,19","140,19"
2025-09-02 22:45:00,"274,1206666666674","0,0","-25,01299443150903","97,0","76,18","76,18"
2025-09-02 23:00:00,"340,9353333333341","0,0","-26,60293229702603","117,0","154,62","154,62"
2025-09-02 23:15:00,"240,8263333333341","0,0","-28,06317175964261","102,6","165,59","165,59"
2025-09-02 23:30:00,"182,61833333333408","0,0","-29,38310084458747","97,05","67,91","67,91"
2025-09-02 23:45:00,"348,5066666666674","0,0","-30,55228762243344","87,9","86,53","86,53"
2025-09-03 00:00:00,"244,03266666666738","0,0","-31,56074952715764","117,41","245,17","245,17"
2025-09-03 00:15:00,"215,44300000000072","0,0","-32,39925895650213","109,9","238,59","238,59"
2025-09-03 00:30:00,"437,7313333333341","0,0","-33,05966971541647","88,55","150,87","150,87"
2025-09-03 00:45:00,"301,45700000000073","0,0","-33,535241702337906","72,59","69,05","69,05"
2025-09-03 01:00:00,"184,6130000000007","0,0","-33,82093561990729","87,54","92,19","92,19"
2025-09-03 01:15:00,"282,618333333334","0,0","-33,91364942101317","80,08","59,28","59,28"
2025-09-03 01:30:00,"242,31833333333407","0,0","-33,81237092146941","97,43","54,67","54,67"
2025-09-03 01:45:00,"265,32100000000077","0,0","-33,51822883202492","92,49","70,67","70,67"
2025-09-03 02:00:00,"338,3176666666673","0,0","-33,03443647088896","80,06","75,91","75,91"
2025-09-03 02:15:00,"222,1520000000007","0,0","-32,36613451291809","88,62","105,11","105,11"
2025-09-03 02:30:00,"299,84600000000074","0,0","-31,520151023980088","97,42","78,57","78,57"
2025-09-03 02:45:00,"313,97800000000075","0,0","-30,50470462704688","70,09","47,7","47,7"
2025-09-03 03:00:00,"250,03100000000072","0,0","-29,329079126650832","99,91","106,22","106,22"
2025-09-03 03:15:00,"244,8650000000007","0,0","-28,003297654735736","87,17","82,4","82,4"
2025-09-03 03:30:00,"271,02050000000105","0,0","-26,537818637605334","70,09","77,67","77,67"
2025-09-03 03:45:00,"271,03766666666735","0,0","-24,94326867070572","70,08","95,4","95,4"
2025-09-03 04:00:00,"218,5140000000007","0,485","-23,230222212321543","80,41","119,05","119,05"
2025-09-03 04:15:00,"289,723333333334","0,0","-21,409030455979924","82,98","96,12","96,12"
2025-09-03 04:30:00,"328,3753333333341","0,0","-19,489696747324288","82,3","85,63","85,63"
2025-09-03 04:45:00,"300,00233333333404","0,0","-17,48179515624","80,09","79,81","79,81"
2025-09-03 05:00:00,"268,9590000000007","0,0","-15,394425320459185","87,46","67,05","67,05"
2025-09-03 05:15:00,"183,1130000000007","0,0","-13,236195953919031","94,91","53,05","53,05"
2025-09-03 05:30:00,"442,363333333334","0,0","-11,015232287717366","82,56","124,79","124,79"
2025-09-03 05:45:00,"3069,6036666666673","0,0","-8,73920112342054","81,36","139,54","139,54"
2025-09-03 06:00:00,"2578,5613333333345","0,0","-6,415347929940595","75,02","314,84","314,84"
2025-09-03 06:15:00,"1366,3143333333344","0,0","-4,050544166293991","89,37","311,45","311,45"
2025-09-03 06:30:00,"377,9383333333342","0,0","-1,6513413165411788","117,41","378,71","378,71"
2025-09-03 06:45:00,"220,0330000000009","12,613","1,1286866336469812","124,92","62,27","62,27"
2025-09-03 07:00:00,"256,4850000000009","47,538","3,4246650274793016","122,42","25,72","25,72"
2025-09-03 07:15:00,"296,8836666666675","165,559","5,824161810541527","110,47","99,76","99,76"
2025-09-03 07:30:00,"199,3543333333342","309,46066666666667","8,265031293124439","90,09","140,42","140,42"
2025-09-03 07:45:00,"327,7283333333342","445,81166666666667","10,724116718609942","107,43","110,64","110,64"
2025-09-03 08:00:00,"289,70233333333425","657,433","13,188252598302451","112,58","90,5","90,5"
2025-09-03 08:15:00,"249,13633333333422","797,2213333333333","15,648589115201007","95,07","33,49","33,49"
2025-09-03 08:30:00,"429,7373333333342","1011,7963333333336","18,09724202697622","104,91","116,78","116,78"
2025-09-03 08:45:00,"391,4150000000009","1743,9366666666667","20,52664107878017","78,95","41,69","41,69"
2025-09-03 09:00:00,"272,59666666666755","2278,7536666666665","22,929123615676573","124,97","-11,72","-11,72"
2025-09-03 09:15:00,"410,8350000000009","3065,986","25,296686767125056","102,4","-5,06","-5,06"
2025-09-03 09:30:00,"419,1216666666676","3396,749666666667","27,620764170433805","62,56","-40,23","-40,23"
2025-09-03 09:45:00,"324,01200000000085","3068,8963333333336","29,89210702204344","47,37","-54,44","-54,44"
2025-09-03 10:00:00,"411,07766666666754","3347,3136666666664","32,10063032607332","83,04","-3,2","-3,2"
2025-09-03 10:15:00,"445,2283333333342","3606,487666666667","34,2352829727227","47,53","-40,57","-40,57"
2025-09-03 10:30:00,"409,62266666666756","3653,378333333333","36,2839583769409","30,03","-40,95","-40,95"
2025-09-03 10:45:00,"410,4700000000008","3567,69","38,23339685060532","15,0","-15,29","-15,29"
2025-09-03 11:00:00,"164,97133333333423","3551,958333333333","40,06921150051","12,54","103,12","103,12"
2025-09-03 11:15:00,"189,6536666666676","3662,109","41,77586832993349","-14,91","-17,34","-17,34"
2025-09-03 11:30:00,"204,65066666666758","3698,931333333333","43,336921885857535","15,0","10,92","10,92"
2025-09-03 11:45:00,"163,9460000000009","3786,766666666667","44,73527704923022","15,0","5,53","5,53"
2025-09-03 12:00:00,"185,95433333333423","3609,0586666666654","45,95366490022266","8,31","-23,63","-23,63"
2025-09-03 12:15:00,"281,62833333333424","4062,789666666666","46,97529251721764","-14,91","-30,85","-30,85"
2025-09-03 12:30:00,"196,4443333333342","3844,972333333333","47,78462444439074","19,9","-30,1","-30,1"
2025-09-03 12:45:00,"157,74233333333422","4261,19","48,36830997188332","-14,9","-27,15","-27,15"
2025-09-03 13:00:00,"280,1150000000009","4294,125999999999","48,71608501523015","22,42","-31,69","-31,69"
2025-09-03 13:15:00,"207,8430000000009","2920,9566666666665","48,82155293354664","-14,9","-29,22","-29,22"
2025-09-03 13:30:00,"188,44100000000086","4076,34","48,68272100810188","-0,34","-31,46","-31,46"
2025-09-03 13:45:00,"219,72633333333422","3618,94","48,30216635931095","-14,91","-42,75","-42,75"
2025-09-03 14:00:00,"126,70600000000087","2440,853333333333","47,68678823359276","10,98","-71,83","-71,83"
2025-09-03 14:15:00,"305,8613333333342","2660,454","46,847301869056366","10,98","-15,5","-15,5"
2025-09-03 14:30:00,"273,98766666666756","2185,33","45,79737327392483","-14,9","-133,35","-133,35"
2025-09-03 14:45:00,"127,37500000000088","2286,563","44,552729169605165","-14,91","-122,81","-122,81"
2025-09-03 15:00:00,"236,94566666666753","3472,9406666666664","43,13025574061406","15,0","43,54","43,54"
2025-09-03 15:15:00,"201,97066666666754","3091,195333333333","41,54721901495784","15,0","-131,3","-131,3"
2025-09-03 15:30:00,"101,12100000000086","3781,754666666666","39,82063255421962","-14,9","93,72","93,72"
2025-09-03 15:45:00,"231,6103333333342","2573,662666666667","37,96682506932847","13,56","69,88","69,88"
2025-09-03 16:00:00,"245,6766666666675","2604,7053333333333","36,001155606120335","15,0","28,08","28,08"
2025-09-03 16:15:00,"172,67700000000085","2611,011","33,93786901633754","2,87","-58,58","-58,58"
2025-09-03 16:30:00,"230,8820000000009","3105,648666666667","31,7900467844738","30,84","110,22","110,22"
2025-09-03 16:45:00,"259,97133333333414","2667,097333333333","29,56973911331464","57,52","58,72","58,72"
2025-09-03 17:00:00,"122,63666666666755","2791,4146666666666","27,287655999649008","23,33","34,83","34,83"
2025-09-03 17:15:00,"247,4600000000009","2648,5380000000005","24,95383243143651","50,08","88,66","88,66"
2025-09-03 17:30:00,"211,46366666666754","2245,407","22,577407555782763","75,1","110,57","110,57"
2025-09-03 17:45:00,"110,22700000000131","2489,022","20,16683683553939","124,96","115,88","115,88"
2025-09-03 18:00:00,"239,92300000000085","1936,2580000000005","17,73005807464974","57,54","65,43","65,43"
2025-09-03 18:15:00,"293,4540000000008","1359,103","15,274695558965778","75,09","142,67","142,67"
2025-09-03 18:30:00,"152,8983333333342","1466,4803333333334","12,808312755866458","106,71","133,82","133,82"
2025-09-03 18:45:00,"269,9290000000008","1114,1543333333334","10,338906401889044","137,45","153,75","153,75"
2025-09-03 19:00:00,"2631,5010000000007","720,5806666666667","7,875915223647322","93,02","158,51","158,51"
2025-09-03 19:15:00,"893,0510000000008","440,9920000000002","5,432956176780486","101,62","205,09","205,09"
2025-09-03 19:30:00,"264,33700000000096","171,64366666666683","3,03678916052067","122,38","530,4","530,4"
2025-09-03 19:45:00,"347,2623333333343","32,95333333333348","0,7636711527471414","124,92","339,58","339,58"
2025-09-03 20:00:00,"269,8630000000009","1,940333333333481","-2,0634021862311385","127,41","67,38","67,38"
2025-09-03 20:15:00,"360,3906666666676","0,0","-4,46665380700575","100,08","117,42","117,42"
2025-09-03 20:30:00,"319,40366666666756","0,0","-6,835216396133327","114,87","79,95","79,95"
2025-09-03 20:45:00,"204,0016666666676","0,0","-9,162525761593631","109,9","32,51","32,51"
2025-09-03 21:00:00,"264,88233333333426","0,0","-11,441688368760657","110,67","139,38","139,38"
2025-09-03 21:15:00,"313,65900000000096","0,0","-13,665426796792508","100,84","144,43","144,43"
2025-09-03 21:30:00,"186,50066666666763","0,0","-15,82603188908789","82,6","113,45","113,45"
2025-09-03 21:45:00,"294,9090000000009","0,0","-17,915325201191973","70,09","-19,34","-19,34"
2025-09-03 22:00:00,"341,6406666666676","0,0","-19,924633675389074","85,08","156,58","156,58"
2025-09-03 22:15:00,"236,71433333333425","0,0","-21,84478227830778","77,59","142,92","142,92"
2025-09-03 22:30:00,"339,05466666666763","0,0","-23,666111107792897","85,01","120,48","120,48"
2025-09-03 22:45:00,"304,73300000000097","0,0","-25,378521932609196","79,91","105,85","105,85"
2025-09-03 23:00:00,"179,01200000000097","0,0","-26,971562012122146","70,3","124,15","124,15"
2025-09-03 23:15:00,"282,74033333333426","0,0","-28,43455229882436","60,1","119,93","119,93"
2025-09-03 23:30:00,"233,5506666666676","0,0","-29,75676355844249","74,92","87,67","87,67"
2025-09-03 23:45:00,"273,12266666666767","0,0","-30,927643043724068","69,92","-2,72","-2,72"
2025-09-04 00:00:00,"403,56000000000097","0,0","-31,937089136062383","61,0","-19,26","-19,26"
2025-09-04 00:15:00,"292,66466666666764","0,0","-32,77576355048762","45,15","-15,24","-15,24"
2025-09-04 00:30:00,"249,81633333333428","0,0","-33,43542521674873","37,6","30,33","30,33"
2025-09-04 00:45:00,"293,21500000000094","0,0","-33,909262506846204","38,0","121,0","121,0"
2025-09-04 01:00:00,"219,38700000000097","0,0","-34,19219464791525","48,0","106,51","106,51"
2025-09-04 01:15:00,"259,7433333333343","0,0","-34,28111303697078","40,01","123,11","123,11"
2025-09-04 01:30:00,"310,2976666666676","0,0","-34,175036051103056","40,0","129,04","129,04"
2025-09-04 01:45:00,"264,2296666666677","0,0","-33,875159143625666","28,0","119,25","119,25"
2025-09-04 02:00:00,"324,51466666666767","0,485000000000148","-33,384794529602864","45,4","103,73","103,73"
2025-09-04 02:15:00,"343,555000000001","0,0","-32,70920736694336","39,2","87,87","87,87"
2025-09-04 02:30:00,"194,43266666666767","0,0","-31,8553676227792","40,04","73,2","73,2"
2025-09-04 02:45:00,"253,4373333333343","0,0","-30,831644566390647","40,02","66,29","66,29"
2025-09-04 03:00:00,"318,919000000001","0,0","-29,647473237654268","41,8","65,1","65,1"
2025-09-04 03:15:00,"165,64366666666766","0,0","-28,313021731534494","45,09","79,1","79,1"
2025-09-04 03:30:00,"253,4376666666676","0,0","-26,838882033438395","45,09","78,85","78,85"
2025-09-04 03:45:00,"360,36833333333436","0,0","-25,23579960045084","50,09","68,29","68,29"
2025-09-04 04:00:00,"246,72066666666768","0,0","-23,514451461027164","45,07","68,74","68,74"
2025-09-04 04:15:00,"329,10466666666764","0,0","-21,68527488898","50,09","58,76","58,76"
2025-09-04 04:30:00,"297,09166666666766","0,0","-19,758343655524463","57,62","103,5","103,5"
2025-09-04 04:45:00,"159,58033333333432","0,0","-17,743288119965243","69,4","139,32","139,32"
2025-09-04 05:00:00,"268,2313333333343","0,0","-15,649251969132637","69,09","127,11","127,11"
2025-09-04 05:15:00,"246,26500000000098","0,0","-13,484877760444473","64,5","130,35","130,35"
2025-09-04 05:30:00,"287,8756666666677","0,0","-11,25831637635829","82,6","63,56","63,56"
2025-09-04 05:45:00,"1941,4033333333343","0,0","-8,977253960443848","101,8","54,2","54,2"
2025-09-04 06:00:00,"1458,0530000000012","0,0","-6,648950705915261","68,5","48,75","48,75"
2025-09-04 06:15:00,"771,825000000001","0,0","-4,280289660458209","104,98","22,52","22,52"
2025-09-04 06:30:00,"286,833000000001","0,0","-1,8778320241529023","124,37","104,9","104,9"
2025-09-04 06:45:00,"259,743000000001","14,06633333333348","0,9265089842177912","131,6","117,37","117,37"
2025-09-04 07:00:00,"251,98200000000105","142,60400000000016","3,210933782480648","138,67","124,16","124,16"
2025-09-04 07:15:00,"276,96233333333436","379,7923333333335","5,607476375653036","119,97","181,99","181,99"
2025-09-04 07:30:00,"285,5720000000016","525,3065000000004","8,04741929724598","114,99","152,88","152,88"
2025-09-04 07:45:00,"286,53066666666774","436,6786666666668","10,505710329830878","113,1","128,3","128,3"
2025-09-04 08:00:00,"330,075000000001","291,51366666666684","12,968873453703528","123,35","144,26","144,26"
2025-09-04 08:15:00,"256,63866666666775","277,10466666666684","15,42773588414526","108,3","129,36","129,36"
2025-09-04 08:30:00,"271,2126666666677","427,9736666666669","17,874297416515013","95,0","138,81","138,81"
2025-09-04 08:45:00,"316,9123333333344","830,4663333333334","20,300930571937236","71,4","145,93","145,93"
2025-09-04 09:00:00,"247,97833333333438","1429,0760000000002","22,699932998340014","123,13","203,56","203,56"
2025-09-04 09:15:00,"265,17900000000105","1341,872","25,06325741457984","91,9","294,71","294,71"
2025-09-04 09:30:00,"417,6436666666677","1809,9656666666667","27,38232978911693","70,07","154,64","154,64"
2025-09-04 09:45:00,"420,1513333333344","2976,404","29,64788328733783","53,5","112,78","112,78"
2025-09-04 10:00:00,"325,01633333333433","1635,7563333333333","31,84982377189518","94,93","14,78","14,78"
2025-09-04 10:15:00,"400,0736666666677","2612,736333333333","33,977105235140954","66,8","-12,9","-12,9"
2025-09-04 10:30:00,"310,0263333333343","2741,649666666667","36,01763872123412","50,02","-10,86","-10,86"
2025-09-04 10:45:00,"345,45233333333437","3429,109333333333","37,958204097790535","32,1","-19,01","-19,01"
2025-09-04 11:00:00,"440,8936666666677","3191,0443333333337","39,784493288010765","55,3","-20,55","-20,55"
2025-09-04 11:15:00,"328,60366666666766","2763,8700000000003","41,4810674661783","40,6","-26,89","-26,89"
2025-09-04 11:30:00,"333,58000000000106","3332,178666666667","43,03164132788861","29,6","-25,31","-25,31"
2025-09-04 11:45:00,"262,4110000000011","3652,4083333333338","44,41931620633241","17,3","-15,26","-15,26"
2025-09-04 12:00:00,"409,88300000000106","3636,341","45,62706559396887","35,01","13,43","13,43"
2025-09-04 12:15:00,"2492,815000000001","3982,958","46,63837179650694","20,3","0,82","0,82"
2025-09-04 12:30:00,"785,777000000001","3834,301","47,43801220665184","13,1","-1,25","-1,25"
2025-09-04 12:45:00,"114,7136666666677","3437,5323333333336","48,0129436489569","8,87","-6,54","-6,54"
2025-09-04 13:00:00,"205,41766666666769","3628,641","48,35318237537978","20,01","-22,02","-22,02"
2025-09-04 13:15:00,"232,82300000000103","3972,0546666666655","48,45256484528685","18,7","-9,07","-9,07"
2025-09-04 13:30:00,"189,41100000000102","3527,266","48,30922903299619","16,9","-15,3","-15,3"
2025-09-04 13:45:00,"269,4286666666677","3208,639","47,92581823675205","13,76","-21,57","-21,57"
2025-09-04 14:00:00,"215,846000000001","3962,838666666667","47,309143652143824","25,01","-38,17","-38,17"
2025-09-04 14:15:00,"102,34500000000104","3368,655333333333","46,46979236014651","30,03","-25,2","-25,2"
2025-09-04 14:30:00,"198,58666666666772","3187,5226666666667","45,42123696439969","40,05","110,48","110,48"
2025-09-04 14:45:00,"157,83300000000102","3807,53","44,178970936448295","49,5","116,84","116,84"
2025-09-04 15:00:00,"146,242000000001","3400,183666666667","42,75963701233223","43,4","12,73","12,73"
2025-09-04 15:15:00,"348,74900000000105","2801,15","41,18026628455274","72,97","18,3","18,3"
2025-09-04 15:30:00,"286,17800000000096","2834,133","39,457662270543686","84,91","108,49","108,49"
2025-09-04 15:45:00,"93,61433333333437","3104,789666666667","37,60797266405584","99,92","110,58","110,58"
2025-09-04 16:00:00,"211,9656666666677","2345,2050000000004","35,64640766445259","63,3","65,86","65,86"
2025-09-04 16:15:00,"239,85900000000103","2676,7850000000008","33,58709689934229","89,9","60,2","60,2"
2025-09-04 16:30:00,"119,08066666666771","2195,807333333333","31,44302967513098","105,0","31,98","31,98"
2025-09-04 16:45:00,"216,33100000000104","2295,2453333333337","29,22615230712878","130,5","53,42","53,42"
2025-09-04 17:00:00,"215,60366666666772","1618,1190000000004","26,947185231489232","64,6","81,87","81,87"
2025-09-04 17:15:00,"278,64800000000105","967,2663333333336","24,61613613000697","93,0","142,48","142,48"
2025-09-04 17:30:00,"256,7666666666677","1624,0010000000004","22,242108953151373","129,91","238,09","238,09"
2025-09-04 17:45:00,"275,2546666666677","2025,8466666666668","19,83355706772838","165,27","233,61","233,61"
2025-09-04 18:00:00,"158,6106666666677","1730,6496666666671","17,398430312842144","130,0","244,44","244,44"
2025-09-04 18:15:00,"228,46033333333438","1104,637666666667","14,944370170024827","185,57","208,87","208,87"
2025-09-04 18:30:00,"165,40100000000103","340,988666666667","12,479015506168231","189,95","432,93","432,93"
2025-09-04 18:45:00,"247,20533333333438","118,72200000000028","10,010502085527628","204,94","489,17","489,17"
2025-09-04 19:00:00,"377,7486666666677","31,60233333333363","7,54860166597873","224,99","286,62","286,62"
2025-09-04 19:15:00,"355,05500000000103","24,252666666666965","5,107863496135055","391,5","331,62","331,62"
2025-09-04 19:30:00,"265,4566666666677","8,281333333333627","2,718288639947981","234,99","420,63","420,63"
2025-09-04 19:45:00,"289,255000000001","0,485000000000296","0,4694740756858103","234,98","341,68","341,68"
2025-09-04 20:00:00,"237,43100000000103","0,0","-2,397805905407103","254,11","421,59","421,59"
2025-09-04 20:15:00,"203,6166666666677","0,0","-4,803010494731742","229,95","445,68","445,68"
2025-09-04 20:30:00,"341,71300000000105","0,0","-7,17384510751187","219,95","82,17","82,17"
2025-09-04 20:45:00,"269,92900000000105","0,0","-9,5037229885096","214,96","52,34","52,34"
2025-09-04 21:00:00,"331,2326666666677","0,0","-11,785723538207108","172,0","105,07","105,07"
2025-09-04 21:15:00,"337,8193333333344","0,0","-14,012536715191256","142,9","79,16","79,16"
2025-09-04 21:30:00,"209,05533333333437","0,0","-16,176414011323338","127,4","48,9","48,9"
2025-09-04 21:45:00,"221,18166666666772","0,0","-18,26912964778211","113,6","35,52","35,52"
2025-09-04 22:00:00,"152,1496666666677","0,0","-20,28195399154551","136,5","65,45","65,45"
2025-09-04 22:15:00,"44,6776666666677","0,0","-22,205645034526576","118,8","53,6","53,6"
2025-09-04 22:30:00,"44,922000000001034","0,0","-24,030464601001608","107,8","61,68","61,68"
2025-09-04 22:45:00,"44,677666666667704","0,0","-25,746224447434265","95,2","84,56","84,56"
2025-09-04 23:00:00,"32,11800000000103","0,0","-27,342370349716077","114,0","108,31","108,31"
2025-09-04 23:15:00,"44,677666666667704","0,0","-28,80811156287386","112,3","96,09","96,09"
2025-09-04 23:30:00,"44,922000000001034","0,0","-30,13259945219057","103,7","104,43","104,43"
2025-09-04 23:45:00,"44,677666666667704","0,0","-31,30515813369456","93,2","104,36","104,36"
2025-09-05 00:00:00,"44,922000000001034","0,0","-32,31556459345055","112,08","89,89","89,89"
2025-09-05 00:15:00,"45,16600000000104","0,0","-33,154367702440986","102,3","73,33","73,33"
2025-09-05 00:30:00,"44,6776666666677","0,0","-33,81322977875262","93,3","64,56","64,56"
2025-09-05 00:45:00,"45,16600000000104","0,0","-34,28526660366329","92,69","65,85","65,85"
2025-09-05 01:00:00,"45,65433333333437","0,0","-34,56535574516835","104,3","73,27","73,27"
2025-09-05 01:15:00,"45,16600000000104","0,0","-34,65038286788942","104,9","57,47","57,47"
2025-09-05 01:30:00,"45,41033333333438","0,0","-34,539398750633694","99,7","66,45","66,45"
2025-09-05 01:45:00,"45,16600000000104","0,0","-34,23366832809236","83,6","59,4","59,4"
2025-09-05 02:00:00,"45,41","0,0","-33,736606117373896","96,4","76,92","76,92"
2025-09-05 02:15:00,"45,410333333334364","0,0","-33,05360552647422","92,8","74,97","74,97"
2025-09-05 02:30:00,"143,7986666666677","0,0","-32,191782227356896","84,21","58,93","58,93"
2025-09-05 02:45:00,"670,0820000000008","0,0","-31,159659683594057","90,5","56,12","56,12"
2025-09-05 03:00:00,"589,6026666666677","0,0","-29,966827238280207","93,9","48,64","48,64"
2025-09-05 03:15:00,"438,0256666666677","0,0","-28,6236004026455","90,0","40,94","40,94"
2025-09-05 03:30:00,"384,75633333333434","0,0","-27,140706511823357","88,4","40,91","40,91"
2025-09-05 03:45:00,"377,30366666666777","0,0","-25,52901103517016","83,64","34,4","34,4"
2025-09-05 04:00:00,"347,22033333333434","0,0","-23,79929415367715","85,8","62,44","62,44"
2025-09-05 04:15:00,"306,4483333333344","0,0","-21,962079337711707","89,6","63,53","63,53"
2025-09-05 04:30:00,"432,92433333333435","0,0","-20,02751054068001","91,4","84,61","84,61"
2025-09-05 04:45:00,"398,048000000001","0,0","-18,005273912892555","102,92","68,19","68,19"
2025-09-05 05:00:00,"370,92000000000104","0,0","-15,904556525387877","89,91","58,03","58,03"
2025-09-05 05:15:00,"330,0433333333344","0,0","-13,734034022412091","95,81","90,22","90,22"
2025-09-05 05:30:00,"969,2450000000011","0,0","-11,501882144138175","101,0","93,37","93,37"
2025-09-05 05:45:00,"3126,731333333334","0,0","-9,215805587514502","112,0","106,07","106,07"
2025-09-05 06:00:00,"2014,6450000000016","0,0","-6,883078512684029","91,8","64,38","64,38"
2025-09-05 06:15:00,"1228,0033333333347","0,0","-4,510594843515503","110,82","115,82","115,82"
2025-09-05 06:30:00,"390,4636666666678","0,0","-2,1049248385528347","129,92","128,51","128,51"
2025-09-05 06:45:00,"418,3013333333345","0,0","0,7243775202639569","139,93","121,12","121,12"
2025-09-05 07:00:00,"328,48833333333454","0,0","2,996358257923676","137,3","108,53","108,53"
2025-09-05 07:15:00,"276,0490000000012","0,485000000000296","5,389725255723743","128,7","108,95","108,95"
2025-09-05 07:30:00,"271,8730000000012","36,87233333333362","7,828683116534981","133,3","119,11","119,11"
2025-09-05 07:45:00,"352,1446666666679","90,21900000000028","10,286227834800034","135,8","80,92","80,92"
2025-09-05 08:00:00,"341,5820000000012","217,4816666666669","12,748332380126628","149,23","98,48","98,48"
2025-09-05 08:15:00,"267,2633333333345","359,79266666666695","15,205639149325307","128,8","98,54","98,54"
2025-09-05 08:30:00,"378,3330000000012","585,0070000000004","17,650026585989504","122,46","132,72","132,72"
2025-09-05 08:45:00,"415,90666666666783","815,1003333333335","20,07380906129164","105,7","159,73","159,73"
2025-09-05 09:00:00,"348,9613333333345","1123,6680000000003","22,469244690871072","134,8","155,06","155,06"
2025-09-05 09:15:00,"334,0070000000012","986,6656666666672","24,82825662136929","113,57","146,14","146,14"
2025-09-05 09:30:00,"984,3213333333346","1113,261666666667","27,142247310648195","98,3","73,11","73,11"
2025-09-05 09:45:00,"737,0593333333346","987,4403333333336","29,401933825224905","75,02","62,5","62,5"
2025-09-05 10:00:00,"244,72066666666782","829,4910000000003","31,597214898407213","124,97","57,37","57,37"
2025-09-05 10:15:00,"400,6116666666679","716,7053333333337","33,717057895656986","107,12","82,54","82,54"
2025-09-05 10:30:00,"396,26233333333454","911,7770000000004","35,74938674032327","83,6","89,07","89,07"
2025-09-05 10:45:00,"289,84066666666786","1123,862","37,681061443349286","66,0","93,7","93,7"
2025-09-05 11:00:00,"733,6426666666679","1153,655666666667","39,49776392646625","114,96","66,05","66,05"
2025-09-05 11:15:00,"463,9480000000012","1158,7786666666668","41,184241394853785","98,0","31,54","31,54"
2025-09-05 11:30:00,"524,3010000000012","476,19166666666695","42,72433258682622","75,83","32,83","32,83"
2025-09-05 11:45:00,"398,95200000000114","764,4350000000003","44,10133641457635","74,8","-1,73","-1,73"
2025-09-05 12:00:00,"339,1110000000011","1060,1793333333335","45,29846855667336","94,0","163,34","163,34"
2025-09-05 12:15:00,"479,81633333333446","2033,2030000000004","46,299490526885","70,7","113,71","113,71"
2025-09-05 12:30:00,"442,10100000000114","1542,5733333333335","47,08948301400027","71,5","102,68","102,68"
2025-09-05 12:45:00,"353,4510000000011","1586,5330000000004","47,65570583613096","53,8","97,38","97,38"
2025-09-05 13:00:00,"335,8940000000012","1505,2970000000005","47,98845049790476","79,98","135,94","135,94"
2025-09-05 13:15:00,"463,50666666666785","1384,6273333333336","48,08176398713314","64,6","97,54","97,54"
2025-09-05 13:30:00,"1345,2513333333347","1387,9840000000004","47,93392957026279","58,9","82,88","82,88"
2025-09-05 13:45:00,"4507,438000000001","1236,3616666666671","47,54764626293159","52,9","40,2","40,2"
2025-09-05 14:00:00,"2715,852666666668","1087,3926666666669","46,92964353469646","60,6","96,76","96,76"
2025-09-05 14:15:00,"1742,3650000000014","1363,6433333333337","46,090394396005415","70,08","132,34","132,34"
2025-09-05 14:30:00,"2177,902000000001","1199,2680000000005","45,04317401118604","70,6","88,04","88,04"
2025-09-05 14:45:00,"1085,9046666666677","831,999666666667","43,80324716269292","72,4","90,78","90,78"
2025-09-05 15:00:00,"347,4780000000011","678,257666666667","42,38701746811458","65,0","71,38","71,38"
2025-09-05 15:15:00,"393,7233333333343","736,7106666666671","40,8112771063262","72,5","60,9","60,9"
2025-09-05 15:30:00,"489,41300000000103","636,867666666667","39,09262895254099","76,05","47,67","47,67"
2025-09-05 15:45:00,"1080,2010000000012","639,2930000000002","37,247041318336336","78,0","45,33","45,33"
2025-09-05 16:00:00,"2066,7926666666676","513,104666666667","35,2895764372806","55,4","36,41","36,41"
2025-09-05 16:15:00,"1453,2996666666677","398,3280000000003","33,23424839405366","74,7","7,56","7,56"
2025-09-05 16:30:00,"1060,5793333333343","416,093666666667","31,093954910957336","99,94","42,79","42,79"
2025-09-05 16:45:00,"1072,810000000001","328,9743333333336","28,880465562018344","117,41","99,16","99,16"
2025-09-05 17:00:00,"453,66533333333444","380,673666666667","26,604674967079024","60,73","82,61","82,61"
2025-09-05 17:15:00,"523,0026666666678","421,0143333333336","24,276441530625373","85,7","99,26","99,26"
2025-09-05 17:30:00,"1716,7436666666679","584,9880000000004","21,90486390539836","113,2","99,97","99,97"
2025-09-05 17:45:00,"1209,7156666666676","978,5270000000004","19,498394874683235","144,96","116,33","116,33"
2025-09-05 18:00:00,"1291,7756666666678","1004,8596666666672","17,064999513827328","83,4","82,58","82,58"
2025-09-05 18:15:00,"791,583333333334","1382,7916666666672","14,612366395659627","119,93","70,87","70,87"
2025-09-05 18:30:00,"530,5200000000009","1908,5140000000004","12,148208463845116","146,88","143,69","143,69"
2025-09-05 18:45:00,"334,1426666666676","359,6863333333338","9,68083551684525","182,6","151,93","151,93"
2025-09-05 19:00:00,"419,80866666666753","213,42100000000045","7,220438200185395","177,4","135,16","135,16"
2025-09-05 19:15:00,"292,4840000000009","103,80033333333375","4,782754083916457","184,94","180,19","180,19"
2025-09-05 19:30:00,"361,5833333333343","26,20066666666711","2,4019545364062798","189,99","299,21","299,21"
2025-09-05 19:45:00,"2030,0683333333343","1,455000000000444","0,1790142403779154","304,25","290,23","290,23"
2025-09-05 20:00:00,"1457,8103333333343","0,0","-2,7343123622077607","216,7","141,44","141,44"
2025-09-05 20:15:00,"521,0360000000015","0,0","-5,141450883635064","173,4","132,41","132,41"
2025-09-05 20:30:00,"535,4926666666676","0,0","-7,514541366981564","160,4","145,3","145,3"
2025-09-05 20:45:00,"444,025000000001","0,0","-9,84697475510465","155,62","101,65","101,65"
2025-09-05 21:00:00,"463,5386666666677","0,0","-12,131803572462278","127,92","159,43","159,43"
2025-09-05 21:15:00,"563,7650000000011","0,0","-14,361685253089632","137,1","119,05","119,05"
2025-09-05 21:30:00,"399,255000000001","0,0","-16,52883191397198","123,3","97,9","97,9"
2025-09-05 21:45:00,"587,615000000001","0,0","-18,62497026490005","112,1","74,33","74,33"
2025-09-05 22:00:00,"564,7666666666677","0,0","-20,64131372630112","120,57","88,8","88,8"
2025-09-05 22:15:00,"364,16200000000106","0,0","-22,568552707274765","106,97","73,21","73,21"
2025-09-05 22:30:00,"425,10466666666775","0,0","-24,396869870634237","108,2","79,66","79,66"
2025-09-05 22:45:00,"425,5816666666677","0,0","-26,11598575282049","97,0","89,5","89,5"
2025-09-05 23:00:00,"372,858000000001","0,0","-27,715243098952502","117,8","140,28","140,28"
2025-09-05 23:15:00,"421,9413333333344","0,0","-29,183737583900736","107,6","121,67","121,67"
2025-09-05 23:30:00,"345,0213333333343","0,0","-30,51049900151538","101,76","106,7","106,7"
2025-09-05 23:45:00,"430,23700000000105","0,0","-31,68472596939764","90,3","96,14","96,14"
2025-09-06 00:00:00,"546,1020000000011","0,0","-32,69607168275073","117,6","102,58","102,58"
2025-09-06 00:15:00,"401,6193333333344","0,0","-33,53496995266507","102,7","110,6","110,6"
2025-09-06 00:30:00,"363,53366666666767","0,0","-34,19298470043561","95,11","110,95","110,95"
2025-09-06 00:45:00,"468,3796666666677","0,0","-34,66315801697029","98,11","84,96","84,96"
2025-09-06 01:00:00,"229,14433333333437","0,0","-34,940325614182726","114,9","118,8","118,8"
2025-09-06 01:15:00,"245,97600000000105","0,4866666666671107","-35,02136826004599","87,19","122,92","122,92"
2025-09-06 01:30:00,"367,17766666666773","0,0","-34,90537101239886","98,4","107,4","107,4"
2025-09-06 01:45:00,"291,51366666666775","0,0","-34,59367108095904","96,7","115,77","115,77"
2025-09-06 02:00:00,"235,2206666666677","0,0","-34,089788753023136","109,3","104,77","104,77"
2025-09-06 02:15:00,"346,13900000000103","0,0","-33,399249512549254","103,4","119,83","119,83"
2025-09-06 02:30:00,"228,74566666666772","0,0","-32,52931858507132","91,5","127,9","127,9"
2025-09-06 02:45:00,"285,730000000001","0,0","-31,488677199169917","95,44","138,83","138,83"
2025-09-06 03:00:00,"314,4613333333344","0,0","-30,287072069200786","104,6","139,29","139,29"
2025-09-06 03:15:00,"172,8223333333343","0,0","-28,934968554214525","98,58","140,54","140,54"
2025-09-06 03:30:00,"366,21066666666763","0,0","-27,443231089478044","93,5","105,34","105,34"
2025-09-06 03:45:00,"356,018000000001","0,0","-25,82284625520037","93,5","109,69","109,69"
2025-09-06 04:00:00,"238,8916666666677","0,0","-24,084697911034983","101,6","128,63","128,63"
2025-09-06 04:15:00,"312,6296666666676","0,0","-22,23939578145746","101,8","107,88","107,88"
2025-09-06 04:30:00,"268,959000000001","0,0","-20,297153704347103","95,14","99,54","99,54"
2025-09-06 04:45:00,"166,60033333333433","0,0","-18,267713071578957","94,1","93,99","93,99"
2025-09-06 05:00:00,"295,8773333333343","0,0","-16,16030363114513","100,0","87,07","87,07"
2025-09-06 05:15:00,"279,603000000001","0,0","-13,983633321566897","100,6","86,12","86,12"
2025-09-06 05:30:00,"360,12433333333433","0,0","-11,74590191863057","105,1","78,24","78,24"
2025-09-06 05:45:00,"370,6876666666676","0,0","-9,4548318599028","99,36","66,36","66,36"
2025-09-06 06:00:00,"229,21133333333432","0,0","-7,117710495276148","109,7","94,62","94,62"
2025-09-06 06:15:00,"622,1256666666677","0,0","-4,7414418986558005","111,9","100,11","100,11"
2025-09-06 06:30:00,"3058,461333333334","0,0","-2,3326047165985986","108,82","100,09","100,09"
2025-09-06 06:45:00,"3525,2970000000005","12,611333333333778","0,5384983634833939","103,5","99,59","99,59"
2025-09-06 07:00:00,"1789,583000000001","77,60800000000044","2,7897456058626293","114,7","141,01","141,01"
2025-09-06 07:15:00,"1031,4673333333344","170,0260000000005","5,176553992472954","112,7","153,01","153,01"
2025-09-06 07:30:00,"261,54500000000087","285,62600000000043","7,612894494590851","108,43","114,99","114,99"
2025-09-06 07:45:00,"284,11066666666756","379,22633333333386","10,068641791387208","102,5","118,71","118,71"
2025-09-06 08:00:00,"372,41766666666757","474,41866666666704","12,529124041542518","127,6","149,48","149,48"
2025-09-06 08:15:00,"279,6300000000009","564,5953333333339","14,984434605632162","109,0","48,53","48,53"
2025-09-06 08:30:00,"528,3640000000008","698,4106666666672","17,426300072703018","86,0","23,87","23,87"
2025-09-06 08:45:00,"799,2160000000009","1055,2670000000005","19,846943429188475","70,2","13,94","13,94"
2025-09-06 09:00:00,"596,9723333333342","1525,5130000000004","22,2385644450622","121,19","97,19","97,19"
2025-09-06 09:15:00,"515,8720000000009","2410,529666666667","24,593043612859763","91,7","99,09","99,09"
2025-09-06 09:30:00,"408,28266666666764","3077,7450000000003","26,9017555141618","73,0","4,71","4,71"
2025-09-06 09:45:00,"342,4183333333342","3282,563666666667","29,15539711486561","42,5","102,12","102,12"
2025-09-06 10:00:00,"673,4943333333342","3474,2833333333338","31,343857890912844","73,26","158,32","158,32"
2025-09-06 10:15:00,"342,6863333333342","3633,976666666667","33,456080536216305","48,2","68,7","68,7"
2025-09-06 10:30:00,"395,1935000000012","3544,9425","35,48004464773233","30,06","2,31","2,31"
2025-09-06 10:45:00,"463,0513333333341","3144,5820000000003","37,40263263065476","12,4","-41,44","-41,44"
2025-09-06 11:00:00,"495,07633333333416","3500,756666666667","39,20965569876416","34,8","59,68","59,68"
2025-09-06 11:15:00,"2006,5563333333346","3073,7660000000005","40,88593029040227","-4,91","11,55","11,55"
2025-09-06 11:30:00,"2364,9926666666674","3515,4890000000005","42,41545583066775","-11,63","30,54","30,54"
2025-09-06 11:45:00,"1812,9566666666676","2620,8540000000007","43,78172788157782","-10,3","-6,5","-6,5"
2025-09-06 12:00:00,"1451,9273333333344","2970,8120000000004","44,968202266743454","15,6","65,16","65,16"
2025-09-06 12:15:00,"543,0106666666675","3438,987333333334","45,95893233003099","5,02","23,81","23,81"
2025-09-06 12:30:00,"554,5920000000009","4522,907333333334","46,73928016696684","-10,37","0,25","0,25"
2025-09-06 12:45:00,"520,0940000000008","4942,369333333334","47,29680291800332","-15,1","-29,41","-29,41"
2025-09-06 13:00:00,"855,9796666666676","5171,868666666667","47,62206120051966","11,63","31,31","31,31"
2025-09-06 13:15:00,"2983,7703333333347","4553,627","47,709306346994936","-5,7","-13,45","-13,45"
2025-09-06 13:30:00,"2708,2633333333342","3685,876666666667","47,55696321442362","-2,7","-21,26","-21,26"
2025-09-06 13:45:00,"1335,5786666666677","3813,929333333334","47,16773011689715","-8,93","-21,62","-21,62"
2025-09-06 14:00:00,"516,5893333333344","2810,866666666668","46,5483682859686","-10,8","-2,52","-2,52"
2025-09-06 14:15:00,"456,9783333333344","3104,4030000000007","45,70918349563215","-6,6","0,09","0,09"
2025-09-06 14:30:00,"500,08400000000097","3633,491666666667","44,66325370567324","1,1","1,42","1,42"
2025-09-06 14:45:00,"465,9696666666677","3796,805666666667","43,4256192525028","10,59","-8,23","-8,23"
2025-09-06 15:00:00,"476,4746666666677","3479,4236666666675","42,01244866989116","-4,98","8,71","8,71"
2025-09-06 15:15:00,"193,04933333333437","2971,886333333334","40,44030703044859","-19,91","49,65","49,65"
2025-09-06 15:30:00,"442,433000000001","2838,246333333334","38,72559161586703","6,63","72,78","72,78"
2025-09-06 15:45:00,"844,2253333333343","3181,912333333334","36,884093152387294","35,08","95,56","95,56"
2025-09-06 16:00:00,"921,8330000000011","2999,534333333333","34,93072697280124","15,0","12,69","12,69"
2025-09-06 16:15:00,"965,0383333333344","2303,697000000001","32,87938740047553","35,05","-124,25","-124,25"
2025-09-06 16:30:00,"437,99766666666767","2790,4790000000007","30,74288480059867","60,67","-25,62","-25,62"
2025-09-06 16:45:00,"494,3606666666677","2125,710333333334","28,53297308220069","85,08","5,48","5,48"
2025-09-06 17:00:00,"515,6053333333344","2546,499666666667","26,26041313579644","40,08","68,89","68,89"
2025-09-06 17:15:00,"509,40666666666766","2038,153666666667","23,93506581969792","71,8","90,33","90,33"
2025-09-06 17:30:00,"900,0220000000011","2075,5900000000006","21,56602570324239","113,0","-17,28","-17,28"
2025-09-06 17:45:00,"1623,692333333334","1962,533333333334","19,161749139135694","149,85","89,59","89,59"
2025-09-06 18:00:00,"418,35366666666766","1557,487666666667","16,730223790589747","73,7","78,81","78,81"
2025-09-06 18:15:00,"559,9873333333344","1129,1906666666669","14,279203689935866","99,8","128,15","128,15"
2025-09-06 18:30:00,"562,1703333333344","841,0726666666671","11,816498682252991","129,7","145,94","145,94"
2025-09-06 18:45:00,"1109,1266666666675","625,1383333333338","9,350648396725823","174,03","352,8","352,8"
2025-09-06 19:00:00,"1349,773000000001","337,72133333333375","6,892397083794991","141,2","60,95","60,95"
2025-09-06 19:15:00,"1638,5520000000008","164,22333333333378","4,458948792120337","151,9","86,83","86,83"
2025-09-06 19:30:00,"1661,7066666666676","47,21800000000045","2,0900320019466694","169,5","114,85","114,85"
2025-09-06 19:45:00,"537,6753333333344","3,3953333333337774","-0,0998545204140131","175,3","100,87","100,87"
2025-09-06 20:00:00,"388,03800000000103","0,0","-3,072796081004444","174,73","120,72","120,72"
2025-09-06 20:15:00,"410,5926666666677","0,0","-5,481849613792174","146,6","106,55","106,55"
2025-09-06 20:30:00,"371,06166666666775","0,0","-7,857180006633917","136,5","47,71","47,71"
2025-09-06 20:45:00,"342,97633333333437","0,0","-10,192156183816389","125,08","26,6","26,6"
2025-09-06 21:00:00,"373,9716666666677","0,0","-12,479804007533518","123,61","58,98","58,98"
2025-09-06 21:15:00,"271,62666666666775","0,0","-14,712748509719896","128,5","31,74","31,74"
2025-09-06 21:30:00,"396,7433333333344","0,0","-16,8831624351247","116,2","24,96","24,96"
2025-09-06 21:45:00,"341,4326666666678","0,0","-18,982724830799352","104,2","38,91","38,91"
2025-09-06 22:00:00,"242,59966666666773","0,0","-21,00259182511489","118,9","58,96","58,96"
2025-09-06 22:15:00,"384,88033333333436","0,0","-22,933385658177148","105,7","55,86","55,86"
2025-09-06 22:30:00,"391,5863333333343","0,0","-24,765208957658626","98,8","35,27","35,27"
2025-09-06 22:45:00,"346,4133333333343","0,0","-26,48768984015016","89,0","15,58","15,58"
2025-09-06 23:00:00,"371,7596666666678","0,0","-28,090066468104933","104,7","77,33","77,33"
2025-09-06 23:15:00,"346,8086666666677","0,0","-29,561319037373394","91,75","57,06","57,06"
2025-09-06 23:30:00,"504,44966666666767","0,0","-30,89035356722264","80,1","64,03","64,03"
2025-09-06 23:45:00,"492,072000000001","0,0","-32,0662407697075","75,1","47,01","47,01"
2025-09-07 00:00:00,"370,06700000000103","0,0","-33,07850759887526","98,0","36,13","36,13"
2025-09-07 00:15:00,"440,1770000000016","0,0","-33,91747053185927","94,37","14,15","14,15"
2025-09-07 00:30:00,"356,8576666666677","0,0","-34,574593253859234","94,8","41,22","41,22"
2025-09-07 00:45:00,"257,34933333333436","0,0","-35,04284302675828","88,84","47,82","47,82"
2025-09-07 01:00:00,"323,7586666666677","0,0","-35,31701349219103","70,02","67,14","67,14"
2025-09-07 01:15:00,"245,91900000000103","0,0","-35,39398136657083","65,01","56,21","56,21"
2025-09-07 01:30:00,"245,4343333333344","0,0","-35,27286789839172","60,02","49,87","49,87"
2025-09-07 01:45:00,"349,47666666666777","0,0","-34,95508541935461","146,41","59,88","59,88"
2025-09-07 02:00:00,"204,69000000000108","0,0","-34,44426351647948","91,9","78,59","78,59"
2025-09-07 02:15:00,"328,10400000000107","0,0","-33,74606363323512","85,3","75,7","75,7"
2025-09-07 02:30:00,"368,15100000000103","0,0","-32,86790444039574","82,58","68,52","68,52"
2025-09-07 02:45:00,"276,96233333333436","0,0","-31,818628524824053","78,5","53,28","53,28"
2025-09-07 03:00:00,"289,0863333333344","0,0","-30,608143038610525","86,2","86,93","86,93"
2025-09-07 03:15:00,"237,18800000000107","0,0","-29,247065595564838","83,6","55,53","55,53"
2025-09-07 03:30:00,"267,1933333333344","0,0","-27,74639944064899","80,85","63,64","63,64"
2025-09-07 03:45:00,"253,01933333333437","0,0","-26,117253311715213","73,0","46,65","46,65"
2025-09-07 04:00:00,"262,2633333333344","0,0","-24,37061521497469","83,3","58,65","58,65"
2025-09-07 04:15:00,"323,2843333333344","0,0","-22,51718112891466","81,5","46,61","46,61"
2025-09-07 04:30:00,"303,81300000000107","0,0","-20,56723442318667","81,3","21,55","21,55"
2025-09-07 04:45:00,"307,1306666666677","0,0","-18,53057113484996","76,69","23,2","23,2"
2025-09-07 05:00:00,"312,86866666666776","0,0","-16,416462940284696","83,7","94,11","94,11"
2025-09-07 05:15:00,"177,52700000000107","0,0","-14,233649244135552","82,6","65,43","65,43"
2025-09-07 05:30:00,"320,3440000000011","0,0","-11,99035300820334","83,43","75,56","75,56"
2025-09-07 05:45:00,"225,30433333333443","0,0","-9,69431357584016","74,4","65,31","65,31"
2025-09-07 06:00:00,"225,5230000000011","0,0","-7,35283069286337","83,9","138,14","138,14"
2025-09-07 06:15:00,"1764,118000000001","0,0","-4,972817842078069","81,0","102,3","102,3"
2025-09-07 06:30:00,"2137,8376666666677","0,0","-2,5608613751648948","79,8","102,9","102,9"
2025-09-07 06:45:00,"1650,1316666666678","0,0","0,3363139409013799","79,3","129,96","129,96"
2025-09-07 07:00:00,"1920,5746666666678","58,58166666666711","2,573607450099657","90,1","91,64","91,64"
2025-09-07 07:15:00,"3692,424000000001","198,0686666666672","4,9566176524151935","81,31","86,25","86,25"
2025-09-07 07:30:00,"321,9400000000012","352,5006666666671","7,391815443111603","64,3","91,63","91,63"
2025-09-07 07:45:00,"253,40400000000113","516,4316666666672","9,84714674988088","50,4","59,31","59,31"
2025-09-07 08:00:00,"379,0733333333345","783,8086666666671","12,306439713231802","70,08","13,35","13,35"
2025-09-07 08:15:00,"477,1040000000011","1344,7826666666672","14,760027860743168","28,81","18,73","18,73"
2025-09-07 08:30:00,"350,7090000000012","1686,953333333334","17,199552585677193","10,04","-3,4","-3,4"
2025-09-07 08:45:00,"352,71733333333447","1860,9660000000008","19,61717606883352","10,01","71,09","71,09"
2025-09-07 09:00:00,"348,57800000000117","2339,726333333333","22,005058635876875","43,0","130,86","130,86"
2025-09-07 09:15:00,"850,8290000000011","2192,413666666668","24,35506305979333","15,04","72,62","72,62"
2025-09-07 09:30:00,"856,0326666666679","2871,9250000000006","26,658529957654203","-22,83","111,58","111,58"
2025-09-07 09:45:00,"413,1636666666679","3147,457666666668","28,906143377526845","-19,96","-8,0","-8,0"
2025-09-07 10:00:00,"397,47066666666785","3185,058666666667","31,087789228984157","22,2","62,14","62,14"
2025-09-07 10:15:00,"474,88566666666793","2513,992333333334","33,19244656437111","7,4","-14,63","-14,63"
2025-09-07 10:30:00,"407,9146666666678","3535,6376666666674","35,20809030129325","-9,59","-112,91","-112,91"
2025-09-07 10:45:00,"469,76866666666785","3863,404000000001","37,12166640907588","-20,0","-24,06","-24,06"
2025-09-07 11:00:00,"371,5463333333345","4006,0083333333337","38,91903043194388","12,9","-7,93","-7,93"
2025-09-07 11:15:00,"416,41366666666784","3415,7050000000004","40,5851413785826","-2,7","-36,42","-36,42"
2025-09-07 11:30:00,"408,4103333333345","3884,261333333333","42,10414666213136","-10,3","-80,36","-80,36"
2025-09-07 11:45:00,"272,0600000000012","4065,284000000001","43,45974002260122","-23,7","-48,19","-48,19"
2025-09-07 12:00:00,"276,9620000000012","3959,928666666666","44,63561745638482","8,9","-12,95","-12,95"
2025-09-07 12:15:00,"257,8156666666678","3807,969666666667","45,616091233036336","-6,0","-35,43","-35,43"
2025-09-07 12:30:00,"287,7796666666678","4181,291333333334","46,38683458919268","-39,39","-47,0","-47,0"
2025-09-07 12:45:00,"239,65800000000118","4104,393666666668","46,93569671821552","-49,0","-49,27","-49,27"
2025-09-07 13:00:00,"117,1310000000012","3700,335666666668","47,25350158690989","-33,83","-67,95","-67,95"
2025-09-07 13:15:00,"240,68333333333456","3884,108666666667","47,33470927880195","-49,0","-89,54","-89,54"
2025-09-07 13:30:00,"207,11533333333455","4080,705333333333","47,17787271498614","-49,0","-98,1","-98,1"
2025-09-07 13:45:00,"180,62366666666784","4165,600333333334","46,785736901142776","-28,6","-124,54","-124,54"
2025-09-07 14:00:00,"297,12433333333456","3667,9626666666672","46,16500031144574","-49,0","-130,77","-130,77"
2025-09-07 14:15:00,"219,3630000000018","4047,4795","45,32582972417645","-49,0","-100,47","-100,47"
2025-09-07 14:30:00,"229,6696666666679","3803,743333333335","44,281129414267575","-21,92","-77,13","-77,13"
2025-09-07 14:45:00,"262,41100000000125","3612,634333333334","43,04571916290608","-3,5","-50,16","-50,16"
2025-09-07 15:00:00,"147,6500000000012","3493,1673333333338","41,63553606734341","-31,7","-64,52","-64,52"
2025-09-07 15:15:00,"199,11200000000122","3430,7416666666672","40,06693892690317","-17,0","-26,8","-26,8"
2025-09-07 15:30:00,"224,8196666666679","3530,661666666668","38,356105635427504","3,27","-9,81","-9,81"
2025-09-07 15:45:00,"178,98233333333454","3498,648333333334","36,51865072504595","18,5","-12,32","-12,32"
2025-09-07 16:00:00,"242,98333333333457","1827,065666666667","34,569343124895894","-23,6","-5,42","-5,42"
2025-09-07 16:15:00,"267,6076666666679","3206,892666666667","32,52194721665335","-29,08","38,91","38,91"
2025-09-07 16:30:00,"259,82266666666794","3131,049666666668","30,389193384807765","17,6","53,15","53,15"
2025-09-07 16:45:00,"198,7906666666679","2759,813000000001","28,182848914980244","38,6","74,29","74,29"
2025-09-07 17:00:00,"152,54766666666788","2833,648","25,913484516419885","15,0","82,24","82,24"
2025-09-07 17:15:00,"268,96533333333457","2543,9100000000008","23,590983111723247","49,8","47,49","47,49"
2025-09-07 17:30:00,"169,2816666666679","2357,816000000001","21,224433793600987","79,5","14,59","14,59"
2025-09-07 17:45:00,"232,8226666666679","1893,1410000000003","18,82229220097537","108,9","57,59","57,59"
2025-09-07 18:00:00,"235,2766666666679","2078,7203333333337","16,392562921541472","52,3","61,95","61,95"
2025-09-07 18:15:00,"224,82600000000122","1385,579333333334","13,943049659021051","76,1","-2,13","-2,13"
2025-09-07 18:30:00,"355,2990000000012","998,1020000000008","11,481653837443968","106,92","118,63","118,63"
2025-09-07 18:45:00,"1174,9436666666677","650,5620000000007","9,01713075099218","135,0","158,48","158,48"
2025-09-07 19:00:00,"439,4600000000011","529,4586666666673","6,560771098189763","96,8","142,16","142,16"
2025-09-07 19:15:00,"3051,9193333333346","275,5070000000006","4,131528564632526","108,8","153,8","153,8"
2025-09-07 19:30:00,"3012,0486666666675","92,0580000000006","1,7752608067605335","116,5","135,98","135,98"
2025-09-07 19:45:00,"4288,395","2,4316666666672586","-0,9751529821310864","127,2","32,65","32,65"
2025-09-07 20:00:00,"3364,656666666668","0,0","-3,413130891819557","119,2","18,65","18,65"
2025-09-07 20:15:00,"3417,8453333333346","0,0","-5,824080672472581","107,03","23,42","23,42"
2025-09-07 20:30:00,"4355,859333333334","0,0","-8,201635258588025","109,3","-3,53","-3,53"
2025-09-07 20:45:00,"6366,453","0,0","-10,539141862085344","103,0","70,28","70,28"
2025-09-07 21:00:00,"6403,466333333334","0,0","-12,82959992030051","103,4","214,14","214,14"
2025-09-07 21:15:00,"6385,874666666667","0,0","-15,06560221108498","109,69","100,84","100,84"
2025-09-07 21:30:00,"6379,177333333335","0,0","-17,23928213716108","102,3","26,81","26,81"
2025-09-07 21:45:00,"6366,607000000001","0,0","-19,342270960697817","92,9","31,98","31,98"
2025-09-07 22:00:00,"6355,671666666667","0,0","-21,36566719810036","98,68","92,71","92,71"
2025-09-07 22:15:00,"7539,729333333334","0,0","-23,300024356304952","88,8","52,44","52,44"
2025-09-07 22:30:00,"7136,299333333333","0,0","-25,13536417172797","82,7","77,65","77,65"
2025-09-07 22:45:00,"6304,440666666667","0,0","-26,86122114909452","84,9","107,62","107,62"
2025-09-07 23:00:00,"6433,409333333334","0,0","-28,466727313304467","92,0","121,51","121,51"
2025-09-07 23:15:00,"6296,2496666666675","0,0","-29,940745463527502","84,3","112,58","112,58"
2025-09-07 23:30:00,"6282,260666666667","0,0","-31,27205560862384","83,58","121,07","121,07"
2025-09-07 23:45:00,"5799,937333333335","0,0","-32,449598101346666","76,9","122,12","122,12"
2025-09-08 00:00:00,"205,28566666666725","0,0","-33,462771146662206","75,66","-6,88","-6,88"
2025-09-08 00:15:00,"402,18133333333395","0,0","-34,301771550378824","60,1","113,49","113,49"
2025-09-08 00:30:00,"275,27566666666723","0,0","-34,95796086457429","60,1","104,7","104,7"
2025-09-08 00:45:00,"190,33700000000056","0,0","-35,42423033949421","69,9","86,51","86,51"
2025-09-08 01:00:00,"302,91200000000055","0,0","-35,69533131104347","62,8","111,41","111,41"
2025-09-08 01:15:00,"267,7460000000006","0,0","-35,76813729481215","49,0","135,24","135,24"
2025-09-08 01:30:00,"291,9983333333339","0,0","-35,64180767381296","80,87","112,06","112,06"
2025-09-08 01:45:00,"274,0520000000006","0,0","-35,31783280014499","73,2","101,45","101,45"
2025-09-08 02:00:00,"281,5700000000006","0,0","-34,79995515023876","71,5","83,47","83,47"
2025-09-08 02:15:00,"349,23400000000055","0,0","-34,09397606715445","71,5","81,64","81,64"
2025-09-08 02:30:00,"253,7023333333339","0,0","-33,207471600794804","74,4","67,96","67,96"
2025-09-08 02:45:00,"267,01866666666723","0,0","-32,14944930984898","61,21","74,87","74,87"
2025-09-08 03:00:00,"338,56333333333396","0,0","-30,92997984695014","74,2","79,89","79,89"
2025-09-08 03:15:00,"198,0400000000006","0,0","-29,559835463344715","77,0","97,48","97,48"
2025-09-08 03:30:00,"257,3180000000006","0,0","-28,050159881311167","80,3","98,69","98,69"
2025-09-08 03:45:00,"266,65500000000094","0,0","-26,41218498906716","65,78","69,61","69,61"
2025-09-08 04:00:00,"4600,6705","0,0","-24,657003350162164","80,3","82,13","82,13"
2025-09-08 04:15:00,"4312,796333333334","0,0","-22,79539713942559","75,8","78,73","78,73"
2025-09-08 04:30:00,"6116,758333333333","0,0","-20,83771885298708","84,2","78,14","78,14"
2025-09-08 04:45:00,"6111,603666666668","0,0","-18,793818528924596","80,09","69,97","69,97"
2025-09-08 05:00:00,"6222,061666666667","0,0","-16,67300898302058","74,3","76,3","76,3"
2025-09-08 05:15:00,"6028,938000000001","0,0","-14,484060226772192","77,0","82,77","82,77"
2025-09-08 05:30:00,"4977,1939999999995","0,0","-12,235217531499504","95,1","112,36","112,36"
2025-09-08 05:45:00,"956,7563333333338","0,0","-9,934236291861792","114,4","120,51","120,51"
2025-09-08 06:00:00,"2062,6650000000004","0,0","-7,588427837970038","80,01","58,98","58,98"
2025-09-08 06:15:00,"1119,2410000000007","0,0","-5,204714308093356","113,2","166,99","166,99"
2025-09-08 06:30:00,"234,03566666666728","0,0","-2,789689066260216","131,1","170,24","170,24"
2025-09-08 06:45:00,"304,1843333333339","4,380000000000592","0,1415573621823823","145,2","140,47","140,47"
2025-09-08 07:00:00,"345,59633333333403","80,03300000000058","2,360966658863832","116,2","149,39","149,39"
2025-09-08 07:15:00,"262,4320000000006","255,2250000000006","4,738312143181659","128,4","145,18","145,18"
2025-09-08 07:30:00,"2232,1260000000007","468,4536666666673","7,171536139030996","137,6","165,52","165,52"
2025-09-08 07:45:00,"3331,337333333334","739,4170000000006","9,625480689466658","140,7","96,5","96,5"
2025-09-08 08:00:00,"481,4046666666673","951,883333333334","12,083351077040003","147,41","87,44","87,44"
2025-09-08 08:15:00,"422,31633333333394","789,9066666666673","14,535050754064295","125,3","84,53","84,53"
2025-09-08 08:30:00,"826,2786666666672","663,0600000000005","16,97209050236111","106,19","82,06","82,06"
2025-09-08 08:45:00,"392,64633333333404","1134,5263333333337","19,38656302960888","96,7","86,7","86,7"
2025-09-08 09:00:00,"519,749333333334","1718,4426666666673","21,770585000988834","138,19","131,11","131,11"
2025-09-08 09:15:00,"717,3483333333342","2786,323666666668","24,115993483023004","116,3","141,86","141,86"
2025-09-08 09:30:00,"2478,5696666666677","3247,8786666666674","26,41410167672459","87,8","97,17","97,17"
2025-09-08 09:45:00,"6153,837333333333","3455,479333333334","28,65558064869252","68,4","39,56","39,56"
2025-09-08 10:00:00,"2961,2940000000003","3295,2540000000004","30,83031337682073","125,0","72,9","72,9"
2025-09-08 10:15:00,"1887,7043333333336","2273,9030000000007","32,9272846314854","97,89","70,47","70,47"
2025-09-08 10:30:00,"1911,092333333334","3096,661333333333","34,93450262977071","78,0","109,3","109,3"
2025-09-08 10:45:00,"1476,5053333333337","3812,659666666667","36,83894329299046","60,7","144,68","144,68"
2025-09-08 11:00:00,"1854,5590000000007","3568,655","38,62659268528961","106,7","62,77","62,77"
2025-09-08 11:15:00,"2029,1436666666675","3235,898333333333","40,28248961361346","82,41","31,75","31,75"
2025-09-08 11:30:00,"1870,638333333334","2671,1570000000006","41,79094234494939","68,4","30,86","30,86"
2025-09-08 11:45:00,"1443,2976666666677","4040,4463333333338","43,13584238785608","55,3","45,08","45,08"
2025-09-08 12:00:00,"1182,7610000000009","4137,168333333333","44,30112425031776","84,8","105,31","105,31"
2025-09-08 12:15:00,"1405,2660000000008","3427,7220000000007","45,27137221598392","71,2","122,4","122,4"
2025-09-08 12:30:00,"623,2860000000007","2795,3293333333336","46,03254890330332","64,4","143,18","143,18"
2025-09-08 12:45:00,"466,61566666666744","2612,9513333333334","46,57279021242047","54,41","149,49","149,49"
2025-09-08 13:00:00,"427,3220000000008","2633,4626666666663","46,883177676984914","76,1","128,21","128,21"
2025-09-08 13:15:00,"815,6073333333342","3024,757","46,95838259037027","67,4","164,93","164,93"
2025-09-08 13:30:00,"2618,732333333334","3103,175","46,79707437774624","64,0","152,3","152,3"
2025-09-08 13:45:00,"2373,5803333333342","2873,422","46,40202329526212","68,81","188,79","188,79"
2025-09-08 14:00:00,"513,1973333333341","3621,109","45,77988784171819","70,2","229,06","229,06"
2025-09-08 14:15:00,"1338,963333333334","2382,188","44,940718525868135","74,0","226,97","226,97"
2025-09-08 14:30:00,"468,516333333334","1706,0093333333334","43,897227288184766","78,9","265,68","265,68"
2025-09-08 14:45:00,"292,48400000000066","1309,143666666667","42,664017861434814","83,9","296,01","296,01"
2025-09-08 15:00:00,"277,2046666666674","1075,835666666667","41,25680029097962","62,4","152,98","152,98"
2025-09-08 15:15:00,"351,4170000000007","1072,4403333333337","39,6917024199433","78,2","109,34","109,34"
2025-09-08 15:30:00,"334,65533333333394","1107,9263333333336","37,984710751524105","93,2","88,08","88,08"
2025-09-08 15:45:00,"437,03566666666734","1130,775666666667","36,15126501194742","110,8","148,94","148,94"
2025-09-08 16:00:00,"295,2860000000007","1136,7743333333335","34,20598829465523","71,5","144,47","144,47"
2025-09-08 16:15:00,"228,65300000000067","968,6650000000002","32,16253553035202","68,11","201,91","201,91"
2025-09-08 16:30:00,"316,25133333333406","788,687666666667","30,03353943462192","110,1","197,02","197,02"
2025-09-08 16:45:00,"263,86566666666727","489,8980000000003","27,830715456566438","139,9","178,48","178,48"
2025-09-08 17:00:00,"245,66000000000065","288,2516666666669","25,56454181365859","50,08","163,55","163,55"
2025-09-08 17:15:00,"295,00400000000064","302,5086666666669","23,244903401095552","96,52","231,13","231,13"
2025-09-08 17:30:00,"252,46733333333398","264,8360000000003","20,880867680058824","134,6","328,78","328,78"
2025-09-08 17:45:00,"347,779500000001","253,92200000000048","18,48088970935976","171,0","342,65","342,65"
2025-09-08 18:00:00,"270,48200000000065","182,78533333333365","16,052992174417774","138,9","232,04","232,04"
2025-09-08 18:15:00,"314,7960000000007","114,47133333333365","13,605035350627253","163,47","407,36","407,36"
2025-09-08 18:30:00,"401,37666666666735","80,0330000000003","11,14501964039527","195,5","1162,76","1162,76"
2025-09-08 18:45:00,"366,8483333333339","93,81233333333364","8,681942815808512","229,1","1179,43","1179,43"
2025-09-08 19:00:00,"298,0616666666673","56,26533333333363","6,2277250528149874","207,2","1147,54","1147,54"
2025-09-08 19:15:00,"362,8156666666673","20,85700000000029","3,803254491895892","208,7","1315,66","1315,66"
2025-09-08 19:30:00,"373,24400000000077","0,970000000000296","1,4617411606112332","437,21","1432,95","1432,95"
2025-09-08 19:45:00,"589,3326666666673","0,0","-1,3156831101045008","367,73","2267,74","2267,74"
2025-09-08 20:00:00,"548,1040000000007","0,0","-3,755190029007785","260,2","1793,41","1793,41"
2025-09-08 20:15:00,"445,608333333334","0,0","-6,168017480758952","219,98","3975,53","3975,53"
2025-09-08 20:30:00,"460,55933333333405","0,0","-8,547780826821207","212,49","4786,3","4786,3"
2025-09-08 20:45:00,"386,09800000000064","0,0","-10,88780589471017","283,77","15,41","15,41"
2025-09-08 21:00:00,"432,9050000000007","0,0","-13,18106596000252","167,4","95,15","95,15"
2025-09-08 21:15:00,"472,6480000000007","0,0","-15,420121721852205","152,8","59,01","59,01"
2025-09-08 21:30:00,"621,8310000000007","0,0","-17,597067300116095","138,3","74,95","74,95"
2025-09-08 21:45:00,"1134,2840000000008","0,0","-19,70348607702573","121,35","127,82","127,82"
2025-09-08 22:00:00,"1435,5110000000006","0,0","-21,7304186646162","142,0","98,87","98,87"
2025-09-08 22:15:00,"1362,256333333334","0,0","-23,668349298035867","123,4","76,23","76,23"
2025-09-08 22:30:00,"529,6720000000006","0,0","-25,507217983862464","88,66","81,44","81,44"
2025-09-08 22:45:00,"500,5576666666672","0,0","-27,236464431571964","97,66","133,08","133,08"
2025-09-08 23:00:00,"459,8510000000006","0,0","-28,84511297066974","123,0","137,42","137,42"
2025-09-08 23:15:00,"391,1120000000006","0,0","-30,32190706869955","104,71","158,98","158,98"
2025-09-08 23:30:00,"492,2936666666673","0,0","-31,655498454758693","96,01","132,74","132,74"
2025-09-08 23:45:00,"443,3336666666672","0,0","-32,834694618748046","86,41","93,7","93,7"
2025-09-09 00:00:00,"242,76633333333393","0,0","-33,84876244681988","119,4","126,99","126,99"
2025-09-09 00:15:00,"320,5136666666673","0,0","-34,68777667092196","112,7","115,36","115,36"
2025-09-09 00:30:00,"282,4963333333339","0,0","-35,342994750152506","104,8","94,58","94,58"
2025-09-09 00:45:00,"207,1153333333339","0,0","-35,807230692271474","98,0","88,6","88,6"
2025-09-09 01:00:00,"358,2073333333339","0,0","-36,07519326662617","114,9","85,96","85,96"
2025-09-09 01:15:00,"286,66300000000064","0,0","-36,14375364152682","108,53","120,74","120,74"
2025-09-09 01:30:00,"369,6256666666673","0,0","-36,01211130805569","101,6","113,84","113,84"
2025-09-09 01:45:00,"356,96800000000064","0,0","-35,68183758730485","96,9","117,47","117,47"
2025-09-09 02:00:00,"186,94800000000063","0,0","-35,156791494175096","104,4","99,73","99,73"
2025-09-09 02:15:00,"320,35800000000063","0,0","-34,44291826687092","102,1","100,07","100,07"
2025-09-09 02:30:00,"285,69333333333395","0,0","-33,547955308840024","98,38","103,37","103,37"
2025-09-09 02:45:00,"226,67400000000063","0,0","-32,481078783394054","101,5","119,24","119,24"
2025-09-09 03:00:00,"310,91533333333393","0,0","-31,252525902221144","102,01","119,79","119,79"
2025-09-09 03:15:00,"325,7093333333339","0,0","-29,87322590981335","101,6","128,27","128,27"
2025-09-09 03:30:00,"332,985333333334","0,0","-28,354464629792165","101,4","125,39","125,39"
2025-09-09 03:45:00,"313,34066666666735","0,0","-26,70759804105485","101,0","140,2","140,2"
2025-09-09 04:00:00,"221,42433333333398","0,0","-24,943823617067046","101,4","133,88","133,88"
2025-09-09 04:15:00,"299,8496666666673","0,0","-23,07400961524148","104,91","148,73","148,73"
2025-09-09 04:30:00,"213,58900000000062","0,0","-21,108577199115665","107,58","146,25","146,25"
2025-09-09 04:45:00,"301,70000000000056","0,0","-19,05742971826464","108,0","143,84","143,84"
2025-09-09 05:00:00,"306,5500000000006","0,0","-16,92992030091038","99,91","71,64","71,64"
2025-09-09 05:15:00,"313,8256666666673","0,0","-14,734848674753064","108,3","78,33","78,33"
2025-09-09 05:30:00,"928,5463333333338","0,0","-12,480481519603265","120,5","81,11","81,11"
2025-09-09 05:45:00,"3085,145333333334","0,0","-10,174589406975514","129,6","114,55","114,55"
2025-09-09 06:00:00,"2015,2096666666669","0,0","-7,82449442659422","149,92","298,94","298,94"
2025-09-09 06:15:00,"759,5846666666671","0,0","-5,437126607147424","146,0","100,24","100,24"
2025-09-09 06:30:00,"263,66366666666715","0,0","-3,019085620751229","163,3","69,83","69,83"
2025-09-09 06:45:00,"325,46700000000044","7,275666666666964","-0,0520139657164193","181,09","158,61","158,61"
2025-09-09 07:00:00,"313,53133333333375","113,23600000000027","2,1485608836893646","278,09","182,07","182,07"
2025-09-09 07:15:00,"273,5670000000005","309,9453333333336","4,5195168497215406","189,96","122,41","122,41"
2025-09-09 07:30:00,"377,12433333333377","311,88566666666696","6,950523816738754","194,99","87,16","87,16"
2025-09-09 07:45:00,"336,0263333333338","375,4950000000003","9,402999830980596","199,97","81,96","81,96"
2025-09-09 08:00:00,"297,75350000000066","508,9410000000003","11,859306985129107","259,18","124,07","124,07"
2025-09-09 08:15:00,"734,6043333333338","275,0220000000003","14,309048859647882","174,95","216,42","216,42"
2025-09-09 08:30:00,"364,9336666666671","268,7940000000003","16,743530821928086","169,92","242,29","242,29"
2025-09-09 08:45:00,"285,32533333333384","326,2193333333337","19,154776358620516","148,2","201,44","201,44"
2025-09-09 09:00:00,"358,43025000000034","303,28925000000027","21,534859528545454","160,4","197,03","197,03"
2025-09-09 09:15:00,"873,025666666667","621,4836666666669","23,875569563971236","135,04","237,15","237,15"
2025-09-09 09:30:00,"577,5623333333339","869,0150000000004","26,168221840125888","119,98","220,35","220,35"
2025-09-09 09:45:00,"517,9030000000005","1252,2710000000004","28,40347499674323","104,8","219,43","219,43"
2025-09-09 10:00:00,"531,6816666666672","1253,9220000000005","30,57121014367176","143,5","318,34","318,34"
2025-09-09 10:15:00,"513,8093333333338","1013,2423333333336","32,66042607133638","127,07","259,9","259,9"
2025-09-09 10:30:00,"470,9153333333338","1145,7160000000003","34,65915817619008","110,9","235,3","235,3"
2025-09-09 10:45:00,"578,5020000000004","1323,261666666667","36,55448947900807","96,0","175,86","175,86"
2025-09-09 11:00:00,"565,3226666666671","1433,7696666666668","38,33237241549208","128,1","242,25","242,25"
2025-09-09 11:15:00,"509,27000000000044","1363,3873333333338","39,978028523897535","108,9","114,77","114,77"
2025-09-09 11:30:00,"571,2890000000004","1304,1993333333337","41,47591842331256","98,1","172,26","172,26"
2025-09-09 11:45:00,"417,4803333333337","1488,2813333333338","42,81013130880832","90,01","157,9","157,9"
2025-09-09 12:00:00,"513,3823333333338","2253,769","43,964838824111474","114,91","186,51","186,51"
2025-09-09 12:15:00,"531,2646666666672","2031,6646666666672","44,92489102612167","95,8","158,04","158,04"
2025-09-09 12:30:00,"343,18433333333377","1033,5223333333336","45,67653913648705","90,78","135,03","135,03"
2025-09-09 12:45:00,"517,4133333333339","481,55933333333365","46,208200262551536","87,5","125,06","125,06"
2025-09-09 13:00:00,"2426,3163333333337","303,56366666666696","46,51120760895508","104,94","217,83","217,83"
2025-09-09 13:15:00,"1571,6816666666673","148,62066666666698","46,58043156492416","99,6","224,89","224,89"
2025-09-09 13:30:00,"1631,6283333333338","293,2390000000003","46,414660730029546","85,56","171,91","171,91"
2025-09-09 13:45:00,"724,0640000000006","520,0913333333335","46,01673597608007","89,2","121,65","121,65"
2025-09-09 14:00:00,"1680,6553333333338","834,0670000000002","45,39320177666329","87,0","192,63","192,63"
2025-09-09 14:15:00,"505,39366666666706","397,9073333333336","44,55400964093819","97,4","282,17","282,17"
2025-09-09 14:30:00,"473,7330000000004","569,0220000000003","43,51169478674464","91,46","290,38","290,38"
2025-09-09 14:45:00,"1884,920666666667","516,7140000000004","42,280648867725056","102,7","245,95","245,95"
2025-09-09 15:00:00,"725,4390000000005","488,55166666666696","40,87635873876324","77,83","160,17","160,17"
2025-09-09 15:15:00,"562,2130000000004","332,20133333333365","39,31473420089741","98,5","154,42","154,42"
2025-09-09 15:30:00,"578,9246666666671","354,662666666667","37,61156441852531","104,94","147,95","147,95"
2025-09-09 15:45:00,"342,17400000000043","425,2670000000003","35,78211623638377","114,94","95,13","95,13"
2025-09-09 16:00:00,"1569,394333333334","514,9743333333337","33,840868129845774","75,6","91,49","91,49"
2025-09-09 16:15:00,"398,4956666666671","762,2740000000002","31,80135529604108","102,47","86,77","86,77"
2025-09-09 16:30:00,"368,7366666666671","967,9793333333336","29,67612224041243","112,2","113,09","113,09"
2025-09-09 16:45:00,"486,9746666666671","1184,3190000000004","27,47692547406436","134,93","133,14","133,14"
2025-09-09 17:00:00,"544,3386666666671","1716,4970000000003","25,21398764196411","90,03","90,23","90,23"
2025-09-09 17:15:00,"618,3636666666672","2991,9040000000005","22,89728095066481","115,28","105,91","105,91"
2025-09-09 17:30:00,"524,7340000000005","1377,7993333333336","20,535845311164984","142,5","75,66","75,66"
2025-09-09 17:45:00,"479,0323333333338","1844,0840000000003","18,138140035283563","164,99","148,82","148,82"
2025-09-09 18:00:00,"685,9166666666671","1887,833","15,71221453361408","162,89","186,57","186,57"
2025-09-09 18:15:00,"453,2190000000005","1443,2493333333332","13,265964456444944","180,9","195,62","195,62"
2025-09-09 18:30:00,"421,90433333333385","1354,0846666666669","10,80754283030572","210,3","89,58","89,58"
2025-09-09 18:45:00,"463,68333333333374","644,594","8,34625052634575","245,9","235,69","235,69"
2025-09-09 19:00:00,"426,0600000000005","498,0876666666667","5,894801606037911","241,0","118,41","118,41"
2025-09-09 19:15:00,"1852,9720000000004","189,286","3,476622179167538","250,2","112,66","112,66"
2025-09-09 19:30:00,"3684,4680000000003","45,467666666666666","1,15432572801616","667,03","228,19","228,19"
2025-09-09 19:45:00,"2121,3830000000007","1,465","-1,657831217882432","264,6","217,53","217,53"
2025-09-09 20:00:00,"1584,3593333333338","0,0","-4,098845919265905","287,2","223,87","223,87"
2025-09-09 20:15:00,"504,206333333334","0,0","-6,513532660195591","249,91","209,16","209,16"
2025-09-09 20:30:00,"567,6270000000006","0,0","-8,895489628219254","215,0","88,99","88,99"
2025-09-09 20:45:00,"463,65866666666716","0,0","-11,238021619126888","229,84","71,04","71,04"
2025-09-09 21:00:00,"855,3193333333339","0,0","-13,534076034471918","165,01","235,44","235,44"
2025-09-09 21:15:00,"776,8040000000007","0,0","-15,776181698176686","135,1","219,35","219,35"
2025-09-09 21:30:00,"489,9030000000004","0,0","-17,956393534914387","146,71","149,61","149,61"
2025-09-09 21:45:00,"592,7233333333338","0,0","-20,06624698258387","110,07","129,36","129,36"
2025-09-09 22:00:00,"608,2496666666672","0,0","-22,096724485618616","120,08","232,46","232,46"
2025-09-09 22:15:00,"390,6060000000005","0,0","-24,038240492730733","125,4","211,34","211,34"
2025-09-09 22:30:00,"512,9733333333338","0,0","-25,880652461649294","114,3","160,14","160,14"
2025-09-09 22:45:00,"540,6530000000006","0,0","-27,61330413492101","103,2","92,22","92,22"
2025-09-09 23:00:00,"483,6453333333339","0,0","-29,2251105860128","115,07","135,88","135,88"
2025-09-09 23:15:00,"578,5620000000006","0,0","-30,70469399865905","105,09","75,05","75,05"
2025-09-09 23:30:00,"533,0846666666672","0,0","-32,04057551798759","100,09","92,24","92,24"
2025-09-09 23:45:00,"379,5086666666672","0,0","-33,221427217152865","90,08","84,12","84,12"
2025-09-10 00:00:00,"493,7310000000005","0,0","-34,23638203060329","119,91","89,29","89,29"
2025-09-10 00:15:00,"361,0190000000006","0,0","-35,07539014325008","106,9","93,11","93,11"
2025-09-10 00:30:00,"226,27100000000056","0,0","-35,72960289548103","98,9","99,01","99,01"
2025-09-10 00:45:00,"298,5650000000005","0,0","-36,19175576944558","92,68","126,22","126,22"
2025-09-10 01:00:00,"349,8693333333338","0,0","-36,456514678805455","109,7","124,81","124,81"
2025-09-10 01:15:00,"301,32800000000054","0,485","-36,52074929800758","104,7","97,45","97,45"
2025-09-10 01:30:00,"277,69566666666725","0,0","-36,38370122779026","98,9","95,62","95,62"
2025-09-10 01:45:00,"261,19800000000055","0,0","-36,04702575585264","93,5","98,5","98,5"
2025-09-10 02:00:00,"259,7725000000008","0,0","-35,51470214283834","104,8","88,0","88,0"
2025-09-10 02:15:00,"286,66333333333387","0,0","-34,792823572503586","100,3","96,15","96,15"
2025-09-10 02:30:00,"230,15700000000052","0,0","-33,889292816492755","98,6","112,6","112,6"
2025-09-10 02:45:00,"252,3413333333338","0,0","-32,81345829353711","97,5","118,18","118,18"
2025-09-10 03:00:00,"315,85933333333384","0,0","-31,575726825787054","100,6","107,3","107,3"
2025-09-10 03:15:00,"245,7460000000005","0,0","-30,18718697897371","100,6","104,43","104,43"
2025-09-10 03:30:00,"317,2100000000005","0,0","-28,659268258171743","101,8","81,38","81,38"
2025-09-10 03:45:00,"270,3170000000005","0,0","-27,003451618530324","97,0","74,88","74,88"
2025-09-10 04:00:00,"191,24833333333387","0,0","-25,23103973815641","98,1","74,54","74,54"
2025-09-10 04:15:00,"296,6066666666672","0,0","-23,352986785982942","101,0","79,91","79,91"
2025-09-10 04:30:00,"236,12000000000054","0,0","-21,379782083681413","106,6","96,43","96,43"
2025-09-10 04:45:00,"169,86533333333387","0,0","-19,321381558051243","105,5","109,64","109,64"
2025-09-10 05:00:00,"324,1866666666672","0,0","-17,187177784931933","94,91","149,1","149,1"
2025-09-10 05:15:00,"359,71200000000056","0,0","-14,98599928664138","104,48","100,92","100,92"
2025-09-10 05:30:00,"206,45433333333386","0,0","-12,726133228500077","120,1","136,03","136,03"
2025-09-10 05:45:00,"1548,999666666667","0,0","-10,41536446662721","133,7","155,38","155,38"
2025-09-10 06:00:00,"1506,4973333333337","0,0","-8,061025011559552","139,94","170,41","170,41"
2025-09-10 06:15:00,"1227,6553333333338","0,0","-5,670052006064706","154,99","154,19","154,19"
2025-09-10 06:30:00,"692,5423333333338","0,0","-3,249050719029592","179,51","188,61","188,61"
2025-09-10 06:45:00,"214,62800000000047","0,0","-0,2423762811239181","189,96","175,66","175,66"
2025-09-10 07:00:00,"369,44100000000043","17,49066666666667","1,9382770177927016","426,79","118,75","118,75"
2025-09-10 07:15:00,"547,5393333333337","92,569","4,30122929046321","199,98","200,41","200,41"
2025-09-10 07:30:00,"1001,6110000000004","166,89900000000003","6,729388694939363","209,94","199,26","199,26"
2025-09-10 07:45:00,"3743,8353333333343","246,44","9,180172370316871","214,91","124,29","124,29"
2025-09-10 08:00:00,"709,8673333333338","266,291","11,634770301495008","225,05","120,64","120,64"
2025-09-10 08:15:00,"275,3306666666673","372,89866666666666","14,082324504741532","199,1","156,53","156,53"
2025-09-10 08:30:00,"335,98033333333393","383,7156666666666","16,51406159390769","184,7","124,87","124,87"
2025-09-10 08:45:00,"1557,9686666666673","357,028","18,92191943947133","173,8","157,59","157,59"
2025-09-10 09:00:00,"432,9046666666671","543,2533333333333","21,29792107442485","180,0","185,19","185,19"
2025-09-10 09:15:00,"418,3240000000004","812,8319999999999","23,63384001538001","159,96","297,22","297,22"
2025-09-10 09:30:00,"338,52133333333376","1112,8496666666667","25,920947919879616","125,04","184,8","184,8"
2025-09-10 09:45:00,"358,18200000000047","1021,4503333333332","28,14989196758736","32,37","139,82","139,82"
2025-09-10 10:00:00,"376,83033333333384","883,3233333333333","30,310552766542852","151,1","153,39","153,39"
2025-09-10 10:15:00,"747,5616666666671","600,836","32,39194288440216","127,9","143,0","143,0"
2025-09-10 10:30:00,"1844,8783333333338","648,9936666666667","34,38212898162834","100,03","184,06","184,06"
2025-09-10 10:45:00,"1652,0380000000002","778,8013333333333","36,268307276693164","50,99","171,76","171,76"
2025-09-10 11:00:00,"1284,7693333333339","1019,5923333333334","38,03639337225928","121,8","257,69","257,69"
2025-09-10 11:15:00,"1126,9623333333336","1219,0583333333336","39,67177622099498","108,33","259,64","259,64"
2025-09-10 11:30:00,"572,2526666666671","1094,7416666666666","41,15908886117195","87,7","272,05","272,05"
2025-09-10 11:45:00,"437,09333333333376","1171,4793333333332","42,482617698132","74,5","190,58","190,58"
2025-09-10 12:00:00,"671,0633333333337","1030,241","43,62676976840032","104,95","76,35","76,35"
2025-09-10 12:15:00,"1015,1770000000005","945,822","44,57667612090049","91,0","74,47","74,47"
2025-09-10 12:30:00,"748,2843333333337","821,0146666666667","45,31885256851684","81,4","96,02","96,02"
2025-09-10 12:45:00,"540,6896666666671","640,9509999999999","45,84199219816173","74,24","94,25","94,25"
2025-09-10 13:00:00,"2444,579333333334","689,035","46,13767428404481","94,9","137,66","137,66"
2025-09-10 13:15:00,"1798,6786666666671","677,384","46,20095694571788","84,4","113,68","113,68"
2025-09-10 13:30:00,"573,215333333334","574,3126666666667","46,03075046442122","84,8","120,67","120,67"
2025-09-10 13:45:00,"509,10300000000063","666,6856666666666","45,63005743613479","75,09","82,12","82,12"
2025-09-10 14:00:00,"2289,4510000000005","693,2506666666667","45,00512089208005","87,4","108,94","108,94"
2025-09-10 14:15:00,"2210,2596666666673","785,0970000000001","44,16588646298719","83,24","115,49","115,49"
2025-09-10 14:30:00,"2267,234666666667","711,8563333333334","43,12471999297711","86,7","88,52","88,52"
2025-09-10 14:45:00,"707,1990000000006","583,0273333333333","41,89580489405351","92,0","78,98","78,98"
2025-09-10 15:00:00,"534,268333333334","707,6906666666667","40,494408599679495","73,6","77,01","77,01"
2025-09-10 15:15:00,"703,2933333333341","651,8116666666666","38,93623304262452","85,9","73,76","73,76"
2025-09-10 15:30:00,"1484,7820000000008","685,1516666666666","37,23686646838885","98,6","73,08","73,08"
2025-09-10 15:45:00,"1095,8260000000014","754,77","35,41140472954947","119,98","67,1","67,1"
2025-09-10 16:00:00,"1668,5893333333345","543,5853333333333","33,47418288503706","75,0","127,81","127,81"
2025-09-10 16:15:00,"353,0043333333342","264,68833333333333","31,438603156478667","87,36","71,84","71,84"
2025-09-10 16:30:00,"606,5116666666676","448,3790000000001","29,317133719258663","112,6","71,38","71,38"
2025-09-10 16:45:00,"960,9580000000008","494,50666666666666","27,12145104595117","134,96","77,52","77,52"
2025-09-10 17:00:00,"1342,6116666666674","319,16133333333335","24,86178068914533","90,01","92,32","92,32"
2025-09-10 17:15:00,"1412,9000000000008","333,19866666666667","22,548016710845083","121,0","89,46","89,46"
2025-09-10 17:30:00,"1223,446333333334","823,3626666666668","20,189196173602515","145,05","68,44","68,44"
2025-09-10 17:45:00,"617,6946666666676","1699,0773333333334","17,79378250541281","180,0","74,21","74,21"
2025-09-10 18:00:00,"554,6560000000009","901,6016666666668","15,369852762018452","157,14","59,61","59,61"
2025-09-10 18:15:00,"3155,061666666667","246,79433333333333","12,925359480591265","184,4","70,25","70,25"
2025-09-10 18:30:00,"2110,927333333334","141,63366666666667","10,468608411211571","204,7","77,43","77,43"
2025-09-10 18:45:00,"360,7266666666676","155,21166666666667","8,009241521309653","245,9","111,68","111,68"
2025-09-10 19:00:00,"399,12066666666755","91,92366666666666","5,560891089214279","311,0","131,46","131,46"
2025-09-10 19:15:00,"404,4046666666676","75,36800000000001","3,150046791086809","318,4","150,59","150,59"
2025-09-10 19:30:00,"431,1856666666676","66,02266666666667","0,8504675955723386","380,07","133,2","133,2"
2025-09-10 19:45:00,"500,7826666666676","9,204666666666666","-2,00146838830527","380,07","171,5","171,5"
2025-09-10 20:00:00,"1158,914000000001","0,485","-4,4439697412889085","220,06","148,66","148,66"
2025-09-10 20:15:00,"1608,373000000001","0,0","-6,860497568040092","210,05","151,01","151,01"
2025-09-10 20:30:00,"727,3276666666678","0,0","-9,244633302020617","195,05","110,55","110,55"
2025-09-10 20:45:00,"434,097000000001","0,0","-11,589661081274288","192,78","48,82","48,82"
2025-09-10 21:00:00,"504,95133333333445","0,0","-13,88850274823734","152,52","126,23","126,23"
2025-09-10 21:15:00,"583,084000000001","0,0","-16,13365548208545","130,07","113,82","113,82"
2025-09-10 21:30:00,"436,75400000000104","0,0","-18,31713513220272","115,07","91,09","91,09"
2025-09-10 21:45:00,"381,55633333333435","0,0","-20,43042915811837","100,06","56,32","56,32"
2025-09-10 22:00:00,"500,642000000001","0,0","-22,46446160275759","129,73","82,23","82,23"
2025-09-10 22:15:00,"352,1443333333343","0,0","-24,409576641504604","110,08","73,87","73,87"
2025-09-10 22:30:00,"365,9303333333344","0,0","-26,255548385756672","95,09","78,85","78,85"
2025-09-10 22:45:00,"370,570000000001","0,0","-27,991623449975005","85,09","113,86","113,86"
2025-09-10 23:00:00,"361,74066666666766","0,0","-29,606606090836927","105,56","111,93","111,93"
2025-09-10 23:15:00,"479,44633333333434","0,0","-31,08899523897578","95,09","116,43","116,43"
2025-09-10 23:30:00,"444,54866666666766","0,0","-32,42717911822126","80,08","95,51","95,51"
2025-09-10 23:45:00,"319,541000000001","0,0","-33,60969177915332","88,7","45,91","45,91"
2025-09-11 00:00:00,"313,5656666666677","0,0","-34,62552950589394","106,9","104,88","104,88"
2025-09-11 00:15:00,"198,35433333333438","0,0","-35,464515391353906","101,97","103,22","103,22"
2025-09-11 00:30:00,"244,46233333333436","0,0","-36,11769256211607","97,6","92,3","92,3"
2025-09-11 00:45:00,"258,3193333333344","0,0","-36,57771663665962","88,8","104,94","104,94"
2025-09-11 01:00:00,"164,65033333333437","0,0","-36,83921035230755","88,95","102,78","102,78"
2025-09-11 01:15:00,"359,9900000000011","0,0","-36,89904274155562","104,5","96,79","96,79"
2025-09-11 01:30:00,"310,359000000001","0,0","-36,75649954345785","80,8","99,52","99,52"
2025-09-11 01:45:00,"157,92100000000104","0,0","-36,41332305833539","76,4","90,43","90,43"
2025-09-11 02:00:00,"241,40133333333435","0,0","-35,87361655808603","96,77","118,31","118,31"
2025-09-11 02:15:00,"288,333000000001","0,0","-35,14362527654057","80,0","96,75","96,75"
2025-09-11 02:30:00,"132,22800000000103","0,0","-34,2314214068134","77,1","80,08","80,08"
2025-09-11 02:45:00,"297,51033333333436","0,0","-33,146529289685496","73,0","66,6","66,6"
2025-09-11 03:00:00,"209,93300000000104","0,0","-31,89952840179881","83,2","79,74","79,74"
2025-09-11 03:15:00,"240,41566666666773","0,0","-30,50166892828762","79,7","60,4","60,4"
2025-09-11 03:30:00,"324,12133333333435","0,0","-28,9645255887042","77,9","62,4","62,4"
2025-09-11 03:45:00,"210,2983333333344","0,0","-27,299705144616997","75,6","59,86","59,86"
2025-09-11 04:00:00,"237,0333333333344","0,0","-25,518615715260268","72,93","83,27","83,27"
2025-09-11 04:15:00,"264,33566666666775","0,0","-23,63229715336947","79,0","97,08","97,08"
2025-09-11 04:30:00,"142,7423333333344","0,0","-21,65130637753729","80,7","108,31","108,31"
2025-09-11 04:45:00,"209,5406666666677","0,0","-19,58565111292296","81,1","137,43","137,43"
2025-09-11 05:00:00,"227,65400000000105","0,0","-17,44476248255909","73,7","93,96","93,96"
2025-09-11 05:15:00,"220,85666666666773","0,0","-15,237496854661163","78,2","99,39","99,39"
2025-09-11 05:30:00,"378,60200000000157","0,0","-12,972160932453209","90,8","120,28","120,28"
2025-09-11 05:45:00,"1753,3353333333343","0,0","-10,656552948542634","107,28","110,28","110,28"
2025-09-11 06:00:00,"1329,117000000001","0,0","-8,29801398239904","81,7","7,65","7,65"
2025-09-11 06:15:00,"1254,626000000001","0,0","-5,903487505698073","97,2","124,04","124,04"
2025-09-11 06:30:00,"854,1253333333344","0,0","-3,479583663755349","114,8","149,85","149,85"
2025-09-11 06:45:00,"215,3416666666677","0,0","-1,0326455869829134","138,4","145,11","145,11"
2025-09-11 07:00:00,"519,9213333333344","34,138000000000005","1,7305022649760793","125,6","173,14","173,14"
2025-09-11 07:15:00,"3189,6200000000013","85,79266666666668","4,083780962444651","125,26","201,78","201,78"
2025-09-11 07:30:00,"1235,945000000001","45,18166666666667","6,508464545403252","123,0","164,35","164,35"
2025-09-11 07:45:00,"977,0156666666678","72,37500000000001","8,957403609182586","117,4","172,65","172,65"
2025-09-11 08:00:00,"940,8786666666678","80,61466666666668","11,409952326679504","145,2","110,11","110,11"
2025-09-11 08:15:00,"430,1533333333345","149,6256666666667","13,855143456155872","123,29","142,75","142,75"
2025-09-11 08:30:00,"436,32233333333454","405,6173333333333","16,283988032853358","105,0","109,39","109,39"
2025-09-11 08:45:00,"398,3456666666678","937,1376666666667","18,688327154600135","85,0","153,71","153,71"
2025-09-11 09:00:00,"453,0660000000011","880,9813333333333","21,06012757826611","133,5","131,36","131,36"
2025-09-11 09:15:00,"341,0573333333345","637,0406666666667","23,391121533776637","98,9","102,29","102,29"
2025-09-11 09:30:00,"943,5683333333345","1449,1076666666663","25,672563870501023","80,1","37,11","37,11"
2025-09-11 09:45:00,"730,0536666666678","1460,428666666667","27,895089329114484","62,16","34,5","34,5"
2025-09-11 10:00:00,"483,96633333333455","1100,6393333333333","30,04857803865924","109,2","146,62","146,62"
2025-09-11 10:15:00,"517,1586666666678","1470,4113333333337","32,12205354809737","78,2","149,49","149,49"
2025-09-11 10:30:00,"1730,0860000000011","1978,9726666666668","34,103618979352724","61,8","111,68","111,68"
2025-09-11 10:45:00,"553,3243333333345","2808,787333333333","35,98043154111813","40,99","8,02","8,02"
2025-09-11 11:00:00,"1193,6873333333344","3331,19","37,73869382653821","46,83","61,29","61,29"
2025-09-11 11:15:00,"2157,391666666668","3267,165","39,363808097293685","25,04","-28,69","-28,69"
2025-09-11 11:30:00,"2208,987666666668","4208,574","40,84056321730625","15,0","17,91","17,91"
2025-09-11 11:45:00,"2188,199333333335","3465,065","42,15344298352503","5,04","91,41","91,41"
2025-09-11 12:00:00,"3229,2133333333345","3918,8156666666673","43,28708866814645","34,58","7,62","7,62"
2025-09-11 12:15:00,"3282,2070000000012","4414,425666666667","44,22688167636741","0,02","30,31","30,31"
2025-09-11 12:30:00,"2235,862333333335","4520,569333333334","44,959627819244325","-4,98","3,85","3,85"
2025-09-11 12:45:00,"2448,3850000000016","4767,870999999999","45,47429041792324","-9,96","-2,4","-2,4"
2025-09-11 13:00:00,"2773,0980000000013","4710,966","45,76268875063664","-4,92","-24,54","-24,54"
2025-09-11 13:15:00,"2435,5826666666676","4431,87","45,820074073575285","20,0","-14,02","-14,02"
2025-09-11 13:30:00,"2087,1870000000013","4271,804666666667","45,64546339011835","4,04","-21,03","-21,03"
2025-09-11 13:45:00,"2264,106333333334","4325,059666666667","45,241737837640905","-9,93","-26,62","-26,62"
2025-09-11 14:00:00,"2181,376000000001","3737,4046666666654","44,6153895204595","-9,93","-5,02","-5,02"
2025-09-11 14:15:00,"1906,7110000000014","2924,1713333333337","43,77609902392472","-3,32","6,49","6,49"
2025-09-11 14:30:00,"2094,1033333333344","3449,775333333333","42,73605611786629","-9,95","73,32","73,32"
2025-09-11 14:45:00,"2040,1320000000012","2924,6356666666666","41,509239867572","20,01","89,18","89,18"
2025-09-11 15:00:00,"2039,7953333333346","2418,8836666666666","40,11070210484462","-5,0","79,14","79,14"
2025-09-11 15:15:00,"2365,2113333333346","3354,581","38,55593469332333","0,03","6,91","6,91"
2025-09-11 15:30:00,"1972,7346666666679","3518,218666666666","36,86033228812154","-14,9","2,14","2,14"
2025-09-11 15:45:00,"2030,272666666668","3279,3393333333333","35,03882125768217","42,28","41,09","41,09"
2025-09-11 16:00:00,"686,8223333333345","2093,383333333333","33,10559393423863","0,05","-7,16","-7,16"
2025-09-11 16:15:00,"327,6103333333345","2384,0910000000003","31,073958182025493","13,98","118,26","118,26"
2025-09-11 16:30:00,"349,6410000000012","1858,219","28,95627326406797","30,02","8,43","8,43"
2025-09-11 16:45:00,"319,4286666666679","1149,932","26,76405771573091","80,03","19,27","19,27"
2025-09-11 17:00:00,"295,92066666666784","842,431","24,507625243271065","34,89","76,39","76,39"
2025-09-11 17:15:00,"341,78766666666786","648,7946666666668","22,196792053501653","65,07","121,02","121,02"
2025-09-11 17:30:00,"290,4483333333345","473,993","19,84057354699044","98,2","131,13","131,13"
2025-09-11 17:45:00,"336,4113333333345","619,7196666666666","17,447435252996147","140,6","147,81","147,81"
2025-09-11 18:00:00,"966,6203333333345","2316,5356666666667","15,02547981327466","70,02","107,11","107,11"
2025-09-11 18:15:00,"3215,1816666666678","810,924","12,582733511197354","90,6","51,47","51,47"
2025-09-11 18:30:00,"898,6136666666678","297,1793333333333","10,12764697927151","115,77","74,05","74,05"
2025-09-11 18:45:00,"1383,1606666666678","298,0433333333334","7,6702275457497056","154,95","72,57","72,57"
2025-09-11 19:00:00,"616,6790000000012","144,191","5,225128332684188","117,57","50,72","50,72"
2025-09-11 19:15:00,"308,7046666666679","50,21566666666666","2,822304386127436","135,01","59,5","59,5"
2025-09-11 19:30:00,"336,8106666666679","6,313666666666666","0,5478774854414816","141,8","159,4","159,4"
2025-09-11 19:45:00,"447,8943333333345","0,0","-2,3464640962952097","146,7","189,86","189,86"
2025-09-11 20:00:00,"948,8230000000013","0,0","-4,790431031668137","159,33","179,55","179,55"
2025-09-11 20:15:00,"326,3176666666679","0,0","-7,208781881552498","132,8","350,46","350,46"
2025-09-11 20:30:00,"360,5115000000018","0,0","-9,595081764294628","120,0","73,95","73,95"
2025-09-11 20:45:00,"1351,4733333333347","0,0","-11,94259455836117","103,6","48,07","48,07"
2025-09-11 21:00:00,"497,25233333333455","0,0","-14,244216887113692","137,5","17,06","17,06"
2025-09-11 21:15:00,"671,6580000000012","0,0","-16,492414547029206","110,1","-20,64","-20,64"
2025-09-11 21:30:00,"1791,329000000001","0,0","-18,6791644606243","100,08","18,01","18,01"
2025-09-11 21:45:00,"1346,5753333333346","0,0","-20,795906107177867","85,08","102,65","102,65"
2025-09-11 22:00:00,"1915,064000000001","0,0","-22,83350492726336","105,1","169,45","169,45"
2025-09-11 22:15:00,"1596,5956666666677","0,0","-24,782234364153027","95,1","872,85","872,85"
2025-09-11 22:30:00,"816,3083333333345","0,0","-26,63178440765673","85,23","67,82","67,82"
2025-09-11 22:45:00,"521,3606666666678","0,0","-28,371303397475536","77,9","30,49","30,49"
2025-09-11 23:00:00,"433,7640000000012","0,0","-29,989483213463064","95,01","42,41","42,41"
2025-09-11 23:15:00,"386,9313333333346","0,0","-31,4746975491908","60,1","58,15","58,15"
2025-09-11 23:30:00,"483,16066666666785","0,0","-32,81519933534954","70,5","105,06","105,06"
2025-09-11 23:45:00,"446,5410000000012","0,0","-33,99938194297941","54,87","105,21","105,21"
2025-09-12 00:00:00,"387,33433333333454","0,0","-35,016102241769765","65,02","61,36","61,36"
2025-09-12 00:15:00,"329,91200000000117","0,0","-35,855053613772704","53,97","99,85","99,85"
2025-09-12 00:30:00,"228,20666666666787","0,0","-36,50716880538212","30,09","10,31","10,31"
2025-09-12 00:45:00,"308,64733333333453","0,0","-36,96502217645001","45,3","18,59","18,59"
2025-09-12 01:00:00,"296,4963333333345","0,0","-37,22319293477956","52,1","99,27","99,27"
2025-09-12 01:15:00,"209,50166666666783","0,0","-37,278550320191215","39,46","90,76","90,76"
2025-09-12 01:30:00,"303,0253333333345","0,0","-37,13042626548517","20,1","107,03","107,03"
2025-09-12 01:45:00,"270,3940000000012","0,0","-36,78065317853002","18,0","40,07","40,07"
2025-09-12 02:00:00,"366,2243333333345","0,0","-36,23346216583326","42,37","47,28","47,28"
2025-09-12 02:15:00,"327,1510000000012","0,0","-35,49525466955805","20,09","63,23","63,23"
2025-09-12 02:30:00,"236,7423333333345","0,0","-34,574276395309795","15,05","103,25","103,25"
2025-09-12 02:45:00,"269,2883333333345","0,0","-33,480231287004386","15,05","57,65","57,65"
2025-09-12 03:00:00,"265,2733333333345","0,0","-32,22387450893992","15,08","85,25","85,25"
2025-09-12 03:15:00,"237,67466666666783","0,0","-30,81662013104789","22,34","70,07","70,07"
2025-09-12 03:30:00,"297,3870000000012","0,0","-29,270189572944275","40,01","102,71","102,71"
2025-09-12 03:45:00,"305,5800000000011","0,0","-27,596316175638798","22,34","53,63","53,63"
2025-09-12 04:00:00,"335,0316666666678","0,0","-25,806513674787496","15,08","34,94","34,94"
2025-09-12 04:15:00,"290,65766666666786","0,0","-23,911907322378774","43,2","39,04","39,04"
2025-09-12 04:30:00,"221,9093333333345","0,0","-21,923121020993563","37,89","52,04","52,04"
2025-09-12 04:45:00,"263,31266666666784","0,0","-19,850213472128345","51,1","47,96","47,96"
2025-09-12 05:00:00,"250,13533333333447","0,0","-17,702653409348915","43,2","41,06","41,06"
2025-09-12 05:15:00,"224,10966666666783","0,0","-15,489324068890935","51,5","19,48","19,48"
2025-09-12 05:30:00,"295,41066666666785","0,0","-13,218550724806123","67,7","51,8","51,8"
2025-09-12 05:45:00,"297,1446666666679","0,0","-10,898144061207269","84,6","76,28","76,28"
2025-09-12 06:00:00,"364,4130000000012","0,0","-8,53545336371167","64,5","118,86","118,86"
2025-09-12 06:15:00,"304,2470000000012","0,0","-6,137427636784415","86,9","122,32","122,32"
2025-09-12 06:30:00,"243,26633333333456","0,0","-3,7106811749541655","105,6","129,46","129,46"
2025-09-12 06:45:00,"677,8640000000013","0,0","-1,261560904214476","123,8","125,81","125,81"
2025-09-12 07:00:00,"2981,565666666668","32,04233333333333","1,5194271125871388","114,95","139,88","139,88"
2025-09-12 07:15:00,"2565,858333333334","197,83966666666663","3,863483613604592","114,92","166,56","166,56"
2025-09-12 07:30:00,"405,2940000000012","368,1256666666666","6,285052902948773","111,4","162,54","162,54"
2025-09-12 07:45:00,"698,0183333333346","424,852","8,73223215079038","111,7","123,97","123,97"
2025-09-12 08:00:00,"480,7386666666678","594,5743333333334","11,182912631273645","130,72","92,45","92,45"
2025-09-12 08:15:00,"426,06366666666787","698,2973333333332","13,625793081144808","114,94","134,53","134,53"
2025-09-12 08:30:00,"524,3366666666678","387,5533333333333","16,051764436608746","91,8","57,43","57,43"
2025-09-12 08:45:00,"1080,0476666666677","612,618","18,452581912468386","65,07","114,88","114,88"
2025-09-12 09:00:00,"378,2586666666678","732,1913333333333","20,82016341323283","119,91","15,74","15,74"
2025-09-12 09:15:00,"263,48466666666775","315,529","23,14623352059669","82,0","106,45","106,45"
2025-09-12 09:30:00,"346,16700000000105","375,3836666666666","25,42200049147613","55,03","123,97","123,97"
2025-09-12 09:45:00,"402,78233333333446","579,3383333333333","27,6380915086002","33,9","108,4","108,4"
2025-09-12 10:00:00,"495,71900000000113","1075,3506666666667","29,78439028341407","67,3","247,89","247,89"
2025-09-12 10:15:00,"475,59366666666773","854,5573333333335","31,849941795498736","41,42","144,9","144,9"
2025-09-12 10:30:00,"348,64133333333444","737,133","33,822880956334664","10,06","-82,34","-82,34"
2025-09-12 10:45:00,"403,4385000000017","760,3120000000001","35,69042521512769","-4,93","-126,11","-126,11"
2025-09-12 11:00:00,"442,5680000000011","1274,619333333333","37,43885063887903","40,0","-0,67","-0,67"
2025-09-12 11:15:00,"440,1480000000011","1444,1656666666668","39,05371272393728","-14,23","0,82","0,82"
2025-09-12 11:30:00,"450,84400000000113","1445,361666666667","40,51994026054826","-14,9","70,83","70,83"
2025-09-12 11:45:00,"504,4970000000011","1558,3066666666668","41,82221436003852","-14,92","-11,13","-11,13"
2025-09-12 12:00:00,"483,2523333333343","1597,215333333333","42,94540907178249","20,9","80,8","80,8"
2025-09-12 12:15:00,"478,3150000000011","1916,8453333333327","43,87516625330192","0,62","8,48","8,48"
2025-09-12 12:30:00,"710,5523333333344","1929,834666666667","44,59856358082623","-14,91","-3,4","-3,4"
2025-09-12 12:45:00,"1695,5926666666678","1425,166666666667","45,10482952577241","-14,91","-9,22","-9,22"
2025-09-12 13:00:00,"1283,0406666666677","1354,6213333333335","45,38601794963842","8,8","-9,54","-9,54"
2025-09-12 13:15:00,"385,6153333333344","1550,0043333333335","45,43755530864457","-6,83","-3,42","-3,42"
2025-09-12 13:30:00,"2374,5503333333345","2243,8300000000004","45,25857466071477","-6,83","37,05","37,05"
2025-09-12 13:45:00,"2410,9043333333348","2432,0643333333333","44,85203780639441","-14,9","-11,74","-11,74"
2025-09-12 14:00:00,"443,8233333333345","2062,768","44,22428991715878","-5,3","-0,5","-0,5"
2025-09-12 14:15:00,"627,3283333333345","1889,4246666666668","43,3849301131814","-14,9","-17,5","-17,5"
2025-09-12 14:30:00,"400,2386666666678","2336,895","42,34598696832823","-5,25","-16,24","-16,24"
2025-09-12 14:45:00,"442,1243333333345","2032,061","41,121238833538605","4,2","-53,05","-53,05"
2025-09-12 15:00:00,"415,77800000000116","1507,6","39,72552553388453","-14,9","-3,19","-3,19"
2025-09-12 15:15:00,"390,84400000000113","1525,1783333333335","38,1741382675595","-9,8","-14,38","-14,38"
2025-09-12 15:30:00,"527,6200000000013","2001,4196666666671","36,48227495520744","7,8","-33,85","-33,85"
2025-09-12 15:45:00,"690,9930000000012","1893,1423333333328","34,664694236119324","20,6","-5,16","-5,16"
2025-09-12 16:00:00,"895,3770000000011","1672,3643333333337","32,7354467396208","-14,92","62,03","62,03"
2025-09-12 16:15:00,"473,4913333333344","2315,320666666667","30,7077207938546","-14,9","-29,48","-29,48"
2025-09-12 16:30:00,"337,67966666666774","1904,1833333333327","28,593787861731048","-1,78","53,22","53,22"
2025-09-12 16:45:00,"432,20633333333444","1945,099","26,405073589784894","59,6","-5,74","-5,74"
2025-09-12 17:00:00,"422,0996666666677","1778,091666666667","24,151897361665142","15,0","116,24","116,24"
2025-09-12 17:15:00,"1496,5073333333346","1301,3456666666673","21,844010506422965","49,4","-4,68","-4,68"
2025-09-12 17:30:00,"583,970000000001","982,8560000000004","19,490414533648877","81,4","-9,82","-9,82"
2025-09-12 17:45:00,"385,07733333333437","798,8316666666669","17,099577493233248","119,2","167,82","167,82"
2025-09-12 18:00:00,"397,048000000001","679,756666666667","14,679629455560573","60,05","17,04","17,04"
2025-09-12 18:15:00,"384,8600000000011","517,1253333333335","12,238668532054715","93,4","165,28","165,28"
2025-09-12 18:30:00,"330,18666666666775","523,7230000000003","9,78530939070423","126,05","180,71","180,71"
2025-09-12 18:45:00,"384,64266666666776","424,901666666667","7,329968066892999","159,7","282,83","282,83"
2025-09-12 19:00:00,"1896,9750000000013","193,1280000000003","4,88847511641836","115,81","61,83","61,83"
2025-09-12 19:15:00,"889,7343333333346","51,53300000000029","2,4948979515506404","130,05","47,85","47,85"
2025-09-12 19:30:00,"582,2806666666679","2,430000000000296","0,2486220481613716","148,3","96,47","96,47"
2025-09-12 19:45:00,"458,9476666666679","0,0","-2,6926861599809198","158,3","132,24","132,24"
2025-09-12 20:00:00,"428,0256666666678","0,0","-5,138097625197272","168,18","83,14","83,14"
2025-09-12 20:15:00,"567,7796666666679","0,0","-7,558253521987047","141,6","70,52","70,52"
2025-09-12 20:30:00,"317,12333333333453","0,0","-9,946703114361648","129,7","55,99","55,99"
2025-09-12 20:45:00,"740,4186666666678","0,0","-12,296690442067344","115,07","26,38","26,38"
2025-09-12 21:00:00,"401,00700000000114","0,0","-14,601087276262326","144,4","84,31","84,31"
2025-09-12 21:15:00,"424,45233333333454","0,0","-16,85232832057942","124,8","43,7","43,7"
2025-09-12 21:30:00,"582,6630000000011","0,0","-19,042351752348484","110,7","79,01","79,01"
2025-09-12 21:45:00,"411,80533333333454","0,0","-21,16254910236294","89,51","56,94","56,94"
2025-09-12 22:00:00,"452,86300000000114","0,0","-23,203727039311094","122,92","138,96","138,96"
2025-09-12 22:15:00,"424,34633333333454","0,0","-25,156087846026026","117,3","194,48","194,48"
2025-09-12 22:30:00,"433,34066666666786","0,0","-27,009236641829855","94,3","138,85","138,85"
2025-09-12 22:45:00,"1612,6586666666676","0,0","-28,75222236034316","82,6","104,17","104,17"
2025-09-12 23:00:00,"1147,335666666668","0,0","-30,373622947158896","110,5","113,05","113,05"
2025-09-12 23:15:00,"639,7616666666677","0,0","-31,86168486153691","98,8","100,29","100,29"
2025-09-12 23:30:00,"655,5416666666677","0,0","-33,2045233375437","91,7","67,06","67,06"
2025-09-12 23:45:00,"429,36266666666774","0,0","-34,39038835883759","67,89","34,88","34,88"
2025-09-13 00:00:00,"500,45300000000105","0,0","-35,40799455053703","91,21","77,51","77,51"
2025-09-13 00:15:00,"539,8886666666677","0,0","-36,24690289046298","89,8","52,27","52,27"
2025-09-13 00:30:00,"663,8320000000017","0,0","-36,89793350703409","79,7","57,15","57,15"
2025-09-13 00:45:00,"605,0966666666677","0,0","-37,35357804832529","69,7","24,01","24,01"
2025-09-13 01:00:00,"523,076000000001","0,0","-37,60837180628561","82,3","45,41","45,41"
2025-09-13 01:15:00,"423,6513333333345","0,0","-37,65918507484918","78,5","103,39","103,39"
2025-09-13 01:30:00,"585,5076666666678","0,0","-37,50539806348556","73,3","102,65","102,65"
2025-09-13 01:45:00,"479,2270000000011","0,0","-37,14893643177889","61,09","58,08","58,08"
2025-09-13 02:00:00,"413,26066666666776","0,0","-36,59416300312125","65,48","47,39","47,39"
2025-09-13 02:15:00,"483,8776666666678","0,0","-35,8476396398373","70,7","29,93","29,93"
2025-09-13 02:30:00,"400,8246666666678","0,0","-34,91778968711646","68,3","34,35","34,35"
2025-09-13 02:45:00,"462,7356666666678","0,0","-33,81450038553139","64,1","109,03","109,03"
2025-09-13 03:00:00,"399,3963333333344","0,0","-32,548705606932586","65,4","103,97","103,97"
2025-09-13 03:15:00,"288,6686666666678","0,0","-31,131985536606592","62,9","111,03","111,03"
2025-09-13 03:30:00,"377,7633333333344","0,0","-29,57620972838327","72,5","109,93","109,93"
2025-09-13 03:45:00,"238,6096666666678","0,0","-27,89323881558336","74,55","130,41","130,41"
2025-09-13 04:00:00,"272,09700000000106","0,0","-26,09469226529363","65,5","118,64","118,64"
2025-09-13 04:15:00,"311,09333333333444","0,0","-24,19178038512325","68,5","64,06","64,06"
2025-09-13 04:30:00,"210,00900000000112","0,0","-22,195193397546696","78,09","54,79","54,79"
2025-09-13 04:45:00,"282,6240000000011","0,0","-20,11504011295608","72,7","40,73","40,73"
2025-09-13 05:00:00,"236,16733333333443","0,0","-17,960825903782943","74,6","28,48","28,48"
2025-09-13 05:15:00,"322,48033333333444","0,0","-15,74145986961574","66,3","76,55","76,55"
2025-09-13 05:30:00,"377,5350000000011","0,0","-13,46528486664835","78,42","51,36","51,36"
2025-09-13 05:45:00,"257,09133333333443","0,0","-11,140123090473768","78,5","42,03","42,03"
2025-09-13 06:00:00,"263,78333333333444","0,0","-8,773331157858","75,0","54,58","54,58"
2025-09-13 06:15:00,"272,89200000000113","0,0","-6,371862803218764","81,6","61,23","61,23"
2025-09-13 06:30:00,"537,1903333333345","0,0","-3,942335736101845","88,0","41,52","41,52"
2025-09-13 06:45:00,"3213,595666666668","0,0","-1,4911000033088866","94,2","43,42","43,42"
2025-09-13 07:00:00,"2334,7790000000014","0,0","1,31140526319037","85,9","25,78","25,78"
2025-09-13 07:15:00,"1235,849000000001","0,0","3,6440760810391466","87,7","39,54","39,54"
2025-09-13 07:30:00,"335,2186666666679","35,45833333333363","6,06173083849335","90,0","26,7","26,7"
2025-09-13 07:45:00,"210,2680000000012","70,33200000000029","8,506342206857026","86,8","29,84","29,84"
2025-09-13 08:00:00,"260,8613333333345","161,83166666666696","10,95501174529266","104,7","11,1","11,1"
2025-09-13 08:15:00,"326,8086666666679","338,4473333333336","13,395545400799335","89,94","22,96","22,96"
2025-09-13 08:30:00,"355,6576666666678","738,195666666667","15,818596141195767","79,48","8,54","8,54"
2025-09-13 08:45:00,"904,234666666668","955,4280000000005","18,21583681229829","57,6","1,36","1,36"
2025-09-13 09:00:00,"644,2870000000013","1095,7033333333334","20,57913958947508","85,5","8,35","8,35"
2025-09-13 09:15:00,"385,25400000000127","1087,4023333333337","22,90017906378891","64,6","-6,81","-6,81"
2025-09-13 09:30:00,"390,62500000000125","1470,214666666667","25,170173397646924","51,3","29,08","29,08"
2025-09-13 09:45:00,"341,3706666666679","1949,8113333333336","27,37974227228958","30,08","-10,99","-10,99"
2025-09-13 10:00:00,"1237,7930000000013","1854,4923333333336","29,518773717870065","40,1","-2,07","-2,07"
2025-09-13 10:15:00,"1884,7653333333346","1876,9530000000004","31,576327335325686","30,0","-14,67","-14,67"
2025-09-13 10:30:00,"1472,6206666666678","2431,948666666667","33,540580495600906","2,87","-4,78","-4,78"
2025-09-13 10:45:00,"967,9483333333346","1939,1766666666667","35,398775445355135","5,4","-78,03","-78,03"
2025-09-13 11:00:00,"2223,2833333333347","3280,9856666666665","37,13735636217848","25,18","-68,71","-68,71"
2025-09-13 11:15:00,"2318,845333333334","3872,863","38,741955283610416","10,04","-42,08","-42,08"
2025-09-13 11:30:00,"951,2013333333344","3777,713333333333","40,19766253429662","0,06","-95,99","-95,99"
2025-09-13 11:45:00,"746,9533333333346","3694,029333333333","41,48935583131659","-9,93","-136,07","-136,07"
2025-09-13 12:00:00,"540,5790000000011","3124,7833333333333","42,60214002546762","19,4","-48,08","-48,08"
2025-09-13 12:15:00,"450,5190000000012","3399,438333333333","43,521913831049005","-4,91","-19,93","-19,93"
2025-09-13 12:30:00,"561,5993333333345","3758,569333333333","44,23602231363621","-6,84","-51,09","-51,09"
2025-09-13 12:45:00,"541,8776666666679","3958,470333333333","44,73395346410389","-16,8","-35,01","-35,01"
2025-09-13 13:00:00,"779,8803333333346","3686,526666666667","45,00798983307087","9,9","9,55","9,55"
2025-09-13 13:15:00,"2715,493000000001","2680,980666666667","45,05373328917076","-0,7","-3,3","-3,3"
2025-09-13 13:30:00,"3630,3710000000015","3405,2736666666665","44,87042347491368","-9,52","-16,92","-16,92"
2025-09-13 13:45:00,"2875,5643333333346","3962,1436666666655","44,46099640311561","-9,1","-20,57","-20,57"
2025-09-13 14:00:00,"1679,2023333333343","4114,235333333333","43,83184727128327","-9,09","-4,32","-4,32"
2025-09-13 14:15:00,"1141,2666666666678","3961,088333333333","42,99242780133234","-7,6","-5,49","-5,49"
2025-09-13 14:30:00,"497,6803333333344","3700,998666666667","41,95458401400537","-4,1","-30,73","-30,73"
2025-09-13 14:45:00,"555,2243333333345","3020,4350000000004","40,73189758653451","11,3","-4,36","-4,36"
2025-09-13 15:00:00,"982,0746666666677","2941,2636666666667","39,33900039615294","-20,3","60,66","60,66"
2025-09-13 15:15:00,"1033,0336666666678","2809,041666666667","37,79096511065446","-3,8","-36,94","-36,94"
2025-09-13 15:30:00,"1046,4143333333345","2691,987333333333","36,10281479991185","-4,71","-44,76","-44,76"
2025-09-13 15:45:00,"1469,4193333333346","2600,8123333333333","34,28914206441205","22,8","-13,61","-13,61"
2025-09-13 16:00:00,"1217,0406666666677","2196,777333333333","32,36385678586564","-4,95","-30,4","-30,4"
2025-09-13 16:15:00,"1462,1583333333342","2254,8826666666664","30,34002650613424","-19,92","-887,09","-887,09"
2025-09-13 16:30:00,"997,2026666666678","2019,8316666666667","28,229836010876205","14,87","-102,46","-102,46"
2025-09-13 16:45:00,"1048,1913333333343","1871,0516666666665","26,04463729209889","45,09","-98,55","-98,55"
2025-09-13 17:00:00,"361,8163333333344","1723,1443333333332","23,79470369760118","20,8","-79,86","-79,86"
2025-09-13 17:15:00,"253,46633333333446","1313,0916666666667","21,489769700443784","50,09","173,17","173,17"
2025-09-13 17:30:00,"379,61633333333447","1023,3653333333334","19,13880528382783","89,3","20,45","20,45"
2025-09-13 17:45:00,"492,5136666666678","830,423","16,750280555286754","120,78","93,52","93,52"
2025-09-13 18:00:00,"304,44333333333446","732,9103333333334","14,332353484927992","65,0","135,7","135,7"
2025-09-13 18:15:00,"413,50366666666775","578,43","11,893143646797231","91,17","123,19","123,19"
2025-09-13 18:30:00,"779,4446666666678","355,9373333333333","9,441469315198546","119,8","168,27","168,27"
2025-09-13 18:45:00,"3841,0260000000007","202,1143333333333","6,988174786168016","144,9","194,3","194,3"
2025-09-13 19:00:00,"907,4290000000009","66,36433333333333","4,550378542714095","107,7","192,2","192,2"
2025-09-13 19:15:00,"796,0150000000009","4,876333333333333","2,167048769841075","126,1","130,33","130,33"
2025-09-13 19:30:00,"1386,5486666666673","0,0","-0,0504277083725611","131,4","1525,71","1525,71"
2025-09-13 19:45:00,"322,01300000000094","0,0","-3,040001150088166","134,1","523,46","523,46"
2025-09-13 20:00:00,"387,6953333333342","0,0","-5,486836060607323","160,8","212,55","212,55"
2025-09-13 20:15:00,"363,28133333333426","0,0","-7,9087790568351135","129,99","74,65","74,65"
2025-09-13 20:30:00,"308,1286666666675","0,0","-10,299364027241316","118,9","252,29","252,29"
2025-09-13 20:45:00,"464,15233333333424","0,0","-12,65181561707788","102,8","93,8","93,8"
2025-09-13 21:00:00,"417,2453333333343","0,0","-14,958981140349785","111,18","128,85","128,85"
2025-09-13 21:15:00,"284,9120000000009","0,0","-17,213264527532","115,4","57,91","57,91"
2025-09-13 21:30:00,"405,0713333333342","0,0","-19,40656542409965","102,9","42,56","42,56"
2025-09-13 21:45:00,"356,05233333333416","0,0","-21,530227478281358","90,6","55,42","55,42"
2025-09-13 22:00:00,"275,07566666666753","0,0","-23,57499845206288","117,2","135,06","135,06"
2025-09-13 22:15:00,"374,54600000000096","0,0","-25,531009071982236","94,2","124,32","124,32"
2025-09-13 22:30:00,"504,1050000000009","0,0","-27,387778863394555","80,09","93,84","93,84"
2025-09-13 22:45:00,"906,9786666666676","0,0","-29,134256240697148","93,13","91,22","91,22"
2025-09-13 23:00:00,"527,3776666666676","0,0","-30,75890366434733","105,8","148,11","148,11"
2025-09-13 23:15:00,"1801,597333333334","0,0","-32,24983835012418","95,4","145,58","145,58"
2025-09-13 23:30:00,"720,2956666666677","0,0","-33,59503540184843","81,6","151,23","151,23"
2025-09-13 23:45:00,"714,8696666666675","0,0","-34,78259865837873","82,13","153,95","153,95"
2025-09-14 00:00:00,"413,19933333333415","0,0","-35,8010976042173","100,2","159,73","159,73"
2025-09-14 00:15:00,"397,3723333333341","0,0","-36,63995804591333","92,5","152,49","152,49"
2025-09-14 00:30:00,"423,6580000000008","0,0","-37,28988518318197","80,38","85,63","85,63"
2025-09-14 00:45:00,"272,3383333333341","0,0","-37,74328644142698","78,2","110,47","110,47"
2025-09-14 01:00:00,"248,42966666666746","0,0","-37,99465277744581","90,25","150,74","150,74"
2025-09-14 01:15:00,"284,9656666666675","0,0","-38,0408563845959","83,4","132,97","132,97"
2025-09-14 01:30:00,"241,1440000000008","0,0","-37,88132786048563","79,0","155,63","155,63"
2025-09-14 01:45:00,"311,5505000000012","0,0","-37,51808931152483","71,1","68,3","68,3"
2025-09-14 02:00:00,"294,93600000000083","0,0","-36,955639219690056","88,2","96,53","96,53"
2025-09-14 02:15:00,"190,09033333333414","0,0","-36,20070413288624","83,6","68,39","68,39"
2025-09-14 02:30:00,"320,85900000000083","0,0","-35,261889198354446","83,9","73,38","73,38"
2025-09-14 02:45:00,"372,75266666666744","0,0","-34,1492686571195","65,5","59,95","59,95"
2025-09-14 03:00:00,"242,28100000000077","0,0","-32,87395809303744","83,6","36,32","36,32"
2025-09-14 03:15:00,"333,19466666666744","0,0","-31,447705998173188","83,0","62,31","62,31"
2025-09-14 03:30:00,"267,1643333333342","0,0","-29,882531441043835","67,48","65,42","65,42"
2025-09-14 03:45:00,"176,0230000000008","0,0","-28,190422998773123","84,7","75,82","75,82"
2025-09-14 04:00:00,"316,82233333333414","0,0","-26,38310592086627","82,6","68,05","68,05"
2025-09-14 04:15:00,"283,2680000000008","0,0","-24,471875167599546","83,2","63,1","63,1"
2025-09-14 04:30:00,"301,2146666666675","0,0","-22,467486563745343","84,2","70,14","70,14"
2025-09-14 04:45:00,"392,0073333333341","0,0","-20,380098118636752","74,8","65,63","65,63"
2025-09-14 05:00:00,"232,3193333333341","0,0","-18,21925083638989","85,82","47,17","47,17"
2025-09-14 05:15:00,"230,88266666666746","0,0","-15,993878646981225","79,8","113,01","113,01"
2025-09-14 05:30:00,"329,10966666666747","0,0","-13,712340980025978","83,8","106,06","106,06"
2025-09-14 05:45:00,"201,82400000000078","0,0","-11,3824705882726","86,2","106,15","106,15"
2025-09-14 06:00:00,"266,86633333333407","0,0","-9,011630534013769","90,75","103,06","103,06"
2025-09-14 06:15:00,"347,3413333333341","0,0","-6,606778470113387","85,2","100,92","100,92"
2025-09-14 06:30:00,"288,9643333333341","0,0","-4,174534779943992","86,7","111,25","111,25"
2025-09-14 06:45:00,"370,66300000000086","0,0","-1,721251952104484","88,3","105,16","105,16"
2025-09-14 07:00:00,"1565,8656666666673","0,0","1,1033511878601865","96,4","86,14","86,14"
2025-09-14 07:15:00,"1212,3763333333338","0,0","3,4238411667663677","97,0","75,81","75,81"
2025-09-14 07:30:00,"561,8810000000008","0,0","5,8373874352978925","92,5","116,03","116,03"
2025-09-14 07:45:00,"828,3466666666675","8,731000000000002","8,280114620282426","94,7","114,79","114,79"
2025-09-14 08:00:00,"1544,4650000000006","17,405666666666665","10,726533964085158","119,96","142,19","142,19"
2025-09-14 08:15:00,"3519,2426666666674","115,124","13,164512318178629","95,5","93,38","93,38"
2025-09-14 08:30:00,"315,8980000000007","479,3713333333334","15,58447532805579","79,6","85,7","85,7"
2025-09-14 08:45:00,"355,691333333334","879,7990000000001","17,977997192627623","55,34","80,9","80,9"
2025-09-14 09:00:00,"329,2106666666674","695,7646666666667","20,33689652117333","100,7","112,55","112,55"
2025-09-14 09:15:00,"576,4726666666675","773,8710000000001","22,652802785052916","75,4","109,98","109,98"
2025-09-14 09:30:00,"652,3890000000008","16,491666666666664","24,91693190345392","58,2","108,86","108,86"
2025-09-14 09:45:00,"422,4973333333341","254,61133333333336","27,119896051129214","30,03","93,97","93,97"
2025-09-14 10:00:00,"245,9656666666674","479,01700000000005","29,25158826287592","61,4","133,79","133,79"
2025-09-14 10:15:00,"470,2556666666675","815,6143333333333","31,30110178158974","36,1","127,91","127,91"
2025-09-14 10:30:00,"389,49300000000073","1064,1946666666663","33,25663739857763","10,07","91,52","91,52"
2025-09-14 10:45:00,"834,9430000000008","878,0326666666668","35,105586517108335","0,07","85,89","85,89"
2025-09-14 11:00:00,"696,2856666666673","120,292","36,83430521976182","30,07","156,36","156,36"
2025-09-14 11:15:00,"264,5936666666674","409,8653333333333","38,42863494534489","15,0","142,36","142,36"
2025-09-14 11:30:00,"435,65800000000075","1804,128","39,87383450433407","-14,14","36,43","36,43"
2025-09-14 11:45:00,"460,0680000000008","2477,623","41,15497739922167","-9,96","28,19","28,19"
2025-09-14 12:00:00,"439,5133333333341","1883,381333333333","42,25739720952132","28,9","66,4","66,4"
2025-09-14 12:15:00,"595,1536666666675","2806,000666666668","43,167252854379655","-31,36","37,68","37,68"
2025-09-14 12:30:00,"504,36100000000073","2221,5019999999995","43,87214493315456","7,4","12,33","12,33"
2025-09-14 12:45:00,"3328,2573333333335","3126,248333333333","44,361815512935046","-5,0","-18,54","-18,54"
2025-09-14 13:00:00,"2726,4110000000005","2738,4486666666667","44,62877016179238","5,19","81,01","81,01"
2025-09-14 13:15:00,"1814,8156666666673","2779,151666666666","44,66877901345538","6,1","18,29","18,29"
2025-09-14 13:30:00,"529,6716666666674","1668,0783333333331","44,48118656915017","-1,6","-20,12","-20,12"
2025-09-14 13:45:00,"435,36566666666744","1408,1176666666663","44,06900013553476","-9,9","-25,3","-25,3"
2025-09-14 14:00:00,"511,29700000000065","3362,728333333333","43,43848153967811","-13,12","-30,21","-30,21"
2025-09-14 14:15:00,"532,463333333334","2054,865","42,5989877265377","2,1","-47,86","-47,86"
2025-09-14 14:30:00,"625,5366666666674","2454,864","41,56221815039152","4,1","-12,03","-12,03"
2025-09-14 14:45:00,"2003,1600000000008","1795,655","40,34156096166446","6,7","25,53","25,53"
2025-09-14 15:00:00,"1353,5366666666675","3065,950333333333","38,95144324832997","-5,9","-14,64","-14,64"
2025-09-14 15:15:00,"755,6340000000009","3042,8569999999995","37,4067515023393","-31,3","-6,45","-6,45"
2025-09-14 15:30:00,"434,9453333333342","2442,454666666667","35,72231004300238","14,1","-6,7","-6,7"
2025-09-14 15:45:00,"454,5076666666676","1069,503333333333","33,91254760621685","24,3","27,48","27,48"
2025-09-14 16:00:00,"598,0640000000014","2481,746","31,991234916887457","-19,91","-10,97","-10,97"
2025-09-14 16:15:00,"696,7710000000009","3600,508333333333","29,97132523754513","0,06","13,83","13,83"
2025-09-14 16:30:00,"518,8906666666676","2227,260333333333","27,86491317446218","25,08","-1,34","-1,34"
2025-09-14 16:45:00,"715,074000000001","1058,073666666667","25,683324220581014","69,4","27,37","27,37"
2025-09-14 17:00:00,"363,4363333333343","989,4926666666664","23,436712309856038","15,45","12,95","12,95"
2025-09-14 17:15:00,"397,2536666666677","749,8833333333333","21,13478876256058","59,2","27,8","27,8"
2025-09-14 17:30:00,"459,67466666666763","813,8486666666665","18,7865282720796","105,8","171,45","171,45"
2025-09-14 17:45:00,"349,43200000000104","754,3806666666666","16,400407673922917","144,9","148,29","148,29"
2025-09-14 18:00:00,"1340,6716666666678","939,0523333333332","13,984621767293657","72,9","161,49","161,49"
2025-09-14 18:15:00,"1857,4916666666675","446,7553333333333","11,547437487978357","98,3","173,18","173,18"
2025-09-14 18:30:00,"440,1806666666677","69,84666666666666","9,09786196127164","134,94","312,24","312,24"
2025-09-14 18:45:00,"519,116000000001","24,73133333333333","6,647320136897037","164,96","528,43","528,43"
2025-09-14 19:00:00,"688,525000000001","74,21233333333333","4,2146747148434045","109,0","122,18","122,18"
2025-09-14 19:15:00,"3120,1993333333344","35,011","1,8450958105097548","127,8","182,6","182,6"
2025-09-14 19:30:00,"1279,6493333333342","2,9073333333333333","-0,921752192493296","143,36","101,05","101,05"
2025-09-14 19:45:00,"407,68266666666767","0,0","-3,388275130823724","149,92","149,96","149,96"
2025-09-14 20:00:00,"549,8013333333344","0,0","-5,836512322775777","146,08","113,09","113,09"
2025-09-14 20:15:00,"968,1493333333343","0,0","-8,260224438853477","126,2","96,36","96,36"
2025-09-14 20:30:00,"713,7333333333344","0,0","-10,652930491307307","112,8","34,72","34,72"
2025-09-14 20:45:00,"537,7240000000011","0,0","-13,007836198863746","97,8","7,86","7,86"
2025-09-14 21:00:00,"592,7586666666676","0,0","-15,317764838449984","90,09","71,31","71,31"
2025-09-14 21:15:00,"526,1463333333344","0,0","-17,575089917273633","95,97","91,85","91,85"
2025-09-14 21:30:00,"618,489000000001","0,0","-19,77167279698569","75,1","82,41","82,41"
2025-09-14 21:45:00,"622,9736666666678","0,0","-21,898809343278373","82,6","61,07","61,07"
2025-09-14 22:00:00,"661,8586666666677","0,0","-23,947188312272004","75,09","78,26","78,26"
2025-09-14 22:15:00,"1159,5063333333344","0,0","-25,90686851118663","70,1","91,54","91,54"
2025-09-14 22:30:00,"618,3866666666678","0,0","-27,76728317741549","76,82","50,0","50,0"
2025-09-14 22:45:00,"607,2143333333343","0,0","-29,5172791135472","73,6","31,53","31,53"
2025-09-14 23:00:00,"567,7483333333342","0,0","-31,14520175021529","50,0","99,51","99,51"
2025-09-14 23:15:00,"534,1876666666677","0,0","-32,6390370420758","27,48","50,83","50,83"
2025-09-14 23:30:00,"525,0273333333344","0,0","-33,98661750010672","15,09","12,76","12,76"
2025-09-14 23:45:00,"566,778000000001","0,0","-35,17589801357795","5,09","3,9","3,9"
2025-09-15 00:00:00,"314,31400000000104","0,0","-36,19529996541947","2,6","79,62","79,62"
2025-09-15 00:15:00,"393,8583333333344","0,0","-37,0341111492975","12,01","24,97","24,97"
2025-09-15 00:30:00,"403,07300000000106","0,0","-37,68291945347652","12,52","13,35","13,35"
2025-09-15 00:45:00,"359,59800000000104","0,0","-38,1340465117095","5,01","14,72","14,72"
2025-09-15 01:00:00,"353,4150000000011","0,0","-38,38193849403104","13,2","55,83","55,83"
2025-09-15 01:15:00,"387,02466666666766","0,0","-38,42347033793112","7,76","-35,53","-35,53"
2025-09-15 01:30:00,"328,75100000000106","0,0","-38,25812517129872","6,1","-91,47","-91,47"
2025-09-15 01:45:00,"480,546000000001","0,0","-37,888024794969546","-13,3","-148,41","-148,41"
2025-09-15 02:00:00,"462,0056666666677","0,0","-37,317807351972256","30,2","124,46","124,46"
2025-09-15 02:15:00,"312,60533333333433","0,0","-36,554368395028106","-4,1","69,22","69,22"
2025-09-15 02:30:00,"392,2936666666677","0,0","-35,606499070724595","-4,9","59,31","59,31"
2025-09-15 02:45:00,"376,4203333333344","0,0","-34,48446433248812","-7,4","30,26","30,26"
2025-09-15 03:00:00,"338,64466666666766","0,0","-33,19956446163608","18,8","-89,96","-89,96"
2025-09-15 03:15:00,"394,48933333333434","0,0","-31,763718408149376","11,0","-23,08","-23,08"
2025-09-15 03:30:00,"337,5930000000011","0,0","-30,18909607920392","-12,36","47,91","47,91"
2025-09-15 03:45:00,"467,88933333333443","0,4883333333333333","-28,48781458165249","-12,36","22,13","22,13"
2025-09-15 04:00:00,"443,3293333333344","0,0","-26,671704933611945","7,8","47,1","47,1"
2025-09-15 04:15:00,"339,9710000000011","0,0","-24,75214628467748","8,5","38,59","38,59"
2025-09-15 04:30:00,"372,28933333333435","0,0","-22,739959291230356","9,5","51,96","51,96"
2025-09-15 04:45:00,"369,849000000001","0,0","-20,6453502067896","-21,42","92,98","92,98"
2025-09-15 05:00:00,"330,76800000000105","0,0","-18,477894625078328","-1,1","27,51","27,51"
2025-09-15 05:15:00,"406,65600000000103","0,0","-16,246550246673976","3,6","43,56","43,56"
2025-09-15 05:30:00,"405,7423333333344","0,0","-13,959692046869568","2,32","107,21","107,21"
2025-09-15 05:45:00,"1749,498000000001","0,0","-11,625162365366403","2,32","68,11","68,11"
2025-09-15 06:00:00,"1003,321000000001","0,0","-9,250329814606545","-7,41","-123,96","-123,96"
2025-09-15 06:15:00,"391,7970000000015","0,0","-6,842155147638508","5,08","55,74","55,74"
2025-09-15 06:30:00,"416,171000000001","0,0","-4,407260674426937","15,08","59,89","59,89"
2025-09-15 06:45:00,"675,8710000000011","0,0","-1,9520006403824195","25,81","53,75","53,75"
2025-09-15 07:00:00,"642,3270000000011","0,0","0,8988153056807919","46,4","28,01","28,01"
2025-09-15 07:15:00,"1442,0770000000011","60,553","3,2046856965933164","61,3","17,63","17,63"
2025-09-15 07:30:00,"1236,7133333333345","324,79966666666667","5,613234599396865","67,9","44,48","44,48"
2025-09-15 07:45:00,"2969,4970000000008","314,129","8,052486235174474","53,22","43,34","43,34"
2025-09-15 08:00:00,"525,8683333333344","178,04066666666665","10,4966685055047","86,7","75,93","75,93"
2025-09-15 08:15:00,"1122,7753333333344","209,816","12,9320835540992","67,9","88,26","88,26"
2025-09-15 08:30:00,"970,6970000000011","421,4616666666666","15,348934365217358","47,9","76,76","76,76"
2025-09-15 08:45:00,"473,649000000001","776,0763333333333","17,73870194828322","26,8","0,4","0,4"
2025-09-15 09:00:00,"1266,9443333333345","1663,2283333333332","20,09315573107418","58,7","-1,3","-1,3"
2025-09-15 09:15:00,"620,981000000001","1694,794666666667","22,40390618673936","34,7","7,11","7,11"
2025-09-15 09:30:00,"556,835000000001","2524,672666666667","24,662142845058003","-5,0","-25,41","-25,41"
2025-09-15 09:45:00,"530,3696666666676","2252,730333333333","26,858474233971272","3,3","-48,83","-48,83"
2025-09-15 10:00:00,"592,2896666666677","3664,0236666666665","28,98280175014292","32,7","-11,23","-11,23"
2025-09-15 10:15:00,"494,4873333333344","2964,838","31,024224697903502","12,4","30,6","30,6"
2025-09-15 10:30:00,"467,0016666666677","2125,4466666666663","32,97100518384805","-32,99","-12,14","-12,14"
2025-09-15 10:45:00,"508,19066666666765","2528,218","34,81047400410372","-19,3","-9,17","-9,17"
2025-09-15 11:00:00,"488,89433333333443","2990,9270000000006","36,52935046735997","19,93","111,65","111,65"
2025-09-15 11:15:00,"510,19433333333444","2935,359333333333","38,11345143560013","0,66","84,06","84,06"
2025-09-15 11:30:00,"578,935000000001","3405,270333333333","39,54819721001249","-16,6","84,69","84,69"
2025-09-15 11:45:00,"538,748000000001","3235,8103333333333","40,81885690802828","-20,8","-37,27","-37,27"
2025-09-15 12:00:00,"569,6480000000012","2426,6963333333333","41,910991296434766","-4,6","-45,28","-45,28"
2025-09-15 12:15:00,"505,1180000000012","2539,389","42,81098635222764","-28,26","11,91","11,91"
2025-09-15 12:30:00,"512,8593333333345","3842,2826666666665","43,50672558427007","-24,3","57,49","57,49"
2025-09-15 12:45:00,"551,1696666666678","4144,544333333333","43,98819926348574","-32,6","-30,99","-30,99"
2025-09-15 13:00:00,"422,04766666666774","2328,337","44,24812990105592","-12,8","-53,82","-53,82"
2025-09-15 13:15:00,"501,4656666666677","2445,7503333333334","44,28246906124844","-19,0","-82,11","-82,11"
2025-09-15 13:30:00,"554,4093333333344","2523,217333333333","44,09064348149716","-43,56","-31,55","-31,55"
2025-09-15 13:45:00,"547,0386666666677","3569,207333333333","43,67563894149126","-49,0","-33,6","-33,6"
2025-09-15 14:00:00,"1015,0903333333343","3542,0666666666666","43,04374661203979","-26,8","-8,1","-8,1"
2025-09-15 14:15:00,"1049,027000000001","3754,2576666666673","42,2041880504253","-23,2","3,44","3,44"
2025-09-15 14:30:00,"781,8240000000011","3518,4676666666664","41,16848960949615","-38,78","-32,75","-32,75"
2025-09-15 14:45:00,"500,3920000000011","3263,84","39,949849673402056","-17,1","-29,42","-29,42"
2025-09-15 15:00:00,"1160,8540000000012","3474,0393333333336","38,562494316244","-34,8","-38,36","-38,36"
2025-09-15 15:15:00,"2148,2613333333343","2864,895666666667","37,02111042276278","-22,4","-17,05","-17,05"
2025-09-15 15:30:00,"2287,518000000001","2884,582","35,34034100637198","-14,7","-25,9","-25,9"
2025-09-15 15:45:00,"1053,5590000000013","2865,985","33,53445240818657","-2,54","10,32","10,32"
2025-09-15 16:00:00,"633,2300000000012","2940,3586666666665","31,61707685151808","-35,0","-51,39","-51,39"
2025-09-15 16:15:00,"469,73966666666786","2524,066","29,60105934102166","-14,6","-14,52","-14,52"
2025-09-15 16:30:00,"366,89933333333454","2133,393666666667","27,49839846383077","3,1","125,01","125,01"
2025-09-15 16:45:00,"453,9286666666678","2093,8976666666667","25,32034917450873","34,1","63,6","63,6"
2025-09-15 17:00:00,"486,52800000000116","1967,140666666667","23,077005432905736","-17,9","79,95","79,95"
2025-09-15 17:15:00,"263,93533333333454","2547,4426666666664","20,77806462714723","-49,0","-58,8","-58,8"
2025-09-15 17:30:00,"427,50000000000125","2775,19","18,432474575094226","22,9","102,96","102,96"
2025-09-15 17:45:00,"362,08800000000116","2036,715","16,048715281094115","63,1","106,01","106,01"
2025-09-15 18:00:00,"272,1360000000012","1254,4820000000002","13,635013927697257","32,46","99,94","99,94"
2025-09-15 18:15:00,"776,3186666666678","839,1323333333332","11,199719126675568","63,3","104,72","104,72"
2025-09-15 18:30:00,"935,3673333333345","536,8943333333334","8,752056918250233","80,2","180,5","180,5"
2025-09-15 18:45:00,"1086,7493333333346","337,59333333333336","6,304029519931149","116,3","218,47","218,47"
2025-09-15 19:00:00,"2921,1053333333343","99,30566666666668","3,876335690006613","71,9","38,28","38,28"
2025-09-15 19:15:00,"2689,7880000000014","11,631333333333334","1,5211745787181457","89,99","23,33","23,33"
2025-09-15 19:30:00,"1175,2703333333345","0,485","-1,269851696446044","101,39","17,3","17,3"
2025-09-15 19:45:00,"859,8053333333345","0,0","-3,737374431935357","109,92","13,99","13,99"
2025-09-15 20:00:00,"374,69900000000115","0,0","-6,186992616360469","106,5","64,95","64,95"
2025-09-15 20:15:00,"1079,1883333333344","0,0","-8,612455784480872","103,3","102,77","102,77"
2025-09-15 20:30:00,"486,01750000000175","0,0","-11,007268590371073","94,8","53,27","53,27"
2025-09-15 20:45:00,"930,0046666666678","0,0","-13,36461831663043","84,1","118,9","118,9"
2025-09-15 21:00:00,"1535,8016666666679","0,0","-15,677304650223157","89,91","195,16","195,16"
2025-09-15 21:15:00,"516,0526666666678","0,0","-17,937671056124515","84,91","20,04","20,04"
2025-09-15 21:30:00,"606,5716666666679","0,0","-20,13754089195475","67,87","-1,7","-1,7"
2025-09-15 21:45:00,"885,3016666666678","0,0","-22,26816237744781","15,09","-14,47","-14,47"
2025-09-15 22:00:00,"915,2756666666678","0,0","-24,320165199407786","67,2","19,58","19,58"
2025-09-15 22:15:00,"445,8016666666678","0,0","-26,28353591925947","53,34","-1,46","-1,46"
2025-09-15 22:30:00,"825,793666666668","0,0","-28,14762082239614","45,7","0,84","0,84"
2025-09-15 22:45:00,"376,6396666666679","0,0","-29,90116402853651","34,1","-4,12","-4,12"
2025-09-15 23:00:00,"465,87300000000124","0,0","-31,53239240406879","48,2","53,43","53,43"
2025-09-15 23:15:00,"469,8226666666679","0,0","-33,029158617547665","33,0","23,7","23,7"
2025-09-15 23:30:00,"429,8920000000012","0,0","-34,37915009818839","16,25","-1,53","-1,53"
2025-09-15 23:45:00,"466,130666666668","0,0","-35,570169932854384","8,0","10,0","10,0"
2025-09-16 00:00:00,"227,56000000000128","0,0","-36,590488377936445","7,93","-24,92","-24,92"
2025-09-16 00:15:00,"248,58700000000124","0,0","-37,42925229944072","-49,0","4,28","4,28"
2025-09-16 00:30:00,"356,00933333333455","0,0","-38,07692981862546","7,93","-0,37","-0,37"
2025-09-16 00:45:00,"184,07533333333458","0,0","-38,52575515054851","12,41","-41,42","-41,42"
2025-09-16 01:00:00,"297,8190000000012","0,0","-38,77012919523754","14,9","-28,1","-28,1"
2025-09-16 01:15:00,"390,9723333333346","0,0","-38,8069304800127","-21,78","3,49","3,49"
2025-09-16 01:30:00,"237,6736666666679","0,0","-38,63569683737016","-21,78","-8,59","-8,59"
2025-09-16 01:45:00,"335,4103333333345","0,0","-38,25865306486309","7,41","31,15","31,15"
2025-09-16 02:00:00,"255,9150000000012","0,0","-37,68058103164365","-18,75","143,74","143,74"
2025-09-16 02:15:00,"219,18833333333455","0,0","-36,90854966849834","-18,75","-4,2","-4,2"
2025-09-16 02:30:00,"305,72566666666796","0,0","-35,95154035231971","7,43","3,71","3,71"
2025-09-16 02:45:00,"221,1056666666679","0,0","-34,82001246781723","7,43","-20,1","-20,1"
2025-09-16 03:00:00,"284,30200000000127","0,0","-33,52545395812119","7,4","-27,95","-27,95"
2025-09-16 03:15:00,"423,9363333333346","0,0","-32,07995633803306","-9,74","-22,06","-22,06"
2025-09-16 03:30:00,"212,01333333333457","0,0","-30,49584161747152","-9,74","9,05","9,05"
2025-09-16 03:45:00,"278,33666666666795","0,0","-28,78535595358738","-9,74","4,52","4,52"
2025-09-16 04:00:00,"277,76700000000125","0,0","-26,96043605266646","-49,0","4,58","4,58"
2025-09-16 04:15:00,"233,60066666666793","0,0","-25,032544727132603","6,13","6,21","6,21"
2025-09-16 04:30:00,"317,065666666668","0,0","-23,012566641222275","6,13","-17,59","-17,59"
2025-09-16 04:45:00,"245,92100000000124","0,0","-20,910755293385787","14,92","-23,34","-23,34"
2025-09-16 05:00:00,"302,3333333333346","0,0","-18,736719790002237","9,92","-3,97","-3,97"
2025-09-16 05:15:00,"362,21866666666796","0,0","-16,499440516814545","17,4","-0,47","-0,47"
2025-09-16 05:30:00,"229,96333333333462","0,0","-14,20730694643498","-22,86","73,39","73,39"
2025-09-16 05:45:00,"293,38600000000133","0,0","-11,8681700233136","-22,86","108,84","108,84"
2025-09-16 06:00:00,"323,26466666666795","0,0","-9,489403005178245","-14,9","80,91","80,91"
2025-09-16 06:15:00,"194,25266666666795","0,0","-7,077968918213816","-14,91","82,98","82,98"
2025-09-16 06:30:00,"366,4533333333346","0,0","-4,640491247317035","-14,91","97,31","97,31"
2025-09-16 06:45:00,"315,4750000000013","0,0","-2,1833253044523717","52,37","102,18","102,18"
2025-09-16 07:00:00,"546,1283333333347","1,9403333333333328","0,6902834945992129","67,41","197,44","197,44"
2025-09-16 07:15:00,"1865,3196666666681","35,42633333333334","2,982395906631815","-14,9","166,96","166,96"
2025-09-16 07:30:00,"4215,306333333335","88,27866666666667","5,38641277846291","35,52","187,08","187,08"
2025-09-16 07:45:00,"730,1143333333346","209,40000000000003","7,823642513040216","-14,9","208,18","208,18"
2025-09-16 08:00:00,"593,9930000000012","375,66833333333335","10,265557673044572","67,45","208,1","208,1"
2025-09-16 08:15:00,"260,1666666666678","634,3253333333333","12,698349660958712","-14,9","181,9","181,9"
2025-09-16 08:30:00,"375,85866666666783","636,2230000000001","15,112028001804369","-14,91","133,48","133,48"
2025-09-16 08:45:00,"320,48266666666785","634,124","17,497980093307696","-10,06","119,3","119,3"
2025-09-16 09:00:00,"493,8396666666678","1086,631666666667","19,847927333263407","40,79","-16,41","-16,41"
2025-09-16 09:15:00,"479,4693333333345","1232,9910000000002","22,153437815346248","-14,93","47,53","47,53"
2025-09-16 09:30:00,"408,7590000000012","2321,822666666667","24,405706441090395","-14,93","49,15","49,15"
2025-09-16 09:45:00,"559,7450000000011","3326,456666666667","26,595338625583857","-14,93","12,51","12,51"
2025-09-16 10:00:00,"525,7966666666679","3671,9456666666665","28,712245153515543","22,4","115,37","115,37"
2025-09-16 10:15:00,"439,6956666666678","3962,838666666667","30,74556657455869","-14,93","-246,75","-246,75"
2025-09-16 10:30:00,"539,8290000000012","3867,446333333333","32,683589055390684","-14,93","101,9","101,9"
2025-09-16 10:45:00,"498,0986666666678","3711,4646666666654","34,513855318801774","-14,97","-56,27","-56,27"
2025-09-16 11:00:00,"546,0315000000018","3145,5210000000006","36,22286516307991","5,34","9,72","9,72"
2025-09-16 11:15:00,"651,6613333333345","4226,7046666666665","37,79674629431933","-5,07","-17,23","-17,23"
2025-09-16 11:30:00,"471,80600000000123","2642,699666666667","39,221065327742586","-14,93","5,38","5,38"
2025-09-16 11:45:00,"415,1526666666678","1927,4176666666667","40,481285995492","-14,94","7,88","7,88"
2025-09-16 12:00:00,"506,1636666666679","2733,8703333333333","41,56319400436505","-5,03","56,98","56,98"
2025-09-16 12:15:00,"620,4720000000011","3431,6289999999995","42,45343271095011","-12,55","-7,03","-7,03"
2025-09-16 12:30:00,"602,3606666666677","3390,603333333333","43,14012814477759","-14,91","-6,11","-6,11"
2025-09-16 12:45:00,"616,4423333333344","3190,179333333333","43,61351398975067","-13,82","3,08","3,08"
2025-09-16 13:00:00,"1218,3593333333345","3460,851666666666","43,86652472753251","-14,9","-62,76","-62,76"
2025-09-16 13:15:00,"2069,867000000001","1491,4766666666662","43,89526318334479","-14,78","-6,41","-6,41"
2025-09-16 13:30:00,"970,4186666666677","1834,685333333333","43,69926078012608","-14,9","-3,21","-3,21"
2025-09-16 13:45:00,"928,6236666666678","2548,925333333333","43,28153487001772","-14,92","-7,96","-7,96"
2025-09-16 14:00:00,"582,5420000000012","3166,390666666666","42,64830673274237","-14,91","53,04","53,04"
2025-09-16 14:15:00,"309,70300000000117","2687,163666666667","41,80870155898075","4,71","78,89","78,89"
2025-09-16 14:30:00,"326,6793333333345","2582,3936666666664","40,77408325321054","-14,91","-23,67","-23,67"
2025-09-16 14:45:00,"283,26800000000117","2219,092666666666","39,55746409179768","-7,51","-71,04","-71,04"
2025-09-16 15:00:00,"255,20766666666782","2489,772","38,17287290332144","-14,93","68,16","68,16"
2025-09-16 15:15:00,"238,88600000000116","1832,994666666666","36,63479543115669","-14,93","1,75","1,75"
2025-09-16 15:30:00,"220,6963333333345","1932,914333333333","34,95770075550022","-14,93","2,25","2,25"
2025-09-16 15:45:00,"176,30666666666784","2720,7613333333325","33,155695089847974","11,18","-17,11","-17,11"
2025-09-16 16:00:00,"224,3426666666678","2611,176999999999","31,24227390280237","-14,93","95,77","95,77"
2025-09-16 16:15:00,"228,98633333333447","2363,3589999999995","29,230163709472237","-10,96","58,9","58,9"
2025-09-16 16:30:00,"1540,9690000000012","2555,180666666666","27,131277806732328","-14,9","97,6","97,6"
2025-09-16 16:45:00,"493,0510000000012","1869,3733333333328","24,95679034289789","30,0","102,03","102,03"
2025-09-16 17:00:00,"239,8560000000012","1589,5009999999993","22,71677002445405","-13,05","134,72","134,72"
2025-09-16 17:15:00,"231,12066666666786","2188,111999999999","20,4208626293968","-14,91","216,34","216,34"
2025-09-16 17:30:00,"183,76000000000118","1364,780666666666","18,078006760912253","-14,9","160,48","160,48"
2025-09-16 17:45:00,"278,44900000000115","1469,5823333333326","15,69668992249946","65,0","201,5","201,5"
2025-09-16 18:00:00,"331,9243333333345","1138,145333333333","13,285180323746689","15,0","117,94","117,94"
2025-09-16 18:15:00,"199,99266666666784","1044,0996666666665","10,851928789908946","62,42","255,18","255,18"
2025-09-16 18:30:00,"317,3770000000012","642,5096666666662","8,406423708916536","84,96","156,85","156,85"
2025-09-16 18:45:00,"841,639666666668","385,6176666666662","5,96137144691557","112,0","16,29","16,29"
2025-09-16 19:00:00,"3130,3906666666685","156,94766666666624","3,5397513464240893","68,28","13,79","13,79"
2025-09-16 19:15:00,"796,2686666666677","18,923333333332888","1,202448748491359","99,94","27,05","27,05"
2025-09-16 19:30:00,"1969,6453333333347","0,0","-1,61866778530411","104,93","40,05","40,05"
2025-09-16 19:45:00,"1392,3293333333345","0,0","-4,087166171121138","107,46","25,41","25,41"
2025-09-16 20:00:00,"451,4806666666678","0,0","-6,538143895134424","112,41","20,02","20,02"
2025-09-16 20:15:00,"315,2810000000012","0,0","-8,965339907887769","85,1","6,14","6,14"
2025-09-16 20:30:00,"546,885000000001","0,0","-11,3622450423854","92,22","51,69","51,69"
2025-09-16 20:45:00,"552,2270000000011","0,0","-13,722028659225964","92,41","33,29","33,29"
2025-09-16 21:00:00,"331,0450000000012","0,0","-16,03746733033985","83,37","6,35","6,35"
2025-09-16 21:15:00,"443,0796666666679","0,0","-18,300874888194382","89,91","3,38","3,38"
2025-09-16 21:30:00,"387,79566666666784","0,0","-20,50403700084072","79,91","-78,86","-78,86"
2025-09-16 21:45:00,"917,2250000000012","0,0","-22,63815441472159","72,4","-15,28","-15,28"
2025-09-16 22:00:00,"479,72633333333454","0,0","-24,693797722111025","79,91","99,88","99,88"
2025-09-16 22:15:00,"366,93833333333447","0,0","-26,660880947005406","65,06","74,22","74,22"
2025-09-16 22:30:00,"508,5876666666679","0,0","-28,528662791081548","64,9","73,64","73,64"
2025-09-16 22:45:00,"457,1573333333345","0,0","-30,285783645660963","54,92","75,85","75,85"
2025-09-16 23:00:00,"383,27233333333453","0,0","-31,92035028959681","58,49","140,5","140,5"
2025-09-16 23:15:00,"446,4866666666678","0,0","-33,42008007478643","59,92","118,88","118,88"
2025-09-16 23:30:00,"542,5323333333346","0,0","-34,77251283477886","52,42","111,98","111,98"
2025-09-16 23:45:00,"313,82600000000116","0,0","-35,96529695523939","44,92","89,28","89,28"
2025-09-17 00:00:00,"288,8410000000012","0,0","-36,98654847765458","49,98","124,92","124,92"
2025-09-17 00:15:00,"288,11833333333453","0,0","-37,82527035077831","47,49","128,47","128,47"
2025-09-17 00:30:00,"386,58300000000116","0,0","-38,4718084007064","69,93","101,46","101,46"
2025-09-17 00:45:00,"284,96566666666786","0,0","-38,918307739179646","52,87","89,28","89,28"
2025-09-17 01:00:00,"237,55200000000175","0,0","-39,1591234813864","64,93","125,27","125,27"
2025-09-17 01:15:00,"275,02233333333453","0,0","-39,191138592207565","41,9","154,26","154,26"
2025-09-17 01:30:00,"261,0946666666679","0,0","-39,0139478172316","34,98","118,43","118,43"
2025-09-17 01:45:00,"264,0776666666678","0,0","-38,62988230951073","59,91","17,67","17,67"
2025-09-17 02:00:00,"310,67300000000125","0,0","-38,04387179285082","58,34","94,45","94,45"
2025-09-17 02:15:00,"1798,8323333333344","0,0","-37,26316300463839","37,5","76,8","76,8"
2025-09-17 02:30:00,"1187,853666666668","0,0","-36,29693181641409","62,41","84,56","84,56"
2025-09-17 02:45:00,"287,23766666666785","0,0","-35,15583576701029","35,0","91,56","91,56"
2025-09-17 03:00:00,"206,34666666666786","0,0","-33,85155340253424","57,63","80,22","80,22"
2025-09-17 03:15:00,"322,80400000000117","0,0","-32,39635086260558","37,46","85,81","85,81"
2025-09-17 03:30:00,"232,8540000000012","0,0","-30,80270346275664","39,99","104,98","104,98"
2025-09-17 03:45:00,"232,72566666666785","0,0","-29,08298686178317","64,92","115,26","115,26"
2025-09-17 04:00:00,"355,0223333333345","0,0","-27,24924330502595","39,98","32,57","32,57"
2025-09-17 04:15:00,"280,41966666666787","0,0","-25,31301868007489","72,42","44,73","44,73"
2025-09-17 04:30:00,"365,2170000000012","0,0","-23,285260780693545","54,98","88,44","88,44"
2025-09-17 04:45:00,"279,2626666666678","0,0","-21,17626930767358","60,0","79,85","79,85"
2025-09-17 05:00:00,"194,86833333333453","0,0","-18,99568576730807","64,93","25,9","25,9"
2025-09-17 05:15:00,"303,41300000000115","0,0","-16,752512119275124","79,93","12,55","12,55"
2025-09-17 05:30:00,"276,72766666666786","0,0","-14,45515126766952","67,5","12,73","12,73"
2025-09-17 05:45:00,"269,16100000000114","0,0","-12,11146176560025","98,61","-8,65","-8,65"
2025-09-17 06:00:00,"1996,1720000000014","0,0","-9,728820601672307","84,93","-54,68","-54,68"
2025-09-17 06:15:00,"1488,5750000000012","0,0","-7,314192243734901","89,08","162,1","162,1"
2025-09-17 06:30:00,"472,35700000000116","0,0","-4,874200594124711","102,46","156,5","156,5"
2025-09-17 06:45:00,"266,7760000000012","0,0","-2,415201337740997","114,98","112,64","112,64"
2025-09-17 07:00:00,"263,76300000000117","0,966999999999556","0,4881975338290644","99,99","104,03","104,03"
2025-09-17 07:15:00,"364,91533333333456","24,763333333332888","2,7628765849970387","107,5","135,54","135,54"
2025-09-17 07:30:00,"267,7463333333345","127,08266666666624","5,160886802936377","131,36","136,4","136,4"
2025-09-17 07:45:00,"260,67333333333454","325,5193333333329","7,595120663237078","129,95","147,38","147,38"
2025-09-17 08:00:00,"329,59000000000117","391,9183333333329","10,03440169964485","117,46","235,51","235,51"
2025-09-17 08:15:00,"271,0903333333345","513,0553333333329","12,464285329975082","107,48","123,64","123,64"
2025-09-17 08:30:00,"1518,9520000000011","735,5029999999996","14,87457428014084","119,74","36,03","36,03"
2025-09-17 08:45:00,"436,9610000000012","1358,1786666666662","17,25653518790378","107,44","135,86","135,86"
2025-09-17 09:00:00,"290,78600000000114","1350,8576666666663","19,60182810428891","104,99","33,1","33,1"
2025-09-17 09:15:00,"362,40766666666786","1533,1763333333329","21,901999997167977","87,48","86,75","86,75"
2025-09-17 09:30:00,"382,62633333333457","2474,2146666666663","24,148213780813304","99,99","54,01","54,01"
2025-09-17 09:45:00,"495,6383333333345","3056,726666666666","26,33107166491513","110,11","95,51","95,51"
2025-09-17 10:00:00,"643,8540000000012","2787,491333333333","28,44049445528013","72,43","97,32","97,32"
2025-09-17 10:15:00,"416,3493333333346","2753,684","30,46564974958033","67,44","24,4","24,4"
2025-09-17 10:30:00,"507,04300000000126","3239,807666666666","32,39486663332809","78,41","24,9","24,9"
2025-09-17 10:45:00,"352,5343333333346","3561,565333333333","34,21567656584155","79,91","19,99","19,99"
2025-09-17 11:00:00,"396,4346666666678","3512,9046666666663","35,91482752164872","57,45","6,0","6,0"
2025-09-17 11:15:00,"447,69866666666786","4118,053999999999","37,47850925838496","55,0","3,39","3,39"
2025-09-17 11:30:00,"301,6783333333345","2650,177333333333","38,89243923868138","49,99","17,23","17,23"
2025-09-17 11:45:00,"430,2386666666678","2564,413","40,14227480165981","52,36","-12,72","-12,72"
2025-09-17 12:00:00,"925,2963333333346","2878,163333333333","41,21402433260212","22,57","-26,18","-26,18"
2025-09-17 12:15:00,"3396,2700000000013","2615,9279999999994","42,094574079773686","20,06","-111,93","-111,93"
2025-09-17 12:30:00,"1196,6126666666678","3938,5863333333327","42,77229930181312","34,72","-30,54","-30,54"
2025-09-17 12:45:00,"344,64166666666785","2399,355","43,23767132665062","34,92","-13,18","-13,18"
2025-09-17 13:00:00,"352,8166666666679","2361,452","43,483830715660346","15,1","93,11","93,11"
2025-09-17 13:15:00,"264,7476666666679","1686,679333333333","43,50703708833359","12,59","78,37","78,37"
2025-09-17 13:30:00,"179,0180000000012","2475,006333333333","43,30691189213347","10,45","-34,89","-34,89"
2025-09-17 13:45:00,"327,14733333333453","2227,855666666666","42,88678364763479","34,9","3,02","3,02"
2025-09-17 14:00:00,"255,7400000000012","2416,200666666666","42,25223543095568","10,0","16,61","16,61"
2025-09-17 14:15:00,"184,8033333333345","2795,329666666666","41,412570519696914","10,01","14,06","14,06"
2025-09-17 14:30:00,"222,87766666666786","1701,860666666666","40,37900719183241","12,5","37,52","37,52"
2025-09-17 14:45:00,"160,79333333333454","1516,2586666666662","39,16437436511846","8,45","91,67","91,67"
2025-09-17 15:00:00,"246,17350000000175","1893,8514999999995","37,78250640677248","39,28","69,44","69,44"
2025-09-17 15:15:00,"688,2250000000013","2743,314666666666","36,24768838045307","12,57","125,21","125,21"
2025-09-17 15:30:00,"144,3583333333345","2596,126999999999","34,57421888415339","20,03","9,37","9,37"
2025-09-17 15:45:00,"499,7290000000012","2176,0083333333328","32,77604487569633","27,5","37,29","37,29"
2025-09-17 16:00:00,"254,77866666666787","1902,0743333333328","30,866525079333037","57,4","49,93","49,93"
2025-09-17 16:15:00,"179,48966666666786","1492,105666666666","28,858315172969352","64,61","52,66","52,66"
2025-09-17 16:30:00,"263,8910000000012","1558,8629999999994","26,7632015307491","59,95","58,38","58,38"
2025-09-17 16:45:00,"212,04633333333453","1634,863666666666","24,59296066911517","77,44","74,1","74,1"
2025-09-17 17:00:00,"180,07833333333454","1327,639666666666","22,35635913365156","82,85","87,72","87,72"
2025-09-17 17:15:00,"514,392666666668","1498,7969999999996","20,06360505246204","82,47","134,38","134,38"
2025-09-17 17:30:00,"438,9683333333345","1612,2983333333327","17,72363548989266","107,46","128,75","128,75"
2025-09-17 17:45:00,"368,15100000000115","1459,0233333333326","15,344958637413434","129,96","95,41","95,41"
2025-09-17 18:00:00,"306,6033333333345","1600,2109999999996","12,93590755734818","99,94","69,33","69,33"
2025-09-17 18:15:00,"179,7510000000012","904,9779999999994","10,505103321207448","102,48","176,44","176,44"
2025-09-17 18:30:00,"320,9543333333345","579,269666666666","8,06239052484147","119,96","281,72","281,72"
2025-09-17 18:45:00,"280,11466666666786","423,4463333333327","5,621461339137652","134,95","314,92","314,92"
2025-09-17 19:00:00,"1588,8330000000012","174,33899999999937","3,2084841221384166","144,95","264,55","264,55"
2025-09-17 19:15:00,"1051,6483333333347","27,77499999999941","0,8955879445416319","131,63","675,15","675,15"
2025-09-17 19:30:00,"293,9970000000013","0,4883333333327411","-1,968068728438684","131,63","932,86","932,86"
2025-09-17 19:45:00,"391,6783333333347","0,0","-4,437518416071728","117,5","1225,08","1225,08"
2025-09-17 20:00:00,"270,628666666668","0,0","-6,889834026007884","129,99","88,7","88,7"
2025-09-17 20:15:00,"276,0300000000013","0,0","-9,318744491755668","128,06","76,64","76,64"
2025-09-17 20:30:00,"326,45233333333465","0,0","-11,717727381642108","134,9","60,72","60,72"
2025-09-17 20:45:00,"269,92900000000134","0,0","-14,079934670078837","94,98","55,35","55,35"
2025-09-17 21:00:00,"271,0583333333347","0,0","-16,398120313765524","111,71","71,66","71,66"
2025-09-17 21:15:00,"314,89733333333464","0,0","-18,66456895556766","107,41","65,6","65,6"
2025-09-17 21:30:00,"447,968666666668","0,0","-20,871028922031982","92,41","66,98","66,98"
2025-09-17 21:45:00,"500,4413333333346","0,0","-23,008653695478884","74,92","53,1","53,1"
2025-09-17 22:00:00,"402,8450000000013","0,0","-25,067954786970777","89,98","32,35","32,35"
2025-09-17 22:15:00,"763,2226666666679","0,0","-27,038773429748414","79,98","-11,45","-11,45"
2025-09-17 22:30:00,"1833,3503333333347","0,0","-28,910280144397397","80,24","32,04","32,04"
2025-09-17 22:45:00,"606,7270000000013","0,0","-30,6710105730385","80,24","-8,86","-8,86"
2025-09-17 23:00:00,"659,9073333333347","0,0","-32,30894989753354","89,91","39,65","39,65"
2025-09-17 23:15:00,"724,4183333333348","0,0","-33,81167812052973","68,79","30,66","30,66"
2025-09-17 23:30:00,"322,03433333333464","0,0","-35,16658494139721","49,99","14,17","14,17"
2025-09-17 23:45:00,"309,5763333333346","0,0","-36,36116110143134","64,91","-1,62","-1,62"
2025-09-18 00:00:00,"221,58600000000132","0,0","-37,38336527482579","58,72","45,99","45,99"
2025-09-18 00:15:00,"299,5636666666679","0,0","-38,2220534292773","58,72","39,44","39,44"
2025-09-18 00:30:00,"285,5393333333347","0,0","-38,86744649407002","64,91","47,88","47,88"
2025-09-18 00:45:00,"180,65433333333468","0,0","-39,31159873382509","59,91","20,57","20,57"
2025-09-18 01:00:00,"393,740666666668","0,0","-39,548818932910734","40,1","26,59","26,59"
2025-09-18 01:15:00,"336,13800000000134","0,0","-39,57599534446295","55,45","-1,58","-1,58"
2025-09-18 01:30:00,"251,49733333333464","0,0","-39,392781870961485","59,9","3,41","3,41"
2025-09-18 01:45:00,"318,633666666668","0,0","-39,00161943767058","54,9","-11,47","-11,47"
2025-09-18 02:00:00,"215,84600000000134","0,0","-38,407589816568006","30,1","-111,33","-111,33"
2025-09-18 02:15:00,"249,25600000000136","0,0","-37,61812203517313","45,73","-152,65","-152,65"
2025-09-18 02:30:00,"332,42133333333464","0,0","-36,642590755723056","45,73","-9,24","-9,24"
2025-09-18 02:45:00,"190,62533333333468","0,0","-35,49185539764825","54,9","-15,82","-15,82"
2025-09-18 03:00:00,"415,19800000000134","0,0","-34,177788024808066","30,1","-7,5","-7,5"
2025-09-18 03:15:00,"315,0383333333347","0,0","-32,712831412846214","39,49","-5,48","-5,48"
2025-09-18 03:30:00,"210,5103333333347","0,0","-31,109615320483616","39,49","-9,31","-9,31"
2025-09-18 03:45:00,"296,36400000000134","0,0","-29,38064528940414","39,49","45,01","45,01"
2025-09-18 04:00:00,"257,36300000000136","0,0","-27,538068886252024","31,58","38,57","38,57"
2025-09-18 04:15:00,"285,2483333333347","0,0","-25,59351442237236","49,91","34,67","34,67"
2025-09-18 04:30:00,"298,81100000000134","0,0","-23,557991889029736","54,91","13,27","13,27"
2025-09-18 04:45:00,"177,31800000000203","0,0","-21,441846102252644","59,91","88,64","88,64"
2025-09-18 05:00:00,"330,3453333333347","0,0","-19,25474982330913","54,92","101,23","101,23"
2025-09-18 05:15:00,"424,901666666668","0,0","-17,00572544963121","59,92","100,58","100,58"
2025-09-18 05:30:00,"2155,4786666666682","0,0","-14,703188231487108","74,92","90,04","90,04"
2025-09-18 05:45:00,"3953,9490000000014","0,0","-12,355003322978051","89,92","136,76","136,76"
2025-09-18 06:00:00,"1692,0453333333348","0,0","-9,968550521882502","69,96","42,12","42,12"
2025-09-18 06:15:00,"317,2210000000015","0,0","-7,550794899740765","89,96","33,28","33,28"
2025-09-18 06:30:00,"1191,3156666666682","0,0","-5,108360015097012","134,85","67,6","67,6"
2025-09-18 06:45:00,"302,96400000000153","0,0","-2,647601227412271","124,98","72,83","72,83"
2025-09-18 07:00:00,"637,8376666666682","0,0","0,2967800537433058","134,96","99,64","99,64"
2025-09-18 07:15:00,"618,9016666666681","60,19933333333274","2,548149361755072","115,0","82,94","82,94"
2025-09-18 07:30:00,"266,04900000000146","100,88966666666606","4,937758836499971","125,66","42,75","42,75"
2025-09-18 07:45:00,"338,5630000000015","204,6899999999994","7,367655859589959","109,98","61,7","61,7"
2025-09-18 08:00:00,"250,2846666666681","332,25766666666607","9,8037397812485","164,94","74,55","74,55"
2025-09-18 08:15:00,"717,1580000000016","408,39466666666607","12,230428167561715","119,97","108,82","108,82"
2025-09-18 08:30:00,"1510,923333333335","483,1073333333328","14,637111330017373","99,55","128,11","128,11"
2025-09-18 08:45:00,"404,74466666666814","584,0039999999995","17,014906619591994","60,04","113,66","113,66"
2025-09-18 09:00:00,"465,6460000000015","854,168666666666","19,35539901424085","180,0","59,88","59,88"
2025-09-18 09:15:00,"1256,0106666666682","1332,3663333333327","21,650084985446387","99,98","68,02","68,02"
2025-09-18 09:30:00,"574,6033333333348","2219,4679999999994","23,890118922482003","67,45","96,77","96,77"
2025-09-18 09:45:00,"494,5060000000015","2943,753666666666","26,066097108917084","35,02","12,5","12,5"
2025-09-18 10:00:00,"411,4643333333348","3177,7699999999995","28,16794923439872","159,15","33,13","33,13"
2025-09-18 10:15:00,"415,4430000000015","3309,4796666666657","30,18483200802795","69,97","20,82","20,82"
2025-09-18 10:30:00,"403,5596666666681","3398,7286666666664","32,10516122360293","30,1","0,91","0,91"
2025-09-18 10:45:00,"421,8910000000015","3401,3703333333324","33,91657315547354","15,01","-7,35","-7,35"
2025-09-18 11:00:00,"1661,4820000000016","3383,206999999999","35,6058625462015","45,04","23,74","23,74"
2025-09-18 11:15:00,"1998,8013333333347","3408,287666666666","37,15932405957493","30,0","111,64","111,64"
2025-09-18 11:30:00,"1945,0840000000014","3424,839","38,5628677190162","-3,27","-15,94","-15,94"
2025-09-18 11:45:00,"3075,203666666668","3397,2736666666665","39,80234250205908","5,03","-28,5","-28,5"
2025-09-18 12:00:00,"4087,5313333333347","3415,5846666666657","40,86397643297541","20,06","7,95","7,95"
2025-09-18 12:15:00,"4844,247666666668","3470,9376666666662","41,73490105963608","10,08","-2,2","-2,2"
2025-09-18 12:30:00,"3238,7350000000015","3540,405666666666","42,40372868792432","5,09","-9,26","-9,26"
2025-09-18 12:45:00,"987,0873333333346","3582,5616666666665","42,861162550240685","8,69","-27,26","-27,26"
2025-09-18 13:00:00,"445,2740000000015","3659,6843333333327","43,10054349786777","-14,9","-75,99","-75,99"
2025-09-18 13:15:00,"399,2490000000015","3623,671","43,11828133692682","-14,9","-38,31","-38,31"
2025-09-18 13:30:00,"2493,1443333333345","3524,840999999999","42,91408518716786","12,1","-33,44","-33,44"
2025-09-18 13:45:00,"1590,7136666666684","3452,568666666666","42,49100239770891","24,9","-99,47","-99,47"
2025-09-18 14:00:00,"487,28266666666815","3405,3463333333325","41,85517737363688","0,89","-29,27","-29,27"
2025-09-18 14:15:00,"535,0073333333348","3315,3003333333327","41,01550456395192","-14,9","32,67","32,67"
2025-09-18 14:30:00,"424,90200000000146","3262,9149999999995","39,98303732663607","-14,91","50,29","50,29"
2025-09-18 14:45:00,"402,1250000000015","3179,9456666666665","38,77042557569997","34,92","-31,01","-31,01"
2025-09-18 15:00:00,"372,0316666666682","2667,761666666666","37,3913137205251","-5,0","-31,77","-31,77"
2025-09-18 15:15:00,"232,83966666666814","2481,655666666666","35,85980792445549","0,02","-22,51","-22,51"
2025-09-18 15:30:00,"295,09900000000147","2322,1213333333326","34,19002485632106","1,45","-5,19","-5,19"
2025-09-18 15:45:00,"308,84566666666814","2161,8679999999995","32,39575627883547","30,04","-0,47","-0,47"
2025-09-18 16:00:00,"268,44033333333476","2162,3049999999994","30,49022808231413","11,65","-29,1","-29,1"
2025-09-18 16:15:00,"336,6230000000015","2139,0596666666665","28,485951005731224","10,08","97,26","97,26"
2025-09-18 16:30:00,"376,8820000000015","1995,970666666666","26,394653432180213","35,04","99,48","99,48"
2025-09-18 16:45:00,"313,80466666666814","1953,6423333333328","24,22736297714479","79,95","-5,57","-5,57"
2025-09-18 17:00:00,"331,86933333333485","1820,3883333333329","21,994044778690483","15,03","-16,89","-16,89"
2025-09-18 17:15:00,"525,6450000000016","1638,893999999999","19,704315017393892","69,91","-16,38","-16,38"
2025-09-18 17:30:00,"2194,840333333335","1495,886666666666","17,367069706327293","109,99","-56,53","-56,53"
2025-09-18 17:45:00,"1482,6550000000013","1198,1483333333326","14,990822465424245","174,47","14,28","14,28"
2025-09-18 18:00:00,"412,2903333333348","1013,2643333333328","12,58394738437086","55,07","18,39","18,39"
2025-09-18 18:15:00,"490,62566666666817","675,6713333333329","10,155159959076508","108,4","240,51","240,51"
2025-09-18 18:30:00,"413,0180000000015","453,0346666666661","7,7146131433291485","134,91","202,96","202,96"
2025-09-18 18:45:00,"396,5265000000022","299,03149999999914","5,276862158436357","154,95","184,08","184,08"
2025-09-18 19:00:00,"466,8193333333348","136,71866666666608","2,871114692251938","139,92","99,08","99,08"
2025-09-18 19:15:00,"419,0720000000015","35,861666666666075","0,5812523365013703","135,54","102,39","102,39"
2025-09-18 19:30:00,"821,4000000000015","1,9403333333327413","-2,317923631784889","144,91","126,39","126,39"
2025-09-18 19:45:00,"769,6013333333348","0,0","-4,788300048502906","144,93","126,56","126,56"
2025-09-18 20:00:00,"1683,1150000000014","0,0","-7,24193166138473","149,91","175,91","175,91"
2025-09-18 20:15:00,"889,3350000000014","0,0","-9,672537968143445","120,09","166,61","166,61"
2025-09-18 20:30:00,"418,83866666666813","0,0","-12,07358384726096","110,09","129,97","129,97"
2025-09-18 20:45:00,"335,46333333333484","0,4849999999994078","-14,438204445491156","101,85","146,76","146,76"
2025-09-18 21:00:00,"554,0373333333348","0,0","-16,759131631828012","129,91","150,1","150,1"
2025-09-18 21:15:00,"672,5673333333348","0,0","-19,02862133117021","119,91","141,34","141,34"
2025-09-18 21:30:00,"438,2406666666681","0,0","-21,23838491131396","85,1","156,79","156,79"
2025-09-18 21:45:00,"965,4870000000017","0,0","-23,379528839104964","81,76","139,86","139,86"
2025-09-18 22:00:00,"485,0720000000015","0,0","-25,442505596761716","109,95","171,86","171,86"
2025-09-18 22:15:00,"535,395666666668","0,0","-27,41708341218213","99,99","163,3","163,3"
2025-09-18 22:30:00,"519,6953333333347","0,0","-29,29234406328861","89,98","156,43","156,43"
2025-09-18 22:45:00,"415,3613333333348","0,0","-31,05671745083964","80,2","145,53","145,53"
2025-09-18 23:00:00,"432,6623333333348","0,0","-32,69806566642148","94,98","142,71","142,71"
2025-09-18 23:15:00,"386,09800000000155","0,0","-34,203829328323536","84,96","64,84","64,84"
2025-09-18 23:30:00,"410,3500000000015","0,0","-35,5612454416875","101,95","68,15","68,15"
2025-09-18 23:45:00,"370,3340000000015","0,0","-36,757644116007775","69,99","67,07","67,07"
2025-09-19 00:00:00,"354,4400000000015","0,0","-37,78082344220489","79,98","95,98","95,98"
2025-09-19 00:15:00,"363,0583333333348","0,0","-38,61948926791384","74,97","112,01","112,01"
2025-09-19 00:30:00,"238,88600000000147","0,0","-39,26373494886101","73,35","112,31","112,31"
2025-09-19 00:45:00,"282,3873333333348","0,0","-39,705522099081534","69,98","106,4","106,4"
2025-09-19 01:00:00,"292,7263333333348","0,0","-39,93911259398456","69,98","112,95","112,95"
2025-09-19 01:15:00,"210,51066666666816","0,0","-39,96140082828358","64,99","96,51","96,51"
2025-09-19 01:30:00,"316,89600000000144","0,0","-39,772102141385325","79,16","112,75","112,75"
2025-09-19 01:45:00,"246,24233333333487","0,0","-39,37377070657155","60,0","102,38","102,38"
2025-09-19 02:00:00,"350,20433333333483","0,0","-38,77164460289814","69,92","93,34","93,34"
2025-09-19 02:15:00,"343,89866666666813","0,0","-37,97333968581122","69,69","107,89","107,89"
2025-09-19 02:30:00,"202,02200000000147","0,0","-36,98843373574745","69,92","130,43","130,43"
2025-09-19 02:45:00,"316,8643333333348","0,0","-35,82799177949547","64,93","122,57","122,57"
2025-09-19 03:00:00,"246,2180000000015","0,0","-34,50408228483815","53,64","113,49","113,49"
2025-09-19 03:15:00,"201,05233333333481","0,0","-33,02932662217698","74,9","121,83","121,83"
2025-09-19 03:30:00,"325,70933333333477","0,0","-31,416510065624564","74,92","137,77","137,77"
2025-09-19 03:45:00,"280,31733333333483","0,0","-29,67826834918665","79,94","110,42","110,42"
2025-09-19 04:00:00,"358,96600000000143","0,0","-27,826854071530573","68,62","79,13","79,13"
2025-09-19 04:15:00,"295,77533333333486","0,0","-25,87397725346921","68,62","83,3","83,3"
2025-09-19 04:30:00,"180,3403333333348","0,0","-23,830709098608157","84,91","84,6","84,6"
2025-09-19 04:45:00,"296,44933333333483","0,0","-21,707438407892116","89,93","83,79","83,79"
2025-09-19 05:00:00,"263,12400000000144","0,0","-19,51386801970291","74,9","79,26","79,26"
2025-09-19 05:15:00,"246,90766666666815","0,0","-17,259039608254927","89,9","74,71","74,71"
2025-09-19 05:30:00,"939,2946666666683","0,0","-14,951379669628174","80,15","62,03","62,03"
2025-09-19 05:45:00,"3325,4863333333346","0,0","-12,598758940127563","119,91","44,88","44,88"
2025-09-19 06:00:00,"929,3510000000012","0,0","-10,208559095990008","78,77","50,63","50,63"
2025-09-19 06:15:00,"2283,6043333333346","0,0","-7,787744970383426","104,91","187,65","187,65"
2025-09-19 06:30:00,"1392,1373333333345","0,0","-5,342939013959716","124,92","180,79","180,79"
2025-09-19 06:45:00,"1078,2510000000009","0,0","-2,8804955594128976","144,93","193,7","193,7"
2025-09-19 07:00:00,"229,51633333333453","7,275666666666075","0,0907440985607538","159,95","175,2","175,2"
2025-09-19 07:15:00,"281,2363333333345","54,24333333333275","2,325443743239489","142,36","194,57","194,57"
2025-09-19 07:30:00,"635,5543333333345","140,9949999999994","4,708973029019114","134,97","209,38","209,38"
2025-09-19 07:45:00,"337,10800000000125","255,1349999999994","7,135923286416486","129,96","167,41","167,41"
2025-09-19 08:00:00,"341,47366666666784","350,68933333333274","9,569432736413845","180,0","100,89","100,89"
2025-09-19 08:15:00,"1124,4615000000017","425,6294999999991","11,993272344898973","134,96","84,55","84,55"
2025-09-19 08:30:00,"616,980666666668","491,3533333333327","14,39657618687279","85,1","162,57","162,57"
2025-09-19 08:45:00,"444,30366666666794","591,7579999999995","16,77035845594542","58,23","72,36","72,36"
2025-09-19 09:00:00,"402,83200000000124","835,7369999999994","19,1061557777077","169,91","134,05","134,05"
2025-09-19 09:15:00,"450,8520000000013","1277,1299999999994","21,39546499630655","105,47","123,15","123,15"
2025-09-19 09:30:00,"606,7770000000012","2106,4253333333327","23,62940192528094","60,02","109,61","109,61"
2025-09-19 09:45:00,"552,9543333333346","2944,724","25,7985667609704","15,0","116,54","116,54"
2025-09-19 10:00:00,"2188,546000000001","3230,8763333333327","27,89290538877625","124,76","108,12","108,12"
2025-09-19 10:15:00,"2135,4856666666683","3364,0733333333324","29,90162763106437","69,96","75,35","75,35"
2025-09-19 10:30:00,"786,3993333333347","3437,0709999999995","31,813173676882844","30,07","16,85","16,85"
2025-09-19 10:45:00,"649,4543333333347","3430,101333333333","33,61521483177847","15,0","-4,93","-4,93"
2025-09-19 11:00:00,"1606,9630000000013","3413,28","35,294720036589844","40,05","138,84","138,84"
2025-09-19 11:15:00,"778,6793333333346","3440,521","36,83808070008832","-4,91","114,14","114,14"
2025-09-19 11:30:00,"1290,5420000000013","3462,715999999999","38,23136335550255","1,46","12,67","12,67"
2025-09-19 11:45:00,"1256,014666666668","3432,0059999999994","39,46060918045468","-4,97","-17,45","-17,45"
2025-09-19 12:00:00,"1293,1243333333346","3438,434666666666","40,51226488855976","13,4","25,2","25,2"
2025-09-19 12:15:00,"2073,3790000000013","3487,428999999999","41,37369266308814","5,07","-13,93","-13,93"
2025-09-19 12:30:00,"658,4520000000014","3541,8176666666664","42,03375105955769","-4,9","-13,45","-13,45"
2025-09-19 12:45:00,"486,2603333333347","3595,657999999999","42,48337050381486","-9,93","-19,37","-19,37"
2025-09-19 13:00:00,"1294,8346666666682","3655,803666666666","42,71608730102505","15,0","-6,27","-6,27"
2025-09-19 13:15:00,"2989,3470000000007","3633,199666666666","42,72844412585908","11,31","-9,02","-9,02"
2025-09-19 13:30:00,"451,5793333333345","3545,697666666666","42,52024772549012","-14,9","-25,14","-25,14"
2025-09-19 13:45:00,"300,24433333333457","3461,784666666666","42,09452083472116","-14,91","-28,15","-28,15"
2025-09-19 14:00:00,"426,1143333333345","3373,505999999999","41,45743647055803","-8,66","-9,49","-9,49"
2025-09-19 14:15:00,"260,0260000000012","3301,6966666666663","40,61774907536107","-14,9","-15,41","-15,41"
2025-09-19 14:30:00,"345,33100000000115","3218,291666666666","39,586357240886514","-14,9","-5,35","-5,35"
2025-09-19 14:45:00,"321,3473333333345","3142,7883333333334","38,37573458522612","34,94","-2,81","-2,81"
2025-09-19 15:00:00,"338,72000000000116","2709,488999999999","36,99933829570998","-13,65","-14,39","-14,39"
2025-09-19 15:15:00,"401,13433333333455","2570,751999999999","35,47108576538121","-14,91","58,98","58,98"
2025-09-19 15:30:00,"277,9323333333345","2363,637","33,80492414342972","20,0","159,97","159,97"
2025-09-19 15:45:00,"311,88533333333453","2139,0599999999995","32,01449047866221","40,02","179,1","179,1"
2025-09-19 16:00:00,"323,52700000000124","2075,518666666666","30,112877330781544","15,0","72,71","72,71"
2025-09-19 16:15:00,"266,0486666666679","2012,4623333333327","28,112491198926268","49,95","81,88","81,88"
2025-09-19 16:30:00,"333,2276666666678","1994,5153333333328","26,024965018161488","79,96","77,79","77,79"
2025-09-19 16:45:00,"280,8380000000012","1961,5616666666656","23,861279849009986","132,05","67,93","67,93"
2025-09-19 17:00:00,"387,5756666666678","1556,319666666666","21,63129389821902","36,66","21,8","21,8"
2025-09-19 17:15:00,"391,68666666666786","1478,605666666666","19,34462692088046","89,94","38,41","38,41"
2025-09-19 17:30:00,"255,13766666666788","1447,7379999999994","17,010154742108806","134,96","234,26","234,26"
2025-09-19 17:45:00,"339,5120000000012","1359,3769999999995","14,636400192463038","180,0","161,38","161,38"
2025-09-19 18:00:00,"345,0053333333345","1002,7449999999992","12,231786610979563","114,99","40,51","40,51"
2025-09-19 18:15:00,"263,3810000000012","679,0666666666659","9,805164325257788","257,07","160,64","160,64"
2025-09-19 18:30:00,"392,12100000000123","450,9989999999993","7,367037911261323","189,96","183,34","183,34"
2025-09-19 18:45:00,"385,85533333333456","255,13499999999928","4,933008939638909","209,91","244,44","244,44"
2025-09-19 19:00:00,"445,9403333333345","90,51099999999929","2,536043271647615","311,21","81,72","81,72"
2025-09-19 19:15:00,"506,8750000000012","14,066333333332592","0,2724650394100474","311,21","74,14","74,14"
2025-09-19 19:30:00,"315,2906666666679","0,0","-2,6681021260323803","311,21","139,92","139,92"
2025-09-19 19:45:00,"438,1190000000013","0,0","-5,139380457542534","311,21","249,43","249,43"
2025-09-19 20:00:00,"449,39633333333455","0,0","-7,594305938078881","179,92","252,83","252,83"
2025-09-19 20:15:00,"391,67600000000124","0,0","-10,02658922694922","145,46","308,71","308,71"
2025-09-19 20:30:00,"538,8916666666679","0,0","-12,42968310518841","154,9","41,33","41,33"
2025-09-19 20:45:00,"491,83833333333456","0,0","-14,79670647210435","134,9","43,41","43,41"
2025-09-19 21:00:00,"821,4283333333346","0,0","-17,120369663145567","125,1","93,2","93,2"
2025-09-19 21:15:00,"485,16600000000125","0,0","-19,39290038845238","134,9","64,59","64,59"
2025-09-19 21:30:00,"329,48100000000125","0,0","-21,60597347555021","95,1","51,04","51,04"
2025-09-19 21:45:00,"492,4946666666679","0,0","-23,750648661485187","88,19","31,75","31,75"
2025-09-19 22:00:00,"400,6490000000012","0,0","-25,817319492968327","114,74","48,56","48,56"
2025-09-19 22:15:00,"569,9630000000012","0,0","-27,7956810203909","95,1","34,82","34,82"
2025-09-19 22:30:00,"597,7000000000019","0,0","-29,674725754388632","104,9","52,37","52,37"
2025-09-19 22:45:00,"1897,0210000000013","0,0","-31,44277689278069","89,91","41,07","41,07"
2025-09-19 23:00:00,"996,772666666668","0,0","-33,087571961052724","85,07","67,42","67,42"
2025-09-19 23:15:00,"479,09133333333466","0,0","-34,59641015938917","99,93","41,31","41,31"
2025-09-19 23:30:00,"345,978666666668","0,0","-35,95637321809036","94,91","40,82","40,82"
2025-09-19 23:45:00,"412,63833333333474","0,0","-37,15462758315787","89,92","30,76","30,76"
2025-09-20 00:00:00,"409,10966666666803","0,0","-38,17880748269925","85,08","108,71","108,71"
2025-09-20 00:15:00,"198,86966666666797","0,0","-39,01746542848903","90,8","27,58","27,58"
2025-09-20 00:30:00,"369,1283333333347","0,0","-39,66056444987798","80,9","60,36","60,36"
2025-09-20 00:45:00,"399,06700000000137","0,0","-40,0999716446539","79,22","49,88","49,88"
2025-09-20 01:00:00,"217,27133333333467","0,0","-40,32990136730546","79,62","102,86","102,86"
2025-09-20 01:15:00,"336,38033333333465","0,0","-40,34725500954723","77,5","59,32","59,32"
2025-09-20 01:30:00,"210,99600000000132","0,0","-40,15181166366479","80,6","46,51","46,51"
2025-09-20 01:45:00,"265,9760000000013","0,0","-39,74624228565048","76,6","85,56","85,56"
2025-09-20 02:00:00,"260,955666666668","0,0","-39,135945585829454","78,26","43,73","43,73"
2025-09-20 02:15:00,"258,53066666666797","0,0","-38,32872883990407","77,9","19,49","19,49"
2025-09-20 02:30:00,"397,9813333333347","0,0","-37,33437730232121","76,7","33,76","33,76"
2025-09-20 02:45:00,"336,6230000000014","0,0","-36,16416533239144","77,1","61,51","61,51"
2025-09-20 03:00:00,"251,49700000000135","0,0","-34,83036065679899","81,0","82,22","82,22"
2025-09-20 03:15:00,"284,7263333333347","0,0","-33,34576514492047","73,8","102,6","102,6"
2025-09-20 03:30:00,"175,04400000000132","0,0","-31,723320589661235","73,4","99,87","99,87"
2025-09-20 03:45:00,"326,19933333333466","0,0","-29,975793152905936","74,6","90,23","90,23"
2025-09-20 04:00:00,"242,2813333333347","0,0","-28,115540106665105","73,75","91,74","91,74"
2025-09-20 04:15:00,"304,6100000000013","0,4849999999992598","-26,15435240387537","72,6","71,27","71,27"
2025-09-20 04:30:00,"384,47166666666806","0,0","-24,10336142095424","76,3","90,29","90,29"
2025-09-20 04:45:00,"237,1883333333347","0,0","-21,972998772694105","80,9","47,51","47,51"
2025-09-20 05:00:00,"231,12500000000136","0,0","-19,77299616401864","81,54","54,87","54,87"
2025-09-20 05:15:00,"330,5600000000013","0,0","-17,51241336303191","76,0","25,89","25,89"
2025-09-20 05:30:00,"230,64033333333467","0,0","-15,199686995274588","76,6","53,34","53,34"
2025-09-20 05:45:00,"290,7860000000013","0,0","-12,84269234986496","77,7","62,41","62,41"
2025-09-20 06:00:00,"240,34133333333466","0,0","-10,44881204642045","81,5","37,23","37,23"
2025-09-20 06:15:00,"313,785666666668","0,0","-8,025009833928742","86,1","55,34","55,34"
2025-09-20 06:30:00,"814,3950000000015","0,0","-5,577906286702323","75,18","77,53","77,53"
2025-09-20 06:45:00,"3207,3773333333347","0,0","-3,113854007715834","100,1","67,55","67,55"
2025-09-20 07:00:00,"2138,728666666668","9,70899999999926","-0,1126009021581029","88,2","78,94","78,94"
2025-09-20 07:15:00,"955,8790000000013","54,828333333332594","2,104086630777038","87,3","70,33","70,33"
2025-09-20 07:30:00,"238,88600000000136","199,35433333333265","4,4803772782756734","90,3","66,78","66,78"
2025-09-20 07:45:00,"274,38600000000133","336,234666666666","6,903790784101688","91,34","51,07","51,07"
2025-09-20 08:00:00,"257,743666666668","331,3019999999993","9,334535463676746","112,5","39,91","39,91"
2025-09-20 08:15:00,"1123,5860000000014","356,6719999999993","11,755431086599913","80,61","31,06","31,06"
2025-09-20 08:30:00,"747,9433333333346","458,36999999999927","14,155272987915383","60,06","-4,6","-4,6"
2025-09-20 08:45:00,"303,1400000000013","578,8786666666659","16,52496696390766","33,2","23,16","23,16"
2025-09-20 09:00:00,"349,2340000000014","897,8229999999993","18,85600011453072","77,2","-7,24","-7,24"
2025-09-20 09:15:00,"310,6730000000013","1357,6483333333326","21,139833654464677","49,38","42,3","42,3"
2025-09-20 09:30:00,"329,46933333333465","2277,8886666666663","23,36758955954912","35,8","86,18","86,18"
2025-09-20 09:45:00,"452,3070000000013","3014,5709999999995","25,52987127743527","15,05","47,82","47,82"
2025-09-20 10:00:00,"508,7940000000013","3184,447666666666","27,61664108690721","42,8","169,12","169,12"
2025-09-20 10:15:00,"922,3183333333345","3314,815666666666","29,61714745127898","10,05","213,11","213,11"
2025-09-20 10:30:00,"2110,4420000000014","3355,559","31,51987336897701","-4,93","71,49","71,49"
2025-09-20 10:45:00,"2008,1343333333343","3334,770333333333","33,31256185050152","-14,91","8,26","8,26"
2025-09-20 11:00:00,"3284,4573333333346","3310,45","34,98228174134813","29,1","65,14","65,14"
2025-09-20 11:15:00,"2499,7993333333347","3335,1873333333324","36,515559891708975","11,3","25,51","25,51"
2025-09-20 11:30:00,"2401,9073333333345","3276,016333333333","37,898618818419855","-13,89","4,16","4,16"
2025-09-20 11:45:00,"2354,4170000000013","3248,849","39,117690179740805","-18,5","-2,5","-2,5"
2025-09-20 12:00:00,"2361,8056666666675","3257,094666666666","40,15943650868497","19,94","9,59","9,59"
2025-09-20 12:15:00,"2891,5403333333347","3306,116666666666","41,01145415959352","8,46","-3,4","-3,4"
2025-09-20 12:30:00,"4266,793500000002","3352,6489999999994","41,66283489821418","-7,5","34,86","34,86"
2025-09-20 12:45:00,"4056,9363333333345","3412,309666666666","42,104730829706114","-18,6","1,78","1,78"
2025-09-20 13:00:00,"2926,8296666666683","3436,077","42,33086817338741","9,93","-7,66","-7,66"
2025-09-20 13:15:00,"3039,910000000001","3452,0839999999994","42,3379324277083","4,92","-4,28","-4,28"
2025-09-20 13:30:00,"3023,9050000000016","3376,4163333333327","42,125809667056096","-0,8","-13,58","-13,58"
2025-09-20 13:45:00,"3367,636666666668","3289,592666666665","41,69755332735572","-15,86","-14,51","-14,51"
2025-09-20 14:00:00,"4000,2220000000016","3253,9936666666663","41,05925345611921","-15,7","-8,47","-8,47"
2025-09-20 14:15:00,"3069,7270000000017","3239,803333333333","40,21956619348141","-9,2","20,64","20,64"
2025-09-20 14:30:00,"2994,1893333333346","3141,6089999999995","39,18925241628902","2,29","68,5","68,5"
2025-09-20 14:45:00,"3803,341666666668","3032,077","37,98061252921168","21,1","53,63","53,63"
2025-09-20 15:00:00,"3330,3390000000018","2752,9589999999994","36,60691968065096","-27,29","25,36","25,36"
2025-09-20 15:15:00,"2586,0916666666685","2471,8026666666656","35,081920266050254","-6,2","-7,26","-7,26"
2025-09-20 15:30:00,"1735,068333333335","2291,768999999999","33,41938130534776","9,8","-10,55","-10,55"
2025-09-20 15:45:00,"2156,6266666666684","2096,6336666666657","31,632787383459892","28,5","-11,35","-11,35"
2025-09-20 16:00:00,"1802,1556666666686","1990,1503333333328","29,735099462243973","-2,4","0,0","0,0"
2025-09-20 16:15:00,"1828,2360000000015","1972,6849999999995","27,73860755850929","15,0","160,53","160,53"
2025-09-20 16:30:00,"1878,362333333335","1918,848333333333","25,654861303703782","31,57","175,14","175,14"
2025-09-20 16:45:00,"1774,8240000000017","1876,649","23,49478590582001","76,8","147,61","147,61"
2025-09-20 17:00:00,"1815,325333333335","1638,4909999999995","21,268171380381418","35,6","85,32","85,32"
2025-09-20 17:15:00,"2117,239000000002","1535,671666666666","18,984599063692063","66,78","115,48","115,48"
2025-09-20 17:30:00,"1907,2790000000018","1443,0166666666662","16,652940799954116","104,7","122,69","122,69"
2025-09-20 17:45:00,"1265,7506666666684","1120,0429999999992","14,281732025621428","159,92","217,49","217,49"
2025-09-20 18:00:00,"853,7936666666684","971,7799999999992","11,879453171794214","75,03","116,67","116,67"
2025-09-20 18:15:00,"2954,9100000000017","646,0833333333328","9,4551197918437","97,5","141,78","141,78"
2025-09-20 18:30:00,"990,2246666666684","417,62566666666606","7,019640291960158","128,62","324,29","324,29"
2025-09-20 18:45:00,"748,9136666666685","229,91266666666607","4,589864655541758","178,2","62,58","62,58"
2025-09-20 19:00:00,"471,49800000000175","75,38199999999941","2,2033466777011617","153,36","37,78","37,78"
2025-09-20 19:15:00,"466,90633333333517","8,714999999999408","-0,0315508136535361","139,99","35,37","35,37"
2025-09-20 19:30:00,"536,705333333335","0,0","-3,018473976097838","129,97","62,03","62,03"
2025-09-20 19:45:00,"544,9510000000017","0,4849999999994078","-5,4906291539699374","119,98","45,22","45,22"
2025-09-20 20:00:00,"569,4646666666684","0,0","-7,946826101360384","148,3","111,88","111,88"
2025-09-20 20:15:00,"404,28733333333497","0,0","-10,38076724875945","110,8","115,35","115,35"
2025-09-20 20:30:00,"1088,6416666666682","0,0","-12,785893890120086","92,6","47,57","47,57"
2025-09-20 20:45:00,"486,26033333333504","0,0","-15,155309281824143","75,09","54,75","54,75"
2025-09-20 21:00:00,"390,16366666666835","0,0","-17,481702805170094","99,4","132,49","132,49"
2025-09-20 21:15:00,"427,8120000000017","0,0","-19,757274490687124","95,4","245,43","245,43"
2025-09-20 21:30:00,"615,5606666666685","0,0","-21,973663079103535","84,0","165,7","165,7"
2025-09-20 21:45:00,"459,9686666666683","0,0","-24,121881903861404","81,98","107,4","107,4"
2025-09-20 22:00:00,"536,072333333335","0,0","-26,192265712229588","90,8","89,54","89,54"
2025-09-20 22:15:00,"472,9216666666684","0,0","-28,174436246074016","71,39","64,18","64,18"
2025-09-20 22:30:00,"355,38300000000174","0,0","-30,05729626476485","71,39","85,21","85,21"
2025-09-20 22:45:00,"519,4860000000018","0,0","-31,829061333734423","69,4","112,23","112,23"
2025-09-20 23:00:00,"429,8670000000017","0,0","-33,4773429583553","74,14","155,67","155,67"
2025-09-20 23:15:00,"438,968333333335","0,0","-34,989296889339386","53,8","99,61","99,61"
2025-09-20 23:30:00,"472,436333333335","0,0","-36,35184698186714","56,8","69,04","69,04"
2025-09-20 23:45:00,"420,780333333335","0,0","-37,55199294429594","48,9","104,79","104,79"
2025-09-21 00:00:00,"431,69233333333506","0,0","-38,5772017977438","59,0","56,6","56,6"
2025-09-21 00:15:00,"294,66633333333505","0,0","-39,41586942440122","60,6","32,39","32,39"
2025-09-21 00:30:00,"235,26233333333505","0,0","-40,057825694653104","46,13","10,85","10,85"
2025-09-21 00:45:00,"338,078333333335","0,0","-40,49484125996671","27,6","0,6","0,6"
2025-09-21 01:00:00,"219,93200000000172","0,0","-40,72108230618565","32,6","-6,72","-6,72"
2025-09-21 01:15:00,"251,25466666666836","0,0","-40,7334580774734","27,6","-5,3","-5,3"
2025-09-21 01:30:00,"320,1316666666683","0,0","-40,53181376987772","40,85","-9,67","-9,67"
2025-09-21 01:45:00,"304,7130000000017","0,0","-40,118940715234494","43,4","-11,25","-11,25"
2025-09-21 02:00:00,"360,5790000000017","0,0","-39,50040264369708","39,1","31,88","31,88"
2025-09-21 02:15:00,"342,31250000000256","0,0","-38,68420289553898","39,0","34,06","34,06"
2025-09-21 02:30:00,"170,53266666666835","0,0","-37,680338582591055","15,1","45,59","45,59"
2025-09-21 02:45:00,"286,4016666666684","0,0","-36,50029711750989","12,6","65,46","65,46"
2025-09-21 03:00:00,"279,63000000000164","0,0","-35,15654830570448","37,0","127,93","127,93"
2025-09-21 03:15:00,"221,42433333333503","0,0","-33,662076362880406","12,9","162,71","162,71"
2025-09-21 03:30:00,"321,3440000000017","0,0","-32,02998053407748","10,1","239,45","239,45"
2025-09-21 03:45:00,"324,7066666666684","0,0","-30,27315757034998","10,09","13,52","13,52"
2025-09-21 04:00:00,"305,12966666666836","0,0","-28,404068987007943","12,6","28,08","28,08"
2025-09-21 04:15:00,"317,46366666666836","0,0","-26,434585828523776","22,37","7,77","7,77"
2025-09-21 04:30:00,"207,3580000000017","0,0","-24,37589855416928","12,6","1,28","1,28"
2025-09-21 04:45:00,"284,7226666666684","0,0","-22,238480380129182","10,09","7,16","7,16"
2025-09-21 05:00:00,"304,4223333333351","0,0","-20,03209063721885","21,02","89,18","89,18"
2025-09-21 05:15:00,"212,51300000000174","0,0","-17,765805983090946","12,59","128,46","128,46"
2025-09-21 05:30:00,"297,43300000000164","0,0","-15,448072042972452","10,09","7,9","7,9"
2025-09-21 05:45:00,"358,69300000000175","0,0","-13,086767620831935","10,09","3,55","3,55"
2025-09-21 06:00:00,"308,7330000000017","0,0","-10,689275339081195","21,2","0,9","0,9"
2025-09-21 06:15:00,"323,28433333333504","0,0","-8,262557013399432","10,1","6,08","6,08"
2025-09-21 06:30:00,"230,64000000000172","0,0","-5,81323057364214","22,01","19,55","19,55"
2025-09-21 06:45:00,"292,2410000000017","0,0","-3,3476461886719187","12,6","3,43","3,43"
2025-09-21 07:00:00,"291,5133333333351","0,0","-0,871962932369988","23,1","43,14","43,14"
2025-09-21 07:15:00,"255,0670000000017","48,181333333332745","1,88445510969156","25,8","-44,12","-44,12"
2025-09-21 07:30:00,"320,85900000000174","122,23199999999942","4,252191963927573","10,1","-121,94","-121,94"
2025-09-21 07:45:00,"347,56100000000174","165,76633333333274","6,671638012778729","10,61","-150,8","-150,8"
2025-09-21 08:00:00,"2328,745666666668","242,1906666666661","9,099428362881264","43,9","-13,56","-13,56"
2025-09-21 08:15:00,"1922,245333333335","386,5246666666661","11,517139947424836","22,2","-18,11","-18,11"
2025-09-21 08:30:00,"265,5636666666683","525,3063333333328","13,913341133613187","-6,91","-64,56","-64,56"
2025-09-21 08:45:00,"360,152333333335","669,296666666666","16,27880397324468","-19,3","-22,98","-22,98"
2025-09-21 09:00:00,"295,96933333333493","815,3166666666662","18,604954493075628","27,8","-7,23","-7,23"
2025-09-21 09:15:00,"1104,4533333333347","1286,8313333333329","20,88324510233706","9,74","-6,93","-6,93"
2025-09-21 09:30:00,"653,6016666666683","1185,9413333333328","23,10476225104338","4,9","-4,53","-4,53"
2025-09-21 09:45:00,"495,9610000000016","2915,6213333333326","25,260113502791235","-6,6","-12,44","-12,44"
2025-09-21 10:00:00,"1995,5770000000016","3171,733","27,339278768331475","30,1","-29,45","-29,45"
2025-09-21 10:15:00,"2791,8560000000016","3188,703","29,3315309603582","7,9","-43,0","-43,0"
2025-09-21 10:30:00,"2691,3410000000013","3224,596333333333","31,22541528916972","0,2","-35,21","-35,21"
2025-09-21 10:45:00,"2706,845000000001","3226,536333333333","33,00881162967149","-13,3","-64,54","-64,54"
2025-09-21 11:00:00,"3261,874333333335","3217,671333333333","34,668750620712416","17,36","-36,17","-36,17"
2025-09-21 11:15:00,"2618,120333333335","3237,692333333333","36,19197175150056","10,2","-40,75","-40,75"
2025-09-21 11:30:00,"2723,748333333335","3168,582333333333","37,56485141630889","1,2","-55,76","-55,76"
2025-09-21 11:45:00,"2834,3780000000015","3126,617","38,7738100558452","-10,3","-65,44","-65,44"
2025-09-21 12:00:00,"2693,8826666666682","3146,503666666666","39,80572319964369","24,95","-45,62","-45,62"
2025-09-21 12:15:00,"2757,413666666668","3169,0319999999992","40,64842117663653","9,14","-45,24","-45,24"
2025-09-21 12:30:00,"2658,408666666668","3232,456","41,291220081923576","-3,1","-88,14","-88,14"
2025-09-21 12:45:00,"3455,4736666666677","3550,7916666666665","41,72548828382705","-15,0","-72,19","-72,19"
2025-09-21 13:00:00,"3823,055666666668","1607,4476666666665","41,945136516848976","7,7","-40,36","-40,36"
2025-09-21 13:15:00,"4749,0430000000015","2475,408","41,94699573574563","0,4","-68,05","-68,05"
2025-09-21 13:30:00,"2671,8963333333345","3724,1953333333327","41,73102064101637","13,7","-46,5","-46,5"
2025-09-21 13:45:00,"1746,0260000000012","3434,137","41,30033310116396","-12,7","-22,63","-22,63"
2025-09-21 14:00:00,"3072,5530000000012","3341,6966666666663","40,66085912672963","-4,1","-2,5","-2,5"
2025-09-21 14:15:00,"3035,362333333335","1787,5396666666666","39,82120388064142","-3,3","-53,56","-53,56"
2025-09-21 14:30:00,"1841,782000000001","2496,5399999999995","38,7919896165635","2,3","-43,28","-43,28"
2025-09-21 14:45:00,"1843,8520000000012","3015,056","37,585346896091295","29,93","-28,47","-28,47"
2025-09-21 15:00:00,"1883,9026666666678","2832,419333333333","36,214368365947394","13,82","21,25","21,25"
2025-09-21 15:15:00,"1879,362000000001","2959,788","34,69262285299198","4,4","21,38","21,38"
2025-09-21 15:30:00,"1331,363666666668","2521,483666666666","33,033708894493394","15,8","47,71","47,71"
2025-09-21 15:45:00,"571,9910000000011","2373,333","31,250960801482663","49,97","32,73","32,73"
2025-09-21 16:00:00,"547,6736666666678","2778,896","29,357209645828405","15,0","83,56","83,56"
2025-09-21 16:15:00,"419,3236666666678","2024,5889999999995","27,364633625442227","29,93","87,31","87,31"
2025-09-21 16:30:00,"500,77200000000175","2287,7845","25,28469745851586","72,4","174,05","174,05"
2025-09-21 16:45:00,"494,99100000000124","1930,4896666666664","23,128256499278063","163,22","273,73","273,73"
2025-09-21 17:00:00,"371,34266666666787","1187,2799999999995","20,905081677761917","15,84","97,51","97,51"
2025-09-21 17:15:00,"475,1040000000011","1525,4746666666658","18,624662231031294","64,99","116,42","116,42"
2025-09-21 17:30:00,"447,6990000000012","850,2883333333327","16,295892574188926","109,98","54,8","54,8"
2025-09-21 17:45:00,"482,3016666666678","1501,7663333333326","13,927328038329309","180,0","112,9","112,9"
2025-09-21 18:00:00,"582,7846666666678","1206,7983333333327","11,527521094236794","61,99","104,68","104,68"
2025-09-21 18:15:00,"754,0900000000012","423,7699999999994","9,105712279168808","104,96","99,56","99,56"
2025-09-21 18:30:00,"2614,0150000000012","142,34424999999956","6,673295807394705","122,5","116,2","116,2"
2025-09-21 18:45:00,"1538,7900000000009","44,33133333333274","4,248687835183805","157,48","115,05","115,05"
2025-09-21 19:00:00,"329,903000000001","2,4396666666660747","1,8752675430652217","119,77","81,26","81,26"
2025-09-21 19:15:00,"451,78466666666765","0,0","-0,8864589389462671","127,41","71,19","71,19"
2025-09-21 19:30:00,"414,8743333333344","0,0","-3,3689086682758256","129,93","117,92","117,92"
2025-09-21 19:45:00,"356,528000000001","0,0","-5,841915361167207","129,97","147,89","147,89"
2025-09-21 20:00:00,"420,11366666666765","0,0","-8,29936109794313","113,3","139,29","139,29"
2025-09-21 20:15:00,"392,29800000000097","0,0","-10,734940704496973","118,19","146,82","146,82"
2025-09-21 20:30:00,"430,9473333333343","0,0","-13,142084616428264","127,41","123,71","123,71"
2025-09-21 20:45:00,"492,6800000000011","0,0","-15,513881071218242","119,91","141,09","141,09"
2025-09-21 21:00:00,"676,0113333333343","0,0","-17,842999104968563","95,7","126,04","126,04"
2025-09-21 21:15:00,"471,6333333333343","0,0","-20,12161163382448","112,42","92,52","92,52"
2025-09-21 21:30:00,"516,1943333333343","0,0","-22,341321803426865","112,42","44,28","44,28"
2025-09-21 21:45:00,"501,6426666666676","0,0","-24,493096910035717","109,91","35,79","35,79"
2025-09-21 22:00:00,"450,64300000000094","0,0","-26,56721308054076","109,99","70,63","70,63"
2025-09-21 22:15:00,"449,3966666666676","0,0","-28,55321866266164","104,98","80,16","80,16"
2025-09-21 22:30:00,"546,6483333333343","0,0","-30,43992622246572","99,97","69,35","69,35"
2025-09-21 22:45:00,"718,6790000000011","0,0","-32,21544279953012","101,07","20,76","20,76"
2025-09-21 23:00:00,"451,57933333333426","0,0","-33,86725244689086","97,48","98,46","98,46"
2025-09-21 23:15:00,"321,75133333333434","0,0","-35,382365439947634","94,97","86,11","86,11"
2025-09-21 23:30:00,"363,54300000000103","0,0","-36,74754514174276","97,98","91,18","91,18"
2025-09-21 23:45:00,"369,4393333333343","0,0","-37,94962140618364","84,97","78,89","78,89"
2025-09-22 00:00:00,"128,53600000000097","0,0","-38,97589063775747","76,5","117,64","117,64"
2025-09-22 00:15:00,"306,3220000000009","0,0","-39,81458871521923","89,9","94,65","94,65"
2025-09-22 00:30:00,"259,5003333333343","0,0","-40,455409435466095","87,41","93,1","93,1"
2025-09-22 00:45:00,"264,9603333333343","0,0","-40,89002500553492","87,41","113,68","113,68"
2025-09-22 01:00:00,"329,3473333333343","0,0","-41,112552755252274","71,2","101,11","101,11"
2025-09-22 01:15:00,"170,73700000000093","0,0","-41,11991063462527","72,51","70,32","70,32"
2025-09-22 01:30:00,"332,01500000000095","0,0","-40,91201232738743","87,4","110,55","110,55"
2025-09-22 01:45:00,"411,2136666666676","0,0","-40,49177319110916","87,4","84,45","84,45"
2025-09-22 02:00:00,"228,46533333333429","0,0","-39,86492642730936","85,51","121,97","121,97"
2025-09-22 02:15:00,"289,01633333333433","0,0","-39,03967613551959","71,5","62,93","62,93"
2025-09-22 02:30:00,"243,7363333333343","0,0","-38,026235692416485","71,6","70,1","70,1"
2025-09-22 02:45:00,"206,04666666666762","0,0","-36,83630927695901","72,3","73,58","73,58"
2025-09-22 03:00:00,"349,4766666666676","0,0","-35,482571556685954","72,2","51,42","51,42"
2025-09-22 03:15:00,"260,228000000001","0,0","-33,97819088158126","71,8","48,72","48,72"
2025-09-22 03:30:00,"345,11166666666765","0,0","-32,336424809011824","73,2","49,71","49,71"
2025-09-22 03:45:00,"356,75233333333426","0,0","-30,570300765647293","67,2","42,58","42,58"
2025-09-22 04:00:00,"200,5673333333343","0,0","-28,692384009582007","63,81","80,02","80,02"
2025-09-22 04:15:00,"270,1033333333343","0,0","-26,71462477452353","72,4","52,54","52,54"
2025-09-22 04:30:00,"327,6496666666676","0,0","-24,648271461548543","80,4","69,27","69,27"
2025-09-22 04:45:00,"229,4273333333343","0,0","-22,5038376365219","76,7","77,83","77,83"
2025-09-22 05:00:00,"287,31166666666763","0,0","-20,29110898818336","71,9","47,44","47,44"
2025-09-22 05:15:00,"240,48333333333426","0,0","-18,01917784034128","80,3","55,4","55,4"
2025-09-22 05:30:00,"350,932000000001","0,0","-15,696497674210375","91,41","51,17","51,17"
2025-09-22 05:45:00,"359,6466666666676","0,0","-13,33094976434364","99,6","40,6","40,6"
2025-09-22 06:00:00,"238,40100000000098","0,0","-10,929915791498477","79,5","44,29","44,29"
2025-09-22 06:15:00,"277,499000000001","0,0","-8,500354788423298","106,9","69,94","69,94"
2025-09-22 06:30:00,"285,85466666666764","0,0","-6,04888127091696","128,22","104,61","104,61"
2025-09-22 06:45:00,"250,042000000001","0,0","-3,5818422682474518","169,91","90,75","90,75"
2025-09-22 07:00:00,"378,33700000000084","7,275666666666074","-1,1053946326595645","142,43","95,0","95,0"
2025-09-22 07:15:00,"633,534000000001","6,797333333332742","1,6671124170998508","147,96","88,49","88,49"
2025-09-22 07:30:00,"1045,0066666666678","4,858666666666074","4,024689839311059","152,9","121,93","121,93"
2025-09-22 07:45:00,"3255,438000000001","7,748333333332741","6,439970045271919","165,4","144,03","144,03"
2025-09-22 08:00:00,"822,0366666666678","15,077999999999406","8,8643581066499","174,33","89,47","89,47"
2025-09-22 08:15:00,"294,4190000000016","27,03649999999911","11,27863045018425","149,96","76,25","76,25"
2025-09-22 08:30:00,"1226,7806666666677","21,320999999999405","13,671004627902615","135,9","72,59","72,59"
2025-09-22 08:45:00,"349,20333333333434","28,15866666666608","16,03208977183045","133,9","58,19","58,19"
2025-09-22 09:00:00,"2166,488333333334","31,11066666666608","18,35323768790092","177,48","63,72","63,72"
2025-09-22 09:15:00,"1563,066000000001","53,35533333333275","20,62587425518525","142,46","83,19","83,19"
2025-09-22 09:30:00,"1913,0970000000007","57,78033333333275","22,84106114013746","132,41","71,63","71,63"
2025-09-22 09:45:00,"511,56666666666774","82,3749999999994","24,98940820944501","110,5","76,68","76,68"
2025-09-22 10:00:00,"401,92766666666773","74,72533333333276","27,060912430817623","162,46","115,4","115,4"
2025-09-22 10:15:00,"656,1676666666677","83,13399999999942","29,044879056169396","129,96","115,77","115,77"
2025-09-22 10:30:00,"1304,778000000001","78,5779999999994","30,92990718929375","122,57","54,42","54,42"
2025-09-22 10:45:00,"343,41366666666767","104,2849999999994","32,70400178327788","91,4","122,24","122,24"
2025-09-22 11:00:00,"354,32733333333437","104,28533333333274","34,35420113337223","124,97","11,22","11,22"
2025-09-22 11:15:00,"447,25266666666766","75,31133333333274","35,86740039037035","114,93","5,08","5,08"
2025-09-22 11:30:00,"417,66433333333435","149,76599999999942","37,23015434619423","92,78","12,6","12,6"
2025-09-22 11:45:00,"762,518000000001","231,4046666666661","38,42907053969335","81,9","-0,12","-0,12"
2025-09-22 12:00:00,"1819,1626666666677","233,8009999999994","39,45123469842211","109,93","1,1","1,1"
2025-09-22 12:15:00,"539,6153333333343","242,03866666666607","40,28470698568772","95,5","-10,91","-10,91"
2025-09-22 12:30:00,"440,83100000000104","260,52466666666606","40,919023209025625","78,0","-11,65","-11,65"
2025-09-22 12:45:00,"361,60300000000103","173,16233333333275","41,3457626270371","69,0","-15,31","-15,31"
2025-09-22 13:00:00,"352,62966666666773","161,03599999999943","41,559015166110896","104,91","30,48","30,48"
2025-09-22 13:15:00,"1514,0760000000012","193,5343333333328","41,55574495116349","78,4","4,7","4,7"
2025-09-22 13:30:00,"699,9380000000009","263,3476666666661","41,33597948248038","101,29","23,2","23,2"
2025-09-22 13:45:00,"727,814000000001","553,439666666666","40,90292517721085","67,4","18,31","18,31"
2025-09-22 14:00:00,"487,2306666666677","619,8906666666661","40,26231742213716","75,6","6,43","6,43"
2025-09-22 14:15:00,"499,0606666666677","373,6789999999994","39,4227288442994","75,89","10,05","10,05"
2025-09-22 14:30:00,"499,1870000000011","425,98899999999935","38,39463791323759","70,7","-0,69","-0,69"
2025-09-22 14:45:00,"356,3516666666677","489,5906666666661","37,19000867863576","107,4","-5,1","-5,1"
2025-09-22 15:00:00,"419,5733333333344","707,462666666666","35,82175679036878","78,1","14,62","14,62"
2025-09-22 15:15:00,"446,9713333333344","611,1599999999995","34,303260278259366","82,4","43,47","43,47"
2025-09-22 15:30:00,"373,7010000000011","721,6579999999993","32,64796663118968","88,5","95,25","95,25"
2025-09-22 15:45:00,"390,505000000001","530,3626666666661","30,86906186197049","119,91","102,63","102,63"
2025-09-22 16:00:00,"412,4830000000011","522,7326666666662","28,97924860204772","75,6","25,7","25,7"
2025-09-22 16:15:00,"319,30266666666773","366,6023333333328","26,990578931535204","92,1","28,35","28,35"
2025-09-22 16:30:00,"1683,076000000001","307,6596666666661","24,914445784980146","106,7","24,72","24,72"
2025-09-22 16:45:00,"1387,2360000000008","322,07133333333275","22,761898594671344","144,11","28,53","28,53"
2025-09-22 17:00:00,"403,6143333333344","288,9556666666661","20,54220962253449","77,57","49,67","49,67"
2025-09-22 17:15:00,"416,4136666666677","155,21499999999943","18,265047761935243","106,7","119,61","119,61"
2025-09-22 17:30:00,"344,78000000000105","77,53766666666611","15,939302277232644","130,3","157,92","157,92"
2025-09-22 17:45:00,"728,240000000001","92,74566666666612","13,573563381303998","161,0","135,5","135,5"
2025-09-22 18:00:00,"462,52566666666775","55,518333333332784","11,176484725219506","100,4","71,02","71,02"
2025-09-22 18:15:00,"501,8296666666676","29,136999999999446","8,757512317454005","121,0","155,95","155,95"
2025-09-22 18:30:00,"977,6053333333344","4,842333333332778","6,328717640738869","156,2","149,21","149,21"
2025-09-22 18:45:00,"3298,566333333335","0,0","3,910521994061531","180,0","90,32","90,32"
2025-09-22 19:00:00,"753,5736666666678","0,0","1,5538079364225497","197,4","13,71","13,71"
2025-09-22 19:15:00,"356,26733333333436","0,0","-1,2364036804063256","185,5","29,15","29,15"
2025-09-22 19:30:00,"404,7723333333344","0,0","-3,71927501940158","190,0","55,53","55,53"
2025-09-22 19:45:00,"399,01166666666774","0,0","-6,193107625094834","190,6","119,47","119,47"
2025-09-22 20:00:00,"1290,2246666666676","0,0","-8,65177919083057","157,6","57,89","57,89"
2025-09-22 20:15:00,"1537,8433333333342","0,0","-11,088977574906377","184,8","62,3","62,3"
2025-09-22 20:30:00,"558,5220000000008","0,0","-13,498122999998122","170,6","56,51","56,51"
2025-09-22 20:45:00,"740,9506666666675","0,0","-15,872289332660554","152,7","164,99","164,99"
2025-09-22 21:00:00,"461,7653333333343","0,0","-18,204125897788742","164,3","172,14","172,14"
2025-09-22 21:15:00,"336,276000000001","0,0","-20,485779096332184","138,6","102,51","102,51"
2025-09-22 21:30:00,"384,02100000000087","0,0","-22,70881700627946","124,3","129,27","129,27"
2025-09-22 21:45:00,"356,995000000001","0,0","-24,864161295177382","85,71","22,6","22,6"
2025-09-22 22:00:00,"299,9430000000015","0,0","-26,942029695651197","131,8","118,48","118,48"
2025-09-22 22:15:00,"497,7903333333343","0,0","-28,93189712181295","116,3","115,93","115,93"
2025-09-22 22:30:00,"315,76600000000093","0,0","-30,822485548608217","106,0","81,05","81,05"
2025-09-22 22:45:00,"338,0523333333343","0,0","-32,60179263446895","94,31","59,69","59,69"
2025-09-22 23:00:00,"346,56666666666763","0,0","-34,25717357427297","117,6","67,29","67,29"
2025-09-22 23:15:00,"336,62300000000096","0,0","-35,77549114978927","106,0","85,19","85,19"
2025-09-22 23:30:00,"315,99133333333435","0,0","-37,14334559924653","97,2","137,17","137,17"
2025-09-22 23:45:00,"420,53600000000097","0,0","-38,34739376316762","87,0","108,33","108,33"
2025-09-23 00:00:00,"222,71966666666765","0,0","-39,37475795474497","95,09","145,56","145,56"
2025-09-23 00:15:00,"271,0183333333343","0,0","-40,21351059265811","97,9","102,41","102,41"
2025-09-23 00:30:00,"294,77933333333436","0,0","-40,85320640006493","87,5","62,93","62,93"
2025-09-23 00:45:00,"233,83366666666763","0,0","-41,28541706952476","89,76","64,01","64,01"
2025-09-23 01:00:00,"323,2843333333343","0,0","-41,504210344425296","91,75","68,5","68,5"
2025-09-23 01:15:00,"263,38066666666765","0,0","-41,506513728243625","85,1","71,77","71,77"
2025-09-23 01:30:00,"152,06266666666758","0,0","-41,29231180678574","91,6","78,89","78,89"
2025-09-23 01:45:00,"282,7206666666677","0,0","-40,86464766823398","86,7","80,9","80,9"
2025-09-23 02:00:00,"262,6533333333343","0,0","-40,229428497195485","95,3","79,39","79,39"
2025-09-23 02:15:00,"189,028000000001","0,0","-39,39506389510358","90,5","71,99","71,99"
2025-09-23 02:30:00,"311,1580000000009","0,0","-38,371987932363","80,1","60,0","60,0"
2025-09-23 02:45:00,"290,651000000001","0,0","-37,17212525643765","84,91","80,24","80,24"
2025-09-23 03:00:00,"243,7366666666676","0,0","-35,80835813979377","86,93","81,48","81,48"
2025-09-23 03:15:00,"253,43733333333424","0,0","-34,294040792237304","92,9","93,77","93,77"
2025-09-23 03:30:00,"171,93800000000095","0,0","-32,64258987114233","93,6","68,31","68,31"
2025-09-23 03:45:00,"297,9433333333343","0,0","-30,86716348970428","85,1","63,04","63,04"
2025-09-23 04:00:00,"220,93900000000096","0,0","-28,980430076545503","87,1","62,2","62,2"
2025-09-23 04:15:00,"220,1423333333343","0,0","-26,99441809219919","91,3","58,32","58,32"
2025-09-23 04:30:00,"303,64000000000095","0,0","-24,920432689311816","90,55","60,7","60,7"
2025-09-23 04:45:00,"282,0550000000009","0,0","-22,769026495426925","95,05","81,18","81,18"
2025-09-23 05:00:00,"198,8693333333343","0,0","-20,550010262063125","85,0","97,79","97,79"
2025-09-23 05:15:00,"276,48233333333434","0,0","-18,27249073783372","80,1","89,1","89,1"
2025-09-23 05:30:00,"229,91266666666763","0,0","-15,944928107436038","100,1","113,65","113,65"
2025-09-23 05:45:00,"287,63333333333435","0,0","-13,575205065502256","122,56","109,11","109,11"
2025-09-23 06:00:00,"689,6246666666677","0,0","-11,170701405526684","90,08","71,27","71,27"
2025-09-23 06:15:00,"188,68333333333433","0,0","-8,738372525652318","112,83","126,38","126,38"
2025-09-23 06:30:00,"376,15433333333436","0,0","-6,284828759198551","147,2","151,54","151,54"
2025-09-23 06:45:00,"419,0813333333344","0,0","-3,8164132918215","163,8","134,84","134,84"
2025-09-23 07:00:00,"232,3376666666677","0,0","-1,3392800934291682","199,96","230,56","230,56"
2025-09-23 07:15:00,"1124,085000000001","0,0","1,4545085166249776","209,95","214,85","214,85"
2025-09-23 07:30:00,"295,8793333333343","0,0","3,799209370033795","214,93","114,13","114,13"
2025-09-23 07:45:00,"261,68300000000096","0,0","6,208469702716146","226,1","86,22","86,22"
2025-09-23 08:00:00,"2013,5476666666677","3,886999999999445","8,629075578113037","209,95","308,09","308,09"
2025-09-23 08:15:00,"1182,257000000001","40,31566666666611","11,039747375142142","189,94","208,48","208,48"
2025-09-23 08:30:00,"1269,1343333333343","82,84699999999945","13,428174230317772","154,6","76,77","76,77"
2025-09-23 08:45:00,"620,2783333333342","122,72766666666612","15,784784072653336","136,7","82,06","82,06"
2025-09-23 09:00:00,"396,76900000000086","138,72366666666613","18,10084738903898","164,0","156,5","156,5"
2025-09-23 09:15:00,"456,4536666666676","169,0926666666661","20,367732148948683","135,3","123,6","123,6"
2025-09-23 09:30:00,"339,95233333333425","247,1166666666661","22,576509148475324","116,09","140,98","140,98"
2025-09-23 09:45:00,"344,8543333333342","315,0509999999995","24,717789149748683","85,01","101,35","101,35"
2025-09-23 10:00:00,"403,8023333333342","339,0483333333328","26,781585885563477","144,94","148,64","148,64"
2025-09-23 10:15:00,"255,48666666666753","293,4346666666661","28,757243453564087","110,8","204,14","204,14"
2025-09-23 10:30:00,"1052,7756666666673","323,4683333333328","30,63340845365001","85,1","155,21","155,21"
2025-09-23 10:45:00,"1780,6903333333341","410,69599999999946","32,39815597595069","58,67","126,74","126,74"
2025-09-23 11:00:00,"448,1840000000009","505,9043333333327","34,038583967729906","123,59","80,66","80,66"
2025-09-23 11:15:00,"701,3786666666678","868,7203333333327","35,5418360054638","97,6","138,76","138,76"
2025-09-23 11:30:00,"444,91000000000145","745,7604999999992","36,89455337434004","84,0","196,25","196,25"
2025-09-23 11:45:00,"332,74266666666756","795,4779999999996","38,08352973142739","70,8","183,94","183,94"
2025-09-23 12:00:00,"592,0006666666676","794,5079999999995","39,09605882520111","92,2","104,38","104,38"
2025-09-23 12:15:00,"3221,4436666666675","706,2293333333329","39,92041014218228","84,52","102,42","102,42"
2025-09-23 12:30:00,"1291,7143333333343","515,7189999999995","40,546352906269","80,8","96,96","96,96"
2025-09-23 12:45:00,"1482,9143333333343","574,2366666666662","40,965672093039885","71,5","80,84","80,84"
2025-09-23 13:00:00,"585,4523333333343","708,1693333333329","41,17263172200622","87,3","79,86","79,86"
2025-09-23 13:15:00,"353,31700000000103","704,0813333333327","41,164323148901566","77,2","75,04","75,04"
2025-09-23 13:30:00,"376,42366666666766","680,0293333333328","40,940845028453694","75,1","73,41","73,41"
2025-09-23 13:45:00,"316,21533333333434","611,0049999999994","40,505721173887245","77,56","43,94","43,94"
2025-09-23 14:00:00,"503,2823333333344","565,5979999999995","39,86401368004944","80,06","136,1","136,1"
2025-09-23 14:15:00,"332,91400000000107","496,9216666666661","39,024502840247294","76,3","140,1","140,1"
2025-09-23 14:30:00,"409,6226666666677","482,6223333333329","37,99753512722741","82,0","145,95","145,95"
2025-09-23 14:45:00,"439,22200000000106","595,565333333333","36,79491064713299","80,09","123,34","123,34"
2025-09-23 15:00:00,"324,82400000000104","463,3173333333328","35,429370762189016","70,09","108,46","108,46"
2025-09-23 15:15:00,"384,88533333333436","576,7219999999994","33,91411818635457","78,2","81,44","81,44"
2025-09-23 15:30:00,"397,1870000000011","654,5033333333328","32,26244008815068","91,8","79,02","79,02"
2025-09-23 15:45:00,"306,7376666666677","537,1829999999994","30,48737608547939","103,2","66,01","66,01"
2025-09-23 16:00:00,"333,11466666666774","439,3533333333328","28,60150177182368","56,47","77,83","77,83"
2025-09-23 16:15:00,"676,0740000000011","401,06166666666616","26,616756172064875","75,08","118,01","118,01"
2025-09-23 16:30:00,"553,4393333333344","402,1043333333328","24,544451366660287","111,7","134,66","134,66"
2025-09-23 16:45:00,"409,18200000000104","455,54966666666616","22,396436893475467","129,2","155,88","155,88"
2025-09-23 17:00:00,"327,16433333333435","391,9183333333328","20,18032267347376","70,06","34,98","34,98"
2025-09-23 17:15:00,"471,709000000001","354,5696666666662","17,9064937011017","107,6","36,63","36,63"
2025-09-23 17:30:00,"425,63733333333437","212,55499999999947","15,583870744478697","133,55","56,15","56,15"
2025-09-23 17:45:00,"1698,8533333333341","79,62333333333281","13,221090714694776","170,9","152,23","152,23"
2025-09-23 18:00:00,"1562,3406666666676","62,23099999999948","10,826932857566389","80,78","151,48","151,48"
2025-09-23 18:15:00,"1177,6273333333343","43,10366666666615","8,411271086504385","125,1","152,5","152,5"
2025-09-23 18:30:00,"446,00133333333434","21,826999999999483","5,9869535450266005","167,8","169,5","169,5"
2025-09-23 18:45:00,"694,0853333333345","0,9699999999994818","3,577075971121221","185,0","163,34","163,34"
2025-09-23 19:00:00,"320,90233333333435","0,0","1,2424879018485435","124,23","162,39","162,39"
2025-09-23 19:15:00,"287,6513333333344","0,0","-1,5861758139745998","175,05","174,39","174,39"
2025-09-23 19:30:00,"422,2493333333344","0,0","-4,069440892710913","170,04","197,8","197,8"
2025-09-23 19:45:00,"423,93133333333435","0,0","-6,54407353498841","165,09","122,98","122,98"
2025-09-23 20:00:00,"513,4333333333344","0,0","-9,003947681835784","175,02","79,31","79,31"
2025-09-23 20:15:00,"590,458000000001","0,0","-11,442744874107326","83,33","65,97","65,97"
2025-09-23 20:30:00,"349,2346666666677","0,0","-13,853875786210882","140,0","39,69","39,69"
2025-09-23 20:45:00,"452,56866666666775","0,0","-16,23040058299767","120,01","27,46","27,46"
2025-09-23 21:00:00,"375,9166666666677","0,0","-18,564949539472448","135,07","72,4","72,4"
2025-09-23 21:15:00,"389,03633333333437","0,0","-20,849643173064543","115,06","54,91","54,91"
2025-09-23 21:30:00,"1786,1910000000012","0,0","-23,076015060335404","109,17","52,02","52,02"
2025-09-23 21:45:00,"1413,7780000000014","0,0","-25,23494169238427","75,07","51,02","51,02"
2025-09-23 22:00:00,"414,5393333333344","0,0","-27,3165826792552","105,09","76,03","76,03"
2025-09-23 22:15:00,"564,8380000000011","0,0","-29,310339511046884","90,08","64,94","64,94"
2025-09-23 22:30:00,"509,2380000000011","0,0","-31,20484322265218","83,83","71,49","71,49"
2025-09-23 22:45:00,"600,120000000001","0,0","-32,98798127668074","85,0","58,03","58,03"
2025-09-23 23:00:00,"257,161000000001","0,0","-34,64697863263245","82,57","54,76","54,76"
2025-09-23 23:15:00,"191,7946666666677","0,0","-36,16854857146595","95,0","52,58","52,58"
2025-09-23 23:30:00,"246,15700000000103","0,0","-37,5391255595621","80,02","64,84","64,84"
2025-09-23 23:45:00,"212,90533333333437","0,0","-38,74519022506895","70,01","58,67","58,67"
2025-09-24 00:00:00,"242,37733333333435","0,0","-39,773687247721405","97,1","63,41","63,41"
2025-09-24 00:15:00,"329,95666666666773","0,0","-40,61252204497179","90,8","41,67","41,67"
2025-09-24 00:30:00,"198,30566666666772","0,0","-41,251107177450734","87,98","60,75","60,75"
2025-09-24 00:45:00,"197,1206666666677","0,0","-41,680911676518384","83,0","56,53","56,53"
2025-09-24 01:00:00,"295,8886666666677","0,0","-41,89595292098316","89,9","60,57","60,57"
2025-09-24 01:15:00,"190,17000000000107","0,0","-41,89316880602858","89,1","62,52","62,52"
2025-09-24 01:30:00,"247,15900000000104","0,0","-41,672617261203584","81,3","59,53","59,53"
2025-09-24 01:45:00,"193,27133333333438","0,0","-41,237472861914014","75,7","53,87","53,87"
2025-09-24 02:00:00,"145,37800000000155","0,0","-40,59382134618446","87,2","54,26","54,26"
2025-09-24 02:15:00,"336,4080000000011","0,0","-39,75028260448413","80,3","35,65","35,65"
2025-09-24 02:30:00,"297,260000000001","0,0","-38,717515847319405","89,5","38,66","38,66"
2025-09-24 02:45:00,"171,94933333333438","0,0","-37,50766987901572","77,57","27,34","27,34"
2025-09-24 03:00:00,"308,4903333333344","0,0","-36,13383727613607","81,8","62,63","62,63"
2025-09-24 03:15:00,"185,20633333333436","0,0","-34,60955976995867","83,0","43,65","43,65"
2025-09-24 03:30:00,"193,05633333333435","0,0","-32,94841383015675","82,4","46,92","46,92"
2025-09-24 03:45:00,"236,97333333333435","0,0","-31,16368819082929","82,1","56,0","56,0"
2025-09-24 04:00:00,"211,9656666666677","0,0","-29,26815381039296","84,22","35,21","35,21"
2025-09-24 04:15:00,"328,00766666666766","0,0","-27,273916353808847","79,9","40,26","40,26"
2025-09-24 04:30:00,"250,073000000001","0,0","-25,19233648848768","83,9","37,66","37,66"
2025-09-24 04:45:00,"157,883000000001","0,0","-23,034004579631524","86,5","46,5","46,5"
2025-09-24 05:00:00,"309,0753333333343","0,0","-20,80875512248508","75,2","42,88","42,88"
2025-09-24 05:15:00,"172,55066666666767","0,0","-18,52570803459889","81,4","49,12","49,12"
2025-09-24 05:30:00,"462,5753333333343","0,0","-16,19332904227954","90,9","26,78","26,78"
2025-09-24 05:45:00,"3057,708666666668","0,0","-13,81950120639538","107,7","36,27","36,27"
2025-09-24 06:00:00,"1718,7663333333346","0,0","-11,411601486009827","85,9","18,1","18,1"
2025-09-24 06:15:00,"334,8206666666678","0,0","-8,976580795975767","104,5","51,72","51,72"
2025-09-24 06:30:00,"1886,1756666666681","0,0","-6,521044520424563","119,9","92,05","92,05"
2025-09-24 06:45:00,"1352,8683333333345","0,0","-4,05133129703689","137,6","92,57","92,57"
2025-09-24 07:00:00,"463,3060000000012","0,0","-1,5735915539753655","106,9","111,2","111,2"
2025-09-24 07:15:00,"374,4986666666678","0,0","1,2555203849208385","127,6","105,79","105,79"
2025-09-24 07:30:00,"315,7500000000012","0,0","3,580638313064118","139,2","104,55","104,55"
2025-09-24 07:45:00,"282,0740000000012","0,0","5,981892944427481","147,1","103,09","103,09"
2025-09-24 08:00:00,"287,7910000000012","11,179666666666147","8,397174976182997","154,5","102,53","102,53"
2025-09-24 08:15:00,"452,35500000000116","32,526333333332815","10,803277303406254","133,2","79,55","79,55"
2025-09-24 08:30:00,"341,5913333333345","40,241333333332825","13,187101681509164","120,11","88,62","88,62"
2025-09-24 08:45:00,"261,9193333333345","35,861666666666146","15,53876052383558","102,6","129,51","129,51"
2025-09-24 09:00:00,"1127,7990000000011","165,27566666666615","17,849377129827765","129,7","152,74","152,74"
2025-09-24 09:15:00,"1608,5696666666677","189,29899999999947","20,11023297197873","111,3","135,25","135,25"
2025-09-24 09:30:00,"1349,4206666666678","124,94866666666616","22,312379332199395","105,29","131,99","131,99"
2025-09-24 09:45:00,"634,8270000000012","276,9799999999995","24,44641611217825","87,3","133,52","133,52"
2025-09-24 10:00:00,"310,1863333333345","245,3926666666661","26,50236668033206","101,15","118,58","118,58"
2025-09-24 10:15:00,"419,13466666666784","186,91599999999943","28,46960712307363","93,7","127,07","127,07"
2025-09-24 10:30:00,"536,5030000000012","131,70766666666614","30,336831749481405","90,3","102,22","102,22"
2025-09-24 10:45:00,"1542,3423333333346","146,05066666666613","32,09211709931185","77,0","-25,25","-25,25"
2025-09-24 11:00:00,"433,7293333333347","170,0613333333328","33,722867492260065","93,4","-85,09","-85,09"
2025-09-24 11:15:00,"301,87100000000135","373,46399999999954","35,216155430915336","75,7","27,52","27,52"
2025-09-24 11:30:00,"1048,9153333333347","459,8249999999995","36,55884612358605","64,1","92,46","92,46"
2025-09-24 11:45:00,"841,3150000000013","422,9616666666661","37,73791627782337","54,4","4,0","4,0"
2025-09-24 12:00:00,"424,8953333333347","196,44899999999944","38,74086376953791","69,3","170,65","170,65"
2025-09-24 12:15:00,"363,7860000000013","237,6733333333328","39,55618397996747","51,07","119,63","119,63"
2025-09-24 12:30:00,"1384,9930000000013","231,6236666666661","40,17385177621131","35,1","130,57","130,57"
2025-09-24 12:45:00,"1119,1193333333345","271,3593333333328","40,58585251544348","30,09","133,2","133,2"
2025-09-24 13:00:00,"627,2556666666678","301,2953333333328","40,78661913971485","16,66","145,55","145,55"
2025-09-24 13:15:00,"272,1116666666679","261,4406666666662","40,773361362596646","32,51","114,51","114,51"
2025-09-24 13:30:00,"290,2893333333345","257,0623333333328","40,54625024815979","30,03","133,55","133,55"
2025-09-24 13:45:00,"1505,3453333333343","190,6236666666661","40,10848979385965","27,53","108,34","108,34"
2025-09-24 14:00:00,"1413,6713333333344","102,82999999999946","39,46575682978829","31,36","235,03","235,03"
2025-09-24 14:15:00,"408,97400000000124","73,71966666666614","38,6263976880414","47,3","77,84","77,84"
2025-09-24 14:30:00,"400,61033333333455","170,03833333333282","37,60061833098292","30,08","84,75","84,75"
2025-09-24 14:45:00,"519,0430000000013","274,98999999999944","36,40005901721194","30,05","89,07","89,07"
2025-09-24 15:00:00,"352,5823333333345","338,23699999999945","35,03729121373825","43,1","23,4","23,4"
2025-09-24 15:15:00,"185,30733333333453","289,43266666666614","33,52535894763191","49,1","5,88","5,88"
2025-09-24 15:30:00,"273,27233333333453","207,4643333333328","31,877382658513596","55,7","-10,42","-10,42"
2025-09-24 15:45:00,"250,34200000000118","113,62666666666614","30,106260220360177","56,34","42,7","42,7"
2025-09-24 16:00:00,"313,6533333333345","146,6213333333328","28,2244450587908","49,2","-28,03","-28,03"
2025-09-24 16:15:00,"412,53300000000183","172,43449999999922","26,24380786426285","64,8","-49,67","-49,67"
2025-09-24 16:30:00,"471,3350000000012","127,01066666666613","24,1755544487303","78,0","-32,44","-32,44"
2025-09-24 16:45:00,"531,6530000000012","111,92666666666614","22,03034881719089","91,8","-17,87","-17,87"
2025-09-24 17:00:00,"286,33600000000115","40,22833333333279","19,81783158908703","57,1","132,94","132,94"
2025-09-24 17:15:00,"240,13466666666784","22,827999999999463","17,547440144677804","81,33","171,32","171,32"
2025-09-24 17:30:00,"420,79566666666784","39,26166666666613","15,22807840176739","99,4","144,26","144,26"
2025-09-24 17:45:00,"794,5746666666679","37,8643333333328","12,868449138245149","120,0","169,32","169,32"
2025-09-24 18:00:00,"2689,9773333333346","0,0","10,47749609394654","99,93","121,36","121,36"
2025-09-24 18:15:00,"3577,823333333334","0,0","8,0653766889596","112,2","196,82","196,82"
2025-09-24 18:30:00,"1731,4613333333343","0,0","5,646035616878683","113,1","200,41","200,41"
2025-09-24 18:45:00,"699,3863333333342","0,0","3,245856918089951","122,69","312,67","312,67"
2025-09-24 19:00:00,"270,5186666666675","0,0","0,9379161999773182","130,25","93,9","93,9"
2025-09-24 19:15:00,"221,79700000000088","0,0","-1,935642403018578","123,4","67,65","67,65"
2025-09-24 19:30:00,"311,09300000000087","0,0","-4,419273093697324","122,9","53,68","53,68"
2025-09-24 19:45:00,"252,01266666666754","0,0","-6,894679617415253","112,1","43,28","43,28"
2025-09-24 20:00:00,"330,67266666666757","0,0","-9,355732806950252","130,6","52,28","52,28"
2025-09-24 20:15:00,"290,54533333333427","0,0","-11,796108549221282","112,58","61,98","61,98"
2025-09-24 20:30:00,"184,9910000000009","0,0","-14,209208650449543","97,59","35,88","35,88"
2025-09-24 20:45:00,"273,0416666666676","0,0","-16,588080265179048","86,68","44,6","44,6"
2025-09-24 21:00:00,"1462,9120000000012","0,0","-18,925335309117006","104,44","107,47","107,47"
2025-09-24 21:15:00,"1313,3043333333346","0,0","-21,213069080516625","99,2","102,21","102,21"
2025-09-24 21:30:00,"395,24400000000105","0,0","-23,442781259259707","86,3","103,53","103,53"
2025-09-24 21:45:00,"365,09766666666764","0,0","-25,60530365686227","74,4","75,41","75,41"
2025-09-24 22:00:00,"551,9840000000011","0,0","-27,69073808198621","88,5","107,15","107,15"
2025-09-24 22:15:00,"360,74633333333435","0,0","-29,68841266205201","79,59","95,56","95,56"
2025-09-24 22:30:00,"556,0656666666678","0,0","-31,58686719170145","77,4","98,6","98,6"
2025-09-24 22:45:00,"468,0533333333343","0,0","-33,37387816750457","67,41","81,93","81,93"
2025-09-24 23:00:00,"338,9623333333343","0,0","-35,0365389700407","82,3","20,76","20,76"
2025-09-24 23:15:00,"345,2966666666677","0,0","-36,561411385199","69,0","49,23","49,23"
2025-09-24 23:30:00,"372,0846666666677","0,0","-37,93476144917104","62,49","-0,99","-0,99"
2025-09-24 23:45:00,"289,43333333333436","0,0","-39,142890338787794","55,0","6,24","6,24"
2025-09-25 00:00:00,"294,432000000001","0,0","-40,17256149127132","80,14","71,09","71,09"
2025-09-25 00:15:00,"191,5106666666677","0,0","-41,01150969475471","67,49","82,57","82,57"
2025-09-25 00:30:00,"208,22133333333437","0,0","-41,64900216497581","58,2","44,63","44,63"
2025-09-25 00:45:00,"311,41133333333437","0,0","-42,07640304453275","49,7","51,06","51,06"
2025-09-25 01:00:00,"404,530000000001","0,0","-42,28767851748808","64,92","35,48","35,48"
2025-09-25 01:15:00,"1662,8153333333344","0,0","-42,27977769494989","62,3","32,64","32,64"
2025-09-25 01:30:00,"583,2700000000011","0,0","-42,05283431551008","42,79","57,67","57,67"
2025-09-25 01:45:00,"261,929000000001","0,0","-41,61015824738687","52,0","44,25","44,25"
2025-09-25 02:00:00,"296,75333333333435","0,0","-40,95801840684236","45,02","52,68","52,68"
2025-09-25 02:15:00,"217,05866666666773","0,0","-40,10524980229257","56,6","57,49","57,49"
2025-09-25 02:30:00,"274,635000000001","0,0","-39,06274124552018","55,4","59,42","59,42"
2025-09-25 02:45:00,"225,88600000000102","0,0","-37,84286936806948","53,9","60,53","60,53"
2025-09-25 03:00:00,"147,9946666666677","0,0","-36,45893970386548","58,5","89,91","89,91"
2025-09-25 03:15:00,"254,4833333333344","0,0","-34,92468309974565","54,99","60,8","60,8"
2025-09-25 03:30:00,"278,6233333333344","0,0","-33,25383647402464","57,7","66,67","66,67"
2025-09-25 03:45:00,"290,24000000000103","0,0","-31,45981904075243","40,1","29,45","29,45"
2025-09-25 04:00:00,"248,58733333333439","0,0","-29,55550357776362","49,04","48,21","48,21"
2025-09-25 04:15:00,"159,86700000000107","0,0","-27,55307187455052","58,1","69,03","69,03"
2025-09-25 04:30:00,"306,3586666666677","0,0","-25,46393883146148","62,4","82,34","82,34"
2025-09-25 04:45:00,"197,4513333333344","0,0","-23,298731194623457","65,8","51,07","51,07"
2025-09-25 05:00:00,"194,57333333333438","0,0","-21,06730586288648","54,99","41,88","41,88"
2025-09-25 05:15:00,"1615,6293333333344","0,0","-18,77879465211022","71,0","55,67","55,67"
2025-09-25 05:30:00,"1587,9466666666679","0,0","-16,441667662392266","79,99","60,03","60,03"
2025-09-25 05:45:00,"623,666000000001","0,0","-14,063807265589878","94,99","57,61","57,61"
2025-09-25 06:00:00,"302,9120000000009","0,0","-11,652586640254938","61,8","120,8","120,8"
2025-09-25 06:15:00,"222,27300000000136","0,0","-9,214951371122428","84,98","48,83","48,83"
2025-09-25 06:30:00,"1053,0110000000009","0,0","-6,757501128690759","104,98","82,22","82,22"
2025-09-25 06:45:00,"796,0850000000007","0,0","-4,286569302596631","125,31","104,53","104,53"
2025-09-25 07:00:00,"3090,0403333333343","0,0","-1,8083021214640855","90,81","113,02","113,02"
2025-09-25 07:15:00,"941,0526666666675","0,0","1,0467104627679604","101,4","133,32","133,32"
2025-09-25 07:30:00,"2040,4903333333339","13,101333333332793","3,3554337837684702","117,42","119,32","119,32"
2025-09-25 07:45:00,"563,1403333333342","61,11599999999945","5,74969064191597","128,8","156,75","156,75"
2025-09-25 08:00:00,"290,7246666666674","199,1079999999995","8,160722250621397","127,48","149,62","149,62"
2025-09-25 08:15:00,"314,84966666666736","407,9476666666661","10,562927395484838","114,97","166,61","166,61"
2025-09-25 08:30:00,"449,8496666666674","334,67399999999947","12,94259482752476","111,69","195,88","195,88"
2025-09-25 08:45:00,"348,74933333333405","560,7149999999995","15,289613609341764","94,96","165,93","165,93"
2025-09-25 09:00:00,"520,6730000000007","454,4963333333328","17,595010462166062","116,2","78,87","78,87"
2025-09-25 09:15:00,"1793,4453333333342","453,0766666666662","19,85002159370982","103,71","137,69","137,69"
2025-09-25 09:30:00,"716,175333333334","456,3879999999995","22,045684336946746","99,8","125,9","125,9"
2025-09-25 09:45:00,"444,3033333333341","587,8776666666661","24,172601298654453","79,93","151,49","151,49"
2025-09-25 10:00:00,"371,69200000000075","1134,2673333333328","26,22081512188166","103,4","51,35","51,35"
2025-09-25 10:15:00,"439,05666666666735","1294,6176666666663","28,179728311862416","78,4","117,72","117,72"
2025-09-25 10:30:00,"490,5776666666674","1144,5356666666662","30,038102842962267","72,03","145,38","145,38"
2025-09-25 10:45:00,"324,1470000000007","779,6303333333326","31,784055364192668","58,5","166,65","166,65"
2025-09-25 11:00:00,"420,01000000000073","503,00399999999934","33,40517874170754","68,6","147,25","147,25"
2025-09-25 11:15:00,"433,66700000000077","638,2743333333326","34,888635036241425","59,91","143,02","143,02"
2025-09-25 11:30:00,"438,96833333333404","550,043666666666","36,22143745709293","49,93","121,14","121,14"
2025-09-25 11:45:00,"456,6770000000007","870,0433333333327","37,39074532344163","37,42","160,63","160,63"
2025-09-25 12:00:00,"349,90500000000077","924,9013333333328","38,38425882887029","27,59","75,16","75,16"
2025-09-25 12:15:00,"407,1540000000007","727,5919999999994","39,190651879850414","25,07","87,02","87,02"
2025-09-25 12:30:00,"1057,6430000000005","877,0209999999995","39,80014721934528","34,92","94,94","94,94"
2025-09-25 12:45:00,"422,588333333334","918,8189999999992","40,20492498953392","27,44","148,43","148,43"
2025-09-25 13:00:00,"1616,4690000000005","1265,1099999999992","40,39958151820374","10,09","222,96","222,96"
2025-09-25 13:15:00,"992,7113333333341","1609,5393333333325","40,38146798289055","7,59","159,86","159,86"
2025-09-25 13:30:00,"556,2060000000007","1735,451666666666","40,15079647871137","10,04","124,41","124,41"
2025-09-25 13:45:00,"587,4150000000008","3536,349","39,71068401616375","24,9","78,6","78,6"
2025-09-25 14:00:00,"455,89900000000074","3178,221666666666","39,06692175785648","15,0","157,08","157,08"
2025-09-25 14:15:00,"573,685333333334","3452,701","38,22770890171906","2,59","202,89","202,89"
2025-09-25 14:30:00,"506,37133333333406","3280,9913333333325","37,20309323613669","27,41","264,94","264,94"
2025-09-25 14:45:00,"588,934333333334","3574,9909999999995","36,004557236584986","20,2","252,91","252,91"
2025-09-25 15:00:00,"518,911333333334","2444,679666666666","34,644504487938235","15,0","167,7","167,7"
2025-09-25 15:15:00,"535,6950000000008","2383,335333333333","33,13580648920701","15,09","168,33","168,33"
2025-09-25 15:30:00,"514,5896666666674","1395,2359999999994","31,49143120956396","42,75","152,19","152,19"
2025-09-25 15:45:00,"428,95400000000075","1848,57","29,724134041019383","63,8","36,26","36,26"
2025-09-25 16:00:00,"448,64500000000066","2274,787666666666","27,846244148195087","52,46","43,02","43,02"
2025-09-25 16:15:00,"497,5340000000006","2108,989999999999","25,869530588952312","68,9","36,47","36,47"
2025-09-25 16:30:00,"409,83366666666734","2009,562","23,80511118881921","72,7","161,5","161,5"
2025-09-25 16:45:00,"865,6876666666674","1986,373333333333","21,663552902334985","95,0","156,77","156,77"
2025-09-25 17:00:00,"736,7033333333341","1830,0873333333325","19,454482065977142","65,1","110,27","110,27"
2025-09-25 17:15:00,"465,62400000000065","1195,0169999999994","17,18733392664501","86,1","164,23","164,23"
2025-09-25 17:30:00,"458,8326666666673","689,4913333333328","14,870982378389485","100,95","181,58","181,58"
2025-09-25 17:45:00,"2855,0966666666677","517,2449999999995","12,514168246077755","114,99","181,68","181,68"
2025-09-25 18:00:00,"3055,557333333334","336,9873333333328","10,1259539065184","94,91","152,09","152,09"
2025-09-25 18:15:00,"2527,921000000001","205,2303333333328","7,7168131503531905","107,88","150,48","150,48"
2025-09-25 18:30:00,"853,4413333333342","179,95266666666606","5,301619515029186","113,5","78,58","78,58"
2025-09-25 18:45:00,"506,0236666666675","68,52199999999941","2,909979394901604","130,9","81,48","81,48"
2025-09-25 19:00:00,"429,0566666666675","2,425333333332741","0,6267898693392184","126,7","32,36","32,36"
2025-09-25 19:15:00,"462,97800000000086","0,0","-2,284669531122202","126,5","124,22","124,22"
2025-09-25 19:30:00,"367,21933333333425","0,0","-4,768637444085447","122,8","134,6","134,6"
2025-09-25 19:45:00,"1505,806000000001","0,0","-7,244791412504772","123,2","122,4","122,4"
2025-09-25 20:00:00,"1565,0816666666676","0,0","-9,706999812688023","135,9","160,77","160,77"
2025-09-25 20:15:00,"816,5900000000009","0,0","-12,148933553569409","120,2","147,91","147,91"
2025-09-25 20:30:00,"487,3956666666675","0,0","-14,563986270862744","104,99","147,39","147,39"
2025-09-25 20:45:00,"456,5190000000013","0,0","-16,945192823146407","94,99","129,71","129,71"
2025-09-25 21:00:00,"686,8276666666674","0,0","-19,285147482758223","115,9","68,12","68,12"
2025-09-25 21:15:00,"889,5903333333342","0,0","-21,575921027171084","104,2","56,93","56,93"
2025-09-25 21:30:00,"452,5913333333342","0,0","-23,808979885975692","92,2","145,85","145,85"
2025-09-25 21:45:00,"333,94500000000085","0,0","-25,97511173324022","80,8","93,94","93,94"
2025-09-25 22:00:00,"498,59900000000084","0,0","-28,064360947682253","99,0","135,53","135,53"
2025-09-25 22:15:00,"413,0900000000009","0,0","-30,065982409072387","87,9","139,43","139,43"
2025-09-25 22:30:00,"422,6410000000009","0,0","-31,968424425226864","89,8","133,84","133,84"
2025-09-25 22:45:00,"493,29333333333426","0,0","-33,759351804503424","81,3","111,33","111,33"
2025-09-25 23:00:00,"405,92766666666756","0,0","-35,42572503954277","90,4","121,51","121,51"
2025-09-25 23:15:00,"456,3946666666676","0,0","-36,95395244390821","85,82","43,55","43,55"
2025-09-25 23:30:00,"605,8246666666677","0,0","-38,3301289576292","78,7","101,62","101,62"
2025-09-25 23:45:00,"266,8213333333342","0,0","-39,54037302826479","67,0","49,23","49,23"
2025-09-26 00:00:00,"302,7226666666675","0,0","-40,571263173519554","84,91","128,33","128,33"
2025-09-26 00:15:00,"251,04933333333423","0,0","-41,41035983483898","82,41","109,6","109,6"
2025-09-26 00:30:00,"283,29666666666753","0,0","-42,04678160402812","72,6","112,4","112,4"
2025-09-26 00:45:00,"297,1996666666676","0,0","-42,47178542144163","74,9","119,37","119,37"
2025-09-26 01:00:00,"265,65333333333416","0,0","-42,67928538845127","79,98","135,51","135,51"
2025-09-26 01:15:00,"348,2756666666676","0,0","-42,66624263810768","77,49","124,76","124,76"
2025-09-26 01:30:00,"233,7500000000009","0,0","-42,4328692030893","75,0","126,22","126,22"
2025-09-26 01:45:00,"234,10000000000088","0,0","-41,982614095444106","76,15","92,75","92,75"
2025-09-26 02:00:00,"271,83666666666755","0,0","-41,32193408618603","79,9","74,31","74,31"
2025-09-26 02:15:00,"229,4130000000009","0,0","-40,45988416878525","69,48","97,81","97,81"
2025-09-26 02:30:00,"294,59366666666756","0,0","-39,40758722813232","74,92","94,42","94,42"
2025-09-26 02:45:00,"312,6363333333342","0,0","-38,17765137229941","74,92","108,16","108,16"
2025-09-26 03:00:00,"326,6470000000009","0,0","-36,783597695803785","70,43","119,16","119,16"
2025-09-26 03:15:00,"286,7340000000009","0,0","-35,23934768754697","77,4","112,8","112,8"
2025-09-26 03:30:00,"181,22133333333423","0,0","-33,55879927394332","79,9","117,38","117,38"
2025-09-26 03:45:00,"260,23833333333425","0,0","-31,7555019308846","70,43","127,98","127,98"
2025-09-26 04:00:00,"235,13166666666754","0,0","-29,842429477787885","69,9","112,35","112,35"
2025-09-26 04:15:00,"260,08533333333423","0,0","-27,831838693307034","74,9","100,07","100,07"
2025-09-26 04:30:00,"374,0506666666675","0,0","-25,735197385311448","70,12","100,71","100,71"
2025-09-26 04:45:00,"282,5403333333342","0,0","-23,563167294888256","89,93","87,15","87,15"
2025-09-26 05:00:00,"273,91800000000086","0,0","-21,32562636349681","69,99","115,87","115,87"
2025-09-26 05:15:00,"283,0996666666676","0,0","-19,03171702552176","79,95","94,86","94,86"
2025-09-26 05:30:00,"225,76800000000088","0,0","-16,689912582593436","94,0","95,69","95,69"
2025-09-26 05:45:00,"1690,9430000000007","0,0","-14,308093660548575","90,05","95,69","95,69"
2025-09-26 06:00:00,"1387,0360000000007","0,0","-11,893628714410957","81,81","57,48","57,48"
2025-09-26 06:15:00,"1289,7906666666677","0,0","-9,45345715637825","82,59","73,07","73,07"
2025-09-26 06:30:00,"1340,4430000000007","0,0","-6,994172182955474","124,9","85,11","85,11"
2025-09-26 06:45:00,"973,1686666666676","0,0","-4,522101238560498","144,94","150,62","150,62"
2025-09-26 07:00:00,"270,6076666666675","0,0","-2,043385696314898","114,92","149,87","149,87"
2025-09-26 07:15:00,"1445,1993333333342","0,0","0,832938380226116","121,33","177,37","177,37"
2025-09-26 07:30:00,"2169,1410000000005","0,0","3,126659227313828","134,93","125,81","125,81"
2025-09-26 07:45:00,"394,3996666666676","9,700999999999404","5,515607449887894","142,42","178,1","178,1"
2025-09-26 08:00:00,"285,95533333333424","32,63666666666607","7,922572234904843","134,98","460,69","460,69"
2025-09-26 08:15:00,"358,7563333333343","46,66099999999942","10,320975353475283","132,48","168,37","168,37"
2025-09-26 08:30:00,"338,2086666666675","109,5279999999994","12,696543043914373","124,95","114,57","114,57"
2025-09-26 08:45:00,"1442,237333333334","206,39833333333272","15,03895492867652","114,64","118,76","118,76"
2025-09-26 09:00:00,"1512,8753333333343","233,3259999999994","17,339151343428302","143,1","94,92","94,92"
2025-09-26 09:15:00,"1073,3840000000007","183,07566666666608","19,588330299410927","119,99","62,69","62,69"
2025-09-26 09:30:00,"1271,7236666666677","231,6013333333328","21,77752057752414","107,44","126,27","126,27"
2025-09-26 09:45:00,"407,64133333333416","342,3146666666661","23,897331530968103","75,09","139,73","139,73"
2025-09-26 10:00:00,"402,62366666666753","473,8079999999994","25,93782834567136","140,31","92,15","92,15"
2025-09-26 10:15:00,"406,4176666666676","467,09266666666616","27,88846787406882","102,46","84,01","84,01"
2025-09-26 10:30:00,"933,2350000000008","449,1499999999995","29,73805309206813","87,43","132,6","132,6"
2025-09-26 10:45:00,"2362,0086666666675","636,6983333333328","31,47487106726111","50,09","163,86","163,86"
2025-09-26 11:00:00,"706,6220000000011","749,9614999999992","33,08641904101292","75,08","159,3","159,3"
2025-09-26 11:15:00,"2070,158000000001","962,8933333333327","34,56010795637341","84,92","161,3","161,3"
2025-09-26 11:30:00,"3664,763333333334","1252,5499999999995","35,883101988504336","96,38","157,43","157,43"
2025-09-26 11:45:00,"628,9583333333339","963,9999999999995","37,04274112478365","87,42","387,91","387,91"
2025-09-26 12:00:00,"412,0043333333339","728,2453333333327","38,02692485726775","82,47","228,0","228,0"
2025-09-26 12:15:00,"462,75133333333395","612,994666666666","38,82456409931273","72,49","151,94","151,94"
2025-09-26 12:30:00,"455,70233333333385","494,748666666666","39,42605927758301","71,83","152,36","152,36"
2025-09-26 12:45:00,"498,87500000000057","490,45266666666606","39,82378148178289","59,99","136,86","136,86"
2025-09-26 13:00:00,"715,3566666666673","549,268666666666","40,01248666425587","79,31","63,61","63,61"
2025-09-26 13:15:00,"1883,1870000000006","949,8769999999992","39,98962203331259","69,98","85,6","85,6"
2025-09-26 13:30:00,"2877,5846666666675","465,533666666666","39,75548058699998","64,96","65,98","65,98"
2025-09-26 13:45:00,"3572,4250000000006","762,847666666666","39,313212065883576","62,46","74,92","74,92"
2025-09-26 14:00:00,"1676,3620000000008","1264,3349999999994","38,66851742926787","64,94","115,17","115,17"
2025-09-26 14:15:00,"450,1826666666672","1067,7053333333326","37,829489033950544","64,97","100,44","100,44"
2025-09-26 14:30:00,"419,36433333333395","707,249666666666","36,80606422412381","68,29","107,91","107,91"
2025-09-26 14:45:00,"381,3070000000006","1179,347666666666","35,609570596810336","72,45","42,39","42,39"
2025-09-26 15:00:00,"310,17666666666724","1695,037666666666","34,25224696130011","63,65","26,18","26,18"
2025-09-26 15:15:00,"570,416333333334","1782,549666666666","32,74680766925076","70,0","34,13","34,13"
2025-09-26 15:30:00,"445,883333333334","2017,6249999999995","31,10606013586561","79,95","47,68","47,68"
2025-09-26 15:45:00,"794,0230000000007","1967,3529999999992","29,34262002745608","94,93","62,63","62,63"
2025-09-26 16:00:00,"1461,5996666666672","2072,583666666666","27,46869476381849","42,77","67,99","67,99"
2025-09-26 16:15:00,"401,13466666666733","1314,9643333333324","25,49593173942488","84,95","65,36","65,36"
2025-09-26 16:30:00,"485,2900000000006","1053,5233333333324","23,435381527122324","109,96","92,7","92,7"
2025-09-26 16:45:00,"364,43266666666733","816,0949999999992","21,29741516414791","132,47","99,23","99,23"
2025-09-26 17:00:00,"328,48200000000065","507,1213333333325","19,091880039910336","55,06","69,2","69,2"
2025-09-26 17:15:00,"417,3490000000006","681,4583333333326","16,828025044990312","100,12","96,87","96,87"
2025-09-26 17:30:00,"314,481333333334","731,0269999999992","14,514749154869238","129,9","147,31","147,31"
2025-09-26 17:45:00,"357,07800000000066","335,6839999999993","12,160840465148642","152,45","151,72","151,72"
2025-09-26 18:00:00,"1392,433333333334","331,4879999999993","9,775501300254057","92,57","80,54","80,54"
2025-09-26 18:15:00,"1507,3820000000007","118,86133333333264","7,369598347881482","126,03","92,65","92,65"
2025-09-26 18:30:00,"967,3803333333341","40,28499999999929","4,959110985186562","142,4","83,33","83,33"
2025-09-26 18:45:00,"577,4490000000006","6,305666666665964","2,5776081238214577","149,91","72,7","72,7"
2025-09-26 19:00:00,"438,48300000000063","0,0","0,3232269862330803","149,94","115,93","115,93"
2025-09-26 19:15:00,"484,0773333333341","0,0","-2,6331224817568644","147,41","115,05","115,05"
2025-09-26 19:30:00,"308,54200000000066","0,0","-5,117398961077517","122,6","134,06","134,06"
2025-09-26 19:45:00,"592,1263333333341","0,0","-7,594273650587034","130,38","152,38","152,38"
2025-09-26 20:00:00,"1938,837333333334","0,0","-10,05761313159678","130,1","154,5","154,5"
2025-09-26 20:15:00,"1066,432333333334","0,0","-12,501084022450172","126,03","149,67","149,67"
2025-09-26 20:30:00,"551,891333333334","0,0","-14,91807250213669","132,41","121,44","121,44"
2025-09-26 20:45:00,"613,3426666666674","0,0","-17,301601868727545","97,59","110,13","110,13"
2025-09-26 21:00:00,"484,12133333333406","0,0","-19,644249497283912","128,85","146,19","146,19"
2025-09-26 21:15:00,"516,6886666666674","0,0","-21,93806237667852","124,91","183,48","183,48"
2025-09-26 21:30:00,"550,0440000000008","0,0","-24,17447437161403","90,08","146,42","146,42"
2025-09-26 21:45:00,"486,7823333333341","0,0","-26,344229608015198","80,09","83,05","83,05"
2025-09-26 22:00:00,"2042,3620000000008","0,0","-28,437315460311105","102,58","73,31","73,31"
2025-09-26 22:15:00,"1126,5120000000009","0,0","-30,44291373110854","113,45","100,37","100,37"
2025-09-26 22:30:00,"344,16000000000076","0,0","-32,34938105042428","104,92","92,15","92,15"
2025-09-26 22:45:00,"670,8696666666674","0,0","-34,14426986738674","72,6","100,11","100,11"
2025-09-26 23:00:00,"496,5940000000008","0,0","-35,81440651762578","87,59","72,89","72,89"
2025-09-26 23:15:00,"339,8340000000008","0,0","-37,3460438859773","88,98","65,85","65,85"
2025-09-26 23:30:00,"442,5536666666674","0,0","-38,72510314281792","94,9","71,43","71,43"
2025-09-26 23:45:00,"734,4080000000007","0,0","-39,937516691776366","89,9","94,76","94,76"
2025-09-27 00:00:00,"358,8283333333342","0,0","-40,9696743870027","97,4","129,08","129,08"
2025-09-27 00:15:00,"403,8023333333341","0,0","-41,808958513801294","86,84","162,31","162,31"
2025-09-27 00:30:00,"383,18500000000085","0,0","-42,44433566023302","86,84","155,58","155,58"
2025-09-27 00:45:00,"300,75550000000123","0,0","-42,866953159733534","84,9","138,81","138,81"
2025-09-27 01:00:00,"363,11666666666747","0,0","-43,07067208047591","94,96","144,56","144,56"
2025-09-27 01:15:00,"401,8620000000008","0,0","-43,052466360048186","89,96","145,8","145,8"
2025-09-27 01:30:00,"278,01033333333413","0,0","-42,8126288258033","87,45","147,67","147,67"
2025-09-27 01:45:00,"306,1580000000008","0,0","-42,35475152658213","82,46","111,74","111,74"
2025-09-27 02:00:00,"357,3310000000008","0,4849999999992968","-41,68548381321506","89,9","89,99","89,99"
2025-09-27 02:15:00,"161,8586666666675","0,0","-40,81410556547115","78,89","136,95","136,95"
2025-09-27 02:30:00,"231,63666666666748","0,0","-39,75197822047521","84,93","129,68","129,68"
2025-09-27 02:45:00,"240,31233333333412","0,0","-38,5119449877983","84,93","145,99","145,99"
2025-09-27 03:00:00,"171,14533333333415","0,0","-37,10774507364083","89,9","168,2","168,2"
2025-09-27 03:15:00,"258,32166666666745","0,0","-35,553492064582485","75,51","157,9","157,9"
2025-09-27 03:30:00,"239,0443333333341","0,0","-33,86324537638212","84,9","85,06","85,06"
2025-09-27 03:45:00,"221,51666666666748","0,0","-32,05068445438288","84,93","85,14","85,14"
2025-09-27 04:00:00,"310,04133333333414","0,0","-30,12888331541092","84,91","85,1","85,1"
2025-09-27 04:15:00,"203,05200000000082","0,0","-28,110172536530563","87,41","77,46","77,46"
2025-09-27 04:30:00,"214,80033333333415","0,0","-26,00607146796997","87,42","91,33","91,33"
2025-09-27 04:45:00,"267,99366666666754","0,0","-23,827275431982777","79,9","85,81","85,81"
2025-09-27 05:00:00,"216,5610000000008","0,0","-21,58368203495369","84,91","121,12","121,12"
2025-09-27 05:15:00,"183,84566666666746","0,0","-19,284443040803804","87,4","114,71","114,71"
2025-09-27 05:30:00,"248,34433333333416","0,0","-16,93803377749828","89,91","142,91","142,91"
2025-09-27 05:45:00,"244,88166666666746","0,0","-14,552332071243017","82,03","132,28","132,28"
2025-09-27 06:00:00,"274,4096666666675","0,0","-12,134700714723206","89,62","114,52","114,52"
2025-09-27 06:15:00,"346,05100000000084","0,0","-9,692072108551052","94,9","76,66","76,66"
2025-09-27 06:30:00,"856,4516666666675","0,0","-7,231032220621977","77,58","98,61","98,61"
2025-09-27 06:45:00,"2930,1823333333346","0,0","-4,757901858049912","109,91","72,15","72,15"
2025-09-27 07:00:00,"2009,330333333334","0,0","-2,278816885860355","99,91","93,88","93,88"
2025-09-27 07:15:00,"1178,5443333333342","0,0","0,622912306709703","90,96","90,03","90,03"
2025-09-27 07:30:00,"1256,3016666666676","2,90233333333263","2,89915095511515","109,92","82,6","82,6"
2025-09-27 07:45:00,"849,3186666666676","43,65433333333263","5,281201848094273","112,44","106,9","106,9"
2025-09-27 08:00:00,"270,2056666666676","64,7739999999993","7,683879873263341","109,95","123,86","123,86"
2025-09-27 08:15:00,"323,87733333333426","69,78433333333263","10,0783912505453","104,94","133,29","133,29"
2025-09-27 08:30:00,"523,0090000000009","84,35566666666598","12,449794250595582","104,94","136,21","136,21"
2025-09-27 08:45:00,"572,1136666666675","154,24499999999932","14,78754632063554","87,37","127,04","127,04"
2025-09-27 09:00:00,"1151,5360000000007","150,01766666666597","17,08249823096028","112,44","161,13","161,13"
2025-09-27 09:15:00,"328,2706666666675","301,2643333333326","19,32580248856439","102,42","154,01","154,01"
2025-09-27 09:30:00,"358,7176666666675","326,81433333333257","21,508488727661483","91,74","166,65","166,65"
2025-09-27 09:45:00,"437,6773333333342","768,6063333333326","23,621173848418746","70,07","157,47","157,47"
2025-09-27 10:00:00,"396,5960000000009","1109,630666666666","25,653946707295702","94,94","76,94","76,94"
2025-09-27 10:15:00,"394,13533333333424","1201,7599999999995","27,59630646000254","82,49","73,42","73,42"
2025-09-27 10:30:00,"1567,8526666666676","1226,7659999999994","29,437113495738917","97,41","61,93","61,93"
2025-09-27 10:45:00,"1366,3746666666675","1254,815666666666","31,164709571241797","62,5","110,49","110,49"
2025-09-27 11:00:00,"1130,8200000000008","935,2233333333328","32,766749459121776","80,0","161,72","161,72"
2025-09-27 11:15:00,"1585,3066666666678","915,5429999999992","34,23074688995495","88,79","130,88","130,88"
2025-09-27 11:30:00,"528,6540000000009","731,1026666666661","35,54402348552062","59,97","123,31","123,31"
2025-09-27 11:45:00,"464,40333333333416","619,5989999999994","36,69409808949167","52,47","125,33","125,33"
2025-09-27 12:00:00,"1708,4160000000008","761,7519999999992","37,669066618457","69,96","159,24","159,24"
2025-09-27 12:15:00,"1918,1960000000006","1030,040333333333","38,45803943245733","71,21","154,7","154,7"
2025-09-27 12:30:00,"783,2126666666675","2493,3339999999994","39,051625213364346","52,48","153,77","153,77"
2025-09-27 12:45:00,"496,5106666666674","3662,984666666666","39,442380246150506","47,47","108,41","108,41"
2025-09-27 13:00:00,"520,6463333333342","3846,703","39,62521453810752","59,94","134,83","134,83"
2025-09-27 13:15:00,"533,4100000000008","2814,5913333333324","39,597694602922616","54,92","141,21","141,21"
2025-09-27 13:30:00,"814,9830000000006","3220,0373333333328","39,36016290121464","46,75","159,14","159,14"
2025-09-27 13:45:00,"924,9773333333341","3568,548","38,91580286574145","25,06","84,35","84,35"
2025-09-27 14:00:00,"1108,0856666666675","3460,266666666666","38,27019879585695","52,47","73,12","73,12"
2025-09-27 14:15:00,"1219,8543333333341","3741,457333333333","37,43139030647442","52,5","68,44","68,44"
2025-09-27 14:30:00,"1283,0143333333342","3752,837333333333","36,40917755583364","54,99","119,18","119,18"
2025-09-27 14:45:00,"1187,8816666666673","2393,9166666666656","35,21473603414063","77,32","127,26","127,26"
2025-09-27 15:00:00,"998,3530000000007","2403,661","33,86014267439803","52,46","99,93","99,93"
2025-09-27 15:15:00,"476,1955000000012","818,5179999999992","32,35793670351791","68,16","116,91","116,91"
2025-09-27 15:30:00,"1188,4793333333341","432,1196666666663","30,720785268557066","69,97","114,13","114,13"
2025-09-27 15:45:00,"2246,652333333334","465,1543333333328","28,961165321176672","84,94","119,12","119,12"
2025-09-27 16:00:00,"2446,4876666666673","722,5783333333329","27,091162768489077","59,52","111,59","111,59"
2025-09-27 16:15:00,"834,524333333334","646,5686666666662","25,12234882107875","72,49","97,56","97,56"
2025-09-27 16:30:00,"404,87933333333405","649,8349999999996","23,06566808878","97,45","108,8","108,8"
2025-09-27 16:45:00,"447,45666666666745","781,8969999999995","20,931533771193862","122,42","106,69","106,69"
2025-09-27 17:00:00,"343,15866666666733","602,2236666666663","18,72954468429557","48,24","46,31","46,31"
2025-09-27 17:15:00,"414,20633333333404","573,4509999999996","16,46903136667522","99,95","74,65","74,65"
2025-09-27 17:30:00,"432,64166666666745","689,9716666666662","14,158895998923718","127,44","94,71","94,71"
2025-09-27 17:45:00,"356,2396666666674","695,4769999999995","11,807984628669074","154,99","123,66","123,66"
2025-09-27 18:00:00,"1353,0556666666673","547,1353333333328","9,4256646603936","94,67","134,67","134,67"
2025-09-27 18:15:00,"1448,8360000000007","301,00633333333286","7,023194895370064","134,93","138,31","138,31"
2025-09-27 18:30:00,"525,017333333334","103,88099999999956","4,617901239235895","149,93","109,84","109,84"
2025-09-27 18:45:00,"384,6536666666674","25,22899999999956","2,248136997969624","159,96","143,17","143,17"
2025-09-27 19:00:00,"2184,061333333334","8,243999999999556","0,0252354468373538","154,92","112,57","112,57"
2025-09-27 19:15:00,"2413,3543333333337","0,0","-2,980865913851269","154,91","133,04","133,04"
2025-09-27 19:30:00,"485,3770000000008","0,0","-5,465422031775373","145,32","139,64","139,64"
2025-09-27 19:45:00,"705,2936666666674","0,0","-7,942990428192051","152,43","120,81","120,81"
2025-09-27 20:00:00,"1392,1086666666674","0,0","-10,407436556425862","152,44","147,85","147,85"
2025-09-27 20:15:00,"1791,7660000000005","0,0","-12,852423443282364","123,01","140,62","140,62"
2025-09-27 20:30:00,"690,1780000000006","0,0","-15,271330543057053","137,4","136,82","136,82"
2025-09-27 20:45:00,"450,3703333333339","0,0","-17,657170350854006","105,08","117,86","117,86"
2025-09-27 21:00:00,"387,5413333333339","0,0","-20,00250411605557","115,09","138,53","138,53"
2025-09-27 21:15:00,"547,236333333334","0,0","-22,299355806517312","107,59","146,9","146,9"
2025-09-27 21:30:00,"592,8706666666674","0,0","-24,53912744948769","114,87","123,91","123,91"
2025-09-27 21:45:00,"629,5270000000006","0,0","-26,71252026091092","114,9","92,47","92,47"
2025-09-27 22:00:00,"668,6300000000006","0,0","-28,80946508931932","105,1","149,3","149,3"
2025-09-27 22:15:00,"401,8620000000006","0,0","-30,819070889209627","119,92","153,61","153,61"
2025-09-27 22:30:00,"1119,6436666666673","0,0","-32,72960248246497","112,42","162,45","162,45"
2025-09-27 22:45:00,"1724,4216666666673","0,0","-34,52849934187922","94,56","118,67","118,67"
2025-09-27 23:00:00,"1028,0736666666674","0,0","-36,20245242057448","99,77","90,66","90,66"
2025-09-27 23:15:00,"530,9580000000008","0,0","-37,73755724119942","99,77","82,55","82,55"
2025-09-27 23:30:00,"444,4233333333341","0,0","-39,11955852977112","99,77","80,61","80,61"
2025-09-27 23:45:00,"304,7443333333341","0,0","-40,334199295602616","99,9","77,97","77,97"
2025-09-28 00:00:00,"341,2283333333341","0,0","-41,36767691630688","119,9","128,49","128,49"
2025-09-28 00:15:00,"213,58100000000073","0,0","-42,207191618310006","114,9","111,4","111,4"
2025-09-28 00:30:00,"184,80300000000074","0,0","-42,84155450106636","109,86","129,48","129,48"
2025-09-28 00:45:00,"254,89600000000073","0,0","-43,261800790655045","65,1","126,67","126,67"
2025-09-28 01:00:00,"237,43066666666743","0,0","-43,461737502938085","119,9","76,84","76,84"
2025-09-28 01:15:00,"332,7423333333341","0,0","-43,438352134097165","98,14","79,9","79,9"
2025-09-28 01:30:00,"263,62066666666743","0,0","-43,19202081789248","65,1","75,52","75,52"
2025-09-28 01:45:00,"149,33100000000073","0,0","-42,7264825709257","98,14","64,42","64,42"
2025-09-28 02:00:00,"257,5066666666674","0,0","-42,04858409324781","102,02","107,8","107,8"
2025-09-28 02:15:00,"178,52266666666742","0,0","-41,16783508389217","114,9","96,81","96,81"
2025-09-28 02:30:00,"211,90400000000076","0,0","-40,09584001506961","102,02","118,88","118,88"
2025-09-28 02:45:00,"334,35300000000075","0,0","-38,84568079411014","65,1","143,45","143,45"
2025-09-28 03:00:00,"585,2910000000007","0,0","-37,43131723517587","114,9","146,23","146,23"
2025-09-28 03:15:00,"1621,2556666666676","0,0","-35,86705640638055","100,85","131,46","131,46"
2025-09-28 03:30:00,"336,48233333333405","0,0","-34,16711961583006","100,85","104,57","104,57"
2025-09-28 03:45:00,"168,53566666666742","0,0","-32,34531591072469","65,1","96,83","96,83"
2025-09-28 04:00:00,"295,1713333333341","0,0","-30,41481859559161","93,9","83,15","83,15"
2025-09-28 04:15:00,"193,04600000000113","0,0","-28,388030804792635","93,9","79,06","79,06"
2025-09-28 04:30:00,"176,6426666666674","0,0","-26,27652202793838","109,9","83,74","83,74"
2025-09-28 04:45:00,"333,09233333333407","0,0","-24,09101972789845","93,9","92,61","92,61"
2025-09-28 05:00:00,"258,40466666666737","0,0","-21,84143978420012","114,91","104,55","104,55"
2025-09-28 05:15:00,"231,4836666666674","0,0","-19,536941995688743","114,91","103,58","103,58"
2025-09-28 05:30:00,"285,84100000000075","0,0","-17,18600254110302","102,68","115,57","115,57"
2025-09-28 05:45:00,"150,12433333333408","0,0","-14,796495396416754","65,1","120,54","120,54"
2025-09-28 06:00:00,"281,32766666666737","0,0","-12,375776758175766","114,91","118,5","118,5"
2025-09-28 06:15:00,"510,2310000000007","0,0","-9,930771184593466","114,91","120,58","120,58"
2025-09-28 06:30:00,"2292,3996666666676","0,0","-7,468056666688825","96,28","144,0","144,0"
2025-09-28 06:45:00,"1686,7876666666675","0,0","-4,993946685838656","75,09","151,9","151,9"
2025-09-28 07:00:00,"1262,7096666666675","0,0","-2,5145709511406587","119,96","173,35","173,35"
2025-09-28 07:15:00,"862,6253333333341","0,0","0,4185146615832472","124,92","133,04","133,04"
2025-09-28 07:30:00,"267,74633333333406","8,245666666666223","2,673946188362605","80,1","111,48","111,48"
2025-09-28 07:45:00,"154,8176666666674","44,75366666666623","5,047794610866461","75,05","80,64","80,64"
2025-09-28 08:00:00,"306,50366666666747","85,25833333333289","7,445627072559686","159,94","95,39","95,39"
2025-09-28 08:15:00,"336,5533333333341","220,02666666666624","9,835909651949844","124,94","81,29","81,29"
2025-09-28 08:30:00,"2150,871000000001","122,47299999999956","12,20292565677267","65,06","73,07","73,07"
2025-09-28 08:45:00,"3259,955333333334","328,4573333333329","14,535857175008104","54,89","126,94","126,94"
2025-09-28 09:00:00,"1340,6716666666678","375,91166666666624","16,8254427984111","124,99","146,72","146,72"
2025-09-28 09:15:00,"965,8493333333342","459,35133333333295","19,062798198053724","104,95","139,21","139,21"
2025-09-28 09:30:00,"948,596000000001","532,6263333333329","21,238925070872007","88,56","195,91","195,91"
2025-09-28 09:45:00,"334,5290000000009","598,8589999999996","23,344446525235213","35,05","227,22","227,22"
2025-09-28 10:00:00,"863,6003333333342","679,0556666666663","25,36947481162806","111,12","170,98","170,98"
2025-09-28 10:15:00,"3090,148666666668","791,5009999999996","27,303543138934536","84,94","208,4","208,4"
2025-09-28 10:30:00,"1193,912000000001","986,0946666666664","29,13557958313105","25,06","180,16","180,16"
2025-09-28 10:45:00,"528,1270000000009","1230,6026666666662","30,85402207128913","15,0","129,28","129,28"
2025-09-28 11:00:00,"362,4790000000009","1146,430333333333","32,44660728138355","52,55","135,83","135,83"
2025-09-28 11:15:00,"650,1380000000008","833,3926666666663","33,9009821391329","15,07","56,76","56,76"
2025-09-28 11:30:00,"315,63166666666757","908,5199999999996","35,2046275118265","5,06","23,79","23,79"
2025-09-28 11:45:00,"231,8833333333342","943,3903333333328","36,34523906185641","-4,93","-5,37","-5,37"
2025-09-28 12:00:00,"365,3233333333342","869,221333333333","37,31110612272995","54,93","8,68","8,68"
2025-09-28 12:15:00,"270,48366666666755","986,9873333333328","38,09153814677752","0,09","-1,51","-1,51"
2025-09-28 12:30:00,"321,25033333333425","1084,459666666666","38,67734375570708","-4,66","-6,86","-6,86"
2025-09-28 12:45:00,"436,77400000000097","1413,9066666666663","39,06125962265526","-14,93","-9,18","-9,18"
2025-09-28 13:00:00,"290,8640000000009","1466,617666666666","39,23834520864336","0,08","13,77","13,77"
2025-09-28 13:15:00,"340,87466666666757","1366,1146666666662","39,206270658495846","-4,92","7,08","7,08"
2025-09-28 13:30:00,"336,6190000000009","1349,4169999999997","38,96543683180644","-4,91","17,24","17,24"
2025-09-28 13:45:00,"208,54933333333423","988,8009999999996","38,51895451626233","32,39","19,46","19,46"
2025-09-28 14:00:00,"321,2070000000009","913,4963333333328","37,87250866073474","0,04","18,84","18,84"
2025-09-28 14:15:00,"297,09166666666755","879,3913333333329","37,03396101285918","0,03","34,41","34,41"
2025-09-28 14:30:00,"1110,4206666666673","727,7553333333329","36,01298970641018","5,04","48,09","48,09"
2025-09-28 14:45:00,"1290,2090000000007","772,9109999999996","34,82062086000562","23,12","48,8","48,8"
2025-09-28 15:00:00,"247,96266666666756","879,4169999999996","33,468772466576254","0,02","77,0","77,0"
2025-09-28 15:15:00,"283,16233333333423","982,5853333333328","31,96983003961466","-6,6","57,39","57,39"
2025-09-28 15:30:00,"284,0170000000009","695,7983333333328","30,33630685519946","25,02","92,5","92,5"
2025-09-28 15:45:00,"256,8360000000009","679,3406666666663","28,58054400114286","84,95","97,9","97,9"
2025-09-28 16:00:00,"348,82066666666753","675,6873333333328","26,714508540888453","15,0","117,41","117,41"
2025-09-28 16:15:00,"251,76366666666755","879,716333333333","24,749670257792445","42,75","131,42","131,42"
2025-09-28 16:30:00,"381,7163333333342","1868,734","22,69689320205312","104,96","134,19","134,19"
2025-09-28 16:45:00,"406,63966666666755","1712,9069999999997","20,56657937486508","154,91","123,82","123,82"
2025-09-28 17:00:00,"252,21433333333425","1493,8363333333332","18,368189430872444","25,07","47,98","47,98"
2025-09-28 17:15:00,"348,6550000000009","1282,8329999999994","16,111076758509604","85,26","40,27","40,27"
2025-09-28 17:30:00,"1472,480000000001","1178,560333333333","13,804160791473674","139,96","147,9","147,9"
2025-09-28 17:45:00,"1223,639000000001","989,640333333333","11,456358792781236","180,0","137,77","137,77"
2025-09-28 18:00:00,"801,1566666666674","709,4729999999996","9,077234337689625","75,06","162,18","162,18"
2025-09-28 18:15:00,"328,5260000000008","443,4156666666662","6,67854303644567","120,79","175,45","175,45"
2025-09-28 18:30:00,"492,8315000000013","268,2609999999993","4,279234478190802","164,95","215,26","215,26"
2025-09-28 18:45:00,"628,9126666666676","122,57566666666624","1,923598774395923","180,0","133,94","133,94"
2025-09-28 19:00:00,"430,38833333333423","12,098999999999556","-0,8423942097999678","120,09","143,24","143,24"
2025-09-28 19:15:00,"658,3080000000009","0,4833333333328892","-3,3277639846818112","155,65","112,06","112,06"
2025-09-28 19:30:00,"2218,0753333333346","0,0","-5,812570534780306","169,93","75,92","75,92"
2025-09-28 19:45:00,"1499,3333333333344","0,0","-8,290805325170702","169,94","75,88","75,88"
2025-09-28 20:00:00,"2657,5613333333336","0,0","-10,756333355726708","120,09","84,59","84,59"
2025-09-28 20:15:00,"393,38566666666725","0,0","-13,202814772553753","115,1","63,09","63,09"
2025-09-28 20:30:00,"357,60900000000055","0,0","-15,62362305156791","118,11","62,33","62,33"
2025-09-28 20:45:00,"521,5050000000007","0,0","-18,01176066383528","149,91","56,27","56,27"
2025-09-28 21:00:00,"444,6280000000006","0,0","-20,35977353494541","105,08","119,7","119,7"
2025-09-28 21:15:00,"404,3466666666673","0,0","-22,659663413235908","100,1","92,84","92,84"
2025-09-28 21:30:00,"506,09066666666723","0,0","-24,90280125755159","107,67","102,12","102,12"
2025-09-28 21:45:00,"1225,635333333334","0,0","-27,07984606159049","134,9","88,77","88,77"
2025-09-28 22:00:00,"1736,6930000000007","0,0","-29,180672683106923","139,91","132,66","132,66"
2025-09-28 22:15:00,"1150,8556666666673","0,0","-31,19431751893037","104,8","142,84","142,84"
2025-09-28 22:30:00,"539,2066666666674","0,0","-33,10895351326978","80,1","140,1","140,1"
2025-09-28 22:45:00,"562,8866666666675","0,0","-34,91190660465548","104,8","126,46","126,46"
2025-09-28 23:00:00,"390,3636666666674","0,0","-36,58973118505335","134,9","85,0","85,0"
2025-09-28 23:15:00,"324,2626666666674","0,0","-38,1283635113307","85,1","82,74","82,74"
2025-09-28 23:30:00,"273,05933333333405","0,0","-39,513369189180985","91,97","69,97","69,97"
2025-09-28 23:45:00,"165,09900000000076","0,0","-40,73029844997002","91,97","70,15","70,15"
2025-09-29 00:00:00,"173,18933333333408","0,0","-41,76515231431148","129,92","81,24","81,24"
2025-09-29 00:15:00,"284,23800000000074","0,0","-42,60494495096931","70,1","86,67","86,67"
2025-09-29 00:30:00,"278,0826666666674","0,0","-43,23832837711048","97,28","106,52","106,52"
2025-09-29 00:45:00,"325,1090000000008","0,0","-43,65622310884269","65,1","102,22","102,22"
2025-09-29 01:00:00,"168,59366666666742","0,0","-43,852381016530806","70,1","94,07","94,07"
2025-09-29 01:15:00,"200,3210000000007","0,0","-43,823803875045606","65,1","123,41","123,41"
2025-09-29 01:30:00,"262,62133333333406","0,0","-43,5709536423836","110,3","103,7","103,7"
2025-09-29 01:45:00,"161,05300000000076","0,0","-43,09772026779611","110,3","101,32","101,32"
2025-09-29 02:00:00,"305,4266666666674","0,0","-42,4111526111526","119,9","130,09","130,09"
2025-09-29 02:15:00,"174,84233333333407","0,0","-41,52099515027271","87,8","83,82","83,82"
2025-09-29 02:30:00,"241,26633333333405","0,0","-40,43909987507482","60,1","83,17","83,17"
2025-09-29 02:45:00,"334,5360000000008","0,0","-39,1787909564009","87,8","83,76","83,76"
2025-09-29 03:00:00,"187,45566666666738","0,0","-37,75425125539826","96,97","82,52","82,52"
2025-09-29 03:15:00,"212,5606666666674","0,0","-36,179982630881085","96,97","83,24","83,24"
2025-09-29 03:30:00,"231,4770000000008","0,0","-34,47036860810508","96,97","91,93","91,93"
2025-09-29 03:45:00,"190,77100000000073","0,0","-32,6393473949668","65,1","83,74","83,74"
2025-09-29 04:00:00,"282,5013333333341","0,0","-30,7001906109071","55,1","87,42","87,42"
2025-09-29 04:15:00,"179,8706666666674","0,0","-28,66537265657641","114,9","101,81","101,81"
2025-09-29 04:30:00,"272,0950000000007","0,0","-26,546511721833088","124,9","114,44","114,44"
2025-09-29 04:45:00,"305,7293333333341","0,0","-24,35436594924801","97,2","113,04","113,04"
2025-09-29 05:00:00,"134,9940000000007","0,0","-22,098868087621437","104,91","102,31","102,31"
2025-09-29 05:15:00,"278,93000000000075","0,0","-19,789184670510487","119,91","106,97","106,97"
2025-09-29 05:30:00,"253,42600000000076","0,0","-17,433791554215563","85,1","153,92","153,92"
2025-09-29 05:45:00,"227,56600000000074","0,0","-15,04055781973073","107,5","135,25","135,25"
2025-09-29 06:00:00,"1033,6850000000009","0,0","-12,61683214086872","70,09","29,12","29,12"
2025-09-29 06:15:00,"1795,8896666666674","0,0","-10,169530409846596","132,06","154,1","154,1"
2025-09-29 06:30:00,"1465,8016666666674","0,0","-7,705221899273046","169,91","205,05","205,05"
2025-09-29 06:45:00,"1981,4086666666674","0,0","-5,230212084581779","180,0","174,74","174,74"
2025-09-29 07:00:00,"2721,8446666666678","0,0","-2,750623876285568","191,72","148,26","148,26"
2025-09-29 07:15:00,"649,3320000000008","0,0","0,2154700841236242","204,99","136,04","136,04"
2025-09-29 07:30:00,"295,13633333333405","3,886999999999556","2,449105600730213","209,97","181,64","181,64"
2025-09-29 07:45:00,"345,89200000000073","6,320333333332889","4,814177571707941","209,96","175,27","175,27"
2025-09-29 08:00:00,"347,0356666666674","9,75933333333289","7,206894805531055","219,99","198,06","198,06"
2025-09-29 08:15:00,"781,657333333334","54,770333333332886","9,592793990154751","195,62","88,72","88,72"
2025-09-29 08:30:00,"1814,3616666666676","98,94866666666624","11,955324053014","174,97","102,81","102,81"
2025-09-29 08:45:00,"1546,0895000000012","137,51099999999934","14,283363131659376","154,9","84,63","84,63"
2025-09-29 09:00:00,"1349,1523333333341","272,0299999999996","16,56752792217781","184,95","187,58","187,58"
2025-09-29 09:15:00,"888,7710000000006","417,5806666666662","18,798885924811305","174,9","189,73","189,73"
2025-09-29 09:30:00,"385,0600000000008","445,2703333333329","20,968419638089685","117,44","138,06","138,06"
2025-09-29 09:45:00,"370,47000000000077","637,3219999999995","23,066758077941724","35,1","177,41","177,41"
2025-09-29 10:00:00,"450,85166666666737","778,5956666666664","25,084037266073665","180,0","165,85","165,85"
2025-09-29 10:15:00,"385,1500000000008","617,0669999999994","27,00983377260822","139,97","61,88","61,88"
2025-09-29 10:30:00,"528,3153333333341","605,5153333333328","28,833134172086883","60,09","95,31","95,31"
2025-09-29 10:45:00,"1898,3010000000008","581,6036666666662","30,54237833954196","36,34","79,57","79,57"
2025-09-29 11:00:00,"678,1163333333341","928,2076666666662","32,125576649228044","134,94","60,74","60,74"
2025-09-29 11:15:00,"441,61500000000075","1105,961333333333","33,57041260516033","65,09","73,02","73,02"
2025-09-29 11:30:00,"425,43400000000076","1812,938666666666","34,86452475409083","78,99","56,18","56,18"
2025-09-29 11:45:00,"433,2813333333341","2238,1366666666663","35,99578352786049","89,91","43,59","43,59"
2025-09-29 12:00:00,"534,2253333333341","2315,776999999999","36,95266861033129","97,03","39,92","39,92"
2025-09-29 12:15:00,"1549,8286666666675","2364,831333333333","37,72469427975798","50,1","3,94","3,94"
2025-09-29 12:30:00,"1801,566333333334","2478,7516666666656","38,30285426413357","94,95","-16,75","-16,75"
2025-09-29 12:45:00,"524,0976666666674","2435,274333333333","38,68006084075089","89,93","-13,97","-13,97"
2025-09-29 13:00:00,"518,7260000000008","2650,896333333332","38,85151831960472","99,91","48,74","48,74"
2025-09-29 13:15:00,"801,9496666666676","2750,572333333333","38,81499567541081","45,1","6,33","6,33"
2025-09-29 13:30:00,"498,95100000000076","2940,483999999999","38,57095024925051","74,02","35,74","35,74"
2025-09-29 13:45:00,"487,8150000000008","2819,157666666666","38,12254418330927","104,91","94,85","94,85"
2025-09-29 14:00:00,"514,5940000000007","2805,555999999999","37,47530850872572","94,95","95,74","95,74"
2025-09-29 14:15:00,"1271,7696666666673","2799,870666666666","36,637064561386495","99,96","103,69","103,69"
2025-09-29 14:30:00,"1526,6410000000008","2808,483666666666","35,617364372720765","79,14","135,58","135,58"
2025-09-29 14:45:00,"535,0610000000008","2559,6633333333325","34,4270873809468","60,09","128,08","128,08"
2025-09-29 15:00:00,"609,8423333333341","2484,401","33,07799550054242","59,17","4,11","4,11"
2025-09-29 15:15:00,"475,6373333333341","2748,615","31,58232407603453","45,08","71,86","71,86"
2025-09-29 15:30:00,"525,3860000000006","2566,1736666666666","29,95243421730673","119,93","102,3","102,3"
2025-09-29 15:45:00,"1595,6696666666676","2262,8373333333325","28,20053315894157","139,98","116,87","116,87"
2025-09-29 16:00:00,"509,00500000000073","2061,09","26,33847069329872","25,07","89,08","89,08"
2025-09-29 16:15:00,"310,2486666666675","1726,791666666666","24,37761080118711","96,15","135,38","135,38"
2025-09-29 16:30:00,"427,3766666666674","1293,4739999999997","22,32874231240708","144,94","149,14","149,14"
2025-09-29 16:45:00,"299,06266666666744","1087,210999999999","20,2025756792786","180,0","176,45","176,45"
2025-09-29 17:00:00,"265,0763333333341","866,905666666666","18,00783864223814","45,08","33,15","33,15"
2025-09-29 17:15:00,"341,74066666666744","567,196666666666","15,754192967376229","134,94","57,01","57,01"
2025-09-29 17:30:00,"218,02233333333407","423,32266666666607","13,45058612795023","178,29","69,63","69,63"
2025-09-29 17:45:00,"2106,220666666667","301,0563333333328","11,10602301648886","204,97","65,08","65,08"
2025-09-29 18:00:00,"2964,0386666666673","248,2353333333328","8,730302056015507","90,02","44,28","44,28"
2025-09-29 18:15:00,"3941,9073333333345","140,02166666666608","6,335880957075887","115,07","83,33","83,33"
2025-09-29 18:30:00,"1913,695333333334","50,986333333332745","3,943684102969008","397,66","128,31","128,31"
2025-09-29 18:45:00,"460,8240000000006","4,840666666666074","1,6055340570473875","397,66","121,98","121,98"
2025-09-29 19:00:00,"322,7690000000006","0,0","-1,188505323512957","145,06","116,38","116,38"
2025-09-29 19:15:00,"389,41333333333387","0,0","-3,673680398311888","488,84","138,0","138,0"
2025-09-29 19:30:00,"332,67666666666724","0,0","-6,1587078876252015","488,84","134,88","134,88"
2025-09-29 19:45:00,"1515,9936666666674","0,0","-8,63758145321378","488,84","106,02","106,02"
2025-09-29 20:00:00,"1272,0903333333338","0,0","-11,10416632181204","209,99","111,71","111,71"
2025-09-29 20:15:00,"345,4576666666671","0,0","-13,552120480450384","199,99","102,58","102,58"
2025-09-29 20:30:00,"458,31800000000044","0,0","-15,97481218936422","204,91","93,97","93,97"
2025-09-29 20:45:00,"409,10166666666714","0,0","-18,36523469655009","170,96","81,13","81,13"
2025-09-29 21:00:00,"392,55933333333377","0,0","-20,71591943185353","180,0","165,01","165,01"
2025-09-29 21:15:00,"430,9680000000005","0,0","-23,01884676081858","150,25","146,09","146,09"
2025-09-29 21:30:00,"659,7250000000004","0,0","-25,265357387570923","100,09","165,29","165,29"
2025-09-29 21:45:00,"471,0120000000004","0,0","-27,44606882122036","85,09","155,25","155,25"
2025-09-29 22:00:00,"1485,1353333333338","0,0","-29,55080052215762","110,1","150,55","150,55"
2025-09-29 22:15:00,"1416,9080000000006","0,0","-31,5685166827029","100,1","138,02","138,02"
2025-09-29 22:30:00,"416,75000000000045","0,0","-33,48729836619756","119,11","144,12","144,12"
2025-09-29 22:45:00,"192,31000000000043","0,0","-35,294357481055656","129,9","83,85","83,85"
2025-09-29 23:00:00,"215,0945000000007","0,0","-36,97611073178639","149,91","92,12","92,12"
2025-09-29 23:15:00,"281,7006666666671","0,0","-38,51833323680929","129,83","73,49","73,49"
2025-09-29 23:30:00,"178,56066666666712","0,0","-39,90640881005643","75,09","73,72","73,72"
2025-09-29 23:45:00,"292,29033333333376","0,0","-41,12569149102733","65,09","80,1","80,1"
2025-09-30 00:00:00,"327,28633333333374","0,0","-42,16198199468216","105,6","79,32","79,32"
2025-09-30 00:15:00,"299,2716666666671","0,0","-43,002104335025","98,4","100,01","100,01"
2025-09-30 00:30:00,"306,06500000000045","0,0","-43,63454773996354","99,7","122,85","122,85"
2025-09-30 00:45:00,"210,2683333333338","0,0","-44,05011530548921","85,1","139,61","139,61"
2025-09-30 01:00:00,"235,67333333333377","0,0","-44,24250258242722","99,2","78,99","78,99"
2025-09-30 01:15:00,"340,9370000000004","0,0","-44,2087263039328","95,0","72,8","72,8"
2025-09-30 01:30:00,"161,57500000000044","0,0","-43,94933677108102","94,72","72,3","72,3"
2025-09-30 01:45:00,"271,82700000000045","0,0","-43,468378859580426","94,5","128,98","128,98"
2025-09-30 02:00:00,"275,57566666666713","0,0","-42,77310843598198","94,0","76,81","76,81"
2025-09-30 02:15:00,"329,52900000000045","0,0","-41,87350974024102","89,0","77,34","77,34"
2025-09-30 02:30:00,"339,5710000000005","0,0","-40,7816867585476","89,0","122,3","122,3"
2025-09-30 02:45:00,"218,2076666666671","0,0","-39,5112094561467","96,8","90,94","90,94"
2025-09-30 03:00:00,"242,39966666666712","0,0","-38,07648611986206","91,2","115,33","115,33"
2025-09-30 03:15:00,"250,5956666666671","0,0","-36,49221463463792","89,3","120,16","120,16"
2025-09-30 03:30:00,"184,1956666666671","0,0","-34,772940989438546","99,6","110,48","110,48"
2025-09-30 03:45:00,"337,07200000000046","0,0","-32,932732037697946","90,26","108,67","108,67"
2025-09-30 04:00:00,"266,9996666666671","0,0","-30,98495668017932","89,21","113,01","113,01"
2025-09-30 04:15:00,"301,8293333333338","0,0","-28,942159246562444","90,2","105,46","105,46"
2025-09-30 04:30:00,"272,7960000000005","0,0","-26,816005156261667","95,2","102,06","102,06"
2025-09-30 04:45:00,"226,0553333333338","0,0","-24,617281748867946","108,9","83,06","83,06"
2025-09-30 05:00:00,"327,1833333333338","0,0","-22,355937229576057","100,2","51,78","51,78"
2025-09-30 05:15:00,"241,49633333333378","0,0","-20,041143566690696","105,2","73,06","73,06"
2025-09-30 05:30:00,"204,60166666666711","0,0","-17,68137512479713","117,1","76,57","76,57"
2025-09-30 05:45:00,"373,39266666666714","0,0","-15,284495050569456","141,77","132,79","132,79"
2025-09-30 06:00:00,"2021,9513333333339","0,0","-12,857843577825651","102,4","168,26","168,26"
2025-09-30 06:15:00,"1520,6080000000004","0,0","-10,408327118789812","126,1","82,35","82,35"
2025-09-30 06:30:00,"1285,635666666667","0,0","-7,942505494687132","145,1","76,32","76,32"
2025-09-30 06:45:00,"1304,410333333334","0,0","-5,466675501570237","162,39","124,26","124,26"
2025-09-30 07:00:00,"871,0576666666672","0,0","-2,9869526139361406","179,97","181,1","181,1"
2025-09-30 07:15:00,"3199,0103333333336","0,0","0,0130424351619112","194,95","175,79","175,79"
2025-09-30 07:30:00,"1309,1346666666673","3,383999999999408","2,224310571806256","199,97","154,66","154,66"
2025-09-30 07:45:00,"358,3136666666671","45,57066666666607","4,579932488124487","278,03","150,71","150,71"
2025-09-30 08:00:00,"274,2483333333338","131,15666666666607","6,967403521052644","212,0","220,69","220,69"
2025-09-30 08:15:00,"1768,8596666666674","178,82566666666608","9,348869042342857","204,54","135,18","135,18"
2025-09-30 08:30:00,"1175,411333333334","294,7059999999994","11,706883396282787","204,54","98,34","98,34"
2025-09-30 08:45:00,"784,1436666666672","262,8513333333327","14,030007399147026","149,91","85,28","85,28"
2025-09-30 09:00:00,"271,8593333333337","202,4646666666661","16,308733940547125","180,0","176,46","176,46"
2025-09-30 09:15:00,"172,8780000000004","266,6406666666661","18,53409963652965","149,0","155,51","155,51"
2025-09-30 09:30:00,"320,9666666666671","479,7366666666661","20,69704945703769","135,2","139,63","139,63"
2025-09-30 09:45:00,"301,43866666666713","1015,0923333333328","22,78822118702949","106,5","132,06","132,06"
2025-09-30 10:00:00,"350,69566666666714","1082,9409999999991","24,79777705774192","149,98","126,07","126,07"
2025-09-30 10:15:00,"368,8156666666671","1025,6243333333327","26,715331385314112","124,91","105,36","105,36"
2025-09-30 10:30:00,"742,0716666666673","961,9176666666662","28,52993976126781","104,98","59,95","59,95"
2025-09-30 10:45:00,"332,98466666666707","1236,284666666666","30,23024596868101","83,91","57,02","57,02"
2025-09-30 11:00:00,"271,9750000000005","1124,5889999999995","31,80410977762565","130,5","82,23","82,23"
2025-09-30 11:15:00,"239,36300000000043","656,1356666666661","33,23948640279537","107,13","67,23","67,23"
2025-09-30 11:30:00,"342,70300000000043","146,9209999999995","34,52416124466347","95,8","73,84","73,84"
2025-09-30 11:45:00,"254,82533333333373","329,3766666666661","35,64617730862643","79,96","151,65","151,65"
2025-09-30 12:00:00,"437,7943333333338","297,3439999999994","36,59420150396444","115,99","124,25","124,25"
2025-09-30 12:15:00,"321,2086666666671","180,2503333333328","37,35793574071716","94,99","110,82","110,82"
2025-09-30 12:30:00,"692,624666666667","301,4483333333328","37,92856803652598","87,3","104,07","104,07"
2025-09-30 12:45:00,"1708,4690000000003","524,8443333333328","38,299181152470254","79,98","114,79","114,79"
2025-09-30 13:00:00,"829,254666666667","581,2289999999995","38,46511937687157","99,0","99,93","99,93"
2025-09-30 13:15:00,"265,9446666666671","631,1863333333329","38,42425486307432","89,95","52,1","52,1"
2025-09-30 13:30:00,"277,70350000000064","386,3354999999992","38,17709008206148","89,93","41,69","41,69"
2025-09-30 13:45:00,"234,22633333333377","322,98266666666615","37,72675170227871","88,72","85,4","85,4"
2025-09-30 14:00:00,"392,6746666666671","522,7723333333329","37,07878594036411","84,93","87,54","87,54"
2025-09-30 14:15:00,"307,85900000000044","738,1286666666663","36,24089221018098","89,96","99,71","99,71"
2025-09-30 14:30:00,"300,5160000000005","2020,372","35,22249691737191","93,7","151,87","151,87"
2025-09-30 14:45:00,"343,3956666666671","1637,1816666666662","34,034335474224584","103,49","146,04","146,04"
2025-09-30 15:00:00,"271,74666666666707","1526,2446666666665","32,688016559811494","79,92","52,22","52,22"
2025-09-30 15:15:00,"276,9726666666671","1350,3903333333326","31,19562899906747","89,97","85,92","85,92"
2025-09-30 15:30:00,"385,12533333333374","2368,5303333333327","29,5693834241902","105,57","74,7","74,7"
2025-09-30 15:45:00,"391,04533333333376","2881,884","27,82135533839578","124,94","79,5","79,5"
2025-09-30 16:00:00,"405,66100000000046","1660,8783333333329","25,963279009345943","79,7","72,1","72,1"
2025-09-30 16:15:00,"331,4523333333338","834,8966666666663","24,006409414456783","98,7","72,78","72,78"
2025-09-30 16:30:00,"1537,9090000000006","1118,589333333333","21,961465108628616","126,8","74,07","74,07"
2025-09-30 16:45:00,"835,5590000000005","647,7416666666662","19,838776298484305","150,8","97,32","97,32"
2025-09-30 17:00:00,"210,29766666666714","118,16766666666622","17,647617424107356","94,99","61,01","61,01"
2025-09-30 17:15:00,"254,12166666666707","198,93499999999955","15,39738742910998","138,1","73,82","73,82"
2025-09-30 17:30:00,"270,0605000000007","222,9484999999993","13,09702289227964","169,51","137,99","137,99"
2025-09-30 17:45:00,"706,2515000000001","623,1715","10,755611162904108","223,9","155,09","155,09"
2025-09-30 18:00:00,"1935,3113333333336","420,8396666666667","8,383183905261381","190,4","82,29","82,29"
2025-09-30 18:15:00,"1122,8193333333334","184,01866666666663","5,99281159818002","398,8","89,07","89,07"
2025-09-30 18:30:00,"318,887","48,88033333333333","3,6075857240644433","252,3","130,64","130,64"
2025-09-30 18:45:00,"382,09433333333334","10,22","1,287541136665232","289,2","131,21","131,21"
2025-09-30 19:00:00,"226,77933333333334","0,0","-1,5335290106240362","499,0","123,49","123,49"
2025-09-30 19:15:00,"339,9993333333333","0,0","-4,018478388352609","269,9","134,55","134,55"
2025-09-30 19:30:00,"308,3496666666667","0,0","-6,503697028661886","361,87","103,81","103,81"
2025-09-30 19:45:00,"2528,7923333333333","0,0","-8,983181435644727","361,87","117,89","117,89"
2025-09-30 20:00:00,"2505,5033333333336","0,0","-11,450797750985702","194,93","148,43","148,43"
2025-09-30 20:15:00,"1304,4436666666668","0,0","-13,900202534324876","170,5","87,81","87,81"
2025-09-30 20:30:00,"1469,3966666666668","0,0","-16,324759607121","140,09","84,9","84,9"
2025-09-30 20:45:00,"429,1780000000001","0,0","-18,71745381691132","126,06","88,49","88,49"
2025-09-30 21:00:00,"388,5983333333334","0,0","-21,070802954451448","145,1","129,51","129,51"
2025-09-30 21:15:00,"523,0073333333335","0,0","-23,376766875269087","137,6","139,25","139,25"
2025-09-30 21:30:00,"435,0343333333335","0,0","-25,626656884441285","121,3","98,27","98,27"
2025-09-30 21:45:00,"493,78200000000015","0,0","-27,81104979710457","101,96","75,96","75,96"
2025-09-30 22:00:00,"622,8380000000002","0,0","-29,919710328900383","134,84","78,85","78,85"
2025-09-30 22:15:00,"457,0310000000002","0,0","-31,94153088854411","115,09","138,94","138,94"
2025-09-30 22:30:00,"400,1466666666668","0,0","-33,86450072375212","103,6","90,56","90,56"
2025-09-30 22:45:00,"240,7223333333335","0,0","-35,67571728296005","92,2","74,57","74,57"
2025-09-30 23:00:00,"189,08133333333348","0,0","-37,36145851330786","110,08","81,2","81,2"
2025-09-30 23:15:00,"250,4793333333335","0,0","-38,907336559432174","100,1","62,66","62,66"
2025-09-30 23:30:00,"242,67600000000013","0,0","-40,29855078021612","96,1","77,35","77,35"
2025-09-30 23:45:00,"314,0003333333335","0,0","-41,52025557965204","81,18","73,0","73,0"
2025-10-01 00:00:00,"197,02133333333347","0,0","-42,55804735110406","112,1","133,58","133,58"
2025-10-01 00:15:00,"157,0796666666668","0,0","-43,39855575712035","108,1","132,26","132,26"
2025-10-01 00:30:00,"248,53933333333347","0,0","-44,03010341085754","99,6","133,65","133,65"
2025-10-01 00:45:00,"206,81966666666682","0,0","-44,44337316368358","92,0","132,53","132,53"
2025-10-01 01:00:00,"269,0930000000001","0,0","-44,63200298475772","108,1","107,24","107,24"
2025-10-01 01:15:00,"211,6513333333335","0,0","-44,59302519771517","102,7","102,24","102,24"
2025-10-01 01:30:00,"212,1623333333335","0,0","-44,32708095984968","97,0","118,3","118,3"
2025-10-01 01:45:00,"336,9223333333335","0,0","-43,83837409102701","92,0","85,21","85,21"
2025-10-01 02:00:00,"199,63766666666683","0,0","-43,13437234338526","103,0","87,35","87,35"
2025-10-01 02:15:00,"186,7160000000001","0,0","-42,22530472045081","98,1","102,57","102,57"
2025-10-01 02:30:00,"233,90133333333344","0,0","-41,12353167542715","97,4","105,07","105,07"
2025-10-01 02:45:00,"132,7096666666668","0,0","-39,84287246133055","96,0","113,39","113,39"
2025-10-01 03:00:00,"286,03566666666677","0,0","-38,39796310732351","98,1","147,15","147,15"
2025-10-01 03:15:00,"232,2466666666668","0,0","-36,803698683858485","98,0","148,62","148,62"
2025-10-01 03:30:00,"296,33233333333345","0,0","-35,07478781170159","99,4","151,94","151,94"
2025-10-01 03:45:00,"281,9930000000001","0,0","-33,22542540481306","100,6","115,57","115,57"
2025-10-01 04:00:00,"140,68266666666682","0,0","-31,269076553270207","93,6","124,81","124,81"
2025-10-01 04:15:00,"254,23866666666677","0,0","-29,21835413312313","96,2","118,92","118,92"
2025-10-01 04:30:00,"224,0106666666668","0,0","-27,08496929305473","102,2","107,0","107,0"
2025-10-01 04:45:00,"163,95400000000015","0,0","-24,8797370725931","106,4","125,37","125,37"
2025-10-01 05:00:00,"243,46933333333345","0,0","-22,61261971329038","97,4","118,98","118,98"
2025-10-01 05:15:00,"210,7706666666668","0,0","-20,292793318867226","102,0","116,22","116,22"
2025-10-01 05:30:00,"409,34566666666683","0,0","-17,928729598376435","113,8","153,65","153,65"
2025-10-01 05:45:00,"2210,6776666666674","0,0","-15,528284735662533","125,2","157,4","157,4"
2025-10-01 06:00:00,"1581,271666666667","0,0","-13,098789617601584","112,4","157,11","157,11"
2025-10-01 06:15:00,"3862,071333333334","0,0","-10,647140371050677","136,3","151,34","151,34"
2025-10-01 06:30:00,"2050,541","0,0","-8,179886643058383","159,9","208,43","208,43"
2025-10-01 06:45:00,"482,7553333333336","0,0","-5,703315885781519","184,68","229,65","229,65"
2025-10-01 07:00:00,"461,9243333333336","0,0","-3,2235355069877016","194,96","241,88","241,88"
2025-10-01 07:15:00,"1022,5783333333338","2,4333333333333336","-0,1848913149115675","214,96","347,61","347,61"
2025-10-01 07:30:00,"457,8603333333336","58,46233333333333","2,00207957596012","326,64","99,76","99,76"
2025-10-01 07:45:00,"253,24866666666696","155,7086666666667","4,347197906547237","234,7","244,52","244,52"
2025-10-01 08:00:00,"1433,8320000000003","301,1743333333333","6,72863110637982","214,1","105,24","105,24"
2025-10-01 08:15:00,"1787,271666666667","423,416","9,10526687236678","182,0","109,45","109,45"
2025-10-01 08:30:00,"1188,9380000000003","517,6310000000001","11,458520072046614","157,01","54,52","54,52"
2025-10-01 08:45:00,"332,39533333333367","649,6803333333334","13,776560346458355","129,93","44,12","44,12"
2025-10-01 09:00:00,"227,98733333333362","744,9326666666667","16,049726696563727","180,0","124,79","124,79"
2025-10-01 09:15:00,"580,9426666666669","1051,0766666666666","18,26898089417367","149,91","122,0","122,0"
2025-10-01 09:30:00,"707,8370000000003","1609,060666666667","20,425260225397988","119,95","109,04","109,04"
2025-10-01 09:45:00,"293,1410000000003","2478,3370000000004","22,5092058494384","92,0","103,79","103,79"
2025-10-01 10:00:00,"452,55366666666697","3006,8743333333337","24,511003274405127","154,98","138,88","138,88"
2025-10-01 10:15:00,"406,09100000000024","3087,8146666666667","26,42031797106241","124,91","140,11","140,11"
2025-10-01 10:30:00,"976,7423333333335","2292,904","28,22625642692051","95,6","99,09","99,09"
2025-10-01 10:45:00,"2453,4480000000003","3476,491","29,917565236122485","64,93","41,29","41,29"
2025-10-01 11:00:00,"2029,9095000000004","3530,7525","31,48216216683804","149,92","17,97","17,97"
2025-10-01 11:15:00,"1540,9326666666673","3535,755333333334","32,90817168366057","123,16","56,0","56,0"
2025-10-01 11:30:00,"921,216666666667","3607,868333333334","34,183516365973894","94,98","53,98","53,98"
2025-10-01 11:45:00,"452,6396666666669","3708,316","35,29640968578028","79,95","3,51","3,51"
2025-10-01 12:00:00,"590,988666666667","1409,8903333333333","36,23570273249153","75,1","29,32","29,32"
2025-10-01 12:15:00,"2897,3930000000005","2922,6473333333333","36,99128871851352","76,8","-0,66","-0,66"
2025-10-01 12:30:00,"2189,2926666666667","2576,478333333333","37,55453758965949","64,75","14,22","14,22"
2025-10-01 12:45:00,"603,2883333333335","2784,672666666667","37,91869805082678","61,5","12,26","12,26"
2025-10-01 13:00:00,"1167,2460000000003","2896,6963333333333","38,0792500681597","60,08","-3,26","-3,26"
2025-10-01 13:15:00,"1733,1700000000003","2793,445666666667","38,0341573061448","65,09","4,32","4,32"
2025-10-01 13:30:00,"1201,5736666666667","1247,5929999999998","37,783972855427685","73,34","55,1","55,1"
2025-10-01 13:45:00,"1497,9560000000001","1446,8953333333332","37,331919650548976","70,09","83,97","83,97"
2025-10-01 14:00:00,"407,7796666666668","2059,927333333333","36,6832992612497","79,8","92,29","92,29"
2025-10-01 14:15:00,"380,73133333333345","1444,215","35,84581155736083","89,93","92,38","92,38"
2025-10-01 14:30:00,"793,7756666666669","1707,9293333333335","34,82876613044839","99,96","110,88","110,88"
2025-10-01 14:45:00,"2424,3736666666664","2246,71","33,642757126678326","113,3","111,38","111,38"
2025-10-01 15:00:00,"1274,2130000000002","3049,523333333333","32,2992430065759","74,9","47,14","47,14"
2025-10-01 15:15:00,"1179,4890000000003","3557,186","30,81014200798833","89,7","57,88","57,88"
2025-10-01 15:30:00,"2870,6066666666666","3022,679666666667","29,18754066887824","114,95","67,04","67,04"
2025-10-01 15:45:00,"1752,661","1908,268666666667","27,44338439550026","134,97","101,61","101,61"
2025-10-01 16:00:00,"270,3530000000001","1222,079666666667","25,589293118328115","59,22","101,84","101,84"
2025-10-01 16:15:00,"348,70266666666674","1166,4796666666668","23,636436687965183","97,8","127,32","127,32"
2025-10-01 16:30:00,"415,05600000000015","2020,8556666666668","21,595445327599396","129,2","87,65","87,65"
2025-10-01 16:45:00,"903,1746666666668","1672,9533333333334","19,47681537084828","153,1","87,43","87,43"
2025-10-01 17:00:00,"919,3006666666669","1437,1503333333333","17,28941060323855","75,03","146,19","146,19"
2025-10-01 17:15:00,"1547,5230000000001","1275,7310000000002","15,042747425140933","139,93","59,81","59,81"
2025-10-01 17:30:00,"1606,2430000000002","1147,2396666666668","12,74582956027309","176,0","92,81","92,81"
2025-10-01 17:45:00,"291,1550000000001","968,8493333333334","10,4078628062474","207,61","122,97","122,97"
2025-10-01 18:00:00,"306,9040000000001","752,1053333333335","8,039192265493547","206,0","72,73","72,73"
2025-10-01 18:15:00,"376,9370000000001","420,6563333333335","5,65383613892022","478,69","133,66","133,66"
2025-10-01 18:30:00,"1703,4393333333335","173,30333333333348","3,277744998081288","272,4","172,15","172,15"
2025-10-01 18:45:00,"1561,9216666666666","42,15600000000015","0,9818402473380614","306,9","136,16","136,16"
2025-10-01 19:00:00,"358,51300000000015","1,4520000000001478","-1,8773282417992208","499,0","124,55","124,55"
2025-10-01 19:15:00,"195,9886666666668","0,0","-4,362020638882465","517,12","142,27","142,27"
2025-10-01 19:30:00,"314,23433333333344","0,0","-6,847400337128631","517,12","129,94","129,94"
2025-10-01 19:45:00,"300,6596666666668","0,0","-9,327467330743058","517,12","113,83","113,83"
2025-10-01 20:00:00,"231,98600000000013","0,0","-11,79608936804986","237,3","138,98","138,98"
2025-10-01 20:15:00,"560,9543333333335","0,0","-14,246922322048889","202,0","99,2","99,2"
2025-10-01 20:30:00,"1894,8583333333336","0,0","-16,67332637116454","184,8","67,65","67,65"
2025-10-01 20:45:00,"1507,944666666667","0,0","-19,068278804411303","160,2","71,87","71,87"
2025-10-01 21:00:00,"1215,8973333333333","0,0","-21,424284658493995","170,0","119,97","119,97"
2025-10-01 21:15:00,"232,8460000000002","0,0","-23,73328418678831","144,5","96,03","96,03"
2025-10-01 21:30:00,"338,36966666666683","0,0","-25,986560196369265","127,4","72,82","72,82"
2025-10-01 21:45:00,"225,93200000000016","0,0","-28,17464965220012","111,0","77,01","77,01"
2025-10-01 22:00:00,"269,6866666666668","0,0","-30,287263240585137","140,8","72,18","72,18"
2025-10-01 22:15:00,"1312,9836666666667","0,0","-32,313222074953465","122,4","53,63","53,63"
2025-10-01 22:30:00,"1754,740666666667","0,0","-34,240423725399644","110,0","63,68","63,68"
2025-10-01 22:45:00,"1337,050666666667","0,0","-36,05585082279359","98,2","68,03","68,03"
2025-10-01 23:00:00,"246,46466666666697","0,0","-37,74564154785794","123,2","88,3","88,3"
2025-10-01 23:15:00,"210,140666666667","0,0","-39,29524327707179","110,1","95,4","95,4"
2025-10-01 23:30:00,"283,68633333333366","0,0","-40,689668263309","101,1","94,33","94,33"
2025-10-01 23:45:00,"183,5453333333336","0,0","-41,91386780570335","97,99","84,02","84,02"
2025-10-02 00:00:00,"316,3493333333336","0,0","-42,95322989302407","99,1","65,89","65,89"
2025-10-02 00:15:00,"365,64066666666696","0,0","-43,79418553597333","90,7","70,46","70,46"
2025-10-02 00:30:00,"318,1523333333336","0,0","-44,42488678421141","89,6","76,88","76,88"
2025-10-02 00:45:00,"299,1153333333336","0,0","-44,835893298817794","83,6","85,54","85,54"
2025-10-02 01:00:00,"204,4105000000004","0,0","-45,02078410841493","102,1","87,99","87,99"
2025-10-02 01:15:00,"230,59333333333362","0,0","-44,97660770365019","86,8","82,22","82,22"
2025-10-02 01:30:00,"1859,8836666666668","0,0","-44,704098598361206","82,87","96,03","96,03"
2025-10-02 01:45:00,"1445,5096666666668","0,0","-44,2076235915513","85,5","90,9","90,9"
2025-10-02 02:00:00,"1151,0180000000003","0,0","-43,49486722580585","86,0","75,85","75,85"
2025-10-02 02:15:00,"329,1530000000003","0,0","-42,576308284086885","89,82","61,8","61,8"
2025-10-02 02:30:00,"331,20700000000033","0,0","-41,4645681455633","90,0","62,96","62,96"
2025-10-02 02:45:00,"307,5490000000003","0,0","-40,17371880250084","88,8","68,04","68,04"
2025-10-02 03:00:00,"231,60966666666693","0,0","-38,718626279236005","88,59","71,71","71,71"
2025-10-02 03:15:00,"255,0250000000003","0,0","-37,114383915364144","90,1","71,16","71,16"
2025-10-02 03:30:00,"240,04466666666698","0,0","-35,37586305453454","91,6","61,16","61,16"
2025-10-02 03:45:00,"189,409666666667","0,0","-33,51738601675621","92,7","60,22","60,22"
2025-10-02 04:00:00,"309,2943333333336","0,0","-31,55251293307079","88,2","76,02","76,02"
2025-10-02 04:15:00,"1452,3160000000005","0,0","-29,49392380430227","79,8","57,37","57,37"
2025-10-02 04:30:00,"1701,212","0,0","-27,353373982624355","94,5","68,35","68,35"
2025-10-02 04:45:00,"1447,741","0,0","-25,14170469510917","96,77","67,64","67,64"
2025-10-02 05:00:00,"486,26566666666685","0,0","-22,86889079714904","91,3","64,61","64,61"
2025-10-02 05:15:00,"325,8100000000001","0,0","-20,544111232833394","86,8","71,61","71,61"
2025-10-02 05:30:00,"572,4426666666668","0,0","-18,175833900414577","100,03","83,86","83,86"
2025-10-02 05:45:00,"3618,0506666666665","0,0","-15,771907002775343","110,09","106,17","106,17"
2025-10-02 06:00:00,"1726,672","0,0","-13,339651184229","102,6","30,5","30,5"
2025-10-02 06:15:00,"1339,744","0,0","-10,885951494452852","122,2","101,43","101,43"
2025-10-02 06:30:00,"3088,5036666666665","0,0","-8,417346694225952","141,5","122,5","122,5"
2025-10-02 06:45:00,"1743,378","0,0","-5,940114234730829","157,1","127,14","127,14"
2025-10-02 07:00:00,"1423,4283333333335","0,0","-3,46035283456598","179,98","145,22","145,22"
2025-10-02 07:15:00,"1494,2213333333332","0,0","-0,9840619865006934","194,98","144,15","144,15"
2025-10-02 07:30:00,"1195,7846666666667","17,444333333333482","1,7840898934196","200,06","144,58","144,58"
2025-10-02 07:45:00,"1241,0636666666667","124,70200000000014","4,114858035640912","194,99","158,65","158,65"
2025-10-02 08:00:00,"1232,4076666666665","278,6800000000001","6,489784476507407","186,8","178,75","178,75"
2025-10-02 08:15:00,"1171,103","481,71533333333343","8,861428021445168","151,1","176,76","176,76"
2025-10-02 08:30:00,"342,80966666666666","615,3043333333335","11,209827479462572","125,08","201,31","201,31"
2025-10-02 08:45:00,"253,24799999999996","967,7503333333336","13,52272280443333","107,41","234,78","234,78"
2025-10-02 09:00:00,"319,592","852,4686666666668","15,79028679308866","142,2","213,38","213,38"
2025-10-02 09:15:00,"249,7556666666667","937,4260000000002","18,0034058100582","116,8","110,65","110,65"
2025-10-02 09:30:00,"317,3076666666667","1409,6713333333337","20,153004025769494","95,1","141,95","141,95"
2025-10-02 09:45:00,"352,7723333333333","2368,363","22,229726322002943","76,6","197,59","197,59"
2025-10-02 10:00:00,"369,746","3001,253666666667","24,223782302928928","125,08","203,95","203,95"
2025-10-02 10:15:00,"501,2966666666666","3256,1246666666666","26,124874612956063","97,36","169,51","169,51"
2025-10-02 10:30:00,"380,88633333333337","3376,102","27,922178672134105","84,0","-70,81","-70,81"
2025-10-02 10:45:00,"400,07200000000006","3001,155666666667","29,60443985094225","62,9","131,98","131,98"
2025-10-02 11:00:00,"448,56300000000005","3357,843666666666","31,15986420770279","101,17","6,19","6,19"
2025-10-02 11:15:00,"278,869","2828,9856666666665","32,57659216387887","82,5","-35,17","-35,17"
2025-10-02 11:30:00,"380,78800000000007","2713,34","33,84270822304446","69,2","-20,56","-20,56"
2025-10-02 11:45:00,"325,13466666666676","1585,533","34,94659388819929","57,4","-29,76","-29,76"
2025-10-02 12:00:00,"377,6706666666667","2072,3230000000003","35,87728112344313","71,3","-13,06","-13,06"
2025-10-02 12:15:00,"1523,652666666667","3044,834666666666","36,62484777068581","58,8","-19,17","-19,17"
2025-10-02 12:30:00,"1213,0586666666668","3058,8996666666667","37,18084377217769","62,1","-19,17","-19,17"
2025-10-02 12:45:00,"463,4613333333335","2719,9246666666663","37,53867891057035","51,26","-24,57","-24,57"
2025-10-02 13:00:00,"372,53833333333347","3239,952333333333","37,69396423629156","61,7","-18,27","-18,27"
2025-10-02 13:15:00,"372,6556666666668","2537,074","37,64475323563303","56,0","-29,79","-29,79"
2025-10-02 13:30:00,"772,1743333333335","1858,07","37,39164469930819","54,4","-31,71","-31,71"
2025-10-02 13:45:00,"3142,340666666667","1999,624333333333","36,93778284695546","61,32","-29,37","-29,37"
2025-10-02 14:00:00,"1987,997","3135,474","36,28857110857677","54,5","0,0","0,0"
2025-10-02 14:15:00,"1325,1606666666669","3364,909333333333","35,45154410669217","56,1","-7,48","-7,48"
2025-10-02 14:30:00,"1525,778","2536,214666666666","34,43588970014584","60,8","8,89","8,89"
2025-10-02 14:45:00,"596,9693333333333","1690,4876666666662","33,2520634033053","75,06","-6,11","-6,11"
2025-10-02 15:00:00,"659,1795000000001","2779,7964999999995","31,91137628109929","57,2","24,05","24,05"
2025-10-02 15:15:00,"380,28499999999997","2770,8899999999994","30,42561150710766","71,3","95,41","95,41"
2025-10-02 15:30:00,"406,7433333333333","1907,1683333333328","28,80670552890437","80,34","87,5","87,5"
2025-10-02 15:45:00,"312,234","711,4786666666663","27,066477033130077","95,08","73,14","73,14"
2025-10-02 16:00:00,"412,4796666666666","785,0729999999995","25,21643500171501","64,9","45,14","45,14"
2025-10-02 16:15:00,"357,55466666666666","935,6136666666662","23,26765170671794","75,89","40,42","40,42"
2025-10-02 16:30:00,"1316,997","858,5356666666662","21,230686228890185","95,04","52,54","52,54"
2025-10-02 16:45:00,"1573,741","889,6066666666661","19,11562189851575","118,5","46,8","46,8"
2025-10-02 17:00:00,"324,1123333333333","751,5756666666662","16,9319310583665","67,96","19,8","19,8"
2025-10-02 17:15:00,"1024,299","531,6463333333329","14,688839283920434","85,1","166,78","166,78"
2025-10-02 17:30:00,"884,8173333333333","1206,282333333333","12,395377091207056","125,04","107,74","107,74"
2025-10-02 17:45:00,"2440,3633333333332","1232,0926666666662","10,060877490814908","160,04","149,03","149,03"
2025-10-02 18:00:00,"1567,948666666667","960,007333333333","7,696028500793642","139,93","82,29","82,29"
2025-10-02 18:15:00,"872,8093333333333","477,2566666666663","5,315797560372784","159,9","144,15","144,15"
2025-10-02 18:30:00,"279,96166666666664","188,0706666666662","2,949470733492921","192,6","106,58","106,58"
2025-10-02 18:45:00,"333,71666666666664","46,02999999999955","0,6800997737975762","191,55","71,97","71,97"
2025-10-02 19:00:00,"303,86133333333333","0,4849999999995559","-2,219765357131459","209,95","101,95","101,95"
2025-10-02 19:15:00,"350,9243333333333","0,0","-4,704169190622679","176,1","86,13","86,13"
2025-10-02 19:30:00,"1379,19","0,0","-7,189679538998381","189,9","100,57","100,57"
2025-10-02 19:45:00,"1771,0016666666668","0,0","-9,67030053536386","179,94","102,56","102,56"
2025-10-02 20:00:00,"1594,1570000000002","0,0","-12,139902232015125","133,3","86,75","86,75"
2025-10-02 20:15:00,"1204,034","0,0","-14,592140567186869","136,4","61,3","61,3"
2025-10-02 20:30:00,"479,9083333333333","0,0","-17,02037288324082","118,5","51,84","51,84"
2025-10-02 20:45:00,"376,4866666666666","0,0","-19,417569775531632","99,8","50,31","50,31"
2025-10-02 21:00:00,"417,517","0,0","-21,77622443913181","118,45","73,2","73,2"
2025-10-02 21:15:00,"453,7423333333333","0,0","-24,088258471284764","108,0","74,68","74,68"
2025-10-02 21:30:00,"1678,7496666666666","0,0","-26,344927126941805","90,7","118,07","118,07"
2025-10-02 21:45:00,"2057,0913333333333","0,0","-28,53672841908348","76,3","69,93","69,93"
2025-10-02 22:00:00,"1847,1436666666668","0,0","-30,65331978430517","95,3","114,45","114,45"
2025-10-02 22:15:00,"1539,759","0,0","-32,68345160157576","93,8","78,8","78,8"
2025-10-02 22:30:00,"494,5760000000001","0,0","-34,61492997830008","74,9","102,98","102,98"
2025-10-02 22:45:00,"315,01099999999997","0,0","-36,434622444232375","68,19","124,13","124,13"
2025-10-02 23:00:00,"414,4216666666667","0,0","-38,12852647052358","87,1","127,82","127,82"
2025-10-02 23:15:00,"358,83833333333337","0,0","-39,68192292061721","76,6","157,54","157,54"
2025-10-02 23:30:00,"800,8989999999999","0,0","-41,0796343057825","66,9","123,73","123,73"
2025-10-02 23:45:00,"554,2856666666665","0,0","-42,30640532732283","63,49","104,01","104,01"
2025-10-03 00:00:00,"306,29699999999997","0,0","-43,34741141949304","87,42","92,89","92,89"
2025-10-03 00:15:00,"345,2833333333333","0,0","-44,18888053518456","85,5","115,98","115,98"
2025-10-03 00:30:00,"265,4623333333333","0,0","-44,81879008238347","76,7","82,72","82,72"
2025-10-03 00:45:00,"205,418","0,0","-45,22757345578746","70,1","87,28","87,28"
2025-10-03 01:00:00,"338,3046666666667","0,0","-45,40874927883792","81,32","66,68","66,68"
2025-10-03 01:15:00,"184,617","0,0","-45,35938272075055","62,6","106,85","106,85"
2025-10-03 01:30:00,"347,437","0,0","-45,08030413069193","72,6","60,72","60,72"
2025-10-03 01:45:00,"292,8906666666667","0,0","-44,57604733176429","67,2","107,75","107,75"
2025-10-03 02:00:00,"196,0393333333333","0,0","-43,8545185821507","77,6","68,06","68,06"
2025-10-03 02:15:00,"341,7396666666666","0,0","-42,92645146851402","72,5","96,78","96,78"
2025-10-03 02:30:00,"242,76633333333334","0,0","-41,80473273827737","71,2","116,9","116,9"
2025-10-03 02:45:00,"245,52633333333333","0,0","-40,503690531208974","68,8","98,91","98,91"
2025-10-03 03:00:00,"308,172","0,0","-39,03842305434701","68,71","87,99","87,99"
2025-10-03 03:15:00,"300,7503333333333","0,0","-37,42422292280681","72,1","64,4","64,4"
2025-10-03 03:30:00,"467,4756666666666","0,0","-35,67612421898939","71,8","53,47","53,47"
2025-10-03 03:45:00,"286,6623333333333","0,0","-33,80857594848073","71,5","63,03","63,03"
2025-10-03 04:00:00,"287,528","0,0","-31,83523208267411","70,2","109,74","109,74"
2025-10-03 04:15:00,"331,67966666666666","0,0","-29,768838288358925","71,6","101,28","101,28"
2025-10-03 04:30:00,"290,29833333333335","0,0","-27,62119257286085","70,38","77,62","77,62"
2025-10-03 04:45:00,"1590,67","0,0","-25,4031608304552","76,3","83,34","83,34"
2025-10-03 05:00:00,"1278,9044999999999","0,0","-23,12472910786959","76,8","120,13","120,13"
2025-10-03 05:15:00,"935,8256666666667","0,0","-20,79507789957111","76,98","122,09","122,09"
2025-10-03 05:30:00,"574,2676666666667","0,0","-18,42267014913436","81,5","109,64","109,64"
2025-10-03 05:45:00,"3293,473333333333","0,0","-16,01534507397563","65,08","128,41","128,41"
2025-10-03 06:00:00,"2616,513","0,0","-13,580412193881797","89,5","115,47","115,47"
2025-10-03 06:15:00,"3631,019666666667","0,0","-11,124744701985245","90,56","135,85","135,85"
2025-10-03 06:30:00,"3373,661333333333","0,0","-8,654869772037413","75,09","140,51","140,51"
2025-10-03 06:45:00,"2190,6633333333334","0,0","-6,177054209179762","104,0","147,5","147,5"
2025-10-03 07:00:00,"1362,8590000000004","0,0","-3,6973874287614046","87,57","176,73","176,73"
2025-10-03 07:15:00,"1459,199","0,0","-1,2218611349795827","87,59","194,05","194,05"
2025-10-03 07:30:00,"731,347666666667","16,019666666666225","1,563929824362725","112,41","167,72","167,72"
2025-10-03 07:45:00,"200,32633333333362","126,15333333333288","3,881609019804497","112,43","146,33","146,33"
2025-10-03 08:00:00,"357,96300000000025","306,5859999999996","6,249934250255749","112,54","135,24","135,24"
2025-10-03 08:15:00,"342,9286666666669","378,33733333333294","8,616549833894952","90,06","78,26","78,26"
2025-10-03 08:30:00,"329,63566666666696","463,7586666666662","10,960087080616734","88,68","18,71","18,71"
2025-10-03 08:45:00,"339,490666666667","550,0803333333329","13,267836018525497","70,0","0,99","0,99"
2025-10-03 09:00:00,"238,6180000000003","641,7546666666664","15,529800377614407","105,2","5,09","5,09"
2025-10-03 09:15:00,"395,843666666667","797,053333333333","17,736795811228003","87,4","61,57","61,57"
2025-10-03 09:30:00,"859,0243333333337","1306,0619999999997","19,87973085252511","77,86","50,39","50,39"
2025-10-03 09:45:00,"912,5203333333336","1967,921333333333","21,949256299041394","72,3","57,51","57,51"
2025-10-03 10:00:00,"678,0980000000003","3043,306333333333","23,935607803912006","50,09","98,19","98,19"
2025-10-03 10:15:00,"316,3906666666669","3268,399333333333","25,828537215632505","60,04","94,7","94,7"
2025-10-03 10:30:00,"453,8760000000002","3428,8293333333327","27,617278275491305","47,57","101,48","101,48"
2025-10-03 10:45:00,"429,16200000000026","3378,052","29,29061808084881","38,58","65,78","65,78"
2025-10-03 11:00:00,"439,2770000000003","3354,1493333333324","30,83695605926634","30,01","75,85","75,85"
2025-10-03 11:15:00,"561,5393333333336","3345,115666666666","32,24451360380412","28,9","101,01","101,01"
2025-10-03 11:30:00,"525,8850000000002","3313,147333333333","33,50152466229146","28,9","64,48","64,48"
2025-10-03 11:45:00,"933,5130000000004","3283,3096666666665","34,59653669602485","29,0","-6,34","-6,34"
2025-10-03 12:00:00,"583,9973333333336","3301,2339999999995","35,51875952908741","14,12","-16,81","-16,81"
2025-10-03 12:15:00,"614,6970000000003","3319,933333333333","36,25845236648544","38,0","-11,05","-11,05"
2025-10-03 12:30:00,"4238,277333333333","3319,01","36,80734015182897","31,6","-0,52","-0,52"
2025-10-03 12:45:00,"3109,100666666667","3317,298666666666","37,15898915900126","21,1","-16,61","-16,61"
2025-10-03 13:00:00,"2509,745","3342,0373333333323","37,30913718454826","7,62","7,42","7,42"
2025-10-03 13:15:00,"2371,008666666667","3352,399333333333","37,25591540542195","29,0","-38,89","-38,89"
2025-10-03 13:30:00,"1723,6886666666671","3229,965333333333","36,99997406101321","23,4","0,0","0,0"
2025-10-03 13:45:00,"944,2453333333339","3193,4126666666657","36,54442886468266","17,1","0,0","0,0"
2025-10-03 14:00:00,"509,4633333333337","3060,362333333333","35,89468356166284","23,4","0,0","0,0"
2025-10-03 14:15:00,"995,7223333333337","2973,588999999999","35,058157047115735","27,7","1,75","1,75"
2025-10-03 14:30:00,"2312,199","2559,631666666666","34,04391834350753","33,8","43,76","43,76"
2025-10-03 14:45:00,"660,2513333333338","2345,0903333333326","32,86228643951047","-7,4","44,61","44,61"
2025-10-03 15:00:00,"1882,0920000000003","2199,313","31,52442722570158","18,5","3,88","3,88"
2025-10-03 15:15:00,"1274,623666666667","2200,55","30,04197800424093","32,53","50,56","50,56"
2025-10-03 15:30:00,"1642,2896666666668","2104,827","28,4267379455562","33,32","104,07","104,07"
2025-10-03 15:45:00,"538,7650000000004","2076,425","26,69039961427264","42,53","50,68","50,68"
2025-10-03 16:00:00,"395,7806666666672","1966,150333333333","24,84436082861227","32,43","-60,71","-60,71"
2025-10-03 16:15:00,"508,4106666666671","1908,4156666666663","22,89960563432092","50,42","-45,67","-45,67"
2025-10-03 16:30:00,"437,0083333333337","1713,9446666666663","20,86661118644541","67,53","-58,3","-58,3"
2025-10-03 16:45:00,"638,9093333333337","1450,6239999999996","18,755504646473856","86,3","-1,54","-1,54"
2025-10-03 17:00:00,"1955,2203333333339","1173,184666666666","16,575525753778592","63,0","20,28","20,28"
2025-10-03 17:15:00,"771,5573333333338","946,686333333333","14,33597555132495","73,28","72,45","72,45"
2025-10-03 17:30:00,"386,93100000000044","958,3083333333328","12,045930470697302","97,56","132,47","132,47"
2025-10-03 17:45:00,"319,0276666666671","540,7993333333328","9,714851406399932","115,9","174,27","174,27"
2025-10-03 18:00:00,"1551,3613333333335","199,80233333333288","7,353783700847802","91,9","179,99","179,99"
2025-10-03 18:15:00,"1548,4480000000005","158,97399999999956","4,978794682421491","101,5","1270,43","1270,43"
2025-10-03 18:30:00,"962,6620000000004","19,44366666666622","2,622935828881618","114,86","1970,25","1970,25"
2025-10-03 18:45:00,"380,2096666666669","1,9403333333328887","0,3821034172284052","114,86","746,34","746,34"
2025-10-03 19:00:00,"395,774666666667","0,0","-2,560702068432253","128,7","76,28","76,28"
2025-10-03 19:15:00,"267,90133333333364","0,0","-5,044785440572568","112,3","19,84","19,84"
2025-10-03 19:30:00,"1960,8050000000005","0,0","-7,530395707051557","102,51","36,86","36,86"
2025-10-03 19:45:00,"1730,3410000000003","0,0","-10,011541788595492","81,37","-7,53","-7,53"
2025-10-03 20:00:00,"1373,6840000000002","0,0","-12,482096742809343","92,9","-31,03","-31,03"
2025-10-03 20:15:00,"360,353666666667","0,0","-14,935717333979294","78,5","-59,78","-59,78"
2025-10-03 20:30:00,"235,73333333333366","0,0","-17,365758891287047","69,6","-74,72","-74,72"
2025-10-03 20:45:00,"346,1593333333337","0,0","-19,765186201711103","70,93","-103,02","-103,02"
2025-10-03 21:00:00,"419,0973333333336","0,0","-22,126481560405782","64,2","-40,17","-40,17"
2025-10-03 21:15:00,"695,8863333333336","0,0","-24,44154888967886","64,7","-2,89","-2,89"
2025-10-03 21:30:00,"1993,3753333333336","0,0","-26,70161688470556","54,2","70,78","70,78"
2025-10-03 21:45:00,"1499,519","0,0","-28,89714556285811","45,3","-97,0","-97,0"
2025-10-03 22:00:00,"1445,5583333333336","0,0","-31,0177399565568","50,05","97,47","97,47"
2025-10-03 22:15:00,"422,476666666667","0,0","-33,05208034570308","45,06","-4,19","-4,19"
2025-10-03 22:30:00,"265,93733333333364","0,0","-34,98788167050457","38,0","79,31","79,31"
2025-10-03 22:45:00,"422,911666666667","0,0","-36,811896156864464","28,6","-3,76","-3,76"
2025-10-03 23:00:00,"345,2250000000003","0,0","-38,50997969595697","31,34","-2,37","-2,37"
2025-10-03 23:15:00,"283,83166666666693","0,0","-40,067244943221695","20,5","81,85","81,85"
2025-10-03 23:30:00,"301,4036666666669","0,0","-41,46832205472662","2,59","62,04","62,04"
2025-10-03 23:45:00,"242,7773333333336","0,0","-42,69774562163772","-4,92","12,31","12,31"
2025-10-04 00:00:00,"379,812666666667","0,0","-43,74047430646682","5,4","-1755,46","-1755,46"
2025-10-04 00:15:00,"301,6483333333336","0,0","-44,58252848892536","11,6","-55,08","-55,08"
2025-10-04 00:30:00,"270,25900000000024","0,0","-45,2117067209909","0,0","-42,36","-42,36"
2025-10-04 00:45:00,"435,50733333333363","0,0","-45,61831291560936","-8,2","-38,47","-38,47"
2025-10-04 01:00:00,"689,746666666667","0,0","-45,79580370948717","4,8","-55,1","-55,1"
2025-10-04 01:15:00,"429,7683333333336","0,0","-45,741261385961856","-4,9","-47,79","-47,79"
2025-10-04 01:30:00,"287,52966666666697","0,0","-45,45561457740935","-8,25","-5,43","-5,43"
2025-10-04 01:45:00,"225,6470000000003","0,0","-44,94356817778485","-8,0","-12,17","-12,17"
2025-10-04 02:00:00,"403,5026666666669","0,0","-44,21325509873692","1,2","-26,53","-26,53"
2025-10-04 02:15:00,"229,91566666666697","0,0","-43,275668758449285","-4,93","-10,82","-10,82"
2025-10-04 02:30:00,"312,855666666667","0,0","-42,14396569440785","-4,93","-13,85","-13,85"
2025-10-04 02:45:00,"382,702666666667","0,0","-40,83273355519865","-7,8","-10,29","-10,29"
2025-10-04 03:00:00,"275,5153333333336","0,0","-39,35730485107405","2,0","-6,48","-6,48"
2025-10-04 03:15:00,"316,1236666666669","0,0","-37,733172404672914","-2,6","-21,27","-21,27"
2025-10-04 03:30:00,"214,19433333333362","0,0","-35,975532979790366","-4,4","-22,81","-22,81"
2025-10-04 03:45:00,"310,6073333333336","0,0","-34,09896148272521","-6,2","-91,73","-91,73"
2025-10-04 04:00:00,"328,2880000000003","0,0","-32,11720447665244","0,3","-11,53","-11,53"
2025-10-04 04:15:00,"268,42666666666696","0,0","-30,043071803257348","-2,9","-7,99","-7,99"
2025-10-04 04:30:00,"309,3070000000003","0,0","-27,888402559476468","-4,9","25,85","25,85"
2025-10-04 04:45:00,"311,4003333333336","0,0","-25,6640857799648","-7,5","-11,22","-11,22"
2025-10-04 05:00:00,"342,98466666666695","0,0","-23,38011728320464","-4,8","-31,21","-31,21"
2025-10-04 05:15:00,"335,8613333333336","0,0","-21,045677835460523","-4,2","-2,52","-2,52"
2025-10-04 05:30:00,"196,16200000000032","0,0","-18,66922429523877","-1,8","-18,0","-18,0"
2025-10-04 05:45:00,"328,8623333333336","0,0","-16,25858590332091","-5,38","-1,06","-1,06"
2025-10-04 06:00:00,"244,85800000000023","0,0","-13,82106018892964","-12,8","-43,15","-43,15"
2025-10-04 06:15:00,"1802,9280000000003","0,0","-11,363507724453994","-7,2","7,91","7,91"
2025-10-04 06:30:00,"3031,6666666666665","0,0","-8,892443408852037","0,0","17,82","17,82"
2025-10-04 06:45:00,"2717,722","0,0","-6,414122766733664","3,54","-6,89","-6,89"
2025-10-04 07:00:00,"2304,006666666667","0,0","-3,93462530472892","-18,01","14,84","14,84"
2025-10-04 07:15:00,"1914,967666666667","0,0","-1,459934340817714","-9,3","10,24","10,24"
2025-10-04 07:30:00,"1358,5753333333337","0,4833333333328892","1,3444319980514914","0,4","27,85","27,85"
2025-10-04 07:45:00,"1384,1133333333335","25,280666666666217","3,6480482720308136","9,1","49,95","49,95"
2025-10-04 08:00:00,"1090,4136666666668","90,79633333333288","6,009506226960104","-1,0","38,12","38,12"
2025-10-04 08:15:00,"306,3075000000005","115,68399999999932","8,370983612089212","-4,1","53,9","53,9"
2025-10-04 08:30:00,"327,92166666666697","192,1426666666662","10,709606549318927","-4,35","49,3","49,3"
2025-10-04 08:45:00,"351,21066666666695","141,07766666666623","13,012179543130706","-8,5","85,34","85,34"
2025-10-04 09:00:00,"462,64266666666697","108,59199999999956","15,268527928297722","-25,67","65,29","65,29"
2025-10-04 09:15:00,"937,1120000000003","122,71699999999956","17,46941219145372","1,9","69,07","69,07"
2025-10-04 09:30:00,"602,5940000000003","355,29766666666626","19,60570364357512","4,7","88,38","88,38"
2025-10-04 09:45:00,"397,1460000000003","468,7539999999996","21,668061096907618","2,3","73,7","73,7"
2025-10-04 10:00:00,"270,8360000000003","776,5309999999997","23,64674813631587","-11,69","91,28","91,28"
2025-10-04 10:15:00,"392,3263333333336","778,7096666666663","25,53155889091416","0,9","89,01","89,01"
2025-10-04 10:30:00,"358,43233333333364","696,6863333333331","27,31179644946845","2,2","14,04","14,04"
2025-10-04 10:45:00,"1482,608666666667","1284,2899999999995","28,976322192993432","-3,5","-1,54","-1,54"
2025-10-04 11:00:00,"1005,9133333333336","1753,983333333333","30,5136632497782","-0,1","-7,62","-7,62"
2025-10-04 11:15:00,"396,7946666666669","3546,4079999999994","31,912125345497746","-3,2","7,49","7,49"
2025-10-04 11:30:00,"502,21966666666697","2756,33","33,16012308331935","1,28","-2,84","-2,84"
2025-10-04 11:45:00,"450,9993333333336","2615,9123333333328","34,246366772768695","-12,2","-1,23","-1,23"
2025-10-04 12:00:00,"374,83166666666693","1849,529333333333","35,16024022261236","-3,0","-27,29","-27,29"
2025-10-04 12:15:00,"537,1513333333337","3214,6756666666665","35,89215034742887","-2,82","-5,01","-5,01"
2025-10-04 12:30:00,"469,9713333333337","2775,071666666666","36,434022550300064","1,8","5,4","5,4"
2025-10-04 12:45:00,"640,7480000000003","2541,649333333333","36,77957379345433","-3,8","-12,95","-12,95"
2025-10-04 13:00:00,"623,2863333333336","3314,815333333333","36,92466313915164","-6,3","-15,0","-15,0"
2025-10-04 13:15:00,"1591,2246666666672","3356,1959999999995","36,86754474164465","-11,3","11,31","11,31"
2025-10-04 13:30:00,"847,9833333333336","2445,840666666666","36,6088671595806","-5,0","6,09","6,09"
2025-10-04 13:45:00,"623,0983333333337","3309,386","36,15178781565392","-17,39","10,49","10,49"
2025-10-04 14:00:00,"1012,528666666667","2430,258","35,50155833840721","-5,0","3,45","3,45"
2025-10-04 14:15:00,"539,2453333333335","2491,8009999999995","34,66556332473131","-10,4","-1,09","-1,09"
2025-10-04 14:30:00,"849,4066666666669","3263,4793333333328","33,652754167324986","-10,4","-5,19","-5,19"
2025-10-04 14:45:00,"450,6093333333336","2605,190666666666","32,473315063382536","-14,2","32,41","32,41"
2025-10-04 15:00:00,"591,7583333333336","2923,867","31,138268497078226","-11,7","11,5","11,5"
2025-10-04 15:15:00,"462,91466666666696","2255,883","29,65912516410575","-5,05","42,18","42,18"
2025-10-04 15:30:00,"335,1956666666669","556,6879999999993","28,04753247576853","-0,9","36,67","36,67"
2025-10-04 15:45:00,"1829,1146666666666","241,55399999999932","26,315057732569265","-2,88","60,62","60,62"
2025-10-04 16:00:00,"1290,5743333333337","259,4429999999994","24,472987666501584","-15,07","65,94","65,94"
2025-10-04 16:15:00,"483,703666666667","324,20366666666604","22,532196076676044","-5,56","30,01","30,01"
2025-10-04 16:30:00,"504,44966666666693","275,0219999999994","20,50309289019181","-1,0","60,83","60,83"
2025-10-04 16:45:00,"933,302666666667","381,3186666666661","18,39615316898537","5,5","57,18","57,18"
2025-10-04 17:00:00,"512,6370000000003","144,1689999999994","16,21980838247897","-17,5","23,17","23,17"
2025-10-04 17:15:00,"1366,252666666667","117,24066666666606","13,98375076645209","-2,8","-1,73","-1,73"
2025-10-04 17:30:00,"1931,1993333333337","75,70199999999942","11,69705688394767","12,9","42,35","42,35"
2025-10-04 17:45:00,"1449,3813333333335","69,98933333333275","9,36931121692101","12,7","51,32","51,32"
2025-10-04 18:00:00,"2187,029333333334","17,917999999999406","7,011921869087735","5,05","36,47","36,47"
2025-10-04 18:15:00,"2481,9790000000003","0,4833333333327412","4,6420540379469415","12,53","-62,06","-62,06"
2025-10-04 18:30:00,"2032,8933333333334","0,0","2,296930035834203","-0,23","-56,5","-56,5"
2025-10-04 18:45:00,"1661,288","0,0","0,0842124960104688","6,8","0,88","0,88"
2025-10-04 19:00:00,"1345,860666666667","0,0","-2,899999655489416","25,03","36,24","36,24"
2025-10-04 19:15:00,"363,78600000000034","0,0","-5,38373034077992","25,02","13,0","13,0"
2025-10-04 19:30:00,"439,93800000000033","0,0","-7,869409460185155","-1,08","10,1","10,1"
2025-10-04 19:45:00,"632,9130000000004","0,0","-10,351051370884267","15,4","-0,95","-0,95"
2025-10-04 20:00:00,"2158,045","0,0","-12,822532843171723","-17,86","4,97","4,97"
2025-10-04 20:15:00,"1732,5900000000004","0,0","-15,277512236209256","17,0","10,22","10,22"
2025-10-04 20:30:00,"397,053666666667","0,0","-17,709343703651186","9,7","10,4","10,4"
2025-10-04 20:45:00,"497,1003333333337","0,0","-20,110987129742703","7,0","6,22","6,22"
2025-10-04 21:00:00,"600,9740000000003","0,0","-22,474914880093543","-7,4","15,5","15,5"
2025-10-04 21:15:00,"640,2630000000004","0,0","-24,793014221321705","6,8","8,64","8,64"
2025-10-04 21:30:00,"2108,78","0,0","-27,056488329113836","5,8","10,53","10,53"
2025-10-04 21:45:00,"1532,624666666667","0,0","-29,25576023802849","-0,8","3,17","3,17"
2025-10-04 22:00:00,"778,0163333333337","0,0","-31,380383490728686","-1,42","35,44","35,44"
2025-10-04 22:15:00,"430,7150000000005","0,0","-33,418968983328426","5,3","-9,13","-9,13"
2025-10-04 22:30:00,"424,901666666667","0,0","-35,35914086842613","1,5","9,67","9,67"
2025-10-04 22:45:00,"2295,464666666667","0,0","-37,18753595020033","-6,7","4,57","4,57"
2025-10-04 23:00:00,"1869,7633333333335","0,0","-38,88986774667223","12,6","-65,64","-65,64"
2025-10-04 23:15:00,"816,0096666666668","0,0","-40,45107906924599","-2,5","4,97","4,97"
2025-10-04 23:30:00,"476,2896666666669","0,0","-41,85560513127411","-8,0","16,73","16,73"
2025-10-04 23:45:00,"322,2270000000002","0,0","-43,08776688300759","-13,32","4,63","4,63"
2025-10-05 00:00:00,"352,90833333333353","0,0","-44,13230193127723","12,47","-36,03","-36,03"
2025-10-05 00:15:00,"1973,592666666667","0,0","-44,97501845511947","0,2","-31,11","-31,11"
2025-10-05 00:30:00,"1466,783666666667","0,0","-45,603531792050255","-12,0","-36,3","-36,3"
2025-10-05 00:45:00,"1399,4413333333334","0,0","-46,00801300778568","-19,3","-91,38","-91,38"
2025-10-05 01:00:00,"1255,6623333333334","0,0","-46,18185504194685","-1,2","-25,03","-25,03"
2025-10-05 01:15:00,"1217,874","0,0","-46,12215763970772","-4,39","-0,05","-0,05"
2025-10-05 01:30:00,"307,2746666666668","0,0","-45,82995012237989","-6,6","-2,58","-2,58"
2025-10-05 01:45:00,"162,49533333333346","0,0","-45,31011249423032","-11,8","-33,32","-33,32"
2025-10-05 02:00:00,"217,79000000000016","0,0","-44,57100926487751","-0,8","-8,51","-8,51"
2025-10-05 02:15:00,"217,7866666666668","0,0","-43,62389870867384","-5,3","1,0","1,0"
2025-10-05 02:30:00,"1707,2970000000003","0,0","-42,482211550829206","-5,4","3,37","3,37"
2025-10-05 02:45:00,"1526,8963333333334","0,0","-41,16079826143343","-5,7","-3,58","-3,58"
2025-10-05 03:00:00,"977,2743333333335","0,0","-39,675227707695","-10,3","11,79","11,79"
2025-10-05 03:15:00,"231,90900000000013","0,0","-38,0411937774372","-10,9","-5,06","-5,06"
2025-10-05 03:30:00,"242,07266666666683","0,0","-36,27405578747973","9,9","7,65","7,65"
2025-10-05 03:45:00,"141,4593333333335","0,0","-34,3885137021706","7,65","-10,25","-10,25"
2025-10-05 04:00:00,"1461,6193333333338","0,0","-32,39840538416892","-9,6","-8,02","-8,02"
2025-10-05 04:15:00,"1455,2336666666667","0,0","-30,3166033306006","-11,5","-20,85","-20,85"
2025-10-05 04:30:00,"933,2316666666668","0,0","-28,154986148077786","-8,1","-14,04","-14,04"
2025-10-05 04:45:00,"283,26800000000014","0,0","-25,92446448467153","-10,8","-13,33","-13,33"
2025-10-05 05:00:00,"188,19833333333347","0,0","-23,63504251816788","12,4","-21,76","-21,76"
2025-10-05 05:15:00,"286,76633333333353","0,0","-21,29590002029832","-11,6","-22,61","-22,61"
2025-10-05 05:30:00,"1428,565","0,0","-18,91548664949936","-6,1","-28,56","-28,56"
2025-10-05 05:45:00,"1376,509666666667","0,0","-16,50162069786891","1,2","-3,59","-3,59"
2025-10-05 06:00:00,"1365,5813333333338","0,0","-14,061586855135802","-5,62","-47,47","-47,47"
2025-10-05 06:15:00,"1830,455","0,0","-11,602232322809003","-8,5","-42,09","-42,09"
2025-10-05 06:30:00,"1494,681","0,0","-9,130059052022752","-3,1","-27,09","-27,09"
2025-10-05 06:45:00,"1341,1080000000002","0,0","-6,6513106651454095","5,2","-11,41","-11,41"
2025-10-05 07:00:00,"1234,9313333333334","0,0","-4,172056164319661","-22,2","-0,49","-0,49"
2025-10-05 07:15:00,"1939,2723333333336","0,0","-1,6982698917044117","-7,0","-15,81","-15,81"
2025-10-05 07:30:00,"2146,015666666667","0,0","1,1208918672118446","5,2","-17,58","-17,58"
2025-10-05 07:45:00,"1769,8236666666671","9,209333333332742","3,412328514077985","10,0","-8,42","-8,42"
2025-10-05 08:00:00,"583,7750000000004","154,80433333333278","5,767234799061102","11,1","2,85","2,85"
2025-10-05 08:15:00,"1167,0363333333337","323,8199999999994","8,123788773257454","2,8","22,04","22,04"
2025-10-05 08:30:00,"731,0746666666671","357,05966666666603","10,457645592647523","-11,5","-18,34","-18,34"
2025-10-05 08:45:00,"332,94400000000047","457,9329999999994","12,755148089961516","-22,3","2,09","2,09"
2025-10-05 09:00:00,"572,8636666666671","600,9449999999994","15,005961334982144","-7,15","-0,69","-0,69"
2025-10-05 09:15:00,"1513,2130000000004","825,413666666666","17,200814176894355","-7,15","12,83","12,83"
2025-10-05 09:30:00,"1012,1813333333336","1388,7299999999996","19,33053450913721","-2,1","-3,74","-3,74"
2025-10-05 09:45:00,"326,1490000000003","1242,184666666666","21,385795641082087","-7,6","-17,63","-17,63"
2025-10-05 10:00:00,"324,01200000000034","2093,9503333333328","23,356893709126897","4,5","7,65","7,65"
2025-10-05 10:15:00,"513,3723333333337","2086,9859999999994","25,233654559331907","-4,3","38,32","38,32"
2025-10-05 10:30:00,"1042,3673333333336","1521,5943333333328","27,005469071252847","-8,2","17,85","17,85"
2025-10-05 10:45:00,"345,47700000000026","1024,4889999999998","28,66136172183492","-19,4","18,25","18,25"
2025-10-05 11:00:00,"1207,283666666667","999,6829999999997","30,189801575323155","-7,8","-8,31","-8,31"
2025-10-05 11:15:00,"1372,1996666666669","1846,576","31,57933548750876","-10,9","41,41","41,41"
2025-10-05 11:30:00,"937,1120000000003","1151,5029999999997","32,81849426355487","-15,3","9,64","9,64"
2025-10-05 11:45:00,"452,54933333333366","1312,0536666666662","33,89615007162168","-24,1","60,62","60,62"
2025-10-05 12:00:00,"385,0650000000003","2517,763333333333","34,801858653909306","-13,5","28,18","28,18"
2025-10-05 12:15:00,"503,33000000000027","1782,9786666666664","35,526250259553976","-17,5","15,75","15,75"
2025-10-05 12:30:00,"523,4965000000004","2003,269","36,0613650822205","-21,9","12,24","12,24"
2025-10-05 12:45:00,"565,0500000000003","2005,325","36,40106881771443","-27,59","11,45","11,45"
2025-10-05 13:00:00,"1733,4160000000006","1304,038333333333","36,54134000265205","-19,8","-16,79","-16,79"
2025-10-05 13:15:00,"1577,3036666666671","652,165333333333","36,480472670245256","-22,4","34,58","34,58"
2025-10-05 13:30:00,"1620,3653333333339","769,1629999999997","36,21919453183988","-25,2","7,35","7,35"
2025-10-05 13:45:00,"1340,6850000000006","989,6796666666664","35,76076762388161","-12,45","9,99","9,99"
2025-10-05 14:00:00,"795,6126666666671","1030,4266666666665","35,11017202855322","-8,22","7,61","7,61"
2025-10-05 14:15:00,"464,93433333333377","1850,858","34,27481653040271","-25,9","-0,05","-0,05"
2025-10-05 14:30:00,"868,0180000000005","1982,540333333333","33,26353846120398","-23,2","6,39","6,39"
2025-10-05 14:45:00,"2014,5076666666673","1424,5253333333333","32,086390846940745","-16,6","-0,61","-0,61"
2025-10-05 15:00:00,"601,4590000000003","1362,4989999999998","30,75425687323291","-17,57","12,96","12,96"
2025-10-05 15:15:00,"396,2350000000003","1717,3876666666663","29,27846511985926","-7,58","1,86","1,86"
2025-10-05 15:30:00,"1550,591666666667","1435,738","27,670568033781827","2,4","12,63","12,63"
2025-10-05 15:45:00,"1172,8453333333334","1431,3753333333332","25,94201056139741","11,07","49,3","49,3"
2025-10-05 16:00:00,"520,3703333333336","1007,8306666666664","24,10397134833359","-25,05","50,05","50,05"
2025-10-05 16:15:00,"1523,8873333333338","1506,0646666666664","22,16725838924417","-5,4","21,35","21,35"
2025-10-05 16:30:00,"1767,341666666667","668,7733333333332","20,14218598662725","9,5","61,09","61,09"
2025-10-05 16:45:00,"1338,731333333334","364,75566666666646","18,03910766967305","18,33","52,23","52,23"
2025-10-05 17:00:00,"504,9346666666673","944,8729999999996","15,866562553709702","-24,3","90,56","90,56"
2025-10-05 17:15:00,"367,5206666666673","1337,2179999999998","13,634169800402098","-0,8","66,89","66,89"
2025-10-05 17:30:00,"468,262333333334","1694,8439999999998","11,351065198532496","18,4","96,46","96,46"
2025-10-05 17:45:00,"1345,0820000000008","668,3693333333332","9,027008077434708","18,89","108,35","108,35"
2025-10-05 18:00:00,"1806,8416666666674","335,6319999999999","6,673893030211467","-0,32","83,81","83,81"
2025-10-05 18:15:00,"3013,8396666666677","18,491333333333184","4,31018407890171","17,57","-21,04","-21,04"
2025-10-05 18:30:00,"2125,4623333333343","9,277333333333184","1,978551499005755","28,0","-25,28","-25,28"
2025-10-05 18:45:00,"1461,4483333333344","12,610999999999851","-0,202812472467147","21,2","-34,2","-34,2"
2025-10-05 19:00:00,"1437,1960000000008","0,0","-3,2375193470354757","25,09","96,14","96,14"
2025-10-05 19:15:00,"1333,8810000000008","0,0","-5,720864774516589","32,57","-10,92","-10,92"
2025-10-05 19:30:00,"1232,0210000000006","0,0","-8,206581338385496","37,56","-23,53","-23,53"
2025-10-05 19:45:00,"537,109000000001","0,0","-10,68868948134938","30,0","44,84","44,84"
2025-10-05 20:00:00,"375,07400000000086","0,0","-13,1610703956919","22,54","49,12","49,12"
2025-10-05 20:15:00,"535,9776666666676","0,0","-15,617384814072558","22,56","45,24","45,24"
2025-10-05 20:30:00,"1516,4503333333344","0,0","-18,05098656495696","17,57","40,95","40,95"
2025-10-05 20:45:00,"1557,4396666666678","0,0","-20,454831558529097","10,36","29,85","29,85"
2025-10-05 21:00:00,"881,1310000000011","0,0","-22,821383229372724","17,53","34,4","34,4"
2025-10-05 21:15:00,"383,1876666666678","0,0","-25,14251324502454","15,05","19,95","19,95"
2025-10-05 21:30:00,"407,925000000001","0,0","-27,409400350315988","10,04","-6,07","-6,07"
2025-10-05 21:45:00,"390,4220000000011","0,0","-29,612431669972835","5,07","11,67","11,67"
2025-10-05 22:00:00,"2272,7823333333345","0,0","-31,74111024290996","15,07","19,89","19,89"
2025-10-05 22:15:00,"1789,8256666666678","0,0","-33,783978376641095","10,08","44,48","44,48"
2025-10-05 22:30:00,"1357,2845000000018","0,0","-35,72856990465074","18,1","41,88","41,88"
2025-10-05 22:45:00,"665,0003333333345","0,0","-37,56140618338124","7,25","45,36","45,36"
2025-10-05 23:00:00,"369,3926666666678","0,0","-39,26805764712545","30,01","58,28","58,28"
2025-10-05 23:15:00,"354,3606666666679","0,0","-40,83329569071096","9,29","101,31","101,31"
2025-10-05 23:30:00,"351,1116666666679","0,0","-42,24135802837711","0,1","77,05","77,05"
2025-10-05 23:45:00,"199,83466666666786","0,0","-43,47634842467253","-4,9","99,19","99,19"
2025-10-06 00:00:00,"234,48866666666783","0,0","-44,52277908002228","28,08","95,01","95,01"
2025-10-06 00:15:00,"238,05366666666782","0,0","-45,366241227604526","22,4","90,68","90,68"
2025-10-06 00:30:00,"194,5040000000012","0,0","-45,99416248040922","10,6","77,72","77,72"
2025-10-06 00:45:00,"255,62000000000117","0,0","-46,3965775307131","3,4","73,76","73,76"
2025-10-06 01:00:00,"204,20500000000115","0,0","-46,56681376856368","16,0","2,04","2,04"
2025-10-06 01:15:00,"1528,1946666666677","0,0","-46,50198864783591","14,09","1,34","1,34"
2025-10-06 01:30:00,"1022,0226666666676","0,0","-46,20323453119894","11,4","5,88","5,88"
2025-10-06 01:45:00,"228,62533333333437","0,0","-45,67561055595129","6,5","4,87","4,87"
2025-10-06 02:00:00,"337,5930000000011","0,0","-44,9277177724661","10,3","5,98","5,98"
2025-10-06 02:15:00,"171,70166666666773","0,0","-43,97108432893987","10,3","3,38","3,38"
2025-10-06 02:30:00,"216,08900000000153","0,0","-42,81941950837254","10,3","4,74","4,74"
2025-10-06 02:45:00,"246,86200000000102","0,0","-41,48783986397672","5,1","12,75","12,75"
2025-10-06 03:00:00,"193,5303333333344","0,0","-39,99215260746424","11,86","21,08","21,08"
2025-10-06 03:15:00,"1348,3300000000008","0,0","-38,348253478047496","5,1","20,7","20,7"
2025-10-06 03:30:00,"1234,4463333333345","0,0","-36,57166415041852","6,6","51,78","51,78"
2025-10-06 03:45:00,"217,7863333333344","0,0","-34,67720874920443","9,8","46,77","46,77"
2025-10-06 04:00:00,"328,3773333333344","0,0","-32,67881510491844","2,8","101,96","101,96"
2025-10-06 04:15:00,"225,7596666666677","0,0","-30,58941682863045","7,4","113,44","113,44"
2025-10-06 04:30:00,"250,0586666666677","0,0","-28,420930449880807","15,6","105,72","105,72"
2025-10-06 04:45:00,"203,7203333333344","0,0","-26,18428670351373","20,21","115,25","115,25"
2025-10-06 05:00:00,"187,71333333333436","0,0","-23,889496725515787","7,2","2,24","2,24"
2025-10-06 05:15:00,"1385,2960000000012","0,0","-21,545738043309672","16,9","-15,95","-15,95"
2025-10-06 05:30:00,"1774,7890000000014","0,0","-19,161452018880947","34,7","29,3","29,3"
2025-10-06 05:45:00,"1360,569666666668","0,0","-16,744445042301766","40,1","81,57","81,57"
2025-10-06 06:00:00,"301,6993333333345","0,0","-14,301988133013715","28,6","103,79","103,79"
2025-10-06 06:15:00,"711,0796666666679","0,0","-11,840914390584889","59,7","89,78","89,78"
2025-10-06 06:30:00,"1896,051000000001","0,0","-9,367712160593","83,9","114,6","114,6"
2025-10-06 06:45:00,"1406,4703333333346","0,0","-6,888612552547041","99,71","118,06","118,06"
2025-10-06 07:00:00,"1325,1373333333345","0,0","-4,409673480638832","67,23","123,08","123,08"
2025-10-06 07:15:00,"2722,9716666666677","0,0","-1,936859729126428","86,5","181,16","181,16"
2025-10-06 07:30:00,"1315,9343333333345","0,0","0,9079239188449542","108,7","194,48","194,48"
2025-10-06 07:45:00,"412,7753333333346","16,006666666666515","3,1794903443854814","131,1","316,65","316,65"
2025-10-06 08:00:00,"322,0466666666678","78,12366666666652","5,52655032630441","110,27","110,66","110,66"
2025-10-06 08:15:00,"948,4383333333345","190,6393333333332","7,877591541608456","102,3","129,48","129,48"
2025-10-06 08:30:00,"1818,9286666666676","166,8563333333332","10,206346250125538","88,8","68,96","68,96"
2025-10-06 08:45:00,"1396,452000000001","143,57399999999984","12,498563183179645","87,0","21,13","21,13"
2025-10-06 09:00:00,"1420,219666666668","272,1113333333332","14,74369587917773","92,88","70,06","70,06"
2025-10-06 09:15:00,"1262,5790000000013","332,74266666666654","16,932388600863487","95,7","52,76","52,76"
2025-10-06 09:30:00,"1366,4756666666678","317,5693333333332","19,055450900471595","88,7","127,86","127,86"
2025-10-06 09:45:00,"2141,4203333333344","391,7696666666665","21,103562373990545","80,5","125,57","125,57"
2025-10-06 10:00:00,"613,1970000000013","379,31666666666655","23,06704702006803","91,5","159,58","159,58"
2025-10-06 10:15:00,"600,4890000000012","400,1643333333331","24,935790093635937","78,4","193,7","193,7"
2025-10-06 10:30:00,"385,64800000000116","598,4539999999998","26,699233380692924","71,7","197,29","197,29"
2025-10-06 10:45:00,"525,8256666666679","699,5453333333331","28,346656279041568","72,68","327,8","327,8"
2025-10-06 11:00:00,"1880,4996666666677","1038,0823333333333","29,86618777715575","78,9","165,66","165,66"
2025-10-06 11:15:00,"1225,5343333333344","980,7076666666666","31,24688114433403","84,9","257,95","257,95"
2025-10-06 11:30:00,"433,1396666666678","624,4913333333332","32,47730653721361","79,91","176,91","176,91"
2025-10-06 11:45:00,"459,37900000000104","462,3343333333332","33,546495013874114","70,51","186,73","186,73"
2025-10-06 12:00:00,"486,9876666666677","635,8973333333332","34,4441706053434","82,45","419,3","419,3"
2025-10-06 12:15:00,"460,17533333333444","889,4826666666665","35,16108537606895","77,47","609,0","609,0"
2025-10-06 12:30:00,"2825,402000000001","676,1563333333331","35,68949126409847","74,98","155,87","155,87"
2025-10-06 12:45:00,"3685,8766666666675","876,9659999999998","36,02339590996966","74,78","128,35","128,35"
2025-10-06 13:00:00,"986,6290000000012","1109,986","36,15889099147847","77,49","136,21","136,21"
2025-10-06 13:15:00,"1855,9023333333346","1044,6249999999998","36,09439692788896","78,75","178,93","178,93"
2025-10-06 13:30:00,"639,3103333333345","1184,9066666666663","35,83062531169568","74,97","179,03","179,03"
2025-10-06 13:45:00,"676,6413333333344","1083,111333333333","35,37127055552697","78,75","147,93","147,93"
2025-10-06 14:00:00,"497,0330000000012","1080,169","34,720386122949506","77,43","169,47","169,47"
2025-10-06 14:15:00,"1460,5573333333346","1452,6579999999997","33,88573338583359","77,44","188,23","188,23"
2025-10-06 14:30:00,"1411,2383333333346","1203,1263333333334","32,87603811204666","77,43","187,51","187,51"
2025-10-06 14:45:00,"418,0883333333347","673,1619999999999","31,701224480746696","79,94","192,41","192,41"
2025-10-06 15:00:00,"386,8640000000013","850,2946666666666","30,37203896328736","71,05","176,63","176,63"
2025-10-06 15:15:00,"434,64766666666804","792,8469999999998","28,899698909068206","78,5","207,68","207,68"
2025-10-06 15:30:00,"1427,6910000000014","539,6266666666664","27,295605103699597","82,49","192,89","192,89"
2025-10-06 15:45:00,"1540,996500000002","318,6759999999998","25,57108519233722","87,48","208,3","208,3"
2025-10-06 16:00:00,"1410,0336666666683","322,07166666666654","23,737215506742785","71,5","177,36","177,36"
2025-10-06 16:15:00,"286,86733333333484","263,05599999999987","21,80451461526224","84,6","98,17","98,17"
2025-10-06 16:30:00,"418,0400000000015","253,85099999999983","19,78339335690025","94,91","59,5","59,5"
2025-10-06 16:45:00,"329,34733333333475","124,17233333333316","17,684695626974193","88,5","8,6","8,6"
2025-10-06 17:00:00,"373,5183333333348","94,96699999999986","15,516142781638573","84,8","217,68","217,68"
2025-10-06 17:15:00,"1913,0260000000014","78,65199999999984","13,28766396646996","100,5","182,99","182,99"
2025-10-06 17:30:00,"1613,2686666666682","61,11599999999986","11,00849799189183","105,12","192,64","192,64"
2025-10-06 17:45:00,"1535,060666666668","56,69833333333318","8,688659100540331","77,59","220,59","220,59"
2025-10-06 18:00:00,"1540,545333333335","21,36633333333318","6,34072159184356","123,5","163,14","163,14"
2025-10-06 18:15:00,"2563,4766666666683","13,581333333333186","3,985393281106359","132,4","148,59","148,59"
2025-10-06 18:30:00,"1860,0656666666682","1,4549999999998522","1,672934343238787","103,04","156,79","156,79"
2025-10-06 18:45:00,"614,471666666668","0,0","-1,098901128739317","103,04","198,04","198,04"
2025-10-06 19:00:00,"301,2146666666681","0,0","-3,573122680516489","144,92","161,31","161,31"
2025-10-06 19:15:00,"288,60333333333483","0,0","-6,056049914333484","93,64","152,05","152,05"
2025-10-06 19:30:00,"464,1766666666681","0,0","-8,541772156428523","142,4","157,93","157,93"
2025-10-06 19:45:00,"1549,8190000000018","0,4849999999998519","-11,024316583216168","139,91","153,47","153,47"
2025-10-06 20:00:00,"1348,9173333333351","0,0","-13,497569522158784","137,41","178,63","178,63"
2025-10-06 20:15:00,"935,1253333333349","0,0","-15,95519486493066","120,8","218,55","218,55"
2025-10-06 20:30:00,"334,6346666666681","0,0","-18,39054698172164","109,5","191,09","191,09"
2025-10-06 20:45:00,"330,1363333333348","0,0","-20,796578755269376","95,8","183,41","183,41"
2025-10-06 21:00:00,"442,8643333333348","0,0","-23,165745716459085","86,3","275,23","275,23"
2025-10-06 21:15:00,"382,70266666666816","0,0","-25,48990503038153","60,1","239,1","239,1"
2025-10-06 21:30:00,"1990,635333333335","0,0","-27,76021214815108","86,3","185,34","185,34"
2025-10-06 21:45:00,"1497,827333333335","0,0","-29,96701941805486","84,0","195,68","195,68"
2025-10-06 22:00:00,"599,0340000000015","0,0","-32,099780434533486","116,3","175,69","175,69"
2025-10-06 22:15:00,"441,3936666666682","0,0","-34,14696979675851","102,6","177,35","177,35"
2025-10-06 22:30:00,"1568,6590000000015","0,0","-36,09603158094865","91,0","170,17","170,17"
2025-10-06 22:45:00,"1561,4500000000016","0,0","-37,93337176389527","79,8","142,83","142,83"
2025-10-06 23:00:00,"763,4650000000015","0,0","-39,64441707494272","99,0","172,69","172,69"
2025-10-06 23:15:00,"386,70900000000154","0,0","-41,21376599068399","88,3","120,22","120,22"
2025-10-06 23:30:00,"503,1830000000016","0,0","-42,62545620604497","80,5","99,14","99,14"
2025-10-06 23:45:00,"289,57333333333486","0,0","-43,8633707438942","69,6","73,87","73,87"
