Uhrzeit;Netzbezug [kW];Netzeinspeisung [kW];Stromverbrauch [kW];Akkubeladung [kW];Akkuentnahme [kW];Stromerzeugung [kW];Akku Spannung [V];Akku Stromstärke [A]
04.08.2025 00:09:28;0,005002;0,015461;0,242463;0;0,253013;0;53;-4,7
04.08.2025 00:14:30;0;0,021463;0,22391;0;0,245464;0;53;-4,6
04.08.2025 00:19:32;0,010652;0,022555;0,268656;0;0,280297;0;53;-7,5
04.08.2025 00:24:35;0,000391;0,030276;0,299133;0;0,328955;0;53;-6,1
04.08.2025 00:29:37;0,000017;0,024374;0,290119;0;0,314493;0;53;-5,9
04.08.2025 00:34:38;0;0,019162;0,279038;0;0,298474;0;53;-5,6
04.08.2025 00:39:40;0,000779;0,019099;0,27775;0;0,295667;0;53;-5,6
04.08.2025 00:44:43;0,004498;0,022843;0,185281;0;0,203773;0;53;-3,7
04.08.2025 00:49:44;0,014126;0,028105;0,266993;0;0,280954;0;53;-5,4
04.08.2025 00:54:47;0,005631;0,024656;0,265956;0;0,284811;0;53;-3,4
04.08.2025 00:59:48;0,008515;0,027375;0,320465;0;0,339536;0;52,900002;-7,5
04.08.2025 01:04:50;0,0135;0,0211;0,429813;0;0,43727;0;52,900002;-8,4
04.08.2025 01:09:53;0,000493;0,038071;0,397212;0;0,43483;0;52,900002;-8,2
04.08.2025 01:14:54;0,000143;0,03066;0,339627;0;0,370195;0;52,900002;-5,5
04.08.2025 01:19:57;0,002113;0,031726;0,274296;0;0,303846;0;52,900002;-5,4
04.08.2025 01:24:56;0,006051;0,024251;0,201906;0;0,220002;0;53;-5,3
04.08.2025 01:29:58;0,008742;0,026193;0,156792;0;0,174344;0;53;-3
04.08.2025 01:35:00;0,007463;0,0231;0,154791;0;0,170525;0;53;-3,4
04.08.2025 01:40:02;0,011573;0,025647;0,211905;0;0,225729;0;53;-5,8
04.08.2025 01:45:05;0,000136;0,022299;0,291518;0;0,313817;0;52,900002;-6
04.08.2025 01:50:07;0,000193;0,02983;0,272657;0;0,302033;0;52,900002;-5,2
04.08.2025 01:55:09;0,003877;0,031831;0,266655;0;0,294666;0;53;-5,8
04.08.2025 02:00:11;0,000648;0,020008;0,275386;0;0,294939;0,000364;53;-5,5
04.08.2025 02:05:12;0;0,022447;0,192352;0;0,214617;0;53;-3,6
04.08.2025 02:10:14;0,003621;0,018189;0,221;0;0,235824;0;53;-4,6
04.08.2025 02:15:16;0,000176;0,020918;0,22482;0;0,245464;0;53;-4,6
04.08.2025 02:20:19;0,00694;0,029551;0,289887;0;0,312458;0;52,900002;-7
04.08.2025 02:25:21;0,000603;0,022191;0,345596;0;0,366969;0;52,900002;-6,9
04.08.2025 02:30:23;0,000028;0,022009;0,342686;0;0,364695;0;52,900002;-7
04.08.2025 02:35:25;0,000102;0,028557;0,33632;0;0,364968;0;52,900002;-6,9
04.08.2025 02:40:26;0;0,023177;0,314078;0;0,337255;0;52,900002;-4,3
04.08.2025 02:45:29;0,005274;0,030095;0,176035;0;0,200781;0;52,900002;-5,5
04.08.2025 02:50:31;0;0,019281;0,268838;0;0,288027;0;52,900002;-5,4
04.08.2025 02:55:33;0,000034;0,026374;0,252285;0;0,278478;0;53;-5,3
04.08.2025 03:00:35;0,005872;0,02692;0,3536;0;0,37479;0;52,900002;-7,5
04.08.2025 03:05:37;0,000006;0,027648;0,368879;0;0,396526;0;52,900002;-7,5
04.08.2025 03:10:38;0,000114;0,02555;0,366819;0;0,392004;0;52,900002;-6,3
04.08.2025 03:15:41;0;0,019217;0,291881;0;0,31137;0;52,900002;-5,4
04.08.2025 03:20:42;0,002133;0,014965;0,271556;0;0,284239;0;52,900002;-5,3
04.08.2025 03:25:44;0,003837;0,024919;0,163885;0;0,184985;0;53;-3,4
04.08.2025 03:30:47;0,000969;0,022299;0,156818;0;0,178211;0;53;-3,4
04.08.2025 03:35:49;0,003416;0,03074;0,206085;0;0,233641;0;53;-4
04.08.2025 03:40:51;0,00785;0,026011;0,276295;0;0,294303;0;52,900002;-6,9
04.08.2025 03:45:53;0,005462;0,018735;0,331591;0;0,344687;0;52,900002;-6,6
04.08.2025 03:50:55;0,000136;0,02019;0,269201;0;0,289392;0;52,900002;-5,3
04.08.2025 03:55:57;0,002518;0,025283;0,262108;0;0,284844;0;52,900002;-5,3
04.08.2025 04:00:58;0,001021;0,030295;0,244729;0;0,273837;0;52,900002;-3,4
04.08.2025 04:06:01;0,006453;0,022299;0,157181;0;0,172862;0;52,900002;-3,4
04.08.2025 04:11:02;0,004049;0,027557;0,14545;0;0,168992;0;53;-3,1
04.08.2025 04:16:05;0,002181;0,02103;0,160263;0;0,179389;0;53;-3,7
04.08.2025 04:21:06;0,010419;0,037229;0,229581;0;0,256043;0;52,900002;-5,5
04.08.2025 04:26:09;0,005688;0,026469;0,296595;0;0,317625;0;52,900002;-6,9
04.08.2025 04:31:11;0,00503;0,031649;0,33341;0;0,360148;0;52,900002;-6,8
04.08.2025 04:36:13;0,006486;0,021463;0,331954;0;0,346688;0;52,799999;-6,7
04.08.2025 04:41:15;0,003018;0,019463;0,285208;0;0,301669;0;52,900002;-4,2
04.08.2025 04:46:16;0,006313;0,026645;0,274658;0;0,295098;0;52,799999;-7
04.08.2025 04:51:19;0,007881;0,017404;0,280097;0;0,289615;0,000363;52,900002;-5
04.08.2025 04:56:21;0,008037;0,029649;0,254832;0;0,276204;0;52,799999;-7,6
04.08.2025 05:01:23;0,000364;0,024919;0,359784;0;0,384249;0;52,799999;-7,1
04.08.2025 05:06:25;0,003462;0,026556;0,358875;0;0,381975;0;52,799999;-7,3
04.08.2025 05:11:26;0,000205;0,031572;0,292908;0;0,324389;0;52,799999;-5
04.08.2025 05:16:29;0,002;0,025744;0,292969;0;0,316809;0;52,799999;-6,6
04.08.2025 05:21:31;0,000125;0,025829;0,287936;0;0,313674;0;52,799999;-4,3
04.08.2025 05:26:33;0;0,018553;0,203356;0;0,221727;0;52,799999;-4,2
04.08.2025 05:31:35;0,000028;0,019463;0,187532;0;0,207085;0;52,799999;-3,6
04.08.2025 05:36:36;0,004158;0,024455;0,433066;0;0,453232;0;52,400002;-31,4
04.08.2025 05:41:39;0,031222;0,042241;1,93421;0;1,945269;0;51,799999;-73,300003
04.08.2025 05:46:41;0,001279;0,058751;2,870269;0;2,927565;0;51,900002;-49,400002
04.08.2025 05:51:43;0;0,052567;2,231643;0;2,284483;0;51,900002;-37,900002
04.08.2025 05:56:45;0;0,044382;1,714886;0;1,759177;0;52;-31
04.08.2025 06:01:46;0;0,039784;1,365626;0;1,405593;0;52;-26,200001
04.08.2025 06:06:49;0;0,035715;1,269773;0;1,293522;0,011965;52,099998;-23
04.08.2025 06:11:51;0;0,031467;1,213589;0;1,213862;0,030922;52,099998;-22,4
04.08.2025 06:16:53;0,005286;0,034742;1,255424;0;1,237599;0,047292;52;-25,200001
04.08.2025 06:21:55;0,000284;0,036197;1,371654;0;1,343279;0,06439;52;-26,1
04.08.2025 06:26:56;0,002595;0,040332;1,42001;0;1,428314;0,0292;51,900002;-29,1
04.08.2025 06:31:59;0,000023;0,048405;1,424234;0;1,451247;0,021393;52,099998;-8,4
04.08.2025 06:36:59;0,001144;0,023071;0,40686;0;0,408142;0,020508;52,299999;-7,3
04.08.2025 06:42:00;0,000228;0,02336;0,299843;0;0,304496;0,018615;52,299999;-5,6
04.08.2025 06:47:02;0,003666;0,02983;0,432905;0;0,432268;0,02692;52,299999;-8,2
04.08.2025 06:52:04;0,000483;0,022737;0,427448;0;0,411987;0,03747;52,299999;-7,7
04.08.2025 06:57:05;0,012421;0,036499;0,48818;0;0,457155;0,055114;52,299999;-9,9
04.08.2025 07:02:08;0,000028;0,024474;0,523029;0;0,481966;0,065628;52,299999;-8,4
04.08.2025 07:07:09;0,000125;0,028287;0,45971;0;0,401311;0,086869;52,299999;-4,3
04.08.2025 07:12:11;0,009726;0,028739;0,952755;0;0,840254;0,13169;52;-22
04.08.2025 07:17:14;0,015738;0,025925;0,530643;0;0,388873;0,151561;52,299999;-4,2
04.08.2025 07:22:16;0,051726;0,02401;0,35942;0;0,213087;0,11823;52,299999;-1
04.08.2025 07:27:18;0,022265;0,032195;0,77068;0;0,693012;0,087672;52,299999;-6
04.08.2025 07:32:19;0,000011;0,020805;0,363534;0;0,274384;0,110228;52,299999;-4,5
04.08.2025 07:37:21;0,023146;0,030012;0,511119;0;0,368242;0,14988;51,900002;-40,299999
04.08.2025 07:42:22;0,017702;0,062779;1,952719;0;1,788381;0,209142;52,099998;-2,5
04.08.2025 07:47:23;0,02332;0,013322;0,326122;0;0,073546;0,242721;52,400002;0
04.08.2025 07:52:26;0,013858;0,006164;0,288436;0;0;0,280641;52,400002;0
04.08.2025 07:57:28;0,000142;0,062753;0,272294;0,000182;0;0,335047;52,400002;0
04.08.2025 08:02:30;0,003206;0,028921;0,243918;0,120231;0;0,389978;52,5;3,1
04.08.2025 08:07:29;0,012797;0,03803;0,770145;0,095901;0,422919;0,468848;52,200001;-18,1
04.08.2025 08:12:32;0,002464;0,03789;0,578323;0,130803;0,285083;0,458308;52,5;3,8
04.08.2025 08:17:34;0,008032;0,086945;0,307763;0,028284;0,003911;0,411078;52,5;0
04.08.2025 08:22:35;0;0,102198;0,29674;0;0;0,398574;52,5;0
04.08.2025 08:27:38;0;0,05892;0,300764;0;0;0,359684;52,5;0
04.08.2025 08:32:40;0,009402;0,033468;0,439089;0;0,020827;0,442363;52,5;0
04.08.2025 08:37:41;0,008828;0,044347;0,971615;0,029565;0,41217;0,62487;52,400002;3
04.08.2025 08:42:43;0,006497;0,024374;0,449639;0,168797;0,003365;0,632987;52,5;0
04.08.2025 08:47:46;0;0,104243;0,489309;0,000091;0;0,593914;52,5;0
04.08.2025 08:52:47;0,012592;0,022995;0,571216;0;0,069075;0,512452;52,5;0
04.08.2025 08:57:49;0,003473;0,045109;0,554773;0;0,000091;0,596245;52,5;0
04.08.2025 09:02:52;0,002793;0,062183;0,553486;0,051487;0;0,664256;52,5;0
04.08.2025 09:07:54;0,001216;0,054568;0,484199;0,026102;0;0,563504;52,5;1
04.08.2025 09:12:56;0,007963;0,045837;0,395617;0,017553;0;0,451458;52,5;0
04.08.2025 09:17:57;0,006427;0,041609;0,359519;0,082489;0,012775;0,463908;52,599998;1,5
04.08.2025 09:23:00;0,00162;0,026106;0,383978;0,298589;0;0,707041;52,700001;7,6
04.08.2025 09:28:02;0,001972;0,022191;0,359602;0,335501;0;0,715203;52,700001;7
04.08.2025 09:33:04;0,004746;0,029103;0,390524;0,379519;0,00191;0,792689;52,799999;7,2
04.08.2025 09:38:06;0,001211;0,019644;0,445819;0,335501;0;0,799965;52,700001;5,4
04.08.2025 09:43:08;0,002643;0,026011;0,441818;0,195899;0;0,660999;52,700001;3,1
04.08.2025 09:48:11;0,003411;0,049493;0,475349;0,079497;0,000363;0,600441;52,700001;1,2
04.08.2025 09:53:11;0,003359;0,02948;0,458862;0,109314;0;0,59436;52,700001;2,8
04.08.2025 09:58:13;0,005673;0,019463;0,402711;0,1989;0;0,615525;52,700001;5,1
04.08.2025 10:03:16;0,000663;0,020486;0,377451;0,325148;0;0,722269;52,799999;6
04.08.2025 10:08:18;0,00777;0,018553;0,359238;0,34887;0;0,718841;52,900002;7,6
04.08.2025 10:13:19;0,007038;0,034674;0,456425;0,243725;0,001825;0,725974;52,799999;3
04.08.2025 10:18:21;0,000193;0,0211;0,464009;0,137693;0;0,622801;52,799999;4,8
04.08.2025 10:23:23;0,000091;0,024192;0,468738;0,458006;0;0,950936;53;13,4
04.08.2025 10:28:23;0,001465;0,034241;0,468018;0,712097;0;1,212524;53,099998;13,4
04.08.2025 10:33:26;0,011569;0,024474;0,412984;0,637968;0;1,063825;53;10,3
04.08.2025 10:38:28;0,012039;0,028193;0,377428;0,672276;0;1,065892;53,099998;15,4
04.08.2025 10:43:30;0,010749;0,031649;0,447456;0,86008;0;1,328545;53,200001;16,6
04.08.2025 10:48:31;0,011492;0,050369;0,499312;0,783551;0,000456;1,321644;53,099998;11,1
04.08.2025 10:53:33;0,00382;0,025465;0,622255;0,46128;0;1,104817;53;8,7
04.08.2025 10:58:36;0,000946;0,027013;0,601891;0,377088;0;1,005448;53;6,3
04.08.2025 11:03:38;0,002848;0,0211;0,599883;0,378974;0;0,996773;53;7,2
04.08.2025 11:08:40;0,002296;0,034196;0,527125;0,65827;0;1,217227;53,200001;15,8
04.08.2025 11:13:42;0,000358;0,026011;0,442363;0,809969;0;1,278343;53,299999;19,1
04.08.2025 11:18:44;0,001143;0,037106;0,371243;1,158748;0;1,565734;53,400002;20,299999
04.08.2025 11:23:46;0,009998;0,018553;0,401619;1,083354;0;1,49334;53,400002;20,799999
04.08.2025 11:28:48;0,016234;0,043109;0,413261;1,054433;0;1,494795;53,400002;17,700001
04.08.2025 11:33:49;0,009313;0,058399;0,481427;1,01514;0;1,545386;53,400002;17,4
04.08.2025 11:38:51;0,018098;0,016916;0,582239;0,999592;0;1,581013;53,5;20,9
04.08.2025 11:43:52;0,001141;0,034492;0,534717;1,030561;0;1,59831;53,5;20,700001
04.08.2025 11:48:54;0,000824;0,02783;0,548225;1,322816;0;1,898234;53,599998;28,4
04.08.2025 11:53:56;0,002529;0,020736;0,409259;1,299806;0;1,726891;53,5;18,1
04.08.2025 11:58:58;0,002762;0,026374;0,401074;1,064073;0;1,489339;53,599998;18,799999
04.08.2025 12:03:59;0,0086;0,028652;0,98658;0,395106;0,35076;1,050819;52,900002;-22
04.08.2025 12:09:02;0,006385;0,041879;2,025038;0;1,324342;0,735685;52,599998;-16
04.08.2025 12:14:04;0,004832;0,034196;3,342827;0;2,690559;0,682098;51,700001;-73,400002
04.08.2025 12:19:05;0,130503;0,016972;4,677402;0;3,720843;0,843137;51,599998;-64,300003
04.08.2025 12:24:08;0;0,057107;3,555328;0;2,936486;0,675859;51,700001;-45,700001
04.08.2025 12:29:10;0;0,055295;0,944933;0,542495;0,480379;1,06189;52,599998;18,700001
04.08.2025 12:34:12;0,000472;0,024919;0,387977;0,833979;0;1,247057;52,700001;12,6
04.08.2025 12:39:12;0,006672;0,033325;0,399353;0,647278;0,00119;1,071899;52,799999;11,8
04.08.2025 12:44:13;0,006878;0,025002;0,482705;0,579885;0,001734;1,078558;52,799999;9,2
04.08.2025 12:49:15;0,002808;0,030194;0,613888;0,477105;0,000364;1,118277;52,799999;10
04.08.2025 12:54:17;0,001694;0,022555;0,586241;0,484563;0;1,092085;52,900002;8,1
04.08.2025 12:59:17;0,000612;0,034058;0,584839;0,428009;0;1,045898;52,900002;5,4
04.08.2025 13:04:18;0,15648;0,146728;2,310049;0,115977;1,42658;0,9895;51,900002;-48
04.08.2025 13:09:20;0,196933;0,185167;1,721434;0,169524;0,919741;0,959303;52,400002;7
04.08.2025 13:14:22;0,003274;0,019099;0,466373;0,368151;0,000091;0,850895;52,700001;7,1
04.08.2025 13:19:23;0,000325;0,027375;0,453323;0,375032;0;0,855182;52,799999;6,9
04.08.2025 13:24:25;0,000364;0,028375;0,448912;0,35078;0;0,827976;52,900002;6,5
04.08.2025 13:29:28;0,007303;0,022843;0,534813;0,205858;0,00417;0,751639;52,799999;3,5
04.08.2025 13:34:30;0,002228;0,040926;0,435633;0,285845;0;0,760676;52,900002;7,8
04.08.2025 13:39:31;0,006296;0,032849;0,462448;0,731084;0;1,219811;53,200001;18,299999
04.08.2025 13:44:34;0,007399;0,034989;0,469548;1,234693;0;1,731706;53,400002;25
04.08.2025 13:49:36;0,031121;0,017462;0,473467;1,306536;0;1,76618;53,5;26,200001
04.08.2025 13:54:37;0,013978;0,022265;0,394376;1,346373;0;1,749418;53,5;22,700001
04.08.2025 13:59:39;0,00046;0,030376;0,356146;1,105909;0;1,491521;53,5;19,6
04.08.2025 14:04:40;0,010585;0,048179;0,661735;0,833191;0,111323;1,421288;53,400002;22
04.08.2025 14:09:42;0,007094;0,042017;0,475468;1,116731;0;1,627213;53,599998;21,799999
04.08.2025 14:14:43;0,002578;0,052012;0,495297;1,18468;0;1,729343;53,700001;20,799999
04.08.2025 14:19:46;0,017908;0,030095;0,566902;0,852891;0;1,432211;53,599998;14,9
04.08.2025 14:24:47;0,005589;0,031572;0,515007;0,790304;0;1,331134;53,700001;14,3
04.08.2025 14:29:50;0,006515;0,022299;0,444711;0,87238;0;1,332863;53,799999;16,299999
04.08.2025 14:34:52;0,003899;0,026374;0,369242;0,693739;0;1,085537;53,700001;10,2
04.08.2025 14:39:54;0,006065;0,027102;0,470739;0,50257;0,002001;0,992407;53,700001;10,9
04.08.2025 14:44:55;0,007414;0,026097;0,503145;0,505061;0,001095;1,025999;53,700001;7,4
04.08.2025 14:49:57;0,000443;0,029285;0,544769;0,404348;0;0,977856;53,599998;5,6
04.08.2025 14:54:59;0,005701;0,022555;0,543496;0,29121;0;0,851622;53,599998;6,6
04.08.2025 15:00:00;0,011098;0,047267;1,051001;0,661552;0;1,748688;53,700001;8
04.08.2025 15:05:02;0;0,006912;0;0,117321;0;0,070938;53,700001;7,9
04.08.2025 15:10:04;0,000773;0,046019;0,395253;0,556774;0;0,997137;53,799999;14
04.08.2025 15:15:06;0,001762;0,032559;0,406531;0,939295;0;1,376929;53,900002;20,299999
04.08.2025 15:20:07;0,000086;0,030477;0,446206;1,182308;0;1,658534;53,900002;22,9
04.08.2025 15:25:07;0,008137;0,026001;0,474609;1,110535;0;1,603271;53,900002;16,1
04.08.2025 15:30:09;0,000483;0,030194;0,551317;0,949935;0;1,53081;53,900002;18,6
04.08.2025 15:35:10;0,000131;0,03066;0,560266;1,192619;0;1,783362;54;30,6
04.08.2025 15:40:11;0,000143;0,180125;0,560266;2,185677;0;2,926159;54,200001;44,299999
04.08.2025 15:45:15;0,00035;0,078964;0,561062;2,192839;0;2,832593;54,200001;45,700001
04.08.2025 15:50:16;0,00081;0,277396;0,45898;2,325926;0;3,061572;54;29,9
04.08.2025 15:55:16;0,000526;0,031311;0,399536;1,680817;0;2,111206;54;30,1
04.08.2025 16:00:17;0,002264;0,100373;0,469383;2,158667;0;2,726142;54,200001;45,799999
04.08.2025 16:05:19;0,008253;0,108044;0,532946;1,807833;0;2,440274;54,099998;42,099998
04.08.2025 16:10:20;0,001911;0,067706;0,575049;1,614735;0;2,25603;53,799999;16,6
04.08.2025 16:15:22;0,000199;0,029649;0,518031;0,977765;0;1,52499;53,900002;24,299999
04.08.2025 16:20:24;0,000063;0,02783;0,485836;0,963305;0;1,47697;53,799999;14,2
04.08.2025 16:25:25;0,000473;0,032484;0,431058;0,70088;0;1,163602;53,700001;10,3
04.08.2025 16:30:27;0,000665;0,033832;0,354873;0,505025;0;0,893094;53,700001;7,6
04.08.2025 16:35:28;0,020388;0,024637;0,441643;0,231589;0,003924;0,673779;53,599998;2,9
04.08.2025 16:40:30;0,000171;0,025101;0,43727;0,114138;0;0,5766;53,5;4,4
04.08.2025 16:45:32;0,005008;0,047656;0,534037;0,063026;0,004093;0,63517;53,5;0
04.08.2025 16:50:33;0,039094;0,002372;0,48891;0;0;0,452228;53,5;0
04.08.2025 16:55:36;0,000623;0,084482;0,484051;0,002538;0;0,570346;53,5;1,4
04.08.2025 17:00:37;0,000912;0,027922;0,467193;0,361892;0;0,856642;53,599998;7,4
04.08.2025 17:05:40;0,004906;0,02248;0,430932;0,338926;0;0,787172;53,599998;9,7
04.08.2025 17:10:42;0,010004;0,023646;0,351963;0,52276;0;0,888001;53,599998;7,5
04.08.2025 17:15:44;0,000256;0,027102;0,3978;0,576146;0;1,001138;53,700001;8,7
04.08.2025 17:20:43;0,024004;0,073303;0,930347;0,330233;0,476472;0,833344;53,599998;9,9
04.08.2025 17:25:46;0,009036;0,034627;0,485683;0,438184;0,002266;0,947072;53,599998;8,2
04.08.2025 17:30:48;0,002103;0,031104;0,537493;0,666728;0;1,233597;53,799999;13
04.08.2025 17:35:49;0,006216;0,034492;0,553879;0,619487;0;1,201196;53,799999;16,5
04.08.2025 17:40:52;0,010056;0,031726;0,554936;1,127005;0;1,70415;53,900002;21,5
04.08.2025 17:45:54;0,027602;0,123141;1,012779;1,171208;0,280388;1,999002;54;28,200001
04.08.2025 17:50:56;0,007958;0,035287;0,425447;1,046793;0;1,499161;53,900002;18,200001
04.08.2025 17:55:58;0,002848;0,028011;0,363058;0,74285;0;1,131374;53,700001;7,6
04.08.2025 18:00:59;0,023844;0,045624;0,371199;0,510901;0;0,904091;54,099998;43,900002
04.08.2025 18:05:59;0,010248;0,419495;0,532654;1,940643;0;2,88208;54;17,299999
04.08.2025 18:11:01;0,004257;0,026738;0,452368;0,657179;0;1,132101;53,799999;6,7
04.08.2025 18:16:04;0,011501;0,027556;0,491303;0,217551;0,001632;0,723357;53,599998;0
04.08.2025 18:21:06;0,011698;0,015279;0,468192;0;0;0,471466;53,5;0
04.08.2025 18:26:07;0,001911;0,038507;0,491282;0,245732;0;0,774153;53,599998;5
04.08.2025 18:31:10;0,001632;0,025018;0,399569;0,258976;0;0,68166;53,599998;5,2
04.08.2025 18:36:12;0,009345;0,023282;0,424902;0,337957;0,000728;0,775955;53,599998;5,6
04.08.2025 18:41:14;0,000438;0,038016;0,43727;0,101951;0;0,577328;53,5;0
04.08.2025 18:46:16;0,017251;0,042745;0,405257;0;0,044018;0,385977;53,400002;0
04.08.2025 18:51:19;0,012668;0,017404;0,394311;0;0,131437;0,268313;53,299999;-3,6
04.08.2025 18:56:20;0,004414;0,025915;0,35149;0;0,142987;0,229581;53,299999;-2,9
04.08.2025 19:01:22;0,007168;0,019281;0,338139;0;0,117412;0,232823;53,400002;0
04.08.2025 19:06:24;0,033991;0,003274;0,307763;0;0,023555;0,253559;53,299999;-3,1
04.08.2025 19:11:25;0,000006;0,02628;0,212427;0;0,020622;0,218267;53,400002;0
04.08.2025 19:16:28;0,006141;0,024656;0,594821;0;0,32959;0,283542;53;-22,4
04.08.2025 19:21:30;0,011391;0,046928;2,221639;0;1,78928;0,468192;52,700001;-30,5
04.08.2025 19:26:32;0,00544;0,04038;1,601567;0;1,022511;0,613706;52,900002;-12,8
04.08.2025 19:31:34;0,000006;0,026011;1,323816;0;0,804876;0,544587;52,900002;-15,8
04.08.2025 19:36:36;0,007611;0,025465;1,054615;0,000091;0,6208;0,452186;53,099998;-3,1
04.08.2025 19:41:38;0,006758;0,013278;0,377246;0;0,009731;0,373972;53,200001;0
04.08.2025 19:46:40;0,00835;0,027102;0,406349;0,019553;0,03938;0,405257;53,200001;3,3
04.08.2025 19:51:41;0,000034;0,024455;0,249656;0,116798;0;0,390544;53,299999;0,9
04.08.2025 19:56:44;0,000011;0,056019;0,250365;0,003263;0;0,31001;53,299999;0
04.08.2025 20:01:46;0,033036;0,004911;0,253013;0;0,002637;0,222273;53,200001;-3
04.08.2025 20:06:47;0,008965;0,034857;0,436168;0;0,295645;0,166437;53,099998;-4,1
04.08.2025 20:11:50;0,012441;0,021755;0,460302;0;0,238128;0,231329;53,099998;-6,6
04.08.2025 20:16:52;0,00785;0,041835;0,452186;0;0,354327;0,132054;53;-8,4
04.08.2025 20:21:53;0,001848;0,024637;0,576508;0;0,441004;0,158043;53;-6,3
04.08.2025 20:26:56;0,000023;0,025925;0,565089;0;0,373372;0,217551;53;-7,5
04.08.2025 20:31:58;0,003132;0,020008;0,462008;0;0,327134;0,152062;53;-6,8
04.08.2025 20:36:59;0,00783;0,020805;0,422663;0;0,368279;0,067159;53;-6,9
04.08.2025 20:42:02;0,00051;0,026469;0,394855;0;0,407364;0,013416;53;-8,2
04.08.2025 20:47:04;0,004132;0,036742;0,389978;0;0,422355;0,000364;53;-8,8
04.08.2025 20:52:05;0,001454;0,028835;0,443833;0;0,47139;0;53;-8,8
04.08.2025 20:57:06;0,00572;0,021535;0,459345;0;0,474858;0;52,900002;-11,5
04.08.2025 21:02:07;0,013773;0,020987;0,489457;0;0,49694;0;52,900002;-9,1
04.08.2025 21:07:08;0,008155;0,022265;0,459163;0;0,473124;0;52,900002;-9,5
04.08.2025 21:12:10;0,004871;0,041472;0,431632;0;0,468192;0;53;-6,7
04.08.2025 21:17:13;0,002561;0,025562;0,391411;0;0,414616;0;53;-7,7
04.08.2025 21:22:15;0,001864;0,023282;0,386522;0;0,407713;0;53;-8
04.08.2025 21:27:16;0,006325;0,030842;0,422481;0;0,447301;0;52,900002;-10,4
04.08.2025 21:32:18;0,000853;0,023646;0,516394;0;0,539039;0;52,900002;-9,7
04.08.2025 21:37:22;0,000215;0,02602;0,430057;0;0,455896;0;52,900002;-8,5
04.08.2025 21:42:23;0;0,02263;0,429051;0;0,451407;0;52,900002;-8,4
04.08.2025 21:47:25;0,001097;0,023464;0,42472;0;0,447275;0;52,900002;-8,6
04.08.2025 21:52:27;0,000068;0,024919;0,337047;0;0,361785;0;53;-6,6
04.08.2025 21:57:28;0,000205;0,02263;0,407334;0;0,429598;0;52,900002;-8,5
04.08.2025 22:02:31;0,005892;0,023205;0,463928;0;0,481513;0;52,900002;-9,3
04.08.2025 22:07:33;0,005798;0,028921;0,526398;0;0,549407;0;52,799999;-11,3
04.08.2025 22:12:35;0,001779;0,022555;0,669184;0;0,690011;0;52,799999;-11,2
04.08.2025 22:17:36;0;0,026097;0,517379;0;0,543659;0;52,900002;-9,4
04.08.2025 22:22:38;0,003968;0,026556;0,547497;0;0,569961;0;52,799999;-10,5
04.08.2025 22:27:41;0,00013;0,026831;0,519584;0;0,546234;0;52,799999;-10,2
04.08.2025 22:32:43;0,000142;0,023464;0,439635;0;0,462735;0;52,900002;-8
04.08.2025 22:37:44;0,022601;0,060042;0,967235;0;1,004921;0;52,799999;-8,1
04.08.2025 22:42:46;0,009453;0,02019;0,478924;0;0,489746;0;52,900002;-10,6
04.08.2025 22:47:47;0,000217;0,028835;0,462448;0;0,490826;0;52,900002;-8,7
04.08.2025 22:52:48;0,005988;0,033032;0,554974;0;0,581892;0;52,799999;-10,8
04.08.2025 22:57:52;0,000728;0,033429;0,528175;0;0,561062;0;52,900002;-9,9
04.08.2025 23:02:52;0,003725;0,025635;0,529358;0;0,551147;0;52,799999;-11
04.08.2025 23:07:55;0,004527;0,021393;0,520853;0;0,537714;0;52,900002;-9,7
04.08.2025 23:12:57;0,001239;0,026738;0,460916;0;0,486291;0;52,900002;-7,6
04.08.2025 23:18:00;0,003156;0,022118;0,388329;0;0,407364;0;52,900002;-7,7
04.08.2025 23:23:00;0,009161;0,030945;0,364197;0;0,386078;0;52,900002;-5,1
04.08.2025 23:28:02;0,000438;0,019644;0,237006;0;0,256196;0;53;-4,6
04.08.2025 23:33:04;0,007929;0,029467;0,321041;0;0,342595;0;52,900002;-6,1
04.08.2025 23:38:07;0,000567;0,023749;0,301127;0;0,32406;0;52,900002;-6,1
04.08.2025 23:43:09;0,008538;0,019463;0,310491;0;0,321496;0;52,900002;-5,9
04.08.2025 23:48:11;0,008509;0,022191;0,333228;0;0,347143;0;52,900002;-7,2
04.08.2025 23:53:13;0,000085;0,026193;0,306308;0;0,332227;0,000364;52,900002;-5
04.08.2025 23:58:14;0,002213;0,025732;0,238889;0;0,262431;0;53;-5
05.08.2025 00:03:17;0,002997;0,023749;0,226253;0;0,247011;0;53;-4
05.08.2025 00:08:19;0,016007;0,029103;0,607704;0;0,620982;0;52,5;-34
05.08.2025 00:13:21;0,024931;0,065118;2,257472;0;2,297398;0;52,200001;-51,400002
05.08.2025 00:18:22;0,000747;0,051282;1,707261;0;1,757721;0;52,5;-24,1
05.08.2025 00:23:25;0,004391;0,042422;1,368396;0;1,406558;0;52,5;-27,4
05.08.2025 00:28:27;0,001091;0,050384;0,702652;0;0,751672;0;52,700001;-8,2
05.08.2025 00:33:29;0,000273;0,026374;0,368151;0;0,394526;0;52,799999;-5,8
05.08.2025 00:38:31;0,002012;0,03365;0,265564;0;0,297395;0;52,900002;-5,5
05.08.2025 00:43:33;0;0,0211;0,27193;0;0,292757;0;52,900002;-5,5
05.08.2025 00:48:34;0,000222;0,021352;0,240531;0;0,261883;0;52,900002;-4
05.08.2025 00:53:36;0,004877;0,026374;0,260289;0;0,28157;0;52,900002;-6,4
05.08.2025 00:58:39;0,000119;0,024474;0,324151;0;0,348354;0;52,900002;-6,8
05.08.2025 01:03:41;0,000773;0,020554;0,383612;0;0,40362;0;52,799999;-7,6
05.08.2025 01:08:44;0;0,025562;0,371106;0;0,396577;0;52,799999;-7,4
05.08.2025 01:13:45;0,000023;0,025732;0,364082;0;0,389814;0;52,799999;-7,4
05.08.2025 01:18:47;0,000068;0,0231;0,275386;0;0,298304;0;52,799999;-4,7
05.08.2025 01:23:48;0;0,022447;0,256773;0;0,279038;0;52,900002;-5,3
05.08.2025 01:28:50;0,000415;0,020736;0,256105;0;0,276386;0;52,799999;-5
05.08.2025 01:33:53;0,003688;0,027738;0,298226;0;0,322519;0;52,799999;-7,5
05.08.2025 01:38:55;0,000074;0,03456;0,347597;0;0,381975;0;52,799999;-6,3
05.08.2025 01:43:56;0,000086;0,0219;0,305683;0;0,327491;0;52,799999;-6,1
05.08.2025 01:48:58;0,000091;0,020736;0,300487;0;0,321041;0;52,700001;-5,9
05.08.2025 01:54:00;0;0,022918;0,292302;0;0,315311;0;52,700001;-4,8
05.08.2025 01:59:03;0,00098;0,019761;0,186369;0;0,205133;0;52,799999;-3,8
05.08.2025 02:04:05;0,002672;0,022918;0,182075;0;0,202174;0;52,799999;-4,1
05.08.2025 02:09:07;0,003115;0,022009;0,182802;0;0,20181;0;52,799999;-3,1
05.08.2025 02:14:09;0,00814;0,027284;0,26429;0;0,283662;0;52,700001;-6,2
05.08.2025 02:19:10;0,00077;0,019527;0,305318;0;0,32375;0;52,599998;-6,2
05.08.2025 02:24:11;0,008714;0,030295;0,405144;0;0,426678;0;52,5;-9,3
05.08.2025 02:29:13;0;0,024556;0,447275;0;0,472103;0;52,5;-8,9
05.08.2025 02:34:12;0,011402;0,016351;0,451395;0;0,456355;0;52,5;-8,5
05.08.2025 02:39:15;0,002193;0,033358;0,307291;0;0,338383;0;52,5;-4,1
05.08.2025 02:44:17;0,009151;0,031286;0,244282;0;0,266109;0,000364;52,5;-5
05.08.2025 02:49:18;0,012609;0,02117;0,257503;0;0,266355;0;52,5;-5
05.08.2025 02:54:18;0,005493;0,029114;0,16571;0;0,189148;0;52,5;-3,8
05.08.2025 02:59:21;0,005552;0,025925;0,301489;0;0,321794;0;52,400002;-6,2
05.08.2025 03:04:21;0,00032;0,028198;0,299377;0;0,327209;0;52,5;-6,2
05.08.2025 03:09:24;0,00004;0,029188;0,28898;0;0,317987;0;52,400002;-6,1
05.08.2025 03:14:24;0,001923;0,025269;0,297913;0;0,321533;0;52,400002;-6
05.08.2025 03:19:27;0,000612;0,022662;0,257617;0;0,279553;0;52,400002;-3,8
05.08.2025 03:24:28;0,00661;0,023542;0,193082;0;0,20978;0;52,400002;-4,8
05.08.2025 03:29:28;0,011822;0,032227;0,22998;0;0,250397;0;52,400002;-5,2
05.08.2025 03:34:30;0,001751;0,032013;0,236643;0;0,266837;0;52,400002;-4,7
05.08.2025 03:39:33;0,005535;0,029551;0,355515;0;0,379536;0;52,400002;-7,4
05.08.2025 03:44:35;0;0,02401;0,355964;0;0,380065;0;52,400002;-7,3
05.08.2025 03:49:36;0,000125;0,0219;0,356599;0;0,378499;0;52,400002;-7
05.08.2025 03:54:39;0,000028;0,021755;0,345906;0;0,367571;0;52,299999;-7
05.08.2025 03:59:41;0,001154;0,020918;0,249011;0;0,268656;0;52,400002;-3,7
05.08.2025 04:04:42;0,001517;0,020987;0,175197;0;0,194633;0;52,400002;-3,8
05.08.2025 04:09:44;0,002069;0,021281;0,172253;0;0,191533;0;52,400002;-3,6
05.08.2025 04:14:47;0,004957;0,0281;0,186731;0;0,209937;0;52,400002;-6,2
05.08.2025 04:19:49;0,000028;0,023646;0,293029;0;0,316494;0;52,299999;-5,8
05.08.2025 04:24:50;0;0,02336;0,291083;0;0,314534;0;52,299999;-5,7
05.08.2025 04:29:53;0,00541;0,026831;0,348444;0;0,369655;0;52,299999;-7,8
05.08.2025 04:34:55;0,000148;0,020736;0,379247;0;0,399982;0;52,299999;-7,6
05.08.2025 04:39:55;0,003754;0,019409;0,353943;0;0,36969;0;52,299999;-5,3
05.08.2025 04:44:57;0,00266;0,024737;0,257742;0;0,279569;0;52,299999;-6,3
05.08.2025 04:49:58;0,002749;0,0219;0,309515;0;0,32886;0;52,299999;-6,2
05.08.2025 04:55:01;0,000091;0,023568;0,288618;0;0,312095;0;52,299999;-4,6
05.08.2025 05:00:02;0,008999;0,025915;0,334335;0;0,351216;0;52,299999;-8,5
05.08.2025 05:05:04;0,003621;0,036015;1,46642;0;1,498433;0;51,900002;-28,700001
05.08.2025 05:10:06;0,036646;0,053476;2,405715;0;2,422722;0;51,799999;-31
05.08.2025 05:15:09;0,000317;0,041153;1,282826;0;1,323798;0;51,900002;-26,299999
05.08.2025 05:20:09;0;0,03717;1,31543;0;1,352783;0;51,900002;-26,299999
05.08.2025 05:25:10;0,003627;0,031572;0,243634;0;0,271465;0;52,200001;-3,8
05.08.2025 05:30:10;0,010609;0,027466;0,171387;0;0,188049;0,000366;52,299999;-2,5
05.08.2025 05:35:13;0,008997;0,030457;1,001641;0;1,023034;0;51,700001;-39,5
05.08.2025 05:40:14;0,006462;0,046719;2,23778;0;2,278112;0;51,400002;-68,300003
05.08.2025 05:45:16;0,352315;0,004547;4,133151;0;3,785463;0;51,299999;-74,199997
05.08.2025 05:50:19;0,337074;0,016135;4,076182;0;3,755022;0;51,299999;-66,400002
05.08.2025 05:55:21;0;0,057114;1,525353;0;1,582559;0;52,099998;-7,8
05.08.2025 06:00:22;0,000987;0,022447;0,348022;0;0,369648;0;52,200001;-3,9
05.08.2025 06:05:25;0,007308;0,023749;0,205042;0,000091;0,214197;0,007252;52,200001;-4,2
05.08.2025 06:10:27;0,013193;0,026011;0,207358;0;0,195171;0,025101;52,299999;-3,7
05.08.2025 06:15:29;0,006338;0,024919;0,196808;0;0,169524;0,045473;52,299999;-3
05.08.2025 06:20:31;0,010698;0,024556;0,287754;0;0,218635;0,083307;52,299999;-4,2
05.08.2025 06:25:32;0,001437;0,02044;0,305865;0;0,206404;0,118623;52,299999;-3,6
05.08.2025 06:30:34;0,002916;0,025647;0,351781;0;0,227366;0,146969;52,299999;-4,1
05.08.2025 06:35:37;0,00839;0,031182;0,460302;0;0,307835;0,175129;52,299999;-6
05.08.2025 06:40:38;0,004483;0,022995;0,510627;0;0,326487;0,202572;52,299999;-6
05.08.2025 06:45:41;0,014112;0,018311;0,356421;0;0,121375;0,239306;52,400002;0
05.08.2025 06:50:41;0,022654;0,002014;0,308899;0;0,012817;0,275391;52,400002;0
05.08.2025 06:55:42;0,01472;0,017702;0,684912;0;0,383791;0,303675;51,900002;-30,6
05.08.2025 07:00:44;0,03535;0,053295;2,735123;0;2,425359;0,328498;51,700001;-31,799999
05.08.2025 07:05:46;0,00004;0,032923;1,539177;0;1,218045;0,353963;51,900002;-20,799999
05.08.2025 07:10:48;0,000529;0,025829;1,458599;0;1,108364;0,375063;51,799999;-22,799999
05.08.2025 07:15:51;0,006147;0,066534;0,50635;0;0,168874;0,398118;52,299999;0
05.08.2025 07:20:50;0,000379;0,081387;0,301665;0,039591;0;0,422551;52,400002;1,6
05.08.2025 07:25:52;0,0076;0,017098;0,707199;0,071029;0,342413;0,44491;52,099998;-13,8
05.08.2025 07:30:55;0,000244;0,029369;0,576148;0,13189;0,265866;0,471723;52,5;4,4
05.08.2025 07:35:56;0,006598;0,031572;0,287798;0,229216;0,041062;0,500772;52,5;5,3
05.08.2025 07:40:59;0,012141;0,036077;0,357509;0,191082;0,045051;0,526836;52,5;2,3
05.08.2025 07:46:01;0,00004;0,020918;0,393798;0,14033;0;0,554773;52,5;3,1
05.08.2025 07:51:03;0;0,020372;0,377064;0,193352;0;0,590788;52,599998;4,6
05.08.2025 07:56:04;0,000314;0,0219;0,386529;0,285426;0;0,693854;52,700001;6,3
05.08.2025 08:01:06;0,000057;0,024192;0,367787;0,35842;0;0,750126;52,700001;9
05.08.2025 08:06:08;0,001245;0,024556;0,293029;0,597154;0;0,91383;52,799999;12,1
05.08.2025 08:11:11;0,000113;0,031907;0,285536;0,73079;0;1,047508;52,900002;14,7
05.08.2025 08:16:11;0,006031;0,019775;0,292053;0,863892;0;1,170044;53;18,9
05.08.2025 08:21:11;0,024971;0,041748;1,220215;0,632446;0,56131;1,308472;52,099998;-35,099998
05.08.2025 08:26:13;0,011005;0,070938;2,082127;0,299487;0,989588;1,451869;52,799999;20,9
05.08.2025 08:31:14;0,003724;0,01971;0,373389;1,195448;0;1,58444;53,099998;24,1
05.08.2025 08:36:17;0,002153;0,031545;0,353702;1,364408;0;1,74766;53,200001;28,9
05.08.2025 08:41:19;0,01159;0,029103;0,324679;1,67687;0;2,019011;53,299999;30,4
05.08.2025 08:46:20;0,001323;0,033397;0,367914;1,603694;0;2,003819;53,299999;30,5
05.08.2025 08:51:20;0,001757;0,030396;0,416931;1,652527;0;2,097656;53,299999;30,4
05.08.2025 08:56:23;0,005399;0,033358;0,592101;1,765155;0;2,38581;53,400002;35,400002
05.08.2025 09:01:25;0,00673;0,029649;0,631168;1,997456;0;2,65127;53,400002;39,099998
05.08.2025 09:06:27;0,00274;0,039835;0,598427;2,280209;0;2,915742;53,5;46,299999
05.08.2025 09:11:26;0,000006;0,127868;0,55097;2,479916;0;3,158845;53,5;46,200001
05.08.2025 09:16:28;0;0,281934;0,514393;2,47156;0;3,267523;53,599998;46,299999
05.08.2025 09:21:30;0;0,466191;0,421991;2,477926;0;3,366473;53,599998;46,299999
05.08.2025 09:26:32;0,01998;0,058751;1,916241;1,49425;0;3,448688;53,400002;27,1
05.08.2025 09:31:35;0,006929;0,028826;2,073443;1,424506;0;3,519976;53,400002;28
05.08.2025 09:36:34;0,004398;0,484648;0,747181;2,365827;0;3,593154;53,599998;46,200001
05.08.2025 09:41:36;0;0,51221;0,653359;2,478108;0;3,644041;53,700001;46,099998
05.08.2025 09:46:37;0;0,125558;1,098633;2,474023;0;3,698122;53,799999;46,099998
05.08.2025 09:51:38;0;0,474858;0,81996;2,47749;0;3,772581;53,900002;45,900002
05.08.2025 09:56:41;0;0,789166;0,551855;2,474009;0;3,81512;54;45,799999
05.08.2025 10:01:43;0;0,892366;0,512574;2,473015;0;3,877592;54;45,799999
05.08.2025 10:06:45;0,002694;0,743942;0,863809;2,317588;0;3,922701;53,900002;34,299999
05.08.2025 10:11:44;0,024808;0,034906;2,604446;1,353909;0,002756;3,982268;53,599998;5,6
05.08.2025 10:16:47;0,003501;0,045504;3,139308;0,839475;0,000091;4,034484;53,900002;35,200001
05.08.2025 10:21:48;0,003844;0,03066;2,230514;1,901255;0;4,174075;54;36,5
05.08.2025 10:26:51;0,002362;0,033539;2,255675;2,140158;0;4,43369;54;44,099998
05.08.2025 10:31:52;0,043902;0,057304;2,169462;1,035124;0,098366;3,127636;53,799999;27,9
05.08.2025 10:36:55;0,072494;0,098079;3,167214;0,369112;0,592827;2,979362;53,200001;-31,6
05.08.2025 10:41:56;0,066572;0,116981;4,467925;0,0146;1,070984;3,458686;53,299999;-2,8
05.08.2025 10:46:59;0,186295;0,028826;4,522204;0;1,774038;2,602273;52,799999;-37,5
05.08.2025 10:52:01;0,08994;0,096585;3,725995;0,60352;1,016053;3,329003;53,599998;19,4
05.08.2025 10:57:02;0,020599;0,30404;3,075811;1,502225;0;4,874499;53,599998;3,9
05.08.2025 11:02:04;0,129167;0,012005;3,028826;0,048111;0,408349;2,574511;53,299999;-9,6
05.08.2025 11:07:07;0,325522;0,009609;3,53833;0;1,014332;2,224822;53,200001;-9,1
05.08.2025 11:12:09;0,307268;0;2,959622;0;0,422901;2,239465;53,200001;-4,9
05.08.2025 11:17:10;0,386723;0;2,807117;0;0,270643;2,172446;53,200001;-4,5
05.08.2025 11:22:12;0,350019;0;2,795373;0;0,256287;2,202722;53,200001;-5,1
05.08.2025 11:27:13;0,576229;0;2,817618;0;0,268362;1,990314;53,200001;-4,2
05.08.2025 11:32:16;0,517194;0,000363;2,901184;0;0,352523;2,047518;53,200001;-6,7
05.08.2025 11:37:18;0,099308;0,018917;2,957258;0,000182;0,345415;2,550502;53,200001;0,9
05.08.2025 11:42:19;0,019698;0,032119;2,899839;0,035496;0,058582;2,888565;53,299999;-3,5
05.08.2025 11:47:21;0,02912;0,047838;2,866746;0,109499;0,050566;2,958669;53,299999;0
05.08.2025 11:52:24;0,015195;0,077412;1,18238;1,363864;0,066262;2,554049;53,799999;24,5
05.08.2025 11:57:25;0,001985;0,038872;0,563186;1,315348;0;1,915125;53,900002;26,700001
05.08.2025 12:02:28;0,011138;0,024656;0,481694;1,770866;0;2,266519;54,099998;45,599998
05.08.2025 12:07:30;0,00158;0,051294;0,456187;2,393892;0;2,899736;54,200001;43,299999
05.08.2025 12:12:32;0,005673;0,041472;0,56987;2,151701;0;2,757132;54,099998;39,400002
05.08.2025 12:17:34;0,002149;0,256469;0,590424;2,362606;0;3,207499;54,200001;45,700001
05.08.2025 12:22:36;0;0,716658;0,578419;2,473652;0;3,76882;54,200001;45,700001
05.08.2025 12:27:37;0;1,512354;0,61903;2,480684;0;4,611703;54,200001;45,700001
05.08.2025 12:32:39;0;1,245966;0,566414;2,473106;0;4,285759;54,099998;45,700001
05.08.2025 12:37:42;0,000821;1,136704;0,545872;2,473374;0;4,155225;54,200001;42
05.08.2025 12:42:44;0,006184;0,032923;1,881682;1,220956;0;3,129285;53,900002;21,799999
05.08.2025 12:47:45;0,019362;0,039967;2,478129;0,962216;0,091431;3,369627;53,400002;-13,6
05.08.2025 12:52:45;0,705643;0,034607;6,055481;0;2,466156;2,917969;52,700001;-47,599998
05.08.2025 12:57:48;0,832637;0,112039;5,599764;0;2,896874;1,982615;52,599998;-72,199997
05.08.2025 13:02:49;0,817467;0,13377;4,989837;0;2,939755;1,366539;52,799999;-21,700001
05.08.2025 13:07:51;0,252854;0,190442;2,170527;0,175708;1,068711;1,21468;52,799999;-72
05.08.2025 13:12:54;0,262631;0,243657;1,573438;0,30439;0,668879;1,188554;53,099998;-30,299999
05.08.2025 13:17:56;0,329993;0,266837;1,87095;0,267564;0,916649;1,156475;53,200001;12,1
05.08.2025 13:22:57;0,161755;0,15494;0,992967;0,711465;0,397753;1,297555;53,599998;21,1
05.08.2025 13:27:59;0,003365;0,033468;0,390342;1,274705;0;1,694878;53,799999;25,700001
05.08.2025 13:33:02;0,002901;0,038434;0,504175;1,479891;0;2,019962;54;31,9
05.08.2025 13:38:04;0,000915;0,031467;0,579329;1,958349;0;2,567963;54,099998;41
05.08.2025 13:43:05;0,000103;0,540192;0,598773;2,42557;0;3,564534;54,099998;40,400002
05.08.2025 13:48:07;0,000347;0,036197;0,514757;2,005187;0;2,555958;54,099998;33,099998
05.08.2025 13:53:10;0,000567;0,03227;0,47553;1,506541;0;2,013435;54;30,6
05.08.2025 13:58:12;0,001597;0,747762;0,42854;2,079763;0;3,254427;54,200001;45,599998
05.08.2025 14:03:13;0;1,654702;0,44803;2,477946;0;4,580678;54,200001;45,599998
05.08.2025 14:08:19;0,000606;1,090555;0,378059;2,326696;0;3,794592;54,099998;34,099998
05.08.2025 14:13:20;0,012199;0,121361;0,79952;1,90016;0;2,808996;54,099998;33,299999
05.08.2025 14:18:19;0,008514;0,177839;0,964151;2,06701;0;3,200365;54,099998;33,5
05.08.2025 14:23:19;0,009476;1,677246;1,068787;2,400146;0;5,137207;54,299999;45,599998
05.08.2025 14:28:19;0,010717;1,218018;1,12262;2,428528;0;4,758179;54,299999;45,5
05.08.2025 14:33:21;0;1,568644;1,257061;2,470196;0;5,295628;54,400002;45,5
05.08.2025 14:38:22;0,001158;1,719123;1,359421;2,469095;0;5,546453;54,400002;39,299999
05.08.2025 14:43:23;0,003604;1,736095;1,473299;2,469551;0;5,675661;54,5;31,700001
05.08.2025 14:48:24;0,024922;0,29893;1,454502;2,021886;0;3,750316;54,400002;21,6
05.08.2025 14:53:26;0,022515;0,442182;1,557548;1,443593;0;3,420677;55;44,799999
05.08.2025 14:58:27;0,022019;0,043982;1,686821;0,968877;0;2,677963;54,599998;17,299999
05.08.2025 15:03:29;0,00864;1,216681;1,702335;1,412307;0;4,322138;56,200001;21,6
05.08.2025 15:08:32;0,000006;2,662825;1,587941;0,4109;0,013416;4,648703;54,5;-0,4
05.08.2025 15:13:33;0;3,238959;1,540093;0;0,007391;4,771935;54;0
05.08.2025 15:18:37;0;3,276383;1,415935;0;0;4,691957;53,799999;0
05.08.2025 15:23:35;0;4,223838;0,66471;0;0;4,888916;53,700001;0
05.08.2025 15:28:38;0;2,749664;0,608962;0;0;3,358263;53,700001;0
05.08.2025 15:33:40;0;1,065892;0,518213;0;0;1,583923;53,599998;0
05.08.2025 15:38:41;0,01038;0,065334;0,690204;0;0,234691;0,510262;53,200001;-9,1
05.08.2025 15:43:44;0,000153;0,026106;0,779558;0;0,509613;0,296232;53;-9,1
05.08.2025 15:48:45;0,006011;0,034127;1,018882;0;0,599138;0,447848;53;-3,7
05.08.2025 15:53:48;0,007756;0,04061;1,126371;0,071882;0,464925;0,766142;53,200001;7,5
05.08.2025 15:58:50;0,000426;0,032741;0,721387;0,474013;0;1,228141;53,400002;8
05.08.2025 16:03:51;0,00008;0,033032;0,626695;0,531432;0;1,190611;53,799999;17
05.08.2025 16:08:53;0,013466;0,443819;0,635352;1,159931;0,003547;2,222367;55,5;-0,3
05.08.2025 16:13:56;0;2,631461;0,491121;0,000091;0,005439;3,116781;54,400002;0
05.08.2025 16:18:58;0;2,879546;0,550408;0;0,000091;3,430499;54,200001;0
05.08.2025 16:24:00;0;2,318406;0,594062;0;0;2,912468;54;0
05.08.2025 16:29:02;0;3,994185;0,650813;0;0;4,644816;53,900002;0
05.08.2025 16:34:04;0;3,62858;0,656997;0;0;4,285396;53,799999;0
05.08.2025 16:39:05;0;3,353385;0,647682;0;0;4,001067;53,799999;0
05.08.2025 16:44:05;0;3,440735;0,538696;0;0;3,979248;53,700001;0
05.08.2025 16:49:05;0;3,461609;0,520752;0;0;3,98291;53,700001;0
05.08.2025 16:54:08;0;2,641432;0,4516;0;0;3,092851;53,700001;0
05.08.2025 16:59:10;0;3,30372;0,59388;0;0;3,897236;53,700001;0
05.08.2025 17:04:10;0;2,798401;0,662476;0;0;3,46106;53,700001;0
05.08.2025 17:09:11;0;2,679788;0,64458;0;0;3,324003;53,599998;0
05.08.2025 17:14:13;0;0,329226;0,64863;0;0;0,97822;53,599998;0
05.08.2025 17:19:16;0,002204;0,28191;0,654103;0;0;0,933657;53,599998;0
05.08.2025 17:24:18;0,008509;0,02019;0,773408;0;0,234278;0,550772;53,200001;-8,8
05.08.2025 17:29:19;0,002526;0,054749;0,691847;0;0,407425;0,336525;53;-7,6
05.08.2025 17:34:22;0,000912;0,025744;0,677128;0;0,416882;0,285354;53;-4,6
05.08.2025 17:39:23;0,009524;0,108768;0,522489;0;0,034766;0,586911;53,099998;0
05.08.2025 17:44:23;0,004681;0,120667;1,129944;0;0,343689;0,902344;53;-9,6
05.08.2025 17:49:26;0,002277;0,066172;0,778651;0,147844;0,127902;0,86259;53,200001;8
05.08.2025 17:54:28;0,006054;0,03656;0,755947;0,506208;0,001728;1,291075;53,599998;14,4
05.08.2025 17:59:30;0,00673;0,028011;0,793053;0,772317;0;1,586469;54,299999;12,2
05.08.2025 18:04:32;0,003615;0,023464;0,698469;0,329226;0;1,047339;54,599998;1,3
05.08.2025 18:09:33;0;0,076284;0,597678;0,00876;0;0,682904;54,200001;0
05.08.2025 18:14:36;0,0341;0,085026;1,317815;0;0,74765;0,62002;52,799999;-34,299999
05.08.2025 18:19:37;0;0,046354;1,450122;0,061775;0,927815;0,63071;53,099998;1,6
05.08.2025 18:24:39;0,000796;0,027648;0,44491;0,117048;0;0,588969;53,200001;3,8
05.08.2025 18:29:42;0,000108;0,025925;0,444348;0,282363;0;0,752364;53,400002;6,6
05.08.2025 18:34:44;0,000477;0,028011;0,44491;0,350508;0;0,822519;53,5;6,4
05.08.2025 18:39:45;0,007904;0,03066;0,576873;0,480332;0,00292;1,077463;54;6,5
05.08.2025 18:44:48;0,00098;0,02665;0,553486;0,20903;0;0,787897;54,099998;0
05.08.2025 18:49:50;0,017649;0,015825;0,52276;0;0,101223;0,419809;53,599998;-3,6
05.08.2025 18:54:51;0,006638;0,028287;0,64677;0;0,303675;0,364994;53,099998;-7,4
05.08.2025 18:59:54;0,000827;0,026469;0,689999;0;0,405642;0,309648;53;-8,5
05.08.2025 19:04:56;0,003086;0,026374;0,725025;0;0,557047;0,191715;52,900002;-11,3
05.08.2025 19:09:55;0,004036;0,029211;0,854472;0;0,760225;0,119049;52,799999;-24,700001
05.08.2025 19:14:57;0,000415;0,03456;0,942205;0;0,883908;0,092402;52,900002;-14
05.08.2025 19:19:57;0,000217;0,027832;0,755127;0;0,668884;0,113525;52,900002;-13,4
05.08.2025 19:24:59;0,002092;0,029467;0,588605;0;0,521669;0,094584;53;-6,7
05.08.2025 19:30:02;0,000028;0,024293;0,41516;0;0,404282;0,035533;53;-8,8
05.08.2025 19:35:03;0,009524;0,019892;0,423028;0;0,419561;0,013505;53;-7,5
05.08.2025 19:40:06;0,010815;0,032814;0,526474;0;0,536445;0,012328;52,900002;-10,3
05.08.2025 19:45:08;0,00008;0,027102;0,566232;0;0,584967;0,008003;52,900002;-11,2
05.08.2025 19:50:10;0,007696;0,03456;0,514575;0;0,539221;0,002183;52,900002;-10,2
05.08.2025 19:55:12;0,011812;0,023646;0,534401;0;0,544769;0,001455;52,900002;-9
05.08.2025 20:00:13;0,000884;0,032849;0,628338;0;0,652519;0,00803;52,900002;-13,2
05.08.2025 20:05:15;0,002643;0,03656;0,653541;0;0,686191;0,001091;52,900002;-11,3
05.08.2025 20:10:17;0,00025;0,04038;0,402529;0;0,442454;0;53;-6,9
05.08.2025 20:15:19;0,002922;0,030558;0,345051;0;0,372789;0;53;-6
05.08.2025 20:20:21;0,002029;0,028557;0,322678;0;0,349325;0;53;-6,6
05.08.2025 20:25:23;0,007963;0,042745;0,436725;0;0,427175;0,044018;53;-8,7
05.08.2025 20:30:26;0,003716;0,028826;0,503268;0;0,470454;0,058014;52,900002;-9,8
05.08.2025 20:35:27;0,002201;0,02774;0,500225;0;0,494202;0,031755;53;-8,9
05.08.2025 20:40:30;0,002045;0,026106;0,474805;0;0,473355;0,025381;53;-8,8
05.08.2025 20:45:32;0,000125;0,026738;0,456187;0;0,475832;0,006912;52,900002;-9,3
05.08.2025 20:50:33;0,000086;0,0292;0,45241;0;0,481245;0,000365;52,900002;-8,5
05.08.2025 20:55:35;0,003968;0,022737;0,381066;0;0,399891;0;53;-7,8
05.08.2025 21:00:38;0,004657;0,027194;0,481694;0;0,504175;0;52,900002;-9,7
05.08.2025 21:05:40;0,00029;0,034196;0,475832;0;0,509755;0;52,900002;-9,4
05.08.2025 21:10:42;0,008151;0,029467;0,510028;0;0,5314;0;52,900002;-11,6
05.08.2025 21:15:43;0;0,026827;0,584721;0;0,611457;0;52,900002;-11,6
05.08.2025 21:20:45;0;0,028011;0,540767;0;0,569052;0;52,900002;-10,1
05.08.2025 21:25:47;0,018979;0,044746;0,664091;0;0,689647;0;52,799999;-8,5
05.08.2025 21:30:49;0,112285;0,106225;0,812879;0;0,806695;0;52,700001;-36
05.08.2025 21:35:49;0,086374;0,106384;0,758606;0;0,778839;0;52,900002;-8,7
05.08.2025 21:40:51;0,00004;0,022373;0,425447;0;0,447729;0,000364;52,900002;-8,9
05.08.2025 21:45:53;0,000006;0,023646;0,339048;0;0,362512;0;53;-6,2
05.08.2025 21:50:56;0,002515;0,027013;0,384159;0;0,408905;0;52,900002;-10,4
05.08.2025 21:55:57;0,000473;0,028105;0,432336;0;0,45971;0;53;-7,5
05.08.2025 22:00:59;0,005468;0,030558;0,402347;0;0,427357;0;52,900002;-9,9
05.08.2025 22:06:02;0,000051;0,025925;0,482601;0;0,508344;0;52,900002;-8,8
05.08.2025 22:11:03;0,000148;0,020622;0,434343;0;0,454965;0;53;-8,7
05.08.2025 22:16:05;0,006196;0,027466;0,427084;0;0,448457;0;52,900002;-8,2
05.08.2025 22:21:08;0,002991;0,021211;0,432564;0;0,450784;0;52,900002;-8,5
05.08.2025 22:26:09;0,000086;0,029382;0,416458;0;0,445567;0;52,900002;-8,4
05.08.2025 22:31:11;0,00814;0,025465;0,489656;0;0,506935;0;52,900002;-9,6
05.08.2025 22:36:13;0,004462;0,020554;0,473649;0;0,489746;0;52,900002;-8,9
05.08.2025 22:41:15;0,006184;0,022191;0,451458;0;0,467465;0;52,900002;-8,6
05.08.2025 22:46:17;0,007418;0,024737;0,444546;0;0,461735;0;52,900002;-8,3
05.08.2025 22:51:20;0,009507;0,032814;0,52593;0;0,549226;0;52,900002;-8,5
05.08.2025 22:56:21;0,012872;0,026645;0,476865;0;0,490644;0;52,900002;-9,9
05.08.2025 23:01:23;0,002382;0,032013;0,500387;0;0,529945;0;52,900002;-10,4
05.08.2025 23:06:25;0,002836;0,028375;0,491293;0;0,516849;0;52,900002;-9,7
05.08.2025 23:11:28;0,000051;0,028463;0,487314;0;0,515777;0;52,900002;-9,9
05.08.2025 23:16:29;0,00231;0,035769;0,486172;0;0,519661;0;52,900002;-9,9
05.08.2025 23:21:31;0,015086;0,022555;0,544042;0;0,551408;0;52,900002;-8,7
05.08.2025 23:26:33;0,004519;0,024192;0,314129;0;0,333955;0;53;-6
05.08.2025 23:31:35;0,005508;0,020554;0,272294;0;0,287391;0,000364;53;-5,2
05.08.2025 23:36:38;0,001365;0,027375;0,205404;0;0,231239;0;53;-3,6
05.08.2025 23:41:40;0,00656;0,032013;0,21336;0;0,238916;0;53;-5,8
05.08.2025 23:46:41;0;0,020622;0,279951;0;0,300573;0;53;-5,6
05.08.2025 23:51:43;0,00058;0,022191;0,275022;0;0,296576;0;53;-5,5
05.08.2025 23:56:45;0;0,021463;0,27102;0;0,292575;0;53;-5,6
06.08.2025 00:01:48;0;0,022299;0,275565;0;0,297501;0;53;-5,7
06.08.2025 00:06:50;0,000051;0,022918;0,283389;0;0,306308;0;53;-5,6
06.08.2025 00:11:51;0,002538;0,02482;0,184505;0;0,206952;0;53;-3,8
06.08.2025 00:16:54;0,000198;0,0252;0,171865;0;0,196793;0;53;-3,6
06.08.2025 00:21:54;0,004051;0,021973;0,211121;0;0,229156;0;53;-4,8
06.08.2025 00:26:55;0,005532;0,025367;0,30039;0;0,320191;0;53;-7,6
06.08.2025 00:31:57;0,000171;0,022918;0,366878;0;0,389705;0;52,900002;-7,3
06.08.2025 00:36:59;0,002262;0,026011;0,345415;0;0,369152;0;52,900002;-6,9
06.08.2025 00:42:01;0;0,024374;0,345051;0;0,369152;0;52,900002;-7
06.08.2025 00:47:03;0;0,022555;0,34887;0;0,371698;0;52,900002;-7
06.08.2025 00:52:05;0,000017;0,026011;0,300487;0;0,326134;0;53;-4,6
06.08.2025 00:57:05;0,0021;0,025085;0,187317;0;0,210205;0;53;-3,7
06.08.2025 01:02:07;0,011311;0,020008;0,268292;0;0,277296;0;53;-5,5
06.08.2025 01:07:09;0,00062;0,019644;0,26902;0;0,287936;0;53;-5,4
06.08.2025 01:12:12;0,005218;0,029913;0,368205;0;0,39277;0;52,900002;-7,6
06.08.2025 01:17:13;0;0,026097;0,375944;0;0,402224;0;52,900002;-7,6
06.08.2025 01:22:15;0,000034;0,030194;0,365423;0;0,395253;0;52,900002;-7,5
06.08.2025 01:27:18;0,001983;0,024112;0,338292;0;0,360591;0;52,900002;-6
06.08.2025 01:32:20;0,000961;0,022737;0,282661;0;0,304307;0;52,900002;-5,9
06.08.2025 01:37:21;0,009786;0,01971;0,29017;0;0,300299;0;53;-3,8
06.08.2025 01:42:23;0,005832;0,025829;0,16916;0;0,188987;0;53;-3,7
06.08.2025 01:47:25;0,003371;0,021645;0,23355;0;0,251922;0;53;-4,6
06.08.2025 01:52:28;0,002277;0,027013;0,217551;0;0,242207;0;53;-4,4
06.08.2025 01:57:30;0,009248;0,025101;0,285754;0;0,301851;0;52,900002;-7
06.08.2025 02:02:32;0,001859;0,021281;0,313583;0;0,332955;0;52,900002;-6
06.08.2025 02:07:32;0,0002;0,025818;0,290588;0;0,31604;0;52,900002;-5,8
06.08.2025 02:12:34;0,008754;0,019099;0,306308;0;0,316585;0;52,900002;-5,8
06.08.2025 02:17:37;0,000963;0,021755;0,276109;0;0,29732;0;52,900002;-5,6
06.08.2025 02:22:38;0,000941;0,0219;0,269183;0;0,289897;0;52,900002;-4,6
06.08.2025 02:27:40;0,002535;0,020372;0,224274;0;0,242008;0;53;-5
06.08.2025 02:32:43;0,000555;0,019217;0,234774;0;0,253266;0;53;-4,7
06.08.2025 02:37:45;0,004195;0,022191;0,233005;0;0,251467;0;53;-4,7
06.08.2025 02:42:46;0,006633;0,025185;0,352949;0;0,37129;0;52,900002;-6
06.08.2025 02:47:49;0;0,024837;0,2917;0;0,316355;0;52,900002;-6
06.08.2025 02:52:51;0;0,0211;0,282298;0;0,303579;0;52,900002;-5,6
06.08.2025 02:57:53;0;0,018553;0,279024;0;0,297486;0;52,900002;-5,9
06.08.2025 03:02:54;0,003952;0,02409;0,294003;0;0,314078;0,000365;52,900002;-5,6
06.08.2025 03:07:56;0;0,020008;0,266837;0;0,287027;0;52,900002;-5,3
06.08.2025 03:12:59;0,003275;0,020849;0,279553;0;0,297138;0;52,900002;-6,3
06.08.2025 03:18:00;0;0,020622;0,30915;0;0,32959;0;52,900002;-6,1
06.08.2025 03:23:02;0,005758;0,02692;0,398891;0;0,420082;0;52,799999;-8,3
06.08.2025 03:28:05;0;0,024293;0,40809;0;0,432473;0;52,799999;-5,6
06.08.2025 03:33:06;0,002897;0,014417;0,290718;0;0,302215;0;52,900002;-5,5
06.08.2025 03:38:09;0,009008;0,014866;0,297864;0;0,303665;0;52,900002;-5,8
06.08.2025 03:43:11;0,003621;0,020372;0,280843;0;0,297486;0;52,900002;-5,4
06.08.2025 03:48:13;0,006105;0,021463;0,225001;0;0,24028;0;52,900002;-4
06.08.2025 03:53:14;0,002127;0,023177;0,169175;0;0,190253;0;53;-2,5
06.08.2025 03:58:17;0,004079;0,022299;0,166427;0;0,184646;0;53;-2,6
06.08.2025 04:03:18;0,010186;0,02628;0,16954;0;0,185782;0;53;-6,1
06.08.2025 04:08:20;0,003695;0,021645;0,289573;0;0,307217;0;52,900002;-6,3
06.08.2025 04:13:23;0,007439;0,020123;0,290793;0;0,303393;0;52,900002;-5,8
06.08.2025 04:18:25;0;0,021281;0,287754;0;0,309218;0;52,900002;-5,8
06.08.2025 04:23:26;0,003735;0,027557;0,289258;0;0,312891;0;52,900002;-6,9
06.08.2025 04:28:28;0,008839;0,026374;0,301033;0;0,318585;0;52,900002;-4,6
06.08.2025 04:33:30;0,000102;0,020918;0,218271;0;0,239098;0;52,900002;-4,5
06.08.2025 04:38:33;0,004674;0,016498;0,226978;0;0,238944;0;52,900002;-4,6
06.08.2025 04:43:34;0,001876;0,022995;0,219727;0;0,240714;0;52,900002;-4,6
06.08.2025 04:48:36;0,005929;0,032195;0,344687;0;0,37088;0;52,799999;-6,9
06.08.2025 04:53:38;0,00025;0,024374;0,339048;0;0,363331;0,000364;52,799999;-6,9
06.08.2025 04:58:38;0,002037;0,019958;0,312561;0;0,330597;0;52,900002;-5,4
06.08.2025 05:03:40;0,004172;0,020372;0,274294;0;0,290301;0;52,900002;-5,5
06.08.2025 05:08:40;0,006191;0,026367;0,337463;0;0,357422;0;52,900002;-5,1
06.08.2025 05:13:42;0,002689;0,023828;0,242281;0;0,263654;0;52,900002;-5
06.08.2025 05:18:45;0,001762;0,023205;0,236768;0;0,257979;0;52,900002;-4,7
06.08.2025 05:23:46;0,000046;0,019345;0,232136;0;0,251755;0;52,900002;-4,7
06.08.2025 05:28:48;0,005076;0,033468;0,32286;0;0,351144;0;52,799999;-7,2
06.08.2025 05:33:50;0,006696;0,028557;0,9071;0;0,928745;0;52,299999;-39
06.08.2025 05:38:52;0;0,05093;2,084128;0;2,135149;0;52,200001;-35,799999
06.08.2025 05:43:55;0,099728;0,026287;2,981175;0;2,907842;0;51,700001;-73,400002
06.08.2025 05:48:56;0,853368;0;4,65897;0;3,80543;0;51,700001;-73,599998
06.08.2025 05:53:58;0,112745;0,035105;3,584562;0;3,506894;0;51,799999;-56,900002
06.08.2025 05:59:01;0,067735;0,054025;2,847199;0;2,833512;0;51,799999;-48,900002
06.08.2025 06:04:02;0;0,052924;2,298734;0;2,351749;0;51,900002;-39,200001
06.08.2025 06:09:04;0,003041;0,048929;1,698697;0;1,73644;0,008367;52;-29,4
06.08.2025 06:14:21;0,001099;0,035524;1,346605;0;1,350157;0,030498;52,099998;-26,1
06.08.2025 06:19:19;0,000006;0,036683;1,323705;0;1,313106;0,04719;52,099998;-25,5
06.08.2025 06:24:19;0;0,036438;1,367249;0;1,295654;0,108398;52,099998;-24,4
06.08.2025 06:29:18;0,00058;0,034906;0,741118;0;0,62115;0,154323;52,299999;-2,6
06.08.2025 06:34:18;0,000309;0,030396;0,167908;0;0,040375;0,157471;52,400002;0
06.08.2025 06:39:19;0,004209;0,050552;0,16589;0;0,00073;0,211697;52,5;0
06.08.2025 06:44:19;0,00131;0,039734;0,233276;0;0;0,271362;52,5;0
06.08.2025 06:49:18;0,004271;0,064301;0,34245;0,034906;0,004226;0,433207;52,5;0
06.08.2025 06:54:20;0,001506;0,066937;0,379065;0,016643;0;0,46128;52,5;0
06.08.2025 06:59:21;0,004922;0,032302;0,427043;0,116798;0,000091;0,571216;52,599998;2,3
06.08.2025 07:04:22;0,000245;0,047814;0,416276;0,046993;0;0,510992;52,599998;0
06.08.2025 07:09:24;0,005076;0,052749;0,421264;0,099313;0,003274;0,564959;52,599998;4,3
06.08.2025 07:14:26;0,00893;0,021827;0,818882;0,136692;0,300487;0,667547;52,400002;-10
06.08.2025 07:19:28;0,010561;0,028011;0,656997;0,227639;0,189169;0,713384;52,700001;7
06.08.2025 07:24:30;0,011016;0,04129;0,355237;0,418808;0,029921;0,774136;52,799999;10,8
06.08.2025 07:29:33;0,008294;0,03644;0,334485;0,478612;0,001994;0,839384;52,799999;8,8
06.08.2025 07:34:35;0,002473;0,023282;0,357238;0,441909;0,000091;0,819609;52,799999;7,6
06.08.2025 07:39:36;0,001882;0,036317;0,307143;0,447392;0;0,788753;52,799999;8
06.08.2025 07:44:39;0,001739;0,026469;0,303846;0,569259;0;0,898123;52,900002;11,8
06.08.2025 07:49:40;0,011315;0,023177;0,317545;0,639652;0;0,969425;52,900002;12,4
06.08.2025 07:54:43;0,001994;0,023749;0,226797;0,784815;0;1,033005;53;15,1
06.08.2025 07:59:44;0,002504;0,028835;0,205127;0,889126;0;1,120532;53,099998;17,299999
06.08.2025 08:04:46;0,004519;0,031467;0,249193;0,942842;0;1,219046;53,099998;18,5
06.08.2025 08:09:48;0,0071;0,025465;0,338503;0,861899;0;1,218682;53,099998;13,6
06.08.2025 08:14:51;0,008504;0,0281;0,580136;0,891143;0,067441;1,423509;52,799999;-10,4
06.08.2025 08:19:53;0,008589;0,03656;1,774001;0,177255;0,419627;1,559549;52,799999;-7,7
06.08.2025 08:24:55;0,00083;0,044746;0,409077;1,257971;0,015916;1,695241;53,299999;24,700001
06.08.2025 08:29:56;0,000468;0,025732;0,363169;1,420467;0;1,808547;53,400002;27,6
06.08.2025 08:34:57;0,001705;0,02628;0,456425;1,487717;0;1,969144;53,599998;29,9
06.08.2025 08:39:59;0,000438;0,027284;0,447456;1,703336;0;2,177621;53,700001;33,700001
06.08.2025 08:44:59;0,004961;0,029846;0,473694;1,786102;0;2,28479;53,799999;32,299999
06.08.2025 08:50:00;0,000753;0,035769;0,530337;1,823785;0;2,389253;53,900002;35,400002
06.08.2025 08:55:01;0,000382;0,034857;0,492195;2,02581;0;2,552405;54,099998;41,400002
06.08.2025 09:00:03;0,000557;0,028739;0,495112;2,262565;0;2,785507;54,099998;45
06.08.2025 09:05:05;0,000222;0,056751;0,476741;2,46583;0;2,999413;54,099998;45,799999
06.08.2025 09:10:07;0,000034;0,222819;0,401801;2,473834;0;3,097999;54,099998;45,799999
06.08.2025 09:15:08;0,000319;0,326305;0,501137;2,480592;0;3,307943;54,099998;45,799999
06.08.2025 09:20:10;0;0,294666;0,502934;2,47729;0;3,274799;54,099998;45,799999
06.08.2025 09:25:10;0,002512;0,415649;0,605347;2,472656;0;3,491089;54,099998;45,799999
06.08.2025 09:30:12;0,000676;0,443819;0,623711;2,473379;0;3,539999;54,099998;45,799999
06.08.2025 09:35:13;0;0,574866;0,654252;2,473019;0;3,702502;54,099998;45,700001
06.08.2025 09:40:14;0;0,511357;0,566289;2,477764;0;3,555044;54,099998;45,700001
06.08.2025 09:45:16;0;0,697741;0,509846;2,470287;0;3,678237;54,099998;45,700001
06.08.2025 09:50:17;0;1,000632;0,392916;2,471376;0;3,864925;54,099998;45,700001
06.08.2025 09:55:18;0;0,923253;0,398756;2,479132;0;3,801051;54,200001;45,799999
06.08.2025 10:00:20;0;1,047885;0,399437;2,468832;0;3,916153;54,200001;45,599998
06.08.2025 10:05:22;0;0,941477;0,516758;2,46865;0;3,927067;54,200001;45,599998
06.08.2025 10:10:24;0;0,976583;0,496022;2,476016;0;3,94853;54,200001;45,599998
06.08.2025 10:15:24;0;0,965332;0,505554;2,464142;0;3,934937;54,200001;45,5
06.08.2025 10:20:27;0;1,02811;0,542609;2,47419;0;4,044999;54,299999;45,700001
06.08.2025 10:25:28;0;1,108305;0,49183;2,48333;0;4,083191;54,299999;45,599998
06.08.2025 10:30:28;0;1,190369;0,475159;2,473755;0;4,139648;54,400002;45,5
06.08.2025 10:35:31;0;1,183478;0,485683;2,469567;0;4,138909;54,5;45,400002
06.08.2025 10:40:33;0;1,285619;0,476923;2,469832;0;4,232283;54,700001;45,200001
06.08.2025 10:45:34;0,001346;1,185136;0,528329;2,432413;0;4,144145;55;44,900002
06.08.2025 10:50:36;0;1,844939;0,515666;2,200449;0;4,561145;56,099998;21,700001
06.08.2025 10:55:38;0;3,091997;0,380338;0,535583;0,011005;3,996913;54,599998;-0,3
06.08.2025 11:00:41;0;2,792086;0,301127;0;0,005439;3,087775;54;0
06.08.2025 11:05:43;0;4,177533;0,236461;0;0;4,414176;53,799999;0
06.08.2025 11:10:45;0;3,973813;0,311946;0;0;4,285759;53,700001;0
06.08.2025 11:15:46;0;3,901059;0,386894;0;0;4,288318;53,599998;0
06.08.2025 11:20:48;0;3,765546;0,512574;0;0;4,277756;53,599998;0
06.08.2025 11:25:50;0;3,974359;0,462372;0;0;4,43673;53,599998;0
06.08.2025 11:30:52;0;4,328504;0,45073;0;0;4,779053;53,5;0
06.08.2025 11:35:55;0;4,173536;0,439272;0;0;4,612807;53,5;0
06.08.2025 11:40:57;0;3,959989;0,372698;0;0;4,332688;53,5;0
06.08.2025 11:45:58;0;4,106733;0,256956;0;0;4,363872;53,5;0
06.08.2025 11:51:00;0;4,208637;0,257742;0;0;4,466197;53,5;0
06.08.2025 11:56:02;0;4,174623;0,260289;0;0;4,434911;53,5;0
06.08.2025 12:01:05;0;3,928247;0,333941;0;0;4,262188;53,5;0
06.08.2025 12:06:07;0;4,004189;0,375427;0;0;4,379616;53,5;0
06.08.2025 12:11:09;0;4,006736;0,355237;0;0;4,362154;53,400002;0
06.08.2025 12:16:08;0;4,255641;0,388563;0;0;4,64402;53,400002;0
06.08.2025 12:21:10;0;4,194449;0,381975;0;0;4,576424;53,5;0
06.08.2025 12:26:11;0;4,364237;0,319188;0;0;4,683607;53,400002;0
06.08.2025 12:31:13;0;4,678102;0,323224;0;0;5,001326;53,400002;0
06.08.2025 12:36:15;0;4,474564;0,320313;0;0;4,795059;53,400002;0
06.08.2025 12:41:16;0;4,577211;0,44803;0;0;5,024511;53,400002;0
06.08.2025 12:46:18;0;3,887414;1,105181;0;0;4,992959;53,400002;0
06.08.2025 12:51:18;0,015787;1,527649;3,691772;0;0,196838;5,007202;53,200001;0
06.08.2025 12:56:21;0,004141;2,915003;2,068548;0;0,005348;4,97358;53,299999;0
06.08.2025 13:01:22;0;4,159657;0,729441;0;0;4,889464;53,299999;0
06.08.2025 13:06:25;0,060909;1,85281;2,92495;0;0,171321;4,559145;53,099998;0
06.08.2025 13:11:26;0;1,798874;2,762894;0;0;4,585788;53,200001;0
06.08.2025 13:16:29;0;1,78972;2,888882;0;0;4,687137;53,200001;0
06.08.2025 13:21:30;0;1,679704;2,951766;0;0;4,649297;53,200001;0
06.08.2025 13:26:32;0;1,693968;2,959732;0;0;4,666643;53,299999;0
06.08.2025 13:31:34;0;1,85749;2,985464;0;0;4,850355;53,200001;0
06.08.2025 13:36:36;0;1,780731;2,973277;0;0;4,767775;53,200001;0
06.08.2025 13:41:39;0;1,449071;2,855499;0;0;4,321289;53,299999;0
06.08.2025 13:46:41;0;1,898416;2,725708;0;0;4,627718;53,299999;0
06.08.2025 13:51:42;0;1,424755;3,501222;0;0;4,945308;53,299999;0
06.08.2025 13:56:42;0;1,355347;3,445497;0;0;4,815674;53,299999;0
06.08.2025 14:01:44;0;1,775274;3,563477;0;0;5,351288;53,200001;0
06.08.2025 14:06:47;0,004374;1,24693;3,88613;0;0,036712;5,106286;53,200001;0
06.08.2025 14:11:48;0;1,147542;3,571119;0;0;4,732151;53,200001;0
06.08.2025 14:16:48;0,000097;0,723999;3,614602;0;0;4,360107;53,200001;0
06.08.2025 14:21:50;0;0,676823;3,579665;0;0;4,261749;53,200001;0
06.08.2025 14:26:54;0;0,79163;3,503894;0;0;4,313218;53,200001;0
06.08.2025 14:31:54;0,0023;0,416748;3,513233;0;0,001007;3,937134;53,200001;0
06.08.2025 14:36:56;0,000244;0,84853;3,499146;0;0,000637;4,359244;53,200001;0
06.08.2025 14:41:58;0;1,055888;3,544352;0;0;4,620806;53,200001;0
06.08.2025 14:46:59;0;0,914311;3,513762;0;0;4,44563;53,200001;0
06.08.2025 14:52:01;0;0,777228;3,51132;0;0;4,289397;53,200001;0
06.08.2025 14:57:03;0;0,631168;3,453283;0;0;4,103503;53,200001;0
06.08.2025 15:02:05;0;0,986587;3,347057;0;0;4,347967;53,200001;0
06.08.2025 15:07:07;0;1,518987;3,011703;0;0;4,536044;53,200001;0
06.08.2025 15:12:08;0;3,53497;0,918691;0;0;4,45366;53,299999;0
06.08.2025 15:17:10;0;3,362653;0,949844;0;0;4,312679;53,200001;0
06.08.2025 15:22:12;0,00287;0,800692;3,343496;0;0,005821;4,156979;53,200001;0
06.08.2025 15:27:15;0,023659;0,131256;4,338655;0;0,237403;4,228105;52,900002;-9,5
06.08.2025 15:32:17;0,019224;0,041653;4,16573;0,12396;0,309764;4,021651;53;-9
06.08.2025 15:37:18;0,01379;0,041974;4,290079;0,005931;0,499495;3,84412;52,900002;-12,2
06.08.2025 15:42:19;0,005646;0,043252;3,975988;0,231224;0,252302;4,009827;53,299999;10
06.08.2025 15:47:21;0,001677;0,040744;3,414416;0,578146;0;4,047843;53,5;8,4
06.08.2025 15:52:23;0,013693;0,018007;3,449339;0,518304;0;3,980907;53,900002;10,1
06.08.2025 15:57:24;0,007368;0,02847;3,470386;0,634816;0,001186;4,138305;54,900002;10,6
06.08.2025 16:02:27;0,011104;0,105512;3,493612;0,520219;0,007524;4,109539;55,900002;-0,3
06.08.2025 16:07:29;0;0,678278;3,390224;0;0,001;4,080948;54,700001;0
06.08.2025 16:12:31;0;0,418717;3,402774;0;0;3,841941;54,400002;0
06.08.2025 16:17:32;0,000011;0,230494;3,42851;0;0;3,674033;54,200001;0
06.08.2025 16:22:34;0;0,369242;3,361498;0;0;3,749903;54,099998;0
06.08.2025 16:27:35;0;0,389449;3,335801;0;0;3,730607;54;0
06.08.2025 16:32:38;0;0,410628;3,339177;0;0;3,759282;53,900002;0
06.08.2025 16:37:39;0,002241;0,45679;3,435262;0;0,00219;3,901059;53,900002;0
06.08.2025 16:42:42;0,006379;0,217007;3,495173;0;0,02103;3,700906;53,799999;0
06.08.2025 16:47:43;0,012056;0,094899;3,519406;0;0,094625;3,51088;53,400002;-5,7
06.08.2025 16:52:45;0,114604;0,008003;3,451717;0;0,157155;3,20568;53,200001;-4,9
06.08.2025 16:57:47;0,02908;0,008731;3,452724;0;0,257651;3,189673;53,099998;0
06.08.2025 17:02:49;0,062548;0,003274;3,334843;0;0,160157;3,135105;53,099998;-3,1
06.08.2025 17:07:51;0,018701;0,024919;3,277716;0;0,028557;3,272616;53,200001;0
06.08.2025 17:12:54;0,00745;0,072517;3,288486;0;0,002538;3,35645;53,200001;0
06.08.2025 17:17:55;0,013779;0,083949;3,3764;0;0,00584;3,453576;53,200001;0
06.08.2025 17:22:57;0,022373;0,047292;3,368579;0;0,047474;3,359561;53,200001;-0,8
06.08.2025 17:28:00;0,000957;0,758709;2,6449;0;0,002176;3,397785;53,200001;0
06.08.2025 17:33:01;0;0,927633;2,644844;0;0;3,586069;53,200001;0
06.08.2025 17:38:03;0;1,673414;1,793827;0;0;3,46324;53,200001;0
06.08.2025 17:43:05;0;1,270522;1,680034;0;0;2,969583;53,200001;0
06.08.2025 17:48:07;0;1,645221;1,570631;0;0;3,228234;53,200001;0
06.08.2025 17:53:10;0;1,526483;1,526107;0;0;3,063844;53,200001;0
06.08.2025 17:58:11;0,000211;1,385518;1,581957;0;0;2,973973;53,200001;0
06.08.2025 18:03:14;0,003552;0,598628;2,414707;0;0,12763;2,898143;53;-9,2
06.08.2025 18:08:16;0,005508;0,024556;3,424205;0;0,671821;2,784052;52,700001;-33,400002
06.08.2025 18:13:17;0,002572;0,046537;5,406464;0;2,764558;2,693658;52,299999;-68,099998
06.08.2025 18:18:19;0,000028;0,054568;5,9498;0;3,433046;2,57633;52,5;-53,400002
06.08.2025 18:23:20;0,007762;0,062414;3,679537;0;1,540185;2,21369;52,900002;-5,5
06.08.2025 18:28:21;0,004061;0,051464;0,626878;1,600409;0,011497;2,262965;53,5;38,5
06.08.2025 18:33:23;0,000449;0,036015;0,311219;1,955712;0;2,302763;53,599998;33,900002
06.08.2025 18:38:23;0,016239;0,041565;0,789185;1,32431;0,005035;2,133545;53,299999;0
06.08.2025 18:43:27;0,033468;0,055654;1,930377;0,099925;0,118266;1,933811;53,200001;-5,9
06.08.2025 18:48:28;0,071191;0,131945;1,992321;0,228213;0,57441;1,707078;52,900002;-26
06.08.2025 18:53:29;0,162759;0,196184;1,651234;0,521851;0,5766;1,627875;53,400002;17,799999
06.08.2025 18:58:30;0,297014;0,256226;2,427395;0,153115;1,149915;1,386978;53,099998;14,9
06.08.2025 19:03:32;0,146014;0,158247;0,865264;0,676732;0,195262;1,358376;53,400002;16,299999
06.08.2025 19:08:33;0,001494;0,02409;0,495662;0,811474;0;1,330039;53,5;13,2
06.08.2025 19:13:36;0,007121;0,029551;0,54279;0,726711;0,000181;1,291528;53,599998;15
06.08.2025 19:18:38;0,009049;0,035469;0,579693;0,777137;0,000364;1,382749;53,700001;13,3
06.08.2025 19:23:39;0,000274;0,032667;0,575049;0,731357;0;1,338799;53,700001;13,4
06.08.2025 19:28:42;0,000204;0,030095;0,535538;0,656007;0;1,221549;53,799999;10,6
06.08.2025 19:33:43;0,000217;0,029382;0,533074;0,522124;0;1,084398;53,900002;9,6
06.08.2025 19:38:44;0,000131;0,025367;0,489822;0,37786;0;0,892411;53,900002;8
06.08.2025 19:43:45;0,000433;0,030295;0,350942;0,496483;0;0,877811;54,299999;9,8
06.08.2025 19:48:47;0,100098;0,097131;1,302171;0,331045;0,809605;0,819973;52,700001;-46,599998
06.08.2025 19:53:50;0,046547;0,07578;0,773213;0,313545;0,397031;0,719006;53,299999;6,6
06.08.2025 19:58:51;0,005543;0,02482;0,347657;0,248014;0,002281;0,61246;53,5;1,8
06.08.2025 20:03:53;0;0,054568;0,40071;0,030012;0;0,48529;53,400002;0
06.08.2025 20:08:56;0,003286;0,001994;0,372919;0;0;0,37165;53,400002;0
06.08.2025 20:13:57;0,028087;0,000365;0,355139;0;0;0,327035;53,400002;0
06.08.2025 20:18:59;0,039948;0,00673;0,362331;0;0,077668;0,25174;53,200001;-4,5
06.08.2025 20:24:02;0,001399;0,024656;0,327052;0;0,151289;0,199059;53,099998;-2,7
06.08.2025 20:29:03;0;0,021717;0,299295;0;0,179303;0,141618;53;-4
06.08.2025 20:34:06;0,000006;0,020486;0,283179;0;0,230967;0,07288;53;-4
06.08.2025 20:39:08;0,006594;0,026374;0,326498;0;0,320677;0,025101;52,900002;-7,5
06.08.2025 20:44:10;0,001171;0,025283;0,421082;0;0,444637;0,000728;52,900002;-8,7
06.08.2025 20:49:11;0,029348;0,064239;1,853441;0;1,888389;0,000365;52,5;-46,400002
06.08.2025 20:54:13;0,000097;0,055841;2,399167;0;2,454917;0;52,5;-47
06.08.2025 20:59:16;0,000006;0,053844;2,355353;0;2,409015;0;52,5;-44,5
06.08.2025 21:04:17;0;0,050187;2,260045;0;2,310323;0;52,5;-43,5
06.08.2025 21:09:20;0,015189;0,060552;1,310564;0;1,355615;0;52,599998;-44,400002
06.08.2025 21:14:21;0,026108;0,057304;1,337157;0;1,368637;0;52,5;-51,799999
06.08.2025 21:19:24;0,000402;0,063815;1,878553;0;1,941824;0;52,799999;-12,6
06.08.2025 21:24:25;0,001933;0,024637;0,66575;0;0,688653;0;52,900002;-12,8
06.08.2025 21:29:27;0,009583;0,031286;0,735757;0;0,75722;0;52,900002;-15,6
06.08.2025 21:34:29;0,006349;0,035469;0,731391;0;0,760676;0;52,900002;-14,5
06.08.2025 21:39:32;0,003258;0,025381;0,688912;0;0,71112;0;52,900002;-12,8
06.08.2025 21:44:33;0,00361;0,024637;0,503875;0;0,524862;0;53;-9,5
06.08.2025 21:49:37;0,003236;0,035236;0,504142;0;0,536035;0;53;-9,2
06.08.2025 21:54:37;0,011541;0,019775;0,493103;0;0,501251;0;53;-7,8
06.08.2025 21:59:39;0,009106;0,029467;0,49293;0;0,513302;0;52,900002;-9,9
06.08.2025 22:04:41;0,003246;0,030376;0,549135;0;0,576327;0;52,900002;-10,4
06.08.2025 22:09:43;0,001279;0,025647;0,515848;0;0,540222;0;52,900002;-10,7
06.08.2025 22:14:44;0,002652;0,02482;0,491465;0;0,513638;0;53;-9,6
06.08.2025 22:19:46;0,001103;0,030558;0,469829;0;0,499205;0;53;-9,6
06.08.2025 22:24:49;0,001955;0,028463;0,391229;0;0,417517;0;53;-8,7
06.08.2025 22:29:49;0,005299;0,024902;0,724731;0;0,744598;0;52,700001;-37,400002
06.08.2025 22:34:51;0,003473;0,036015;1,055342;0;1,08781;0;52,900002;-8,4
06.08.2025 22:39:53;0,006668;0,032195;0,482926;0;0,508572;0;52,900002;-10,7
06.08.2025 22:44:55;0,000034;0,026193;0,518213;0;0,544132;0;52,900002;-10,1
06.08.2025 22:49:58;0,000017;0,023749;0,478794;0;0,502634;0;52,900002;-9
06.08.2025 22:54:59;0,000468;0,021535;0,446206;0;0,467466;0;53;-8,8
06.08.2025 23:00:01;0,000017;0,023646;0,420718;0;0,444273;0;53;-6,9
06.08.2025 23:05:04;0,00013;0,023024;0,276652;0;0,299405;0;53;-5,5
06.08.2025 23:10:05;0,000188;0,02044;0,235604;0;0,25577;0;53;-4,6
06.08.2025 23:15:08;0,004527;0,017767;0,213381;0;0,226616;0;53;-8,2
06.08.2025 23:20:10;0,005508;0,02983;0,432177;0;0,456733;0;53;-9,1
06.08.2025 23:25:11;0,002458;0,025915;0,4984;0;0,521577;0;52,900002;-9,9
06.08.2025 23:30:13;0,000142;0,025101;0,480561;0;0,50548;0;52,900002;-9,3
06.08.2025 23:35:16;0;0,023024;0,456132;0;0,479428;0;53;-7,8
06.08.2025 23:40:18;0,000023;0,030376;0,361057;0;0,391252;0,000364;53;-6,9
06.08.2025 23:45:19;0,000445;0,022082;0,193812;0;0,215347;0;53;-3,4
06.08.2025 23:50:21;0,010999;0,026011;0,15661;0;0,171707;0;53,099998;-3,6
06.08.2025 23:55:23;0,00004;0,019826;0,154427;0;0,174162;0;53,099998;-3,2
07.08.2025 00:00:25;0,010374;0,024556;0,194807;0;0,209177;0;53;-6,1
07.08.2025 00:05:27;0,009606;0,028739;0,339412;0;0,358238;0;53;-7
07.08.2025 00:10:29;0,003291;0,021281;0,359966;0;0,377973;0;53;-7
07.08.2025 00:15:32;0,002719;0,023931;0,355152;0;0,376545;0;53;-7,2
07.08.2025 00:20:34;0,001268;0,023464;0,347233;0;0,369152;0;53;-6,9
07.08.2025 00:25:35;0,000114;0,019892;0,247831;0;0,267632;0;53;-3,8
07.08.2025 00:30:37;0,002711;0,025829;0,166978;0;0,190169;0;53;-4
07.08.2025 00:35:39;0,006429;0,022373;0,169888;0;0,186076;0;53;-3,5
07.08.2025 00:40:42;0,009116;0,030095;0,236405;0;0,257345;0;53;-5,8
07.08.2025 00:45:43;0,01079;0,0219;0,28871;0;0,299569;0;53;-5,7
07.08.2025 00:50:46;0,000708;0,023205;0,274658;0;0,297229;0;53;-5,6
07.08.2025 00:55:47;0,000274;0,020622;0,275388;0;0,295828;0;53;-5,5
07.08.2025 01:00:49;0,008265;0,023828;0,313038;0;0,328498;0;53;-4,3
07.08.2025 01:05:51;0,009805;0,024919;0,230458;0;0,245737;0;53;-4,6
07.08.2025 01:10:54;0,001297;0,019942;0,22027;0;0,238762;0;53;-4,6
07.08.2025 01:15:56;0,002279;0,026738;0,175527;0;0,199718;0;53;-3,6
07.08.2025 01:20:59;0,011557;0,026287;0,387603;0;0,402469;0;53;-7,6
07.08.2025 01:26:00;0;0,025732;0,371382;0;0,397114;0;52,900002;-7,4
07.08.2025 01:31:01;0,000023;0,0219;0,354774;0;0,376674;0;52,900002;-7
07.08.2025 01:36:04;0;0,023931;0,350076;0;0,374097;0;52,900002;-7,4
07.08.2025 01:41:05;0,0002;0,027192;0,362074;0;0,389175;0;52,900002;-7
07.08.2025 01:46:05;0,000006;0,023071;0,210571;0;0,233276;0;53;-3,7
07.08.2025 01:51:07;0,002888;0,021827;0,202811;0;0,221909;0;53;-4,6
07.08.2025 01:56:10;0;0,018129;0,227885;0;0,246195;0;53;-4,8
07.08.2025 02:01:11;0,006946;0,025185;0,289623;0;0,307599;0;53;-7,5
07.08.2025 02:06:14;0,000142;0,025744;0,354064;0;0,379899;0;52,900002;-7
07.08.2025 02:11:15;0,000553;0,020987;0,346745;0;0,366911;0;52,900002;-5,7
07.08.2025 02:16:18;0;0,018311;0,277921;0;0,296141;0;53;-5,6
07.08.2025 02:21:20;0;0,020736;0,272294;0;0,293029;0;53;-3,6
07.08.2025 02:26:21;0,00004;0,022447;0,169357;0;0,191622;0;53;-3,6
07.08.2025 02:31:23;0;0,022737;0,169888;0;0,192897;0;53;-3,6
07.08.2025 02:36:26;0,001048;0,024112;0,172772;0;0,195705;0;53;-4,8
07.08.2025 02:41:28;0,007742;0,024919;0,326134;0;0,343323;0;52,900002;-7
07.08.2025 02:46:31;0,000504;0,023749;0,339561;0;0,362676;0;52,900002;-6,8
07.08.2025 02:51:31;0;0,025452;0,333435;0;0,35907;0;52,900002;-6,8
07.08.2025 02:56:34;0;0,019942;0,279372;0;0,299223;0;52,900002;-5,4
07.08.2025 03:01:35;0,000108;0,018797;0,227756;0;0,246645;0;53;-3,5
07.08.2025 03:06:37;0,000597;0,019463;0,171343;0;0,189987;0;53;-3,5
07.08.2025 03:11:39;0,00029;0,021827;0,167705;0;0,189169;0,000364;53;-3,5
07.08.2025 03:16:41;0,010203;0,028375;0,192079;0;0,210268;0;53;-6
07.08.2025 03:21:43;0,007242;0,027284;0,394344;0;0,414534;0;52,900002;-7,6
07.08.2025 03:26:45;0,002154;0,024556;0,375791;0;0,398163;0;52,900002;-7
07.08.2025 03:31:47;0,000915;0,02692;0,345051;0;0,37088;0;52,900002;-7
07.08.2025 03:36:50;0,000533;0,021211;0,346087;0;0,366755;0;52,900002;-6,9
07.08.2025 03:41:52;0,001302;0,027284;0,350689;0;0,376609;0;52,900002;-6,1
07.08.2025 03:46:53;0,008446;0,021352;0,227939;0;0,240896;0;52,900002;-4,5
07.08.2025 03:51:54;0,003616;0,02263;0,215347;0;0,234235;0;53;-4,5
07.08.2025 03:56:56;0,007441;0,022737;0,221727;0;0,237097;0;53;-4,6
07.08.2025 04:01:58;0,007458;0,0231;0,316675;0;0,332045;0;52,900002;-7
07.08.2025 04:06:59;0,009473;0,013505;0,371382;0;0,375762;0;52,900002;-7,1
07.08.2025 04:12:01;0,000972;0,029103;0,337411;0;0,365514;0;52,900002;-6,6
07.08.2025 04:17:03;0,000836;0,022555;0,297759;0;0,319313;0;52,900002;-5,5
07.08.2025 04:22:05;0,007168;0,02783;0,230276;0;0,250921;0;53;-3,5
07.08.2025 04:27:07;0,008731;0,023646;0,178801;0;0,193534;0;53;-3,9
07.08.2025 04:32:08;0,008537;0,026462;0,165707;0;0,183775;0;53;-3,4
07.08.2025 04:37:09;0,006673;0,032667;0,152568;0;0,178665;0;52,900002;-9,1
07.08.2025 04:42:09;0,00004;0,019958;0,277405;0;0,297363;0;52,900002;-5,5
07.08.2025 04:47:11;0;0,019826;0,26902;0;0,288937;0;52,900002;-5,8
07.08.2025 04:52:12;0;0,020622;0,264986;0;0,285426;0;52,900002;-5,3
07.08.2025 04:57:13;0,001791;0,02555;0,257138;0;0,280772;0;52,900002;-5,3
07.08.2025 05:02:16;0,003241;0,027738;0,158087;0;0,182652;0,000363;53;-3,4
07.08.2025 05:07:18;0,001637;0,023282;0,182257;0;0,20372;0;53;-4,5
07.08.2025 05:12:19;0,006712;0,017337;0,216989;0;0,227848;0;52,900002;-4,2
07.08.2025 05:17:21;0,005832;0,023646;0,284299;0;0,302124;0;52,900002;-6,8
07.08.2025 05:22:24;0,003252;0,026106;0,401382;0;0,424134;0;52,900002;-7,6
07.08.2025 05:27:26;0;0,025283;0,364513;0;0,389796;0;52,799999;-7,2
07.08.2025 05:32:27;0,000673;0,01971;0,380142;0;0,399213;0;52,799999;-7,5
07.08.2025 05:37:29;0,001563;0,025465;0,449093;0;0,472649;0;52,799999;-8,6
07.08.2025 05:42:31;0,005002;0,026193;0,426357;0;0,448002;0;52,799999;-7,9
07.08.2025 05:47:34;0,007235;0,027013;0,4797;0;0,49928;0;52,5;-33,299999
07.08.2025 05:52:35;0,006347;0,040149;1,795224;0;1,828895;0;51,900002;-70,5
07.08.2025 05:57:37;0,020463;0,055295;3,132559;0;3,167391;0;51,799999;-58,400002
07.08.2025 06:02:40;0;0,058195;2,628561;0;2,687027;0;51,900002;-44,900002
07.08.2025 06:07:42;0;0,048929;2,00264;0;2,050569;0,001091;52;-34,099998
07.08.2025 06:12:44;0;0,043472;1,637945;0;1,662046;0,019281;52;-29,299999
07.08.2025 06:17:46;0;0,043654;1,492431;0;1,5068;0,029103;52;-27,700001
07.08.2025 06:22:48;0,000739;0,034742;1,283982;0;1,24151;0,076395;52,099998;-23
07.08.2025 06:27:49;0,004984;0,02847;1,244813;0;1,138782;0,129573;52,099998;-22,4
07.08.2025 06:32:51;0,013602;0,028193;0,918741;0;0,774227;0,158974;52,400002;0
07.08.2025 06:37:54;0,010651;0,03789;0,202322;0;0,049765;0,179117;52,400002;-5,1
07.08.2025 06:42:56;0,000597;0,022918;0,395435;0;0,233187;0,184803;52,400002;-4,7
07.08.2025 06:47:57;0,000131;0,025185;0,409341;0;0,221187;0,212792;52,400002;-3,3
07.08.2025 06:52:59;0,009697;0,021827;0,395799;0;0,131236;0,276477;52,5;0
07.08.2025 06:57:59;0,016537;0,03717;0,960205;0;0,713196;0,268066;52;-30,200001
07.08.2025 07:03:01;0,001393;0,050202;2,105955;0;1,844939;0,309582;51,599998;-61,599998
07.08.2025 07:08:02;0,731346;0,007847;4,838729;0;3,758711;0,356964;51,400002;-73,900002
07.08.2025 07:13:05;0,600067;0,027013;4,673903;0;3,655583;0,444892;51,400002;-73,900002
07.08.2025 07:18:07;0,076435;0,049111;3,508531;0;3,008508;0,472921;51,700001;-43,299999
07.08.2025 07:23:08;0,033129;0,041062;1,210504;0,000182;0,639105;0,579246;52;-18
07.08.2025 07:28:11;0,003535;0,072517;0,578142;0,018673;0,019489;0,646489;52,400002;2,2
07.08.2025 07:33:12;0,004802;0,022265;0,616293;0,162331;0;0,796053;52,5;3,8
07.08.2025 07:38:14;0,000222;0,021645;0,578237;0,202447;0;0,802147;52,5;6,5
07.08.2025 07:43:17;0,02137;0,044417;2,414273;0,11784;1,767693;0,787172;51,700001;-48,299999
07.08.2025 07:48:18;0,002412;0,053107;0,586181;0,44803;0,267176;0,817952;52,599998;10,7
07.08.2025 07:53:18;0,004211;0,026367;0,271912;0,574677;0;0,869019;52,700001;12,7
07.08.2025 07:58:20;0,012107;0,025465;0,337775;0,746124;0;1,096814;52,799999;15
07.08.2025 08:03:23;0,000011;0,020305;0,345181;0,761519;0;1,127277;52,799999;12,7
07.08.2025 08:08:24;0,002184;0,0219;0,357694;0,878997;0;1,25631;52,900002;18,200001
07.08.2025 08:13:26;0,002535;0,028921;0,439817;0,924834;0;1,39148;53;19,6
07.08.2025 08:18:28;0,00195;0,03074;0,292302;1,117732;0;1,438409;53,099998;24,799999
07.08.2025 08:23:30;0,00033;0,025465;0,30267;1,397301;0;1,725072;53,200001;28,200001
07.08.2025 08:28:33;0,000096;0,024293;0,304028;1,517781;0;1,845921;53,200001;29,200001
07.08.2025 08:33:33;0,006638;0,029297;0,469666;1,538086;0;2,03064;53,299999;29,200001
07.08.2025 08:38:34;0,002179;0,025367;0,523767;1,644391;0;2,191426;53,400002;32,400002
07.08.2025 08:43:36;0,000711;0,030376;0,516939;1,851033;0;2,397348;53,400002;36,400002
07.08.2025 08:48:39;0,003246;0,030276;0,50635;1,474815;0;2,008359;53,299999;21,9
07.08.2025 08:53:41;0,000341;0,092402;0,457824;2,356604;0;2,906284;53,599998;46,200001
07.08.2025 08:58:43;0,012249;0,545133;0,929836;2,078126;0;3,54109;53,700001;46,099998
07.08.2025 09:03:45;0;1,220683;0,463099;2,472742;0;4,156615;53,799999;46,099998
07.08.2025 09:08:46;0,010853;0,473763;0,473033;2,063221;0;2,998793;53,700001;29,5
07.08.2025 09:13:48;0,003746;0,026011;0,52567;0,968216;0;1,516259;53,5;13,1
07.08.2025 09:18:50;0,003194;0,033286;0,544587;0,852623;0;1,427131;53,700001;31,9
07.08.2025 09:23:52;0,014478;0,26429;0,642446;2,098407;0;2,991046;54;45,700001
07.08.2025 09:28:55;0,001337;0,429663;0,683654;2,449987;0;3,561673;54,099998;45,799999
07.08.2025 09:33:57;0;0,719022;0,618799;2,476471;0;3,814293;54,099998;45,799999
07.08.2025 09:38:58;0;0,857919;0,555521;2,483056;0;3,896679;54,099998;45,799999
07.08.2025 09:44:00;0;0,964578;0,54586;2,474107;0;3,984181;54,099998;45,700001
07.08.2025 09:49:02;0;0,986405;0,620618;2,471924;0;4,079493;54,099998;45,700001
07.08.2025 09:54:04;0,015597;0,286481;0,964942;2,210726;0;3,446142;54;45,799999
07.08.2025 09:59:06;0,006315;0,56696;0,583512;2,410444;0;3,554914;54,099998;41,900002
07.08.2025 10:04:08;0,011499;0,567506;0,753218;2,449551;0;3,758634;54,099998;45,799999
07.08.2025 10:09:11;0;0,944715;0,567627;2,474462;0;3,986986;54,099998;45,799999
07.08.2025 10:14:13;0;1,057889;0,506208;2,474834;0;4,039113;54,099998;45,799999
07.08.2025 10:19:12;0;0,97003;0,588265;2,477987;0;4,036281;54,099998;45,700001
07.08.2025 10:24:14;0;1,091175;0,475104;2,465194;0;4,031109;54,099998;45,599998
07.08.2025 10:29:17;0;0,970459;0,580136;2,465579;0;4,015992;54,099998;45,599998
07.08.2025 10:34:16;0;0,96213;0,573016;2,475782;0;4,010928;54,200001;45,599998
07.08.2025 10:39:18;0;0,930564;0,605703;2,469741;0;4,006372;54,200001;45,5
07.08.2025 10:44:20;0;0,940386;0,618436;2,472833;0;4,031473;54,200001;45,700001
07.08.2025 10:49:23;0;1,042976;0,51614;2,475368;0;4,034484;54,200001;45,700001
07.08.2025 10:54:25;0;1,05989;0,498023;2,473197;0;4,031109;54,299999;45,599998
07.08.2025 10:59:26;0;1,064506;0,49329;2,483056;0;4,041217;54,299999;45,5
07.08.2025 11:04:29;0;1,031917;0,562732;2,469386;0;4,063854;54,400002;45,400002
07.08.2025 11:09:32;0;1,05059;0,552398;2,469386;0;4,072193;54,5;45,400002
07.08.2025 11:14:33;0;1,059578;0,547856;2,471011;0;4,078446;54,700001;45,099998
07.08.2025 11:19:32;0;1,068687;0,5495;2,473394;0;4,091764;55,5;44,5
07.08.2025 11:24:34;0;2,249105;0,440363;1,455507;0,001546;4,143519;55,700001;-0,4
07.08.2025 11:29:37;0;3,899421;0,349169;0;0,016044;4,232456;54,200001;0
07.08.2025 11:34:39;0;4,198996;0,338866;0;0;4,537863;53,900002;0
07.08.2025 11:39:41;0;3,720073;0,435088;0;0;4,15516;53,799999;0
07.08.2025 11:44:43;0;3,800105;0,547497;0;0;4,347967;53,700001;0
07.08.2025 11:49:45;0;3,631491;0,516939;0;0;4,148248;53,700001;0
07.08.2025 11:54:46;0;3,671478;0,422116;0;0;4,093776;53,599998;0
07.08.2025 11:59:48;0;4,078765;0,421628;0;0;4,500393;53,599998;0
07.08.2025 12:04:51;0;4,004208;0,324151;0;0;4,328178;53,599998;0
07.08.2025 12:09:52;0;2,721397;1,176706;0;0;3,905074;53,599998;0
07.08.2025 12:14:55;0,080896;1,087937;2,781447;0;0,091643;3,692567;53,400002;0
07.08.2025 12:19:56;0;1,75179;2,922299;0;0;4,688352;53,400002;0
07.08.2025 12:24:58;0;1,657044;2,955185;0;0;4,622261;53,400002;0
07.08.2025 12:30:00;0;1,720524;2,922054;0;0;4,672827;53,400002;0
07.08.2025 12:35:02;0;1,699061;2,961902;0;0;4,661914;53,400002;0
07.08.2025 12:40:05;0,032837;0,892684;4,206464;0;0,403648;4,682061;53;-13,1
07.08.2025 12:45:06;0,10732;0,191075;4,729151;0,444928;0,561179;4,712806;53;-15,8
07.08.2025 12:50:08;0,088605;0,180801;4,216294;0,768679;0,405439;4,675374;54;30,6
07.08.2025 12:55:11;0,081973;0,755627;3,296084;0,84156;0,097898;4,734636;55;0
07.08.2025 13:00:12;0,069212;1,321827;3,867386;0;0,332875;4,806975;53,400002;-0,3
07.08.2025 13:05:14;0,021708;1,780367;3,161945;0;0,057205;4,864906;53,400002;0
07.08.2025 13:10:16;0,014222;1,800375;3,19859;0;0,05957;4,935844;53,400002;0
07.08.2025 13:15:17;0;1,845776;2,969683;0;0;4,82413;53,400002;0
07.08.2025 13:20:19;0;1,851124;2,709006;0;0;4,577152;53,400002;0
07.08.2025 13:25:20;0;2,249277;2,75414;0;0;5,011372;53,400002;0
07.08.2025 13:30:22;0;2,243285;2,733451;0;0;4,985319;53,400002;0
07.08.2025 13:35:25;0;2,114596;2,792051;0;0;4,923543;53,400002;0
07.08.2025 13:40:27;0;2,066485;2,832485;0;0;4,916928;53,400002;0
07.08.2025 13:45:29;0;2,0141;2,871046;0;0;4,896556;53,400002;0
07.08.2025 13:50:31;0;2,066121;2,825937;0;0;4,89983;53,400002;0
07.08.2025 13:55:32;0;2,147444;2,774554;0;0;4,924138;53,400002;0
07.08.2025 14:00:35;0;2,204699;2,625878;0;0;4,852476;53,400002;0
07.08.2025 14:05:36;0;0,941685;3,882251;0;0;4,831794;53,400002;0
07.08.2025 14:10:39;0;0,937826;3,857753;0;0;4,808603;53,400002;0
07.08.2025 14:15:40;0;0,812112;3,915408;0;0;4,749306;53,400002;0
07.08.2025 14:20:43;0;0,661899;3,979232;0;0;4,663569;53,400002;0
07.08.2025 14:25:44;0;0,6256;4,007679;0;0;4,644917;53,400002;0
07.08.2025 14:30:46;0;0,662999;3,969477;0;0;4,639359;53,400002;0
07.08.2025 14:35:48;0;0,582967;3,93191;0;0;4,541137;53,400002;0
07.08.2025 14:40:51;0;0,601529;3,853137;0;0;4,472124;53,400002;0
07.08.2025 14:45:53;0;0,488928;3,859516;0;0,000091;4,371613;53,400002;0
07.08.2025 14:50:52;0;0,44276;3,946374;0;0;4,400778;53,400002;0
07.08.2025 14:55:55;0,074778;0,316899;4,052669;0;0,089559;4,220853;53,200001;-2,3
07.08.2025 15:00:57;0,00191;0,299396;4,05442;0;0,001546;4,374159;53,299999;0
07.08.2025 15:05:59;0;0,345596;3,97811;0;0;4,323593;53,299999;0
07.08.2025 15:11:00;0;0,687832;3,539005;0;0;4,245979;53,299999;0
07.08.2025 15:15:00;0,000594;0,739288;0,26825;0,000229;0;4,20639;53,299999;0
07.08.2025 15:20:00;0;0,845947;0,174133;0;0;3,134399;53,299999;0
07.08.2025 15:25:00;0;0,810059;0,176331;0;0;3,062256;53,299999;0
07.08.2025 15:30:00;0,381598;0,277222;0,314392;0;0,120026;3,27832;53,200001;0
07.08.2025 15:35:00;0;0,524414;0,417664;0;0;4,232666;53,200001;0
07.08.2025 15:40:00;0,052803;0,38031;0,602417;0;0,124786;4,102661;53,099998;0
07.08.2025 15:45:00;0;0,430847;0,428284;0;0;4,115845;53,200001;0
07.08.2025 15:50:00;0;0,44165;0,374451;0;0;4,022461;53,200001;0
07.08.2025 15:55:00;0,152401;0,374268;0,259277;0;0,055206;3,646729;53,099998;0
07.08.2025 16:00:00;0,014397;0,615601;0,158386;0;0,007233;3,969727;53,200001;0
07.08.2025 16:05:00;0;0,656433;0,159485;0;0;4,070435;53,200001;0
07.08.2025 16:10:00;0,002403;0,549683;0,158386;0;0,00238;3,978149;53,200001;0
07.08.2025 16:15:00;0;0,215881;0,114075;0;0,007233;1,70874;53,200001;-0,3
07.08.2025 16:18:05;0,003674;0,119068;3,397245;0,210522;0,005493;3,887379;53,400002;5,7
07.08.2025 16:23:02;1,813247;0;6,002277;0,003329;0,418091;3,794537;52,900002;-8,5
07.08.2025 16:28:03;0,014685;0,042157;3,671916;0,155123;0,003559;3,833535;53,200001;1,3
07.08.2025 16:33:03;0,008698;0,044128;3,578843;0,12561;0;3,75293;53,299999;2,1
07.08.2025 16:38:05;0,035031;0,041653;4,089011;0,062207;0,575054;3,586563;52,700001;-29,5
07.08.2025 16:43:05;0,028152;0,039551;4,212239;0;0,540344;3,697632;52,599998;-39,700001
07.08.2025 16:48:05;0,02734;0,055847;4,587324;0;0,92514;3,704956;52,900002;-8,5
07.08.2025 16:53:06;0,014845;0,051282;3,218307;0,578881;0,207499;3,639358;53,400002;24
07.08.2025 16:58:07;0,008309;0,032667;2,445979;1,202474;0;3,676952;53,799999;21,799999
07.08.2025 17:03:08;0,005851;0,034309;2,44661;1,227111;0;3,718562;55,700001;22,200001
07.08.2025 17:08:10;0,013494;0,351599;2,955014;0,493293;0,135146;3,655682;55,400002;0
07.08.2025 17:13:13;0;1,063462;2,229226;0;0;3,302425;54,599998;0
07.08.2025 17:18:14;0;2,794031;0,328677;0;0;3,122526;54,299999;0
07.08.2025 17:23:16;0;1,390025;1,71093;0;0;3,121281;54,200001;0
07.08.2025 17:28:20;0,021362;0,469629;2,398363;0;0,126126;2,732488;53,599998;0
07.08.2025 17:33:20;0,000006;0,589233;2,41513;0;0;3,008789;53,700001;0
07.08.2025 17:38:23;0;0,727708;2,350052;0;0;3,089588;53,700001;0
07.08.2025 17:43:25;0;0,652813;2,425413;0;0;3,09618;53,700001;0
07.08.2025 17:48:27;0;0,671185;2,405671;0;0;3,096544;53,599998;0
07.08.2025 17:53:29;0;0,579511;2,237057;0;0;2,824432;53,599998;0
07.08.2025 17:58:29;0,000904;0,522217;2,253507;0;0,000183;2,799683;53,599998;0
07.08.2025 18:03:31;0,003973;0,464918;2,516892;0;0,252376;2,730939;53;-19
07.08.2025 18:08:33;0,012204;0,029649;3,859092;0;1,405759;2,475198;52,599998;-41,5
07.08.2025 18:13:35;0,00075;0,044928;5,346066;0;3,084175;2,320589;52,400002;-66,900002
07.08.2025 18:18:37;0,007827;0,051476;5,685031;0;3,43632;2,300581;52,400002;-61
07.08.2025 18:23:39;0,001665;0,063299;3,974629;0;1,802558;2,250015;52,900002;-4,6
07.08.2025 18:28:40;0,006279;0,069714;1,185319;0,970155;0,040149;2,178651;53,400002;31,5
07.08.2025 18:33:42;0,001387;0,030012;0,306126;1,788916;0;2,123053;53,5;29,799999
07.08.2025 18:38:44;0,000995;0,029649;0,271384;1,558094;0;1,858217;53,599998;27,9
07.08.2025 18:43:46;0,000017;0,025647;0,238462;1,548272;0;1,812017;53,700001;28,5
07.08.2025 18:48:49;0,005586;0,032814;0,319075;1,431849;0;1,77848;53,799999;25,4
07.08.2025 18:53:51;0,00058;0,023464;0,33632;1,322725;0;1,681781;53,900002;22,9
07.08.2025 18:58:50;0,00306;0,024986;0,339878;1,137214;0;1,499505;54,299999;17,4
07.08.2025 19:03:53;0;0,220814;0,353339;0,753633;0,000816;1,326336;55,599998;0
07.08.2025 19:08:55;0;0,991862;0,226638;0;0;1,219046;54,799999;0
07.08.2025 19:13:57;0;0,928199;0,169706;0;0;1,097905;54,5;0
07.08.2025 19:18:58;0;0,867956;0,120448;0;0;0,98804;54,299999;0
07.08.2025 19:24:01;0,002459;0,724626;0,171684;0;0,00281;0,890872;54,099998;0
07.08.2025 19:29:03;0,000006;0,440544;0,385795;0;0;0,826521;54,099998;0
07.08.2025 19:34:05;0;0,379247;0,376882;0;0;0,75631;54;0
07.08.2025 19:39:07;0;0,325406;0,368151;0;0;0,693376;53,900002;0
07.08.2025 19:44:09;0;0,306853;0,327771;0;0;0,634442;53,900002;0
07.08.2025 19:49:11;0;0,283207;0,285572;0;0;0,568597;53,799999;0
07.08.2025 19:54:13;0;0,364331;0,140603;0;0;0,505298;53,799999;0
07.08.2025 19:59:14;0;0,297105;0,150195;0;0;0,447118;53,799999;0
07.08.2025 20:04:16;0;0,233732;0,152062;0;0;0,385977;53,700001;0
07.08.2025 20:09:18;0,005286;0,083125;0,253377;0;0,002274;0,328862;53,700001;0
07.08.2025 20:14:21;0,009761;0,000725;0,2665;0;0;0,257435;53,700001;0
07.08.2025 20:19:22;0,017976;0,014417;0,331597;0;0,17611;0,152203;53,299999;-4,2
07.08.2025 20:24:24;0,00054;0,016188;0,339594;0;0,208176;0,146969;53,099998;-4,2
07.08.2025 20:29:27;0,003269;0,021574;0,279916;0;0,209302;0,088833;53,099998;-1,5
07.08.2025 20:34:29;0,006815;0,020372;0,201355;0;0,178164;0,036742;53;-3,7
07.08.2025 20:39:31;0,001933;0,022009;0,189532;0;0,202356;0,007276;53;-4,2
07.08.2025 20:44:33;0,018104;0,024192;0,274658;0;0,27866;0,001819;52,900002;-8,4
07.08.2025 20:49:35;0,007639;0,020008;0,431086;0;0,442454;0,001091;52,900002;-9
07.08.2025 20:54:37;0,006866;0,038016;0,444546;0;0,475741;0;52,900002;-9,6
07.08.2025 20:59:39;0,000745;0,030194;0,42763;0;0,456915;0;52,900002;-7,2
07.08.2025 21:04:41;0,005042;0,0211;0,355782;0;0,371789;0;52,900002;-6,7
07.08.2025 21:09:42;0,002492;0,01533;0,256226;0;0,269183;0;53;-5
07.08.2025 21:14:44;0,001603;0,0211;0,231004;0;0,250376;0;53;-4,8
07.08.2025 21:19:46;0,01005;0,027466;0,292484;0;0,309854;0;53;-5,3
07.08.2025 21:24:49;0,012928;0,038615;0,410446;0;0,436281;0;52,900002;-12,4
07.08.2025 21:29:50;0,000627;0,031572;0,455695;0;0,486537;0;52,900002;-8,9
07.08.2025 21:34:50;0,004543;0,023438;0,46582;0;0,48468;0;52,900002;-10
07.08.2025 21:39:52;0,000301;0,030376;0,485472;0;0,515666;0;52,900002;-9,7
07.08.2025 21:44:54;0,00154;0,035833;0,624984;0;0,659362;0;52,799999;-12,9
07.08.2025 21:49:56;0,000693;0,028193;0,586604;0;0,613888;0;52,900002;-9,2
07.08.2025 21:54:59;0,005869;0,026831;0,756896;0;0,777926;0;52,799999;-17,200001
07.08.2025 22:00:00;0,008155;0,02847;0,97855;0;0,998807;0;52,700001;-18,799999
07.08.2025 22:05:02;0,007918;0,03365;1,098269;0;1,124007;0;52,700001;-22
07.08.2025 22:10:05;0,000346;0,027919;1,153021;0;1,180668;0;52,700001;-22,700001
07.08.2025 22:15:04;0,002727;0,025353;0,693351;0;0,716224;0;52,900002;-12,1
07.08.2025 22:20:07;0,000731;0,030638;0,597722;0;0,627363;0;52,900002;-8,8
07.08.2025 22:25:09;0,004593;0,021463;0,467283;0;0,48429;0;52,900002;-8,5
07.08.2025 22:30:11;0,004593;0,022009;0,470375;0;0,487746;0;52,900002;-8,8
07.08.2025 22:35:12;0,002852;0,029382;0,450038;0;0,476865;0;52,900002;-8,8
07.08.2025 22:40:12;0,001133;0,023254;0,505737;0;0,527527;0;52,900002;-8,4
07.08.2025 22:45:15;0,00047;0,023205;0,377632;0;0,400385;0;52,900002;-8,5
07.08.2025 22:50:15;0,000235;0,020142;0,42572;0;0,445496;0;52,900002;-8,3
07.08.2025 22:55:17;0,002291;0,023828;0,466555;0;0,488291;0;52,900002;-9,4
07.08.2025 23:00:18;0,003593;0,028105;0,474675;0;0,499221;0;52,900002;-9,3
07.08.2025 23:05:20;0,000068;0,022737;0,427812;0;0,450458;0;52,900002;-8
07.08.2025 23:10:22;0;0,024192;0,318312;0;0,342595;0;53;-5,9
07.08.2025 23:15:22;0;0,022705;0,290771;0;0,313385;0;53;-5,9
07.08.2025 23:20:25;0,001898;0,023205;0,333397;0;0,354518;0;53;-6,9
07.08.2025 23:25:26;0,003382;0,02482;0,441643;0;0,462995;0;52,900002;-8,8
07.08.2025 23:30:28;0,001143;0,019463;0,445092;0;0,463554;0;52,900002;-8,5
07.08.2025 23:35:30;0;0,021827;0,394889;0;0,416807;0;53;-7,3
07.08.2025 23:40:32;0;0,023646;0,363786;0;0,387432;0;53;-7,3
07.08.2025 23:45:33;0,001072;0,023542;0,270643;0;0,292999;0;53;-5,1
07.08.2025 23:50:35;0,004826;0,032741;0,191351;0;0,219545;0;53;-3,6
07.08.2025 23:55:37;0,000415;0,021281;0,171343;0;0,19217;0;53;-3,6
08.08.2025 00:00:39;0,005684;0,027648;0,18935;0;0,211359;0;53;-6,4
08.08.2025 00:05:41;0,000176;0,031286;0,302124;0;0,333046;0;53;-6,2
08.08.2025 00:10:42;0,002578;0,026827;0,326487;0;0,350942;0;53;-7,6
08.08.2025 00:15:44;0;0,024737;0,365059;0;0,389614;0;53;-7,3
08.08.2025 00:20:47;0;0,024837;0,359684;0;0,384431;0;53;-7
08.08.2025 00:25:48;0,001631;0,02628;0,335247;0;0,360249;0;53;-6,1
08.08.2025 00:30:50;0,000119;0,032013;0,293939;0;0,32577;0;53;-6
08.08.2025 00:35:52;0,008162;0,019644;0,310673;0;0,321859;0;53;-5,9
08.08.2025 00:40:54;0,006776;0,02692;0,222455;0;0,242554;0;53;-4,8
08.08.2025 00:45:56;0,002075;0,02019;0,243373;0;0,261653;0;53;-4,7
08.08.2025 00:50:58;0,002007;0,018735;0,242645;0;0,259197;0;53;-5
08.08.2025 00:56:00;0,006457;0,023646;0,25083;0;0,268201;0;53;-6,4
08.08.2025 01:01:02;0,000006;0,020554;0,309945;0;0,330408;0;53;-6,2
08.08.2025 01:06:04;0,003592;0,025101;0,296303;0;0,317949;0;53;-6
08.08.2025 01:11:06;0,000659;0,020918;0,301215;0;0,321496;0;53;-6,2
08.08.2025 01:16:08;0,003354;0,024919;0,294666;0;0,316039;0;53;-6
08.08.2025 01:21:10;0,002387;0,023464;0,300487;0;0,321496;0;53;-5,4
08.08.2025 01:26:12;0,004485;0,033468;0,406531;0;0,435542;0;52,900002;-9,4
08.08.2025 01:31:15;0,046972;0,044417;1,798603;0;1,796156;0;52,200001;-72,599998
08.08.2025 01:36:17;0,00378;0,058569;2,212545;0;2,267203;0;52,599998;-27,1
08.08.2025 01:41:19;0,000125;0,040562;1,331092;0;1,371563;0;52,599998;-26,5
08.08.2025 01:46:20;0,001848;0,049274;1,247185;0;1,294726;0;52,799999;-6,9
08.08.2025 01:51:22;0,000341;0,024192;0,224638;0;0,248466;0;52,900002;-3,7
08.08.2025 01:56:23;0,009632;0,029747;0,241079;0;0,261062;0;52,900002;-6,3
08.08.2025 02:01:25;0,00141;0,024737;0,303579;0;0,327134;0,000364;52,900002;-6,2
08.08.2025 02:06:26;0,007471;0,043982;0,318458;0;0,354957;0;52,900002;-7,4
08.08.2025 02:11:28;0,000199;0,030012;0,361967;0;0,391706;0;52,900002;-7,5
08.08.2025 02:16:30;0,000068;0,026193;0,366332;0;0,392525;0;52,900002;-7,5
08.08.2025 02:21:32;0;0,025465;0,337229;0;0,362512;0;53;-6,1
08.08.2025 02:26:34;0;0,023464;0,29594;0;0,319495;0;53;-6
08.08.2025 02:31:36;0;0,024556;0,294485;0;0,319131;0;53;-6
08.08.2025 02:36:38;0,000239;0,022191;0,191169;0;0,213087;0;53;-3,9
08.08.2025 02:41:39;0,000371;0,018797;0,18195;0;0,200382;0;53;-3,8
08.08.2025 02:46:40;0,001939;0,024637;0,185782;0;0,208412;0;53;-5,2
08.08.2025 02:51:41;0,00669;0,024272;0,300755;0;0,318184;0;53;-7,5
08.08.2025 02:56:44;0,000074;0,029913;0,358778;0;0,388691;0;52,900002;-7,3
08.08.2025 03:01:46;0;0,021645;0,346324;0;0,367878;0;53;-6,1
08.08.2025 03:06:49;0,001603;0,019217;0,305115;0;0,322701;0;53;-6,1
08.08.2025 03:11:49;0,000154;0,026184;0,295349;0;0,321442;0;53;-6
08.08.2025 03:16:50;0,000217;0,029382;0,289623;0;0,318914;0;53;-5,8
08.08.2025 03:21:52;0,003257;0,023464;0,318858;0;0,339139;0;52,900002;-7,7
08.08.2025 03:26:55;0;0,023568;0,366392;0;0,389688;0;53;-5,4
08.08.2025 03:31:56;0,000006;0,02263;0,257321;0;0,279951;0;53;-5,2
08.08.2025 03:36:58;0,001137;0,019826;0,297759;0;0,316585;0;53;-6,9
08.08.2025 03:42:00;0,000011;0,021827;0,336138;0;0,357874;0;53;-6,7
08.08.2025 03:47:02;0,005036;0,028375;0,395435;0;0,418808;0;52,900002;-7,6
08.08.2025 03:52:03;0;0,022447;0,312435;0;0,335156;0;52,900002;-6,3
08.08.2025 03:57:04;0,000433;0,021352;0,303675;0;0,324297;0;53;-6,1
08.08.2025 04:02:06;0,001444;0,025829;0,297213;0;0,321587;0;52,900002;-6
08.08.2025 04:07:08;0,00665;0,022737;0,294666;0;0,311037;0;52,900002;-7,7
08.08.2025 04:12:09;0,000975;0,028835;0,342912;0;0,370469;0;52,900002;-6,9
08.08.2025 04:17:11;0;0,022373;0,348143;0;0,370789;0;52,900002;-6,9
08.08.2025 04:22:14;0,000833;0,019942;0,330678;0;0,349623;0;53;-3,8
08.08.2025 04:27:15;0,004169;0,021352;0,176292;0;0,193264;0;53;-3,7
08.08.2025 04:32:18;0,000028;0,019761;0,176942;0;0,196884;0;53;-3,6
08.08.2025 04:37:20;0,007384;0,019826;0,172253;0;0,184803;0;53;-1,6
08.08.2025 04:42:22;0,01296;0,039289;0,238643;0;0,26429;0;53;-6,2
08.08.2025 04:47:24;0,003155;0,029649;0,283025;0;0,309673;0;53;-5,1
08.08.2025 04:52:26;0,003115;0,020918;0,291756;0;0,309491;0;53;-5,8
08.08.2025 04:57:28;0,010413;0,023646;0,285754;0;0,299032;0;52,900002;-5,8
08.08.2025 05:02:30;0,000375;0,030194;0,26902;0;0,298941;0;52,900002;-5,4
08.08.2025 05:07:32;0,003121;0,025101;0,340867;0;0,362694;0;52,900002;-7,1
08.08.2025 05:12:34;0,002103;0,020372;0,336138;0;0,354145;0;52,900002;-4,7
08.08.2025 05:17:36;0,00814;0,017462;0,231731;0;0,24119;0;53;-2,8
08.08.2025 05:22:36;0,00666;0,021423;0,242065;0;0,256897;0;53;-5,5
08.08.2025 05:27:38;0,010794;0,014551;0,28448;0;0,288391;0;52,900002;-5,3
08.08.2025 05:32:39;0,014491;0,038142;0,377039;0;0,40049;0;52,900002;-9,9
08.08.2025 05:37:42;0,001677;0,037165;1,223362;0;1,258805;0;52,299999;-37,5
08.08.2025 05:42:44;0,04117;0,052931;2,630716;0;2,642539;0;52;-51,799999
08.08.2025 05:47:46;0,00112;0,055295;1,984269;0;2,038473;0;52,200001;-29,9
08.08.2025 05:52:48;0;0,044746;1,432042;0;1,476879;0;52,200001;-28,4
08.08.2025 05:57:50;0,001165;0,034742;1,45969;0;1,493249;0;52,200001;-29,4
08.08.2025 06:02:52;0;0,046383;1,486428;0;1,53272;0;52,200001;-29,299999
08.08.2025 06:07:53;0,000046;0,039784;1,361611;0;1,386705;0,014965;52,200001;-26,9
08.08.2025 06:12:55;0;0,032741;0,606431;0;0,606613;0,032013;52,5;-3,4
08.08.2025 06:17:59;0,002852;0,020057;0,192261;0;0,162446;0,047342;52,599998;-2,9
08.08.2025 06:23:00;0,000006;0,023177;0,193447;0;0,135139;0,081394;52,599998;-2,3
08.08.2025 06:28:03;0,004521;0,031182;0,305841;0;0,217732;0,114577;52,599998;-3,8
08.08.2025 06:33:04;0,000325;0,024637;0,302763;0;0,182132;0,145268;52,700001;-3,1
08.08.2025 06:38:06;0,001012;0,020554;0,339958;0;0,197627;0,161521;52,599998;-3,7
08.08.2025 06:43:08;0;0,022373;0,349234;0;0,176163;0,195353;52,700001;-3,1
08.08.2025 06:48:08;0,003222;0,022156;0,344421;0;0,126892;0,236938;52,700001;-0,4
08.08.2025 06:53:10;0,029148;0;0,319404;0;0,0211;0,268838;52,799999;-0,4
08.08.2025 06:58:12;0,002444;0,076395;0,241554;0;0,021191;0,294303;52,799999;-0,4
08.08.2025 07:03:14;0,000028;0,0442;0,206266;0,073303;0,005184;0,31904;52,799999;2,1
08.08.2025 07:08:16;0,001484;0,02692;0,192806;0,134237;0;0,352145;52,900002;2,9
08.08.2025 07:13:19;0,00451;0,034808;0,245651;0,114396;0,008883;0,381802;52,900002;-0,3
08.08.2025 07:18:20;0,005737;0,048362;1,408513;0;1,044522;0,406239;52,200001;-29,700001
08.08.2025 07:23:20;0,004538;0,042664;2,643494;0;2,253021;0,429199;51,599998;-73,099998
08.08.2025 07:28:22;0,235295;0,008731;4,473655;0;3,79001;0,456551;51,5;-73,800003
08.08.2025 07:33:23;0,063794;0,033762;4,075709;0;3,559333;0,486537;51,5;-73,699997
08.08.2025 07:38:25;0,000176;0,069119;2,679827;0,022191;2,248378;0,522396;52,299999;1,4
08.08.2025 07:43:27;0,008913;0,036742;0,477651;0,111864;0,049839;0,567506;52,400002;2,5
08.08.2025 07:48:29;0,014523;0,02401;0,462008;0,208813;0,045928;0,634442;52,5;6,2
08.08.2025 07:53:32;0,007337;0,047861;0,365123;0,385247;0,029732;0,761066;52,599998;10,1
08.08.2025 07:58:34;0,00407;0,035833;0,296849;0,791598;0;1,12046;52,799999;20,200001
08.08.2025 08:03:36;0,000574;0,025647;0,29794;1,29344;0;1,615936;53;26,299999
08.08.2025 08:08:38;0,010368;0,043654;0,403075;1,277615;0;1,714522;53;17,5
08.08.2025 08:13:40;0,000836;0,038925;0,419263;0,879816;0;1,336912;52,900002;11,6
08.08.2025 08:18:43;0,00766;0,017585;0,422956;0,455226;0;0,887971;52,900002;5,4
08.08.2025 08:23:42;0,003864;0,02866;0,439453;0,191801;0,000184;0,65624;52,799999;5
08.08.2025 08:28:44;0,003393;0,040016;0,489837;0,845256;0;1,371472;53,099998;20,1
08.08.2025 08:33:45;0,00122;0,02847;0,406786;1,221271;0;1,655249;53,299999;25,4
08.08.2025 08:38:48;0,020458;0,026106;0,766686;1,060199;0,013234;1,819452;53;0
08.08.2025 08:43:50;0,015631;0,052567;2,08522;0,480743;0,674641;1,928428;53,200001;27,799999
08.08.2025 08:48:52;0,036543;0,067664;0,807786;1,221592;0,053295;2,006642;53,400002;29
08.08.2025 08:53:54;0,002302;0,036197;0,512392;1,677416;0;2,224186;53,599998;34,299999
08.08.2025 08:58:56;0,001216;0,030376;0,549135;2,0603;0;2,638538;53,799999;41
08.08.2025 09:03:58;0,075423;0,11823;0,822156;2,018647;0;2,883729;53,900002;28,6
08.08.2025 09:09:00;0,016598;0,059661;0,657361;2,435727;0;3,135833;54,099998;45,799999
08.08.2025 09:13:59;0;0,144402;0,623722;2,485152;0;3,253276;54,099998;45,799999
08.08.2025 09:19:01;0;0,334501;0,524215;2,477744;0;3,336642;54,099998;45,799999
08.08.2025 09:24:03;0,001631;0,354873;0,591516;2,474834;0;3,419586;54,099998;45,799999
08.08.2025 09:29:05;0;0,421628;0,598609;2,474652;0;3,494889;54,099998;45,799999
08.08.2025 09:34:07;0,00332;0,289392;0,795963;2,464102;0;3,546183;54,099998;45,799999
08.08.2025 09:39:09;0,012085;0,058751;2,214;1,364742;0;3,625488;53,799999;22,6
08.08.2025 09:44:10;0,009923;0,0219;2,464441;1,237331;0;3,713452;53,799999;23,6
08.08.2025 09:49:12;0,005804;0,389978;1,175937;2,203996;0;3,764091;54,099998;45,799999
08.08.2025 09:54:14;0,000006;0,515121;0,80524;2,475016;0;3,795376;54,099998;45,799999
08.08.2025 09:59:16;0;0,586241;0,771044;2,482837;0;3,840486;54,099998;45,799999
08.08.2025 10:04:16;0,000166;0,691956;0,707703;2,476501;0;3,875977;54,099998;45,799999
08.08.2025 10:09:18;0,002205;0,694103;0,715385;2,447186;0;3,854309;54,099998;45,799999
08.08.2025 10:14:18;0;0,741394;0,729309;2,47522;0;3,945923;54,099998;45,599998
08.08.2025 10:19:20;0,00478;0,602429;1,014235;2,339506;0;3,95144;54;26,4
08.08.2025 10:24:22;0,014131;0,032559;2,27839;0,976037;0;3,272616;53,700001;3,9
08.08.2025 10:29:23;0,015883;0,045989;2,102185;0,209142;0,203849;2,137772;53,700001;20,6
08.08.2025 10:34:26;0,032213;0,338473;0,805845;1,904116;0;3,015983;54,200001;45,799999
08.08.2025 10:39:27;0;0,745501;0,830362;2,485794;0;4,061656;54,200001;45,700001
08.08.2025 10:44:29;0,001222;0,789961;0,725025;2,472833;0;3,986727;54,299999;45,700001
08.08.2025 10:49:32;0,016554;0,480244;0,684742;2,413729;0;3,562036;54,299999;45,700001
08.08.2025 10:54:34;0,000006;0,800874;0,669184;2,475562;0;3,945983;54,299999;45,599998
08.08.2025 10:59:35;0,000679;0,719221;0,736193;2,484516;0;3,939383;54,400002;45,5
08.08.2025 11:04:37;0;0,724297;0,781412;2,473743;0;3,979088;54,5;45,400002
08.08.2025 11:09:39;0;0,755219;0,784686;2,47538;0;4,015467;54,700001;45,200001
08.08.2025 11:14:41;0;0,74085;0,767952;2,470287;0;3,979452;55,200001;44,599998
08.08.2025 11:19:44;0;1,341927;0,756896;1,841207;0;3,93985;56,299999;16,799999
08.08.2025 11:24:47;0;3,234984;0,655916;0,133431;0,012147;4,012004;54,299999;0
08.08.2025 11:29:47;0;3,400269;0,674377;0,000183;0;4,074463;54;0
08.08.2025 11:34:48;0;3,49263;0,6694;0;0;4,16203;53,799999;0
08.08.2025 11:39:50;0;3,475427;0,683735;0;0;4,159526;53,700001;0
08.08.2025 11:44:51;0;3,479491;0,715206;0;0;4,194514;53,700001;0
08.08.2025 11:49:53;0;3,559825;0,633169;0;0;4,193358;53,599998;0
08.08.2025 11:54:53;0;3,515625;0,670715;0;0;4,185791;53,599998;0
08.08.2025 11:59:56;0;3,539556;0,677672;0;0;4,21759;53,599998;0
08.08.2025 12:04:59;0;3,61316;0,662624;0;0;4,275966;53,599998;0
08.08.2025 12:09:59;0;3,789551;0,541443;0;0;4,330444;53,5;0
08.08.2025 12:15:01;0;3,849762;0,502024;0;0;4,351968;53,5;0
08.08.2025 12:20:03;0;3,864495;0,512574;0;0;4,37707;53,5;0
08.08.2025 12:25:06;0;3,076716;1,324523;0;0;4,401783;53,5;0
08.08.2025 12:30:07;0,004346;2,149816;2,281397;0;0,005384;4,420811;53,5;0
08.08.2025 12:35:09;0,000904;0,942569;3,527266;0;0;4,469107;53,5;0
08.08.2025 12:40:11;0;2,447005;2,022285;0;0;4,469471;53,5;0
08.08.2025 12:45:14;0,004464;2,77849;1,68874;0;0,01405;4,448556;53,400002;0
08.08.2025 12:50:16;0;2,473561;1,974083;0;0;4,447644;53,400002;0
08.08.2025 12:55:18;0,020764;2,096497;2,424632;0;0,035287;4,465106;53,400002;0
08.08.2025 13:00:19;0,003302;2,513716;1,983029;0;0,002007;4,510234;53,400002;0
08.08.2025 13:05:21;0;2,366426;2,165299;0;0;4,54332;53,400002;0
08.08.2025 13:10:24;0;2,395781;2,181429;0;0;4,594678;53,400002;0
08.08.2025 13:15:25;0;2,427395;2,24802;0;0;4,682877;53,400002;0
08.08.2025 13:20:26;0;2,409692;2,261975;0;0;4,690907;53,400002;0
08.08.2025 13:25:27;0;2,429219;2,264993;0;0;4,699301;53,400002;0
08.08.2025 13:30:29;0;2,408443;2,218457;0;0;4,652819;53,400002;0
08.08.2025 13:35:32;0;2,556587;2,079712;0;0;4,643265;53,400002;0
08.08.2025 13:40:34;0;2,606888;2,035473;0;0;4,657912;53,400002;0
08.08.2025 13:45:35;0;2,598759;2,053999;0;0;4,664627;53,299999;0
08.08.2025 13:50:37;0;2,557232;2,096673;0;0;4,666279;53,400002;0
08.08.2025 13:55:38;0;2,521016;2,130088;0;0;4,669007;53,299999;0
08.08.2025 14:00:39;0;2,37593;2,244976;0;0;4,625573;53,299999;0
08.08.2025 14:05:41;0;2,429725;2,132214;0;0;4,585155;53,299999;0
08.08.2025 14:10:44;0;2,476094;2,098805;0;0;4,576186;53,299999;0
08.08.2025 14:15:45;0;0,512452;4,0383;0;0;4,557319;53,299999;0
08.08.2025 14:20:47;0;0,4651;4,004316;0;0;4,488388;53,299999;0
08.08.2025 14:25:49;0;0,413079;4,001853;0;0;4,425817;53,299999;0
08.08.2025 14:30:51;0,005258;0,298304;4,073688;0;0,004365;4,379252;53,299999;0
08.08.2025 14:35:53;0;0,243191;4,142262;0;0;4,39926;53,299999;0
08.08.2025 14:40:53;0;0,20929;4,046169;0;0;4,28064;53,299999;0
08.08.2025 14:45:55;0,003752;0,031649;4,195654;0;0,000273;4,234466;53,299999;0
08.08.2025 14:50:56;0,041832;0,011132;4,339348;0;0,099096;4,221524;53,099998;0
08.08.2025 14:55:57;0,020286;0,044894;5,899712;0;1,750056;4,194514;52,700001;-33,900002
08.08.2025 15:01:00;0,002006;0,047499;5,788059;0;1,737689;4,105914;52,700001;-33,200001
08.08.2025 15:06:01;0,007277;0,059677;5,34234;0,02628;1,322831;4,120786;53;2,7
08.08.2025 15:11:03;0,001216;0,813971;1,482627;1,804195;0;4,090043;53,700001;46,200001
08.08.2025 15:16:02;0;0,930531;0,654954;2,485152;0;4,07082;54,200001;45,599998
08.08.2025 15:21:06;0,003919;1,475926;1,096645;1,428945;0,002168;3,995193;55,400002;0
08.08.2025 15:26:08;0;3,52472;0,486563;0;0;4,011465;54,5;0
08.08.2025 15:31:09;0,026941;1,12473;2,915507;0;0,086139;3,944858;53,900002;-3,5
08.08.2025 15:36:10;0,045556;0,017337;4,046818;0;0,130668;3,911644;53,5;0
08.08.2025 15:41:12;0,030001;0,022191;3,965924;0;0,08749;3,875409;53,5;0
08.08.2025 15:46:13;0,048687;0,0073;3,916235;0;0,036134;3,853975;53,400002;-2,6
08.08.2025 15:51:13;0,043591;0,014832;3,877274;0;0,115814;3,751465;53,299999;0
08.08.2025 15:56:16;0,038859;0,025925;3,850126;0;0,107053;3,745504;53,200001;-4,1
08.08.2025 16:01:18;0,029217;0,025283;3,947176;0;0,199264;3,759361;53,099998;-3,2
08.08.2025 16:06:20;0,026505;0,034014;5,003791;0;1,273432;3,750631;52,599998;-41,700001
08.08.2025 16:11:21;0,02247;0,038324;4,18128;0;0,554609;3,651403;53;-8,1
08.08.2025 16:16:23;0,233187;0,020736;3,923166;0;0,217271;3,498163;53;-4,7
08.08.2025 16:21:25;0,922083;0,03747;2,708206;0,67937;0,201901;2,311858;53,599998;29,6
08.08.2025 16:26:28;0,010096;0,036259;1,025028;1,790808;0;2,841942;54,299999;27,1
08.08.2025 16:31:29;0,008572;0,892229;1,043884;0,700789;0,00146;2,626864;55;0
08.08.2025 16:36:32;0;1,952883;1,009799;0;0;2,96232;54,5;0
08.08.2025 16:41:33;0;2,545653;1,096443;0;0;3,642278;54,299999;0
08.08.2025 16:46:35;0;2,388071;1,223229;0;0;3,611301;54,099998;0
08.08.2025 16:51:37;0;2,089949;1,313994;0;0;3,403579;54;0
08.08.2025 16:56:38;0;1,952172;1,317082;0;0;3,269619;54;0
08.08.2025 17:01:39;0;1,871873;1,325294;0;0;3,19735;53,900002;0
08.08.2025 17:06:41;0;1,813835;1,288347;0;0;3,102001;53,900002;0
08.08.2025 17:11:44;0;1,731344;1,296786;0;0;3,028311;53,799999;0
08.08.2025 17:16:45;0;1,608712;1,3096;0;0;2,918494;53,799999;0
08.08.2025 17:21:47;0,677312;0,279569;3,993744;0;0,606704;3,000504;52,900002;-12,6
08.08.2025 17:26:50;0,710021;0;4,491812;0;0,689818;3,11243;52,900002;-12,4
08.08.2025 17:31:51;0,798898;0;4,305724;0;0,552601;2,979813;52,900002;-8,1
08.08.2025 17:36:54;0,799234;0;4,18239;0;0,466284;2,928237;52,900002;-10,9
08.08.2025 17:41:56;0,46124;0,062571;2,758564;0,871994;0,329226;2,877909;53,799999;38,200001
08.08.2025 17:46:57;0,003108;0,055479;0,740938;1,955457;0;2,749137;56,299999;19,1
08.08.2025 17:51:57;0;1,996582;0,493835;0,102356;0,000366;2,591309;54,799999;0
08.08.2025 17:56:59;0;1,981723;0,481834;0;0;2,462102;54,5;0
08.08.2025 18:02:02;0;1,756362;0,536626;0;0;2,292988;54,299999;0
08.08.2025 18:07:03;0,010111;0,261883;2,081015;0;0,150378;2,182666;53,400002;-25,4
08.08.2025 18:12:05;0,006628;0,036924;3,390301;0;1,344734;2,075761;52,700001;-31,700001
08.08.2025 18:17:07;0,00295;0,042927;3,594566;0;1,6163;2,018283;52,700001;-26,299999
08.08.2025 18:22:09;0,002302;0,035469;2,690741;0;0,695558;2,028105;53;-3
08.08.2025 18:27:10;0,003194;0,050004;1,200831;0,791673;0,071721;1,967684;53,400002;21,299999
08.08.2025 18:32:11;0,000399;0,02847;0,645127;1,208496;0;1,881911;53,599998;21,5
08.08.2025 18:37:13;0,000625;0,026556;0,642627;1,09263;0;1,761087;53,900002;17,9
08.08.2025 18:42:14;0,004317;0,048909;0,6329;0,948073;0,000365;1,62532;56,299999;0
08.08.2025 18:47:16;0;0,983313;0,538221;0;0;1,521716;54,900002;0
08.08.2025 18:52:18;0;0,862718;0,584967;0;0;1,447503;54,599998;0
08.08.2025 18:57:22;0;0,730374;0,578047;0;0;1,308602;54,400002;0
08.08.2025 19:02:24;0;0,598973;0,58333;0;0;1,182304;54,299999;0
08.08.2025 19:07:26;0,001387;0,424174;0,680825;0;0,000728;1,102634;54,200001;0
08.08.2025 19:12:27;0;0,443468;0,583991;0;0;1,027459;54,099998;0
08.08.2025 19:17:30;0,000057;0,353883;0,590107;0;0,000363;0,943446;54;0
08.08.2025 19:22:31;0;0,249474;0,61392;0;0;0,863576;54;0
08.08.2025 19:27:31;0,004349;0,179626;0,620728;0;0,005127;0,791016;53,900002;0
08.08.2025 19:32:33;0,011579;0,018189;0,726298;0;0;0,733028;53,900002;0
08.08.2025 19:37:36;0,001654;0,024112;0,650478;0;0;0,672595;53,900002;0
08.08.2025 19:42:37;0,013339;0,004015;0,623045;0;0;0,613555;53,799999;0
08.08.2025 19:47:37;0,022133;0,018127;0,738464;0;0,179443;0,555176;53,299999;-5,4
08.08.2025 19:52:39;0,000921;0,030194;0,804694;0;0,34214;0,491474;53;-6,7
08.08.2025 19:57:40;0,008965;0,019345;0,635638;0;0,211879;0,434708;53,099998;-3,6
08.08.2025 20:02:43;0,015619;0,021393;0,541883;0;0,169871;0,377451;53;-3,7
08.08.2025 20:07:44;0,023297;0,017337;0,471025;0;0,14326;0,321925;53;-3,6
08.08.2025 20:12:47;0,005167;0,023749;0,467916;0;0,255622;0,230967;52,900002;-6,9
08.08.2025 20:17:49;0,000011;0,024374;0,54586;0;0,369606;0,200446;52,900002;-7,3
08.08.2025 20:22:51;0,001489;0,021827;0,557502;0;0,430722;0,147333;52,900002;-8,5
08.08.2025 20:27:53;0;0,0211;0,551499;0;0,474922;0,097495;52,900002;-9,6
08.08.2025 20:32:54;0,003205;0,02628;0,583808;0;0,572129;0,035404;52,900002;-11,9
08.08.2025 20:37:57;0,003586;0,023387;0,574697;0;0,592827;0,001088;52,900002;-10,6
08.08.2025 20:43:00;0,00443;0,023568;0,513783;0;0,532819;0;52,900002;-10
08.08.2025 20:48:02;0,001796;0,024374;0,504935;0;0,527307;0;52,900002;-10,2
08.08.2025 20:53:03;0,00994;0,0292;0,552236;0;0,571399;0;52,900002;-12,5
08.08.2025 20:58:05;0,002859;0,020736;0,702106;0;0,720296;0;52,799999;-14,8
08.08.2025 21:03:06;0,004739;0,026462;0,750793;0;0,772328;0;52,799999;-14,9
08.08.2025 21:08:09;0,006096;0,03227;0,814004;0;0,840472;0;52,799999;-15,1
08.08.2025 21:13:12;0,003518;0,027194;0,724445;0;0,747832;0;52,799999;-14,2
08.08.2025 21:18:14;0,00432;0,029103;0,666819;0;0,691739;0;52,900002;-11,6
08.08.2025 21:23:15;0,00142;0,026462;0,586911;0;0,612095;0;52,900002;-11,5
08.08.2025 21:28:17;0,002785;0,027284;0,584967;0;0,609523;0;52,900002;-12,4
08.08.2025 21:33:19;0,009294;0,029649;0,54968;0;0,569688;0;52,900002;-10,4
08.08.2025 21:38:21;0,007753;0,044564;0,551863;0;0,589151;0;52,900002;-12,5
08.08.2025 21:43:23;0,000006;0,026374;0,625348;0;0,651176;0;52,900002;-12,3
08.08.2025 21:48:22;0,00387;0,037662;0,627213;0;0,661017;0;52,799999;-13,8
08.08.2025 21:53:25;0,003603;0,022299;0,682385;0;0,701602;0;52,799999;-13,3
08.08.2025 21:58:26;0;0,025367;0,674144;0;0,699329;0;52,799999;-13,2
08.08.2025 22:03:29;0,000006;0,02665;0,602616;0;0,629266;0;52,900002;-11,3
08.08.2025 22:08:30;0;0,025915;0,572676;0;0,598408;0;52,900002;-11,4
08.08.2025 22:13:33;0,000125;0,025562;0,584125;0;0,609687;0;52,900002;-12,7
08.08.2025 22:18:35;0,032701;0,039835;1,29435;0;1,301443;0;52,799999;-15,7
08.08.2025 22:23:36;0;0,028652;0,787658;0;0,81631;0;52,799999;-14,1
08.08.2025 22:28:39;0,000017;0,027738;0,708491;0;0,736229;0;52,799999;-14
08.08.2025 22:33:41;0,00004;0,028375;0,572599;0;0,601156;0;52,900002;-9,1
08.08.2025 22:38:43;0;0,023282;0,446365;0;0,469465;0;52,900002;-8,5
08.08.2025 22:43:45;0,000301;0,022555;0,409623;0;0,431814;0;52,900002;-8,3
08.08.2025 22:48:45;0;0,023804;0,414185;0;0,437805;0;52,900002;-8,3
08.08.2025 22:53:47;0,000171;0,02983;0,368879;0;0,398709;0;53;-7,6
08.08.2025 22:58:49;0,007571;0,029103;0,433269;0;0,454732;0;52,900002;-9,9
08.08.2025 23:03:51;0;0,02401;0,482744;0;0,506753;0;52,900002;-9,3
08.08.2025 23:08:52;0,003747;0,02774;0,513547;0;0,537637;0;52,900002;-11,2
08.08.2025 23:13:55;0,000436;0,027013;0,556206;0;0,583037;0;52,900002;-10,9
08.08.2025 23:18:57;0;0,026193;0,550044;0;0,575691;0;52,900002;-10,9
08.08.2025 23:23:59;0;0,024556;0,491838;0;0,516576;0;52,900002;-8,8
08.08.2025 23:29:01;0,000551;0,02019;0,438726;0;0,45837;0;52,900002;-8,5
08.08.2025 23:34:02;0,000114;0,021717;0,400034;0;0,421933;0;53;-7,5
08.08.2025 23:39:04;0,000006;0,024737;0,301215;0;0,325588;0;53;-6,2
08.08.2025 23:44:06;0,006201;0,035469;0,429631;0;0,458916;0;52,900002;-10,9
08.08.2025 23:49:08;0,000585;0,027102;0,514029;0;0,540586;0;52,900002;-9,9
08.08.2025 23:54:11;0,000527;0,032451;0,48804;0;0,519584;0;52,900002;-9,8
08.08.2025 23:59:13;0,000165;0,025647;0,524579;0;0,550772;0;52,900002;-10,7
09.08.2025 00:04:15;0,000324;0,025101;0,424538;0;0,448912;0;53;-6,2
09.08.2025 00:09:17;0,000495;0,031104;0,296485;0;0,327043;0;53;-7
09.08.2025 00:14:20;0,00247;0,027013;0,369474;0;0,39413;0;53;-7,4
09.08.2025 00:19:20;0,000086;0,027466;0,358887;0;0,386353;0;53;-6,9
09.08.2025 00:24:23;0,006442;0,031182;0,461571;0;0,486227;0;52,900002;-7,8
09.08.2025 00:29:25;0,009612;0,020008;0,370334;0;0,380884;0;53;-7,7
09.08.2025 00:34:28;0,012985;0,018492;0,381077;0;0,386516;0;53;-7
09.08.2025 00:39:29;0,000616;0,023907;0,34711;0;0,369922;0,000365;53;-7
09.08.2025 00:44:29;0,002426;0,02417;0,281982;0;0,304138;0;53;-4,7
09.08.2025 00:49:30;0,005247;0,028105;0,193812;0;0,216624;0;53;-3,6
09.08.2025 00:54:32;0,004093;0,026738;0,154973;0;0,178073;0;53,099998;-3,4
09.08.2025 00:59:32;0,014826;0,023987;0,205444;0;0,213867;0;53;-6
09.08.2025 01:04:35;0,000011;0,021393;0,28608;0;0,307835;0;53;-5,6
09.08.2025 01:09:36;0,000297;0,02701;0,270096;0;0,296923;0;53;-5,6
09.08.2025 01:14:36;0,005854;0,025085;0,372803;0;0,391846;0;52,900002;-7,6
09.08.2025 01:19:39;0,000176;0,025381;0,356784;0;0,381983;0;52,900002;-7
09.08.2025 01:24:40;0,002789;0,025732;0,33032;0;0,353132;0;53;-6
09.08.2025 01:29:43;0;0,023024;0,290431;0;0,313455;0;53;-5,8
09.08.2025 01:34:45;0;0,018553;0,27866;0;0,297213;0;53;-5,5
09.08.2025 01:39:47;0,000063;0,022918;0,253559;0;0,276841;0;53;-3,5
09.08.2025 01:44:49;0,006616;0,027102;0,246647;0;0,267201;0;53;-6
09.08.2025 01:49:51;0;0,018553;0,281934;0;0,300123;0;53;-5,6
09.08.2025 01:54:52;0,001295;0,024455;0,307325;0;0,330685;0;52,900002;-7
09.08.2025 01:59:55;0;0,023749;0,343731;0;0,36748;0;52,900002;-7
09.08.2025 02:04:57;0,00004;0,024374;0,342322;0;0,366696;0;52,900002;-6,9
09.08.2025 02:09:59;0;0,020554;0,218271;0;0,23828;0;53;-3,7
09.08.2025 02:15:01;0,001933;0,019826;0,167705;0;0,185894;0;53;-3,4
09.08.2025 02:20:02;0,00714;0,020805;0,166072;0;0,179942;0;53;-3,8
09.08.2025 02:25:04;0,006582;0,03456;0,226638;0;0,254104;0;53;-5,7
09.08.2025 02:30:06;0,001415;0,018371;0,265564;0;0,282843;0;53;-5,4
09.08.2025 02:35:08;0;0,020736;0,264472;0;0,285026;0;53;-5,4
09.08.2025 02:40:10;0,000841;0,021827;0,259743;0;0,281206;0;53;-5,3
09.08.2025 02:45:13;0,003569;0,024656;0,296595;0;0,317443;0;53;-2
09.08.2025 02:50:15;0,02272;0,027466;0,224092;0;0,229003;0;53;-4,5
09.08.2025 02:55:16;0,003684;0,023177;0,217172;0;0,236699;0;53;-2,6
09.08.2025 03:00:18;0,00694;0,024374;0,177164;0;0,194262;0;53;-3,5
09.08.2025 03:05:20;0,007651;0,025465;0,278296;0;0,296303;0;53;-5,4
09.08.2025 03:10:22;0,004036;0,042927;0,235733;0;0,274476;0;53;-5,3
09.08.2025 03:15:24;0,005093;0,030558;0,303397;0;0,329044;0;52,900002;-7,3
09.08.2025 03:20:27;0,003241;0,02665;0,40392;0;0,427307;0;52,900002;-8,5
09.08.2025 03:25:29;0,000449;0,025465;0,397982;0;0,422901;0;52,900002;-6
09.08.2025 03:30:30;0,00134;0,02482;0,29893;0;0,322472;0;52,900002;-5,8
09.08.2025 03:35:33;0,001048;0,023568;0,242207;0;0,264687;0;53;-4,6
09.08.2025 03:40:35;0,003013;0,019099;0,22773;0;0,243918;0;53;-3,7
09.08.2025 03:45:37;0,009731;0,028557;0,213178;0;0,232095;0;52,900002;-5,5
09.08.2025 03:50:38;0,001118;0,020075;0,270826;0;0,289258;0;52,900002;-5,4
09.08.2025 03:55:38;0,002426;0,015564;0,272461;0;0,285828;0;52,900002;-5,3
09.08.2025 04:00:41;0,006079;0,019942;0,278103;0;0,291881;0;52,900002;-6,7
09.08.2025 04:05:43;0;0,019644;0,317221;0;0,336684;0;52,900002;-6,3
09.08.2025 04:10:45;0,000023;0,018371;0,221909;0;0,240462;0;53;-3,9
09.08.2025 04:15:46;0,000023;0,015695;0,190527;0;0,206404;0;53;-3,1
09.08.2025 04:20:48;0;0,020008;0,150243;0;0,170252;0;53;-3,1
09.08.2025 04:25:50;0,00835;0,022373;0,209904;0;0,22391;0;53;-5,4
09.08.2025 04:30:52;0,000824;0,020008;0,267382;0;0,286481;0;52,900002;-5,4
09.08.2025 04:35:55;0,000136;0,018129;0,26505;0;0,282998;0;52,900002;-5,3
09.08.2025 04:40:56;0,000023;0,01971;0,260606;0;0,280316;0;52,900002;-5,3
09.08.2025 04:45:57;0,002401;0,02336;0,275206;0;0,296193;0;52,900002;-4,5
09.08.2025 04:51:00;0;0,025018;0,209574;0;0,23423;0;52,900002;-4,2
09.08.2025 04:56:03;0,000057;0,021755;0,21465;0;0,236949;0;52,900002;-4,7
09.08.2025 05:01:05;0,000153;0,018735;0,198263;0;0,216452;0;53;-3,6
09.08.2025 05:06:06;0,006148;0,024455;0,270826;0;0,289258;0;52,900002;-5,5
09.08.2025 05:11:08;0;0,018371;0,277205;0;0,295758;0;52,900002;-5,5
09.08.2025 05:16:10;0;0,017462;0,272475;0;0,289573;0;52,900002;-5,5
09.08.2025 05:21:10;0,010551;0,02948;0,380127;0;0,399353;0;52,799999;-8,1
09.08.2025 05:26:12;0,004456;0,020372;0,387796;0;0,403438;0;52,900002;-5,8
09.08.2025 05:31:14;0,00195;0,0211;0,291029;0;0,310491;0;52,900002;-6,1
09.08.2025 05:36:16;0,005667;0,0231;0,296485;0;0,313765;0;52,900002;-5,8
09.08.2025 05:41:19;0,000884;0,02665;0,234955;0;0,260336;0;52,900002;-5
09.08.2025 05:46:20;0,008731;0,02555;0,263161;0;0,280133;0;52,900002;-5,9
09.08.2025 05:51:22;0;0,021463;0,286663;0;0,308126;0;52,900002;-5,7
09.08.2025 05:56:24;0,000671;0,026193;0,271384;0;0,297031;0;52,900002;-6,2
09.08.2025 06:01:24;0,008469;0,018311;0,308716;0;0,318604;0;52,900002;-5,8
09.08.2025 06:06:27;0,007382;0,01686;0,302033;0;0,311461;0;52,900002;-5,9
09.08.2025 06:11:29;0,015069;0,02401;0,21427;0;0,216634;0,006184;52,900002;-3,7
09.08.2025 06:16:30;0,006633;0,017337;0,237976;0;0,231954;0,017155;52,900002;-4,6
09.08.2025 06:21:32;0,017922;0,014915;0,258288;0;0,227366;0,028011;52,900002;-3,9
09.08.2025 06:26:34;0,017484;0,02019;0,30267;0;0,234096;0,071302;52,900002;-4,8
09.08.2025 06:31:36;0,010555;0,020554;0,294303;0;0,178073;0,12587;53;-2,5
09.08.2025 06:36:36;0,014282;0,017578;0,262939;0;0,105469;0,161133;53;0
09.08.2025 06:41:39;0,033686;0;0,227341;0;0,000181;0,193258;53,099998;0
09.08.2025 06:46:41;0,023504;0,013278;0,250648;0;0,003456;0,237188;53,099998;0
09.08.2025 06:51:42;0;0,100373;0,170452;0;0;0,270826;53,099998;0
09.08.2025 06:56:44;0;0,127143;0,17389;0;0;0,300851;53,099998;0
09.08.2025 07:01:45;0,000701;0,058399;0,184687;0,089789;0;0,332145;53,200001;1,2
09.08.2025 07:06:49;0,003219;0,094323;0,239242;0,030899;0,004698;0,356694;53,099998;0
09.08.2025 07:11:50;0,000644;0,090884;0,263891;0,028287;0;0,382514;53,200001;1,5
09.08.2025 07:16:52;0,000932;0,019826;0,29212;0,095858;0;0,406712;53,200001;2,1
09.08.2025 07:21:54;0,003905;0,031286;0,352872;0,055295;0,002546;0,432905;53,200001;0
09.08.2025 07:26:56;0,00062;0,030922;0,37761;0,048747;0;0,457279;53,200001;1,9
09.08.2025 07:31:58;0,000233;0,024374;0,34014;0,120231;0;0,483835;53,299999;2,9
09.08.2025 07:37:00;0,001449;0,014188;0,32668;0,174799;0;0,514393;53,299999;3,7
09.08.2025 07:42:01;0,005355;0,020257;0,877811;0,101468;0,448578;0,545301;52,700001;-25,299999
09.08.2025 07:47:04;0,00796;0,048043;1,922789;0;1,390876;0,572159;52,599998;-17,1
09.08.2025 07:52:06;0,000898;0,039289;2,995775;0;2,42736;0,606795;51,900002;-62,5
09.08.2025 07:57:08;0,044859;0,042745;4,267934;0;3,604752;0,660271;51,700001;-73,599998
09.08.2025 08:02:11;0,008005;0,057832;3,811132;0;3,098108;0,763604;51,900002;-41,099998
09.08.2025 08:07:12;0,004443;0,056392;1,739928;0,207499;1,126007;0,873431;52,599998;11,4
09.08.2025 08:12:12;0,000401;0,031677;0,287842;0,695435;0;1,014771;52,799999;15,1
09.08.2025 08:17:15;0,001722;0,026106;0,263599;0,84573;0;1,133078;52,900002;17,5
09.08.2025 08:22:16;0,002133;0,029747;0,209872;1,035671;0;1,272735;53,099998;20,700001
09.08.2025 08:27:16;0,005476;0,031128;0,321167;1,068787;0;1,416138;53,299999;21,700001
09.08.2025 08:32:18;0,0157;0,027284;1,017145;0,84562;0,326861;1,547181;52,700001;-22,6
09.08.2025 08:37:20;0,012846;0,061116;2,006642;0,335774;0,65918;1,731984;53,299999;26,299999
09.08.2025 08:42:22;0,002484;0,038016;0,34014;1,47315;0;1,848031;53,599998;28,6
09.08.2025 08:47:24;0,004951;0,033468;0,264472;1,654861;0;1,948436;53,799999;32,099998
09.08.2025 08:52:26;0,000819;0,032377;0,254286;1,855671;0;2,140879;53,900002;37,299999
09.08.2025 08:57:28;0,000966;0,028557;0,282661;2,143062;0;2,453371;54,099998;42,700001
09.08.2025 09:02:31;0,005444;0,038071;0,348082;2,371306;0;2,752383;54,099998;43,900002
09.08.2025 09:07:35;0;0,091794;0,461498;2,461624;0;3,015097;54,099998;45,799999
09.08.2025 09:12:34;0;0,201171;0,471053;2,482396;0;3,154436;54,099998;45,799999
09.08.2025 09:17:36;0,002916;0,17589;0,565687;2,464466;0;3,203133;54,099998;45,799999
09.08.2025 09:22:39;0;0,2132;0,601166;2,477363;0;3,29191;54,099998;45,799999
09.08.2025 09:27:40;0;0,490917;0,444198;2,483969;0;3,418537;54,099998;45,799999
09.08.2025 09:32:42;0;0,572235;0,405985;2,477017;0;3,4556;54,099998;45,799999
09.08.2025 09:37:42;0;0,68335;0,364014;2,474304;0;3,521851;54,099998;45,799999
09.08.2025 09:42:44;0,00025;0,707018;0,406712;2,474834;0;3,587655;54,099998;45,700001
09.08.2025 09:47:46;0;0,764859;0,404166;2,482474;0;3,652045;54,099998;45,799999
09.08.2025 09:52:47;0;0,816857;0,400034;2,481049;0;3,697757;54,099998;45,599998
09.08.2025 09:57:50;0;0,87528;0,398844;2,459959;0;3,734264;54,200001;45,599998
09.08.2025 10:02:51;0;0,910296;0,409159;2,479406;0;3,798496;54,200001;45,599998
09.08.2025 10:07:52;0;0,951175;0,388719;2,470829;0;3,810905;54,200001;45,599998
09.08.2025 10:12:54;0;0,949117;0,407076;2,472833;0;3,828844;54,200001;45,599998
09.08.2025 10:17:57;0;0,95523;0,409721;2,466485;0;3,831437;54,299999;45,599998
09.08.2025 10:22:59;0;0,900006;0,474013;2,479745;0;3,853946;54,400002;45,5
09.08.2025 10:28:00;0;0,889491;0,475953;2,474479;0;3,840105;54,400002;45,400002
09.08.2025 10:32:59;0;0,803398;0,551154;2,483131;0;3,837866;54,599998;45,400002
09.08.2025 10:38:01;0;0,769043;0,571144;2,463193;0;3,803016;55;45
09.08.2025 10:43:02;0,002076;0,97344;0,725244;2,148356;0;3,845215;56,200001;24,200001
09.08.2025 10:48:04;0;3,193311;0,277205;0,379065;0,004365;3,845215;54,5;0
09.08.2025 10:53:06;0;3,634765;0,20663;0;0;3,841213;54;0
09.08.2025 10:58:08;0;2,48793;1,346007;0;0;3,833937;53,799999;0
09.08.2025 11:03:09;0;1,817307;2,037398;0;0;3,854705;53,700001;0
09.08.2025 11:08:11;0;1,873496;2,007006;0;0;3,880138;53,700001;0
09.08.2025 11:13:14;0;1,711402;2,152668;0;0;3,864069;53,599998;0
09.08.2025 11:18:16;0;1,603022;2,273661;0;0;3,876864;53,599998;0
09.08.2025 11:23:18;0;1,721798;2,17362;0;0;3,895781;53,599998;0
09.08.2025 11:28:20;0;1,840574;2,072487;0;0;3,912879;53,599998;0
09.08.2025 11:33:22;0;1,950983;1,997911;0;0;3,94853;53,5;0
09.08.2025 11:38:24;0;1,965352;1,984815;0;0;3,950713;53,5;0
09.08.2025 11:43:25;0;2,584525;1,375663;0;0;3,960188;53,5;0
09.08.2025 11:48:27;0;3,254245;0,775227;0;0;4,028927;53,5;0
09.08.2025 11:53:30;0;2,175511;1,908648;0;0;4,084884;53,5;0
09.08.2025 11:58:31;0;2,104557;2,049443;0;0;4,15327;53,5;0
09.08.2025 12:03:34;0;2,219021;1,976814;0;0;4,195835;53,400002;0
09.08.2025 12:08:36;0;3,617849;0,600246;0;0;4,218459;53,400002;0
09.08.2025 12:13:38;0;4,04657;0,232095;0;0;4,278484;53,400002;0
09.08.2025 12:18:40;0;4,062941;0,231004;0;0;4,294126;53,400002;0
09.08.2025 12:23:41;0;4,052349;0,270096;0;0;4,322627;53,400002;0
09.08.2025 12:28:44;0;3,780131;0,533363;0;0;4,313312;53,400002;0
09.08.2025 12:33:45;0;3,765646;0,596036;0;0;4,361317;53,400002;0
09.08.2025 12:38:48;0;3,849747;0,501093;0;0;4,351746;53,400002;0
09.08.2025 12:43:49;0;3,950881;0,433613;0;0;4,383946;53,400002;0
09.08.2025 12:48:52;0;4,032127;0,309648;0;0;4,341594;53,400002;0
09.08.2025 12:53:54;0;4,040932;0,34305;0;0;4,383981;53,400002;0
09.08.2025 12:58:55;0;3,631693;0,769773;0;0;4,401466;53,400002;0
09.08.2025 13:03:58;0;1,944906;2,46993;0;0;4,415199;53,400002;0
09.08.2025 13:08:58;0;2,481445;2,00354;0;0;4,484985;53,400002;0
09.08.2025 13:14:00;0;3,037247;1,49334;0;0;4,530223;53,400002;0
09.08.2025 13:19:01;0;3,453028;1,049359;0;0;4,50257;53,400002;0
09.08.2025 13:24:04;0;4,022519;0,548229;0;0;4,570748;53,400002;0
09.08.2025 13:29:06;0;2,398257;2,157613;0;0;4,556052;53,400002;0
09.08.2025 13:34:08;0,000472;2,408261;2,07758;0;0,000546;4,485114;53,299999;0
09.08.2025 13:39:08;0,002964;2,448303;2,091064;0;0,001648;4,534424;53,299999;0
09.08.2025 13:44:09;0,021615;2,90718;1,718393;0;0,022447;4,581408;53,299999;0
09.08.2025 13:49:11;0;3,861221;0,725389;0;0;4,58661;53,299999;0
09.08.2025 13:54:13;0;3,759361;0,829431;0;0;4,588793;53,299999;0
09.08.2025 13:59:16;0;3,69583;0,836484;0;0;4,532314;53,299999;0
09.08.2025 14:04:18;0;3,609845;0,890184;0;0;4,500029;53,299999;0
09.08.2025 14:09:20;0;3,588928;0,9091;0;0;4,497846;53,299999;0
09.08.2025 14:14:21;0;3,580046;0,93402;0;0;4,513884;53,299999;0
09.08.2025 14:19:23;0;3,495799;0,97058;0;0;4,466925;53,299999;0
09.08.2025 14:24:25;0;3,397758;1,006231;0;0;4,403626;53,299999;0
09.08.2025 14:29:27;0;3,205498;1,115367;0;0;4,321047;53,299999;0
09.08.2025 14:34:30;0;3,325993;0,993483;0;0;4,319114;53,299999;0
09.08.2025 14:39:31;0;3,240784;1,033299;0;0;4,274813;53,299999;0
09.08.2025 14:44:32;0;3,143696;1,038774;0;0;4,182835;53,299999;0
09.08.2025 14:49:34;0;3,22205;0,992044;0;0;4,213366;53,299999;0
09.08.2025 14:54:35;0;3,307578;0,862117;0;0;4,169695;53,299999;0
09.08.2025 14:59:36;0;3,582601;0,504057;0;0;4,086476;53,299999;0
09.08.2025 15:04:38;0;3,792648;0,237188;0;0;4,030018;53,299999;0
09.08.2025 15:09:40;0;3,670416;0,261198;0;0;3,931796;53,299999;0
09.08.2025 15:14:41;0;3,766194;0,232501;0;0;3,998147;53,299999;0
09.08.2025 15:19:44;0;3,518344;0,446342;0;0;3,965231;53,299999;0
09.08.2025 15:24:46;0;3,550548;0,435815;0;0;3,985636;53,299999;0
09.08.2025 15:29:48;0;3,49398;0,430722;0;0;3,925248;53,299999;0
09.08.2025 15:34:49;0;3,620926;0,31645;0;0;3,937558;53,299999;0
09.08.2025 15:39:52;0;3,640354;0,269038;0;0;3,909392;53,299999;0
09.08.2025 15:44:54;0;3,631127;0,236824;0;0;3,86777;53,299999;0
09.08.2025 15:49:55;0;3,474198;0,356599;0;0;3,83098;53,299999;0
09.08.2025 15:54:57;0;3,436684;0,355782;0;0;3,792102;53,299999;0
09.08.2025 15:59:58;0;3,49336;0,33908;0;0;3,83244;53,299999;0
09.08.2025 16:04:59;0;3,590266;0,273016;0;0;3,8631;53,299999;0
09.08.2025 16:10:00;0;3,382585;0,335795;0;0;3,718562;53,299999;0
09.08.2025 16:15:03;0;2,45742;1,056573;0;0;3,513449;53,299999;0
09.08.2025 16:20:06;0;1,765608;1,993493;0;0;3,760007;53,299999;0
09.08.2025 16:25:08;0;1,277797;2,42354;0;0;3,701156;53,299999;0
09.08.2025 16:30:10;0;3,332641;0,488564;0;0;3,821205;53,200001;0
09.08.2025 16:35:12;0;3,380842;0,478378;0;0;3,859766;53,200001;0
09.08.2025 16:40:13;0;3,260676;0,6329;0;0;3,893029;53,200001;0
09.08.2025 16:45:15;0;2,904829;0,789415;0;0;3,694608;53,200001;0
09.08.2025 16:50:18;0;3,029761;0,691087;0;0;3,720123;53,200001;0
09.08.2025 16:55:19;0;2,969594;0,695679;0;0;3,665273;53,200001;0
09.08.2025 17:00:22;0;3,147239;0,303846;0;0;3,451085;53,200001;0
09.08.2025 17:05:24;0;2,671278;0,304489;0;0;2,975767;53,200001;0
09.08.2025 17:10:25;0;2,494188;0,370104;0;0;2,864475;53,200001;0
09.08.2025 17:15:27;0;2,809881;0,361967;0;0;3,172211;53,200001;0
09.08.2025 17:20:30;0;2,985163;0,39558;0;0;3,380743;53,200001;0
09.08.2025 17:25:33;0;2,9286;0,372375;0;0;3,300249;53,200001;0
09.08.2025 17:30:34;0;1,342996;1,000814;0;0;2,343993;53,200001;0
09.08.2025 17:35:33;0;1,604041;0,803214;0;0;2,406704;53,200001;0
09.08.2025 17:40:36;0;2,294438;0,299133;0;0;2,593934;53,200001;0
09.08.2025 17:45:37;0;2,939847;0,200017;0;0;3,138951;53,200001;0
09.08.2025 17:50:39;0;2,92702;0,247374;0;0;3,174394;53,200001;0
09.08.2025 17:55:41;0;2,254198;0,228094;0;0;2,482474;53,200001;0
09.08.2025 18:00:44;0;2,146685;0,280641;0;0;2,427145;53,200001;0
09.08.2025 18:05:46;0,000529;1,063527;1,244875;0;0;2,307856;53,200001;0
09.08.2025 18:10:47;0,008868;0,032302;2,567005;0;0,698234;1,89213;52,799999;-20,799999
09.08.2025 18:15:50;0,004175;0,032995;3,160654;0;0,947797;2,242226;52,799999;-19
09.08.2025 18:20:52;0,007583;0,027466;2,427906;0,030922;0,28539;2,1929;53;-5,1
09.08.2025 18:25:53;0,001238;0,039054;1,211781;0,911208;0,051282;2,108937;53,700001;30,9
09.08.2025 18:30:54;0,000108;0,027375;0,361709;1,643022;0;2,032288;55,400002;30,6
09.08.2025 18:35:55;0;1,272188;0,163517;0,443468;0,00146;1,877531;54,799999;0
09.08.2025 18:40:58;0;1,532103;0,14721;0;0;1,679494;54,299999;0
09.08.2025 18:45:59;0;1,426398;0,146363;0;0;1,572395;54,099998;0
09.08.2025 18:50:59;0;1,221863;0,246826;0;0;1,468506;54;0
09.08.2025 18:56:02;0;1,110779;0,249821;0;0;1,361144;53,900002;0
09.08.2025 19:01:03;0;0,967052;0,264256;0;0;1,231491;53,900002;0
09.08.2025 19:06:06;0;0,681479;0,439091;0;0;1,121113;53,799999;0
09.08.2025 19:11:08;0;0,680097;0,362694;0;0;1,041882;53,799999;0
09.08.2025 19:16:09;0;0,723236;0,243086;0;0;0,966505;53,700001;0
09.08.2025 19:21:12;0;0,675677;0,197246;0;0;0,873105;53,700001;0
09.08.2025 19:26:13;0,000816;0,585451;0,210237;0;0;0,794958;53,700001;0
09.08.2025 19:31:16;0,00558;0,366936;0,365486;0;0,006527;0,720094;53,599998;0
09.08.2025 19:36:17;0;0,193629;0,469383;0;0;0,66283;53,599998;0
09.08.2025 19:41:20;0;0,171684;0,433289;0;0;0,605517;53,599998;0
09.08.2025 19:46:20;0;0,160767;0,38562;0;0;0,546387;53,599998;0
09.08.2025 19:51:23;0;0,090465;0,382527;0;0;0,472811;53,599998;0
09.08.2025 19:56:25;0,002262;0,029649;0,368151;0;0;0,395071;53,599998;0
09.08.2025 20:01:25;0,000006;0,042114;0,298828;0;0;0,341309;53,599998;0
09.08.2025 20:06:27;0;0,072211;0,20081;0;0;0,272839;53,5;0
09.08.2025 20:11:29;0,015882;0,002546;0,203356;0;0;0,190624;53,5;0
09.08.2025 20:16:32;0,022815;0,016316;0,287167;0;0,135244;0,145759;53,200001;-3,4
09.08.2025 20:21:33;0,024671;0,020257;0,396384;0;0,283966;0,107308;53;-6
09.08.2025 20:26:34;0,002469;0,03139;0,409889;0;0,380507;0,058399;52,900002;-7,6
09.08.2025 20:31:36;0,002632;0,023282;0,390342;0;0,390888;0,020372;52,900002;-7,3
09.08.2025 20:36:38;0,000153;0,022373;0,375063;0;0,394707;0,002183;52,900002;-7,7
09.08.2025 20:41:39;0,000308;0,01971;0,392004;0;0,409706;0,00146;52,900002;-7,7
09.08.2025 20:46:41;0,000682;0,025465;0,34014;0;0,364331;0,000728;52,900002;-6,2
09.08.2025 20:51:42;0;0,020075;0,31207;0;0,33251;0;52,900002;-6,3
09.08.2025 20:56:41;0,000006;0,021311;0,319669;0;0,34098;0;52,900002;-6,6
09.08.2025 21:01:43;0,007156;0,02692;0,332864;0;0,352508;0;52,900002;-7,6
09.08.2025 21:06:45;0,000017;0,021827;0,379792;0;0,401619;0;52,900002;-7,6
09.08.2025 21:11:47;0;0,024374;0,375063;0;0,399437;0;52,900002;-7,5
09.08.2025 21:16:49;0;0,024737;0,37288;0;0,397254;0;52,900002;-7,6
09.08.2025 21:21:51;0;0,0231;0,370334;0;0,393798;0;52,900002;-7,3
09.08.2025 21:26:54;0,000051;0,022299;0,271576;0;0,293875;0;53;-5,3
09.08.2025 21:31:56;0,00831;0,024192;0,361239;0;0,377246;0;52,900002;-8,4
09.08.2025 21:36:56;0;0,023254;0,41272;0;0,435608;0;52,900002;-8
09.08.2025 21:41:57;0,010516;0,024455;0,464273;0;0,478325;0;52,900002;-10,4
09.08.2025 21:46:59;0,001296;0,025283;0,490747;0;0,514757;0;52,900002;-9,3
09.08.2025 21:52:01;0,000699;0,025647;0,454368;0;0,47947;0;52,900002;-8,9
09.08.2025 21:57:01;0;0,021057;0,445679;0;0,46637;0;52,900002;-8,8
09.08.2025 22:02:02;0,000074;0,02482;0,376309;0;0,401494;0;52,900002;-7,4
09.08.2025 22:07:06;0,004382;0,024033;0,424275;0;0,443609;0;52,900002;-8
09.08.2025 22:12:07;0,005697;0,028105;0,32959;0;0,352219;0;53;-6,3
09.08.2025 22:17:09;0,002007;0,03074;0,297213;0;0,325406;0;53;-4,5
09.08.2025 22:22:11;0,000028;0,022191;0,239735;0;0,262471;0;53;-4,8
09.08.2025 22:27:13;0,009424;0,028193;0,299032;0;0,317403;0;52,900002;-7,3
09.08.2025 22:32:13;0,006214;0,022522;0,375;0;0,391663;0;52,900002;-8,1
09.08.2025 22:37:15;0,007185;0,024374;0,36706;0;0,383976;0;52,900002;-7,3
09.08.2025 22:42:16;0,000074;0,025915;0,353679;0;0,379229;0;52,900002;-7,1
09.08.2025 22:47:17;0,005749;0,033762;0,358424;0;0,387076;0;52,900002;-8,4
09.08.2025 22:52:19;0,002939;0,023464;0,331409;0;0,351417;0;53;-6
09.08.2025 22:57:21;0,002342;0,022737;0,300487;0;0,321405;0;53;-6
09.08.2025 23:02:23;0,002757;0,026193;0,287391;0;0,310309;0;53;-5,8
09.08.2025 23:07:25;0,005519;0,033286;0,286299;0;0,314311;0;52,900002;-7,5
09.08.2025 23:12:27;0;0,02783;0,359784;0;0,387614;0;52,900002;-7
09.08.2025 23:17:29;0;0,026738;0,356146;0;0,382884;0;52,900002;-7,3
09.08.2025 23:22:31;0,000057;0,025283;0,354691;0;0,379974;0;52,900002;-7,2
09.08.2025 23:27:33;0,002467;0,025465;0,401256;0;0,424174;0;52,900002;-8,5
09.08.2025 23:32:35;0,006474;0,02783;0,359056;0;0,38052;0;52,900002;-8,3
09.08.2025 23:37:38;0,000074;0,023205;0,410446;0;0,43347;0;52,900002;-7,6
09.08.2025 23:42:39;0,000342;0,02409;0,393829;0;0,417736;0;52,900002;-7,7
09.08.2025 23:47:42;0,005665;0,027919;0,455407;0;0,477525;0;52,799999;-12,2
09.08.2025 23:52:43;0;0,023542;0,61027;0;0,63363;0;52,799999;-11,8
09.08.2025 23:57:45;0;0,024556;0,568233;0;0,592789;0;52,900002;-10,4
10.08.2025 00:02:47;0,000085;0,024374;0,487473;0;0,512028;0;52,900002;-9,1
10.08.2025 00:07:49;0,001552;0,020372;0,531491;0;0,550408;0;52,799999;-10,9
10.08.2025 00:12:51;0,000028;0,024919;0,484563;0;0,509118;0;52,900002;-7,4
10.08.2025 00:17:53;0;0,02692;0,371061;0;0,398345;0;52,900002;-7,3
10.08.2025 00:22:55;0,000506;0,022737;0,349962;0;0,371789;0;52,900002;-6,5
10.08.2025 00:27:57;0,00353;0,019644;0,315766;0;0,331773;0;52,900002;-6,2
10.08.2025 00:32:59;0,002996;0,029649;0,421628;0;0,448548;0;52,900002;-8,4
10.08.2025 00:38:01;0,001347;0,032741;0,412533;0;0,444;0;52,900002;-8,2
10.08.2025 00:43:03;0,005121;0,024556;0,450003;0;0,469284;0;52,900002;-9,8
10.08.2025 00:48:04;0,000833;0,02628;0,491282;0;0,516467;0;52,900002;-9,9
10.08.2025 00:53:07;0,004;0,038797;0,411897;0;0,447249;0;52,900002;-7,6
10.08.2025 00:58:08;0,005714;0,020622;0,347475;0;0,362074;0;52,900002;-6,4
10.08.2025 01:03:11;0,013971;0,02103;0,332853;0;0,339924;0;52,900002;-6,9
10.08.2025 01:08:12;0,011338;0,02774;0,34419;0;0,360614;0;52,900002;-8,8
10.08.2025 01:13:14;0,003672;0,028557;0,478014;0;0,50257;0;52,799999;-10
10.08.2025 01:18:17;0,015132;0,036077;0,913352;0;0,9342;0;52,799999;-9,4
10.08.2025 01:23:19;0,014568;0,022009;0,531855;0;0,539494;0;52,799999;-10,7
10.08.2025 01:28:21;0,001302;0,024192;0,526398;0;0,54968;0;52,900002;-10,9
10.08.2025 01:33:23;0,000165;0,028921;0,451458;0;0,479833;0;52,900002;-9,5
10.08.2025 01:38:25;0,007003;0,030376;0,537675;0;0,561139;0;52,900002;-10
10.08.2025 01:43:27;0,003536;0,03074;0,439089;0;0,466191;0;52,900002;-8,2
10.08.2025 01:48:29;0,007486;0,035651;0,510028;0;0,538767;0;52,799999;-10,9
10.08.2025 01:53:31;0,002825;0,023282;0,545315;0;0,565687;0;52,900002;-9,9
10.08.2025 01:58:32;0,000502;0,02555;0,441643;0;0,466463;0;52,900002;-7,8
10.08.2025 02:03:35;0,000057;0,029913;0,350982;0;0,380896;0;52,900002;-6,7
10.08.2025 02:08:37;0;0,02019;0,274658;0;0,294848;0;52,900002;-5,4
10.08.2025 02:13:39;0,000074;0,027466;0,209177;0;0,236643;0;53;-3,3
10.08.2025 02:18:41;0,000102;0,02692;0,158974;0;0,185531;0;53;-3,5
10.08.2025 02:23:42;0,000034;0,021717;0,163882;0;0,1856;0;53;-3,4
10.08.2025 02:28:45;0,006747;0,030457;0,200147;0;0,223715;0;53;-7
10.08.2025 02:33:46;0,00004;0,024455;0,333605;0;0,358059;0;52,900002;-6,5
10.08.2025 02:38:49;0,000006;0,021755;0,319075;0;0,341193;0;52,900002;-6,4
10.08.2025 02:43:51;0,000028;0,02019;0,311764;0;0,331591;0;52,900002;-6,2
10.08.2025 02:48:53;0,004741;0,016188;0,277568;0;0,289028;0;53;-5
10.08.2025 02:53:56;0,005308;0,027919;0,168602;0;0,191082;0;53;-3,4
10.08.2025 02:58:56;0,002243;0,021973;0,212769;0;0,232544;0;53;-4,6
10.08.2025 03:03:59;0;0,018492;0,227341;0;0,245833;0;53;-4,6
10.08.2025 03:09:01;0,005445;0,02983;0,309945;0;0,334683;0;52,900002;-7
10.08.2025 03:14:03;0,002751;0,026193;0,286663;0;0,310127;0;52,900002;-5,6
10.08.2025 03:19:05;0,000006;0,019826;0,26811;0;0,287936;0;53;-5,5
10.08.2025 03:24:06;0,00004;0,020987;0,276301;0;0,296923;0;53;-5,5
10.08.2025 03:29:09;0,001241;0,022299;0,232417;0;0,253447;0;53;-3,6
10.08.2025 03:34:11;0,008259;0,021463;0,164431;0;0,177891;0;53;-3,4
10.08.2025 03:39:12;0,007271;0,037777;0,236151;0;0,266811;0;53;-5,4
10.08.2025 03:44:15;0,007478;0,023205;0,270851;0;0,286261;0;52,900002;-24,4
10.08.2025 03:49:17;0,002785;0,028739;0,412533;0;0,438362;0;52,900002;-8,5
10.08.2025 03:54:18;0,002395;0,02774;0,395654;0;0,421021;0;52,900002;-8,5
10.08.2025 03:59:20;0,002109;0,026738;0,382703;0;0,40744;0;52,900002;-9,3
10.08.2025 04:04:23;0,007835;0,030457;0,298045;0;0,321069;0;52,900002;-4,3
10.08.2025 04:09:25;0,006139;0,034742;0,249557;0;0,277568;0;53;-3,2
10.08.2025 04:14:27;0,002552;0,025829;0,144423;0;0,167887;0;53;-3,4
10.08.2025 04:19:28;0,004791;0,02847;0,155853;0;0,179395;0;53;-4,4
10.08.2025 04:24:29;0,002977;0,026827;0,206222;0;0,230494;0;53;-4,5
10.08.2025 04:29:28;0,007475;0,03362;0,3024;0;0,327936;0;52,900002;-6,9
10.08.2025 04:34:28;0,00103;0,020508;0,309082;0;0,328674;0;52,900002;-5,4
10.08.2025 04:39:28;0,001127;0,023254;0,261108;0;0,283264;0;52,900002;-5,1
10.08.2025 04:44:29;0,010819;0,016425;0,277761;0;0,283418;0;52,900002;-5,3
10.08.2025 04:49:29;0,000921;0,02655;0,211304;0;0,237122;0;53;-3,1
10.08.2025 04:54:29;0,000006;0,020142;0,15271;0;0,172668;0;53;-3,3
10.08.2025 04:59:28;0,000947;0,017086;0,168286;0;0,184269;0;53;-3,4
10.08.2025 05:04:27;0,001958;0,019658;0,209806;0;0,227626;0;53;-4,6
10.08.2025 05:09:29;0,004911;0,028193;0,344505;0;0,367787;0;52,900002;-6,8
10.08.2025 05:14:29;0,000017;0,024536;0,333252;0;0,357788;0;52,900002;-6,7
10.08.2025 05:19:29;0,000006;0,022522;0,299194;0;0,322266;0;52,900002;-5,3
10.08.2025 05:24:28;0,000936;0,018004;0,263819;0;0,280353;0;52,900002;-5,4
10.08.2025 05:29:29;0,001209;0,018797;0,171547;0;0,189067;0;53;-3,2
10.08.2025 05:34:31;0,000006;0,018553;0,14988;0;0,168251;0;53;-3,4
10.08.2025 05:39:31;0,004446;0,02417;0,202881;0;0,222656;0;52,900002;-5,2
10.08.2025 05:44:31;0,009436;0,031677;0,348999;0;0,371521;0;52,900002;-8,5
10.08.2025 05:49:31;0,000366;0,020142;0,428101;0;0,447693;0;52,799999;-8,4
10.08.2025 05:54:30;0,004495;0,015616;0,433207;0;0,444597;0;52,799999;-8,3
10.08.2025 05:59:30;0,000114;0,023438;0,381958;0;0,404846;0;52,799999;-7,6
10.08.2025 06:04:31;0,000017;0,023177;0,366819;0;0,389996;0;52,900002;-6
10.08.2025 06:09:30;0,004007;0,024067;0,249856;0;0,267493;0,002939;52,900002;-3,7
10.08.2025 06:14:30;0,020124;0,022156;0,202515;0;0,176147;0,028564;52,900002;-3,4
10.08.2025 06:19:30;0,010483;0,023254;0,186401;0;0,15033;0,04834;53;0
10.08.2025 06:24:32;0,015495;0,027284;0,252103;0;0,18644;0,07785;52,900002;-5,5
10.08.2025 06:29:32;0,000017;0,020508;0,3479;0;0,253601;0,114258;52,900002;-4,2
10.08.2025 06:34:32;0,004566;0,02417;0,328491;0;0,206909;0,141357;52,900002;-3,9
10.08.2025 06:39:31;0,004168;0,020209;0,31379;0;0,169204;0,160937;53;-2,8
10.08.2025 06:44:33;0,034838;0,000728;0,253195;0;0,010004;0,208813;53,099998;0
10.08.2025 06:49:32;0,00081;0,105821;0,144402;0,003491;0;0,252796;53,099998;1,4
10.08.2025 06:54:33;0,001739;0,030112;0,177387;0,086321;0;0,291995;53,200001;2,1
10.08.2025 06:59:35;0,001808;0,025647;0,192443;0,1115;0;0,327407;53,200001;2,3
10.08.2025 07:04:36;0,005709;0,067889;0,236516;0,058947;0,00438;0,353314;53,200001;0
10.08.2025 07:09:36;0,002821;0,082947;0,30249;0,000183;0,000732;0,382324;53,099998;0
10.08.2025 07:14:37;0,000006;0,100921;0,312435;0;0;0,413904;53,099998;0
10.08.2025 07:19:38;0,000553;0,124828;0,313165;0,003285;0;0,440183;53,200001;1,4
10.08.2025 07:24:38;0,005854;0,033691;0,262573;0,177063;0;0,468018;53,299999;5,1
10.08.2025 07:29:39;0,00057;0,02409;0,231771;0,238889;0;0,493472;53,400002;5,1
10.08.2025 07:34:38;0,004036;0,015249;0,245814;0,2787;0;0,535721;53,400002;5,1
10.08.2025 07:39:40;0,012488;0,020554;0,274658;0,287573;0,002001;0,568233;53,400002;3,5
10.08.2025 07:44:40;0,008371;0,06134;0,875977;0,026733;0,35614;0,600586;52,700001;-26,6
10.08.2025 07:49:40;0;0,04248;1,952271;0;1,359924;0,634277;52,599998;-17,1
10.08.2025 07:54:40;0,000195;0,042664;2,839966;0;2,208252;0,674561;52,099998;-57,599998
10.08.2025 07:59:40;0,000006;0,050354;3,817383;0;3,127258;0,740479;51,900002;-57,599998
10.08.2025 08:04:40;0;0,058411;3,098511;0;2,320496;0,836426;52,200001;-31,200001
10.08.2025 08:09:40;0,000389;0,044495;1,133789;0,396057;0,622925;0,950684;52,900002;14,9
10.08.2025 08:14:40;0;0,023804;0,194458;0,85968;0;1,078125;53,200001;17,200001
10.08.2025 08:19:40;0,003181;0,026917;0,212769;0,951782;0;1,187256;53,400002;19,5
10.08.2025 08:24:40;0,005871;0,030762;0,278687;1,024109;0;1,328613;53,400002;18,9
10.08.2025 08:29:41;0,003639;0,025185;0,381419;1,064506;0;1,467277;53,5;20,6
10.08.2025 08:34:40;0,00132;0,033988;0,389482;1,172671;0;1,594671;53,700001;23,799999
10.08.2025 08:39:40;0,000166;0,0271;0,387817;1,333557;0;1,747559;53,799999;26,700001
10.08.2025 08:44:40;0,000069;0,026184;0,315674;1,534241;0;1,877197;53,900002;31,700001
10.08.2025 08:49:40;0,000132;0,031311;0,236938;1,772095;0;2,039795;54;34,700001
10.08.2025 08:54:40;0;0,030212;0,256348;1,969666;0;2,255859;54,099998;38,299999
10.08.2025 08:59:40;0,006466;0,034424;0,276489;2,154236;0;2,45874;54,099998;40,700001
10.08.2025 09:04:40;0,017218;0,039368;0,999023;1,701599;0;2,723145;53,799999;16,200001
10.08.2025 09:09:43;0,011257;0,052756;1,47137;1,460311;0;2,972473;54;45,799999
10.08.2025 09:14:42;0;0,128235;0,473625;2,483314;0;3,085725;54,099998;45,799999
10.08.2025 09:19:42;0,011261;0,063904;1,033447;2,037598;0;3,123779;53,900002;15,2
10.08.2025 09:24:44;0,00602;0,136965;1,467875;1,645221;0;3,243513;54,099998;45,799999
10.08.2025 09:29:43;0;0,556114;0,425858;2,483682;0;3,465654;54,200001;45,700001
10.08.2025 09:34:44;0;0,685824;0,370469;2,466631;0;3,522925;54,200001;45,700001
10.08.2025 09:39:45;0,001506;0,666115;0,417188;2,470281;0;3,552124;54,200001;45,700001
10.08.2025 09:44:45;0,001368;0,650757;0,559204;2,475586;0;3,684814;54,200001;45,700001
10.08.2025 09:49:45;0,000423;0,668701;0,593994;2,47467;0;3,736084;54,200001;45,700001
10.08.2025 09:54:44;0,012298;0,67057;0,545275;2,41736;0;3,621446;54,200001;45,700001
10.08.2025 09:59:44;0,000006;0,810608;0,497681;2,477417;0;3,785889;54,299999;45,700001
10.08.2025 10:04:46;0;0,841982;0,45073;2,475744;0;3,768092;54,299999;45,599998
10.08.2025 10:09:46;0;0,922302;0,390747;2,475769;0;3,789551;54,400002;45,599998
10.08.2025 10:14:46;0;0,920471;0,365845;2,484924;0;3,770508;54,5;45,400002
10.08.2025 10:19:46;0;0,908569;0,400269;2,473755;0;3,782959;54,700001;45,099998
10.08.2025 10:24:46;0,007095;0,409241;1,340332;2,050781;0;3,793213;54,900002;29,1
10.08.2025 10:29:46;0,000561;0,086243;2,124023;1,54248;0;3,752197;56,299999;19,1
10.08.2025 10:34:46;0;1,534607;1,974243;0,271362;0,001282;3,778564;54,400002;0
10.08.2025 10:39:48;0;1,831661;1,929156;0;0;3,760817;54;0
10.08.2025 10:44:47;0;2,274978;1,548007;0;0;3,823536;53,799999;0
10.08.2025 10:49:47;0;2,673706;1,141113;0;0;3,814453;53,700001;0
10.08.2025 10:54:48;0;2,770489;1,064688;0;0;3,83536;53,700001;0
10.08.2025 10:59:47;0;2,072521;1,767366;0;0;3,839703;53,599998;0
10.08.2025 11:04:48;0;3,514713;0,361344;0;0;3,876239;53,599998;0
10.08.2025 11:09:48;0;3,518005;0,378296;0;0;3,896484;53,599998;0
10.08.2025 11:14:48;0;3,504089;0,385254;0;0;3,88916;53,5;0
10.08.2025 11:19:48;0;3,578247;0,343506;0;0;3,921387;53,5;0
10.08.2025 11:24:48;0;3,60022;0,318604;0;0;3,919189;53,5;0
10.08.2025 11:29:49;0;3,674215;0,259511;0;0;3,933178;53,5;0
10.08.2025 11:34:48;0;3,769523;0,217155;0;0;3,986678;53,5;0
10.08.2025 11:39:50;0;3,732441;0,266291;0;0;3,99946;53,5;0
10.08.2025 11:44:50;0;3,593811;0,432495;0;0;4,026123;53,5;0
10.08.2025 11:49:50;0;3,570923;0,510132;0;0;4,081055;53,400002;0
10.08.2025 11:54:50;0;3,606079;0,528076;0;0;4,133789;53,400002;0
10.08.2025 11:59:50;0;3,387634;0,805664;0;0;4,193115;53,400002;0
10.08.2025 12:04:49;0;2,085565;2,167503;0;0;4,253436;53,400002;0
10.08.2025 12:09:50;0;2,208945;2,077547;0;0;4,287223;53,400002;0
10.08.2025 12:14:52;0;3,708795;0,620982;0;0;4,32905;53,400002;0
10.08.2025 12:19:52;0;3,621643;0,747437;0;0;4,368896;53,400002;0
10.08.2025 12:24:51;0;4,09948;0,308646;0;0;4,408494;53,400002;0
10.08.2025 12:29:53;0;4,147521;0,289573;0;0;4,43673;53,400002;0
10.08.2025 12:34:54;0;3,928616;0,541652;0;0;4,47045;53,400002;0
10.08.2025 12:39:54;0,005064;3,377197;1,111084;0;0,002197;4,481689;53,400002;0
10.08.2025 12:44:57;0,026678;0,888515;3,656308;0;0,050399;4,467773;53,299999;0
10.08.2025 12:49:57;0,020004;1,467957;3,115356;0;0,068848;4,494141;53,200001;0
10.08.2025 12:54:56;0,009232;2,533837;1,979376;0;0,013228;4,490065;53,299999;0
10.08.2025 12:59:56;0,011227;2,855713;1,661133;0;0,033875;4,472168;53,200001;0
10.08.2025 13:04:56;0;4,126465;0,369141;0;0;4,495605;53,299999;0
10.08.2025 13:09:56;0;4,273315;0,285645;0;0;4,559326;53,299999;0
10.08.2025 13:14:56;0;4,236694;0,415649;0;0;4,651611;53,299999;0
10.08.2025 13:19:56;0;4,208313;0,421875;0;0;4,629639;53,299999;0
10.08.2025 13:24:55;0;4,232676;0,406751;0;0;4,639978;53,299999;0
10.08.2025 13:29:56;0;4,232291;0,34711;0;0;4,579948;53,299999;0
10.08.2025 13:34:56;0;4,2995;0,299561;0;0;4,599609;53,299999;0
10.08.2025 13:39:56;0;4,443604;0,203979;0;0;4,647217;53,299999;0
10.08.2025 13:44:55;0;4,428886;0,242508;0;0;4,670843;53,299999;0
10.08.2025 13:49:55;0;4,293823;0,33252;0;0;4,625977;53,299999;0
10.08.2025 13:54:56;0;4,262038;0,359519;0;0;4,621558;53,299999;0
10.08.2025 13:59:56;0;4,15979;0,433228;0;0;4,593018;53,299999;0
10.08.2025 14:04:56;0;3,738647;0,828003;0;0;4,567383;53,299999;0
10.08.2025 14:09:55;0;3,512134;1,041313;0;0;4,553263;53,299999;0
10.08.2025 14:14:57;0;3,381752;1,112457;0;0;4,494209;53,299999;0
10.08.2025 14:19:57;0;3,39917;1,060913;0;0;4,460449;53,299999;0
10.08.2025 14:24:57;0;3,386169;1,063843;0;0;4,449463;53,299999;0
10.08.2025 14:29:58;0;3,309951;1,077828;0;0;4,387961;53,299999;0
10.08.2025 14:34:58;0;3,239502;1,128662;0;0;4,368164;53,299999;0
10.08.2025 14:39:58;0;3,121033;1,153564;0;0;4,274414;53,299999;0
10.08.2025 14:44:58;0;3,537231;0,664673;0;0;4,201904;53,299999;0
10.08.2025 14:49:58;0;3,604614;0,615234;0;0;4,220947;53,299999;0
10.08.2025 14:54:58;0;3,701477;0,489258;0;0;4,190186;53,299999;0
10.08.2025 14:59:58;0;3,70459;0,429199;0;0;4,133789;53,200001;0
10.08.2025 15:04:58;0;3,740112;0,390015;0;0;4,129395;53,299999;0
10.08.2025 15:10:00;0;3,741536;0,389978;0;0;4,131878;53,200001;0
10.08.2025 15:15:00;0;3,652039;0,403931;0;0;4,056152;53,200001;0
10.08.2025 15:20:00;0,000092;3,529175;0,499512;0;0;4,02832;53,200001;0
10.08.2025 15:25:00;0;3,496216;0,510864;0;0;4,00708;53,200001;0
10.08.2025 15:30:00;0;3,440735;0,523315;0;0;3,9646;53,200001;0
10.08.2025 15:35:01;0;3,439341;0,517197;0;0;3,956538;53,200001;0
10.08.2025 15:40:02;0;3,448466;0,430328;0;0;3,878429;53,200001;0
10.08.2025 15:45:02;0;3,465088;0,355591;0;0;3,821045;53,200001;0
10.08.2025 15:50:04;0;3,346828;0,455823;0;0;3,803016;53,200001;0
10.08.2025 15:55:03;0;3,195405;0,591939;0;0;3,786793;53,200001;0
10.08.2025 16:00:03;0;3,075989;0,696167;0;0;3,771973;53,200001;0
10.08.2025 16:05:04;0;3,137673;0,644945;0;0;3,782071;53,200001;0
10.08.2025 16:10:03;0;3,144515;0,618394;0;0;3,763277;53,200001;0
10.08.2025 16:15:04;0;3,063032;0,642755;0;0;3,706152;53,200001;0
10.08.2025 16:20:03;0;3,101158;0,603329;0;0;3,704487;53,200001;0
10.08.2025 16:25:04;0;2,84586;0,787658;0;0;3,633883;53,200001;0
10.08.2025 16:30:05;0;2,629601;0,984755;0;0;3,614173;53,200001;0
10.08.2025 16:35:03;0;3,067508;0,467103;0;0;3,533321;53,200001;0
10.08.2025 16:40:04;0;2,917399;0,575231;0;0;3,492265;53,200001;0
10.08.2025 16:45:04;0;2,762878;0,661743;0;0;3,424805;53,200001;0
10.08.2025 16:50:06;0;2,776958;0,647902;0;0;3,425406;53,200001;0
10.08.2025 16:55:05;0;1,918382;1,428958;0;0;3,346605;53,200001;0
10.08.2025 17:00:05;0;0,98291;2,290283;0;0;3,273193;53,200001;0
10.08.2025 17:05:05;0;2,289917;0,900146;0;0;3,189697;53,200001;0
10.08.2025 17:10:06;0;2,455864;0,679984;0;0;3,136031;53,200001;0
10.08.2025 17:15:06;0;1,220581;1,836182;0;0;3,057129;53,200001;0
10.08.2025 17:20:05;0;2,477252;0,569525;0;0;3,046777;53,200001;0
10.08.2025 17:25:05;0;2,512756;0,540161;0;0;3,052734;53,200001;0
10.08.2025 17:30:05;0;2,43512;0,563599;0;0;2,999268;53,200001;0
10.08.2025 17:35:06;0;2,442907;0,543841;0;0;2,986383;53,200001;0
10.08.2025 17:40:06;0;2,339905;0,586304;0;0;2,926025;53,200001;0
10.08.2025 17:45:05;0;2,360591;0,499713;0;0;2,859385;53,200001;0
10.08.2025 17:50:05;0;2,210999;0,535034;0;0;2,746582;53,200001;0
10.08.2025 17:55:06;0;2,016046;0,576691;0;0;2,592189;53,200001;0
10.08.2025 18:00:06;0;1,792236;0,640869;0;0;2,433105;53,200001;0
10.08.2025 18:05:06;0;0,786255;1,5271;0;0;2,313721;53,200001;0
10.08.2025 18:10:06;0,032793;0,102722;4,030884;0;1,932129;2,168701;52,400002;-59
10.08.2025 18:15:06;0,001699;0,053833;3,713379;0;1,663513;2,101318;52,700001;-26,1
10.08.2025 18:20:06;0,001356;0,034241;3,103638;0;1,114746;2,022217;52,900002;-12
10.08.2025 18:25:06;0,008938;0,038818;1,799927;0,443665;0,26825;2,005371;53,299999;24,200001
10.08.2025 18:30:05;0,000189;0,025721;0,620232;1,266184;0;1,912136;53,5;22,6
10.08.2025 18:35:05;0,000097;0,026184;0,614502;1,155396;0;1,795898;53,599998;21,4
10.08.2025 18:40:06;0,003667;0,02628;0,562091;1,091515;0;1,676054;53,700001;16,700001
10.08.2025 18:45:06;0,000092;0,026367;0,648926;0,912781;0;1,587891;54;16,4
10.08.2025 18:50:06;0,000132;0,021423;0,634277;0,837524;0;1,493408;54,799999;14,4
10.08.2025 18:55:07;0,000302;0,243269;0,61319;0,538732;0,00146;1,393548;55,400002;0
10.08.2025 19:00:07;0;0,726013;0,536865;0;0;1,263428;54,599998;0
10.08.2025 19:05:08;0;0,670312;0,497852;0;0;1,167252;54,299999;0
10.08.2025 19:10:07;0,000293;0,587897;0,507061;0;0;1,095693;54,200001;0
10.08.2025 19:15:07;0;0,502441;0,518921;0;0;1,020996;54;0
10.08.2025 19:20:08;0,00369;0,402771;0,536907;0;0,003832;0,932195;53,900002;0
10.08.2025 19:25:07;0;0,241956;0,604432;0;0;0,846572;53,900002;0
10.08.2025 19:30:08;0;0,186877;0,592751;0;0;0,778898;53,799999;0
10.08.2025 19:35:08;0;0,118103;0,598755;0;0;0,717041;53,799999;0
10.08.2025 19:40:07;0,000212;0,026639;0,622804;0;0;0,649626;53,799999;0
10.08.2025 19:45:08;0,00864;0,036317;0,552601;0;0,002737;0,576691;53,700001;0
10.08.2025 19:50:08;0,025566;0;0,544922;0;0;0,519287;53,700001;0
10.08.2025 19:55:07;0,045935;0,017453;0,541233;0;0,080101;0,432839;53,400002;-4,4
10.08.2025 20:00:08;0,012421;0,026097;0,599321;0;0,261883;0,351125;53,099998;-6,7
10.08.2025 20:05:07;0,00035;0,023148;0,738178;0;0,467929;0,293214;52,900002;-10
10.08.2025 20:10:07;0,007639;0,018677;0,757324;0;0,552979;0,216064;52,900002;-9,6
10.08.2025 20:15:10;0,001496;0,033539;0,714655;0;0,582856;0,163163;52,799999;-11,7
10.08.2025 20:20:11;0,004363;0,032119;0,814667;0;0,714659;0,127748;52,799999;-14,6
10.08.2025 20:25:13;0,000614;0,038925;0,743942;0;0,701743;0,08076;52,799999;-11,7
10.08.2025 20:30:13;0,002672;0,038818;0,743774;0;0,738831;0,040283;52,799999;-14,2
10.08.2025 20:35:16;0,002844;0,035171;0,727708;0;0,753271;0,007252;52,799999;-15,6
10.08.2025 20:40:17;0,00008;0,028652;0,780358;0;0,809375;0;52,799999;-15,5
10.08.2025 20:45:18;0,006199;0,032849;0,905551;0;0,931648;0;52,799999;-18
10.08.2025 20:50:19;0,000605;0,025185;0,93621;0;0,96103;0;52,799999;-17,5
10.08.2025 20:55:21;0,000171;0,028011;0,888365;0;0,916194;0;52,799999;-16,200001
10.08.2025 21:00:23;0,003945;0,027648;0,783594;0;0,807422;0;52,799999;-24,4
10.08.2025 21:05:23;0,000235;0,030579;0,552612;0;0,582642;0;52,900002;-6,9
10.08.2025 21:10:27;0;0,025659;0,324169;0;0,349647;0;53;-6,6
10.08.2025 21:15:27;0,000275;0,024536;0,328491;0;0,353394;0;53;-6,5
10.08.2025 21:20:30;0,000187;0,02248;0,313636;0;0,335754;0;53;-6,1
10.08.2025 21:25:31;0,005948;0,028105;0,423393;0;0,445476;0;52,900002;-8,2
10.08.2025 21:30:34;0,001734;0,025018;0,476074;0;0,49928;0;52,900002;-9,9
10.08.2025 21:35:36;0,000006;0,025647;0,493657;0;0,519486;0;52,900002;-9,7
10.08.2025 21:40:38;0,006452;0,026193;0,506753;0;0,52658;0;52,900002;-11,5
10.08.2025 21:45:40;0,000807;0,028739;0,524943;0;0,552409;0;52,900002;-9,1
10.08.2025 21:50:41;0,037036;0,038872;0,683634;0;0,685459;0;52,700001;-46,799999
10.08.2025 21:55:44;0,130582;0,148479;0,972453;0;0,988951;0;52,799999;-9,9
10.08.2025 22:00:45;0,109053;0,123551;0,824887;0;0,838027;0;52,799999;-9,7
10.08.2025 22:05:47;0,102985;0,116411;1,02151;0;1,034061;0;52,900002;-9,9
10.08.2025 22:10:49;0,005832;0,020008;0,425629;0;0,439999;0;52,900002;-8,3
10.08.2025 22:15:51;0,001944;0,022918;0,418354;0;0,439635;0;52,900002;-8,2
10.08.2025 22:20:53;0,000199;0,031104;0,401983;0;0,432723;0;52,900002;-8,3
10.08.2025 22:25:53;0,001276;0,025818;0,409058;0;0,433777;0;52,900002;-8,4
10.08.2025 22:30:55;0,002018;0,029649;0,389978;0;0,417444;0;52,900002;-8,5
10.08.2025 22:35:56;0,000017;0,026462;0,361709;0;0,387989;0;53;-6,9
10.08.2025 22:40:59;0,00081;0,029732;0,339017;0;0,368205;0;53;-8,2
10.08.2025 22:46:01;0,010567;0,037652;0,53913;0;0,566232;0;52,900002;-11,6
10.08.2025 22:51:05;0,00109;0,027827;0,56594;0;0,592322;0;52,900002;-10,7
10.08.2025 22:56:04;0,002377;0,030681;0,533517;0;0,561993;0;52,900002;-10,7
10.08.2025 23:01:05;0,004625;0,033032;0,439453;0;0,46774;0;52,900002;-8,4
10.08.2025 23:06:05;0,001877;0,032959;0,424072;0;0,455566;0;52,900002;-7,2
10.08.2025 23:11:07;0,000432;0,032013;0,3325;0;0,363968;0;53;-6,2
10.08.2025 23:16:07;0,007021;0,020325;0,299194;0;0,312378;0;53;-5,5
10.08.2025 23:21:09;0,000369;0,020554;0,231004;0;0,250648;0;53;-4,1
10.08.2025 23:26:11;0,004763;0,026193;0,240462;0;0,263563;0;53;-5,6
10.08.2025 23:31:14;0;0,019217;0,275202;0;0,293331;0;53;-5,5
10.08.2025 23:36:15;0,000006;0,02044;0,269731;0;0,289805;0;53;-5,4
10.08.2025 23:41:17;0,006093;0,025283;0,364149;0;0,383612;0;53;-7,5
10.08.2025 23:46:19;0;0,027284;0,360512;0;0,387614;0;53;-7,3
10.08.2025 23:51:22;0,00136;0,022299;0,272301;0;0,29315;0;53;-4,7
10.08.2025 23:56:23;0,000006;0,017155;0,231041;0;0,248014;0;53;-4,7
04.08.2025 00:04:26;0;0;0;0;0;0;53;-5
