Uhrzeit;Netzbezug [kW];Netzeinspeisung [kW];Stromverbrauch [kW];Akkubeladung [kW];Akkuentnahme [kW];Stromerzeugung [kW];Akku Spannung [V];Akku Stromstärke [A]
22.09.2025 00:09:39;0;0,024737;0,293211;0;0,317949;0;52,299999;-5,9
22.09.2025 00:14:41;0;0,025465;0,289573;0;0,315402;0;52,299999;-6,1
22.09.2025 00:19:41;0,002243;0,026367;0,336182;0;0,359619;0;52,299999;-7,3
22.09.2025 00:24:43;0;0,025465;0,351417;0;0,377973;0;52,299999;-5,1
22.09.2025 00:29:45;0,00141;0,0211;0,243736;0;0,262653;0;52,299999;-5
22.09.2025 00:34:47;0,000045;0,022555;0,183348;0;0,206266;0;52,299999;-3,6
22.09.2025 00:39:49;0,000909;0,020372;0,177527;0;0,196808;0;52,299999;-3,8
22.09.2025 00:44:49;0,010574;0,031494;0,276123;0;0,296997;0;52,299999;-7,5
22.09.2025 00:49:51;0,000091;0,034923;0,341231;0;0,376154;0;52,200001;-7,2
22.09.2025 00:54:53;0,00341;0,018917;0,354327;0;0,369606;0;52,200001;-7
22.09.2025 00:59:55;0,008776;0,022555;0,346324;0;0,360512;0;52,200001;-5,6
22.09.2025 01:04:57;0,015143;0,035651;0,287391;0;0,307035;0;52,200001;-6,9
22.09.2025 01:09:59;0,003092;0,023282;0,17389;0;0,194625;0;52,299999;-3,7
22.09.2025 01:15:01;0,00723;0,021827;0,17389;0;0,189169;0;52,299999;-3,7
22.09.2025 01:20:03;0,003729;0,027648;0,164431;0;0,188077;0;52,299999;-3,7
22.09.2025 01:25:05;0,006366;0,02983;0,242281;0;0,2652;0;52,200001;-6
22.09.2025 01:30:07;0,004274;0,036379;0,367424;0;0,399437;0;52,200001;-7,6
22.09.2025 01:35:09;0,002274;0,0211;0,38634;0;0,405621;0;52,200001;-7,6
22.09.2025 01:40:09;0,002243;0,023438;0,391113;0;0,412354;0;52,099998;-8,6
22.09.2025 01:45:11;0,001864;0,018917;0,429995;0;0,447093;0;52,099998;-8,7
22.09.2025 01:50:13;0,002183;0,018917;0,412533;0;0,429631;0;52,200001;-6,8
22.09.2025 01:55:15;0;0,026193;0,236461;0;0,262289;0;52,200001;-4,6
22.09.2025 02:00:17;0;0,018917;0,221909;0;0,240462;0;52,200001;-4,7
22.09.2025 02:05:18;0,000137;0,01825;0,227026;0;0,245276;0;52,200001;-5
22.09.2025 02:10:21;0,008249;0,024656;0,284992;0;0,300946;0;52,200001;-6,2
22.09.2025 02:15:23;0,000136;0,02692;0,289573;0;0,31613;0;52,200001;-6,1
22.09.2025 02:20:25;0,000045;0,02401;0,292484;0;0,316857;0;52,200001;-6,1
22.09.2025 02:25:27;0,000227;0,021827;0,288846;0;0,310673;0;52,200001;-6
22.09.2025 02:30:29;0,000091;0,02401;0,269929;0;0,293575;0;52,200001;-3,7
22.09.2025 02:35:31;0,000546;0,022555;0,172434;0;0,194989;0;52,200001;-3,6
22.09.2025 02:40:31;0;0,020508;0,175049;0;0,19519;0;52,299999;-3,8
22.09.2025 02:45:33;0;0,022555;0,173162;0;0,19608;0;52,299999;-3,8
22.09.2025 02:50:35;0,00482;0,026193;0,269929;0;0,291029;0;52,200001;-6,2
22.09.2025 02:55:37;0,00191;0,026193;0,336138;0;0,360148;0;52,099998;-7,5
22.09.2025 03:00:39;0;0,027648;0,357965;0;0,386704;0;52,099998;-7,5
22.09.2025 03:05:41;0;0,024737;0,354327;0;0,377973;0;52,099998;-7
22.09.2025 03:10:43;0;0,022555;0,319404;0;0,341959;0;52,200001;-4,7
22.09.2025 03:15:45;0;0,018189;0,23064;0;0,248466;0;52,200001;-4,8
22.09.2025 03:20:47;0;0,019644;0,23064;0;0,250648;0;52,200001;-4,7
22.09.2025 03:25:49;0,004638;0,024737;0,27866;0;0,299396;0;52,200001;-5,6
22.09.2025 03:30:51;0,00573;0,028375;0,367424;0;0,389251;0;52,099998;-7,7
22.09.2025 03:35:53;0,005002;0,018189;0,389251;0;0,402347;0;52,099998;-7,7
22.09.2025 03:40:55;0,003092;0,022555;0,376154;0;0,395435;0;52,099998;-7,7
22.09.2025 03:45:57;0,001137;0,025465;0,368151;0;0,393252;0;52,099998;-7,5
22.09.2025 03:50:59;0,001182;0,023282;0,325952;0;0,348143;0;52,099998;-5,8
22.09.2025 03:56:01;0,000409;0,023282;0,240099;0;0,262653;0;52,200001;-3,9
22.09.2025 04:01:03;0,005411;0,020372;0,167341;0;0,181893;0;52,200001;-3,9
22.09.2025 04:06:05;0,000819;0,022555;0,194262;0;0,216816;0;52,200001;-3,5
22.09.2025 04:10:00;0,003565;0,021505;0,173911;0;0,190741;0;52,200001;-4
22.09.2025 04:16:08;0,012837;0,030451;0,279435;0,000597;0,297944;0;52,099998;-7,5
22.09.2025 04:21:09;0,001916;0,03139;0,356964;0;0,386164;0;52,099998;-6,9
22.09.2025 04:26:11;0,002819;0,029103;0,344141;0;0,369606;0;52,099998;-7
22.09.2025 04:31:13;0,004184;0,024737;0,343414;0;0,364149;0;52,099998;-6,9
22.09.2025 04:36:15;0,000182;0,024737;0,295394;0;0,320495;0;52,099998;-4,7
22.09.2025 04:41:17;0,000455;0,024737;0,227002;0;0,251012;0;52,200001;-4,7
22.09.2025 04:46:19;0;0,0211;0,237188;0;0,258652;0;52,200001;-5
22.09.2025 04:51:21;0,002728;0,020372;0,224092;0;0,24119;0;52,200001;-3,7
22.09.2025 04:56:21;0,005173;0,02417;0,293701;0;0,31311;0;52,099998;-5,9
22.09.2025 05:01:23;0,000045;0,027648;0,280843;0;0,30849;0;52,099998;-6
22.09.2025 05:06:25;0;0,0211;0,287391;0;0,30849;0;52,099998;-5,9
22.09.2025 05:11:25;0;0,021973;0,28418;0;0,306519;0;52,099998;-5,9
22.09.2025 05:16:27;0;0,0211;0,235733;0;0,256469;0;52,200001;-3,7
22.09.2025 05:21:29;0,00432;0,020372;0,201537;0;0,21718;0;52,099998;-5,9
22.09.2025 05:26:31;0,00191;0,02401;0,287391;0;0,309582;0;52,099998;-6,9
22.09.2025 05:31:33;0;0,02401;0,322314;0;0,346324;0;52,099998;-6,4
22.09.2025 05:36:35;0,006594;0,023282;0,443091;0;0,460553;0;52;-8,7
22.09.2025 05:41:37;0;0,023282;0,427084;0;0,450003;0;52;-8,6
22.09.2025 05:46:39;0;0,036379;0,363786;0;0,399437;0;52;-6,1
22.09.2025 05:51:38;0,001194;0,019842;0,28807;0;0,307176;0;52,099998;-5,8
22.09.2025 05:56:40;0,000227;0,025465;0,283753;0;0,308854;0;52;-6,1
22.09.2025 06:01:42;0,008231;0,02692;0,201537;0;0,220454;0;52,099998;-3,8
22.09.2025 06:06:44;0,002274;0,0211;0,229913;0;0,248829;0;52,099998;-5,1
22.09.2025 06:11:44;0,000046;0,021973;0,243164;0;0,264771;0;52;-5,3
22.09.2025 06:16:46;0,017462;0,032741;0,296849;0;0,312492;0;52;-7,5
22.09.2025 06:21:48;0,002728;0,034923;0,292484;0;0,324133;0;52;-6,2
22.09.2025 06:26:50;0;0,032013;0,280115;0;0,312492;0;52;-5,8
22.09.2025 06:31:50;0,001511;0,021973;0,292969;0;0,313843;0;52;-6
22.09.2025 06:36:52;0,010141;0,032013;0,28448;0;0,306308;0;52;-5,3
22.09.2025 06:41:54;0,007685;0,023282;0,202265;0;0,216816;0;52;-2,8
22.09.2025 06:46:56;0,013642;0,02401;0,23355;0;0,244464;0;52;-6,1
22.09.2025 06:51:58;0,002546;0,024737;0,314311;0;0,336502;0;51,900002;-6,7
22.09.2025 06:57:00;0,008003;0,034196;0,365241;0;0,39107;0;51,799999;-8,9
22.09.2025 07:02:02;0,00623;0,018917;0,419081;0;0,422355;0,010186;51,900002;-7
22.09.2025 07:07:04;0,000318;0,026193;0,350689;0;0,364877;0,011641;51,799999;-7,4
22.09.2025 07:12:06;0,014051;0,02983;1,062254;0;1,073532;0,005821;51,5;-25,799999
22.09.2025 07:17:09;0,008385;0,052937;0,501093;0;0,54134;0,004351;51,700001;-8,2
22.09.2025 07:22:10;0,01168;0,02263;0,337255;0;0,33689;0,01022;51,799999;-6,8
22.09.2025 07:27:12;0,014097;0,016734;0,476559;0;0,473649;0,005821;51,700001;-9,6
22.09.2025 07:32:14;0,002819;0,034923;0,486745;0;0,518031;0,001455;51,5;-34,400002
22.09.2025 07:37:15;0,00511;0,056209;2,171716;0;2,21515;0,0073;51;-45,700001
22.09.2025 07:42:18;0,001632;0,042785;2,380009;0;2,409378;0,011603;50,700001;-69,300003
22.09.2025 07:47:20;0,193489;0,005821;3,970357;0;3,776459;0,005821;50,5;-75,300003
22.09.2025 07:52:22;0,016507;0,044382;3,415948;0;3,438866;0,005821;50,5;-57,200001
22.09.2025 07:57:30;0;0,064919;1,94829;0;2,004291;0,008561;51,200001;-7,5
22.09.2025 08:02:26;0,002645;0,025239;0,245708;0;0,253873;0,014846;51,299999;-5,8
22.09.2025 08:07:28;0,000318;0,023282;0,272112;0;0,272112;0,021827;51,400002;-4,9
22.09.2025 08:12:28;0,000046;0,02417;0,254883;0;0,243164;0,035156;51,400002;-4,9
22.09.2025 08:17:30;0,005138;0,027648;0,333955;0;0,337593;0,018917;51,299999;-7,8
22.09.2025 08:22:32;0,031786;0,065481;2,03429;0;2,046658;0,021827;50,5;-45,099998
22.09.2025 08:27:34;0,01105;0,058206;1,292894;0;1,317268;0,023282;51;-7,3
22.09.2025 08:32:37;0,000091;0,021755;0,353158;0;0,355696;0,018854;51,099998;-6,4
22.09.2025 08:37:38;0,000182;0,0219;0,301485;0;0,30404;0,01898;51,200001;-4
22.09.2025 08:42:39;0,00365;0,0219;0,318275;0;0,30258;0,035039;51,099998;-7,8
22.09.2025 08:47:42;0,001178;0,023205;0,42785;0;0,418786;0,030457;51,099998;-8
22.09.2025 08:52:44;0,048383;0,022555;1,204858;0;1,145925;0,032013;50;-75,400002
22.09.2025 08:57:45;0,023086;0,057669;3,260129;0;3,266334;0,0292;49,799999;-53
22.09.2025 09:02:46;0,000456;0,052559;2,034478;0;2,053823;0,032119;50,099998;-32,400002
22.09.2025 09:07:48;0;0,05093;1,522807;0;1,539541;0,034923;50,099998;-30,5
22.09.2025 09:12:50;0,002228;0,047292;1,564279;0;1,550091;0,058206;50;-31,5
22.09.2025 09:17:52;0,007458;0,040016;1,602112;0;1,568644;0,066937;49,900002;-33,099998
22.09.2025 09:22:54;0,002046;0,05093;1,500252;0;1,48752;0,061116;50,200001;-12,6
22.09.2025 09:27:55;1,569156;0,01533;2,260045;0;0,65261;0,054019;50,599998;-0,4
22.09.2025 09:32:57;1,899825;0;1,978994;0;0,020372;0,058206;50,799999;-0,3
22.09.2025 09:38:00;0,492391;0;0,583037;0;0,015591;0,075418;50,799999;-0,3
22.09.2025 09:43:02;0,396981;0;0,499114;0;0,015279;0,087309;50,900002;-0,3
22.09.2025 09:48:04;0,352918;0;0,452549;0;0,015279;0,084398;50,900002;-0,3
22.09.2025 09:53:05;0,340357;0;0,448943;0;0,01533;0,091979;50,900002;-0,3
22.09.2025 09:58:08;0,30992;0;0,389416;0;0,015229;0,066716;51;-0,3
22.09.2025 10:03:10;0,29112;0;0,367424;0;0,009822;0,065481;51;0
22.09.2025 10:08:12;0,26902;0;0,341959;0;0,00291;0,069847;51;0
22.09.2025 10:13:14;0,261016;0;0,354327;0;0;0,093129;51;0
22.09.2025 10:18:14;1,185425;0;1,272217;0;0;0,086426;51;0
22.09.2025 10:23:16;2,127282;0;2,205996;0;0;0,080033;51;0
22.09.2025 10:28:18;1,188897;0;1,247785;0,029467;0;0,088764;51;0
22.09.2025 10:33:20;0,39257;0;0,460553;0,000364;0;0,066937;51;0
22.09.2025 10:38:22;0,299896;0;0,384885;0;0;0,084398;51;0
22.09.2025 10:43:24;0,225365;0;0,339776;0;0;0,114956;51;0
22.09.2025 10:48:26;0,19367;0;0,30558;0;0;0,113501;51;0
22.09.2025 10:53:28;0,180347;0;0,299759;0;0;0,117867;51;0
22.09.2025 10:58:30;0,280979;0;0,384158;0;0;0,103315;51;0
22.09.2025 11:03:32;0,288164;0;0,379065;0;0;0,091674;51;0
22.09.2025 11:08:34;0,344505;0;0,396526;0;0;0,05093;51;0
22.09.2025 11:13:36;0,414125;0;0,470739;0;0;0,058206;51;0
22.09.2025 11:18:37;0,356234;0;0,474493;0;0;0,116798;51;0
22.09.2025 11:23:40;0,30081;0;0,404645;0;0;0,102974;51;0
22.09.2025 11:28:42;0,250739;0;0,411078;0;0;0,161521;51;0
22.09.2025 11:33:44;0,252467;0;0,43727;0;0;0,184803;51;0
22.09.2025 11:38:46;0,287845;0;0,508572;0;0;0,221182;51;0
22.09.2025 11:43:47;0,235878;0;0,483252;0;0;0,246736;51;0
22.09.2025 11:48:48;1,068156;0;1,29573;0;0;0,226296;51;0
22.09.2025 11:53:50;2,383797;0;2,595247;0;0;0,212451;51;0
22.09.2025 11:58:53;1,304581;0;1,544612;0;0;0,240756;51;0
22.09.2025 12:03:54;1,069251;0;1,317629;0;0;0,248196;51;0
22.09.2025 12:08:56;0,664546;0;0,899278;0,001091;0;0,235733;51,099998;4,5
22.09.2025 12:13:58;0,281661;0;0,298304;0,223001;0;0,238643;51,299999;4,4
22.09.2025 12:19:00;0,404257;0;0,421264;0,235006;0;0,25174;51,400002;4,5
22.09.2025 12:23:59;0,391503;0;0,408589;0,230015;0;0,246917;51,400002;4,3
22.09.2025 12:29:02;0,399931;0;0,416973;0,23423;0;0,252359;51,5;4,5
22.09.2025 12:34:04;0,477923;0;0,496931;0,261926;0;0,282298;51,5;5,3
22.09.2025 12:39:06;0,418354;0;0,437998;0,192806;0;0,210996;51,5;2,6
22.09.2025 12:44:08;0,330954;0;0,351417;0,14988;0;0,170252;51,5;2,6
22.09.2025 12:49:10;0,273021;0;0,295394;0,114956;0;0,138239;51,5;2,4
22.09.2025 12:54:12;0,175345;0,000728;0,273567;0,063299;0,002546;0,158611;51,400002;0
22.09.2025 12:59:14;0,211996;0;0,376154;0;0,000364;0,164431;51,400002;0
22.09.2025 13:04:16;0,249375;0;0,408168;0;0;0,160066;51,400002;0
22.09.2025 13:09:18;0,887;0;1,057889;0;0;0,168797;51,299999;0
22.09.2025 13:14:20;1,841756;0;2,033562;0;0;0,192079;51,299999;0
22.09.2025 13:19:22;1,231415;0;1,450777;0;0;0,219727;51,299999;0
22.09.2025 13:24:23;0,339171;0;0,561361;0;0;0,223377;51,299999;0
22.09.2025 13:29:26;0,073786;0;0,328502;0;0;0,25381;51,299999;0
22.09.2025 13:34:28;0,896732;0;1,209951;0;0;0,312856;51,299999;0
22.09.2025 13:39:30;0,888365;0,007276;1,331456;0,102224;0,02692;0,526762;51,400002;0
22.09.2025 13:44:32;0,000728;0,077123;0,440181;0;0;0,515121;51,299999;0
22.09.2025 13:49:34;0,000546;0,031286;0,411805;0,174253;0;0,618436;51,5;6,7
22.09.2025 13:54:36;0,000182;0,021827;0,413261;0,30267;0;0,736302;51,599998;4,9
22.09.2025 13:59:38;0,016461;0,024737;0,68319;0,122596;0,224092;0,590788;50,900002;-32,700001
22.09.2025 14:04:40;0,002183;0,043654;0,365241;0,137511;0,009822;0,532582;51,5;3,7
22.09.2025 14:09:39;0,016902;0,066873;0,442393;0,076794;0,121989;0,448272;51,200001;0
22.09.2025 14:14:42;0,054025;0,015954;0,716468;0,019217;0,406095;0,291518;51,200001;0
22.09.2025 14:19:44;0,012732;0,061116;0,338321;0,000364;0,005457;0,381247;51,200001;0
22.09.2025 14:24:50;0,005744;0,02585;0,408577;0,010771;0,000359;0,439453;51,299999;0
22.09.2025 14:29:48;0,000737;0,065623;0,370143;0,0306;0;0,465997;51,299999;0
22.09.2025 14:34:50;0,377973;0,036379;0,718841;0,020008;0,024374;0,372517;51,299999;0
22.09.2025 14:39:52;0,061844;0,013824;0,381975;0;0,00291;0,330317;51,299999;0
22.09.2025 14:44:54;0,01246;0,058206;0,319404;0,033832;0,000364;0,398709;51,299999;0
22.09.2025 14:49:54;0,001007;0,029297;0,367676;0,344604;0;0,739746;51,599998;7,6
22.09.2025 14:54:55;0,009216;0,034309;0,329955;0,285426;0,004015;0,63801;51,599998;4,5
22.09.2025 15:00:02;0,006263;0,028629;0,448758;0,285573;0,002505;0,752939;51,700001;5,6
22.09.2025 15:05:00;0,000645;0,017696;0,480007;0,232261;0;0,731439;51,599998;3,7
22.09.2025 15:10:02;0,014279;0,02401;0,441636;0,028011;0;0,478742;51,5;0
22.09.2025 15:15:04;0,003547;0,043654;0,437998;0,082943;0;0,56023;51,599998;5,2
22.09.2025 15:20:06;0,001455;0,020372;0,46128;0,312492;0;0,794508;51,700001;3,8
22.09.2025 15:25:08;0,003092;0,042199;0,405985;0,385977;0,000364;0,829431;51,799999;11,9
22.09.2025 15:30:08;0,003662;0,024902;0,358154;0,398438;0;0,777832;51,700001;3,9
22.09.2025 15:35:09;0,001186;0,035039;0,356964;0,166072;0;0,557711;51,599998;0
22.09.2025 15:40:12;0,000453;0,047136;0,338654;0,067803;0;0,452506;51,599998;3,6
22.09.2025 15:45:12;0,010162;0,04541;0,407959;0,10144;0,005493;0,539063;51,599998;3
22.09.2025 15:50:14;0,003001;0,027648;0,424902;0,148788;0;0,599519;51,599998;2,8
22.09.2025 15:55:16;0,003911;0,040016;0,397982;0,227002;0;0,660635;51,700001;5,9
22.09.2025 16:00:18;0,005366;0,038561;0,422719;0,081124;0,001455;0,535493;51,599998;0
22.09.2025 16:05:18;0,026093;0,005859;0,416748;0;0,023071;0,37207;51,5;0
22.09.2025 16:10:20;0,005912;0,02401;0,314311;0;0;0,333228;51,5;0
22.09.2025 16:15:22;0,002637;0,045109;0,296122;0,074212;0;0,411805;51,599998;2,4
22.09.2025 16:20:23;0,005292;0,02263;0,347475;0,01898;0,030295;0,354774;51,5;0
22.09.2025 16:25:26;0,011965;0,018854;0,474986;0;0,167877;0,313274;51,299999;-12,2
22.09.2025 16:30:28;0,005457;0,038561;1,998639;0;1,771273;0,260471;50,099998;-35,200001
22.09.2025 16:35:30;1,903418;0,005821;2,575603;0;0,329226;0,349234;50,900002;0
22.09.2025 16:40:32;1,134193;0;1,490794;0;0;0,35651;51;0
22.09.2025 16:45:34;1,189306;0;1,500252;0;0;0,309945;51,099998;0
22.09.2025 16:50:36;0,871631;0;1,170662;0;0;0,299759;51,099998;0
22.09.2025 16:55:38;0,156064;0;0,395071;0,071666;0,000364;0,309945;51,200001;0
22.09.2025 17:00:38;0,008331;0,032959;0,354492;0;0;0,379395;51,200001;0
22.09.2025 17:05:40;0,27384;0,00291;0,46128;0;0,014188;0,177527;51,200001;0
22.09.2025 17:10:42;0,313038;0;0,42854;0;0;0,114956;51,200001;0
22.09.2025 17:15:44;0,21618;0;0,424902;0;0;0,208085;51,200001;0
22.09.2025 17:20:46;0,253831;0;0,395799;0;0;0,142604;51,200001;0
22.09.2025 17:25:47;0,281958;0;0,367184;0;0;0,084679;51,200001;0
22.09.2025 17:30:50;0,218095;0;0,291518;0;0;0,073967;51,200001;0
22.09.2025 17:35:53;0,301671;0;0,375638;0;0;0,073967;51,200001;0
22.09.2025 17:40:55;0,818427;0;0,909464;0;0;0,091674;51,200001;0
22.09.2025 17:45:56;0,733274;0;0,825617;0;0;0,091979;51,200001;0
22.09.2025 17:50:58;0,353418;0;0,449639;0;0;0,094584;51,200001;0
22.09.2025 17:55:58;0,354309;0;0,454102;0;0;0,101074;51,200001;0
22.09.2025 18:01:00;0,396617;0;0,438726;0;0;0,040744;51,200001;0
22.09.2025 18:06:02;0,471102;0;0,494749;0;0;0,024737;51,200001;0
22.09.2025 18:11:04;0,456551;0;0,494021;0;0;0,037834;51,200001;0
22.09.2025 18:16:06;0,372335;0;0,411078;0;0;0,039289;51,200001;0
22.09.2025 18:21:05;0,588448;0;0,60039;0;0;0,010288;51,200001;0
22.09.2025 18:26:08;0,440541;0;0,446705;0;0;0,007252;51,200001;0
22.09.2025 18:31:10;0,480834;0;0,48529;0;0;0,00291;51,200001;0
22.09.2025 18:36:12;1,998821;0;2,000821;0;0;0,004365;51,200001;0
22.09.2025 18:41:14;2,717661;0;2,718934;0;0;0;51,200001;0
22.09.2025 18:46:16;3,981998;0;3,981271;0;0;0;51,200001;0
22.09.2025 18:51:18;3,195312;0;3,195494;0;0;0;51,200001;0
22.09.2025 18:56:20;1,601021;0;1,601385;0;0;0;51,200001;0
22.09.2025 19:01:21;0,353223;0;0,353314;0;0;0;51,200001;0
22.09.2025 19:06:24;0,305931;0;0,306022;0;0;0;51,200001;0
22.09.2025 19:11:26;0,300032;0;0,299759;0;0;0;51,200001;0
22.09.2025 19:16:28;0,376245;0;0,376882;0;0;0;51,200001;0
22.09.2025 19:21:30;0,392798;0;0,392161;0;0;0;51,200001;0
22.09.2025 19:26:32;0,384249;0;0,384158;0;0;0;51,200001;0
22.09.2025 19:31:34;0,401619;0;0,401619;0;0;0;51,200001;0
22.09.2025 19:36:36;0,428085;0;0,42854;0;0;0;51,200001;0
22.09.2025 19:41:37;0,438358;0;0,437993;0;0;0;51,200001;0
22.09.2025 19:46:40;0,383162;0;0,383615;0;0;0;51,200001;0
22.09.2025 19:51:42;0,375336;0;0,375427;0;0;0;51,200001;0
22.09.2025 19:56:44;0,333591;0;0,333228;0;0;0;51,200001;0
22.09.2025 20:01:43;1,049396;0;1,048662;0;0;0;51,200001;0
22.09.2025 20:06:46;2,48824;0;2,488784;0;0;0;51,200001;0
22.09.2025 20:11:48;1,53754;0;1,537358;0;0;0;51,200001;0
22.09.2025 20:16:50;1,501162;0;1,50098;0;0;0;51,200001;0
22.09.2025 20:21:52;1,57501;0;1,575192;0;0;0;51,200001;0
22.09.2025 20:26:53;0,868869;0;0,869416;0;0;0;51,200001;0
22.09.2025 20:31:55;0,341868;0;0,341959;0;0;0;51,200001;0
22.09.2025 20:36:57;0,464736;0;0,464191;0;0;0;51,200001;0
22.09.2025 20:41:58;0,515737;0;0,515372;0;0;0;51,200001;0
22.09.2025 20:47:01;1,137339;0;1,137792;0;0;0;51,200001;0
22.09.2025 20:52:03;0,569688;0;0,569688;0;0;0;51,200001;0
22.09.2025 20:57:05;0,452004;0;0,451822;0;0;0;51,200001;0
22.09.2025 21:02:07;0,479651;0;0,480197;0;0;0;51,200001;0
22.09.2025 21:07:09;0,453186;0;0,453277;0;0;0;51,200001;0
22.09.2025 21:12:11;0,34687;0;0,346324;0;0;0;51,200001;0
22.09.2025 21:17:12;0,344737;0;0,344555;0;0;0;51,200001;0
22.09.2025 21:22:14;0,317949;0;0,317949;0;0;0;51,200001;0
22.09.2025 21:27:17;0,343459;0;0,343731;0;0;0;51,200001;0
22.09.2025 21:32:19;0,413261;0;0,413261;0;0;0;51,200001;0
22.09.2025 21:37:21;0,395162;0;0,395071;0;0;0;51,200001;0
22.09.2025 21:42:23;0,388523;0;0,388523;0;0;0;51,200001;0
22.09.2025 21:47:25;0,38634;0;0,387068;0;0;0;51,200001;0
22.09.2025 21:52:27;0,296303;0;0,295394;0;0;0;51,200001;0
22.09.2025 21:57:29;0,26911;0;0,269201;0;0;0;51,200001;0
22.09.2025 22:02:30;0,329864;0;0,330685;0;0;0;51,200001;0
22.09.2025 22:07:31;0,338988;0;0,338715;0;0;0;51,200001;0
22.09.2025 22:12:33;0,363058;0;0,363058;0;0;0;51,200001;0
22.09.2025 22:17:35;0,791598;0;0,791598;0;0;0;51,200001;0
22.09.2025 22:22:37;0,310218;0;0,309945;0;0;0;51,200001;0
22.09.2025 22:27:39;0,305944;0;0,30558;0;0;0;51,200001;0
22.09.2025 22:32:41;0,331409;0;0,331773;0;0;0;51,200001;0
22.09.2025 22:37:43;0,39016;0;0,390706;0;0;0;51,200001;0
22.09.2025 22:42:44;0,30039;0;0,300025;0;0;0;51,200001;0
22.09.2025 22:47:47;0,323788;0;0,323426;0;0;0;51,200001;0
22.09.2025 22:52:49;0,39016;0;0,390706;0;0;0;51,200001;0
22.09.2025 22:57:51;0,330226;0;0,32959;0;0;0;51,200001;0
22.09.2025 23:02:53;0,319313;0;0,319404;0;0;0;51,200001;0
22.09.2025 23:07:55;0,364331;0;0,364513;0;0;0;51,200001;0
22.09.2025 23:12:57;0,374699;0;0,374699;0;0;0;51,200001;0
22.09.2025 23:17:59;0,270748;0;0,270657;0;0;0;51,200001;0
22.09.2025 23:23:00;0,267267;0;0,267176;0;0;0;51,200001;0
22.09.2025 23:28:03;0,282544;0;0,282816;0;0;0;51,200001;0
22.09.2025 23:33:05;0,398254;0;0,397982;0;0;0;51,200001;0
22.09.2025 23:38:07;0,440908;0;0,440908;0;0;0;51,200001;0
22.09.2025 23:43:09;0,43527;0;0,435815;0;0;0;51,200001;0
22.09.2025 23:48:11;0,384976;0;0,384885;0;0;0;51,200001;0
22.09.2025 23:53:13;0,34205;0;0,341959;0;0;0;51,200001;0
22.09.2025 23:58:15;0,17871;0;0,178983;0;0;0;51,200001;0
23.09.2025 00:03:15;0,147308;0;0,147217;0;0;0;51,200001;0
23.09.2025 00:08:17;0,205357;0;0,205175;0;0;0;51,200001;0
23.09.2025 00:13:19;0,279933;0;0,280115;0;0;0;51,200001;0
23.09.2025 00:18:20;0,327674;0;0,327765;0;0;0;51,200001;0
23.09.2025 00:23:21;0,322655;0;0,321925;0;0;0;51,200001;0
23.09.2025 00:28:23;0,280934;0;0,280843;0;0;0;51,200001;0
23.09.2025 00:33:25;0,281206;0;0,28157;0;0;0;51,200001;0
23.09.2025 00:38:27;0,243736;0;0,243009;0;0;0;51,200001;0
23.09.2025 00:43:26;0,232862;0;0,233689;0;0;0;51,200001;0
23.09.2025 00:48:29;0,224984;0;0,224803;0;0;0;51,200001;0
23.09.2025 00:53:31;0,294939;0;0,295394;0;0;0;51,200001;0
23.09.2025 00:58:33;0,361967;0;0,361603;0;0;0;51,200001;0
23.09.2025 01:03:35;0,313129;0;0,312856;0;0;0;51,200001;0
23.09.2025 01:08:37;0,30749;0;0,307763;0;0;0;51,200001;0
23.09.2025 01:13:39;0,29021;0;0,289573;0;0;0;51,200001;0
23.09.2025 01:18:41;0,192443;0;0,192806;0;0;0;51,200001;0
23.09.2025 01:23:43;0,143059;0;0,143332;0;0;0;51,200001;0
23.09.2025 01:28:45;0,158792;0;0,158611;0;0;0;51,200001;0
23.09.2025 01:33:47;0,154336;0;0,154245;0;0;0;51,200001;0
23.09.2025 01:38:49;0,266109;0;0,266291;0;0;0;51,200001;0
23.09.2025 01:43:50;0,263161;0;0,262796;0;0;0;51,200001;0
23.09.2025 01:48:53;0,318712;0;0,319075;0;0;0;51,200001;0
23.09.2025 01:53:55;0,319313;0;0,319404;0;0;0;51,200001;0
23.09.2025 01:58:57;0,260652;0;0,260471;0;0;0;51,200001;0
23.09.2025 02:03:59;0,20854;0;0,208085;0;0;0;51,200001;0
23.09.2025 02:09:01;0,14706;0;0,147697;0;0;0;51,200001;0
23.09.2025 02:14:03;0,153518;0;0,153518;0;0;0;51,200001;0
23.09.2025 02:19:03;0,265778;0;0,265869;0;0;0;51,200001;0
23.09.2025 02:24:05;0,259925;0;0,259743;0;0;0;51,200001;0
23.09.2025 02:29:07;0,284935;0;0,285208;0;0;0;51,200001;0
23.09.2025 02:34:09;0,388705;0;0,388523;0;0;0;51,200001;0
23.09.2025 02:39:10;0,372385;0;0,373024;0;0;0;51,200001;0
23.09.2025 02:44:13;0,276018;0;0,275565;0;0;0;51,200001;0
23.09.2025 02:49:15;0,223546;0;0,223364;0;0;0;51,200001;0
23.09.2025 02:54:17;0,219908;0;0,219727;0;0;0;51,200001;0
23.09.2025 02:59:19;0,249648;0;0,250285;0;0;0;51,200001;0
23.09.2025 03:04:21;0,261471;0;0,261198;0;0;0;51,200001;0
23.09.2025 03:09:23;0,25756;0;0,25756;0;0;0;51,200001;0
23.09.2025 03:14:25;0,252103;0;0,252467;0;0;0;51,200001;0
23.09.2025 03:19:27;0,25083;0;0,250285;0;0;0;51,200001;0
23.09.2025 03:24:29;0,14224;0;0,141876;0;0;0;51,200001;0
23.09.2025 03:29:31;0,163795;0;0,164431;0;0;0;51,200001;0
23.09.2025 03:34:32;0,209142;0;0,209507;0;0;0;51,200001;0
23.09.2025 03:39:35;0,268766;0;0,268313;0;0;0;51,200001;0
23.09.2025 03:44:37;0,325406;0;0,325224;0;0;0;51,200001;0
23.09.2025 03:49:37;0,300934;0;0,300293;0;0;0;51,200001;0
23.09.2025 03:54:39;0,252194;0;0,252467;0;0;0;51,200001;0
23.09.2025 03:59:41;0,243736;0;0,243736;0;0;0;51,200001;0
23.09.2025 04:04:43;0,166341;0;0,166614;0;0;0;51,200001;0
23.09.2025 04:09:46;0,205495;0;0,205223;0;0;0;51,200001;0
23.09.2025 04:14:46;0,198944;0;0,199219;0;0;0;51,200001;0
23.09.2025 04:19:49;0,255894;0;0,255985;0;0;0;51,200001;0
23.09.2025 04:24:51;0,275022;0;0,275022;0;0;0;51,200001;0
23.09.2025 04:29:53;0,282752;0;0,282298;0;0;0;51,200001;0
23.09.2025 04:34:55;0,35269;0;0,3536;0;0;0;51,200001;0
23.09.2025 04:39:57;0,339594;0;0,339048;0;0;0;51,200001;0
23.09.2025 04:44:59;0,286754;0;0,286663;0;0;0;51,200001;0
23.09.2025 04:50:01;0,220363;0;0,220454;0;0;0;51,200001;0
23.09.2025 04:55:03;0,195899;0;0,196444;0;0;0;51,200001;0
23.09.2025 05:00:05;0,142968;0;0,142604;0;0;0;51,200001;0
23.09.2025 05:05:07;0,257287;0;0,25756;0;0;0;51,200001;0
23.09.2025 05:10:08;0,261701;0;0,261336;0;0;0;51,200001;0
23.09.2025 05:15:11;0,256982;0;0,25671;0;0;0;51,200001;0
23.09.2025 05:20:13;0,311037;0;0,311401;0;0;0;51,200001;0
23.09.2025 05:25:15;0,269747;0;0,269929;0;0;0;51,200001;0
23.09.2025 05:30:17;0,201083;0;0,20081;0;0;0;51,200001;0
23.09.2025 05:35:19;0,219363;0;0,218999;0;0;0;51,200001;0
23.09.2025 05:40:21;0,222455;0;0,222637;0;0;0;51,200001;0
23.09.2025 05:45:23;0,321768;0;0,321587;0;0;0;51,200001;0
23.09.2025 05:50:25;0,318131;0;0,318676;0;0;0;51,200001;0
23.09.2025 05:55:27;0,65345;0;0,653359;0;0;0;51,200001;0
23.09.2025 06:00:27;1,15741;0;1,157227;0;0;0;51,200001;0
23.09.2025 06:05:29;0,258561;0;0,258288;0;0;0;51,200001;0
23.09.2025 06:10:31;0,188623;0;0,188441;0;0;0;51,099998;0
23.09.2025 06:15:33;0,189169;0;0,189896;0;0;0;51,099998;0
23.09.2025 06:20:35;0,187441;0;0,187713;0;0;0;51,200001;0
23.09.2025 06:25:37;0,299305;0;0,298304;0;0;0;51,200001;0
23.09.2025 06:30:39;0,409532;0;0,41035;0;0;0;51,200001;0
23.09.2025 06:35:41;0,4199;0;0,419809;0;0;0;51,099998;0
23.09.2025 06:40:43;0,459098;0;0,459098;0;0;0;51,200001;0
23.09.2025 06:45:45;0,46128;0;0,46128;0;0;0;51,200001;0
23.09.2025 06:50:47;0,336866;0;0,336866;0;0;0;51,200001;0
23.09.2025 06:55:49;0,227002;0;0,227002;0;0;0;51,200001;0
23.09.2025 07:00:51;0,227457;0;0,227002;0;0;0;51,200001;0
23.09.2025 07:05:53;0,242463;0;0,243009;0;0;0;51,200001;0
23.09.2025 07:10:54;0,644671;0;0,64458;0;0;0;51,200001;0
23.09.2025 07:15:57;1,755002;0;1,754912;0;0;0;51,099998;0
23.09.2025 07:20:59;0,972854;0;0,972763;0;0;0;51,099998;0
23.09.2025 07:26:01;0,353782;0;0,3536;0;0;0;51,200001;0
23.09.2025 07:31:03;0,284117;0;0,283753;0;0;0;51,200001;0
23.09.2025 07:36:05;0,249648;0;0,250285;0;0;0;51,200001;0
23.09.2025 07:41:07;0,193443;0;0,192806;0;0;0;51,099998;0
23.09.2025 07:46:09;0,256833;0;0,25756;0;0;0;51,099998;0
23.09.2025 07:51:11;0,334592;0;0,334683;0;0;0;51,099998;0
23.09.2025 07:56:13;1,61439;0;1,613753;0;0;0;51,200001;0
23.09.2025 08:01:15;2,338869;0;2,344963;0;0;0,005821;51,200001;0
23.09.2025 08:06:16;2,076818;0;2,081927;0;0;0,00584;51,200001;0
23.09.2025 08:11:19;1,326608;0;1,34229;0;0;0,015954;51,200001;0
23.09.2025 08:16:21;1,084627;0;1,124098;0;0;0,037834;51,099998;0
23.09.2025 08:21:22;1,014137;0;1,080383;0;0;0,067159;51,099998;0
23.09.2025 08:26:24;1,099451;0;1,167025;0;0;0,066937;51,099998;0
23.09.2025 08:31:27;1,2259;0;1,311833;0;0;0,08702;51,099998;0
23.09.2025 08:36:29;1,233234;0;1,328545;0;0;0,094584;51,099998;0
23.09.2025 08:41:31;0,959485;0;1,062982;0;0;0,103315;51,099998;0
23.09.2025 08:46:32;0,217263;0;0,354774;0;0;0,137238;51,099998;0
23.09.2025 08:51:35;0,316355;0;0,443079;0;0;0,12763;51,200001;0
23.09.2025 08:56:37;0,24701;0;0,373244;0;0;0,125142;51,200001;0
23.09.2025 09:01:39;0,252831;0;0,397254;0;0;0,142604;51,200001;0
23.09.2025 09:06:41;0,272657;0;0,419809;0;0;0,148425;51,200001;0
23.09.2025 09:11:43;0,328317;0;0,488928;0;0;0,162976;51,200001;0
23.09.2025 09:16:45;0,288755;0;0,462735;0;0;0,173162;51,099998;0
23.09.2025 09:21:48;0,246467;0;0,417698;0;0;0,17114;51,200001;0
23.09.2025 09:26:49;0,17173;0;0,379594;0;0;0,205857;51,099998;0
23.09.2025 09:31:51;0,147242;0;0,3536;0,034923;0;0,243009;51,299999;4,8
23.09.2025 09:36:53;0,116411;0,022555;0,286663;0,098586;0;0,292484;51,299999;0
23.09.2025 09:41:53;0,002838;0,016846;0,322998;0;0,001099;0,335449;51,200001;0
23.09.2025 09:46:55;0,03747;0,006548;0,314311;0,018553;0;0,299759;51,200001;0
23.09.2025 09:51:57;0,090946;0,007276;0,397254;0;0,005093;0,309945;51,200001;0
23.09.2025 09:56:59;0,074394;0;0,384158;0,008003;0;0,317221;51,200001;0
23.09.2025 10:02:01;0,055114;0,00291;0,419809;0;0,01346;0,3536;51,200001;0
23.09.2025 10:07:03;0,070847;0,000728;0,40744;0,008367;0;0,346324;51,200001;0
23.09.2025 10:12:04;0,011224;0,038689;0,290535;0;0;0,318275;51,200001;0
23.09.2025 10:17:07;0,034899;0,047136;0,240031;0,032633;0;0,285717;51,200001;0
23.09.2025 10:22:06;0,000551;0,041888;0,235894;0;0;0,276312;51,200001;0
23.09.2025 10:27:07;0,077744;0,00438;0,364994;0;0,01095;0,281776;51,200001;0
23.09.2025 10:32:10;0,266953;0;0,602616;0;0;0,335029;51,200001;0
23.09.2025 10:37:12;1,836663;0;2,190717;0;0;0,3536;51,200001;0
23.09.2025 10:42:12;1,975708;0;2,347412;0;0;0,373535;51,200001;0
23.09.2025 10:47:13;1,060217;0;1,493557;0;0;0,432153;51,200001;0
23.09.2025 10:52:16;1,074612;0;1,501102;0;0;0,4264;51,200001;0
23.09.2025 10:57:18;0,258197;0,042927;0,600246;0,078941;0,000364;0,462735;51,299999;1,6
23.09.2025 11:02:20;0,005639;0,032741;0,366696;0,117867;0;0,510755;51,400002;3,2
23.09.2025 11:07:22;0,003729;0,026193;0,37761;0,141513;0;0,544223;51,5;2,1
23.09.2025 11:12:24;0,01155;0,026193;0,445274;0,234278;0,003274;0,689738;51,599998;7,5
23.09.2025 11:17:26;0,034923;0,056023;1,145197;0,362331;0,526762;0,999683;51,5;8,3
23.09.2025 11:22:28;0,010641;0,022555;0,513665;0,392161;0;0,91674;51,700001;8,1
23.09.2025 11:27:30;0,006275;0,028375;0,475832;0,29794;0;0,797418;51,700001;3,2
23.09.2025 11:32:32;0,001273;0,032013;0,413988;0,250285;0;0,694103;51,799999;7,5
23.09.2025 11:37:34;0,000273;0,021827;0,32959;0,363058;0;0,714475;51,799999;7,2
23.09.2025 11:42:36;0,005548;0,025465;0,3325;0,463827;0;0,816335;51,900002;9,9
23.09.2025 11:47:38;0,002546;0,02401;0,336138;0,497295;0;0,855624;51,900002;8,8
23.09.2025 11:52:40;0,006821;0,02692;0,415443;0,397982;0,001819;0,832342;51,799999;6,1
23.09.2025 11:57:42;0,000273;0,023282;0,446729;0,317221;0;0,785777;51,799999;6,9
23.09.2025 12:02:44;0,010095;0,026193;0,91383;0,191715;0,357238;0,765405;51,200001;-27,5
23.09.2025 12:07:46;0,000455;0,034923;2,029197;0,000364;1,271431;0,791598;50,599998;-34,400002
23.09.2025 12:12:48;1,814745;0,017462;3,830663;0;1,338731;0,695558;50,799999;0
23.09.2025 12:17:50;3,171848;0;3,804471;0;0,000364;0,631532;51;0
23.09.2025 12:22:52;2,179531;0;2,737851;0;0;0,558775;51,099998;0
23.09.2025 12:27:54;0,28639;0,071302;0,68319;0,02983;0;0,497659;51,099998;0
23.09.2025 12:32:54;0,008606;0,050537;0,454102;0;0,004395;0,490723;51,099998;0
23.09.2025 12:37:56;0,855806;0,029103;1,358376;0,036742;0,052749;0,518031;51,200001;10,2
23.09.2025 12:42:57;1,136501;0,00365;1,711093;0,100008;0,101468;0,575231;51,200001;-2,2
23.09.2025 12:48:00;0,72517;0,053663;1,379274;0,176579;0,249821;0,629448;51,099998;12,9
23.09.2025 12:53:02;0,373426;0,103315;0,965487;0,260107;0,238643;0,717385;51;-28,9
23.09.2025 12:58:04;0,072666;0,053113;0,481652;0,303397;0,073848;0,692648;51,5;6,7
23.09.2025 13:03:06;0,000728;0,021827;0,309218;0,38343;0;0,714475;51,700001;7,6
23.09.2025 13:08:08;0,000364;0,020372;0,300487;0,369606;0;0,689738;51,700001;7,8
23.09.2025 13:13:10;0,003092;0,027648;0,35651;0,353236;0,003274;0,731937;51,799999;6,8
23.09.2025 13:18:11;0,000274;0,02117;0,402954;0,268271;0;0,690569;51,799999;6,1
23.09.2025 13:23:11;0,000183;0,022705;0,37207;0,354126;0;0,748535;51,799999;7,2
23.09.2025 13:28:12;0,018067;0,02482;0,378864;0,308785;0;0,693489;51,799999;4,7
23.09.2025 13:33:14;0,004456;0,018917;0,378337;0,205175;0,001455;0,598064;51,799999;2,3
23.09.2025 13:38:14;0,001373;0,024902;0,313477;0,251953;0;0,588867;51,799999;4,8
23.09.2025 13:43:16;0,002001;0,021827;0,320131;0,298668;0;0,637353;51,799999;6,9
23.09.2025 13:48:18;0,004002;0,021827;0,315038;0,272839;0;0,606795;51,799999;0
23.09.2025 13:53:18;0,020782;0,062256;0,679688;0,066284;0,33252;0,454102;51,5;3
23.09.2025 13:58:20;0,010732;0,025465;0,421264;0,23064;0;0,666455;51,799999;5,9
23.09.2025 14:03:22;0,010186;0,02401;0,408895;0,153154;0;0,576237;51,700001;1,1
23.09.2025 14:08:24;0;0,101132;0,341231;0,001091;0;0,443819;51,599998;0
23.09.2025 14:13:26;0,007639;0,05093;0,360148;0,098222;0;0,502024;51,700001;5,6
23.09.2025 14:18:26;0,005219;0,030029;0,297363;0,225952;0,001465;0,544922;51,799999;3,9
23.09.2025 14:23:28;0,005275;0,040744;0,38052;0,039653;0,004002;0,451094;51,700001;0
23.09.2025 14:28:30;0;0,054568;0,38052;0;0;0,436543;51,599998;0
23.09.2025 14:33:32;0,005912;0,080033;0,467828;0,022555;0,003638;0,56023;51,599998;0
23.09.2025 14:38:33;0,000091;0,057669;0,453323;0,000365;0,000365;0,510992;51,599998;0
23.09.2025 14:43:36;0,006617;0,06309;0,443079;0,079044;0;0,577235;51,700001;4
23.09.2025 14:48:38;0,009277;0,016007;0,421264;0,269201;0;0,698469;51,799999;4,6
23.09.2025 14:53:39;0,004197;0,050369;0,386164;0,113878;0,000365;0,546031;51,700001;0
23.09.2025 14:58:42;0,002991;0,028282;0,309648;0,122916;0;0,458308;51,700001;1,6
23.09.2025 15:03:44;0,005912;0,05384;0,27866;0,061844;0,001455;0,385613;51,700001;0
23.09.2025 15:08:46;0,000364;0,066937;0,313583;0,053476;0;0,435088;51,700001;2,5
23.09.2025 15:13:48;0,008094;0,027648;0,368879;0,212451;0,003638;0,596609;51,799999;3,3
23.09.2025 15:18:50;0,000273;0,018917;0,472194;0,205903;0;0,698469;51,799999;5
23.09.2025 15:23:52;0,000273;0,0211;0,432177;0,267746;0;0,717385;51,900002;4,9
23.09.2025 15:28:54;0,001455;0,016734;0,38052;0,252831;0;0,648994;51,900002;4,3
23.09.2025 15:33:55;0,000456;0,01898;0,378864;0,198192;0;0,597131;51,799999;3,9
23.09.2025 15:38:56;0,001369;0,01971;0,300025;0,259876;0;0,578151;51,900002;3,7
23.09.2025 15:43:58;0,002365;0,020372;0,310673;0,191351;0;0,519486;51,900002;3,9
23.09.2025 15:48:59;0,000182;0,02117;0,309515;0,181402;0;0,513912;51,900002;3,3
23.09.2025 15:54:02;0,005257;0,047136;0,333578;0,099348;0,003263;0,471361;51,799999;0
23.09.2025 15:59:04;0;0,106225;0,330317;0,000364;0;0,436543;51,700001;0
23.09.2025 16:04:04;0,000275;0,075439;0,335449;0;0;0,410156;51,700001;0
23.09.2025 16:09:05;0,013596;0,01533;0,385434;0;0,001095;0,386894;51,700001;0
23.09.2025 16:14:06;0,008851;0,01679;0,419013;0;0;0,426313;51,700001;0
23.09.2025 16:19:08;0,036833;0,08076;1,223775;0,000364;0,876724;0,389978;51,299999;0
23.09.2025 16:24:10;0,035924;0,001455;0,392889;0;0,005093;0,355055;51,400002;0
23.09.2025 16:29:12;0,007094;0,058933;0,330317;0;0;0,381247;51,5;0
23.09.2025 16:34:14;0,041381;0,095312;0,937112;0,003638;0,524943;0,470011;51,299999;0
23.09.2025 16:39:16;0;0,109863;0,416898;0;0;0,525307;51,400002;0
23.09.2025 16:44:17;0,004106;0,039419;0,425583;0;0;0,461353;51,400002;0
23.09.2025 16:49:20;0,011784;0,005076;0,385065;0;0;0,379989;51,400002;0
23.09.2025 16:54:22;0,022828;0,00291;0,392161;0;0;0,371061;51,400002;0
23.09.2025 16:59:24;0,000637;0,056751;0,309945;0,030194;0,000364;0,397254;51,5;1,8
23.09.2025 17:04:26;0,002637;0,02983;0,279387;0,10186;0;0,40744;51,5;2,2
23.09.2025 17:09:28;0,007094;0,031286;0,272839;0,113865;0,000364;0,41035;51,599998;2,1
23.09.2025 17:14:30;0,031467;0,058206;0,759585;0,05093;0,451822;0,387068;51,299999;0
23.09.2025 17:19:32;0,01446;0,016007;0,382703;0;0,116411;0,266291;51,200001;-3,3
23.09.2025 17:24:33;0,00657;0,02263;0,422663;0;0,189432;0,249656;51,099998;-3,3
23.09.2025 17:29:35;0,00382;0,021827;0,438726;0;0,223364;0,232823;51,099998;-4,7
23.09.2025 17:34:38;0,001541;0,030457;0,415523;0;0,288255;0,155186;51;-6,9
23.09.2025 17:39:40;0,005548;0,035651;0,84471;0;0,790506;0,084398;50,299999;-34,599998
23.09.2025 17:44:41;0,028652;0,048179;2,393633;0;2,345453;0,068619;49,700001;-49,700001
23.09.2025 17:49:43;0,000091;0,05384;1,858217;0;1,826204;0,085853;49,900002;-28,200001
23.09.2025 17:54:44;0,007939;0,053289;1,497937;0;1,464722;0,078839;49,599998;-33,099998
23.09.2025 17:59:46;0,192988;0,039289;1,60866;0;1,398756;0,055295;50;-0,2
23.09.2025 18:04:47;1,508704;0;1,580425;0;0,018615;0,052559;50,400002;-0,4
23.09.2025 18:09:50;1,525486;0;1,599725;0;0,015229;0,059464;50,5;-0,3
23.09.2025 18:14:52;1,282072;0;1,334366;0;0,014915;0,037834;50,5;-0,3
23.09.2025 18:19:54;0,554591;0;0,598791;0;0,012369;0,032013;50,5;0
23.09.2025 18:24:56;0,482471;0;0,514393;0;0;0,032013;50,599998;0
23.09.2025 18:29:58;0,481561;0;0,505662;0;0,000364;0,023282;50,599998;0
23.09.2025 18:35:00;0,307399;0;0,317949;0;0;0,010186;50,599998;0
23.09.2025 18:40:02;1,167297;0;1,169207;0;0;0,00291;50,599998;0
23.09.2025 18:45:02;0,540894;0;0,54126;0;0;0;50,599998;0
23.09.2025 18:50:04;0,371061;0;0,371789;0;0;0;50,599998;0
23.09.2025 18:55:06;0,369061;0;0,368151;0;0;0;50,599998;0
23.09.2025 19:00:08;0,335047;0;0,33541;0;0;0;50,700001;0
23.09.2025 19:05:09;0,259146;0;0,259146;0;0;0;50,700001;0
23.09.2025 19:10:12;0,254807;0;0,254535;0;0;0;50,700001;0
23.09.2025 19:15:12;0,245087;0;0,245361;0;0;0;50,700001;0
23.09.2025 19:20:14;0,363331;0;0,363058;0;0;0;50,700001;0
23.09.2025 19:25:15;0,41655;0;0,416823;0;0;0;50,700001;0
23.09.2025 19:30:18;0,403013;0;0,402469;0;0;0;50,700001;0
23.09.2025 19:35:20;0,447547;0;0,447456;0;0;0;50,700001;0
23.09.2025 19:40:22;0,47474;0;0,475104;0;0;0;50,700001;0
23.09.2025 19:45:24;0,416807;0;0,416898;0;0;0;50,700001;0
23.09.2025 19:50:26;0,380065;0;0,379792;0;0;0;50,700001;0
23.09.2025 19:55:28;0,448548;0;0,448912;0;0;0;50,700001;0
23.09.2025 20:00:31;0,540977;0;0,540977;0;0;0;50,700001;0
23.09.2025 20:05:32;0,550229;0;0,550411;0;0;0;50,700001;0
23.09.2025 20:10:34;0,628258;0;0,627894;0;0;0;50,700001;0
23.09.2025 20:15:37;0,6115;0;0,611318;0;0;0;50,700001;0
23.09.2025 20:20:38;0,531979;0;0,532162;0;0;0;50,700001;0
23.09.2025 20:25:40;0,377519;0;0,37761;0;0;0;50,700001;0
23.09.2025 20:30:42;0,36897;0;0,368879;0;0;0;50,700001;0
23.09.2025 20:35:44;0,301124;0;0,301215;0;0;0;50,700001;0
23.09.2025 20:40:45;0,424671;0;0,424853;0;0;0;50,700001;0
23.09.2025 20:45:46;0,471116;0;0,471573;0;0;0;50,700001;0
23.09.2025 20:50:48;0,461735;0;0,46128;0;0;0;50,700001;0
23.09.2025 20:55:50;0,40071;0;0,400892;0;0;0;50,700001;0
23.09.2025 21:00:52;0,395162;0;0,395071;0;0;0;50,700001;0
23.09.2025 21:05:52;0,331696;0;0,331787;0;0;0;50,700001;0
23.09.2025 21:10:54;0,314129;0;0,313583;0;0;0;50,700001;0
23.09.2025 21:15:56;0,388614;0;0,388523;0;0;0;50,700001;0
23.09.2025 21:20:57;0,46409;0;0,465003;0;0;0;50,700001;0
23.09.2025 21:26:00;1,095551;0;1,095732;0;0;0;50,700001;0
23.09.2025 21:31:02;2,402532;0;2,401713;0;0;0;50,700001;0
23.09.2025 21:36:04;1,8614;0;1,861128;0;0;0;50,700001;0
23.09.2025 21:41:06;1,445775;0;1,446412;0;0;0;50,700001;0
23.09.2025 21:46:06;1,374847;0;1,374756;0;0;0;50,700001;0
23.09.2025 21:51:06;1,420441;0;1,420166;0;0;0;50,700001;0
23.09.2025 21:56:07;0,416823;0;0,416823;0;0;0;50,700001;0
23.09.2025 22:01:10;0,356693;0;0,356784;0;0;0;50,700001;0
23.09.2025 22:06:12;0,470102;0;0,470011;0;0;0;50,700001;0
23.09.2025 22:11:14;0,529035;0;0,528944;0;0;0;50,700001;0
23.09.2025 22:16:16;0,565778;0;0,566051;0;0;0;50,700001;0
23.09.2025 22:21:18;0,599155;0;0,599519;0;0;0;50,700001;0
23.09.2025 22:26:20;0,518758;0;0,518031;0;0;0;50,700001;0
23.09.2025 22:31:22;0,405894;0;0,406712;0;0;0;50,700001;0
23.09.2025 22:36:23;0,602879;0;0,602971;0;0;0;50,700001;0
23.09.2025 22:41:26;0,994208;0;0,993483;0;0;0;50,700001;0
23.09.2025 22:46:28;0,483926;0;0,484563;0;0;0;50,700001;0
23.09.2025 22:51:30;0,323042;0;0,322314;0;0;0;50,700001;0
23.09.2025 22:56:30;0,258362;0;0,258545;0;0;0;50,700001;0
23.09.2025 23:01:32;0,257287;0;0,25756;0;0;0;50,700001;0
23.09.2025 23:06:34;0,255378;0;0,255378;0;0;0;50,700001;0
23.09.2025 23:11:34;0,201324;0;0,200684;0;0;0;50,700001;0
23.09.2025 23:16:36;0,198809;0;0,199355;0;0;0;50,700001;0
23.09.2025 23:21:38;0,175708;0;0,175345;0;0;0;50,700001;0
23.09.2025 23:26:40;0,248284;0;0,248102;0;0;0;50,700001;0
23.09.2025 23:31:41;0,243086;0;0,243086;0;0;0;50,700001;0
23.09.2025 23:36:44;0,247192;0;0,247283;0;0;0;50,700001;0
23.09.2025 23:41:46;0,244464;0;0,244464;0;0;0;50,599998;0
23.09.2025 23:46:48;0,202083;0;0,202265;0;0;0;50,599998;0
23.09.2025 23:51:49;0,191987;0;0,191987;0;0;0;50,599998;0
23.09.2025 23:56:50;0,185235;0;0,185417;0;0;0;50,700001;0
24.09.2025 00:01:52;0,200446;0;0,20081;0;0;0;50,599998;0
24.09.2025 00:06:53;0,341635;0;0,340905;0;0;0;50,599998;0
24.09.2025 00:11:55;0,339594;0;0,339776;0;0;0;50,700001;0
24.09.2025 00:16:58;0,327052;0;0,327052;0;0;0;50,700001;0
24.09.2025 00:22:00;0,323315;0;0,323042;0;0;0;50,599998;0
24.09.2025 00:27:02;0,313038;0;0,312856;0;0;0;50,599998;0
24.09.2025 00:32:03;0,147458;0;0,148188;0;0;0;50,599998;0
24.09.2025 00:37:05;0,134328;0;0,133873;0;0;0;50,700001;0
24.09.2025 00:42:07;0,134419;0;0,135328;0;0;0;50,700001;0
24.09.2025 00:47:06;0,205029;0;0,204294;0;0;0;50,599998;0
24.09.2025 00:52:08;0,251558;0;0,25174;0;0;0;50,599998;0
24.09.2025 00:57:11;0,296232;0;0,295869;0;0;0;50,599998;0
24.09.2025 01:02:11;0,303314;0;0,303223;0;0;0;50,599998;0
24.09.2025 01:07:11;0,287842;0;0,288574;0;0;0;50,700001;0
24.09.2025 01:12:13;0,189623;0;0,189896;0;0;0;50,700001;0
24.09.2025 01:17:15;0,189532;0;0,189169;0;0;0;50,700001;0
24.09.2025 01:22:18;0,191536;0;0,191445;0;0;0;50,599998;0
24.09.2025 01:27:19;0,244729;0;0,244546;0;0;0;50,599998;0
24.09.2025 01:32:21;0,251012;0;0,251012;0;0;0;50,599998;0
24.09.2025 01:37:23;0,245737;0;0,245919;0;0;0;50,599998;0
24.09.2025 01:42:25;0,243555;0;0,243736;0;0;0;50,599998;0
24.09.2025 01:47:26;0,201842;0;0,201477;0;0;0;50,599998;0
24.09.2025 01:52:28;0,134601;0;0,134601;0;0;0;50,599998;0
24.09.2025 01:57:29;0,13669;0;0,137238;0;0;0;50,599998;0
24.09.2025 02:02:31;0,15379;0;0,153518;0;0;0;50,599998;0
24.09.2025 02:07:32;0,348752;0;0,348935;0;0;0;50,599998;0
24.09.2025 02:12:34;0,336047;0;0,336138;0;0;0;50,599998;0
24.09.2025 02:17:37;0,324604;0;0,324151;0;0;0;50,599998;0
24.09.2025 02:22:39;0,333319;0;0,333228;0;0;0;50,599998;0
24.09.2025 02:27:40;0,355961;0;0,355504;0;0;0;50,599998;0
24.09.2025 02:32:43;0,201779;0;0,203048;0;0;0;50,599998;0
24.09.2025 02:37:45;0,184257;0;0,183348;0;0;0;50,599998;0
24.09.2025 02:42:47;0,135601;0;0,135328;0;0;0;50,599998;0
24.09.2025 02:47:49;0,196717;0;0,197172;0;0;0;50,599998;0
24.09.2025 02:52:51;0,3094;0;0,309218;0;0;0;50,599998;0
24.09.2025 02:57:53;0,310218;0;0,310673;0;0;0;50,599998;0
24.09.2025 03:02:55;0,305944;0;0,30558;0;0;0;50,599998;0
24.09.2025 03:07:56;0,284422;0;0,284696;0;0;0;50,599998;0
24.09.2025 03:12:59;0,139505;0;0,139233;0;0;0;50,599998;0
24.09.2025 03:18:01;0,13169;0;0,13169;0;0;0;50,599998;0
24.09.2025 03:23:03;0,133237;0;0,133146;0;0;0;50,599998;0
24.09.2025 03:28:04;0,196367;0;0,196367;0;0;0;50,599998;0
24.09.2025 03:33:05;0,249382;0;0,249656;0;0;0;50,599998;0
24.09.2025 03:38:07;0,246556;0;0,246647;0;0;0;50,599998;0
24.09.2025 03:43:08;0,24263;0;0,243086;0;0;0;50,599998;0
24.09.2025 03:48:09;0,221643;0;0,221187;0;0;0;50,599998;0
24.09.2025 03:53:11;0,193898;0;0,193534;0;0;0;50,599998;0
24.09.2025 03:58:13;0,186349;0;0,186258;0;0;0;50,599998;0
24.09.2025 04:03:15;0,255923;0;0,256105;0;0;0;50,599998;0
24.09.2025 04:08:17;0,32768;0;0,328135;0;0;0;50,599998;0
24.09.2025 04:13:19;0,332045;0;0,331773;0;0;0;50,599998;0
24.09.2025 04:18:20;0,324571;0;0,324115;0;0;0;50,599998;0
24.09.2025 04:23:23;0,31835;0;0,319075;0;0;0;50,599998;0
24.09.2025 04:28:25;0,257378;0;0,25756;0;0;0;50,599998;0
24.09.2025 04:33:25;0,174316;0;0,173584;0;0;0;50,599998;0
24.09.2025 04:38:27;0,134601;0;0,134601;0;0;0;50,599998;0
24.09.2025 04:43:29;0,134692;0;0,135328;0;0;0;50,599998;0
24.09.2025 04:48:31;0,204084;0;0,20372;0;0;0;50,599998;0
24.09.2025 04:53:33;0,311764;0;0,311401;0;0;0;50,599998;0
24.09.2025 04:58:34;0,309515;0;0,310245;0;0;0;50,599998;0
24.09.2025 05:03:36;0,306035;0;0,30558;0;0;0;50,5;0
24.09.2025 05:08:39;0,244745;0;0,245108;0;0;0;50,599998;0
24.09.2025 05:13:41;0,142058;0;0,141876;0;0;0;50,5;0
24.09.2025 05:18:42;0,131215;0;0,130668;0;0;0;50,5;0
24.09.2025 05:23:45;0,131981;0;0,131981;0;0;0;50,599998;0
24.09.2025 05:28:45;0,212585;0;0,213135;0;0;0;50,599998;0
24.09.2025 05:33:47;1,042701;0;1,04261;0;0;0;50,599998;0
24.09.2025 05:38:46;1,930967;0;1,931242;0;0;0;50,5;0
24.09.2025 05:43:49;3,185945;0;3,185673;0;0;0;50,5;0
24.09.2025 05:48:51;4,056392;0;4,056211;0;0;0;50,5;0
24.09.2025 05:53:53;2,91647;0;2,916106;0;0;0;50,5;0
24.09.2025 05:58:55;1,982996;0;1,98336;0;0;0;50,5;0
24.09.2025 06:03:57;0,256196;0;0,256833;0;0;0;50,5;0
24.09.2025 06:08:59;0,319859;0;0,319404;0;0;0;50,5;0
24.09.2025 06:14:01;0,341049;0;0,340503;0;0;0;50,5;0
24.09.2025 06:19:02;0,344372;0;0,344555;0;0;0;50,5;0
24.09.2025 06:24:05;0,817085;0;0,817267;0;0;0;50,5;0
24.09.2025 06:29:07;3,404761;0;3,405034;0;0;0;50,5;0
24.09.2025 06:34:09;1,436135;0;1,436226;0;0;0;50,5;0
24.09.2025 06:39:17;1,305607;0;1,304805;0;0;0;50,5;0
24.09.2025 06:44:11;1,339566;0;1,340033;0;0;0;50,5;0
24.09.2025 06:49:15;1,413315;0;1,413767;0;0;0;50,5;0
24.09.2025 06:54:15;0,563599;0;0,563232;0;0;0;50,5;0
24.09.2025 06:59:17;0,393798;0;0,394344;0;0;0;50,5;0
24.09.2025 07:04:26;0,433053;0;0,432342;0;0;0;50,5;0
24.09.2025 07:09:32;0,461533;0;0,461713;0;0;0;50,5;0
24.09.2025 07:14:25;0,349182;0;0,349463;0;0;0;50,5;0
24.09.2025 07:19:24;0,312412;0;0,31232;0;0;0;50,5;0
24.09.2025 07:24:25;0,252211;0;0,252576;0;0;0;50,5;0
24.09.2025 07:29:27;0,303397;0;0,30267;0;0;0;50,5;0
24.09.2025 07:34:28;0,391821;0;0,392004;0;0;0;50,5;0
24.09.2025 07:39:31;0,293513;0;0,293694;0;0;0;50,5;0
24.09.2025 07:44:33;0,287845;0;0,287391;0;0;0;50,5;0
24.09.2025 07:49:33;0,26413;0;0,265137;0;0;0;50,5;0
24.09.2025 07:54:41;0,220172;0;0,225434;0;0;0,005707;50,5;0
24.09.2025 07:59:41;0,296448;0;0,309814;0;0;0,014648;50,5;0
24.09.2025 08:04:41;0,314392;0;0,328125;0;0;0,013184;50,5;0
24.09.2025 08:09:40;0,439912;0;0,459295;0;0;0,019107;50,5;0
24.09.2025 08:14:43;0,423499;0;0,455407;0;0;0,031907;50,5;0
24.09.2025 08:19:45;0,396708;0;0,442363;0;0;0,046565;50,5;0
24.09.2025 08:24:47;0,340958;0;0,376882;0;0;0,034923;50,5;0
24.09.2025 08:29:48;0,341908;0;0,377404;0;0;0,035039;50,400002;0
24.09.2025 08:34:51;0,220724;0;0,270488;0;0;0,050762;50,400002;0
24.09.2025 08:39:53;0,233278;0;0,272112;0;0;0,039289;50,5;0
24.09.2025 08:44:56;0,196521;0;0,225528;0;0;0,029007;50,400002;0
24.09.2025 08:49:58;0,247647;0;0,288118;0;0;0,039289;50,5;0
24.09.2025 08:54:59;0,227939;0;0,316085;0;0;0,089059;50,400002;0
24.09.2025 09:00:01;1,505527;0;1,709793;0;0;0,20372;50,400002;0
24.09.2025 09:05:04;1,154471;0;1,357519;0;0;0,203048;50,5;0
24.09.2025 09:10:05;0,698325;0;0,874526;0;0;0,176657;50,5;0
24.09.2025 09:15:07;1,812108;0;2,012462;0;0;0,20081;50,400002;0
24.09.2025 09:20:07;1,748566;0;1,938721;0;0;0,19043;50,400002;0
24.09.2025 09:25:08;1,099089;0;1,26799;0;0;0,167897;50,400002;0
24.09.2025 09:30:09;1,289799;0;1,385518;0;0;0,096358;50,400002;0
24.09.2025 09:35:11;1,283072;0;1,394754;0;0;0,110591;50,400002;0
24.09.2025 09:40:11;1,11264;0;1,302246;0;0;0,19043;50,400002;0
24.09.2025 09:45:17;0,198185;0;0,341079;0,155101;0;0,298713;50,799999;6,9
24.09.2025 09:50:14;0,242106;0;0,261156;0,324041;0;0,341797;51;4,5
24.09.2025 09:55:20;0,259489;0;0,274299;0,227625;0;0,242705;51,099998;4,3
24.09.2025 10:00:21;0,302307;0;0,318275;0,205857;0;0,221917;51,200001;4,5
24.09.2025 10:05:22;0,286156;0,00073;0,337985;0,223741;0,004745;0,271556;51,299999;0
24.09.2025 10:10:21;0,130164;0;0,382133;0;0;0,251326;51,099998;0
24.09.2025 10:15:23;0,285026;0;0,436543;0;0;0,151335;51,099998;0
24.09.2025 10:20:26;0,282182;0;0,438728;0;0;0,158087;51,099998;0
24.09.2025 10:25:27;0,192078;0;0,381054;0;0;0,188337;51;0
24.09.2025 10:30:28;0,191896;0;0,313165;0;0;0,121178;51;0
24.09.2025 10:35:36;0,82986;0;0,91529;0;0;0,085608;51;0
24.09.2025 10:40:37;1,911019;0;2,016958;0;0;0,105118;50,900002;0
24.09.2025 10:45:37;1,857422;0;2,0354;0;0;0,178711;50,900002;0
24.09.2025 10:50:36;0,419887;0;0,574669;0;0;0,154323;50,900002;0
24.09.2025 10:55:39;0,178664;0;0,351708;0;0;0,172591;50,900002;0
24.09.2025 11:00:41;0,315402;0;0,471466;0;0;0,157155;50,900002;0
24.09.2025 11:05:43;0,297213;0;0,478014;0;0;0,180438;50,900002;0
24.09.2025 11:10:45;0,124415;0,020372;0,328135;0,070574;0;0,293939;51;0
24.09.2025 11:15:45;0,001465;0,04248;0,297363;0,090088;0;0,429199;51,099998;2,3
24.09.2025 11:20:47;0,001091;0,020372;0,280115;0,098222;0;0,397254;51,200001;0
24.09.2025 11:25:49;0,013824;0,045837;0,296849;0;0,040016;0,289573;51;0
24.09.2025 11:30:51;0,260289;0,005093;0,689738;0;0,0673;0,365241;50,900002;0
24.09.2025 11:35:53;1,435862;0;2,160159;0;0;0,724661;50,900002;0
24.09.2025 11:40:55;1,287529;0,008731;1,791281;0,090219;0,018553;0,583512;51;0
24.09.2025 11:45:57;0,01728;0,020372;0,381247;0;0,002183;0,382703;51;0
24.09.2025 11:50:59;0,038743;0,003638;0,351417;0;0,014188;0,30267;51;0
24.09.2025 11:56:00;0,2346;0;0,437993;0;0;0,202937;50,900002;0
24.09.2025 12:01:02;0,20563;0;0,392889;0;0;0,187713;51;0
24.09.2025 12:06:05;0,244292;0;0,443804;0;0;0,198697;50,900002;0
24.09.2025 12:11:07;0,152335;0;0,384158;0;0;0,232823;50,900002;0
24.09.2025 12:16:09;0,132964;0;0,37761;0;0;0,244464;50,900002;0
24.09.2025 12:21:11;0,093766;0;0,32959;0;0;0,235733;50,900002;0
24.09.2025 12:26:13;0,491111;0;0,709382;0;0;0,218271;50,900002;0
24.09.2025 12:31:15;1,954257;0,000728;2,181987;0,039653;0,024737;0,244464;50,900002;0
24.09.2025 12:36:16;1,030835;0;1,26361;0;0;0,232136;50,900002;0
24.09.2025 12:41:19;0,532819;0;0,775207;0;0;0,242207;50,900002;0
24.09.2025 12:46:21;0,796873;0;1,059344;0;0;0,261926;50,900002;0
24.09.2025 12:51:23;1,214044;0;1,522807;0;0;0,309945;50,900002;0
24.09.2025 12:56:24;0,777073;0;1,134402;0;0;0,356234;50,900002;0
24.09.2025 13:01:27;0,112129;0;0,394493;0;0;0,282816;50,900002;0
24.09.2025 13:06:29;0,086945;0;0,352872;0;0;0,264836;50,900002;0
24.09.2025 13:11:31;0,045109;0;0,287391;0;0;0,244464;50,900002;0
24.09.2025 13:16:33;0,150607;0;0,286663;0,089127;0;0,224092;51,099998;4,8
24.09.2025 13:21:35;0,022282;0,07494;0,242281;0,020372;0;0,315766;51;0
24.09.2025 13:26:37;0,057842;0,016007;0,343414;0;0,006184;0,295394;51;0
24.09.2025 13:31:40;0,066262;0,006527;0,269038;0,034808;0;0,243657;51;0
24.09.2025 13:36:41;0,031572;0,00511;0,258416;0;0;0,232136;51;0
24.09.2025 13:41:43;0,643901;0,000728;0,842528;0;0,004365;0,196444;50,900002;0
24.09.2025 13:46:45;1,859945;0;2,054662;0;0;0,194989;50,900002;0
24.09.2025 13:51:47;1,436772;0;1,618846;0;0;0,180438;50,900002;0
24.09.2025 13:56:49;1,149381;0;1,293622;0;0;0,144059;50,900002;0
24.09.2025 14:01:51;1,218682;0;1,319087;0;0;0,10186;50,900002;0
24.09.2025 14:06:53;1,565097;0;1,628305;0;0;0,062571;50,900002;0
24.09.2025 14:11:54;0,358516;0;0,422663;0;0;0,064239;50,900002;0
24.09.2025 14:16:57;0,279191;0;0,350982;0;0;0,071067;50,900002;0
24.09.2025 14:21:59;0,367878;0;0,453277;0;0;0,085853;50,900002;0
24.09.2025 14:26:59;0,298462;0;0,421875;0;0;0,123047;50,900002;0
24.09.2025 14:32:01;0,201628;0;0,376154;0;0;0,173162;50,900002;0
24.09.2025 14:37:03;0,191624;0;0,403802;0;0;0,213906;50,900002;0
24.09.2025 14:42:04;0,192991;0;0,449673;0;0;0,255496;50,900002;0
24.09.2025 14:47:03;0,267493;0;0,558502;0;0;0,291009;50,900002;0
24.09.2025 14:52:06;0,270851;0;0,548954;0;0;0,278465;50,900002;0
24.09.2025 14:57:08;0,201992;0;0,523851;0,011277;0;0,334683;50,900002;5,9
24.09.2025 15:02:08;0,103088;0,052734;0,30249;0,092651;0;0,342773;51;0
24.09.2025 15:07:09;0,001095;0,046719;0,231406;0,059859;0;0,337255;51,099998;0
24.09.2025 15:12:12;0;0,110226;0,174766;0;0;0,285717;51;0
24.09.2025 15:17:14;0,001;0,078578;0,175345;0,031649;0;0,283753;51,099998;2,6
24.09.2025 15:22:14;0,005676;0,074707;0,205811;0,026367;0,00293;0,298828;51;0
24.09.2025 15:27:16;0,012187;0,012369;0,259743;0;0;0,259015;51;0
24.09.2025 15:32:18;0,049566;0;0,253922;0;0;0,205175;51;0
24.09.2025 15:37:18;0,104187;0,007324;0,306152;0;0,049805;0,158203;50,900002;0
24.09.2025 15:42:20;0,164613;0;0,277205;0;0;0,113501;50,900002;0
24.09.2025 15:47:22;0,090128;0;0,202265;0;0;0,113501;50,900002;0
24.09.2025 15:52:23;0,156856;0;0,271556;0;0;0,113878;50,900002;0
24.09.2025 15:57:24;0,158864;0;0,283236;0;0;0,124098;50,900002;0
24.09.2025 16:02:26;0,169342;0;0,317221;0;0;0,148425;50,900002;0
24.09.2025 16:07:28;0,172071;0;0,340503;0;0;0,167341;50,900002;0
24.09.2025 16:12:30;0,246738;0;0,427084;0;0;0,180438;50,900002;0
24.09.2025 16:17:32;0,234551;0;0,397982;0;0;0,164431;50,900002;0
24.09.2025 16:22:32;0,258087;0;0,389648;0;0;0,130371;50,900002;0
24.09.2025 16:27:34;0,467465;0;0,603884;0;0;0,136783;50,900002;0
24.09.2025 16:32:35;0,306778;0;0,420473;0;0;0,113878;50,900002;0
24.09.2025 16:37:37;0,087036;0;0,227002;0;0;0,139694;50,900002;0
24.09.2025 16:42:38;0,322199;0,00073;0,385434;0,068984;0,004015;0,128478;51;0
24.09.2025 16:47:37;0,914364;0;0,982523;0;0;0,067608;50,900002;0
24.09.2025 16:52:39;0,250376;0;0,316494;0;0;0,068392;50,900002;0
24.09.2025 16:57:42;0,268494;0;0,296595;0;0;0,027556;50,900002;0
24.09.2025 17:02:44;0,219636;0;0,245919;0;0;0,024737;50,900002;0
24.09.2025 17:07:46;0,188168;0;0,210268;0;0;0,024737;50,900002;0
24.09.2025 17:12:48;0,24028;0;0,25756;0;0;0,016007;50,900002;0
24.09.2025 17:17:49;0,22511;0;0,252576;0;0;0,02774;50,900002;0
24.09.2025 17:22:52;0,399387;0;0,424225;0;0;0,024656;50,900002;0
24.09.2025 17:27:54;0,348507;0;0,381975;0;0;0,033468;50,900002;0
24.09.2025 17:32:56;0,395071;0;0,456187;0;0;0,059661;50,900002;0
24.09.2025 17:37:58;0,368151;0;0,430722;0;0;0,062571;50,900002;0
24.09.2025 17:42:59;0,308329;0;0,347475;0;0;0,039419;50,900002;0
24.09.2025 17:48:02;1,594649;0;1,605527;0;0;0,011603;50,900002;0
24.09.2025 17:53:04;2,734941;0;2,734941;0;0;0;50,799999;0
24.09.2025 17:58:06;2,56569;0;2,566144;0;0;0;50,799999;0
24.09.2025 18:03:07;2,76912;0;2,768847;0;0;0;50,799999;0
24.09.2025 18:08:10;4,512643;0;4,512734;0;0;0;50,799999;0
24.09.2025 18:13:12;3,643678;0;3,643678;0;0;0;50,900002;0
24.09.2025 18:18:14;2,577785;0;2,577058;0;0;0;50,799999;0
24.09.2025 18:23:15;2,501032;0;2,502401;0;0;0;50,799999;0
24.09.2025 18:28:18;1,54851;0;1,547513;0;0;0;50,799999;0
24.09.2025 18:33:20;1,144652;0;1,14447;0;0;0;50,799999;0
24.09.2025 18:38:21;1,189516;0;1,189881;0;0;0;50,799999;0
24.09.2025 18:43:24;0,577326;0;0,577961;0;0;0;50,799999;0
24.09.2025 18:48:26;0,330863;0;0,330317;0;0;0;50,799999;0
24.09.2025 18:53:28;0,32095;0;0,320859;0;0;0;50,799999;0
24.09.2025 18:58:29;0,31499;0;0,314625;0;0;0;50,799999;0
24.09.2025 19:03:31;0,17589;0;0,176072;0;0;0;50,799999;0
24.09.2025 19:08:34;0,165973;0;0,166064;0;0;0;50,799999;0
24.09.2025 19:13:36;0,214815;0;0,215361;0;0;0;50,799999;0
24.09.2025 19:18:37;0,284787;0;0,283966;0;0;0;50,799999;0
24.09.2025 19:23:40;0,332672;0;0,332853;0;0;0;50,799999;0
24.09.2025 19:28:42;0,325952;0;0,32668;0;0;0;50,799999;0
24.09.2025 19:33:43;0,274293;0;0,273746;0;0;0;50,799999;0
24.09.2025 19:38:45;0,225092;0;0,22482;0;0;0;50,799999;0
24.09.2025 19:43:48;0,191717;0;0,19217;0;0;0;50,799999;0
24.09.2025 19:48:50;0,339594;0;0,339048;0;0;0;50,799999;0
24.09.2025 19:53:53;0,28046;0;0,280641;0;0;0;50,799999;0
24.09.2025 19:58:53;0,364288;0;0,364746;0;0;0;50,799999;0
24.09.2025 20:03:56;0,347085;0;0,346631;0;0;0;50,799999;0
24.09.2025 20:08:56;0,299286;0;0,299561;0;0;0;50,799999;0
24.09.2025 20:13:57;0,280772;0;0,281046;0;0;0;50,799999;0
24.09.2025 20:18:59;0,291301;0;0,291029;0;0;0;50,799999;0
24.09.2025 20:24:02;0,204951;0;0,205223;0;0;0;50,799999;0
24.09.2025 20:29:04;0,19408;0;0,194262;0;0;0;50,799999;0
24.09.2025 20:34:05;0,155396;0;0,155488;0;0;0;50,799999;0
24.09.2025 20:39:08;0,256529;0;0,255985;0;0;0;50,799999;0
24.09.2025 20:44:10;0,267746;0;0,267746;0;0;0;50,700001;0
24.09.2025 20:49:12;0,295667;0;0,295394;0;0;0;50,799999;0
24.09.2025 20:54:13;0,507068;0;0,507342;0;0;0;50,700001;0
24.09.2025 20:59:16;2,037366;0;2,037728;0;0;0;50,700001;0
24.09.2025 21:04:18;1,84403;0;1,843666;0;0;0;50,799999;0
24.09.2025 21:09:20;1,26079;0;1,260881;0;0;0;50,799999;0
24.09.2025 21:14:20;1,27121;0;1,270752;0;0;0;50,700001;0
24.09.2025 21:19:23;1,408009;0;1,40828;0;0;0;50,700001;0
24.09.2025 21:24:24;0,595944;0;0,595671;0;0;0;50,700001;0
24.09.2025 21:29:26;0,266473;0;0,267019;0;0;0;50,700001;0
24.09.2025 21:34:28;0,322769;0;0,323042;0;0;0;50,700001;0
24.09.2025 21:39:29;0,251664;0;0,251116;0;0;0;50,700001;0
24.09.2025 21:44:32;0,380352;0;0,380714;0;0;0;50,700001;0
24.09.2025 21:49:34;0,463645;0;0,463463;0;0;0;50,700001;0
24.09.2025 21:54:36;0,537675;0;0,537675;0;0;0;50,700001;0
24.09.2025 21:59:38;0,594608;0;0,594426;0;0;0;50,700001;0
24.09.2025 22:04:40;0,52376;0;0,523851;0;0;0;50,700001;0
24.09.2025 22:09:42;0,398345;0;0,397982;0;0;0;50,700001;0
24.09.2025 22:14:43;0,387076;0;0,386894;0;0;0;50,700001;0
24.09.2025 22:19:43;0,297089;0;0,297363;0;0;0;50,700001;0
24.09.2025 22:24:46;1,037447;0;1,037719;0;0;0;50,700001;0
24.09.2025 22:29:48;0,288846;0;0,289573;0;0;0;50,700001;0
24.09.2025 22:34:49;0,341543;0;0,340905;0;0;0;50,700001;0
24.09.2025 22:39:52;0,455135;0;0,455407;0;0;0;50,700001;0
24.09.2025 22:44:54;0,47283;0;0,472921;0;0;0;50,700001;0
24.09.2025 22:49:56;0,476468;0;0,475832;0;0;0;50,700001;0
24.09.2025 22:54:57;0,466645;0;0,466463;0;0;0;50,700001;0
24.09.2025 23:00:00;0,544784;0;0,544603;0;0;0;50,700001;0
24.09.2025 23:05:02;0,005093;0;0,005821;0;0;0;50,700001;0
24.09.2025 23:10:04;0,276932;0;0,276477;0;0;0;50,700001;0
24.09.2025 23:15:06;0,371152;0;0,371789;0;0;0;50,700001;0
24.09.2025 23:20:07;0,388171;0;0,387624;0;0;0;50,700001;0
24.09.2025 23:25:09;0,407986;0;0,408895;0;0;0;50,599998;0
24.09.2025 23:30:10;0,428321;0;0,427773;0;0;0;50,700001;0
24.09.2025 23:35:11;0,279494;0;0,279586;0;0;0;50,700001;0
24.09.2025 23:40:14;0,346722;0;0,346631;0;0;0;50,599998;0
24.09.2025 23:45:16;0,270657;0;0,269929;0;0;0;50,700001;0
24.09.2025 23:50:18;0,251194;0;0,25174;0;0;0;50,599998;0
24.09.2025 23:55:18;0,332703;0;0,333252;0;0;0;50,599998;0
25.09.2025 00:00:20;0,298304;0;0,297577;0;0;0;50,599998;0
25.09.2025 00:05:22;0,252194;0;0,252467;0;0;0;50,599998;0
25.09.2025 00:10:24;0,248829;0;0,248829;0;0;0;50,599998;0
25.09.2025 00:15:26;0,181074;0;0,181165;0;0;0;50,599998;0
25.09.2025 00:20:27;0,14472;0;0,144538;0;0;0;50,599998;0
25.09.2025 00:25:27;0,144287;0;0,144287;0;0;0;50,599998;0
25.09.2025 00:30:30;0,165248;0;0,165339;0;0;0;50,599998;0
25.09.2025 00:35:32;0,314766;0;0,315038;0;0;0;50,599998;0
25.09.2025 00:40:34;0,315402;0;0,315038;0;0;0;50,599998;0
25.09.2025 00:45:35;0,314808;0;0,314625;0;0;0;50,599998;0
25.09.2025 00:50:38;0,304209;0;0,304571;0;0;0;50,599998;0
25.09.2025 00:55:40;0,197172;0;0,197172;0;0;0;50,599998;0
25.09.2025 01:00:42;0,257287;0;0,256833;0;0;0;50,599998;0
25.09.2025 01:05:44;0,75913;0;0,759585;0;0;0;50,599998;0
25.09.2025 01:10:45;2,211774;0;2,211865;0;0;0;50,599998;0
25.09.2025 01:15:48;1,487415;0;1,487324;0;0;0;50,599998;0
25.09.2025 01:20:50;1,289802;0;1,289257;0;0;0;50,599998;0
25.09.2025 01:25:52;1,279616;0;1,279798;0;0;0;50,599998;0
25.09.2025 01:30:54;0,234187;0;0,235006;0;0;0;50,599998;0
25.09.2025 01:35:56;0,235551;0;0,235006;0;0;0;50,599998;0
25.09.2025 01:40:58;0,23737;0;0,237188;0;0;0;50,599998;0
25.09.2025 01:45:59;0,222829;0;0,222647;0;0;0;50,599998;0
25.09.2025 01:51:01;0,325406;0;0,325952;0;0;0;50,599998;0
25.09.2025 01:56:04;0,306656;0;0,306747;0;0;0;50,599998;0
25.09.2025 02:01:06;0,276295;0;0,27575;0;0;0;50,599998;0
25.09.2025 02:06:08;0,307308;0;0,307763;0;0;0;50,599998;0
25.09.2025 02:11:10;0,264199;0;0,264108;0;0;0;50,599998;0
25.09.2025 02:16:12;0,191078;0;0,191351;0;0;0;50,599998;0
25.09.2025 02:21:14;0,19608;0;0,195717;0;0;0;50,599998;0
25.09.2025 02:26:16;0,199809;0;0,200082;0;0;0;50,599998;0
25.09.2025 02:31:17;0,308968;0;0,308785;0;0;0;50,599998;0
25.09.2025 02:36:19;0,315311;0;0,315038;0;0;0;50,5;0
25.09.2025 02:41:22;0,25662;0;0,25671;0;0;0;50,5;0
25.09.2025 02:46:24;0,248648;0;0,248829;0;0;0;50,599998;0
25.09.2025 02:51:24;0,171936;0;0,172119;0;0;0;50,5;0
25.09.2025 02:56:26;0,138875;0;0,138966;0;0;0;50,599998;0
25.09.2025 03:01:26;0,135315;0;0,134766;0;0;0;50,5;0
25.09.2025 03:06:28;0,169797;0;0,170252;0;0;0;50,599998;0
25.09.2025 03:11:30;0,259561;0;0,259015;0;0;0;50,5;0
25.09.2025 03:16:30;0,253693;0;0,25415;0;0;0;50,5;0
25.09.2025 03:21:32;0,250648;0;0,250285;0;0;0;50,5;0
25.09.2025 03:26:34;0,27102;0;0,271384;0;0;0;50,5;0
25.09.2025 03:31:35;0,282962;0;0,283236;0;0;0;50,5;0
25.09.2025 03:36:35;0,282349;0;0,28125;0;0;0;50,5;0
25.09.2025 03:41:38;0,254353;0;0,254535;0;0;0;50,5;0
25.09.2025 03:46:39;0,29747;0;0,297835;0;0;0;50,5;0
25.09.2025 03:51:42;0,318531;0;0,31835;0;0;0;50,5;0
25.09.2025 03:56:44;0,254832;0;0,255378;0;0;0;50,5;0
25.09.2025 04:01:46;0,250739;0;0,250285;0;0;0;50,5;0
25.09.2025 04:06:48;0,24028;0;0,240099;0;0;0;50,5;0
25.09.2025 04:11:50;0,142149;0;0,142604;0;0;0;50,5;0
25.09.2025 04:16:50;0,141907;0;0,14209;0;0;0;50,5;0
25.09.2025 04:21:51;0,195454;0;0,194907;0;0;0;50,5;0
25.09.2025 04:26:53;0,284299;0;0,28448;0;0;0;50,5;0
25.09.2025 04:31:53;0,31897;0;0,319336;0;0;0;50,5;0
25.09.2025 04:36:52;0,315352;0;0,31526;0;0;0;50,5;0
25.09.2025 04:41:55;0,251362;0;0,250909;0;0;0;50,5;0
25.09.2025 04:46:57;0,198991;0;0,199355;0;0;0;50,5;0
25.09.2025 04:51:57;0,141541;0;0,14209;0;0;0;50,5;0
25.09.2025 04:56:58;0,1418;0;0,141618;0;0;0;50,5;0
25.09.2025 05:02:00;0,143604;0;0,143332;0;0;0;50,5;0
25.09.2025 05:07:03;0,299042;0;0,29877;0;0;0;50,5;0
25.09.2025 05:12:05;1,110456;0;1,111002;0;0;0;50,5;0
25.09.2025 05:17:06;2,359323;0;2,358593;0;0;0;50,5;0
25.09.2025 05:22:08;1,37702;0;1,377293;0;0;0;50,5;0
25.09.2025 05:27:11;1,248018;0;1,248018;0;0;0;50,5;0
25.09.2025 05:32:13;2,037746;0;2,0372;0;0;0;50,5;0
25.09.2025 05:37:16;1,477716;0;1,478622;0;0;0;50,5;0
25.09.2025 05:42:17;1,22337;0;1,222731;0;0;0;50,5;0
25.09.2025 05:47:19;0,362149;0;0,362331;0;0;0;50,400002;0
25.09.2025 05:52:21;0,285572;0;0,285936;0;0;0;50,400002;0
25.09.2025 05:57:23;0,341413;0;0,341231;0;0;0;50,5;0
25.09.2025 06:02:25;0,336047;0;0,33541;0;0;0;50,5;0
25.09.2025 06:07:27;0,232004;0;0,232095;0;0;0;50,400002;0
25.09.2025 06:12:29;0,226002;0;0,226275;0;0;0;50,400002;0
25.09.2025 06:17:31;0,218453;0;0,218271;0;0;0;50,400002;0
25.09.2025 06:22:32;0,327674;0;0,328495;0;0;0;50,400002;0
25.09.2025 06:27:33;1,844042;0;1,843951;0;0;0;50,400002;0
25.09.2025 06:32:35;0,987132;0;0,986587;0;0;0;50,400002;0
25.09.2025 06:37:37;0,824611;0;0,825066;0;0;0;50,400002;0
25.09.2025 06:42:38;0,330137;0;0,329955;0;0;0;50,400002;0
25.09.2025 06:47:40;1,232779;0;1,233234;0;0;0;50,400002;0
25.09.2025 06:52:43;2,149314;0;2,149404;0;0;0;50,400002;0
25.09.2025 06:57:43;3,841736;0;3,841553;0;0;0;50,400002;0
25.09.2025 07:02:45;3,278891;0;3,279164;0;0;0;50,400002;0
25.09.2025 07:07:46;2,000807;0;2,000169;0;0;0;50,400002;0
25.09.2025 07:12:49;0,406911;0;0,407546;0;0;0;50,400002;0
25.09.2025 07:17:51;0,416353;0;0,415443;0;0;0;50,400002;0
25.09.2025 07:22:50;2,263588;0;2,267813;0;0;0,004409;50,400002;0
25.09.2025 07:27:53;1,836403;0;1,844833;0;0;0,008702;50,400002;0
25.09.2025 07:32:55;1,982086;0;2,008825;0;0;0,026193;50,400002;0
25.09.2025 07:37:57;0,947116;0;0,985132;0;0;0,037834;50,400002;0
25.09.2025 07:42:59;0,33441;0;0,387068;0;0;0,052385;50,400002;0
25.09.2025 07:48:01;0,225274;0;0,317221;0;0;0,093129;50,400002;0
25.09.2025 07:53:01;0,176239;0;0,301025;0;0;0,124512;50,400002;0
25.09.2025 07:58:02;0,150469;0;0,308055;0;0;0,157678;50,400002;0
25.09.2025 08:03:06;0,217829;0;0,263094;0,26996;0;0,315134;50,900002;8,2
25.09.2025 08:08:07;0,242356;0;0,268636;0,433978;0;0,459893;51,200001;8,4
25.09.2025 08:13:09;0,24792;0,000728;0,279387;0,38052;0;0,411805;51,299999;0
25.09.2025 08:18:11;0,07012;0,016007;0,396526;0,014915;0,006184;0,352145;51,099998;0
25.09.2025 08:23:12;0,108768;0;0,429233;0;0,000365;0,321195;51,099998;0
25.09.2025 08:28:15;0,129171;0;0,458308;0;0;0,329227;51,099998;0
25.09.2025 08:33:17;0,117685;0,000728;0,462008;0,008731;0;0,3536;51,099998;0
25.09.2025 08:38:19;0,000273;0,048747;0,370334;0,058569;0;0,477287;51,200001;3,7
25.09.2025 08:43:21;0,000182;0,016734;0,334683;0,229913;0;0,579147;51,299999;5,1
25.09.2025 08:48:23;0,002546;0,017462;0,341231;0,268838;0;0,625711;51,400002;4,6
25.09.2025 08:53:25;0,009458;0,016007;0,32668;0,161521;0;0,494749;51,400002;2,3
25.09.2025 08:58:27;0,00482;0,045837;0,368151;0,020372;0,004729;0,426357;51,299999;0
25.09.2025 09:03:27;0,055023;0,026367;0,867188;0;0,394409;0,442383;50,799999;0
25.09.2025 09:08:29;1,973265;0;2,419902;0;0;0,448184;51;0
25.09.2025 09:13:29;1,192291;0;1,637695;0;0;0,445313;51,099998;0
25.09.2025 09:18:30;0,856185;0;1,322739;0;0;0,465733;51,099998;0
25.09.2025 09:23:33;0,861774;0;1,316184;0,02248;0,000363;0,477162;51,099998;0
25.09.2025 09:28:35;0,036651;0,032013;0,412533;0,031286;0;0,439453;51,099998;0
25.09.2025 09:33:37;0,017916;0,055295;0,419809;0;0,004002;0,452549;51,099998;0
25.09.2025 09:38:39;0,003001;0,053113;0,472921;0;0;0,522396;51,099998;0
25.09.2025 09:43:41;0,000364;0,049475;0,442363;0,084762;0;0,576237;51,200001;3,1
25.09.2025 09:48:43;0,000182;0,018189;0,417626;0,22773;0;0,665;51,400002;6,1
25.09.2025 09:53:44;0,003011;0,02044;0,424123;0,503692;0;0,944605;51,700001;13,1
25.09.2025 09:58:44;0,000641;0,0271;0,335449;0,834961;0;1,196777;51,900002;17,200001
25.09.2025 10:03:45;0,003376;0,02263;0,355504;0,886936;0;1,26142;51,900002;15,5
25.09.2025 10:08:47;0,002546;0,017462;0,35651;0,731573;0;1,102998;51,900002;15,7
25.09.2025 10:13:49;0,009458;0,027648;0,440908;0,979311;0;1,439136;52;19,200001
25.09.2025 10:18:50;0,002281;0,01971;0,519752;0,805542;0;1,341719;51,900002;10,8
25.09.2025 10:23:53;0,000181;0,031182;0,498917;0,459758;0;0,990582;51,900002;10,1
25.09.2025 10:28:55;0,001182;0,024737;0,517303;0,632987;0;1,172845;51,900002;14,7
25.09.2025 10:33:56;0,009672;0,02336;0,455513;0,800797;0;1,27018;52;16,1
25.09.2025 10:38:58;0,000637;0,02983;0,334683;0,650085;0;1,01569;51,900002;9,9
25.09.2025 10:44:01;0,001178;0,031182;0,316899;0,389054;0;0,735323;51,900002;6,7
25.09.2025 10:49:03;0,000091;0,019644;0,320859;0,247374;0;0,587878;51,799999;2,8
25.09.2025 10:54:04;0,006022;0,041609;0,379594;0,040879;0,005475;0,449673;51,700001;0
25.09.2025 10:59:07;0,003807;0,028282;0,416973;0,000363;0,001813;0,440903;51,700001;0
25.09.2025 11:04:09;0,00191;0,056023;0,463463;0,101496;0;0,618436;51,799999;3,8
25.09.2025 11:09:10;0,003102;0,035039;0,467923;0,110593;0;0,61173;51,799999;1,3
25.09.2025 11:14:12;0,00382;0,029103;0,396526;0,227366;0;0,647539;51,799999;7,1
25.09.2025 11:19:15;0,01967;0,01958;0,436552;0,219001;0,00145;0,655554;51,799999;2,3
25.09.2025 11:24:17;0,004365;0,038561;0,400892;0,151699;0,000728;0,584967;51,799999;4,5
25.09.2025 11:29:19;0,010459;0,038561;0,426357;0,130963;0,020008;0,564595;51,700001;-2,3
25.09.2025 11:34:21;0,01155;0,027648;0,489656;0,025465;0,031649;0,500569;51,799999;4,6
25.09.2025 11:39:23;0,002092;0,033468;0,473649;0,46892;0;0,974946;52;10,4
25.09.2025 11:44:25;0,001182;0,020372;0,452549;0,40453;0;0,875996;51,900002;5,8
25.09.2025 11:49:26;0,002464;0,02117;0,443833;0,296375;0;0,759188;51,900002;7,5
25.09.2025 11:54:26;0,000183;0,0271;0,365479;0,507568;0;0,899414;52;10,5
25.09.2025 11:59:28;0,000273;0,026193;0,341231;0,511483;0;0,878906;52,099998;10,8
25.09.2025 12:04:31;0,001994;0,026106;0,343005;0,62981;0;0,996384;52,200001;13,3
25.09.2025 12:09:33;0,006548;0,032013;0,348507;0,594426;0,001091;0,966215;52,099998;7,5
25.09.2025 12:14:34;0,003924;0,043069;0,416823;0,162057;0,000365;0,61757;52;0
25.09.2025 12:19:37;0,002176;0,04351;0,456132;0,101886;0,002901;0,598991;52;3,2
25.09.2025 12:24:39;0,020827;0,023282;0,732664;0,264472;0,188077;0,810515;51,400002;-55
25.09.2025 12:29:41;0,023373;0,082216;2,003732;0,088764;1,260517;0,892003;51,700001;7,9
25.09.2025 12:34:42;0,002464;0,02701;0,436533;0,467923;0;0,928545;51,900002;8,4
25.09.2025 12:39:44;0,000091;0,027648;0,416898;0,414716;0;0,858534;52;8,3
25.09.2025 12:44:47;0,000544;0,025381;0,393042;0,426037;0;0,842648;52,099998;8,5
25.09.2025 12:49:46;0,004409;0,03013;0,457825;0,572465;0,002572;1,055275;52,200001;13,7
25.09.2025 12:54:48;0,005093;0,032013;0,731209;0,559502;0,093857;1,22232;52;-11,5
25.09.2025 12:59:51;0,008611;0,029732;2,153755;0;0,951786;1,222637;51,200001;-37,799999
25.09.2025 13:04:53;0,000455;0,05093;1,964443;0;0,665364;1,350373;51,599998;0
25.09.2025 13:09:55;0,000546;0,066209;1,300898;0;0;1,366379;51,700001;0
25.09.2025 13:14:57;0,007549;0,066209;1,182304;0,330317;0,003274;1,567189;52,099998;23
25.09.2025 13:19:58;0,002737;0,02336;0,494932;1,378583;0;1,89505;52,5;28,1
25.09.2025 13:25:00;0,007003;0,027648;0,480197;1,234689;0;1,73453;52,400002;17,200001
25.09.2025 13:30:01;0,001551;0,02847;0,578151;0,968695;0;1,573855;52,5;18,5
25.09.2025 13:35:02;0,000091;0,02847;0,61027;1,258865;0;1,89797;52,700001;28
25.09.2025 13:40:04;0,003092;0,058206;0,609705;1,906601;0;2,571237;53;46,599998
25.09.2025 13:45:07;0,000091;0,968102;0,638875;2,467754;0;4,075456;53,099998;46,599998
25.09.2025 13:50:09;0,000637;1,040427;0,513665;2,408989;0;3,962354;53,200001;46,5
25.09.2025 13:55:11;0,005821;1,007686;0,454732;2,245649;0;3,701883;53,200001;32,5
25.09.2025 14:00:12;0,000639;0,483982;0,435803;1,863296;0;2,782716;53,400002;46,400002
25.09.2025 14:05:15;0,008339;0,40682;0,477162;2,174423;0;3,050066;53,299999;34,599998
25.09.2025 14:10:17;0,003638;0,189169;0,582057;2,326046;0;3,093634;53,5;46,200001
25.09.2025 14:15:19;0;1,008414;0,593698;2,467558;0;4,068579;53,5;46,200001
25.09.2025 14:20:20;0,006479;0,592751;0,545301;2,063678;0;3,19589;53,5;46,299999
25.09.2025 14:25:22;0,007094;0,610432;0,542041;1,954257;0;3,100909;53,400002;32,299999
25.09.2025 14:30:25;0,004442;0,217551;0,456132;2,289;0;2,958694;53,5;46,200001
25.09.2025 14:35:27;0;0,788687;0,520941;2,475198;0;3,783371;53,599998;46,200001
25.09.2025 14:40:29;0;0,71302;0,528944;2,473379;0;3,716435;53,599998;46,200001
25.09.2025 14:45:29;0,01062;0,452637;0,598389;2,231689;0;3,270996;53,5;46,200001
25.09.2025 14:50:30;0,001916;0,758458;0,63947;2,341803;0;3,737542;53,400002;31,5
25.09.2025 14:55:33;0,003898;0,131256;0,562007;2,132363;0;2,822362;53,5;31,4
25.09.2025 15:00:35;0,000909;0,040016;0,513665;1,540632;0;2,092495;53,400002;31,299999
25.09.2025 15:05:36;0,002007;0,033579;0,481062;1,906;0;2,419182;53,400002;34,200001
25.09.2025 15:10:38;0,007367;0,034923;0,526762;1,937886;0;2,49266;53,5;36,400002
25.09.2025 15:15:41;0,001994;0,107325;0,558381;1,970287;0;2,633818;53,400002;31,5
25.09.2025 15:20:42;0,005566;0,03139;0,521942;1,476037;0;2,023528;53,299999;22,1
25.09.2025 15:25:45;0,001541;0,026831;0,593914;0,956137;0;1,57652;53,299999;18,1
25.09.2025 15:30:45;0,000916;0,040283;0,49585;0,803101;0;1,335938;53,200001;13,7
25.09.2025 15:35:47;0,001546;0,032013;0,454005;0,787232;0;1,27325;53,299999;19,1
25.09.2025 15:40:49;0,000182;0,035651;0,451822;0,809787;0;1,296532;53,299999;27,4
25.09.2025 15:45:48;0,0079;0,038213;0,418142;1,324973;0;1,77398;53,5;40,799999
25.09.2025 15:50:50;0,000728;0,031286;0,416898;2,027378;0;2,475198;53,5;32,299999
25.09.2025 15:55:53;0,004986;0,035533;0,393767;1,645411;0;2,069636;53,5;37,200001
25.09.2025 16:00:55;0,004638;0,036379;0,436543;1,973174;0;2,440274;53,5;35
25.09.2025 16:05:55;0,001923;0,031494;0,515625;1,768433;0;2,314453;53,5;30,4
25.09.2025 16:10:54;0;0,02719;0,493099;1,492156;0;2,012078;53,5;28,4
25.09.2025 16:15:57;0,001994;0,029732;0,493841;1,556215;0;2,078338;53,5;30
25.09.2025 16:20:59;0,007276;0,030558;0,505662;1,713794;0;2,236554;53,5;31,700001
25.09.2025 16:26:00;0,00292;0,02774;0,383974;1,57714;0;1,985569;53,5;26,200001
25.09.2025 16:31:03;0,002357;0,035533;0,412622;1,530109;0;1,976814;53,599998;30
25.09.2025 16:36:05;0,000819;0,041472;0,432905;1,59229;0;2,066303;53,5;29
25.09.2025 16:41:07;0,005002;0,046565;0,510755;1,79892;0;2,350056;53,599998;33,900002
25.09.2025 16:46:08;0,000274;0,02847;0,537272;1,225651;0;1,792852;53,5;26,1
25.09.2025 16:51:09;0,040241;0,083219;1,549036;0,417918;0,193082;1,816212;53,299999;19,1
25.09.2025 16:56:11;0,034832;0,092402;0,859262;1,188124;0,003638;2,101226;53,5;23,9
25.09.2025 17:01:12;0,031207;0,070809;0,857007;1,019429;0,00146;1,91549;53,5;19,9
25.09.2025 17:06:15;0,004714;0,042785;0,493841;0,943809;0;1,473546;53,5;15,7
25.09.2025 17:11:17;0,004638;0,026193;0,462008;0,841073;0;1,325635;53,5;16,200001
25.09.2025 17:16:18;0,007847;0,0292;0,419743;0,750063;0;1,191341;53,5;13,6
25.09.2025 17:21:20;0,006639;0,033468;0,515121;0,528944;0,002183;1,068075;53,400002;7,8
25.09.2025 17:26:22;0,005912;0,038561;0,457642;0,331045;0;0,822156;53,400002;5,2
25.09.2025 17:31:25;0,006255;0,023931;0,459758;0,186006;0;0,662806;53,299999;2,4
25.09.2025 17:36:27;0,000819;0,028375;0,459098;0,095676;0,000728;0,583512;53,299999;-0,3
25.09.2025 17:41:27;0,008423;0,032959;1,037109;0,002197;0,539063;0,522949;52,799999;-24,1
25.09.2025 17:46:29;0,066664;0,029103;2,975039;0;2,424995;0,513665;52;-73,099998
25.09.2025 17:51:31;0,836161;0,036379;4,553142;0;3,237693;0,515121;52,099998;-48,799999
25.09.2025 17:56:33;0,009095;0,057478;2,67237;0;2,309675;0,408895;52,099998;-45,099998
25.09.2025 18:01:34;0,000182;0,049639;2,416992;0;2,137407;0,329955;52,099998;-52,099998
25.09.2025 18:06:36;0,161248;0,008003;4,07731;0;3,652408;0,272112;51,900002;-73,400002
25.09.2025 18:11:36;0,009247;0,057129;3,558838;0;3,36145;0,244629;52;-54,200001
25.09.2025 18:16:38;0;0,055295;2,574875;0;2,430088;0,20081;52,099998;-40,599998
25.09.2025 18:21:40;0;0,036379;1,45005;0;1,318359;0,170252;52,299999;-21,299999
25.09.2025 18:26:42;0,000091;0,031286;1,27034;0;1,144106;0,1557;52,299999;-22,9
25.09.2025 18:31:44;0,001273;0,035651;0,8418;0;0,685736;0,190624;52,5;-3,5
25.09.2025 18:36:46;0,006366;0,02983;0,448184;0;0,277932;0,193534;52,5;-7,8
25.09.2025 18:41:47;0,000091;0,02555;0,547491;0;0,454783;0,118258;52,5;-9
25.09.2025 18:46:49;0,000182;0,02983;0,499114;0;0,462372;0,065481;52,400002;-9,3
25.09.2025 18:51:51;0,002274;0,02983;0,471466;0;0,477287;0,021827;52,5;-8,3
25.09.2025 18:56:54;0,002719;0,02248;0,401744;0;0,418786;0,002901;52,5;-6,3
25.09.2025 19:01:56;0,008458;0,02692;0,450367;0;0,465646;0,00291;52,5;-9,2
25.09.2025 19:06:56;0,000183;0,02417;0,435059;0;0,458862;0,001465;52,5;-7,9
25.09.2025 19:11:58;0,001728;0,036379;0,387796;0;0,422719;0;52,5;-7,9
25.09.2025 19:17:00;0,009277;0,030558;0,517303;0;0,538403;0;52,400002;-10,4
25.09.2025 19:22:02;0,009004;0,032741;0,483835;0;0,507845;0;52,5;-7,1
25.09.2025 19:27:03;0,005201;0,02774;0,400764;0;0,423028;0;52,400002;-7,8
25.09.2025 19:32:06;0;0,031907;0,366211;0;0,397756;0;52,5;-7,6
25.09.2025 19:37:08;0,001182;0,027648;0,334683;0;0,361239;0;52,5;-5,6
25.09.2025 19:42:10;0,006275;0,02401;0,27575;0;0,294303;0;52,5;-7,6
25.09.2025 19:47:11;0,007209;0,035039;1,516186;0;1,543561;0;52;-38,700001
25.09.2025 19:52:13;0,049384;0,054568;2,725482;0;2,731303;0;52;-36,700001
25.09.2025 19:57:16;0,005892;0,050762;1,661365;0;1,7056;0;52,099998;-31,9
25.09.2025 20:02:16;0,000092;0,044678;1,634033;0;1,678711;0;52,099998;-32,700001
25.09.2025 20:07:18;0,000182;0,044382;1,399847;0;1,443865;0;52,299999;-11,2
25.09.2025 20:12:19;0,02701;0,0219;0,61246;0;0,606986;0;51,900002;-73,199997
25.09.2025 20:17:21;0,301396;0,045837;1,45587;0;1,20122;0;52,400002;-7
25.09.2025 20:22:24;0,002357;0,036984;0,38144;0;0,41516;0;52,400002;-8,2
25.09.2025 20:27:26;0,000819;0,02692;0,424174;0;0,451094;0;52,400002;-9,4
25.09.2025 20:32:28;0,006002;0,036379;0,448912;0;0,478378;0;52,400002;-11,2
25.09.2025 20:37:29;0,000274;0,032119;0,589101;0;0,620855;0;52,299999;-10,7
25.09.2025 20:42:32;0;0,023931;0,459033;0;0,482963;0;52,400002;-9,3
25.09.2025 20:47:34;0,000091;0,026193;0,454005;0;0,480197;0;52,400002;-9
25.09.2025 20:52:36;0;0,028375;0,427812;0;0,456551;0;52,400002;-6,5
25.09.2025 20:57:38;0,003456;0,02692;0,414716;0;0,438362;0;52,400002;-8,2
25.09.2025 21:02:40;0,259015;0,024737;1,217955;0;0,983677;0;51,599998;-73,5
25.09.2025 21:07:42;0,072939;0,056023;1,561368;0;1,543907;0;52,200001;-9,2
25.09.2025 21:12:44;0,006821;0,02983;0,552227;0;0,575873;0;52,200001;-11,7
25.09.2025 21:17:44;0;0,0271;0,555176;0;0,581909;0;52,299999;-9,4
25.09.2025 21:22:46;0;0,025465;0,45546;0;0,481288;0;52,299999;-9,5
25.09.2025 21:27:47;0,000182;0,02628;0,470113;0;0,495662;0;52,299999;-9,9
25.09.2025 21:32:50;0;0,031182;0,432201;0;0,464109;0;52,299999;-6,8
25.09.2025 21:37:51;0;0,02482;0,324115;0;0,348935;0;52,299999;-7
25.09.2025 21:42:52;0;0,02336;0,325575;0;0,34857;0;52,299999;-6,6
25.09.2025 21:47:54;0,000273;0,024737;0,352145;0;0,376154;0;52,299999;-6,8
25.09.2025 21:52:55;0,006752;0,02628;0,510262;0;0,530337;0;52,200001;-11,2
25.09.2025 21:57:58;0,000453;0,026831;0,541702;0;0,568533;0;52,200001;-8,9
25.09.2025 22:02:59;0,001642;0,02117;0,443833;0;0,463178;0;52,200001;-8,8
25.09.2025 22:08:00;0;0,02336;0,436533;0;0,458798;0;52,200001;-8,8
25.09.2025 22:13:01;0,006752;0,03066;0,438723;0;0,463543;0;52,200001;-8
25.09.2025 22:18:01;0,002014;0,038086;0,364014;0;0,399902;0;52,200001;-7,9
25.09.2025 22:23:04;0,000997;0,031182;0,38289;0;0,413347;0;52,099998;-8
25.09.2025 22:28:06;0,009277;0,031286;0,399437;0;0,4209;0;52,099998;-10,3
25.09.2025 22:33:06;0,000092;0,032959;0,485596;0;0,518921;0;52,099998;-10
25.09.2025 22:38:08;0,000182;0,025465;0,493293;0;0,519122;0;52;-9,7
25.09.2025 22:43:10;0,003456;0,025465;0,465646;0;0,486745;0;52;-9,5
25.09.2025 22:48:12;0,006002;0,028375;0,520941;0;0,543132;0;52;-12
25.09.2025 22:53:14;0,007549;0,028375;0,446001;0;0,466737;0;52;-8
25.09.2025 22:58:15;0,000639;0,02482;0,387624;0;0,412809;0;52;-7,6
25.09.2025 23:03:17;0,003274;0,032741;0,384158;0;0,412897;0;52;-8
25.09.2025 23:08:20;0,008249;0,027556;0,471361;0;0,49094;0;51,900002;-10,3
25.09.2025 23:13:22;0,000182;0,032013;0,467828;0;0,499842;0;51,900002;-8,7
25.09.2025 23:18:24;0,007458;0,02692;0,429995;0;0,449275;0;51,900002;-8,7
25.09.2025 23:23:26;0;0,02401;0,420536;0;0,444182;0;51,900002;-7,2
25.09.2025 23:28:28;0,015643;0,049475;1,126281;0;1,160476;0;51,799999;-5,2
25.09.2025 23:33:30;0,005457;0,020372;0,270657;0;0,285936;0;51,900002;-5,8
25.09.2025 23:38:30;0,00293;0,022705;0,240234;0;0,26001;0;51,900002;-6,6
25.09.2025 23:43:32;0,000091;0,020372;0,25465;0;0,273931;0;51,900002;-4,7
25.09.2025 23:48:34;0,004547;0,02401;0,30558;0;0,325588;0;51,900002;-7,2
25.09.2025 23:53:35;0;0,02555;0,337255;0;0,363169;0;51,900002;-6,9
25.09.2025 23:58:37;0;0,0211;0,28157;0;0,30267;0;51,900002;-5,5
26.09.2025 00:03:40;0,000091;0,017404;0,289343;0;0,306384;0;51,900002;-5,8
26.09.2025 00:08:42;0,001182;0,027648;0,280115;0;0,306671;0;51,900002;-4,9
26.09.2025 00:13:42;0;0,02124;0,236572;0;0,25708;0;51,900002;-5
26.09.2025 00:18:44;0;0,020372;0,236461;0;0,258288;0;51,900002;-5
26.09.2025 00:23:46;0;0,020372;0,237916;0;0,257924;0;51,900002;-4,9
26.09.2025 00:28:47;0,006387;0,03139;0,319005;0;0,34346;0;51,799999;-5,8
26.09.2025 00:33:50;0,003716;0,021755;0,292969;0;0,310735;0;51,799999;-6,3
26.09.2025 00:38:52;0,002365;0,022555;0,286663;0;0,306671;0;51,799999;-5,8
26.09.2025 00:43:53;0,005019;0,02336;0,317545;0;0,336525;0;51,700001;-8
26.09.2025 00:48:55;0,000091;0,021827;0,287391;0;0,30849;0;51,799999;-5,5
26.09.2025 00:53:56;0;0,02044;0,258416;0;0,279221;0;51,799999;-5,3
26.09.2025 00:58:56;0,000092;0,027832;0,240967;0;0,268066;0;51,799999;-5,1
26.09.2025 01:03:58;0,004547;0,022555;0,297577;0;0,317221;0;51,700001;-7,7
26.09.2025 01:09:00;0,00673;0,016734;0,35651;0;0,365241;0;51,700001;-7,5
26.09.2025 01:14:02;0,000091;0,024737;0,3536;0;0,378701;0;51,700001;-7,2
26.09.2025 01:19:02;0,000183;0,029297;0,334717;0;0,364014;0;51,700001;-7,2
26.09.2025 01:24:03;0,004654;0,01971;0,346015;0;0,359519;0;51,700001;-5,8
26.09.2025 01:29:05;0,024101;0,017462;0,189896;0;0,184076;0;51,799999;-3,7
26.09.2025 01:34:08;0,002719;0,021755;0,165339;0;0,184918;0;51,799999;-3,7
26.09.2025 01:39:10;0,004638;0,024737;0,167341;0;0,186986;0;51,799999;-3,7
26.09.2025 01:44:12;0,019553;0,019644;0,256833;0;0,25756;0;51,700001;-6,1
26.09.2025 01:49:13;0,001004;0,032119;0,278126;0;0,308785;0;51,599998;-6,1
26.09.2025 01:54:16;0,001904;0,024656;0,287893;0;0,310373;0;51,599998;-5,8
26.09.2025 01:59:18;0,000546;0,02692;0,269201;0;0,296122;0;51,599998;-5,5
26.09.2025 02:04:19;0,002646;0,0219;0,258416;0;0,277761;0;51,599998;-5
26.09.2025 02:09:21;0,000091;0,024737;0,227002;0;0,251376;0;51,599998;-5
26.09.2025 02:14:24;0,00281;0,017404;0,237131;0;0,250909;0;51,599998;-4,8
26.09.2025 02:19:25;0,001004;0,02482;0,224106;0;0,248926;0;51,599998;-4,8
26.09.2025 02:24:27;0,007367;0,031286;0,320859;0;0,343777;0;51,599998;-5,8
26.09.2025 02:29:29;0;0,021827;0,277205;0;0,299396;0;51,5;-5,8
26.09.2025 02:34:32;0,000363;0,023931;0,285717;0;0,309285;0;51,5;-6,1
26.09.2025 02:39:34;0,005275;0,021827;0,336866;0;0,3536;0;51,5;-8
26.09.2025 02:44:35;0,000182;0,02044;0,310975;0;0,33105;0;51,5;-5,5
26.09.2025 02:49:38;0,00145;0,020305;0,290068;0;0,308922;0;51,5;-6,7
26.09.2025 02:54:40;0;0,0211;0,307035;0;0,327771;0;51,400002;-6,2
26.09.2025 02:59:40;0,003754;0,02417;0,314941;0;0,336182;0;51,400002;-9,1
26.09.2025 03:04:42;0;0,02401;0,357965;0;0,381611;0;51,400002;-6,1
26.09.2025 03:09:44;0,000182;0,023282;0,289573;0;0,312856;0;51,400002;-6,1
26.09.2025 03:14:46;0,000091;0,02401;0,286663;0;0,310673;0;51,400002;-6
26.09.2025 03:19:47;0;0,02409;0,283966;0;0,30696;0;51,400002;-6,1
26.09.2025 03:24:49;0,000091;0,021827;0,20372;0;0,226275;0;51,400002;-3,7
26.09.2025 03:29:52;0;0,020305;0,168965;0;0,189995;0;51,400002;-3,7
26.09.2025 03:34:54;0;0,020372;0,170979;0;0,190624;0;51,400002;-3,8
26.09.2025 03:39:56;0,008549;0,024737;0,204448;0;0,220818;0;51,299999;-6,3
26.09.2025 03:44:57;0,000091;0,02263;0,292725;0;0,31499;0;51,299999;-6,4
26.09.2025 03:50:00;0,000363;0,025381;0,283542;0;0,309285;0;51,299999;-6
26.09.2025 03:55:00;0,002747;0,022705;0,276855;0;0,296265;0;51,299999;-5,6
26.09.2025 04:00:02;0,000455;0,020372;0,256833;0;0,276841;0;51,299999;-3,4
26.09.2025 04:05:04;0;0,020372;0,171707;0;0,192443;0;51,299999;-3,8
26.09.2025 04:10:05;0,003467;0,02044;0,224836;0;0,241261;0;51,299999;-5,6
26.09.2025 04:15:08;0,003898;0,024656;0,234955;0;0,25526;0;51,200001;-4,7
26.09.2025 04:20:09;0,012866;0,0219;0,320465;0;0,33032;0;51,200001;-7,5
26.09.2025 04:25:12;0,008883;0,021755;0,367661;0;0,379989;0;51,099998;-7,5
26.09.2025 04:30:14;0,014824;0,018189;0,369606;0;0,373244;0;51,099998;-7,4
26.09.2025 04:35:16;0,004002;0,035651;0,384885;0;0,416171;0;51;-9,2
26.09.2025 04:40:18;0,000091;0,02401;0,346324;0;0,369606;0;51,099998;-5,4
26.09.2025 04:45:20;0,000182;0,02692;0,249557;0;0,276841;0;51,099998;-5,3
26.09.2025 04:50:22;0,002092;0,0211;0,25174;0;0,271384;0;51,099998;-5,7
26.09.2025 04:55:22;0,001282;0,032959;0,230713;0;0,262207;0;51,099998;-5,3
26.09.2025 05:00:24;0,005912;0,02983;0,294666;0;0,318312;0;51;-6,1
26.09.2025 05:05:25;0,000639;0,01971;0,296375;0;0,315355;0;51;-5,8
26.09.2025 05:10:27;0,002001;0,022555;0,291756;0;0,312856;0;50,900002;-6,1
26.09.2025 05:15:28;0,005749;0,02628;0,286886;0;0,30769;0;50,900002;-5,8
26.09.2025 05:20:30;0,003183;0,023282;0,270657;0;0,291029;0;51;-4,7
26.09.2025 05:25:32;0,001728;0,024737;0,216816;0;0,237916;0;50,900002;-4,6
26.09.2025 05:30:33;0,000091;0,01752;0,220457;0;0,238706;0;50,900002;-5,2
26.09.2025 05:35:36;0,004986;0,023205;0,240031;0;0,258523;0;50,799999;-7,4
26.09.2025 05:40:38;0,003911;0,020372;0,492566;0;0,508572;0;50,400002;-35,200001
26.09.2025 05:45:39;0;0,043069;1,818402;0;1,862201;0;50,299999;-37,099998
26.09.2025 05:50:41;0,037288;0,05384;2,761861;0;2,778595;0;50,099998;-40,299999
26.09.2025 05:55:43;0;0,044382;1,600657;0;1,643948;0;50,200001;-28,1
26.09.2025 06:00:46;0;0,036259;1,279925;0;1,317634;0;50,099998;-26
26.09.2025 06:05:48;0;0,038561;1,280526;0;1,317996;0;50;-25
26.09.2025 06:10:50;0;0,035651;1,249968;0;1,285982;0;49,700001;-25,9
26.09.2025 06:15:52;0,005912;0,042199;1,34528;0;1,381658;0;49,099998;-29,799999
26.09.2025 06:20:55;1,008621;0,007252;1,274124;0;0,272301;0;49,799999;-0,4
26.09.2025 06:25:56;1,287335;0;1,30303;0;0,01606;0;49,900002;-0,3
26.09.2025 06:30:57;1,332594;0;1,346099;0;0,013505;0;50;0
26.09.2025 06:35:59;1,371017;0;1,3722;0;0,001091;0;50;0
26.09.2025 06:41:02;1,281285;0;1,280651;0;0;0;50;0
26.09.2025 06:46:05;1,274759;0;1,275574;0;0;0;50;0
26.09.2025 06:51:05;0,364014;0;0,363281;0;0;0;50;0
26.09.2025 06:56:07;0,279206;0;0,279387;0;0;0;50;0
26.09.2025 07:01:10;0,263781;0;0,263962;0;0;0;50;0
26.09.2025 07:06:12;0,268929;0;0,268474;0;0;0;50;0
26.09.2025 07:11:14;0,287209;0;0,287391;0;0;0;50;0
26.09.2025 07:16:16;1,14829;0;1,148835;0;0;0;50,099998;0
26.09.2025 07:21:18;2,899827;0;2,899372;0;0;0;50;0
26.09.2025 07:26:20;4,020469;0;4,02056;0;0;0;50;0
26.09.2025 07:31:22;2,040747;0;2,04011;0;0;0;50;0
26.09.2025 07:36:23;0,445841;0;0,446753;0;0;0;50;0
26.09.2025 07:41:26;0,389054;0;0,388691;0;0;0;50,099998;0
26.09.2025 07:46:28;0,410259;0;0,421991;0;0;0,011641;50,099998;0
26.09.2025 07:51:30;0,354509;0;0,372517;0;0;0,017462;50;0
26.09.2025 07:56:31;0,321651;0;0,332145;0;0;0,01168;50,099998;0
26.09.2025 08:01:34;0,21601;0;0,253084;0;0;0,036259;50,099998;0
26.09.2025 08:06:33;0,222023;0;0,272637;0;0;0,049971;50;0
26.09.2025 08:11:34;0,284878;0;0,321195;0;0;0,037959;50;0
26.09.2025 08:16:35;0,345011;0;0,395654;0;0;0,049639;50;0
26.09.2025 08:21:37;0,306308;0;0,35942;0;0;0,052385;50,099998;0
26.09.2025 08:26:40;0,239487;0;0,32125;0;0;0,08412;50;0
26.09.2025 08:31:42;0,260562;0;0,370334;0;0;0,109136;50;0
26.09.2025 08:36:44;0,186349;0;0,323042;0;0;0,135328;50;0
26.09.2025 08:41:46;0,148243;0;0,320131;0;0;0,173162;50;0
26.09.2025 08:46:47;1,682897;0;1,90746;0;0;0,223377;50;0
26.09.2025 08:51:47;1,876556;0;2,099121;0;0;0,222656;50;0
26.09.2025 08:56:49;1,349827;0;1,540269;0;0;0,190624;50;0
26.09.2025 09:01:50;1,242076;0;1,504506;0;0;0,262796;50;0
26.09.2025 09:06:53;1,246658;0;1,493851;0;0;0,246558;50;0
26.09.2025 09:11:55;1,218045;0;1,407851;0;0;0,189169;50;0
26.09.2025 09:16:56;1,101918;0;1,29427;0;0;0,192717;50;0
26.09.2025 09:21:58;0,351781;0;0,518031;0;0;0,167341;50;0
26.09.2025 09:27:00;0,427994;0;0,59006;0;0;0,161521;50;0
26.09.2025 09:32:03;1,594377;0;1,822353;0;0;0,227703;50;0
26.09.2025 09:37:05;1,097996;0;1,402758;0;0;0,30558;50;0
26.09.2025 09:42:06;0,079478;0;0,402224;0;0;0,322655;50;0
26.09.2025 09:47:08;0,285208;0,000728;0,408895;0,223364;0;0,346324;50,400002;6,4
26.09.2025 09:52:10;0,395253;0;0,411805;0,340867;0;0,357965;50,700001;7,6
26.09.2025 09:57:13;0,369021;0;0,393042;0,44743;0;0,471361;51;8,5
26.09.2025 10:02:15;0,369879;0;0,390706;0,53331;0;0,554409;51,200001;9,9
26.09.2025 10:07:16;0,283327;0,00073;0,424123;0,256956;0,001825;0,395654;51,099998;0
26.09.2025 10:12:18;0,053386;0;0,38052;0,000364;0,002183;0,325952;51;0
26.09.2025 10:17:19;0,05557;0,043799;0,392004;0,052924;0;0,432153;51,099998;2,1
26.09.2025 10:22:21;0,009549;0,02692;0,446729;0,181893;0,00291;0,643173;51,200001;2,9
26.09.2025 10:27:22;0,006205;0,039419;0,474493;0,114243;0;0,62341;51,099998;0
26.09.2025 10:32:24;0,093038;0,002183;0,473649;0;0,003274;0,378337;51,099998;0
26.09.2025 10:37:24;1,506134;0;1,851563;0;0;0,345703;51,099998;0
26.09.2025 10:42:26;2,854263;0;3,312633;0;0;0,45837;51;0
26.09.2025 10:47:27;2,434147;0,00146;2,699498;0,459528;0;0,725609;51,599998;15,5
26.09.2025 10:52:29;0,949754;0,011641;1,073895;0,622437;0,032741;0,726116;51,700001;12,6
26.09.2025 10:57:31;0,5083;0,040744;0,928381;0,357238;0,147697;0,670821;51,599998;0
26.09.2025 11:02:31;0,006317;0,046875;0,484863;0,303589;0;0,829102;51,700001;11,2
26.09.2025 11:07:33;0,006912;0,04802;0,406712;0,534037;0;0,980766;51,799999;7,9
26.09.2025 11:12:34;0,292908;0,02993;1,515456;0,231771;0,539462;0,946065;51,299999;0
26.09.2025 11:17:36;3,327093;0;4,288306;0,000364;0;0,961849;51,400002;0
26.09.2025 11:22:39;4,108995;0;5,285765;0;0;1,176226;51,400002;0
26.09.2025 11:27:41;2,871633;0;4,130423;0;0;1,258699;51,400002;0
26.09.2025 11:32:43;0,547225;0,018189;1,578102;0,273203;0;1,322725;51,700001;11,4
26.09.2025 11:37:44;0,006935;0,02482;0,546031;0,384704;0;0,947525;51,799999;6,5
26.09.2025 11:42:47;0,021393;0,047861;0,899936;0,215013;0,385428;0,757078;51,599998;11,6
26.09.2025 11:47:49;0,005002;0,02983;0,440908;0,721387;0;1,187397;51,900002;16,299999
26.09.2025 11:52:51;0,004729;0,036379;0,385613;0,732301;0;1,148108;51,900002;10,8
26.09.2025 11:57:52;0,025732;0,02993;0,421933;0,169722;0,01241;0,583991;51,700001;0
26.09.2025 12:02:52;0,009521;0,04541;0,428467;0,002563;0,014282;0,452637;51,700001;1,5
26.09.2025 12:07:55;0,00707;0,051487;0,42495;0,06599;0,000725;0,535176;51,700001;4,8
26.09.2025 12:12:57;0,008003;0,034196;0,495476;0,185894;0,01055;0,697013;51,700001;0
26.09.2025 12:17:59;0,019463;0,072757;0,467828;0,089855;0,004002;0,606795;51,599998;0
26.09.2025 12:23:01;0,005184;0,032741;0,429995;0,112774;0,002546;0,567506;51,700001;0
26.09.2025 12:28:03;0,019372;0,04802;0,483107;0,008367;0,057478;0,46128;51,599998;0
26.09.2025 12:33:05;0,02401;0,042927;0,454005;0;0,017462;0,45546;51,599998;0
26.09.2025 12:38:07;0,016188;0,027648;0,707199;0,001455;0,224456;0,497659;51,400002;0
26.09.2025 12:43:08;0,001369;0,040149;0,396384;0,085044;0;0,518292;51,599998;2,7
26.09.2025 12:48:11;0,015772;0,01958;0,393042;0,058014;0;0,455407;51,5;0
26.09.2025 12:53:13;0,032195;0,019644;0,522396;0;0,108772;0,400164;51,400002;-8,2
26.09.2025 12:58:12;0,001929;0,024251;0,778964;0;0,303869;0,498243;51,200001;-6,9
26.09.2025 13:03:14;0,005639;0,034196;0,84471;0,02692;0,150971;0,749399;51,400002;3,6
26.09.2025 13:08:17;0,001722;0,020305;0,888333;0,270851;0;1,179127;51,599998;3,3
26.09.2025 13:13:19;0,022555;0,022555;0,944388;0,053476;0,018917;0,976401;51,5;-3,1
26.09.2025 13:18:21;2,477472;0,050202;3,81684;0;0,697377;0,694103;51,200001;0
26.09.2025 13:23:22;3,288051;0;3,716372;0;0;0,429233;51,299999;0
26.09.2025 13:28:25;2,268695;0;2,801332;0;0;0,530825;51,299999;0
26.09.2025 13:33:27;1,678871;0;2,11505;0;0;0,436543;51,299999;0
26.09.2025 13:38:29;2,317497;0;2,920472;0;0;0,603884;51,299999;0
26.09.2025 13:43:30;2,580053;0;3,340428;0;0;0,759188;51,299999;0
26.09.2025 13:48:32;3,53145;0;4,456375;0;0;0,925471;51,299999;0
26.09.2025 13:53:35;2,435031;0;3,481542;0;0;1,045695;51,299999;0
26.09.2025 13:58:37;0,330045;0,02401;0,972035;0,463827;0;1,130646;51,799999;13,5
26.09.2025 14:03:39;0,00191;0,033468;0,575509;1,010597;0,000364;1,616664;52,099998;22,200001
26.09.2025 14:08:40;0,003376;0,02847;0,485442;0,842042;0;1,353399;52;12,6
26.09.2025 14:13:42;0,009913;0,035651;0,432905;0,582057;0,000364;1,040427;51,900002;9,6
26.09.2025 14:18:45;0,008249;0,023931;0,432201;0,361497;0;0,80929;51,900002;5,1
26.09.2025 14:23:44;0,008084;0,03013;0,378459;0,20062;0;0,601125;51,799999;4
26.09.2025 14:28:46;0,012642;0,044382;0,418354;0,123687;0,004729;0,568961;51,799999;4,4
26.09.2025 14:33:48;0,008822;0,026193;0,46128;0,472921;0;0,951663;52;14,3
26.09.2025 14:38:51;0,001269;0,031182;0,385791;0,72517;0;1,139968;52;14,3
26.09.2025 14:43:53;0,001637;0,022555;0,382703;0,801784;0;1,206313;52;13,8
26.09.2025 14:48:55;0,002546;0,026193;0,375427;0,792325;0;1,191762;52,099998;19,200001
26.09.2025 14:53:57;0,006548;0,028375;0,30267;1,153201;0;1,47697;52,200001;26
26.09.2025 14:58:57;0,008606;0,021973;0,324463;1,547974;0;1,885254;52,400002;29,6
26.09.2025 15:03:59;0,000273;0,023282;0,303397;1,394391;0;1,722889;52,400002;25,299999
26.09.2025 15:09:01;0,005639;0,030558;0,379065;1,218682;0;1,621029;52,400002;23,4
26.09.2025 15:14:03;0,017371;0,031286;0,552227;1,386387;0,001455;1,951346;52,299999;-2,9
26.09.2025 15:19:05;0,001091;0,038561;0,779957;1,003685;0,046565;1,775274;52,599998;26,700001
26.09.2025 15:24:06;0,003285;0,074459;0,505882;1,815117;0,000365;2,391443;52,799999;34,5
26.09.2025 15:29:08;0,000546;0,024737;0,438726;1,53081;0;1,99209;52,799999;24,4
26.09.2025 15:34:11;0,001722;0,031182;0,393042;1,24548;0;1,669342;52,799999;25,6
26.09.2025 15:39:13;0,001455;0,026193;0,400892;1,233234;0;1,660318;52,799999;23,700001
26.09.2025 15:44:15;0,005548;0,032013;0,413261;1,379475;0;1,817473;52,900002;23,700001
26.09.2025 15:49:17;0,019553;0,108408;1,567916;1,014235;0,247374;2,424268;52,599998;-3,1
26.09.2025 15:54:19;0,011914;0,039289;1,872041;0,554409;0,001819;2,451916;52,799999;14,4
26.09.2025 15:59:20;0,000821;0,02555;1,324929;0,522672;0;1,871691;52,799999;9
26.09.2025 16:04:23;0,00136;0,037709;1,187829;0,668969;0;1,894144;53;28,700001
26.09.2025 16:09:25;0,005366;0,030558;0,424902;1,196127;0;1,645767;53;17,200001
26.09.2025 16:14:27;0,000546;0,024737;0,392889;0,773408;0;1,191762;53;12,9
26.09.2025 16:19:29;0,000637;0,025465;0,385613;0,697013;0;1,107364;53;13,9
26.09.2025 16:24:31;0,006093;0,030558;0,474377;0,643173;0,001455;1,139377;53;11
26.09.2025 16:29:33;0,001455;0,02401;0,523851;0,626803;0;1,1743;53;9,3
26.09.2025 16:34:35;0,002365;0,023282;0,457642;0,370698;0;0,846893;52,900002;5,7
26.09.2025 16:39:36;0,000365;0,01971;0,424123;0,318275;0;0,762108;52,900002;6,8
26.09.2025 16:44:37;0,006022;0,02409;0,381784;0,376674;0;0,778168;53;9,9
26.09.2025 16:49:39;0,003274;0,034196;0,287391;0,590788;0;0,908009;53;10
26.09.2025 16:54:40;0,007391;0,02482;0,287616;0,375579;0;0,680349;52,900002;4,6
26.09.2025 16:59:42;0,001182;0,043654;0,285208;0,056387;0,000728;0,384158;52,799999;0
26.09.2025 17:04:45;0,01396;0,04351;0,412622;0,032633;0,017404;0,456857;52,900002;3,6
26.09.2025 17:09:47;0,004274;0,034923;0,451094;0,16625;0;0,648994;52,799999;0
26.09.2025 17:14:49;0,003456;0,050202;0,392889;0,108044;0;0,547134;52,900002;5,8
26.09.2025 17:19:50;0,00584;0,02555;0,408064;0,421203;0;0,848247;53;10,8
26.09.2025 17:24:53;0,005892;0,021755;0,347357;0,5863;0;0,949973;53;8,4
26.09.2025 17:29:55;0,011914;0,021827;0,314311;0,3536;0;0,678097;53;4,8
26.09.2025 17:34:56;0,00146;0,03139;0,281776;0,252576;0;0,565011;52,900002;4,5
26.09.2025 17:39:58;0,022282;0,057478;0,285208;0,098586;0,005821;0,413261;52,900002;-1,8
26.09.2025 17:45:01;0,058557;0,002176;0,355333;0;0,015591;0,282816;52,900002;-2,6
26.09.2025 17:50:02;0,026918;0,02555;0,430693;0;0,117893;0,310975;52,799999;0
26.09.2025 17:55:04;0,019008;0,002183;0,402347;0;0,002183;0,382703;52,799999;-2,2
26.09.2025 18:00:06;0,010368;0,034923;1,232506;0;0,904007;0,3536;52,299999;-27
26.09.2025 18:05:09;0,028735;0,050762;2,542447;0;2,306404;0,258161;51,900002;-37,599998
26.09.2025 18:10:11;0,000091;0,040016;1,630488;0;1,499525;0,171707;52;-23,5
26.09.2025 18:15:12;0,000091;0,037959;1,379678;0;1,313249;0,103658;51,799999;-25,799999
26.09.2025 18:20:15;0,005257;0,04351;1,51198;0;1,470645;0,081219;51,700001;-29
26.09.2025 18:25:17;0,001364;0,043654;1,175755;0;1,146653;0,068392;51,900002;-9,8
26.09.2025 18:30:19;0,001819;0,028375;0,53913;0;0,526034;0,040744;51,900002;-10,3
26.09.2025 18:35:19;0,02005;0,032959;1,187256;0;1,187988;0,011719;51,400002;-47,5
26.09.2025 18:40:21;0,001546;0,045837;1,014962;0;1,050977;0,007276;51,799999;-6,5
26.09.2025 18:45:23;0,001637;0,021827;0,368151;0;0,381611;0,008731;51,799999;-7,2
26.09.2025 18:50:25;0,001637;0,023282;0,349234;0;0,367787;0,00291;51,799999;-7,1
26.09.2025 18:55:27;0,007821;0,027648;0,41035;0;0,429631;0;51,799999;-10,4
26.09.2025 19:00:29;0,000909;0,022555;0,45837;0;0,480197;0;51,799999;-9
26.09.2025 19:05:31;0,000546;0,023282;0,446729;0;0,469647;0;51,700001;-9,2
26.09.2025 19:10:33;0,000819;0,020372;0,446001;0;0,464918;0;51,700001;-9,3
26.09.2025 19:15:35;0,000728;0,023282;0,471466;0;0,493657;0;51,599998;-9,1
26.09.2025 19:20:37;0,002819;0,028375;0,534765;0;0,561321;0;51,599998;-10,5
26.09.2025 19:25:38;0,001095;0,01898;0,374484;0;0,392369;0;51,599998;-5,6
26.09.2025 19:30:39;0,000821;0,01825;0,273016;0;0,29017;0;51,599998;-5,6
26.09.2025 19:35:40;0,00073;0,02044;0,278126;0;0,297835;0;51,599998;-6,1
26.09.2025 19:40:43;0,005983;0,027556;0,325601;0;0,347357;0;51,599998;-8,5
26.09.2025 19:45:45;0;0,02401;0,413261;0;0,436543;0;51,5;-8,4
26.09.2025 19:50:47;0,004184;0,02983;1,037517;0;1,062982;0;51;-36,799999
26.09.2025 19:55:49;0,040835;0,05093;2,583606;0;2,59452;0;50,700001;-41,299999
26.09.2025 20:00:50;0,011041;0,038689;1,630794;0;1,657804;0;50,799999;-32,099998
26.09.2025 20:05:52;0,000546;0,040016;1,602112;0;1,642129;0;50,599998;-32,900002
26.09.2025 20:10:52;0,00412;0,039551;1,651611;0;1,686401;0;50,599998;-31,6
26.09.2025 20:15:55;0,001813;0,044235;1,055848;0;1,098995;0;50,799999;-10,6
26.09.2025 20:20:57;0,003365;0,037106;0,491838;0;0,524943;0;50,900002;-10,1
26.09.2025 20:25:59;0,008094;0,0211;0,462008;0;0,474377;0;50,900002;-9,7
26.09.2025 20:31:00;0,008304;0,035769;0,554791;0;0,583261;0;50,799999;-12,6
26.09.2025 20:36:03;0,008974;0,034808;0,638875;0;0,664256;0;50,700001;-11,7
26.09.2025 20:41:05;0,001364;0,025465;0,622801;0;0,647175;0;50,700001;-12,4
26.09.2025 20:46:07;0,003001;0,025465;0,617708;0;0,641354;0;50,599998;-12,3
26.09.2025 20:51:09;0;0,030558;0,599519;0;0,628622;0;50,599998;-12,8
26.09.2025 20:56:10;0,00438;0,02409;0,540922;0;0,561726;0;50,599998;-10,2
26.09.2025 21:01:13;0,001722;0,027556;0,486589;0;0,512333;0;50,5;-11,8
26.09.2025 21:06:14;0,000274;0,045259;0,424853;0;0,469018;0;50,5;-8,9
26.09.2025 21:11:16;0,004638;0,031286;0,441636;0;0,468556;0;50,400002;-11,9
26.09.2025 21:16:19;0,000091;0,025381;0,556931;0;0,582312;0;50,299999;-11,4
26.09.2025 21:21:21;0;0,024737;0,551499;0;0,575509;0;50,200001;-11,3
26.09.2025 21:26:23;0,001546;0,025465;0,56023;0;0,584967;0;50,099998;-11,6
26.09.2025 21:31:25;0,001455;0,029103;0,561685;0;0,589333;0;49,900002;-11,8
26.09.2025 21:36:27;0,001182;0,022555;0,528217;0;0,549316;0;49,799999;-9,5
26.09.2025 21:41:29;0,000364;0,02692;0,444546;0;0,470375;0;49,700001;-9,5
26.09.2025 21:46:29;0,003571;0,022705;0,456299;0;0,47644;0;49,5;-10,7
26.09.2025 21:51:31;0,120868;0,018189;0,559502;0;0,456187;0;49,5;0
26.09.2025 21:56:33;2,336868;0;2,336959;0;0,000364;0;49,700001;0
26.09.2025 22:01:35;2,189262;0;2,189262;0;0;0;49,700001;0
26.09.2025 22:06:36;1,601139;0;1,600865;0;0;0;49,700001;0
26.09.2025 22:11:39;1,548148;0;1,548238;0;0;0;49,799999;0
26.09.2025 22:16:41;1,168298;0;1,16848;0;0;0;49,799999;0
26.09.2025 22:21:43;0,66309;0;0,662818;0;0;0;49,799999;0
26.09.2025 22:26:45;0,363422;0;0,363058;0;0;0;49,799999;0
26.09.2025 22:31:46;0,343186;0;0,343095;0;0;0;49,799999;0
26.09.2025 22:36:49;0,325783;0;0,326327;0;0;0;49,799999;0
26.09.2025 22:41:51;0,562595;0;0,562413;0;0;0;49,799999;0
26.09.2025 22:46:51;0,960754;0;0,960938;0;0;0;49,799999;0
26.09.2025 22:51:51;0,489716;0;0,489258;0;0;0;49,799999;0
26.09.2025 22:56:54;0,483507;0;0,484414;0;0;0;49,799999;0
26.09.2025 23:01:55;0,592112;0;0,592021;0;0;0;49,900002;0
26.09.2025 23:06:58;0,413891;0;0,413347;0;0;0;49,799999;0
26.09.2025 23:12:00;0,337047;0;0,337593;0;0;0;49,900002;0
26.09.2025 23:17:02;0,32668;0;0,325952;0;0;0;49,900002;0
26.09.2025 23:22:02;0,355774;0;0,355957;0;0;0;49,900002;0
26.09.2025 23:27:03;0,408885;0;0,408794;0;0;0;49,799999;0
26.09.2025 23:32:06;0,455951;0;0,456132;0;0;0;49,799999;0
26.09.2025 23:37:08;0,462281;0;0,462735;0;0;0;49,799999;0
26.09.2025 23:42:10;1,277433;0;1,276888;0;0;0;49,799999;0
26.09.2025 23:47:11;0,481062;0;0,481062;0;0;0;49,799999;0
26.09.2025 23:52:13;0,444819;0;0,445274;0;0;0;49,900002;0
26.09.2025 23:57:16;0,344546;0;0,344456;0;0;0;49,799999;0
27.09.2025 00:02:16;0,343689;0;0,343506;0;0;0;49,799999;0
27.09.2025 00:07:18;0,387887;0;0,388523;0;0;0;49,799999;0
27.09.2025 00:12:20;0,438907;0;0,437998;0;0;0;49,900002;0
27.09.2025 00:17:22;0,387614;0;0,387796;0;0;0;49,799999;0
27.09.2025 00:22:24;0,385249;0;0,385613;0;0;0;49,799999;0
27.09.2025 00:27:26;0,382339;0;0,381975;0;0;0;49,799999;0
27.09.2025 00:32:27;0,437354;0;0,437263;0;0;0;49,900002;0
27.09.2025 00:37:29;0,329863;0;0,330317;0;0;0;49,799999;0
27.09.2025 00:42:30;0,321286;0;0,321195;0;0;0;49,799999;0
27.09.2025 00:47:31;0,280863;0;0,280316;0;0;0;49,799999;0
27.09.2025 00:52:33;0,318858;0;0,319404;0;0;0;49,799999;0
27.09.2025 00:57:36;0,386878;0;0,386516;0;0;0;49,799999;0
27.09.2025 01:02:38;0,383248;0;0,38343;0;0;0;49,799999;0
27.09.2025 01:07:40;0,381975;0;0,381975;0;0;0;49,799999;0
27.09.2025 01:12:42;0,438362;0;0,437998;0;0;0;49,799999;0
27.09.2025 01:17:44;0,385249;0;0,385613;0;0;0;49,799999;0
27.09.2025 01:22:46;0,323678;0;0,323769;0;0;0;49,799999;0
27.09.2025 01:27:47;0,270552;0;0,270826;0;0;0;49,799999;0
27.09.2025 01:32:48;0,240257;0;0,239436;0;0;0;49,799999;0
27.09.2025 01:37:50;0,302761;0;0,30267;0;0;0;49,799999;0
27.09.2025 01:42:51;0,268453;0;0,268636;0;0;0;49,799999;0
27.09.2025 01:47:51;0,34671;0;0,347168;0;0;0;49,799999;0
27.09.2025 01:52:54;0,354427;0;0,354608;0;0;0;49,799999;0
27.09.2025 01:57:56;0,378337;0;0,378337;0;0;0,001455;49,799999;0
27.09.2025 02:02:58;0,339776;0;0,339048;0;0;0;49,799999;0
27.09.2025 02:07:59;0,219453;0;0,219727;0;0;0;49,799999;0
27.09.2025 02:13:02;0,133341;0;0,133431;0;0;0;49,799999;0
27.09.2025 02:18:04;0,131963;0;0,132418;0;0;0;49,799999;0
27.09.2025 02:23:06;0,212269;0;0,211723;0;0;0;49,799999;0
27.09.2025 02:28:08;0,238643;0;0,239371;0;0;0;49,799999;0
27.09.2025 02:33:09;0,244637;0;0,243816;0;0;0;49,799999;0
27.09.2025 02:38:11;0,246192;0;0,246647;0;0;0;49,799999;0
27.09.2025 02:43:14;0,246014;0;0,245833;0;0;0;49,799999;0
27.09.2025 02:48:16;0,228639;0;0,228457;0;0;0;49,799999;0
27.09.2025 02:53:17;0,194451;0;0,194177;0;0;0;49,799999;0
27.09.2025 02:58:18;0,175197;0;0,175927;0;0;0;49,799999;0
27.09.2025 03:03:20;0,143786;0;0,143332;0;0;0;49,799999;0
27.09.2025 03:08:22;0,256105;0;0,256105;0;0;0;49,799999;0
27.09.2025 03:13:23;0,250295;0;0,250386;0;0;0;49,799999;0
27.09.2025 03:18:25;0,268474;0;0,268474;0;0;0;49,799999;0
27.09.2025 03:23:28;0,296232;0;0,295869;0;0;0;49,799999;0
27.09.2025 03:28:30;0,252467;0;0,252467;0;0;0;49,700001;0
27.09.2025 03:33:32;0,168615;0;0,168797;0;0;0;49,799999;0
27.09.2025 03:38:34;0,134692;0;0,135328;0;0;0;49,799999;0
27.09.2025 03:43:36;0,226093;0;0,225547;0;0;0;49,799999;0
27.09.2025 03:48:37;0,303584;0;0,303675;0;0;0;49,700001;0
27.09.2025 03:53:38;0,324571;0;0,324845;0;0;0;49,700001;0
27.09.2025 03:58:37;0,311861;0;0,311585;0;0;0;49,799999;0
27.09.2025 04:03:40;0,293694;0;0,293694;0;0;0;49,700001;0
27.09.2025 04:08:40;0,246368;0;0,246826;0;0;0;49,700001;0
27.09.2025 04:13:42;0,22773;0;0,227002;0;0;0;49,799999;0
27.09.2025 04:18:44;0,134601;0;0,135328;0;0;0;49,700001;0
27.09.2025 04:23:45;0,178026;0;0,177387;0;0;0;49,700001;0
27.09.2025 04:28:46;0,193903;0;0,193447;0;0;0;49,700001;0
27.09.2025 04:33:48;0,27293;0;0,273567;0;0;0;49,700001;0
27.09.2025 04:38:49;0,252485;0;0,252576;0;0;0;49,700001;0
27.09.2025 04:43:52;0,247918;0;0,248008;0;0;0;49,700001;0
27.09.2025 04:48:54;0,303579;0;0,303397;0;0;0;49,700001;0
27.09.2025 04:53:56;0,294485;0;0,293939;0;0;0;49,700001;0
27.09.2025 04:58:57;0,207043;0;0,208047;0;0;0;49,700001;0
27.09.2025 05:03:59;0,147788;0;0,147697;0;0;0;49,700001;0
27.09.2025 05:09:02;0,133431;0;0,132706;0;0;0;49,700001;0
27.09.2025 05:14:02;0,16452;0;0,164795;0;0;0;49,700001;0
27.09.2025 05:19:03;0,253397;0;0,254036;0;0;0;49,700001;0
27.09.2025 05:24:06;0,248733;0;0,248008;0;0;0;49,700001;0
27.09.2025 05:29:08;0,248557;0;0,248829;0;0;0;49,700001;0
27.09.2025 05:34:09;0,24774;0;0,248196;0;0;0;49,700001;0
27.09.2025 05:39:12;0,291246;0;0,290793;0;0;0;49,700001;0
27.09.2025 05:44:13;0,227118;0;0,227026;0;0;0;49,700001;0
27.09.2025 05:49:16;0,216554;0;0,216826;0;0;0;49,700001;0
27.09.2025 05:54:17;0,212427;0;0,212427;0;0;0;49,700001;0
27.09.2025 05:59:19;0,282934;0;0,283025;0;0;0;49,700001;0
27.09.2025 06:04:22;0,328321;0;0,327777;0;0;0;49,700001;0
27.09.2025 06:09:24;0,328044;0;0,328135;0;0;0;49,700001;0
27.09.2025 06:14:24;0,315857;0;0,315674;0;0;0;49,700001;0
27.09.2025 06:19:26;0,394253;0;0,394344;0;0;0;49,700001;0
27.09.2025 06:24:27;0,362622;0;0,362804;0;0;0;49,700001;0
27.09.2025 06:29:29;0,396345;0;0,396526;0;0;0;49,700001;0
27.09.2025 06:34:32;1,810387;0;1,810025;0;0;0;49,700001;0
27.09.2025 06:39:34;2,039292;0;2,039383;0;0;0;49,599998;0
27.09.2025 06:44:35;3,605322;0;3,606144;0;0;0;49,599998;0
27.09.2025 06:49:35;3,145844;0;3,14502;0;0;0;49,599998;0
27.09.2025 06:54:38;2,617592;0;2,617864;0;0;0;49,599998;0
27.09.2025 06:59:40;1,719251;0;1,719251;0;0;0;49,599998;0
27.09.2025 07:04:42;1,69124;0;1,690876;0;0;0;49,599998;0
27.09.2025 07:09:43;1,386978;0;1,387708;0;0;0;49,599998;0
27.09.2025 07:14:45;1,090811;0;1,089902;0;0;0;49,599998;0
27.09.2025 07:19:48;1,057933;0;1,058023;0;0;0;49,599998;0
27.09.2025 07:24:49;1,165792;0;1,166522;0;0;0;49,599998;0
27.09.2025 07:29:51;1,241055;0;1,241964;0;0;0,001455;49,599998;0
27.09.2025 07:34:54;1,35217;0;1,360419;0;0;0,007252;49,599998;0
27.09.2025 07:39:56;1,379748;0;1,386024;0;0;0,007276;49,599998;0
27.09.2025 07:44:58;0,657997;0;0,707927;0;0;0,05093;49,599998;0
27.09.2025 07:50:00;0,379519;0;0,454005;0;0;0,072757;49,599998;0
27.09.2025 07:55:02;0,298395;0;0,352872;0;0;0,05384;49,599998;0
27.09.2025 08:00:04;0,168433;0;0,22773;0;0;0,061116;49,599998;0
27.09.2025 08:05:03;0,149638;0;0,230015;0;0;0,079366;49,599998;0
27.09.2025 08:10:05;0,196808;0;0,283753;0;0;0,085853;49,599998;0
27.09.2025 08:15:07;0,279115;0;0,346324;0;0;0,066937;49,599998;0
27.09.2025 08:20:10;0,285898;0;0,341555;0;0;0,056563;49,599998;0
27.09.2025 08:25:11;0,412717;0;0,477413;0;0;0,065699;49,599998;0
27.09.2025 08:30:13;0,646538;0;0,729754;0;0;0,082943;49,599998;0
27.09.2025 08:35:16;0,256892;0;0,36186;0;0;0,104425;49,599998;0
27.09.2025 08:40:18;0,099768;0;0,224092;0;0;0,123687;49,599998;0
27.09.2025 08:45:20;0,064117;0;0,229185;0;0;0,165886;49,599998;0
27.09.2025 08:50:22;1,088811;0;1,263064;0;0;0,173162;49,599998;0
27.09.2025 08:55:25;1,661184;0;1,822353;0;0;0,162438;49,5;0
27.09.2025 09:00:26;0,914219;0;1,040234;0;0;0,125558;49,599998;0
27.09.2025 09:05:27;0,42969;0;0,592021;0;0;0,162057;49,5;0
27.09.2025 09:10:29;0,137784;0;0,337593;0;0;0,199355;49,5;0
27.09.2025 09:15:31;0,234642;0;0,331045;0,212087;0;0,309945;50;7,1
27.09.2025 09:20:34;0,29877;0;0,316174;0,378176;0;0,394493;50,400002;7,4
27.09.2025 09:25:36;0,257287;0;0,276477;0,325588;0;0,344869;50,5;5,7
27.09.2025 09:30:38;0,316585;0;0,337593;0,272839;0;0,293939;50,700001;5,6
27.09.2025 09:35:39;0,442829;0;0,462083;0,32156;0;0,341635;50,799999;6,9
27.09.2025 09:40:41;0,440454;0;0,464191;0,411078;0;0,433633;51;10,2
27.09.2025 09:45:44;0,284267;0,008702;0,443079;0,551855;0;0,720819;51,200001;9,3
27.09.2025 09:50:44;0,000183;0,04834;0,405762;0,699829;0;1,151367;51,5;17,6
27.09.2025 09:55:46;0,00573;0,027648;0,496931;0,905463;0;1,42604;51,799999;18,1
27.09.2025 10:00:48;0,000364;0,022555;0,331773;0,742123;0;1,095723;51,799999;10,6
27.09.2025 10:05:48;0,000366;0,021973;0,361084;0,424072;0;0,807129;51,799999;8,7
27.09.2025 10:10:50;0,000364;0,024737;0,339776;0,614798;0;0,979311;51,900002;15
27.09.2025 10:15:52;0,007367;0,032013;0,392889;0,802511;0;1,217955;51,900002;15,1
27.09.2025 10:20:51;0,004501;0,030865;0,449741;0,92998;0;1,408014;52;19,5
27.09.2025 10:25:51;0,016479;0,028564;0,466553;0,809692;0;1,289063;51,900002;15,2
27.09.2025 10:30:54;0,014685;0,036259;2,064559;0,050762;1,005811;1,129815;51,200001;-20,1
27.09.2025 10:35:55;0,010311;0,033579;2,172446;0;0,934385;1,26142;51,099998;-15,2
27.09.2025 10:40:58;0,007614;0,030457;2,071811;0;0,634524;1,459042;51;-16,9
27.09.2025 10:45:59;0,022173;0,047449;0,948985;0,510992;0,262066;1,222001;51,400002;-19,200001
27.09.2025 10:51:02;0,012237;0,052212;1,078328;0,390867;0,426037;1,083404;51,700001;14,3
27.09.2025 10:56:04;0,015643;0,039289;0,35942;0,646811;0,001455;1,030241;51,700001;8
27.09.2025 11:01:06;0,017007;0,030558;0,897823;0,237916;0,299032;0,849803;51,200001;-18,5
27.09.2025 11:06:07;0,012684;0,043799;2,135217;0;1,240616;0,925626;50,700001;-23,4
27.09.2025 11:11:09;0,011732;0,037106;1,594837;0;0,576964;1,041882;51,099998;-4,4
27.09.2025 11:16:12;0,023568;0,041335;1,672968;0;0,801676;0,890509;50,200001;-47,599998
27.09.2025 11:21:11;0,013871;0,060994;1,488115;0,044827;0,765736;0,814238;50,900002;4,5
27.09.2025 11:26:13;0,014551;0,05093;0,55732;0,158247;0;0,750854;51;2,2
27.09.2025 11:31:16;0,012237;0,039884;0,482963;0,24402;0,000363;0,755627;51,299999;6,3
27.09.2025 11:36:18;0,017735;0,041472;0,545679;0,152062;0,033832;0,686827;51,200001;2,3
27.09.2025 11:41:20;0,008549;0,088764;0,517303;0,033468;0,000364;0,631532;51,299999;0
27.09.2025 11:46:21;0,019983;0,051099;0,412444;0,172277;0;0,61465;51,400002;5,1
27.09.2025 11:51:23;0,007458;0,031286;0,463463;0,148425;0,022191;0,612615;51,400002;4,1
27.09.2025 11:56:26;0,034718;0,058739;1,467019;0,076505;0,894497;0,672958;50,200001;-29,9
27.09.2025 12:01:28;1,148471;0,021827;2,258382;0;0,375063;0,758129;50,700001;0
27.09.2025 12:06:30;0,770498;0,045109;1,399847;0,299032;0,120413;0,854169;51;2,2
27.09.2025 12:11:32;1,735713;0,040016;2,473015;0,327043;0,198263;0,905099;51,200001;9,7
27.09.2025 12:16:33;0,839761;0,039419;1,784822;0,129573;0,109498;1,001544;51,200001;20,4
27.09.2025 12:21:36;0,533453;0,104425;1,496751;0,326689;0,212112;1,183478;51,200001;8,6
27.09.2025 12:26:38;0,345142;0,040016;1,280526;0,606795;0,10186;1,478425;51,700001;19,700001
27.09.2025 12:31:38;0,005219;0,75;0,5625;2,090332;0;3,398438;52,200001;47,5
27.09.2025 12:36:39;0,006387;0,317545;0,506612;1,785187;0;2,603139;52;19,799999
27.09.2025 12:41:41;0,005821;0,282298;0,494021;1,786552;0;2,556686;52,299999;47,299999
27.09.2025 12:46:43;0;1,158294;0,497659;2,467922;0;4,123875;52,400002;47,200001
27.09.2025 12:51:44;0;1,327119;0,497852;2,483056;0;4,308393;52,400002;47,200001
27.09.2025 12:56:44;0,002655;1,204102;0,478271;2,434937;0;4,116211;52,5;47
27.09.2025 13:01:47;0;1,436562;0,564182;2,467754;0;4,467048;52,700001;46,900002
27.09.2025 13:06:49;0,003274;0,222637;0,519486;2,218001;0;2,95685;52,799999;44,599998
27.09.2025 13:11:51;0,007367;0,324497;0,53331;2,143062;0;2,994684;52,799999;36,700001
27.09.2025 13:16:53;0,00573;0,629349;0,536948;2,219457;0;3,378842;53;37,099998
27.09.2025 13:21:54;0,002829;0,03139;0,529972;1,512901;0;2,070248;52,900002;27,1
27.09.2025 13:26:55;0,003559;0,02774;0,516102;1,874246;0;2,416262;53;33
27.09.2025 13:31:56;0,00146;0,61246;0,675969;2,274279;0;3,560884;53,200001;37,599998
27.09.2025 13:36:58;0,000909;0,256105;1,252878;2,175802;0;3,682966;53,299999;46,400002
27.09.2025 13:42:01;0,000816;0,439453;0,713567;2,470655;0;3,62295;53,400002;46,200001
27.09.2025 13:47:01;0;0,113525;1,012207;2,466797;0;3,593262;53,5;46,200001
27.09.2025 13:52:03;0,001;0,02692;1,049158;2,415173;0;3,489432;53,5;44,900002
27.09.2025 13:57:04;0,000274;0,047449;1,095713;2,467726;0;3,610524;53,5;46,200001
27.09.2025 14:02:07;0,010968;0,039884;1,100808;2,097555;0;3,228458;53,5;44
27.09.2025 14:07:09;0,000728;0,037834;1,127736;2,378431;0;3,541818;53,5;46,200001
27.09.2025 14:12:11;0,002456;0,075667;1,177938;2,424995;0;3,675691;53,5;44,5
27.09.2025 14:17:11;0,000916;0,041016;1,217285;2,435669;0;3,695801;53,5;46,200001
27.09.2025 14:22:12;0,003285;0,118258;1,26434;2,473566;0;3,85288;53,5;46,200001
27.09.2025 14:27:14;0,00573;0,064754;1,29726;2,432271;0;3,787737;53,5;32,799999
27.09.2025 14:32:17;0,009609;0,154461;1,261071;2,089578;0;3,49387;53,599998;46,200001
27.09.2025 14:37:19;0,005548;0,311401;1,290712;2,379522;0;3,976905;53,599998;46,200001
27.09.2025 14:42:21;0,007821;0,12587;1,277615;1,946253;0;3,342463;53,299999;13,2
27.09.2025 14:47:22;0,004562;0,02555;1,143162;0,848612;0;2,013309;53,200001;16
27.09.2025 14:52:25;0,005711;0,028282;1,142868;0,661355;0,000725;1,825978;53,099998;0
27.09.2025 14:57:27;0,005366;0,063299;1,60866;0,167341;0;1,83348;53,200001;16,799999
27.09.2025 15:02:26;0,011023;0,190332;0,869353;1,780226;0;2,829255;53,599998;46,200001
27.09.2025 15:07:29;0,011603;0,060914;0,517046;1,981527;0;2,548248;53,400002;22,700001
27.09.2025 15:12:31;0,005275;0,035651;0,424902;0,535856;0;0,989497;53,099998;5,9
27.09.2025 15:17:33;0,007821;0,057478;0,527489;0,072393;0,002546;0,647539;53;0
27.09.2025 15:22:35;0,003001;0,032013;0,486745;0;0,000728;0,515121;53;0
27.09.2025 15:27:37;0,037925;0,016007;0,779229;0;0,363058;0,394344;52,599998;-36,799999
27.09.2025 15:32:38;0,001551;0,054749;2,299464;0;1,965859;0,386894;52,299999;-36,5
27.09.2025 15:37:41;0,000725;0,047136;2,277034;0;1,877828;0,445254;52,299999;-34,299999
27.09.2025 15:42:43;0,002546;0,045109;2,160887;0;1,749445;0,454005;52,299999;-34,299999
27.09.2025 15:47:45;0,011914;0,051658;2,302036;0;1,845121;0,496204;52,200001;-35,099998
27.09.2025 15:52:46;0,004015;0,055479;2,369543;0;1,780077;0,64239;52,299999;-19,299999
27.09.2025 15:57:49;0,104606;0,04206;3,11243;0;2,278485;0,771581;52,299999;-20,9
27.09.2025 16:02:51;0,022373;0,033468;1,85749;0;1,11282;0,753764;52;-50,200001
27.09.2025 16:07:53;0,005002;0,040744;1,583923;0;0,907645;0,711565;52,400002;-12,9
27.09.2025 16:12:55;0,003729;0,036379;0,579147;0,169524;0,122232;0,65918;52,700001;3,3
27.09.2025 16:17:57;0,007367;0,026193;0,340503;0,207722;0;0,568961;52,700001;3,9
27.09.2025 16:22:58;0,005475;0,02555;0,319735;0,216807;0;0,556251;52,799999;4,8
27.09.2025 16:28:01;0,008339;0,034083;0,442354;0,212112;0,005076;0,672958;52,799999;5,2
27.09.2025 16:33:03;0,008276;0,028375;0,452549;0,245555;0,000364;0,720296;52,799999;5,4
27.09.2025 16:38:05;0,006184;0,026193;0,459098;0,311037;0;0,790143;52,900002;8,3
27.09.2025 16:43:07;0,005457;0,031286;0,443819;0,391797;0;0,861445;52,900002;5,5
27.09.2025 16:48:09;0,010641;0,030558;0,439453;0,242281;0,007276;0,694103;52,799999;0
27.09.2025 16:53:09;0,000549;0,046875;0,421143;0,123413;0;0,590332;52,799999;4,7
27.09.2025 16:58:10;0,000639;0,02044;0,316815;0,247101;0;0,583991;52,900002;5,2
27.09.2025 17:03:13;0,000272;0,026831;0,291518;0,313999;0;0,632348;52,900002;7
27.09.2025 17:08:14;0,007665;0,02701;0,386164;0,224836;0,00292;0,62779;52,900002;2,4
27.09.2025 17:13:17;0,004895;0,056563;0,408271;0,058739;0,003626;0,514871;52,799999;0
27.09.2025 17:18:19;0,000455;0,067664;0,448184;0,063299;0;0,577692;52,799999;3
27.09.2025 17:23:20;0,001186;0,0292;0,444563;0,235786;0;0,709549;52,900002;5,6
27.09.2025 17:28:23;0,001632;0,028282;0,438728;0,24402;0;0,709216;52,900002;7,9
27.09.2025 17:33:24;0,002646;0,02263;0,414634;0,216807;0;0,65115;52,900002;5,1
27.09.2025 17:38:27;0,000816;0,026106;0,367661;0,156999;0;0,551129;52,900002;1,5
27.09.2025 17:43:28;0,00146;0,02628;0,342365;0,112783;0;0,477413;52,900002;5
27.09.2025 17:48:30;0,006366;0,030558;0,358693;0,674095;0,000364;1,057889;53;8
27.09.2025 17:53:33;0,002719;0,024656;0,425675;0,430026;0;0,877456;53;2,9
27.09.2025 17:58:35;0,009367;0,026193;1,154656;0,012732;0,811606;0,373972;52,299999;-29,6
27.09.2025 18:03:37;0,016098;0,043654;2,478836;0;2,115414;0,389978;52,099998;-34,900002
27.09.2025 18:08:38;0,003559;0,038689;1,597945;0;1,219811;0,413174;52,299999;-19,299999
27.09.2025 18:13:40;0,002001;0,031286;1,369289;0;1,070621;0,327407;52,200001;-21,200001
27.09.2025 18:18:43;0,002176;0,033358;1,379274;0;1,249106;0,162438;52,200001;-24,9
27.09.2025 18:23:45;0,001819;0,042927;0,874541;0;0,785413;0,129508;52,400002;-4,5
27.09.2025 18:28:47;0,010732;0,028375;0,303397;0;0,212087;0,109136;52,5;-6,1
27.09.2025 18:33:48;0,002646;0,0219;0,397114;0;0,342365;0,072999;52,400002;-7
27.09.2025 18:38:50;0,000364;0,032013;0,376882;0;0,373972;0,034923;52,400002;-7,3
27.09.2025 18:43:53;0,000091;0,024656;0,383615;0;0,390504;0,017404;52,400002;-7,7
27.09.2025 18:48:54;0,003285;0,02482;0,393464;0;0,391639;0,02336;52,400002;-7,6
27.09.2025 18:53:56;0,007003;0,026193;0,945843;0;0,947662;0,018917;52;-38,799999
27.09.2025 18:58:58;0,000455;0,045109;1,992818;0;2,031379;0,004365;51,799999;-56,799999
27.09.2025 19:04:01;0,038615;0,026831;3,613523;0;3,601558;0,00145;51,599998;-73,599998
27.09.2025 19:09:03;0,037834;0,044382;3,610937;0;3,61603;0;51,599998;-64,800003
27.09.2025 19:14:05;0;0,058206;2,780778;0;2,839347;0;51,700001;-48,299999
27.09.2025 19:19:07;0;0,042199;0,848348;0;0,891639;0;52,099998;-9,7
27.09.2025 19:24:09;0,000091;0,028375;0,457642;0;0,48529;0;52,099998;-9,9
27.09.2025 19:29:10;0,000547;0,0292;0,518292;0;0,546761;0;52;-11,5
27.09.2025 19:34:12;0,003638;0,027648;0,480197;0;0,504571;0;52,099998;-9
27.09.2025 19:39:15;0,000272;0,033358;0,408271;0;0,441266;0;52;-8,5
27.09.2025 19:44:17;0,000455;0,026193;0,373244;0;0,398709;0;52,099998;-7
27.09.2025 19:49:19;0,027921;0,063299;1,334366;0;1,370381;0;51,900002;-8,4
27.09.2025 19:54:20;0,006205;0,03066;0,470843;0;0,494202;0;51,900002;-12,2
27.09.2025 19:59:23;0,00562;0,029732;0,890509;0;0,915165;0;51,599998;-38,299999
27.09.2025 20:04:25;0,053476;0,054568;2,814974;0;2,816429;0;51,400002;-42,400002
27.09.2025 20:09:27;0,031649;0,063299;2,665094;0;2,69638;0;51,400002;-28,200001
27.09.2025 20:14:29;0;0,040744;1,368562;0;1,408214;0;51,400002;-25,799999
27.09.2025 20:19:31;0;0,040016;1,341642;0;1,382022;0;51,400002;-27
27.09.2025 20:24:31;0,001648;0,049072;1,149902;0;1,197876;0;51,5;-8
27.09.2025 20:29:33;0,00191;0,028375;0,40453;0;0,431814;0;51,5;-8,3
27.09.2025 20:34:34;0,005292;0,03066;0,516102;0;0,540922;0;51,5;-10,8
27.09.2025 20:39:36;0,000728;0,029103;0,483107;0;0,511483;0;51,5;-8,2
27.09.2025 20:44:39;0,001813;0,027556;0,435827;0;0,462659;0;51,5;-9,2
27.09.2025 20:49:41;0,000273;0,031286;0,432177;0;0,462372;0;51,400002;-9,1
27.09.2025 20:54:42;0,000365;0,02628;0,373754;0;0,398939;0;51,5;-6,4
27.09.2025 20:59:45;0,009699;0,021755;0,38434;0;0,397031;0;51,400002;-10,2
27.09.2025 21:04:47;0,007639;0,041472;0,40453;0;0,437998;0;51,400002;-10
27.09.2025 21:09:49;0,015097;0,027648;0,501297;0;0,514029;0;51,299999;-13,5
27.09.2025 21:14:51;0,010368;0,018189;0,60825;0;0,615525;0;51,299999;-10,7
27.09.2025 21:19:52;0,002372;0,02482;0,532162;0;0,554426;0;51,200001;-12,1
27.09.2025 21:24:55;0,006436;0,029732;0,530099;0;0,55403;0;51,200001;-10,9
27.09.2025 21:29:57;0,000091;0,027648;0,474377;0;0,50166;0;51,200001;-9,9
27.09.2025 21:34:59;0,024737;0,061844;0,774136;0;0,811242;0;51;-7,1
27.09.2025 21:40:00;0,035769;0,052559;0,568661;0;0,585816;0;51;-6,7
27.09.2025 21:45:03;0,085026;0,093547;0,627272;0;0,635974;0;50,900002;-6,6
27.09.2025 21:50:05;0,102224;0,114229;0,692648;0;0,703925;0;50,900002;-6,9
27.09.2025 21:55:06;0,156948;0,155488;0,968695;0;0,96614;0;50,700001;-10,5
27.09.2025 22:00:09;0,019398;0,039884;0,536626;0;0,558744;0;50,900002;-10,1
27.09.2025 22:05:11;0;0,025465;0,500569;0;0,52567;0;50,900002;-10
27.09.2025 22:10:13;0;0,023282;0,483835;0;0,505298;0;50,900002;-9
27.09.2025 22:15:15;0,000091;0,025465;0,399437;0;0,426357;0;50,900002;-6,8
27.09.2025 22:20:17;0;0,025465;0,322314;0;0,347415;0;50,900002;-6,8
27.09.2025 22:25:19;0,002546;0,025465;0,33541;0;0,358329;0;50,900002;-8,2
27.09.2025 22:30:20;0,004927;0,02263;0,592751;0;0,610635;0;50,400002;-38,599998
27.09.2025 22:35:23;0,058195;0,050037;2,43077;0;2,423519;0;49,900002;-58,200001
27.09.2025 22:40:25;0;0,053113;2,01028;0;2,062665;0;50,099998;-31,5
27.09.2025 22:45:26;0,000182;0,046719;1,546116;0;1,59247;0;49,799999;-32,099998
27.09.2025 22:50:30;0;0,041922;1,616869;0;1,659152;0;49,200001;-33,400002
27.09.2025 22:55:28;1,758089;0,012535;2,249617;0;0,503601;0;49,799999;-0,4
27.09.2025 23:00:31;0,398753;0;0,415523;0;0,016679;0;49,900002;-0,3
27.09.2025 23:05:33;0,406712;0;0,419081;0;0,012005;0;50;0
27.09.2025 23:10:35;0,427994;0;0,427812;0;0,000364;0;50;0
27.09.2025 23:15:36;0,579793;0;0,580341;0;0;0;50;0
27.09.2025 23:20:37;0,58463;0;0,584721;0;0;0;50;0
27.09.2025 23:25:43;0,459738;0;0,459559;0;0;0;50;0
27.09.2025 23:30:44;0,459984;0;0,459893;0;0;0;50;0
27.09.2025 23:35:44;0,413727;0;0,413818;0;0;0;50;0
27.09.2025 23:40:45;0,341543;0;0,341635;0;0;0;50;0
27.09.2025 23:45:47;0,295303;0;0,294666;0;0;0;50;0
27.09.2025 23:50:49;0,277114;0;0,277932;0;0;0;50;0
27.09.2025 23:55:51;0,372426;0;0,371789;0;0;0;50;0
28.09.2025 00:00:56;0,340846;0;0,341477;0;0;0;50;0
28.09.2025 00:05:54;0,310972;0;0,310419;0;0;0;50;0
28.09.2025 00:10:57;0,293966;0;0,294419;0;0;0;50;0
28.09.2025 00:15:59;0,199536;0;0,199355;0;0;0;50;0
28.09.2025 00:21:01;0,147242;0;0,146969;0;0;0;50;0
28.09.2025 00:26:03;0,146424;0;0,146969;0;0;0;50,099998;0
28.09.2025 00:31:05;0,145241;0;0,144787;0;0;0;50;0
28.09.2025 00:36:07;0,263199;0;0,262653;0;0;0;50;0
28.09.2025 00:41:09;0,25756;0;0,258288;0;0;0;50;0
28.09.2025 00:46:10;0,254857;0;0,254766;0;0;0;50;0
28.09.2025 00:51:13;0,251453;0;0,251634;0;0;0;50;0
28.09.2025 00:56:15;0,257924;0;0,25756;0;0;0;50;0
28.09.2025 01:01:17;0,23255;0;0,232823;0;0;0;50;0
28.09.2025 01:06:19;0,222637;0;0,221909;0;0;0;50;0
28.09.2025 01:11:21;0,310036;0;0,309945;0;0;0;50;0
28.09.2025 01:16:23;0,378792;0;0,379792;0;0;0;50;0
28.09.2025 01:21:25;0,308763;0;0,30849;0;0;0;50;0
28.09.2025 01:26:26;0,294003;0;0,294185;0;0;0;50;0
28.09.2025 01:31:29;0,296957;0;0,296595;0;0;0;50;0
28.09.2025 01:36:31;0,200355;0;0,200082;0;0;0;50;0
28.09.2025 01:41:35;0,142931;0;0,143111;0;0;0;50;0
28.09.2025 01:46:35;0,143372;0;0,143555;0;0;0;50;0
28.09.2025 01:51:36;0,160689;0;0,161327;0;0;0;50;0
28.09.2025 01:56:39;0,261333;0;0,261061;0;0;0;50;0
28.09.2025 02:01:47;0,257715;0;0,257537;0;0;0;50;0
28.09.2025 02:06:49;0,253559;0;0,253922;0;0;0;50;0
28.09.2025 02:11:50;0,250477;0;0,249656;0;0;0;50;0
28.09.2025 02:16:50;0,14621;0;0,146484;0;0;0;50;0
28.09.2025 02:21:51;0,139793;0;0,139428;0;0;0;50;0
28.09.2025 02:26:51;0,139801;0;0,139893;0;0;0;50;0
28.09.2025 02:31:52;0,189341;0;0,189797;0;0;0;50;0
28.09.2025 02:36:55;0,306112;0;0,306022;0;0;0;50;0
28.09.2025 02:41:56;0,31061;0;0,310975;0;0;0;50;0
28.09.2025 02:46:58;0,302124;0;0,301942;0;0;0;50;0
28.09.2025 02:52:01;0,390232;0;0,390142;0;0;0;50;0
28.09.2025 02:57:02;0,288072;0;0,287616;0;0;0;50;0
28.09.2025 03:02:03;0,293364;0;0,294185;0;0;0;50;0
28.09.2025 03:07:03;1,174255;0;1,174072;0;0;0;50;0
28.09.2025 03:12:05;2,290849;0;2,290395;0;0;0;50;0
28.09.2025 03:17:08;1,333135;0;1,332863;0;0;0;50;0
28.09.2025 03:22:10;1,239509;0;1,240509;0;0;0;50;0
28.09.2025 03:27:12;0,600337;0;0,599519;0;0;0;50;0
28.09.2025 03:32:13;0,251207;0;0,251116;0;0;0;50;0
28.09.2025 03:37:16;0,158631;0;0,158812;0;0;0;49,900002;0
28.09.2025 03:42:16;0,142548;0;0,142822;0;0;0;49,900002;0
28.09.2025 03:47:17;0,140705;0;0,140158;0;0;0;50;0
28.09.2025 03:52:20;0,221993;0;0,222627;0;0;0;49,900002;0
28.09.2025 03:57:22;0,30076;0;0,300487;0;0;0;49,900002;0
28.09.2025 04:02:23;0,301942;0;0,301485;0;0;0;49,900002;0
28.09.2025 04:07:26;0,283542;0;0,283542;0;0;0;49,900002;0
28.09.2025 04:12:28;0,241008;0;0,241554;0;0;0;49,900002;0
28.09.2025 04:17:29;0,145085;0;0,144538;0;0;0;49,900002;0
28.09.2025 04:22:31;0,143695;0;0,144059;0;0;0;49,900002;0
28.09.2025 04:27:34;0,141952;0;0,142133;0;0;0;49,900002;0
28.09.2025 04:32:36;0,243555;0;0,243736;0;0;0;49,900002;0
28.09.2025 04:37:38;0,318403;0;0,317949;0;0;0;49,900002;0
28.09.2025 04:42:39;0,31718;0;0,316815;0;0;0;49,900002;0
28.09.2025 04:47:41;0,364149;0;0,364513;0;0;0;49,900002;0
28.09.2025 04:52:44;0,333669;0;0,333578;0;0;0;49,900002;0
28.09.2025 04:57:46;0,221455;0;0,221909;0;0;0;49,900002;0
28.09.2025 05:02:47;0,219544;0;0,219727;0;0;0;49,900002;0
28.09.2025 05:07:50;0,205314;0;0,205223;0;0;0;49,900002;0
28.09.2025 05:12:52;0,179074;0;0,178983;0;0;0;49,900002;0
28.09.2025 05:17:53;0,310701;0;0,310245;0;0;0;49,900002;0
28.09.2025 05:22:56;0,304571;0;0,305297;0;0;0;49,900002;0
28.09.2025 05:27:58;0,289755;0;0,289573;0;0;0;49,900002;0
28.09.2025 05:33:00;0,263108;0;0,262653;0;0;0;49,900002;0
28.09.2025 05:38:02;0,158338;0;0,158611;0;0;0;49,900002;0
28.09.2025 05:43:03;0,146636;0;0,146728;0;0;0;49,900002;0
28.09.2025 05:48:06;0,145487;0;0,145034;0;0;0;49,900002;0
28.09.2025 05:53:08;0,188441;0;0,188441;0;0;0;49,900002;0
28.09.2025 05:58:10;0,315857;0;0,316494;0;0;0;49,900002;0
28.09.2025 06:03:12;0,33923;0;0,339048;0;0;0;49,799999;0
28.09.2025 06:08:13;0,356234;0;0,356234;0;0;0;49,799999;0
28.09.2025 06:13:15;0,343777;0;0,343414;0;0;0;49,900002;0
28.09.2025 06:18:18;0,830773;0;0,831045;0;0;0;49,900002;0
28.09.2025 06:23:19;2,189601;0;2,189236;0;0;0;49,799999;0
28.09.2025 06:28:22;2,129734;0;2,13055;0;0;0;49,900002;0
28.09.2025 06:33:24;2,557413;0;2,557413;0;0;0;49,900002;0
28.09.2025 06:38:25;1,951807;0;1,951259;0;0;0;49,799999;0
28.09.2025 06:43:27;1,628941;0;1,629032;0;0;0;49,799999;0
28.09.2025 06:48:30;1,47971;0;1,480072;0;0;0;49,799999;0
28.09.2025 06:53:32;1,341824;0;1,341642;0;0;0;49,799999;0
28.09.2025 06:58:34;1,229959;0;1,229596;0;0;0;49,799999;0
28.09.2025 07:03:35;1,217073;0;1,216891;0;0;0;49,799999;0
28.09.2025 07:08:37;1,169025;0;1,169207;0;0;0;49,799999;0
28.09.2025 07:13:40;1,127277;0;1,12764;0;0;0;49,799999;0
28.09.2025 07:18:42;0,29121;0;0,291029;0;0;0;49,799999;0
28.09.2025 07:23:44;0,264199;0;0,264108;0;0;0;49,799999;0
28.09.2025 07:28:46;0,261289;0;0,265564;0;0;0,004365;49,799999;0
28.09.2025 07:33:48;0,254832;0;0,273567;0;0;0,020372;49,799999;0
28.09.2025 07:38:50;0,133055;0;0,165159;0;0;0,030558;49,799999;0
28.09.2025 07:43:52;0,104043;0;0,14988;0;0;0,045109;49,799999;0
28.09.2025 07:48:52;0,091095;0;0,149414;0;0;0,058594;49,799999;0
28.09.2025 07:53:54;0,176618;0;0,223364;0;0;0,04802;49,799999;0
28.09.2025 07:58:55;0,272286;0;0,327035;0;0;0,054019;49,799999;0
28.09.2025 08:03:58;0,214922;0;0,369112;0;0;0,153736;49,799999;0
28.09.2025 08:08:58;0,139801;0;0,385986;0;0;0,246094;49,799999;0
28.09.2025 08:14:00;0,165704;0;0,360148;0;0;0,194989;49,799999;0
28.09.2025 08:19:01;0,044894;0;0,263526;0;0;0,218997;49,799999;0
28.09.2025 08:24:04;0,66344;0;0,812916;0;0;0,147935;49,799999;0
28.09.2025 08:29:06;1,777002;0;1,874951;0;0;0,097495;49,799999;0
28.09.2025 08:34:05;3,644687;0;3,764746;0;0;0,121989;49,799999;0
28.09.2025 08:39:07;3,033791;0;3,287895;0;0;0,253195;49,799999;0
28.09.2025 08:44:09;3,665596;0;4,030018;0;0;0,365241;49,700001;0
28.09.2025 08:49:12;2,096558;0;2,461953;0;0;0,366936;49,700001;0
28.09.2025 08:54:14;0,214088;0;0,597336;0;0;0,381247;49,799999;0
28.09.2025 08:59:16;1,170662;0;1,530083;0;0;0,35942;49,799999;0
28.09.2025 09:04:18;1,508165;0;1,894596;0;0;0,387068;49,700001;0
28.09.2025 09:09:20;0,435906;0;0,881089;0;0;0,445274;49,700001;0
28.09.2025 09:14:21;0,538184;0;0,986945;0;0;0,449673;49,700001;0
28.09.2025 09:19:23;0,544223;0;1,029514;0;0;0,483107;49,700001;0
28.09.2025 09:24:25;0,537766;0;1,062982;0;0;0,525307;49,700001;0
28.09.2025 09:29:28;0,557112;0;1,072527;0;0;0,516321;49,700001;0
28.09.2025 09:34:29;0,503875;0;0,710279;0,350395;0;0,556251;50,400002;9,3
28.09.2025 09:39:31;0,337411;0;0,360148;0,489292;0;0,513665;50,700001;10,2
28.09.2025 09:44:34;0,337839;0;0,358959;0,576873;0;0,59754;51;11,9
28.09.2025 09:49:36;0,259197;0;0,28448;0,659907;0;0,685372;51,299999;12,3
28.09.2025 09:54:37;0,107035;0,02117;0,349665;0,399669;0,002555;0,66137;51,200001;3,8
28.09.2025 09:59:40;0,004532;0,039884;0,374188;0,263237;0;0,671508;51,299999;4,6
28.09.2025 10:04:42;1,234234;0,014551;1,866948;0,065481;0,008731;0,704289;51,200001;0
28.09.2025 10:09:44;2,631535;0;3,354104;0;0;0,723206;51,200001;0
28.09.2025 10:14:45;2,203014;0;2,995143;0;0;0,791308;51,200001;0
28.09.2025 10:19:47;2,060937;0;2,921199;0;0;0,859989;51,099998;0
28.09.2025 10:24:49;0,409532;0;1,355466;0;0;0,945843;51,099998;0
28.09.2025 10:29:52;0,228701;0;1,237865;0;0;1,009437;51,099998;0
28.09.2025 10:34:53;0,301394;0,00292;0,988405;0,3128;0;1,003004;51,599998;17,299999
28.09.2025 10:39:55;0,519304;0;0,544951;0,988042;0;1,012779;51,900002;22,6
28.09.2025 10:44:58;0,149385;0,023205;0,520672;0,890872;0;1,285002;51,900002;16,299999
28.09.2025 10:50:00;0,009458;0,018189;0,518758;0,864719;0;1,394027;52;19,6
28.09.2025 10:55:01;0,002555;0,02336;0,443103;0,96103;0;1,423478;51,900002;15
28.09.2025 11:00:02;0,000182;0,0219;0,350395;0,63947;0;1,011764;51,900002;13,2
28.09.2025 11:05:04;0,000091;0,024737;0,293939;0,685372;0;1,004049;51,900002;11
28.09.2025 11:10:06;0,025192;0,053113;1,259426;0,254286;0,60061;0,941477;51,700001;12,5
28.09.2025 11:15:07;0,007939;0,02847;0,345285;0,483252;0,001095;0,846787;51,799999;6,7
28.09.2025 11:20:07;0,001099;0,021973;0,345703;0,34314;0;0,711914;51,799999;6,9
28.09.2025 11:25:09;0,000273;0,024737;0,348507;0,404893;0;0,777046;51,799999;8,3
28.09.2025 11:30:10;0,000274;0,02555;0,317545;0,558806;0;0,902266;51,900002;12,8
28.09.2025 11:35:12;0;0,026193;0,280843;0,73994;0;1,046248;52;15,7
28.09.2025 11:40:14;0;0,020372;0,221182;0,809423;0;1,050613;52;14,5
28.09.2025 11:45:16;0,000273;0,025465;0,227002;0,672276;0;0,925471;52;12,3
28.09.2025 11:50:17;0,003194;0,02482;0,247466;0,585816;0;0,854087;52;10,6
28.09.2025 11:55:19;0,00482;0,030558;0,371789;0,462008;0,001819;0,857079;52;8,9
28.09.2025 12:00:22;0;0,025381;0,364761;0,474261;0;0,864403;52;8,9
28.09.2025 12:05:24;0;0,02401;0,35942;0,501297;0;0,886182;52;11,4
28.09.2025 12:10:25;0,000547;0,01825;0,324845;0,585086;0;0,925626;52,099998;10,9
28.09.2025 12:15:28;0,011331;0,017404;0,261786;0,732422;0;1,002185;52,200001;15,3
28.09.2025 12:20:30;0,002637;0,020372;0,22482;0,791598;0;1,033151;52,200001;14,4
28.09.2025 12:25:30;0;0,023438;0,221191;0,806763;0;1,051758;52,299999;16,200001
28.09.2025 12:30:30;0,010529;0,033691;0,285645;0,790649;0,001831;1,097168;52,299999;12,2
28.09.2025 12:35:32;0,003365;0,031286;0,456915;0,620255;0,000364;1,104453;52,299999;13
28.09.2025 12:40:32;0,000275;0,028564;0,484863;0,855835;0;1,369629;52,400002;19,5
28.09.2025 12:45:33;0,002737;0,02628;0,433613;1,000449;0;1,458517;52,5;17,5
28.09.2025 12:50:33;0,000916;0,04248;0,391846;0,981079;0;1,413574;52,599998;19,1
28.09.2025 12:55:36;0,005076;0,025381;0,369112;1,077603;0;1,469195;52,700001;21,700001
28.09.2025 13:00:38;0,012278;0,0211;0,268474;1,263792;0;1,539541;52,799999;24,5
28.09.2025 13:05:40;0,000455;0,025465;0,235006;1,132101;0;1,391117;52,799999;19,9
28.09.2025 13:10:39;0,002572;0,024251;0,238098;0,983625;0;1,243402;52,799999;17,4
28.09.2025 13:15:42;0,010606;0,039159;0,377814;0,92568;0;1,332863;52,799999;20,5
28.09.2025 13:20:44;0,004547;0,022555;0,406712;1,097178;0;1,522079;52,900002;20,5
28.09.2025 13:25:45;0,002646;0,034309;0,373754;0,959935;0;1,365079;52,900002;17,5
28.09.2025 13:30:47;0,002456;0,024737;0,354327;1,02151;0;1,398392;53;19,799999
28.09.2025 13:35:48;0,003285;0,02044;0,281776;0,98585;0;1,28478;53;19,9
28.09.2025 13:40:49;0,004289;0,02044;0,233596;0,96176;0;1,211781;53;15,7
28.09.2025 13:45:51;0;0,028375;0,205175;0,727571;0;0,960394;53;11,8
28.09.2025 13:50:52;0,003376;0,036499;0,186877;0,574501;0;0,794228;53;10,5
28.09.2025 13:55:54;0,004911;0,029103;0,313583;0,464191;0,001455;0,800329;53;11,5
28.09.2025 14:00:55;0;0,02774;0,315355;0,673049;0;1,016144;53;12,3
28.09.2025 14:05:57;0,00191;0,024737;0,334683;0,567142;0;0,924016;53;9,5
28.09.2025 14:10:59;0,000455;0,024737;0,373244;0,529308;0;0,929836;53,099998;10,3
28.09.2025 14:16:01;0,000637;0,024737;0,276477;0,578055;0;0,877451;53;9,5
28.09.2025 14:21:03;0;0,027648;0,241554;0,562049;0;0,830887;53,099998;11,8
28.09.2025 14:26:04;0;0,02555;0,202937;0,586546;0;0,814667;53,099998;9,5
28.09.2025 14:31:05;0,016425;0,0292;0,808827;0,232866;0,383974;0,67013;52,599998;-21,4
28.09.2025 14:36:07;0,007185;0,042927;2,319498;0;1,655589;0,698469;52,099998;-29,6
28.09.2025 14:41:10;0,001813;0,029732;1,55404;0;0,913714;0,670057;52,299999;-14
28.09.2025 14:46:12;0;0,024737;1,425312;0;0,641718;0,809059;52,299999;-10,1
28.09.2025 14:51:14;0;0,031286;0,891275;0,1557;0,237916;0,839617;52,599998;4,4
28.09.2025 14:56:15;0,000456;0,02336;0,309515;0,29528;0;0,62633;52,700001;8,2
28.09.2025 15:01:17;0;0,02692;0,210996;0,619163;0;0,857079;52,900002;14,7
28.09.2025 15:06:18;0,000274;0,02701;0,223377;0,904821;0;1,154842;53,099998;17,700001
28.09.2025 15:11:19;0,000091;0,02482;0,222647;0,913581;0;1,162142;53,099998;15,7
28.09.2025 15:16:21;0,003001;0,026193;0,30849;0,62171;0,001091;0,953119;53,099998;10,5
28.09.2025 15:21:24;0;0,026106;0,31835;0,48804;0;0,832495;53;8
28.09.2025 15:26:26;0;0,019644;0,30849;0,3998;0;0,727571;53;7,5
28.09.2025 15:31:28;0,000182;0,0211;0,304125;0,377973;0;0,702834;53;6,5
28.09.2025 15:36:29;0,002555;0,02409;0,239436;0,396384;0;0,65699;53,099998;7,9
28.09.2025 15:41:32;0,01124;0,018129;0,216826;0,407546;0;0,630898;53,099998;8
28.09.2025 15:46:34;0,027375;0,016734;0,275022;0,392161;0;0,657725;53,099998;8,1
28.09.2025 15:51:36;0,010459;0,031286;0,27866;0,451458;0,001091;0,749399;53,099998;6,7
28.09.2025 15:56:37;0,004927;0,03066;0,359884;0,324845;0;0,709549;53;4,5
28.09.2025 16:01:38;0,004562;0,02336;0,364264;0,239436;0;0,62341;53;5,3
28.09.2025 16:06:40;0,002637;0,045109;0,322314;0,331045;0;0,694103;53,099998;6,5
28.09.2025 16:11:42;0,005639;0,0211;0,340503;0,352145;0;0,71011;53,099998;7,7
28.09.2025 16:16:43;0,001551;0,02774;0,218267;0,64896;0;0,892046;53,200001;15,1
28.09.2025 16:21:46;0,000453;0,037709;0,196521;0,802401;0;1,036993;53,299999;15,7
28.09.2025 16:26:48;0,015916;0,052385;0,273567;1,296532;0;1,606478;53,599998;41,099998
28.09.2025 16:31:50;0,021372;0,044382;0,446729;1,912785;0;2,382069;53,5;28,700001
28.09.2025 16:36:51;0,002372;0,03139;0,424853;1,163237;0;1,617655;53,400002;25,299999
28.09.2025 16:41:54;0,00145;0,026106;0,430751;1,40538;0;1,860787;53,400002;24,1
28.09.2025 16:46:56;0,003729;0,025465;0,424174;1,225958;0;1,671959;53,400002;21,9
28.09.2025 16:51:57;0,000365;0,044529;0,364994;1,196086;0;1,605975;53,400002;22,700001
28.09.2025 16:56:59;0,006821;0,034196;0,283025;1,25979;0;1,568644;53,400002;23,5
28.09.2025 17:02:01;0,006002;0,02692;0,244464;1,233597;0;1,494432;53,400002;22,700001
28.09.2025 17:07:04;0,000091;0,028282;0,229154;1,15991;0;1,418433;53,400002;20,799999
28.09.2025 17:12:06;0,009277;0,028375;0,252467;1,04843;0;1,318359;53,299999;5,9
28.09.2025 17:17:07;0,010676;0,02336;0,413904;0,857737;0;1,28186;53,299999;16,200001
28.09.2025 17:22:08;0,003467;0,03139;0,379594;0,841677;0;1,24828;53,299999;15,8
28.09.2025 17:27:11;0,004804;0,023931;0,613494;0,668244;0,066353;1,23424;53;-10,6
28.09.2025 17:32:13;0,009004;0,040744;2,204541;0;1,073532;1,162659;52,5;-26,299999
28.09.2025 17:37:14;0,003467;0,02336;1,599405;0;0,479238;1,138782;52,799999;0
28.09.2025 17:42:16;0,011914;0,013096;1,200493;0;0,15279;1,049158;52,799999;-3,9
28.09.2025 17:47:17;0,002829;0,02044;1,194991;0;0,204032;1,008844;52,799999;-4,7
28.09.2025 17:52:19;0,006002;0,028375;1,275433;0;0,386704;0,910919;52,599998;-10,5
28.09.2025 17:57:20;0,001825;0,02628;1,324199;0;0,505152;0,843867;52,599998;-7,9
28.09.2025 18:02:20;0,001831;0,035889;0,754395;0,136963;0,238037;0,687012;52,799999;5,2
28.09.2025 18:07:23;0,000272;0,018854;0,324876;0,25381;0;0,59754;52,900002;2,2
28.09.2025 18:12:24;0,000091;0,02555;0,354774;0,134683;0;0,513912;52,900002;4,3
28.09.2025 18:17:26;0,002819;0,027648;0,253922;0,162612;0;0,442363;52,900002;0
28.09.2025 18:22:28;0,009913;0,008003;0,376882;0;0;0,373972;52,799999;0
28.09.2025 18:27:29;0,019436;0,03139;0,380324;0,00511;0,086869;0,310975;52,700001;-5,4
28.09.2025 18:32:31;0,007003;0,02401;0,605339;0;0,397618;0,225547;52,599998;-9
28.09.2025 18:37:32;0,00073;0,02482;0,6548;0;0,500042;0,176657;52,5;-11,6
28.09.2025 18:42:34;0,003274;0,024737;0,658452;0;0,558047;0,123687;52,5;-9,4
28.09.2025 18:47:34;0,005219;0,022705;0,573486;0;0,523682;0,067383;52,5;-9,3
28.09.2025 18:52:37;0,00707;0,026831;0,493841;0;0,482963;0,030457;52,5;-8,9
28.09.2025 18:57:38;0,010585;0,01825;0,410984;0;0,413904;0,00584;52,5;-7,6
28.09.2025 19:02:40;0,006912;0,036379;0,38634;0;0,413624;0;52,5;-8,8
28.09.2025 19:07:43;0,006073;0,023205;0,481513;0;0,498554;0,00145;52,400002;-8,4
28.09.2025 19:12:45;0,006457;0,038561;0,483107;0;0,514393;0;52,400002;-12,3
28.09.2025 19:17:46;0,010494;0,02336;1,010304;0;1,023079;0;52;-43,599998
28.09.2025 19:22:49;0,064449;0,051487;2,761448;0;2,749483;0;51,700001;-60,599998
28.09.2025 19:27:51;0,001728;0,046565;2,272933;0;2,317315;0;52;-33,900002
28.09.2025 19:32:52;0,002737;0,041609;1,619845;0;1,659629;0;52;-29,6
28.09.2025 19:37:54;0,000546;0,040744;1,490066;0;1,529719;0;52;-30,1
28.09.2025 19:42:56;0,002456;0,045109;1,516259;0;1,558822;0;51,900002;-30,4
28.09.2025 19:47:59;0,001269;0,063815;1,491675;0;1,554402;0;51,900002;-28,1
28.09.2025 19:52:59;0,104279;0,0271;2,630127;0;2,551392;0;51,400002;-74
28.09.2025 19:58:01;0,442909;0;4,242469;0;3,800105;0;51,200001;-74,199997
28.09.2025 20:03:03;0,016188;0,046565;1,100088;0;1,131374;0;51,799999;-10,8
28.09.2025 20:08:05;0,004729;0,030558;0,497659;0;0,521305;0;51,900002;-9,8
28.09.2025 20:13:05;0,000275;0,029297;0,427002;0;0,456665;0;51,900002;-7,4
28.09.2025 20:18:06;0,001004;0,02555;0,255496;0;0,280316;0;51,900002;-4,6
28.09.2025 20:23:08;0,007639;0,026193;0,33541;0;0,353963;0;51,900002;-6,8
28.09.2025 20:28:11;0,000725;0,030457;0,322701;0;0,353158;0;51,900002;-6,8
28.09.2025 20:33:13;0,006821;0,02983;0,414716;0;0,436543;0;51,900002;-8,6
28.09.2025 20:38:15;0,000091;0,019644;0,426357;0;0,447093;0;51,799999;-8,5
28.09.2025 20:43:16;0,003924;0,02409;0,494932;0;0,514642;0;51,799999;-12,2
28.09.2025 20:48:19;0,000181;0,023931;0,643226;0;0,667157;0;51,700001;-13
28.09.2025 20:53:18;0,000092;0,02866;0,576874;0;0,605534;0;51,700001;-10,6
28.09.2025 20:58:20;0,000455;0,02692;0,419081;0;0,44491;0;51,799999;-6,9
28.09.2025 21:03:23;0;0,02248;0,337929;0;0,360772;0;51,799999;-7,1
28.09.2025 21:08:25;0,000273;0,024737;0,338321;0;0,363058;0;51,700001;-6,6
28.09.2025 21:13:27;0,005275;0,028375;0,381247;0;0,40453;0;51,700001;-9,2
28.09.2025 21:18:28;0,001369;0,02555;0,493472;0;0,517927;0;51,599998;-10,6
28.09.2025 21:23:30;0;0,024737;0,51221;0;0,537311;0;51,599998;-10,2
28.09.2025 21:28:33;0,000091;0,024656;0,528649;0;0,551855;0;51,599998;-10,3
28.09.2025 21:33:34;0,000091;0,02409;0,477413;0;0,500772;0;51,599998;-6,8
28.09.2025 21:38:36;0,000273;0,028375;0,325952;0;0,355419;0;51,599998;-6,9
28.09.2025 21:43:38;0,005093;0,033468;0,861445;0;0,890184;0;51,099998;-37
28.09.2025 21:48:41;0,044054;0,051487;2,489509;0;2,496036;0;50,900002;-35,700001
28.09.2025 21:53:42;0,004836;0,054019;1,541736;0;1,589915;0;50,900002;-31,6
28.09.2025 21:58:44;0,170797;0,04802;2,108502;0;1,985906;0;50,700001;-33
28.09.2025 22:03:47;0,001088;0,068166;1,559841;0;1,627644;0;50,599998;-32,799999
28.09.2025 22:08:49;0,000455;0,048747;1,593381;0;1,641037;0;50,5;-33,700001
28.09.2025 22:13:51;0,008094;0,034196;0,736302;0;0,763222;0;50,900002;-6,2
28.09.2025 22:18:50;0,019842;0,043357;1,122884;0;1,146399;0;50,299999;-46,700001
28.09.2025 22:23:52;0,012914;0,034923;0,590788;0;0,612251;0;50,900002;-8,1
28.09.2025 22:28:54;0,007458;0,033468;0,436543;0;0,463099;0;50,799999;-10,8
28.09.2025 22:33:57;0,009065;0,031907;0,590289;0;0,612406;0;50,799999;-11,1
28.09.2025 22:38:59;0,001091;0,035651;0,545679;0;0,580966;0;50,700001;-12
28.09.2025 22:44:00;0,000091;0,032119;0,566471;0;0,597496;0;50,700001;-11,7
28.09.2025 22:49:03;0,002719;0,032633;0,57651;0;0,60733;0;50,700001;-11,4
28.09.2025 22:54:05;0,001;0,031286;0,50639;0;0,536584;0;50,700001;-9,6
28.09.2025 22:59:06;0,007847;0,02774;0,348935;0;0,369009;0;50,700001;-8,1
28.09.2025 23:04:08;0,000364;0,02692;0,315766;0;0,342686;0;50,700001;-6,5
28.09.2025 23:09:10;0,001728;0,034196;0,286663;0;0,319768;0;50,700001;-6,1
28.09.2025 23:14:13;0,006708;0,031907;0,33938;0;0,363673;0;50,599998;-7,9
28.09.2025 23:19:14;0;0,02628;0,346745;0;0,373024;0;50,599998;-7,4
28.09.2025 23:24:16;0;0,021827;0,298304;0;0,319404;0;50,599998;-5,8
28.09.2025 23:29:19;0,000906;0,023931;0,270488;0;0,292969;0;50,5;-5,9
28.09.2025 23:34:20;0,000274;0,02482;0,250386;0;0,276301;0;50,5;-3,8
28.09.2025 23:39:20;0,000092;0,017578;0,165527;0;0,182739;0;50,5;-3,6
28.09.2025 23:44:22;0;0,016734;0,164431;0;0,180438;0;50,5;-3,5
28.09.2025 23:49:25;0,000363;0,015954;0,165339;0;0,18093;0;50,400002;-3,5
28.09.2025 23:54:26;0,005566;0,02482;0,244546;0;0,264621;0;50,200001;-5,9
28.09.2025 23:59:28;0;0,0211;0,275022;0;0,295394;0;50,099998;-5,9
22.09.2025 00:04:37;0;0;0;0;0;0;52,299999;-6,1
