Uhrzeit;Netzbezug [kW];Netzeinspeisung [kW];Stromverbrauch [kW];Akkubeladung [kW];Akkuentnahme [kW];Stromerzeugung [kW];Akku Spannung [V];Akku Stromstärke [A]
28.07.2025 00:06:28;0;0,025732;0,289349;0;0,315036;0;53;-5,8
28.07.2025 00:11:30;0,001219;0,055568;0,243555;0;0,297895;0;53;-5,6
28.07.2025 00:16:33;0,005418;0,035987;0,271123;0;0,301671;0;53;-5,7
28.07.2025 00:21:35;0,004998;0,022918;0,260198;0;0,27816;0;53;-4,3
28.07.2025 00:26:37;0,009032;0,031558;0,221273;0;0,243645;0;53;-6,1
28.07.2025 00:31:38;0,002509;0,019253;0,236334;0;0,253124;0;53;-4,8
28.07.2025 00:36:41;0,000217;0,024112;0,212203;0;0,236134;0,000181;53;-3,8
28.07.2025 00:41:42;0,006494;0,029108;0,296649;0;0,319279;0;53;-6
28.07.2025 00:46:44;0,001184;0,024192;0,294575;0;0,317448;0;53;-5,8
28.07.2025 00:51:47;0,00363;0,021846;0,29451;0;0,312684;0;53;-5,6
28.07.2025 00:56:48;0,00307;0,029017;0,328221;0;0,354227;0;53;-6,9
28.07.2025 01:01:50;0;0,027193;0,324497;0;0,351644;0;53;-4,4
28.07.2025 01:06:52;0,000766;0,023009;0,211723;0;0,234005;0;53;-4,4
28.07.2025 01:11:55;0,000558;0,021664;0,183831;0;0,204951;0;53;-3,7
28.07.2025 01:16:56;0,003798;0,029291;0,250295;0;0,275753;0;53;-5,3
28.07.2025 01:21:57;0,005786;0,028835;0,332145;0;0,355185;0;52,900002;-7,6
28.07.2025 01:26:59;0;0,028648;0,361239;0;0,389887;0;53;-7,3
28.07.2025 01:32:01;0;0,025556;0,352417;0;0,377973;0;52,900002;-7
28.07.2025 01:37:03;0,001278;0,022737;0,290574;0;0,312083;0;53;-6
28.07.2025 01:42:04;0;0,023907;0,281593;0;0,3055;0;53;-5,6
28.07.2025 01:47:06;0,002004;0,021827;0,25847;0;0,278342;0;53;-3,7
28.07.2025 01:52:08;0,000011;0,024465;0,170615;0;0,194944;0;53;-3,6
28.07.2025 01:57:09;0,000268;0,026645;0,169357;0;0,195774;0;53;-3,7
28.07.2025 02:02:11;0,002356;0,026193;0,198718;0;0,2225;0;53;-4,8
28.07.2025 02:07:13;0,005009;0,028284;0,305398;0;0,328726;0;52,900002;-7,4
28.07.2025 02:12:14;0,000093;0,02701;0,351398;0;0,378271;0;52,900002;-7
28.07.2025 02:17:15;0,00141;0,032941;0,337163;0;0,368781;0;52,900002;-7
28.07.2025 02:22:16;0,000044;0,026827;0,344828;0;0,371564;0;52,900002;-7
28.07.2025 02:27:18;0;0,026193;0,345324;0;0,371471;0;52,900002;-7
28.07.2025 02:32:20;0,00001;0,029012;0,251285;0;0,280206;0;53;-3,4
28.07.2025 02:37:21;0,013047;0,028926;0,156674;0;0,172597;0;53;-3,5
28.07.2025 02:42:23;0,003474;0,024737;0,158883;0;0,180165;0;53;-1,3
28.07.2025 02:47:22;0,003452;0,026639;0,156528;0;0,17963;0;53;-3,6
28.07.2025 02:52:24;0,006172;0,026465;0,275477;0;0,295758;0;53;-4,9
28.07.2025 02:57:27;0,003971;0,037165;0,336116;0;0,369248;0,000181;52,900002;-7,6
28.07.2025 03:02:29;0,003561;0,042836;0,351599;0;0,390751;0;52,900002;-7,6
28.07.2025 03:07:30;0,003372;0,031846;0,342547;0;0,371199;0;52,900002;-7,1
28.07.2025 03:12:32;0,004076;0,02983;0,348961;0;0,374654;0;52,900002;-7
28.07.2025 03:17:32;0,000421;0,024353;0,280151;0;0,304092;0;53;-3,4
28.07.2025 03:22:35;0,001938;0,027103;0,188454;0;0,213608;0;53;-4,8
28.07.2025 03:27:37;0,002065;0,021645;0,216907;0;0,236461;0;53;-4,4
28.07.2025 03:32:38;0,010458;0,019162;0,219909;0;0,228623;0;53;-4,2
28.07.2025 03:37:41;0,009766;0,033448;0,258251;0;0,28191;0;53;-4,6
28.07.2025 03:42:43;0,000425;0,02883;0,263563;0;0,292029;0;53;-5,4
28.07.2025 03:47:45;0,001354;0,019281;0,272839;0;0,29071;0;53;-5,4
28.07.2025 03:52:46;0,001852;0,022173;0,267541;0;0,287798;0;52,900002;-5,4
28.07.2025 03:57:48;0,002637;0,027648;0,325224;0;0,350371;0;52,900002;-6,8
28.07.2025 04:02:50;0;0,023737;0,257651;0;0,281343;0;53;-4,5
28.07.2025 04:07:52;0,001977;0,020281;0,224274;0;0,242554;0;53;-4,6
28.07.2025 04:12:55;0,000044;0,026922;0,183105;0;0,209982;0;53;-3,4
28.07.2025 04:17:57;0,005907;0,030194;0,175163;0;0,199446;0;53;-6
28.07.2025 04:22:59;0;0,022918;0,275295;0;0,298213;0;52,900002;-5,6
28.07.2025 04:28:01;0;0,021372;0,272203;0;0,293666;0;52,900002;-5,5
28.07.2025 04:33:02;0;0,025367;0,266263;0;0,291585;0;52,900002;-5,4
28.07.2025 04:38:04;0,004678;0,029376;0,312401;0;0,337047;0;52,900002;-7,6
28.07.2025 04:43:06;0,002407;0,029285;0,359602;0;0,386431;0;52,900002;-6,4
28.07.2025 04:48:07;0,000001;0,025093;0,300025;0;0,325027;0,000182;52,900002;-6
28.07.2025 04:53:09;0;0,026829;0,291756;0;0,318676;0;52,900002;-6,1
28.07.2025 04:58:11;0;0,025374;0,239462;0;0,264927;0;53;-3,4
28.07.2025 05:03:12;0,006677;0,027922;0,226479;0;0,247421;0;52,900002;-5,8
28.07.2025 05:08:14;0,000371;0,026102;0,268929;0;0,294666;0;52,900002;-5,5
28.07.2025 05:13:16;0;0,025556;0,267201;0;0,292666;0;52,900002;-5,4
28.07.2025 05:18:18;0,00114;0,022646;0,267382;0;0,289028;0;52,900002;-5,4
28.07.2025 05:23:21;0,000136;0,022752;0,264506;0;0,286986;0;52,900002;-5,5
28.07.2025 05:28:23;0,00077;0,023191;0,215998;0;0,238462;0;53;-3,4
28.07.2025 05:33:25;0,004191;0,023191;0,170979;0;0,189942;0;53;-3,8
28.07.2025 05:38:27;0,006483;0,024192;0,211178;0;0,228867;0;53;-6,1
28.07.2025 05:43:28;0,007184;0,042431;1,324199;0;1,359467;0;52,400002;-34,599998
28.07.2025 05:48:30;0,037736;0,053386;2,629898;0;2,645541;0;52,200001;-44,799999
28.07.2025 05:53:33;0,001891;0,04632;1,696264;0;1,74059;0;52,400002;-26,799999
28.07.2025 05:58:35;0,000347;0,047656;1,337549;0;1,384887;0,000182;52,400002;-26,700001
28.07.2025 06:03:36;0,000047;0,047541;1,38196;0;1,424527;0,004745;52,400002;-28
28.07.2025 06:08:37;0,002143;0,047997;1,407783;0;1,439036;0,0146;52,400002;-26,4
28.07.2025 06:13:37;0,003485;0,043213;0,688477;0;0,720474;0,00769;52,700001;-5,8
28.07.2025 06:18:39;0,012666;0,051203;0,284208;0;0,31763;0,005275;52,799999;-7,7
28.07.2025 06:23:40;0,000597;0,027283;0,372933;0;0,391867;0,007482;52,799999;-7,3
28.07.2025 06:28:42;0,004982;0,029012;0,377337;0;0,384612;0,016916;52,799999;-7,9
28.07.2025 06:33:45;0,004895;0,022752;0,421596;0;0,424089;0,015229;52,799999;-8,3
28.07.2025 06:38:47;0,002593;0,024101;0,429631;0;0,430722;0,020554;52,799999;-7,2
28.07.2025 06:43:49;0,006102;0,029194;0,386886;0;0,377973;0,032013;52,799999;-7
28.07.2025 06:48:50;0,000104;0,031846;0,366454;0;0,348387;0,049822;52,799999;-6,1
28.07.2025 06:53:51;0,00165;0,038142;0,339536;0;0,309333;0,066611;52,900002;-4,2
28.07.2025 06:58:52;0,007529;0,018888;0,255222;0;0,213111;0,053472;52,900002;-2,9
28.07.2025 07:03:55;0,002161;0,024837;0,200147;0;0,161441;0,061458;52,900002;-3,2
28.07.2025 07:08:57;0,0064;0,029467;0,503843;0;0,430768;0,096221;52,599998;-21,200001
28.07.2025 07:13:58;0,007576;0,047449;0,813755;0;0,727753;0,125741;52,700001;-5,2
28.07.2025 07:19:01;0,013671;0,03644;1,220824;0;1,143185;0,100436;52,099998;-41,200001
28.07.2025 07:24:02;0,006988;0,04827;2,139505;0;2,101318;0,079569;51,900002;-60,299999
28.07.2025 07:29:05;0,153613;0,021936;3,838688;0;3,606135;0,100799;51,599998;-73,699997
28.07.2025 07:34:07;0,394909;0,005821;4,303676;0;3,796422;0,11823;51,5;-72,099998
28.07.2025 07:39:08;0,000422;0,056209;1,580699;0;1,517053;0,119353;52,299999;-4,2
28.07.2025 07:44:11;0,002108;0,027013;0,304481;0;0,176851;0,152467;52,400002;-1,3
28.07.2025 07:49:12;0,040514;0,008577;0,250569;0;0,029154;0,189432;52,5;-0,3
28.07.2025 07:54:14;0,007436;0,029103;0,244555;0;0,04279;0,223546;52,5;-0,3
28.07.2025 07:59:17;0,036448;0,009337;0,355243;0;0,091054;0,236949;52,400002;-5,9
28.07.2025 08:04:18;0;0,025367;0,420382;0;0,337483;0,108403;52,400002;-6,7
28.07.2025 08:09:21;0;0,027466;0,428485;0;0,368794;0,087202;52,400002;-5,9
28.07.2025 08:14:21;0;0,02536;0,412811;0;0,306244;0,131836;52,400002;-5,8
28.07.2025 08:19:23;0;0,026193;0,389978;0;0,311355;0,104952;52,400002;-4,9
28.07.2025 08:24:26;0,00352;0,027285;0,267769;0;0,177984;0,113489;52,5;-3,1
28.07.2025 08:29:27;0,017182;0,007482;0,264712;0;0,037959;0,217172;52,5;0
28.07.2025 08:34:30;0,009046;0,023024;0,291337;0;0,010515;0,294782;52,5;0
28.07.2025 08:39:31;0,025386;0,017246;0,462539;0;0,074139;0,380142;52,5;0
28.07.2025 08:44:33;0,027101;0,005639;0,470466;0;0,024556;0,424538;52,599998;0
28.07.2025 08:49:36;0,000609;0,066444;0,463746;0,002991;0;0,532637;52,599998;0
28.07.2025 08:54:38;0,002591;0,034923;0,487291;0,098131;0;0,617708;52,599998;2,9
28.07.2025 08:59:39;0,001267;0,025732;0,471755;0,283874;0;0,779993;52,700001;5,9
28.07.2025 09:04:42;0,024412;0,060008;1,805674;0,057742;1,188871;0,70831;52,400002;-1,5
28.07.2025 09:09:44;0,006935;0,048202;0,644901;0,195899;0,221227;0,660817;52,599998;5,2
28.07.2025 09:14:46;0,010941;0,025283;0,817245;0,103724;0,356328;0,578965;52,200001;-21
28.07.2025 09:19:47;0,011892;0,043526;0,936849;0,066566;0,447848;0,587276;52,5;2,6
28.07.2025 09:24:50;0,029617;0,065719;1,09265;0,081128;0,531822;0,677672;52,5;2,6
28.07.2025 09:29:51;0,000171;0,022721;0,476135;0,17976;0;0,678524;52,599998;2,9
28.07.2025 09:34:54;0,002217;0,056835;0,446252;0,06386;0;0,564545;52,599998;0
28.07.2025 09:39:56;0,000848;0,093129;0,422537;0,021191;0;0,53622;52,599998;2,5
28.07.2025 09:44:58;0,012767;0,040198;0,54868;0,371516;0,002183;0,945297;52,799999;11,1
28.07.2025 09:50:00;0,001023;0,029376;0,52949;0,805922;0,000045;1,363651;53;18,4
28.07.2025 09:55:01;0,007415;0,028378;0,518109;0,843593;0;1,382781;53;12,1
28.07.2025 10:00:01;0,004466;0,030853;0,508484;0,793808;0;1,328796;53,099998;16,5
28.07.2025 10:05:03;0,006336;0,031467;0,474467;0,625348;0;1,125007;53;7,1
28.07.2025 10:10:05;0,000463;0,032468;0,465373;0,262699;0;0,759948;52,799999;0
28.07.2025 10:15:09;0,002921;0,054661;0,42834;0,021909;0;0,501793;52,900002;4,2
28.07.2025 10:20:09;0,008354;0,02536;0,496033;0,545792;0;1,058899;53,099998;12,6
28.07.2025 10:25:09;0,020772;0,024078;1,689972;0,220139;0,734207;1,179199;52,299999;-21
28.07.2025 10:30:12;0,005384;0,04351;0,821437;0,55965;0,211568;1,20759;53;14,2
28.07.2025 10:35:14;0,001285;0,023919;0,448548;0,841436;0;1,312721;53,200001;16,4
28.07.2025 10:40:16;0,000384;0,029376;0,43245;0,847484;0;1,308719;53,200001;14,5
28.07.2025 10:45:16;0,000893;0,032776;0,435974;0,762222;0;1,230286;53,200001;13,3
28.07.2025 10:50:18;0,00485;0,029103;0,450367;0,609477;0,000682;1,083536;53,200001;7,6
28.07.2025 10:55:20;0,002424;0,027102;0,435633;0,19267;0;0,652813;53,099998;4,2
28.07.2025 11:00:19;0,002176;0,020301;0,440372;0,242921;0;0,701435;53,099998;7,8
28.07.2025 11:05:21;0,001485;0,025465;0,44682;0,316766;0;0,787596;53,099998;5,4
28.07.2025 11:10:23;0,007706;0,02883;0,461007;0,055341;0,165568;0,371971;52,799999;-6,1
28.07.2025 11:15:26;0,00254;0,023568;0,428394;0;0,235046;0,214288;52,799999;-1,2
28.07.2025 11:20:27;0,005687;0,027283;0,355504;0;0,067935;0,309333;52,799999;0
28.07.2025 11:25:29;0,005471;0,064117;0,38825;0;0,001046;0,445637;52,799999;0
28.07.2025 11:30:31;0,03076;0,079305;0,996045;0,088173;0,514939;0,61789;52,799999;4,4
28.07.2025 11:35:32;0,000979;0,027192;0,527508;0,346288;0;0,899893;53;7,8
28.07.2025 11:40:34;0,000919;0,024737;0,518395;0,303215;0;0,845438;53,099998;7,3
28.07.2025 11:45:36;0,000952;0,026465;0,486472;0,450185;0;0,962213;53,200001;11,7
28.07.2025 11:50:38;0,000647;0,028011;0,476832;0,712565;0;1,216681;53,400002;14,2
28.07.2025 11:55:39;0,025605;0,050369;1,765112;0,365359;0,857737;1,297737;52,400002;-10,1
28.07.2025 12:00:41;0,029398;0,0653;2,784416;0;1,437317;1,382931;52,099998;-28,5
28.07.2025 12:05:44;0,035664;0,080856;2,632277;0;1,417889;1,259439;52,200001;-14,6
28.07.2025 12:10:43;0,049835;0,088736;1,47654;0,110323;0,552761;1,073096;52,299999;-18,700001
28.07.2025 12:15:45;0,202121;0,12014;2,750766;0,037243;1,791736;0,914375;51,599998;-73,699997
28.07.2025 12:20:47;0,263247;0,164613;3,299173;0,016279;2,367381;0,84944;51,700001;-46,200001
28.07.2025 12:25:50;0,319008;0,19643;3,196641;0,00077;2,520873;0,55403;51,700001;-60,900002
28.07.2025 12:30:52;0,270466;0,221182;1,984269;0,206448;0,943887;1,197401;52;-32
28.07.2025 12:35:54;0,207165;0,213451;1,913331;0,489974;0,789961;1,61539;52,5;18,1
28.07.2025 12:40:53;0,285182;0,220002;2,097782;0,42967;0,950878;1,506854;52,400002;19,799999
28.07.2025 12:45:55;0,222675;0,190533;2,187807;0,185849;1,216227;1,122643;52,200001;3,4
28.07.2025 12:50:58;0,117101;0,084301;0,938008;0,168738;0,342779;0,731334;52,5;9,4
28.07.2025 12:55:59;0,005682;0,037412;0,358059;0,688516;0;1,078193;52,700001;16,299999
28.07.2025 13:01:01;0,009821;0,025374;0,339412;0,566141;0;0,921105;52,700001;6,4
28.07.2025 13:06:04;0,009961;0,039975;0,484504;0,152104;0,005212;0,661355;52,599998;3,3
28.07.2025 13:11:06;0,002166;0,032559;0,519213;0,313856;0;0,863445;52,700001;11,7
28.07.2025 13:16:06;0,003076;0,020142;0,514893;0,390244;0;0,922302;52,799999;8
28.07.2025 13:21:08;0,006621;0,03747;0,552409;0,465737;0;1,048976;52,799999;8,3
28.07.2025 13:26:08;0,010603;0,032867;0,523682;0,472916;0;1,018982;53;21
28.07.2025 13:31:09;0,006825;0,023542;0,522124;1,255307;0;1,793947;53,099998;21,700001
28.07.2025 13:36:11;0,002561;0,033468;0,446274;1,281799;0;1,759086;53,200001;18,700001
28.07.2025 13:41:11;0,00027;0,032227;0,292786;0,95993;0;1,284668;53,200001;14,4
28.07.2025 13:46:13;0,00035;0,027739;0,287845;0,813197;0;1,128281;53,200001;13,8
28.07.2025 13:51:15;0,000598;0,041017;0,283935;0,940704;0;1,265247;53,400002;23,299999
28.07.2025 13:56:17;0,006682;0,033286;0,418899;1,325453;0;1,770909;53,5;28,299999
28.07.2025 14:01:19;0,002998;0,027921;0,462372;1,549863;0;2,037018;53,599998;30,1
28.07.2025 14:06:21;0,000658;0,031922;0,545679;1,912149;0;2,489022;53,799999;38,400002
28.07.2025 14:11:23;0,000378;0,031467;0,564323;1,998957;0;2,59452;53,900002;41,900002
28.07.2025 14:16:25;0,000142;0,033014;0,573599;2,418402;0;3,024878;54,099998;45,700001
28.07.2025 14:21:25;0;0,098328;0,474518;2,476959;0;3,049805;54,099998;45,799999
28.07.2025 14:26:28;0,000115;0,026197;0,433652;2,343931;0;2,803689;54;40,900002
28.07.2025 14:31:30;0;0,03265;0,400164;2,068531;0;2,50139;54;36,099998
28.07.2025 14:36:32;0,005852;0,03847;0,461826;1,762451;0;2,256926;53,900002;28,299999
28.07.2025 14:41:34;0;0,028375;0,559593;1,448185;0;2,036109;53,900002;25,5
28.07.2025 14:46:36;0,002852;0,030194;0,575145;1,329046;0;1,93152;53,900002;25
28.07.2025 14:51:38;0,000377;0,031467;0,548316;1,340823;0;1,920243;53,900002;24,299999
28.07.2025 14:56:39;0,000211;0,031116;0,523584;1,386431;0;1,940857;53,900002;28
28.07.2025 15:01:41;0,004374;0,038561;0,455642;1,681008;0;2,170891;54;33
28.07.2025 15:06:42;0,001755;0,031207;0,406056;1,80622;0;2,241612;54;35,400002
28.07.2025 15:11:43;0,000067;0,034766;0,336251;1,916676;0;2,287784;54;34,5
28.07.2025 15:16:46;0,000228;0,036893;0,335119;1,839439;0;2,211225;54;34,299999
28.07.2025 15:21:48;0,00221;0,031286;0,33732;1,819338;0;2,185443;54;34,299999
28.07.2025 15:26:50;0,020231;0,027648;0,502843;1,791463;0;2,301854;54;32,900002
28.07.2025 15:31:52;0,003217;0,030467;0,480379;1,651951;0;2,159796;54;28,799999
28.07.2025 15:36:54;0,000935;0,041017;0,455187;1,435726;0;1,930974;53,900002;25,5
28.07.2025 15:41:56;0,001188;0,038197;0,42572;1,434953;0;1,897506;54;27,299999
28.07.2025 15:46:58;0,001309;0,033286;0,411169;1,424039;0;1,86713;53,900002;24,6
28.07.2025 15:52:00;0,002527;0,033286;0,327771;1,321542;0;1,680144;53,900002;23,6
28.07.2025 15:57:01;0,000807;0,033397;0,294733;1,251292;0;1,5786;53,900002;23
28.07.2025 16:02:03;0,00018;0,036379;0,293757;1,250059;0;1,580103;53,900002;22,700001
28.07.2025 16:07:05;0,006047;0,046746;0,323315;1,127372;0;1,491339;53,900002;19,5
28.07.2025 16:12:07;0,001479;0,030558;0,399528;1,055433;0;1,484064;53,900002;19,6
28.07.2025 16:17:09;0,009039;0,034196;0,438544;0,988406;0;1,452051;53,900002;16,9
28.07.2025 16:22:12;0,005719;0,035261;0,525839;0,788033;0;1,343559;53,799999;14,1
28.07.2025 16:27:13;0,011127;0,030933;0,55981;0,759006;0;1,338617;53,799999;14,6
28.07.2025 16:32:15;0,000229;0,028284;0,520486;0,869994;0;1,418582;53,900002;18,6
28.07.2025 16:37:18;0,014142;0,035896;0,786084;0,919063;0,066126;1,66064;54;25,9
28.07.2025 16:42:20;0,000171;0,039107;0,355146;1,606114;0;2,000276;54,200001;35,900002
28.07.2025 16:47:22;0,000593;0,176709;0,390979;2,385798;0;2,952849;54,400002;43,700001
28.07.2025 16:52:24;0,005583;0,03456;0,461098;2,007188;0;2,497207;54,200001;32,799999
28.07.2025 16:57:26;0,004979;0,038288;0,584967;1,786915;0;2,405169;54,299999;32,900002
28.07.2025 17:02:28;0,000566;0,03265;0,545406;1,224548;0;1,802194;54;16,5
28.07.2025 17:07:30;0,000107;0,030103;0,413806;0,889229;0;1,332911;54;16,9
28.07.2025 17:12:32;0;0,033014;0,373335;1,018782;0;1,42513;54,099998;21,200001
28.07.2025 17:17:33;0,000516;0,030203;0,37932;1,309873;0;1,718941;54,400002;30,700001
28.07.2025 17:22:35;0,00006;0,042927;0,305944;1,844575;0;2,193264;54,700001;31,9
28.07.2025 17:27:37;0,000335;0,03365;0,293393;1,753493;0;2,080309;55,299999;30,5
28.07.2025 17:32:39;0,000807;0,879452;0,313038;1,351828;0;2,543408;56,5;16,5
28.07.2025 17:37:42;0;3,347386;0,259067;0,011331;0,015636;3,602283;54,299999;0
28.07.2025 17:42:44;0;1,638946;0,319677;0;0;1,958622;54;0
28.07.2025 17:47:46;0;1,297169;0,300487;0;0;1,597747;53,799999;0
28.07.2025 17:52:47;0;1,234502;0,258233;0;0;1,492644;53,700001;0
28.07.2025 17:57:50;0;1,206049;0,253175;0;0;1,459042;53,700001;0
28.07.2025 18:02:51;0;1,442275;0,227209;0;0;1,669666;53,599998;0
28.07.2025 18:07:53;0;1,56637;0,23155;0;0;1,797829;53,599998;0
28.07.2025 18:12:56;0;1,751467;0,258976;0;0;2,010534;53,599998;0
28.07.2025 18:17:57;0,02268;1,007293;0,736558;0;0,293364;1,427675;52,799999;-43,200001
28.07.2025 18:22:59;0,021135;0,057296;0,630077;0,475559;0,110773;1,031151;53,700001;-25,200001
28.07.2025 18:28:01;0,000765;0,04993;1,527263;0,081624;0,925607;0,732483;53,200001;4,8
28.07.2025 18:33:04;0,003607;0,063996;0,411353;0,108911;0,000227;0,580499;53,200001;0
28.07.2025 18:38:06;0,032773;0,014279;0,348689;0;0,024192;0,305944;53,200001;-3,8
28.07.2025 18:43:07;0,0154;0,020987;0,37932;0;0,131033;0,253854;53,200001;0
28.07.2025 18:48:09;0,008704;0,024646;0,314947;0,089991;0;0,4209;53,400002;5
28.07.2025 18:53:12;0,002062;0,042241;0,285354;0,525114;0;0,850443;54,200001;16,6
28.07.2025 18:58:14;0,000058;0,60543;0,21618;0,686509;0,004638;1,503526;55,099998;0
28.07.2025 19:03:15;0;1,190976;0,258233;0;0;1,44921;54,400002;0
28.07.2025 19:08:18;0;0,783274;0,352705;0;0;1,135979;54,200001;0
28.07.2025 19:13:20;0;0,411169;0,347324;0;0;0,758493;54;0
28.07.2025 19:18:22;0;0,212815;0,356419;0;0;0,569325;53,900002;0
28.07.2025 19:23:24;0;0,108772;0,2883;0;0;0,397072;53,900002;0
28.07.2025 19:28:26;0,000678;0,042381;0,247738;0;0;0,289392;53,799999;0
28.07.2025 19:33:28;0,002389;0,070211;0,192715;0;0,001319;0,259197;53,799999;0
28.07.2025 19:38:30;0;0,050657;0,238462;0;0;0,28921;53,700001;0
28.07.2025 19:43:32;0;0,080851;0,228457;0;0;0,309218;53,700001;0
28.07.2025 19:48:33;0,009185;0,018615;0,331415;0;0,004061;0,336707;53,700001;0
28.07.2025 19:53:35;0,046313;0,014188;0,456278;0;0,067346;0,356874;53,5;-3,1
28.07.2025 19:58:38;0,009947;0,023659;0,52457;0;0,207625;0,330678;53,200001;-5,7
28.07.2025 20:03:39;0,001928;0,026371;0,618483;0;0,395973;0,246919;53;-7,3
28.07.2025 20:08:42;0,000055;0,027375;0,571072;0;0,405733;0,192714;52,900002;-7,8
28.07.2025 20:13:44;0;0,026193;0,548589;0;0,408304;0,166432;52,900002;-6,5
28.07.2025 20:18:45;0,000027;0,026097;0,412626;0;0,326259;0,112601;53;-5
28.07.2025 20:23:47;0;0,02592;0,323042;0;0,28207;0,066755;53;-5,6
28.07.2025 20:28:50;0,004838;0,034446;0,987229;0;0,977711;0,039159;52,599998;-34,5
28.07.2025 20:33:51;0,048928;0,051647;2,442268;0;2,428307;0,01679;52,5;-46,599998
28.07.2025 20:38:53;0;0,053386;1,791372;0;1,833571;0,011095;52,700001;-29,299999
28.07.2025 20:43:55;0;0,044655;1,578011;0;1,618164;0,004547;52,700001;-30,700001
28.07.2025 20:48:57;0,000412;0,047019;1,068893;0;1,115412;0;52,900002;-9
28.07.2025 20:54:00;0,005351;0,01958;0,459667;0;0,474035;0;53;-8,4
28.07.2025 20:59:02;0,008374;0,022918;0,442727;0;0,457188;0;53;-8
28.07.2025 21:04:01;0,000112;0,027374;0,385624;0;0,412952;0;53;-7,7
28.07.2025 21:09:03;0;0,02783;0,381793;0;0,409532;0;53;-7,7
28.07.2025 21:14:05;0,00005;0,028102;0,350417;0;0,378474;0;53;-6,6
28.07.2025 21:19:08;0,007558;0,029097;0,440903;0;0,462432;0;53;-10
28.07.2025 21:24:10;0,000209;0,034469;0,493112;0;0,527398;0;53;-10
28.07.2025 21:29:12;0,002944;0,031286;0,510664;0;0,538994;0;52,900002;-12,1
28.07.2025 21:34:13;0,023261;0,015969;0,61319;0;0,605891;0;53;-10,8
28.07.2025 21:39:15;0,00941;0,028193;0,524579;0;0,543132;0,000182;53;-6,7
28.07.2025 21:44:18;0,005072;0,030004;0,411806;0;0,436734;0;53;-8,7
28.07.2025 21:49:20;0,000239;0,032923;0,417444;0;0,450094;0;53;-8,3
28.07.2025 21:54:22;0,00185;0,026011;0,404348;0;0,428585;0;53;-7,7
28.07.2025 21:59:24;0,006268;0,030922;0,463008;0;0,487655;0;53;-10,4
28.07.2025 22:04:26;0,001557;0,037288;0,495749;0;0,531491;0;53;-8,7
28.07.2025 22:09:28;0,000975;0,024737;0,437634;0;0,461371;0;53;-8,8
28.07.2025 22:14:27;0,000527;0,034447;0,416213;0;0,450155;0;53;-8,6
28.07.2025 22:19:29;0,006857;0,042199;0,462372;0;0,497568;0,000182;53;-10,2
28.07.2025 22:24:31;0,000399;0,027466;0,476468;0;0,503616;0;53;-7,6
28.07.2025 22:29:33;0,000014;0,029012;0,371607;0;0,400574;0;53;-7,4
28.07.2025 22:34:36;0,001887;0,028191;0,327868;0;0,35411;0;53;-6,3
28.07.2025 22:39:37;0;0,031116;0,298474;0;0,329635;0;53;-6
28.07.2025 22:44:39;0,006606;0,028921;0,374517;0;0,396799;0;53;-9,1
28.07.2025 22:49:40;0,001256;0,029473;0,527964;0;0,556114;0;52,900002;-11,2
28.07.2025 22:54:42;0;0,02883;0,564232;0;0,592925;0,000182;52,900002;-11,2
28.07.2025 22:59:44;0,000067;0,031195;0,543496;0;0,5746;0;52,900002;-11,3
28.07.2025 23:04:46;0;0,03074;0,480288;0;0,510982;0,000182;52,900002;-9,6
28.07.2025 23:09:48;0,000047;0,028375;0,376336;0;0,404575;0;53;-6,1
28.07.2025 23:14:51;0,000055;0,026469;0,310554;0;0,336978;0;53;-6,6
28.07.2025 23:19:53;0;0,02692;0,305853;0;0,332818;0,000182;53;-6,2
28.07.2025 23:24:53;0,005506;0,031494;0,329956;0;0,355728;0,000183;53;-9,2
28.07.2025 23:29:54;0,005709;0,030021;0,509623;0;0,534078;0;53;-8,8
28.07.2025 23:34:56;0,000142;0,026556;0,441272;0;0,467647;0;53;-8,5
28.07.2025 23:39:56;0;0,0271;0,406677;0;0,433685;0,000183;53;-7,6
28.07.2025 23:44:58;0,001637;0,028193;0,415261;0;0,441772;0;53;-8,5
28.07.2025 23:50:00;0;0,027193;0,379428;0;0,406667;0;53;-6,9
28.07.2025 23:55:02;0,000038;0,025465;0,276386;0;0,30176;0;53;-4,9
29.07.2025 00:00:00;0,001575;0,023318;0,196316;0,000553;0,218897;0,000553;53;-3,7
29.07.2025 00:05:04;0,003447;0,024936;0,176631;0;0,19732;0;53;-3,8
29.07.2025 00:10:07;0,007532;0,031182;0,188726;0;0,212339;0;53;-6,2
29.07.2025 00:15:09;0;0,027921;0,29503;0;0,322905;0;53;-6
29.07.2025 00:20:09;0,002067;0,034607;0,289032;0;0,321671;0;53;-6
29.07.2025 00:25:09;0,001844;0,029846;0,342316;0;0,370285;0;53;-7,3
29.07.2025 00:30:10;0,000091;0,028835;0,355231;0;0,383928;0;53;-7
29.07.2025 00:35:12;0,000001;0,027102;0,318949;0;0,346006;0;53;-4,8
29.07.2025 00:40:14;0,001503;0,01919;0,23446;0;0,252058;0;53;-3,7
29.07.2025 00:45:15;0,006677;0,02336;0,177661;0;0,194405;0;53;-3,8
29.07.2025 00:50:16;0,009799;0,03139;0,163791;0;0,185508;0;53;-3,8
29.07.2025 00:55:18;0,009838;0,032013;0,253286;0;0,275431;0;53;-6,1
29.07.2025 01:00:20;0,000159;0,028284;0,291392;0;0,319404;0;53;-6
29.07.2025 01:05:21;0;0,02847;0,288163;0;0,316769;0;53;-6
29.07.2025 01:10:23;0,003561;0,031195;0,313038;0;0,340594;0;52,900002;-9,2
29.07.2025 01:15:24;0;0,028743;0,440001;0;0,468744;0;52,900002;-9,1
29.07.2025 01:20:27;0,003059;0,020305;0,393767;0;0,411081;0;53;-6,2
29.07.2025 01:25:28;0,001585;0,023268;0,308238;0;0,329772;0,000182;53;-5,4
29.07.2025 01:30:31;0,000487;0,026831;0,24964;0;0,276018;0;53;-5,2
29.07.2025 01:35:32;0,004544;0,02774;0,185326;0;0,208366;0;53;-3,8
29.07.2025 01:40:35;0,006107;0,028282;0,257345;0;0,279553;0;53;-6,1
29.07.2025 01:45:37;0,007053;0,028193;0,300396;0;0,321587;0;53;-5,9
29.07.2025 01:50:38;0,000103;0,028652;0,288345;0;0,316861;0;53;-6
29.07.2025 01:55:40;0;0,028648;0,288664;0;0,317267;0;53;-5,9
29.07.2025 02:00:43;0,00363;0,025109;0,305841;0;0,327324;0;53;-6,7
29.07.2025 02:05:45;0,001424;0,025283;0,272112;0;0,295985;0;53;-4,8
29.07.2025 02:10:47;0,000028;0,020918;0,235187;0;0,256105;0;53;-4,8
29.07.2025 02:15:49;0;0,020736;0,233369;0;0,254104;0;53;-4,7
29.07.2025 02:20:51;0,004985;0,02783;0,223637;0;0,246465;0;53;-6,2
29.07.2025 02:25:52;0;0,027466;0,294277;0;0,321651;0;53;-6
29.07.2025 02:30:55;0;0,027738;0,289071;0;0,316809;0;53;-5,6
29.07.2025 02:35:57;0;0,029376;0,288482;0;0,317676;0,000182;53;-6
29.07.2025 02:40:58;0,000304;0,028378;0,295919;0;0,324069;0;53;-7
29.07.2025 02:46:00;0;0,024737;0,283025;0;0,307899;0;53;-4,6
29.07.2025 02:51:02;0;0,022646;0,221636;0;0,244191;0;53;-4,7
29.07.2025 02:56:05;0,002691;0,027556;0,26224;0;0,287077;0;53;-6,3
29.07.2025 03:01:07;0,005691;0,024737;0,271384;0;0,290437;0;53;-6,8
29.07.2025 03:06:09;0,000148;0,02692;0,373062;0;0,399619;0,000182;52,900002;-7,4
29.07.2025 03:11:11;0;0,031831;0,359329;0;0,391252;0;52,900002;-7,2
29.07.2025 03:16:13;0,00023;0,030103;0,322951;0;0,352918;0;52,900002;-5,6
29.07.2025 03:21:15;0,000013;0,031649;0,255832;0;0,287436;0;53;-5,4
29.07.2025 03:26:16;0,000057;0,022265;0,266263;0;0,288437;0;52,900002;-5,4
29.07.2025 03:31:18;0,000645;0,023555;0,189805;0;0,212724;0;53;-3,4
29.07.2025 03:36:20;0;0,025829;0,156428;0;0,182302;0;53;-3,4
29.07.2025 03:41:23;0;0,024293;0,159084;0;0,183241;0;53;-3,4
29.07.2025 03:46:25;0,00829;0,037561;0,231459;0;0,260834;0;53;-7,3
29.07.2025 03:51:26;0,004093;0,022721;0,356326;0;0,374758;0;52,900002;-7
29.07.2025 03:56:28;0,00681;0,029649;0,346415;0;0,369424;0;52,900002;-6,9
29.07.2025 04:01:30;0,001229;0,030285;0,300578;0;0,329635;0;53;-5,4
29.07.2025 04:06:33;0;0,027375;0,262965;0;0,290204;0;52,900002;-5,4
29.07.2025 04:11:35;0,00272;0,024646;0,212451;0;0,23446;0;53;-3,4
29.07.2025 04:16:37;0,002657;0,025374;0,188168;0;0,210814;0;53;-4,6
29.07.2025 04:21:39;0;0,023828;0,213178;0;0,237006;0;53;-4,4
29.07.2025 04:26:38;0,006005;0,024251;0,210081;0;0,228407;0;53;-4,3
29.07.2025 04:31:40;0,008079;0,031104;0,323769;0;0,346824;0;52,900002;-5,5
29.07.2025 04:36:43;0,00626;0,019036;0,283904;0;0,296459;0,000181;53;-5,4
29.07.2025 04:41:45;0,007668;0,032104;0,345596;0;0,36997;0;52,900002;-7,5
29.07.2025 04:46:46;0,002977;0,023451;0,376218;0;0,396658;0;52,900002;-7,1
29.07.2025 04:51:48;0,003959;0,036379;0,341777;0;0,37429;0;52,900002;-7
29.07.2025 04:56:51;0,003242;0,023296;0,281094;0;0,301127;0;52,900002;-4,6
29.07.2025 05:01:53;0,001869;0,027011;0,18926;0;0,214315;0;53;-3,4
29.07.2025 05:06:54;0,002792;0,020896;0,162057;0;0,18017;0;53;-3,4
29.07.2025 05:11:57;0,004721;0,022027;0,162438;0;0,179752;0;53;-3,4
29.07.2025 05:16:59;0,006427;0,031831;0,258743;0;0,284162;0;52,900002;-5,5
29.07.2025 05:22:00;0,000093;0,025367;0,270461;0;0,295691;0;52,900002;-5,6
29.07.2025 05:27:02;0,001476;0,0231;0,291392;0;0,313129;0;52,900002;-6,8
29.07.2025 05:32:04;0,000645;0,028375;0,360512;0;0,388296;0;52,799999;-13,4
29.07.2025 05:37:06;0,00244;0,045564;1,919606;0;1,962669;0;52,200001;-40,700001
29.07.2025 05:42:08;0,002669;0,0442;2,326955;0;2,368472;0;51,900002;-73,300003
29.07.2025 05:47:11;1,108107;0;4,906139;0;3,797852;0,000181;51,700001;-73,400002
29.07.2025 05:52:12;1,319484;0;5,127531;0;3,808031;0;51,700001;-73,599998
29.07.2025 05:57:14;0,209209;0,032832;3,852309;0;3,675918;0;51,599998;-73,699997
29.07.2025 06:02:17;0,020095;0,061458;2,44047;0;2,481804;0;52;-37,400002
29.07.2025 06:07:23;0;0,04802;1,571655;0;1,61972;0;52,099998;-25
29.07.2025 06:12:24;0;0,039511;1,280856;0;1,320321;0;52,099998;-25,299999
29.07.2025 06:17:24;0,000082;0,040924;1,332733;0;1,37352;0,000183;52,099998;-28,6
29.07.2025 06:22:25;0,002062;0,049274;1,210686;0;1,257998;0;52,299999;-7,6
29.07.2025 06:27:25;0,006111;0,032227;0,395782;0;0,418625;0,003113;52,299999;-7,9
29.07.2025 06:32:26;0,00002;0,028561;0,386985;0;0,400034;0,015695;52,299999;-7,5
29.07.2025 06:37:28;0,004012;0,034105;0,398709;0;0,394162;0,034378;52,299999;-8,8
29.07.2025 06:42:31;0,008601;0,022752;0,540614;0;0,486725;0,067985;52,299999;-9,1
29.07.2025 06:47:33;0,001184;0,027466;0,394344;0;0,326771;0,094039;52,400002;-5
29.07.2025 06:52:32;0,000017;0,022689;0,340797;0;0,24113;0,122356;52,400002;-4,2
29.07.2025 06:57:35;0,005629;0,026106;0,300674;0;0,162937;0,158087;52,400002;-2,4
29.07.2025 07:02:36;0,021473;0,018706;0,259055;0;0,070809;0,1856;52,5;0
29.07.2025 07:07:38;0;0,068937;0,137329;0;0;0,206266;52,5;0
29.07.2025 07:12:39;0,019983;0,075919;0,263891;0;0,084542;0,235239;52,200001;-35,299999
29.07.2025 07:17:40;0,019057;0,070353;1,724689;0,00657;1,507153;0,274841;52,299999;1
29.07.2025 07:22:43;0,006719;0,040881;0,26224;0,028418;0,003626;0,32125;52,5;0
29.07.2025 07:27:44;0,00777;0,030842;1,19709;0;0,856003;0,364082;52,099998;-19,799999
29.07.2025 07:32:46;0,009386;0,025647;0,477651;0;0,086217;0,407804;52,400002;0
29.07.2025 07:37:47;0;0,106487;0,331689;0;0;0,438176;52,5;0
29.07.2025 07:42:48;0,000161;0,108677;0,337711;0,013094;0;0,459163;52,5;3,1
29.07.2025 07:47:50;0,000222;0,028193;0,291301;0,122505;0;0,441818;52,599998;3,2
29.07.2025 07:52:53;0,000052;0,043963;0,253447;0,074602;0;0,371831;52,5;0
29.07.2025 07:57:54;0;0,08331;0,221095;0;0;0,304588;52,599998;0
29.07.2025 08:02:57;0,031422;0,033902;0,303484;0;0,006889;0,298951;52,5;0
29.07.2025 08:07:57;0,04831;0,010529;0,347443;0;0,04866;0,261108;52,5;-2,4
29.07.2025 08:12:58;0,009664;0,028743;0,422755;0;0,185143;0,256591;52,5;-3,7
29.07.2025 08:18:01;0,005279;0,026378;0,439181;0;0,206402;0,253991;52,400002;-4,9
29.07.2025 08:23:02;0,003449;0,028105;0,46482;0;0,176338;0,313165;52,5;0
29.07.2025 08:28:04;0,00451;0,031922;0,287482;0;0;0,314675;52,5;0
29.07.2025 08:33:07;0,000109;0,051215;0,280822;0;0;0,331947;52,5;0
29.07.2025 08:38:08;0,000493;0,089515;0,244637;0;0;0,333605;52,5;0
29.07.2025 08:43:11;0,022826;0,01541;0,377179;0;0,068257;0,301671;52,5;-2,4
29.07.2025 08:48:12;0,001891;0,023998;0,468744;0;0,21083;0,280133;52,400002;-3,8
29.07.2025 08:53:14;0,016554;0,016643;0,425356;0;0,11964;0,305762;52,5;0
29.07.2025 08:58:17;0,028515;0,005801;0,426944;0;0,007614;0,396487;52,5;0
29.07.2025 09:03:18;0,011854;0,017976;0,47723;0;0,216168;0,267176;52,5;-2,6
29.07.2025 09:08:20;0,002416;0,040016;0,36897;0,097449;0,000637;0,503479;52,599998;6,3
29.07.2025 09:13:21;0,000606;0,036956;0,374119;0,524588;0;0,934933;52,799999;13,5
29.07.2025 09:18:22;0,000937;0,023816;0,368005;0,837434;0;1,228388;53;16,6
29.07.2025 09:23:25;0,004874;0,032905;0,443079;0,895041;0;1,366221;53;17,4
29.07.2025 09:28:26;0,000324;0,028013;0,484074;0,944286;0;1,455962;53,099998;18,1
29.07.2025 09:33:29;0,001493;0,024112;0,471723;0,698883;0;1,193086;53;10,1
29.07.2025 09:38:30;0,003346;0,025823;0,482249;0,494248;0;0,999354;53;8,8
29.07.2025 09:43:32;0,007659;0,032195;0,465009;0,568142;0;1,057343;53,099998;17,799999
29.07.2025 09:48:34;0,019657;0,034287;1,472968;0,433633;0,196581;1,724708;52,700001;-2,1
29.07.2025 09:53:37;0,019016;0,027375;2,129644;0;0,024882;2,113146;52,799999;0
29.07.2025 09:58:40;0,013193;0,037165;2,25963;0;0,309194;1,974276;52,599998;-5,3
29.07.2025 10:03:40;0,010769;0,03717;2,339264;0;0,501663;1,864197;52,5;-6,5
29.07.2025 10:08:43;0,007019;0,031182;2,274406;0;0,381485;1,916987;52,5;-6,9
29.07.2025 10:13:45;0,007756;0,052294;2,214273;0,016098;0,036242;2,238555;52,599998;0
29.07.2025 10:18:46;0,015498;0,034401;2,167336;0,000365;0,097545;2,089227;52,599998;-1,4
29.07.2025 10:23:49;0,014454;0,026015;2,222919;0;0,236904;1,997663;52,5;-7,1
29.07.2025 10:28:50;0,010524;0,050278;0,522672;1,246866;0,01752;1,791209;53,200001;20,1
29.07.2025 10:33:52;0,020264;0,053295;1,383568;0,462826;0,456733;1,42222;53,099998;21,200001
29.07.2025 10:38:55;0,010436;0,03789;0,512786;1,18171;0;1,722098;53,299999;24,5
29.07.2025 10:43:55;0,017067;0,039185;0,576416;1,18428;0;1,782898;53,299999;20,9
29.07.2025 10:48:57;0,024899;0,050384;1,261518;0,465464;0,305898;1,446412;53,099998;11,8
29.07.2025 10:53:57;0,01069;0,042847;0,549225;0,565933;0,000046;1,147522;53,200001;14,1
29.07.2025 10:58:59;0,009376;0,036197;0,52467;1,078579;0;1,629942;53,400002;18,4
29.07.2025 11:04:01;0,004083;0,036833;0,536675;1,543406;0;2,112867;53,599998;36,299999
29.07.2025 11:09:03;0,008393;0,032923;0,453095;1,806332;0;2,283665;53,599998;30,9
29.07.2025 11:14:06;0,01027;0,066988;0,487496;1,980802;0;2,525224;53,900002;45,799999
29.07.2025 11:19:06;0,002462;0,426178;0,595825;2,464462;0;3,484131;54;45,799999
29.07.2025 11:24:07;0,001878;0,348843;0,676061;2,469551;0;3,49263;54,099998;45,700001
29.07.2025 11:29:09;0;1,114003;0,678006;2,477335;0;4,269207;54,099998;45,799999
29.07.2025 11:34:11;0,007209;0,136056;0,618981;2,030333;0;2,778231;53,900002;30,799999
29.07.2025 11:39:13;0,031696;0,061298;0,567869;1,149063;0;1,746535;53,700001;13,1
29.07.2025 11:44:15;0,013393;0,04129;0,589151;0,824839;0;1,441865;53,799999;17,700001
29.07.2025 11:49:16;0,003014;0,043708;0,488727;1,397016;0;1,92644;54;36,400002
29.07.2025 11:54:19;0,001151;1,269682;0,657276;2,328204;0;4,25403;54,099998;45,700001
29.07.2025 11:59:20;0,002933;1,219628;0,808189;2,374288;0;4,399094;54,099998;45,700001
29.07.2025 12:04:23;0;2,875481;0,621652;2,47206;0;5,969238;54,099998;45,700001
29.07.2025 12:09:23;0,016069;1,166565;1,769989;2,307266;0;5,227844;54,099998;45,799999
29.07.2025 12:14:25;0,151609;0,188623;2,424905;0,490474;0,637716;2,314587;53,700001;25,4
29.07.2025 12:19:26;0,059026;0,622589;0,987492;1,960658;0,067159;3,444451;54,099998;45,799999
29.07.2025 12:24:29;0;1,033639;0,657004;2,463131;0;4,153775;54,099998;45,599998
29.07.2025 12:29:31;0;0,348052;0,531582;2,46824;0;3,34792;54,200001;45,599998
29.07.2025 12:34:32;0,00001;0,117254;0,481519;2,45299;0;3,051717;54,099998;42,700001
29.07.2025 12:39:34;0,000099;0,03456;0,413442;2,252288;0;2,700199;54,200001;42,900002
29.07.2025 12:44:36;0,002657;0,175527;0,567506;2,278208;0;3,018694;54,200001;45,599998
29.07.2025 12:49:38;0,00081;1,25788;1,254879;2,241602;0;4,753588;54;31,6
29.07.2025 12:54:40;0,001499;0,031377;1,316722;1,575692;0;2,922109;53,900002;24,1
29.07.2025 12:59:42;0,000482;0,032468;1,333002;1,159112;0;2,524309;53,900002;21,6
29.07.2025 13:04:44;0,001083;0,027557;1,360922;1,06862;0;2,455917;53,799999;18,4
29.07.2025 13:09:46;0,000419;0,034742;1,352191;1,030423;0;2,41681;53,900002;21,700001
29.07.2025 13:14:48;0,000681;0,032286;1,324271;1,116959;0;2,473015;53,900002;16,6
29.07.2025 13:19:50;0,010393;0,029376;1,39339;0,764768;0,020599;2,15634;53,5;-16,9
29.07.2025 13:24:52;0,007159;0,049475;1,667412;0,680052;0,143695;2,246195;53,799999;16,700001
29.07.2025 13:29:53;0,007598;0,046081;1,576867;1,119255;0;2,73472;54;24
29.07.2025 13:34:55;0,001813;0,793599;1,733348;2,105182;0;4,630082;54,200001;33,900002
29.07.2025 13:39:56;0,006854;0,037047;1,677879;1,417455;0;3,125629;53,900002;13,8
29.07.2025 13:44:58;0,000732;0,031467;1,654406;0,787232;0;2,47247;54;20,4
29.07.2025 13:50:00;0,014418;0,030285;3,22978;0,138693;0,477469;2,90683;53,099998;-24,700001
29.07.2025 13:55:01;0,047727;0,08623;3,875692;0,020759;1,0067;2,928167;53,200001;4,3
29.07.2025 14:00:04;0,057596;0,114396;4,041645;0,124004;1,06745;3,155215;53,299999;30,5
29.07.2025 14:05:05;0,04859;0,091522;1,464813;1,737875;0,000502;3,244982;54,299999;45,5
29.07.2025 14:10:06;0,012953;0,166985;0,84925;2,433326;0;3,436604;54,5;45,400002
29.07.2025 14:15:08;0,005134;0,51221;0,918013;2,430043;0;3,855219;54,5;45,299999
29.07.2025 14:20:10;0;1,203676;0,949208;2,470832;0;4,623534;54,700001;45,099998
29.07.2025 14:25:11;0,000057;1,662823;0,946704;2,472471;0;5,081998;55,200001;44,599998
29.07.2025 14:30:13;0;2,251288;0,902007;2,028651;0;5,181945;56,299999;21,6
29.07.2025 14:35:15;0;3,541909;0,73512;0,361694;0,012914;4,626081;54,5;-0,3
29.07.2025 14:40:17;0;2,373702;0,553318;0;0,001864;2,925019;54;0
29.07.2025 14:45:19;0;3,181761;0,580238;0;0;3,761726;53,799999;0
29.07.2025 14:50:20;0;3,935642;0,650694;0;0;4,586518;53,700001;0
29.07.2025 14:55:21;0;4,278189;0,748786;0;0;5,026884;53,700001;0
29.07.2025 15:00:23;0;4,426726;0,781503;0;0;5,20832;53,700001;0
29.07.2025 15:05:26;0,005813;1,528387;1,7434;0;0,080403;3,185491;53,400002;-6,5
29.07.2025 15:10:27;0,007497;0,023633;2,385329;0;0,134683;2,266797;53,299999;0
29.07.2025 15:15:29;0,015573;0,416807;1,933976;0;0,076577;2,258745;53,299999;0
29.07.2025 15:20:31;0;2,918198;0,760494;0;0;3,678601;53,400002;0
29.07.2025 15:25:34;0;1,807396;0,692628;0;0;2,499843;53,400002;0
29.07.2025 15:30:35;0;1,571209;0,628794;0;0;2,200186;53,400002;0
29.07.2025 15:35:38;0,003158;1,262159;0,804123;0;0,044689;2,01833;53,200001;-7,5
29.07.2025 15:40:40;0,012008;0,133418;2,428179;0;0,26138;2,288212;53,099998;0
29.07.2025 15:45:40;0;3,411896;1,736847;0;0;5,148926;53,200001;0
29.07.2025 15:50:42;0;4,674646;0,767588;0;0;5,442052;53,200001;0
29.07.2025 15:55:43;0;3,976522;1,194718;0;0;5,171239;53,299999;0
29.07.2025 16:00:45;0;2,551684;1,711794;0;0;4,26375;53,299999;0
29.07.2025 16:05:47;0;2,116323;2,330684;0;0;4,446734;53,299999;0
29.07.2025 16:10:49;0;2,869269;1,453597;0;0;4,322865;53,299999;0
29.07.2025 16:15:51;0;3,147747;1,055979;0;0;4,203908;53,299999;0
29.07.2025 16:20:53;0;3,640858;0,662272;0;0;4,303039;53,299999;0
29.07.2025 16:25:55;0;3,252608;0,755128;0;0;4,007827;53,299999;0
29.07.2025 16:30:57;0;2,674552;0,723934;0;0;3,398486;53,299999;0
29.07.2025 16:35:59;0;2,018374;0,705108;0;0;2,723482;53,299999;0
29.07.2025 16:41:02;0;1,450975;0,676946;0;0;2,127831;53,299999;0
29.07.2025 16:46:03;0;1,719488;0,62487;0;0;2,344358;53,299999;0
29.07.2025 16:51:06;0;1,430851;0,573428;0;0;2,00437;53,299999;0
29.07.2025 16:56:08;0;4,088497;0,656542;0;0;4,744857;53,299999;0
29.07.2025 17:01:10;0;2,86172;0,661453;0;0;3,523446;53,299999;0
29.07.2025 17:06:11;0;2,0134;0,751067;0;0;2,764284;53,299999;0
29.07.2025 17:11:13;0;3,680693;0,777774;0;0;4,458558;53,299999;0
29.07.2025 17:16:15;0;4,202271;0,769316;0;0;4,971495;53,299999;0
29.07.2025 17:21:17;0;3,975723;0,745033;0;0;4,720847;53,299999;0
29.07.2025 17:26:20;0;1,292435;0,681751;0;0;1,974095;53,299999;0
29.07.2025 17:31:21;0;0,550685;0,570669;0;0;1,121445;53,299999;0
29.07.2025 17:36:22;0;0,357147;0,507068;0;0;0,863941;53,299999;0
29.07.2025 17:41:24;0,001752;0,127143;0,510482;0;0,000591;0,635534;53,299999;0
29.07.2025 17:46:26;0,021422;0,027739;0,438998;0;0;0,445274;53,299999;0
29.07.2025 17:51:27;0,01802;0,024728;0,616475;0;0,268408;0,354774;53;-5
29.07.2025 17:56:29;0,009392;0,020918;0,625439;0;0,204629;0,432359;53;-4
29.07.2025 18:01:32;0,000163;0,029641;0,588566;0;0,236677;0,381258;53;-3,2
29.07.2025 18:06:33;0,006785;0,029747;0,527508;0;0,043891;0,506612;53,099998;0
29.07.2025 18:11:33;0,003575;0,060333;0,5354;0,211624;0;0,803833;53,400002;11,2
29.07.2025 18:16:36;0,000276;0,052756;0,481694;1,196893;0;1,730981;55,799999;43,799999
29.07.2025 18:21:38;0;2,140879;0,445365;0,491611;0,004365;3,073443;54,700001;0
29.07.2025 18:26:39;0;0,522581;0,477869;0;0;1,000632;54,200001;0
29.07.2025 18:31:41;0,005303;0,148606;0,594153;0;0,006321;0,731027;54;0
29.07.2025 18:36:44;0,020132;0,017313;0,684379;0;0,144898;0,536626;53,5;-4,7
29.07.2025 18:41:45;0,021201;0,017155;0,714568;0;0,249063;0,461353;53,200001;-2,5
29.07.2025 18:46:48;0,020318;0,109773;0,651022;0;0,028826;0,711936;53,299999;0
29.07.2025 18:51:48;0;0,604523;0,557098;0;0;1,161438;53,299999;0
29.07.2025 18:56:50;0;0,977492;0,46128;0;0;1,438954;53,400002;0
29.07.2025 19:01:52;0;1,660409;0,532946;0;0;2,193264;53,400002;0
29.07.2025 19:06:53;0;1,731259;0,563734;0;0;2,294902;53,400002;0
29.07.2025 19:11:56;0;1,663631;0,634705;0;0;2,298427;53,400002;0
29.07.2025 19:16:57;0,000555;1,295821;0,789391;0;0;2,084665;53,400002;0
29.07.2025 19:21:59;0,000001;0,679643;1,22523;0;0;1,904964;53,400002;0
29.07.2025 19:27:02;0;0,430298;1,193177;0;0;1,623475;53,400002;0
29.07.2025 19:32:04;0,00917;0,099768;1,62594;0;0,412397;1,30399;53;0
29.07.2025 19:37:05;0,021214;0,019345;1,322831;0;0,229353;1,091698;52,799999;-21,9
29.07.2025 19:42:07;0,001864;0,032468;1,534448;0;0,633305;0,931655;52,900002;-7
29.07.2025 19:47:10;0,000484;0,03091;1,03799;0,050263;0,283723;0,835033;53,099998;3
29.07.2025 19:52:13;0,000061;0,034355;0,622921;0,097037;0;0,754358;53,099998;0
29.07.2025 19:57:13;0,019655;0,055481;0,665771;0;0,026596;0,674744;53,099998;0
29.07.2025 20:02:14;0,014946;0,013322;0,63947;0;0,038735;0,599138;53,200001;0
29.07.2025 20:07:15;0,012477;0,022447;0,667666;0;0,144446;0,533257;53,099998;-3,6
29.07.2025 20:12:15;0,002495;0,024261;0,664856;0;0,2276;0,459045;53;-4,6
29.07.2025 20:17:16;0,004055;0,029017;0,731175;0;0,361937;0,394194;52,900002;-4,5
29.07.2025 20:22:17;0,017008;0,026553;0,86823;0;0,54553;0,332327;52,400002;-68,400002
29.07.2025 20:27:20;0,034661;0,068166;3,136361;0;2,922345;0,247464;52,5;-53,200001
29.07.2025 20:32:21;0;0,05338;2,196262;0;2,166195;0,083401;52,700001;-30
29.07.2025 20:37:23;0,006461;0,053749;1,674597;0;1,6831;0,038925;52,599998;-35,299999
29.07.2025 20:42:23;0,001021;0,04541;1,946228;0;1,976166;0,014465;52,599998;-38,700001
29.07.2025 20:47:25;0,001567;0,041835;1,366652;0;1,399393;0,007458;52,799999;-16,9
29.07.2025 20:52:27;0,001505;0,032468;0,810878;0;0,840572;0,001091;52,900002;-15,7
29.07.2025 20:57:29;0,001185;0,031922;0,747489;0;0,778183;0,000182;52,900002;-13,7
29.07.2025 21:02:32;0,003504;0,032905;0,717918;0;0,747288;0;52,900002;-13,7
29.07.2025 21:07:34;0,000504;0,026465;0,687919;0;0,713884;0;52,900002;-13,3
29.07.2025 21:12:33;0,004269;0,028384;0,701802;0;0,725869;0;52,900002;-15
29.07.2025 21:17:36;0,004599;0,031998;0,475712;0;0,503223;0;53;-9,2
29.07.2025 21:22:37;0,008971;0,044529;0,519569;0;0,555065;0;52,900002;-10,7
29.07.2025 21:27:40;0,003392;0,028826;0,477162;0;0,502543;0;53;-9
29.07.2025 21:32:41;0,001473;0,032758;0,472394;0;0,503646;0;53;-10,2
29.07.2025 21:37:43;0,000051;0,031831;0,501115;0;0,532946;0;52,900002;-10
29.07.2025 21:42:46;0,001592;0,030095;0,523573;0;0,552081;0;52,900002;-10,1
29.07.2025 21:47:47;0,00004;0,034401;0,397753;0;0,432062;0;53;-6,7
29.07.2025 21:52:49;0,002257;0,033468;0,355055;0;0,38634;0;53;-7,7
29.07.2025 21:57:51;0;0,027648;0,339776;0;0,367333;0,000182;53;-6,9
29.07.2025 22:02:53;0,034676;0,058933;1,047521;0;1,071667;0;52,900002;-10,5
29.07.2025 22:07:56;0,002609;0,031001;0,524661;0;0,553214;0;52,900002;-10,3
29.07.2025 22:12:58;0,00045;0,028011;0,518758;0;0,54627;0;52,900002;-10,3
29.07.2025 22:17:59;0;0,026006;0,509806;0;0,535766;0;52,900002;-10,1
29.07.2025 22:23:01;0,000789;0,025647;0,517667;0;0,542541;0;52,900002;-9,7
29.07.2025 22:28:04;0,000775;0,024203;0,452053;0;0,47553;0;53;-7
29.07.2025 22:33:05;0,00008;0,024272;0,353497;0;0,377587;0;53;-7,5
29.07.2025 22:38:07;0,000217;0,029739;0,398618;0;0,42813;0;53;-8,1
29.07.2025 22:43:10;0,00046;0,027285;0,404917;0;0,431658;0;53;-8,1
29.07.2025 22:48:12;0,006405;0,031286;0,475468;0;0,500387;0;52,900002;-9,8
29.07.2025 22:53:14;0;0,027193;0,43145;0;0,458688;0;53;-8,3
29.07.2025 22:58:15;0,005389;0,026462;0,442556;0;0,463588;0;52,900002;-9,6
29.07.2025 23:03:15;0,003795;0,035889;0,608917;0;0,641006;0;52,900002;-11,2
29.07.2025 23:08:17;0;0,02883;0,551317;0;0,580147;0;52,900002;-10,9
29.07.2025 23:13:19;0,000202;0,029012;0,403075;0;0,43195;0;53;-5,6
29.07.2025 23:18:19;0,000209;0,027191;0,28418;0;0,31105;0;53;-6,1
29.07.2025 23:23:22;0;0,023387;0,239941;0;0,263327;0;53;-4,7
29.07.2025 23:28:24;0,001857;0,024828;0,229094;0;0,252149;0;53;-4,7
29.07.2025 23:33:25;0,00498;0,030751;0,348661;0;0,374393;0;53;-7,3
29.07.2025 23:38:26;0;0,027283;0,357603;0;0,384795;0,000182;53;-7,3
29.07.2025 23:43:28;0,00004;0,025647;0,349325;0;0,374927;0;53;-7
29.07.2025 23:48:30;0,003325;0,021554;0,301487;0;0,319677;0;53;-5,9
29.07.2025 23:53:33;0,000932;0,021846;0,270398;0;0,291292;0;53;-5,5
29.07.2025 23:58:34;0;0,02774;0,173007;0;0,200884;0;53;-3,4
30.07.2025 00:03:36;0,002002;0,025283;0,168797;0;0,192079;0;53;-3,8
30.07.2025 00:08:38;0;0,025192;0,173071;0;0,198172;0;53;-3,8
30.07.2025 00:13:40;0,006605;0,030285;0,217271;0;0,240963;0;53;-6,1
30.07.2025 00:18:41;0;0,026827;0,295463;0;0,322199;0,000182;53;-6
30.07.2025 00:23:44;0,000911;0,030548;0,312458;0;0,342054;0;53;-7,2
30.07.2025 00:28:45;0,004004;0,028378;0,342547;0;0,366911;0;53;-7
30.07.2025 00:33:48;0,002841;0,034355;0,323426;0;0,35488;0;53;-6,8
30.07.2025 00:38:49;0;0,026097;0,24993;0;0,276027;0;53;-3,6
30.07.2025 00:43:52;0,001674;0,024293;0,172409;0;0,195116;0;53;-4,2
30.07.2025 00:48:54;0,004118;0,027193;0,16716;0;0,190078;0;53;-3,7
30.07.2025 00:53:55;0,016681;0,032119;0,194086;0;0,209552;0;53;-6,4
30.07.2025 00:58:57;0,011721;0,020463;0,315129;0;0,323906;0;53;-5,7
30.07.2025 01:03:59;0,006452;0,042745;0,427175;0;0,463554;0;52,900002;-8,6
30.07.2025 01:09:01;0,00977;0,025829;0,441454;0;0,457506;0;52,900002;-9
30.07.2025 01:14:02;0,003184;0,026736;0,413721;0;0,437263;0;52,900002;-7,9
30.07.2025 01:19:04;0,000387;0,027102;0,379974;0;0,406712;0;52,900002;-7,3
30.07.2025 01:24:06;0,000252;0,022646;0,281752;0;0,304034;0;53;-6,1
30.07.2025 01:29:08;0,005754;0,024919;0,202265;0;0,221455;0;53;-3,4
30.07.2025 01:34:09;0,000017;0,025185;0,165799;0;0,190892;0;53;-3,8
30.07.2025 01:39:11;0,004124;0,023919;0,182802;0;0,202356;0;53;-6,5
30.07.2025 01:44:14;0,003946;0,021121;0,302849;0;0,320072;0;53;-6
30.07.2025 01:49:15;0,00196;0,028105;0,301759;0;0,327856;0,000182;52,900002;-7,1
30.07.2025 01:54:17;0,000168;0,028648;0,341777;0;0,370152;0;52,900002;-7
30.07.2025 01:59:20;0;0,026287;0,338383;0;0,364715;0;52,900002;-6,8
30.07.2025 02:04:22;0,000085;0,028284;0,299941;0;0,328135;0;53;-4,6
30.07.2025 02:09:22;0,000177;0,022247;0,174225;0;0,196198;0;53;-3,6
30.07.2025 02:14:24;0,00026;0,024192;0,170615;0;0,19458;0;53;-3,7
30.07.2025 02:19:25;0;0,024637;0,169722;0;0,194405;0;53;-3,6
30.07.2025 02:24:27;0,005785;0,030649;0,261107;0;0,285981;0;53;-5,6
30.07.2025 02:29:29;0;0,025283;0,285845;0;0,310946;0,000182;53;-6
30.07.2025 02:34:31;0;0,027193;0,287482;0;0,31472;0;53;-5,6
30.07.2025 02:39:34;0,00162;0,02384;0,320797;0;0,343005;0;52,900002;-6,9
30.07.2025 02:44:36;0;0,025556;0,332318;0;0,357874;0;53;-4,8
30.07.2025 02:49:37;0;0,021078;0,230403;0;0,251435;0;53;-4,8
30.07.2025 02:54:39;0;0,021009;0,226548;0;0,247647;0;53;-4,6
30.07.2025 02:59:41;0,001046;0,026738;0,172707;0;0,198309;0;53;-3,7
30.07.2025 03:04:43;0,009601;0,030831;0,331954;0;0,353281;0;52,900002;-7,7
30.07.2025 03:09:45;0,000055;0,027102;0,379974;0;0,40694;0;52,900002;-7,6
30.07.2025 03:14:47;0,000018;0,027466;0,370789;0;0,398163;0;52,900002;-7,2
30.07.2025 03:19:49;0,001884;0,031286;0,372244;0;0,40171;0;52,900002;-8,4
30.07.2025 03:24:50;0,000222;0,021261;0,415272;0;0,436442;0;52,900002;-8
30.07.2025 03:29:52;0,00005;0,023646;0,339594;0;0,363104;0;52,900002;-4,2
30.07.2025 03:34:54;0,003263;0,019281;0,208995;0;0,224956;0;53;-4,2
30.07.2025 03:39:55;0,001068;0,02336;0,16297;0;0,185189;0;53;-3,4
30.07.2025 03:44:56;0,002037;0,023177;0,158864;0;0,18017;0;53;-3,6
30.07.2025 03:49:58;0,008695;0,026738;0,211723;0;0,22964;0;52,900002;-5,6
30.07.2025 03:54:58;0,000001;0,030029;0,265411;0;0,295532;0;52,900002;-5,5
30.07.2025 04:00:01;0,004075;0,027828;0,269219;0;0,292787;0;52,900002;-5,5
30.07.2025 04:05:03;0,001626;0,024192;0,264381;0;0,287118;0;52,900002;-5,5
30.07.2025 04:10:05;0,002477;0,034378;0,252467;0;0,284344;0;52,900002;-1,7
30.07.2025 04:15:07;0,009029;0,029194;0,203265;0;0,223455;0;53;-3,7
30.07.2025 04:20:08;0,002806;0,027922;0,18341;0;0,208412;0;53;-3,5
30.07.2025 04:25:08;0,000082;0,02655;0,231354;0;0,257996;0;52,900002;-4,7
30.07.2025 04:30:10;0,003571;0,028739;0,244646;0;0,269747;0;52,900002;-7,5
30.07.2025 04:35:13;0,000293;0,02946;0,361135;0;0,390142;0;52,900002;-7,5
30.07.2025 04:40:15;0,000074;0,027375;0,31422;0;0,341549;0;52,900002;-5,8
30.07.2025 04:45:17;0,001148;0,028739;0,278023;0;0,305671;0;52,900002;-5,6
30.07.2025 04:50:19;0,010837;0,023464;0,288118;0;0,300714;0;52,900002;-5,3
30.07.2025 04:55:20;0,008596;0,032028;0,25066;0;0,273974;0,000182;52,900002;-4,5
30.07.2025 05:00:23;0,007389;0,021211;0,21882;0;0,232734;0;52,900002;-4,5
30.07.2025 05:05:23;0,005789;0,033234;0,275482;0;0,302719;0;52,900002;-6,2
30.07.2025 05:10:24;0,007224;0,028926;0,32156;0;0,34346;0;52,900002;-7,7
30.07.2025 05:15:26;0,000261;0,027193;0,365787;0;0,392707;0;52,900002;-7,3
30.07.2025 05:20:28;0,000172;0,024828;0,378701;0;0,403211;0;52,799999;-7
30.07.2025 05:25:30;0,000604;0,030922;0,347324;0;0,377655;0;52,799999;-7,4
30.07.2025 05:30:33;0,000228;0,024837;0,304662;0;0,329318;0;52,900002;-6,5
30.07.2025 05:35:33;0,001991;0,029388;0,333893;0;0,36113;0;52,799999;-6,8
30.07.2025 05:40:34;0,001806;0,035587;0,2273;0;0,261199;0;52,900002;-4,1
30.07.2025 05:45:37;0,004844;0,031817;0,925589;0;0,952466;0,000181;52,299999;-33,900002
30.07.2025 05:50:38;0,002968;0,042613;1,955001;0;1,994648;0;51,799999;-71
30.07.2025 05:55:38;0,880754;0,000183;4,691895;0;3,811295;0;51,599998;-73,699997
30.07.2025 06:00:40;1,409557;0;5,208502;0;3,798969;0;51,599998;-73,699997
30.07.2025 06:05:43;1,421661;0;5,218868;0;3,797172;0;51,5;-73,800003
30.07.2025 06:10:44;0,264789;0,026736;3,952888;0;3,706015;0,00876;51,5;-74
30.07.2025 06:15:46;0,015174;0,063299;2,902828;0;2,928475;0,022373;51,700001;-49,799999
30.07.2025 06:20:48;0,000284;0,05384;1,899416;0;1,913013;0,040198;52;-26,1
30.07.2025 06:25:50;0;0,040926;1,397665;0;1,373427;0,065118;52;-27,4
30.07.2025 06:30:53;0,000091;0,044145;0,906644;0;0,867757;0,082851;52,299999;-5,4
30.07.2025 06:35:54;0,005007;0,028743;0,342365;0;0,266948;0,099096;52,299999;-5,2
30.07.2025 06:40:57;0,000261;0,027375;0,402832;0;0,326599;0,103337;52,299999;-6,1
30.07.2025 06:45:58;0,002447;0,034674;0,376857;0;0,283783;0,125376;52,299999;-4,7
30.07.2025 06:51:00;0,002348;0,026465;0,62944;0;0,480106;0,173526;52,200001;-13
30.07.2025 06:56:02;0,006605;0,027648;0,55732;0;0,329681;0,248648;52,299999;-11
30.07.2025 07:01:04;0,007961;0,03938;0,361876;0,030558;0,061207;0,362694;52,400002;0
30.07.2025 07:06:06;0,000139;0,053749;0,319768;0,118185;0,000045;0,491474;52,5;3,5
30.07.2025 07:11:09;0,000071;0,024656;0,362223;0,236405;0;0,623284;52,599998;6,2
30.07.2025 07:16:10;0,006022;0,034948;0,370195;0,351125;0,00438;0,745683;52,599998;5,1
30.07.2025 07:21:13;0,005272;0,03653;1,257717;0,02316;0,622332;0,689999;52,5;3,1
30.07.2025 07:26:14;0,007189;0,033123;0,531249;0,186147;0,039191;0,703891;52,599998;5,1
30.07.2025 07:31:16;0,025388;0,057387;1,716705;0,099996;1,146698;0,702288;51,700001;-54,700001
30.07.2025 07:36:18;0,026036;0,063299;1,623848;0,09895;1,088538;0,671185;52,5;5,3
30.07.2025 07:41:20;0,002836;0,030376;0,31522;0,353099;0;0,695922;52,599998;9,1
30.07.2025 07:46:22;0,002794;0,024828;0,265564;0,560412;0;0,848166;52,700001;11,8
30.07.2025 07:51:24;0;0,027102;0,287573;0,654496;0;0,969307;52,799999;11,9
30.07.2025 07:56:26;0,007466;0,032377;0,290938;0,55923;0,002683;0,872358;52,700001;7,5
30.07.2025 08:01:29;0,000354;0,025018;0,407092;0,506531;0;0,938189;52,799999;8,4
30.07.2025 08:06:30;0,000006;0,028378;0,370287;0,478462;0;0,877081;52,799999;10,1
30.07.2025 08:11:33;0,001524;0,024746;0,344365;0,625142;0;0,992758;52,900002;14,6
30.07.2025 08:16:35;0,004127;0,026193;0,357601;0,859171;0;1,238508;53;19,799999
30.07.2025 08:21:37;0,008276;0,03365;0,263017;1,120505;0;1,409124;53,099998;22
30.07.2025 08:26:39;0,003464;0,039016;0,239826;1,277797;0;1,553365;53,200001;24,700001
30.07.2025 08:31:40;0,001249;0,028287;0,254766;1,441864;0;1,723321;53,299999;26,700001
30.07.2025 08:36:40;0,010157;0,031128;0,513519;1,079269;0;1,614075;53,200001;17
30.07.2025 08:41:42;0,00384;0,030558;0,607795;0,788778;0;1,42313;53,099998;15,3
30.07.2025 08:46:42;0,004191;0,028198;0,522308;0,86586;0;1,412292;53,200001;16,6
30.07.2025 08:51:44;0,011675;0,01919;0,51603;0,858671;0;1,382204;53,200001;15,5
30.07.2025 08:56:44;0,00973;0,038818;0,477448;0,874786;0,000183;1,380981;53,200001;17,700001
30.07.2025 09:01:46;0,0032;0,024192;0,463554;0,962122;0,000045;1,446594;53,299999;18,4
30.07.2025 09:06:47;0,001543;0,022903;0,444381;1,066787;0;1,532429;53,400002;21,6
30.07.2025 09:11:49;0,00301;0,030649;0,465191;1,195491;0;1,688511;53,400002;22,6
30.07.2025 09:16:51;0,009637;0,028193;0,60634;1,145197;0;1,770181;53,5;22,4
30.07.2025 09:21:52;0,000262;0,026188;0,569209;1,293449;0;1,888663;53,599998;28,4
30.07.2025 09:26:53;0,003787;0,032667;0,555886;1,765112;0;2,349651;53,799999;30,4
30.07.2025 09:31:55;0,000009;0,02783;0,489837;1,272431;0;1,790189;53,700001;17,299999
30.07.2025 09:36:57;0,000136;0,024192;0,435633;0,709655;0;1,169207;53,599998;10,2
30.07.2025 09:41:58;0,000205;0,02993;0,346106;0,519569;0;0,895513;53,599998;8,8
30.07.2025 09:47:00;0,000196;0,03174;0,326498;0,668183;0;1,026239;53,700001;17,4
30.07.2025 09:52:00;0,000655;0,030945;0,342041;1,127838;0;1,500183;53,900002;21,5
30.07.2025 09:57:02;0,00665;0,03265;0,424902;0,984859;0,000045;1,43568;53,700001;13,2
30.07.2025 10:02:04;0,002913;0,02883;0,575509;0,548043;0;1,149563;53,599998;9,3
30.07.2025 10:07:06;0,000145;0,03074;0,579783;0,723752;0;1,334002;53,799999;18,6
30.07.2025 10:12:08;0,000006;0,030285;0,590515;1,190398;0;1,811289;53,900002;24,9
30.07.2025 10:17:10;0,000438;0,027375;0,560048;1,47124;0;2,058118;54;27,5
30.07.2025 10:22:11;0,000088;0,028926;0,477504;1,421379;0;1,9279;53,900002;24,700001
30.07.2025 10:27:13;0,00006;0,030922;0,427994;1,297987;0;1,756721;53,900002;23,6
30.07.2025 10:32:14;0,000448;0,02847;0,427226;1,190703;0;1,645942;53,900002;20,200001
30.07.2025 10:37:16;0,005053;0,036924;0,431541;1,121551;0,000546;1,584469;53,900002;20,4
30.07.2025 10:42:18;0,00004;0,777774;0,505298;0,570234;0,010322;1,842756;53,700001;20,9
30.07.2025 10:47:20;0,001884;0,035742;0,624256;1,5721;0;2,23037;54;32,5
30.07.2025 10:52:23;0,012285;0,038253;0,63398;1,595646;0;2,255461;54;27,799999
30.07.2025 10:57:24;0,005481;0,026097;0,730901;1,665195;0;2,41681;54;31,9
30.07.2025 11:02:25;0,001557;0,084952;0,742307;1,984474;0;2,810091;54,200001;45,700001
30.07.2025 11:07:27;0,00054;0,341777;0,59197;2,402623;0;3,335915;54,099998;41,799999
30.07.2025 11:12:29;0,002907;0,168615;0,573053;2,387435;0;3,126192;54,099998;38,299999
30.07.2025 11:17:30;0,002723;0,027192;0,535355;1,853259;0;2,41316;54;30,700001
30.07.2025 11:22:33;0,008662;0,046773;0,481876;1,626738;0,000045;2,146504;53,799999;0
30.07.2025 11:29:04;0;1,208004;0,181373;0;0,009202;0,749515;53,5;1,5
30.07.2025 11:34:04;0,006423;0,07663;0,608276;1,423737;0;2,102234;54;33,799999
30.07.2025 11:39:05;0,007961;0,099826;0,666662;1,991135;0;2,749684;53,799999;0
30.07.2025 12:46:45;1,407303;0,00458;1,899467;0,027398;0,081914;0,447896;53,599998;13,5
30.07.2025 12:56:19;0,023427;0,217956;0,465005;0,089049;0,12118;0,627407;53,200001;-34,400002
30.07.2025 13:01:17;0,115287;0,193643;2,26464;0,466919;0,872961;1,936801;53,400002;21,299999
30.07.2025 13:06:20;0,133811;0,17105;1,850362;0,741849;0,544104;2,085408;53,299999;-30,5
30.07.2025 13:11:21;0,124466;0,155396;0,965775;0,694675;0,176931;1,512719;53,700001;15,1
30.07.2025 13:16:21;0,009484;0,035065;0,461792;0,857758;0,000046;1,345093;53,900002;19,1
30.07.2025 13:21:21;0,002409;0,036987;0,402191;1,152832;0;1,589722;54,099998;27,1
30.07.2025 13:26:23;0,01346;0,029376;0,453277;1,603204;0;2,072123;54,099998;29,1
30.07.2025 13:31:24;0,01158;0,035587;0,508072;1,779895;0;2,312239;54,200001;33,099998
30.07.2025 13:36:24;0,001299;0,023987;0,525421;1,771637;0;2,31958;54,200001;33,400002
30.07.2025 13:41:26;0,003288;0,044746;0,501206;1,821111;0;2,363698;54,299999;37,400002
30.07.2025 13:46:28;0,000421;0,099495;0,582967;2,369063;0;3,051253;54,400002;44,299999
30.07.2025 13:51:30;0,0081;0,025101;0,592152;2,23037;0;2,839711;54,299999;38
30.07.2025 13:56:32;0,006861;0,032923;0,548498;1,982905;0;2,557232;54,400002;37,200001
30.07.2025 14:01:31;0,020513;0,049328;0,781536;1,668434;0;2,478721;54,299999;30
30.07.2025 14:06:34;0,000601;0,038615;0,407908;1,178855;0;1,624744;54,099998;18
30.07.2025 14:11:35;0,006966;0,043982;0,373298;1,012312;0;1,422748;54,099998;19,299999
30.07.2025 14:16:38;0,007719;0,032995;0,460392;1,058205;0;1,544069;54,200001;19,799999
30.07.2025 14:21:40;0,003482;0,044018;0,495658;1,497888;0;2,033926;54,700001;32,200001
30.07.2025 14:26:42;0,000111;0,201537;0,58333;2,241102;0;3,025606;56,099998;32,099998
30.07.2025 14:31:44;0;2,228824;0,473649;0,846075;0,006866;3,541999;54,900002;-0,3
30.07.2025 14:36:46;0;2,867177;0,323133;0;0,00432;3,185853;54,099998;0
30.07.2025 14:41:48;0;1,926791;0,242827;0;0;2,169618;53,900002;0
30.07.2025 14:46:50;0;2,179258;0,233096;0;0;2,412263;53,799999;0
30.07.2025 14:51:52;0;2,764317;0,353236;0;0;3,117643;53,700001;0
30.07.2025 14:56:54;0;2,382705;0,443819;0;0;2,826615;53,700001;0
30.07.2025 15:01:56;0;1,640401;0,430268;0;0;2,070486;53,599998;0
30.07.2025 15:06:57;0;1,126464;0,42604;0;0;1,552686;53,599998;0
30.07.2025 15:12:00;0;1,027566;0,419058;0;0;1,446533;53,599998;0
30.07.2025 15:17:03;0;0,712389;0,353883;0;0;1,066363;53,599998;0
30.07.2025 15:22:05;0,001526;0,360148;0,293848;0;0,000182;0,652268;53,5;0
30.07.2025 15:27:06;0;0,239892;0,319735;0;0;0,559719;53,5;0
30.07.2025 15:32:08;0,00746;0,039744;0,323769;0;0;0,355964;53,5;0
30.07.2025 15:37:10;0;0,635079;0,354782;0;0;0,989861;53,5;0
30.07.2025 15:42:12;0;2,30531;0,371789;0;0;2,677099;53,5;0
30.07.2025 15:47:11;0;2,218577;0,354484;0;0;2,572969;53,5;0
30.07.2025 15:52:14;0;2,214942;0,354427;0;0;2,569459;53,5;0
30.07.2025 15:57:15;0;3,016495;0,404322;0;0;3,420726;53,5;0
30.07.2025 16:02:16;0;3,437607;0,317728;0;0;3,755426;53,5;0
30.07.2025 16:07:18;0;2,742398;0,285572;0;0;3,027788;53,5;0
30.07.2025 16:12:21;0,924833;0,204135;2,503485;0;0,136921;1,655745;53,200001;-3,5
30.07.2025 16:17:22;0,403128;0,004654;2,055916;0;0,244637;1,420923;53;-6
30.07.2025 16:22:24;0,000799;0,756583;0,436108;0;0,00341;1,173936;53,200001;0
30.07.2025 16:27:25;0;1,391358;0,41655;0;0;1,807999;53,200001;0
30.07.2025 16:32:28;0,140471;0,800407;1,044533;0;0,099892;1,614229;53,200001;0
30.07.2025 16:37:30;0,002117;1,386024;0,357238;0;0;1,74126;53,200001;0
30.07.2025 16:42:31;0,006447;0,991233;0,605617;0;0,058399;1,532064;53,200001;0
30.07.2025 16:47:31;0;1,213715;0,442566;0;0;1,656189;53,200001;0
30.07.2025 16:52:34;0;0,83594;0,492572;0;0;1,328512;53,200001;0
30.07.2025 16:57:36;0;0,74858;0,489837;0;0;1,238508;53,200001;0
30.07.2025 17:02:38;0;0,725298;0,300851;0;0;1,026058;53,200001;0
30.07.2025 17:07:39;0;0,660001;0,21197;0;0;0,871789;53,200001;0
30.07.2025 17:12:42;0;0,798775;0,145215;0;0;0,944172;53,200001;0
30.07.2025 17:17:44;0;0,853623;0,18935;0;0;1,042974;53,200001;0
30.07.2025 17:22:46;0,000608;0,647175;0,350417;0;0,000728;0,996227;53,200001;0
30.07.2025 17:27:48;0;0,516849;0,312947;0;0;0,829795;53,299999;0
30.07.2025 17:32:50;0;0,617253;0,299123;0;0;0,916376;53,299999;0
30.07.2025 17:37:52;0;1,015599;0,234369;0;0;1,249968;53,299999;0
30.07.2025 17:42:54;0;1,17139;0,23446;0;0;1,40585;53,299999;0
30.07.2025 17:47:56;0;0,973127;0,239098;0;0;1,212316;53,299999;0
30.07.2025 17:52:58;0;0,406803;0,244282;0;0;0,650995;53,299999;0
30.07.2025 17:58:00;0;0,395617;0,14988;0;0;0,545679;53,299999;0
30.07.2025 18:03:02;0;0,553682;0,134419;0;0;0,687919;53,299999;0
30.07.2025 18:08:04;0;0,432632;0,127052;0;0;0,559502;53,299999;0
30.07.2025 18:13:06;0,001791;0,466009;0,146697;0;0,002774;0,608432;53,200001;0
30.07.2025 18:18:08;0;0,411624;0,247647;0;0;0,658998;53,200001;0
30.07.2025 18:23:09;0;0,491374;0,241352;0;0;0,732909;53,200001;0
30.07.2025 18:28:12;0,001804;0,67604;0,370109;0;0,012872;1,031373;53,200001;-7,6
30.07.2025 18:33:13;0,000063;0,02409;1,901073;0;0,533074;1,392088;52,900002;-9,4
30.07.2025 18:38:16;0,008753;0,045142;2,428504;0,043057;0,662987;1,845014;53;1,6
30.07.2025 18:43:17;0,012116;0,044073;4,25848;0,002555;2,339933;1,953084;52,400002;-60,799999
30.07.2025 18:48:21;0;0,0571;3,809437;0;2,520215;1,346367;52,700001;-32,799999
30.07.2025 18:53:22;0,001477;0,044529;0,492834;0,74103;0,042339;1,234411;53,200001;16,700001
30.07.2025 18:58:21;0,002434;0,033253;0,3701;1,357859;0;1,758915;53,5;29,299999
30.07.2025 19:03:24;0,000589;0,020214;0,28898;0,797778;0;1,106428;53,400002;9,8
30.07.2025 19:08:26;0;0,025829;0,227548;0,432814;0;0,6861;53,400002;7,7
30.07.2025 19:13:28;0,006361;0,030376;0,289482;0,362603;0,002592;0,673549;53,400002;5,7
30.07.2025 19:18:29;0;0,02336;0,342;0,325757;0;0,691117;53,400002;6,8
30.07.2025 19:23:32;0;0,026831;0,335482;0,386425;0;0,748557;53,5;7,9
30.07.2025 19:28:34;0;0,027921;0,341231;0,490838;0;0,860171;53,599998;8,5
30.07.2025 19:33:35;0,000145;0,042522;0,331324;0,764754;0;1,138417;54;18,4
30.07.2025 19:38:37;0,003018;0,027739;0,351144;0,948116;0;1,323998;54,700001;15,5
30.07.2025 19:43:40;0;0,022934;0,378176;0,453413;0;0,854613;55,400002;7,9
30.07.2025 19:48:39;0,000144;0,025169;0,346767;0,360454;0;0,732116;56,200001;9,5
30.07.2025 19:53:42;0,000003;0,54415;0,197065;0,045323;0,001632;0,784634;54,900002;0
30.07.2025 19:58:43;0;0,342273;0,148918;0;0;0,4911;54,5;0
30.07.2025 20:03:46;0;0,506622;0,142677;0;0;0,649571;54,299999;0
30.07.2025 20:08:48;0,005275;0,243282;0,20272;0;0,004775;0,435997;54,099998;0
30.07.2025 20:13:49;0;0,036134;0,26599;0;0;0,302033;54;0
30.07.2025 20:18:51;0,022035;0;0,262835;0;0;0,240826;54;0
30.07.2025 20:23:54;0,00511;0,074602;0,274205;0;0,00077;0,342643;53,900002;0
30.07.2025 20:28:55;0,047637;0,02482;1,103651;0;0,775157;0,305865;52,400002;-72,400002
30.07.2025 20:33:57;0,005843;0,057296;2,650634;0;2,586471;0,115502;52,700001;-30,700001
30.07.2025 20:39:00;0,00377;0,056201;1,54008;0;1,501238;0,091371;52,700001;-29
30.07.2025 20:44:02;0,00251;0,042108;1,503708;0;1,492476;0,05093;52,700001;-24,9
30.07.2025 20:49:03;0,005104;0,033579;0,44803;0;0,463725;0,012592;53;-5,7
30.07.2025 20:54:05;0,001015;0,027284;0,277023;0;0,30317;0,000182;53;-5,5
30.07.2025 20:59:07;0,000182;0,027011;0,276841;0;0,30367;0;53;-5,7
30.07.2025 21:04:09;0,006483;0,030194;0,286208;0;0,309854;0;53;-6,6
30.07.2025 21:09:12;0,002263;0,027285;0,358143;0;0,383207;0;53;-7,7
30.07.2025 21:14:14;0,006005;0,026193;0,38434;0;0,40453;0;53;-7,9
30.07.2025 21:19:16;0,002717;0,026738;0,364422;0;0,388569;0;53;-7,2
30.07.2025 21:24:18;0,000071;0,037652;0,32095;0;0,358465;0;53;-6,1
30.07.2025 21:29:20;0;0,0231;0,30076;0;0,32386;0;53;-6,1
30.07.2025 21:34:22;0;0,0231;0,300851;0;0,323906;0;53;-6,1
30.07.2025 21:39:24;0,000037;0,020736;0,237552;0;0,258333;0;53;-3,8
30.07.2025 21:44:24;0,000031;0,026093;0,178619;0;0,204575;0;53,099998;-3,8
30.07.2025 21:49:25;0,005774;0,014052;0,196732;0;0,205036;0;53,099998;-3,9
30.07.2025 21:54:27;0,001691;0,017644;0,189987;0;0,205948;0;53,099998;-3,8
30.07.2025 21:59:29;0,005289;0,028739;0,321496;0;0,345005;0;53;-6,3
30.07.2025 22:04:31;0,000006;0,022464;0,307035;0;0,329362;0;53;-5,9
30.07.2025 22:09:33;0;0,022373;0,301487;0;0,323906;0;53;-6,1
30.07.2025 22:14:35;0,003368;0,026829;0,353236;0;0,376746;0;53;-7,3
30.07.2025 22:19:37;0;0,023646;0,361421;0;0,385022;0;53;-7,3
30.07.2025 22:24:39;0;0,024283;0,36033;0;0,384612;0;53;-7,2
30.07.2025 22:29:41;0,000233;0,021645;0,287845;0;0,309309;0;53;-4,7
30.07.2025 22:34:43;0,003956;0,024101;0,30458;0;0,324633;0;53;-6,7
30.07.2025 22:39:46;0,000011;0,025834;0,319437;0;0,345317;0;53;-6,3
30.07.2025 22:44:47;0,001021;0,023907;0,271008;0;0,293957;0;53;-4,2
30.07.2025 22:49:49;0,009609;0,030558;0,373517;0;0,394435;0;53;-7,5
30.07.2025 22:54:52;0,001173;0,026106;0,364942;0;0,38987;0;53;-7,4
30.07.2025 22:59:54;0,000043;0,026556;0,300032;0;0,326452;0;53;-5,8
30.07.2025 23:04:56;0,000469;0,020463;0,276113;0;0,296122;0;53;-4,5
30.07.2025 23:09:57;0,000299;0,021261;0,273746;0;0,294779;0;53;-5,5
30.07.2025 23:14:59;0,000006;0,019644;0,275022;0;0,294621;0;53;-5,5
30.07.2025 23:20:01;0;0,020918;0,26711;0;0,288118;0;53;-3,7
30.07.2025 23:25:01;0,013035;0,02298;0,168823;0;0,178665;0;53,099998;-3,6
30.07.2025 23:30:04;0,001595;0,035443;0,250909;0;0,284765;0;53;-6,3
30.07.2025 23:35:05;0,004511;0,019253;0,314534;0;0,329225;0;53;-4,8
30.07.2025 23:40:08;0,01505;0,028282;0,414707;0;0,428032;0;52,900002;-10,7
30.07.2025 23:45:09;0,009843;0,023907;0,530519;0;0,544617;0;52,900002;-8,6
30.07.2025 23:50:11;0,000776;0,036742;0,481379;0;0,517258;0;52,900002;-9,8
30.07.2025 23:55:14;0,003646;0,024203;0,43755;0;0,458217;0;52,900002;-8,3
31.07.2025 00:00:14;0,000813;0,023621;0,41629;0;0,439041;0;53;-6,5
31.07.2025 00:05:17;0,012979;0,039794;0,338111;0;0,364851;0;53;-7,3
31.07.2025 00:10:19;0,003169;0,024646;0,332955;0;0,354464;0;53;-4,9
31.07.2025 00:15:21;0,000011;0,01828;0,232641;0;0,250876;0;53;-4,8
31.07.2025 00:20:24;0,005569;0,021664;0,219455;0;0,235635;0;53;-3,6
31.07.2025 00:25:25;0,000405;0,021443;0,176657;0;0,19769;0;53;-3,8
31.07.2025 00:30:28;0,019293;0,031454;0,299677;0;0,311868;0;53;-8,2
31.07.2025 00:35:29;0,00008;0,025276;0,384795;0;0,409843;0;53;-7,6
31.07.2025 00:40:31;0,001344;0,022828;0,382703;0;0,404166;0;53;-7,5
31.07.2025 00:45:34;0,000108;0,025381;0,381983;0;0,407455;0;52,900002;-8,3
31.07.2025 00:50:35;0,000573;0,025276;0,368462;0;0,392916;0;53;-7,3
31.07.2025 00:55:35;0;0,023804;0,331329;0;0,35527;0;53;-5,6
31.07.2025 01:00:37;0,002723;0,021191;0,332955;0;0,351462;0;53;-7
31.07.2025 01:05:39;0;0,023464;0,298304;0;0,321678;0;53;-4,6
31.07.2025 01:10:41;0;0,022191;0,219181;0;0,241417;0;53;-4,5
31.07.2025 01:15:41;0;0,02179;0,19281;0;0,2146;0;53;-3,6
31.07.2025 01:20:43;0,000381;0,022282;0,162248;0;0,184121;0;53;-3,4
31.07.2025 01:25:45;0,006665;0,028375;0,247374;0;0,268974;0;53;-5,6
31.07.2025 01:30:47;0,000034;0,021463;0,271839;0;0,293302;0;53;-5,5
31.07.2025 01:35:49;0,00002;0,0211;0,272748;0;0,293939;0;53;-5,8
31.07.2025 01:40:50;0;0,022447;0,282871;0;0,305272;0;53;-5,6
31.07.2025 01:45:54;0,000426;0,021051;0,27782;0;0,298465;0;53;-5,6
31.07.2025 01:50:55;0;0,018888;0,278126;0;0,297014;0;53;-5,6
31.07.2025 01:55:57;0,003123;0,019826;0,232186;0;0,248875;0;53;-4,6
31.07.2025 02:00:59;0;0,019917;0,230276;0;0,250148;0;53;-4,6
31.07.2025 02:06:01;0,000028;0,016188;0,233641;0;0,249875;0;53;-4,8
31.07.2025 02:11:04;0,006328;0,024565;0,260336;0;0,278601;0;53;-6,2
31.07.2025 02:16:05;0,003599;0,026736;0,28944;0;0,312572;0;53;-6
31.07.2025 02:21:08;0,001535;0,022027;0,290159;0;0,310554;0;53;-6
31.07.2025 02:26:09;0,002133;0,020622;0,284513;0;0,303082;0;53;-5,6
31.07.2025 02:31:11;0,007475;0,028011;0,388887;0;0,409395;0;52,900002;-8,8
31.07.2025 02:36:12;0;0,022265;0,426405;0;0,448624;0;52,900002;-8,4
31.07.2025 02:41:14;0;0,022009;0,407167;0;0,429222;0;52,900002;-8,2
31.07.2025 02:46:15;0,005247;0,019892;0,319279;0;0,333924;0;53;-5,2
31.07.2025 02:51:17;0,003544;0,029376;0,249102;0;0,274886;0;53;-4,3
31.07.2025 02:56:19;0,000992;0,022737;0,20181;0;0,223592;0;53;-3,8
31.07.2025 03:01:21;0,005522;0,02501;0,201083;0;0,2205;0;53;-6,7
31.07.2025 03:06:23;0,000793;0,0231;0,317676;0;0,34014;0;52,900002;-7,5
31.07.2025 03:11:26;0,004518;0,021393;0,384793;0;0,401518;0;52,900002;-5,6
31.07.2025 03:16:27;0,010485;0,016151;0,290262;0;0,29601;0;53;-5,7
31.07.2025 03:21:29;0,010888;0,023282;0,279296;0;0,291665;0;53;-5,5
31.07.2025 03:26:30;0,001286;0,032758;0,247101;0;0,278628;0;53;-5,5
31.07.2025 03:31:31;0,012478;0,018706;0,228578;0;0,234828;0,000182;53;-2,9
31.07.2025 03:36:33;0,009018;0,019281;0,167614;0;0,177846;0;53;-1,7
31.07.2025 03:41:35;0,011627;0,021645;0,164067;0;0,174071;0;53;-3,2
31.07.2025 03:46:37;0,010371;0,019644;0,224001;0;0,233232;0;53;-4,5
31.07.2025 03:51:38;0,008124;0,024546;0,322016;0;0,338487;0;52,900002;-6,8
31.07.2025 03:56:41;0,000722;0,023205;0,3324;0;0,35479;0;52,900002;-6,8
31.07.2025 04:01:43;0,002129;0,022009;0,338594;0;0,358465;0;52,900002;-6,8
31.07.2025 04:06:45;0,000142;0,026829;0,335229;0;0,361967;0;52,900002;-6,8
31.07.2025 04:11:47;0;0,03847;0,314311;0;0,352781;0;52,900002;-6,8
31.07.2025 04:16:50;0,000501;0,025653;0,24692;0;0,272029;0;53;-3,4
31.07.2025 04:21:51;0,007471;0,019527;0,159411;0;0,171502;0;53;-3,2
31.07.2025 04:26:53;0,009717;0,024101;0,171252;0;0,185576;0;53;-4,4
31.07.2025 04:31:55;0,003311;0,019008;0,26429;0;0,280115;0;53;-5,2
31.07.2025 04:36:57;0,005303;0,024646;0,366605;0;0,385886;0;52,900002;-7,4
31.07.2025 04:41:59;0,000128;0,025374;0,362876;0;0,388023;0;52,900002;-7,1
31.07.2025 04:47:01;0;0,021918;0,352326;0;0,374245;0;52,900002;-7
31.07.2025 04:52:04;0,000042;0,023115;0,341465;0;0,36467;0;52,900002;-5,4
31.07.2025 04:57:06;0,001904;0,023464;0,330499;0;0,352145;0;52,900002;-7
31.07.2025 05:02:07;0;0,023816;0,340905;0;0,364584;0;52,900002;-6,8
31.07.2025 05:05:00;0;0,02175;0,244493;0,000953;0,265609;0;53;-4,5
31.07.2025 05:10:00;0,001199;0,023987;0,202789;0;0,226776;0;53;-3,5
31.07.2025 05:12:09;0;0,023846;0,171821;0;0,194816;0,000426;53;-3,6
31.07.2025 05:17:09;0;0,022797;0,167175;0;0,189972;0;53;-3,5
31.07.2025 05:22:09;0,009799;0,024719;0,208832;0;0,223618;0;52,900002;-5,6
31.07.2025 05:27:11;0;0,019644;0,275659;0;0,295349;0;52,900002;-5,8
31.07.2025 05:32:11;0,000003;0,035065;0,26532;0;0,300476;0;52,900002;-5,9
31.07.2025 05:37:11;0,005121;0,032593;0,545746;0;0,573303;0;52,5;-34,400002
31.07.2025 05:42:13;0,039192;0,037652;2,018556;0;2,016873;0;52;-72,900002
31.07.2025 05:47:13;0;0,064911;2,750885;0;2,815887;0;52,200001;-39,5
31.07.2025 05:52:12;0,001935;0,043909;1,622964;0;1,665035;0;52,400002;-25
31.07.2025 05:57:12;0,006557;0,032501;1,329712;0;1,35553;0;52,400002;-25,799999
31.07.2025 06:02:14;0,000759;0,036742;1,358649;0;1,394663;0;52,400002;-26,4
31.07.2025 06:07:13;0,006823;0,043174;1,461751;0;1,490687;0,007349;52,400002;-27,4
31.07.2025 06:12:13;0,00002;0,040558;1,444061;0;1,454544;0,030029;52,400002;-25,9
31.07.2025 06:17:14;0,000225;0,031207;0,439271;0;0,395699;0,074641;52,700001;-4,6
31.07.2025 06:22:14;0,00812;0,017487;0,311005;0;0,209015;0,111145;52,799999;-3,2
31.07.2025 06:27:17;0,016087;0,022027;0,330678;0;0,099167;0,237493;52,900002;-3,3
31.07.2025 06:32:16;0,007268;0,031691;0,428522;0;0,086072;0,366885;53;-0,3
31.07.2025 06:37:16;0;0,080017;0,36676;0;0,003433;0,443481;53;0
31.07.2025 06:42:19;0,001433;0,020486;0,352614;0;0;0,37165;53;0
31.07.2025 06:47:18;0,000037;0,089562;0,303226;0;0;0,392973;53;0
31.07.2025 06:52:19;0,007385;0,054475;0,369465;0,00219;0,006524;0,412261;53,099998;1,5
31.07.2025 06:57:18;0,000778;0,029303;0,307636;0,101963;0;0,4378;53,099998;1,2
31.07.2025 07:02:20;0,017027;0,083034;1,050977;0,006366;0,706836;0,416535;52,5;-32,400002
31.07.2025 07:07:20;0,013095;0,068939;1,282288;0,037903;0,896988;0,478638;52,900002;1,6
31.07.2025 07:12:21;0,000967;0,024546;0,326396;0,18341;0;0,533439;53,099998;4,9
31.07.2025 07:17:21;0,000355;0,028656;0,291229;0,457489;0;0,7771;53,299999;10,9
31.07.2025 07:22:21;0,000129;0,02948;0,29599;0,693787;0;1,019165;53,400002;16,4
31.07.2025 07:27:23;0,013324;0,028921;1,209769;0,419445;0,70629;0,938203;52,700001;-31,4
31.07.2025 07:32:22;0,00246;0,05438;1,169089;0,108761;0,721276;0,608841;53,099998;3,1
31.07.2025 07:37:22;0,004655;0,031494;0,405579;0,166626;0,00531;0,593628;53,200001;6,1
31.07.2025 07:42:23;0,000747;0,027831;0,400216;0,511904;0;0,93913;53,299999;9,7
31.07.2025 07:47:23;0,000223;0,028473;0,406311;0,579712;0;1,014221;53,5;12,4
31.07.2025 07:52:24;0,007152;0,02628;1,504689;0,190345;0,453277;1,261055;53;-11,4
31.07.2025 07:57:25;0,007186;0,025093;2,196536;0,01241;0,485534;1,741205;52,799999;-18,1
31.07.2025 08:02:25;0,000589;0,058044;1,912628;0,481934;0,857025;1,595032;53,299999;15,4
31.07.2025 08:07:25;0,005084;0,021606;0,298737;1,149902;0;1,465027;53,700001;28,9
31.07.2025 08:12:24;0,00112;0,027098;0,245906;1,446319;0;1,718129;53,700001;19,299999
31.07.2025 08:17:24;0,006042;0,032684;0,371887;1,143677;0;1,54248;53,900002;35,700001
31.07.2025 08:22:24;0,000987;0,02298;0,37262;1,621765;0;2,016357;53,799999;17,799999
31.07.2025 08:27:24;0,002403;0,032867;0,370605;1,00415;0;1,405151;53,700001;15,7
31.07.2025 08:32:24;0,000998;0,029572;0,447876;1,530487;0;2,007019;54;34,200001
31.07.2025 08:37:26;0,005721;0,028921;0,561139;1,531538;0;2,115778;53,900002;23,200001
31.07.2025 08:42:28;0,003769;0,035105;0,560321;1,721434;0;2,313131;54;34,700001
31.07.2025 08:47:30;0,004311;0,041017;0,558957;2,198812;0;2,794602;54,200001;45,799999
31.07.2025 08:52:31;0,01071;0,183136;0,496301;2,101546;0;2,770124;54,200001;45,599998
31.07.2025 08:57:31;0,001788;0,482208;0,469849;2,464417;0;3,414734;54,099998;45,599998
31.07.2025 09:02:33;0,000662;0,820973;0,564959;2,464375;0;3,849762;54,099998;45,599998
31.07.2025 09:07:33;0,00127;1,297943;0,562408;2,464508;0;4,323486;54,099998;39
31.07.2025 09:12:33;0,008326;0,209106;0,547211;1,881866;0;2,629944;54;30,799999
31.07.2025 09:17:35;0,001316;0,740304;0,605248;2,258836;0;3,602934;54,200001;45,700001
31.07.2025 09:22:36;0,002783;0,856003;0,572311;2,328572;0;3,753966;54,200001;45,700001
31.07.2025 09:27:35;0;1,253415;0,508072;2,47174;0;4,233411;54,200001;45,599998
31.07.2025 09:32:34;0,003459;0,725502;0,431553;2,178435;0;3,332091;54;27,299999
31.07.2025 09:37:37;0,001963;1,164261;0,439725;2,132725;0;3,734626;54,200001;45,5
31.07.2025 09:42:37;0,019466;0,272552;0,516357;1,971588;0;2,741089;54,200001;45,5
31.07.2025 09:47:39;0,003882;0,164158;0,561594;2,401077;0;3,122918;54,299999;45,5
31.07.2025 09:52:38;0;0,999976;0,551062;2,477252;0;4,028198;54,299999;45,5
31.07.2025 09:57:38;0,000475;0,645447;0,536591;2,446381;0;3,627869;54,400002;45,5
31.07.2025 10:02:38;0,005782;1,157959;0,507935;2,404175;0;4,064392;54,400002;45,400002
31.07.2025 10:07:40;0,015265;0,432905;0,471557;2,020557;0;2,909922;54,200001;23,9
31.07.2025 10:12:40;0,00018;1,514099;0,484863;2,186462;0;4,185059;55;45,200001
31.07.2025 10:17:42;0;2,289667;0,476195;2,197993;0;4,964038;56,200001;21,700001
31.07.2025 10:22:44;0;2,431089;0,373426;0,427994;0,003092;3,229144;54,599998;0
31.07.2025 10:27:44;0;2,306122;0,435791;0;0,000092;2,741821;54,099998;0
31.07.2025 10:32:44;0;2,176025;0,434326;0;0;2,610352;53,900002;0
31.07.2025 10:37:44;0;1,882599;0,428833;0;0;2,311707;53,799999;0
31.07.2025 10:42:44;0;1,901642;0,418396;0;0;2,319946;53,700001;0
31.07.2025 10:47:44;0;1,195679;0,394958;0;0;1,590637;53,700001;0
31.07.2025 10:52:45;0;0,968969;0,285243;0;0;1,253938;53,700001;0
31.07.2025 10:57:45;0;0,831573;0,325378;0;0;1,157043;53,599998;0
31.07.2025 11:02:47;0;1,320724;0,328317;0;0;1,649222;53,599998;0
31.07.2025 11:07:47;0;1,308014;0,379028;0;0;1,686951;53,599998;0
31.07.2025 11:12:46;0;1,24524;0,387828;0;0;1,633252;53,599998;0
31.07.2025 11:17:47;0;1,573125;0,360432;0;0;1,933375;53,5;0
31.07.2025 11:22:48;0;1,602142;0,355869;0;0;1,958194;53,5;0
31.07.2025 11:27:47;0;2,173933;0,370926;0;0;2,54486;53,5;0
31.07.2025 11:32:47;0;2,29184;0,292419;0;0;2,584351;53,5;0
31.07.2025 11:37:47;0;2,954224;0,322083;0;0;3,27594;53,5;0
31.07.2025 11:42:46;0;2,418278;0,298174;0;0;2,71682;53,5;0
31.07.2025 11:47:46;0;2,277008;0,320618;0;0;2,597717;53,5;0
31.07.2025 11:52:47;0;1,653515;0,364447;0;0;2,017506;53,5;0
31.07.2025 11:57:46;0;1,339946;0,360822;0;0;1,701044;53,5;0
31.07.2025 12:02:46;0;1,210876;0,362366;0;0;1,572876;53,5;0
31.07.2025 12:07:46;0;1,078308;0,353577;0;0;1,432068;53,400002;0
31.07.2025 12:12:46;0;1,187897;0,292786;0;0;1,480591;53,400002;0
31.07.2025 12:17:46;0;1,463104;0,24646;0;0;1,709839;53,5;0
31.07.2025 12:22:46;0;1,621124;0,2677;0;0;1,888733;53,400002;0
31.07.2025 12:27:48;0;1,230505;0,372153;0;0;1,602658;53,400002;0
31.07.2025 12:32:50;0;0,942478;0,454368;0;0;1,396755;53,400002;0
31.07.2025 12:37:51;0;2,63535;0,440001;0;0;3,075442;53,400002;0
31.07.2025 12:42:50;0;2,057916;0,480606;0;0;2,53843;53,400002;0
31.07.2025 12:47:51;0,016815;1,492827;0,988222;0;0,171821;2,292347;53;-19,6
31.07.2025 12:52:51;0,107944;0,28894;2,062317;0,63208;0,502075;2,372681;53,700001;-15,7
31.07.2025 12:57:50;0,081183;0,392973;1,789963;0,901412;0,16507;2,838074;55,400002;0
31.07.2025 13:02:50;0,023832;1,453857;1,107605;0;0,207642;2,329834;53,900002;0
31.07.2025 13:07:50;0;2,256592;0,351746;0;0;2,608337;53,900002;0
31.07.2025 13:12:50;0;1,70105;0,369141;0;0;2,070374;53,799999;0
31.07.2025 13:17:50;0;1,326691;0,453735;0;0;1,780334;53,799999;0
31.07.2025 13:22:50;0;2,177124;0,40448;0;0;2,581604;53,700001;0
31.07.2025 13:27:51;0;2,590182;0,377404;0;0;2,967404;53,700001;0
31.07.2025 13:32:52;0;3,894945;0,384704;0;0;4,279741;53,700001;0
31.07.2025 13:37:52;0;2,155334;1,529663;0;0;3,684998;53,700001;0
31.07.2025 13:42:52;0,007467;1,95639;2,496643;0;0,151886;4,293457;53,299999;0
31.07.2025 13:47:52;0,026379;1,252167;4,203186;0;0,119751;5,309692;53,299999;0
31.07.2025 13:52:52;0,010443;1,500641;3,659729;0;0,030762;5,118896;53,299999;0
31.07.2025 13:57:53;0,005851;3,434961;1,103378;0;0,045442;4,487057;53,299999;0
31.07.2025 14:02:54;0;5,300356;0,392734;0;0;5,691903;53,299999;0
31.07.2025 14:07:55;0;4,268517;0,398391;0;0;4,666634;53,299999;0
31.07.2025 14:12:54;0;4,538474;0,456355;0;0;4,993819;53,299999;0
31.07.2025 14:17:54;0;3,83844;0,379578;0;0;4,217285;53,299999;0
31.07.2025 14:22:54;0;4,350861;0,383057;0;0;4,733459;53,299999;0
31.07.2025 14:27:55;0;1,695398;0,371747;0;0;2,067328;53,299999;0
31.07.2025 14:32:54;0;1,424089;0,368538;0;0;1,792535;53,299999;0
31.07.2025 14:37:55;0;0,700607;0,473033;0;0;1,173639;53,299999;0
31.07.2025 14:42:54;0;1,149706;0,512757;0;0;1,662647;53,299999;0
31.07.2025 14:47:55;0;1,238243;0,46409;0;0;1,702333;53,299999;0
31.07.2025 14:52:54;0;1,224939;0,429165;0;0;1,654012;53,299999;0
31.07.2025 14:57:54;0;1,202362;0,395325;0;0;1,597595;53,299999;0
31.07.2025 15:02:54;0;1,854034;0,260193;0;0;2,114319;53,299999;0
31.07.2025 15:07:54;0;4,914459;0,279968;0;0;5,194153;53,299999;0
31.07.2025 15:12:54;0;3,926514;0,264954;0;0;4,191833;53,299999;0
31.07.2025 15:17:53;0,002225;0,597175;0,32812;0;0,003491;0,919324;53,299999;0
31.07.2025 15:22:54;0;0,072178;0,392369;0;0;0,464638;53,299999;0
31.07.2025 15:27:56;0;0,254195;0,386704;0;0;0,640809;53,299999;0
31.07.2025 15:32:56;0,001376;0,281616;0,410522;0;0,000275;0,690491;53,299999;0
31.07.2025 15:37:56;0,000003;0,396423;0,434692;0;0;0,831116;53,299999;0
31.07.2025 15:42:55;0;0,655689;0,337306;0;0;0,993179;53,299999;0
31.07.2025 15:47:57;0;1,011597;0,300851;0;0;1,312175;53,299999;0
31.07.2025 15:52:56;0;1,003008;0,266391;0;0;1,269307;53,299999;0
31.07.2025 15:57:56;0,000506;0,750092;0,325378;0;0,000824;1,07428;53,299999;0
31.07.2025 16:02:55;0;0,810196;0,381949;0;0,000092;1,192145;53,299999;0
31.07.2025 16:07:56;0;0,843502;0,364812;0;0;1,208314;53,299999;0
31.07.2025 16:12:58;0;0,700651;0,359602;0;0;1,060253;53,299999;0
31.07.2025 16:17:58;0;0,412262;0,357971;0;0;0,770142;53,299999;0
31.07.2025 16:22:58;0,002383;0,459503;0,334534;0;0,001556;0,7901;53,299999;0
31.07.2025 16:27:58;0;0,666321;0,360352;0;0;1,026672;53,299999;0
31.07.2025 16:32:58;0;1,087006;0,389282;0;0;1,476379;53,299999;0
31.07.2025 16:37:58;0;1,020447;0,460327;0;0;1,480591;53,299999;0
31.07.2025 16:42:58;0,006266;0,784882;0,670349;0;0,082947;1,36615;53,200001;0
31.07.2025 16:47:58;0;0,659821;0,456299;0;0;1,116211;53,200001;0
31.07.2025 16:52:57;0;0,917395;0,372212;0;0;1,289516;53,200001;0
31.07.2025 16:57:58;0;1,724598;0,34127;0;0;2,06605;53,200001;0
31.07.2025 17:02:57;0;1,916912;0,305523;0;0;2,222251;53,200001;0
31.07.2025 17:07:57;0;1,626343;0,294434;0;0;1,920776;53,200001;0
31.07.2025 17:12:59;0;1,717796;0,292666;0;0;2,010644;53,200001;0
31.07.2025 17:17:58;0;2,103202;0,292295;0;0;2,39513;53,200001;0
31.07.2025 17:22:58;0;1,518127;0,350281;0;0;1,868591;53,200001;0
31.07.2025 17:27:59;0;1,600226;0,356964;0;0;1,957282;53,299999;0
31.07.2025 17:32:58;0;2,317325;0,349799;0;0;2,667032;53,200001;0
31.07.2025 17:37:58;0;1,562073;0,350464;0;0;1,912537;53,200001;0
31.07.2025 17:43:00;0;1,693604;0,321587;0;0;2,015191;53,200001;0
31.07.2025 17:48:00;0;2,306854;0,245178;0;0;2,552307;53,200001;0
31.07.2025 17:52:59;0;1,090274;0,253163;0;0;1,343161;53,200001;0
31.07.2025 17:57:59;0;1,536621;0,248474;0;0;1,785095;53,200001;0
31.07.2025 18:03:00;0;1,782541;0,346745;0;0;2,129377;53,200001;0
31.07.2025 18:08:00;0;1,336578;0,361816;0;0;1,698303;53,200001;0
31.07.2025 18:13:01;0;1,250744;0,364994;0;0;1,61583;53,200001;0
31.07.2025 18:18:01;0;1,358276;0,416199;0;0;1,774475;53,200001;0
31.07.2025 18:23:02;0;1,961297;0,501137;0;0;2,462434;53,200001;0
31.07.2025 18:28:01;0;2,077573;0,385991;0;0;2,463473;53,200001;0
31.07.2025 18:33:01;0;1,529388;0,387268;0;0;1,916748;53,200001;0
31.07.2025 18:38:03;0;0,953937;0,392161;0;0;1,346007;53,200001;0
31.07.2025 18:43:04;0;1,05237;0,420473;0;0;1,472934;53,200001;0
31.07.2025 18:48:04;0;1,537628;0,425903;0;0;1,963623;53,200001;0
31.07.2025 18:53:04;0;1,707733;0,32959;0;0;2,037231;53,200001;0
31.07.2025 18:58:04;0;1,177643;0,241333;0;0;1,419067;53,200001;0
31.07.2025 19:03:04;0;0,733704;0,334534;0;0;1,068237;53,200001;0
31.07.2025 19:08:06;0;0,519304;0,310309;0;0;0,82925;53,200001;0
31.07.2025 19:13:08;0;1,222684;0,186986;0;0;1,410033;53,200001;0
31.07.2025 19:18:08;0;1,731079;0,167358;0;0;1,898438;53,200001;0
31.07.2025 19:23:08;0,012932;1,29657;0,842651;0;0,434601;1,691528;52,599998;-41,799999
31.07.2025 19:28:09;0,007049;0,068528;0,467375;1,157306;0,071083;1,6151;55,099998;21,5
31.07.2025 19:33:11;0,001904;0,51794;0,398709;0,531764;0,001364;1,445139;55;0
31.07.2025 19:38:12;0;0,926538;0,33178;0;0;1,258318;54,400002;0
31.07.2025 19:43:12;0;0,600037;0,318787;0;0;0,918823;54,200001;0
31.07.2025 19:48:14;0;0,380884;0,278114;0;0;0,658816;54;0
31.07.2025 19:53:13;0;0,315076;0,173062;0;0;0,488506;54;0
31.07.2025 19:58:14;0,001913;0,278308;0,18341;0;0;0,45971;53,900002;0
31.07.2025 20:03:13;0;0,050706;0,289723;0;0;0,340613;53,799999;0
31.07.2025 20:08:14;0,018817;0,025185;0,471938;0;0,121269;0,356599;53,400002;-2,9
31.07.2025 20:13:14;0,011676;0,036438;0,581543;0;0,249298;0,357422;53,099998;-4,8
31.07.2025 20:18:13;0,002876;0,02471;0,578711;0;0,28118;0,319302;53;-6,4
31.07.2025 20:23:13;0,001708;0,023712;0,515076;0;0,34964;0,187134;52,900002;-7,6
31.07.2025 20:28:14;0,017081;0,042339;2,085577;0;1,995424;0,115521;52,5;-45,599998
31.07.2025 20:33:16;0,001083;0,043563;2,459373;0;2,41681;0,085126;52,5;-46,299999
31.07.2025 20:38:15;0,000953;0,053186;1,145481;0;1,137397;0,060443;52,900002;-8,6
31.07.2025 20:43:16;0,004688;0,021443;0,48745;0;0,481519;0,02263;52,900002;-10,4
31.07.2025 20:48:16;0,007556;0,026276;0,485413;0;0,501984;0,002014;52,900002;-8,6
31.07.2025 20:53:16;0,028361;0,069489;1,20282;0;1,243927;0;52,900002;-9,1
31.07.2025 20:58:15;0,000316;0,029579;0,43339;0;0,46251;0;52,900002;-8,7
31.07.2025 21:03:16;0,012301;0,020713;0,512452;0;0,521029;0,000182;52,900002;-11,1
31.07.2025 21:08:16;0;0,025085;0,493103;0;0,518188;0;52,900002;-10
31.07.2025 21:13:15;0,000715;0,024894;0,488138;0;0,512297;0;52,900002;-9,3
31.07.2025 21:18:16;0,000362;0,027557;0,510262;0;0,537363;0;52,900002;-11,5
31.07.2025 21:23:15;0,332707;0,005144;3,763277;0;3,435708;0;52,200001;-72,800003
31.07.2025 21:28:16;0,670663;0,033762;4,154365;0;3,517632;0;52,5;-34,299999
31.07.2025 21:33:15;0;0,041704;1,404339;0;1,44586;0;52,700001;-28,4
31.07.2025 21:38:16;0,002338;0,040971;1,405958;0;1,444647;0;52,599998;-29,700001
31.07.2025 21:43:15;0,004851;0,051441;1,410586;0;1,457066;0;52,799999;-12,6
31.07.2025 21:48:16;0,000274;0,025641;0,602241;0;0,627699;0;52,900002;-10,8
31.07.2025 21:53:15;0,00008;0,029395;0,597818;0;0,627305;0;52,900002;-11,3
31.07.2025 21:58:16;0,027084;0,039511;1,090055;0;1,102283;0;52,900002;-9,5
31.07.2025 22:03:15;0,00035;0,021403;0,451762;0;0,472798;0;52,900002;-8,5
31.07.2025 22:08:15;0,000063;0,024719;0,42041;0;0,445129;0;53;-6,6
31.07.2025 22:13:16;0,005486;0,028835;0,416823;0;0,440092;0;53;-8,2
31.07.2025 22:18:15;0,002021;0,025629;0,442944;0;0,466552;0;52,900002;-9,1
31.07.2025 22:23:15;0,000452;0,02655;0,53833;0;0,564514;0;52,900002;-11,7
31.07.2025 22:28:16;0,005327;0,033671;0,672684;0;0,700972;0;52,900002;-13,1
31.07.2025 22:33:18;0;0,028011;0,643355;0;0,671276;0;52,900002;-11,7
31.07.2025 22:38:19;0,000228;0,025367;0,520482;0;0,545666;0;52,900002;-9,6
31.07.2025 22:43:22;0;0,025562;0,438547;0;0,4642;0;52,900002;-8,3
31.07.2025 22:48:23;0,005572;0,022812;0,424488;0;0,441734;0;52,900002;-8,2
31.07.2025 22:53:26;0,007524;0,023749;0,391229;0;0,407455;0;53;-6,1
31.07.2025 22:58:28;0,000489;0,022009;0,30176;0;0,323224;0;53;-6,2
31.07.2025 23:03:29;0,007203;0,030568;0,30623;0;0,32959;0;53;-6,1
31.07.2025 23:08:30;0,000091;0,037321;0,280133;0;0,317454;0;53;-6,1
31.07.2025 23:13:30;0,01339;0,030304;0,381592;0;0,398438;0;53;-7,5
31.07.2025 23:18:32;0,002166;0,021645;0,330499;0;0,349871;0;53;-6,6
31.07.2025 23:23:34;0,003064;0,028102;0,309218;0;0,334228;0;53;-6,9
31.07.2025 23:28:35;0,002298;0,030477;0,325392;0;0,353679;0;53;-6,9
31.07.2025 23:33:38;0,001966;0,038887;0,315449;0;0,352342;0;53;-4,3
31.07.2025 23:38:40;0,005985;0,031195;0,197899;0;0,223183;0;53;-4,5
31.07.2025 23:43:42;0,005127;0,028011;0,212087;0;0,234915;0;53,099998;-3,1
31.07.2025 23:48:46;0,003202;0,022226;0,220269;0;0,239242;0;53;-4,5
31.07.2025 23:53:46;0,004211;0,033875;0,317505;0;0,347168;0;53;-7
31.07.2025 23:58:47;0,000918;0,026371;0,283418;0;0,309059;0;53;-5,5
01.08.2025 00:03:48;0,002595;0,042339;0,255131;0;0,294733;0;53;-5,4
01.08.2025 00:08:50;0,000517;0,022737;0,27775;0;0,29985;0;53;-5,5
01.08.2025 00:13:52;0,003428;0,027193;0,383066;0;0,407076;0;53;-7,6
01.08.2025 00:18:53;0,010288;0,017337;0,29893;0;0,305683;0;53;-5,3
01.08.2025 00:23:55;0,000273;0,023919;0,255014;0;0,278842;0;53;-5,3
01.08.2025 00:28:58;0,000096;0,024837;0,250365;0;0,275021;0;53;-5,2
01.08.2025 00:34:00;0,006463;0,02592;0,290847;0;0,310218;0,000182;53;-7,5
01.08.2025 00:39:01;0,000114;0,023633;0,306048;0;0,329681;0;53;-6
01.08.2025 00:44:04;0,00119;0,022934;0,292425;0;0,314089;0;53;-7
01.08.2025 00:49:06;0;0,024374;0,343777;0;0,368242;0;52,900002;-6,8
01.08.2025 00:54:08;0,000017;0,024374;0,336684;0;0,361057;0;53;-6,8
01.08.2025 00:59:10;0;0,025647;0,333591;0;0,359238;0;52,900002;-6,8
01.08.2025 01:04:12;0,000352;0,021736;0,184076;0;0,205448;0;53;-3,6
01.08.2025 01:09:13;0;0,022265;0,171;0;0,193173;0;53;-3,6
01.08.2025 01:14:16;0;0,022934;0,168783;0;0,191898;0;53;-3,6
01.08.2025 01:19:17;0,009952;0,026097;0,248196;0;0,264256;0;53;-5,5
01.08.2025 01:24:19;0,00183;0,022191;0,331773;0;0,351963;0;53;-6,8
01.08.2025 01:29:22;0;0,023931;0,33666;0;0,360591;0;53;-6,8
01.08.2025 01:34:24;0;0,02592;0,335047;0;0,361148;0;53;-6,8
01.08.2025 01:39:26;0,000199;0,033014;0,32195;0;0,354509;0;53;-5,8
01.08.2025 01:44:28;0,00208;0,02401;0,186622;0;0,208631;0;53;-3,1
01.08.2025 01:49:29;0,001312;0,022721;0,171182;0;0,192534;0;53;-3,6
01.08.2025 01:54:32;0,003416;0,021393;0,172228;0;0,190085;0;53;-3,6
01.08.2025 01:59:32;0,005779;0,02536;0,225403;0;0,245178;0;53;-6
01.08.2025 02:04:34;0;0,022282;0,290847;0;0,313219;0;53;-5,8
01.08.2025 02:09:35;0,006741;0,025732;0,32229;0;0,34127;0;52,900002;-9,2
01.08.2025 02:14:38;0,005512;0,019398;0,448699;0;0,462387;0;52,900002;-8,6
01.08.2025 02:19:38;0,000715;0,023895;0,414551;0;0,437897;0;52,900002;-8,3
01.08.2025 02:24:39;0,004734;0,020075;0,415546;0;0,430876;0;52,900002;-8,1
01.08.2025 02:29:41;0,001626;0,027557;0,265382;0;0,291483;0;53;-4,8
01.08.2025 02:34:43;0,000188;0,018917;0,241372;0;0,259743;0;53;-3,6
01.08.2025 02:39:45;0,002262;0,027193;0,159156;0;0,184257;0;53;-2,4
01.08.2025 02:44:47;0,018115;0,023646;0,208267;0;0,213633;0;53;-6,1
01.08.2025 02:49:49;0,002683;0,027193;0,283935;0;0,308581;0;53;-5,2
01.08.2025 02:54:51;0,003314;0,018007;0,276477;0;0,29121;0;52,900002;-5,4
01.08.2025 02:59:54;0,002952;0,01958;0,269763;0;0,286352;0;53;-5,4
01.08.2025 03:04:56;0,000301;0,024556;0,262653;0;0,286754;0;52,900002;-5,3
01.08.2025 03:09:58;0,019474;0,014915;0,254832;0;0,250376;0;53;-3,1
01.08.2025 03:15:00;0,010334;0,028648;0,189532;0;0,207904;0;53;-4,5
01.08.2025 03:20:02;0,004547;0,030012;0,204629;0;0,230004;0;53;-4,6
01.08.2025 03:25:04;0,005821;0,023282;0,221545;0;0,239007;0;53;-4,4
01.08.2025 03:30:03;0,005965;0,030038;0,309013;0;0,33308;0,000184;52,900002;-6,8
01.08.2025 03:35:05;0,001114;0,025101;0,329226;0;0,353327;0;52,900002;-6,7
01.08.2025 03:40:08;0;0,023296;0,328683;0;0,351889;0;52,900002;-6,3
01.08.2025 03:45:09;0,000793;0,02117;0,278673;0;0,299022;0;52,900002;-5,3
01.08.2025 03:50:11;0,001296;0,019735;0,263745;0;0,282116;0;52,900002;-4
01.08.2025 03:55:12;0,000958;0,019892;0,160232;0;0,179121;0;53;-3,4
01.08.2025 04:00:13;0;0,021717;0,158773;0;0,18049;0;53;-3,3
01.08.2025 04:05:15;0;0,021918;0,157701;0;0,179619;0;53;-3,4
01.08.2025 04:10:15;0,010878;0,028748;0,288025;0;0,305878;0;52,900002;-7,7
01.08.2025 04:15:17;0;0,024646;0,374517;0;0,399164;0;52,799999;-7,5
01.08.2025 04:20:19;0,000091;0,026374;0,358693;0;0,384976;0;52,799999;-6,9
01.08.2025 04:25:21;0,000102;0,0211;0,351417;0;0,372335;0;52,799999;-7,2
01.08.2025 04:30:24;0;0,025744;0,341736;0;0,36748;0;52,900002;-7
01.08.2025 04:35:26;0,000313;0,02401;0,32868;0;0,352599;0;52,900002;-3,3
01.08.2025 04:40:28;0,001398;0,028011;0,203538;0;0,230004;0;52,900002;-4,4
01.08.2025 04:45:27;0,001498;0,015249;0,212929;0;0,226892;0;52,900002;-4,2
01.08.2025 04:50:29;0,00706;0,018917;0,206994;0;0,218817;0;52,900002;-4,2
01.08.2025 04:55:31;0,005127;0,024465;0,215543;0;0,234551;0;52,900002;-5,4
01.08.2025 05:00:34;0,000244;0,022299;0,300583;0;0,322791;0;52,900002;-6,8
01.08.2025 05:05:36;0;0,024283;0,337775;0;0,362058;0;52,799999;-6,9
01.08.2025 05:10:37;0,000781;0,021535;0,34127;0;0,362166;0,000182;52,799999;-6,8
01.08.2025 05:15:38;0,006045;0,023542;0,329955;0;0,347292;0;52,799999;-6,7
01.08.2025 05:20:42;0,00096;0,021051;0,227496;0;0,247554;0;52,900002;-3,3
01.08.2025 05:25:43;0,000029;0,02117;0,157678;0;0,178756;0;52,900002;-3,3
01.08.2025 05:30:45;0,001177;0,025738;0,15279;0;0,177436;0;52,900002;-3,8
01.08.2025 05:35:47;0,014756;0,026465;0,211178;0;0,22291;0;52,900002;-6,3
01.08.2025 05:40:49;0,001006;0,02692;0,292666;0;0,318494;0;52,799999;-6,1
01.08.2025 05:45:49;0,000017;0,018402;0,296814;0;0,315491;0;52,799999;-6,2
01.08.2025 05:50:51;0,001512;0,024737;0,302124;0;0,324952;0;52,799999;-7
01.08.2025 05:55:53;0,004979;0,01728;0,34214;0;0,354509;0;52,799999;-7,8
01.08.2025 06:00:55;0,010283;0,040107;1,45969;0;1,489521;0;52,099998;-33,900002
01.08.2025 06:05:56;0,048402;0,041427;2,590729;0;2,583886;0;51,900002;-39,5
01.08.2025 06:10:57;0,008292;0,041427;1,477132;0;1,510255;0;52,099998;-27
01.08.2025 06:16:00;0,00749;0,050581;1,43493;0;1,47409;0,003807;52;-30,1
01.08.2025 06:21:00;0,002581;0,036255;1,175171;0;1,201721;0,007141;52,200001;-9,7
01.08.2025 06:26:01;0,0058;0,017885;0,427591;0;0,430328;0,009307;52,299999;-8,1
01.08.2025 06:31:02;0,001494;0,022995;0,404596;0;0,403775;0,02263;52,299999;-7,3
01.08.2025 06:36:06;0,003744;0,036952;0,357056;0;0,340522;0,049511;52,400002;-4,2
01.08.2025 06:41:07;0,004158;0,022082;0,287068;0;0,18633;0,118441;52,5;-3
01.08.2025 06:46:08;0;0,054932;0,169175;0;0,028835;0,195637;52,5;-0,3
01.08.2025 06:51:11;0;0,06318;0,156455;0;0,015682;0,203773;52,5;-0,3
01.08.2025 06:56:11;0,017097;0,014923;0,200317;0;0,016663;0,181458;52,5;-0,3
01.08.2025 07:01:13;0,029563;0,014915;0,291392;0;0,118503;0,158429;52,5;-4,6
01.08.2025 07:06:15;0;0,020645;0,358693;0;0,25274;0,126416;52,5;-4,8
01.08.2025 07:11:16;0,000724;0,018797;0,351672;0;0,220183;0,149648;52,5;-3,8
01.08.2025 07:16:19;0,007223;0,022299;0,668607;0;0,542699;0,140864;52,200001;-21,9
01.08.2025 07:21:20;0,007203;0,048179;1,25558;0;1,140151;0,1564;52,200001;-5,3
01.08.2025 07:26:21;0,014571;0,0292;0,654617;0;0,499586;0,169905;52;-33,900002
01.08.2025 07:31:23;0,008265;0,051294;1,999184;0;1,80847;0,23355;51,700001;-52,200001
01.08.2025 07:36:25;0,009254;0,047019;3,755178;0;3,428044;0,364877;51,400002;-73,900002
01.08.2025 07:41:25;0,108793;0,014282;4,410095;0;3,763092;0,552429;51,400002;-66,400002
01.08.2025 07:46:27;0;0,069392;2,547409;0,088946;2,016919;0,68901;52,299999;7,4
01.08.2025 07:51:27;0,024267;0,039734;1,043701;0,289856;0,447235;0,901245;52;-22,799999
01.08.2025 07:56:29;0;0,044109;1,064437;0,288209;0,487018;0,91001;52,5;8,4
01.08.2025 08:01:31;0,017831;0,055932;1,508619;0,110955;0,804603;0,851986;52,400002;8,6
01.08.2025 08:06:33;0,000284;0,021554;0,253013;0,457551;0,000091;0,731937;52,5;6,1
01.08.2025 08:11:36;0,007133;0,026287;0,308379;0,243657;0,002176;0,568715;52,5;4,3
01.08.2025 08:16:37;0,000011;0,019892;0,389449;0,261245;0;0,67086;52,599998;4,3
01.08.2025 08:21:39;0,00611;0,041108;0,418354;0,085035;0,007003;0,531309;52,5;0
01.08.2025 08:26:41;0;0,077668;0,405803;0;0;0,483653;52,5;0
01.08.2025 08:31:43;0,000404;0,056569;0,404712;0,097767;0;0,558411;52,599998;4,8
01.08.2025 08:36:43;0,00182;0,023804;0,524231;0,360718;0;0,906921;52,700001;8,3
01.08.2025 08:41:44;0,001677;0,025093;0,509715;0,423485;0;0,95665;52,700001;7,9
01.08.2025 08:46:48;0,004258;0,025749;0,454451;0,524742;0;1,000876;52,799999;13,7
01.08.2025 08:51:49;0,000376;0,028105;0,448213;0,728255;0;1,204116;52,900002;14,9
01.08.2025 08:56:50;0,005019;0,026462;0,473945;0,911847;0;1,40687;53,099998;20,9
01.08.2025 09:01:51;0,009336;0,148918;0,501685;1,665651;0;2,307129;53,400002;46,299999
01.08.2025 09:06:53;0,012994;0,089855;0,562595;2,046567;0;2,686012;53,299999;23,5
01.08.2025 09:11:55;0,008634;0,105225;0,565505;1,862401;0;2,524491;53,400002;32,099998
01.08.2025 09:16:58;0,009399;0,105331;0,516865;1,845467;0;2,458327;53,400002;31,6
01.08.2025 09:22:00;0,018826;0,109772;0,527307;1,737077;0;2,355331;53,400002;22,6
01.08.2025 09:27:01;0,022025;0,039693;0,421021;1,484888;0;1,923702;53,5;30,700001
01.08.2025 09:32:03;0,013955;0,169342;0,514029;1,702153;0;2,371519;53,599998;30,799999
01.08.2025 09:37:05;0,012249;0,084307;0,537857;1,265701;0;1,875497;53,5;20,4
01.08.2025 09:42:07;0,010703;0,035105;0,575327;0,922833;0;1,522625;53,400002;12,2
01.08.2025 09:47:09;0,006429;0,050475;0,578055;0,879725;0;1,501707;53,599998;18,4
01.08.2025 09:52:09;0,014374;0,049438;1,929016;0,238037;1,234863;0,967529;52,5;-39,200001
01.08.2025 09:57:10;0,000787;0,056574;2,438344;0;2,329211;0,164795;52;-47,700001
01.08.2025 10:02:13;0,005716;0,047861;1,308207;0;1,285092;0,065265;52,400002;-7,3
01.08.2025 10:07:15;0,032019;0,05475;0,942751;0;0,780957;0,184621;52,299999;-3,9
01.08.2025 10:12:18;0,021455;0,027194;0,517228;0;0,14721;0,375819;52,599998;0
01.08.2025 10:17:20;0,007196;0,050021;0,54968;0,105316;0;0,697741;52,700001;3,1
01.08.2025 10:22:21;0,023177;0,035313;1,062133;0,209598;0,338167;0,9457;52,200001;-26,5
01.08.2025 10:27:23;0,003126;0,051112;0,709018;0,442636;0,075122;1,12428;52,900002;10,5
01.08.2025 10:32:25;0,002001;1,075714;0,689374;2,163434;0;3,926521;53,700001;46,200001
01.08.2025 10:37:27;0;1,354738;0,636625;2,47729;0;4,468562;53,900002;46
01.08.2025 10:42:29;0;1,343733;0,61498;2,476744;0;4,435639;54;45,799999
01.08.2025 10:47:31;0;1,525081;0,5766;2,474743;0;4,576788;54,099998;45,700001
01.08.2025 10:52:33;0;2,124236;0,544769;2,475835;0;5,144657;54,099998;45,799999
01.08.2025 10:57:34;0,007157;0,468105;0,517927;2,234495;0;3,213045;54;41,799999
01.08.2025 11:02:36;0,000409;1,683327;0,595699;2,46965;0;4,748859;54,099998;45,799999
01.08.2025 11:07:39;0,001586;1,138064;0,705409;2,468661;0;4,310049;54,099998;45,799999
01.08.2025 11:12:41;0,000017;1,67687;0,759766;2,47447;0;4,911471;54,099998;45,799999
01.08.2025 11:17:43;0,001006;1,374473;0,599883;2,468104;0;4,441096;54,099998;45,799999
01.08.2025 11:22:44;0;1,864756;0,563004;2,484334;0;4,912093;54,099998;45,799999
01.08.2025 11:27:44;0,001579;1,653076;0,459778;2,318481;0;4,430054;53,900002;28,5
01.08.2025 11:32:47;0,007206;0,021483;0,338654;0,445708;0,087564;0,710667;53,5;-6,1
01.08.2025 11:37:49;0,001143;0,023464;0,363968;0;0,282661;0,104043;53,400002;-3,7
01.08.2025 11:42:51;0,021873;0,025101;0,412169;0;0,141876;0,273203;53,400002;-3,1
01.08.2025 11:47:54;0,021308;0,013688;0,427125;0;0,010606;0,408996;53,400002;0
01.08.2025 11:52:55;0,000354;0,045898;0,407334;0;0;0,452958;53,400002;0
01.08.2025 11:57:57;0,001114;0,034105;0,416171;0;0;0,448548;53,400002;0
01.08.2025 12:02:59;0,012545;0,019553;0,389796;0;0,042381;0,355055;53,400002;0
01.08.2025 12:08:02;0,0341;0,054932;1,02956;0;0,85833;0,191808;53,200001;-5,8
01.08.2025 12:13:03;0,002047;0,024728;0,483617;0;0,395563;0,110958;53,200001;-8,1
01.08.2025 12:18:06;0,002368;0,020033;0,53862;0;0,44743;0,108776;53,200001;-8,3
01.08.2025 12:23:07;0,005258;0,028743;0,62341;0;0,488636;0,158408;53,200001;-8,6
01.08.2025 12:28:09;0,001557;0,024465;0,586059;0;0,374881;0,23355;53,200001;-5,8
01.08.2025 12:33:10;0,013493;0,025185;0,519387;0;0,190436;0,340905;53,299999;0
01.08.2025 12:38:11;0,015815;0,017155;0,45241;0;0,008669;0,444928;53,299999;0
01.08.2025 12:43:12;0,014891;0,052742;1,318359;0,038416;0,667301;0,727799;52,900002;-23
01.08.2025 12:48:14;0,047775;0,084762;1,77491;0,149607;0,659362;1,301989;53,099998;-10,8
01.08.2025 12:53:17;0,083304;0,107597;2,598285;0,098986;1,049865;1,671155;52,900002;-11,3
01.08.2025 12:58:19;0,158201;0,19126;2,268204;0,185349;0,564414;1,922607;53,299999;0
01.08.2025 13:03:21;0,195728;0,298213;1,317996;1,01669;0,116139;2,320953;53,799999;37,900002
01.08.2025 13:08:22;0,156657;0,221004;1,208496;1,591375;0,038324;2,825786;54;37,400002
01.08.2025 13:13:24;0,062753;0,098404;0,76686;1,450595;0,03074;2,222003;53,799999;24,5
01.08.2025 13:18:27;0,046196;0,081854;0,812009;0,834127;0,080041;1,601538;53,799999;15,8
01.08.2025 13:23:29;0,030729;0,067664;0,972581;0,47183;0,088855;1,392208;53,700001;14,8
01.08.2025 13:28:29;0,003611;0,04541;0,653137;0,619995;0;1,31543;53,599998;6
01.08.2025 13:33:31;0,012193;0,032377;0,895277;0,210177;0;1,125189;53,5;2,5
01.08.2025 13:38:34;0,005461;0,038071;0,914077;0,100799;0;1,047508;53,5;0,4
01.08.2025 13:43:36;0,008094;0,074212;0,959121;0,008913;0,005548;1,028786;53,400002;0
01.08.2025 13:48:37;0,004842;0,044529;1,097173;0,200108;0,000091;1,336974;53,599998;7,5
01.08.2025 13:53:39;0,001694;0,033832;1,15793;0,563231;0;1,753083;53,799999;13,5
01.08.2025 13:58:41;0,002035;0,035833;1,20595;0,844983;0;2,084856;53,799999;17,299999
01.08.2025 14:03:43;0,004621;0,033832;1,205404;1,132829;0;2,367517;54;24,200001
01.08.2025 14:08:44;0,005789;0,117528;0,82799;1,976079;0;2,915939;54,200001;45,599998
01.08.2025 14:13:46;0;2,263929;0,743214;2,471651;0;5,478249;54,200001;45,599998
01.08.2025 14:18:46;0,006226;2,180237;1,269104;2,387604;0;5,831177;54,200001;45,599998
01.08.2025 14:23:46;0;2,6651;1,049744;2,46991;0;6,18457;54,200001;45,599998
01.08.2025 14:28:48;0,007014;1,080534;0,79178;2,218638;0;4,084222;54,099998;36,5
01.08.2025 14:33:50;0,00208;0,075122;0,589333;2,210908;0;2,873179;54,200001;45,5
01.08.2025 14:38:50;0,000006;0,958466;0,550232;2,467438;0;3,976318;54,299999;45,700001
01.08.2025 14:43:52;0;2,783324;0,591516;2,477472;0;5,851857;54,299999;45,599998
01.08.2025 14:48:52;0;2,632324;0,494019;2,481537;0;5,608154;54,299999;45,599998
01.08.2025 14:53:54;0,002404;1,907601;0,52658;2,454917;0;4,886733;54,400002;45,5
01.08.2025 14:58:55;0,018512;1,260873;0,50424;2,178651;0;3,925149;54,400002;45,400002
01.08.2025 15:03:54;0,003123;1,55756;0,528189;2,468249;0;4,550691;54,599998;45,400002
01.08.2025 15:08:57;0,000006;1,022218;0,636699;2,471652;0;4,130569;54,799999;45,200001
01.08.2025 15:13:57;0,012857;0,464172;0,875061;2,112854;0;3,439453;54,400002;13,1
01.08.2025 15:18:56;0,004857;0,023332;2,218944;0,874864;0;3,112548;55,099998;20,6
01.08.2025 15:23:58;0,00482;0,763041;1,792008;0,902007;0,003092;3,448688;55,400002;-0,3
01.08.2025 15:28:59;0;3,357947;0,291813;0;0,01314;3,636803;54,200001;0
01.08.2025 15:33:58;0;2,879869;0,749936;0;0;3,630265;53,900002;0
01.08.2025 15:38:58;0;3,302216;0,310547;0;0;3,612671;53,799999;0
01.08.2025 15:43:58;0;2,853516;0,34552;0;0;3,198486;53,700001;0
01.08.2025 15:48:59;0;2,436519;0,604248;0;0;3,040767;53,700001;0
01.08.2025 15:53:58;0;2,954643;0,577609;0;0;3,532527;53,700001;0
01.08.2025 15:58:58;0;3,773895;0,359253;0;0;4,133057;53,599998;0
01.08.2025 16:03:57;0;4,139439;0,410058;0;0;4,549957;53,599998;0
01.08.2025 16:08:58;0;4,241964;0,438358;0;0;4,679957;53,599998;0
01.08.2025 16:14:00;0;3,893326;0,46892;0;0;4,361791;53,5;0
01.08.2025 16:19:00;0;4,036469;0,446594;0;0;4,483521;53,599998;0
01.08.2025 16:24:00;0;3,832581;0,46051;0;0;4,293091;53,5;0
01.08.2025 16:29:00;0;3,638306;0,527161;0;0;4,165283;53,5;0
01.08.2025 16:34:01;0;3,609885;0,463178;0;0;4,073336;53,5;0
01.08.2025 16:39:00;0;3,455917;0,518084;0;0;3,973817;53,5;0
01.08.2025 16:44:02;0;3,556369;0,324679;0;0;3,88123;53,5;0
01.08.2025 16:49:01;0;3,505888;0,309932;0;0;3,81582;53,5;0
01.08.2025 16:54:00;0;3,488435;0,323527;0;0;3,812146;53,5;0
01.08.2025 16:59:00;0;3,472137;0,244446;0;0;3,716675;53,5;0
01.08.2025 17:04:00;0;3,577972;0,298279;0;0;3,875977;53,400002;0
01.08.2025 17:09:01;0;3,546193;0,288345;0;0;3,834265;53,400002;0
01.08.2025 17:14:00;0;3,251806;0,36468;0;0;3,61667;53,400002;0
01.08.2025 17:19:00;0;2,218323;0,369507;0;0;2,587646;53,400002;0
01.08.2025 17:24:00;0;0,378571;0,374817;0;0;0,753662;53,400002;0
01.08.2025 17:29:02;0;0,457279;0,387977;0;0;0,845074;53,400002;0
01.08.2025 17:34:02;0,024988;0,403748;1,225159;0,011902;0,744965;0,87085;52,799999;-34,200001
01.08.2025 17:39:01;0,002779;0,045929;0,770329;0;0,525984;0,287335;53;-5,7
01.08.2025 17:44:02;0,003929;0,024728;0,784373;0;0,741212;0,063874;52,799999;-22,700001
01.08.2025 17:49:04;0,006633;0,034196;0,634078;0;0,637807;0,02401;52,900002;-13,3
01.08.2025 17:54:03;0,000436;0,025537;0,689493;0;0,65624;0,058422;52,900002;-11,2
01.08.2025 17:59:04;0,002196;0,028835;0,551324;0;0,378499;0,199287;53;-2,3
01.08.2025 18:04:05;0,01472;0,049639;0,78638;0,254127;0,014509;1,061038;53,299999;16,200001
01.08.2025 18:09:05;0,000555;0,606995;1,277893;2,072296;0;3,956543;54,099998;45,700001
01.08.2025 18:14:06;0;1,457787;1,30522;1,977448;0,001186;4,739451;55,900002;-0,3
01.08.2025 18:19:06;0;3,251312;0,855652;0;0,001373;4,105957;54,5;0
01.08.2025 18:24:06;0;2,873383;0,473511;0;0;3,346069;54,200001;0
01.08.2025 18:29:06;0;2,697601;0,340393;0;0;3,038452;54,099998;0
01.08.2025 18:34:07;0,000382;1,159678;0,369009;0;0;1,528231;54;0
01.08.2025 18:39:06;0;0,982707;0,382133;0;0;1,365024;53,900002;0
01.08.2025 18:44:06;0;0,799805;0,378662;0;0;1,178467;53,799999;0
01.08.2025 18:49:07;0;1,754163;0,50132;0;0;2,2553;53,799999;0
01.08.2025 18:54:08;0;2,506963;0,63144;0;0;3,138221;53,799999;0
01.08.2025 18:59:08;0;2,204132;0,382874;0;0;2,58728;53,700001;0
01.08.2025 19:04:08;0;1,377502;0,522949;0;0;1,900269;53,700001;0
01.08.2025 19:09:08;0;1,009186;0,712463;0;0;1,721924;53,700001;0
01.08.2025 19:14:08;0,004131;1,002502;0,301575;0;0,004028;1,295654;53,700001;0
01.08.2025 19:19:08;0,006546;0,159027;0,471313;0;0;0,623657;53,599998;0
01.08.2025 19:24:08;0,031992;0,026642;1,452209;0;0,913513;0,533569;52,700001;-31,5
01.08.2025 19:29:08;0,005138;0,041107;2,082642;0;1,7005;0,418213;52,5;-53,900002
01.08.2025 19:34:08;0,026556;0,034607;3,789551;0;3,449615;0,3479;52,299999;-72,5
01.08.2025 19:39:07;0,134126;0,01681;4,268868;0;3,766216;0,38544;52,400002;-68,699997
01.08.2025 19:44:08;0,089116;0,066338;3,353933;0;2,978445;0,352584;52,700001;-35
01.08.2025 19:49:08;0,004961;0,072968;1,8078;0;1,315338;0,560669;52,900002;-6,4
01.08.2025 19:54:09;0,006296;0,039419;1,210321;0;0,302307;0,940955;53;-9,1
01.08.2025 19:59:08;0,003984;0,05732;1,085589;0,040969;0,407854;0,771982;53,099998;1
01.08.2025 20:04:08;0,009922;0,065277;0,547668;0,005676;0,043854;0,565063;53,099998;0
01.08.2025 20:09:10;0,022873;0,012642;0,584058;0,000091;0,214634;0,359056;53;-6,6
01.08.2025 20:14:10;0,003445;0,024445;0,630615;0;0,393127;0,258545;53;-8,9
01.08.2025 20:19:10;0,003668;0,025452;0,94281;0;0,823792;0,140991;52,799999;-22,1
01.08.2025 20:24:10;0,000183;0,029297;1,166382;0;1,104034;0,091187;52,799999;-21,200001
01.08.2025 20:29:10;0,000212;0,028931;0,632813;0;0,601227;0,060059;53;-6,1
01.08.2025 20:34:10;0,000578;0,02179;0,304688;0;0,292511;0,034058;53;-4,5
01.08.2025 20:39:09;0,005311;0,028109;0,260328;0;0,270892;0,011758;53;-7,4
01.08.2025 20:44:10;0,000679;0,023451;0,373754;0;0,386073;0,010585;53;-7,5
01.08.2025 20:49:10;0,002712;0,029297;0,460876;0;0,485962;0,001465;53;-10,5
01.08.2025 20:54:10;0,021229;0,043121;0,742859;0;0,764648;0;52,799999;-9,7
01.08.2025 20:59:09;0,052101;0,066781;0,64485;0;0,659363;0;52,900002;-10,4
01.08.2025 21:04:09;0,048717;0,068024;0,544556;0;0,563873;0;53;-7,2
01.08.2025 21:09:10;0,046331;0,06506;0,45314;0;0,471846;0;53;-6,9
01.08.2025 21:14:13;0,101954;0,09264;0,703959;0,000091;0,694622;0,000363;52,900002;-7,2
01.08.2025 21:19:13;0,069557;0,078918;0,544922;0;0,553802;0;53;-6,6
01.08.2025 21:24:12;0,093501;0,094982;0,677919;0;0,679481;0;52,900002;-9
01.08.2025 21:29:12;0,07069;0,077271;0,650391;0;0,657074;0;52,900002;-10,5
01.08.2025 21:34:12;0,081305;0,104736;0,971191;0;0,994629;0;52,799999;-11,3
01.08.2025 21:39:12;0,105864;0,125336;0,993896;0;1,013214;0;52,900002;-11,2
01.08.2025 21:44:12;0,067892;0,092743;0,834229;0;0,859131;0;52,900002;-8,8
01.08.2025 21:49:11;0,104231;0,106189;2,017406;0;2,019243;0;52,299999;-72,599998
01.08.2025 21:54:15;0,200183;0,072188;2,968477;0;2,840634;0;52,5;-35,799999
01.08.2025 21:59:14;0,002802;0,039132;1,514754;0;1,551038;0;52,599998;-31,200001
01.08.2025 22:04:13;0,00527;0,047124;1,622964;0;1,664576;0;52,599998;-32,599998
01.08.2025 22:09:13;0,000704;0,044861;1,433167;0;1,47757;0;52,799999;-12,8
01.08.2025 22:14:15;0,000807;0,026465;0,593698;0;0,619254;0;52,900002;-11,5
01.08.2025 22:19:15;0,00729;0,023895;0,520935;0;0,537598;0;52,900002;-8,5
01.08.2025 22:24:16;0,004454;0,019436;0,439088;0;0,454053;0;52,900002;-8,5
01.08.2025 22:29:15;0,001567;0,022781;0,375703;0;0,396922;0;53;-7,5
01.08.2025 22:34:15;0,01593;0,019043;0,378296;0;0,381317;0;53;-8,9
01.08.2025 22:39:16;0,001933;0,02628;0,338715;0;0,363078;0;53;-7,6
01.08.2025 22:44:16;0,008875;0,029938;0,354858;0;0,375824;0;52,900002;-10,6
01.08.2025 22:49:16;0,012348;0,027924;0,525879;0;0,541443;0;52,900002;-12,3
01.08.2025 22:54:16;0,003273;0,024536;0,587952;0;0,609375;0;52,900002;-11,5
01.08.2025 22:59:16;0,000103;0,033783;0,537048;0;0,570557;0;52,900002;-10,9
01.08.2025 23:04:16;0,000109;0,031769;0,524048;0;0,555817;0;52,900002;-8,7
01.08.2025 23:09:16;0,000029;0,032959;0,38031;0;0,413177;0;53;-6,2
01.08.2025 23:14:16;0,000927;0,025085;0,299011;0;0,322998;0;53;-6,2
01.08.2025 23:19:15;0,000109;0,024526;0,302032;0;0,32665;0;53;-6,2
01.08.2025 23:24:15;0,002129;0,02829;0,325562;0;0,351654;0;53;-7,4
01.08.2025 23:29:17;0,005514;0,030012;0,484744;0;0,509209;0;52,900002;-9,8
01.08.2025 23:34:17;0,000057;0,032318;0,482666;0;0,514893;0;52,900002;-10,6
01.08.2025 23:39:18;0,000017;0,030568;0,444746;0;0,475405;0;52,900002;-8,1
01.08.2025 23:44:19;0,002515;0,019436;0,418466;0;0,435347;0;52,900002;-8,2
01.08.2025 23:49:19;0,005894;0,02536;0,387085;0;0,406494;0;52,900002;-8,5
01.08.2025 23:54:20;0,00016;0,02555;0,343642;0;0,369009;0;53;-5,8
01.08.2025 23:59:20;0,000063;0,02298;0,293518;0;0,316406;0;53;-5,3
02.08.2025 00:04:22;0,000102;0,028557;0,250648;0;0,279206;0;53;-5,3
02.08.2025 00:09:24;0,009333;0,027557;0,416717;0;0,434997;0;52,900002;-8,6
02.08.2025 00:14:24;0;0,025909;0,420776;0;0,446686;0;52,900002;-8,4
02.08.2025 00:19:24;0,000132;0,022888;0,353943;0;0,376556;0;52,900002;-7
02.08.2025 00:24:23;0;0,024894;0,318934;0;0,343828;0;52,900002;-5,8
02.08.2025 00:29:23;0,000006;0,021515;0,287109;0;0,308533;0;52,900002;-5,7
02.08.2025 00:34:23;0,002821;0,02829;0,199585;0;0,225128;0;53;-3,5
02.08.2025 00:39:24;0,000673;0,025185;0,170452;0;0,194998;0;53;-3,7
02.08.2025 00:44:23;0,000103;0,022322;0,174348;0;0,196394;0,000367;53;-3,7
02.08.2025 00:49:23;0,008652;0,033142;0,266418;0;0,290863;0;52,900002;-7,2
02.08.2025 00:54:25;0,001671;0,036833;0,353054;0;0,38825;0;52,900002;-6,5
02.08.2025 00:59:24;0,000034;0,031232;0,338408;0;0,369732;0;52,900002;-5,8
02.08.2025 01:04:24;0,000114;0,021515;0,288574;0;0,309906;0;52,900002;-5,8
02.08.2025 01:09:26;0;0,023009;0,283571;0;0,30658;0;52,900002;-5,6
02.08.2025 01:14:26;0,003067;0,024719;0,21936;0;0,241058;0;53;-3,6
02.08.2025 01:19:26;0,007181;0,024261;0,167908;0;0,184937;0;53;-3,7
02.08.2025 01:24:26;0,000383;0,022797;0,171387;0;0,194;0;53;-2,1
02.08.2025 01:29:26;0,016056;0,022156;0,243347;0;0,249207;0;52,900002;-7,5
02.08.2025 01:34:25;0,002193;0,047859;0,326283;0;0,371937;0;52,900002;-6,2
02.08.2025 01:39:25;0,000938;0,031769;0,338928;0;0,369965;0;52,900002;-7
02.08.2025 01:44:26;0,001557;0,023725;0,305318;0;0,3274;0;52,900002;-5,8
02.08.2025 01:49:25;0,016942;0,028476;0,312137;0;0,323435;0;52,900002;-6,9
02.08.2025 01:54:25;0,002575;0,020691;0,363281;0;0,3815;0;52,900002;-5,4
02.08.2025 01:59:25;0,003639;0,019958;0,264771;0;0,281067;0;52,900002;-5,9
02.08.2025 02:04:26;0,001916;0,018341;0,255679;0;0,272194;0;52,900002;-5,2
02.08.2025 02:09:25;0,009651;0,016443;0,280353;0;0,287335;0;52,900002;-6,8
02.08.2025 02:14:27;0,006446;0,026647;0,396526;0;0,416626;0;52,799999;-8,6
02.08.2025 02:19:27;0,005499;0,021515;0,377563;0;0,393494;0;52,799999;-7,2
02.08.2025 02:24:27;0,00428;0,030579;0,317688;0;0,344055;0;52,799999;-5,5
02.08.2025 02:29:27;0,00075;0,028381;0,264587;0;0,292145;0;52,799999;-5,6
02.08.2025 02:34:28;0,00718;0,016333;0,281228;0;0,290262;0;52,799999;-5,5
02.08.2025 02:39:28;0,000813;0,021149;0,214233;0;0,23465;0;52,900002;-3,4
02.08.2025 02:44:28;0;0,022247;0,15802;0;0,180267;0;52,900002;-3,4
02.08.2025 02:49:28;0,005665;0,016022;0,22229;0;0,232635;0;52,799999;-4,3
02.08.2025 02:54:28;0,004555;0,023987;0,219727;0;0,239319;0;52,799999;-7,2
02.08.2025 02:59:28;0;0,025452;0,330872;0;0,356323;0;52,799999;-6,5
02.08.2025 03:04:28;0,000795;0,022247;0,28894;0;0,310181;0;52,799999;-5,7
02.08.2025 03:09:27;0,000804;0,015983;0,275577;0;0,290825;0;52,799999;-5,5
02.08.2025 03:14:27;0,000881;0,019409;0,26825;0;0,286743;0;52,799999;-5,4
02.08.2025 03:19:27;0;0,020874;0,228333;0;0,249298;0;52,799999;-3,5
02.08.2025 03:24:27;0;0,02298;0,15802;0;0,180908;0;52,799999;-3,4
02.08.2025 03:29:26;0,00403;0,023883;0,1591;0;0,178849;0;52,799999;-3,3
02.08.2025 03:34:27;0,003028;0,022265;0,180307;0;0,199652;0;52,799999;-4,6
02.08.2025 03:39:28;0,005509;0,030203;0,343825;0;0,368553;0;52,700001;-7
02.08.2025 03:44:28;0,000017;0,024353;0,341675;0;0,366119;0;52,599998;-6,9
02.08.2025 03:49:27;0,00081;0,020025;0,303318;0;0,322425;0;52,599998;-5,4
02.08.2025 03:54:28;0,007545;0,028287;0,352949;0;0,373572;0;52,599998;-7,4
02.08.2025 03:59:28;0;0,024261;0,361267;0;0,385529;0;52,5;-7,3
02.08.2025 04:04:28;0;0,024078;0,252686;0;0,276855;0;52,599998;-4,8
02.08.2025 04:09:27;0,003755;0,02223;0,290825;0;0,309289;0;52,5;-5,8
02.08.2025 04:14:28;0,000091;0,030112;0,275206;0;0,305226;0;52,5;-5,9
02.08.2025 04:19:27;0,00763;0,028109;0,268596;0;0,28908;0;52,5;-7,2
02.08.2025 04:24:30;0;0,023749;0,297501;0;0,32116;0;52,5;-5,7
02.08.2025 04:29:29;0,00031;0,023424;0,275209;0;0,298542;0;52,5;-7,3
02.08.2025 04:34:29;0,000795;0,032959;0,259644;0;0,291595;0;52,5;-5,7
02.08.2025 04:39:30;0,000673;0,025185;0,263526;0;0,288254;0;52,5;-4,9
02.08.2025 04:44:29;0,007584;0,025353;0,255;0;0,272637;0;52,5;-3,4
02.08.2025 04:49:29;0,005676;0,024811;0,158386;0;0,177612;0;52,5;-3,4
02.08.2025 04:54:29;0;0,022705;0,15564;0;0,178253;0;52,5;-3,4
02.08.2025 04:59:29;0,004761;0,021973;0,153809;0;0,171204;0;52,5;-3,2
02.08.2025 05:04:29;0,007919;0,039642;0,28656;0;0,318146;0;52,400002;-7,1
02.08.2025 05:09:30;0,005395;0,030203;0,350942;0;0,375579;0;52,400002;-7,7
02.08.2025 05:14:30;0,002598;0,020874;0,324829;0;0,343231;0;52,400002;-5,5
02.08.2025 05:19:30;0,002335;0,020966;0,269897;0;0,288574;0;52,400002;-5,5
02.08.2025 05:24:28;0,00254;0,023871;0,265626;0;0,287009;0;52,400002;-5,4
02.08.2025 05:29:29;0,017685;0,030203;0,207134;0;0,219635;0;52,400002;-4,5
02.08.2025 05:34:30;0,002253;0,019618;0,218267;0;0,235421;0;52,400002;-4,5
02.08.2025 05:39:29;0,000689;0,023057;0,212929;0;0,235526;0;52,400002;-4,5
02.08.2025 05:44:28;0,018567;0,02719;0,279435;0;0,287886;0;52,400002;-5
02.08.2025 05:49:30;0,003086;0,019553;0,293575;0;0,310127;0;52,400002;-5,8
02.08.2025 05:54:30;0,009407;0,019775;0,312012;0;0,322357;0;52,299999;-7,8
02.08.2025 05:59:29;0,003399;0,022965;0,3983;0;0,417958;0;52,299999;-8,2
02.08.2025 06:04:29;0,00024;0,019867;0,384338;0;0,403931;0;52,299999;-7,6
02.08.2025 06:09:29;0;0,023804;0,34021;0;0,363922;0;52,400002;-5,4
02.08.2025 06:14:29;0,00313;0,016479;0,283264;0;0,292969;0,003662;52,299999;-5,4
02.08.2025 06:19:31;0,000011;0,020827;0,270111;0;0,275568;0,015279;52,400002;-4,7
02.08.2025 06:24:34;0,002498;0,019489;0,194889;0;0,181474;0,030457;52,400002;-3,1
02.08.2025 06:29:36;0,007259;0,029558;0,276659;0;0,241827;0,057114;52,400002;-5,8
02.08.2025 06:34:35;0,000769;0,019474;0,373498;0;0,272178;0,120151;52,400002;-4,2
02.08.2025 06:39:37;0,001194;0,020645;0,369061;0;0,175254;0,213178;52,400002;-1,1
02.08.2025 06:44:40;0,009201;0,022662;0,329409;0;0,025562;0,317262;52,5;0
02.08.2025 06:49:41;0,000051;0,049913;0,345102;0,240622;0;0,63582;52,799999;9,7
02.08.2025 06:54:41;0,000555;0,021606;0,301392;0,482208;0;0,804565;52,799999;5,9
02.08.2025 06:59:43;0,005968;0,022918;0,680825;0,117685;0,399891;0,415443;52,099998;-27,700001
02.08.2025 07:04:47;0,020927;0,045535;2,19853;0;2,036085;0,18684;51,700001;-48,700001
02.08.2025 07:09:48;0,005726;0,042978;0,80901;0;0,784464;0,062049;52,200001;-5,4
02.08.2025 07:14:49;0,00081;0,020166;0,29601;0;0,26526;0,050004;52,299999;-4,8
02.08.2025 07:19:51;0,009333;0,021372;0,27575;0;0,179619;0,108408;52,400002;0
02.08.2025 07:24:53;0,006787;0,031922;0,256651;0;0;0,281934;52,400002;0
02.08.2025 07:29:56;0,000714;0,060552;0,28898;0,013597;0;0,362223;52,400002;0
02.08.2025 07:34:55;0,013653;0,048318;0,246733;0;0;0,281456;52,5;0
02.08.2025 07:39:57;0,00137;0,038016;0,248829;0,099495;0;0,384885;52,5;0
02.08.2025 07:44:59;0,00291;0,034742;0,243918;0,116775;0;0,392525;52,599998;1,5
02.08.2025 07:49:59;0,005779;0,023163;0,268982;0,05722;0,004395;0,339111;52,5;0
02.08.2025 07:55:01;0,012954;0,016552;0,373244;0;0;0,377246;52,599998;0
02.08.2025 08:00:02;0,009963;0,044347;0,393646;0;0,003559;0,424123;52,5;0
02.08.2025 08:05:03;0,030808;0,011771;0,382514;0;0,036043;0,3274;52,5;-2,8
02.08.2025 08:10:06;0,005286;0,011784;0,369474;0;0,023024;0,353158;52,5;0
02.08.2025 08:15:08;0,015199;0,016825;0,368515;0;0,021463;0,348507;52,5;-3,3
02.08.2025 08:20:09;0,002777;0,022173;0,330137;0;0,176748;0,172642;52,400002;-3,4
02.08.2025 08:25:12;0,005818;0,034536;1,117487;0;1,027929;0,118565;52;-18,299999
02.08.2025 08:30:13;0,040646;0,033762;0,593663;0;0,492012;0,094534;51,799999;-38,799999
02.08.2025 08:35:15;0,022447;0,081761;1,607569;0;1,567734;0,099313;52,099998;-4,5
02.08.2025 08:40:17;0,029086;0,027284;0,438726;0;0,296122;0,140421;52,099998;-26,9
02.08.2025 08:45:19;0,021736;0,059843;1,577011;0;1,374291;0,24119;52,200001;0
02.08.2025 08:50:21;0,001165;0,069574;0,289937;0;0,000909;0,357238;52,299999;0
02.08.2025 08:55:21;0,011158;0,002747;0,39917;0;0,051544;0,339111;52,200001;-19,700001
02.08.2025 09:00:23;0,000017;0,069483;0,580056;0;0,313219;0,336866;52,400002;0
02.08.2025 09:05:25;0;0,080397;0,230822;0;0;0,311037;52,400002;0
02.08.2025 09:10:27;0;0,119958;0,184076;0;0;0,303761;52,400002;0
02.08.2025 09:15:28;0,020548;0,032393;0,250751;0,000274;0,033579;0,229216;52,400002;-4
02.08.2025 09:20:31;0,010696;0,025925;0,387966;0;0,172319;0,230967;52,400002;-2,8
02.08.2025 09:25:33;0,007406;0,022918;0,381793;0;0,023646;0,373608;52,5;0
02.08.2025 09:30:33;0,001225;0,05896;0,380127;0,095673;0;0,533569;52,599998;4,6
02.08.2025 09:35:34;0,001397;0,023633;0,350395;0,312618;0;0,685094;52,700001;8,3
02.08.2025 09:40:36;0,000233;0,027739;0,252285;0,436634;0;0,716658;52,799999;8,1
02.08.2025 09:45:37;0,001962;0,022082;0,264621;0,456699;0;0,741668;52,799999;7,3
02.08.2025 09:50:39;0,002171;0,018644;0,353418;0,3315;0;0,701015;52,799999;6,7
02.08.2025 09:55:42;0,032038;0,042422;1,337395;0,172772;0,713205;0,807477;52;-27,5
02.08.2025 10:00:43;0,004483;0,043343;2,786184;0;1,856452;0,968695;51,700001;-42
02.08.2025 10:05:45;0,008361;0,038561;2,525764;0;1,415854;1,140104;51,900002;-24,200001
02.08.2025 10:10:47;0,00407;0,028739;2,487021;0;1,179211;1,332547;51,799999;-33,900002
02.08.2025 10:15:48;0,010819;0,053289;1,788107;0,557164;0,696683;1,691019;52,400002;-10,8
02.08.2025 10:20:52;0,006223;0,042283;1,581814;0,33998;0,363561;1,594102;52,5;6,3
02.08.2025 10:25:54;0,012727;0,03647;2,465921;0,037197;0,985768;1,540996;52,099998;-11,9
02.08.2025 10:30:55;0,00661;0,048453;1,291167;0,454783;0,291539;1,496477;52,700001;20,299999
02.08.2025 10:35:56;0,013134;0,038233;0,571399;0,97271;0;1,56911;52,900002;21,700001
02.08.2025 10:40:58;0,002757;0,026647;0,547134;1,403485;0;1,974629;53,099998;23
02.08.2025 10:45:59;0,003798;0,033032;0,557529;1,823603;0;2,410422;53,299999;25,5
02.08.2025 10:51:01;0,000375;0,033014;0,524579;1,791008;0;2,348237;53,400002;31
02.08.2025 10:56:04;0,000283;0,02529;0,452506;1,446714;0;1,924239;53,400002;24,9
02.08.2025 11:01:05;0,000137;0,029017;0,385434;1,407235;0;1,821322;53,400002;25,700001
02.08.2025 11:06:07;0,000421;0,024283;0,321223;1,201311;0;1,546453;53,299999;18
02.08.2025 11:11:10;0,00034;0,026922;0,363854;0,894135;0;1,285002;53,299999;18
02.08.2025 11:16:12;0,011931;0,036742;0,365059;1,082899;0;1,472605;53,400002;20,799999
02.08.2025 11:21:13;0,001192;0,049183;0,482887;1,427766;0;1,958559;53,599998;36,700001
02.08.2025 11:26:15;0,000125;0,032832;0,534583;2,170345;0;2,737487;53,700001;43,599998
02.08.2025 11:31:18;0,002306;0,037981;0,51469;2,28483;0;2,835415;53,700001;40,299999
02.08.2025 11:36:19;0,007705;0,032667;0,467558;1,935473;0;2,427577;53,700001;29,700001
02.08.2025 11:41:21;0,002899;0,043381;0,373426;1,261154;0;1,675233;53,599998;19
02.08.2025 11:46:23;0,000705;0,041199;0,370152;0,964123;0;1,37511;53,599998;18
02.08.2025 11:51:24;0,001198;0,030021;0,383427;0,985393;0;1,397198;53,700001;18,5
02.08.2025 11:56:25;0,014121;0,039146;0,468105;0,900988;0;1,394278;53,599998;7,9
02.08.2025 12:01:26;0,00215;0,036317;0,458615;1,028828;0;1,521661;53,799999;22
02.08.2025 12:06:29;0,020718;0,015772;1,672424;0,153102;0;1,820177;53,5;0
02.08.2025 12:11:31;0,015666;0,025647;2,238737;0,102769;0,321041;2,030652;53,200001;-21,9
02.08.2025 12:16:32;0,000114;0,042796;4,31551;0;2,451667;1,90673;52,299999;-61,5
02.08.2025 12:21:36;0,000508;0,055203;4,504937;0;3,004887;1,55471;52,099998;-43,799999
02.08.2025 12:26:36;0,00174;0,069489;2,002075;0,515533;0,974945;1,610229;53;22,4
02.08.2025 12:31:39;0,002034;0,030276;0,455588;1,184928;0;1,668979;53,299999;23,1
02.08.2025 12:36:42;0,004385;0,024293;0,390142;1,306303;0;1,716115;53,599998;24,799999
02.08.2025 12:41:42;0,013189;0,033417;0,564331;1,261047;0;1,846069;53,700001;25,9
02.08.2025 12:46:46;0,011999;0,03894;1,467072;0,624576;0,115826;2,002475;53,5;23,299999
02.08.2025 12:51:47;0,000205;0,046446;0,548951;1,254577;0;1,849791;53,799999;21,299999
02.08.2025 12:56:49;0,000097;0,034196;0,595153;1,077442;0;1,706883;53,799999;18,1
02.08.2025 13:01:50;0,00004;0,029108;0,522672;1,045709;0;1,597215;53,900002;21,1
02.08.2025 13:06:52;0,002808;0,024101;0,441636;1,146834;0;1,610116;53,900002;21
02.08.2025 13:11:53;0;0,025367;0,431423;1,064323;0;1,520931;53,900002;19,700001
02.08.2025 13:16:54;0,045351;0,073364;0,997164;0,870968;0,310428;1,58444;53,700001;13,4
02.08.2025 13:21:55;0,163369;0,188976;3,237499;0,136325;1,646215;1,753068;53;-7,7
02.08.2025 13:26:57;0,250557;0,229913;3,164208;0,111227;1,273432;1,981541;53;-14,5
02.08.2025 13:31:59;0,21415;0,265291;2,081036;0,523033;0,408168;2,24674;53,299999;-16,799999
02.08.2025 13:37:01;0,130531;0,196717;1,600839;0,720478;0,182257;2,204541;53,799999;28,799999
02.08.2025 13:42:02;0,000006;0,0292;0,467375;1,694668;0;2,191061;54;32,700001
02.08.2025 13:47:05;0,000023;0,030095;0,377088;1,82625;0;2,233524;54,099998;33,099998
02.08.2025 13:52:07;0,002217;0,030285;0,339594;1,657317;0;2,025195;54;29,299999
02.08.2025 13:57:09;0,01375;0,0231;0,315584;1,437681;0;1,762178;53,900002;22,1
02.08.2025 14:02:11;0,001228;0,026647;0,44491;1,074987;0;1,545362;53,900002;19,5
02.08.2025 14:07:11;0;0,026184;0,447693;1,036835;0;1,51062;53,900002;19
02.08.2025 14:12:13;0,006599;0,034378;0,551317;0,949754;0;1,529355;53,799999;18,9
02.08.2025 14:17:15;0,002672;0,027375;0,505116;1,143015;0;1,672323;53,900002;22,200001
02.08.2025 14:22:17;0,00104;0,029103;0,465828;1,192126;0;1,686147;53,900002;23
02.08.2025 14:27:17;0,003525;0,0271;0,327576;1,2052;0;1,556396;53,900002;22,200001
02.08.2025 14:32:19;0,002603;0,025647;0,311582;1,294713;0;1,62976;53,900002;26,1
02.08.2025 14:37:21;0,001279;0,044564;0,218817;1,408033;0;1,67014;53,900002;23,1
02.08.2025 14:42:22;0,012455;0,031937;0,270461;0,966961;0;1,256675;53,799999;13,4
02.08.2025 14:47:23;0,000331;0,028105;0,289805;0,503601;0;0,821237;53,599998;3,6
02.08.2025 14:52:25;0,023527;0,014097;0,304307;0,025556;0,037015;0,283025;53,5;-3
02.08.2025 14:57:26;0,011611;0,051829;0,295463;0,003102;0,026006;0,313165;53,5;1,3
02.08.2025 15:02:29;0,002;0,034083;0,324695;0,140955;0;0,497829;53,599998;5,7
02.08.2025 15:07:31;0,000574;0,031195;0,199718;0,360512;0;0,590424;53,599998;8,1
02.08.2025 15:12:33;0,005713;0,034832;0,207904;0,460826;0;0,698105;53,700001;8,9
02.08.2025 15:17:35;0,010379;0,02592;0,263745;0,522305;0;0,80142;53,700001;11,5
02.08.2025 15:22:37;0,006668;0,028466;0,333955;0,636079;0;0,99168;53,700001;12,5
02.08.2025 15:27:39;0,001427;0,030376;0,358693;0,750854;0;1,138649;53,799999;16,299999
02.08.2025 15:32:40;0,010106;0,052377;0,648047;0,730536;0,143899;1,277115;53,799999;17,299999
02.08.2025 15:37:43;0,00898;0,027738;0,396849;1,0253;0;1,440913;53,900002;21,799999
02.08.2025 15:42:45;0,007685;0,040016;0,482926;1,296078;0;1,811289;54;25,5
02.08.2025 15:47:44;0,007728;0,025445;0,517166;1,280973;0;1,8155;54;21,9
02.08.2025 15:52:46;0,093067;0,113592;0,789779;0,901643;0,166159;1,54427;53,700001;13,6
02.08.2025 15:57:46;0,143126;0,159668;0,777649;0,743774;0,14566;1,390503;53,799999;15,9
02.08.2025 16:02:49;0,165764;0,136604;0,843917;0,727799;0,122191;1,419883;53,799999;15,6
02.08.2025 16:07:51;0,161731;0,128598;0,938749;0,627621;0,124506;1,408578;53,599998;0
02.08.2025 16:12:50;0,184217;0,154507;1,489952;0,145596;0,161672;1,444022;53,599998;17,299999
02.08.2025 16:17:53;0,149816;0,167242;0,853525;0,843735;0,115483;1,595374;53,799999;20,299999
02.08.2025 16:22:52;0,057739;0,073579;0,827649;1,143919;0,041245;1,946307;54;23,200001
02.08.2025 16:27:55;0,39396;0,14023;4,214689;0,201779;2,179227;1,98334;52,900002;-25,9
02.08.2025 16:32:57;0,114723;0,18935;2,110503;0,542495;0,72648;2,001185;53,599998;27,200001
02.08.2025 16:37:59;0,000045;0,030194;0,569143;1,549;0;2,148518;54,099998;31,1
02.08.2025 16:43:00;0,002025;0,036408;0,681079;1,680434;0;2,395823;54,200001;36,299999
02.08.2025 16:48:02;0,000227;0,035651;0,483653;1,99209;0;2,511213;54,200001;37,299999
02.08.2025 16:53:04;0,005093;0,036015;0,579147;1,854216;0;2,463921;54,099998;30,5
02.08.2025 16:58:05;0,000023;0,028196;0,552419;1,530239;0;2,110762;54,099998;26,200001
02.08.2025 17:03:06;0;0,028287;0,544754;1,352395;0;1,92571;54;25,1
02.08.2025 17:08:08;0,002393;0,026647;0,546588;1,33864;0;1,909511;54;24,200001
02.08.2025 17:13:09;0,009102;0,031755;0,810287;1,049176;0;1,881911;53,799999;9,5
02.08.2025 17:18:09;0,00392;0,033142;1,2453;0,527985;0;1,80249;53,799999;8
02.08.2025 17:23:11;0,000387;0,033104;0,714111;1,06471;0;1,811653;54,099998;25,200001
02.08.2025 17:28:13;0;0,030012;0,472194;1,426858;0;1,928792;54,099998;26,4
02.08.2025 17:33:14;0,000046;0,030021;0,4546;1,363162;0;1,847966;54,099998;23,700001
02.08.2025 17:38:16;0,004439;0,032195;0,486381;1,182394;0;1,696697;54;19,4
02.08.2025 17:43:18;0,001881;0,030103;0,628076;0,922106;0;1,578466;53,900002;11
02.08.2025 17:48:19;0,004642;0,033488;0,912121;0,587915;0;1,528596;53,900002;15,3
02.08.2025 17:53:21;0,004388;0,032013;0,583694;0,850622;0;1,462055;54;17,1
02.08.2025 17:58:23;0,000745;0,037379;0,461826;0,817972;0;1,316177;53,900002;12,3
02.08.2025 18:03:25;0,000523;0,037925;0,45164;0,538676;0;1,027695;53,799999;8,3
02.08.2025 18:08:27;0,024379;0,017189;0,582421;0,266109;0,012823;0,828704;53,599998;0
02.08.2025 18:13:29;0,01134;0,027193;0,995863;0;0,255832;0,755583;53,299999;-3,5
02.08.2025 18:18:29;0,008171;0,034607;0,568359;0,254059;0,06189;0,787354;53,700001;6,8
02.08.2025 18:23:31;0,01109;0,025283;0,362331;0,209177;0,004184;0,581693;53,5;0
02.08.2025 18:28:33;0,035418;0,002728;0,37761;0;0;0,344505;53,5;0
02.08.2025 18:33:34;0,02178;0,007391;0,363534;0;0;0,349665;53,400002;0
02.08.2025 18:53:50;0,002154;0,042848;0,38922;0,12773;0;0,557538;53,5;2,1
02.08.2025 18:58:52;0,000574;0,030012;0,243009;0,214179;0;0,486745;53,700001;5,5
02.08.2025 19:03:59;0,000509;0,021651;0,217579;0,278058;0;0,517109;53,700001;5,1
02.08.2025 19:08:54;0,005202;0,022159;0,468129;0,20753;0,157812;0,534792;53,200001;-19,4
02.08.2025 19:13:55;0,019744;0,044256;2,05875;0;1,506331;0,576691;52,700001;-33,900002
02.08.2025 19:18:54;0,000666;0,050798;1,895785;0;1,363646;0,582018;52,900002;-17
02.08.2025 19:23:55;0,000034;0,029747;1,277115;0;0,880914;0,425948;52,900002;-15,2
02.08.2025 19:28:54;0,000281;0,027466;1,262877;0;0,842346;0,447537;52,900002;-14,7
02.08.2025 19:33:55;0,000759;0,024637;1,311607;0;0,819595;0,516102;52,900002;-15,7
02.08.2025 19:38:57;0,001177;0,032286;1,215772;0,010095;0,720023;0,537311;53,099998;1,5
02.08.2025 19:43:58;0,000131;0,024363;0,278491;0,215803;0;0,517927;53,200001;3,8
02.08.2025 19:49:00;0,000369;0,027011;0,248648;0,148334;0;0,424174;53,200001;0
02.08.2025 19:54:03;0,001173;0,030095;0,237493;0,022752;0;0,288618;53,200001;0
02.08.2025 19:59:05;0,014739;0,043472;1,620302;0;1,476697;0,172434;52,700001;-22,4
02.08.2025 20:04:07;0;0,031558;0,466555;0;0,402802;0,095676;53;-6,1
02.08.2025 20:09:09;0,000398;0,022191;0,330499;0;0,309491;0,042563;53;-5,4
02.08.2025 20:14:11;0,000574;0,018098;0,294121;0;0,289937;0,021827;53,099998;-5,8
02.08.2025 20:19:10;0,000436;0,037478;0,279619;0;0,294867;0,021679;53,099998;-5,4
02.08.2025 20:24:13;0,004544;0,028644;0,352977;0;0,302759;0,07433;53,099998;-3,9
02.08.2025 20:29:15;0,000648;0,021645;0,274294;0;0,252376;0,04329;53,099998;-5,3
02.08.2025 20:34:17;0;0,022009;0,27866;0;0,2873;0,013096;53,099998;-5,5
02.08.2025 20:39:19;0;0,022464;0,282116;0;0,30267;0,002183;53;-6,1
02.08.2025 20:44:21;0,00536;0,027557;0,333591;0;0,355328;0;53;-8,2
02.08.2025 20:49:23;0,002495;0,030285;0,354873;0;0,38243;0,000364;53;-7,3
02.08.2025 20:54:24;0,005692;0,031572;0,349482;0;0,375397;0;53;-7
02.08.2025 20:59:26;0,000176;0,024101;0,345051;0;0,369152;0;53;-6,7
02.08.2025 21:04:28;0,000131;0,039562;0,288118;0;0,327498;0;53;-5,5
02.08.2025 21:09:31;0,003558;0,027647;0,287349;0;0,311279;0;53;-6,9
02.08.2025 21:14:33;0,007514;0,016461;0,267019;0;0,275931;0;53,099998;-4,7
02.08.2025 21:19:35;0,000603;0,024646;0,226093;0;0,250194;0;53;-4,7
02.08.2025 21:24:37;0,000801;0,027375;0,229549;0;0,256196;0;53,099998;-4,8
02.08.2025 21:29:39;0,003803;0,024737;0,19408;0;0,214997;0;53,099998;-6,3
02.08.2025 21:34:41;0,002615;0,019917;0,303033;0;0,320313;0;53;-6,3
02.08.2025 21:39:43;0,003331;0,02592;0,293029;0;0,315584;0;53;-5,4
02.08.2025 21:44:45;0,002416;0,023191;0,282843;0;0,303579;0;53;-5,8
02.08.2025 21:49:45;0,000692;0,019592;0,299377;0;0,318329;0;53;-6,1
02.08.2025 21:54:47;0,003069;0,027557;0,2883;0;0,312674;0;53;-5,1
02.08.2025 21:59:48;0,002293;0,022447;0,207682;0;0,227939;0;53,099998;-3,7
02.08.2025 22:04:51;0,009682;0,041788;0,208668;0;0,240666;0;53;-5,3
02.08.2025 22:09:52;0,000194;0,029656;0,247831;0;0,277304;0;53;-5,3
02.08.2025 22:14:53;0,009707;0,026462;0,324662;0;0,341635;0;53;-7,3
02.08.2025 22:19:54;0,004323;0,026097;0,820142;0;0,841859;0;52,599998;-34,700001
02.08.2025 22:24:56;0,00719;0,053567;0,843619;0;0,889547;0;52,900002;-9,7
02.08.2025 22:29:58;0,002677;0,027011;0,528217;0;0,55259;0;52,900002;-10,5
02.08.2025 22:34:59;0,000125;0,025823;0,61319;0;0,639105;0;52,799999;-13,4
02.08.2025 22:40:01;0,000051;0,026193;0,625166;0;0,651267;0;52,900002;-11,1
02.08.2025 22:45:03;0,000034;0,025374;0,39398;0;0,419172;0;52,900002;-7,6
02.08.2025 22:50:05;0;0,027648;0,375973;0;0,40362;0;52,900002;-7,7
02.08.2025 22:55:05;0,000326;0,023529;0,378296;0;0,401367;0;53;-7,2
02.08.2025 23:00:06;0,000068;0,029656;0,328312;0;0,358059;0;53;-6,2
02.08.2025 23:05:07;0,004254;0,035861;0,417918;0;0,44949;0;52,900002;-8,5
02.08.2025 23:10:09;0,000074;0,027921;0,413442;0;0,441272;0;52,900002;-8,3
02.08.2025 23:15:11;0,001495;0,021281;0,418535;0;0,438271;0;52,900002;-8,3
02.08.2025 23:20:13;0,003462;0,024556;0,460735;0;0,481925;0;52,900002;-9,5
02.08.2025 23:25:15;0,00004;0,024283;0,464554;0;0,488837;0;52,900002;-9,2
02.08.2025 23:30:16;0,000291;0,025276;0,329225;0;0,354044;0;53;-6,5
02.08.2025 23:35:17;0,000051;0,026006;0,255131;0;0,281137;0;53;-4,3
02.08.2025 23:40:18;0,000137;0,02117;0,204032;0;0,225201;0;53;-3,6
02.08.2025 23:45:21;0,010798;0,034536;0,250002;0;0,273661;0;53;-6,9
02.08.2025 23:50:23;0;0,025465;0,344687;0;0,370061;0;53;-6,9
02.08.2025 23:55:23;0,000332;0,026001;0,341125;0;0,366852;0;52,900002;-6,7
03.08.2025 00:00:24;0,001027;0,022447;0,30623;0;0,327674;0;53;-5,5
03.08.2025 00:05:26;0;0,023828;0,28248;0;0,306126;0;53;-5,8
03.08.2025 00:10:28;0,000642;0,02783;0,217544;0;0,244828;0;53;-3,7
03.08.2025 00:15:31;0,000079;0,024203;0,171321;0;0,195524;0;53;-3,8
03.08.2025 00:20:33;0,004024;0,023282;0,174253;0;0,193352;0;53;-3,8
03.08.2025 00:25:35;0,004775;0,020827;0,179346;0;0,195535;0;53;-3,7
03.08.2025 00:30:38;0,008549;0,02801;0,293331;0;0,31273;0;53;-6
03.08.2025 00:35:36;0,012817;0,019263;0,345443;0;0,351894;0;52,900002;-7,2
03.08.2025 00:40:38;0,000387;0,031558;0,334137;0;0,365241;0;52,900002;-6,9
03.08.2025 00:45:41;0,006991;0,030367;0,395399;0;0,418786;0;52,900002;-8,5
03.08.2025 00:50:43;0,015097;0,018462;0,447456;0;0,450821;0;52,900002;-7,5
03.08.2025 00:55:45;0,000739;0,030103;0,260834;0;0,290301;0;53;-5,3
03.08.2025 01:00:47;0,004036;0,031286;0,265382;0;0,292575;0;52,900002;-6,3
03.08.2025 01:05:48;0,0028;0,021352;0,316998;0;0,335521;0;52,900002;-6,2
03.08.2025 01:10:51;0,005858;0,020395;0,263055;0;0,27765;0;53;-4,6
03.08.2025 01:15:53;0,010521;0,02401;0,347233;0;0,360784;0;52,900002;-5,2
03.08.2025 01:20:55;0,000801;0,028011;0,278842;0;0,305944;0;53;-5,7
03.08.2025 01:25:57;0,000006;0,019099;0,27193;0;0,290938;0;52,900002;-5,4
03.08.2025 01:30:59;0,006508;0,018735;0,278296;0;0,290483;0;53;-5,4
03.08.2025 01:36:00;0,003593;0,017702;0,279951;0;0,294185;0;52,900002;-5,8
03.08.2025 01:41:01;0,001734;0,023451;0,182132;0;0,203849;0,000365;53;-3,7
03.08.2025 01:46:04;0,000011;0,02248;0,174947;0;0,197246;0;53;-3,8
03.08.2025 01:51:06;0,003297;0,02883;0,178619;0;0,204266;0;53;-4,7
03.08.2025 01:56:05;0,005816;0,023791;0,289539;0;0,307544;0;52,900002;-7
03.08.2025 02:01:07;0,000506;0,024919;0,343414;0;0,367878;0;52,900002;-6,9
03.08.2025 02:06:09;0;0,024192;0,336684;0;0,360694;0;52,900002;-5,8
03.08.2025 02:11:11;0,000392;0,01919;0,284844;0;0,303852;0;52,900002;-5,8
03.08.2025 02:16:13;0;0,01919;0,277205;0;0,296122;0;52,900002;-5,5
03.08.2025 02:21:16;0,00332;0,026922;0,217188;0;0,241119;0;52,900002;-4,7
03.08.2025 02:26:17;0,000125;0,019618;0,228486;0;0,247922;0;53;-4,6
03.08.2025 02:31:19;0,000603;0,019917;0,228457;0;0,247647;0;53;-4,5
03.08.2025 02:36:21;0,008418;0,022282;0,225547;0;0,239462;0;52,900002;-5,7
03.08.2025 02:41:24;0,001076;0,026287;0,276109;0;0,301218;0;52,900002;-5,8
03.08.2025 02:46:25;0,003753;0,026006;0,308603;0;0,330776;0;52,900002;-7,7
03.08.2025 02:51:27;0;0,023828;0,383066;0;0,407076;0;52,900002;-7,5
03.08.2025 02:56:29;0,000011;0,025738;0,369061;0;0,394526;0;52,900002;-7,5
03.08.2025 03:01:32;0;0,02384;0,359503;0;0,383524;0;52,900002;-7
03.08.2025 03:06:32;0,000029;0,018311;0,24115;0;0,259186;0;52,900002;-4,6
03.08.2025 03:11:33;0,003667;0,022173;0,261518;0;0,280133;0;52,900002;-4,4
03.08.2025 03:16:36;0,001139;0,023931;0,206673;0;0,229607;0;52,900002;-4,3
03.08.2025 03:21:37;0,014166;0,040058;0,216989;0;0,242904;0;52,900002;-7,7
03.08.2025 03:26:38;0,002572;0,025002;0,285973;0;0,308238;0;52,900002;-3,8
03.08.2025 03:31:41;0,00034;0,021121;0,270488;0;0,291337;0;52,900002;-5,5
03.08.2025 03:36:42;0;0,02117;0,265898;0;0,287159;0;52,900002;-5,4
03.08.2025 03:41:44;0,003445;0,022918;0,270293;0;0,289573;0;52,900002;-6,1
03.08.2025 03:46:46;0,0017;0,019644;0,284299;0;0,302397;0;52,900002;-4,5
03.08.2025 03:51:47;0,001642;0,021352;0,220274;0;0,239984;0;52,900002;-4,4
03.08.2025 03:56:49;0,007918;0,016098;0,221;0;0,229276;0;52,900002;-3,2
03.08.2025 04:01:51;0,010249;0,03365;0,14224;0;0,165432;0;53;-3,2
03.08.2025 04:06:52;0,02977;0,029017;0,300208;0;0,299387;0;52,900002;-6,4
03.08.2025 04:11:53;0,002891;0,029747;0,262978;0;0,289714;0;52,900002;-4,7
03.08.2025 04:16:55;0,000347;0,023919;0,265745;0;0,289482;0;52,900002;-5,5
03.08.2025 04:21:57;0,000125;0,0231;0,262653;0;0,285663;0;52,900002;-5,4
03.08.2025 04:27:00;0,002453;0,025653;0,239487;0;0,262512;0;52,900002;-4,4
03.08.2025 04:32:02;0,003717;0,022191;0,214088;0;0,232732;0;52,900002;-4,4
03.08.2025 04:37:04;0,007185;0,022646;0,21045;0;0,225911;0;52,900002;-4,2
03.08.2025 04:42:06;0,001995;0,015461;0,198809;0;0,211996;0;53;-3,8
03.08.2025 04:47:08;0,013187;0,030012;0,278478;0;0,295394;0;52,900002;-7,8
03.08.2025 04:52:10;0;0,022555;0,379428;0;0,402074;0;52,799999;-7,5
03.08.2025 04:57:11;0;0,025185;0,366819;0;0,392095;0;52,799999;-7,3
03.08.2025 05:02:13;0,000347;0,023191;0,353418;0;0,376154;0;52,799999;-7
03.08.2025 05:07:16;0,00294;0,023024;0,358234;0;0,378358;0;52,799999;-8,2
03.08.2025 05:12:18;0,000006;0,023828;0,32195;0;0,345869;0;52,900002;-4,4
03.08.2025 05:17:19;0,000587;0,023725;0,215347;0;0,238341;0;52,900002;-4,6
03.08.2025 05:22:22;0,000034;0,022843;0,193802;0;0,216554;0;52,900002;-3,4
03.08.2025 05:27:24;0,000182;0,021827;0,157883;0;0,179528;0;52,900002;-3,4
03.08.2025 05:32:26;0,004758;0,028648;0,267382;0;0,291392;0;52,900002;-5,5
03.08.2025 05:37:27;0;0,018797;0,276301;0;0,295007;0;52,799999;-5,4
03.08.2025 05:42:29;0;0,019008;0,272839;0;0,291756;0;52,799999;-5,5
03.08.2025 05:47:31;0,000841;0,026011;0,319768;0;0,345051;0;52,799999;-6,8
03.08.2025 05:52:34;0;0,026106;0,306747;0;0,332762;0;52,900002;-4,6
03.08.2025 05:57:36;0,001239;0,016279;0,22682;0;0,241917;0;52,900002;-4,6
03.08.2025 06:02:37;0,00199;0,019892;0,208412;0;0,226296;0;52,900002;-3,9
03.08.2025 06:07:39;0,000432;0,022009;0,202083;0;0,223819;0;52,900002;-4,2
03.08.2025 06:12:41;0,011346;0,027193;0,621892;0;0,636625;0,000728;52,400002;-34,700001
03.08.2025 06:17:44;0,016158;0,038253;1,901215;0;1,907016;0,016679;51,900002;-73,099998
03.08.2025 06:22:45;0,010585;0,060315;2,425205;0;2,403944;0,071174;52,200001;-31,1
03.08.2025 06:27:48;0;0,033992;1,349542;0;1,254816;0,128355;52,299999;-22,200001
03.08.2025 06:32:49;0,011674;0,038507;2,269899;0;2,035938;0,260971;51,900002;-45,599998
03.08.2025 06:37:51;0,00087;0,051021;2,049932;0;1,652678;0,447456;52,099998;-22,6
03.08.2025 06:42:52;0,002829;0,034309;1,270728;0;0,908197;0,394194;52,200001;-15,9
03.08.2025 06:47:53;0,007351;0,02847;1,272005;0;0,887392;0,405509;52,200001;-15,9
03.08.2025 06:52:56;0,005105;0,044145;1,126371;0,019036;0,633346;0,551129;52,5;1,8
03.08.2025 06:57:58;0,000733;0,039744;0,393798;0,074576;0,005184;0,502024;52,5;-0,3
03.08.2025 07:03:00;0,001501;0,064663;0,393252;0,041563;0,008003;0,490019;52,599998;2
03.08.2025 07:08:01;0,010254;0,043617;1,62897;0,011954;1,158036;0,516467;52,200001;-21,200001
03.08.2025 07:13:04;0,155832;0,020667;3,777049;0;3,0633;0,578323;51,5;-73,699997
03.08.2025 07:18:05;0,853009;0;5,283292;0;3,805157;0,625235;51,400002;-73,800003
03.08.2025 07:23:08;0,054903;0,049493;4,077632;0;3,285021;0,787172;51,700001;-46,700001
03.08.2025 07:28:10;0,002512;0,062753;1,538814;0,347415;1,041882;0,904007;52,5;16,9
03.08.2025 07:33:12;0,00827;0,039471;0,229367;0,704198;0,003547;0,961486;52,5;3
03.08.2025 07:38:15;0,002176;0,022752;0,366211;0,188635;0;0,575423;52,5;2,8
03.08.2025 07:43:16;0,004562;0,03139;0,379594;0,17465;0;0,581071;52,5;3,3
03.08.2025 07:48:16;0,00087;0,02948;0,373718;0,234009;0;0,636475;52,700001;12,1
03.08.2025 07:53:17;0,000006;0,025915;0,386529;0,509715;0;0,921611;52,700001;14,3
03.08.2025 07:58:19;0,000745;0,035014;0,248102;0,699378;0;0,982221;52,799999;11,2
03.08.2025 08:03:21;0,002115;0,039562;0,229731;0,811333;0;1,078261;52,799999;11,8
03.08.2025 08:08:24;0,001224;0,022662;0,272664;0,654194;0;0,948523;52,900002;17,1
03.08.2025 08:13:26;0,007094;0,022828;0,273749;0,497477;0,001728;0,78505;52,700001;-7,8
03.08.2025 08:18:28;0,000188;0,024737;0,321405;0,330772;0,000091;0,676641;52,799999;7
03.08.2025 08:23:30;0,000512;0,021009;0,297395;0,23446;0;0,55259;52,799999;3
03.08.2025 08:28:31;0,02259;0,0146;0,299478;0,033032;0,000274;0,324115;52,700001;0
03.08.2025 08:33:34;0,006493;0,031182;0,321069;0,034355;0;0,379989;52,700001;1
03.08.2025 08:38:36;0,000119;0,032741;0,279206;0,117685;0;0,429631;52,700001;0
03.08.2025 08:43:38;0,008748;0,039925;0,538403;0,040289;0,208631;0,401256;52,5;-12,9
03.08.2025 08:48:40;0,003564;0,034832;0,827976;0,061389;0,381975;0,538403;52,700001;2,4
03.08.2025 08:53:42;0,010095;0,046292;0,456551;0,155518;0,048474;0,599883;52,700001;0
03.08.2025 08:58:44;0,001205;0,079487;0,419627;0,030922;0,000091;0,528944;52,700001;2
03.08.2025 09:03:44;0,002821;0,020325;0,418762;0,20105;0;0,637207;52,700001;0
03.08.2025 09:08:46;0,017615;0,074758;1,870586;0;1,545362;0,382703;52,299999;0
03.08.2025 09:13:47;0,02109;0,047906;0,651332;0,240714;0,239071;0,678524;52,700001;7,6
03.08.2025 09:18:50;0,000068;0,025472;0,351708;0,398118;0;0,77557;52,799999;7,9
03.08.2025 09:23:52;0,007048;0,025465;0,262653;0,413533;0;0,694467;52,900002;9,3
03.08.2025 09:28:54;0;0,025192;0,217362;0,404348;0;0,646811;52,799999;6
03.08.2025 09:33:56;0,00619;0,022282;0,220272;0,284026;0;0,520577;52,799999;5,5
03.08.2025 09:38:58;0,012539;0,032468;0,335592;0,239735;0,002183;0,592971;52,900002;5,3
03.08.2025 09:44:00;0,00141;0,026829;0,362331;0,353691;0;0,741759;52,900002;9,8
03.08.2025 09:49:01;0,010437;0,031572;0,383974;0,549955;0;0,95446;53;8,2
03.08.2025 09:54:03;0,000938;0,025556;0,359784;0,382703;0;0,767588;52,900002;7
03.08.2025 09:59:06;0,000136;0,022299;0,247102;0,423137;0;0,692175;53;6,8
03.08.2025 10:04:08;0,003263;0,024646;0,260652;0,247283;0;0,529308;52,900002;6,3
03.08.2025 10:09:09;0,001277;0,035496;0,213887;0,680988;0;0,929275;53,200001;17,700001
03.08.2025 10:14:11;0,004292;0,036197;0,346506;1,01769;0,000182;1,395846;53,299999;21,700001
03.08.2025 10:19:13;0,004081;0,032013;0,524943;1,18385;0;1,736713;53,400002;26,4
03.08.2025 10:24:16;0,007518;0,036712;0,608599;1,525758;0;2,163183;53,5;30,200001
03.08.2025 10:29:17;0,021997;0,034127;2,06313;0,568296;0,000365;2,643654;53,400002;18
03.08.2025 10:34:20;0,020237;0,024112;2,339218;0,977892;0;3,320917;53,400002;18,4
03.08.2025 10:39:21;0,014885;0,026371;2,233583;1,061768;0,000091;3,306848;53,299999;6,3
03.08.2025 10:44:23;0,00831;0,054386;0,743214;1,54036;0;2,329684;53,900002;32,700001
03.08.2025 10:49:26;0,022639;0,030457;0,810922;1,385347;0,001904;2,201979;53,599998;2
03.08.2025 10:54:27;0,010151;0,052833;0,96906;1,695763;0,002646;2,704973;54,099998;41,099998
03.08.2025 10:59:29;0,00316;0,09222;0,73321;2,423358;0;3,245696;54,200001;45,700001
03.08.2025 11:04:31;0,00511;0,077214;0,730664;1,847213;0;2,649815;53,900002;26,299999
03.08.2025 11:09:34;0,008566;0,032179;0,732241;1,594377;0;2,350277;54;32,299999
03.08.2025 11:14:36;0,003672;0,031377;0,631714;1,741442;0;2,400986;54;32,200001
03.08.2025 11:19:38;0,00503;0,039562;0,467465;1,906055;0;2,408261;54;37,599998
03.08.2025 11:24:39;0,004243;0,0292;0,45825;1,984656;0;2,467726;54,099998;39,5
03.08.2025 11:29:41;0,009743;0,03074;0,507299;2,074943;0;2,602887;54,099998;45
03.08.2025 11:34:43;0,000648;1,296259;0,629895;2,462738;0;4,388711;54,099998;45,700001
03.08.2025 11:39:46;0,004011;1,72101;0,832495;2,429048;0;4,978293;54;32,900002
03.08.2025 11:44:48;0,010879;1,302717;0,787232;2,345508;0;4,424725;54;33,799999
03.08.2025 11:49:48;0,004755;0,78067;0,702026;2,207062;0;3,684814;54;28,4
03.08.2025 11:54:50;0,000006;1,814199;0,636443;2,260564;0;4,711025;54,200001;45,700001
03.08.2025 11:59:52;0;2,726847;0,504207;2,47729;0;5,708525;54,200001;45,700001
03.08.2025 12:04:53;0,001939;3,282485;0,674509;2,437614;0;6,392875;54,200001;45,5
03.08.2025 12:09:56;0,021438;0,282726;1,526483;1,579965;0,031817;3,335783;53,599998;-0,3
03.08.2025 12:14:58;0,017411;0,05575;0,618436;0,535311;0,035833;1,156475;53,799999;13,8
03.08.2025 12:20:00;0,129951;0,107499;2,372247;0,299668;1,210497;1,438409;52,900002;-51,700001
03.08.2025 12:25:01;0,097773;0,148735;2,623396;0,013687;1,045161;1,643204;53,099998;-9,5
03.08.2025 12:30:04;0,174794;0,190629;2,567646;0,147572;0,766777;1,964123;53,400002;9,6
03.08.2025 12:35:05;0,233591;0,25285;1,848696;0,903361;0,396749;2,374653;53,799999;35
03.08.2025 12:40:08;0,002697;0,044598;0,470817;1,990592;0;2,50365;54,099998;39,599998
03.08.2025 12:45:10;0,006491;0,079669;0,444182;2,295215;0;2,812427;54,299999;45,599998
03.08.2025 12:50:12;0,001773;0,269656;0,49493;2,464921;0;3,227507;54,299999;45,5
03.08.2025 12:55:14;0,00112;0,084853;0,566778;2,451552;0;3,102364;54,299999;45,5
03.08.2025 13:00:14;0,000011;0,274841;0,578247;2,400238;0;3,253052;54,200001;35,5
03.08.2025 13:05:16;0,004076;0,037743;0,544951;1,390207;0;1,969172;54,099998;29,799999
03.08.2025 13:10:17;0,000302;0,067159;0,529242;2,322641;0;2,918859;54,400002;42,099998
03.08.2025 13:15:19;0,004905;0,021554;0,413624;1,173936;0;1,603567;53,799999;8,3
03.08.2025 13:20:19;0,002455;0,032043;0,285645;0,320343;0;0,635742;53,700001;4,6
03.08.2025 13:25:22;0,001399;0,023024;0,273389;0,35624;0;0,651203;53,799999;10,9
03.08.2025 13:30:24;0,003644;0,034378;0,501115;0,919286;0;1,451505;54,099998;21,5
03.08.2025 13:35:26;0,027199;0,026556;1,445139;0,842619;0,072757;2,214364;53,599998;-5,5
03.08.2025 13:40:27;0,007682;0,033944;2,58781;0;0,56273;2,050903;53,200001;-8,4
03.08.2025 13:45:29;0,007639;0,043381;2,160341;0,661544;0,037288;2,820431;54,200001;28,700001
03.08.2025 13:50:32;0,006436;0,028644;1,062737;1,334222;0;2,419168;54,299999;24,299999
03.08.2025 13:55:32;0,003084;0,040375;1,046265;1,545593;0;2,629395;54,5;33,5
03.08.2025 14:00:33;0,003724;0,089424;1,070163;2,1698;0;3,325463;54,900002;38,799999
03.08.2025 14:05:35;0,009322;0,179255;1,039881;1,644402;0;2,854263;54,599998;14,9
03.08.2025 14:10:37;0,005417;0,022737;1,051704;0,395526;0;1,464601;54;2
03.08.2025 14:15:40;0,015382;0,049674;1,293704;0,012781;0,010878;1,329962;53,599998;0
03.08.2025 14:20:42;0,01338;0,044109;2,687831;0,024919;1,188943;1,554456;52,700001;-36,700001
03.08.2025 14:25:44;0,000006;0,04611;3,307903;0;1,927519;1,426768;52,799999;-32
03.08.2025 14:30:46;0,000728;0,051839;1,833116;0,383885;0,31422;1,953893;53,299999;13,5
03.08.2025 14:35:48;0;0,222455;1,48079;1,644584;0;3,347556;54;45,799999
03.08.2025 14:40:50;0;0,45064;1,113002;2,292396;0;3,855765;56,200001;26,799999
03.08.2025 14:45:51;0;1,117978;0,929823;0,494841;0,01168;2,531235;54,599998;-0,3
03.08.2025 14:50:53;0;1,232324;1,009323;0;0,007549;2,234008;54,099998;0
03.08.2025 14:55:56;0;1,107879;0,716831;0;0;1,824528;53,799999;0
03.08.2025 15:00:58;0;1,602294;0,650813;0;0;2,253652;53,700001;0
03.08.2025 15:06:00;0;2,220002;0,625348;0;0;2,844804;53,700001;0
03.08.2025 15:11:02;0;1,812289;1,483336;0;0;3,295898;53,599998;0
03.08.2025 15:16:04;0;2,293305;1,118277;0;0;3,411582;53,599998;0
03.08.2025 15:21:05;0;2,93355;0,472303;0;0;3,405762;53,599998;0
03.08.2025 15:26:08;0;2,308307;0,442354;0;0;2,75057;53,599998;0
03.08.2025 15:31:10;0;2,060937;0,418899;0;0;2,479927;53,5;0
03.08.2025 15:36:12;0;4,21855;0,476923;0;0;4,695382;53,5;0
03.08.2025 15:41:14;0;4,769867;0,54586;0;0;5,316;53,5;0
03.08.2025 15:46:15;0;3,872042;0,518292;0;0;4,389421;53,5;0
03.08.2025 15:51:17;0;3,731532;0,516212;0;0;4,247562;53,5;0
03.08.2025 15:56:19;0;4,086314;0,508391;0;0;4,594613;53,5;0
03.08.2025 16:01:20;0;1,744125;0,424306;0;0;2,168431;53,5;0
03.08.2025 16:06:22;0;2,648542;0,454368;0;0;3,102728;53,5;0
03.08.2025 16:11:24;0;1,732348;0,442909;0;0;2,175075;53,400002;0
03.08.2025 16:16:27;0;3,170807;0,534994;0;0;3,705982;53,400002;0
03.08.2025 16:21:28;0;4,384859;0,589831;0;0;4,974507;53,400002;0
03.08.2025 16:26:31;0;2,715218;0,526111;0;0;3,241511;53,400002;0
03.08.2025 16:31:33;0;1,401666;0,497295;0;0;1,898961;53,400002;0
03.08.2025 16:36:35;0;1,371654;0,475286;0;0;1,84694;53,400002;0
03.08.2025 16:41:36;0;1,459247;0,390179;0;0;1,849061;53,400002;0
03.08.2025 16:46:39;0;2,106075;0,464471;0;0;2,570728;53,400002;0
03.08.2025 16:51:42;0;1,75745;0,465741;0;0;2,223009;53,400002;0
03.08.2025 16:56:42;0,000269;0,864075;0,600037;0;0;1,464111;53,400002;0
03.08.2025 17:01:45;0;2,432946;0,617301;0;0;3,050066;53,400002;0
03.08.2025 17:06:47;0;4,038567;0,621164;0;0;4,659731;53,400002;0
03.08.2025 17:11:49;0;1,776729;0,543678;0;0;2,320589;53,400002;0
03.08.2025 17:16:50;0;1,62678;0,485077;0;0;2,111857;53,400002;0
03.08.2025 17:21:53;0;1,308388;0,406277;0;0;1,714665;53,400002;0
03.08.2025 17:26:54;0;3,257757;0,379412;0;0;3,637533;53,400002;0
03.08.2025 17:31:57;0;2,36478;0,372737;0;0;2,737155;53,400002;0
03.08.2025 17:36:59;0;2,930658;0,419991;0;0;3,350466;53,299999;0
03.08.2025 17:42:00;0;2,536345;0,489457;0;0;3,025438;53,299999;0
03.08.2025 17:47:02;0;1,193581;0,490565;0;0;1,684692;53,299999;0
03.08.2025 17:52:05;0;1,172238;0,488765;0;0;1,661002;53,299999;0
03.08.2025 17:57:07;0;0,812697;0,490019;0;0;1,302717;53,400002;0
03.08.2025 18:02:09;0;0,987132;0,392707;0;0;1,379839;53,299999;0
03.08.2025 18:07:10;0;0,910478;0,437263;0;0;1,347559;53,299999;0
03.08.2025 18:12:13;0;0,791161;0,455226;0;0;1,246568;53,299999;0
03.08.2025 18:17:15;0,00781;0,212269;1,645221;0;0,612979;1,236871;52,799999;-18
03.08.2025 18:22:16;0,005766;0,029382;2,5754;0;1,393731;1,205211;52,5;-52,799999
03.08.2025 18:27:19;0,214027;0,012509;4,813317;0;3,637182;0,974266;52,299999;-72,599998
03.08.2025 18:32:21;0,135618;0,038197;4,382708;0;3,5219;0,76395;52,5;-54,700001
03.08.2025 18:37:22;0,001876;0,069531;1,928812;0,239528;1,221271;1,014319;53,099998;15,1
03.08.2025 18:42:25;0,005008;0,031001;0,534994;1,396225;0;1,956872;53,400002;30,6
03.08.2025 18:47:26;0,014172;0,032302;0,594941;1,125916;0;1,739198;53,299999;12,1
03.08.2025 18:52:27;0,000291;0,029382;0,596766;0,436989;0;1,062863;53,299999;8,7
03.08.2025 18:57:29;0,008987;0,036742;0,796691;1,589289;0;2,413354;53,599998;23,5
03.08.2025 19:02:30;0,005372;0,035952;0,756998;1,040507;0;1,828256;53,5;16,5
03.08.2025 19:07:32;0,001546;0,030012;0,758129;0,539767;0;1,326363;53,299999;0
03.08.2025 19:12:35;0,01213;0,046773;3,135273;0,000091;2,484886;0,684923;52,5;-47,799999
03.08.2025 19:17:36;0,000331;0,047997;2,329759;0;1,923976;0,453688;52,700001;-28,1
03.08.2025 19:22:39;0,000957;0,031001;1,601357;0;1,275665;0,355696;52,799999;-24,6
03.08.2025 19:27:42;0,000838;0,031545;1,618761;0;1,26515;0,383978;52,799999;-24,299999
03.08.2025 19:32:42;0,013515;0,034058;0,902527;0;0,541626;0,381592;53;0
03.08.2025 19:37:45;0,043488;0,015047;0,500186;0;0,113308;0,358597;53;-5,1
03.08.2025 19:42:47;0,004672;0,020372;0,643537;0;0,303215;0,355782;53;-6,6
03.08.2025 19:47:48;0;0,0219;0,711191;0;0,351125;0,382149;53;-6,4
03.08.2025 19:52:51;0,000419;0,020486;0,707041;0;0,384068;0,343005;53;-8,5
03.08.2025 19:57:52;0,000131;0,023907;0,753713;0;0,50351;0,274111;53;-10,3
03.08.2025 20:02:55;0,001093;0,027375;0,620564;0;0,447158;0,199422;53;-4,5
03.08.2025 20:07:57;0,000512;0,019826;0,358329;0;0,230004;0,147697;53;-4,5
03.08.2025 20:12:59;0,000256;0,020372;0,330499;0;0,264563;0,085853;53;-5,6
03.08.2025 20:18:01;0,005798;0,027102;0,388705;0;0,366514;0,044018;53;-8
03.08.2025 20:23:03;0,000693;0,020736;0,44782;0;0,444091;0,023646;53;-8,8
03.08.2025 20:28:05;0;0,023282;0,45546;0;0,471012;0,007639;53;-9,1
03.08.2025 20:33:07;0;0,024919;0,465646;0;0,487928;0,002546;53;-9,3
03.08.2025 20:38:09;0,000045;0,02983;0,423447;0;0,453095;0;53;-6,5
03.08.2025 20:43:10;0,001192;0,02628;0,326122;0;0,35149;0;53;-7,9
03.08.2025 20:48:12;0,003757;0,026374;0,462554;0;0,485017;0;53;-9,1
03.08.2025 20:53:14;0;0,024556;0,470011;0;0,494658;0;53;-9,1
03.08.2025 20:58:16;0,006139;0,032013;0,54968;0;0,575509;0;52,900002;-11,3
03.08.2025 21:03:19;0;0,027375;0,523029;0;0,550404;0;52,900002;-10,4
03.08.2025 21:08:21;0,000358;0,022737;0,520941;0;0,543223;0;52,900002;-10,9
03.08.2025 21:13:23;0,000045;0,02692;0,497477;0;0,524306;0;52,900002;-9,2
03.08.2025 21:18:24;0,031891;0,054749;0,682722;0;0,705534;0;52,900002;-8,5
03.08.2025 21:23:26;0,061235;0,058569;0,506026;0;0,502934;0;52,799999;-41,099998
03.08.2025 21:28:29;0,035188;0,071792;0,426763;0;0,463202;0;53;-6,6
03.08.2025 21:33:31;0,048247;0,066391;0,457097;0;0,475377;0,000364;53;-7,6
03.08.2025 21:38:33;0,056074;0,068755;0,470193;0;0,481652;0;52,900002;-9
03.08.2025 21:43:35;0,092385;0,075122;0,730664;0;0,713657;0;52,700001;-47,599998
03.08.2025 21:48:37;0,021986;0,059661;0,579874;0;0,617253;0;52,900002;-12,1
03.08.2025 21:53:38;0,002492;0,036134;0,515189;0;0,548951;0;52,900002;-9,9
03.08.2025 21:58:41;0,002787;0,023931;0,501818;0;0,522848;0;52,900002;-9,9
03.08.2025 22:03:42;0,00807;0,032849;0,426678;0;0,451315;0;53;-7,8
03.08.2025 22:08:45;0,006306;0,024293;0,358053;0;0,376182;0;53;-7,9
03.08.2025 22:13:45;0,005413;0,019409;0,427551;0;0,44165;0;52,900002;-8,6
03.08.2025 22:18:47;0,007031;0,029467;0,457642;0;0,480197;0;52,900002;-11,1
03.08.2025 22:23:48;0,001215;0,032484;0,534169;0;0,565011;0;52,900002;-11,6
03.08.2025 22:28:50;0,004144;0,032195;0,60825;0;0,636443;0;52,900002;-13,9
03.08.2025 22:33:53;0,004379;0,031545;0,59047;0;0,617936;0;52,900002;-10,7
03.08.2025 22:38:55;0,001023;0,033286;0,532582;0;0,564686;0;52,900002;-10,9
03.08.2025 22:43:56;0,006256;0,025185;0,448578;0;0,467375;0;52,900002;-8,5
03.08.2025 22:48:59;0,004124;0,028463;0,471361;0;0,495744;0;52,900002;-9,6
03.08.2025 22:54:01;0,004672;0,029649;0,461098;0;0,486291;0;52,900002;-8,8
03.08.2025 22:59:03;0,004161;0,032377;0,464191;0;0,492293;0;52,900002;-10,1
03.08.2025 23:04:05;0;0,028375;0,507117;0;0,535493;0;52,900002;-9,9
03.08.2025 23:09:07;0;0,02692;0,498568;0;0,525216;0;52,900002;-9,9
03.08.2025 23:14:09;0,000125;0,026193;0,355237;0;0,381429;0;53;-6,1
03.08.2025 23:19:11;0;0,024192;0,28248;0;0,306489;0;53;-5,4
03.08.2025 23:24:13;0,001097;0,023282;0,215907;0;0,238189;0;53;-3,4
03.08.2025 23:29:12;0,000385;0,026639;0,158181;0;0,184636;0;53;-3,5
03.08.2025 23:34:14;0,000057;0,022555;0,157519;0;0,179983;0;53;-3,4
03.08.2025 23:39:17;0,008164;0,028282;0,165701;0;0,185644;0;53;-7,1
03.08.2025 23:44:18;0,002099;0,025185;0,325392;0;0,34857;0;53;-6,8
03.08.2025 23:49:21;0;0,025562;0,332128;0;0,357781;0;53;-6,7
03.08.2025 23:54:23;0;0,0231;0,320859;0;0,343687;0;53;-6,4
03.08.2025 23:59:24;0,000576;0,023542;0,326122;0;0,3493;0;53;-6,8
28.07.2025 00:01:27;0;0;0;0;0;0;53;-6
