Uhrzeit;Netzbezug [kW];Netzeinspeisung [kW];Stromverbrauch [kW];Akkubeladung [kW];Akkuentnahme [kW];Stromerzeugung [kW];Akku Spannung [V];Akku Stromstärke [A]
25.08.2025 00:09:00;0,00097;0,02993;0,285791;0;0,314808;0;53;-3,7
25.08.2025 00:14:02;0,011675;0,02692;0,175708;0;0,190987;0;53,099998;-3,8
25.08.2025 00:19:02;0,005871;0,03479;0,1604;0;0,189331;0;53,099998;-3,8
25.08.2025 00:24:05;0,011501;0,026469;0,198334;0;0,213381;0;53;-5,2
25.08.2025 00:29:07;0,010641;0,026193;0,312856;0;0,327953;0;53;-7,3
25.08.2025 00:34:09;0,001103;0,025829;0,351417;0;0,376154;0;53;-7
25.08.2025 00:39:11;0,000318;0,026556;0,34305;0;0,369788;0;53;-7
25.08.2025 00:44:12;0,000011;0,02847;0,291995;0;0,3201;0;53;-6
25.08.2025 00:49:14;0,001398;0,026556;0,288482;0;0,313765;0;53;-6
25.08.2025 00:54:17;0;0,027556;0,186369;0;0,213563;0;53;-3,8
25.08.2025 00:59:19;0,001683;0,022555;0,202629;0;0,22391;0;53;-5,2
25.08.2025 01:04:21;0,000023;0,019644;0,239735;0;0,259015;0;53;-4,8
25.08.2025 01:09:23;0,005423;0,02692;0,297213;0;0,318858;0;53;-7,4
25.08.2025 01:14:24;0;0,0292;0,364264;0;0,393464;0;53;-7,4
25.08.2025 01:19:25;0;0,02774;0,3128;0;0,340357;0;53;-6
25.08.2025 01:24:26;0,000422;0,02993;0,289075;0;0,319005;0;53;-6,1
25.08.2025 01:29:29;0,003388;0,026106;0,344818;0;0,367661;0;53;-7,7
25.08.2025 01:34:31;0;0,023282;0,282661;0;0,30558;0;53;-5,4
25.08.2025 01:39:32;0,000011;0,02263;0,260606;0;0,283783;0;53;-5,4
25.08.2025 01:44:35;0;0,027194;0,250909;0;0,277559;0;53;-5,2
25.08.2025 01:49:34;0,008359;0,027558;0,295786;0;0,314709;0;53;-7,5
25.08.2025 01:54:36;0,009845;0,0211;0,387796;0;0,399619;0;53;-7,1
25.08.2025 01:59:38;0,000807;0,025829;0,344505;0;0,369242;0;53;-6,7
25.08.2025 02:04:38;0,000011;0,025635;0,342041;0;0,367493;0;53;-6,8
25.08.2025 02:09:40;0,004479;0,025829;0,308126;0;0,32959;0;53;-6
25.08.2025 02:14:42;0;0,024374;0,243009;0;0,267201;0;53;-3,6
25.08.2025 02:19:44;0,017575;0,023646;0,181165;0;0,18735;0;53;-4,4
25.08.2025 02:24:46;0,004968;0,022918;0,17389;0;0,192079;0;53;-3,7
25.08.2025 02:29:49;0,005325;0,027919;0,166789;0;0,189451;0;53;-3,8
25.08.2025 02:34:51;0,007208;0,034196;0,300851;0;0,327953;0;53;-7,1
25.08.2025 02:39:53;0,00623;0,031286;0,353963;0;0,379065;0;53;-6,1
25.08.2025 02:44:54;0,004004;0,030295;0,354044;0;0,379959;0;52,900002;-7
25.08.2025 02:49:56;0,000011;0,026556;0,337593;0;0,363968;0;52,900002;-6,9
25.08.2025 02:54:59;0;0,023931;0,249096;0;0,273208;0;53;-3,4
25.08.2025 03:00:01;0,000011;0,022191;0,159702;0;0,182075;0;53;-3,4
25.08.2025 03:05:03;0,001421;0,019644;0,164795;0;0,182802;0;53;-3,6
25.08.2025 03:10:04;0,000011;0,02263;0,160232;0;0,182862;0;53;-3,4
25.08.2025 03:15:06;0,004945;0,028375;0,281206;0;0,304852;0;53;-5,6
25.08.2025 03:20:09;0,000714;0,02103;0,277015;0;0,297138;0;53;-6,9
25.08.2025 03:25:09;0,004028;0,026367;0,421143;0;0,443481;0;52,900002;-8,5
25.08.2025 03:30:11;0;0,022191;0,430722;0;0,452913;0;52,900002;-8,5
25.08.2025 03:35:13;0,001251;0,025101;0,417626;0;0,441636;0;52,900002;-8,1
25.08.2025 03:40:14;0,000148;0,022995;0,275936;0;0,298748;0;52,900002;-5,1
25.08.2025 03:45:17;0;0,02103;0,244382;0;0,26505;0;52,900002;-5
25.08.2025 03:50:19;0;0,021463;0,1768;0;0,198445;0;53;-3,4
25.08.2025 03:55:20;0,007676;0,026645;0,184687;0;0,203667;0;53;-6,1
25.08.2025 04:00:22;0,003013;0,027284;0,282298;0;0,306853;0;52,900002;-5,8
25.08.2025 04:05:25;0,003241;0,038434;0,283904;0;0,318894;0;52,900002;-5,5
25.08.2025 04:10:27;0,000921;0,039653;0,262289;0;0,300851;0;52,900002;-5,5
25.08.2025 04:15:26;0,004203;0,027925;0,277414;0;0,301297;0;52,900002;-6,8
25.08.2025 04:20:29;0,000068;0,025381;0,281003;0;0,306022;0;52,900002;-4,6
25.08.2025 04:25:31;0,001421;0,018917;0,226638;0;0,243918;0;52,900002;-4,4
25.08.2025 04:30:32;0,002395;0,02044;0,237246;0;0,255679;0;52,900002;-4,9
25.08.2025 04:35:35;0;0,020667;0,200147;0;0,220814;0;53;-3,8
25.08.2025 04:40:37;0,00881;0,028375;0,296849;0;0,316312;0;52,900002;-5,9
25.08.2025 04:45:39;0,000546;0,024737;0,286299;0;0,310855;0;52,900002;-5,9
25.08.2025 04:50:39;0,000286;0,03186;0,270996;0;0,30249;0;52,900002;-5,6
25.08.2025 04:55:41;0,003717;0,024737;0,312856;0;0,33341;0;52,900002;-6,7
25.08.2025 05:00:43;0,007492;0,017825;0,281934;0;0,292484;0;52,900002;-4,3
25.08.2025 05:05:42;0,000344;0,023148;0,20209;0;0,225054;0;52,900002;-4,2
25.08.2025 05:10:44;0,001035;0,0211;0,189896;0;0,210086;0;52,900002;-3,4
25.08.2025 05:15:46;0,000546;0,020008;0,161157;0;0,180438;0;52,900002;-3,4
25.08.2025 05:20:49;0,011263;0,031907;0,39268;0;0,413347;0;52,799999;-7,6
25.08.2025 05:25:50;0,001061;0,022265;0,369739;0;0,390909;0;52,799999;-7,4
25.08.2025 05:30:50;0,000023;0,028564;0,355591;0;0,384155;0;52,799999;-7,3
25.08.2025 05:35:52;0,000011;0,02401;0,373608;0;0,397618;0;52,799999;-7,7
25.08.2025 05:40:54;0;0,022918;0,370698;0;0,393616;0;52,700001;-5,9
25.08.2025 05:45:54;0,001499;0,02124;0,21936;0;0,23877;0;52,799999;-3,8
25.08.2025 05:50:55;0,005019;0,026645;0,788023;0;0,810287;0;52,299999;-35,299999
25.08.2025 05:55:58;0,02418;0,040972;1,981165;0;1,997481;0;51,799999;-73,300003
25.08.2025 06:00:59;0,010687;0,069714;2,834181;0;2,893492;0;51,900002;-47,599998
25.08.2025 06:06:00;0;0,058764;2,052728;0;2,111492;0;52;-36,5
25.08.2025 06:11:02;0,000443;0,05384;1,582104;0;1,635399;0;52;-32,099998
25.08.2025 06:16:02;0,003387;0,051636;1,632568;0;1,681274;0;52;-31,5
25.08.2025 06:21:04;0;0,051294;1,588652;0;1,639218;0;52;-30,5
25.08.2025 06:26:06;0,000523;0,034196;0,656269;0;0,690101;0;52,299999;-6,7
25.08.2025 06:31:07;0,000605;0,02482;0,31645;0;0,33251;0,00876;52,400002;-5,7
25.08.2025 06:36:09;0,006321;0,02692;0,264472;0;0,249739;0,034923;52,400002;-4,4
25.08.2025 06:41:11;0,016871;0,036015;0,245555;0;0,208631;0,056023;52,400002;-6,2
25.08.2025 06:46:12;0,005452;0,026645;0,334335;0;0,260788;0,094899;52,400002;-4,3
25.08.2025 06:51:11;0,002492;0,020576;0,327018;0;0,211827;0,133012;52,400002;-4,4
25.08.2025 06:56:14;0,002901;0,023568;0,325964;0;0,186913;0,159537;52,400002;-4,5
25.08.2025 07:01:15;0,001118;0,025915;0,442738;0;0,230859;0,236516;52,400002;-3,9
25.08.2025 07:06:16;0,008201;0,050734;1,760002;0;1,473482;0,329955;52;-28,5
25.08.2025 07:11:18;0,024362;0,032377;3,545092;0;3,168937;0,384158;51,5;-73,900002
25.08.2025 07:16:19;0,737939;0,00949;4,943848;0;3,804335;0,410984;51,5;-71,699997
25.08.2025 07:21:22;0,006391;0,063452;3,559498;0;3,234984;0,38144;51,599998;-55,200001
25.08.2025 07:26:24;0,042756;0,06439;3,325001;0;2,949393;0,397254;51,5;-65,099998
25.08.2025 07:31:25;0,024158;0,057669;1,89286;0;1,496477;0,429233;52,200001;-20,1
25.08.2025 07:36:28;0,003343;0,049312;0,875643;0;0,470635;0,451781;52,299999;0
25.08.2025 07:41:29;0;0,071904;0,397844;0;0;0,469383;52,400002;0
25.08.2025 07:46:31;0,000227;0,084398;0,382339;0,050202;0;0,516576;52,5;2,4
25.08.2025 07:51:34;0;0,023931;0,371287;0,149929;0;0,545328;52,5;3,1
25.08.2025 07:56:36;0,007412;0,016734;0,387432;0,178437;0;0,575509;52,5;3,8
25.08.2025 08:01:38;0,003331;0,030558;0,360512;0,22391;0;0,611888;52,599998;4,5
25.08.2025 08:06:40;0,008231;0,028011;0,494749;0,132054;0,003456;0,642446;52,599998;2,3
25.08.2025 08:11:42;0,004058;0,023646;0,465646;0,193716;0;0,678824;52,599998;4,5
25.08.2025 08:16:44;0,000045;0,024374;0,398345;0,309582;0;0,732664;52,700001;6,6
25.08.2025 08:21:46;0,000171;0,030194;0,405985;0,39016;0;0,825794;52,700001;8,5
25.08.2025 08:26:47;0,00941;0,019345;0,398574;0,513729;0;0,922706;52,799999;11
25.08.2025 08:31:48;0,000547;0,036499;0,31645;0,63363;0;0,985485;52,799999;11,8
25.08.2025 08:36:49;0,00008;0,043069;0,3055;0,668305;0;1,016874;52,900002;13,9
25.08.2025 08:41:52;0,014741;0,026469;0,484051;0,763604;0,057832;1,201607;52,599998;-15,1
25.08.2025 08:46:54;0,008901;0,037834;2,129238;0,000182;0,836707;1,321997;52,299999;-15
25.08.2025 08:51:55;0,008965;0,042704;2,129377;0;0,622133;1,541006;52,299999;-12,1
25.08.2025 08:56:57;0,001489;0,041472;0,91965;1,005504;0,140421;1,824749;53,099998;27,200001
25.08.2025 09:01:58;0,002749;0,031755;0,551506;1,542648;0;2,123537;53,200001;32,599998
25.08.2025 09:07:00;0,006912;0,034196;0,566778;1,97954;0;2,572692;53,400002;42,599998
25.08.2025 09:12:02;0,002751;0,025829;0,523488;2,361333;0;2,908103;53,400002;44,5
25.08.2025 09:17:04;0,000534;0,08076;0,52276;2,459919;0;3,063076;53,5;46,299999
25.08.2025 09:22:05;0,003684;0,131398;0,583991;2,476669;0;3,18859;53,5;46,200001
25.08.2025 09:27:05;0;0,124878;0,655884;2,46991;0;3,249756;53,5;46,200001
25.08.2025 09:32:08;0;0,274477;0,586663;2,471743;0;3,332882;53,599998;46,200001
25.08.2025 09:37:10;0,005957;0,353236;0,661726;2,404805;0;3,414493;53,400002;25,700001
25.08.2025 09:42:12;0,00033;0,028011;2,069577;1,393117;0;3,49016;53,400002;27,200001
25.08.2025 09:47:14;0,000091;0,080397;1,917151;1,550273;0;3,546911;53,599998;46,200001
25.08.2025 09:52:14;0;0,673096;0,425171;2,470459;0;3,569824;53,799999;46
25.08.2025 09:57:16;0;0,7745;0,402711;2,468104;0;3,644405;53,900002;45,799999
25.08.2025 10:02:18;0;0,819609;0,403075;2,471742;0;3,695335;54;45,799999
25.08.2025 10:07:18;0,000469;0,77417;0,499146;2,473206;0;3,745605;54;45,799999
25.08.2025 10:12:19;0;0,753348;0,519752;2,474114;0;3,747031;54;45,700001
25.08.2025 10:17:21;0;0,741395;0,555865;2,470651;0;3,768092;54;45,700001
25.08.2025 10:22:24;0;0,749101;0,524298;2,46993;0;3,744054;54;45,799999
25.08.2025 10:27:26;0;0,78505;0,512574;2,470287;0;3,767365;54;45,799999
25.08.2025 10:32:27;0;0,919786;0,395654;2,479771;0;3,795211;54;45,799999
25.08.2025 10:37:29;0;0,879998;0,375791;2,472106;0;3,728076;54;45,799999
25.08.2025 10:42:31;0;0,895277;0,377973;2,473561;0;3,746265;54;45,799999
25.08.2025 10:47:32;0;0,829997;0,472303;2,464989;0;3,768201;54,099998;45,599998
25.08.2025 10:52:32;0;0,812988;0,540894;2,462769;0;3,815918;54,099998;45,599998
25.08.2025 10:57:34;0,000273;0,82834;0,562413;2,466649;0;3,857584;54,099998;45,599998
25.08.2025 11:02:35;0;0,663195;0,6621;2,473019;0;3,798131;54,099998;45,599998
25.08.2025 11:07:37;0;0,720296;0,639899;2,467377;0;3,827753;54,099998;45,700001
25.08.2025 11:12:39;0;0,984404;0,491838;2,465376;0;3,941982;54,099998;45,599998
25.08.2025 11:17:40;0;0,96906;0,461353;2,469369;0;3,898869;54,099998;45,700001
25.08.2025 11:22:41;0;1,140607;0,450768;2,481414;0;4,072606;54,200001;45,700001
25.08.2025 11:27:43;0;1,055342;0,373972;2,47538;0;3,905603;54,200001;45,700001
25.08.2025 11:32:46;0;0,930393;0,49928;2,470292;0;3,899965;54,200001;45,599998
25.08.2025 11:37:48;0;0,986223;0,490747;2,473561;0;3,949985;54,299999;45,400002
25.08.2025 11:42:49;0;1,047899;0,543476;2,476486;0;4,067496;54,400002;45,400002
25.08.2025 11:47:50;0;0,993149;0,543841;2,462799;0;4,000337;54,5;45,299999
25.08.2025 11:52:52;0;1,189943;0,524215;2,469014;0;4,183536;54,900002;44,799999
25.08.2025 11:57:53;0;1,533706;0,406239;2,23194;0;4,171885;56,099998;21,5
25.08.2025 12:02:55;0;3,45269;0,248829;0,489656;0,012914;4,178443;54,599998;-0,4
25.08.2025 12:07:58;0;3,965956;0,196521;0;0,010515;4,151599;54;0
25.08.2025 12:13:00;0;3,709523;0,268474;0;0;3,977633;53,900002;0
25.08.2025 12:18:01;0;3,871129;0,29601;0;0;4,167505;53,799999;0
25.08.2025 12:23:04;0;3,7814;0,288255;0;0;4,06893;53,700001;0
25.08.2025 12:28:06;0;3,631673;0,229913;0;0;3,862677;53,599998;0
25.08.2025 12:33:06;0;3,595459;0,235107;0;0;3,830566;53,599998;0
25.08.2025 12:38:08;0;3,994731;0,165522;0;0;4,160253;53,599998;0
25.08.2025 12:43:09;0;3,848865;0,160962;0;0;4,009097;53,599998;0
25.08.2025 12:48:11;0;4,011465;0,133873;0;0;4,144974;53,5;0
25.08.2025 12:53:14;0;3,638904;0,233867;0;0;3,873859;53,5;0
25.08.2025 12:58:16;0;3,942346;0,309218;0;0;4,251927;53,5;0
25.08.2025 13:03:18;0;4,082039;0,298304;0;0;4,37998;53,5;0
25.08.2025 13:08:20;0;3,855037;0,284117;0;0;4,139154;53,5;0
25.08.2025 13:13:22;0;3,917972;0,320495;0;0;4,237376;53,5;0
25.08.2025 13:18:24;0;3,865951;0,249921;0;0;4,116599;53,5;0
25.08.2025 13:23:26;0;4,360699;0,160793;0;0;4,521856;53,5;0
25.08.2025 13:28:28;0;3,995458;0,134601;0;0;4,129695;53,400002;0
25.08.2025 13:33:29;0;4,15035;0,102928;0;0;4,252913;53,5;0
25.08.2025 13:38:32;0;4,084884;0,188907;0;0;4,274153;53,400002;0
25.08.2025 13:43:32;0;3,989136;0,2146;0;0;4,204102;53,400002;0
25.08.2025 13:48:34;0;3,965628;0,211723;0;0;4,176987;53,400002;0
25.08.2025 13:53:35;0;3,910549;0,202937;0;0;4,112756;53,400002;0
25.08.2025 13:58:37;0;3,729531;0,198627;0;0;3,928886;53,400002;0
25.08.2025 14:03:39;0;4,123147;0,101132;0;0;4,223552;53,400002;0
25.08.2025 14:08:39;0;4,311401;0,105103;0;0;4,417236;53,400002;0
25.08.2025 14:13:41;0;4,031109;0,143332;0;0;4,174077;53,400002;0
25.08.2025 14:18:44;0;4,239345;0,237493;0;0;4,476475;53,400002;0
25.08.2025 14:23:46;0;3,879047;0,272475;0;0;4,15225;53,400002;0
25.08.2025 14:28:45;0;3,813983;0,250959;0;0;4,064574;53,400002;0
25.08.2025 14:33:46;0;3,952158;0,202937;0;0;4,155825;53,400002;0
25.08.2025 14:38:48;0;4,212638;0,209904;0;0;4,422907;53,400002;0
25.08.2025 14:43:49;0;4,032457;0,113878;0;0;4,145605;53,400002;0
25.08.2025 14:48:51;0;3,657138;0,231368;0;0;3,888869;53,400002;0
25.08.2025 14:53:53;0;3,555278;0,229185;0;0;3,784099;53,400002;0
25.08.2025 14:58:55;0;2,651998;0,288846;0;0;2,940844;53,400002;0
25.08.2025 15:03:57;0;2,936114;0,277932;0;0;3,21441;53,299999;0
25.08.2025 15:09:00;0;2,979362;0,272664;0;0;3,251663;53,400002;0
25.08.2025 15:14:02;0;2,86554;0,200082;0;0;3,065986;53,299999;0
25.08.2025 15:19:04;0;3,856856;0,20372;0;0;4,059848;53,299999;0
25.08.2025 15:24:06;0;3,729531;0,15279;0;0;3,883049;53,299999;0
25.08.2025 15:29:08;0;3,879411;0,090219;0;0;3,96963;53,299999;0
25.08.2025 15:34:10;0;4,028563;0,105862;0;0;4,133333;53,299999;0
25.08.2025 15:39:12;0;3,826662;0,103679;0;0;3,930341;53,299999;0
25.08.2025 15:44:14;0;3,88414;0,221545;0;0;4,105685;53,299999;0
25.08.2025 15:49:16;0;3,702611;0,211359;0;0;3,914334;53,299999;0
25.08.2025 15:54:17;0;3,741191;0,207682;0;0;3,949968;53,299999;0
25.08.2025 15:59:20;0;3,667186;0,259974;0;0;3,926796;53,299999;0
25.08.2025 16:04:22;0;3,852491;0,217544;0;0;4,069307;53,299999;0
25.08.2025 16:09:24;0;3,794649;0,143695;0;0;3,938344;53,299999;0
25.08.2025 16:14:23;0;3,62806;0,148811;0;0;3,777974;53,299999;0
25.08.2025 16:19:25;0;3,677873;0,15279;0;0;3,829936;53,299999;0
25.08.2025 16:24:27;0;3,401033;0,252103;0;0;3,652408;53,299999;0
25.08.2025 16:29:30;0;3,001117;0,226978;0;0;3,228458;53,299999;0
25.08.2025 16:34:31;0;2,980543;0,213157;0;0;3,19443;53,299999;0
25.08.2025 16:39:33;0;3,097271;0,23828;0;0;3,335187;53,299999;0
25.08.2025 16:44:36;0;3,204527;0,281729;0;0;3,486618;53,299999;0
25.08.2025 16:49:37;0;2,975433;0,186877;0;0;3,162311;53,299999;0
25.08.2025 16:54:39;0;2,83862;0,177891;0;0;3,016511;53,299999;0
25.08.2025 16:59:41;0;2,896826;0,173162;0;0;3,070351;53,299999;0
25.08.2025 17:04:44;0;2,880013;0,229516;0;0;3,10953;53,299999;0
25.08.2025 17:09:46;0;2,848442;0,251376;0;0;3,099454;53,299999;0
25.08.2025 17:14:47;0;2,505321;0,262066;0;0;2,763737;53,299999;0
25.08.2025 17:19:49;0;2,435545;0,249557;0;0;2,686194;53,299999;0
25.08.2025 17:24:52;0;2,73643;0,235318;0;0;2,971747;53,299999;0
25.08.2025 17:29:54;0;2,681101;0,120413;0;0;2,80115;53,299999;0
25.08.2025 17:34:55;0;2,330124;0,095993;0;0;2,425022;53,299999;0
25.08.2025 17:39:57;0;2,630898;0,097495;0;0;2,728393;53,299999;0
25.08.2025 17:45:00;0;2,421343;0,173678;0;0;2,594659;53,299999;0
25.08.2025 17:50:01;0;2,051633;0,29309;0;0;2,346183;53,299999;0
25.08.2025 17:55:03;0;1,777821;0,289573;0;0;2,066303;53,299999;0
25.08.2025 18:00:06;0;1,884717;0,279916;0;0;2,163908;53,299999;0
25.08.2025 18:05:08;0;1,781095;0,216452;0;0;1,997911;53,200001;0
25.08.2025 18:25:27;0;1,358916;0,120588;0;0;1,478783;53,200001;0
25.08.2025 18:30:26;0;1,075117;0,221196;0;0;1,294843;53,200001;0
25.08.2025 18:35:25;0;0,844;0,333632;0;0;1,175794;53,200001;0
25.08.2025 18:40:25;0,004234;0,563965;0,841553;0;0,203247;1,198242;52,900002;-15
25.08.2025 18:45:27;0,001887;0,021827;1,922244;0;0,777956;1,164114;52,700001;-34,299999
25.08.2025 18:50:28;0,001985;0,048909;3,373277;0;2,359688;1,061403;52,5;-54,599998
25.08.2025 18:55:27;0,001665;0,052911;3,097483;0;2,187529;0,961212;52,700001;-28,200001
25.08.2025 19:00:28;0,003239;0,045259;1,537721;0,126653;0,856459;0,848247;53,099998;9,3
25.08.2025 19:05:29;0,003445;0,025915;0,200017;0,345285;0;0,569391;53,200001;6
25.08.2025 19:10:31;0,016268;0,028375;0,246647;0,375427;0,002365;0,630077;53,200001;6,5
25.08.2025 19:15:33;0,006264;0,021827;0,422719;0,228821;0,000546;0,667911;53,200001;2
25.08.2025 19:20:36;0,001224;0,027919;0,40682;0,196884;0;0,629448;53,200001;3,8
25.08.2025 19:25:38;0,00158;0,020372;0,413624;0,165522;0;0,598064;53,200001;2,3
25.08.2025 19:30:39;0;0,058034;0,369739;0,02993;0;0,458433;53,200001;0
25.08.2025 19:35:40;0,00081;0,065334;0,257321;0,044529;0;0,366454;53,200001;1,4
25.08.2025 19:40:39;0;0,044827;0,197313;0,016902;0;0,258675;53,200001;0
25.08.2025 19:45:41;0,007151;0,007276;0,17971;0;0;0,180438;53,200001;0
25.08.2025 19:50:43;0,019474;0,020372;0,293575;0;0,161885;0,132418;53,099998;-5
25.08.2025 19:55:44;0,001962;0,03066;0,337255;0;0,272651;0,093439;53,099998;-5,5
25.08.2025 20:00:47;0,009144;0,024293;0,414797;0;0,373644;0,056563;53;-7,8
25.08.2025 20:05:49;0,000568;0,024374;0,442727;0;0,44109;0,024737;53;-8,7
25.08.2025 20:10:51;0,006707;0,02983;0,451822;0;0,470193;0,004365;53;-8,8
25.08.2025 20:15:52;0,004106;0,0292;0,458433;0;0,482157;0,00146;53;-8,1
25.08.2025 20:20:54;0,004638;0,025829;0,409623;0;0,430358;0,001455;53;-7,6
25.08.2025 20:25:56;0,003695;0,031649;0,313219;0;0,341413;0;53;-7,7
25.08.2025 20:30:58;0,001353;0,026193;0,376518;0;0,401438;0;53;-7,4
25.08.2025 20:36:00;0,000034;0,028739;0,359056;0;0,387432;0;53;-7,2
25.08.2025 20:41:01;0,009535;0,031025;0,419013;0;0,440913;0;52,900002;-10,8
25.08.2025 20:46:03;0,000955;0,028375;0,528581;0;0,555865;0;52,900002;-10,5
25.08.2025 20:51:05;0,003297;0,027284;0,519122;0;0,543132;0;52,900002;-9,4
25.08.2025 20:56:06;0,004654;0,036864;0,444198;0;0,476135;0;53;-8,6
25.08.2025 21:01:08;0,000273;0,026193;0,395071;0;0,421446;0;53;-7,7
25.08.2025 21:06:10;0,005048;0,026193;0,443455;0;0,463463;0;53;-8,7
25.08.2025 21:11:10;0,002209;0,040283;0,347534;0;0,386353;0;53;-7,1
25.08.2025 21:16:12;0,00108;0,021827;0,24701;0;0,267928;0;53;-5
25.08.2025 21:21:14;0,000205;0,0211;0,226638;0;0,247192;0;53;-4,6
25.08.2025 21:26:16;0,000216;0,02401;0,274658;0;0,29885;0;53;-6,1
25.08.2025 21:31:18;0,007935;0,031649;0,399437;0;0,422719;0;52,900002;-9,6
25.08.2025 21:36:21;0,000476;0,02248;0,482238;0;0,504537;0;52,900002;-9,2
25.08.2025 21:41:23;0,002137;0,021463;0,456915;0;0,475832;0;53;-6,9
25.08.2025 21:46:25;0;0,025101;0,320131;0;0,345233;0;53;-6,2
25.08.2025 21:51:26;0;0,02336;0,302215;0;0,326122;0;53;-6,1
25.08.2025 21:56:29;0,000023;0,025018;0,293331;0;0,317987;0;53;-3,9
25.08.2025 22:01:30;0;0,018615;0,187607;0;0,206222;0;53;-3,9
25.08.2025 22:06:32;0,002353;0,023646;0,182257;0;0,203174;0;53,099998;-3,8
25.08.2025 22:11:34;0,001626;0,022191;0,20663;0;0,227548;0;53;-4,7
25.08.2025 22:16:36;0,007958;0,030558;0,294666;0;0,317403;0;53;-7,5
25.08.2025 22:21:39;0,00562;0,043148;0,41516;0;0,452325;0;52,900002;-9,1
25.08.2025 22:26:41;0,005889;0,024374;0,444546;0;0,463281;0;52,900002;-8,8
25.08.2025 22:31:43;0,000011;0,032741;0,366332;0;0,399073;0;53;-7,3
25.08.2025 22:36:45;0,000273;0,025829;0,361967;0;0,387614;0;53;-7,2
25.08.2025 22:41:44;0,002595;0,03013;0,349799;0;0,377356;0;53;-7,2
25.08.2025 22:46:46;0,018155;0,029467;0,279387;0;0,290665;0;53;-3,6
25.08.2025 22:51:49;0,002164;0,026469;0,163163;0;0,187275;0;53,099998;-3,6
25.08.2025 22:56:51;0,00515;0,032377;0,181165;0;0,208449;0;53;-4
25.08.2025 23:01:53;0,010504;0,030194;0,206994;0;0,226638;0;53,099998;-2,4
25.08.2025 23:06:55;0,02542;0,03747;0,289573;0;0,30176;0;53;-6,1
25.08.2025 23:11:57;0,001341;0,023282;0,321587;0;0,342686;0;53;-5,5
25.08.2025 23:16:59;0,000023;0,024374;0,265927;0;0,290665;0;53;-5,6
25.08.2025 23:22:02;0;0,022843;0,2665;0;0,290068;0;53;-5,4
25.08.2025 23:27:02;0,001762;0,017578;0,287109;0;0,302673;0;53;-5,7
25.08.2025 23:32:04;0,002149;0,026193;0,203356;0;0,227184;0;53;-3,8
25.08.2025 23:37:07;0;0,023568;0,172591;0;0,195796;0;53;-3,7
25.08.2025 23:42:09;0;0,022918;0,172071;0;0,195535;0;53;-3,6
25.08.2025 23:47:11;0,002876;0,025101;0,199718;0;0,221909;0;53;-4,7
25.08.2025 23:52:13;0,006764;0,028375;0,364513;0;0,385613;0;53;-7,3
25.08.2025 23:57:15;0,000159;0,025465;0,358693;0;0,384158;0;53;-7,3
26.08.2025 00:02:17;0;0,025829;0,351781;0;0,377973;0;52,900002;-7
26.08.2025 00:07:19;0,000523;0,022191;0,288482;0;0,309764;0;53;-5,3
26.08.2025 00:12:20;0,009285;0,022265;0,259511;0;0,273016;0;53;-3,3
26.08.2025 00:17:23;0,013733;0,019942;0,287167;0;0,292787;0;53;-5,6
26.08.2025 00:22:25;0,000466;0,033468;0,251376;0;0,28448;0;53;-5,3
26.08.2025 00:27:26;0,005384;0,033579;0,278856;0;0,307143;0;53;-6,2
26.08.2025 00:32:28;0,006616;0,023282;0,389614;0;0,405985;0;52,900002;-8,4
26.08.2025 00:37:31;0,001586;0,03227;0,418061;0;0,449062;0;52,900002;-7,2
26.08.2025 00:42:33;0,000432;0,02983;0,324861;0;0,354509;0;52,900002;-6
26.08.2025 00:47:34;0,000399;0,020805;0,285426;0;0,3055;0;53;-5,6
26.08.2025 00:52:37;0,000952;0,027556;0,266863;0;0,293331;0;53;-5,6
26.08.2025 00:57:39;0,001364;0,021463;0,250285;0;0,270475;0;53;-3,6
26.08.2025 01:02:41;0,006412;0,022191;0,173526;0;0,189169;0;53;-3,6
26.08.2025 01:07:43;0,003058;0,025101;0,162976;0;0,185713;0;53;-3,8
26.08.2025 01:12:45;0,008003;0,028375;0,168797;0;0,188623;0;53;-2,9
26.08.2025 01:17:47;0,014654;0,030558;0,234278;0;0,250466;0;53;-6
26.08.2025 01:22:48;0;0,02482;0,293455;0;0,31791;0;53;-6
26.08.2025 01:27:51;0,001042;0,025381;0,322701;0;0,346994;0;52,900002;-7
26.08.2025 01:32:53;0,000023;0,022555;0,34887;0;0,371789;0;53;-7
26.08.2025 01:37:55;0,000011;0,02401;0,348507;0;0,372517;0;52,900002;-7
26.08.2025 01:42:56;0,000148;0,021535;0,276666;0;0,2982;0;53;-4,8
26.08.2025 01:47:57;0;0,023725;0,173372;0;0,196914;0;53;-3,7
26.08.2025 01:52:59;0;0,022918;0,171343;0;0,193898;0;53;-3,6
26.08.2025 01:58:00;0,000091;0,02044;0,174832;0;0,195272;0;53;-3,8
26.08.2025 02:03:00;0,007851;0,03186;0,351563;0;0,375549;0;52,900002;-7
26.08.2025 02:08:02;0,005968;0,028375;0,371789;0;0,394344;0;52,900002;-9
26.08.2025 02:13:04;0;0,022555;0,437634;0;0,460189;0;52,900002;-8,6
26.08.2025 02:18:07;0,000215;0,025381;0,393042;0;0,418242;0;52,900002;-7,4
26.08.2025 02:23:08;0;0,027375;0,365724;0;0,393099;0;52,900002;-7,4
26.08.2025 02:28:11;0,000011;0,024656;0,315449;0;0,340105;0;52,900002;-5,1
26.08.2025 02:33:13;0;0,02401;0,229913;0;0,253741;0;53;-3,6
26.08.2025 02:38:15;0,000045;0,021827;0,169524;0;0,191351;0;53;-3,6
26.08.2025 02:43:17;0,000045;0,022555;0,158974;0;0,181529;0;53;-3,5
26.08.2025 02:48:18;0,006251;0,042339;0,201477;0;0,237611;0;53;-5,7
26.08.2025 02:53:20;0;0,0211;0,275022;0;0,29594;0;53;-5,5
26.08.2025 02:58:23;0,000045;0,019942;0,271576;0;0,291881;0;52,900002;-5,5
26.08.2025 03:03:24;0,004893;0,0219;0,274476;0;0,291448;0;53;-5,5
26.08.2025 03:08:25;0,000741;0,02336;0,278856;0;0,301303;0;52,900002;-5,8
26.08.2025 03:13:27;0,008344;0,019281;0,292484;0;0,303397;0;53;-5,1
26.08.2025 03:18:29;0,003479;0,02401;0,229913;0;0,25083;0;53;-4,3
26.08.2025 03:23:30;0,000833;0,035039;0,209142;0;0,242904;0;53;-4,6
26.08.2025 03:28:32;0,006298;0,025101;0,215361;0;0,234096;0;53;-4,7
26.08.2025 03:33:33;0,003582;0,031025;0,34419;0;0,371564;0;52,900002;-7,2
26.08.2025 03:38:35;0;0,024737;0,354327;0;0,379428;0;52,900002;-7,1
26.08.2025 03:43:36;0,004369;0,02117;0,33105;0;0,34784;0;52,900002;-6,3
26.08.2025 03:48:36;0,000732;0,017944;0,281616;0;0,298645;0;52,900002;-5,5
26.08.2025 03:53:38;0,000534;0,020008;0,256833;0;0,276113;0;53;-3,6
26.08.2025 03:58:41;0;0,023931;0,170052;0;0,193802;0;53;-3,7
26.08.2025 04:03:43;0,00573;0,024374;0,192806;0;0,211905;0;52,900002;-5,5
26.08.2025 04:08:44;0;0,020805;0,270461;0;0,291265;0;52,900002;-5,3
26.08.2025 04:13:46;0,00424;0,025829;0,323405;0;0,345051;0;52,900002;-7,6
26.08.2025 04:18:48;0;0,02692;0,371789;0;0,398527;0;52,900002;-7,5
26.08.2025 04:23:51;0;0,027556;0,366936;0;0,394855;0;52,900002;-7,4
26.08.2025 04:28:53;0;0,025101;0,327771;0;0,352326;0;52,900002;-5,6
26.08.2025 04:33:54;0,001129;0,0219;0,29893;0;0,319553;0;52,900002;-6,9
26.08.2025 04:38:54;0,000114;0,02417;0,324463;0;0,348816;0;52,900002;-4,6
26.08.2025 04:43:57;0;0,023568;0,215013;0;0,238581;0;52,900002;-4,4
26.08.2025 04:48:58;0,01282;0,023725;0,215712;0;0,226844;0;53;-4,3
26.08.2025 04:53:59;0,007277;0,02117;0,157313;0;0,170817;0;53;-3,4
26.08.2025 04:59:01;0,008901;0,024374;0,216452;0;0,232277;0;52,900002;-5,5
26.08.2025 05:04:03;0,005934;0,020008;0,27575;0;0,289573;0;52,900002;-5,6
26.08.2025 05:09:04;0,001483;0,02409;0,344555;0;0,367002;0;52,900002;-7
26.08.2025 05:14:07;0,010141;0,01958;0,35062;0;0,360591;0;52,900002;-7
26.08.2025 05:19:09;0,000114;0,031649;0,33541;0;0,366878;0;52,900002;-7
26.08.2025 05:24:09;0,013355;0,02417;0,244995;0;0,255798;0;52,900002;-3,7
26.08.2025 05:29:11;0,000841;0,02692;0,163704;0;0,189532;0;53;-4,2
26.08.2025 05:34:10;0,002055;0,026088;0,190332;0;0,213848;0;52,900002;-5,4
26.08.2025 05:39:12;0,009629;0,039289;1,317996;0;1,348008;0;52,400002;-46
26.08.2025 05:44:14;0,016177;0,056751;2,967764;0;3,008326;0;52,099998;-56,900002
26.08.2025 05:49:16;0;0,060752;2,593064;0;2,65418;0;52,200001;-45,099998
26.08.2025 05:54:19;0;0,05475;2,069273;0;2,124023;0;52,200001;-38,200001
26.08.2025 05:59:21;0,006116;0,048747;1,852761;0;1,895142;0;52,200001;-35,200001
26.08.2025 06:04:23;0;0,045837;1,628669;0;1,674687;0;52,299999;-28,6
26.08.2025 06:09:22;0;0,042255;1,361717;0;1,404156;0;52,299999;-26,9
26.08.2025 06:14:24;0;0,041472;1,342369;0;1,383113;0;52,200001;-26,299999
26.08.2025 06:19:26;0,000159;0,046928;1,309265;0;1,356557;0;52,200001;-26,6
26.08.2025 06:24:26;0,008022;0,042847;1,335938;0;1,370361;0;52,200001;-27,799999
26.08.2025 06:29:29;0,000986;0,04061;0,733147;0;0,773394;0;52,400002;-6,1
26.08.2025 06:34:31;0,00008;0,022918;0,293211;0;0,315402;0;52,5;-6,2
26.08.2025 06:39:32;0,001095;0,030295;0,296375;0;0,306413;0,02044;52,5;-5,8
26.08.2025 06:44:32;0,000881;0,02124;0,294434;0;0,282715;0,030762;52,5;-4,5
26.08.2025 06:49:35;0,016928;0,017041;0,262874;0;0,201235;0,062365;52,5;-2,7
26.08.2025 06:54:36;0,01152;0,02993;0,259876;0;0,194177;0,083219;52,5;-4,7
26.08.2025 06:59:39;0,000057;0,021393;0,301671;0;0,203954;0,118928;52,5;-3,5
26.08.2025 07:04:40;0,035211;0,01022;0,271556;0;0,069714;0,176657;52,599998;-0,3
26.08.2025 07:09:40;0,014568;0,033325;0,425537;0;0,230896;0,213867;52,5;-4,4
26.08.2025 07:14:43;0,011977;0,042422;0,952874;0;0,737861;0,245108;52,5;-4,4
26.08.2025 07:19:44;0,007003;0,022265;0,441278;0;0,169905;0,286156;52,5;-2,7
26.08.2025 07:24:47;0,003966;0,024656;0,429663;0;0,161894;0,290068;52,5;-3,3
26.08.2025 07:29:49;0,006514;0,023282;0,360148;0;0,032377;0,344869;52,599998;0
26.08.2025 07:34:50;0,001631;0,033944;0,29893;0,081394;0;0,411714;52,599998;2,1
26.08.2025 07:39:53;0,001586;0,03227;0,304209;0,100436;0;0,435102;52,599998;1,5
26.08.2025 07:44:55;0,000273;0,021463;0,292484;0,148425;0;0,46128;52,700001;3,3
26.08.2025 07:49:57;0,006798;0,05384;0,313219;0,129144;0,005275;0,484563;52,599998;0
26.08.2025 07:54:58;0,004505;0,061319;0,455513;0;0,003285;0,508072;52,599998;0
26.08.2025 08:00:01;0;0,081944;0,452869;0;0,000181;0,535176;52,599998;0
26.08.2025 08:05:02;0,000536;0,079934;0,454783;0,029565;0;0,565011;52,700001;1,5
26.08.2025 08:10:04;0,000603;0,027284;0,470375;0,096039;0;0,592243;52,700001;2,2
26.08.2025 08:15:07;0,000113;0,026469;0,465922;0,119653;0;0,610593;52,799999;2,6
26.08.2025 08:20:09;0,000352;0,029103;0,326316;0,34596;0;0,701379;52,900002;9,3
26.08.2025 08:25:11;0,007992;0,025101;0,35942;0,443455;0,000364;0,820701;52,900002;8,7
26.08.2025 08:30:13;0,000705;0,028375;0,367787;0,459825;0;0,855624;53;9,1
26.08.2025 08:35:12;0,000344;0,022046;0,366333;0,540498;0;0,927408;53;10,8
26.08.2025 08:40:14;0,003092;0,033104;0,475104;0,561321;0,001091;1,06662;53,099998;12,3
26.08.2025 08:45:17;0,00111;0,047499;0,464834;0,725533;0;1,23714;53,200001;14,4
26.08.2025 08:50:19;0,002342;0,030558;0,501297;0,912011;0;1,440591;53,400002;19,299999
26.08.2025 08:55:20;0,000753;0,036864;0,498947;1,173822;0;1,708173;53,599998;24,5
26.08.2025 09:00:22;0,000148;0,031649;0,456187;1,535903;0;2,024104;53,799999;32,900002
26.08.2025 09:05:25;0,009393;0,055476;0,365848;1,988054;0;2,400313;54;40,799999
26.08.2025 09:10:27;0,000034;0,032377;0,410714;2,395165;0;2,837528;54,099998;45,799999
26.08.2025 09:15:30;0,000317;0,114577;0,407908;2,457239;0;2,978999;54,099998;45,799999
26.08.2025 09:20:31;0,002977;0,192717;0,488362;2,473201;0;3,152091;54,099998;45,799999
26.08.2025 09:25:32;0,002715;0,073364;0,527782;2,396553;0;2,995873;54;38,200001
26.08.2025 09:30:35;0,005541;0,026831;0,524661;2,050056;0;2,596109;54;41,900002
26.08.2025 09:35:37;0,000398;0,045837;0,500205;2,337687;0;2,882638;54,099998;45,599998
26.08.2025 09:40:39;0,000148;0,13642;0,555137;2,463921;0;3,156205;54,099998;45,599998
26.08.2025 09:45:41;0,002649;0,228094;0,517667;2,457736;0;3,199859;54,099998;45,599998
26.08.2025 09:50:43;0;0,273931;0,558775;2,467558;0;3,300264;54,099998;45,599998
26.08.2025 09:55:45;0,000239;0,042199;0,527125;2,419539;0;2,988863;54,099998;45,599998
26.08.2025 10:00:47;0,003263;0,164795;0,535493;2,457736;0;3,15475;54,099998;45,599998
26.08.2025 10:05:48;0;0,401129;0,603701;2,474661;0;3,479126;54,099998;45,599998
26.08.2025 10:10:50;0,004445;0,397618;0,556592;2,379158;0;3,329367;54,099998;45,599998
26.08.2025 10:15:52;0;0,388523;0,511119;2,476289;0;3,375931;54,200001;45,700001
26.08.2025 10:20:54;0;0,297213;0,508936;2,478108;0;3,284257;54,200001;45,700001
26.08.2025 10:25:56;0;0,83889;0,520214;2,477017;0;3,835756;54,200001;45,700001
26.08.2025 10:30:58;0;0,843983;0,469647;2,476653;0;3,790647;54,200001;45,599998
26.08.2025 10:36:00;0,000057;0,734847;0,478742;2,473015;0;3,687332;54,299999;45,599998
26.08.2025 10:41:02;0;0,892003;0,472921;2,476289;0;3,840122;54,299999;45,599998
26.08.2025 10:46:08;0,001941;0,463508;0,47751;2,451459;0;3,390682;54,400002;42,299999
26.08.2025 10:51:03;0,000047;0,499785;0,52213;2,46131;0;3,481363;54,599998;45,200001
26.08.2025 10:56:05;0;0,766133;0,512938;2,472288;0;3,752813;54,900002;45
26.08.2025 11:01:07;0;1,093904;0,495476;2,175075;0;3,76591;56,200001;21,700001
26.08.2025 11:06:07;0;3,00293;0,360352;0,387451;0,012817;3,736816;54,599998;-0,3
26.08.2025 11:11:09;0;3,528721;0,250648;0;0,003274;3,77464;54;0
26.08.2025 11:16:11;0;3,598568;0,234278;0;0;3,834301;53,799999;0
26.08.2025 11:21:14;0;3,600832;0,231329;0;0;3,83325;53,799999;0
26.08.2025 11:26:16;0;3,586927;0,248829;0;0;3,834301;53,700001;0
26.08.2025 11:31:18;0;3,552731;0,317221;0;0;3,87068;53,599998;0
26.08.2025 11:36:20;0;3,540726;0,313947;0;0;3,854673;53,599998;0
26.08.2025 11:41:20;0;2,947266;0,923218;0;0;3,868652;53,599998;0
26.08.2025 11:46:21;0;2,493276;1,454137;0;0;3,949238;53,599998;0
26.08.2025 11:51:23;0;2,441002;1,519897;0;0;3,959444;53,599998;0
26.08.2025 11:56:26;0;2,743681;1,228801;0;0;3,973933;53,5;0
26.08.2025 12:01:27;0;3,53351;0,462448;0;0;3,995957;53,5;0
26.08.2025 12:06:29;0;2,280936;1,73162;0;0;4,011829;53,5;0
26.08.2025 12:11:32;0;2,090666;1,99023;0;0;4,081258;53,5;0
26.08.2025 12:16:33;0,001038;0,545666;3,593369;0;0,001642;4,136115;53,5;0
26.08.2025 12:21:36;0;1,220824;2,923886;0;0;4,145073;53,5;0
26.08.2025 12:26:38;0;2,274388;1,859309;0;0;4,134061;53,400002;0
26.08.2025 12:31:40;0;3,901965;0,273203;0;0;4,17335;53,5;0
26.08.2025 12:36:41;0;3,875144;0,33105;0;0;4,206194;53,400002;0
26.08.2025 12:41:44;0;3,950727;0,247646;0;0;4,200186;53,400002;0
26.08.2025 12:46:46;0;4,006008;0,223364;0;0;4,228645;53,400002;0
26.08.2025 12:51:48;0;4,0533;0,184076;0;0;4,237376;53,400002;0
26.08.2025 12:56:49;0;4,051072;0,193447;0;0;4,244154;53,400002;0
26.08.2025 13:01:51;0;3,943437;0,280843;0;0;4,225735;53,400002;0
26.08.2025 13:06:54;0;3,942388;0,275202;0;0;4,216139;53,400002;0
26.08.2025 13:11:56;0;3,986364;0,271748;0;0;4,257748;53,400002;0
26.08.2025 13:16:58;0;4,045297;0,270293;0;0;4,315954;53,400002;0
26.08.2025 13:21:57;0;4,134754;0,232954;0;0;4,368076;53,400002;0
26.08.2025 13:26:59;0;4,096955;0,228821;0;0;4,32614;53,400002;0
26.08.2025 13:32:02;0;4,090322;0,230967;0;0;4,320564;53,400002;0
26.08.2025 13:37:04;0;4,023834;0,311037;0;0;4,33487;53,400002;0
26.08.2025 13:42:03;0;3,926051;0,381766;0;0;4,307816;53,400002;0
26.08.2025 13:47:05;0;3,965264;0,357238;0;0;4,323229;53,400002;0
26.08.2025 13:52:08;0;3,923533;0,345544;0;0;4,268352;53,400002;0
26.08.2025 13:57:10;0;3,921974;0,339412;0;0;4,262113;53,400002;0
26.08.2025 14:02:10;0;3,927246;0,301025;0;0;4,227539;53,299999;0
26.08.2025 14:07:11;0;3,957268;0,295645;0;0;4,252913;53,299999;0
26.08.2025 14:12:14;0;4,00439;0,21175;0;0;4,216139;53,299999;0
26.08.2025 14:17:16;0;4,004189;0,195717;0;0;4,200997;53,400002;0
26.08.2025 14:22:17;0;3,938653;0,160232;0;0;4,098156;53,299999;0
26.08.2025 14:27:20;0;3,854279;0,229154;0;0;4,084158;53,299999;0
26.08.2025 14:32:21;0;3,867844;0,274841;0;0;4,140495;53,299999;0
26.08.2025 14:37:21;0;3,765747;0,264038;0;0;4,03125;53,299999;0
26.08.2025 14:42:23;0;3,703702;0,255741;0;0;3,960899;53,299999;0
26.08.2025 14:47:26;0;3,306776;0,252722;0;0;3,557685;53,299999;0
26.08.2025 14:52:27;0;2,508606;0,168992;0;0;2,677598;53,299999;0
26.08.2025 14:57:29;0;1,774183;0,146606;0;0;1,920788;53,299999;0
26.08.2025 15:02:32;0;3,811494;0,18093;0;0;3,992787;53,299999;0
26.08.2025 15:07:33;0;3,973693;0,244181;0;0;4,217874;53,299999;0
26.08.2025 15:12:34;0;3,52548;0,33251;0;0;3,85726;53,299999;0
26.08.2025 15:17:35;0;3,391162;0,325575;0;0;3,718562;53,299999;0
26.08.2025 15:22:36;0;3,430946;0,270461;0;0;3,699582;53,299999;0
26.08.2025 15:27:38;0;3,441049;0,256833;0;0;3,698973;53,299999;0
26.08.2025 15:32:40;0;3,416675;0,285572;0;0;3,701883;53,299999;0
26.08.2025 15:37:42;0;3,333732;0,29503;0;0;3,629126;53,299999;0
26.08.2025 15:42:43;0;3,305388;0,285426;0;0;3,591544;53,299999;0
26.08.2025 15:47:46;0;3,167906;0,250909;0;0;3,417002;53,299999;0
26.08.2025 15:52:48;0;2,818612;0,285936;0;0;3,105275;53,299999;0
26.08.2025 15:57:50;0;2,59743;0,263017;0;0;2,860811;53,299999;0
26.08.2025 16:02:52;0;1,87677;0,235006;0;0;2,111412;53,299999;0
26.08.2025 16:07:53;0;0,760283;0,242721;0;0;1,003004;53,299999;0
26.08.2025 16:12:53;0;1,795532;0,235474;0;0;2,031738;53,299999;0
26.08.2025 16:17:58;0;2,953341;0,204598;0;0;3,156858;53,299999;0
26.08.2025 16:22:59;0;3,017408;0,129208;0;0;3,147711;53,299999;0
26.08.2025 16:27:59;0;2,989746;0,141357;0;0;3,130371;53,299999;0
26.08.2025 16:33:01;0;2,778959;0,134237;0;0;2,913196;53,299999;0
26.08.2025 16:38:03;0;1,800739;0,208813;0;0;2,005187;53,299999;0
26.08.2025 16:43:06;0;2,610975;0,249096;0;0;2,861522;53,299999;0
26.08.2025 16:48:08;0;2,497025;0,293939;0;0;2,789509;53,299999;0
26.08.2025 16:53:09;0;2,235225;0,29747;0;0;2,53306;53,299999;0
26.08.2025 16:58:11;0;2,211817;0,284844;0;0;2,497025;53,299999;0
26.08.2025 17:03:13;0;2,330775;0,202629;0;0;2,533404;53,299999;0
26.08.2025 17:08:15;0;2,220548;0,189169;0;0;2,409716;53,200001;0
26.08.2025 17:13:16;0;2,113317;0,190162;0;0;2,303844;53,200001;0
26.08.2025 17:18:18;0;2,405351;0,173526;0;0;2,578513;53,200001;0
26.08.2025 17:23:20;0;2,048113;0,2441;0;0;2,29185;53,200001;0
26.08.2025 17:28:22;0;1,836026;0,313219;0;0;2,149246;53,200001;0
26.08.2025 17:33:24;0;2,376248;0,325224;0;0;2,7022;53,200001;0
26.08.2025 17:38:25;0;3,058287;0,324115;0;0;3,381307;53,200001;0
26.08.2025 17:43:27;0;3,062712;0,333228;0;0;3,396303;53,200001;0
26.08.2025 17:48:29;0;2,926656;0,276477;0;0;3,202769;53,200001;0
26.08.2025 17:53:31;0;2,81752;0,193534;0;0;3,012146;53,200001;0
26.08.2025 17:58:34;0;2,623303;0,183105;0;0;2,802058;53,200001;0
26.08.2025 18:03:36;0;2,167799;0,229913;0;0;2,39953;53,200001;0
26.08.2025 18:08:38;0;1,998639;0,302306;0;0;2,299126;53,200001;0
26.08.2025 18:13:40;0;1,88732;0,333228;0;0;2,220548;53,200001;0
26.08.2025 18:18:42;0;1,71816;0,27575;0;0;1,993546;53,200001;0
26.08.2025 18:23:43;0;1,408513;0,31207;0;0;1,721313;53,200001;0
26.08.2025 18:28:45;0;1,15793;0,330317;0;0;1,487156;53,200001;0
26.08.2025 18:33:47;0;1,052068;0,260834;0;0;1,313994;53,200001;0
26.08.2025 18:38:49;0;1,175392;0,227002;0;0;1,401303;53,200001;0
26.08.2025 18:43:51;0;1,072076;0,172071;0;0;1,245602;53,200001;0
26.08.2025 18:48:53;0,000205;0,980039;0,177164;0;0;1,156839;53,200001;0
26.08.2025 18:53:55;0;0,755219;0,287027;0;0;1,041882;53,200001;0
26.08.2025 18:58:58;0;0,67187;0,282091;0;0;0,954324;53,200001;0
26.08.2025 19:04:00;0;0,628622;0,279387;0;0;0,908009;53,200001;0
26.08.2025 19:09:01;0;0,473033;0,279951;0;0;0,751888;53,200001;0
26.08.2025 19:14:04;0;0,227341;0,245108;0;0;0,472811;53,200001;0
26.08.2025 19:19:06;0,001285;0,09422;0,220454;0;0,000909;0,312856;53,200001;0
26.08.2025 19:24:07;0,028207;0,02263;0,310975;0;0,087416;0,217537;53,099998;-3,2
26.08.2025 19:29:10;0,003581;0,020667;0,373825;0;0,190176;0,201597;53;-5,4
26.08.2025 19:34:11;0,009467;0,03066;0,519387;0;0,358607;0,182497;52,900002;-6,3
26.08.2025 19:39:12;0,000376;0,041974;0,497487;0;0,375579;0,162057;52,900002;-7,2
26.08.2025 19:44:13;0,000023;0,02263;0,515007;0;0,394924;0,143078;52,900002;-7,6
26.08.2025 19:49:15;0,002069;0,021827;0,446001;0;0,351781;0,113501;53;-4,4
26.08.2025 19:54:18;0,000589;0,021755;0,332853;0;0,286624;0,068166;53;-5,9
26.08.2025 19:59:20;0,000432;0,021463;0,309945;0;0,305944;0,024737;53;-4,4
26.08.2025 20:04:22;0,002115;0,026193;0,297213;0;0,318676;0,00291;53;-5,8
26.08.2025 20:09:23;0,000011;0,023725;0,294915;0;0,318275;0;53;-6,1
26.08.2025 20:14:25;0;0,024737;0,296122;0;0,321041;0;53;-6
26.08.2025 20:19:28;0,006311;0,029732;0,346631;0;0,370018;0;52,900002;-7,2
26.08.2025 20:24:30;0,000011;0,029467;0,34887;0;0,378701;0;52,900002;-7,1
26.08.2025 20:29:30;0,000011;0,028198;0,339844;0;0,367859;0;52,900002;-6,9
26.08.2025 20:34:32;0,003285;0,022555;0,340503;0;0,359784;0;52,900002;-6,7
26.08.2025 20:39:33;0,000684;0,02336;0,33908;0;0,361344;0;52,900002;-6,6
26.08.2025 20:44:35;0,003024;0,023282;0,289937;0;0,310491;0;52,900002;-8
26.08.2025 20:49:36;0,000068;0,025185;0,400399;0;0,425401;0;52,900002;-8
26.08.2025 20:54:37;0,000855;0,020805;0,400764;0;0,421021;0;52,900002;-8,1
26.08.2025 20:59:40;0,010832;0,024656;0,428938;0;0,442535;0;52,900002;-9,7
26.08.2025 21:04:41;0,000171;0,02409;0,473398;0;0,497122;0;52,900002;-10,4
26.08.2025 21:09:43;0,001376;0,025101;0,498386;0;0,52276;0;52,900002;-9,9
26.08.2025 21:14:44;0,002315;0,025185;0,449308;0;0,471938;0;52,900002;-7,5
26.08.2025 21:19:46;0,008344;0,027648;0,422719;0;0,441636;0;52,900002;-9,5
26.08.2025 21:24:48;0,003536;0,035651;0,435088;0;0,467283;0;52,900002;-7,2
26.08.2025 21:29:49;0,001642;0,034309;0,380689;0;0,413356;0;52,900002;-8,6
26.08.2025 21:34:52;0,003286;0,030095;0,388691;0;0,415523;0;52,900002;-6,6
26.08.2025 21:39:54;0,003206;0,05093;0,309582;0;0,357601;0;52,900002;-6,6
26.08.2025 21:44:56;0,005036;0,031286;0,358693;0;0,384703;0;52,900002;-7,5
26.08.2025 21:49:58;0,003092;0,021463;0,376518;0;0,395071;0;52,900002;-7,4
26.08.2025 21:55:00;0,000034;0,028375;0,35942;0;0,387432;0;52,900002;-6,2
26.08.2025 22:00:02;0;0,02401;0,300851;0;0,324861;0;53;-6
26.08.2025 22:05:04;0,000341;0,021827;0,297577;0;0,318858;0;53;-5,9
26.08.2025 22:10:06;0,002353;0,021827;0,259743;0;0,279569;0;53;-3,6
26.08.2025 22:15:07;0,001346;0,027375;0,165707;0;0,191622;0;53;-4,6
26.08.2025 22:20:09;0,000023;0,023646;0,216089;0;0,239735;0;53;-4,5
26.08.2025 22:25:11;0;0,022918;0,212815;0;0,235915;0;53;-4,5
26.08.2025 22:30:13;0,005673;0,029103;0,280843;0;0,304489;0;53;-6,6
26.08.2025 22:35:16;0;0,024293;0,287167;0;0,311461;0;53;-5,8
26.08.2025 22:40:17;0;0,0219;0,271556;0;0,29309;0;53;-5,5
26.08.2025 22:45:19;0,000193;0,027648;0,263017;0;0,290665;0;53;-5,4
26.08.2025 22:50:21;0,000034;0,033104;0,25174;0;0,285026;0;53;-5,5
26.08.2025 22:55:24;0,002425;0,025744;0,186006;0;0,208668;0;53;-3,6
26.08.2025 23:00:26;0;0,025101;0,158974;0;0,184439;0;53;-3,5
26.08.2025 23:05:28;0,007617;0,023646;0,1557;0;0,171707;0;53;-3,6
26.08.2025 23:10:27;0,015249;0,029762;0,181513;0;0,19566;0;53;-6
26.08.2025 23:15:30;0,010594;0,038434;0,324514;0;0,352433;0;52,900002;-8,5
26.08.2025 23:20:30;0,002232;0,029297;0,433228;0;0,46051;0;52,900002;-8,5
26.08.2025 23:25:31;0,002635;0,027375;0,420838;0;0,445658;0;52,900002;-7,9
26.08.2025 23:30:33;0,003467;0,025101;0,424902;0;0,446365;0;52,900002;-8,3
26.08.2025 23:35:35;0,007958;0,022191;0,367787;0;0,381611;0;52,900002;-7,8
26.08.2025 23:40:37;0,004593;0,040744;0,260471;0;0,297395;0;53;-4,6
26.08.2025 23:45:39;0,002546;0,029103;0,16625;0;0,192806;0;53;-3,8
26.08.2025 23:50:42;0,001178;0,023205;0,215738;0;0,237312;0;53;-4,6
26.08.2025 23:55:44;0;0,020372;0,224456;0;0,24501;0;53;-4,6
27.08.2025 00:00:44;0,006901;0,026001;0,304688;0;0,32373;0;52,900002;-7
27.08.2025 00:05:45;0;0,025185;0,321925;0;0,346745;0;52,900002;-6
27.08.2025 00:10:47;0;0,02401;0,287027;0;0,311401;0;53;-5,8
27.08.2025 00:15:49;0;0,022555;0,282661;0;0,305034;0;52,900002;-5,9
27.08.2025 00:20:51;0;0,023646;0,285208;0;0,308854;0;53;-5,8
27.08.2025 00:25:53;0,001091;0,02401;0,208813;0;0,232095;0;53;-3,6
27.08.2025 00:30:54;0,000365;0,022265;0,175927;0;0,197097;0;53;-3,7
27.08.2025 00:35:56;0,002251;0,020736;0,174253;0;0,193534;0;53;-3,6
27.08.2025 00:40:59;0,007841;0,033358;0,178392;0;0,203954;0;53;-1,9
27.08.2025 00:46:01;0,000318;0,025465;0,296485;0;0,321041;0;52,900002;-6
27.08.2025 00:51:03;0;0,025101;0,291756;0;0,317221;0;53;-6
27.08.2025 00:56:05;0,000091;0,027284;0,31613;0;0,343596;0;52,900002;-7,2
27.08.2025 01:01:07;0,009197;0,019644;0,363422;0;0,373608;0;52,900002;-7
27.08.2025 01:06:09;0,001899;0,02983;0,304852;0;0,332682;0;52,900002;-4,7
27.08.2025 01:11:10;0,000582;0,027375;0,218997;0;0,245459;0;53;-4,6
27.08.2025 01:16:12;0,006969;0,02983;0,308126;0;0,331409;0;52,900002;-6,8
27.08.2025 01:21:15;0,000011;0,031907;0,320163;0;0,35207;0;52,900002;-6,5
27.08.2025 01:26:17;0,009504;0,037106;0,394707;0;0,422355;0;52,900002;-7,6
27.08.2025 01:31:18;0,000456;0,02993;0,370104;0;0,399304;0;52,900002;-7,5
27.08.2025 01:36:21;0,001643;0,025381;0,37455;0;0,3983;0;52,900002;-7,5
27.08.2025 01:41:23;0,007344;0,018189;0,316494;0;0,327225;0;52,900002;-5,6
27.08.2025 01:46:25;0,001285;0,024737;0,278296;0;0,302306;0;52,900002;-5,7
27.08.2025 01:51:26;0,014132;0,01898;0,248926;0;0,253306;0;53;-3,4
27.08.2025 01:56:29;0,001666;0,025744;0,167877;0;0,191626;0;53;-3,8
27.08.2025 02:01:31;0,000034;0,024737;0,169524;0;0,194807;0;53;-4
27.08.2025 02:06:33;0,000807;0,023282;0,170979;0;0,193352;0;53;-3,8
27.08.2025 02:11:34;0,008258;0,02847;0,270461;0;0,290535;0;52,900002;-5,9
27.08.2025 02:16:36;0;0,026193;0,291392;0;0,317221;0;52,900002;-5,8
27.08.2025 02:21:38;0,002751;0,018189;0,30558;0;0,321587;0;52,900002;-7
27.08.2025 02:26:40;0;0,025101;0,339048;0;0,364149;0;52,900002;-6,5
27.08.2025 02:31:42;0;0,02401;0,320859;0;0,344869;0;52,900002;-6,5
27.08.2025 02:36:44;0,00133;0,021827;0,212087;0;0,232641;0;53;-3,2
27.08.2025 02:41:46;0;0,023646;0,171707;0;0,195353;0;53;-3,7
27.08.2025 02:46:49;0,003977;0,021393;0,2132;0;0,230785;0;53;-4,6
27.08.2025 02:51:49;0,006294;0,025269;0,279053;0;0,298096;0;52,900002;-7,4
27.08.2025 02:56:50;0,003137;0,02409;0,370104;0;0,390726;0;52,900002;-7,2
27.08.2025 03:01:52;0,006309;0,023282;0,356874;0;0,373608;0;52,900002;-6
27.08.2025 03:06:54;0,011175;0,017825;0,299032;0;0,306126;0;52,900002;-5,5
27.08.2025 03:11:54;0,011868;0,030396;0,373535;0;0,391846;0;52,900002;-7,6
27.08.2025 03:16:56;0,003081;0,040016;0,29212;0;0,32868;0;52,900002;-4,7
27.08.2025 03:21:58;0,001592;0,02401;0,233187;0;0,255741;0;52,900002;-4,6
27.08.2025 03:27:01;0;0,023931;0,229154;0;0,252903;0;52,900002;-5,2
27.08.2025 03:32:03;0,000671;0,023646;0,245555;0;0,268838;0;52,900002;-4,9
27.08.2025 03:37:03;0,01268;0,035156;0,270996;0;0,293152;0;52,900002;-5,9
27.08.2025 03:42:04;0,001517;0,038689;0,29893;0;0,336525;0;52,900002;-7,1
27.08.2025 03:47:07;0,001813;0,022843;0,345544;0;0,36603;0;52,900002;-6,8
27.08.2025 03:52:09;0,005298;0,019281;0,339048;0;0,353418;0;52,900002;-6,4
27.08.2025 03:57:10;0,00276;0,02993;0,313895;0;0,34127;0;52,900002;-6,1
27.08.2025 04:02:12;0,001296;0,021827;0,199355;0;0,219545;0;52,900002;-3,8
27.08.2025 04:07:14;0,000091;0,024374;0,169888;0;0,194262;0;53;-3,7
27.08.2025 04:12:16;0,000136;0,022918;0,169524;0;0,192261;0;53;-3,5
27.08.2025 04:17:18;0,005934;0,02983;0,189169;0;0,212815;0;52,900002;-6,2
27.08.2025 04:22:21;0,000125;0,027194;0,291156;0;0,31835;0;52,900002;-5,9
27.08.2025 04:27:23;0,000011;0,023282;0,282661;0;0,306308;0;52,900002;-5,6
27.08.2025 04:32:25;0,002944;0,029467;0,336866;0;0,362876;0;52,900002;-7
27.08.2025 04:37:26;0,000319;0,027375;0,337255;0;0,364812;0;52,900002;-6,8
27.08.2025 04:42:28;0,002296;0,022191;0,284117;0;0,303579;0;52,900002;-4,6
27.08.2025 04:47:30;0,003217;0,020736;0,193534;0;0,211541;0;52,900002;-3,4
27.08.2025 04:52:31;0;0,02263;0,156948;0;0,178847;0;53;-3,4
27.08.2025 04:57:33;0;0,021827;0,156428;0;0,178801;0;53;-3,3
27.08.2025 05:02:35;0,011925;0,028375;0,289573;0;0,305762;0;52,900002;-8
27.08.2025 05:07:36;0,010163;0,02044;0,404414;0;0,415181;0;52,799999;-7,5
27.08.2025 05:12:38;0,006457;0,022191;0,407804;0;0,423628;0;52,799999;-8,4
27.08.2025 05:17:41;0,001847;0,03227;0,401019;0;0,431476;0;52,799999;-8,2
27.08.2025 05:22:43;0,004741;0,02692;0,416898;0;0,438726;0;52,799999;-7,8
27.08.2025 05:27:45;0,00025;0,023282;0,355782;0;0,378337;0;52,900002;-3,7
27.08.2025 05:32:46;0,008372;0,027375;0,485442;0;0,505152;0;52,5;-33,299999
27.08.2025 05:37:48;0,001467;0,046201;1,89496;0;1,93916;0;52,5;-21,9
27.08.2025 05:42:51;0,000748;0,039522;2,487334;0;2,52613;0;52;-67,699997
27.08.2025 05:47:53;0,006309;0,059297;3,481793;0;3,534724;0;52;-64,699997
27.08.2025 05:52:55;0;0,063662;2,727665;0;2,79151;0;52,200001;-44,400002
27.08.2025 05:57:57;0,000034;0,044018;0,896004;0;0,940022;0;52,700001;-6,1
27.08.2025 06:02:58;0,001642;0,02263;0,308785;0;0,329772;0;52,799999;-6,3
27.08.2025 06:08:00;0,000011;0,030922;0,289573;0;0,320495;0;52,799999;-6,4
27.08.2025 06:13:02;0,001887;0,022918;0,27575;0;0,297031;0;52,900002;-4
27.08.2025 06:18:05;0,000499;0,024293;0,239306;0;0,263418;0;52,900002;-5
27.08.2025 06:23:07;0;0,023646;0,240099;0;0,263199;0;52,900002;-5
27.08.2025 06:28:09;0;0,023646;0,239735;0;0,263017;0;52,900002;-4,9
27.08.2025 06:33:10;0,005874;0,02847;0,280681;0;0,303493;0;52,900002;-6,1
27.08.2025 06:38:12;0,000034;0,024737;0,294666;0;0,319586;0;52,900002;-6
27.08.2025 06:43:15;0,000034;0,023568;0,30022;0;0,31273;0,010152;52,900002;-5,7
27.08.2025 06:48:16;0,003319;0,0292;0,363899;0;0,367732;0,02336;52,799999;-7
27.08.2025 06:53:19;0,000533;0,027919;0,357509;0;0,366392;0,017404;52,799999;-6,6
27.08.2025 06:58:18;0,010897;0,022414;0,315995;0;0,297439;0,029395;52,799999;-6
27.08.2025 07:03:21;0,000703;0,039884;0,292606;0;0,293513;0,039159;52,799999;-5,6
27.08.2025 07:08:23;0,008276;0,024737;0,313219;0;0,294121;0,036379;52,799999;-7,8
27.08.2025 07:13:25;0,006719;0,04038;0,435815;0;0,427994;0,042199;52,700001;-9,7
27.08.2025 07:18:26;0,003718;0,049639;0,500407;0;0,460988;0,084679;52,700001;-8,6
27.08.2025 07:23:28;0,002819;0,033104;0,469284;0;0,360512;0,138239;52,700001;-5,1
27.08.2025 07:28:31;0,00068;0,02248;0,41371;0;0,215557;0,220452;52,799999;-3,5
27.08.2025 07:33:32;0,017235;0,019345;0,413539;0;0,110046;0,305135;52,900002;-0,4
27.08.2025 07:38:34;0,032673;0,011641;0,419081;0;0,070029;0,327407;52,799999;-3,2
27.08.2025 07:43:35;0,001528;0,054384;0,30842;0;0,02555;0,335795;52,900002;-0,3
27.08.2025 07:48:36;0,001414;0,00584;0,32083;0;0,015877;0,310975;52,900002;-0,3
27.08.2025 07:53:39;0,000804;0,027919;0,335754;0;0,015772;0,346631;52,900002;-0,3
27.08.2025 07:58:41;0,006855;0,090219;0,378337;0,012005;0,018007;0,45546;52,900002;-0,3
27.08.2025 08:03:42;0,000182;0,058034;0,475588;0,050734;0,00511;0,578151;53;1,7
27.08.2025 08:08:45;0,000136;0,067078;0,478612;0,039159;0,005439;0,581586;53;-0,3
27.08.2025 08:13:47;0;0,111318;0,445274;0;0,006912;0,547134;53;0
27.08.2025 08:18:48;0,000331;0,049639;0,425583;0,078839;0,000365;0,554791;53,099998;2,5
27.08.2025 08:23:50;0,000193;0,022918;0,348143;0,213542;0;0,583512;53,200001;5,3
27.08.2025 08:28:52;0,000171;0,02401;0,309582;0,295758;0;0,630077;53,200001;6,4
27.08.2025 08:33:55;0,000374;0,02248;0,327777;0,40537;0;0,755627;53,299999;9
27.08.2025 08:38:57;0,000841;0,030922;0,347779;0,735211;0;1,111729;53,5;16,700001
27.08.2025 08:43:58;0,005099;0,029565;0,478508;0,920516;0;1,423478;53,599998;12,3
27.08.2025 08:48:58;0,000011;0,0271;0,443115;0,504272;0;0,974121;53,5;8,4
27.08.2025 08:54:00;0,00698;0,028375;0,535493;0,383066;0,001455;0,940022;53,5;6,7
27.08.2025 08:59:02;0,000352;0,02983;0,524215;0,34887;0;0,900733;53,5;9
27.08.2025 09:04:04;0,002183;0,02983;0,530036;0,636989;0;1,196127;53,599998;12,5
27.08.2025 09:09:05;0,001985;0,034309;0,501137;0,410619;0,001095;0,943145;53,5;5,3
27.08.2025 09:14:06;0,006593;0,021535;0,469748;0,252941;0;0,737288;53,400002;5,2
27.08.2025 09:19:08;0,001182;0,025829;0,397254;0,405985;0;0,827976;53,5;8,7
27.08.2025 09:24:11;0,000646;0,026106;0,376726;0,57506;0;0,977529;53,599998;12,2
27.08.2025 09:29:13;0,005946;0,035651;0,408168;0,632623;0,001091;1,068075;53,599998;12,2
27.08.2025 09:34:14;0,003787;0,034674;0,486902;0,624505;0,000182;1,143162;53,599998;11,6
27.08.2025 09:39:17;0,001813;0,026831;0,512695;0,638875;0;1,176226;53,700001;12,7
27.08.2025 09:44:19;0,004888;0,044382;0,492566;0,805785;0;1,338731;53,799999;15,9
27.08.2025 09:49:20;0,014816;0,159503;0,544571;1,381868;0;2,070248;54,099998;45,799999
27.08.2025 09:54:22;0,01296;0,622437;0,443455;2,337687;0;3,390483;54;24,799999
27.08.2025 09:59:23;0,017965;0,520847;0,423758;1,978999;0;2,905355;54,099998;45,799999
27.08.2025 10:04:25;0,01379;0,108772;0,365605;1,693422;0;2,155066;53,900002;26,799999
27.08.2025 10:09:26;0,005281;0,032484;0,402954;1,593565;0;2,023528;53,900002;30,700001
27.08.2025 10:14:28;0,011527;0,39107;0,529308;2,078671;0;2,987408;54,099998;45,599998
27.08.2025 10:19:28;0;0,94043;0,566895;2,466431;0;3,972656;54,099998;45,599998
27.08.2025 10:24:30;0,002762;0,837798;0,562049;2,407534;0;3,805198;54,099998;45,599998
27.08.2025 10:29:32;0,003604;1,219046;0,601702;2,414446;0;4,23301;54;27,6
27.08.2025 10:34:34;0,012016;0,077486;0,508936;1,661409;0;2,235099;53,900002;26
27.08.2025 10:39:37;0,00664;0,072517;0,432927;1,613504;0;2,113146;54;29,700001
27.08.2025 10:44:39;0,010231;0,605703;0,488564;2,260201;0;3,343918;54;29,1
27.08.2025 10:50:00;0,001241;0,834071;0,527754;2,417334;0,000171;3,777106;54,200001;45,599998
27.08.2025 10:54:40;0;0,685076;0,62936;2,483695;0;3,798131;54,200001;45,599998
27.08.2025 10:59:42;0;0,644992;0,642446;2,469014;0;3,757179;54,200001;45,5
27.08.2025 11:04:45;0;0,566358;0,634886;2,464491;0;3,66501;54,200001;45,5
27.08.2025 11:09:47;0;0,587878;0,623165;2,475562;0;3,687332;54,299999;45,5
27.08.2025 11:14:48;0;0,687284;0,550411;2,467726;0;3,705422;54,400002;45,400002
27.08.2025 11:19:49;0;0,725974;0,546396;2,475026;0;3,747761;54,400002;45,5
27.08.2025 11:24:50;0;0,775613;0,507707;2,480866;0;3,762361;54,599998;45,299999
27.08.2025 11:29:53;0;0,784997;0,510157;2,472468;0;3,767984;54,900002;45
27.08.2025 11:34:54;0;1,022349;0,446753;2,313334;0;3,782801;56,099998;24,200001
27.08.2025 11:39:55;0;2,903895;0,3274;0,618665;0,009307;3,8412;54,700001;-0,3
27.08.2025 11:44:56;0;2,55715;1,349749;0;0,002737;3,903979;54;0
27.08.2025 11:49:58;0;2,526128;1,428223;0;0;3,955078;53,799999;0
27.08.2025 11:55:00;0;2,74731;1,264155;0;0;4,010374;53,700001;0
27.08.2025 12:00:02;0;2,875362;1,186305;0;0;4,062759;53,700001;0
27.08.2025 12:05:04;0;2,94339;1,154656;0;0;4,097682;53,599998;0
27.08.2025 12:10:06;0;3,74481;0,492566;0;0;4,237376;53,599998;0
27.08.2025 12:15:08;0;4,23301;0,230276;0;0;4,462923;53,599998;0
27.08.2025 12:20:12;0;4,037837;0,185394;0;0;4,223954;53,5;0
27.08.2025 12:25:13;0;3,890109;0,29528;0;0;4,184295;53,5;0
27.08.2025 12:30:15;0;3,888869;0,268474;0;0;4,157343;53,5;0
27.08.2025 12:35:16;0;3,875144;0,270826;0;0;4,146335;53,5;0
27.08.2025 12:40:16;0;3,86792;0,289307;0;0;4,157227;53,5;0
27.08.2025 12:45:18;0;3,845215;0,361603;0;0;4,206818;53,5;0
27.08.2025 12:50:21;0;4,009103;0,253084;0;0;4,26255;53,400002;0
27.08.2025 12:55:23;0;3,853582;0,277205;0;0;4,13115;53,400002;0
27.08.2025 13:00:25;0;4,1417;0,309582;0;0;4,449827;53,400002;0
27.08.2025 13:05:26;0;3,52621;0,32302;0;0;3,84996;53,400002;0
27.08.2025 13:10:28;0;3,778642;0,338684;0;0;4,116599;53,400002;0
27.08.2025 13:15:31;0;4,256386;0,282454;0;0;4,541016;53,400002;0
27.08.2025 13:20:33;0;3,963445;0,277205;0;0;4,240286;53,400002;0
27.08.2025 13:25:35;0;3,317362;0,269201;0;0;3,585472;53,400002;0
27.08.2025 13:30:36;0;3,755791;0,28798;0;0;4,044137;53,400002;0
27.08.2025 13:35:38;0;3,586199;0,226638;0;0;3,812474;53,400002;0
27.08.2025 13:40:40;0;3,599296;0,213178;0;0;3,812474;53,400002;0
27.08.2025 13:45:43;0;3,080523;0,210299;0;0;3,290822;53,400002;0
27.08.2025 13:50:43;0;2,082275;0,208374;0;0;2,289551;53,400002;0
27.08.2025 13:55:45;0;3,041612;0,273931;0;0;3,31627;53,400002;0
27.08.2025 14:00:47;0;2,372247;0,272475;0;0;2,642539;53,400002;0
27.08.2025 14:05:49;0;4,350877;0,289937;0;0;4,64045;53,400002;0
27.08.2025 14:10:50;0;4,757701;0,287251;0;0;5,045681;53,400002;0
27.08.2025 14:15:52;0;3,486158;0,220454;0;0;3,706249;53,400002;0
27.08.2025 14:20:54;0;4,720483;0,180438;0;0;4,899466;53,299999;0
27.08.2025 14:25:57;0;3,771247;0,165701;0;0;3,937674;53,299999;0
27.08.2025 14:30:59;0;2,915379;0,188805;0;0;3,10382;53,299999;0
27.08.2025 14:36:01;0;4,241741;0,388887;0;0;4,630264;53,299999;0
27.08.2025 14:41:03;0;3,877228;0,435088;0;0;4,311588;53,299999;0
27.08.2025 14:46:04;0;3,958728;0,423028;0;0;4,382851;53,299999;0
27.08.2025 14:51:06;0;3,925248;0,355782;0;0;4,28103;53,299999;0
27.08.2025 14:56:07;0;3,615998;0,329955;0;0;3,946318;53,299999;0
27.08.2025 15:01:07;0;3,5625;0,320435;0;0;3,883301;53,299999;0
27.08.2025 15:06:09;0;3,608027;0,188441;0;0;3,796468;53,299999;0
27.08.2025 15:11:12;0;3,568562;0,183105;0;0;3,75058;53,299999;0
27.08.2025 15:16:14;0;3,075444;0,181529;0;0;3,258065;53,299999;0
27.08.2025 15:21:16;0;3,280983;0,164795;0;0;3,445778;53,299999;0
27.08.2025 15:26:17;0;3,578039;0,247831;0;0;3,82514;53,299999;0
27.08.2025 15:31:19;0;3,676054;0,24119;0;0;3,917244;53,299999;0
27.08.2025 15:36:20;0;3,422551;0,236881;0;0;3,660163;53,299999;0
27.08.2025 15:41:22;0;2,953576;0,243009;0;0;3,196949;53,299999;0
27.08.2025 15:46:24;0;2,858628;0,219727;0;0;3,077627;53,299999;0
27.08.2025 15:51:25;0;1,923155;0,145633;0;0;2,068788;53,299999;0
27.08.2025 15:56:27;0;2,923382;0,158247;0;0;3,081992;53,299999;0
27.08.2025 16:01:30;0;3,044627;0,152286;0;0;3,19655;53,299999;0
27.08.2025 16:06:30;0;2,881714;0,221191;0;0;3,102539;53,299999;0
27.08.2025 16:11:31;0;2,330489;0,279221;0;0;2,608979;53,299999;0
27.08.2025 16:16:33;0;1,608297;0,331409;0;0;1,939705;53,299999;0
27.08.2025 16:21:35;0;0,989861;0,324133;0;0;1,313994;53,299999;0
27.08.2025 16:26:38;0;0,968102;0,318712;0;0;1,287902;53,299999;0
27.08.2025 16:31:40;0,000091;0,983677;0,292847;0;0;1,27616;53,299999;0
27.08.2025 16:36:42;0;0,906554;0,341231;0;0;1,248513;53,299999;0
27.08.2025 16:41:43;0;0,926356;0,2982;0;0;1,223461;53,299999;0
27.08.2025 16:46:45;0;0,980039;0,262289;0;0;1,242692;53,299999;0
27.08.2025 16:51:53;0;1,018376;0,328163;0;0;1,345468;53,299999;0
27.08.2025 16:56:53;0;1,094604;0,315674;0;0;1,410645;53,299999;0
27.08.2025 17:01:53;0;1,204834;0,240967;0;0;1,445801;53,299999;0
27.08.2025 17:06:54;0;1,196451;0,238706;0;0;1,436618;53,299999;0
27.08.2025 17:11:55;0;1,173092;0,236881;0;0;1,408878;53,299999;0
27.08.2025 17:16:57;0;1,160113;0,171707;0;0;1,331456;53,299999;0
27.08.2025 17:22:00;0;1,123289;0,135969;0;0;1,260346;53,299999;0
27.08.2025 17:27:02;0;0,997137;0,193898;0;0;1,190307;53,299999;0
27.08.2025 17:32:03;0;0,912851;0,188337;0;0;1,100823;53,299999;0
27.08.2025 17:37:06;0,00017;0,708491;0,306747;0;0,000181;1,015238;53,200001;0
27.08.2025 17:42:08;0;0,66209;0,270293;0;0;0,932747;53,200001;0
27.08.2025 17:47:10;0;0,588241;0,252103;0;0;0,839617;53,200001;0
27.08.2025 17:52:11;0;0,508437;0,252941;0;0;0,762108;53,200001;0
27.08.2025 17:57:13;0;0,466737;0,239371;0;0;0,705744;53,200001;0
27.08.2025 18:02:16;0,004204;0,449606;0,322701;0;0,09119;0,677309;53;-20,4
27.08.2025 18:07:17;0,002783;0,033579;1,782267;0;1,164514;0,64969;52,799999;-15,8
27.08.2025 18:12:19;0,000341;0,040744;2,676735;0;2,111412;0,603884;52,5;-53,799999
27.08.2025 18:17:22;0,003195;0,061639;3,013807;0;2,51072;0,561282;52,599998;-45,599998
27.08.2025 18:22:23;0;0,056574;1,621305;0,016425;1,179662;0,515372;53;1,8
27.08.2025 18:27:25;0,00665;0,031649;0,337957;0,096039;0,003638;0,45546;53,099998;0
27.08.2025 18:32:28;0;0,04061;0,365123;0,000363;0;0,406095;53,099998;0
27.08.2025 18:37:29;0;0,042704;0,34346;0;0;0,385434;53,099998;0
27.08.2025 18:42:32;0;0,07433;0,332853;0;0;0,407546;53,099998;0
27.08.2025 18:47:34;0,001228;0,034923;0,307035;0,093857;0;0,435088;53,200001;3
27.08.2025 18:52:33;0,007429;0,043725;0,328488;0,181881;0,000735;0,545275;53,200001;6,1
27.08.2025 18:57:36;0,001518;0,031545;0,269038;0,211025;0;0,51052;53,200001;2,4
27.08.2025 19:02:38;0,007651;0,038561;0,280479;0,311764;0;0,622801;53,299999;7,7
27.08.2025 19:07:39;0,007961;0,085044;0,32886;0,084314;0,004927;0,484712;53,200001;1,7
27.08.2025 19:12:41;0,002626;0,049111;0,310309;0,147697;0,000182;0,504935;53,299999;1,2
27.08.2025 19:17:44;0,006187;0,042422;0,309648;0,229154;0;0,575785;53,299999;4,8
27.08.2025 19:22:46;0,006434;0,023282;0,324133;0,245192;0;0,586423;53,299999;2,4
27.08.2025 19:27:47;0,004038;0,044529;0,315355;0,089789;0;0,445293;53,200001;0
27.08.2025 19:32:47;0,001534;0,053467;0,221558;0,032227;0;0,304688;53,200001;0
27.08.2025 19:37:50;0,00077;0,048224;0,151923;0;0;0,198697;53,200001;0
27.08.2025 19:42:52;0,041904;0,008731;0,159702;0;0,036379;0,091674;53,200001;-3,1
27.08.2025 19:47:53;0,00965;0,02774;0,221552;0;0,215529;0,02336;53,099998;-4,1
27.08.2025 19:52:55;0,007924;0,02692;0,427084;0;0,44109;0,004365;53;-8,3
27.08.2025 19:57:57;0,000148;0,024737;0,42854;0;0,449275;0,004365;53;-8,7
27.08.2025 20:03:00;0,002255;0,020667;0,432564;0;0,449968;0,00145;53;-8
27.08.2025 20:08:02;0,000273;0,025829;0,336866;0;0,362149;0;53;-6,6
27.08.2025 20:13:04;0;0,023646;0,311764;0;0,335774;0;53;-4,5
27.08.2025 20:18:06;0;0,023646;0,214634;0;0,238098;0;53;-4,4
27.08.2025 20:23:07;0,001243;0,023725;0,241991;0;0,264438;0;53;-5,5
27.08.2025 20:28:10;0,003524;0,027556;0,368024;0;0,392317;0;53;-7,4
27.08.2025 20:33:12;0,003933;0,025465;0,427812;0;0,449093;0;52,900002;-9,5
27.08.2025 20:38:12;0;0,024536;0,462891;0;0,487244;0;52,900002;-8,2
27.08.2025 20:43:14;0,000011;0,024374;0,409259;0;0,433814;0;53;-8,8
27.08.2025 20:48:13;0,004248;0,034172;0,489792;0;0,519922;0;52,900002;-9,6
27.08.2025 20:53:15;0;0,026193;0,438726;0;0,464554;0;52,900002;-8,3
27.08.2025 20:58:18;0,001654;0,019942;0,386878;0;0,405551;0;53;-7,2
27.08.2025 21:03:19;0,001357;0,024455;0,28944;0;0,312253;0;53;-5,3
27.08.2025 21:08:20;0,000376;0,02409;0,256591;0;0,280498;0;53;-5,4
27.08.2025 21:13:21;0,000525;0,021535;0,218997;0;0,239801;0;53;-3,8
27.08.2025 21:18:24;0,007524;0,03082;0,201235;0;0,224078;0;53;-6,3
27.08.2025 21:23:26;0,000557;0,027284;0,293575;0;0,320859;0;53;-6,1
27.08.2025 21:28:28;0,003911;0,024374;0,351781;0;0,371789;0;53;-7,2
27.08.2025 21:33:30;0,000534;0,025829;0,360512;0;0,386522;0;53;-7,3
27.08.2025 21:38:30;0,00135;0,02417;0,363281;0;0,385803;0;53;-7,3
27.08.2025 21:43:31;0,00097;0,02263;0,351854;0;0,373389;0;53;-5,5
27.08.2025 21:48:33;0,000091;0,020736;0,250285;0;0,27102;0;53;-4,6
27.08.2025 21:53:35;0,001762;0,018917;0,228094;0;0,244646;0;53;-4,6
27.08.2025 21:58:38;0,000283;0,02103;0,195796;0;0,217188;0;53;-3,6
27.08.2025 22:03:39;0,004836;0,02701;0,256956;0;0,279038;0;53;-6
27.08.2025 22:08:41;0,000102;0,02692;0,290665;0;0,317221;0;53;-5,8
27.08.2025 22:13:43;0;0,024374;0,287027;0;0,311582;0;53;-5,8
27.08.2025 22:18:45;0;0,021827;0,281934;0;0,303761;0;53;-5,5
27.08.2025 22:23:48;0,003252;0,029007;0,349895;0;0,375638;0;53;-7,5
27.08.2025 22:28:50;0;0,028375;0,308126;0;0,336502;0;53;-5
27.08.2025 22:33:52;0;0,019281;0,236824;0;0,256469;0;53;-4,7
27.08.2025 22:38:54;0;0,02692;0,225911;0;0,252467;0;53;-4,7
27.08.2025 22:43:56;0,001364;0,031286;0,217908;0;0,247556;0;53;-4,7
27.08.2025 22:48:57;0,007585;0,02482;0,289805;0;0,307325;0;53;-5,7
27.08.2025 22:53:59;0,007094;0,021463;0,333591;0;0,347779;0;53;-6,8
27.08.2025 22:59:01;0,001251;0,023646;0,333228;0;0,355419;0;53;-6,6
27.08.2025 23:04:04;0,008623;0,037346;0,308922;0;0,338111;0;53;-6,7
27.08.2025 23:09:06;0,00208;0,027284;0,31904;0;0,344141;0;53;-6,5
27.08.2025 23:14:05;0,001033;0,024618;0,278516;0;0,301848;0;53;-4,5
27.08.2025 23:19:07;0,002831;0,022191;0,222637;0;0,242099;0;53;-4,5
27.08.2025 23:24:09;0,000534;0,024374;0,21427;0;0,23828;0;53;-4,5
27.08.2025 23:29:11;0,010948;0,021463;0,186258;0;0,196808;0;53;-3,8
27.08.2025 23:34:14;0,008509;0,026831;0,252722;0;0,271032;0;53;-5,5
27.08.2025 23:39:16;0,001899;0,018189;0,27866;0;0,295576;0;53;-5,5
27.08.2025 23:44:18;0,00166;0,022918;0,271384;0;0,291938;0;53;-5,5
27.08.2025 23:49:20;0,000057;0,020372;0,268474;0;0,288664;0;53;-5,5
27.08.2025 23:54:22;0,000136;0,024737;0,260834;0;0,285754;0;53;-5,5
27.08.2025 23:59:24;0,000239;0,022555;0,185531;0;0,207904;0;53;-3,6
28.08.2025 00:04:25;0,000046;0,026645;0,168262;0;0,194724;0;53;-3,7
28.08.2025 00:09:27;0,002774;0,022918;0,207358;0;0,227548;0;53;-4,8
28.08.2025 00:14:27;0,005905;0,031128;0,253418;0;0,278503;0;53;-7,3
28.08.2025 00:19:29;0,006309;0,027284;0,429995;0;0,451094;0;52,900002;-9,1
28.08.2025 00:24:30;0,001209;0,02263;0,422663;0;0,444016;0;52,900002;-7,6
28.08.2025 00:29:32;0;0,02692;0,37288;0;0,399619;0;52,900002;-7,5
28.08.2025 00:34:34;0;0,026556;0,364513;0;0,391433;0;52,900002;-7,3
28.08.2025 00:39:33;0,000172;0,028293;0,360087;0;0,387645;0;52,900002;-7,4
28.08.2025 00:44:35;0,000023;0,026193;0,296122;0;0,32286;0;53;-3,6
28.08.2025 00:49:38;0,000034;0,023205;0,172591;0;0,195252;0;53;-3,8
28.08.2025 00:54:40;0,012937;0,024374;0,180438;0;0,191897;0;53;-4,6
28.08.2025 00:59:40;0,001957;0,035522;0,213867;0;0,247375;0;53;-4,7
28.08.2025 01:04:41;0,005464;0,034309;0,30039;0;0,329772;0;52,900002;-7,3
28.08.2025 01:09:43;0,000398;0,029103;0,355055;0;0,383248;0;52,900002;-7,2
28.08.2025 01:14:45;0,006662;0,022918;0,322314;0;0,338684;0;53;-5,9
28.08.2025 01:19:48;0,002527;0,036621;0,265412;0;0,299314;0;53;-5,6
28.08.2025 01:24:50;0;0,028011;0,269929;0;0,298122;0;53;-5,7
28.08.2025 01:29:52;0,003752;0,032741;0,202265;0;0,231004;0;53;-3,8
28.08.2025 01:34:54;0,009413;0,031286;0,161521;0;0,184076;0;53;-3,7
28.08.2025 01:39:56;0,005809;0,023282;0,221182;0;0,238098;0;53;-4,7
28.08.2025 01:44:57;0,000308;0,01898;0,226296;0;0,245459;0;53;-4,6
28.08.2025 01:49:58;0,004802;0,028105;0,347475;0;0,370469;0;52,900002;-7
28.08.2025 01:55:00;0;0,025101;0,317949;0;0,343777;0;52,900002;-5,6
28.08.2025 02:00:00;0;0,020874;0,28418;0;0,304871;0;52,900002;-5,7
28.08.2025 02:05:01;0;0,01971;0,279586;0;0,298018;0;52,900002;-5,6
28.08.2025 02:10:03;0;0,019644;0,261926;0;0,282661;0;53;-3,7
28.08.2025 02:15:05;0,005025;0,027284;0,221909;0;0,244464;0;53;-5,4
28.08.2025 02:20:07;0,00432;0,020736;0,270657;0;0,286663;0;53;-5,4
28.08.2025 02:25:10;0;0,023931;0,254535;0;0,27774;0;53;-5,2
28.08.2025 02:30:11;0,005509;0,029565;0,307325;0;0,332327;0;52,900002;-7,4
28.08.2025 02:35:14;0,000011;0,024293;0,356059;0;0,379627;0;52,900002;-7,3
28.08.2025 02:40:14;0,002014;0,024902;0,355225;0;0,37793;0;52,900002;-7,2
28.08.2025 02:45:16;0;0,023282;0,337593;0;0,361421;0;52,900002;-7
28.08.2025 02:50:17;0,005213;0,02044;0,348205;0;0,363352;0;52,900002;-6,9
28.08.2025 02:55:19;0,001773;0,028375;0,3325;0;0,358693;0;52,900002;-4,6
28.08.2025 03:00:22;0,005122;0,021393;0,167514;0;0,184012;0;53;-2,5
28.08.2025 03:05:23;0,008178;0,024455;0,166437;0;0,182315;0;53;-3,8
28.08.2025 03:10:25;0,015859;0,02983;0,193534;0;0,207358;0;53;-3,6
28.08.2025 03:15:27;0,008754;0,021827;0,289573;0;0,30267;0;52,900002;-7
28.08.2025 03:20:29;0,000125;0,025829;0,341959;0;0,368697;0;52,900002;-7
28.08.2025 03:25:32;0,000986;0,03082;0,327777;0;0,357328;0;52,900002;-6,8
28.08.2025 03:30:34;0,010447;0,019644;0,316494;0;0,32577;0;52,900002;-5,5
28.08.2025 03:35:35;0;0,019345;0,278126;0;0,29747;0;52,900002;-5,6
28.08.2025 03:40:37;0,001137;0,025101;0,218999;0;0,243009;0;53;-3,6
28.08.2025 03:45:39;0;0,02401;0,169524;0;0,193352;0;53;-3,6
28.08.2025 03:50:41;0;0,024374;0,162976;0;0,187532;0;53;-3,6
28.08.2025 03:55:43;0,001205;0,021463;0,160793;0;0,18062;0;53;-3,4
28.08.2025 04:00:45;0,007196;0,027284;0,264108;0;0,284844;0;52,900002;-5,4
28.08.2025 04:05:45;0;0,020874;0,272461;0;0,292236;0;52,900002;-5,4
28.08.2025 04:10:48;0,006787;0,025744;0,299495;0;0,319256;0;52,900002;-7,8
28.08.2025 04:15:50;0,000023;0,023646;0,38343;0;0,406349;0;52,900002;-7,6
28.08.2025 04:20:51;0;0,025915;0,374484;0;0,400764;0;52,900002;-7,5
28.08.2025 04:25:53;0,00216;0,028739;0,375427;0;0,401619;0;52,900002;-6,2
28.08.2025 04:30:56;0,004113;0,022843;0,310373;0;0,329046;0;52,900002;-6,2
28.08.2025 04:35:58;0,000523;0,030558;0,28448;0;0,315038;0;52,900002;-6,1
28.08.2025 04:40:57;0,000884;0,022046;0,223401;0;0,244896;0;52,900002;-4,6
28.08.2025 04:45:59;0,01005;0,025829;0,269929;0;0,28539;0;52,900002;-7,1
28.08.2025 04:51:01;0,000944;0,027284;0,341231;0;0,367242;0;52,900002;-6,9
28.08.2025 04:56:03;0,000375;0,024374;0,333955;0;0,358693;0;52,900002;-5,4
28.08.2025 05:01:03;0,004955;0,019043;0,27832;0;0,291138;0;52,900002;-5,4
28.08.2025 05:06:06;0,000816;0,019942;0,266137;0;0,286442;0;52,900002;-5,3
28.08.2025 05:11:07;0,000468;0,02482;0,251116;0;0,274476;0;52,900002;-3,7
28.08.2025 05:16:09;0,009095;0,020008;0,18262;0;0,193898;0;53;-3,7
28.08.2025 05:21:11;0,004024;0,02692;0,168797;0;0,192079;0;53;-3,5
28.08.2025 05:26:13;0,001853;0,029103;0,162248;0;0,189169;0;53;-3,6
28.08.2025 05:31:15;0,028739;0,022555;0,259743;0;0,25465;0;52,900002;-6
28.08.2025 05:36:18;0,000623;0,026469;0,289343;0;0,313999;0;52,900002;-6
28.08.2025 05:41:19;0,002566;0,023725;0,307325;0;0,329225;0;52,900002;-6,8
28.08.2025 05:46:20;0;0,02628;0,335065;0;0,361344;0;52,900002;-6,7
28.08.2025 05:51:22;0;0,026556;0,328862;0;0,355419;0;52,799999;-6,5
28.08.2025 05:56:25;0,00017;0,021755;0,254535;0;0,27629;0;52,900002;-3,7
28.08.2025 06:01:27;0,000443;0,022191;0,176072;0;0,197172;0;52,900002;-3,7
28.08.2025 06:06:29;0,005536;0,020008;0,194262;0;0,208085;0;52,900002;-5,9
28.08.2025 06:11:31;0,003706;0,024737;0,280115;0;0,301942;0;52,799999;-7,7
28.08.2025 06:16:31;0,000126;0,022339;0,388916;0;0,410522;0;52,799999;-7,6
28.08.2025 06:21:32;0,00268;0,02774;0,405144;0;0,430693;0;52,799999;-8,9
28.08.2025 06:26:34;0,001978;0,032741;0,433633;0;0,464918;0;52,799999;-8,7
28.08.2025 06:31:36;0,000091;0,021463;0,432905;0;0,454005;0;52,799999;-8,5
28.08.2025 06:36:38;0;0,025465;0,379065;0;0,398709;0,005821;52,799999;-7,1
28.08.2025 06:41:41;0,000091;0,024293;0,279916;0;0,27629;0,027556;52,900002;-3,1
28.08.2025 06:46:42;0,002521;0,02701;0,178847;0;0,141253;0,062779;53;-2,4
28.08.2025 06:51:44;0,011789;0,006912;0,148425;0;0,024374;0,119322;53;0
28.08.2025 06:56:47;0;0,048586;0,137057;0;0;0,184193;53,099998;0
28.08.2025 07:01:48;0,008509;0,062049;0,219727;0;0,006935;0,267176;53,099998;0
28.08.2025 07:06:50;0;0,054204;0,248102;0;0;0,30267;53,099998;0
28.08.2025 07:11:53;0,036213;0,001088;0,303846;0;0,00145;0,265412;53,099998;0
28.08.2025 07:16:54;0,018546;0,009855;0,348205;0;0,044529;0,296375;53,099998;-1,6
28.08.2025 07:21:57;0,011569;0,019942;0,471361;0;0,150473;0,330678;53;-3
28.08.2025 07:27:00;0,006787;0,048949;0,34228;0,039884;0,01958;0,404645;53,200001;2,2
28.08.2025 07:32:01;0,008349;0,038324;0,318275;0,169722;0;0,516832;53,299999;4,9
28.08.2025 07:37:02;0,007745;0,02628;0,346015;0,469748;0;0,833647;53,5;9,4
28.08.2025 07:42:05;0,007728;0,026831;0,357509;0,3731;0,003626;0,746925;53,400002;3,2
28.08.2025 07:47:07;0,000944;0,020372;0,45837;0,129871;0;0,60825;53,299999;1,5
28.08.2025 07:52:09;0,009333;0,05384;0,446729;0,013824;0,000364;0,503479;53,200001;0
28.08.2025 07:57:10;0,054122;0,00073;0,521212;0;0,005475;0,462813;53,200001;-2,3
28.08.2025 08:02:13;0,030718;0,008702;0,458308;0;0,003626;0,433652;53,200001;0
28.08.2025 08:07:14;0,007231;0,054384;0,530702;0;0,00365;0,573771;53,200001;0
28.08.2025 08:12:16;0,002012;0,05384;0,503479;0,140057;0;0,695558;53,400002;5,2
28.08.2025 08:17:18;0,000205;0,022918;0,504207;0,329954;0;0,855624;53,5;5,3
28.08.2025 08:22:21;0,00017;0,022843;0,492391;0,257073;0;0,771581;53,5;5,3
28.08.2025 08:27:22;0,000319;0,020805;0,494932;0,31718;0;0,833647;53,5;6,6
28.08.2025 08:32:25;0,001405;0,029007;0,463384;0,665706;0;1,155921;53,900002;23,6
28.08.2025 08:37:27;0,00249;0,040744;0,491111;1,291439;0;1,821839;53,900002;24,9
28.08.2025 08:42:27;0,000446;0,02417;0,399902;0,849609;0;1,271484;53,799999;11,3
28.08.2025 08:47:28;0,000148;0,02409;0,396384;0,558076;0;0,979645;53,700001;9,5
28.08.2025 08:52:30;0,001125;0,030558;0,389978;0,482744;0;0,903644;53,700001;10,3
28.08.2025 08:57:32;0,015472;0,033468;0,40744;0,476559;0,001819;0,899278;53,700001;7,6
28.08.2025 09:02:35;0,000918;0,027919;0,457582;0,457945;0;0,942721;53,700001;8,9
28.08.2025 09:07:37;0,009674;0,022918;0,46128;0,544223;0;1,0186;53,700001;10,9
28.08.2025 09:12:39;0,002706;0,053476;0,411805;0,64863;0;1,111729;53,799999;15,2
28.08.2025 09:17:41;0,003729;0,063299;0,445274;1,031332;0;1,535176;54,099998;45,599998
28.08.2025 09:22:42;0,014383;0,106213;0,462813;1,538086;0;2,092147;53,900002;22,299999
28.08.2025 09:27:45;0,003581;0,034083;0,432201;1,330687;0;1,795521;54;27,200001
28.08.2025 09:32:46;0,004072;0,032849;0,430693;1,570935;0;2,029368;54;27,5
28.08.2025 09:37:46;0,001156;0,025635;0,443115;1,444336;0;1,911621;53,900002;25
28.08.2025 09:42:48;0,002865;0,027648;0,446001;1,395482;0;1,865493;53,900002;26,700001
28.08.2025 09:47:51;0,007592;0,029732;0,498192;1,47971;0;2,00147;54;30,700001
28.08.2025 09:52:53;0,000477;0,03456;0,51221;1,885501;0;2,431544;54,099998;40,700001
28.08.2025 09:57:55;0,00731;0,603157;0,571871;2,35624;0;3,522901;54,200001;45,700001
28.08.2025 10:02:54;0,00999;0,7165;0,622436;2,276999;0;3,606749;54,200001;45,700001
28.08.2025 10:07:56;0,007787;0,046928;0,597336;1,495159;0;2,131784;53,900002;21
28.08.2025 10:12:59;0,000612;0,034446;0,632348;1,619305;0;2,285736;54,099998;37,200001
28.08.2025 10:18:01;0;0,89564;0,677369;2,444276;0;4,016194;54,200001;45,700001
28.08.2025 10:23:02;0,000764;1,011399;0,577421;2,437432;0;4,028077;54,200001;43,5
28.08.2025 10:28:02;0,000961;0,026367;0,446045;1,720459;0;2,189941;54;27,799999
28.08.2025 10:33:04;0,002478;0,023646;0,370334;1,288165;0;1,679235;53,900002;22,200001
28.08.2025 10:38:06;0,001421;0,028011;0,357238;1,107364;0;1,491521;53,900002;15
28.08.2025 10:43:08;0,004252;0,030922;0,43436;0,612615;0,000728;1,073895;53,799999;12
28.08.2025 10:48:09;0;0,032484;0,451133;0,771963;0;1,25558;53,900002;16,799999
28.08.2025 10:53:11;0,004775;0,035651;0,469284;0,910192;0;1,410033;53,900002;15,6
28.08.2025 10:58:12;0,000684;0,036864;0,459893;0,896426;0;1,392818;54;17,5
28.08.2025 11:03:15;0,000079;0,03082;0,461208;0,923504;0;1,414082;54;16,799999
28.08.2025 11:08:17;0,003672;0,02401;0,463463;0,869084;0;1,354738;54;17
28.08.2025 11:13:16;0,000586;0,03013;0,418142;0,881846;0;1,328648;54,099998;16,200001
28.08.2025 11:18:18;0,000568;0,028011;0,421264;0,93311;0;1,382386;54,200001;18,5
28.08.2025 11:23:20;0,005161;0,030194;0,430722;1,11282;0;1,567189;54,400002;23,299999
28.08.2025 11:28:23;0,006504;0,037346;0,42785;1,23714;0;1,695448;54,700001;21,700001
28.08.2025 11:33:25;0,005104;0,026556;0,483835;1,197219;0;1,702517;56;22,700001
28.08.2025 11:38:27;0;1,197219;0,399437;0,377973;0,004729;1,971718;54,599998;0
28.08.2025 11:43:28;0;2,230845;0,397114;0;0;2,626499;54,099998;0
28.08.2025 11:48:30;0;1,817473;0,400164;0;0;2,219093;53,900002;0
28.08.2025 11:53:32;0;1,278707;0,381247;0;0;1,658863;53,799999;0
28.08.2025 11:58:35;0;1,327787;0,305297;0;0;1,633083;53,700001;0
28.08.2025 12:03:34;0,024033;0,767573;1,131702;0;0,334734;1,540291;52,799999;-49,200001
28.08.2025 12:08:36;0,066345;0,105498;3,728803;0;2,39662;1,3722;52,700001;-46,200001
28.08.2025 12:13:39;0,437572;0,065265;4,790474;0;3,185673;1,231339;52,400002;-72,599998
28.08.2025 12:18:38;0,356298;0,085613;4,537831;0;3,163622;1,105247;52,5;-72,300003
28.08.2025 12:23:40;0,024271;0,070938;2,734213;0;1,759995;1,020055;52,799999;-21,9
28.08.2025 12:28:41;0;0,041974;0,62122;0,33543;0,173372;0,824887;53,200001;7,5
28.08.2025 12:33:41;0,001728;0,029297;0,394775;0,392944;0;0,814453;53,200001;6
28.08.2025 12:38:43;0,000568;0,021827;0,475832;0,16916;0;0,666455;53,200001;1,4
28.08.2025 12:43:45;0,000909;0,066573;0,409623;0,053113;0;0,529672;53,200001;0
28.08.2025 12:48:46;0;0,083219;0,327035;0;0;0,408794;53,200001;0
28.08.2025 12:53:49;0;0,062002;0,273389;0;0;0,335029;53,200001;0
28.08.2025 12:58:50;0;0,092344;0,262066;0;0;0,356234;53,200001;0
28.08.2025 13:03:50;0,018299;0,028564;0,363281;0;0,053833;0,319336;53,200001;0
28.08.2025 13:08:53;0,010062;0,013416;0,387966;0;0;0,390142;53,200001;0
28.08.2025 13:13:54;0,029907;0,000365;0,430693;0;0;0,400034;53,200001;0
28.08.2025 13:18:57;0,019693;0,002901;0,420599;0;0;0,404645;53,200001;0
28.08.2025 13:23:59;0;0,066573;0,414716;0;0;0,480197;53,200001;0
28.08.2025 13:29:00;0,000137;0,081029;0,355504;0,060954;0;0,499312;53,299999;3,4
28.08.2025 13:34:02;0,00507;0,026193;0,320131;0,152426;0;0,493293;53,299999;2,9
28.08.2025 13:39:04;0,001489;0,022191;0,318676;0,165886;0;0,504935;53,299999;3,1
28.08.2025 13:44:06;0,003774;0,028011;0,322314;0,157883;0;0,504935;53,299999;2,9
28.08.2025 13:49:08;0,005946;0,062571;0,363058;0,058206;0,004729;0,472921;53,200001;0
28.08.2025 13:54:11;0,004068;0,095722;0,403195;0,014503;0,003626;0,504718;53,200001;0
28.08.2025 13:59:12;0,000137;0,081759;0,469383;0,033579;0;0,585451;53,299999;2
28.08.2025 14:04:14;0,001035;0,026193;0,499842;0,084398;0;0,60825;53,299999;2
28.08.2025 14:09:15;0,00195;0,025185;0,529972;0,242721;0;0,795688;53,400002;6,1
28.08.2025 14:14:17;0,000148;0,020372;0,563868;0,364513;0;0,950208;53,400002;7,3
28.08.2025 14:19:18;0,000787;0,01971;0,525592;0,378864;0;0,922706;53,400002;5,5
28.08.2025 14:24:21;0,000351;0,024293;0,377814;0,26795;0;0,670057;53,400002;3,5
28.08.2025 14:29:22;0,000137;0,0219;0,315355;0,183592;0;0,519752;53,400002;2,6
28.08.2025 14:34:24;0,00025;0,024737;0,312128;0,176436;0;0,513665;53,400002;4
28.08.2025 14:39:25;0,006627;0,032484;0,402954;0,242356;0,00438;0,66721;53,400002;5,3
28.08.2025 14:44:27;0,002183;0,023646;0,504207;0,435088;0,000364;0,958939;53,599998;10,2
28.08.2025 14:49:29;0,002205;0,035651;0,478742;0,439453;0;0,953119;53,5;5,5
28.08.2025 14:54:28;0,002641;0,041153;0,473257;0,31379;0;0,824526;53,599998;8,1
28.08.2025 14:59:30;0,000068;0,03747;0,441636;0,696286;0;1,177211;53,799999;16,299999
28.08.2025 15:04:32;0,002535;0,038561;0,37761;0,901461;0;1,313994;53,900002;18,1
28.08.2025 15:09:34;0,00374;0,032741;0,341959;1,076442;0;1,446412;54;21,200001
28.08.2025 15:14:35;0,000365;0,02628;0,348935;1,095713;0;1,471657;54,099998;19,299999
28.08.2025 15:19:36;0;0,032119;0,347475;1,088413;0;1,467277;54,200001;20,200001
28.08.2025 15:24:36;0,003216;0,047241;0,401367;0,872681;0,001099;1,318359;54,299999;13,4
28.08.2025 15:29:36;0,001373;0,034058;0,439453;0,768311;0;1,240723;56,099998;12,1
28.08.2025 15:34:38;0,001637;0,44491;0,38052;0,160429;0,005093;0,977856;55;0
28.08.2025 15:39:39;0;0,32375;0,358424;0;0;0,681809;54,5;0
28.08.2025 15:44:38;0,002756;0,07312;0,363026;0;0;0,433574;54,299999;0
28.08.2025 15:49:38;0,01894;0,030029;0,325195;0;0,004028;0,33252;54,099998;0
28.08.2025 15:54:38;0,001099;0,472412;0,413818;0;0;0,88623;54;0
28.08.2025 15:59:38;0;1,115112;0,387451;0;0;1,501465;53,900002;0
28.08.2025 16:04:39;0;1,012494;0,373754;0;0;1,385518;53,900002;0
28.08.2025 16:09:38;0,001263;0,577976;0,490159;0;0,002205;1,065564;53,799999;0
28.08.2025 16:14:38;0;0,947754;0,488525;0;0;1,437012;53,799999;0
28.08.2025 16:19:38;0;0,973389;0,416016;0;0;1,388672;53,700001;0
28.08.2025 16:24:41;0;0,725533;0,36041;0;0;1,084855;53,700001;0
28.08.2025 16:29:40;0;0,808726;0,2866;0;0;1,096428;53,700001;0
28.08.2025 16:34:40;0;0,762451;0,267334;0;0;1,029785;53,700001;0
28.08.2025 16:39:40;0;0,869751;0,177246;0;0;1,045898;53,700001;0
28.08.2025 16:44:40;0;0,977051;0,174316;0;0;1,152832;53,599998;0
28.08.2025 16:49:40;0;0,890259;0,167725;0;0;1,057617;53,599998;0
28.08.2025 16:54:40;0,000092;0,828369;0,221924;0;0;1,048828;53,599998;0
28.08.2025 16:59:40;0;0,831665;0,27832;0;0;1,111816;53,599998;0
28.08.2025 17:04:40;0;0,864624;0,276123;0;0;1,139648;53,599998;0
28.08.2025 17:09:40;0;0,925049;0,290771;0;0;1,21582;53,599998;0
28.08.2025 17:14:42;0;0,736666;0,328135;0;0;1,065165;53,5;0
28.08.2025 17:19:42;0;0,552246;0,288574;0;0;0,84082;53,5;0
28.08.2025 17:24:43;0;0,556251;0,228486;0;0;0,785468;53,5;0
28.08.2025 17:29:42;0,007647;0,42843;0,665059;0;0,103249;0,981788;53,400002;0
28.08.2025 17:34:42;0;0,470581;0,246826;0;0;0,717773;53,400002;0
28.08.2025 17:39:43;0,003901;0,169722;0,328495;0;0,003285;0,490552;53,400002;0
28.08.2025 17:44:44;0,006513;0,070444;0,376674;0;0,00365;0,437993;53,400002;0
28.08.2025 17:49:44;0,013401;0;0,393311;0;0;0,379395;53,400002;0
28.08.2025 17:54:44;0,048672;0;0,371338;0;0;0,32373;53,400002;0
28.08.2025 17:59:44;0,034023;0;0,363281;0;0;0,328125;53,400002;0
28.08.2025 18:04:44;0,00745;0,010986;0,358154;0;0;0,361816;53,400002;0
28.08.2025 18:09:47;0;0,107325;0,306747;0;0;0,414797;53,400002;0
28.08.2025 18:14:46;0;0,237731;0,180044;0;0;0,417407;53,400002;0
28.08.2025 18:19:46;0;0,236572;0,177246;0;0;0,413086;53,400002;0
28.08.2025 18:24:48;0;0,228457;0,17971;0;0;0,408895;53,400002;0
28.08.2025 18:29:49;0,010437;0,115338;0,260606;0;0,005475;0,360614;53,299999;0
28.08.2025 18:34:48;0,033747;0,009186;0,415937;0;0,089654;0,301297;53,200001;-3,8
28.08.2025 18:39:48;0,000034;0,018311;0,454834;0;0,218994;0,253418;53;-4,6
28.08.2025 18:44:48;0,000835;0,019043;0,448242;0;0,261475;0,205078;53;-5,6
28.08.2025 18:49:48;0,000504;0,023438;0,453369;0;0,320801;0,155273;52,900002;-6,2
28.08.2025 18:54:48;0,004086;0,024536;0,424072;0;0,317871;0,125977;53;-5,1
28.08.2025 18:59:48;0,002323;0,027832;0,336914;0;0,237671;0,124512;53;-4,5
28.08.2025 19:04:48;0,002918;0,025635;0,333252;0;0,232544;0,124512;53;-4,5
28.08.2025 19:09:50;0,00598;0,029103;0,289573;0;0,194989;0,117867;53;-3,8
28.08.2025 19:14:48;0,005933;0,027281;0,348023;0;0,259543;0,110601;53;-6,2
28.08.2025 19:19:48;0,000023;0,023438;0,407959;0;0,325562;0,105469;53;-6,2
28.08.2025 19:24:49;0,002053;0,025915;0,398574;0;0,33397;0,087599;52,900002;-6,6
28.08.2025 19:29:50;0,002201;0,02847;0,395654;0;0,357694;0,065699;52,900002;-6,7
28.08.2025 19:34:52;0,001285;0,021827;0,393616;0;0,366696;0,046565;52,900002;-7
28.08.2025 19:39:52;0,002781;0,032959;0,336914;0;0,347168;0,019043;53;-5,4
28.08.2025 19:44:52;0,006741;0,026733;0,429199;0;0,442383;0,007324;52,900002;-8,8
28.08.2025 19:49:53;0,000011;0,02263;0,451863;0;0,471938;0,00146;52,900002;-9
28.08.2025 19:54:52;0;0,023516;0,423286;0;0,446802;0,00147;52,900002;-8
28.08.2025 19:59:53;0,005167;0,032119;0,473033;0;0,500407;0;52,900002;-9,6
28.08.2025 20:04:53;0;0,025269;0,480469;0;0,505371;0;52,900002;-9,7
28.08.2025 20:09:51;0,00227;0,02212;0,41807;0;0,437978;0;52,900002;-8,2
28.08.2025 20:14:51;0,001854;0,023804;0,404297;0;0,425537;0;52,900002;-8
28.08.2025 20:19:51;0,003571;0,029663;0,914063;0;0,941162;0;52,599998;-33,200001
28.08.2025 20:24:51;0,045811;0,052368;2,511475;0;2,5177;0;52,5;-46,299999
28.08.2025 20:29:51;0;0,050537;1,743164;0;1,794434;0;52,700001;-24,799999
28.08.2025 20:34:51;0,000057;0,036987;1,2854;0;1,321289;0;52,700001;-25,700001
28.08.2025 20:39:52;0;0,036864;1,26799;0;1,305585;0;52,799999;-23,5
28.08.2025 20:44:51;0,006568;0,047767;0,958272;0;0,999425;0;52,900002;-9,3
28.08.2025 20:49:51;0,000378;0,028198;0,369141;0;0,396973;0;53;-6,5
28.08.2025 20:54:51;0,000744;0,026001;0,320068;0;0,344971;0;53;-6,8
28.08.2025 20:59:53;0,001501;0,025465;0,319404;0;0,343777;0;53;-6,5
28.08.2025 21:04:53;0,000034;0,026001;0,307617;0;0,333252;0;53;-5,9
28.08.2025 21:09:53;0,002632;0,027832;0,313477;0;0,339111;0;53;-7,6
28.08.2025 21:14:53;0,000835;0,028198;0,262207;0;0,28894;0;53;-5,1
28.08.2025 21:19:54;0,002555;0,030295;0,232136;0;0,259876;0;53;-5
28.08.2025 21:24:54;0,002094;0,028198;0,231445;0;0,257446;0;53;-5,2
28.08.2025 21:29:53;0,007062;0,030497;0,218257;0;0,241773;0;53;-7,6
28.08.2025 21:34:53;0,010929;0,018677;0,378662;0;0,387085;0;53;-6,8
28.08.2025 21:39:53;0,003834;0,027832;0,457764;0;0,481201;0;53;-8,8
28.08.2025 21:44:55;0,001251;0,027284;0,400892;0;0,426721;0;53;-7,4
28.08.2025 21:49:55;0,000629;0,025635;0,375732;0;0,401733;0;53;-7,5
28.08.2025 21:54:55;0;0,027466;0,370605;0;0,398071;0;53;-7,5
28.08.2025 21:59:56;0,000764;0,02847;0,400764;0;0,427408;0;53;-8,6
28.08.2025 22:04:55;0,000023;0,022046;0,294683;0;0,316362;0;53;-4,7
28.08.2025 22:09:55;0,000011;0,019775;0,230713;0;0,251221;0;53;-4,6
28.08.2025 22:14:55;0,000034;0,019409;0,221924;0;0,241333;0;53;-4,6
28.08.2025 22:19:55;0;0,025269;0,162598;0;0,188232;0;53,099998;-3,6
28.08.2025 22:24:55;0,005688;0,029663;0,277588;0;0,301025;0;53;-6,1
28.08.2025 22:29:55;0;0,025635;0,293701;0;0,319336;0;53;-6,1
28.08.2025 22:34:55;0,000938;0,024902;0,286377;0;0,311279;0;53;-5,8
28.08.2025 22:39:55;0,007061;0,029663;0,309814;0;0,331421;0;53;-6,8
28.08.2025 22:44:55;0,001442;0,024902;0,339111;0;0,362915;0;53;-6,6
28.08.2025 22:49:55;0;0,025269;0,259277;0;0,28418;0;53;-4,4
28.08.2025 22:54:57;0,015972;0,023282;0,219727;0;0,227366;0;53,099998;-3,3
28.08.2025 22:59:57;0,002323;0,0271;0,161133;0;0,185669;0;53,099998;-3,6
28.08.2025 23:04:57;0,004555;0,0271;0,164063;0;0,186035;0;53,099998;-3,6
28.08.2025 23:09:57;0,006947;0,030396;0,256348;0;0,280151;0;53;-5,3
28.08.2025 23:14:58;0,002144;0,029565;0,264256;0;0,29163;0;53;-5,5
28.08.2025 23:19:57;0,000264;0,020576;0,271902;0;0,292846;0;53;-5,5
28.08.2025 23:24:57;0,003559;0,025269;0,268799;0;0,290039;0;53;-5,4
28.08.2025 23:29:57;0,006168;0,030396;0,266602;0;0,291138;0;53;-5,5
28.08.2025 23:34:57;0,008961;0,026001;0,267334;0;0,28418;0;53;-5,4
28.08.2025 23:39:59;0,007776;0,041835;0,267019;0;0,301215;0;53;-6,3
28.08.2025 23:44:59;0;0,026733;0,301025;0;0,328125;0;53;-6,2
28.08.2025 23:49:59;0,000263;0,023804;0,306152;0;0,328491;0;53;-6,2
28.08.2025 23:55:01;0,008526;0,028739;0,424902;0;0,445637;0;53;-8,3
29.08.2025 00:00:02;0,000011;0,02701;0,319005;0;0,346015;0;53;-5,5
29.08.2025 00:05:01;0,000046;0,024618;0,28807;0;0,312688;0;53;-5,8
29.08.2025 00:10:01;0,00079;0,023071;0,283447;0;0,30542;0;53;-14
29.08.2025 00:15:01;0,000767;0,026001;0,344971;0;0,370972;0;53;-6,9
29.08.2025 00:20:01;0;0,024902;0,313477;0;0,338013;0;53;-4,6
29.08.2025 00:25:02;0,000046;0,0219;0,222647;0;0,244546;0;53;-4,6
29.08.2025 00:30:02;0,005939;0,018677;0,202881;0;0,215332;0;53;-3,7
29.08.2025 00:35:01;0,007544;0,022046;0,179309;0;0,194373;0;53;-3,8
29.08.2025 00:40:01;0,004749;0,031494;0,240967;0;0,266968;0;53;-6
29.08.2025 00:45:01;0;0,025269;0,292969;0;0,318237;0;53;-6
29.08.2025 00:50:01;0;0,025269;0,289307;0;0,314941;0;53;-5,8
29.08.2025 00:55:02;0,006365;0,020075;0,299295;0;0,312435;0;53;-5,9
29.08.2025 01:00:03;0;0,02044;0,278856;0;0,29966;0;53;-5,6
29.08.2025 01:05:03;0,000904;0,021973;0,240234;0;0,261108;0;53;-3,6
29.08.2025 01:10:04;0,004756;0,025185;0,166437;0;0,187242;0;53;-3,8
29.08.2025 01:15:03;0,001045;0,022414;0,17343;0;0,194741;0;53;-3,6
29.08.2025 01:20:03;0,009647;0,018677;0,18457;0;0,194092;0;53;-5
29.08.2025 01:25:03;0,009396;0,027832;0,325195;0;0,342773;0;53;-7,1
29.08.2025 01:30:03;0,006191;0,03479;0,409424;0;0,437988;0;52,900002;-9
29.08.2025 01:35:03;0,001991;0,024536;0,435059;0;0,457764;0;52,900002;-8,4
29.08.2025 01:40:03;0,000515;0,032959;0,412354;0;0,444946;0;52,900002;-8,5
29.08.2025 01:45:04;0;0,02117;0,426313;0;0,446753;0;52,900002;-8,5
29.08.2025 01:50:03;0,000046;0,023883;0,421081;0;0,444965;0;52,900002;-8,2
29.08.2025 01:55:03;0,000011;0,026001;0,344971;0;0,371704;0;53;-3,7
29.08.2025 02:00:03;0,011581;0,018677;0,182373;0;0,189331;0;53;-3,7
29.08.2025 02:05:03;0;0,022339;0,172852;0;0,195557;0;53;-3,6
29.08.2025 02:10:03;0,001247;0,022339;0,173584;0;0,194824;0;53;-3,6
29.08.2025 02:15:04;0,009684;0,024455;0,210237;0;0,224471;0;53;-6
29.08.2025 02:20:03;0;0,026088;0,290274;0;0,317097;0;53;-6
29.08.2025 02:25:05;0;0,022191;0,274294;0;0,296485;0;53;-5,5
29.08.2025 02:30:05;0,000057;0,019775;0,269531;0;0,28894;0;53;-5,4
29.08.2025 02:35:05;0;0,020874;0,265137;0;0,286377;0;53;-5,4
29.08.2025 02:40:06;0;0,0219;0,264986;0;0,286156;0;53;-5,4
29.08.2025 02:45:05;0,0079;0,029027;0,194006;0;0,21495;0;53;-4,5
29.08.2025 02:50:06;0,002817;0,020075;0,218267;0;0,236151;0;53;-4,4
29.08.2025 02:55:05;0,002342;0,025353;0,215317;0;0,238098;0;53;-4,4
29.08.2025 03:00:05;0,012806;0,030762;0,228516;0;0,24646;0;53;-5,5
29.08.2025 03:05:05;0,00317;0,025635;0,273926;0;0,296631;0;53;-5,4
29.08.2025 03:10:05;0,000835;0,027832;0,266602;0;0,293335;0;53;-5,4
29.08.2025 03:15:05;0,008125;0,023438;0,306885;0;0,322266;0;52,900002;-7
29.08.2025 03:20:05;0,013996;0,018311;0,374268;0;0,378662;0;52,900002;-7
29.08.2025 03:25:05;0,008606;0,026733;0,339844;0;0,357788;0;52,900002;-6,9
29.08.2025 03:30:06;0,004585;0,022995;0,337255;0;0,355869;0;52,900002;-6,9
29.08.2025 03:35:05;0,007154;0,022046;0,288804;0;0,303869;0;52,900002;-5,3
29.08.2025 03:40:05;0,002071;0,028931;0,245361;0;0,271729;0;53;-5
29.08.2025 03:45:05;0,007942;0,026367;0,30542;0;0,324463;0;52,900002;-7,5
29.08.2025 03:50:05;0,002094;0,027466;0,361816;0;0,386353;0;52,900002;-7
29.08.2025 03:55:05;0;0,02124;0,290039;0;0,311646;0;52,900002;-5,4
29.08.2025 04:00:05;0,000046;0,023438;0,263672;0;0,287476;0;52,900002;-5,4
29.08.2025 04:05:06;0,000433;0,01898;0,267906;0;0,285791;0;52,900002;-5,4
29.08.2025 04:10:05;0,001079;0,026455;0,309381;0;0,333999;0;52,900002;-6,7
29.08.2025 04:15:05;0;0,023438;0,234375;0;0,258911;0;53;-4,4
29.08.2025 04:20:05;0,000149;0,021606;0,209473;0;0,230347;0;53;-4,4
29.08.2025 04:25:05;0,00095;0,022339;0,191895;0;0,214233;0;53;-3,4
29.08.2025 04:30:06;0,013197;0,02701;0,171547;0;0,184322;0;52,900002;-17,5
29.08.2025 04:35:06;0,000732;0,02124;0,27832;0;0,298828;0;52,900002;-5,5
29.08.2025 04:40:05;0,000069;0,020944;0,270433;0;0,292111;0;52,900002;-5,5
29.08.2025 04:45:05;0;0,020508;0,267334;0;0,287476;0;52,900002;-5,4
29.08.2025 04:50:05;0,001087;0,028198;0,259277;0;0,287109;0;52,900002;-5,4
29.08.2025 04:55:05;0,000183;0,029297;0,256348;0;0,285278;0;52,900002;-5,5
29.08.2025 05:00:06;0,00519;0,024455;0,175197;0;0,193447;0;53;-4,6
29.08.2025 05:05:05;0,001332;0,026455;0,217522;0;0,242875;0;53;-4,7
29.08.2025 05:10:05;0,012039;0,017578;0,233643;0;0,23877;0;52,900002;-4,6
29.08.2025 05:15:05;0,008228;0,028564;0,251953;0;0,272827;0;52,900002;-7
29.08.2025 05:20:05;0,002048;0,024536;0,291504;0;0,313843;0;52,900002;-5,7
29.08.2025 05:25:05;0,005768;0,041016;0,304688;0;0,339478;0;52,900002;-7,6
29.08.2025 05:30:05;0,001122;0,025269;0,376465;0;0,401001;0;52,799999;-8
29.08.2025 05:35:05;0,011364;0,035156;1,526367;0;1,549805;0;52,200001;-42,400002
29.08.2025 05:40:06;0,004471;0,063874;2,038858;0;2,099082;0;52,200001;-42
29.08.2025 05:45:05;0,001378;0,039683;3,424501;0;3,462347;0;51,700001;-73,099998
29.08.2025 05:50:07;0;0,06148;3,357742;0;3,419222;0;51,799999;-55,299999
29.08.2025 05:55:07;0;0,058228;2,378906;0;2,437134;0;52;-39,5
29.08.2025 06:00:07;0,002117;0,033325;0,263672;0;0,295532;0;52,5;-3,9
29.08.2025 06:05:07;0,008034;0,02417;0,223389;0;0,238403;0;52,5;-6,4
29.08.2025 06:10:09;0,000034;0,024737;0,307035;0;0,331773;0;52,5;-6,2
29.08.2025 06:15:09;0,000229;0,02417;0,298096;0;0,322632;0;52,5;-6
29.08.2025 06:20:11;0;0,026193;0,28448;0;0,310309;0;52,5;-5,8
29.08.2025 06:25:11;0;0,024536;0,281982;0;0,306885;0;52,5;-5,9
29.08.2025 06:30:11;0;0,023071;0,286377;0;0,308716;0;52,5;-6
29.08.2025 06:35:11;0,000034;0,021973;0,197021;0;0,21936;0;52,5;-3,8
29.08.2025 06:40:11;0,007713;0,021973;0,180176;0;0,194458;0;52,5;-3,7
29.08.2025 06:45:11;0,006878;0,026733;0,218994;0;0,23877;0;52,5;-5,9
29.08.2025 06:50:11;0,006214;0,029297;0,315674;0;0,339111;0;52,400002;-10,3
29.08.2025 06:55:11;0,001328;0,020874;0,544922;0;0,564697;0;52,400002;-10,1
29.08.2025 07:00:11;0,003284;0,034058;0,489258;0;0,505371;0,014648;52,400002;-9,2
29.08.2025 07:05:11;0,001373;0,034424;0,536865;0;0,537598;0,032227;52,400002;-10,1
29.08.2025 07:10:11;0,000801;0,027832;0,522949;0;0,537231;0,013184;52,299999;-9,9
29.08.2025 07:15:11;0,000172;0,028564;0,51416;0;0,538696;0,00293;52,400002;-8,3
29.08.2025 07:20:12;0,005292;0,031755;0,366454;0;0,393464;0;52,400002;-9
29.08.2025 07:25:12;0,000458;0,022339;0,427734;0;0,448242;0,001465;52,400002;-8,4
29.08.2025 07:30:14;0,002512;0,038197;0,419081;0;0,445274;0,008731;52,299999;-8,2
29.08.2025 07:35:15;0,069566;0,030295;1,325659;0;1,27383;0,01314;51,599998;-73,599998
29.08.2025 07:40:17;0,003626;0,062207;2,657818;0;2,694561;0,021827;51,900002;-36,799999
29.08.2025 07:45:20;0;0,050399;1,599725;0;1,600451;0,049312;52;-28,299999
29.08.2025 07:50:21;0;0,037229;1,469467;0;1,324929;0,181037;52;-24
29.08.2025 07:55:23;0,001557;0,03747;1,204858;0;0,894185;0,347779;52,299999;-1,4
29.08.2025 08:00:26;0,006402;0,047136;0,40537;0;0,00145;0,443804;52,400002;0
29.08.2025 08:05:27;0,000103;0,032119;0,355504;0,077379;0;0,465733;52,5;3,3
29.08.2025 08:10:28;0,000719;0,025185;0,327035;0,159867;0;0,510992;52,5;2,5
29.08.2025 08:15:30;0,003376;0,049839;0,341959;0,030558;0,001819;0,417626;52,5;0
29.08.2025 08:20:31;0,019527;0,00657;0,318275;0;0;0,305135;52,5;0
29.08.2025 08:25:34;0,005257;0,059827;0,425675;0,059464;0,005076;0,535176;52,599998;3,1
29.08.2025 08:30:35;0,00065;0,029565;0,434343;0,266811;0;0,728529;52,599998;5,9
29.08.2025 08:35:35;0,003605;0,032593;0,405029;0,279053;0,001099;0,713379;52,700001;4,3
29.08.2025 08:40:37;0,000193;0,024374;0,466373;0,371061;0,000364;0,861445;52,799999;11,5
29.08.2025 08:45:39;0,004286;0,030194;0,490383;0,673004;0;1,188852;52,900002;12,2
29.08.2025 08:50:41;0,005502;0,028011;0,421264;0,990225;0;1,434771;53,099998;22,1
29.08.2025 08:55:44;0,001076;0,028644;0,392317;1,448527;0;1,868038;53,200001;23,299999
29.08.2025 09:00:46;0,002865;0,041835;0,344869;1,499525;0;1,882955;53,400002;46,299999
29.08.2025 09:05:47;0,008498;0,040514;0,339445;1,438078;0;1,808912;53,200001;19
29.08.2025 09:10:49;0,000011;0,027284;0,433633;0,978584;0;1,439136;53,200001;19,9
29.08.2025 09:15:52;0,009642;0,018854;0,44888;0,921691;0;1,380724;53,200001;13,3
29.08.2025 09:20:53;0,00706;0,036134;0,489822;0,455513;0,00073;0,973805;53;6,3
29.08.2025 09:25:55;0,003888;0,036379;0,47947;0,342686;0;0,852714;53,099998;7,6
29.08.2025 09:30:57;0,006673;0,022555;0,491111;0,400892;0;0,909464;53,099998;7,6
29.08.2025 09:35:59;0,004706;0,036015;0,497659;0,400892;0,000364;0,929836;53,099998;9,1
29.08.2025 09:41:01;0,005241;0,026193;0,440181;0,554046;0;1,014235;53,200001;12
29.08.2025 09:46:03;0,000136;0,03747;0,399437;0,834161;0;1,271795;53,299999;18,700001
29.08.2025 09:51:05;0,000296;0,033468;0,361603;1,019691;0;1,414399;53,400002;19,200001
29.08.2025 09:56:08;0,004555;0,044235;0,338654;0,926042;0,001088;1,303856;53,400002;16
29.08.2025 10:01:09;0,001175;0,028105;0,446753;1,022349;0;1,496477;53,599998;23,700001
29.08.2025 10:06:11;0,005013;0,145514;0,504207;2,042657;0;2,686194;53,900002;38,400002
29.08.2025 10:11:13;0,001194;0,621346;0,528217;2,398075;0;3,547638;54;45,900002
29.08.2025 10:16:14;0,013197;0,068619;0,464273;1,349384;0;1,867311;53,799999;18,799999
29.08.2025 10:21:16;0,006105;0,317221;0,469284;1,627577;0;2,408261;53,799999;15,4
29.08.2025 10:26:15;0,006005;0,146974;0,410793;1,536616;0;2,088505;54;45,799999
29.08.2025 10:31:18;0,012192;0,787535;0,46991;2,070361;0;3,316928;54;45,799999
29.08.2025 10:36:20;0,004661;0,859262;0,463463;1,992454;0;3,31045;53,799999;20,6
29.08.2025 10:41:21;0,013984;0,34346;0,459163;1,726058;0;2,514081;53,900002;21,700001
29.08.2025 10:46:23;0,006275;0,866174;0,501297;1,92188;0;3,282802;54,099998;45,799999
29.08.2025 10:51:25;0,004445;0,802875;0,483107;1,874951;0;3,156205;53,900002;26,5
29.08.2025 10:56:26;0,001323;0,266811;0,445293;1,195356;0;1,90673;54,099998;45,799999
29.08.2025 11:01:29;0,0189;0,531187;0,469185;1,511617;0;2,493135;53,700001;8
29.08.2025 11:06:30;0,003159;0,776708;1,189151;2,339248;0;4,301093;54,099998;45,799999
29.08.2025 11:11:32;0,040903;0,418354;2,029197;1,561004;0,054568;3,914334;54;45,700001
29.08.2025 11:16:32;0,050274;0,638306;1,703613;1,713867;0,052002;3,953613;54;39,799999
29.08.2025 11:21:33;0,057909;0,815032;1,068703;2,148356;0,005475;3,968218;54,099998;45,599998
29.08.2025 11:26:35;0,022907;0,843619;0,561685;2,104136;0;3,485067;53,900002;27,299999
29.08.2025 11:31:36;0,024591;0,827077;0,562091;1,905635;0;3,271809;54,099998;45,799999
29.08.2025 11:36:38;0,02916;0,674459;0,550772;1,772364;0;2,968491;54,099998;45,799999
29.08.2025 11:41:41;0,002878;1,37311;0,614219;2,465216;0;4,449644;54,099998;45,799999
29.08.2025 11:46:43;0;1,715613;0,580602;2,474107;0;4,769958;54,200001;45,700001
29.08.2025 11:51:44;0,014782;1,212511;0,568661;2,403487;0;4,168235;54,200001;45,700001
29.08.2025 11:56:46;0,013346;1,155383;0,470011;2,360605;0;3,973995;54,200001;45,700001
29.08.2025 12:01:49;0;1,694723;0,410446;2,471017;0;4,575824;54,200001;45,599998
29.08.2025 12:06:51;0,010629;1,488611;0,417626;2,426814;0;4,321774;54,200001;36,400002
29.08.2025 12:11:52;0,019174;1,065053;0,405874;2,186316;0;3,639723;54,299999;45,5
29.08.2025 12:16:54;0,008037;0,978584;0,502024;1,783641;0;3,25661;54,400002;45,400002
29.08.2025 12:21:56;0;1,630124;0,544223;2,470105;0;4,643361;54,5;45,400002
29.08.2025 12:26:56;0,011089;0,309814;0,460693;1,320923;0;2,080078;54,200001;20,4
29.08.2025 12:31:59;0,011433;0,386516;0,520672;1,257445;0;2,153755;54,799999;45
29.08.2025 12:37:00;0;2,051633;0,598591;2,257125;0;4,905523;56,200001;24,200001
29.08.2025 12:42:02;0;4,194085;0,371789;0,352872;0,014188;4,905286;54,5;-0,3
29.08.2025 12:47:04;0;4,087496;0,272839;0;0,004365;4,356698;54,099998;0
29.08.2025 12:52:07;0;4,785035;0,249459;0;0;5,034131;53,900002;0
29.08.2025 12:57:08;0;4,77376;0,256226;0;0;5,031081;53,799999;0
29.08.2025 13:02:11;0;3,806781;0,347357;0;0;4,153775;53,700001;0
29.08.2025 13:07:12;0;4,259118;0,343095;0;0;4,601848;53,700001;0
29.08.2025 13:12:14;0;3,891779;0,391433;0;0;4,282485;53,599998;0
29.08.2025 13:17:17;0;3,784301;0,49094;0;0;4,275603;53,599998;0
29.08.2025 13:22:19;0;2,771319;0,470011;0;0;3,242058;53,599998;0
29.08.2025 13:27:20;0;4,44636;0,463543;0;0;4,908443;53,599998;0
29.08.2025 13:32:22;0;5,27271;0,342686;0;0;5,615396;53,599998;0
29.08.2025 13:37:24;0;3,71498;0,296849;0;0;4,013284;53,5;0
29.08.2025 13:42:26;0;4,648454;0,235006;0;0;4,882004;53,5;0
29.08.2025 13:47:29;0;4,720858;0,290068;0;0;5,012376;53,5;0
29.08.2025 13:52:31;0;4,46074;0,341959;0;0;4,801971;53,5;0
29.08.2025 13:57:33;0;3,258065;0,331773;0;0;3,589837;53,5;0
29.08.2025 14:02:34;0;2,195806;0,378134;0;0;2,57394;53,5;0
29.08.2025 14:07:37;0;2,593934;0,365486;0;0;2,958694;53,5;0
29.08.2025 14:12:38;0;2,762277;0,347475;0;0;3,111211;53,5;0
29.08.2025 14:17:40;0;3,401396;0,22773;0;0;3,629126;53,5;0
29.08.2025 14:22:42;0;1,820384;0,216089;0;0;2,035745;53,5;0
29.08.2025 14:27:45;0;1,445264;0,211025;0;0;1,656289;53,400002;0
29.08.2025 14:32:47;0;1,440591;0,265564;0;0;1,705427;53,400002;0
29.08.2025 14:37:48;0;1,408148;0,330685;0;0;1,740293;53,400002;0
29.08.2025 14:42:50;0;1,201948;0,331773;0;0;1,532265;53,400002;0
29.08.2025 14:47:52;0;0,985132;0,3325;0;0;1,318359;53,400002;0
29.08.2025 14:52:55;0;1,054397;0,301671;0;0;1,356068;53,400002;0
29.08.2025 14:57:57;0;1,258699;0,263381;0;0;1,522079;53,400002;0
29.08.2025 15:02:59;0;1,398392;0,201537;0;0;1,599202;53,400002;0
29.08.2025 15:07:59;0;2,361328;0,201416;0;0;2,563477;53,400002;0
29.08.2025 15:13:00;0;1,475307;0,237976;0;0;1,712553;53,400002;0
29.08.2025 15:18:02;0;1,06953;0,309218;0;0;1,379475;53,400002;0
29.08.2025 15:23:05;0;1,060199;0,327777;0;0;1,386525;53,400002;0
29.08.2025 15:28:07;0;1,16848;0,320131;0;0;1,488611;53,400002;0
29.08.2025 15:33:08;0;1,192801;0,374484;0;0;1,568015;53,400002;0
29.08.2025 15:38:10;0;1,445684;0,303397;0;0;1,750537;53,299999;0
29.08.2025 15:43:13;0;3,053692;0,287893;0;0;3,341584;53,400002;0
29.08.2025 15:48:15;0;2,089585;0,170252;0;0;2,258382;53,299999;0
29.08.2025 15:53:16;0;1,766572;0,132128;0;0;1,89943;53,299999;0
29.08.2025 15:58:18;0;2,064848;0,13169;0;0;2,197266;53,299999;0
29.08.2025 16:03:21;0;1,581596;0,142133;0;0;1,721554;53,299999;0
29.08.2025 16:08:22;0;1,992139;0,249656;0;0;2,243985;53,299999;0
29.08.2025 16:13:24;0;2,211817;0,240099;0;0;2,45046;53,299999;0
29.08.2025 16:18:26;0;2,005914;0,236461;0;0;2,242375;53,299999;0
29.08.2025 16:23:29;0;1,027566;0,242932;0;0;1,270498;53,299999;0
29.08.2025 16:28:30;0;1,179662;0,252576;0;0;1,432238;53,299999;0
29.08.2025 16:33:32;0;1,297987;0,166614;0;0;1,465329;53,299999;0
29.08.2025 16:38:34;0;0,94366;0,214634;0;0;1,158294;53,299999;0
29.08.2025 16:43:37;0;0,66063;0,221177;0;0;0,881807;53,299999;0
29.08.2025 16:48:38;0,001232;0,548221;0,253306;0;0,002555;0,797148;53,299999;0
29.08.2025 16:53:41;0;0,523573;0,340105;0;0;0,864403;53,299999;0
29.08.2025 16:58:42;0;0,456243;0,375214;0;0;0,830727;53,299999;0
29.08.2025 17:03:43;0;0,463543;0,332145;0;0;0,795688;53,299999;0
29.08.2025 17:08:44;0,003023;0,316085;0,392004;0;0,002555;0,702249;53,299999;0
29.08.2025 17:13:46;0;0,20663;0,40744;0;0;0,61407;53,299999;0
29.08.2025 17:18:48;0;0,204448;0,317949;0;0;0,522396;53,299999;0
29.08.2025 17:23:51;0;0,131981;0,279191;0;0;0,410446;53,299999;0
29.08.2025 17:28:52;0,000525;0,039419;0,280316;0;0;0,319735;53,299999;0
29.08.2025 17:33:54;0,045962;0,003638;0,255378;0;0,020008;0,192079;53,200001;0
29.08.2025 17:38:55;0,005532;0,02701;0,367914;0;0,235786;0,154758;53;-4,4
29.08.2025 17:43:56;0,013277;0,069349;0,385434;0;0,058034;0,383974;53,099998;0
29.08.2025 17:48:58;0;0,799601;0,355055;0;0;1,153928;53,200001;0
29.08.2025 17:54:00;0;1,172845;0,341231;0;0;1,513349;53,200001;0
29.08.2025 17:59:03;0,000068;0,659905;0,379989;0;0;1,041344;53,200001;0
29.08.2025 18:04:05;0;0,598064;0,391433;0;0;0,988042;53,200001;0
29.08.2025 18:09:06;0;0,781818;0,291995;0;0;1,076003;53,200001;0
29.08.2025 18:14:08;0;0,956756;0,289573;0;0;1,244147;53,200001;0
29.08.2025 18:19:10;0;0,536948;0,303397;0;0;0,841073;53,200001;0
29.08.2025 18:24:12;0,004002;0,274294;0,366696;0;0,003638;0,632987;53,200001;0
29.08.2025 18:29:14;0;0,118594;0,424902;0;0;0,544223;53,200001;0
29.08.2025 18:34:16;0;0,267746;0,376154;0;0;0,643173;53,200001;0
29.08.2025 18:39:16;0;0,634277;0,354492;0;0;0,990234;53,200001;0
29.08.2025 18:44:19;0,024554;0,19362;0,906463;0;0,501818;0,574335;53;0
29.08.2025 18:49:20;0,015375;0,01971;0,543841;0;0,177022;0,370834;52,799999;-28,1
29.08.2025 18:54:23;0,000147;0,048586;2,011622;0;1,726268;0,333578;52,700001;-30,6
29.08.2025 18:59:24;0,000992;0,045989;2,52868;0;2,281214;0,291995;52,400002;-64,300003
29.08.2025 19:04:27;0,003139;0,057288;3,577264;0;3,412288;0,219001;52,400002;-59,599998
29.08.2025 19:09:28;0,007106;0,066429;2,840386;0;2,704243;0,194177;52,599998;-45,099998
29.08.2025 19:14:30;0,007639;0,039289;0,985859;0;0,829795;0,189169;53;-7,5
29.08.2025 19:19:33;0,002493;0,028282;0,556206;0;0,385428;0,197246;53;-7,2
29.08.2025 19:24:34;0,00292;0,03066;0,551141;0;0,391639;0,186877;53;-7,4
29.08.2025 19:29:36;0,001967;0,031286;0,477287;0;0,338684;0,167341;53;-5,4
29.08.2025 19:34:38;0,001216;0,020372;0,413261;0;0,296849;0,135328;53;-5,8
29.08.2025 19:39:40;0,000011;0,024737;0,341959;0;0,237188;0,130963;53,099998;-3,6
29.08.2025 19:44:41;0,001962;0,02409;0,306595;0;0,206222;0,121178;53,099998;-3,8
29.08.2025 19:49:42;0,000046;0,02628;0,312435;0;0,189067;0,150378;53,099998;-3,9
29.08.2025 19:54:45;0,000023;0,023205;0,317625;0;0,251271;0,089921;53,099998;-5,3
29.08.2025 19:59:46;0,004779;0,032119;0,433613;0;0,420838;0,039419;53;-8,7
29.08.2025 20:04:48;0,000284;0,029103;0,472921;0;0,499478;0,001455;53;-9,6
29.08.2025 20:09:50;0,001069;0,024737;0,45546;0;0,480197;0;53;-8,6
29.08.2025 20:14:53;0,000612;0,024656;0,438728;0;0,461571;0;53;-8,5
29.08.2025 20:19:55;0;0,02401;0,43727;0;0,46128;0;53;-8,6
29.08.2025 20:24:57;0,000057;0,026193;0,374699;0;0,400892;0;53;-5,5
29.08.2025 20:29:58;0,081166;0,050369;0,995704;0;0,96468;0;52,599998;-43,200001
29.08.2025 20:35:00;0,042063;0,061844;2,388617;0;2,408625;0;52,5;-45,200001
29.08.2025 20:40:02;0,000057;0,066209;2,259837;0;2,325682;0;52,5;-45
29.08.2025 20:45:04;0,004832;0,056751;2,406806;0;2,458464;0;52,5;-46,700001
29.08.2025 20:50:06;0,017553;0,063299;1,372927;0;1,419492;0;52,700001;-46,5
29.08.2025 20:55:09;0,000102;0,060189;1,543162;0;1,603351;0;52,900002;-7,7
29.08.2025 21:00:11;0,021941;0,063299;2,115778;0;2,156158;0;52,5;-43,799999
29.08.2025 21:05:13;0,000637;0,030558;0,503479;0;0,533674;0;52,900002;-9,3
29.08.2025 21:10:15;0,000182;0,025465;0,417626;0;0,443819;0;53;-6,9
29.08.2025 21:15:16;0,003467;0,047449;0,327035;0;0,369739;0;53;-8,2
29.08.2025 21:20:18;0,000966;0,024737;0,405985;0;0,429631;0;53;-8
29.08.2025 21:25:20;0,000921;0,030558;0,398709;0;0,429267;0;53;-8,3
29.08.2025 21:30:23;0,008781;0,033358;0,444529;0;0,469548;0;53;-9,8
29.08.2025 21:35:24;0,000194;0,034309;0,481062;0;0,514642;0;53;-7,6
29.08.2025 21:40:26;0,000898;0,023282;0,376882;0;0,3998;0;53;-7
29.08.2025 21:45:28;0,002365;0,02983;0,360875;0;0,387796;0;53;-7,2
29.08.2025 21:50:29;0,00008;0,02774;0,310245;0;0,33689;0;53;-6,1
29.08.2025 21:55:31;0,000023;0,024737;0,27575;0;0,301215;0;53;-3,9
29.08.2025 22:00:32;0,001266;0,02482;0,183227;0;0,206587;0;53,099998;-3,9
29.08.2025 22:05:34;0,00407;0,029103;0,213178;0;0,237916;0;53;-4,7
29.08.2025 22:10:34;0;0,019775;0,233643;0;0,254517;0;53;-4,6
29.08.2025 22:15:36;0,007128;0,031286;0,300487;0;0,323769;0;53;-7,4
29.08.2025 22:20:39;0,003649;0,025381;0,36331;0;0,385791;0;53;-6,1
29.08.2025 22:25:41;0,00075;0,030558;0,294666;0;0,324133;0;53;-6
29.08.2025 22:30:42;0;0,02263;0,279586;0;0,302215;0;53;-5,8
29.08.2025 22:35:44;0,003024;0,020372;0,282298;0;0,300123;0;53;-5,9
29.08.2025 22:40:46;0,012039;0,024737;0,221909;0;0,234642;0;53,099998;-3,6
29.08.2025 22:45:48;0,003615;0,027648;0,164431;0;0,187713;0;53,099998;-3,6
29.08.2025 22:50:51;0,001031;0,028282;0,166064;0;0,193983;0;53,099998;-3,7
29.08.2025 22:55:52;0,007174;0,03139;0,181767;0;0,205492;0;53;-4,7
29.08.2025 23:00:54;0,011482;0,035651;0,411078;0;0,434724;0;53;-8,5
29.08.2025 23:05:57;0,002051;0,032633;0,44743;0;0,477525;0;53;-8,6
29.08.2025 23:10:59;0,007173;0,018189;0,43436;0;0,446001;0;53;-8,4
29.08.2025 23:16:00;0,006365;0,02263;0,381784;0;0,398574;0;53;-7,3
29.08.2025 23:21:03;0,001734;0,023205;0,348807;0;0,370199;0,00145;53;-7
29.08.2025 23:26:04;0;0,02409;0,300025;0;0,324845;0;53;-5,4
29.08.2025 23:31:05;0,010881;0,02263;0,221187;0;0,232136;0;53,099998;-3,6
29.08.2025 23:36:06;0,008395;0,02044;0,188337;0;0,200017;0;53;-4,6
29.08.2025 23:41:09;0,000113;0,029007;0,211025;0;0,240031;0;53;-4,4
29.08.2025 23:46:10;0;0,02336;0,210967;0;0,234691;0;53;-4,5
29.08.2025 23:51:12;0,005002;0,031286;0,309945;0;0,33541;0;53;-6,8
29.08.2025 23:56:14;0;0,023282;0,282298;0;0,306308;0;53;-5,6
30.08.2025 00:01:17;0;0,02248;0,274839;0;0,29732;0;53;-5,8
30.08.2025 00:06:18;0;0,02628;0,287616;0;0,313895;0;53;-5,6
30.08.2025 00:11:19;0;0,0219;0,280316;0;0,302215;0;53;-5,9
30.08.2025 00:16:21;0,001262;0,029103;0,205903;0;0,232823;0;53;-3,3
30.08.2025 00:21:22;0,004004;0,036499;0,155488;0;0,188702;0;53;-3,4
30.08.2025 00:26:24;0,007287;0,027648;0,170252;0;0,189896;0;53;-3,8
30.08.2025 00:31:26;0,011141;0,027648;0,17971;0;0,197536;0;53;-12,3
30.08.2025 00:36:29;0,027126;0,01958;0,338654;0;0,33104;0;53;-7,1
30.08.2025 00:41:31;0,0005;0,02983;0,355782;0;0,384158;0;52,900002;-8,8
30.08.2025 00:46:32;0,002646;0,043069;0,346015;0;0,386894;0;52,900002;-7,4
30.08.2025 00:51:34;0,003217;0,028375;0,347779;0;0,37288;0;52,900002;-6,1
30.08.2025 00:56:37;0,007728;0,036259;0,36186;0;0,390504;0;52,900002;-7,3
30.08.2025 01:01:38;0;0,02409;0,262066;0;0,286886;0;53;-5,2
30.08.2025 01:06:40;0,009083;0,032013;0,240826;0;0,263017;0;53;-5
30.08.2025 01:11:42;0,004002;0,032741;0,285208;0;0,313947;0;52,900002;-6,1
30.08.2025 01:16:45;0,012883;0,031182;0,317625;0;0,335754;0;52,900002;-8,5
30.08.2025 01:21:46;0,000559;0,02263;0,398574;0;0,420473;0;52,900002;-6,7
30.08.2025 01:26:47;0;0,02409;0,303675;0;0,328495;0;52,900002;-5,5
30.08.2025 01:31:49;0;0,021827;0,266291;0;0,287754;0;52,900002;-5,4
30.08.2025 01:36:49;0,000092;0,021973;0,270996;0;0,292236;0;52,900002;-5,8
30.08.2025 01:41:52;0,000011;0,02248;0,27629;0;0,299495;0;52,900002;-5,5
30.08.2025 01:46:54;0;0,0211;0,215361;0;0,236461;0;53;-3,6
30.08.2025 01:51:55;0;0,02409;0,169357;0;0,194177;0;53;-3,7
30.08.2025 01:56:57;0,001694;0,023282;0,169524;0;0,190987;0;53;-3,6
30.08.2025 02:01:59;0;0,02401;0,170979;0;0,194625;0;53;-3,7
30.08.2025 02:07:00;0,005657;0,02628;0,288345;0;0,30842;0;52,900002;-5,8
30.08.2025 02:12:02;0,000932;0,019644;0,288118;0;0,307035;0;52,900002;-5,9
30.08.2025 02:17:04;0;0,02401;0,282298;0;0,306671;0;52,900002;-5,8
30.08.2025 02:22:05;0,001551;0,02555;0,314625;0;0,33762;0;52,900002;-7
30.08.2025 02:27:07;0;0,02401;0,340503;0;0,365241;0;52,900002;-6,9
30.08.2025 02:32:10;0,001722;0,029732;0,221902;0;0,249096;0;52,900002;-4,5
30.08.2025 02:37:11;0,015022;0,01752;0,227756;0;0,230676;0;52,900002;-4,6
30.08.2025 02:42:13;0,008117;0,018917;0,23064;0;0,242281;0;52,900002;-4,7
30.08.2025 02:47:14;0,01111;0,02482;0,264256;0;0,277396;0;52,900002;-7,2
30.08.2025 02:52:15;0,010938;0,02847;0,385434;0;0,402954;0;52,799999;-8,2
30.08.2025 02:57:17;0,01329;0,019644;0,406712;0;0,413261;0;52,799999;-6,9
30.08.2025 03:02:19;0,00656;0,023282;0,387068;0;0,403075;0;52,799999;-6,8
30.08.2025 03:07:21;0,012596;0,028375;0,389251;0;0,405257;0;52,799999;-8,1
30.08.2025 03:12:23;0,003274;0,032013;0,35942;0;0,388159;0;52,799999;-7,5
30.08.2025 03:17:25;0,006389;0,026193;0,334683;0;0,354327;0;52,799999;-4,5
30.08.2025 03:22:27;0,000603;0,026193;0,156428;0;0,182257;0;52,900002;-3,4
30.08.2025 03:27:30;0;0,024656;0,155186;0;0,179842;0;52,900002;-3,4
30.08.2025 03:32:32;0;0,018917;0,168069;0;0,187713;0;52,900002;-3,5
30.08.2025 03:37:33;0,008041;0,02555;0,243816;0;0,260241;0;52,799999;-7,4
30.08.2025 03:42:35;0;0,028375;0,347779;0;0,376518;0;52,799999;-7
30.08.2025 03:47:37;0;0,024737;0,338321;0;0,363422;0;52,700001;-6,8
30.08.2025 03:52:40;0,000045;0,023931;0,324876;0;0,348807;0;52,700001;-5,4
30.08.2025 03:57:41;0,000547;0,02847;0,257686;0;0,284696;0;52,700001;-5,4
30.08.2025 04:02:43;0,00033;0,022555;0,237188;0;0,260107;0;52,799999;-3,4
30.08.2025 04:07:46;0;0,023205;0,158087;0;0,18093;0;52,799999;-3,5
30.08.2025 04:12:48;0;0,022555;0,157883;0;0,17971;0;52,799999;-3,4
30.08.2025 04:17:49;0,003821;0,0219;0,158408;0;0,178482;0;52,799999;-3,8
30.08.2025 04:22:51;0,007128;0,031286;0,291029;0;0,313947;0;52,700001;-7,1
30.08.2025 04:27:53;0,000171;0,028375;0,344869;0;0,373244;0;52,599998;-7,1
30.08.2025 04:32:54;0;0,02847;0,340175;0;0,369009;0;52,599998;-6,7
30.08.2025 04:37:55;0,000011;0,02628;0,308055;0;0,334335;0;52,599998;-5,4
30.08.2025 04:42:58;0,000884;0,02103;0,269763;0;0,289705;0;52,599998;-5,6
30.08.2025 04:47:59;0,003296;0,02628;0,198557;0;0,220822;0;52,599998;-3,4
30.08.2025 04:53:01;0,00482;0,024737;0,238643;0;0,258652;0;52,599998;-5,1
30.08.2025 04:58:03;0,000421;0,018189;0,246647;0;0,264836;0;52,5;-5,1
30.08.2025 05:03:06;0,016679;0,02248;0,244382;0;0,249459;0;52,5;-5
30.08.2025 05:08:07;0,011897;0,02701;0,421203;0;0,437263;0;52,400002;-8,1
30.08.2025 05:13:09;0,008378;0,017462;0,420536;0;0,429267;0;52,400002;-8
30.08.2025 05:18:11;0,003513;0,026193;0,350689;0;0,373244;0;52,400002;-6,4
30.08.2025 05:23:13;0,000875;0,021827;0,291756;0;0,312492;0;52,5;-5,5
30.08.2025 05:28:14;0,002521;0,01825;0,272286;0;0,28798;0;52,5;-5,5
30.08.2025 05:33:16;0,000045;0,022555;0,221182;0;0,244464;0;52,5;-3,4
30.08.2025 05:38:17;0,002236;0,02482;0,156218;0;0,178117;0;52,5;-3,4
30.08.2025 05:43:19;0,000023;0,020372;0,157883;0;0,178619;0;52,5;-3,3
30.08.2025 05:48:19;0,000584;0,019775;0,159668;0;0,179077;0;52,5;-3,4
30.08.2025 05:53:22;0,005371;0,026831;0,251634;0;0,273389;0;52,400002;-5,6
30.08.2025 05:58:24;0,000034;0,022555;0,290301;0;0,311764;0;52,400002;-6,1
30.08.2025 06:03:26;0,000102;0,0211;0,293939;0;0,315766;0;52,400002;-5,8
30.08.2025 06:08:27;0,00049;0,02409;0,339445;0;0,363169;0;52,400002;-7
30.08.2025 06:13:29;0;0,022555;0,347779;0;0,36997;0;52,400002;-7,1
30.08.2025 06:18:31;0,000011;0,019644;0,258288;0;0,277568;0;52,400002;-4,8
30.08.2025 06:23:33;0;0,018917;0,218271;0;0,237916;0;52,400002;-3,4
30.08.2025 06:28:35;0,005775;0,019644;0,176072;0;0,189532;0;52,5;-3,6
30.08.2025 06:33:35;0,002483;0,023438;0,168457;0;0,188965;0;52,400002;-3,7
30.08.2025 06:38:38;0,008929;0,032633;0,322701;0;0,346631;0;52,400002;-7,4
30.08.2025 06:43:39;0,009399;0,01825;0,461353;0;0,470478;0;52,099998;-32
30.08.2025 06:48:39;0,008068;0,043213;1,803223;0;1,838013;0;51,799999;-40,400002
30.08.2025 06:53:42;0,047385;0,057288;2,777402;0;2,787917;0;51,799999;-37,400002
30.08.2025 06:58:43;0,000023;0,043069;1,470197;0;1,512171;0;51,900002;-29
30.08.2025 07:03:45;0,001251;0,049475;1,378748;0;1,417309;0,010186;52;-27
30.08.2025 07:08:47;0,000114;0,041472;1,366379;0;1,391844;0,014551;51,900002;-27,5
30.08.2025 07:13:50;0,000011;0,045686;1,042795;0;1,07434;0,015954;52,200001;-5,4
30.08.2025 07:18:51;0,002806;0,02263;0,205857;0;0,213157;0,01314;52,299999;-3,7
30.08.2025 07:23:53;0,014347;0,027648;0,241554;0;0,229913;0,024737;52,299999;-5,5
30.08.2025 07:28:56;0,000261;0,023205;0,293694;0;0,267588;0,047861;52,299999;-4,5
30.08.2025 07:33:58;0,002615;0,025465;0,288846;0;0,229185;0,082943;52,299999;-4,4
30.08.2025 07:38:59;0;0,0219;0,286886;0;0,224836;0,083219;52,299999;-4,3
30.08.2025 07:44:01;0,006309;0,020372;0,288118;0;0,194262;0,107681;52,400002;-3,6
30.08.2025 07:49:04;0,00068;0,021755;0,263237;0;0,166427;0,120378;52,400002;0
30.08.2025 07:54:05;0,005863;0,01168;0,169357;0;0,001095;0,172277;52,400002;0
30.08.2025 07:59:07;0;0,042927;0,178255;0;0,000364;0,221182;52,400002;0
30.08.2025 08:04:10;0;0,055113;0,174041;0;0;0,229154;52,5;0
30.08.2025 08:09:11;0,008121;0,044529;0,255496;0;0,064239;0,227756;52,400002;-3,4
30.08.2025 08:14:14;0;0,020305;0,33938;0;0,195071;0,163888;52,400002;-3,9
30.08.2025 08:19:15;0,000011;0,01679;0,332145;0;0,204397;0,144538;52,400002;-4
30.08.2025 08:24:17;0,004343;0,018917;0,316494;0;0,180074;0,151335;52,400002;0
30.08.2025 08:29:20;0,005643;0,052212;0,231329;0;0;0,278465;52,5;0
30.08.2025 08:34:21;0,00454;0,045989;1,213241;0,020075;0,814302;0,461353;52;-26,6
30.08.2025 08:39:23;0,00548;0,034196;1,934612;0;1,414763;0,548589;51,700001;-44,200001
30.08.2025 08:44:27;0,003908;0,053486;3,590795;0;2,985462;0,653397;51,5;-63,700001
30.08.2025 08:49:27;0;0,062988;3,339111;0;2,75354;0,648926;51,700001;-41,900002
30.08.2025 08:54:30;0,006946;0,079769;1,672968;0,002901;1,143231;0,604792;52,200001;0
30.08.2025 08:59:31;0;0,103658;0,397844;0;0;0,502232;52,299999;0
30.08.2025 09:04:33;0;0,087309;0,364513;0;0;0,452549;52,400002;0
30.08.2025 09:09:35;0,002217;0,082216;0,42854;0,037834;0,000364;0,545679;52,400002;1,6
30.08.2025 09:14:37;0,00324;0,026193;0,397254;0,191715;0;0,61116;52,5;4,5
30.08.2025 09:19:39;0,000796;0,035651;0,371789;0,275022;0;0,682462;52,599998;6,9
30.08.2025 09:24:41;0,000659;0,025465;0,269929;0,342322;0;0,635897;52,599998;6,9
30.08.2025 09:29:42;0,003228;0,02628;0,244546;0,406969;0;0,674509;52,700001;9,1
30.08.2025 09:34:43;0,007574;0,0219;0,264256;0,492377;0;0,770868;52,700001;8
30.08.2025 09:39:45;0,006162;0,033468;0,283025;0,379792;0,002183;0,688283;52,700001;7,1
30.08.2025 09:44:47;0,000625;0,02692;0,358693;0,494021;0,000364;0,877451;52,799999;9,7
30.08.2025 09:49:48;0,001836;0,02336;0,395654;0,31718;0;0,734369;52,700001;2,9
30.08.2025 09:54:47;0,000517;0,02719;0,40124;0,103617;0;0,533517;52,700001;2,1
30.08.2025 09:59:49;0,003763;0,018917;0,408168;0,185531;0;0,60825;52,700001;5,1
30.08.2025 10:04:52;0,000181;0,027556;0,443079;0,525023;0;0,996384;52,900002;14,1
30.08.2025 10:09:54;0,00025;0,025465;0,351417;0,830887;0;1,207769;53;17,1
30.08.2025 10:14:55;0;0,02774;0,369374;0,901171;0;1,29646;53,099998;17,200001
30.08.2025 10:19:57;0;0,032013;0,357965;0,886182;0;1,277615;53,099998;15,9
30.08.2025 10:24:59;0,006685;0,035651;0,440181;0,879998;0;1,348917;53,099998;16,5
30.08.2025 10:30:02;0;0,023205;0,467735;0,640325;0;1,131265;53;7,9
30.08.2025 10:35:03;0,00211;0,0292;0,470113;0,185782;0,00219;0,681809;52,799999;0
30.08.2025 10:40:06;0;0,051487;0,442354;0;0;0,493116;52,700001;0
30.08.2025 10:45:08;0,011414;0,057478;0,568961;0,096403;0,004002;0,705744;52,799999;3,7
30.08.2025 10:50:09;0,000057;0,0292;0,527782;0,226661;0;0,784008;52,900002;4,7
30.08.2025 10:55:11;0,000944;0,038561;0,398709;0,305944;0;0,743578;52,900002;6
30.08.2025 11:00:13;0,005457;0,026193;0,424174;0,314311;0;0,758129;52,900002;5,7
30.08.2025 11:05:15;0,000034;0,024737;0,416898;0,364513;0;0,806149;53;9,1
30.08.2025 11:10:17;0,005798;0,035651;0,427812;0,60352;0,000728;1,060799;53,099998;13,1
30.08.2025 11:15:18;0,004711;0,02336;0,498582;0,886206;0;1,401578;53,200001;19,9
30.08.2025 11:20:19;0,00122;0,02993;0,440183;1,177107;0;1,646854;53,299999;24,299999
30.08.2025 11:25:21;0,000477;0,035651;0,427084;1,346007;0;1,808742;53,299999;21,799999
30.08.2025 11:30:23;0,003661;0,025465;0,418354;0,893458;0;1,332911;53,200001;15,8
30.08.2025 11:35:26;0,008611;0,026106;0,474986;0,963751;0;1,457592;53,299999;24
30.08.2025 11:40:27;0,000034;0,02847;0,420473;1,684449;0;2,133027;53,5;34,400002
30.08.2025 11:45:27;0;0,030762;0,437988;1,925903;0;2,393555;53,5;37,5
30.08.2025 11:50:30;0;0,029732;0,439453;2,05477;0;2,525043;53,599998;40,299999
30.08.2025 11:55:32;0,003092;0,034923;0,427812;2,103045;0;2,562506;53,599998;37,200001
30.08.2025 12:00:33;0,000103;0,03066;0,484712;1,987394;0;2,503861;53,700001;38,400002
30.08.2025 12:05:35;0;0,032013;0,483835;2,05357;0;2,568327;53,700001;35,599998
30.08.2025 12:10:37;0,002899;0,034923;0,528217;1,961169;0;2,520307;53,799999;33,400002
30.08.2025 12:15:37;0;0,025635;0,478271;1,287964;0;1,792969;53,700001;16,700001
30.08.2025 12:20:40;0,001348;0,025381;0,421324;0,933657;0;1,379274;53,700001;20,200001
30.08.2025 12:25:42;0;0,030558;0,343414;1,203039;0;1,57592;53,799999;24,1
30.08.2025 12:30:43;0,000057;0,032849;0,335065;1,502316;0;1,870231;54;40,5
30.08.2025 12:35:45;0,003501;0,050202;0,378337;2,162342;0;2,588699;54,099998;45,299999
30.08.2025 12:40:48;0,000011;2,072536;0,59754;2,472468;0;5,142907;54,099998;45,799999
30.08.2025 12:45:49;0;3,388607;0,6621;2,481231;0;6,530478;54;45,799999
30.08.2025 12:50:52;0,001938;0,949973;0,580136;2,176236;0;3,70562;54;37
30.08.2025 12:55:53;0,001688;0,054019;0,524132;1,981919;0;2,55788;53,900002;30,299999
30.08.2025 13:00:55;0,000148;0,48529;0,566778;2,193992;0;3,246424;54,099998;45,700001
30.08.2025 13:05:57;0;2,218365;0,58715;2,46865;0;5,271982;54,099998;45,599998
30.08.2025 13:10:59;0,003433;0,172434;0,38052;1,415126;0;1,967353;53,799999;17,799999
30.08.2025 13:16:01;0,00573;0,039289;0,342686;0,664636;0;1,038972;53,700001;10,2
30.08.2025 13:21:03;0,001728;0,040744;0,379792;0,899642;0;1,318359;53,799999;24,6
30.08.2025 13:26:05;0,009515;0,040016;0,432177;1,574465;0;2,0372;54;36,700001
30.08.2025 13:31:07;0,002035;1,361286;0,592243;2,344963;0;4,297037;54,099998;45,799999
30.08.2025 13:36:10;0,001609;0,522123;0,528649;2,405752;0;3,454711;54,099998;43,299999
30.08.2025 13:41:11;0,000319;0,875256;0,532892;2,464441;0;3,873319;54,099998;43,099998
30.08.2025 13:46:13;0;0,035651;0,504935;2,294396;0;2,834618;54,099998;44,5
30.08.2025 13:51:16;0;1,240766;0,480788;2,468117;0;4,190033;54,200001;45,700001
30.08.2025 13:56:18;0;3,188218;0,403802;2,47447;0;6,06649;54,200001;45,700001
30.08.2025 14:01:19;0,004676;1,2804;0,353314;2,253475;0;3,880619;54,200001;45,599998
30.08.2025 14:06:21;0;1,545362;0,365968;2,469741;0;4,381435;54,200001;45,700001
30.08.2025 14:11:24;0,002538;0,319075;0,397393;2,41663;0;3,131285;54,200001;37,900002
30.08.2025 14:16:25;0,000787;0,032849;0,429963;1,878626;0;2,340343;54,200001;34,599998
30.08.2025 14:21:25;0,000458;0,085693;0,458496;2,205688;0;2,749512;54,400002;45,400002
30.08.2025 14:26:27;0;0,607522;0,474377;2,469377;0;3,552004;54,5;44,400002
30.08.2025 14:31:29;0;0,031286;0,464191;2,358059;0;2,853535;54,700001;42,099998
30.08.2025 14:36:29;0,00436;0,046875;0,448975;2,323608;0;2,813965;55,599998;41,700001
30.08.2025 14:41:32;0,000963;1,659189;0,410446;1,245842;0,004351;3,311127;55,200001;-0,4
30.08.2025 14:46:33;0;5,334757;0,363534;0;0,017155;5,680771;54,200001;0
30.08.2025 14:51:35;0;4,88928;0,316494;0;0;5,206501;53,900002;0
30.08.2025 14:56:38;0;4,293007;0,399569;0;0;4,691851;53,799999;0
30.08.2025 15:01:39;0;3,653593;0,333605;0;0;3,987198;53,700001;0
30.08.2025 15:06:41;0;3,586927;0,299759;0;0;3,888142;53,700001;0
30.08.2025 15:11:44;0;3,973207;0,332853;0;0;4,30316;53,599998;0
30.08.2025 15:16:46;0;4,22428;0,336866;0;0;4,563328;53,599998;0
30.08.2025 15:21:47;0;4,358762;0,295645;0;0;4,652947;53,599998;0
30.08.2025 15:26:49;0;4,452737;0,194262;0;0;4,647726;53,5;0
30.08.2025 15:31:51;0;4,107868;0,160793;0;0;4,267934;53,5;0
30.08.2025 15:36:53;0;3,159115;0,159338;0;0;3,319181;53,5;0
30.08.2025 15:41:55;0;1,366379;0,248829;0;0;1,615209;53,5;0
30.08.2025 15:46:55;0;0,89502;0,275391;0;0;1,168945;53,5;0
30.08.2025 15:51:56;0;0,700789;0,275936;0;0;0,978185;53,5;0
30.08.2025 15:56:57;0;0,313165;0,275206;0;0;0,586911;53,5;0
30.08.2025 16:01:58;0,000844;0,121908;0,285426;0;0,00073;0,405874;53,5;0
30.08.2025 16:07:00;0;0,938567;0,244464;0;0;1,184486;53,5;0
30.08.2025 16:12:03;0;2,106619;0,208124;0;0;2,313293;53,400002;0
30.08.2025 16:17:05;0;1,898234;0,20372;0;0;2,102681;53,5;0
30.08.2025 16:22:06;0;1,473117;0,188337;0;0;1,662914;53,400002;0
30.08.2025 16:27:08;0;1,613026;0,280115;0;0;1,891686;53,400002;0
30.08.2025 16:32:11;0;2,014523;0,315449;0;0;2,330697;53,400002;0
30.08.2025 16:37:12;0;1,26288;0,373754;0;0;1,635174;53,400002;0
30.08.2025 16:42:12;0;1,320557;0,356689;0;0;1,678711;53,400002;0
30.08.2025 16:47:15;0;1,340114;0,348807;0;0;1,688196;53,400002;0
30.08.2025 16:52:17;0;1,316904;0,343414;0;0;1,658863;53,400002;0
30.08.2025 16:57:18;0;1,90527;0,291995;0;0;2,198726;53,400002;0
30.08.2025 17:02:20;0;3,36138;0,222637;0;0;3,584017;53,400002;0
30.08.2025 17:07:23;0;1,889068;0,219727;0;0;2,108795;53,400002;0
30.08.2025 17:12:24;0;3,968948;0,227756;0;0;4,197434;53,400002;0
30.08.2025 17:17:26;0;3,757179;0,264108;0;0;4,022015;53,400002;0
30.08.2025 17:22:29;0;3,139262;0,257435;0;0;3,395247;53,400002;0
30.08.2025 17:27:31;0;2,842621;0,256833;0;0;3,096544;53,400002;0
30.08.2025 17:32:33;0;2,855718;0,256105;0;0;3,11255;53,299999;0
30.08.2025 17:37:35;0;2,681101;0,274294;0;0;2,955395;53,299999;0
30.08.2025 17:42:36;0;2,52503;0,209507;0;0;2,734537;53,299999;0
30.08.2025 17:47:38;0;2,34278;0,208085;0;0;2,550865;53,299999;0
30.08.2025 17:52:40;0;2,268568;0,17389;0;0;2,438819;53,299999;0
30.08.2025 17:57:42;0;2,06121;0,238643;0;0;2,299126;53,299999;0
30.08.2025 18:02:43;0;1,743943;0,270826;0;0;2,013309;53,299999;0
30.08.2025 18:07:46;0;1,521407;0,268313;0;0;1,78972;53,299999;0
30.08.2025 18:12:46;0;1,283936;0,269531;0;0;1,555664;53,299999;0
30.08.2025 18:17:48;0;1,040427;0,269201;0;0;1,308173;53,299999;0
30.08.2025 18:22:49;0;0,965045;0,194177;0;0;1,159222;53,299999;0
30.08.2025 18:27:50;0,000798;0,865766;0,200747;0;0,000365;1,065783;53,299999;0
30.08.2025 18:32:52;0,000409;0,703562;0,300487;0;0;1,002593;53,299999;0
30.08.2025 18:37:55;0,002867;0,623646;0,343731;0;0,002538;0,964476;53,299999;0
30.08.2025 18:42:57;0;0,449639;0,444546;0;0,000364;0,893458;53,299999;0
30.08.2025 18:47:58;0;0,389084;0,437993;0;0;0,826347;53,299999;0
30.08.2025 18:53:00;0;0,348507;0,391433;0;0;0,739213;53,299999;0
30.08.2025 18:58:02;0;0,371061;0,294666;0;0;0,666455;53,299999;0
30.08.2025 19:03:04;0;0,315766;0,291756;0;0;0,60825;53,299999;0
30.08.2025 19:08:06;0;0,285208;0,269929;0;0,000364;0,554409;53,299999;0
30.08.2025 19:13:08;0;0,256833;0,239371;0;0;0,496204;53,299999;0
30.08.2025 19:18:10;0;0,192079;0,227002;0;0;0,419081;53,299999;0
30.08.2025 19:23:12;0;0,075667;0,22482;0;0;0,299759;53,299999;0
30.08.2025 19:28:15;0,035227;0,034083;0,273389;0;0,01124;0,262512;53,200001;-3,1
30.08.2025 19:33:16;0,00089;0,01971;0,428503;0;0,276666;0,169357;53;-6
30.08.2025 19:38:18;0;0,02401;0,432905;0;0,338684;0,119322;52,900002;-6,6
30.08.2025 19:43:21;0;0,025381;0,435827;0;0,38289;0,076868;52,900002;-7,4
30.08.2025 19:48:23;0;0,023282;0,43145;0;0,411805;0,043654;52,900002;-8,2
30.08.2025 19:53:24;0;0,02628;0,348935;0;0,360249;0,0146;53;-6,4
30.08.2025 19:58:26;0;0,024737;0,338321;0;0,35651;0,007276;53;-7,2
30.08.2025 20:03:28;0,002478;0,027648;0,362331;0;0,385613;0;53;-8,4
30.08.2025 20:08:29;0,005121;0,02774;0,416093;0;0,439453;0,00146;52,900002;-10,5
30.08.2025 20:13:31;0,000102;0,029103;0,515848;0;0,54386;0;52,900002;-10,2
30.08.2025 20:18:31;0,001316;0,031494;0,502441;0;0,533203;0;52,900002;-10
30.08.2025 20:23:33;0,006821;0,022555;0,503479;0;0,519486;0;52,900002;-8,2
30.08.2025 20:28:35;0,004434;0,040016;0,527489;0;0,562776;0;52,900002;-10
30.08.2025 20:33:37;0,001705;0,032741;0,519486;0;0,550044;0;52,900002;-9
30.08.2025 20:38:38;0,001027;0,032849;0,447483;0;0,479602;0;52,900002;-8,1
30.08.2025 20:43:40;0,004479;0,026193;0,448912;0;0,470375;0;52,900002;-9,5
30.08.2025 20:48:42;0,002478;0,02401;0,473649;0;0,494749;0;52,900002;-9,2
30.08.2025 20:53:44;0,004684;0,02983;0,364513;0;0,390342;0;53;-7,3
30.08.2025 20:58:46;0,007503;0,040744;0,392161;0;0,424902;0;53;-8
30.08.2025 21:03:48;0,001978;0,021827;0,403802;0;0,423447;0;53;-7,7
30.08.2025 21:08:48;0,000961;0,027832;0,383057;0;0,40979;0;52,900002;-7,7
30.08.2025 21:13:50;0,002115;0,024737;0,397982;0;0,421628;0;52,900002;-8,7
30.08.2025 21:18:52;0,000034;0,026193;0,357965;0;0,384158;0;53;-6,3
30.08.2025 21:23:53;0,000342;0,0292;0,309515;0;0,338715;0;53;-5,5
30.08.2025 21:28:54;0,000023;0,02263;0,270826;0;0,29309;0;53;-5,6
30.08.2025 21:33:56;0,003104;0,02401;0,32959;0;0,350689;0;53;-6,8
30.08.2025 21:38:58;0;0,02692;0,338321;0;0,363786;0;53;-6,6
30.08.2025 21:44:01;0,004725;0,031182;0,40392;0;0,431839;0;52,900002;-7,4
30.08.2025 21:49:02;0;0,02628;0,360614;0;0,386164;0;53;-7,2
30.08.2025 21:54:05;0;0,026106;0,295144;0;0,32125;0;53;-5,8
30.08.2025 21:59:06;0;0,02336;0,288345;0;0,311705;0;53;-5,9
30.08.2025 22:04:09;0;0,023205;0,284267;0;0,308197;0;53;-5,6
30.08.2025 22:09:11;0,00839;0,021827;0,194989;0;0,208085;0;53;-3,7
30.08.2025 22:14:12;0,001209;0,02482;0,195637;0;0,219727;0;53;-6
30.08.2025 22:19:14;0,00424;0,02692;0,288118;0;0,311037;0;53;-7,9
30.08.2025 22:24:17;0,005801;0,033358;0,386516;0;0,412259;0;52,900002;-9,1
30.08.2025 22:29:19;0,003649;0,028375;0,420536;0;0,447456;0;52,900002;-8,5
30.08.2025 22:34:20;0;0,02701;0,384704;0;0,410619;0;52,900002;-7,5
30.08.2025 22:39:22;0,000989;0,035651;0,349962;0;0,384521;0;52,900002;-7,2
30.08.2025 22:44:24;0,001023;0,028375;0,351417;0;0,378701;0;52,900002;-5,8
30.08.2025 22:49:27;0,000272;0,028282;0,295869;0;0,324514;0;53;-6,1
30.08.2025 22:54:28;0,002144;0,02555;0,252576;0;0,275206;0;53;-2,7
30.08.2025 22:59:30;0,005673;0,0211;0,201537;0;0,21718;0;53;-5,3
30.08.2025 23:04:32;0,001819;0,037106;0,222637;0;0,257196;0;53;-4,6
30.08.2025 23:09:34;0,000773;0,022555;0,218999;0;0,241917;0;53;-4,5
30.08.2025 23:14:36;0,005241;0,030558;0,323042;0;0,348507;0;52,900002;-6,9
30.08.2025 23:19:38;0,00008;0,021827;0,313583;0;0,334319;0;53;-5,5
30.08.2025 23:24:41;0;0,023205;0,267588;0;0,291156;0;53;-5,5
30.08.2025 23:29:42;0;0,02263;0,268636;0;0,2909;0;53;-5,5
30.08.2025 23:34:44;0;0,0211;0,267019;0;0,288118;0;53;-5,4
30.08.2025 23:39:46;0,000034;0,024737;0,166614;0;0,191715;0;53;-3,6
30.08.2025 23:44:49;0,002855;0,026831;0,168965;0;0,19217;0;53;-4,7
30.08.2025 23:49:51;0,000091;0,0211;0,217544;0;0,238643;0;53;-4,4
30.08.2025 23:54:53;0,006287;0,027648;0,253195;0;0,275022;0;53;-6,9
30.08.2025 23:59:54;0;0,02628;0,332875;0;0,359154;0;53;-6,7
31.08.2025 00:04:56;0,000819;0,045109;0,279387;0;0,324133;0;53;-6
31.08.2025 00:09:58;0,000057;0,028375;0,283025;0;0,311037;0;53;-6,2
31.08.2025 00:15:00;0,005002;0,036379;0,293939;0;0,325588;0;52,900002;-7,8
31.08.2025 00:20:02;0,000387;0,031286;0,333228;0;0,363422;0;53;-5,5
31.08.2025 00:25:05;0,001292;0,024656;0,264687;0;0,28898;0;53;-5,2
31.08.2025 00:30:07;0,000398;0,021827;0,259015;0;0,280115;0;53;-5,5
31.08.2025 00:35:09;0,005491;0,030558;0,310673;0;0,33541;0;53;-6,6
31.08.2025 00:40:10;0,011999;0,032849;0,381054;0;0,402954;0;52,900002;-6,8
31.08.2025 00:45:12;0,00083;0,028375;0,3536;0;0,380884;0;52,900002;-7,6
31.08.2025 00:50:14;0,004127;0,033468;0,323042;0;0,351781;0;52,900002;-5,8
31.08.2025 00:55:16;0,002217;0,02692;0,274294;0;0,299396;0;52,900002;-6
31.08.2025 01:00:18;0,003342;0,018189;0,288118;0;0,30267;0;52,900002;-5,5
31.08.2025 01:05:21;0,005597;0,01958;0,258161;0;0,271939;0;53;-3,6
31.08.2025 01:10:22;0,002532;0,02263;0,173007;0;0,193447;0;53;-3,4
31.08.2025 01:15:24;0,009743;0,026193;0,170252;0;0,185894;0;53;-4,7
31.08.2025 01:20:26;0;0,020372;0,224092;0;0,244828;0;53;-4,6
31.08.2025 01:25:29;0,006425;0,029007;0,303846;0;0,326327;0;52,900002;-6,8
31.08.2025 01:30:31;0;0,025465;0,32959;0;0,355782;0;52,900002;-6,6
31.08.2025 01:35:32;0,000365;0,01898;0,290535;0;0,30988;0;52,900002;-5,8
31.08.2025 01:40:34;0;0,025465;0,28448;0;0,30849;0;52,900002;-6
31.08.2025 01:45:36;0,000045;0,026193;0,275022;0;0,301942;0;52,900002;-5,5
31.08.2025 01:50:38;0,003354;0,021827;0,195717;0;0,213178;0;53;-3,7
31.08.2025 01:55:40;0;0,021827;0,172434;0;0,194989;0;53;-3,6
31.08.2025 02:00:43;0,000023;0,023205;0,17114;0;0,194346;0;53;-3,7
31.08.2025 02:05:44;0,015718;0,02774;0,202207;0;0,213157;0;53;-6,3
31.08.2025 02:10:46;0,005821;0,034196;0,397982;0;0,427812;0;52,900002;-9,2
31.08.2025 02:15:00;0,001135;0,025087;0,451564;0;0,475353;0;52,900002;-9
31.08.2025 02:21:00;0,000486;0,027466;0,426636;0;0,453491;0;52,799999;-8,4
31.08.2025 02:26:00;0,002701;0,022705;0,405762;0;0,425537;0;52,900002;-7
31.08.2025 02:31:00;0,000698;0,022705;0,350098;0;0,37207;0;52,900002;-7,1
31.08.2025 02:36:00;0,000126;0,025635;0,272461;0;0,298096;0;53;-3,3
31.08.2025 02:41:00;0,011707;0,020508;0,164063;0;0,173218;0;53;-3,6
31.08.2025 02:46:01;0,01509;0,02263;0,169357;0;0,175562;0;53;-3
31.08.2025 02:51:02;0,012558;0,0292;0,208777;0;0,225931;0;53;-3,8
31.08.2025 02:56:04;0,006582;0,032013;0,264108;0;0,289573;0;52,900002;-7
31.08.2025 03:01:06;0,000182;0,027648;0,341231;0;0,368879;0;52,900002;-6,8
31.08.2025 03:06:08;0,001455;0,031286;0,30558;0;0,33541;0;52,900002;-5,5
31.08.2025 03:11:10;0;0,018917;0,27575;0;0,295394;0;52,900002;-5,6
31.08.2025 03:16:10;0;0,02124;0,273926;0;0,294067;0;52,900002;-5,6
31.08.2025 03:21:12;0;0,022555;0,229185;0;0,251376;0;53;-3,7
31.08.2025 03:26:14;0;0,023282;0,168069;0;0,19317;0;53;-3,6
31.08.2025 03:31:16;0;0,024737;0,169524;0;0,192443;0;53;-3,6
31.08.2025 03:36:18;0;0,022555;0,166614;0;0,189169;0;53;-3,4
31.08.2025 03:41:20;0,005536;0,026193;0,246647;0;0,26811;0;52,900002;-5,5
31.08.2025 03:46:23;0;0,021755;0,271939;0;0,292606;0;52,900002;-5,4
31.08.2025 03:51:23;0,001099;0,02417;0,328857;0;0,352661;0;52,900002;-6,8
31.08.2025 03:56:24;0;0,02482;0,340175;0;0,365359;0;52,900002;-7
31.08.2025 04:01:26;0,000045;0,021827;0,349234;0;0,371061;0;52,900002;-7
31.08.2025 04:06:29;0,004113;0,023205;0,280641;0;0,299133;0;52,900002;-5,4
31.08.2025 04:11:30;0,000068;0,02482;0,258416;0;0,283966;0;52,900002;-5,3
31.08.2025 04:16:32;0,010243;0,023282;0,25174;0;0,264472;0;52,900002;-4,7
31.08.2025 04:21:34;0,007696;0,025465;0,294666;0;0,312492;0;52,900002;-8,8
31.08.2025 04:26:38;0,001739;0,030357;0,3997;0;0,427889;0;52,799999;-8
31.08.2025 04:31:39;0,001996;0,045259;0,340175;0;0,383609;0;52,900002;-5,9
31.08.2025 04:36:40;0,005737;0,039419;0,319005;0;0,351854;0;52,900002;-6,5
31.08.2025 04:41:40;0,002254;0,019775;0,279053;0;0,296997;0;52,900002;-5,4
31.08.2025 04:46:42;0,00025;0,026193;0,259015;0;0,285572;0;52,900002;-3,2
31.08.2025 04:51:45;0,013008;0,020305;0,163888;0;0,170778;0;53;-3,3
31.08.2025 04:56:47;0,009447;0,02401;0,157883;0;0,172071;0;53;-3,5
31.08.2025 05:01:49;0,014131;0,025465;0,163704;0;0,175708;0;53;-3,6
31.08.2025 05:06:51;0,012085;0,032741;0,188441;0;0,208813;0;52,900002;-5,6
31.08.2025 05:11:53;0,000011;0,0211;0,272839;0;0,293575;0;52,900002;-5,4
31.08.2025 05:16:54;0,000274;0,01971;0,273016;0;0,29236;0;52,900002;-5,6
31.08.2025 05:21:56;0,000011;0,019644;0,267019;0;0,287391;0;52,900002;-5,4
31.08.2025 05:26:57;0,000707;0,02263;0,264986;0;0,286156;0;52,900002;-5,4
31.08.2025 05:31:58;0,003445;0,02628;0,246006;0;0,269366;0;52,900002;-4,6
31.08.2025 05:37:00;0;0,020372;0,222637;0;0,241917;0;52,900002;-4,7
31.08.2025 05:42:02;0;0,021827;0,219727;0;0,242281;0;52,900002;-4,5
31.08.2025 05:47:04;0;0,023282;0,213178;0;0,236824;0;52,900002;-4,4
31.08.2025 05:52:06;0,006184;0,02983;0,312128;0;0,335774;0;52,799999;-7
31.08.2025 05:57:06;0,000309;0,022705;0,355957;0;0,379028;0;52,799999;-7,4
31.08.2025 06:02:08;0,006321;0,032741;0,433633;0;0,459461;0;52,799999;-9
31.08.2025 06:07:11;0;0,023931;0,398844;0;0,423137;0;52,799999;-7,6
31.08.2025 06:12:13;0;0,02692;0,371789;0;0,397254;0;52,799999;-7,5
31.08.2025 06:17:14;0;0,02628;0,356234;0;0,383974;0;52,799999;-5,3
31.08.2025 06:22:16;0,000011;0,02692;0,244464;0;0,271384;0;52,900002;-5,7
31.08.2025 06:27:18;0,006355;0,026193;0,194989;0;0,21427;0;52,900002;-4
31.08.2025 06:32:20;0,00349;0,029103;0,157155;0;0,182984;0;52,900002;-3,7
31.08.2025 06:37:22;0,013187;0,02692;0,195717;0;0,20663;0,00291;52,900002;-6,9
31.08.2025 06:42:24;0,004729;0,0211;0,409623;0;0,404166;0,021827;52,799999;-7
31.08.2025 06:47:25;0,002988;0,0219;0,367914;0;0,355139;0,032119;52,799999;-6,3
31.08.2025 06:52:27;0,006253;0,033468;0,349234;0;0,317949;0,058206;52,799999;-6,7
31.08.2025 06:57:29;0,006923;0,046565;1,732348;0;1,688693;0,082943;52,400002;-34,400002
31.08.2025 07:02:32;0,28455;0,023205;3,75203;0;3,37893;0,113127;51,900002;-73,199997
31.08.2025 07:07:33;1,174506;0;5,12744;0;3,810175;0,141618;51,799999;-73,400002
31.08.2025 07:12:35;0,23787;0,028375;4,088951;0;3,700428;0,178983;51,799999;-62,799999
31.08.2025 07:17:38;0;0,060914;2,765074;0;2,612788;0,21465;52;-39,5
31.08.2025 07:22:39;0,054966;0,056209;2,688548;0;2,430497;0,256956;52;-40,5
31.08.2025 07:27:41;0,001819;0,049475;1,93825;0;1,705427;0,282298;52,200001;-23,700001
31.08.2025 07:32:43;0;0,031286;1,356193;0;1,084081;0,30267;52,200001;-20,799999
31.08.2025 07:37:45;0,022532;0,020372;0,452549;0;0,123687;0,327407;52,5;-0,3
31.08.2025 07:42:48;0;0,047861;0,320525;0;0,01958;0,346631;52,599998;-0,4
31.08.2025 07:47:49;0,000673;0,043069;0,212427;0,136508;0,004745;0,388354;52,599998;3,5
31.08.2025 07:52:51;0,000045;0,0211;0,184803;0,202992;0;0,41035;52,700001;4,1
31.08.2025 07:57:53;0,006207;0,026193;0,282298;0,133873;0,004365;0,429267;52,700001;2,9
31.08.2025 08:02:55;0,006059;0,025465;0,292484;0,149152;0,004365;0,45837;52,700001;0,6
31.08.2025 08:07:58;0;0,024656;0,382165;0,076505;0;0,482963;52,700001;1,9
31.08.2025 08:13:01;0,002357;0,032633;0,365486;0,11639;0;0,51052;52,700001;2,4
31.08.2025 08:18:01;0,003845;0,035889;0,358154;0,151611;0;0,543457;52,799999;3,3
31.08.2025 08:23:04;0,012022;0,021755;0,329227;0,23568;0,000725;0,572884;52,799999;4,7
31.08.2025 08:28:05;0,003182;0,032849;0,321925;0,263161;0;0,61611;52,799999;5,5
31.08.2025 08:33:08;0,001065;0,034083;0,316899;0,383252;0;0,732422;52,900002;7,8
31.08.2025 08:38:10;0,001603;0,02983;0,299032;0,494021;0;0,820701;53;12
31.08.2025 08:43:11;0,009456;0,03066;0,572311;0,445658;0,077014;0,962125;52,799999;-4,5
31.08.2025 08:48:13;0,004093;0,045109;0,37761;0,682826;0,042927;1,060799;53,099998;17,4
31.08.2025 08:53:15;0,00856;0,034196;0,321587;0,948026;0,000364;1,293622;53,299999;19,5
31.08.2025 08:58:17;0,007219;0,02401;0,368879;1,144834;0;1,53081;53,400002;24
31.08.2025 09:03:19;0,001899;0,02692;0,398709;1,424585;0;1,846576;53,599998;30,4
31.08.2025 09:08:19;0,001751;0,030762;0,478271;1,736206;0;2,244141;53,799999;33,5
31.08.2025 09:13:21;0,000625;0,038561;0,450367;2,044839;0;2,533404;54;44
31.08.2025 09:18:24;0,002074;0,032633;0,30022;2,454701;0;2,784653;54;45,799999
31.08.2025 09:23:25;0;0,186877;0,305865;2,475026;0;2,968134;54;45,799999
31.08.2025 09:28:28;0;0,308197;0,301671;2,473555;0;3,083424;54,099998;45,799999
31.08.2025 09:33:29;0,001916;0,327765;0,352584;2,477581;0;3,156471;54,099998;45,799999
31.08.2025 09:38:31;0;0,341959;0,408168;2,478108;0;3,227507;54,099998;45,799999
31.08.2025 09:43:33;0,000296;0,373244;0,45546;2,467922;0;3,295898;54,099998;45,599998
31.08.2025 09:48:35;0,00274;0,444546;0,429267;2,465739;0;3,336642;54,099998;45,599998
31.08.2025 09:53:37;0,000944;0,342686;0,543496;2,466103;0;3,354104;54,099998;45,599998
31.08.2025 09:58:39;0;0,365241;0,534037;2,467558;0;3,365745;54,099998;45,599998
31.08.2025 10:03:42;0;0,542427;0,429301;2,464853;0;3,435856;54,099998;45,599998
31.08.2025 10:08:44;0;0,61116;0,403802;2,464648;0;3,480702;54,099998;45,599998
31.08.2025 10:13:46;0;0,648994;0,372517;2,469014;0;3,489432;54,099998;45,599998
31.08.2025 10:18:48;0;0,708655;0,30267;2,465739;0;3,479246;54,200001;45,599998
31.08.2025 10:23:49;0,000103;0,743128;0,404414;2,475391;0;3,622203;54,200001;45,599998
31.08.2025 10:28:51;0;0,76686;0,40453;2,469377;0;3,639312;54,200001;45,5
31.08.2025 10:33:53;0;0,782867;0,401619;2,466467;0;3,650953;54,200001;45,5
31.08.2025 10:38:55;0;0,759585;0,393616;2,473743;0;3,626216;54,299999;45,700001
31.08.2025 10:43:57;0;0,699196;0,429267;2,477744;0;3,605844;54,299999;45,599998
31.08.2025 10:48:59;0;0,728299;0,385613;2,476289;0;3,589837;54,400002;45,400002
31.08.2025 10:54:02;0;0,826694;0,352433;2,470292;0;3,650507;54,5;45,400002
31.08.2025 10:59:03;0;0,869416;0,342365;2,476851;0;3,687902;54,799999;45,099998
31.08.2025 11:04:05;0,020167;0,81779;0,285208;2,296943;0;3,380297;55,200001;17,700001
31.08.2025 11:09:07;0,006275;2,079399;0,323042;1,057525;0,005821;3,448688;55,099998;-0,4
31.08.2025 11:14:09;0;3,527994;0,218999;0;0,009095;3,738262;54,099998;0
31.08.2025 11:19:09;0;3,547119;0,205811;0;0;3,75293;53,900002;0
31.08.2025 11:24:12;0;3,5149;0,258161;0;0;3,772335;53,799999;0
31.08.2025 11:29:14;0;3,578196;0,245192;0;0;3,82266;53,700001;0
31.08.2025 11:34:15;0;3,721482;0,148188;0;0;3,868939;53,599998;0
31.08.2025 11:39:17;0;3,797195;0,122232;0;0;3,92161;53,599998;0
31.08.2025 11:44:19;0;3,891779;0,145514;0;0;4,038021;53,599998;0
31.08.2025 11:49:22;0;3,717947;0,248733;0;0;3,965231;53,599998;0
31.08.2025 11:54:23;0;3,671113;0,302215;0;0;3,974058;53,599998;0
31.08.2025 11:59:25;0;3,749903;0,299759;0;0;4,049662;53,5;0
31.08.2025 12:04:27;0;3,585472;0,30558;0;0;3,889597;53,5;0
31.08.2025 12:09:29;0;1,34528;0,35651;0;0;1,702517;53,5;0
31.08.2025 12:14:31;0;4,175532;0,287391;0;0;4,461468;53,5;0
31.08.2025 12:19:33;0;3,640767;0,220454;0;0;3,861949;53,5;0
31.08.2025 12:24:36;0;4,286481;0,139958;0;0;4,424988;53,5;0
31.08.2025 12:29:37;0;3,441896;0,118988;0;0;3,560884;53,400002;0
31.08.2025 12:34:39;0;2,596702;0,112774;0;0;2,708021;53,400002;0
31.08.2025 12:39:41;0;2,663639;0,235733;0;0;2,897189;53,400002;0
31.08.2025 12:44:43;0;1,459508;0,212451;0;0;1,671959;53,400002;0
31.08.2025 12:49:46;0;4,75349;0,284992;0;0;5,037032;53,400002;0
31.08.2025 12:54:45;0;1,443288;0,273372;0;0;1,71666;53,400002;0
31.08.2025 12:59:47;0;2,683283;0,264836;0;0;2,946664;53,400002;0
31.08.2025 13:04:49;0;2,331139;0,152062;0;0;2,483929;53,400002;0
31.08.2025 13:09:52;0;2,050056;0,10515;0;0;2,152305;53,400002;0
31.08.2025 13:14:53;0;1,239521;0,109498;0;0;1,349019;53,400002;0
31.08.2025 13:19:55;0;0,894185;0,166614;0;0;1,060799;53,400002;0
31.08.2025 13:24:57;0;2,387889;0,229185;0;0;2,617802;53,400002;0
31.08.2025 13:30:00;0;2,347376;0,222627;0;0;2,570003;53,400002;0
31.08.2025 13:35:01;0;1,168712;0,218267;0;0;1,384058;53,400002;0
31.08.2025 13:40:01;0;1,177002;0,243896;0;0;1,422363;53,400002;0
31.08.2025 13:45:03;0;1,855307;0,277205;0;0;2,131784;53,299999;0
31.08.2025 13:50:05;0;1,326363;0,217544;0;0;1,545362;53,299999;0
31.08.2025 13:55:07;0;0,926198;0,248829;0;0;1,175755;53,299999;0
31.08.2025 14:00:10;0;0,939095;0,252359;0;0;1,190729;53,400002;0
31.08.2025 14:05:11;0;0,974535;0,275206;0;0;1,24828;53,400002;0
31.08.2025 14:10:13;0;1,423857;0,231368;0;0;1,655953;53,400002;0
31.08.2025 14:15:15;0;1,372927;0,219727;0;0;1,591926;53,299999;0
31.08.2025 14:20:17;0;1,635581;0,218999;0;0;1,855307;53,299999;0
31.08.2025 14:25:19;0;1,031696;0,276477;0;0;1,306718;53,299999;0
31.08.2025 14:30:22;0;3,469214;0,278465;0;0;3,747679;53,299999;0
31.08.2025 14:35:23;0;4,47921;0,180307;0;0;4,661707;53,299999;0
31.08.2025 14:40:26;0;1,357519;0,12763;0;0;1,485149;53,299999;0
31.08.2025 14:45:27;0;3,84631;0,113148;0;0;3,957998;53,299999;0
31.08.2025 14:50:29;0;4,417814;0,141149;0;0;4,560418;53,299999;0
31.08.2025 14:55:31;0;1,800739;0,208813;0;0;2,006642;53,299999;0
31.08.2025 15:00:31;0;3,719971;0,219727;0;0;3,941895;53,299999;0
31.08.2025 15:05:34;0;4,258924;0,209574;0;0;4,468499;53,299999;0
31.08.2025 15:10:35;0;4,095236;0,204397;0;0;4,298173;53,299999;0
31.08.2025 15:15:38;0;3,290097;0,173316;0;0;3,464863;53,299999;0
31.08.2025 15:20:39;0;1,92425;0,094899;0;0;2,019148;53,299999;0
31.08.2025 15:25:40;0;3,009743;0,094899;0;0;3,103911;53,299999;0
31.08.2025 15:30:42;0;1,086264;0,09895;0;0;1,184486;53,299999;0
31.08.2025 15:35:43;0,000308;0,875256;0,224106;0;0;1,099363;53,299999;0
31.08.2025 15:40:45;0;2,910286;0,366696;0;0;3,276982;53,299999;0
31.08.2025 15:45:47;0;4,064214;0,343414;0;0;4,407628;53,299999;0
31.08.2025 15:50:49;0;3,600751;0,334683;0;0;3,934706;53,299999;0
31.08.2025 15:55:51;0;3,902693;0,339048;0;0;4,243196;53,299999;0
31.08.2025 16:00:54;0;3,809319;0,3198;0;0;4,127669;53,299999;0
31.08.2025 16:05:56;0;3,904876;0,187713;0;0;4,093317;53,299999;0
31.08.2025 16:10:57;0;3,871129;0,114608;0;0;3,985738;53,299999;0
31.08.2025 16:15:59;0;2,081582;0,090219;0;0;2,172528;53,299999;0
31.08.2025 16:21:01;0;0,961849;0,101132;0;0;1,062254;53,299999;0
31.08.2025 16:26:03;0;1,137922;0,216816;0;0;1,353283;53,299999;0
31.08.2025 16:31:04;0;1,327119;0,224106;0;0;1,550496;53,299999;0
31.08.2025 16:36:05;0;2,230115;0,210967;0;0;2,442542;53,299999;0
31.08.2025 16:41:07;0;1,813108;0,213906;0;0;2,027014;53,299999;0
31.08.2025 16:46:09;0;1,581013;0,212451;0;0;1,792736;53,299999;0
31.08.2025 16:51:11;0;2,496297;0,094584;0;0;2,588699;53,200001;0
31.08.2025 16:56:14;0;2,337223;0,116752;0;0;2,455426;53,299999;0
31.08.2025 17:01:16;0;2,141243;0,147697;0;0;2,287484;53,200001;0
31.08.2025 17:06:18;0;2,167435;0,177527;0;0;2,344235;53,200001;0
31.08.2025 17:11:19;0;2,046158;0,267176;0;0;2,314064;53,200001;0
31.08.2025 17:16:21;0;2,025559;0,202265;0;0;2,227824;53,200001;0
31.08.2025 17:21:23;0;1,948436;0,200082;0;0;2,147791;53,299999;0
31.08.2025 17:26:26;0;1,997844;0,197971;0;0;2,195815;53,200001;0
31.08.2025 17:31:27;0;1,94907;0,183957;0;0;2,133027;53,200001;0
31.08.2025 17:36:29;0;1,923699;0,25174;0;0;2,175438;53,200001;0
31.08.2025 17:41:31;0;1,848759;0,245919;0;0;2,095406;53,200001;0
31.08.2025 17:46:34;0;1,757087;0,238581;0;0;1,995668;53,200001;0
31.08.2025 17:51:35;0;1,581885;0,306595;0;0;1,88921;53,200001;0
31.08.2025 17:56:37;0;1,451505;0,285208;0;0;1,73453;53,200001;0
31.08.2025 18:01:39;0;1,355466;0,208813;0;0;1,565734;53,200001;0
31.08.2025 18:06:41;0;1,217227;0,210268;0;0;1,42604;53,200001;0
31.08.2025 18:11:43;0;1,107364;0,208085;0;0;1,316904;53,200001;0
31.08.2025 18:16:45;0;0,956756;0,178255;0;0;1,135011;53,200001;0
31.08.2025 18:21:47;0;0,88982;0,12296;0;0;1,012779;53,200001;0
31.08.2025 18:26:50;0;0,775207;0,164614;0;0;0,939821;53,200001;0
31.08.2025 18:31:51;0;0,786928;0,161327;0;0;0,947525;53,200001;0
31.08.2025 18:36:53;0,000546;0,667911;0,227002;0;0,001091;0,893458;53,200001;0
31.08.2025 18:41:55;0;0,572599;0,232095;0;0;0,804694;53,200001;0
31.08.2025 18:46:58;0;0,517046;0,221902;0;0;0,739674;53,200001;0
31.08.2025 18:52:00;0;0,469284;0,220454;0;0;0,689738;53,200001;0
31.08.2025 18:57:01;0;0,394924;0,222647;0;0;0,61757;53,200001;0
31.08.2025 19:02:03;0;0,384158;0,174617;0;0;0,55732;53,200001;0
31.08.2025 19:07:05;0;0,379065;0,138239;0;0;0,516576;53,200001;0
31.08.2025 19:12:07;0;0,328135;0,136783;0;0;0,467101;53,200001;0
31.08.2025 19:17:09;0;0,235006;0,137511;0;0;0,372517;53,200001;0
31.08.2025 19:22:12;0,028157;0,024656;0,292969;0;0,005439;0,284267;53,200001;0
31.08.2025 19:27:13;0,034492;0,01971;0,903726;0;0,658815;0,229216;52,599998;-36,299999
31.08.2025 19:32:13;0,005882;0,04834;2,083008;0;1,995483;0,130371;52,5;-49,299999
31.08.2025 19:37:16;0,01005;0,04061;3,540281;0;3,481179;0,088471;52,299999;-70,599998
31.08.2025 19:42:17;0;0,062779;3,252829;0;3,254654;0,062779;52,5;-50
31.08.2025 19:47:19;0,004297;0,054568;1,586833;0;1,601748;0,034923;52,900002;-5
31.08.2025 19:52:22;0,013234;0,024656;0,25671;0;0,257073;0,010152;53;-4,9
31.08.2025 19:57:24;0,021225;0,035651;0,263381;0;0,266655;0,010186;53;-6,1
31.08.2025 20:02:26;0,011368;0,02401;0,255378;0;0,266655;0,001455;53;-4,3
31.08.2025 20:07:27;0,008851;0,02774;0,210967;0;0,230311;0;53,099998;-3,5
31.08.2025 20:12:29;0,007719;0,031286;0,330317;0;0,354327;0;53,099998;-5,9
31.08.2025 20:17:32;0,000329;0,026831;0,280641;0;0,307472;0;53;-5,8
31.08.2025 20:22:33;0,001745;0,0292;0,271556;0;0,29893;0;53,099998;-6,6
31.08.2025 20:27:35;0,009208;0,021827;0,291756;0;0,303033;0;53,099998;-4,5
31.08.2025 20:32:37;0,011095;0,018189;0,287391;0;0,295758;0;53,099998;-4,6
31.08.2025 20:37:40;0,003048;0,025381;0,189995;0;0,212475;0;53,099998;-3,7
31.08.2025 20:42:41;0,000011;0,02701;0,164977;0;0,191987;0;53,099998;-3,6
31.08.2025 20:47:43;0,002615;0,02692;0,162248;0;0,186258;0;53,099998;-3,6
31.08.2025 20:52:44;0,013242;0,03066;0,176657;0;0,193812;0;53,099998;-6,1
31.08.2025 20:57:46;0,000273;0,02983;0,27866;0;0,308126;0;53;-5,8
31.08.2025 21:02:49;0,000113;0,021755;0,27629;0;0,299133;0;53,099998;-5,6
31.08.2025 21:07:50;0,001027;0,02555;0,287616;0;0,310975;0;53;-6,9
31.08.2025 21:12:52;0;0,02692;0,33541;0;0,362694;0;53;-6,8
31.08.2025 21:17:55;0,000034;0,024656;0,313999;0;0,338292;0;53,099998;-4,5
31.08.2025 21:22:56;0;0,02336;0,216077;0;0,239071;0;53,099998;-4,5
31.08.2025 21:27:58;0,003547;0,02401;0,286663;0;0,307035;0;53;-6,6
31.08.2025 21:33:00;0;0,02692;0,318676;0;0,346688;0;53;-6,4
31.08.2025 21:38:03;0,007671;0,025381;0,374913;0;0,391954;0;53;-8,3
31.08.2025 21:43:05;0,001819;0,024737;0,375427;0;0,398345;0;53;-7,3
31.08.2025 21:48:06;0,003353;0,02993;0,354044;0;0,381054;0;53;-7,8
31.08.2025 21:53:08;0,002831;0,02983;0,320859;0;0,347415;0;53;-5,5
31.08.2025 21:58:10;0,002785;0,0211;0,273567;0;0,291392;0;53,099998;-5,4
31.08.2025 22:03:12;0,005411;0,024737;0,262653;0;0,282661;0;53,099998;-5,1
31.08.2025 22:08:15;0,000181;0,023931;0,180567;0;0,204498;0;53,099998;-3,7
31.08.2025 22:13:17;0,003285;0,020372;0,157883;0;0,174981;0;53,099998;-3,3
31.08.2025 22:18:19;0,013778;0,021827;0,180438;0;0,187713;0;53,099998;-4,3
31.08.2025 22:23:20;0,009068;0,035769;0,195637;0;0,221917;0;53;-6,9
31.08.2025 22:28:20;0,001064;0,038086;0,333252;0;0,371704;0;53;-6,9
31.08.2025 22:33:22;0,00008;0,027648;0,339048;0;0,365605;0;53;-6,9
31.08.2025 22:38:24;0,002546;0,022555;0,328862;0;0,349234;0;53;-6,5
31.08.2025 22:43:26;0,000011;0,031286;0,270657;0;0,301942;0;53;-5,4
31.08.2025 22:48:28;0,000909;0,024737;0,245192;0;0,269565;0;53,099998;-3,2
31.08.2025 22:53:31;0,000487;0,023205;0,160263;0;0,18238;0;53,099998;-3,2
31.08.2025 22:58:32;0,001152;0,0219;0,157678;0;0,177752;0;53,099998;-3,2
31.08.2025 23:03:34;0,003979;0,0211;0,154973;0;0,17389;0;53,099998;-3,4
31.08.2025 23:08:36;0,007105;0,030558;0,246647;0;0,269201;0;53;-6,9
31.08.2025 23:13:38;0;0,026193;0,339776;0;0,365241;0;53;-6,9
31.08.2025 23:18:40;0;0,024737;0,342686;0;0,368151;0;53;-6,9
31.08.2025 23:23:43;0,003547;0,030457;0,386516;0;0,412984;0;53;-9,1
31.08.2025 23:28:45;0,000148;0,023282;0,400892;0;0,424174;0;53;-7,6
31.08.2025 23:33:47;0;0,027648;0,370334;0;0,397982;0;53;-7,4
31.08.2025 23:38:48;0,006342;0,02263;0,276666;0;0,29309;0;53;-5,3
31.08.2025 23:43:50;0,000432;0,023282;0,250285;0;0,273203;0;53;-4,9
31.08.2025 23:48:52;0,001762;0,0211;0,243736;0;0,263745;0;53;-3,7
31.08.2025 23:53:54;0,005013;0,023282;0,194262;0;0,212451;0;53;-4,8
31.08.2025 23:58:56;0,003331;0,041472;0,331045;0;0,368879;0;53;-7
25.08.2025 00:03:59;0;0;0;0;0;0;53;-5,4
