Uhrzeit;Netzbezug [kW];Netzeinspeisung [kW];Stromverbrauch [kW];Akkubeladung [kW];Akkuentnahme [kW];Stromerzeugung [kW];Akku Spannung [V];Akku Stromstärke [A]
14.07.2025 00:08:42;0;0,011641;0,256105;0;0,267746;0;51,637001;-3,36
14.07.2025 00:13:44;0;0,023282;0,151335;0;0,171707;0;51,630001;-3,29
14.07.2025 00:18:46;0;0,011641;0,151335;0;0,174617;0;51,615002;-3,44
14.07.2025 00:23:48;0;0,011641;0,162976;0;0,177527;0;51,601002;-3,39
14.07.2025 00:28:50;0,00291;0,023282;0,279387;0;0,273567;0;51,555;-5,65
14.07.2025 00:33:51;0,00292;0,01168;0,315355;0;0,341635;0;51,514;-6,73
14.07.2025 00:38:53;0;0,011641;0,325952;0;0,343414;0;51,492001;-6,62
14.07.2025 00:43:55;0;0,023282;0,314311;0;0,334683;0;51,466;-6,38
14.07.2025 00:48:57;0;0,011641;0,279387;0;0,296849;0;51,467999;-3,75
14.07.2025 00:54:00;0;0,023205;0,162438;0;0,17114;0;51,466999;-3,41
14.07.2025 00:59:02;0;0,011641;0,162976;0;0,168797;0;51,453999;-3,36
14.07.2025 01:04:03;0;0,01168;0,151838;0;0,175197;0;51,443001;-3,29
14.07.2025 01:09:05;0,005821;0,023282;0,232823;0;0,244464;0;51,400002;-5,58
14.07.2025 01:14:08;0;0,011603;0,266863;0;0,287167;0;51,381001;-5,47
14.07.2025 01:19:10;0,00291;0,011641;0,279387;0;0,288118;0;51,344002;-6,78
14.07.2025 01:24:11;0;0,02336;0,338715;0;0,347475;0;51,318001;-6,71
14.07.2025 01:29:13;0;0,011641;0,325952;0;0,346324;0;51,293999;-6,68
14.07.2025 01:34:16;0,005801;0,023205;0,243657;0;0,261061;0;51,276001;-7,43
14.07.2025 01:39:17;0;0,01168;0,303675;0;0,315355;0;51,271;-5,17
14.07.2025 01:44:19;0;0,011641;0,244464;0;0,261926;0;51,257;-5,07
14.07.2025 01:49:22;0,005801;0,023205;0,301671;0;0,319075;0;51,209999;-7,31
14.07.2025 01:54:23;0,00292;0,01168;0,350395;0;0,367914;0;51,185001;-7,24
14.07.2025 01:59:26;0,002901;0,023205;0,406095;0;0,411897;0;51,146;-8,26
14.07.2025 02:04:27;0;0,01168;0,350395;0;0,364994;0;51,141998;-6,6
14.07.2025 02:09:30;0;0,011603;0,313274;0;0,330678;0;51,119999;-6,56
14.07.2025 02:14:31;0;0,035039;0,268636;0;0,286156;0;51,132999;-3,33
14.07.2025 02:19:34;0;0;0,150835;0;0,168239;0;51,130001;-3,34
14.07.2025 02:24:36;0;0,023282;0,139694;0;0,162976;0;51,120998;-3,13
14.07.2025 02:29:38;0;0,011641;0,139694;0;0,157155;0;51,113998;-3,1
14.07.2025 02:34:38;0,005859;0,011719;0,246094;0;0,246094;0;51,070999;-5,37
14.07.2025 02:39:40;0,00291;0,023282;0,256105;0;0,276477;0;51,051998;-5,33
14.07.2025 02:44:41;0;0,01168;0,268636;0;0,271556;0;51,033001;-5,38
14.07.2025 02:49:44;0;0,011603;0,25526;0;0,269763;0;51,021;-5,18
14.07.2025 02:54:46;0,00291;0,023282;0,279387;0;0,311401;0;50,985001;-6,79
14.07.2025 02:59:48;0;0,011641;0,232823;0;0,241554;0;50,993;-4,69
14.07.2025 03:04:49;0;0,01168;0,221917;0;0,236516;0;50,978001;-4,68
14.07.2025 03:09:52;0;0,023205;0,220452;0;0,226253;0;50,976002;-3,59
14.07.2025 03:14:54;0,00291;0,011641;0,221182;0;0,241554;0;50,941002;-5,72
14.07.2025 03:19:57;0,002901;0,023205;0,266863;0;0,290068;0;50,922001;-5,66
14.07.2025 03:24:58;0,00292;0,01168;0,291995;0;0,303675;0;50,890999;-6,89
14.07.2025 03:30:00;0;0,023282;0,325952;0;0,334683;0;50,873001;-6,53
14.07.2025 03:35:02;0;0,011641;0,314311;0;0,334683;0;50,854;-6,43
14.07.2025 03:40:04;0,00291;0,023282;0,291029;0;0,311401;0;50,848999;-5,3
14.07.2025 03:45:06;0;0,011641;0,244464;0;0,259015;0;50,837002;-5,24
14.07.2025 03:50:08;0;0,011641;0,244464;0;0,256105;0;50,825001;-4,97
14.07.2025 03:55:10;0,005821;0,023282;0,314311;0;0,331773;0;50,780998;-7,28
14.07.2025 04:00:12;0;0,011641;0,360875;0;0,366696;0;50,757;-7,12
14.07.2025 04:05:14;0;0,023282;0,291029;0;0,317221;0;50,757999;-5,58
14.07.2025 04:10:16;0;0,011641;0,267746;0;0,279387;0;50,744999;-5,53
14.07.2025 04:15:18;0;0,011641;0,267746;0;0,282298;0;50,729;-5,45
14.07.2025 04:20:20;0;0,023282;0,209541;0;0,227002;0;50,741001;-3,41
14.07.2025 04:25:22;0;0,011641;0,151335;0;0,165886;0;50,737999;-3,33
14.07.2025 04:30:24;0,00291;0,011641;0,151335;0;0,171707;0;50,721001;-4,93
14.07.2025 04:35:24;0,005859;0,023438;0,257813;0;0,251953;0;50,671001;-7,4
14.07.2025 04:40:26;0;0,011641;0,337593;0;0,352145;0;50,648998;-6,74
14.07.2025 04:45:28;0;0,011641;0,314311;0;0,334683;0;50,632999;-6,57
14.07.2025 04:50:30;0;0,023282;0,325952;0;0,337593;0;50,610001;-6,82
14.07.2025 04:55:29;0;0,011758;0,329222;0;0,34392;0;50,591999;-6,77
14.07.2025 05:00:32;0;0,011603;0,266863;0;0,287167;0;50,598;-4,74
14.07.2025 05:05:34;0,00291;0,023282;0,209541;0;0,235733;0;50,595001;-4,4
14.07.2025 05:10:37;0;0,011603;0,197246;0;0,208849;0;50,592999;-3,74
14.07.2025 05:15:38;0,035039;0,01168;0,712469;0;0,689109;0;50,313;-25,98
14.07.2025 05:20:40;0;0,046565;0,593698;0;0,631532;0;50,463001;-6,45
14.07.2025 05:25:42;0,023282;0,046565;0,372517;0;0,395799;0;50,448002;-6,54
14.07.2025 05:30:44;0,026193;0,034923;0,384158;0;0,395799;0;50,431;-6,48
14.07.2025 05:35:46;0;0,011641;0,30267;0;0,328862;0;50,418999;-6,43
14.07.2025 05:40:48;0,005821;0,023282;0,337593;0;0,323042;0,023282;50,411999;-5,57
14.07.2025 05:45:50;0;0,023282;0,279387;0;0,247374;0,069847;50,417999;-4,3
14.07.2025 05:50:52;0,00291;0,011641;0,291029;0;0,180438;0,116411;50,424;-3,5
14.07.2025 05:55:54;0,005821;0,023282;0,395799;0;0,235733;0,162976;50,386002;-6,23
14.07.2025 06:00:57;0;0,011603;0,440903;0;0,249459;0,208849;50,395;-3,42
14.07.2025 06:05:59;0,032013;0,011641;0,384158;0;0,075667;0,279387;50,438;-0,21
14.07.2025 06:11:00;0,0292;0,01168;0,338715;0;0,093439;0,233596;50,41;-3,07
14.07.2025 06:16:02;0,011641;0,034923;0,349234;0;0,072757;0,325952;50,433998;-1,34
14.07.2025 06:21:04;0;0,023282;0,360875;0;0,154245;0,186258;50,404999;-1,86
14.07.2025 06:26:07;0,014503;0;0,232054;0;0,020305;0,208849;50,431999;-0,19
14.07.2025 06:31:08;0;0,081759;0,186877;0;0,01168;0,256956;50,438;-0,18
14.07.2025 06:36:10;0;0,069847;0,174617;0,090219;0,00291;0,349234;50,473999;1,53
14.07.2025 06:41:12;0,005821;0,011641;0,349234;0,020372;0,078578;0,30267;50,419998;-2,58
14.07.2025 06:46:14;0;0,069847;0,372517;0,008731;0,069847;0,349234;50,459;2,17
14.07.2025 06:51:14;0;0,046875;0,375;0,161133;0;0,609375;50,507;4,26
14.07.2025 06:56:15;0;0,046719;0,338715;0,443833;0;0,817587;50,660999;14,83
14.07.2025 07:01:16;0;0,058399;0,327035;0,954825;0;1,354859;50,830002;24,93
14.07.2025 07:06:19;0;0,046411;0,278465;1,145769;0;1,461943;50,844002;17,66
14.07.2025 07:11:18;0;0,035274;0,282191;0,849511;0;1,152278;50,879002;16,82
14.07.2025 07:16:21;0,005801;0,023205;0,290068;0,519222;0;0,835396;50,830002;9,05
14.07.2025 07:21:22;0,00584;0,058399;0,280316;0,411714;0,00292;0,747508;50,817001;5,3
14.07.2025 07:26:24;0,00291;0,081488;0,349234;0,084398;0,005821;0,488928;50,749001;-0,23
14.07.2025 07:31:27;0,04351;0,046411;1,380724;0,005801;0,742574;0,649752;50,389;-29,469999
14.07.2025 07:36:29;0,040744;0,034923;2,025559;0;1,446412;0,582057;50,162998;-43,970001
14.07.2025 07:41:30;1,535896;0;4,47337;0;2,508241;0,443833;49,827;-50,119999
14.07.2025 07:46:33;1,508354;0;5,058787;0;2,491685;1,044245;49,619999;-50,389999
14.07.2025 07:51:34;0,043799;0,105118;2,522841;0,516832;1,2731;1,822051;50,390999;27,559999
14.07.2025 07:56:36;0,00291;0,023282;0,360875;1,135011;0;1,536631;50,519001;19,059999
14.07.2025 08:01:39;0,017404;0,046411;1,543162;0,197246;0,496016;1,253094;50,410999;19,799999
14.07.2025 08:06:41;0,026193;0,034923;0,582057;0,718841;0,09895;1,210679;50,548;18,629999
14.07.2025 08:11:43;0,014551;0,034923;1,11755;0,253195;0,014551;1,396937;50,380001;-0,21
14.07.2025 08:16:44;0,00292;0,081759;0,385434;1,144622;0;1,588455;50,733002;25,9
14.07.2025 08:21:46;0;0,046565;0,442363;1,469694;0;1,978994;50,879002;31,59
14.07.2025 08:26:49;0;0,058014;0,452506;1,775217;0;2,274134;51,046001;38,900002
14.07.2025 08:31:49;0;0,058594;0,433594;2,080078;0;2,554688;51,188;42,900002
14.07.2025 08:36:50;0;0,093439;0,432153;2,295084;0;2,849875;51,360001;45,419998
14.07.2025 08:41:52;0;0,523851;0,40744;2,133239;0;3,026697;51,417999;39,450001
14.07.2025 08:46:54;0,008731;0,803239;0,395799;1,658863;0;2,863721;51,477001;35,439999
14.07.2025 08:51:57;0,072517;0,626547;0,661355;1,357519;0;2,575804;51,400002;17,1
14.07.2025 08:56:57;0;0,210938;2,027344;1,12207;0;3,375;51,526001;22,83
14.07.2025 09:01:59;0,014551;0,395799;2,013918;1,149563;0;3,538907;51,513;11,84
14.07.2025 09:07:01;0,049475;0,139694;1,967353;0,599519;0,029103;2,630898;51,612;22,77
14.07.2025 09:12:01;0,017578;0,28125;1,96875;1,12793;0;3,351563;51,716;23,200001
14.07.2025 09:17:02;0,0146;0,934385;1,144622;1,077463;0;3,130191;51,734001;20,51
14.07.2025 09:22:05;0,026106;1,218286;1,206683;1,119663;0;3,527228;51,787998;9,38
14.07.2025 09:27:07;0,020372;0,488928;1,967353;1,132101;0;3,585472;51,962002;23,42
14.07.2025 09:32:09;0;2,386434;0,454005;1,210679;0;4,051118;52,061001;23,209999
14.07.2025 09:37:11;0;2,363152;0,442363;1,21941;0;4,027835;52,151001;23,629999
14.07.2025 09:42:13;0;1,594837;0,477287;1,21941;0;3,306084;52,262001;23,379999
14.07.2025 09:47:13;0;0,433594;0,539063;1,21582;0;2,179688;52,360001;23,469999
14.07.2025 09:52:16;0;0,498917;0,417698;1,212485;0;2,111696;52,471001;23,110001
14.07.2025 09:57:15;0;2,081156;0,305707;1,219887;0;3,597931;52,587002;23,040001
14.07.2025 10:02:17;0;2,44464;0,256105;1,21941;0;3,934706;52,700001;23,379999
14.07.2025 10:07:19;0;0,686827;0,267746;1,228141;0;2,165252;52,825001;22,629999
14.07.2025 10:12:21;0;0,791598;0,384158;1,228141;0;2,421358;52,941002;22,92
14.07.2025 10:17:23;0;0,91965;0,372517;1,231051;0;2,514487;53,062;23,17
14.07.2025 10:22:25;0;1,245602;0,360875;1,228141;0;2,840439;53,202;23,139999
14.07.2025 10:27:26;0;1,611815;0,362074;1,243901;0;3,20027;53,334999;23,15
14.07.2025 10:32:29;0;0,603342;0,324876;1,238591;0;2,181312;53,471001;22,9
14.07.2025 10:37:31;0;0,116411;0,325952;1,175755;0;1,606478;53,575001;20,41
14.07.2025 10:42:32;0,00292;0,385434;0,280316;0,770868;0;1,448297;53,557999;10,48
14.07.2025 10:47:33;0;0,502232;0,280316;0,484712;0;1,238061;53,566002;7,17
14.07.2025 10:52:36;0;0,498917;0,324876;0,301671;0;1,160272;53,564999;5,24
14.07.2025 10:57:37;0;0,432153;0,338715;0,198557;0;0,981105;53,556999;3,32
14.07.2025 11:02:39;0;0,349234;0,349234;0,139694;0;0,81488;53,560001;1,95
14.07.2025 11:07:39;0;0,46875;0,328125;0,076172;0,00293;0,867188;53,535999;-0,18
14.07.2025 11:12:41;0;0,628622;0,291029;0;0,008731;0,884727;53,521;-0,2
14.07.2025 11:17:43;0;0,721751;0,209541;0;0,011641;0,931291;53,512001;-0,2
14.07.2025 11:22:45;0;0,698469;0,256105;0;0,008731;0,954574;53,506001;-0,19
14.07.2025 11:27:47;0;0,745033;0,232823;0;0,011641;0,977856;53,498001;-0,19
14.07.2025 11:32:49;0,00291;0,640263;0,337593;0;0,008731;0,977856;53,493999;-0,18
14.07.2025 11:37:52;0;0,846999;0,336479;0;0,008702;1,160272;53,487999;-0,19
14.07.2025 11:42:53;0;0,946065;0,327035;0;0,01168;1,26142;53,483002;-0,19
14.07.2025 11:47:56;0;1,241491;0,324876;0;0,008702;1,554765;53,479;-0,19
14.07.2025 11:52:58;0;1,618119;0,325952;0;0,008731;1,93243;53,473;-0,19
14.07.2025 11:57:59;0;2,686358;0,245276;0;0,01168;2,919954;53,469002;-0,17
14.07.2025 12:03:01;0;3,585472;0,197899;0;0,008731;3,77173;53,465;-0,17
14.07.2025 12:08:01;0;2,695313;0,164063;0;0,008789;2,859375;53,459;-0,15
14.07.2025 12:13:01;0;2,941406;0,117188;0;0,011719;3,070313;53,455002;-0,18
14.07.2025 12:18:04;0;2,819462;0,243657;0;0,008702;3,039913;53,451;-0,16
14.07.2025 12:23:05;0;2,055648;0,245276;0;0,00876;2,265885;53,445999;-0,19
14.07.2025 12:28:07;0;1,73453;0,232823;0;0,008731;1,978994;53,442001;-0,19
14.07.2025 12:33:09;0;1,338731;0,291029;0;0,011641;1,606478;53,438;-0,16
14.07.2025 12:38:11;0;1,687966;0,232823;0;0,008731;1,955712;53,433998;-0,18
14.07.2025 12:43:13;0;2,607616;0,174617;0;0,008731;2,74731;53,429001;-0,15
14.07.2025 12:48:15;0;2,235099;0,151335;0;0,008731;2,374793;53,424999;-0,15
14.07.2025 12:53:18;0;1,914449;0,12763;0;0,005801;2,018874;53,419998;-0,17
14.07.2025 12:58:19;0;1,051184;0,245276;0;0,00876;1,30814;53,416;-0,16
14.07.2025 13:03:24;0;2,040215;0,242059;0;0,008645;2,259221;53,411999;-0,16
14.07.2025 13:08:25;0;1,623495;0,256956;0;0,00876;1,845411;53,407001;-0,15
14.07.2025 13:13:25;0;0,480469;0,246094;0;0,008789;0,75;53,402;-0,16
14.07.2025 13:18:27;0,005821;0,046565;0,221182;0;0,008731;0,256105;53,398998;-0,16
14.07.2025 13:23:30;0;0,081219;0,220452;0;0,008702;0,301671;53,395;-0,17
14.07.2025 13:28:32;0,00291;0,081488;0,267746;0;0,008731;0,325952;53,389999;-0,17
14.07.2025 13:33:33;0,00292;0,303675;0,327035;0;0,00876;0,60735;53,379002;-2,2
14.07.2025 13:38:34;0;0,61903;0,350395;0;0,01168;0,981105;53,381001;-0,17
14.07.2025 13:43:35;0;1,343179;0,338715;0;0,00876;1,658534;53,375999;-0,16
14.07.2025 13:48:38;0;1,601176;0,301671;0;0,008702;1,902847;53,373001;-0,16
14.07.2025 13:53:39;0;1,623495;0,303675;0;0,00584;1,93885;53,368;-0,17
14.07.2025 13:58:42;0;1,554765;0,290068;0;0,008702;1,83323;53,362999;-0,15
14.07.2025 14:03:44;0;1,245602;0,232823;0;0,008731;1,466784;53,360001;-0,17
14.07.2025 14:08:45;0;0,946065;0,198557;0;0,00876;1,121262;53,355;-0,16
14.07.2025 14:13:48;0;1,334313;0,185644;0;0,008702;1,508354;53,349998;-0,17
14.07.2025 14:18:50;0,064026;0,291029;1,746171;0;0,477287;1,490066;53,209;-0,21
14.07.2025 14:23:53;0,092822;0,916615;0,603342;0;0,04351;1,415532;53,224998;-0,18
14.07.2025 14:28:54;0,02044;1,167982;0,408794;0;0,0146;1,518376;53,224998;-0,18
14.07.2025 14:33:56;0;1,140832;0,384158;0;0,011641;1,513349;53,223;-0,17
14.07.2025 14:38:55;0;1,681386;0,376254;0;0,005879;2,069398;53,219002;-0,18
14.07.2025 14:43:58;0;2,366955;0,313274;0;0,011603;2,645421;53,216;-0,17
14.07.2025 14:49:00;0;3,480702;0,186258;0;0,011641;3,678601;53,213001;-0,19
14.07.2025 14:54:02;0;2,65418;0,128053;0;0,008731;2,74731;53,209;-0,19
14.07.2025 14:59:04;0;2,502846;0,128053;0;0,008731;2,607616;53,203999;-0,19
14.07.2025 15:04:05;0;4,555129;0,210237;0;0,01168;4,765365;53,202;-0,19
14.07.2025 15:09:08;0;4,745514;0,266863;0;0,008702;4,989171;53,196999;-0,19
14.07.2025 15:14:10;0;2,700745;0,30267;0;0,008731;3,049979;53,193001;-0,19
14.07.2025 15:19:12;0;4,714663;0,325952;0;0,011641;5,005691;53,189999;-0,17
14.07.2025 15:24:14;0;5,157026;0,349234;0;0,008731;5,494619;53,186001;-0,19
14.07.2025 15:29:16;0;5,122103;0,314311;0;0,008731;5,424772;53,182999;-0,17
14.07.2025 15:34:18;0;4,167529;0,221182;0;0,011641;4,353787;53,178001;-0,18
14.07.2025 15:39:21;0;4,316213;0,232054;0;0,008702;4,548267;53,174;-0,18
14.07.2025 15:44:23;0;3,201314;0,209541;0;0,008731;3,399214;53,172001;-0,19
14.07.2025 15:49:25;0;3,934706;0,360875;0;0,008731;4,28394;53,167;-0,17
14.07.2025 15:54:27;0;2,642539;0,337593;0;0,008731;2,980132;53,162998;-0,17
14.07.2025 15:59:28;0;1,985569;0,303675;0;0,01168;2,265885;53,16;-0,17
14.07.2025 16:04:30;0;1,955712;0,291029;0;0,008731;2,258382;53,157001;-0,18
14.07.2025 16:09:32;0;2,107047;0,232823;0;0,008731;2,328228;53,152;-0,17
14.07.2025 16:14:34;0;2,33987;0,151335;0;0,008731;2,491204;53,148998;-0,17
14.07.2025 16:19:36;0;3,597113;0,128053;0;0,008731;3,701883;53,146;-0,17
14.07.2025 16:24:38;0;3,527266;0,128053;0;0,008731;3,632036;53,143002;-0,17
14.07.2025 16:29:40;0;3,282802;0,197899;0;0,011641;3,46906;53,138;-0,17
14.07.2025 16:34:42;0;3,515625;0,30267;0;0,008731;3,841577;53,134998;-0,18
14.07.2025 16:39:44;0;2,54941;0,291029;0;0,008731;2,793874;53,132;-0,17
14.07.2025 16:44:47;0;2,227723;0,266863;0;0,008702;2,506188;53,127998;-0,19
14.07.2025 16:49:48;0;2,592919;0,233596;0;0,00876;2,826516;53,125;-0,17
14.07.2025 16:54:48;0;3,351563;0,199219;0;0,011719;3,539063;53,122002;-0,19
14.07.2025 16:59:50;0,040744;1,583195;2,919691;0;0,011641;4,446916;53,117001;-0,18
14.07.2025 17:04:53;0,414797;0,916615;2,993502;0;0,026106;3,480817;53,109001;-0,18
14.07.2025 17:09:54;0;3,17691;1,732257;0;0,01168;4,905523;53,108002;-0,18
14.07.2025 17:14:56;0;1,93243;1,925538;0;0,008731;3,841577;53,103001;-0,17
14.07.2025 17:19:58;0,177527;0,197899;1,96102;0;0,142604;1,862583;53,018002;-4,85
14.07.2025 17:25:00;0,186258;0,034923;0,910058;0,395799;0,093129;1,070985;53,273998;8,63
14.07.2025 17:30:02;0,241554;0,034923;0,81488;0,227002;0,151335;0,698469;52,950001;-23,73
14.07.2025 17:35:04;0,162976;0,046565;1,396937;0,005821;0,846893;0,419081;52,728001;-23,93
14.07.2025 17:40:06;1,114639;0,023282;2,095406;0;0,931291;0,093129;52,588001;-23,540001
14.07.2025 17:45:08;0,122232;0,034923;0,721751;0;0,637353;0;52,653999;-10,78
14.07.2025 17:50:08;0,626953;0,046875;1,371094;0;0,773438;0;52,511002;-12,48
14.07.2025 17:55:10;1,216499;0,058206;2,14197;0;0,992407;0;52,355999;-27,77
14.07.2025 18:00:12;0,416171;0,069847;0,966215;0;0,61407;0,023282;52,451;-7,06
14.07.2025 18:05:15;0,324876;0,011603;1,044245;0;0,713567;0;52,220001;-24,85
14.07.2025 18:10:16;1,451217;0,070079;2,487801;0;1,077463;0,02336;52,126999;-23,91
14.07.2025 18:15:19;0,76868;0,104425;1,543162;0;0,855701;0,023205;52,18;-8,66
14.07.2025 18:20:20;0,00292;0,01168;0,455513;0;0,440913;0,02336;52,155998;-8,23
14.07.2025 18:25:24;0;0,023129;0,474147;0;0,433671;0,046258;52,118;-8,56
14.07.2025 18:30:24;0;0,011719;0,480469;0;0,37793;0,140625;52,110001;-6,22
14.07.2025 18:35:26;0;0,023282;0,384158;0;0,171707;0,232823;52,133999;-2,36
14.07.2025 18:40:28;0;0,011641;0,349234;0;0,125142;0,232823;52,125999;-2,32
14.07.2025 18:45:30;0,017462;0,011641;0,267746;0;0,017462;0,232823;52,151001;-0,17
14.07.2025 18:50:32;0,10477;0,023282;1,11755;0;0,750854;0,279387;52,048;-2,22
14.07.2025 18:55:31;0,008818;0,011758;0,39977;0;0,052911;0,376254;52,076;-0,18
14.07.2025 19:00:35;0,014456;0,046258;0,451018;0;0,008673;0,462582;52,080002;-0,17
14.07.2025 19:05:33;0;0,058987;0,448301;0,141569;0,002949;0,660654;52,146999;4,81
14.07.2025 19:10:36;0,026106;0,046411;0,951423;0,159537;0,176942;0,951423;52,074001;-0,17
14.07.2025 19:15:37;1,208861;0,035039;4,590168;0,00292;1,92133;1,495017;51,487;-42,98
14.07.2025 19:20:39;0,040744;0,10477;2,025559;0;1,024421;1,047703;51,816002;-0,21
14.07.2025 19:25:42;0,005801;0,011603;1,345916;0;0,176942;1,183478;51,772999;-4,98
14.07.2025 19:30:44;0,011641;0,023282;1,001138;0,145514;0,209541;0,954574;51,853001;3,51
14.07.2025 19:35:46;0;0,046565;0,51221;0,084398;0,005821;0,651904;51,832001;-0,21
14.07.2025 19:40:47;0,00292;0,035039;0,455513;0;0,00876;0,467193;51,831001;-0,17
14.07.2025 19:45:50;0,020305;0;0,417698;0;0,092822;0,301671;51,785999;-4,01
14.07.2025 19:50:51;0;0,01168;0,443833;0;0,175197;0,280316;51,777;-2,51
14.07.2025 19:55:54;0,075418;0,034808;1,543162;0;1,264697;0,232054;51,324001;-37,119999
14.07.2025 20:00:55;0,131398;0,116798;1,822051;0;1,611815;0,186877;51,451;-5,69
14.07.2025 20:05:57;0;0,011641;0,395799;0;0,276477;0,139694;51,490002;-5,55
14.07.2025 20:10:59;0;0,011641;0,395799;0;0,285208;0,116411;51,466999;-5,84
14.07.2025 20:16:02;0,005801;0,011603;0,394493;0;0,319075;0,092822;51,417;-8,36
14.07.2025 20:21:03;0;0,02336;0,467193;0;0,394194;0,093439;51,396999;-7,38
14.07.2025 20:26:05;0,00291;0,011641;0,465646;0;0,375427;0,093129;51,360001;-8,31
14.07.2025 20:31:05;0;0,035156;0,492188;0;0,386719;0,140625;51,367001;-4,31
14.07.2025 20:36:08;0;0;0,51052;0;0,246558;0,25526;51,342999;-5,81
14.07.2025 20:41:09;0;0,01168;0,432153;0;0,251116;0,210237;51,344002;-3,87
14.07.2025 20:46:11;0;0,011641;0,372517;0;0,253195;0,139694;51,311001;-5,32
14.07.2025 20:51:12;0;0,02336;0,338715;0;0,291995;0,046719;51,283001;-6,04
14.07.2025 20:56:14;0;0,011641;0,314311;0;0,314311;0,023282;51,257;-6,4
14.07.2025 21:01:15;0,00584;0,01168;0,443833;0;0,452593;0;51,194;-9,24
14.07.2025 21:06:18;0;0,023205;0,475712;0;0,478612;0,023205;51,153999;-10,12
14.07.2025 21:11:20;0;0,011641;0,477287;0;0,494749;0;51,127998;-9,01
14.07.2025 21:16:22;0,008731;0,011641;0,535493;0;0,541313;0;51,061001;-12,18
14.07.2025 21:21:24;0;0,034923;0,570416;0;0,599519;0;51,036999;-9,62
14.07.2025 21:26:26;0;0,011641;0,465646;0;0,477287;0;51,019001;-9,11
14.07.2025 21:31:28;0;0,011641;0,419081;0;0,430722;0;51,007;-8,05
14.07.2025 21:36:29;0;0,01168;0,385434;0;0,411714;0;50,979;-8,25
14.07.2025 21:41:32;0,159537;0,023205;0,812191;0;0,652653;0;50,566002;-50,470001
14.07.2025 21:46:34;0,081488;0,069847;0,756674;0;0,747943;0;50,860001;-10,15
14.07.2025 21:51:36;0;0,011641;0,51221;0;0,526762;0;50,82;-11,4
14.07.2025 21:56:36;0,00293;0,011719;0,539063;0;0,56543;0;50,799;-10,28
14.07.2025 22:01:38;0;0,023282;0,523851;0;0,535493;0;50,764999;-10,68
14.07.2025 22:06:40;0;0,023282;0,477287;0;0,491838;0;50,758999;-8,36
14.07.2025 22:11:41;0;0,02336;0,397114;0;0,417553;0;50,751999;-7,34
14.07.2025 22:16:45;0,002891;0;0,323808;0;0,335372;0;50,75;-6,13
14.07.2025 22:21:46;0;0,02336;0,291995;0;0,312435;0;50,738998;-6,08
14.07.2025 22:26:47;0,00584;0,01168;0,408794;0;0,414634;0;50,675999;-9,83
14.07.2025 22:31:50;0;0,034808;0,440903;0;0,458308;0;50,658001;-8,05
14.07.2025 22:36:52;0;0,011641;0,372517;0;0,381247;0;50,646;-7,55
14.07.2025 22:41:53;0;0,01168;0,327035;0;0,350395;0;50,641998;-6,41
14.07.2025 22:46:55;0;0,023282;0,256105;0;0,273567;0;50,657001;-3,44
14.07.2025 22:51:58;0;0,023205;0,150835;0;0,165339;0;50,662998;-3,31
14.07.2025 22:57:00;0;0,011641;0,139694;0;0,162976;0;50,659;-3,17
14.07.2025 23:02:02;0;0,011641;0,151335;0;0,162976;0;50,653;-3,2
14.07.2025 23:07:04;0,005821;0,023282;0,256105;0;0,264836;0;50,595001;-7,27
14.07.2025 23:12:06;0;0,011641;0,337593;0;0,360875;0;50,563;-7,19
14.07.2025 23:17:06;0;0,011719;0,339844;0;0,357422;0;50,542999;-6,93
14.07.2025 23:22:07;0;0,01168;0,338715;0;0,350395;0;50,522999;-6,94
14.07.2025 23:27:10;0,005801;0,023205;0,38289;0;0,391592;0;50,493999;-7,36
14.07.2025 23:32:10;0;0,023438;0,257813;0;0,27832;0;50,509998;-4,88
14.07.2025 23:37:12;0;0,011641;0,232823;0;0,247374;0;50,502998;-4,76
14.07.2025 23:42:14;0;0,011641;0,232823;0;0,238643;0;50,493;-4,63
14.07.2025 23:47:16;0,008731;0,023282;0,30267;0;0,314311;0;50,438999;-8,55
14.07.2025 23:52:18;0;0,011641;0,360875;0;0,389978;0;50,424999;-6,67
14.07.2025 23:57:20;0;0,023282;0,325952;0;0,331773;0;50,405998;-6,55
15.07.2025 00:02:22;0;0,011641;0,30267;0;0,317221;0;50,402;-5,58
15.07.2025 00:07:24;0;0,011641;0,267746;0;0,288118;0;50,387001;-5,78
15.07.2025 00:12:26;0;0,023282;0,232823;0;0,256105;0;50,400002;-3,48
15.07.2025 00:17:28;0;0,011641;0,162976;0;0,177527;0;50,397999;-3,61
15.07.2025 00:22:30;0;0,011641;0,162976;0;0,177527;0;50,393002;-3,49
15.07.2025 00:27:32;0;0,023282;0,162976;0;0,183348;0;50,382999;-3,5
15.07.2025 00:32:32;0,011719;0,011719;0,292969;0;0,287109;0;50,327999;-7,17
15.07.2025 00:37:34;0,00291;0,011641;0,349234;0;0,363786;0;50,293999;-7,14
15.07.2025 00:42:36;0;0,023282;0,337593;0;0,357965;0;50,275002;-7
15.07.2025 00:47:38;0;0,011641;0,337593;0;0,349234;0;50,256001;-6,97
15.07.2025 00:52:40;0;0,011641;0,256105;0;0,282298;0;50,277;-3,34
15.07.2025 00:57:42;0;0,023282;0,151335;0;0,162976;0;50,284;-3,23
15.07.2025 01:02:44;0;0,011641;0,151335;0;0,160066;0;50,280998;-3,21
15.07.2025 01:07:46;0,00291;0,023282;0,151335;0;0,165886;0;50,265999;-4,41
15.07.2025 01:12:48;0,00291;0,011641;0,279387;0;0,291029;0;50,216999;-6,87
15.07.2025 01:17:50;0;0,011641;0,325952;0;0,337593;0;50,188999;-6,64
15.07.2025 01:22:52;0;0,023282;0,30267;0;0,331773;0;50,171001;-6,5
15.07.2025 01:27:55;0,002901;0,011603;0,278465;0;0,284267;0;50,146999;-9,51
15.07.2025 01:32:56;0,00292;0,02336;0,362074;0;0,376674;0;50,119999;-7,36
15.07.2025 01:37:58;0;0,011641;0,291029;0;0,30267;0;50,125999;-5,22
15.07.2025 01:43:00;0;0,023282;0,244464;0;0,259015;0;50,119999;-5,15
15.07.2025 01:48:00;0;0,011719;0,234375;0;0,260742;0;50,106998;-5,1
15.07.2025 01:53:03;0;0,011603;0,232054;0;0,249459;0;50,096001;-5,05
15.07.2025 01:58:05;0,005821;0,023282;0,325952;0;0,331773;0;50,063999;-5,94
15.07.2025 02:03:06;0,00292;0,01168;0,315355;0;0,332875;0;50,029999;-7,26
15.07.2025 02:08:09;0;0,011603;0,348082;0;0,356784;0;50,005001;-7,17
15.07.2025 02:13:11;0;0,023282;0,337593;0;0,355055;0;49,986;-7,05
15.07.2025 02:18:12;0;0,01168;0,303675;0;0,329955;0;49,993999;-3,66
15.07.2025 02:23:14;0;0,023282;0,151335;0;0,171707;0;50,007;-3,28
15.07.2025 02:28:16;0;0,011641;0,151335;0;0,162976;0;50,004002;-3,29
15.07.2025 02:33:16;0,00293;0,011719;0,175781;0;0,178711;0;49,986;-4,47
15.07.2025 02:38:18;0,005821;0,023282;0,291029;0;0,30558;0;49,937;-6,83
15.07.2025 02:43:20;0;0,011641;0,314311;0;0,337593;0;49,912998;-6,64
15.07.2025 02:48:23;0;0,011603;0,313274;0;0,324876;0;49,894001;-5,79
15.07.2025 02:53:25;0;0,023282;0,256105;0;0,273567;0;49,882999;-5,52
15.07.2025 02:58:27;0;0,011641;0,232823;0;0,250285;0;49,890999;-3,22
15.07.2025 03:03:28;0;0,02336;0,151838;0;0,163517;0;49,890999;-3,3
15.07.2025 03:08:31;0;0,011603;0,150835;0;0,162438;0;49,884998;-3,26
15.07.2025 03:13:32;0;0,01168;0,140158;0;0,160597;0;49,879002;-3,24
15.07.2025 03:18:34;0,005821;0,023282;0,256105;0;0,264836;0;49,834;-5,69
15.07.2025 03:23:36;0;0,011641;0,267746;0;0,282298;0;49,810001;-5,56
15.07.2025 03:28:39;0;0,011603;0,25526;0;0,275565;0;49,790001;-5,51
15.07.2025 03:33:41;0,005821;0,023282;0,337593;0;0,352145;0;49,726002;-9,07
15.07.2025 03:38:43;0;0,011641;0,395799;0;0,41035;0;49,714001;-6,37
15.07.2025 03:43:44;0;0,02336;0,303675;0;0,312435;0;49,696999;-6,13
15.07.2025 03:48:47;0;0,011603;0,278465;0;0,29877;0;49,681;-5,86
15.07.2025 03:53:49;0;0,011641;0,279387;0;0,291029;0;49,661999;-5,8
15.07.2025 03:58:51;0,005821;0,034923;0,325952;0;0,352145;0;49,632;-5,66
15.07.2025 04:03:52;0;0;0,280316;0;0,280316;0;49,618;-5,64
15.07.2025 04:08:55;0;0,023205;0,25526;0;0,275565;0;49,599998;-5,47
15.07.2025 04:13:57;0;0,011641;0,256105;0;0,273567;0;49,583;-5,48
15.07.2025 04:18:59;0;0,011641;0,244464;0;0,270657;0;49,563;-5,48
15.07.2025 04:24:01;0;0,023282;0,174617;0;0,186258;0;49,574001;-3,3
15.07.2025 04:29:03;0;0,011641;0,151335;0;0,162976;0;49,564999;-3,29
15.07.2025 04:34:05;0;0,011641;0,139694;0;0,160066;0;49,555;-3,25
15.07.2025 04:39:07;0,005821;0,023282;0,186258;0;0,186258;0;49,515999;-5,99
15.07.2025 04:44:09;0;0,011641;0,267746;0;0,282298;0;49,488998;-5,77
15.07.2025 04:49:11;0,00291;0,023282;0,314311;0;0,334683;0;49,448002;-6,84
15.07.2025 04:54:13;0;0,011641;0,325952;0;0,337593;0;49,424999;-6,85
15.07.2025 04:59:15;0;0,011641;0,314311;0;0,337593;0;49,398998;-6,64
15.07.2025 05:04:17;0;0,011641;0,244464;0;0,256105;0;49,403999;-4,47
15.07.2025 05:09:17;0;0,023438;0,210938;0;0,225586;0;49,387001;-4,61
15.07.2025 05:14:19;0;0,011641;0,209541;0;0,227002;0;49,373001;-4,31
15.07.2025 05:19:21;0,005821;0,023282;0,197899;0;0,215361;0;49,341;-6,23
15.07.2025 05:24:23;0;0,011641;0,279387;0;0,288118;0;49,318001;-5,76
15.07.2025 05:29:25;0;0,011641;0,267746;0;0,285208;0;49,296001;-5,69
15.07.2025 05:34:27;0,061116;0,023282;1,012779;0;0,960394;0;48,873001;-42,470001
15.07.2025 05:39:30;0,002901;0,034808;2,08849;0;2,126199;0;48,734001;-32,939999
15.07.2025 05:44:31;1,071623;0;3,480586;0;2,385603;0,02336;48,332001;-51,52
15.07.2025 05:49:34;2,352452;0;4,873144;0;2,500387;0,023205;48,099998;-52,049999
15.07.2025 05:54:36;1,443502;0,046565;3,934706;0;2,470832;0,046565;48,030998;-20,33
15.07.2025 05:59:37;0;0,046719;0,280316;0;0,201477;0,140158;48,441002;-2,58
15.07.2025 06:04:39;0,005821;0,023282;0,30267;0;0,177527;0,139694;48,453999;-3,48
15.07.2025 06:09:41;0,005821;0,011641;0,349234;0;0,20081;0,162976;48,436001;-4,11
15.07.2025 06:14:43;0;0,011641;0,349234;0;0,177527;0,186258;48,431;-3,17
15.07.2025 06:19:45;0;0,023282;0,337593;0;0,148425;0,186258;48,417999;-3,3
15.07.2025 06:24:47;0,011641;0,011641;0,291029;0;0,069847;0,232823;48,449001;-0,21
15.07.2025 06:29:49;0;0,093129;0,197899;0,032013;0,008731;0,325952;48,462002;-0,19
15.07.2025 06:34:51;0,00291;0,069847;0,279387;0;0,008731;0,325952;48,460999;-0,19
15.07.2025 06:39:53;0;0,069847;0,30267;0;0,008731;0,395799;48,460999;-0,19
15.07.2025 06:44:55;0,011641;0,046565;0,395799;0,00291;0,008731;0,372517;48,460999;-0,2
15.07.2025 06:49:57;0;0,069847;0,372517;0;0,008731;0,465646;48,459999;-0,19
15.07.2025 06:54:56;0;0,129337;0,376254;0;0,008818;0,470318;48,459;-0,17
15.07.2025 06:59:58;0;0,058206;0,337593;0,113501;0,00291;0,535493;48,509998;2,64
15.07.2025 07:04:58;0;0,035156;0,316406;0,172852;0;0,515625;48,582001;6,86
15.07.2025 07:10:01;0,04351;0,034808;0,63815;0,258161;0,321976;0,556931;48,226002;-29,17
15.07.2025 07:15:00;0,052911;0,094064;1,352163;0,11464;0,899483;0,611413;48,410999;8,27
15.07.2025 07:20:03;0,014503;0,023205;0,394493;0,327777;0,095722;0,649752;48,347;-8,06
15.07.2025 07:25:04;0,01752;0,035039;0,805907;0,140158;0,271556;0,677429;48,459999;6,73
15.07.2025 07:30:04;0,020508;0,035156;0,410156;0,316406;0,023438;0,75;48,539001;7,98
15.07.2025 07:35:06;0;0,046565;0,349234;0,419081;0;0,791598;48,626999;9,62
15.07.2025 07:40:08;0,00291;0,046565;0,360875;0,459825;0;0,861445;48,708;10,07
15.07.2025 07:45:08;0,00293;0,058594;0,386719;0,533203;0;0,960938;48,748001;4,9
15.07.2025 07:50:10;0;0,058206;0,337593;0,666455;0;1,070985;48,931999;14,7
15.07.2025 07:55:13;0;0,034808;0,336479;0,777382;0;1,160272;49,061001;17,33
15.07.2025 08:00:12;0;0,047032;0,364496;0,852451;0;1,246342;49,144001;15,26
15.07.2025 08:05:14;0,005821;0,069847;0,325952;0,809059;0;1,233961;49,237999;17,48
15.07.2025 08:10:14;0;0,046875;0,316406;0,955078;0;1,289063;49,372002;21,870001
15.07.2025 08:15:17;0;0,046411;0,324876;1,137067;0;1,508354;49,528;25,459999
15.07.2025 08:20:18;0;0,046719;0,338715;1,416178;0;1,798692;49,737999;31,77
15.07.2025 08:25:20;0;0,046565;0,384158;1,682145;0;2,14197;49,938999;36,43
15.07.2025 08:30:22;0;0,046565;0,337593;1,978994;0;2,351511;50,118999;40,169998
15.07.2025 08:35:23;0,00292;0,046719;0,455513;2,023528;0;2,522841;50,231998;41,509998
15.07.2025 08:40:24;0,00292;0,046719;0,548951;2,154926;0;2,733077;50,372002;42,799999
15.07.2025 08:45:25;0,00584;0,046719;0,64239;2,160766;0;2,873235;50,478001;42,91
15.07.2025 08:50:25;0;0,035156;0,714844;2,135742;0;2,882813;50,609001;42,610001
15.07.2025 08:55:27;0;0,465646;0,663545;1,877134;0;2,980132;50,316002;-0,24
15.07.2025 09:00:28;0;2,499481;0,432153;0,315355;0,01168;3,246989;50,661999;46,18
15.07.2025 09:05:29;0;0,315355;0,689109;2,312604;0;3,317068;50,876999;44,919998
15.07.2025 09:10:29;0;0,527344;0,585938;2,314453;0;3,421875;50,986;44,830002
15.07.2025 09:15:30;0;0,63071;0,595671;2,324284;0;3,550664;51,126999;45,82
15.07.2025 09:20:32;0;0,640263;0,651904;2,278754;0;3,56219;51,256001;45,290001
15.07.2025 09:25:35;0;0,63815;0,719369;2,308942;0;3,689666;51,369999;43,290001
15.07.2025 09:30:36;0;0,981105;0,712469;2,041048;0;3,714182;51,41;36,439999
15.07.2025 09:35:38;0;1,513349;0,593698;1,682145;0;3,795012;51,469002;36,709999
15.07.2025 09:40:38;0;1,804688;0,539063;1,470703;0;3,796875;51,486;24,65
15.07.2025 09:45:41;0;2,08849;0,568533;1,212485;0;3,875309;51,504002;22,76
15.07.2025 09:50:42;0;2,265885;0,432153;1,176742;0;3,877699;51,571999;23,219999
15.07.2025 09:55:44;0;2,293305;0,430722;1,184486;0;3,911424;51,639;23,040001
15.07.2025 10:00:47;0;2,262531;0,440903;1,19508;0;3,92172;51,738998;23,84
15.07.2025 10:05:49;0;2,281664;0,51221;1,199038;0;3,957988;51,805;22,91
15.07.2025 10:10:51;0;2,270023;0,488928;1,199038;0;3,981271;51,889999;23,190001
15.07.2025 10:15:50;0;2,328073;0,493834;1,19931;0;3,997701;51,977001;22,52
15.07.2025 10:20:53;0;2,401764;0,440903;1,197981;0;4,060953;52,071999;23,5
15.07.2025 10:25:55;0;2,502846;0,430722;1,193217;0;4,120964;52,145;22,639999
15.07.2025 10:30:56;0;2,803156;0,397114;1,203021;0;4,391611;52,254002;23,17
15.07.2025 10:35:57;0,096358;1,763652;0,887666;1,045344;0,087599;3,503945;52,304001;23,34
15.07.2025 10:40:58;0;2,464441;0,432153;1,223461;0;4,134655;52,431999;23,73
15.07.2025 10:46:01;0;1,775217;0,464109;1,224087;0;3,480817;52,532001;23,41
15.07.2025 10:51:02;0,00292;1,670214;0,537272;1,226381;0;3,410507;52,647999;23,610001
15.07.2025 10:56:05;0;3,028311;0,533725;1,224087;0;4,780322;52,75;23,530001
15.07.2025 11:01:06;0;2,756437;0,513912;1,232221;0;4,508409;52,869999;23,110001
15.07.2025 11:06:09;0;1,949257;0,475712;1,221187;0;3,643255;52,972;22,870001
15.07.2025 11:11:11;0,008731;0,034923;0,395799;0,806149;0;1,257243;52,942001;15,89
15.07.2025 11:16:12;0;0,058399;0,350395;1,065783;0;1,448297;53,139999;22,719999
15.07.2025 11:21:13;0;2,896595;0,350395;0,776708;0;4,041217;52,973999;3,82
15.07.2025 11:26:15;0;1,653042;0,325952;0,20081;0,064026;2,118688;52,922001;3,5
15.07.2025 11:31:17;0;2,421358;0,523851;0,352145;0,040744;3,25952;53,131001;22,860001
15.07.2025 11:36:16;0;3,080581;0,587897;1,240463;0;4,91482;53,381001;23,059999
15.07.2025 11:41:17;0;3,083472;0,548951;1,240981;0;4,858804;53,525002;23,43
15.07.2025 11:46:19;0;3,341008;0,523851;1,027331;0;4,88928;53,555;14,45
15.07.2025 11:51:21;0;3,713524;0,465646;0,666455;0;4,842715;53,57;10,42
15.07.2025 11:56:22;0;2,627959;0,327035;0,435073;0;3,387147;53,567001;6,74
15.07.2025 12:01:23;0;1,658534;0,245276;0,283236;0;2,195806;53,561001;4,23
15.07.2025 12:06:25;0;4,004553;0,256105;0,186258;0;4,446916;53,564999;3,17
15.07.2025 12:11:27;0;1,268885;0,30267;0,116411;0;1,676325;53,539001;-0,18
15.07.2025 12:16:29;0,788687;0,221182;2,107047;0;0,71011;0,838162;53,278;-0,2
15.07.2025 12:21:31;0,875996;0,093129;1,967353;0;0,681007;0,488928;53,085999;-7,22
15.07.2025 12:26:33;0,221182;0,058206;0,838162;0;0,526762;0,162976;53,015999;-6,84
15.07.2025 12:31:35;0;0,023282;0,454005;0;0,355055;0,116411;52,971001;-5,66
15.07.2025 12:36:37;0;0,023282;0,384158;0;0,270657;0,116411;52,953999;-3,02
15.07.2025 12:41:39;0;0,011641;0,291029;0;0,145514;0,162976;52,949001;-1,89
15.07.2025 12:46:41;0,020372;0;0,267746;0;0,014551;0,256105;52,973;-0,19
15.07.2025 12:51:46;0,002882;0,080686;0,253586;0,074923;0,005763;0,368852;53,025002;3,02
15.07.2025 12:56:45;0,005879;0,05879;0,329222;0,302767;0;0,705477;53,145;7,94
15.07.2025 13:01:47;0;0,046565;0,395799;0,681007;0;1,11755;53,383999;15,63
15.07.2025 13:06:49;0;0,232823;0,419081;0,928381;0;1,559913;53,563;14,1
15.07.2025 13:11:52;0;1,728806;0,348082;0,501818;0;2,575804;53,563999;6,79
15.07.2025 13:16:53;0;2,219165;0,338715;0,248196;0;2,849875;53,563;3,79
15.07.2025 13:21:55;0;3,387572;0,256105;0,139694;0;3,77173;53,562;1,98
15.07.2025 13:26:57;0;2,223458;0,30267;0,034923;0,005821;2,537769;53,528999;-0,19
15.07.2025 13:31:59;0;2,840439;0,314311;0;0,008731;3,166391;53,519001;-0,19
15.07.2025 13:37:01;0;3,480702;0,372517;0;0,011641;3,818295;53,511002;-0,17
15.07.2025 13:42:03;0;3,06162;0,465646;0;0,008731;3,538907;53,505001;-0,19
15.07.2025 13:47:05;0;2,665822;0,454005;0;0,008731;3,096544;53,499001;-0,17
15.07.2025 13:52:07;0;0,954574;0,419081;0;0,008731;1,373655;53,493;-0,18
15.07.2025 13:57:09;0;0,896368;0,349234;0;0,011641;1,233961;53,487999;-0,18
15.07.2025 14:02:11;0;0,768315;0,30267;0;0,008731;1,047703;53,483002;-0,18
15.07.2025 14:07:13;0;0,558775;0,232823;0;0,008731;0,791598;53,479;-0,17
15.07.2025 14:12:14;0;0,60735;0,233596;0;0,00876;0,840947;53,473;-0,17
15.07.2025 14:17:15;0;0,548951;0,256956;0;0,00876;0,794228;53,469002;-0,16
15.07.2025 14:22:17;0,00291;0,454005;0,372517;0;0,011641;0,791598;53,465;-0,18
15.07.2025 14:27:17;0;0,457031;0,398438;0;0,008789;0,867188;53,459999;-0,16
15.07.2025 14:32:20;0;0,742574;0,38289;0;0,008702;1,137067;53,453999;-0,15
15.07.2025 14:37:22;0;1,164114;0,325952;0;0,008731;1,466784;53,451;-0,16
15.07.2025 14:42:23;0;1,530056;0,315355;0;0,00876;1,822051;53,445999;-0,15
15.07.2025 14:47:27;0;1,653731;0,219727;0;0,005782;1,873458;53,439999;-0,15
15.07.2025 14:52:28;0;1,845411;0,221917;0;0,00876;2,079007;53,438;-0,17
15.07.2025 14:57:27;0;1,457985;0,223401;0;0,008818;1,646112;53,432999;-0,17
15.07.2025 15:02:30;0;1,06745;0,243657;0;0,011603;1,32271;53,426998;-0,18
15.07.2025 15:07:31;0;0,805907;0,338715;0;0,00584;1,121262;53,423;-0,16
15.07.2025 15:12:31;0;0,527344;0,386719;0;0,008789;0,890625;53,418999;-0,17
15.07.2025 15:17:34;0;0,406095;0,406095;0;0,008702;0,812191;53,415001;-0,17
15.07.2025 15:22:36;0;0,488928;0,465646;0;0,011641;0,931291;53,410999;-0,16
15.07.2025 15:27:37;0,00292;0,61903;0,443833;0;0,00584;1,074543;53,405998;-0,17
15.07.2025 15:32:37;0;0,761719;0,328125;0;0,011719;1,101563;53,402;-0,15
15.07.2025 15:37:39;0;0,954574;0,325952;0;0,008731;1,257243;53,396;-0,16
15.07.2025 15:42:42;0;0,881807;0,336479;0;0,008702;1,183478;53,391998;-0,17
15.07.2025 15:47:43;0;0,60735;0,455513;0;0,00876;1,074543;53,388;-0,15
15.07.2025 15:52:45;0;0,640263;0,395799;0;0,008731;1,024421;53,383999;-0,17
15.07.2025 15:57:48;0;0,626547;0,406095;0;0,008702;1,02104;53,377998;-0,15
15.07.2025 16:02:49;0;0,946065;0,338715;0;0,00876;1,26142;53,374001;-0,17
15.07.2025 16:07:52;0;1,311108;0,348082;0;0,008702;1,670792;53,368999;-0,17
15.07.2025 16:12:54;0;1,070985;0,244464;0;0,008731;1,280526;53,365002;-0,16
15.07.2025 16:17:54;0;0,539063;0,234375;0;0,011719;0,796875;53,362;-0,19
15.07.2025 16:22:56;0;0,442363;0,244464;0;0,008731;0,651904;53,356998;-0,16
15.07.2025 16:27:58;0,00291;0,477287;0,314311;0;0,008731;0,768315;53,353001;-0,19
15.07.2025 16:33:00;0;0,826521;0,360875;0;0,008731;1,210679;53,348;-0,17
15.07.2025 16:38:02;0,014551;1,047703;0,640263;0;0,061116;1,606478;53,245998;-9,46
15.07.2025 16:43:03;0,00292;0,455513;1,401578;0;0,350395;1,495017;53,235001;-0,2
15.07.2025 16:48:04;0;1,062863;0,420473;0;0,01168;1,471657;53,243;-0,17
15.07.2025 16:53:06;0;0,803239;0,314311;0;0,008731;1,11755;53,242001;-0,19
15.07.2025 16:58:07;0;0,700789;0,245276;0;0,01168;0,934385;53,238998;-0,17
15.07.2025 17:03:09;0;0,756674;0,232823;0;0,005821;0,977856;53,235001;-0,18
15.07.2025 17:08:12;0;1,264697;0,290068;0;0,011603;1,554765;53,230999;-0,16
15.07.2025 17:13:13;0;0,829267;0,420473;0;0,00876;1,238061;53,227001;-0,18
15.07.2025 17:18:16;0;1,02104;0,406095;0;0,008702;1,415532;53,223;-0,18
15.07.2025 17:23:18;0;1,199038;0,51221;0;0,011641;1,699607;53,219002;-0,19
15.07.2025 17:28:18;0;1,125;0,433594;0;0,008789;1,546875;53,215;-0,19
15.07.2025 17:33:19;0;2,102367;0,408794;0;0,00876;2,522841;53,210999;-0,19
15.07.2025 17:38:22;0;1,357519;0,348082;0;0,011603;1,670792;53,207001;-0,17
15.07.2025 17:43:24;0;1,303808;0,314311;0;0,008731;1,62976;53,202999;-0,18
15.07.2025 17:48:25;0;1,93885;0,245276;0;0,00876;2,172446;53,199001;-0,17
15.07.2025 17:53:26;0;2,242525;0,233596;0;0,00876;2,452762;53,195;-0,17
15.07.2025 17:58:28;0;1,501707;0,337593;0;0,008731;1,816018;53,193001;-0,17
15.07.2025 18:03:30;0,008731;1,036062;0,663545;0;0,029103;1,676325;53,147999;-4,25
15.07.2025 18:08:31;0,00584;0,02336;1,845411;0;0,400034;1,448297;53,069;1,94
15.07.2025 18:13:32;0,128478;0,02336;2,662998;0,035039;0,712469;1,91549;52,720001;-24,139999
15.07.2025 18:18:35;0,855701;0;4,246597;0;1,261796;2,111696;52,553001;-23,799999
15.07.2025 18:23:37;0,902189;0,023282;3,422496;0,049475;1,187397;1,396937;52,766998;17,27
15.07.2025 18:28:38;0,00292;0,035039;0,338715;0,747508;0;1,144622;52,958;13,28
15.07.2025 18:33:39;0;0,035039;0,327035;0,604431;0;0,957745;53,023998;9,34
15.07.2025 18:38:40;0,00584;0,046719;0,385434;0,329955;0;0,747508;53,015999;3,87
15.07.2025 18:43:43;0;0,058014;0,406095;0,098623;0,002901;0,533725;52,984001;-0,19
15.07.2025 18:48:44;0,00292;0,035039;0,350395;0;0,01168;0,397114;52,971001;-0,17
15.07.2025 18:53:46;0,017462;0,023282;0,372517;0;0,142604;0,232823;52,890999;-3,65
15.07.2025 18:58:45;0,002939;0,011758;0,364496;0;0,141095;0,235159;52,889999;-1,06
15.07.2025 19:03:47;0,00291;0,034923;0,279387;0;0,014551;0,30267;52,898998;-0,17
15.07.2025 19:08:49;0;0,058206;0,256105;0,168797;0,00291;0,488928;53;5,1
15.07.2025 19:13:49;0,005859;0,035156;0,28125;0,292969;0;0,585938;53,021999;-0,19
15.07.2025 19:18:52;0,005801;0,046411;0,38289;0,066716;0,005801;0,487314;53,007;-0,19
15.07.2025 19:23:53;0,00292;0,01168;0,432153;0;0,01168;0,420473;52,985001;-1,37
15.07.2025 19:28:55;0,046565;0;0,733392;0;0,282298;0,395799;52,709;-21,16
15.07.2025 19:33:57;0,011641;0,046565;0,663545;0;0,317221;0,395799;52,835999;-2,54
15.07.2025 19:39:00;0;0,011603;0,498917;0;0,191445;0,324876;52,780998;-4,31
15.07.2025 19:43:59;0;0,023516;0,45856;0;0,202825;0,258675;52,761002;-3,4
15.07.2025 19:49:01;0,032013;0;0,349234;0;0,078578;0,279387;52,787998;-1,32
15.07.2025 19:54:03;0,043654;0;0,314311;0;0,008731;0,232823;52,791;-0,18
15.07.2025 19:59:05;0,040744;0;0,337593;0;0,011641;0,279387;52,789001;-0,19
15.07.2025 20:04:07;0,052385;0;0,325952;0;0,011641;0,256105;52,787998;-1,53
15.07.2025 20:09:09;0;0,023282;0,395799;0;0,177527;0,232823;52,709999;-4,46
15.07.2025 20:14:11;0,00291;0,011641;0,395799;0;0,215361;0,209541;52,688;-3,76
15.07.2025 20:19:14;0,002901;0,023205;0,464109;0;0,29877;0,185644;52,619999;-6,4
15.07.2025 20:24:16;0;0,011641;0,465646;0;0,343414;0,139694;52,577999;-6,78
15.07.2025 20:29:17;0;0,01168;0,490552;0;0,385434;0,093439;52,528999;-7,66
15.07.2025 20:34:19;0,00291;0,011641;0,442363;0;0,381247;0,093129;52,494999;-7,2
15.07.2025 20:39:22;0;0,023205;0,440903;0;0,38289;0,092822;52,452;-7,48
15.07.2025 20:44:23;0;0,01168;0,443833;0;0,400034;0,046719;52,414001;-7,5
15.07.2025 20:49:25;0,005821;0,011641;0,419081;0;0,387068;0,046565;52,362;-9,67
15.07.2025 20:54:27;0;0,023282;0,51221;0;0,497659;0,023282;52,306999;-9,69
15.07.2025 20:59:30;0,002901;0,011603;0,522123;0;0,525023;0,023205;52,25;-10,66
15.07.2025 21:04:29;0,002939;0,011758;0,587897;0;0,579079;0;52,174999;-13,08
15.07.2025 21:09:31;0,011641;0,023282;0,81488;0;0,823611;0,023282;52,074001;-15,63
15.07.2025 21:14:33;0,005821;0,023282;0,663545;0;0,689738;0;52,049;-11,82
15.07.2025 21:19:35;0,049475;0,023282;0,896368;0;0,855624;0;51,764999;-40,259998
15.07.2025 21:24:36;0,329955;0,02336;2,698038;0;2,388523;0;51,457001;-43,259998
15.07.2025 21:29:38;0,014551;0,046565;1,478425;0;1,513349;0;51,488998;-25,99
15.07.2025 21:34:39;0,02336;0,046719;1,576775;0;1,603055;0;51,327;-29,299999
15.07.2025 21:39:42;0,002901;0,046411;0,754177;0;0,794787;0;51,466999;-9,81
15.07.2025 21:44:44;0,00291;0,011641;0,500569;0;0,520941;0;51,417;-11,65
15.07.2025 21:49:45;0;0,01168;0,595671;0;0,604431;0;51,372002;-11,44
15.07.2025 21:54:48;0,002901;0,023205;0,556931;0;0,571434;0;51,341999;-10,27
15.07.2025 21:59:48;0;0,023438;0,421875;0;0,439453;0;51,334999;-8,21
15.07.2025 22:04:50;0;0,011641;0,349234;0;0,375427;0;51,321999;-7,24
15.07.2025 22:09:51;0;0,01168;0,362074;0;0,373754;0;51,293999;-7,36
15.07.2025 22:14:53;0,008731;0,011641;0,465646;0;0,477287;0;51,226002;-10,71
15.07.2025 22:19:56;0;0,023205;0,533725;0;0,548229;0;51,186001;-10,27
15.07.2025 22:24:57;0,00292;0,01168;0,548951;0;0,557711;0;51,138;-11,57
15.07.2025 22:30:00;0;0,023205;0,568533;0;0,588838;0;51,098;-11,32
15.07.2025 22:35:01;0,00292;0,01168;0,583991;0;0,595671;0;51,043999;-12,42
15.07.2025 22:40:04;0;0,023205;0,545328;0;0,556931;0;51,02;-11,35
15.07.2025 22:45:06;0,00291;0,023282;0,419081;0;0,436543;0;51,049;-6,37
15.07.2025 22:50:07;0;0,01168;0,291995;0;0,309515;0;51,049;-5,01
15.07.2025 22:55:10;0,008702;0,023205;0,278465;0;0,295869;0;51,007;-7,84
15.07.2025 23:00:12;0;0,011641;0,337593;0;0,355055;0;50,993999;-6,61
15.07.2025 23:05:12;0;0,023438;0,304688;0;0,328125;0;50,977001;-6,32
15.07.2025 23:10:14;0,005821;0,011641;0,395799;0;0,392889;0;50,919998;-9,51
15.07.2025 23:15:16;0;0,011641;0,454005;0;0,477287;0;50,889;-9,2
15.07.2025 23:20:16;0;0,023438;0,410156;0;0,418945;0;50,889;-6,74
15.07.2025 23:25:18;0;0,023282;0,279387;0;0,30558;0;50,889999;-5,66
15.07.2025 23:30:19;0;0,01168;0,280316;0;0,291995;0;50,873001;-5,64
15.07.2025 23:35:22;0;0,011603;0,25526;0;0,275565;0;50,870998;-4,23
15.07.2025 23:40:22;0,005859;0,023438;0,304688;0;0,310547;0;50,831001;-6,45
15.07.2025 23:45:24;0;0,011641;0,30267;0;0,325952;0;50,810001;-6,43
15.07.2025 23:50:26;0,00291;0,011641;0,337593;0;0,346324;0;50,778;-7,76
15.07.2025 23:55:28;0;0,023282;0,372517;0;0,389978;0;50,754002;-7,59
16.07.2025 00:00:31;0,002901;0,011603;0,38289;0;0,388691;0;50,728001;-8,06
16.07.2025 00:05:30;0;0,023516;0,270433;0;0,291009;0;50,737999;-5,56
16.07.2025 00:10:33;0;0,011603;0,220452;0;0,240756;0;50,743;-4,52
16.07.2025 00:15:34;0;0,01168;0,210237;0;0,224836;0;50,735001;-4,43
16.07.2025 00:20:35;0,00584;0,02336;0,291995;0;0,306595;0;50,687;-6,9
16.07.2025 00:25:37;0;0,011641;0,325952;0;0,346324;0;50,666;-6,69
16.07.2025 00:30:38;0,00292;0,02336;0,373754;0;0,382514;0;50,630001;-7,78
16.07.2025 00:35:40;0;0,011641;0,384158;0;0,395799;0;50,610001;-7,54
16.07.2025 00:40:43;0;0,023205;0,336479;0;0,353883;0;50,611;-5,33
16.07.2025 00:45:45;0;0,011641;0,232823;0;0,247374;0;50,617001;-4,28
16.07.2025 00:50:46;0;0,01168;0,210237;0;0,221917;0;50,612;-4,25
16.07.2025 00:55:48;0;0,023282;0,197899;0;0,212451;0;50,603001;-4,05
16.07.2025 01:00:50;0,005821;0,011641;0,279387;0;0,296849;0;50,556;-6,62
16.07.2025 01:05:53;0,005801;0,011603;0,336479;0;0,345181;0;50,516998;-8,58
16.07.2025 01:10:55;0;0,023282;0,40744;0;0,424902;0;50,487;-8,29
16.07.2025 01:15:57;0;0,011641;0,384158;0;0,41035;0;50,463001;-7,96
16.07.2025 01:21:01;0,002891;0,023129;0,451018;0;0,451018;0;50,426998;-9,07
16.07.2025 01:26:01;0;0,011719;0,398438;0;0,416016;0;50,425999;-6,85
16.07.2025 01:31:02;0;0,02336;0,315355;0;0,347475;0;50,424;-5,45
16.07.2025 01:36:04;0;0,011641;0,256105;0;0,259015;0;50,431999;-4,32
16.07.2025 01:41:07;0;0,011603;0,197246;0;0,223352;0;50,424999;-4,53
16.07.2025 01:46:08;0,00584;0,02336;0,315355;0;0,332875;0;50,377998;-6,87
16.07.2025 01:51:10;0,00291;0,011641;0,349234;0;0,349234;0;50,347;-8,16
16.07.2025 01:56:13;0;0,023205;0,38289;0;0,397393;0;50,323002;-7,93
16.07.2025 02:01:14;0;0,01168;0,362074;0;0,385434;0;50,299;-7,91
16.07.2025 02:06:16;0;0,023282;0,349234;0;0,363786;0;50,300999;-5,49
16.07.2025 02:11:18;0;0,011641;0,209541;0;0,227002;0;50,308998;-4,64
16.07.2025 02:16:20;0;0,011641;0,209541;0;0,224092;0;50,305;-4,52
16.07.2025 02:21:23;0;0,023205;0,208849;0;0,223352;0;50,294998;-4,51
16.07.2025 02:26:24;0,00584;0,01168;0,303675;0;0,318275;0;50,248001;-6,91
16.07.2025 02:31:26;0;0,011641;0,325952;0;0,340503;0;50,227001;-6,8
16.07.2025 02:36:29;0;0,023205;0,313274;0;0,333578;0;50,209;-6,67
16.07.2025 02:41:30;0;0,01168;0,327035;0;0,335795;0;50,187;-6,76
16.07.2025 02:46:33;0;0,023205;0,266863;0;0,290068;0;50,199001;-4,37
16.07.2025 02:51:35;0,00291;0,011641;0,232823;0;0,244464;0;50,18;-5,49
16.07.2025 02:56:37;0;0,011641;0,256105;0;0,270657;0;50,161999;-5,83
16.07.2025 03:01:38;0,00584;0,035039;0,280316;0;0,297835;0;50,129002;-7,39
16.07.2025 03:06:41;0,008702;0;0,487314;0;0,487314;0;50,066002;-9,54
16.07.2025 03:11:43;0;0,023282;0,454005;0;0,468556;0;50,035;-9,39
16.07.2025 03:16:44;0;0,01168;0,443833;0;0,467193;0;50,005001;-9,13
16.07.2025 03:21:46;0;0,011641;0,419081;0;0,430722;0;49,993;-7,84
16.07.2025 03:26:48;0;0,034923;0,384158;0;0,40453;0;49,985001;-6,53
16.07.2025 03:31:51;0;0,011603;0,220452;0;0,243657;0;50,008999;-4,08
16.07.2025 03:36:52;0;0,01168;0,210237;0;0,218997;0;50,004002;-4,33
16.07.2025 03:41:54;0;0,011641;0,186258;0;0,209541;0;50;-4,26
16.07.2025 03:46:56;0,011641;0,023282;0,232823;0;0,224092;0;49,966999;-7,01
16.07.2025 03:51:57;0;0,02336;0,315355;0;0,332875;0;49,941002;-6,53
16.07.2025 03:56:58;0;0;0,291995;0;0,324115;0;49,917;-6,61
16.07.2025 04:02:00;0;0,034923;0,325952;0;0,323042;0;49,897999;-6,39
16.07.2025 04:07:03;0;0,011603;0,301671;0;0,321976;0;49,874001;-6,64
16.07.2025 04:12:05;0;0,023282;0,279387;0;0,30558;0;49,868;-5,28
16.07.2025 04:17:07;0,00291;0,011641;0,279387;0;0,282298;0;49,848;-5,71
16.07.2025 04:22:09;0;0,011641;0,256105;0;0,273567;0;49,834999;-5,39
16.07.2025 04:27:10;0,00584;0,02336;0,233596;0;0,254036;0;49,808998;-7,2
16.07.2025 04:32:13;0,002901;0,011603;0,359684;0;0,362585;0;49,769001;-8,06
16.07.2025 04:37:15;0;0,023282;0,372517;0;0,392889;0;49,736;-7,91
16.07.2025 04:42:16;0;0,01168;0,362074;0;0,388354;0;49,708;-7,8
16.07.2025 04:47:19;0;0,011603;0,371287;0;0,377088;0;49,683998;-7,71
16.07.2025 04:52:19;0;0,023438;0,246094;0;0,266602;0;49,705002;-4,35
16.07.2025 04:57:20;0,00292;0,01168;0,221917;0;0,233596;0;49,672001;-6,25
16.07.2025 05:02:24;0,002891;0,023129;0,289114;0;0,309352;0;49,647999;-6,15
16.07.2025 05:07:25;0,00876;0,01168;0,327035;0;0,327035;0;49,602001;-8,43
16.07.2025 05:12:27;0;0,023282;0,395799;0;0,41035;0;49,57;-8,12
16.07.2025 05:17:29;0,00291;0,011641;0,384158;0;0,40453;0;49,539001;-8,12
16.07.2025 05:22:29;0;0,011719;0,363281;0;0,380859;0;49,527;-6,43
16.07.2025 05:27:30;0;0,02336;0,362074;0;0,373754;0;49,487;-7,76
16.07.2025 05:32:33;0,002901;0,011603;0,348082;0;0,365486;0;49,478001;-5,56
16.07.2025 05:37:34;0;0,02336;0,268636;0;0,283236;0;49,462002;-5,62
16.07.2025 05:42:37;0;0,011603;0,232054;0;0,217551;0,046411;49,470001;-3,76
16.07.2025 05:47:39;0;0,023282;0,209541;0;0,183348;0,046565;49,465;-3,39
16.07.2025 05:52:39;0,005859;0,011719;0,316406;0;0,257813;0,070313;49,423;-5,25
16.07.2025 05:57:41;0;0,011641;0,349234;0;0,273567;0,093129;49,401001;-5,78
16.07.2025 06:02:43;0;0,023282;0,349234;0;0,261926;0,093129;49,389999;-4,53
16.07.2025 06:07:45;0;0,011641;0,337593;0;0,174617;0,186258;49,400002;-2,55
16.07.2025 06:12:45;0,00293;0,023438;0,351563;0;0,099609;0,257813;49,423;-0,19
16.07.2025 06:17:47;0;0,081488;0,267746;0,037834;0,008731;0,395799;49,466;2,9
16.07.2025 06:22:49;0;0,046565;0,291029;0,215361;0;0,535493;49,518002;4,05
16.07.2025 06:27:51;0;0,034923;0,244464;0,221182;0;0,535493;49,561001;5,41
16.07.2025 06:32:53;0,005821;0,046565;0,337593;0,183348;0;0,535493;49,564999;3,89
16.07.2025 06:37:56;0;0,046411;0,359684;0,272664;0;0,672958;49,618999;5,19
16.07.2025 06:42:56;0;0,046875;0,410156;0,087891;0,005859;0,5625;49,563999;-0,19
16.07.2025 06:47:59;0,017404;0,011603;0,417698;0,002901;0,008702;0,394493;49,557999;-0,19
16.07.2025 06:52:56;0,002959;0,094697;0,366951;0,076941;0,005919;0,520833;49,605;4
16.07.2025 06:58:00;0,002891;0,034694;0,370066;0,190815;0;0,601357;49,632999;3,84
16.07.2025 07:03:01;0;0,046719;0,408794;0,108038;0,00292;0,560631;49,632;2,86
16.07.2025 07:08:02;0,02044;0,02336;1,039504;0,035039;0,557711;0,513912;49,360001;-16,1
16.07.2025 07:13:04;0,034923;0,046565;0,593698;0;0,113501;0,465646;49,495998;-0,19
16.07.2025 07:18:06;0,052385;0;0,488928;0,008731;0,043654;0,442363;49,502998;-0,19
16.07.2025 07:23:09;0,005801;0;0,38289;0;0,008702;0,348082;49,508999;-0,19
16.07.2025 07:28:11;0,029103;0,034923;0,454005;0,00291;0,040744;0,419081;49,504002;-0,19
16.07.2025 07:33:13;0;0,058206;0,360875;0,040744;0,008731;0,442363;49,536999;2,7
16.07.2025 07:38:15;0;0,034923;0,337593;0,160066;0;0,535493;49,578999;4,3
16.07.2025 07:43:17;0;0,046565;0,360875;0,244464;0;0,651904;49,623001;5,02
16.07.2025 07:48:17;0,108398;0,058594;1,734375;0,038086;1,113281;0,609375;49,410999;4,7
16.07.2025 07:53:16;0,035274;0,023516;1,410953;0,047032;0,837753;0,611413;49,105;-22,219999
16.07.2025 07:58:19;0;0,034808;0,429301;0,168239;0,029007;0,626547;49,425999;4,3
16.07.2025 08:03:19;0;0,058594;0,398438;0,272461;0;0,703125;49,497002;7,15
16.07.2025 08:08:19;0;0,046875;0,410156;0,483398;0;0,9375;49,626999;12,29
16.07.2025 08:13:21;0,00291;0,058206;0,395799;0,544223;0;1,001138;49,695;12,52
16.07.2025 08:18:22;0;0,035039;0,350395;0,63363;0;1,051184;49,785999;13,91
16.07.2025 08:23:23;0;0,058399;0,373754;0,808827;0;1,214701;49,911999;18,49
16.07.2025 08:28:24;0;0,046719;0,373754;1,109583;0;1,541736;50,077999;22,74
16.07.2025 08:33:25;0,01168;0,035039;0,502232;0,951905;0;1,471657;50,09;17,32
16.07.2025 08:38:27;0;0,046565;0,477287;0,945843;0;1,466784;50,208;22,35
16.07.2025 08:43:29;0,00291;0,034923;0,500569;0,966215;0;1,490066;50,243;19,559999
16.07.2025 08:48:31;0,005821;0,046565;0,523851;0,957484;0;1,513349;50,307999;19,700001
16.07.2025 08:53:33;0;0,034923;0,535493;0,91383;0;1,513349;50,337002;17,24
16.07.2025 08:58:33;0;0,035156;0,492188;0,823242;0;1,359375;50,372002;16,73
16.07.2025 09:03:33;0;0,058594;0,480469;0,873047;0;1,40625;50,432999;17,629999
16.07.2025 09:08:35;0;0,023282;0,430722;0,908009;0;1,373655;50,476002;17,82
16.07.2025 09:13:37;0,005821;0,058206;0,535493;0,896368;0;1,443502;50,543999;20,32
16.07.2025 09:18:37;0;0,046875;0,480469;1,154297;0;1,710938;50,659;26,120001
16.07.2025 09:23:39;0;1,11755;0,430722;0,477287;0,008731;2,025559;50,408001;-0,24
16.07.2025 09:28:38;0;0,670203;0,482076;0,97003;0,002939;2,092914;50,798;31,719999
16.07.2025 09:33:41;0,002901;0,046411;0,545328;1,853535;0;2,459777;50,973;40,34
16.07.2025 09:38:43;0,00291;0,034923;0,500569;1,772364;0;2,304946;51,022999;33,810001
16.07.2025 09:43:45;0,005821;0,058206;0,500569;1,83348;0;2,374793;51,119999;32,740002
16.07.2025 09:48:47;0,00291;0,023282;0,442363;1,577375;0;2,048841;51,181999;30,5
16.07.2025 09:53:49;0,008731;0,058206;0,523851;1,62685;0;2,188535;51,320999;35,119999
16.07.2025 09:58:51;0;0,034923;0,523851;1,702517;0;2,258382;51,396999;32,900002
16.07.2025 10:03:53;0,008731;0,058206;0,500569;1,52499;0;2,072123;51,377998;21,68
16.07.2025 10:08:55;0;0,034923;0,454005;1,132101;0;1,653042;51,459999;25,08
16.07.2025 10:13:56;0;0,467193;0,443833;1,2585;0;2,149086;51,521999;23
16.07.2025 10:18:59;0;0,626547;0,406095;1,189279;0;2,227723;51,617001;23,51
16.07.2025 10:24:01;0;0,523851;0,40744;1,196127;0;2,118688;51,686001;23,82
16.07.2025 10:29:01;0,00293;0,855469;0,410156;1,195313;0;2,460938;51,755001;23,33
16.07.2025 10:34:04;0;0,417698;0,464109;1,19218;0;2,08849;51,847;22,940001
16.07.2025 10:39:05;0;0,805907;0,490552;1,200101;0;2,476121;51,939999;23,559999
16.07.2025 10:44:05;0,00293;0,386719;0,46875;1,198242;0;2,039063;52,028;23,440001
16.07.2025 10:49:07;0,005821;0,174617;0,558775;1,193217;0;1,93243;52,084999;20,450001
16.07.2025 10:54:07;0;0,035156;0,445313;0,952148;0;1,429688;52,110001;17,27
16.07.2025 10:59:10;0,002901;0,046411;0,429301;1,058748;0;1,531559;52,251999;23,139999
16.07.2025 11:04:09;0;0,082306;0,470318;1,19931;0;1,763691;52,341999;21,23
16.07.2025 11:09:09;0;0,046875;0,433594;1,078125;0;1,546875;52,445;22,17
16.07.2025 11:14:11;0,005821;0,034923;0,477287;0,928381;0;1,443502;52,463001;17,49
16.07.2025 11:19:12;0;0,105118;0,455513;1,094983;0;1,658534;52,629002;23,66
16.07.2025 11:24:13;0;0,397114;0,467193;1,238061;0;2,102367;52,761002;23,41
16.07.2025 11:29:15;0;0,291029;0,454005;1,233961;0;1,955712;52,872002;22,68
16.07.2025 11:34:17;0;0,384158;0,430722;1,228141;0;2,072123;52,993999;23,6
16.07.2025 11:39:19;0;0,500569;0,384158;1,233961;0;2,118688;53,116001;23,290001
16.07.2025 11:44:21;0;0,186258;0,442363;1,236871;0;1,8393;53,240002;23,23
16.07.2025 11:49:24;0,072517;0,672958;0,89341;1,02104;0,075418;2,459777;53,303001;23,379999
16.07.2025 11:54:26;0;1,408578;0,488928;1,236871;0;3,119826;53,472;23,049999
16.07.2025 11:59:34;0;1,929028;0,456575;1,17568;0;3,561282;53,554001;18,91
16.07.2025 12:04:29;0;1,525424;1,048729;0,789526;0;3,384534;53,569;12,39
16.07.2025 12:09:32;0;1,45034;1,821627;0,522123;0;3,759282;53,569;7,48
16.07.2025 12:14:31;0,17049;0,164611;3,574415;0,126398;0,670203;3,057065;53,028999;-24,08
16.07.2025 12:19:31;0,75293;0,058594;5,085938;0,029297;1,198242;3,234375;53,104;18,639999
16.07.2025 12:24:33;0,084398;0,034923;4,260658;0,005821;1,12046;3,073262;52,681999;-16,200001
16.07.2025 12:29:33;0;1,007813;1,078125;0,905273;0,152344;2,835938;53,256001;22,639999
16.07.2025 12:34:36;0,098623;0,76578;1,554765;0,916615;0,118928;3,016708;53,051998;6,19
16.07.2025 12:39:38;0,194989;0,663545;2,363152;0,60825;0,125142;3,306084;53,375;5,43
16.07.2025 12:44:37;0,097003;1,728418;1,893029;0,758387;0,005879;4,303407;53,57;13,16
16.07.2025 12:49:37;0,008789;2,097656;0,832031;0,480469;0,00293;3,398438;53,561001;6,78
16.07.2025 12:54:40;0;1,972463;1,125464;0,261061;0;3,341584;53,591999;5,6
16.07.2025 12:59:42;0;2,724027;0,419081;0,157155;0,00291;3,306084;53,562;2,82
16.07.2025 13:04:43;0;3,725862;0,408794;0,099278;0;4,228094;53,539001;-0,17
16.07.2025 13:09:46;0;3,086324;0,301671;0;0,008702;3,387995;53,521;-0,17
16.07.2025 13:14:47;0;3,994498;0,303675;0;0,00876;4,274813;53,512001;-0,19
16.07.2025 13:19:50;0;3,701269;0,394493;0;0,011603;4,107364;53,506001;-0,17
16.07.2025 13:24:52;0;3,492343;0,395799;0;0,008731;3,864859;53,499001;-0,17
16.07.2025 13:29:54;0;4,330505;0,419081;0;0,008731;4,749586;53,493;-0,18
16.07.2025 13:34:56;0;2,921927;0,384158;0;0,011641;3,282802;53,487;-0,19
16.07.2025 13:39:55;0;1,65787;1,363921;0;0,008818;3,010033;53,481998;-0,18
16.07.2025 13:44:58;0;1,229889;2,018874;0;0,008702;3,225557;53,477001;-0,19
16.07.2025 13:50:00;0;1,012779;1,478425;0;0,011641;2,491204;53,473;-0,18
16.07.2025 13:55:02;0;2,689104;0,349234;0;0,008731;3,049979;53,467999;-0,17
16.07.2025 14:00:04;0;3,806654;0,442363;0;0,011641;4,214094;53,463001;-0,19
16.07.2025 14:05:06;0;2,14197;0,384158;0;0,008731;2,537769;53,459;-0,18
16.07.2025 14:10:08;0;2,351511;0,384158;0;0,008731;2,724027;53,452;-0,17
16.07.2025 14:15:09;0;2,149086;0,373754;0;0,00876;2,522841;53,449001;-0,15
16.07.2025 14:20:12;0;0,76578;0,359684;0;0,008702;1,090656;53,444;-0,15
16.07.2025 14:25:13;0;0,163517;0,327035;0;0,00876;0,490552;53,438999;-0,17
16.07.2025 14:30:15;0;0,488928;0,325952;0;0,008731;0,791598;53,436001;-0,17
16.07.2025 14:35:18;0,124729;0,069616;1,45034;0;0,748376;0,672958;52,987;-22,059999
16.07.2025 14:40:18;0,00293;0,046875;2,179688;0;0,667969;1,546875;52,999001;-9,92
16.07.2025 14:45:20;0,00291;0,034923;1,059344;0,520941;0,180438;1,420219;53,318001;7,99
16.07.2025 14:50:22;0,00291;0,046565;0,500569;0,61407;0;1,187397;53,571999;19,129999
16.07.2025 14:55:22;0;0,445313;0,480469;0,571289;0;1,476563;53,563999;6,32
16.07.2025 15:00:24;0;1,408578;0,430722;0,244464;0;2,095406;53,563;3,2
16.07.2025 15:05:26;0;3,608754;0,360875;0,107681;0;4,0744;53,535999;-0,21
16.07.2025 15:10:27;0;4,928883;0,315355;0;0,01168;5,232558;53,521;-0,19
16.07.2025 15:15:27;0;3,105469;0,269531;0;0,008789;3,351563;53,514;-0,17
16.07.2025 15:20:30;0;3,10953;0,313274;0;0,008702;3,4112;53,507999;-0,17
16.07.2025 15:25:32;0;4,272299;0,372517;0;0,008731;4,633175;53,501999;-0,17
16.07.2025 15:30:34;0;3,655319;0,349234;0;0,011641;4,004553;53,498001;-0,17
16.07.2025 15:35:36;0;5,122103;0,384158;0;0,008731;5,494619;53,493;-0,15
16.07.2025 15:40:38;0;4,039476;0,360875;0;0,008731;4,37707;53,487999;-0,15
16.07.2025 15:45:38;0;3,996094;0,257813;0;0,005859;4,265625;53,483002;-0,15
16.07.2025 15:50:40;0;4,109323;0,291029;0;0,008731;4,37707;53,478001;-0,17
16.07.2025 15:55:42;0,00291;3,06162;0,325952;0;0,011641;3,375931;53,473;-0,15
16.07.2025 16:00:44;0;3,725166;0,314311;0;0,008731;4,027835;53,470001;-0,17
16.07.2025 16:05:46;0;4,155888;0,442363;0;0,005821;4,58661;53,464001;-0,17
16.07.2025 16:10:47;0;1,92717;0,373754;0;0,01168;2,289244;53,460999;-0,17
16.07.2025 16:15:50;0;1,253094;0,359684;0;0,011603;1,601176;53,455002;-0,17
16.07.2025 16:20:50;0;0,925781;0,375;0;0,00293;1,289063;53,451;-0,16
16.07.2025 16:25:52;0;3,329367;0,349234;0;0,011641;3,678601;53,446999;-0,15
16.07.2025 16:30:54;0;1,746171;0,314311;0;0,008731;2,048841;53,442001;-0,16
16.07.2025 16:35:56;0,00291;0,419081;0,384158;0;0,011641;0,791598;53,438;-0,17
16.07.2025 16:40:58;0,340503;0,279387;1,152473;0;0,30849;0,768315;53,353001;-0,17
16.07.2025 16:46:00;0,005821;0,139694;0,477287;0;0,017462;0,605339;53,333;-2,47
16.07.2025 16:51:02;0,00291;0;0,488928;0;0,337593;0,162976;53,18;-6,97
16.07.2025 16:56:04;0,005821;0,023282;0,465646;0;0,227002;0,256105;53,202999;-1,81
16.07.2025 17:01:06;0,017462;0,011641;0,442363;0;0,107681;0,325952;53,183998;-0,2
16.07.2025 17:06:08;0,00291;0,221182;0,395799;0;0,008731;0,558775;53,195;-0,18
16.07.2025 17:11:10;0;0,779957;0,337593;0;0,011641;1,140832;53,193001;-0,17
16.07.2025 17:16:12;0;1,22232;0,325952;0;0,008731;1,536631;53,189999;-0,17
16.07.2025 17:21:14;0;1,036062;0,325952;0;0,008731;1,373655;53,186001;-0,17
16.07.2025 17:26:16;0,00291;0,698469;0,337593;0;0,008731;1,001138;53,183998;-0,19
16.07.2025 17:31:18;0;0,628622;0,395799;0;0,011641;1,024421;53,179001;-0,18
16.07.2025 17:36:20;0;0,849803;0,395799;0;0,008731;1,233961;53,176998;-0,18
16.07.2025 17:41:22;0,052385;1,653042;1,047703;0;0,040744;2,630898;53,153;-0,17
16.07.2025 17:46:24;0;3,108185;0,488928;0;0,011641;3,56219;53,161999;-0,17
16.07.2025 17:51:27;0,008702;0,974629;0,406095;0;0,011603;1,345916;53,155998;-0,18
16.07.2025 17:56:28;0;0,747508;0,327035;0;0,01168;1,074543;53,153999;-0,17
16.07.2025 18:01:30;0;0,884727;0,279387;0;0,008731;1,164114;53,151001;-0,17
16.07.2025 18:06:32;0,049475;0,30267;0,849803;0,081488;0,311401;0,861445;53,151001;4,77
16.07.2025 18:11:33;0,00292;0,035039;0,478873;0,122638;0,00584;0,63071;53,139999;-0,18
16.07.2025 18:16:35;0,00291;0;0,51221;0;0,133873;0,395799;53,058998;-3,58
16.07.2025 18:21:36;0,00292;0,02336;0,420473;0;0,224836;0,186877;52,987;-5,86
16.07.2025 18:26:38;0,00291;0,011641;0,384158;0;0,378337;0,023282;52,900002;-7,74
16.07.2025 18:31:41;0,002901;0,023205;0,359684;0;0,359684;0,023205;52,847;-7,47
16.07.2025 18:36:42;0,00292;0,01168;0,373754;0;0,376674;0;52,800999;-7,21
16.07.2025 18:41:45;0;0,034808;0,371287;0;0,266863;0,116027;52,801998;-4,04
16.07.2025 18:46:46;0,00584;0,01168;0,385434;0;0,248196;0,186877;52,751999;-5,97
16.07.2025 18:51:49;0,002901;0;0,475712;0;0,353883;0,116027;52,695999;-7,05
16.07.2025 18:56:47;0;0,035392;0,460099;0;0,389314;0,070784;52,646999;-7,28
16.07.2025 19:01:50;0;0;0,429301;0;0,385791;0,069616;52,601002;-7,84
16.07.2025 19:06:52;0;0,011641;0,442363;0;0,424902;0,023282;52,550999;-8,35
16.07.2025 19:11:54;0,777046;0,011641;1,641401;0;0,81197;0,069847;52,32;-23,66
16.07.2025 19:16:56;1,082626;0;2,421358;0;1,254333;0,069847;52,199001;-24,049999
16.07.2025 19:21:57;0,262796;0,01168;1,518376;0;1,217621;0,070079;52,103001;-22,73
16.07.2025 19:27:00;0,226253;0,023205;1,508354;0;1,131265;0,162438;52,037998;-18,91
16.07.2025 19:32:01;0,01752;0;1,459977;0;1,2877;0,163517;51,858002;-26,379999
16.07.2025 19:37:03;0,00291;0,058206;0,884727;0;0,820701;0,139694;51,969002;-6,66
16.07.2025 19:42:05;0;0,011641;0,360875;0;0,343414;0;51,938;-7,24
16.07.2025 19:47:05;0;0,023438;0,363281;0;0,380859;0;51,907001;-7,27
16.07.2025 19:52:06;0;0;0,327035;0;0,335795;0;51,887001;-6,7
16.07.2025 19:57:07;0,00292;0,035039;0,315355;0;0,318275;0;51,861;-6,29
16.07.2025 20:02:09;0,00291;0,011641;0,384158;0;0,375427;0,046565;51,826;-6,56
16.07.2025 20:07:09;0;0,011719;0,398438;0;0,363281;0,046875;51,785999;-7,63
16.07.2025 20:12:11;0,005821;0,023282;0,51221;0;0,518031;0;51,720001;-9,48
16.07.2025 20:17:13;0;0;0,500569;0;0,500569;0;51,669998;-10,61
16.07.2025 20:22:16;0;0,023205;0,522123;0;0,539527;0,023205;51,627998;-10,11
16.07.2025 20:27:18;0,005821;0,023282;0,547134;0;0,538403;0,023282;51,583;-10,63
16.07.2025 20:32:20;0,00291;0,011641;0,593698;0;0,590788;0;51,518002;-11,81
16.07.2025 20:37:22;0,00291;0,011641;0,582057;0;0,561685;0,023282;51,460999;-13,49
16.07.2025 20:42:24;0;0,023282;0,616981;0;0,643173;0;51,423;-12,2
16.07.2025 20:47:25;0,00292;0,02336;0,595671;0;0,61319;0;51,390999;-10,57
16.07.2025 20:52:28;0,005801;0,023205;0,522123;0;0,527924;0,023205;51,362999;-9,56
16.07.2025 20:57:30;0;0,011641;0,500569;0;0,483107;0,046565;51,327;-9,76
16.07.2025 21:02:32;0;0,023282;0,500569;0;0,515121;0;51,284;-10,26
16.07.2025 21:07:33;0;0,01168;0,537272;0;0,531432;0;51,249001;-9,99
16.07.2025 21:12:36;0,005801;0,011603;0,487314;0;0,516321;0;51,207001;-11,43
16.07.2025 21:17:38;0;0,023282;0,488928;0;0,500569;0;51,193001;-9,01
16.07.2025 21:22:40;0;0,011641;0,430722;0;0,451094;0;51,161999;-8,95
16.07.2025 21:27:41;0;0,01168;0,455513;0;0,464273;0;51,131001;-9,15
16.07.2025 21:32:44;0,008702;0,023205;0,417698;0;0,4264;0;51,09;-11,14
16.07.2025 21:37:46;0,005821;0,011641;0,558775;0;0,570416;0;51,033001;-11,86
16.07.2025 21:42:48;0;0,023282;0,523851;0;0,541313;0;51,015999;-10,05
16.07.2025 21:47:49;0;0,01168;0,490552;0;0,510992;0;50,986;-10,18
16.07.2025 21:52:52;0,002901;0,023205;0,487314;0;0,501818;0;50,962002;-9,15
16.07.2025 21:57:54;0,00291;0,011641;0,465646;0;0,474377;0;50,931;-9,94
16.07.2025 22:02:56;0;0,023282;0,454005;0;0,477287;0;50,909;-8,72
16.07.2025 22:07:58;0,00291;0,011641;0,430722;0;0,451094;0;50,867001;-10,38
16.07.2025 22:13:00;0;0,011641;0,477287;0;0,486018;0;50,855;-8,31
16.07.2025 22:18:02;0,005821;0,023282;0,523851;0;0,538403;0;50,808998;-9,22
16.07.2025 22:23:04;0,008731;0,023282;0,547134;0;0,555865;0;50,749001;-11,84
16.07.2025 22:28:06;0,00291;0,011641;0,51221;0;0,535493;0;50,736;-11,34
16.07.2025 22:33:08;0;0,023282;0,570416;0;0,570416;0;50,692001;-11,44
16.07.2025 22:38:10;0;0,011641;0,547134;0;0,570416;0;50,661999;-11,16
16.07.2025 22:43:10;0;0,011719;0,480469;0;0,495117;0;50,657001;-9,02
16.07.2025 22:48:12;0;0,023282;0,360875;0;0,381247;0;50,668999;-6,5
16.07.2025 22:53:14;0;0,011641;0,314311;0;0,328862;0;50,659;-6,24
16.07.2025 22:58:16;0,00291;0,023282;0,314311;0;0,328862;0;50,619999;-8,9
16.07.2025 23:03:18;0,00291;0,011641;0,430722;0;0,442363;0;50,59;-8,43
16.07.2025 23:08:20;0;0,023282;0,419081;0;0,433633;0;50,563999;-8,53
16.07.2025 23:13:22;0;0,011641;0,384158;0;0,40453;0;50,563;-6,33
16.07.2025 23:18:24;0,00291;0,011641;0,349234;0;0,357965;0;50,539001;-7,01
16.07.2025 23:23:27;0;0,023205;0,290068;0;0,319075;0;50,549;-4,75
16.07.2025 23:28:28;0;0,01168;0,233596;0;0,242356;0;50,547001;-4,66
16.07.2025 23:33:28;0;0,023438;0,222656;0;0,240234;0;50,535;-4,76
16.07.2025 23:38:30;0;0,011641;0,174617;0;0,183348;0;50,542;-3,54
16.07.2025 23:43:33;0,005801;0,023205;0,25526;0;0,278465;0;50,500999;-5,83
16.07.2025 23:48:34;0;0,01168;0,338715;0;0,347475;0;50,463001;-6,9
16.07.2025 23:53:36;0;0,011641;0,325952;0;0,346324;0;50,445;-6,79
16.07.2025 23:58:36;0;0,023438;0,328125;0;0,342773;0;50,425999;-6,69
17.07.2025 00:03:39;0;0,011603;0,266863;0;0,278465;0;50,443001;-3,9
17.07.2025 00:08:41;0;0,023282;0,162976;0;0,189169;0;50,442001;-3,78
17.07.2025 00:13:42;0;0,01168;0,175197;0;0,189797;0;50,437;-3,81
17.07.2025 00:18:45;0,002901;0,011603;0,208849;0;0,223352;0;50,404999;-5,93
17.07.2025 00:23:47;0,008731;0,023282;0,384158;0;0,392889;0;50,346001;-8,11
17.07.2025 00:28:48;0;0,01168;0,385434;0;0,400034;0;50,319;-7,67
17.07.2025 00:33:50;0;0,011641;0,372517;0;0,387068;0;50,299;-7,53
17.07.2025 00:38:52;0;0,023282;0,372517;0;0,381247;0;50,280998;-7,45
17.07.2025 00:43:55;0;0,011603;0,348082;0;0,365486;0;50,273998;-6,03
17.07.2025 00:48:57;0,00291;0,011641;0,279387;0;0,30267;0;50,271999;-5,18
17.07.2025 00:53:58;0;0,02336;0,233596;0;0,251116;0;50,27;-4,93
17.07.2025 00:59:01;0;0,011603;0,232054;0;0,243657;0;50,258999;-4,92
17.07.2025 01:04:03;0;0,023282;0,244464;0;0,250285;0;50,245998;-5,09
17.07.2025 01:09:05;0,005821;0,011641;0,349234;0;0,363786;0;50,195;-7,49
17.07.2025 01:14:07;0;0,011641;0,349234;0;0,369606;0;50,171001;-7,29
17.07.2025 01:19:09;0;0,023282;0,337593;0;0,360875;0;50,153;-7,03
17.07.2025 01:24:11;0;0,011641;0,30267;0;0,311401;0;50,150002;-5,89
17.07.2025 01:29:12;0;0,01168;0,245276;0;0,265716;0;50,161999;-3,74
17.07.2025 01:34:15;0;0,023205;0,162438;0;0,176942;0;50,165001;-3,47
17.07.2025 01:39:17;0;0,011641;0,174617;0;0,186258;0;50,157001;-3,78
17.07.2025 01:44:19;0;0,023282;0,174617;0;0,192079;0;50,147999;-3,82
17.07.2025 01:49:20;0,049639;0,01168;0,689109;0;0,65699;0;49,784;-36,48
17.07.2025 01:54:22;0,270657;0,011641;2,258382;0;1,993546;0;49,390999;-51,439999
17.07.2025 01:59:22;0,082031;0,046875;2,191406;0;2,15332;0;49,419998;-28,959999
17.07.2025 02:04:24;0,00291;0,011641;1,408578;0;1,42313;0;49,330002;-30,92
17.07.2025 02:09:27;0;0,011603;1,45034;0;1,461943;0;49,262001;-28,450001
17.07.2025 02:14:28;0,00584;0,046719;1,378218;0;1,410338;0;49,262001;-13,93
17.07.2025 02:19:31;0,002901;0,034808;0,324876;0;0,362585;0;49,436001;-5,69
17.07.2025 02:24:33;0;0,011641;0,256105;0;0,276477;0;49,455002;-5,48
17.07.2025 02:29:35;0,005821;0,011641;0,360875;0;0,363786;0;49,415001;-7,74
17.07.2025 02:34:37;0;0,023282;0,395799;0;0,413261;0;49,375999;-8,75
17.07.2025 02:39:39;0;0,011641;0,395799;0;0,419081;0;49,355999;-7,24
17.07.2025 02:44:41;0;0,023282;0,337593;0;0,355055;0;49,339001;-7,12
17.07.2025 02:49:43;0;0,011641;0,325952;0;0,343414;0;49,325001;-5,96
17.07.2025 02:54:45;0;0,023282;0,197899;0;0,20372;0;49,346001;-3,52
17.07.2025 02:59:47;0;0,011641;0,151335;0;0,174617;0;49,339001;-3,58
17.07.2025 03:04:48;0;0,01168;0,163517;0;0,172277;0;49,328999;-3,56
17.07.2025 03:09:51;0,005801;0,023205;0,185644;0;0,203048;0;49,290001;-6,28
17.07.2025 03:14:53;0;0,011641;0,279387;0;0,291029;0;49,259998;-5,9
17.07.2025 03:19:55;0,00291;0,011641;0,30267;0;0,325952;0;49,216999;-7,04
17.07.2025 03:24:57;0;0,023282;0,337593;0;0,340503;0;49,192001;-6,87
17.07.2025 03:29:59;0;0,011641;0,325952;0;0,337593;0;49,160999;-6,86
17.07.2025 03:35:01;0;0,023282;0,221182;0;0,244464;0;49,181999;-3,57
17.07.2025 03:40:02;0;0,01168;0,151838;0;0,178117;0;49,173;-3,57
17.07.2025 03:45:06;0;0,023129;0,161904;0;0,173468;0;49,159;-3,63
17.07.2025 03:50:07;0,00876;0,01168;0,198557;0;0,198557;0;49,118999;-6,28
17.07.2025 03:55:10;0;0,011603;0,278465;0;0,295869;0;49,091;-5,97
17.07.2025 04:00:11;0;0,02336;0,268636;0;0,291995;0;49,069;-5,92
17.07.2025 04:05:13;0;0,011641;0,267746;0;0,288118;0;49,046001;-5,8
17.07.2025 04:10:15;0,005821;0,011641;0,349234;0;0,355055;0;48,985001;-9,31
17.07.2025 04:15:17;0;0,023282;0,360875;0;0,378337;0;48,977001;-6,75
17.07.2025 04:20:27;0;0,011341;0,3062;0;0,323211;0;48,952999;-6,46
17.07.2025 04:25:21;0;0,023916;0,298948;0;0,316885;0;48,945;-5,28
17.07.2025 04:30:23;0,005821;0,011641;0,244464;0;0,253195;0;48,903;-10,51
17.07.2025 04:35:25;0,00291;0,023282;0,325952;0;0,346324;0;48,894001;-5,98
17.07.2025 04:40:27;0,00291;0,011641;0,291029;0;0,293939;0;48,863998;-7,12
17.07.2025 04:45:29;0;0,011641;0,337593;0;0,355055;0;48,830002;-7,89
17.07.2025 04:50:31;0;0,011641;0,337593;0;0,357965;0;48,807999;-6,94
17.07.2025 04:55:34;0;0,023205;0,301671;0;0,319075;0;48,808998;-4,62
17.07.2025 05:00:35;0;0,02336;0,163517;0;0,175197;0;48,811001;-3,69
17.07.2025 05:05:37;0;0,011641;0,162976;0;0,177527;0;48,799999;-3,56
17.07.2025 05:10:39;0;0,011641;0,151335;0;0,171707;0;48,787998;-3,51
17.07.2025 05:15:43;0,005782;0,023129;0,25442;0;0,257311;0;48,743;-6,02
17.07.2025 05:20:44;0;0,01168;0,268636;0;0,291995;0;48,719002;-6,03
17.07.2025 05:25:46;0;0,011641;0,279387;0;0,291029;0;48,696999;-5,95
17.07.2025 05:30:47;0;0,01168;0,280316;0;0,297835;0;48,666;-6,6
17.07.2025 05:35:49;0,052385;0,011641;1,455143;0;1,408578;0;48,153999;-41,060001
17.07.2025 05:40:50;0,070079;0,035039;1,962209;0;1,91549;0;47,832001;-52,060001
17.07.2025 05:45:51;1,716933;0;4,204734;0;2,508241;0;47,487999;-52,139999
17.07.2025 05:50:55;2,509509;0;5,042146;0;2,492162;0,023129;47,145;-52,689999
17.07.2025 05:55:56;0,928545;0,070079;2,779797;0;1,860011;0,046719;47,376999;-8,96
17.07.2025 06:00:58;0;0,011641;0,430722;0;0,387068;0,093129;47,402;-7,97
17.07.2025 06:05:59;0,00584;0,02336;0,490552;0;0,420473;0,070079;47,334999;-9,68
17.07.2025 06:11:02;0;0,023205;0,51052;0;0,403195;0,116027;47,316002;-6,87
17.07.2025 06:16:03;0;0,01168;0,420473;0;0,297835;0,140158;47,300999;-5,61
17.07.2025 06:21:07;0,057823;0,011565;1,630602;0;1,402202;0,185033;46,727001;-44,32
17.07.2025 06:26:08;0,052559;0,140158;0,852627;0;0,753348;0,186877;47,091999;-3,33
17.07.2025 06:31:10;0,040744;0,023282;1,210679;0,00291;0,995318;0,209541;46,955002;-0,23
17.07.2025 06:36:11;0,00876;0,01168;0,233596;0;0,01168;0,210237;47,064999;-0,24
17.07.2025 06:41:14;0,017404;0;0,371287;0;0,153736;0,208849;46,992001;-5,08
17.07.2025 06:46:15;0;0,02336;0,432153;0;0,218997;0,233596;46,973;-4,36
17.07.2025 06:51:18;0;0,011603;0,417698;0;0,200147;0,25526;46,962002;-3,93
17.07.2025 06:56:18;0;0,023438;0,421875;0;0,172852;0,257813;46,963001;-2,54
17.07.2025 07:01:20;0;0,023282;0,325952;0;0,081488;0,256105;46,995998;-0,21
17.07.2025 07:06:22;0,052385;0,011641;0,221182;0,017462;0,014551;0,186258;46,987999;-3,32
17.07.2025 07:11:22;0,020508;0,023438;0,199219;0,008789;0,029297;0,164063;47,013;-0,21
17.07.2025 07:16:22;0;0,09375;0,164063;0,043945;0,005859;0,304688;47,057999;2,3
17.07.2025 07:21:24;0,023282;0,011641;0,279387;0,029103;0,008731;0,30267;47,032001;-0,19
17.07.2025 07:26:26;0;0,034923;0,337593;0;0,008731;0,372517;47,029999;-0,21
17.07.2025 07:31:28;0,026193;0,058206;0,442363;0;0,066937;0,395799;46,859001;-17,309999
17.07.2025 07:36:28;0,005859;0,035156;1,125;0,026367;0,615234;0,5625;46,956001;4,51
17.07.2025 07:41:30;0;0,046565;0,244464;0,424902;0;0,721751;47,187;11,32
17.07.2025 07:46:32;0;0,046565;0,186258;0,596609;0;0,81488;47,307999;13,28
17.07.2025 07:51:34;0;0,034923;0,186258;0,634442;0;0,861445;47,412998;14,97
17.07.2025 07:56:37;0,005801;0,058014;0,243657;0,881807;0;1,183478;47,563999;20,08
17.07.2025 08:01:38;0;0,046719;0,327035;0,951905;0;1,331499;47,678001;19,370001
17.07.2025 08:06:40;0,005821;0,058206;0,442363;0,733392;0;1,233961;47,692001;14,19
17.07.2025 08:11:42;0;0,046565;0,454005;0,698469;0;1,187397;47,780998;14,88
17.07.2025 08:16:44;0;0,023282;0,40744;0,500569;0;0,931291;47,756001;7,91
17.07.2025 08:21:47;0;0,069616;0,313274;0,588838;0;0,951423;47,910999;15,44
17.07.2025 08:26:46;0;0,035274;0,270433;0,849511;0;1,175794;48,068001;18,700001
17.07.2025 08:31:48;0;0,046565;0,232823;1,038972;0;1,32709;48,258999;22,16
17.07.2025 08:36:49;0,00584;0,046719;0,268636;1,004464;0;1,30814;48,405998;23,91
17.07.2025 08:41:52;0,005801;0,058014;0,440903;1,464844;0;1,949257;48,681;28
17.07.2025 08:46:53;0,01168;0,035039;0,478873;1,208861;0;1,728613;48,790001;24,48
17.07.2025 08:51:54;0;0,035039;0,502232;1,030744;0;1,541736;48,827;17,309999
17.07.2025 08:56:53;0,002939;0,047032;0,446802;0,80248;0;1,269858;48,91;17,030001
17.07.2025 09:01:56;0;0,046411;0,38289;0,907913;0;1,345916;49,041;21,02
17.07.2025 09:06:56;0;0,035156;0,351563;1,075195;0;1,5;49,181;22,549999
17.07.2025 09:11:58;0;0,034923;0,337593;1,079716;0;1,466784;49,271999;20,530001
17.07.2025 09:17:00;0,005821;0,034923;0,419081;0,838162;0;1,280526;49,292;16,719999
17.07.2025 09:22:00;0;0,046875;0,421875;0,919922;0;1,359375;49,396;17,530001
17.07.2025 09:27:00;0;0,058594;0,410156;0,914063;0;1,382813;49,499001;19,75
17.07.2025 09:32:03;0;0,023205;0,487314;0,992033;0;1,508354;49,584;17,07
17.07.2025 09:37:05;0;0,058206;0,372517;0,931291;0;1,373655;49,709999;22,299999
17.07.2025 09:42:06;0;0,046719;0,408794;1,29354;0;1,728613;49,873001;28,25
17.07.2025 09:47:08;0;0,046565;0,384158;1,446412;0;1,885865;49,997002;31,219999
17.07.2025 09:52:10;0,032013;0,046565;1,094267;0,983677;0;2,072123;49,841;10,43
17.07.2025 09:57:12;0,049475;0,069847;1,885865;0,355055;0,014551;2,258382;49,789001;2,8
17.07.2025 10:02:14;0,020372;0,023282;1,396937;0,023282;0,160066;1,280526;49,626999;-8,38
17.07.2025 10:07:16;0;0,046565;1,187397;0,064026;0,363786;0,908009;49,708;6,58
17.07.2025 10:12:16;0;0,046875;0,46875;0,56543;0;1,101563;49,866001;13,84
17.07.2025 10:17:17;0;0,046719;0,420473;0,63947;0;1,097903;49,929001;13,02
17.07.2025 10:22:18;0;0,02336;0,327035;0,546031;0;0,911026;49,917999;8,67
17.07.2025 10:27:20;0,00291;0,034923;0,279387;0,323042;0;0,628622;49,887001;4,7
17.07.2025 10:32:20;0;0,046875;0,339844;0,240234;0;0,609375;49,893002;4,43
17.07.2025 10:37:28;0,005707;0,114144;0,422332;0,022829;0,011414;0,54789;49,827999;-0,2
17.07.2025 10:42:24;0,002969;0,071263;0,439453;0,056416;0,002969;0,570101;49,855999;2,86
17.07.2025 10:47:25;0;0,046719;0,432153;0,186877;0,00292;0,65407;49,897999;4,99
17.07.2025 10:52:28;0;0,046411;0,429301;0,4264;0;0,905012;50,006001;12,54
17.07.2025 10:57:29;0;0,070079;0,350395;0,975265;0;1,401578;50,199001;26,32
17.07.2025 11:02:30;0;0,046719;0,362074;1,495017;0;1,89213;50,325001;29,860001
17.07.2025 11:07:31;0;0,058399;0,373754;1,614735;0;2,055648;50,474998;36,310001
17.07.2025 11:12:32;0;0,443833;0,502232;2,131567;0;3,060112;50,650002;45,310001
17.07.2025 11:17:34;0;2,293305;0,465646;0,940022;0,005821;3,725166;50,25;-0,24
17.07.2025 11:22:36;0;2,083764;0,523851;1,309629;0,005821;3,911424;50,797001;45,68
17.07.2025 11:27:37;0,00876;0,420473;0,548951;1,857091;0;2,803156;50,761002;31,59
17.07.2025 11:32:38;0;0,035039;0,467193;1,544656;0;2,055648;50,818001;29,41
17.07.2025 11:37:40;0;0,046565;0,419081;1,609388;0;2,072123;50,937;34,98
17.07.2025 11:42:42;0;0,058206;0,40744;1,784005;0;2,258382;51,105;40,099998
17.07.2025 11:47:42;0,041016;0,058594;0,457031;1,857422;0;2,320313;51,025002;22,690001
17.07.2025 11:52:44;0,005821;0,034923;0,384158;0,928381;0;1,350373;50,948002;11,26
17.07.2025 11:57:47;0,005801;0,058014;0,533725;0,379989;0;0,974629;50,952999;13,15
17.07.2025 12:02:46;0;0,070548;0,552623;1,011183;0;1,59908;51,154999;25,469999
17.07.2025 12:07:49;0,014503;0,034808;1,125464;1,038444;0;2,204517;51,174;20,139999
17.07.2025 12:12:51;0,096039;0,151335;1,757813;0,841073;0,20663;2,44464;51,334;36,23
17.07.2025 12:17:52;0;0,268636;0,61903;1,766572;0;2,662998;51,474998;36,919998
17.07.2025 12:22:54;0,00291;0,733392;0,40744;1,481335;0;2,630898;51,452;24,110001
17.07.2025 12:27:57;0;0,359684;0,348082;1,2792;0;1,949257;51,5;23,27
17.07.2025 12:32:56;0,029395;0,023516;0,282191;1,011183;0;1,31689;51,494999;17,26
17.07.2025 12:37:59;0,008702;0,058014;0,348082;0,919516;0;1,299505;51,569;19,52
17.07.2025 12:43:00;0;0,163517;0,420473;1,156302;0;1,751973;51,693001;23,09
17.07.2025 12:48:02;0;0,663545;0,442363;1,201948;0;2,281664;51,772999;23,09
17.07.2025 12:53:04;0;2,060482;0,430722;1,204858;0;3,701883;51,859001;23,43
17.07.2025 12:58:09;0;3,492572;0,426486;1,210297;0;5,140881;51,939999;23,360001
17.07.2025 13:03:08;0,002939;0,658445;0,34098;1,178734;0;2,163462;51,991001;19,67
17.07.2025 13:08:09;0,00292;0,046719;0,385434;1,092063;0;1,541736;52,075001;19,879999
17.07.2025 13:13:11;0;0,51221;0,372517;1,169935;0;2,072123;52,199001;23,219999
17.07.2025 13:18:12;0;1,051184;0,455513;1,211781;0;2,686358;52,291;22,719999
17.07.2025 13:23:17;0;0,576332;0,438012;1,210297;0;2,236168;52,403;23,299999
17.07.2025 13:28:19;0;1,315449;0,430722;1,036062;0;2,770592;52,278;4,15
17.07.2025 13:33:19;0;5,027344;0,351563;0,275391;0,026367;5,648438;52,216999;3,97
17.07.2025 13:38:18;0;5,138221;0,329222;0,176369;0,049971;5,573265;52,168999;2,99
17.07.2025 13:43:21;0;3,387995;0,290068;0,89341;0,005801;4,571473;52,570999;23,27
17.07.2025 13:48:20;0;3,7743;0,317464;1,228705;0;5,338106;52,698002;23,42
17.07.2025 13:53:22;0,00291;3,77173;0,488928;1,216499;0;5,471337;52,806;23,24
17.07.2025 13:58:25;0;3,852104;0,580136;1,229889;0;5,638923;52,918999;22,84
17.07.2025 14:03:26;0,00876;1,331499;0,525592;1,057023;0;2,919954;52,959;17,780001
17.07.2025 14:08:27;0;3,422186;0,525592;1,211781;0;5,162479;53,137001;22,790001
17.07.2025 14:13:28;0;1,471657;0,478873;1,240981;0;3,20027;53,266998;23,33
17.07.2025 14:18:30;0;1,385296;0,395799;1,242692;0;3,003415;53,387001;23
17.07.2025 14:23:33;0;1,02104;0,324876;1,244392;0;2,575804;53,525002;23,139999
17.07.2025 14:28:34;0;0,525592;0,303675;1,059943;0;1,89213;53,550999;16,209999
17.07.2025 14:33:35;0;0,64239;0,327035;0,712469;0;1,681894;53,556;10,42
17.07.2025 14:38:37;0;3,282802;0,360875;0,477287;0;4,144247;53,563999;6,82
17.07.2025 14:43:39;0;3,713524;0,419081;0,317221;0;4,423634;53,566002;5,68
17.07.2025 14:48:41;0;2,945209;0,360875;0,218271;0;3,538907;53,562;4,16
17.07.2025 14:53:43;0;4,749586;0,372517;0,154245;0;5,285079;53,560001;2,68
17.07.2025 14:58:45;0;4,912562;0,372517;0,087309;0,00291;5,378208;53,529999;-0,17
17.07.2025 15:03:47;0;5,215232;0,279387;0;0,011641;5,494619;53,513;-0,19
17.07.2025 15:08:48;0;5,582953;0,268636;0;0,01168;5,816549;53,502998;-0,18
17.07.2025 15:13:51;0;5,221225;0,232054;0;0,011603;5,45328;53,493999;-0,19
17.07.2025 15:18:53;0;5,110462;0,279387;0;0,008731;5,378208;53,488998;-0,2
17.07.2025 15:23:55;0;2,700745;0,314311;0;0,011641;3,003415;53,480999;-0,19
17.07.2025 15:28:57;0;3,015056;0,325952;0;0,008731;3,329367;53,476002;-0,17
17.07.2025 15:33:59;0;4,260658;0,325952;0;0,011641;4,58661;53,471001;-0,19
17.07.2025 15:39:01;0;3,783371;0,384158;0;0,008731;4,144247;53,466;-0,19
17.07.2025 15:44:03;0;2,770592;0,267746;0;0,008731;3,026697;53,460999;-0,17
17.07.2025 15:49:03;0;2,15625;0,375;0;0,011719;2,53125;53,457001;-0,19
17.07.2025 15:54:05;0;1,199038;0,337593;0;0,008731;1,513349;53,452;-0,18
17.07.2025 15:59:07;0;1,059344;0,442363;0;0,008731;1,490066;53,446999;-0,16
17.07.2025 16:04:08;0;0,957745;0,455513;0;0,00876;1,401578;53,444;-0,17
17.07.2025 16:09:11;0;1,496751;0,406095;0;0,011603;1,902847;53,438;-0,17
17.07.2025 16:14:11;0;2,191406;0,292969;0;0,008789;2,460938;53,433998;-0,17
17.07.2025 16:19:13;0;3,678601;0,325952;0;0,008731;4,004553;53,43;-0,17
17.07.2025 16:24:15;0;4,772868;0,256105;0;0,008731;5,028974;53,424999;-0,16
17.07.2025 16:29:17;0;4,69138;0,267746;0;0,008731;4,935844;53,419998;-0,16
17.07.2025 16:34:19;0;4,842715;0,256105;0;0,008731;5,09882;53,417;-0,15
17.07.2025 16:39:21;0;4,435275;0,256105;0;0,008731;4,679739;53,411999;-0,16
17.07.2025 16:44:23;0;2,689104;0,360875;0;0,008731;3,049979;53,407001;-0,18
17.07.2025 16:49:25;0;3,143108;0,349234;0;0,008731;3,46906;53,403999;-0,19
17.07.2025 16:54:25;0;1,769531;0,339844;0;0,008789;2,109375;53,397999;-0,18
17.07.2025 16:59:25;0;0,796875;0,351563;0;0,008789;1,148438;53,393002;-0,19
17.07.2025 17:04:27;0;1,420219;0,30267;0;0,011641;1,699607;53,389999;-0,18
17.07.2025 17:09:29;0;1,594837;0,256105;0;0,008731;1,8393;53,386002;-0,17
17.07.2025 17:14:31;0;1,990635;0,221182;0;0,008731;2,188535;53,381001;-0,17
17.07.2025 17:19:31;0;3,46875;0,199219;0;0,008789;3,679688;53,375999;-0,17
17.07.2025 17:24:34;0;1,902847;0,301671;0;0,011603;2,181312;53,372002;-0,19
17.07.2025 17:29:35;0;1,973889;0,373754;0;0,00876;2,359323;53,368;-0,17
17.07.2025 17:34:37;0;2,235099;0,384158;0;0,008731;2,584334;53,362999;-0,18
17.07.2025 17:39:39;0;2,758951;0,384158;0;0,008731;3,143108;53,360001;-0,18
17.07.2025 17:44:41;0;2,165252;0,419081;0;0,008731;2,584334;53,355;-0,18
17.07.2025 17:49:43;0;3,66696;0,291029;0;0,008731;3,934706;53,351002;-0,2
17.07.2025 17:54:46;0;3,283571;0,266863;0;0,011603;3,550433;53,347;-0,18
17.07.2025 17:59:47;0;3,036752;0,303675;0;0,00876;3,317068;53,344002;-0,19
17.07.2025 18:04:48;0,035039;1,985569;1,097903;0;0,046719;3,036752;53,18;-20,200001
17.07.2025 18:09:50;0,046565;0,093129;1,990635;0,567506;0,503479;2,072123;53,466;4,31
17.07.2025 18:14:49;0,091124;0,035274;3,750784;0,008818;0,711356;2,986518;52,903999;-24
17.07.2025 18:19:51;0,314311;0;4,400352;0;1,245602;2,863721;52,733002;-18,629999
17.07.2025 18:24:53;0;0,500569;2,130329;0,477287;0,340503;2,770592;53,245998;23,57
17.07.2025 18:29:53;0,043945;0,410156;0,339844;0,84082;0;1,546875;53,325001;9,07
17.07.2025 18:34:56;0,023205;0,928218;0,835396;0,861502;0,069616;2,529394;53,557999;16,66
17.07.2025 18:39:57;0,049639;0,128478;1,763652;0,125558;0,861387;1,074543;53,203999;11,79
17.07.2025 18:44:58;0,0146;0,350395;0,373754;0,878906;0;1,635174;53,566002;14,82
17.07.2025 18:50:00;0;1,944071;0,40744;0,518031;0;2,840439;53,566002;6,93
17.07.2025 18:55:00;0,041016;0,410156;1,019531;0,181641;0,37793;1,195313;53,161999;-23,360001
17.07.2025 19:00:00;0,046875;0,082031;2,167969;0,014648;0,911133;1,289063;52,985001;-13,51
17.07.2025 19:05:03;0,066716;0,046411;2,192915;0;0,931119;1,2763;52,751999;-24,01
17.07.2025 19:10:04;0,00292;0,058399;0,560631;0,426313;0,140158;0,911026;53,182999;8,41
17.07.2025 19:15:06;0,011641;0,058206;0,349234;0,486018;0;0,861445;53,305;9,03
17.07.2025 19:20:06;0,005859;0,046875;0,339844;0,55957;0;0,9375;53,455002;11,05
17.07.2025 19:25:09;0,063815;0,092822;0,742574;0,438003;0,252359;0,951423;53,449001;6,78
17.07.2025 19:30:10;0,00292;0,035039;0,420473;0,324115;0;0,794228;53,490002;5,04
17.07.2025 19:35:13;0,002901;0,046411;0,38289;0,25526;0;0,672958;53,535999;5,18
17.07.2025 19:40:14;0,125558;0,035039;0,899346;0,067159;0,271556;0,60735;53,425999;2,93
17.07.2025 19:45:17;0,008702;0,058014;0,464109;0,078318;0,008702;0,580136;53,444;1,4
17.07.2025 19:50:18;0;0,070079;0,397114;0,02044;0,00584;0,490552;53,436001;1,4
17.07.2025 19:55:21;0;0,069616;0,301671;0,04351;0,002901;0,394493;53,431999;-0,19
17.07.2025 20:00:22;0;0,081759;0,280316;0;0,00876;0,350395;53,424;-0,17
17.07.2025 20:05:24;0,005821;0,046565;0,232823;0,093129;0,005821;0,372517;53,451;-0,18
17.07.2025 20:10:27;0,005801;0,034808;0,324876;0;0,058014;0,278465;53,402;-2
17.07.2025 20:15:29;0;0,011641;0,372517;0;0,110591;0,279387;53,369999;-1,99
17.07.2025 20:20:31;0,00291;0,011641;0,372517;0;0,096039;0,30267;53,341999;-2,02
17.07.2025 20:25:32;0,00292;0,058399;0,373754;0,105118;0,02336;0,490552;53,418999;2,08
17.07.2025 20:30:33;0;0,035039;0,443833;0,058399;0;0,560631;53,405998;-0,19
17.07.2025 20:35:35;0;0,081488;0,419081;0;0,008731;0,465646;53,396999;-0,17
17.07.2025 20:40:36;0;0,01168;0,385434;0;0,01168;0,420473;53,389999;-0,19
17.07.2025 20:45:38;0,011641;0,034923;0,314311;0;0,011641;0,30267;53,384998;-0,19
17.07.2025 20:50:41;0,026106;0,011603;0,301671;0;0,12763;0,185644;53,276001;-6,37
17.07.2025 20:55:42;0;0,01168;0,408794;0;0,356234;0,02336;53,154999;-8,14
17.07.2025 21:00:45;0;0,011603;0,487314;0;0,481513;0,046411;53,025002;-9,59
17.07.2025 21:05:47;0;0,011641;0,500569;0;0,503479;0;52,929001;-9,6
17.07.2025 21:10:49;0,00291;0,023282;0,547134;0;0,552954;0;52,830002;-10,63
17.07.2025 21:15:51;0;0,011641;0,454005;0;0,477287;0;52,793999;-7,8
17.07.2025 21:20:52;0;0,02336;0,373754;0;0,391274;0;52,750999;-7,41
17.07.2025 21:25:55;0;0,011603;0,371287;0;0,385791;0;52,714001;-6,57
17.07.2025 21:30:56;0,00584;0,01168;0,350395;0;0,362074;0;52,653;-9
17.07.2025 21:35:59;0,005801;0,023205;0,498917;0;0,516321;0;52,577;-10,51
17.07.2025 21:41:01;0;0,011641;0,523851;0;0,541313;0;52,525002;-10,26
17.07.2025 21:46:03;0;0,023282;0,51221;0;0,529672;0;52,48;-9,88
17.07.2025 21:51:04;0;0,01168;0,502232;0;0,513912;0;52,425999;-9,82
17.07.2025 21:56:07;0,002901;0,011603;0,591739;0;0,609143;0;52,351002;-11,68
17.07.2025 22:01:09;0;0,023282;0,454005;0;0,477287;0;52,344002;-8,09
17.07.2025 22:06:11;0;0,011641;0,430722;0;0,445274;0;52,294998;-8,84
17.07.2025 22:11:13;0;0,023282;0,40744;0;0,419081;0;52,271999;-7,27
17.07.2025 22:16:13;0,011719;0,011719;0,410156;0;0,421875;0;52,203999;-10,41
17.07.2025 22:21:14;0;0,02336;0,513912;0;0,531432;0;52,160999;-10,17
17.07.2025 22:26:17;0;0,011603;0,51052;0;0,527924;0;52,108002;-10,17
17.07.2025 22:31:19;0;0,023282;0,488928;0;0,497659;0;52,07;-9,53
17.07.2025 22:36:21;0;0,023282;0,477287;0;0,488928;0;52,035999;-8,87
17.07.2025 22:41:23;0;0,011641;0,314311;0;0,340503;0;52,039001;-5,58
17.07.2025 22:46:24;0;0,01168;0,256956;0;0,280316;0;52,028;-4,3
17.07.2025 22:51:27;0;0,023205;0,208849;0;0,223352;0;52,011002;-4,22
17.07.2025 22:56:29;0,008731;0,011641;0,209541;0;0,221182;0;51,974998;-5,73
17.07.2025 23:01:31;0;0,011641;0,279387;0;0,288118;0;51,952999;-5,39
17.07.2025 23:06:33;0;0,023282;0,267746;0;0,285208;0;51,929001;-5,37
17.07.2025 23:11:35;0;0,011641;0,256105;0;0,270657;0;51,905998;-5,18
17.07.2025 23:16:37;0;0,023282;0,256105;0;0,267746;0;51,898998;-3,38
17.07.2025 23:21:39;0;0,011641;0,139694;0;0,157155;0;51,895;-2,97
17.07.2025 23:26:41;0;0,011641;0,139694;0;0,160066;0;51,881001;-3,08
17.07.2025 23:31:43;0,005821;0,034923;0,209541;0;0,218271;0;51,830002;-6,4
17.07.2025 23:36:45;0,005821;0,011641;0,372517;0;0,378337;0;51,773998;-8,44
17.07.2025 23:41:47;0;0;0,419081;0;0,430722;0;51,737999;-8,22
17.07.2025 23:46:49;0;0,023282;0,40744;0;0,433633;0;51,701;-8,34
17.07.2025 23:51:51;0;0,011641;0,360875;0;0,369606;0;51,683998;-7,12
17.07.2025 23:56:53;0;0,034923;0,314311;0;0,334683;0;51,674;-5,31
18.07.2025 00:01:55;0;0,011641;0,244464;0;0,267746;0;51,672001;-3,41
18.07.2025 00:06:58;0;0,023205;0,197246;0;0,208849;0;51,646999;-4,48
18.07.2025 00:11:58;0;0,011719;0,210938;0;0,225586;0;51,631001;-4,35
18.07.2025 00:16:58;0;0;0,210938;0;0,225586;0;51,612;-4,3
18.07.2025 00:21:59;0,00876;0,035039;0,268636;0;0,280316;0;51,576;-5,78
18.07.2025 00:27:02;0;0,011603;0,278465;0;0,295869;0;51,551998;-5,64
18.07.2025 00:32:03;0;0,01168;0,280316;0;0,286156;0;51,532001;-5,53
18.07.2025 00:37:05;0;0,023282;0,267746;0;0,285208;0;51,511002;-5,47
18.07.2025 00:42:07;0;0,011641;0,256105;0;0,279387;0;51,5;-3,87
18.07.2025 00:47:09;0;0,023282;0,162976;0;0,177527;0;51,5;-3,37
18.07.2025 00:52:12;0;0,011603;0,150835;0;0,17114;0;51,488998;-3,39
18.07.2025 00:57:14;0;0,011641;0,162976;0;0,168797;0;51,478001;-3,34
18.07.2025 01:02:15;0,00584;0,01168;0,210237;0;0,230676;0;51,432999;-5,56
18.07.2025 01:07:18;0;0,023205;0,278465;0;0,287167;0;51,412998;-5,6
18.07.2025 01:12:19;0;0,01168;0,291995;0;0,318275;0;51,377998;-6,65
18.07.2025 01:17:21;0;0,023282;0,325952;0;0,334683;0;51,355;-6,52
18.07.2025 01:22:23;0;0,011641;0,314311;0;0,320131;0;51,348999;-4,28
18.07.2025 01:27:24;0,00584;0,01168;0,210237;0;0,227756;0;51,321999;-6,16
18.07.2025 01:32:26;0;0,023282;0,30267;0;0,317221;0;51,297001;-6,13
18.07.2025 01:37:27;0;0,01168;0,291995;0;0,315355;0;51,271;-6,18
18.07.2025 01:42:29;0,005821;0,011641;0,360875;0;0,363786;0;51,224998;-8,31
18.07.2025 01:47:30;0;0,02336;0,350395;0;0,373754;0;51,212002;-7,22
18.07.2025 01:52:31;0;0,01168;0,338715;0;0,359154;0;51,202999;-5,66
18.07.2025 01:57:34;0;0,023205;0,278465;0;0,284267;0;51,186001;-5,54
18.07.2025 02:02:36;0;0,011641;0,267746;0;0,285208;0;51,168999;-5,47
18.07.2025 02:07:38;0;0,011641;0,232823;0;0,247374;0;51,175999;-3,36
18.07.2025 02:12:40;0;0,023282;0,151335;0;0,168797;0;51,167;-3,26
18.07.2025 02:17:42;0;0,011641;0,151335;0;0,168797;0;51,158001;-3,33
18.07.2025 02:22:44;0;0,011641;0,151335;0;0,171707;0;51,146;-3,33
18.07.2025 02:27:43;0,005879;0,023516;0,258675;0;0,270433;0;51,102001;-5,59
18.07.2025 02:32:45;0;0,011641;0,279387;0;0,285208;0;51,084;-5,55
18.07.2025 02:37:48;0,002901;0,023205;0,313274;0;0,330678;0;51,050999;-6,61
18.07.2025 02:42:48;0;0,011719;0,316406;0;0,328125;0;51,033001;-6,41
18.07.2025 02:47:48;0;0,011719;0,269531;0;0,290039;0;51,039001;-4,11
18.07.2025 02:52:50;0;0,023282;0,162976;0;0,180438;0;51,042999;-3
18.07.2025 02:57:52;0;0,011641;0,139694;0;0,157155;0;51,034;-3,06
18.07.2025 03:02:54;0,00291;0,011641;0,174617;0;0,183348;0;51,013;-4,18
18.07.2025 03:07:56;0,005821;0,023282;0,291029;0;0,30558;0;50,963001;-6,7
18.07.2025 03:12:58;0;0,011641;0,337593;0;0,343414;0;50,941002;-6,6
18.07.2025 03:17:59;0;0,01168;0,303675;0;0,335795;0;50,923;-6,49
18.07.2025 03:23:02;0;0,023205;0,266863;0;0,281366;0;50,917999;-5,19
18.07.2025 03:28:03;0,00292;0,01168;0,350395;0;0,359154;0;50,889;-5,3
18.07.2025 03:33:04;0;0,02336;0,233596;0;0,254036;0;50,889;-4,75
18.07.2025 03:38:06;0;0,011641;0,232823;0;0,241554;0;50,876999;-4,8
18.07.2025 03:43:08;0;0,023282;0,221182;0;0,238643;0;50,862999;-4,67
18.07.2025 03:48:10;0,008731;0,011641;0,279387;0;0,291029;0;50,824001;-6,98
18.07.2025 03:53:12;0;0,023282;0,256105;0;0,279387;0;50,821999;-5,43
18.07.2025 04:03:34;0;0,011304;0,310867;0;0,323584;0;50,766998;-6,69
18.07.2025 04:08:34;0;0,011719;0,316406;0;0,333984;0;50,748001;-6,56
18.07.2025 04:13:34;0;0,023438;0,222656;0;0,240234;0;50,771;-3,48
18.07.2025 04:18:34;0;0,011719;0,164063;0;0,172852;0;50,768002;-3,25
18.07.2025 04:23:33;0;0,023516;0,141095;0;0,167551;0;50,762001;-3,23
18.07.2025 04:28:34;0,00584;0,01168;0,163517;0;0,172277;0;50,726002;-6,19
18.07.2025 04:33:36;0;0,011641;0,279387;0;0,293939;0;50,705002;-5,75
18.07.2025 04:38:35;0;0,023516;0,282191;0;0,291009;0;50,688;-5,66
18.07.2025 04:43:36;0;0,01168;0,268636;0;0,283236;0;50,671001;-5,54
18.07.2025 04:48:36;0,00293;0,011719;0,292969;0;0,313477;0;50,641998;-6,81
18.07.2025 04:53:36;0;0,023438;0,269531;0;0,287109;0;50,646999;-4,72
18.07.2025 04:58:35;0;0,011758;0,235159;0;0,238098;0;50,638;-4,61
18.07.2025 05:03:38;0;0,011603;0,185644;0;0,220452;0;50,639;-3,32
18.07.2025 05:08:40;0,005821;0,023282;0,174617;0;0,180438;0;50,612;-5,94
18.07.2025 05:13:42;0,00291;0,011641;0,279387;0;0,288118;0;50,591999;-5,46
18.07.2025 05:18:44;0;0,023282;0,256105;0;0,273567;0;50,577999;-5,41
18.07.2025 05:23:46;0,005821;0,011641;0,360875;0;0,369606;0;50,52;-8,47
18.07.2025 05:28:48;0;0,011641;0,419081;0;0,424902;0;50,497002;-8,23
18.07.2025 05:33:50;0;0,023282;0,384158;0;0,41035;0;50,484001;-7,08
18.07.2025 05:38:52;0,040744;0,011641;1,082626;0;1,056434;0;50,132;-34,119999
18.07.2025 05:43:54;0,547134;0;2,735668;0;2,194355;0;49,778999;-50,080002
18.07.2025 05:48:56;0,084398;0,034923;2,398075;0;2,328228;0;49,716999;-39,490002
18.07.2025 05:53:59;0,005801;0,034808;1,659189;0;1,66209;0,046411;49,719002;-28,700001
18.07.2025 05:59:01;0,00291;0,023282;1,408578;0;1,364924;0,046565;49,695;-25,99
18.07.2025 06:04:02;0;0,01168;1,413258;0;1,334419;0,116798;49,613998;-26,02
18.07.2025 06:09:04;0;0,023282;1,362014;0;1,236871;0,139694;49,557999;-24,870001
18.07.2025 06:14:06;0;0,011641;1,350373;0;1,207769;0,162976;49,493999;-25,35
18.07.2025 06:19:09;0,005801;0,023205;1,079053;0,002901;0,934019;0,162438;49,68;-0,22
18.07.2025 06:24:10;0,00292;0,081759;0,186877;0;0,01168;0,233596;49,780998;-0,21
18.07.2025 06:29:12;0;0,128053;0,162976;0,017462;0,008731;0,325952;49,842999;2,01
18.07.2025 06:34:16;0,008673;0,080952;0,231291;0,017347;0,008673;0,300678;49,851002;-0,21
18.07.2025 06:39:17;0;0,02336;0,338715;0;0,00876;0,350395;49,865002;-0,22
18.07.2025 06:44:18;0;0,058399;0,338715;0;0,01168;0,397114;49,875;-0,2
18.07.2025 06:49:20;0;0,116411;0,325952;0;0,011641;0,419081;49,882999;-0,22
18.07.2025 06:54:17;0;0,094697;0,343277;0,053267;0,002959;0,497159;49,918999;2,04
18.07.2025 06:59:19;0,00291;0,034923;0,279387;0,168797;0,00291;0,465646;49,971001;4,68
18.07.2025 07:04:21;0;0,046565;0,256105;0,229913;0;0,51221;49,993999;4,55
18.07.2025 07:09:23;0;0,034923;0,232823;0,279387;0;0,582057;50,037998;5,89
18.07.2025 07:14:26;0,023205;0,034808;0,51052;0,232054;0,136332;0,603342;49,859001;-16,17
18.07.2025 07:19:28;0,005821;0,046565;0,908009;0,075667;0,363786;0,675186;49,969002;3,67
18.07.2025 07:24:29;0,02044;0,046719;0,502232;0,201477;0,02044;0,724149;50,015999;5,17
18.07.2025 07:29:31;0;0,034923;0,419081;0,291029;0;0,721751;50,069;6,5
18.07.2025 07:34:34;0;0,058014;0,417698;0,403195;0;0,881807;50,145;11,03
18.07.2025 07:39:35;0;0,046719;0,350395;0,738748;0;1,144622;50,273998;18
18.07.2025 07:44:38;0;0,034808;0,243657;0,916615;0;1,183478;50,354;18,559999
18.07.2025 07:49:39;0;0,046719;0,210237;0,957745;0;1,214701;50,417;18,58
18.07.2025 07:54:39;0,00293;0,035156;0,246094;0,899414;0;1,195313;50,465;17,639999
18.07.2025 07:59:42;0,046411;0,046411;1,2763;0,359684;0,449606;1,160272;50,394001;15,28
18.07.2025 08:04:43;0,043799;0,046719;0,513912;0,718309;0,061319;1,167982;50,477001;16,219999
18.07.2025 08:09:46;0,011603;0,046411;1,218286;0,162438;0,17114;1,253094;50,353001;11,94
18.07.2025 08:14:47;0;0,058399;0,408794;0,984025;0;1,448297;50,566002;20,43
18.07.2025 08:19:49;0;0,046565;0,384158;1,251423;0;1,676325;50,720001;28,51
18.07.2025 08:24:52;0;0,046411;0,348082;1,606977;0;2,018874;50,820999;32,099998
18.07.2025 08:29:53;0;0,046719;0,385434;1,792852;0;2,219165;51,012001;40,939999
18.07.2025 08:34:56;0;0,058014;0,394493;2,062384;0;2,506188;51,141998;41,349998
18.07.2025 08:39:57;0,0146;0,035039;0,525592;2,067328;0;2,616279;51,230999;38,049999
18.07.2025 08:44:59;0,052385;0,081488;0,803239;1,757813;0,078578;2,537769;51,351002;40,709999
18.07.2025 08:50:01;0,008731;0,151335;0,663545;1,917878;0;2,724027;51,441002;33,18
18.07.2025 08:55:04;0;0,742574;0,614944;1,647587;0;2,970297;51,449001;30,58
18.07.2025 09:00:06;0;1,338731;0,477287;1,391117;0;3,212955;51,493999;25,27
18.07.2025 09:05:08;0;1,245602;0,91965;1,190307;0;3,352649;51,535999;22,129999
18.07.2025 09:10:09;0;0,163517;2,149086;1,179662;0;3,503945;51,613998;23,24
18.07.2025 09:15:12;0,002901;0,696163;1,693998;1,183478;0;3,573639;51,683998;23,73
18.07.2025 09:20:13;0;1,728613;0,712469;1,194261;0;3,620743;51,769001;22,190001
18.07.2025 09:25:15;0;1,722889;0,81488;1,204858;0;3,748448;51,860001;24,07
18.07.2025 09:30:16;0;1,787012;0,759188;1,197181;0;3,737542;51,946999;23,5
18.07.2025 09:35:18;0;1,792736;0,908009;1,204858;0;3,888142;52,028;22,639999
18.07.2025 09:40:20;0;2,165252;0,593698;1,201948;0;3,981271;52,125999;23,299999
18.07.2025 09:45:20;0;2,261719;0,5625;1,201172;0;4,03125;52,223999;23
18.07.2025 09:50:22;0,046565;0,465646;2,537769;1,027331;0;3,981271;52,231998;19,790001
18.07.2025 09:55:24;0,00291;0,547134;2,188535;1,210679;0;3,957988;52,409;22,68
18.07.2025 10:00:23;0,002939;0,881846;1,975334;1,08467;0;3,950669;52,507;23,43
18.07.2025 10:05:24;0;2,160766;0,66575;1,217621;0;4,017857;52,616001;23,360001
18.07.2025 10:10:26;0;2,060482;0,756674;1,228141;0;4,051118;52,73;23,049999
18.07.2025 10:15:27;0;2,114047;0,700789;1,238061;0;4,041217;52,862999;23,620001
18.07.2025 10:20:29;0;2,619257;1,012779;0,416171;0,011641;4,027835;52,595001;2,95
18.07.2025 10:30:33;0;2,764771;1,030241;0,205175;0,001455;4,004553;52,605999;3,77
18.07.2025 10:35:36;0;3,434406;0,464109;0,200147;0;4,107364;52,625;4,07
18.07.2025 10:40:38;0;3,46906;0,442363;0,20081;0;4,120964;52,639;4,09
18.07.2025 10:45:40;0;3,538907;0,349234;0,20372;0;4,097682;52,658001;3,85
18.07.2025 10:50:42;0;3,77173;0,30267;0,20372;0;4,260658;52,671001;2,96
18.07.2025 10:55:44;0;3,736807;0,30267;0,197899;0;4,237376;52,694;3,7
18.07.2025 11:00:46;0;3,690242;0,372517;0,20081;0;4,237376;52,709999;3,24
18.07.2025 11:05:48;0;3,8765;0,477287;0,20081;0;4,58661;52,730999;4,54
18.07.2025 11:10:50;0;1,757813;0,651904;0,20663;0,046565;2,561051;52,771;7,53
18.07.2025 11:15:52;0;2,33987;0,582057;0,235733;0,052385;3,119826;52,744999;3,59
18.07.2025 11:20:52;0;1,957031;1,371094;0,251953;0,020508;3,5625;52,783001;3,87
18.07.2025 11:25:54;0;2,328228;2,316587;0,20081;0;4,842715;52,810001;4,65
18.07.2025 11:30:56;0;2,630898;2,293305;0,212451;0,00291;5,122103;52,837002;5,29
18.07.2025 11:35:58;0;3,736807;0,570416;0,288118;0,058206;4,540046;52,846001;3,79
18.07.2025 11:41:00;0;3,934706;0,873086;0,221182;0,020372;5,005691;52,872002;3,46
18.07.2025 11:46:02;0;3,131467;0,372517;0,189169;0,052385;3,632036;52,863998;4,02
18.07.2025 11:51:04;0;0,791598;0,419081;0,197899;0;1,420219;52,894001;4,14
18.07.2025 11:56:06;0;3,247879;0,558775;0,264836;0,005821;4,051118;52,932999;4,9
18.07.2025 12:06:08;0;3,684982;1,3023;0,216077;0,02482;5,174159;52,964001;4,14
18.07.2025 12:11:08;0;2,953125;2,261719;0,181641;0;5,414063;52,974998;3,49
18.07.2025 12:16:20;0,008451;0,96905;4,225511;0,160569;0,008451;5,341046;52,999001;7,28
18.07.2025 12:21:20;0,09375;0,785156;4,253906;0,213867;0,137695;5,015625;52,948002;-7,36
18.07.2025 12:26:20;0,073242;1,734375;2,027344;0,257813;0,325195;3,632813;53,023998;7,85
18.07.2025 12:31:22;0;1,396937;0,40744;0,183348;0,043654;1,93243;53,002998;3,75
18.07.2025 12:36:20;0;4,247064;0,519086;0,265441;0;5,025692;53,036999;3,82
18.07.2025 12:41:20;0;4,101563;0,808594;0,263672;0,073242;5,132813;53,061001;4,01
18.07.2025 12:46:23;0;4,467048;0,730972;0,197246;0;5,360458;53,089001;5,25
18.07.2025 12:51:25;0;4,411993;0,733392;0,197899;0;5,378208;53,112;4,69
18.07.2025 12:56:26;0;4,531769;0,735828;0,201477;0;5,442795;53,124001;3,4
18.07.2025 13:01:29;0,008702;2,250928;2,993502;0,301671;0,174041;5,383663;52,998001;-14,69
18.07.2025 13:06:30;0,00292;2,149086;3,048432;0,373754;0,157678;5,372716;53,119999;8,16
18.07.2025 13:11:33;0;3,271968;2,274134;0,403195;0,174041;5,778156;53,077;-19,879999
18.07.2025 13:16:35;0,00291;2,677463;2,898644;0,427812;0,232823;5,774007;53,32;17,6
18.07.2025 13:21:36;0;3,20027;1,962209;0,382514;0,216077;5,325997;53,113998;10,42
18.07.2025 13:26:39;0;3,213954;1,856436;0,38289;0,153736;5,314047;53,244999;0,73
18.07.2025 13:31:38;0;3,927153;1,293374;0,205764;0,002939;5,43217;53,266998;0,87
18.07.2025 13:36:39;0;3,83098;1,26142;0,213157;0,00584;5,302637;53,339001;5,68
18.07.2025 13:41:40;0;3,737542;1,378218;0,227756;0,037959;5,302637;53,319;-0,26
18.07.2025 13:46:43;0;4,246597;1,415532;0,21465;0;5,870978;53,386002;4,12
18.07.2025 13:51:45;0;3,294443;1,466784;0,535493;0;5,308361;53,558998;10,04
18.07.2025 13:56:46;0;2,58124;1,366539;0,414634;0;4,344892;53,562;5,44
18.07.2025 14:01:47;0;2,966674;1,343179;0,230676;0;4,531769;53,562;3,14
18.07.2025 14:06:49;0;1,455143;1,350373;0,133873;0;2,95685;53,561001;2,01
18.07.2025 14:11:49;0;2,882813;1,300781;0,09082;0;4,265625;53,563999;1,67
18.07.2025 14:16:50;0;3,597384;0,805907;0,00292;0,00876;4,391611;53,529999;-0,17
18.07.2025 14:21:53;0;4,072556;0,730972;0;0,008702;4,803527;53,522999;-0,19
18.07.2025 14:26:55;0;3,399214;0,628622;0;0,011641;4,027835;53,514;-0,17
18.07.2025 14:31:56;0;2,172446;0,63071;0;0,00876;2,779797;53,511002;-0,17
18.07.2025 14:36:58;0;2,479563;0,582057;0;0,008731;3,073262;53,506001;-0,16
18.07.2025 14:42:00;0;2,724027;0,605339;0;0,008731;3,282802;53,499001;-0,19
18.07.2025 14:52:05;0;4,038611;0,557851;0;0,010169;4,602273;53,492001;-0,15
18.07.2025 14:57:07;0;4,120964;0,721751;0;0,008731;4,819433;53,486;-0,16
18.07.2025 15:02:08;0;3,17691;0,957745;0;0,00876;4,111296;53,481998;-0,19
18.07.2025 15:07:11;0;3,689666;0,974629;0;0,008702;4,664295;53,478001;-0,17
18.07.2025 15:12:13;0;3,503984;0,721751;0;0,008731;4,237376;53,472;-0,17
18.07.2025 15:17:15;0;2,875362;0,686827;0;0,011641;3,538907;53,469002;-6,21
18.07.2025 15:22:17;0;2,945209;0,756674;0;1,268885;2,44464;52,884998;-24,120001
18.07.2025 15:27:19;0;4,970768;0,640263;0;1,263064;4,353787;52,679001;-24,049999
18.07.2025 15:32:21;0;5,855495;0,616981;0;1,263064;5,19195;52,535;-24,059999
18.07.2025 15:37:23;0;4,714663;0,663545;0;1,260154;4,120964;52,401001;-24,17
18.07.2025 15:42:23;0;4,734375;0,679688;0;1,259766;4,171875;52,285;-23,809999
18.07.2025 15:47:25;0;4,155888;0,733392;0;1,251423;3,632036;52,159;-24,610001
18.07.2025 15:52:27;0;3,434137;0,686827;0;1,248513;2,863721;52,056;-24,32
18.07.2025 15:57:27;0;4,054688;0,714844;0;1,5;3,257813;51,720001;-48,09
18.07.2025 16:02:29;0;4,516763;0,849803;0;2,502846;2,863721;51,445;-49,639999
18.07.2025 16:07:31;0;5,843853;0,826521;0;2,497025;4,190811;51,250999;-49,040001
18.07.2025 16:12:32;0;5,11576;0,759188;0;2,508241;3,363787;51,029999;-49,09
18.07.2025 16:17:34;0;5,669236;0,803239;0;2,497025;3,957988;50,811001;-48,73
18.07.2025 16:22:37;0;5,395266;0,800588;0;2,497486;3,712871;50,623001;-49,82
18.07.2025 16:27:39;0;6,402628;0,838162;0;2,494115;4,749586;50,459;-50,290001
18.07.2025 16:32:41;0;6,099959;0,861445;0;2,505756;4,446916;50,276001;-50,130001
18.07.2025 16:37:43;0;5,226873;0,838162;0;2,497025;3,585472;50,115002;-49,73
18.07.2025 16:42:45;0;3,678601;0,849803;0;2,502846;2,002276;49,944;-50,630001
18.07.2025 16:47:48;0;4,43224;0,835396;0;2,497486;2,784653;49,783001;-50,380001
18.07.2025 16:52:48;0;3,996094;0,773438;0;2,507813;2,25;49,646999;-50,299999
18.07.2025 16:57:51;0;5,116801;0,777382;0;2,497486;3,4112;49,486;-50,259998
18.07.2025 17:02:53;0;4,912562;0,826521;0;2,494115;3,236238;49,334999;-51,130001
18.07.2025 17:07:55;0;3,527266;0,803239;0;2,505756;1,816018;49,188999;-51,130001
18.07.2025 17:12:57;0;3,015056;0,884727;0;2,497025;1,420219;49,034;-51,049999
18.07.2025 17:17:58;0;2,849875;0,887666;0;2,511161;1,238061;48,859001;-51,52
18.07.2025 17:23:01;0;4,107364;0,870204;0;2,332147;2,622215;48,93;-25,690001
18.07.2025 17:28:03;0;3,25952;0,605339;0;1,248513;2,630898;48,943001;-25,379999
18.07.2025 17:33:05;0;2,072123;0,582057;0;0,858534;1,792736;49,008999;-17,1
18.07.2025 17:38:07;0;3,306084;0,523851;0;0,835252;2,980132;48,971001;-17,040001
18.07.2025 17:43:10;0;4,060953;0,417698;0;0,829595;3,66646;48,917999;-17,02
18.07.2025 17:48:11;0;2,090687;0,408794;0;0,510992;1,962209;49,063;-0,2
18.07.2025 17:53:14;0;2,819462;0,38289;0,249459;0,005801;3,480817;49,291;16,030001
18.07.2025 17:58:15;0;2,219165;0,490552;0,791308;0,00292;3,480586;49,418999;15,99
18.07.2025 18:03:17;0,00291;1,804377;0,535493;0,794508;0;3,119826;49,523998;15,8
18.07.2025 18:08:19;0;2,200176;0,535493;0,788687;0;3,538907;49,619999;16,02
18.07.2025 18:13:21;0,00291;1,897506;0,523851;0,474377;0,005821;2,887003;49,522999;-0,2
18.07.2025 18:18:24;0;2,889078;0,475712;0;0,005801;3,341584;49,499001;-0,2
18.07.2025 18:23:26;0;2,712386;0,430722;0;0,011641;3,166391;49,493999;-0,2
18.07.2025 18:28:27;0;2,230845;0,397114;0;0,00876;2,592919;49,490002;-0,18
18.07.2025 18:33:32;0;2,570441;0,461066;0;0,008645;3,01998;49,486;-0,21
18.07.2025 18:38:31;0;2,504442;0,540865;0;0,011758;3,057065;49,486;-0,21
18.07.2025 18:43:33;0;2,002276;0,651904;0;0,008731;2,630898;49,481998;-0,19
18.07.2025 18:48:33;0;1,089844;0,679688;0;0,011719;1,734375;49,480999;-0,2
18.07.2025 18:58:35;0;1,524216;0,718309;0;0,00876;2,242525;49,477001;-0,19
18.07.2025 19:03:36;0;1,459977;0,759188;0;0,00876;2,195806;49,474998;-0,18
18.07.2025 19:08:38;0;1,315449;0,675186;0;0,011641;2,002276;49,473;-0,19
18.07.2025 19:13:40;0;1,245602;0,582057;0;0,008731;1,816018;49,471001;-0,19
18.07.2025 19:18:43;0;1,032642;0,591739;0;0,008702;1,601176;49,467999;-0,18
18.07.2025 19:23:45;0;0,91965;0,547134;0;0,008731;1,466784;49,466999;-0,18
18.07.2025 19:28:45;0;0,796875;0,5625;0;0,008789;1,359375;49,466999;-0,19
18.07.2025 19:33:46;0;0,65407;0,64239;0;0,00876;1,28478;49,464001;-0,19
18.07.2025 19:38:48;0;0,51221;0,628622;0;0,011641;1,140832;49,463001;-0,19
18.07.2025 19:43:51;0;0,278465;0,649752;0;0,008702;0,905012;49,459;-0,19
18.07.2025 19:48:51;0;0,316406;0,667969;0;0,008789;0,984375;49,457001;-0,19
18.07.2025 19:53:52;0;0,233596;0,65407;0;0,00876;0,887666;49,453999;-0,19
18.07.2025 19:58:54;0;0,116411;0,570416;0;0,011641;0,651904;49,452999;-0,19
18.07.2025 20:03:56;0;0,174617;0,535493;0;0,008731;0,721751;49,452;-0,19
18.07.2025 20:08:59;0;0,197246;0,545328;0;0,011603;0,719369;49,448002;-0,19
18.07.2025 20:14:00;0,0292;0,035039;0,61903;0;0,00876;0,60735;49,446999;-0,19
18.07.2025 20:19:02;0,069847;0;0,651904;0;0,008731;0,582057;49,445999;-0,19
18.07.2025 20:24:04;0,125142;0;0,663545;0;0,008731;0,51221;49,443001;-0,19
18.07.2025 20:29:05;0,221917;0;0,677429;0;0,00876;0,443833;49,441002;-0,19
18.07.2025 20:34:07;0,346324;0;0,721751;0;0,011641;0,372517;49,439999;-0,19
18.07.2025 20:39:08;0,329955;0;0,64239;0;0,00876;0,327035;49,438;-0,19
18.07.2025 20:44:09;0,327035;0;0,63071;0;0,00876;0,280316;49,435001;-0,19
18.07.2025 20:49:10;0,391274;0;0,560631;0;0,00876;0,140158;49,432999;-0,19
18.07.2025 20:54:12;0,486018;0;0,582057;0;0,008731;0,093129;49,431999;-0,19
18.07.2025 20:59:15;0,356784;0;0,440903;0;0,011603;0,069616;49,429001;-0,19
18.07.2025 21:04:16;0,423393;0;0,455513;0;0,00876;0,046719;49,426998;-0,19
18.07.2025 21:09:16;0,459961;0;0,480469;0;0,008789;0;49,425999;-0,19
18.07.2025 21:14:19;0,559831;0;0,556931;0;0,008702;0;49,423;-0,19
18.07.2025 21:19:21;0,547134;0;0,558775;0;0,008731;0;49,421001;-0,19
18.07.2025 21:24:23;0,465646;0;0,477287;0;0,011641;0;49,418999;-0,19
18.07.2025 21:29:24;0,321195;0;0,338715;0;0,00876;0;49,417;-0,19
18.07.2025 21:39:29;0,31815;0;0,325413;0;0,008716;0;49,412998;-0,19
18.07.2025 21:44:31;0,372517;0;0,384158;0;0,008731;0;49,411999;-0,19
18.07.2025 21:49:33;0,433633;0;0,430722;0;0,008731;0;49,409;-0,19
18.07.2025 21:54:35;0,427812;0;0,442363;0;0,011641;0;49,407001;-0,19
18.07.2025 21:59:36;0,423393;0;0,432153;0;0,00876;0;49,404999;-0,19
18.07.2025 22:04:36;0,421875;0;0,433594;0;0,008789;0;49,402;-0,19
18.07.2025 22:09:39;0,38289;0;0,394493;0;0,008702;0;49,400002;-0,18
18.07.2025 22:14:41;0,375427;0;0,384158;0;0,008731;0;49,398998;-0,18
18.07.2025 22:19:43;0,378337;0;0,384158;0;0,008731;0;49,396999;-0,19
18.07.2025 22:24:45;0,40453;0;0,419081;0;0,011641;0;49,396;-0,19
18.07.2025 22:29:47;0,451094;0;0,454005;0;0,008731;0;49,393002;-0,18
18.07.2025 22:34:49;0,459825;0;0,477287;0;0,008731;0;49,390999;-0,17
18.07.2025 22:39:51;0,465646;0;0,465646;0;0,008731;0;49,388;-0,19
18.07.2025 22:44:53;0,40453;0;0,419081;0;0,008731;0;49,386002;-0,19
18.07.2025 22:54:57;0,403075;0;0,413261;0;0,008731;0;49,381001;-0,19
18.07.2025 22:59:59;0,372517;0;0,384158;0;0,011641;0;49,380001;-0,19
18.07.2025 23:05:01;0,363786;0;0,360875;0;0,008731;0;49,377998;-0,19
18.07.2025 23:10:03;0,474377;0;0,488928;0;0,008731;0;49,375;-0,19
18.07.2025 23:15:04;0,519752;0;0,537272;0;0,00876;0;49,373001;-0,19
18.07.2025 23:20:05;0,449673;0;0,455513;0;0,01168;0;49,370998;-0,19
18.07.2025 23:25:06;0,405874;0;0,408794;0;0,00876;0;49,369999;-0,19
18.07.2025 23:30:09;0,394493;0;0,406095;0;0,008702;0;49,368;-0,19
18.07.2025 23:35:11;0,448184;0;0,465646;0;0,008731;0;49,366001;-0,19
18.07.2025 23:40:13;0,346324;0;0,349234;0;0,008731;0;49,363998;-0,19
18.07.2025 23:45:15;0,331773;0;0,337593;0;0,008731;0;49,361;-0,19
18.07.2025 23:50:17;0,299759;0;0,314311;0;0,011641;0;49,359001;-0,19
18.07.2025 23:55:18;0,364994;0;0,373754;0;0,00876;0;49,356998;-0,19
19.07.2025 00:00:21;0,458308;0;0,464109;0;0,008702;0;49,355;-0,19
19.07.2025 00:05:23;0,419081;0;0,430722;0;0,008731;0;49,354;-0,19
19.07.2025 00:10:25;0,378337;0;0,395799;0;0,008731;0;49,351002;-0,19
19.07.2025 00:15:27;0,320131;0;0,314311;0;0,011641;0;49,348999;-0,19
19.07.2025 00:20:29;0,212451;0;0,232823;0;0,008731;0;49,347;-0,19
19.07.2025 00:25:31;0,171707;0;0,186258;0;0,008731;0;49,345001;-0,17
19.07.2025 00:30:33;0,174617;0;0,174617;0;0,008731;0;49,342999;-0,19
19.07.2025 00:35:35;0,180438;0;0,197899;0;0,008731;0;49,341;-0,19
19.07.2025 00:40:37;0,291029;0;0,291029;0;0,008731;0;49,34;-0,19
19.07.2025 00:45:39;0,285208;0;0,291029;0;0,011641;0;49,337002;-0,19
19.07.2025 00:50:39;0,339844;0;0,351563;0;0,008789;0;49,335999;-0,19
19.07.2025 00:55:40;0,423393;0;0,432153;0;0,00876;0;49,333;-0,19
19.07.2025 01:00:41;0,400034;0;0,408794;0;0,00876;0;49,332001;-0,19
19.07.2025 01:05:41;0,336914;0;0,351563;0;0,008789;0;49,330002;-0,19
19.07.2025 01:10:43;0,253195;0;0,256105;0;0,011641;0;49,327;-0,19
19.07.2025 01:15:46;0,217551;0;0,232054;0;0,011603;0;49,325001;-0,19
19.07.2025 01:20:45;0,217522;0;0,223401;0;0,005879;0;49,324001;-0,19
19.07.2025 01:25:48;0,34228;0;0,359684;0;0,011603;0;49,321999;-0,19
19.07.2025 01:30:50;0,299759;0;0,30267;0;0,008731;0;49,319;-0,19
19.07.2025 01:35:50;0,304688;0;0,316406;0;0,008789;0;49,317001;-0,19
19.07.2025 01:40:52;0,311401;0;0,314311;0;0,011641;0;49,314999;-0,19
19.07.2025 01:45:54;0,30849;0;0,325952;0;0,008731;0;49,313999;-0,19
19.07.2025 01:50:56;0,212451;0;0,221182;0;0,008731;0;49,312;-0,19
19.07.2025 01:55:58;0,162976;0;0,162976;0;0,008731;0;49,310001;-0,19
19.07.2025 02:01:00;0,139694;0;0,162976;0;0,008731;0;49,307999;-0,19
19.07.2025 02:06:01;0,207317;0;0,210237;0;0,01168;0;49,306;-0,19
19.07.2025 02:11:03;0,253195;0;0,267746;0;0,008731;0;49,303001;-0,19
19.07.2025 02:16:06;0,252359;0;0,25526;0;0,008702;0;49,300999;-0,19
19.07.2025 02:21:07;0,289075;0;0,303675;0;0,00876;0;49,299999;-0,19
19.07.2025 02:26:09;0,299759;0;0,30267;0;0,008731;0;49,298;-0,19
19.07.2025 02:31:11;0,20372;0;0,209541;0;0,011641;0;49,296001;-0,19
19.07.2025 02:36:11;0,155273;0;0,175781;0;0,008789;0;49,294998;-0,19
19.07.2025 02:41:14;0,139233;0;0,139233;0;0,008702;0;49,292;-0,19
19.07.2025 02:46:16;0,174617;0;0,197899;0;0,008731;0;49,291;-0,19
19.07.2025 02:51:17;0,338715;0;0,338715;0;0,00876;0;49,287998;-0,19
19.07.2025 02:56:20;0,330678;0;0,336479;0;0,008702;0;49,285999;-0,19
19.07.2025 03:01:22;0,311401;0;0,325952;0;0,011641;0;49,284;-0,19
19.07.2025 03:06:24;0,314311;0;0,325952;0;0,008731;0;49,283001;-0,19
19.07.2025 03:11:26;0,30558;0;0,314311;0;0,008731;0;49,280998;-0,19
19.07.2025 03:16:28;0,215361;0;0,221182;0;0,008731;0;49,278999;-0,19
19.07.2025 03:21:30;0,183348;0;0,186258;0;0,008731;0;49,276001;-0,17
19.07.2025 03:26:32;0,189169;0;0,197899;0;0,008731;0;49,275002;-0,19
19.07.2025 03:31:34;0,189169;0;0,197899;0;0,011641;0;49,271999;-0,19
19.07.2025 03:36:35;0,251116;0;0,268636;0;0,00876;0;49,271;-0,19
19.07.2025 03:41:37;0,244464;0;0,256105;0;0,008731;0;49,27;-0,19
19.07.2025 03:46:39;0,235733;0;0,244464;0;0,008731;0;49,265999;-0,19
19.07.2025 03:51:41;0,288118;0;0,291029;0;0,008731;0;49,264;-0,18
19.07.2025 03:56:44;0,301671;0;0,313274;0;0,008702;0;49,263;-0,19
19.07.2025 04:01:45;0,210237;0;0,221917;0;0,00876;0;49,261002;-0,17
19.07.2025 04:06:48;0,165339;0;0,174041;0;0,008702;0;49,258999;-0,19
19.07.2025 04:11:49;0,157678;0;0,163517;0;0,00876;0;49,257999;-0,19
19.07.2025 04:16:52;0,455407;0;0,464109;0;0,011603;0;49,256001;-0,19
19.07.2025 04:21:54;2,075034;0;2,083764;0;0,008731;0;49,252998;-0,19
19.07.2025 04:26:56;2,13906;0;2,153611;0;0,008731;0;49,251999;-0,19
19.07.2025 04:31:57;1,311059;0;1,319819;0;0,00876;0;49,25;-0,18
19.07.2025 04:37:00;1,337214;0;1,345916;0;0,008702;0;49,247002;-0,19
19.07.2025 04:42:02;1,338731;0;1,350373;0;0,008731;0;49,245998;-0,18
19.07.2025 04:47:04;1,152473;0;1,152473;0;0,008731;0;49,243;-0,19
19.07.2025 04:52:05;0,277396;0;0,280316;0;0,00876;0;49,242001;-0,19
19.07.2025 04:57:08;0,246558;0;0,266863;0;0,011603;0;49,240002;-0,19
19.07.2025 05:02:10;0,387068;0;0,395799;0;0,008731;0;49,237999;-0,19
19.07.2025 05:07:11;0,400034;0;0,408794;0;0,00876;0;49,236;-0,19
19.07.2025 05:12:13;0,360875;0;0,360875;0;0,008731;0;49,235001;-0,19
19.07.2025 05:17:16;0,310373;0;0,336479;0;0,008702;0;49,230999;-0,19
19.07.2025 05:22:17;0,321195;0;0,315355;0;0,00876;0;49,23;-0,19
19.07.2025 05:27:18;0,289075;0;0,303675;0;0,00876;0;49,228001;-0,19
19.07.2025 05:32:19;0,213157;0;0,221917;0;0,01168;0;49,227001;-0,19
19.07.2025 05:37:22;0,162438;0;0,174041;0;0,008702;0;49,224998;-0,19
19.07.2025 05:42:24;0,157155;0;0,162976;0;0,011641;0;49,223999;-0,19
19.07.2025 05:47:26;0,229913;0;0,279387;0;0,008731;0,023282;49,221001;-0,19
19.07.2025 05:52:28;0,229913;0;0,279387;0;0,008731;0,046565;49,220001;-0,19
19.07.2025 05:57:30;0,197899;0;0,267746;0;0,008731;0,069847;49,216999;-0,18
19.07.2025 06:02:30;0,172852;0;0,28125;0;0,008789;0,09375;49,216;-0,19
19.07.2025 06:07:32;0,136783;0;0,279387;0;0,011641;0,139694;49,215;-0,19
19.07.2025 06:12:34;0,052385;0;0,221182;0;0,008731;0,162976;49,212002;-0,19
19.07.2025 06:17:37;0,023205;0;0,232054;0;0,008702;0,185644;49,209999;-0,19
19.07.2025 06:22:38;0;0,01168;0,221917;0;0,00876;0,210237;49,209999;-0,19
19.07.2025 06:27:40;0,008731;0,034923;0,244464;0;0,008731;0,279387;49,207001;-0,19
19.07.2025 06:32:42;0,075667;0,011641;0,372517;0;0,008731;0,30267;49,206001;-0,19
19.07.2025 06:37:44;1,449322;0;1,769454;0;0,011641;0,325952;49,202999;-0,19
19.07.2025 06:42:46;2,790964;0;3,15475;0;0,008731;0,325952;49,201;-0,19
19.07.2025 06:47:48;4,540046;0;4,924203;0;0,008731;0,372517;49,199001;-0,19
19.07.2025 06:52:47;3,062944;0,011758;3,468593;0;0,008818;0,423286;49,196999;-0,19
19.07.2025 06:57:49;0;0,186258;0,256105;0;0,008731;0,419081;49,196999;-0,19
19.07.2025 07:02:51;0;0,174617;0,279387;0;0,011641;0,442363;49,194;-0,19
19.07.2025 07:07:53;0;0,209541;0,279387;0;0,008731;0,488928;49,193001;-0,19
19.07.2025 07:12:56;0,005801;0,25526;0,278465;0;0,008702;0,51052;49,191002;-0,19
19.07.2025 07:17:57;0;0,245276;0,303675;0;0,00876;0,560631;49,188999;-0,19
19.07.2025 07:22:59;0;0,337593;0,244464;0;0,008731;0,558775;49,187;-0,19
19.07.2025 07:28:01;0;0,360875;0,244464;0;0,011641;0,605339;49,185001;-0,19
19.07.2025 07:33:04;0;0,406095;0,243657;0;0,008702;0,626547;49,183998;-0,19
19.07.2025 07:38:05;0;0,537272;0,198557;0;0,00876;0,747508;49,181999;-0,19
19.07.2025 07:43:07;0;0,640263;0,186258;0;0,008731;0,791598;49,18;-0,19
19.07.2025 07:48:07;0;0,75;0,175781;0;0,008789;0,9375;49,178001;-0,19
19.07.2025 07:53:09;0;0,861445;0,162976;0;0,008731;1,001138;49,176998;-0,19
19.07.2025 07:58:12;0;0,858601;0,243657;0;0,011603;1,090656;49,174999;-0,19
19.07.2025 08:03:14;0;0,826521;0,256105;0;0,008731;1,094267;49,173;-0,19
19.07.2025 08:08:16;0;0,826521;0,337593;0;0,008731;1,140832;49,171001;-0,19
19.07.2025 08:13:16;0;0,832031;0,457031;0;0,008789;1,289063;49,169998;-0,19
19.07.2025 08:18:17;0;0,724149;0,852627;0;0,00876;1,565096;49,168999;-0,19
19.07.2025 08:23:18;0;1,751973;0,175197;0;0,01168;1,91549;49,166;-0,19
19.07.2025 08:28:19;0;1,950529;0,186877;0;0,00876;2,149086;49,165001;-0,19
19.07.2025 08:33:22;0;2,250928;0,185644;0;0,008702;2,413366;49,162998;-0,19
19.07.2025 08:38:24;0;2,281664;0,30267;0;0,008731;2,584334;49,16;-0,19
19.07.2025 08:43:25;0;2,359323;0,432153;0;0,00876;2,756437;49,159;-0,19
19.07.2025 08:48:28;0;2,366955;0,417698;0;0,008702;2,784653;49,158001;-0,19
19.07.2025 08:53:30;0;1,804377;1,129191;0;0,011641;2,933568;49,155998;-0,19
19.07.2025 08:58:32;0;1,769454;1,280526;0;0,008731;3,049979;49,154999;-0,19
19.07.2025 09:03:34;0;3,038338;0,279387;0;0,008731;3,282802;49,152;-0,19
19.07.2025 09:08:35;0;3,21195;0,210237;0;0,00876;3,410507;49,151001;-0,19
19.07.2025 09:13:38;0;3,283571;0,208849;0;0,008702;3,480817;49,148998;-0,19
19.07.2025 09:18:40;0;3,387572;0,197899;0;0,011641;3,608754;49,147999;-0,19
19.07.2025 09:23:42;0;3,375931;0,279387;0;0,008731;3,608754;49,146;-0,19
19.07.2025 09:28:43;0;3,270349;0,245276;0,035039;0,00584;3,574024;49,261002;14,52
19.07.2025 09:33:45;0;2,665822;0,30267;0,774136;0;3,725166;49,449001;15,76
19.07.2025 09:38:48;0;2,738243;0,290068;0,788985;0;3,828899;49,556999;16,129999
19.07.2025 09:43:49;0;2,943314;0,256956;0,703709;0;3,877699;49,499001;-0,21
19.07.2025 09:48:50;0;3,760901;0,140158;0;0,0146;3,924419;49,443001;-0,19
19.07.2025 09:53:52;0;3,806654;0,151335;0;0,008731;3,911424;49,432999;-0,19
19.07.2025 09:58:53;0;3,784261;0,186877;0;0,00876;3,971138;49,426998;-0,21
19.07.2025 10:03:55;0;3,66696;0,337593;0;0,011641;3,981271;49,424;-0,21
19.07.2025 10:08:58;0;3,678063;0,324876;0;0,008702;3,991337;49,421001;-0,18
19.07.2025 10:14:00;0;3,701883;0,337593;0;0,008731;4,051118;49,417999;-0,18
19.07.2025 10:19:03;0;3,701269;0,38289;0;0,008702;4,084158;49,416;-0,18
19.07.2025 10:24:04;0;3,784261;0,315355;0;0,01168;4,064576;49,412998;-0,19
19.07.2025 10:29:06;0;3,410855;0,651904;0;0,008731;4,097682;49,410999;-0,19
19.07.2025 10:34:08;0;2,153611;2,002276;0;0,008731;4,144247;49,409;-0,18
19.07.2025 10:39:10;0;2,048841;2,118688;0;0,008731;4,120964;49,407001;-0,19
19.07.2025 10:44:11;0;1,93885;2,242525;0;0,00876;4,181375;49,403999;-0,19
19.07.2025 10:49:13;0;1,897506;2,24674;0;0,011641;4,144247;49,401001;-0,19
19.07.2025 10:54:16;0;2,065285;2,192915;0;0,008702;4,223391;49,398998;-0,19
19.07.2025 10:59:16;0;2,15625;2,085938;0;0,008789;4,265625;49,396999;-0,19
19.07.2025 11:04:18;0;2,328228;1,944071;0;0,008731;4,260658;49,395;-0,19
19.07.2025 11:09:21;0;3,910118;0,359684;0;0,008702;4,246597;49,391998;-0,19
19.07.2025 11:14:22;0;2,978353;1,331499;0;0,00876;4,298173;49,390999;-0,19
19.07.2025 11:19:24;0;3,899783;0,500569;0;0,011641;4,400352;49,388;-0,19
19.07.2025 11:25:00;0;4,05971;0,376674;0;0,007847;4,415458;49,384998;-0,19
19.07.2025 11:29:28;0;4,040345;0,446012;0;0,009839;4,460121;49,382999;-0,19
19.07.2025 11:34:28;0;4,160156;0,398438;0;0,008789;4,570313;49,381001;-0,19
19.07.2025 11:39:30;0;4,086041;0,384158;0;0,008731;4,493481;49,379002;-0,19
19.07.2025 11:44:33;0;3,23716;1,382302;0;0,011603;4,594678;49,375999;-0,19
19.07.2025 11:49:34;0;2,639639;2,002575;0;0,00876;4,648567;49,373001;-0,19
19.07.2025 11:54:36;0;2,595975;2,031147;0;0,008731;4,633175;49,370998;-0,19
19.07.2025 11:59:38;0;2,502846;1,949379;0;0,008731;4,470199;49,369999;-0,19
19.07.2025 12:04:40;0;2,025559;2,759696;0;0,008731;4,819433;49,368;-0,19
19.07.2025 12:09:42;0;1,466784;2,876386;0;0,011641;4,353787;49,366001;-0,19
19.07.2025 12:14:44;0;1,012779;2,899669;0;0,008731;3,888142;49,362999;-0,19
19.07.2025 12:19:46;0;1,164114;2,888027;0;0,008731;4,051118;49,360001;-0,19
19.07.2025 12:24:49;0;1,079053;2,761355;0;0,008702;3,875309;49,358002;-0,19
19.07.2025 12:29:50;0;2,149086;2,88426;0;0,00876;5,045681;49,355;-0,19
19.07.2025 12:34:50;0;1,722656;3,444938;0;0,011719;5,179688;49,353001;-0,19
19.07.2025 12:39:50;0;1,089844;3,912844;0;0,008789;5,015625;49,351002;-0,19
19.07.2025 12:44:53;0;0,800588;4,245669;0;0,008702;5,058787;49,348999;-0,19
19.07.2025 12:49:54;0;1,868771;3,292774;0;0,00876;5,162479;49,348;-0,19
19.07.2025 12:54:54;0,00293;1,816406;3,021656;0;0,008789;4,875;49,345001;-0,19
19.07.2025 12:59:57;0,017404;1,786819;3,16578;0;0,008702;4,919554;49,341999;-0,19
19.07.2025 13:04:58;0;2,032288;3,209894;0;0,01168;5,279277;49,34;-0,19
19.07.2025 13:10:01;0;1,949257;3,223237;0;0,008702;5,174814;49,338001;-0,19
19.07.2025 13:15:02;0;1,728613;3,268293;0;0,00876;4,998962;49,337002;-0,19
19.07.2025 13:20:05;0;1,786819;3,223515;0;0,008702;5,035582;49,334999;-0,19
19.07.2025 13:25:07;0;1,781095;3,222268;0;0,011641;5,028974;49,331001;-0,19
19.07.2025 13:30:06;0;1,14052;4,131554;0;0,008818;5,244043;49,328999;-0,19
19.07.2025 13:35:08;0;1,175755;4,160917;0;0,008731;5,378208;49,326;-0,19
19.07.2025 13:40:10;0;1,105909;4,265407;0;0,008731;5,40149;49,325001;-0,19
19.07.2025 13:45:13;0;1,264697;4,251888;0;0,008702;5,522896;49,324001;-0,19
19.07.2025 13:50:15;0;1,303808;4,207761;0;0,011641;5,541184;49,32;-0,19
19.07.2025 13:55:16;0,353314;0,60735;4,175021;0;0,00876;4,414971;49,318001;-0,19
19.07.2025 14:00:18;0;1,536631;4,149834;0;0,008731;5,727442;49,316002;-0,19
19.07.2025 14:05:20;0;1,548272;3,974379;0;0,008731;5,564466;49,313999;-0,19
19.07.2025 14:10:22;0,579147;0,349234;3,916733;0;0,008731;3,678601;49,312;-0,19
19.07.2025 14:15:25;0,052212;1,508354;3,254332;0;0,008702;4,733911;49,310001;-0,19
19.07.2025 14:20:26;0,052559;2,055648;3,357434;0;0,01168;5,349356;49,306999;-0,19
19.07.2025 14:25:27;0;1,92717;3,403873;0;0,00876;5,349356;49,306;-0,19
19.07.2025 14:30:29;0;1,687966;3,509293;0;0,008731;5,19195;49,303001;-0,18
19.07.2025 14:35:31;0,154245;1,245602;3,49793;0;0,008731;4,633175;49,300999;-0,19
19.07.2025 14:40:33;0;1,676325;3,51013;0;0,008731;5,215232;49,299999;-0,18
19.07.2025 14:45:35;0,296849;1,152473;3,451366;0;0,011641;4,307223;49,297001;-0,19
19.07.2025 14:50:37;0;1,978994;3,380122;0;0,008731;5,40149;49,294998;-0,19
19.07.2025 14:55:39;0,00291;1,746171;3,252628;0;0,008731;5,005691;49,292;-0,19
19.07.2025 15:00:41;0,133873;0,896368;3,27619;0;0,008731;4,027835;49,290001;-0,19
19.07.2025 15:05:41;0;1,429688;3,309188;0;0,008789;4,78125;49,287998;-0,19
19.07.2025 15:10:43;0;1,536631;3,416442;0;0,011641;4,982409;49,285;-0,18
19.07.2025 15:15:45;0;0,861445;3,416722;0;0,008731;4,260658;49,284;-0,19
19.07.2025 15:20:47;0,014551;0,221182;3,346596;0;0,011641;3,585472;49,280998;-0,19
19.07.2025 15:25:49;0,023282;0,244464;3,345757;0;0,008731;3,608754;49,278;-0,19
19.07.2025 15:30:48;0;0,623171;3,39052;0;0,008818;4,021217;49,276001;-0,19
19.07.2025 15:35:50;0;0,71011;3,252908;0;0,008731;3,981271;49,275002;-0,19
19.07.2025 15:40:53;0,220452;0,069616;3,741089;0;0,011603;3,596844;49,272999;-0,19
19.07.2025 15:45:54;0,037959;0,128478;3,847425;0;0,00876;3,971138;49,271;-0,19
19.07.2025 15:50:57;0,008702;0,359684;3,589975;0;0,008702;3,968131;49,268002;-0,19
19.07.2025 15:55:59;0;0,558775;3,48601;0;0,008731;4,051118;49,265999;-0,19
19.07.2025 16:01:01;0,078578;0,162976;3,78812;0;0,008731;3,911424;49,264;-0,19
19.07.2025 16:06:03;0,753764;0,034923;3,893171;0;0,011641;3,166391;49,261002;-0,19
19.07.2025 16:11:04;1,436618;0;3,847986;0;0,00876;2,429402;49,258999;-0,19
19.07.2025 16:16:04;1,092773;0;3,777094;0;0,008789;2,71875;49,257;-0,19
19.07.2025 16:21:04;0,008789;1,535156;1,80525;0;0,008789;3,304688;49,255001;-0,19
19.07.2025 16:26:06;0;1,559913;1,73481;0;0,008731;3,329367;49,251999;-0,19
19.07.2025 16:31:09;0;1,241491;1,822741;0;0,011603;3,039913;49,25;-0,19
19.07.2025 16:36:11;0;2,048841;1,863421;0;0,008731;3,911424;49,25;-0,19
19.07.2025 16:41:12;0;2,172446;1,892691;0;0,00876;4,087936;49,245998;-0,19
19.07.2025 16:46:15;0;1,57797;1,845112;0;0,008702;3,434406;49,243999;-0,19
19.07.2025 16:51:17;0;0,931291;1,83958;0;0,008731;2,770592;49,243;-0,19
19.07.2025 16:56:19;0;1,036062;1,722889;0;0,008731;2,74731;49,240002;-0,19
19.07.2025 17:01:21;0;3,143108;0,20982;0;0,011641;3,352649;49,237999;-0,19
19.07.2025 17:06:23;0;2,933568;0,10477;0;0,008731;3,026697;49,235001;-0,19
19.07.2025 17:11:25;0;3,015056;0,10477;0;0,008731;3,096544;49,233002;-0,19
19.07.2025 17:16:27;0;3,119826;0,116411;0;0,008731;3,236238;49,231998;-0,19
19.07.2025 17:21:29;0;3,236238;0,139694;0;0,008731;3,352649;49,229;-0,19
19.07.2025 17:26:31;0;2,875362;0,256105;0;0,011641;3,119826;49,227001;-0,19
19.07.2025 17:31:31;0;2,847656;0,304688;0;0,008789;3,164063;49,223999;-0,19
19.07.2025 17:36:34;0;3,074722;0,290068;0;0,008702;3,341584;49,222;-0,19
19.07.2025 17:41:35;0;2,394363;0,291995;0;0,00876;2,662998;49,221001;-0,19
19.07.2025 17:46:37;0;2,945209;0,197899;0;0,008731;3,143108;49,217999;-0,19
19.07.2025 17:51:39;0;2,828798;0,139694;0;0,011641;2,980132;49,216;-0,19
19.07.2025 17:56:41;0;1,059344;0,186258;0;0,008731;1,233961;49,213001;-0,19
19.07.2025 18:01:43;0;0,663545;0,256105;0;0,008731;0,908009;49,212002;-0,19
19.07.2025 18:06:45;0,550044;0,081488;1,52499;0;0,008731;1,047703;49,209999;-0,19
19.07.2025 18:11:47;1,912058;0;2,945209;0;0,008731;1,024421;49,207001;-0,19
19.07.2025 18:16:49;2,814246;0;3,8765;0;0,011641;1,047703;49,205002;-0,19
19.07.2025 18:21:51;2,235099;0;3,15475;0;0,008731;0,908009;49,202999;-0,19
19.07.2025 18:26:53;0,241554;0,30267;0,721751;0;0,008731;0,791598;49,201;-0,19
19.07.2025 18:31:55;0;0,209541;0,454005;0;0,008731;0,628622;49,199001;-0,19
19.07.2025 18:36:57;0;0,221182;0,40744;0;0,008731;0,628622;49,196999;-0,19
19.07.2025 18:41:59;0;0,267746;0,372517;0;0,008731;0,628622;49,195;-0,19
19.07.2025 18:47:01;0,40744;0,232823;0,861445;0;0,011641;0,675186;49,193001;-0,19
19.07.2025 18:52:01;0,416016;0,316406;0,867188;0;0,008789;0,75;49,191002;-0,19
19.07.2025 18:57:03;0,00291;0,349234;0,40744;0;0,008731;0,745033;49,188999;-0,19
19.07.2025 19:02:05;0;0,442363;0,360875;0;0,008731;0,81488;49,185001;-0,19
19.07.2025 19:07:07;0;0,616981;0,349234;0;0,008731;0,954574;49,186001;-0,19
19.07.2025 19:12:09;0;0,756674;0,325952;0;0,011641;1,094267;49,181999;-0,19
19.07.2025 19:17:12;0;0,696163;0,336479;0;0,008702;0,997834;49,18;-0,19
19.07.2025 19:22:13;0;0,689109;0,233596;0;0,00876;0,911026;49,178001;-0,19
19.07.2025 19:27:15;0;0,535493;0,221182;0;0,008731;0,745033;49,175999;-0,19
19.07.2025 19:32:18;0;0,348082;0,232054;0;0,008702;0,556931;49,174;-0,19
19.07.2025 19:37:19;0,0146;0,151838;0,256956;0;0,00876;0,397114;49,172001;-0,19
19.07.2025 19:42:21;0,119322;0;0,349234;0;0,014551;0,209541;49,169998;-0,19
19.07.2025 19:47:23;0,235733;0;0,372517;0;0,008731;0,116411;49,167999;-0,19
19.07.2025 19:52:25;0,276477;0;0,360875;0;0,008731;0,093129;49,166;-0,19
19.07.2025 19:57:27;0,288118;0;0,384158;0;0,008731;0,069847;49,162998;-0,19
19.07.2025 20:02:27;0,231445;0;0,316406;0;0,008789;0,09375;49,161999;-0,17
19.07.2025 20:07:29;1,341642;0;1,571554;0;0,008731;0,209541;49,16;-0,19
19.07.2025 20:12:31;1,775274;0;2,072123;0;0,008731;0,279387;49,159;-0,19
19.07.2025 20:17:34;0,855701;0;1,102259;0;0,011603;0,25526;49,155998;-0,18
19.07.2025 20:22:36;0,256105;0;0,477287;0;0,008731;0,209541;49,153999;-0,19
19.07.2025 20:27:38;0,325952;0;0,477287;0;0,008731;0,139694;49,151001;-0,19
19.07.2025 20:32:40;0,360875;0;0,477287;0;0,008731;0,093129;49,148998;-0,19
19.07.2025 20:37:41;0,385434;0;0,467193;0;0,00876;0,093439;49,147999;-0,19
19.07.2025 20:42:44;0,377088;0;0,452506;0;0,008702;0,069616;49,146;-0,19
19.07.2025 20:47:45;0,423393;0;0,490552;0;0,01168;0,046719;49,145;-0,19
19.07.2025 20:52:48;1,154471;0;1,19508;0;0,008702;0,046411;49,141998;-0,18
19.07.2025 20:57:50;0,349234;0;0,372517;0;0,008731;0;49,139999;-0,19
19.07.2025 21:02:51;1,90965;0;1,92717;0;0,00876;0,02336;49,139;-0,19
19.07.2025 21:07:54;1,955059;0;1,972463;0;0,008702;0;49,136002;-0,19
19.07.2025 21:12:55;0,493472;0;0,502232;0;0,01168;0;49,133999;-0,19
19.07.2025 21:17:57;0,462735;0;0,465646;0;0,008731;0;49,132;-0,19
19.07.2025 21:22:59;0,433633;0;0,454005;0;0,008731;0;49,131001;-0,19
19.07.2025 21:28:02;0,440903;0;0,440903;0;0,008702;0;49,130001;-0,19
19.07.2025 21:33:03;0,376674;0;0,397114;0;0,00876;0;49,127998;-0,19
19.07.2025 21:38:05;0,323042;0;0,325952;0;0,008731;0;49,126999;-0,19
19.07.2025 21:43:08;0,324876;0;0,336479;0;0,011603;0;49,125;-0,19
19.07.2025 21:48:10;0,343414;0;0,349234;0;0,008731;0;49,123001;-0,19
19.07.2025 21:53:12;0,599519;0;0,616981;0;0,008731;0;49,119999;-0,19
19.07.2025 21:58:13;0,756268;0;0,759188;0;0,00876;0;49,118;-0,19
19.07.2025 22:03:15;0,465646;0;0,465646;0;0,008731;0;49,118;-0,19
19.07.2025 22:08:17;0,416171;0;0,430722;0;0,011641;0;49,116001;-0,19
19.07.2025 22:13:20;0,481513;0;0,498917;0;0,008702;0;49,115002;-0,19
19.07.2025 22:18:22;0,40453;0;0,419081;0;0,008731;0;49,112;-0,19
19.07.2025 22:23:24;0,392889;0;0,395799;0;0,008731;0;49,109001;-0,19
19.07.2025 22:28:26;0,384158;0;0,395799;0;0,008731;0;49,108002;-0,19
19.07.2025 22:33:28;0,442363;0;0,454005;0;0,008731;0;49,105999;-0,18
19.07.2025 22:38:28;0,480469;0;0,480469;0;0,011719;0;49,105;-0,19
19.07.2025 22:43:30;0,445274;0;0,465646;0;0,008731;0;49,103001;-0,19
19.07.2025 22:48:32;0,532582;0;0,535493;0;0,008731;0;49,102001;-0,19
19.07.2025 22:53:33;0,528512;0;0,537272;0;0,00876;0;49,099998;-0,19
19.07.2025 22:58:36;0,478612;0;0,498917;0;0,008702;0;49,098999;-0,2
19.07.2025 23:03:37;0,388354;0;0,385434;0;0,01168;0;49,098;-0,19
19.07.2025 23:08:38;0,350395;0;0,362074;0;0,00876;0;49,096001;-0,18
19.07.2025 23:13:40;0,343414;0;0,349234;0;0,008731;0;49,094002;-0,19
19.07.2025 23:18:40;0,451172;0;0,46875;0;0,008789;0;49,091;-0,18
19.07.2025 23:23:40;0,486328;0;0,492188;0;0,008789;0;49,09;-0,19
19.07.2025 23:28:42;0,456915;0;0,465646;0;0,008731;0;49,088001;-0,19
19.07.2025 23:33:44;0,488928;0;0,500569;0;0,008731;0;49,087002;-0,19
19.07.2025 23:38:45;0,458433;0;0,455513;0;0,01168;0;49,087002;-0,19
19.07.2025 23:43:47;0,337593;0;0,360875;0;0,008731;0;49,083;-0,19
19.07.2025 23:48:50;0,319075;0;0,324876;0;0,008702;0;49,083;-0,19
19.07.2025 23:53:50;0,322266;0;0,328125;0;0,008789;0;49,080002;-0,19
19.07.2025 23:58:52;0,360875;0;0,372517;0;0,008731;0;49,078999;-0,19
20.07.2025 00:03:54;0,436543;0;0,419081;0,020372;0,008731;0;49,237;22,299999
20.07.2025 00:08:56;1,388206;0;0,454005;0,925471;0,00291;0;49,403;15,89
20.07.2025 00:15:00;1,277312;0;0,492574;0,789567;0;0;49,522999;15,96
20.07.2025 00:19:00;1,256104;0;0,454102;0,794678;0;0;49,603001;15,96
20.07.2025 00:24:02;0,899278;0;0,419081;0,491838;0,00291;0;49,488998;-0,22
20.07.2025 00:29:05;0,287167;0;0,290068;0,002901;0,011603;0;49,459999;-0,19
20.07.2025 00:34:06;0,254036;0;0,280316;0;0,00876;0;49,451;-0,19
20.07.2025 00:39:08;0,180438;0;0,186258;0;0,011641;0;49,445999;-0,21
20.07.2025 00:44:10;0,183348;0;0,197899;0;0,008731;0;49,443001;-0,21
20.07.2025 00:49:13;0,301671;0;0,301671;0;0,011603;0;49,438999;-0,17
20.07.2025 00:54:14;0,294915;0;0,303675;0;0,00876;0;49,437;-0,17
20.07.2025 00:59:16;0,293939;0;0,30267;0;0,008731;0;49,433998;-0,19
20.07.2025 01:04:18;0,285208;0;0,30267;0;0,008731;0;49,431;-0,19
20.07.2025 01:09:20;0,288118;0;0,291029;0;0,008731;0;49,429001;-0,19
20.07.2025 01:14:22;0,183348;0;0,197899;0;0,008731;0;49,424999;-0,19
20.07.2025 01:19:24;0,171707;0;0,174617;0;0,008731;0;49,424;-0,19
20.07.2025 01:24:24;0,166992;0;0,175781;0;0,008789;0;49,423;-0,19
20.07.2025 01:29:26;0,218271;0;0,232823;0;0,008731;0;49,419998;-0,18
20.07.2025 01:34:29;0,281366;0;0,278465;0;0,008702;0;49,417;-0,19
20.07.2025 01:39:31;0,291029;0;0,30267;0;0,011641;0;49,415001;-0,19
20.07.2025 01:44:33;0,291029;0;0,30267;0;0,008731;0;49,412998;-0,19
20.07.2025 01:49:32;0,28513;0;0,293949;0;0,008818;0;49,411999;-0,19
20.07.2025 01:54:34;0,227002;0;0,244464;0;0,008731;0;49,408001;-0,19
20.07.2025 01:59:36;0,177527;0;0,186258;0;0,008731;0;49,404999;-0,19
20.07.2025 02:04:38;0,177527;0;0,186258;0;0,011641;0;49,402;-0,19
20.07.2025 02:12:46;0,095455;0,021612;0,115266;0;0,046827;0;49,251999;-17,24
20.07.2025 02:17:46;0;0,421875;0,421875;0;0,832031;0;49,084999;-17,08
20.07.2025 02:22:47;0,145998;0,245276;0,408794;0;0,513912;0;49,187;-0,21
20.07.2025 02:27:49;0,366696;0;0,372517;0;0,011641;0;49,208;-0,17
20.07.2025 02:32:51;0,343414;0;0,360875;0;0,008731;0;49,212002;-0,19
20.07.2025 02:37:52;0,283236;0;0,291995;0;0,00876;0;49,212002;-0,21
20.07.2025 02:42:55;0,179842;0;0,185644;0;0,011603;0;49,209;-0,21
20.07.2025 02:47:55;0,169922;0;0,1875;0;0,008789;0;49,207001;-0,19
20.07.2025 02:52:57;0,168797;0;0,174617;0;0,011641;0;49,207001;-0,19
20.07.2025 02:57:57;0,213867;0;0,222656;0;0,008789;0;49,205002;-0,19
20.07.2025 03:02:57;0,28418;0;0,292969;0;0,008789;0;49,202;-0,19
20.07.2025 03:07:59;0,276477;0;0,291029;0;0,008731;0;49,199001;-0,19
20.07.2025 03:13:01;0,276477;0;0,279387;0;0,008731;0;49,199001;-0,19
20.07.2025 03:18:03;0,270657;0;0,291029;0;0,011641;0;49,195;-0,19
20.07.2025 03:23:04;0,216077;0;0,221917;0;0,00876;0;49,193001;-0,19
20.07.2025 03:28:07;0,165339;0;0,162438;0;0,008702;0;49,192001;-0,19
20.07.2025 03:33:09;0,168797;0;0,174617;0;0,008731;0;49,188999;-0,19
20.07.2025 03:38:10;0,172277;0;0,186877;0;0,00876;0;49,187;-0,19
20.07.2025 03:43:13;0,287167;0;0,301671;0;0,008702;0;49,186001;-0,19
20.07.2025 03:48:15;0,288118;0;0,30267;0;0,011641;0;49,182999;-0,19
20.07.2025 03:53:17;0,293939;0;0,30267;0;0,008731;0;49,179001;-0,19
20.07.2025 03:58:19;0,288118;0;0,291029;0;0,008731;0;49,179001;-0,19
20.07.2025 04:03:21;0,244464;0;0,256105;0;0,008731;0;49,176998;-0,19
20.07.2025 04:08:22;0,274476;0;0,280316;0;0,00876;0;49,174;-0,19
20.07.2025 04:13:25;0,266863;0;0,278465;0;0,011603;0;49,171001;-0,19
20.07.2025 04:18:25;0,263672;0;0,269531;0;0,008789;0;49,169998;-0,19
20.07.2025 04:23:26;0,411714;0;0,432153;0;0,00876;0;49,167;-0,19
20.07.2025 04:28:29;0,371287;0;0,38289;0;0,008702;0;49,165001;-0,19
20.07.2025 04:33:31;0,30267;0;0,30267;0;0,011641;0;49,162998;-0,18
20.07.2025 04:38:33;0,282298;0;0,291029;0;0,008731;0;49,161999;-0,19
20.07.2025 04:43:35;0,276477;0;0,279387;0;0,008731;0;49,160999;-0,19
20.07.2025 04:48:37;0,192079;0;0,209541;0;0,008731;0;49,157001;-0,19
20.07.2025 04:53:39;0,162976;0;0,174617;0;0,008731;0;49,154999;-0,19
20.07.2025 04:58:41;0,165886;0;0,174617;0;0,011641;0;49,153;-0,19
20.07.2025 05:03:43;0,192079;0;0,197899;0;0,008731;0;49,150002;-0,19
20.07.2025 05:08:45;0,282298;0;0,291029;0;0,008731;0;49,147999;-0,19
20.07.2025 05:13:47;0,282298;0;0,291029;0;0,008731;0;49,146;-0,19
20.07.2025 05:18:49;0,285208;0;0,291029;0;0,008731;0;49,145;-0,19
20.07.2025 05:23:49;0,290039;0;0,304688;0;0,008789;0;49,141998;-0,19
20.07.2025 05:28:51;0,247374;0;0,256105;0;0,011641;0;49,139999;-0,19
20.07.2025 05:33:53;0,177527;0;0,186258;0;0,008731;0;49,137001;-0,17
20.07.2025 05:38:55;0,177527;0;0,197899;0;0,011641;0;49,134998;-0,19
20.07.2025 05:43:55;0,172852;0;0,164063;0;0,008789;0;49,133999;-0,19
20.07.2025 05:49:00;0,267994;0;0,299693;0;0,008645;0,023053;49,132;-0,19
20.07.2025 05:54:01;0,259876;0;0,315355;0;0,01168;0,02336;49,130001;-0,19
20.07.2025 05:59:02;0,242356;0;0,291995;0;0,00876;0,046719;49,126999;-0,19
20.07.2025 06:04:03;0,268636;0;0,385434;0;0,00876;0,093439;49,125;-0,19
20.07.2025 06:09:04;0,259876;0;0,385434;0;0,00876;0,140158;49,124001;-0,19
20.07.2025 06:14:05;0,172277;0;0,338715;0;0,00876;0,163517;49,120998;-0,19
20.07.2025 06:19:07;0,072757;0;0,279387;0;0,008731;0,186258;49,118999;-0,19
20.07.2025 06:24:09;0,023282;0;0,267746;0;0,011641;0,232823;49,117001;-0,18
20.07.2025 06:29:11;0,00291;0,034923;0,221182;0;0,008731;0,256105;49,115002;-0,19
20.07.2025 06:34:14;0,011603;0,046411;0,278465;0;0,008702;0,301671;49,113998;-0,19
20.07.2025 06:39:15;0;0,02336;0,303675;0;0,00876;0,327035;49,111;-0,19
20.07.2025 06:44:17;0;0,058206;0,30267;0;0,008731;0,349234;49,109001;-0,19
20.07.2025 06:49:20;0;0,081219;0,313274;0;0,008702;0,371287;49,105999;-0,19
20.07.2025 06:54:21;0;0,128478;0,303675;0;0,01168;0,397114;49,104;-0,19
20.07.2025 06:59:23;0;0,209541;0,244464;0;0,008731;0,465646;49,103001;-0,19
20.07.2025 07:04:26;0;0,290068;0,197246;0;0,008702;0,464109;49,099998;-0,19
20.07.2025 07:09:27;0;0,338715;0,186877;0;0,00876;0,537272;49,098999;-0,19
20.07.2025 07:14:29;0,00291;0,349234;0,209541;0;0,008731;0,535493;49,096001;-0,19
20.07.2025 07:19:33;0;0,231291;0,38163;0;0,011565;0,624486;49,094002;-0,19
20.07.2025 07:24:33;0;0,28125;0,363281;0;0,008789;0,632813;49,091999;-0,19
20.07.2025 07:29:36;0;0,301671;0,406095;0;0,008702;0,696163;49,091;-0,19
20.07.2025 07:34:38;0;0,384158;0,372517;0;0,008731;0,745033;49,088001;-0,19
20.07.2025 07:39:39;0;0,502232;0,327035;0;0,00876;0,817587;49,088001;-0,19
20.07.2025 07:44:41;0;0,663545;0,267746;0;0,008731;0,908009;49,085999;-0,19
20.07.2025 07:49:43;0,072757;0,616981;0,442363;0;0,011641;0,977856;49,083;-0,19
20.07.2025 07:54:45;0,681007;0;1,746171;0;0,008731;1,070985;49,083;-0,19
20.07.2025 07:59:47;1,443502;0;2,526128;0;0,008731;1,070985;49,080002;-0,19
20.07.2025 08:04:50;3,515625;0;4,629486;0;0,008702;1,090656;49,077;-0,19
20.07.2025 08:09:52;2,962671;0;4,237376;0;0,008731;1,280526;49,077;-0,19
20.07.2025 08:14:54;0,276477;0,803239;0,884727;0;0,008731;1,396937;49,074001;-0,19
20.07.2025 08:19:56;0,128053;0,500569;1,338731;0;0,008731;1,722889;49,073002;-0,17
20.07.2025 08:24:57;0,0146;1,086223;1,062863;0;0,00876;2,102367;49,07;-0,19
20.07.2025 08:29:59;0;1,990635;0,267746;0;0,008731;2,281664;49,069;-0,18
20.07.2025 08:35:00;0;2,172446;0,210237;0;0,00876;2,335963;49,067001;-0,19
20.07.2025 08:40:02;0;2,386434;0,197899;0;0,011641;2,584334;49,066002;-0,17
20.07.2025 08:45:04;0;2,351511;0,256105;0;0,008731;2,607616;49,064999;-0,19
20.07.2025 08:50:06;0;2,398075;0,314311;0;0,008731;2,700745;49,063999;-0,19
20.07.2025 08:55:08;0;2,537769;0,325952;0;0,008731;2,863721;49,061001;-0,19
20.07.2025 09:00:08;0,017578;1,898438;1,125;0;0,008789;2,976563;49,060001;-0,19
20.07.2025 09:05:10;0,293939;0,605339;2,223458;0,718841;0;3,25952;49,355999;16,129999
20.07.2025 09:10:12;0,148425;0,861445;1,827659;0,794508;0;3,352649;49,455002;15,74
20.07.2025 09:15:14;0,034923;2,025559;0,663545;0,791598;0;3,422496;49,558998;16,09
20.07.2025 09:20:15;0,0292;2,230845;0,689109;0,64531;0,00292;3,550664;49,480999;-0,23
20.07.2025 09:25:18;0;2,935489;0,684561;0;0,011603;3,596844;49,435001;-0,19
20.07.2025 09:30:20;0;2,910286;0,756674;0;0,008731;3,655319;49,424999;-0,19
20.07.2025 09:35:22;0;3,038338;0,756674;0;0,008731;3,795012;49,419998;-0,21
20.07.2025 09:40:24;0;3,15475;0,733392;0;0,011641;3,864859;49,416;-0,21
20.07.2025 09:45:26;0;3,306084;0,698469;0;0,008731;4,004553;49,414001;-0,17
20.07.2025 09:50:28;0;3,503984;0,640263;0;0,008731;4,144247;49,41;-0,17
20.07.2025 09:55:30;0;3,480702;0,651904;0;0,008731;4,097682;49,408001;-0,18
20.07.2025 10:00:32;0;3,748448;0,291029;0;0,008731;4,051118;49,407001;-0,19
20.07.2025 10:05:33;0;3,772581;0,291995;0;0,00876;4,064576;49,402;-0,19
20.07.2025 10:10:35;0;3,608754;0,488928;0;0,011641;4,0744;49,400002;-0,19
20.07.2025 10:15:36;0;3,562344;0,455513;0;0,00876;4,017857;49,397999;-0,19
20.07.2025 10:20:38;0;3,678601;0,454005;0;0,008731;4,120964;49,395;-0,19
20.07.2025 10:25:40;0;3,573831;0,40744;0;0,008731;3,981271;49,393002;-0,19
20.07.2025 10:30:40;0;3,785156;0,363281;0;0,008789;4,125;49,390999;-0,19
20.07.2025 10:35:42;0;3,864859;0,244464;0;0,011641;4,097682;49,389;-0,19
20.07.2025 10:40:44;0;3,853218;0,174617;0;0,008731;4,027835;49,386002;-0,19
20.07.2025 10:45:46;0;4,120964;0,197899;0;0,011641;4,307223;49,383999;-0,19
20.07.2025 10:50:48;0;4,051118;0,174617;0;0,008731;4,214094;49,381001;-0,19
20.07.2025 10:55:50;0;3,480702;0,325952;0;0,008731;3,795012;49,379002;-0,19
20.07.2025 11:00:52;0;2,817156;0,849803;0;0,011641;3,655319;49,376999;-0,19
20.07.2025 11:05:55;0;3,063119;0,545328;0;0,008702;3,596844;49,374001;-0,19
20.07.2025 11:10:55;0;3,9375;0,351563;0;0,008789;4,265625;49,372002;-0,19
20.07.2025 11:15:56;0;4,064576;0,338715;0;0,00876;4,391611;49,369999;-0,19
20.07.2025 11:20:58;0;4,214094;0,186258;0;0,008731;4,423634;49,367001;-0,19
20.07.2025 11:25:58;0;4,570313;0,1875;0;0,011719;4,757813;49,365002;-0,19
20.07.2025 11:30:59;0;4,368252;0,198557;0;0,00876;4,531769;49,362;-0,19
20.07.2025 11:36:00;0;4,181375;0,280316;0;0,00876;4,438331;49,360001;-0,19
20.07.2025 11:41:02;0;4,0744;0,314311;0;0,008731;4,400352;49,356998;-0,19
20.07.2025 11:46:04;0;4,318864;0,325952;0;0,008731;4,656457;49,355999;-0,19
20.07.2025 11:51:06;0;3,911424;0,314311;0;0,011641;4,190811;49,354;-0,19
20.07.2025 11:56:08;0;3,77173;0,30267;0;0,008731;4,051118;49,351002;-0,19
20.07.2025 12:01:10;0;3,620395;0,256105;0;0,008731;3,911424;49,348999;-0,19
20.07.2025 12:06:12;0;3,841577;0,314311;0;0,008731;4,120964;49,346001;-0,19
20.07.2025 12:11:14;0;3,573831;0,267746;0;0,008731;3,841577;49,345001;-0,19
20.07.2025 12:16:14;0;3,339844;0,328125;0;0,008789;3,65625;49,341999;-0,19
20.07.2025 12:21:16;0;3,387572;0,395799;0;0,011641;3,748448;49,34;-0,19
20.07.2025 12:26:18;0;4,37707;0,395799;0;0,008731;4,772868;49,338001;-0,19
20.07.2025 12:31:20;0;4,470199;0,325952;0;0,008731;4,796151;49,335999;-0,19
20.07.2025 12:36:21;0;4,111296;0,852627;0;0,00876;4,975602;49,332001;-0,19
20.07.2025 12:41:23;0;4,458558;0,30267;0;0,008731;4,703022;49,331001;-0,19
20.07.2025 12:46:24;0;4,601848;0,233596;0;0,01168;4,835444;49,328999;-0,19
20.07.2025 12:51:26;0;4,423634;0,186258;0;0,008731;4,609892;49,327;-0,19
20.07.2025 12:56:28;0;4,58661;0,197899;0;0,008731;4,772868;49,324001;-0,19
20.07.2025 13:01:31;0;4,501856;0,197246;0;0,008702;4,6875;49,321999;-0,19
20.07.2025 13:06:30;0;4,726693;0,317464;0;0,008818;5,055916;49,319;-0,19
20.07.2025 13:11:32;0;4,714663;0,314311;0;0,011641;5,028974;49,317001;-0,19
20.07.2025 13:16:34;0;4,726304;0,30267;0;0,008731;5,005691;49,314999;-0,19
20.07.2025 13:21:36;0;4,190811;0,30267;0;0,008731;4,493481;49,313;-0,19
20.07.2025 13:26:38;0;4,540046;0,314311;0;0,008731;4,819433;49,311001;-0,19
20.07.2025 13:31:40;0;4,69138;0,221182;0;0,008731;4,912562;49,308998;-0,19
20.07.2025 13:36:42;0;4,516763;0,186258;0;0,011641;4,703022;49,305;-0,19
20.07.2025 13:41:42;0;4,335938;0,210938;0;0,008789;4,523438;49,303001;-0,19
20.07.2025 13:46:44;0;4,458558;0,291029;0;0,008731;4,726304;49,300999;-0,19
20.07.2025 13:51:46;0;4,365428;0,384158;0;0,008731;4,749586;49,299999;-0,19
20.07.2025 13:56:47;0;4,193054;0,804319;0;0,00876;4,998962;49,297001;-0,19
20.07.2025 14:01:48;0;2,978353;2,062095;0;0,01168;5,045681;49,294998;-0,19
20.07.2025 14:06:48;0;0,914063;4,06125;0;0,008789;5,015625;49,292;-0,18
20.07.2025 14:11:47;0;0,870088;4,09976;0;0,008818;4,985368;49,289001;-0,19
20.07.2025 14:16:49;0;0,849803;3,952587;0;0,008731;4,819433;49,287998;-0,17
20.07.2025 14:21:51;0;0,779957;3,930143;0;0,008731;4,726304;49,285999;-0,18
20.07.2025 14:26:54;0,011603;0,487314;3,883477;0;0,008702;4,385829;49,284;-0,19
20.07.2025 14:31:56;0,005821;0,582057;3,837014;0;0,011641;4,446916;49,280998;-0,19
20.07.2025 14:36:58;0;0,40744;3,965066;0;0,008731;4,353787;49,278999;-0,19
20.07.2025 14:42:00;0;0,756674;3,941225;0;0,008731;4,749586;49,277;-0,19
20.07.2025 14:47:01;0;0,700789;3,930399;0;0,00876;4,648567;49,272999;-0,19
20.07.2025 14:52:03;0,107681;0,349234;3,881902;0;0,008731;4,167529;49,271999;-0,19
20.07.2025 14:57:05;0,247374;0;3,869422;0;0,008731;3,632036;49,27;-0,19
20.07.2025 15:02:07;0;0,349234;3,787656;0;0,011641;4,144247;49,268002;-0,19
20.07.2025 15:07:10;0;0,707766;3,764109;0;0,008702;4,478651;49,264999;-0,19
20.07.2025 15:12:12;0;0,349234;3,75357;0;0,008731;4,120964;49,263;-0,19
20.07.2025 15:17:13;0;1,343179;2,97527;0;0,00876;4,321532;49,259998;-0,19
20.07.2025 15:22:16;0;1,380724;3,024969;0;0,008702;4,43224;49,257999;-0,19
20.07.2025 15:27:18;0;1,280526;3,035544;0;0,011641;4,353787;49,257;-0,19
20.07.2025 15:32:20;0;0,91965;3,047185;0;0,008731;3,957988;49,255001;-0,19
20.07.2025 15:37:21;0;0,712469;3,045909;0;0,01168;3,760901;49,250999;-0,19
20.07.2025 15:42:22;0;0,747508;3,021709;0;0,00876;3,80762;49,25;-0,19
20.07.2025 15:47:24;0;0,81488;3,011983;0;0,008731;3,818295;49,245998;-0,19
20.07.2025 15:52:26;0;0,721751;2,988701;0;0,011641;3,748448;49,243999;-0,19
20.07.2025 15:57:27;0,00292;0,759188;2,986389;0;0,00876;3,737542;49,243999;-0,19
20.07.2025 16:02:30;0;0,672958;3,082983;0;0,008702;3,805693;49,240002;-0,19
20.07.2025 16:07:30;0;0,949219;3,101531;0;0,008789;4,054688;49,237999;-0,19
20.07.2025 16:12:29;0;0,928878;3,041357;0;0,008818;3,997701;49,235001;-0,19
20.07.2025 16:17:32;0;0,89341;3,025248;0;0,011603;3,92172;49,234001;-0,19
20.07.2025 16:22:34;0;0,768315;3,058826;0;0,008731;3,864859;49,230999;-0,2
20.07.2025 16:27:36;0;0,873086;2,988142;0;0,008731;3,864859;49,229;-0,19
20.07.2025 16:32:38;0;0,733392;2,917736;0;0,008731;3,678601;49,228001;-0,19
20.07.2025 16:37:40;0;0,745033;2,965418;0;0,008731;3,725166;49,226002;-0,19
20.07.2025 16:42:42;0;2,689104;0,91369;0;0,008731;3,585472;49,222;-0,19
20.07.2025 16:47:44;0;3,212955;0,325952;0;0,011641;3,538907;49,220001;-0,19
20.07.2025 16:52:45;0;3,083472;0,315355;0;0,00876;3,387147;49,217999;-0,19
20.07.2025 16:57:48;0;3,225557;0,313274;0;0,008702;3,527228;49,216;-0,19
20.07.2025 17:02:50;0;3,143108;0,30267;0;0,008731;3,445778;49,214001;-0,19
20.07.2025 17:07:52;0;3,06162;0,30267;0;0,008731;3,352649;49,212002;-0,19
20.07.2025 17:12:54;0;3,247879;0,221182;0;0,008731;3,445778;49,209999;-0,19
20.07.2025 17:17:56;0;3,306084;0,162976;0;0,008731;3,46906;49,207001;-0,17
20.07.2025 17:22:58;0;3,15475;0,174617;0;0,011641;3,329367;49,205002;-0,19
20.07.2025 17:28:00;0;2,235099;1,268885;0;0,008731;3,492343;49,202999;-0,19
20.07.2025 17:33:02;0;2,665822;0,372517;0;0,008731;3,026697;49,201;-0,19
20.07.2025 17:38:04;0;1,431861;0,384158;0;0,008731;1,792736;49,199001;-0,18
20.07.2025 17:43:06;0;1,641401;0,454005;0;0,008731;2,118688;49,195999;-0,18
20.07.2025 17:48:08;0;1,8393;0,488928;0;0,008731;2,281664;49,195;-0,19
20.07.2025 17:53:10;0;1,385296;0,488928;0;0,008731;1,885865;49,192001;-0,18
20.07.2025 17:58:12;0;1,233961;0,454005;0;0,011641;1,676325;49,189999;-0,17
20.07.2025 18:03:14;0;1,268885;0,454005;0;0,008731;1,699607;49,188;-0,19
20.07.2025 18:08:16;0;1,641401;0,384158;0;0,008731;2,025559;49,186001;-0,19
20.07.2025 18:13:18;0;2,235099;0,360875;0;0,008731;2,607616;49,182999;-0,17
20.07.2025 18:18:20;0;2,456281;0,244464;0;0,008731;2,65418;49,181;-0,19
20.07.2025 18:23:22;0;2,54941;0,186258;0;0,008731;2,74731;49,178001;-0,19
20.07.2025 18:28:22;0;2,425781;0,199219;0;0,008789;2,625;49,175999;-0,19
20.07.2025 18:33:24;0;2,304946;0,279387;0;0,008731;2,561051;49,174;-0,19
20.07.2025 18:38:26;0;1,548272;0,372517;0;0,011641;1,93243;49,172001;-0,19
20.07.2025 18:43:28;0;1,664683;0,360875;0;0,008731;2,002276;49,172001;-0,19
20.07.2025 18:48:28;0;1,488281;0,375;0;0,008789;1,828125;49,167999;-0,19
20.07.2025 18:53:30;0,093129;0,360875;0,372517;0,561685;0,00291;1,233961;49,429001;15,86
20.07.2025 18:58:32;0,064026;0,349234;0,40744;0,791598;0;1,466784;49,540001;16,02
20.07.2025 19:03:34;0;0,640263;0,384158;0,791598;0;1,816018;49,646999;15,83
20.07.2025 19:08:36;0;0,779957;0,279387;0,625711;0,00291;1,676325;49,563;-0,24
20.07.2025 19:13:39;0;1,125464;0,243657;0;0,011603;1,369121;49,52;-0,19
20.07.2025 19:18:40;0;0,548951;0,338715;0;0,00584;0,864306;49,509998;-0,19
20.07.2025 19:23:43;0;0,76578;0,371287;0;0,011603;1,137067;49,505001;-0,19
20.07.2025 19:28:44;0;1,039504;0,420473;0;0,01168;1,471657;49,500999;-0,21
20.07.2025 19:33:44;0;0,949219;0,421875;0;0,008789;1,359375;49,498001;-0,19
20.07.2025 19:38:47;0;0,545328;0,417698;0;0,008702;0,928218;49,494999;-0,17
20.07.2025 19:43:49;0;0,349234;0,419081;0;0,008731;0,768315;49,493;-0,17
20.07.2025 19:48:50;0,00292;0,256956;0,467193;0;0,00876;0,724149;49,490002;-0,19
20.07.2025 19:53:51;0,00292;0,081759;0,385434;0;0,00876;0,467193;49,487999;-0,19
20.07.2025 20:03:57;0,590289;0,005801;0,916615;0;0,008702;0,313274;49,481998;-0,19
20.07.2025 20:08:59;0,09895;0;0,325952;0;0,008731;0,209541;49,480999;-0,17
20.07.2025 20:19:03;0,218271;0;0,413261;0;0,011641;0,197899;49,476002;-0,19
20.07.2025 20:24:03;0,228516;0;0,375;0;0,008789;0,09375;49,473999;-0,19
20.07.2025 20:29:04;0,268636;0;0,373754;0;0,00876;0,140158;49,471001;-0,19
20.07.2025 20:34:07;0,278465;0;0,38289;0;0,008702;0,069616;49,469002;-0,19
20.07.2025 20:39:09;0,285208;0;0,372517;0;0,008731;0,093129;49,466;-0,19
20.07.2025 20:44:11;0,227002;0;0,30267;0;0,008731;0,069847;49,464001;-0,19
20.07.2025 20:49:13;0,413261;0;0,500569;0;0,011641;0,069847;49,462002;-0,19
20.07.2025 20:54:15;0,427812;0;0,465646;0;0,008731;0,023282;49,459;-0,17
20.07.2025 20:59:17;0,293939;0;0,325952;0;0,008731;0,023282;49,458;-0,19
20.07.2025 21:04:19;0,503479;0;0,51221;0;0,008731;0;49,455002;-0,19
20.07.2025 21:09:21;0,483107;0;0,500569;0;0,008731;0;49,453999;-0,17
20.07.2025 21:14:23;0,448184;0;0,442363;0;0,008731;0;49,450001;-0,19
20.07.2025 21:19:25;0,445274;0;0,454005;0;0,008731;0;49,449001;-0,18
20.07.2025 21:24:27;0,448184;0;0,465646;0;0,011641;0;49,445999;-0,17
20.07.2025 21:29:29;0,637353;0;0,640263;0;0,008731;0;49,444;-0,19
20.07.2025 21:44:35;0,454975;0;0,465646;0;0,008731;0;49,437;-0,19
20.07.2025 21:49:37;0,541313;0;0,547134;0;0,008731;0;49,436001;-0,19
20.07.2025 21:54:39;0,526762;0;0,547134;0;0,008731;0;49,432999;-0,19
20.07.2025 21:59:41;0,5093;0;0,500569;0;0,011641;0;49,431;-0,19
20.07.2025 22:04:43;0,439453;0;0,454005;0;0,008731;0;49,429001;-0,19
20.07.2025 22:14:47;0,465646;0;0,477287;0;0,008731;0;49,424;-0,19
20.07.2025 22:29:53;0,349234;0;0,356995;0;0,009701;0;49,417;-0,19
20.07.2025 23:00:04;0,457167;0;0,467844;0;0,009221;0;49,403999;-0,19
20.07.2025 23:10:05;0,190113;0;0,193038;0;0,008774;0;49,398998;-0,19
20.07.2025 23:15:07;0,189169;0;0,197899;0;0,008731;0;49,396999;-0,19
20.07.2025 23:20:07;0,222656;0;0,246094;0;0,008789;0;49,394001;-0,19
20.07.2025 23:25:09;0,30267;0;0,30267;0;0,011641;0;49,391998;-0,19
20.07.2025 23:30:11;0,299759;0;0,314311;0;0,008731;0;49,389999;-0,19
20.07.2025 23:45:17;0,365726;0;0,372517;0;0,008731;0;49,382999;-0,19
14.07.2025 00:03:40;0;0;0;0;0;0;51,626999;-6,64
