Uhrzeit;Netzbezug [kW];Netzeinspeisung [kW];Stromverbrauch [kW];Akkubeladung [kW];Akkuentnahme [kW];Stromerzeugung [kW];Akku Spannung [V];Akku Stromstärke [A]
11.08.2025 00:06:26;0;0,022265;0,256226;0;0,278308;0;53;-4,5
11.08.2025 00:11:29;0,003552;0,028463;0,346994;0;0,371831;0;53;-6,8
11.08.2025 00:16:32;0;0,0252;0,315812;0;0,341011;0;53;-5,6
11.08.2025 00:21:34;0,001103;0,025101;0,288846;0;0,312674;0;53;-6
11.08.2025 00:26:36;0,008947;0,020554;0,344141;0;0,355782;0;53;-6,9
11.08.2025 00:31:37;0,001078;0,021535;0,328495;0;0,349117;0;53;-4,8
11.08.2025 00:36:40;0,001501;0,025018;0,224803;0;0,248552;0;53;-4,6
11.08.2025 00:41:43;0,001853;0,020849;0,183468;0;0,202141;0;53;-3,7
11.08.2025 00:46:44;0,000034;0,025367;0,165342;0;0,190892;0;53;-3,6
11.08.2025 00:51:43;0,007423;0,024251;0,278884;0;0,295418;0;53;-6
11.08.2025 00:56:45;0,008418;0,020372;0,30558;0;0,317767;0;53;-6
11.08.2025 01:01:47;0,005707;0,017825;0,300487;0;0,312674;0;53;-5,6
11.08.2025 01:06:50;0,00673;0,025925;0,288618;0;0,307653;0;53;-5,6
11.08.2025 01:11:52;0,004462;0,0231;0,235369;0;0,254468;0;53;-3,6
11.08.2025 01:16:53;0,00998;0,024455;0,223012;0;0,236881;0;53;-4,6
11.08.2025 01:21:55;0,0032;0,021463;0,21718;0;0,235369;0;53;-4,4
11.08.2025 01:26:57;0,003229;0,018189;0,212451;0;0,227366;0;53;-3,8
11.08.2025 01:31:59;0,008708;0,028375;0,303761;0;0,323405;0;53;-5,6
11.08.2025 01:37:00;0,008634;0,031025;0,31572;0;0,337985;0;52,900002;-7,7
11.08.2025 01:42:03;0,002793;0,022118;0,384703;0;0,404282;0;52,900002;-7,6
11.08.2025 01:47:05;0,007088;0,018371;0,432905;0;0,444182;0;52,900002;-7,1
11.08.2025 01:52:07;0,007043;0,0211;0,436543;0;0,450549;0;52,900002;-8,6
11.08.2025 01:57:09;0,000404;0,019644;0,313219;0;0,3325;0;52,900002;-6,2
11.08.2025 02:02:11;0,009817;0,019826;0,241554;0;0,25174;0;53;-3,1
11.08.2025 02:07:11;0,006157;0,024536;0,167725;0;0,185852;0;53;-3,4
11.08.2025 02:12:14;0,006764;0,025925;0,207036;0;0,226253;0;53;-6
11.08.2025 02:17:13;0;0,020209;0,282191;0;0,302583;0;53;-5,7
11.08.2025 02:22:15;0;0,019644;0,276477;0;0,295576;0;53;-5,4
11.08.2025 02:27:16;0,001027;0,017885;0,268271;0;0,285791;0;53;-5,4
11.08.2025 02:32:17;0,002897;0,02117;0,308785;0;0,326487;0;52,900002;-6,9
11.08.2025 02:37:19;0,000074;0,025283;0,265927;0;0,291392;0;53;-4,4
11.08.2025 02:42:21;0,000045;0,018553;0,22009;0;0,238643;0;53;-4,5
11.08.2025 02:47:23;0,000489;0,020736;0,202629;0;0,222819;0;53;-3,7
11.08.2025 02:52:25;0,005889;0,027284;0,187713;0;0,208995;0;53;-5,6
11.08.2025 02:57:26;0,00495;0,015512;0,279951;0;0,290718;0;53;-5,3
11.08.2025 03:02:27;0,004026;0,016607;0,273016;0;0,285426;0;52,900002;-5,5
11.08.2025 03:07:28;0,002464;0,02263;0,314625;0;0,3347;0;52,900002;-6,8
11.08.2025 03:12:31;0,000867;0,027375;0,332128;0;0,358415;0;52,900002;-6,9
11.08.2025 03:17:33;0;0,018553;0,245919;0;0,264472;0;53;-4,7
11.08.2025 03:22:35;0,000193;0,017825;0,174981;0;0,19317;0;53;-3,5
11.08.2025 03:27:37;0,001592;0,016188;0,188441;0;0,202447;0;53;-4,2
11.08.2025 03:32:39;0,010885;0,025829;0,242281;0;0,25756;0;52,900002;-5,9
11.08.2025 03:37:41;0,006162;0,027102;0,360512;0;0,381429;0;52,900002;-7,7
11.08.2025 03:42:44;0,008011;0,021755;0,38434;0;0,3983;0;52,900002;-7,5
11.08.2025 03:47:43;0,003094;0,021495;0,362659;0;0,380847;0,000735;52,900002;-6,9
11.08.2025 03:52:45;0,002439;0,026011;0,397254;0;0,420718;0;52,900002;-7,9
11.08.2025 03:57:47;0;0,018917;0,349962;0;0,368879;0;52,900002;-5,6
11.08.2025 04:02:49;0,000421;0,026556;0,235733;0;0,262289;0;52,900002;-4,2
11.08.2025 04:07:51;0,017888;0,020918;0,188441;0;0,191351;0;53;-3,4
11.08.2025 04:12:51;0,004389;0,030029;0,143555;0;0,169189;0;53;-3,1
11.08.2025 04:17:53;0,009038;0,041653;0,216452;0;0,248829;0;53;-5,5
11.08.2025 04:22:55;0,005224;0,021827;0,279387;0;0,296122;0;52,900002;-5,4
11.08.2025 04:27:57;0,006855;0,024737;0,270657;0;0,288482;0;52,900002;-6,9
11.08.2025 04:32:59;0,000023;0,030922;0,322678;0;0,353963;0;52,900002;-6,7
11.08.2025 04:38:01;0,000358;0,024192;0,322678;0;0,346324;0;52,900002;-4,5
11.08.2025 04:43:03;0,000091;0,020918;0,19608;0;0,216816;0;53;-3,4
11.08.2025 04:48:05;0,000011;0,023464;0,154973;0;0,178619;0;53;-3,4
11.08.2025 04:53:07;0,00187;0,027102;0,149152;0;0,17389;0;53;-3,4
11.08.2025 04:58:10;0,007348;0,028644;0,25671;0;0,27774;0;52,900002;-5,8
11.08.2025 05:03:10;0,000412;0,02179;0,288208;0;0,309814;0;52,900002;-5,8
11.08.2025 05:08:13;0,003445;0,023024;0,288255;0;0,308016;0;52,900002;-6,9
11.08.2025 05:13:15;0,000023;0,022555;0,339048;0;0,361421;0;52,900002;-6,7
11.08.2025 05:18:17;0,000551;0,025647;0,271748;0;0,296667;0;52,900002;-4,2
11.08.2025 05:23:19;0,00004;0,021463;0,199355;0;0,221;0;52,900002;-4
11.08.2025 05:28:21;0;0,021281;0,160793;0;0,182439;0;53;-3,4
11.08.2025 05:33:22;0,009878;0,025915;0,171912;0;0,187242;0;52,900002;-5,9
11.08.2025 05:38:23;0,00779;0,029017;0,376309;0;0,398026;0;52,799999;-7,5
11.08.2025 05:43:25;0,000222;0,026556;0,367424;0;0,393616;0;52,799999;-7,5
11.08.2025 05:48:26;0,001449;0,021717;0,356599;0;0,377039;0;52,799999;-7,1
11.08.2025 05:53:29;0,003609;0,024112;0,396668;0;0,416973;0;52,799999;-9,1
11.08.2025 05:58:30;0,000331;0,023177;0,494567;0;0,517744;0;52,700001;-10,1
11.08.2025 06:03:31;0,003718;0,023725;0,359154;0;0,378864;0;52,799999;-6,6
11.08.2025 06:08:33;0,004166;0,022918;0,34887;0;0,367605;0;52,599998;-28,9
11.08.2025 06:13:35;0,000171;0,042745;1,789098;0;1,817473;0,014551;52,299999;-36,799999
11.08.2025 06:18:37;0,02069;0,034014;2,514487;0;2,489022;0,037834;51,799999;-73,300003
11.08.2025 06:23:38;0,604967;0;4,481765;0;3,80908;0,067889;51,700001;-73,599998
11.08.2025 06:28:41;0,75991;0;4,659581;0;3,797354;0,102249;51,599998;-73,699997
11.08.2025 06:33:43;0,045195;0,050384;3,408672;0;3,276254;0,138239;51,799999;-53,5
11.08.2025 06:38:45;0,01292;0,0442;0,907645;0;0,769952;0,168797;52,400002;-1,7
11.08.2025 06:43:47;0,00777;0,0231;0,34305;0;0,151699;0,20663;52,5;-3,3
11.08.2025 06:48:47;0,027168;0,002563;0,318237;0;0,02948;0,263672;52,599998;-0,4
11.08.2025 06:53:49;0,000892;0,045473;0,214997;0,055114;0,009277;0,30558;52,599998;-0,4
11.08.2025 06:58:51;0,023038;0,052203;2,216546;0,000182;1,906055;0,340503;51,700001;-67,300003
11.08.2025 07:03:52;0,017001;0,060954;3,030913;0;2,701688;0,372294;51,599998;-63,700001
11.08.2025 07:08:55;0,005167;0,0814;3,013445;0;2,686393;0,40392;51,900002;-37,400002
11.08.2025 07:13:56;0,015398;0,061137;2,078277;0;1,687004;0,436533;52,099998;-20,299999
11.08.2025 07:18:58;0,001773;0,028193;1,490066;0;1,049704;0,467101;52,099998;-20,6
11.08.2025 07:24:00;0,01076;0,061844;0,950208;0,004729;0,508572;0,497659;52,200001;-17,9
11.08.2025 07:29:01;0,000331;0,037229;0,558076;0,191075;0,256956;0,528512;52,5;5
11.08.2025 07:34:02;0,004146;0,045259;0,255131;0,270643;0,003285;0,563551;52,5;3,7
11.08.2025 07:39:04;0,00785;0,02692;0,448184;0,130053;0,002365;0,595153;52,5;2,9
11.08.2025 07:44:07;0,001473;0,029007;0,475712;0,127267;0,000725;0,629448;52,599998;2,1
11.08.2025 07:49:08;0,001203;0,023177;0,461353;0,187425;0;0,67086;52,599998;4,4
11.08.2025 07:54:11;0;0,016679;0,439816;0,24692;0;0,703415;52,599998;4,9
11.08.2025 07:59:13;0,000051;0,027102;0,325952;0,403256;0;0,755947;52,799999;10,7
11.08.2025 08:04:15;0,001251;0,018917;0,25465;0,576782;0;0,849076;52,799999;11,4
11.08.2025 08:09:17;0,001705;0,022737;0,263745;0,636625;0;0,921833;52,900002;14,1
11.08.2025 08:14:18;0,001163;0,024272;0,331415;0,727799;0;1,082573;52,900002;14,4
11.08.2025 08:19:20;0,007577;0,031831;0,533674;0,666819;0,000364;1,223775;52,900002;13,5
11.08.2025 08:24:23;0,004141;0,033177;0,534813;0,800769;0;1,36477;53;15,2
11.08.2025 08:29:23;0,000355;0,023438;0,582275;0,909119;0;1,514648;53,099998;18,799999
11.08.2025 08:34:25;0,011169;0,023646;1,687602;0,359056;0,403075;1,655953;52,5;-10,3
11.08.2025 08:39:27;0,007855;0,021827;2,092132;0;0,270475;1,835663;52,599998;0
11.08.2025 08:44:27;0,013178;0,030762;1,38208;0,585205;0,045044;1,939453;53,200001;29,9
11.08.2025 08:49:29;0,001791;0,027466;0,398345;1,661227;0,000182;2,08522;53,400002;33,900002
11.08.2025 08:54:31;0,005991;0,0442;0,435451;1,842756;0;2,316587;53,5;34,200001
11.08.2025 08:59:31;0,002048;0,03772;0,519287;1,936523;0;2,491699;53,599998;37,099998
11.08.2025 09:04:32;0,001312;0,031025;0,61246;2,151459;0;2,792936;53,799999;44,200001
11.08.2025 09:09:35;0,006629;0,027194;0,6396;2,428414;0;3,089225;53,900002;45,200001
11.08.2025 09:14:37;0,000875;0,091128;0,645356;2,468104;0;3,203497;54;45,799999
11.08.2025 09:19:38;0,012712;0,210784;0,989135;2,092877;0;3,279839;53,799999;21,4
11.08.2025 09:24:38;0,010723;0,037354;2,145996;1,174438;0;3,3479;53,799999;25,299999
11.08.2025 09:29:41;0,018095;0,038434;2,988064;0,641232;0,144671;3,504747;53,400002;-4,2
11.08.2025 09:34:40;0,021679;0,041888;3,957283;0;0,406016;3,571475;53,299999;-9,8
11.08.2025 09:39:42;0,012863;0,063481;3,271161;0,550408;0,239553;3,632036;53,700001;21,4
11.08.2025 09:44:43;0,01168;0,036864;2,463346;1,195539;0;3,684252;53,799999;21,700001
11.08.2025 09:49:44;0,005635;0,045259;2,421007;1,267443;0;3,728052;53,900002;25
11.08.2025 09:54:45;0,0103;0,030295;2,356403;1,411068;0;3,787181;53,900002;29,700001
11.08.2025 09:59:47;0,003518;0,538039;1,220865;2,13524;0;3,891052;54,099998;45,799999
11.08.2025 10:04:48;0,011463;0,440183;1,473482;2,045428;0;3,947778;54,099998;45,799999
11.08.2025 10:09:49;0;0,994062;0,496027;2,475756;0;3,965298;54,099998;45,799999
11.08.2025 10:14:51;0;1,00514;0,515484;2,474834;0;3,995822;54,099998;45,799999
11.08.2025 10:19:54;0,009286;0,412441;1,587398;2,035553;0;4,026145;54,099998;45,799999
11.08.2025 10:24:55;0,000006;0,865401;0,669765;2,475209;0;4,010557;54,099998;45,799999
11.08.2025 10:29:57;0;0,871085;0,66209;2,482656;0;4,015467;54,099998;45,799999
11.08.2025 10:34:58;0;0,835107;0,661005;2,474844;0;3,971138;54,099998;45,799999
11.08.2025 10:40:01;0;0,948704;0,556206;2,474462;0;3,979009;54,099998;45,799999
11.08.2025 10:45:02;0;1,077281;0,500772;2,480136;0;4,058737;54,200001;45,599998
11.08.2025 10:50:05;0;1,094826;0,489852;2,465397;0;4,050075;54,200001;45,599998
11.08.2025 10:55:06;0,000336;0,968695;0,62706;2,476486;0;4,071876;54,200001;45,599998
11.08.2025 11:00:08;0;0,888547;0,655542;2,469014;0;4,013284;54,200001;45,599998
11.08.2025 11:05:08;0;0,905823;0,686646;2,474854;0;4,067139;54,200001;45,700001
11.08.2025 11:10:10;0;0,96094;0,650449;2,475925;0;4,087496;54,200001;45,700001
11.08.2025 11:15:12;0;1,042064;0,577692;2,475744;0;4,095499;54,299999;45,599998
11.08.2025 11:20:14;0;0,914375;0,721023;2,483383;0;4,118782;54,400002;45,5
11.08.2025 11:25:17;0;0,856245;0,810015;2,462497;0;4,129119;54,5;45,5
11.08.2025 11:30:17;0;1,287598;0,409058;2,473206;0;4,169678;54,599998;45,099998
11.08.2025 11:35:20;0;1,151389;0,55548;2,476456;0;4,182056;55,299999;44,700001
11.08.2025 11:40:22;0;1,872587;0,618436;1,701608;0;4,193722;56,400002;16,5
11.08.2025 11:45:23;0;3,746301;0,474858;0,007665;0,012592;4,216414;54,299999;0
11.08.2025 11:50:24;0;3,85361;0,465368;0;0;4,318612;53,900002;0
11.08.2025 11:55:26;0;3,912515;0,443819;0;0;4,356698;53,799999;0
11.08.2025 12:00:28;0;4,045479;0,357601;0;0;4,402535;53,700001;0
11.08.2025 12:05:30;0;4,198269;0,250648;0;0;4,449099;53,700001;0
11.08.2025 12:10:32;0;4,25793;0,241917;0;0;4,500029;53,599998;0
11.08.2025 12:15:34;0;4,241377;0,295758;0;0;4,537135;53,599998;0
11.08.2025 12:20:36;0;4,151886;0,384521;0;0;4,536408;53,599998;0
11.08.2025 12:25:39;0;4,124949;0,401019;0;0;4,525787;53,5;0
11.08.2025 12:30:40;0;4,231744;0,360979;0;0;4,593088;53,5;0
11.08.2025 12:35:43;0;4,208525;0,360772;0;0;4,568572;53,5;0
11.08.2025 12:40:44;0;4,244884;0,34857;0;0;4,593818;53,5;0
11.08.2025 12:45:44;0;4,335754;0,252319;0;0;4,587891;53,5;0
11.08.2025 12:50:47;0;4,32147;0,244745;0;0;4,566397;53,5;0
11.08.2025 12:55:49;0;4,291762;0,276841;0;0;4,568421;53,5;0
11.08.2025 13:00:51;0;4,173168;0,376518;0;0;4,549504;53,5;0
11.08.2025 13:05:53;0;2,814792;1,78546;0;0;4,601162;53,400002;0
11.08.2025 13:10:54;0;3,286774;1,361429;0;0;4,647837;53,400002;0
11.08.2025 13:15:55;0;3,534605;1,154112;0;0;4,688717;53,5;0
11.08.2025 13:20:56;0;4,289778;0,444198;0;0;4,733976;53,400002;0
11.08.2025 13:25:58;0;4,390348;0,326316;0;0;4,716845;53,400002;0
11.08.2025 13:31:00;0;4,39253;0,258652;0;0;4,651364;53,400002;0
11.08.2025 13:36:03;0;4,284849;0,362948;0;0;4,64689;53,400002;0
11.08.2025 13:41:05;0;4,251382;0,437634;0;0;4,689198;53,400002;0
11.08.2025 13:46:06;0;3,756339;0,92892;0;0;4,693827;53,400002;0
11.08.2025 13:51:08;0;1,412398;3,283771;0;0;4,707387;53,400002;0
11.08.2025 13:56:10;0,038129;0,721933;4,301728;0;0,306308;4,69138;53;-20,700001
11.08.2025 14:01:10;0,064945;0,520386;3,75571;0,654602;0,233643;4,650879;54,599998;40,700001
11.08.2025 14:06:13;0,006447;1,686021;2,345331;0,550223;0,002357;4,587427;54,900002;0
11.08.2025 14:11:16;0;1,959772;2,579282;0;0;4,551893;54,5;0
11.08.2025 14:16:17;0;1,804714;2,738038;0;0;4,544909;54,299999;0
11.08.2025 14:21:18;0;1,661637;2,827547;0;0;4,510599;54,099998;0
11.08.2025 14:26:20;0;1,471331;2,945593;0;0;4,430182;54;0
11.08.2025 14:31:22;0;1,316722;2,994704;0;0;4,323229;54;0
11.08.2025 14:36:24;0;1,262336;3,012978;0;0;4,282485;53,900002;0
11.08.2025 14:41:24;0;1,233948;2,977008;0;0;4,231934;53,799999;0
11.08.2025 14:46:26;0;1,306354;2,895364;0;0;4,216276;53,799999;0
11.08.2025 14:51:29;0;1,314552;2,865951;0;0;4,192934;53,799999;0
11.08.2025 14:56:33;0;1,267042;2,846127;0;0;4,127824;53,700001;0
11.08.2025 15:01:31;0;1,216791;2,866907;0;0;4,101808;53,700001;0
11.08.2025 15:06:32;0;1,11232;2,936797;0;0;4,055817;53,700001;0
11.08.2025 15:11:34;0;1,096814;2,927715;0;0;4,032201;53,700001;0
11.08.2025 15:16:36;0;0,986041;2,96499;0;0;3,968174;53,700001;0
11.08.2025 15:21:38;0;0,927472;3,029744;0;0;3,963809;53,700001;0
11.08.2025 15:26:41;0;1,615498;2,335269;0;0;3,952177;53,599998;0
11.08.2025 15:31:41;0;1,755249;2,167374;0;0;3,932373;53,599998;0
11.08.2025 15:36:43;0;1,641219;2,18022;0;0;3,837212;53,599998;0
11.08.2025 15:41:46;0;1,575795;2,204485;0;0;3,786113;53,599998;0
11.08.2025 15:46:49;0;1,58069;2,162147;0;0;3,760733;53,599998;0
11.08.2025 15:51:51;0,040943;1,06571;2,755959;0;0,061662;3,703338;53,400002;0
11.08.2025 15:56:53;0;3,117462;0,58715;0;0;3,704794;53,400002;0
11.08.2025 16:01:55;0;3,138561;0,571871;0;0;3,710614;53,400002;0
11.08.2025 16:06:56;0;3,022518;0,570851;0;0;3,593734;53,400002;0
11.08.2025 16:11:58;0;3,121099;0,499842;0;0;3,621123;53,400002;0
11.08.2025 16:17:00;0;3,116734;0,463463;0;0;3,579651;53,400002;0
11.08.2025 16:22:02;0;3,144382;0,464554;0;0;3,608754;53,400002;0
11.08.2025 16:27:05;0;3,04227;0,496379;0;0;3,53883;53,400002;0
11.08.2025 16:32:07;0;2,891187;0,594426;0;0;3,485795;53,400002;0
11.08.2025 16:37:08;0;2,760999;0,62779;0;0;3,388607;53,400002;0
11.08.2025 16:42:10;0;2,739852;0,618799;0;0;3,35847;53,400002;0
11.08.2025 16:47:13;0;2,653579;0,608055;0;0;3,261815;53,400002;0
11.08.2025 16:52:13;0;2,607971;0,527344;0;0;3,134766;53,400002;0
11.08.2025 16:57:16;0,315732;0,155186;3,553885;0;0,399025;3,008006;53;-8,4
11.08.2025 17:02:17;0,401277;0;3,776525;0;0,439636;2,949154;52,900002;-7
11.08.2025 17:07:19;0,351013;0,002546;3,721068;0;0,449457;2,924837;52,900002;-8,3
11.08.2025 17:12:21;0,022532;0,035469;2,576619;0,268292;0,007094;2,859356;53,299999;8,4
11.08.2025 17:17:23;0,016456;0,038561;2,578242;0,327043;0,000182;2,935023;53,400002;6,3
11.08.2025 17:22:24;0,018062;0,038507;2,72267;0,203484;0,003832;2,953534;53,5;6,1
11.08.2025 17:27:27;0,005008;0,038978;2,643254;0,259792;0;2,949992;53,700001;5,5
11.08.2025 17:32:29;0,002433;0,023464;2,612074;0,244646;0;2,886276;54;6,6
11.08.2025 17:37:30;0,004505;0,022812;2,530038;0,320647;0;2,873235;55;5,3
11.08.2025 17:42:30;0,006763;0,039185;2,512896;0,272644;0;2,832275;56,200001;4,5
11.08.2025 17:47:32;0,000074;0,203538;2,482176;0,053113;0;2,745854;55,5;0
11.08.2025 17:52:34;0,009953;0,143513;2,438522;0;0,003092;2,581423;55;0
11.08.2025 17:57:36;0,012312;0,019463;2,450248;0;0,012005;2,451188;54,700001;0
11.08.2025 18:02:39;0,027069;0,019761;2,632687;0;0,32959;2,305316;53,099998;-35,299999
11.08.2025 18:07:40;0,000394;0,041427;4,090727;0;1,987576;2,156386;52,5;-50,099998
11.08.2025 18:12:43;0,000414;0,050762;5,145595;0;3,141256;2,060934;52,400002;-68,900002
11.08.2025 18:17:45;0,002353;0,044746;4,906613;0;3,036519;1,927337;52,5;-52,099998
11.08.2025 18:22:47;0,002853;0,050748;3,384983;0;1,493522;1,946981;53;-3,9
11.08.2025 18:27:48;0,022943;0,01314;2,078598;0;0,18341;1,8914;53;-3,1
11.08.2025 18:32:50;0,137466;0,002546;2,125024;0;0,214815;1,784005;53;-5
11.08.2025 18:37:51;0,252536;0;2,191017;0;0,29528;1,663644;53;-6,1
11.08.2025 18:42:52;0,313753;0,016242;1,937833;0,163882;0,248561;1,549766;53,299999;20
11.08.2025 18:47:54;0,00237;0,02401;0,433633;1,001684;0;1,457326;53,400002;18,700001
11.08.2025 18:52:56;0,001307;0,034923;0,442363;0,906372;0;1,382386;53,400002;16
11.08.2025 18:57:58;0,00611;0,029467;0,473649;0,776501;0;1,273978;53,400002;13,5
11.08.2025 19:03:00;0,009299;0,026374;0,755947;0,381793;0;1,153928;53,299999;0,6
11.08.2025 19:08:02;0,00976;0,028193;0,511846;0,533674;0;1,064437;53,400002;11,3
11.08.2025 19:13:03;0,010921;0,039419;0,486902;0,478325;0,002555;0,990595;53,400002;5,2
11.08.2025 19:18:06;0,005303;0,027013;0,548229;0,332672;0;0,902837;53,400002;6,5
11.08.2025 19:23:08;0,007787;0,025647;0,569688;0,235915;0,002001;0,822156;53,299999;3,1
11.08.2025 19:28:09;0,007539;0,031207;0,985485;0,052377;0,309333;0,752618;53,099998;-7,9
11.08.2025 19:33:12;0,005235;0,03644;0,708491;0,097173;0,146847;0,688912;53,299999;2,8
11.08.2025 19:38:15;0,003569;0,027556;0,489127;0,118021;0,000181;0,631623;53,299999;3,6
11.08.2025 19:43:16;0,016151;0,039602;0,403684;0,145085;0,000912;0,570851;53,299999;2,7
11.08.2025 19:48:18;0,002569;0,051112;0,36706;0,090401;0;0,50639;53,299999;2,3
11.08.2025 19:53:20;0,030603;0,053658;0,475468;0,124051;0,199536;0,422719;53,200001;1,4
11.08.2025 19:58:23;0,027313;0,031364;0,304571;0,027738;0,005076;0,330678;53,200001;0
11.08.2025 20:03:24;0,028612;0,01825;0,413904;0;0,139793;0,263526;53,099998;-4,8
11.08.2025 20:08:26;0,001899;0,017825;0,46128;0;0,273749;0,20372;53,099998;-5,5
11.08.2025 20:13:28;0,000614;0,020736;0,472194;0;0,33541;0,157155;53,099998;-6,4
11.08.2025 20:18:30;0,000347;0,021645;0,46128;0;0,367605;0,114956;53;-7,8
11.08.2025 20:23:29;0,065369;0,081387;0,782271;0;0,723665;0,073487;52,900002;-6,9
11.08.2025 20:28:30;0,124338;0,134683;0,926356;0;0,904273;0,032119;52,799999;-8,1
11.08.2025 20:33:32;0,093123;0,109681;0,750126;0;0,762313;0,00291;52,900002;-8,5
11.08.2025 20:38:33;0,086983;0,090336;0,748238;0;0,750976;0,00073;52,900002;-9,9
11.08.2025 20:43:35;0;0,024737;0,49584;0;0,520395;0;52,900002;-9,9
11.08.2025 20:48:38;0;0,023931;0,458308;0;0,482238;0;52,900002;-9,1
11.08.2025 20:53:40;0,000023;0,022737;0,452549;0;0,475468;0;52,900002;-9,1
11.08.2025 20:58:41;0;0,023907;0,450768;0;0,47504;0;52,900002;-9,1
11.08.2025 21:03:44;0,00004;0,02665;0,367299;0;0,393224;0;53;-7,7
11.08.2025 21:08:46;0;0,026193;0,374699;0;0,401256;0;53;-7,5
11.08.2025 21:13:49;0,001688;0,030457;0,372012;0;0,400657;0;52,900002;-8,9
11.08.2025 21:18:48;0,00608;0,031599;0,47289;0;0,498243;0;52,900002;-10,7
11.08.2025 21:23:51;0,0046;0,031726;0,587025;0;0,614219;0;52,900002;-13,5
11.08.2025 21:28:52;0,000177;0,027192;0,718309;0;0,745318;0;52,900002;-12,3
11.08.2025 21:33:54;0;0,025647;0,609705;0;0,635352;0;52,900002;-12
11.08.2025 21:38:56;0,004161;0,036197;0,602793;0;0,634806;0;52,900002;-11,6
11.08.2025 21:43:58;0,000244;0,029103;0,551863;0;0,580966;0;52,900002;-9,1
11.08.2025 21:49:00;0,008134;0,020554;0,484926;0;0,497477;0;52,900002;-8,5
11.08.2025 21:54:01;0,001392;0,033214;0,367914;0;0,399486;0;52,900002;-7
11.08.2025 21:59:04;0,003037;0,025018;0,375276;0;0,397212;0;52,900002;-7,5
11.08.2025 22:04:05;0,007043;0,035222;0,477413;0;0,505517;0;52,900002;-10,9
11.08.2025 22:09:08;0,003801;0,035715;0,550042;0;0,581949;0;52,900002;-11
11.08.2025 22:14:07;0,004363;0,026455;0,539763;0;0,561993;0;52,900002;-10,3
11.08.2025 22:19:09;0,000034;0,032923;0,498023;0;0,530763;0;52,900002;-9,1
11.08.2025 22:24:09;0,009001;0,032593;0,427002;0;0,450806;0;52,900002;-9,9
11.08.2025 22:29:12;0,002872;0,020123;0,39413;0;0,411353;0;52,900002;-7,4
11.08.2025 22:34:13;0,005178;0,01825;0,382514;0;0,395471;0;52,900002;-7
11.08.2025 22:39:15;0,002973;0,024192;0,364513;0;0,385795;0;52,900002;-7,2
11.08.2025 22:44:18;0,012005;0,022843;0,398481;0;0,409177;0;52,900002;-8,5
11.08.2025 22:49:19;0,006467;0,025732;0,458068;0;0,477778;0;52,900002;-9,4
11.08.2025 22:54:22;0,001201;0,023024;0,478975;0;0,500367;0;52,900002;-9,2
11.08.2025 22:59:23;0,001654;0,025185;0,501867;0;0,525592;0;52,900002;-10
11.08.2025 23:04:26;0,000918;0,026831;0,465197;0;0,490759;0;52,900002;-5,8
11.08.2025 23:09:28;0,002569;0,019099;0,317949;0;0,334865;0;53;-6,4
11.08.2025 23:14:30;0;0,02401;0,307035;0;0,330499;0;53;-6,2
11.08.2025 23:19:32;0,000114;0,022918;0,281934;0;0,304852;0;53;-4,7
11.08.2025 23:24:32;0,005453;0,027283;0,312012;0;0,334351;0;53;-6,8
11.08.2025 23:29:33;0,005543;0,023725;0,400034;0;0,417736;0;52,900002;-7,6
11.08.2025 23:34:35;0,000011;0,025647;0,365968;0;0,391979;0;52,900002;-7,3
11.08.2025 23:39:38;0,001218;0,025744;0,352795;0;0,377088;0;52,900002;-8,3
11.08.2025 23:44:40;0,000051;0,023646;0,404166;0;0,427994;0;52,900002;-7,8
11.08.2025 23:49:41;0;0,023725;0,31645;0;0,33981;0;53;-6
11.08.2025 23:54:43;0;0,019281;0,249921;0;0,269201;0;53;-4
11.08.2025 23:59:46;0,003462;0,018492;0,16969;0;0,184737;0;53;-3,3
12.08.2025 00:04:47;0,00888;0,026462;0,205492;0;0,223559;0;53;-6,8
12.08.2025 00:09:49;0,000341;0,023828;0,359784;0;0,383066;0;52,900002;-7,5
12.08.2025 00:14:51;0,003246;0,030012;0,352872;0;0,379428;0;52,900002;-7,7
12.08.2025 00:19:53;0,000375;0,025101;0,324133;0;0,34887;0;53;-5,5
12.08.2025 00:24:55;0,007532;0,015825;0,29794;0;0,306308;0;53;-5,6
12.08.2025 00:29:57;0,001131;0,024919;0,219727;0;0,243373;0;53;-3,7
12.08.2025 00:34:58;0,000091;0,024637;0,169357;0;0,193994;0;53;-3,8
12.08.2025 00:40:00;0,001489;0,022555;0,170252;0;0,191351;0;53;-3,7
12.08.2025 00:45:02;0,018445;0,031104;0,181165;0;0,193898;0;53;-6,2
12.08.2025 00:50:05;0,006861;0,031001;0,280641;0;0,304571;0;53;-6
12.08.2025 00:55:05;0,003405;0,033142;0,291504;0;0,32135;0;52,900002;-7
12.08.2025 01:00:07;0,0076;0,024374;0,346324;0;0,362876;0;52,900002;-6,8
12.08.2025 01:05:09;0,002683;0,02401;0,337957;0;0,359602;0;52,900002;-6,8
12.08.2025 01:10:12;0,001076;0,030638;0,222627;0;0,251997;0;53;-3,6
12.08.2025 01:15:13;0,003422;0,022082;0,168992;0;0,18779;0;53;-3,6
12.08.2025 01:20:16;0,008385;0,025925;0,168965;0;0,186369;0;53;-4,4
12.08.2025 01:25:17;0,013083;0,028835;0,273746;0;0,289623;0;52,900002;-7
12.08.2025 01:30:17;0,00646;0,0271;0,381226;0;0,401733;0;52,900002;-8,9
12.08.2025 01:35:19;0,000028;0,022737;0,414352;0;0,437089;0;52,900002;-7,6
12.08.2025 01:40:19;0;0,025269;0,373535;0;0,398987;0;52,900002;-7,5
12.08.2025 01:45:21;0,000006;0,026193;0,365968;0;0,391979;0;52,900002;-7,4
12.08.2025 01:50:23;0,000813;0,022918;0,301215;0;0,323405;0;52,900002;-5
12.08.2025 01:55:26;0;0,018129;0,240756;0;0,259067;0;52,900002;-4,8
12.08.2025 02:00:26;0,000137;0,023071;0,17395;0;0,196838;0;53;-3,6
12.08.2025 02:05:28;0,001387;0,0231;0,168069;0;0,189169;0;53;-3,7
12.08.2025 02:10:30;0,006207;0,026738;0,320495;0;0,341231;0;52,900002;-7
12.08.2025 02:15:33;0;0,023205;0,343368;0;0,366755;0;52,900002;-6,9
12.08.2025 02:20:33;0;0,025085;0,335815;0;0,360901;0;52,900002;-6,7
12.08.2025 02:25:33;0;0,023071;0,310547;0;0,333618;0;52,900002;-5,4
12.08.2025 02:30:36;0,000034;0,018854;0,236043;0;0,254535;0;53;-3,4
12.08.2025 02:35:36;0;0,025818;0,153442;0;0,17981;0;53;-3,4
12.08.2025 02:40:38;0,005275;0,019644;0,206994;0;0,220818;0;53;-4,5
12.08.2025 02:45:37;0,001412;0,019842;0,221931;0;0,24067;0;53;-4,6
12.08.2025 02:50:39;0,007281;0,027466;0,344505;0;0,364331;0;52,900002;-6,8
12.08.2025 02:55:42;0,000006;0,020123;0,273027;0;0,293331;0;52,900002;-5,4
12.08.2025 03:00:43;0,000006;0,02409;0,257686;0;0,282141;0;52,900002;-5,2
12.08.2025 03:05:43;0,000074;0,027649;0,255615;0;0,282898;0;52,900002;-5,4
12.08.2025 03:10:46;0,008679;0,023749;0,179117;0;0,193983;0;53;-3,4
12.08.2025 03:15:47;0,006735;0,025732;0,147458;0;0,166255;0;53;-3,4
12.08.2025 03:20:49;0,006361;0,027648;0,15279;0;0,174071;0;53;-3,4
12.08.2025 03:25:51;0,009743;0,02783;0,228821;0;0,247192;0;52,900002;-6,9
12.08.2025 03:30:53;0,003672;0,018189;0,351053;0;0,365423;0;52,900002;-6,9
12.08.2025 03:35:55;0,007986;0,028375;0,420172;0;0,440544;0;52,799999;-8,5
12.08.2025 03:40:57;0,006253;0,018371;0,428176;0;0,440181;0;52,799999;-7,5
12.08.2025 03:45:57;0,000217;0,033142;0,35376;0;0,386353;0;52,799999;-7,4
12.08.2025 03:51:00;0,006963;0,020486;0,29732;0;0,311461;0;52,900002;-5
12.08.2025 03:56:01;0,008372;0,025002;0,248561;0;0,264621;0;52,900002;-6,2
12.08.2025 04:01:04;0,010249;0,016316;0,285354;0;0,291881;0;52,900002;-4,7
12.08.2025 04:06:06;0,003234;0,022737;0,235733;0;0,255014;0;52,900002;-4,7
12.08.2025 04:11:07;0,007939;0,030295;0,317545;0;0,340175;0;52,900002;-5,8
12.08.2025 04:16:09;0,007128;0,01728;0,29794;0;0,307945;0;52,900002;-5,8
12.08.2025 04:21:12;0;0,018673;0,278103;0;0,296776;0;52,900002;-5,6
12.08.2025 04:26:13;0,000029;0,016607;0,280316;0;0,29674;0;52,900002;-5,5
12.08.2025 04:31:15;0,001165;0,017462;0,23828;0;0,254468;0;52,900002;-3,5
12.08.2025 04:36:17;0;0,01728;0,165522;0;0,183166;0;52,900002;-3,7
12.08.2025 04:41:19;0,001376;0,020554;0,174253;0;0,19317;0;52,900002;-4,7
12.08.2025 04:46:21;0;0,018917;0,220818;0;0,239917;0;52,900002;-4,7
12.08.2025 04:51:23;0,004957;0,028193;0,336866;0;0,359966;0;52,900002;-6,7
12.08.2025 04:56:25;0,000017;0,022009;0,328862;0;0,350871;0;52,900002;-6,9
12.08.2025 05:01:27;0;0,019826;0,283025;0;0,302852;0;52,900002;-5,5
12.08.2025 05:06:29;0;0,017825;0,273931;0;0,29121;0;52,900002;-5,5
12.08.2025 05:11:30;0;0,019345;0,183227;0;0,202937;0;52,900002;-3,4
12.08.2025 05:16:33;0,002221;0,016498;0,183468;0;0,197609;0;52,900002;-4,2
12.08.2025 05:21:36;0,001405;0,01958;0,21465;0;0,233505;0;52,900002;-4,7
12.08.2025 05:26:38;0,005349;0,0231;0,273931;0;0,29121;0;52,799999;-7
12.08.2025 05:31:40;0;0,0211;0,294303;0;0,315584;0;52,900002;-5,5
12.08.2025 05:36:41;0,008777;0,017155;0,351125;0;0,358972;0;52,799999;-7,5
12.08.2025 05:41:44;0,000227;0,024656;0,423137;0;0,448155;0;52,799999;-8,8
12.08.2025 05:46:46;0;0,019826;0,431086;0;0,450549;0;52,700001;-8,5
12.08.2025 05:51:47;0,012866;0,021717;0,356234;0;0,365177;0;52,799999;-6,5
12.08.2025 05:56:49;0,000836;0,033104;0,309582;0;0,341595;0;52,799999;-6,2
12.08.2025 06:01:51;0,00287;0,02692;0,347779;0;0,372153;0;52,799999;-7,6
12.08.2025 06:06:53;0,004013;0,025101;0,337229;0;0,358329;0;52,799999;-8,3
12.08.2025 06:11:55;0,014802;0,049293;1,380203;0;1,408578;0,006548;52,5;-7,9
12.08.2025 06:16:57;0,010351;0,039107;1,219046;0;1,221047;0,026193;52,599998;-7,7
12.08.2025 06:21:59;0,004155;0,038561;1,677052;0;1,668685;0,042927;52,200001;-34,099998
12.08.2025 06:27:01;0,035452;0,048202;2,738943;0;2,677281;0,07494;52,099998;-36,400002
12.08.2025 06:32:02;0,002549;0,038142;1,486257;0;1,41563;0,106578;52,200001;-23,299999
12.08.2025 06:37:03;0,001882;0,033397;1,365079;0;1,26142;0,134318;52,200001;-24,200001
12.08.2025 06:42:04;0,000753;0,036864;2,097987;0;1,971334;0,162787;51,700001;-65,199997
12.08.2025 06:47:07;0,101139;0,026831;3,931873;0;3,658846;0,199422;51,599998;-73,900002
12.08.2025 06:52:08;0,237389;0,013505;4,240139;0;3,768384;0,247466;51,599998;-66,800003
12.08.2025 06:57:11;0,000028;0,067078;3,012357;0;2,7968;0,282816;51,799999;-44,5
12.08.2025 07:02:13;0,000085;0,051112;1,299079;0;1,036789;0,312856;52,299999;0
12.08.2025 07:07:16;0,000329;0,06871;0,252359;0,017223;0;0,337929;52,400002;2,2
12.08.2025 07:12:18;0,004212;0,031286;0,236461;0,100587;0,000364;0,363786;52,5;1,7
12.08.2025 07:17:19;0;0,02628;0,256956;0,106396;0;0,389084;52,5;2,4
12.08.2025 07:22:21;0,000279;0,030012;0,245192;0,138239;0;0,413261;52,599998;3
12.08.2025 07:27:23;0,006105;0,074212;0,301578;0,074758;0,004184;0,440908;52,5;2,5
12.08.2025 07:32:25;0,005917;0,025283;1,042246;0,022009;0,619163;0,464191;52,299999;-13,8
12.08.2025 07:37:24;0,003611;0,039499;0,311218;0,160202;0,015065;0,491629;52,5;0
12.08.2025 07:42:27;0,00204;0,094091;0,402832;0,025562;0,000181;0,521397;52,5;0
12.08.2025 07:47:29;0,000546;0,060388;0,395799;0,094039;0;0,550044;52,599998;4
12.08.2025 07:52:31;0,000773;0,017462;0,336138;0,22682;0;0,579147;52,599998;4,7
12.08.2025 07:57:33;0,000318;0,020918;0,282298;0,309764;0;0,612615;52,700001;6,4
12.08.2025 08:02:35;0,000131;0,024374;0,286299;0,391252;0;0,700651;52,700001;7,9
12.08.2025 08:07:38;0,006787;0,031001;0,30856;0,446161;0,002538;0,776657;52,799999;9
12.08.2025 08:12:39;0,000371;0,022812;0,310975;0,579428;0;0,913216;52,900002;11,8
12.08.2025 08:17:41;0,004922;0,023464;0,315766;0,729936;0;1,064437;53;14,9
12.08.2025 08:22:43;0,001182;0,030194;0,309945;0,845074;0;1,183759;53;18
12.08.2025 08:27:45;0,001859;0,027284;0,327043;1,005322;0;1,357648;53,099998;21
12.08.2025 08:32:47;0,00083;0,024919;0,311037;1,195582;0;1,53081;53,200001;22,4
12.08.2025 08:37:46;0,002245;0,028109;0,398668;1,247812;0;1,672567;53,299999;26,1
12.08.2025 08:42:48;0,001114;0,026011;0,366696;1,421493;0;1,81238;53,400002;27,9
12.08.2025 08:47:51;0,005059;0,032451;0,434377;1,536817;0;1,998569;53,5;30,200001
12.08.2025 08:52:51;0,003799;0,023987;0,462891;1,641541;0;2,124756;53,599998;32,200001
12.08.2025 08:57:52;0,001819;0,038872;0,460258;1,857273;0;2,354943;53,799999;34,5
12.08.2025 09:02:56;0,007369;0,039572;0,557628;1,989826;0;2,579619;54;41,400002
12.08.2025 09:07:57;0,000188;0,093804;0,523037;2,423562;0;3,040402;54;45,799999
12.08.2025 09:12:59;0;0,275022;0,435451;2,475198;0;3,185308;54,099998;45,799999
12.08.2025 09:17:58;0;0,42347;0,403077;2,484233;0;3,311331;54,099998;45,799999
12.08.2025 09:23:02;0,002603;0,499806;0,418492;2,464154;0;3,379019;54,099998;45,799999
12.08.2025 09:28:03;0;0,510445;0,510262;2,483421;0;3,503945;54,099998;45,799999
12.08.2025 09:33:05;0;0,582967;0,508572;2,483747;0;3,575286;54,099998;45,799999
12.08.2025 09:38:05;0,001076;0,589417;0,534302;2,474304;0;3,597656;54,099998;45,799999
12.08.2025 09:43:07;0;0,481107;0,64099;2,473743;0;3,595658;54,099998;45,799999
12.08.2025 09:48:09;0;0,57751;0,596245;2,475744;0;3,649498;54,099998;45,799999
12.08.2025 09:53:09;0;0,705139;0,540161;2,482361;0;3,728027;54,099998;45,799999
12.08.2025 09:58:12;0;0,79533;0,528649;2,475368;0;3,799167;54,099998;45,799999
12.08.2025 10:03:13;0;0,916683;0,481792;2,474661;0;3,873319;54,099998;45,599998
12.08.2025 10:08:15;0;0,918013;0,518031;2,469559;0;3,905603;54,099998;45,599998
12.08.2025 10:13:17;0;0,934384;0,52567;2,473743;0;3,933251;54,099998;45,599998
12.08.2025 10:18:20;0;0,98043;0,504718;2,456877;0;3,942025;54,099998;45,599998
12.08.2025 10:23:21;0;0,937488;0,569756;2,480319;0;3,987928;54,200001;45,799999
12.08.2025 10:28:23;0;0,944024;0,562049;2,483383;0;3,989274;54,200001;45,700001
12.08.2025 10:33:25;0;1,021146;0,450003;2,474288;0;3,94562;54,200001;45,700001
12.08.2025 10:38:27;0;1,069166;0,384885;2,47447;0;3,928158;54,299999;45,599998
12.08.2025 10:43:29;0;1,070258;0,38343;2,473743;0;3,92743;54,400002;45,5
12.08.2025 10:48:30;0;0,997894;0,485077;2,481596;0;3,964568;54,5;45,400002
12.08.2025 10:53:33;0;0,971184;0,500367;2,470655;0;3,94275;54,599998;45,099998
12.08.2025 10:58:35;0;0,960576;0,503116;2,467922;0;3,931068;55,400002;44,599998
12.08.2025 11:03:37;0;1,976266;0,490019;1,493704;0,001819;3,957988;55,599998;-0,3
12.08.2025 11:08:39;0;3,68624;0,318676;0,000182;0,00964;3,995822;54,200001;0
12.08.2025 11:13:41;0;3,725529;0,237916;0;0;3,963809;53,900002;0
12.08.2025 11:18:41;0;3,764282;0,209106;0;0;3,973389;53,799999;0
12.08.2025 11:23:43;0;3,815021;0,205903;0;0;4,02056;53,700001;0
12.08.2025 11:28:45;0;3,680784;0,325588;0;0;4,006008;53,599998;0
12.08.2025 11:33:45;0;3,701843;0,327393;0;0;4,029785;53,599998;0
12.08.2025 11:38:46;0;3,70524;0,364629;0;0;4,069686;53,599998;0
12.08.2025 11:43:49;0;3,607178;0,466647;0;0;4,074006;53,599998;0
12.08.2025 11:48:51;0;3,674417;0,462735;0;0;4,137699;53,5;0
12.08.2025 11:53:53;0;3,811565;0,370698;0;0;4,181353;53,5;0
12.08.2025 11:58:54;0;3,918579;0,3201;0;0;4,239044;53,5;0
12.08.2025 12:03:56;0;3,948894;0,324861;0;0;4,273027;53,5;0
12.08.2025 12:08:59;0;4,007834;0,30711;0;0;4,315488;53,5;0
12.08.2025 12:14:01;0;4,002006;0,341959;0;0;4,344329;53,5;0
12.08.2025 12:19:03;0;4,038749;0,365241;0;0;4,403262;53,5;0
12.08.2025 12:24:05;0;4,042205;0,389614;0;0;4,431637;53,400002;0
12.08.2025 12:29:05;0,009533;3,303406;1,128296;0;0,018127;4,404785;53,299999;-9,9
12.08.2025 12:34:07;0,019428;1,561914;3,166391;0;0,276477;4,432365;53,099998;0
12.08.2025 12:39:09;0,014637;2,575421;1,988453;0;0,092583;4,456375;53,200001;0
12.08.2025 12:44:08;0;4,109034;0,35972;0;0;4,468753;53,200001;0
12.08.2025 12:49:10;0;4,058757;0,374699;0;0;4,433093;53,200001;0
12.08.2025 12:54:13;0;3,922808;0,498192;0;0;4,420637;53,299999;0
12.08.2025 12:59:15;0;4,020923;0,423447;0;0;4,445461;53,200001;0
12.08.2025 13:04:17;0;4,115144;0,355782;0;0;4,470926;53,299999;0
12.08.2025 13:09:17;0;4,198608;0,317871;0;0;4,516846;53,299999;0
12.08.2025 13:14:18;0;4,30091;0,259146;0;0;4,560239;53,299999;0
12.08.2025 13:19:20;0;4,408355;0,203356;0;0;4,611348;53,299999;0
12.08.2025 13:24:21;0;4,385041;0,225931;0;0;4,611338;53,200001;0
12.08.2025 13:29:23;0;4,340691;0,261562;0;0;4,601889;53,299999;0
12.08.2025 13:34:25;0;4,182808;0,407076;0;0;4,58952;53,200001;0
12.08.2025 13:39:27;0;4,166801;0,425993;0;0;4,593158;53,299999;0
12.08.2025 13:44:29;0;4,083494;0,482744;0;0;4,565511;53,299999;0
12.08.2025 13:49:31;0;4,160981;0,423083;0;0;4,5837;53,200001;0
12.08.2025 13:54:33;0;4,155524;0,398709;0;0;4,554597;53,200001;0
12.08.2025 13:59:35;0;4,18972;0,342686;0;0;4,533497;53,200001;0
12.08.2025 14:04:37;0;4,154433;0,359056;0;0;4,513125;53,200001;0
12.08.2025 14:09:38;0;4,182835;0,31134;0;0;4,49381;53,200001;0
12.08.2025 14:14:41;0;4,157038;0,280278;0;0;4,438041;53,299999;0
12.08.2025 14:19:43;0;4,047843;0,331409;0;0;4,378525;53,299999;0
12.08.2025 14:24:45;0;3,986;0,323405;0;0;4,309405;53,299999;0
12.08.2025 14:29:47;0;3,973267;0,31904;0;0;4,292671;53,200001;0
12.08.2025 14:34:48;0;3,901424;0,311705;0;0;4,212034;53,200001;0
12.08.2025 14:39:50;0;3,902693;0,244828;0;0;4,148612;53,200001;0
12.08.2025 14:44:52;0;3,786645;0,253195;0;0;4,038749;53,200001;0
12.08.2025 14:49:55;0;3,784663;0,271576;0;0;4,057327;53,200001;0
12.08.2025 14:54:57;0;3,73135;0,314311;0;0;4,045297;53,200001;0
12.08.2025 14:59:59;0;3,639676;0,368515;0;0;4,008191;53,200001;0
12.08.2025 15:05:00;0;3,668193;0,32229;0;0;3,990118;53,200001;0
12.08.2025 15:10:03;0;3,639992;0,317987;0;0;3,958704;53,200001;0
12.08.2025 15:15:05;0;3,606208;0,31904;0;0;3,925248;53,200001;0
12.08.2025 15:20:07;0;3,622942;0,285936;0;0;3,908514;53,200001;0
12.08.2025 15:25:08;0;3,586434;0,279586;0;0;3,86675;53,200001;0
12.08.2025 15:30:09;0;3,564899;0,273381;0;0;3,83755;53,200001;0
12.08.2025 15:35:11;0;3,493798;0,279024;0;0;3,772458;53,200001;0
12.08.2025 15:40:13;0;3,389755;0,330317;0;0;3,720073;53,200001;0
12.08.2025 15:45:13;0;3,261841;0,422974;0;0;3,684814;53,200001;0
12.08.2025 15:50:14;0;3,21341;0,408794;0;0;3,622203;53,200001;0
12.08.2025 15:55:15;0;3,176545;0,387259;0;0;3,563804;53,200001;0
12.08.2025 16:00:17;0;3,188218;0,371789;0;0;3,560734;53,200001;0
12.08.2025 16:05:18;0;3,206475;0,332145;0;0;3,538255;53,200001;0
12.08.2025 16:10:21;0;3,126934;0,304571;0;0;3,431505;53,200001;0
12.08.2025 16:15:21;0;3,203613;0,228516;0;0;3,431396;53,200001;0
12.08.2025 16:20:23;0;3,29408;0,235369;0;0;3,530176;53,200001;0
12.08.2025 16:25:25;0;3,187854;0,291392;0;0;3,479246;53,200001;0
12.08.2025 16:30:27;0;3,019058;0,311037;0;0;3,329367;53,200001;0
12.08.2025 16:35:29;0;2,94048;0,369242;0;0;3,31045;53,200001;0
12.08.2025 16:40:31;0;2,91647;0,388159;0;0;3,305357;53,200001;0
12.08.2025 16:45:33;0;2,883002;0,333591;0;0;3,215866;53,200001;0
12.08.2025 16:50:34;0;2,953899;0,224836;0;0;3,17837;53,200001;0
12.08.2025 16:55:36;0;2,927747;0,186258;0;0;3,114006;53,200001;0
12.08.2025 17:00:39;0;2,811122;0,204498;0;0;3,015983;53,200001;0
12.08.2025 17:05:41;0;2,709112;0,304852;0;0;3,014328;53,200001;0
12.08.2025 17:10:43;0;2,681464;0,283389;0;0;2,964853;53,200001;0
12.08.2025 17:15:44;0;2,599854;0,282141;0;0;2,881265;53,200001;0
12.08.2025 17:20:46;0;2,516306;0,353963;0;0;2,870269;53,200001;0
12.08.2025 17:25:49;0;2,575804;0,290431;0;0;2,866598;53,200001;0
12.08.2025 17:30:51;0;2,594883;0,249557;0;0;2,843349;53,200001;0
12.08.2025 17:35:53;0;2,597066;0,21718;0;0;2,814246;53,200001;0
12.08.2025 17:40:55;0;2,531221;0,211723;0;0;2,742217;53,200001;0
12.08.2025 17:45:54;0;2,331747;0,37405;0;0;2,706532;53,200001;0
12.08.2025 17:50:57;0;2,201254;0,411171;0;0;2,611338;53,200001;0
12.08.2025 17:55:58;0;2,066963;0,431423;0;0;2,498751;53,200001;0
12.08.2025 18:01:01;0;1,907198;0,455769;0;0;2,362604;53,200001;0
12.08.2025 18:06:02;0;1,765477;0,455148;0;0;2,220625;53,200001;0
12.08.2025 18:11:05;0;1,723367;0,345544;0;0;2,069636;53,200001;0
12.08.2025 18:16:07;0;1,724708;0,232095;0;0;1,956439;53,200001;0
12.08.2025 18:21:08;0;1,687004;0,205492;0;0;1,89286;53,200001;0
12.08.2025 18:26:10;0;1,656316;0,204084;0;0;1,8604;53,200001;0
12.08.2025 18:31:13;0;1,479347;0,310373;0;0;1,788995;53,200001;0
12.08.2025 18:36:15;0,002723;0,828704;0,945115;0;0,099677;1,671959;53;-7,5
12.08.2025 18:41:16;0,00345;0,031025;1,981919;0,006935;0,456425;1,559986;52,799999;-17,9
12.08.2025 18:46:19;0,000034;0,04061;3,073996;0;1,630001;1,484423;52,700001;-28,5
12.08.2025 18:51:21;0,000017;0,038561;2,618166;0;1,25888;1,397665;52,799999;-17,6
12.08.2025 18:56:22;0,000029;0,040514;0,723784;0,687649;0,146363;1,30595;53,299999;18,799999
12.08.2025 19:01:24;0;0,028739;0,208085;0,938749;0;1,175028;53,400002;16,5
12.08.2025 19:06:27;0,000329;0,025381;0,196159;0,844461;0;1,066;53,599998;14,9
12.08.2025 19:11:29;0,006258;0,032013;0,300123;0,660453;0,000909;0,985132;53,599998;10,1
12.08.2025 19:16:31;0;0,024737;0,370334;0,510028;0;0,905826;53,799999;8,6
12.08.2025 19:21:32;0,000508;0,02409;0,369374;0,434891;0;0,827077;54,099998;7,8
12.08.2025 19:26:32;0,00095;0,0271;0,30249;0,428833;0;0,758057;54,700001;7,6
12.08.2025 19:31:34;0,002689;0,030194;0,28157;0,385977;0;0,694831;55,700001;6,3
12.08.2025 19:36:37;0;0,244382;0,184193;0,201053;0,000181;0,630173;55,400002;0
12.08.2025 19:41:38;0;0,439818;0,121908;0;0;0,560631;54,799999;0
12.08.2025 19:46:38;0;0,358887;0,122314;0;0;0,481201;54,5;0
12.08.2025 19:51:39;0,022869;0,159867;0,269731;0;0,01825;0,388354;54,200001;0
12.08.2025 19:56:42;0,055476;0,008339;0,409721;0;0,055838;0,306747;53,900002;-4,9
12.08.2025 20:01:43;0,003547;0,028105;0,546396;0;0,331597;0,239436;53,200001;-6,8
13.08.2025 02:45:21;0,004847;0,026515;0,348579;0;0,364176;0,00607;53;-3,2
13.08.2025 03:52:48;0,016453;0,02674;0,239109;0;0,249398;0;53;-4,6
13.08.2025 03:57:49;0,004523;0,02044;0,227391;0;0,243086;0;53;-4,5
13.08.2025 04:02:48;0,005127;0,029762;0,245814;0;0,270616;0;52,900002;-5,3
13.08.2025 04:07:48;0,004337;0,031128;0,242065;0;0,268982;0;52,900002;-5,2
13.08.2025 04:12:50;0,005445;0,039653;0,343777;0;0,377973;0;52,900002;-7,4
13.08.2025 04:17:50;0,003433;0,023071;0,384521;0;0,40448;0;52,900002;-7,4
13.08.2025 04:22:51;0,00657;0,02336;0,375579;0;0,392004;0;52,799999;-7,5
13.08.2025 04:27:53;0,001251;0,028011;0,360148;0;0,386704;0;52,900002;-7,3
13.08.2025 04:32:55;0,000449;0,034196;0,278296;0;0,312492;0;52,900002;-5,6
13.08.2025 04:37:57;0,002706;0,026556;0,218271;0;0,241554;0;52,900002;-3,5
13.08.2025 04:42:59;0,013432;0,027284;0,194989;0;0,209541;0;52,900002;-5,8
13.08.2025 04:48:01;0,001012;0,021827;0,225911;0;0,246465;0;52,900002;-4,7
13.08.2025 04:53:02;0,00673;0,035039;0,235056;0;0,263343;0;52,900002;-7,6
13.08.2025 04:58:04;0,00295;0,028375;0,297577;0;0,322496;0;52,900002;-5,5
13.08.2025 05:03:07;0,00021;0,020305;0,269038;0;0,289524;0;52,900002;-5,4
13.08.2025 05:08:09;0,003041;0,023646;0,302306;0;0,323042;0;52,900002;-6,9
13.08.2025 05:13:10;0;0,02409;0,324845;0;0,349117;0;52,900002;-6,3
13.08.2025 05:18:12;0,001376;0,019281;0,267746;0;0,285026;0;52,900002;-4,4
13.08.2025 05:23:16;0,000011;0,022768;0,197682;0;0,220811;0;52,900002;-3,4
13.08.2025 05:28:17;0,001215;0,026645;0,153298;0;0,178665;0;53;-3,4
13.08.2025 05:33:19;0,006122;0,026556;0,179346;0;0,199718;0;52,900002;-6
13.08.2025 05:38:21;0;0,026193;0,274658;0;0,300851;0;52,900002;-5,6
13.08.2025 05:43:22;0,000006;0,0219;0,272286;0;0,294368;0;52,900002;-5,4
13.08.2025 05:48:24;0;0,020372;0,268474;0;0,288482;0;52,900002;-5,4
13.08.2025 05:53:27;0;0,020305;0,2665;0;0,287349;0;52,900002;-5,5
13.08.2025 05:58:29;0,000045;0,023282;0,202992;0;0,226275;0;52,900002;-3,9
13.08.2025 06:03:30;0,00483;0,01971;0,181767;0;0,196184;0;52,900002;-3,9
13.08.2025 06:08:32;0,00885;0,026193;0,338684;0;0,355782;0;52,900002;-6,9
13.08.2025 06:13:32;0,005825;0,029297;0,383789;0;0,407776;0;52,799999;-8,9
13.08.2025 06:18:34;0,000267;0,024374;0,449275;0;0,448912;0,024737;52,799999;-6,9
13.08.2025 06:23:36;0;0,024374;0,37288;0;0,345415;0,05093;52,799999;-6,1
13.08.2025 06:28:38;0,001131;0,02401;0,386704;0;0,322314;0,087309;52,799999;-6,4
13.08.2025 06:33:38;0,004784;0,025269;0,39917;0;0,292236;0,128174;52,900002;-3,8
13.08.2025 06:38:40;0,010902;0,028375;0,322314;0;0,17298;0,166614;53;0
13.08.2025 06:43:41;0,000074;0,025185;0,183227;0;0;0,208047;53;0
13.08.2025 06:48:44;0;0,122191;0,133431;0;0;0,25526;53,099998;0
13.08.2025 06:53:47;0,000221;0,03227;0,182743;0,082851;0;0,29732;53,200001;1,9
13.08.2025 06:58:49;0,006946;0,07494;0,239371;0,03656;0,006002;0,339048;53,099998;0
13.08.2025 07:03:51;0,000426;0,126234;0,244828;0,001637;0;0,371789;53,200001;1,8
13.08.2025 07:08:53;0,004422;0,042927;0,28448;0,083489;0;0,40744;53,200001;2,1
13.08.2025 07:13:52;0,001338;0,074589;0,310116;0,059708;0;0,441658;53,200001;0
13.08.2025 07:18:52;0,012926;0,038452;0,303223;0,1474;0;0,476807;53,299999;5,1
13.08.2025 07:23:54;0,00731;0,029467;0,61407;0,150607;0,277023;0,510028;52,900002;-11,6
13.08.2025 07:28:57;0,001105;0,034083;0,548229;0,178936;0,216101;0,543878;53,299999;5,1
13.08.2025 07:33:56;0,009163;0,035641;0,336571;0,257572;0,040418;0,580548;53,299999;5,2
13.08.2025 07:38:58;0,013062;0,037106;0,376518;0,219181;0,006002;0,613343;53,400002;4,3
13.08.2025 07:44:01;0,009971;0,013416;0,400657;0,249277;0;0,653378;53,400002;5,1
13.08.2025 07:49:02;0,000605;0,021535;0,383244;0,291448;0;0,695679;53,5;5,7
13.08.2025 07:54:04;0,006042;0,022555;0,373244;0,336684;0;0,726844;53,5;7,1
13.08.2025 07:59:06;0,004729;0,021463;0,312492;0,43436;0;0,762495;53,599998;10,4
13.08.2025 08:04:08;0,000023;0,022555;0,216816;0,603339;0;0,843255;53,700001;11,8
13.08.2025 08:09:10;0,005809;0,028739;0,249557;0,671003;0,000546;0,942933;53,700001;11,8
13.08.2025 08:14:11;0,004916;0,032484;0,333605;0,685277;0,000365;1,046074;53,799999;11,5
13.08.2025 08:19:12;0,003222;0,023725;0,401859;0,740756;0,000182;1,162872;53,799999;14,7
13.08.2025 08:24:14;0;0,026193;0,384521;0,862718;0;1,27325;53,900002;17,5
13.08.2025 08:29:15;0,000011;0,027375;0,403319;0,989135;0;1,419828;53,900002;19,700001
13.08.2025 08:34:18;0,000957;0,023931;0,408996;1,114587;0;1,546788;53,900002;20,4
13.08.2025 08:39:19;0,001181;0,030295;0,488362;1,172909;0;1,690654;53,900002;24,200001
13.08.2025 08:44:21;0,003126;0,025465;0,382703;1,420401;0;1,824749;54;26,700001
13.08.2025 08:49:23;0,004087;0,025101;0,432905;1,532629;0;1,98627;54;29,1
13.08.2025 08:54:24;0,000074;0,03139;0,441643;1,613275;0;2,086307;54;31,200001
13.08.2025 08:59:26;0,005536;0,030194;0,498023;1,79983;0;2,323135;54,099998;33,799999
13.08.2025 09:04:28;0,000034;0,032377;0,565323;1,98918;0;2,586516;54,099998;40,5
13.08.2025 09:09:29;0,000034;0,024455;0,574501;2,333956;0;2,933824;54,200001;44,200001
13.08.2025 09:14:31;0,000352;0,037834;0,534401;2,459009;0;3,030335;54,200001;45,700001
13.08.2025 09:19:32;0;0,128113;0,526687;2,479224;0;3,133841;54,200001;45,599998
13.08.2025 09:24:34;0;0,30267;0,446001;2,469377;0;3,218048;54,299999;45,599998
13.08.2025 09:29:36;0;0,413624;0,432905;2,481018;0;3,327912;54,299999;45,599998
13.08.2025 09:34:38;0;0,493293;0,43145;2,473015;0;3,397758;54,299999;45,599998
13.08.2025 09:39:40;0,001631;0,483471;0,496931;2,468104;0;3,446506;54,400002;45,400002
13.08.2025 09:44:40;0;0,464355;0,544922;2,476501;0;3,486328;54,5;45,299999
13.08.2025 09:49:42;0;0,54968;0,5304;2,470469;0;3,549821;54,799999;45,200001
13.08.2025 09:54:44;0;0,572235;0,580602;2,466831;0;3,619668;56,200001;39,599998
13.08.2025 09:59:46;0;2,249287;0,470375;0,94075;0,000909;3,660412;55;0
13.08.2025 10:04:46;0;3,414551;0,286743;0,000183;0;3,700928;54,099998;0
13.08.2025 10:09:47;0;3,491535;0,226661;0;0;3,718562;53,799999;0
13.08.2025 10:14:51;0;3,435035;0,287668;0;0;3,721619;53,700001;0
13.08.2025 10:19:52;0;3,303198;0,464638;0;0;3,768931;53,700001;0
13.08.2025 10:24:54;0;3,2999;0,466009;0;0;3,765182;53,599998;0
13.08.2025 10:29:56;0;3,31045;0,447456;0;0;3,757906;53,599998;0
13.08.2025 10:34:59;0;3,323455;0,414072;0;0;3,738252;53,599998;0
13.08.2025 10:40:00;0;3,354663;0,391274;0;0;3,744841;53,5;0
13.08.2025 10:45:02;0;3,456328;0,294666;0;0;3,751358;53,5;0
13.08.2025 10:50:04;0;3,542909;0,217544;0;0;3,760817;53,5;0
13.08.2025 10:55:06;0;3,556369;0,213178;0;0;3,769547;53,5;0
13.08.2025 11:00:07;0;3,575484;0,212062;0;0;3,787181;53,5;0
13.08.2025 11:05:08;0;3,479856;0,31791;0;0;3,797401;53,5;0
13.08.2025 11:10:10;0;3,485795;0,315766;0;0;3,802288;53,400002;0
13.08.2025 11:15:12;0;3,474517;0,346324;0;0;3,821205;53,400002;0
13.08.2025 11:20:12;0;3,479736;0,370605;0;0;3,849609;53,400002;0
13.08.2025 11:25:14;0;3,505075;0,36997;0;0;3,875045;53,400002;0
13.08.2025 11:30:16;0;3,681511;0,235369;0;0;3,916517;53,400002;0
13.08.2025 11:35:17;0;3,720752;0,230311;0;0;3,952158;53,400002;0
13.08.2025 11:40:19;0;3,684058;0,283389;0;0;3,967447;53,400002;0
13.08.2025 11:45:21;0;3,577469;0,397254;0;0;3,974723;53,400002;0
13.08.2025 11:50:24;0;3,640354;0,401019;0;0;4,040648;53,400002;0
13.08.2025 11:55:26;0;3,694244;0,373972;0;0;4,067852;53,400002;0
13.08.2025 12:00:26;0;3,764282;0,355591;0;0;4,119873;53,400002;0
13.08.2025 12:05:28;0;2,807698;1,354374;0;0;4,162436;53,400002;0
13.08.2025 12:10:31;0;2,30024;1,890519;0;0;4,190758;53,400002;0
13.08.2025 12:15:32;0;1,207401;3,048067;0;0;4,255833;53,400002;0
13.08.2025 12:20:34;0;1,659227;2,604342;0;0;4,262841;53,400002;0
13.08.2025 12:25:34;0;2,942139;1,334106;0;0;4,276611;53,400002;0
13.08.2025 12:30:36;0;3,844851;0,423083;0;0;4,267934;53,299999;0
13.08.2025 12:35:36;0;3,861694;0,43396;0;0;4,295654;53,299999;0
13.08.2025 12:40:38;0;3,869225;0,472921;0;0;4,342146;53,299999;0
13.08.2025 12:45:40;0;3,910696;0,444182;0;0;4,355242;53,299999;0
13.08.2025 12:50:41;0;4,055087;0,3347;0;0;4,389421;53,299999;0
13.08.2025 12:55:43;0,013312;1,946617;2,599976;0;0,148606;4,385073;53,200001;0
13.08.2025 13:00:46;0,010504;2,388348;2,060571;0;0,027013;4,410485;53,200001;0
13.08.2025 13:05:48;0;3,225324;1,207769;0;0;4,43382;53,200001;0
13.08.2025 13:10:49;0;4,047422;0,449308;0;0;4,49673;53,299999;0
13.08.2025 13:15:51;0;4,103139;0,438362;0;0;4,540773;53,200001;0
13.08.2025 13:20:53;0;4,097318;0,43145;0;0;4,529132;53,200001;0
13.08.2025 13:25:56;0;4,109539;0,430751;0;0;4,54029;53,200001;0
13.08.2025 13:30:57;0;4,259483;0,297105;0;0;4,556589;53,200001;0
13.08.2025 13:36:00;0;4,240795;0,241844;0;0;4,483727;53,200001;0
13.08.2025 13:41:02;0;4,26466;0,276477;0;0;4,540046;53,200001;0
13.08.2025 13:46:04;0;4,20027;0,330317;0;0;4,530587;53,200001;0
13.08.2025 13:51:06;0;4,117327;0,412533;0;0;4,530587;53,299999;0
13.08.2025 13:56:08;0;4,16862;0,357238;0;0;4,525494;53,200001;0
13.08.2025 14:01:10;0;4,143883;0,342322;0;0;4,486205;53,299999;0
13.08.2025 14:06:12;0;4,075855;0,408531;0;0;4,483295;53,200001;0
13.08.2025 14:11:14;0;4,113689;0,32959;0;0;4,444734;53,200001;0
13.08.2025 14:16:16;0;4,100592;0,296849;0;0;4,396714;53,200001;0
13.08.2025 14:21:17;0;4,016397;0,358789;0;0;4,375552;53,200001;0
13.08.2025 14:26:20;0;3,919907;0,379989;0;0;4,300259;53,200001;0
13.08.2025 14:31:23;0;3,815845;0,433652;0;0;4,249497;53,200001;0
13.08.2025 14:36:23;0;3,794312;0,428467;0;0;4,222412;53,200001;0
13.08.2025 14:41:25;0;3,754632;0,421628;0;0;4,175532;53,200001;0
13.08.2025 14:46:28;0;3,756019;0,414072;0;0;4,169728;53,200001;0
13.08.2025 14:51:30;0;3,796831;0,340503;0;0;4,138426;53,200001;0
13.08.2025 14:56:32;0;3,827026;0,258652;0;0;4,085313;53,200001;0
13.08.2025 15:01:33;0;3,743746;0,280316;0;0;4,024427;53,200001;0
13.08.2025 15:06:35;0;3,721891;0,283025;0;0;4,004553;53,200001;0
13.08.2025 15:11:38;0;3,633103;0,308922;0;0;3,942025;53,200001;0
13.08.2025 15:16:40;0;3,57565;0,332136;0;0;3,907786;53,200001;0
13.08.2025 15:21:43;0;3,521789;0,324514;0;0;3,847028;53,200001;0
13.08.2025 15:26:44;0;3,448101;0,379594;0;0;3,82733;53,200001;0
13.08.2025 15:31:46;0;3,426861;0,373608;0;0;3,800105;53,200001;0
13.08.2025 15:36:48;0;3,4767;0,28448;0;0;3,761544;53,200001;0
13.08.2025 15:41:48;0;3,496582;0,250122;0;0;3,746338;53,200001;0
13.08.2025 15:46:50;0;3,425042;0,229185;0;0;3,653864;53,200001;0
13.08.2025 15:51:51;0;3,328018;0,28944;0;0;3,617823;53,200001;0
13.08.2025 15:56:54;0;3,242236;0,341193;0;0;3,583791;53,200001;0
13.08.2025 16:01:56;0;3,245696;0,337593;0;0;3,583289;53,200001;0
13.08.2025 16:06:56;0;3,301025;0,312378;0;0;3,613037;53,200001;0
13.08.2025 16:11:58;0;3,259884;0,307035;0;0;3,567283;53,200001;0
13.08.2025 16:16:59;0;3,338968;0,229581;0;0;3,568184;53,200001;0
13.08.2025 16:22:01;0;3,219503;0,323405;0;0;3,543273;53,200001;0
13.08.2025 16:27:03;0;3,089996;0,356146;0;0;3,445778;53,200001;0
13.08.2025 16:32:04;0;3,021058;0,385434;0;0;3,406127;53,200001;0
13.08.2025 16:37:06;0;2,962671;0,395435;0;0;3,359197;53,200001;0
13.08.2025 16:42:08;0;2,989591;0,384521;0;0;3,373749;53,200001;0
13.08.2025 16:47:08;0;2,867798;0,437622;0;0;3,304688;53,200001;0
13.08.2025 16:52:11;0;2,846656;0,383978;0;0;3,230633;53,200001;0
13.08.2025 16:57:12;0;2,796586;0,364264;0;0;3,161581;53,200001;0
13.08.2025 17:02:14;0;2,754585;0,245919;0;0;3,000504;53,200001;0
13.08.2025 17:07:16;0;2,677463;0,221182;0;0;2,897917;53,200001;0
13.08.2025 17:12:18;0;2,650179;0,222637;0;0;2,873179;53,200001;0
13.08.2025 17:17:19;0;2,558975;0,303675;0;0;2,863015;53,200001;0
13.08.2025 17:22:22;0;2,59901;0,326689;0;0;2,924611;53,200001;0
13.08.2025 17:27:24;0;2,556686;0,324497;0;0;2,880455;53,200001;0
13.08.2025 17:32:26;0;2,557413;0,322678;0;0;2,879728;53,200001;0
13.08.2025 17:37:27;0;2,475026;0,34054;0;0;2,815566;53,200001;0
13.08.2025 17:42:29;0;2,444276;0,287754;0;0;2,732031;53,200001;0
13.08.2025 17:47:29;0;2,360229;0,285645;0;0;2,64624;53,200001;0
13.08.2025 17:52:31;0;2,273297;0,263017;0;0;2,536314;53,200001;0
13.08.2025 17:57:33;0;2,107774;0,288846;0;0;2,395893;53,200001;0
13.08.2025 18:02:35;0;1,9488;0,310309;0;0;2,257654;53,200001;0
13.08.2025 18:07:38;0;1,785006;0,354971;0;0;2,140702;53,200001;0
13.08.2025 18:12:40;0;1,643948;0,360148;0;0;2,004459;53,200001;0
13.08.2025 18:17:42;0;1,468603;0,355055;0;0;1,823294;53,200001;0
13.08.2025 18:22:44;0;1,551546;0,250648;0;0;1,802194;53,200001;0
13.08.2025 18:27:46;0;1,507892;0,294303;0;0;1,802194;53,200001;0
13.08.2025 18:32:45;0;1,410218;0,282558;0;0;1,693144;53,200001;0
13.08.2025 18:37:48;0;1,222274;0,356784;0;0;1,579421;53,200001;0
13.08.2025 18:42:49;0;1,085493;0,387989;0;0;1,472387;53,200001;0
13.08.2025 18:47:49;0;1,006714;0,38855;0;0;1,395996;53,200001;0
13.08.2025 18:52:51;0;0,939658;0,383066;0;0;1,321997;53,200001;0
13.08.2025 18:57:52;0;0,850072;0,371199;0;0;1,221271;53,200001;0
13.08.2025 19:02:54;0;0,773772;0,345233;0;0;1,119005;53,200001;0
13.08.2025 19:07:56;0;0,772317;0,254286;0;0;1,026603;53,200001;0
13.08.2025 19:12:58;0;0,70247;0,251376;0;0;0,954574;53,200001;0
13.08.2025 19:17:59;0;0,633995;0,233961;0;0;0,867226;53,200001;0
13.08.2025 19:23:01;0,002552;0,457279;0,338684;0;0,001819;0,791598;53,200001;0
13.08.2025 19:28:03;0,00116;0,349234;0,368879;0;0;0,717385;53,200001;0
13.08.2025 19:33:05;0;0,250648;0,402711;0;0;0,653359;53,200001;0
13.08.2025 19:38:08;0;0,213925;0,378901;0;0;0,592464;53,200001;0
13.08.2025 19:43:09;0;0,265351;0,265716;0;0;0,531432;53,200001;0
13.08.2025 19:48:11;0;0,323042;0,13933;0;0;0,462008;53,200001;0
13.08.2025 19:53:13;0;0,218635;0,140421;0;0;0,35942;53,200001;0
13.08.2025 19:58:15;0;0,14988;0,140057;0;0;0,290301;53,200001;0
13.08.2025 20:03:16;0,041792;0,027375;0,246006;0;0,00511;0,226296;53,200001;0
13.08.2025 20:08:18;0,056216;0,005457;0,267746;0;0,040562;0,1768;53,099998;-3
13.08.2025 20:13:19;0,001859;0,024455;0,338715;0;0,235786;0,124828;53;-5,5
13.08.2025 20:18:21;0;0,020736;0,364149;0;0,313583;0,071302;52,900002;-6,9
13.08.2025 20:23:24;0,000017;0,023931;0,357871;0;0,361135;0,020305;52,900002;-5,7
13.08.2025 20:28:25;0,004477;0,028105;0,31572;0;0,338532;0,00146;52,900002;-6,4
13.08.2025 20:33:27;0,000028;0,024374;0,308126;0;0,331773;0;52,900002;-6
13.08.2025 20:38:29;0,000057;0,022918;0,321223;0;0,343959;0;52,900002;-8,3
13.08.2025 20:43:32;0,00494;0,028644;0,527199;0;0,551311;0;52,799999;-11,7
13.08.2025 20:48:33;0,000616;0,027375;0,673414;0;0,700059;0;52,799999;-12,5
13.08.2025 20:53:36;0,000119;0,027194;0,593189;0;0,620383;0;52,900002;-11,1
13.08.2025 20:58:38;0,000011;0,025465;0,490747;0;0,515666;0;52,900002;-9,7
13.08.2025 21:03:38;0,000017;0,024536;0,459961;0;0,484314;0;52,900002;-8,7
13.08.2025 21:08:40;0;0,025101;0,376882;0;0,402893;0;52,900002;-6,6
13.08.2025 21:13:42;0;0,02692;0,319768;0;0,346506;0;53;-6,5
13.08.2025 21:18:44;0,007804;0,02692;0,336502;0;0,355419;0;52,900002;-7,5
13.08.2025 21:23:45;0,002612;0,02847;0,371564;0;0,397114;0;52,900002;-7,5
13.08.2025 21:28:46;0,004306;0,029565;0,502962;0;0,528147;0;52,900002;-9,8
13.08.2025 21:33:48;0,000819;0,022191;0,469647;0;0,491656;0;52,900002;-8,7
13.08.2025 21:38:49;0,007676;0,020075;0,430693;0;0,443103;0;52,900002;-8
13.08.2025 21:43:51;0,001347;0,021827;0,41035;0;0,430722;0;52,900002;-7,5
13.08.2025 21:48:53;0,00594;0,027284;0,397254;0;0,418535;0;52,900002;-6,3
13.08.2025 21:53:53;0,000355;0,02417;0,309082;0;0,332703;0;53;-6,5
13.08.2025 21:58:56;0,00068;0,027919;0,309285;0;0,336479;0;53;-6,3
13.08.2025 22:03:57;0,004694;0,0219;0,367549;0;0,384886;0;52,900002;-7,1
13.08.2025 22:08:58;0,005429;0,02774;0,482887;0;0,505152;0;52,900002;-9,7
13.08.2025 22:14:01;0,000159;0,025744;0,478975;0;0,504356;0;52,900002;-9,7
13.08.2025 22:19:04;0,004759;0,021755;0,465197;0;0,482419;0;52,900002;-8,5
13.08.2025 22:24:04;0,000229;0,027832;0,414551;0;0,442017;0;52,900002;-8,5
13.08.2025 22:29:06;0,01055;0,028011;0,420172;0;0,437998;0;52,900002;-8,5
13.08.2025 22:34:08;0,00058;0,025101;0,412897;0;0,43727;0;52,900002;-8,3
13.08.2025 22:39:10;0,005241;0,028011;0,47183;0;0,494567;0;52,900002;-9,3
13.08.2025 22:44:11;0,002863;0,031025;0,470113;0;0,498217;0;52,900002;-9,3
13.08.2025 22:49:14;0,007099;0,032995;0,588113;0;0,613675;0;52,900002;-10,1
13.08.2025 22:54:16;0,002382;0,022918;0,507481;0;0,528581;0;52,900002;-10
13.08.2025 22:59:17;0,003382;0,022265;0,478508;0;0,497305;0;52,900002;-8,5
13.08.2025 23:04:19;0,000477;0,025829;0,435088;0;0,460007;0;52,900002;-8,5
13.08.2025 23:09:21;0,007941;0,016734;0,44491;0;0,453823;0;52,900002;-8,5
13.08.2025 23:14:22;0,000034;0,025185;0,308055;0;0,333605;0;53;-5,5
13.08.2025 23:19:23;0,001665;0,025185;0,262431;0;0,285791;0;53;-6,3
13.08.2025 23:24:25;0,000119;0,025101;0,287027;0;0,31231;0;53;-6
13.08.2025 23:29:28;0,005393;0,03082;0,292969;0;0,318168;0;53;-6,9
13.08.2025 23:34:29;0;0,02482;0,32813;0;0,352767;0;53;-5,5
13.08.2025 23:39:32;0;0,02103;0,271576;0;0,292606;0;53;-5,5
13.08.2025 23:44:32;0;0,022705;0,269531;0;0,29187;0;53;-5,6
13.08.2025 23:49:34;0,004905;0,018189;0,276477;0;0,290483;0;53;-5,6
13.08.2025 23:54:38;0,005319;0,027827;0,241049;0;0,263274;0;53;-4,6
13.08.2025 23:59:39;0;0,0219;0,222647;0;0,244546;0;53;-4,6
14.08.2025 00:04:41;0,000006;0,019644;0,230276;0;0,249921;0;53;-3,7
14.08.2025 00:09:43;0,005252;0,02692;0,221545;0;0,243555;0;53;-6
14.08.2025 00:14:45;0;0,025101;0,294666;0;0,319586;0;53;-6
14.08.2025 00:19:48;0,000567;0,026469;0,294057;0;0,3198;0;53;-6,1
14.08.2025 00:24:50;0,000011;0,026193;0,289573;0;0,315584;0;53;-6
14.08.2025 00:29:51;0,000006;0,02555;0,285061;0;0,310975;0;53;-5,7
14.08.2025 00:34:53;0,007259;0,027648;0,313947;0;0,333955;0;53;-6,9
14.08.2025 00:39:55;0,000131;0,036015;0,310673;0;0,34687;0;53;-6,3
14.08.2025 00:44:57;0,011169;0,016734;0,32959;0;0,334865;0;53;-6,2
14.08.2025 00:49:59;0,006469;0,035651;0,346688;0;0,376154;0;52,900002;-8,4
14.08.2025 00:55:00;0,006279;0,02409;0,384339;0;0,402224;0;52,900002;-7,4
14.08.2025 01:00:02;0,004058;0,02692;0,34887;0;0,371425;0;53;-6
14.08.2025 01:05:05;0,002765;0,021755;0,291881;0;0,310735;0;53;-5,6
14.08.2025 01:10:07;0,00087;0,025465;0,283025;0;0,307945;0;53;-5,6
14.08.2025 01:15:08;0,000798;0,02847;0,321195;0;0,34857;0;53;-4,7
14.08.2025 01:20:10;0,004195;0,018917;0,238643;0;0,253559;0;53;-4,6
14.08.2025 01:25:13;0,003326;0,026106;0,209212;0;0,232054;0;53;-3,6
14.08.2025 01:30:15;0,006741;0,025829;0,164431;0;0,183348;0;53;-3,6
14.08.2025 01:35:16;0,012621;0,032119;0,267906;0;0,287798;0,00073;53;-6,1
14.08.2025 01:40:20;0,002304;0,027466;0,294896;0;0,319832;0;53;-6,1
14.08.2025 01:45:21;0,002635;0,025915;0,294915;0;0,318275;0;53;-5,8
14.08.2025 01:50:24;0,001269;0,021393;0,286805;0;0,307291;0;53;-6
14.08.2025 01:55:26;0,002978;0,025829;0,322314;0;0,344869;0;53;-4,7
14.08.2025 02:00:28;0,000011;0,02983;0,214997;0;0,244464;0;53;-4,6
14.08.2025 02:05:29;0;0,02555;0,220822;0;0,246554;0;53;-4,6
14.08.2025 02:10:32;0,003926;0,026106;0,190357;0;0,212294;0;53;-3,6
14.08.2025 02:15:33;0,007551;0,02555;0,269001;0;0,286886;0;53;-6
14.08.2025 02:20:35;0,000136;0,024374;0,291029;0;0,315584;0;52,900002;-6
14.08.2025 02:25:37;0;0,022191;0,277932;0;0,300305;0;52,900002;-5,5
14.08.2025 02:30:40;0;0,02248;0,2665;0;0,28898;0;53;-5,4
14.08.2025 02:35:40;0,006317;0,026001;0,406494;0;0,425903;0;52,900002;-8,5
14.08.2025 02:40:43;0;0,025018;0,324876;0;0,350438;0;52,900002;-6,3
14.08.2025 02:45:43;0,001333;0,019775;0,307617;0;0,325562;0;52,900002;-4,8
14.08.2025 02:50:44;0,003159;0,02628;0,229946;0;0,252759;0;52,900002;-4,6
14.08.2025 02:55:47;0,006521;0,025381;0,277015;0;0,296051;0;52,900002;-7,4
14.08.2025 03:00:49;0;0,026193;0,352508;0;0,379065;0;52,900002;-5,5
14.08.2025 03:05:52;0;0,021393;0,271576;0;0,292787;0;52,900002;-5,5
14.08.2025 03:10:53;0,002013;0,02555;0,2909;0;0,313895;0;52,900002;-6,8
14.08.2025 03:15:55;0,000108;0,025465;0,32959;0;0,355419;0;52,900002;-6,4
14.08.2025 03:20:57;0,000006;0,024374;0,315038;0;0,339594;0;52,900002;-4,4
14.08.2025 03:25:59;0,000006;0,023646;0,211359;0;0,234824;0;53;-3,7
14.08.2025 03:31:02;0,000844;0,019942;0,177667;0;0,197065;0;53;-3,8
14.08.2025 03:36:03;0,014588;0,018615;0,186512;0;0,190527;0;53;-3,6
14.08.2025 03:41:05;0,008435;0,026556;0,269929;0;0,287754;0;52,900002;-6
14.08.2025 03:46:07;0,000762;0,027284;0,286299;0;0,312856;0;52,900002;-6
14.08.2025 03:51:09;0,001847;0,028739;0,282661;0;0,309036;0;52,900002;-6
14.08.2025 03:56:11;0,003268;0,022191;0,315402;0;0,334501;0;52,900002;-7
14.08.2025 04:01:12;0,000068;0,03066;0,336525;0;0,367367;0;52,900002;-4,7
14.08.2025 04:06:14;0,000864;0,01637;0,236461;0;0,252103;0;52,900002;-4,7
14.08.2025 04:11:16;0,000381;0,024737;0,170615;0;0,194989;0;53;-1,2
14.08.2025 04:16:19;0,004368;0,031907;0,146847;0;0,174222;0;53;-1,7
14.08.2025 04:21:21;0,011192;0,028011;0,25465;0;0,271384;0;52,900002;-5,5
14.08.2025 04:26:20;0,000201;0,028293;0,271168;0;0,299276;0;52,900002;-5,5
14.08.2025 04:31:23;0,003643;0,020667;0,320163;0;0,337023;0;52,900002;-6,8
14.08.2025 04:36:24;0,006547;0,033944;0,371564;0;0,399121;0;52,799999;-8,3
14.08.2025 04:41:27;0,005728;0,029369;0,421324;0;0,445254;0;52,799999;-8,2
14.08.2025 04:46:29;0,00503;0,022191;0,322678;0;0,339412;0;52,900002;-4,8
14.08.2025 04:51:30;0,002435;0,01971;0,235421;0;0,252759;0;52,900002;-4,8
14.08.2025 04:56:32;0,000074;0,023646;0,227366;0;0,251012;0;52,900002;-4,7
14.08.2025 05:01:35;0,001354;0,020667;0,230604;0;0,250002;0;52,900002;-4,6
14.08.2025 05:06:37;0,005741;0,02692;0,293939;0;0,314857;0;52,900002;-5,6
14.08.2025 05:11:39;0;0,021463;0,272475;0;0,294121;0;52,900002;-5,4
14.08.2025 05:16:41;0,002774;0,025829;0,282661;0;0,305398;0;52,900002;-6,8
14.08.2025 05:21:43;0,000006;0,025101;0,336866;0;0,361967;0;52,900002;-6,8
14.08.2025 05:26:45;0,000006;0,025829;0,335047;0;0,361421;0;52,900002;-6,8
14.08.2025 05:31:45;0,000687;0,024536;0,224487;0;0,248108;0;52,900002;-4,7
14.08.2025 05:36:47;0,003246;0,042927;1,813108;0;1,852579;0;52,299999;-39,099998
14.08.2025 05:41:49;0,000671;0,043654;2,276207;0;2,319498;0;52;-67,300003
14.08.2025 05:46:51;0,005957;0,052021;3,633492;0;3,67951;0;51,900002;-67,599998
14.08.2025 05:51:53;0,00241;0,062571;2,883002;0;2,942663;0;52,099998;-46,5
14.08.2025 05:56:56;0,002062;0,046773;0,675133;0;0,720457;0;52,599998;-7
14.08.2025 06:01:57;0;0,02701;0,34857;0;0,375032;0;52,700001;-7,1
14.08.2025 06:06:59;0,001557;0,032013;0,320131;0;0,350689;0;52,799999;-6
14.08.2025 06:12:00;0,002104;0,0219;0,198192;0;0,217719;0;52,799999;-3,6
14.08.2025 06:17:02;0,005531;0,022918;0,181529;0;0,191351;0,008003;52,900002;-3,5
14.08.2025 06:22:04;0;0,025465;0,18735;0;0,175345;0,037106;52,900002;-3,1
14.08.2025 06:27:06;0,012852;0,02983;0,24701;0;0,198627;0,065481;52,900002;-4,8
14.08.2025 06:32:09;0,008594;0,027919;0,293331;0;0,213563;0,098623;52,900002;-2
14.08.2025 06:37:11;0,013682;0,02983;0,312856;0;0,196444;0,132418;52,900002;-5,6
14.08.2025 06:42:14;0,00464;0,028644;0,432201;0;0,288436;0,168239;52,900002;-5,1
14.08.2025 06:47:15;0,002464;0,02847;0,423028;0;0,241079;0,208047;52,900002;-4,1
14.08.2025 06:52:14;0,003944;0,018739;0,391686;0;0,148811;0,25794;53;-0,3
14.08.2025 06:57:17;0;0,086295;0,225165;0;0,014503;0,296595;53;0
14.08.2025 07:02:20;0;0,125817;0,211387;0;0,000906;0,336479;53;0
14.08.2025 07:07:20;0,001173;0,039917;0,235474;0,098694;0;0,373535;53,099998;3,4
14.08.2025 07:12:22;0,010999;0,07203;0,280479;0,073667;0,005275;0,408895;53,099998;0
14.08.2025 07:17:23;0,000525;0,101103;0,31864;0,026097;0;0,445293;53,099998;1,3
14.08.2025 07:22:23;0,005722;0,036621;0,347168;0,104919;0,000183;0,482666;53,200001;2,5
14.08.2025 07:27:24;0,001317;0,027375;0,30915;0,18779;0;0,523402;53,200001;4,5
14.08.2025 07:32:27;0,004051;0,024293;0,317625;0,221177;0;0,559106;53,200001;4,3
14.08.2025 07:37:29;0,013693;0,021827;0,471466;0,239553;0,118412;0,600974;53;-9,4
14.08.2025 07:42:31;0,002228;0,02983;0,741395;0,162067;0,289755;0,64099;53,299999;8
14.08.2025 07:47:32;0,01026;0,038689;0,283601;0,396749;0,02847;0,680349;53,299999;8,4
14.08.2025 07:52:35;0,004385;0,031182;0,259974;0,432201;0,003263;0,715743;53,400002;7,4
14.08.2025 07:57:36;0,00803;0,0292;0,377404;0,362804;0,001095;0,759918;53,400002;6,8
14.08.2025 08:02:38;0;0,02401;0,390342;0,398345;0;0,812697;53,400002;8,2
14.08.2025 08:07:40;0,00075;0,027648;0,397254;0,480743;0;0,904371;53,5;10,2
14.08.2025 08:12:41;0,000051;0,029565;0,331415;0,647135;0;1,008844;53,599998;13,2
14.08.2025 08:17:45;0,000028;0,026743;0,25695;0,831383;0;1,115257;53,599998;17
14.08.2025 08:22:47;0,000114;0,026193;0,261562;0,947844;0;1,234689;53,700001;18,6
14.08.2025 08:27:49;0,002848;0,033468;0,277205;1,04261;0;1,3511;53,700001;19,4
14.08.2025 08:32:51;0,006258;0,031649;0,384521;1,077897;0;1,487884;53,799999;19,1
14.08.2025 08:37:53;0,000358;0,028375;0,454368;1,120096;0;1,60284;53,799999;22,200001
14.08.2025 08:42:57;0,013592;0,032164;1,006839;0,888302;0,135884;1,777328;53,299999;-8,8
14.08.2025 08:47:57;0,004223;0,025269;2,261353;0;0,381042;1,901367;53,200001;-5,7
14.08.2025 08:52:58;0,001203;0,039054;1,681164;0,445476;0,211879;1,952719;53,799999;26,1
14.08.2025 08:58:01;0,001586;0,027194;0,589926;1,558209;0;2,173335;54;32
14.08.2025 09:03:03;0,000404;0,046565;0,488564;1,82966;0;2,364607;54;37,099998
14.08.2025 09:08:05;0,000171;0,031286;0,51985;2,180895;0;2,732031;54,099998;41,200001
14.08.2025 09:13:04;0,001384;0,027925;0,518819;2,319989;0;2,864529;54,099998;43,400002
14.08.2025 09:18:06;0,004149;0,032013;0,575873;2,338778;0;2,943026;54,099998;43,200001
14.08.2025 09:23:08;0,000563;0,02692;0,628622;2,401168;0;3,0558;54,099998;45,5
14.08.2025 09:28:10;0;0,108772;0,559139;2,46774;0;3,135833;54,099998;45,599998
14.08.2025 09:33:12;0;0,204811;0,562049;2,467377;0;3,234055;54,099998;45,599998
14.08.2025 09:38:14;0,010868;0,110227;1,551182;1,654679;0;3,305357;53,900002;22,200001
14.08.2025 09:43:14;0,000132;0,029297;2,037598;1,273499;0;3,339844;53,900002;24,6
14.08.2025 09:48:16;0,000398;0,3325;0,925471;2,140697;0;3,399214;54,200001;45,599998
14.08.2025 09:53:19;0;0,472086;0,506169;2,462678;0;3,440207;54,200001;45,599998
14.08.2025 09:58:19;0,0021;0,52478;0,541992;2,468994;0;3,533936;54,200001;45,599998
14.08.2025 10:03:21;0;0,475104;0,615889;2,471196;0;3,56219;54,200001;45,599998
14.08.2025 10:08:23;0;0,535493;0,568233;2,470287;0;3,574558;54,200001;45,5
14.08.2025 10:13:24;0;0,578151;0,551141;2,477034;0;3,605414;54,299999;45,400002
14.08.2025 10:18:26;0;0,602065;0,544587;2,46865;0;3,615302;54,400002;45,400002
14.08.2025 10:23:29;0;0,678759;0,486227;2,467935;0;3,633103;54,5;45,400002
14.08.2025 10:28:30;0;0,709914;0,457703;2,480501;0;3,648483;54,799999;45,200001
14.08.2025 10:33:33;0;0,67042;0,501093;2,470836;0;3,641805;56,099998;40,900002
14.08.2025 10:38:34;0;2,287784;0,409889;0,939678;0,005292;3,632423;55;-0,3
14.08.2025 10:43:37;0;3,255289;0,396305;0,000181;0,000906;3,650507;54,099998;0
14.08.2025 10:48:39;0;3,206771;0,453277;0;0;3,660412;53,900002;0
14.08.2025 10:53:40;0;3,274729;0,436533;0;0;3,711262;53,700001;0
14.08.2025 10:58:42;0;3,29408;0,420536;0;0;3,714252;53,700001;0
14.08.2025 11:03:44;0;3,317726;0,420172;0;0;3,737534;53,599998;0
14.08.2025 11:08:46;0;3,389755;0,385613;0;0;3,776096;53,599998;0
14.08.2025 11:13:49;0;3,45181;0,331403;0;0;3,783213;53,599998;0
14.08.2025 11:18:50;0;3,565994;0,279586;0;0;3,84558;53,5;0
14.08.2025 11:23:52;0;3,625124;0,258288;0;0;3,883776;53,5;0
14.08.2025 11:28:53;0;3,463796;0,340905;0;0;3,80397;53,5;0
14.08.2025 11:33:53;0;3,22229;0,340576;0;0;3,563232;53,5;0
14.08.2025 11:38:57;0;3,117009;0,336095;0;0;3,453466;53,5;0
14.08.2025 11:43:59;0;3,406126;0,335047;0;0;3,740445;53,5;0
14.08.2025 11:49:01;0;3,501801;0,355419;0;0;3,858311;53,5;0
14.08.2025 11:54:02;0;3,979168;0,316085;0;0;4,294523;53,400002;0
14.08.2025 11:59:05;0;3,998951;0,312548;0;0;4,311862;53,400002;0
14.08.2025 12:04:07;0;4,069671;0,285208;0;0;4,355242;53,400002;0
14.08.2025 12:09:06;0;4,037384;0,328488;0;0;4,365136;53,400002;0
14.08.2025 12:14:08;0;3,961626;0,360875;0;0;4,322502;53,400002;0
14.08.2025 12:19:11;0;3,995688;0,357871;0;0;4,353197;53,400002;0
14.08.2025 12:24:13;0;4,01292;0,368879;0;0;4,381435;53,400002;0
14.08.2025 12:29:14;0;4,021142;0,413904;0;0;4,435411;53,400002;0
14.08.2025 12:34:16;0;4,095136;0,30849;0;0;4,40399;53,400002;0
14.08.2025 12:39:18;0,010368;2,118324;2,270023;0;0,182075;4,195904;53,200001;0
14.08.2025 12:44:21;0,012067;1,259258;2,910108;0;0,015229;4,142897;53,200001;0
14.08.2025 12:49:23;0;2,929202;1,390753;0;0;4,318864;53,200001;0
14.08.2025 12:54:23;0;3,680054;0,780396;0;0;4,460449;53,299999;0
14.08.2025 12:59:24;0;3,948873;0,528877;0;0;4,47775;53,299999;0
14.08.2025 13:04:26;0;3,857584;0,5304;0;0;4,388711;53,299999;0
14.08.2025 13:09:27;0;3,517815;0,518657;0;0;4,036107;53,299999;0
14.08.2025 13:14:31;0;4,024827;0,471617;0;0;4,496444;53,299999;0
14.08.2025 13:19:33;0;4,327231;0,335774;0;0;4,662278;53,299999;0
14.08.2025 13:24:35;0;4,221369;0,269201;0;0;4,491298;53,299999;0
14.08.2025 13:29:36;0;4,469355;0,209142;0;0;4,677767;53,299999;0
14.08.2025 13:34:38;0;3,872135;0,207358;0;0;4,08022;53,299999;0
14.08.2025 13:39:41;0;3,025047;0,424225;0;0;3,448909;53,299999;0
14.08.2025 13:44:43;0;2,435909;1,739987;0;0;4,17626;53,299999;0
14.08.2025 13:49:44;0;1,535531;2,730887;0;0;4,266783;53,299999;0
14.08.2025 13:54:46;0;1,742897;2,906648;0;0;4,648454;53,299999;0
14.08.2025 13:59:48;0;2,593064;2,039383;0;0;4,633175;53,299999;0
14.08.2025 14:04:50;0;3,755724;0,293939;0;0;4,049662;53,299999;0
14.08.2025 14:09:52;0;3,669506;0,270657;0;0;3,939799;53,299999;0
14.08.2025 14:14:55;0;3,725199;0,268676;0;0;3,994237;53,299999;0
14.08.2025 14:19:56;0;3,968218;0,30039;0;0;4,268973;53,299999;0
14.08.2025 14:24:58;0;4,046752;0,331773;0;0;4,378525;53,299999;0
14.08.2025 14:30:00;0;4,223916;0,333955;0;0;4,55678;53,299999;0
14.08.2025 14:35:02;0;3,236965;0,316857;0;0;3,554914;53,299999;0
14.08.2025 14:40:04;0;3,817931;0,32959;0;0;4,147885;53,299999;0
14.08.2025 14:45:06;0;3,900874;0,253559;0;0;4,153705;53,299999;0
14.08.2025 14:50:06;0;1,295288;0,326294;0;0;1,621582;53,299999;0
14.08.2025 14:55:10;0;1,534111;0,376209;0;0;1,909597;53,299999;0
14.08.2025 15:00:11;0;0,948985;0,410984;0;0;1,360699;53,299999;0
14.08.2025 15:05:13;0;0,796691;0,472194;0;0;1,268157;53,299999;0
14.08.2025 15:10:12;0;2,933974;0,479504;0;0;3,414213;53,299999;0
14.08.2025 15:15:14;0;3,600387;0,476559;0;0;4,076583;53,200001;0
14.08.2025 15:20:18;0;3,699935;0,427527;0;0;4,127824;53,200001;0
14.08.2025 15:25:19;0;3,682427;0,353679;0;0;4,035377;53,200001;0
14.08.2025 15:30:20;0;3,701772;0,263891;0;0;3,966758;53,200001;0
14.08.2025 15:35:24;0;3,340711;0,221534;0;0;3,56116;53,299999;0
14.08.2025 15:40:25;0;3,563074;0,222282;0;0;3,786451;53,200001;0
14.08.2025 15:45:27;0;2,719298;0,229913;0;0;2,948847;53,200001;0
14.08.2025 15:50:28;0;1,689559;0,387259;0;0;2,076818;53,200001;0
14.08.2025 15:55:30;0;2,271842;0,41035;0;0;2,681828;53,200001;0
14.08.2025 16:00:32;0;2,218729;0,417262;0;0;2,635991;53,200001;0
14.08.2025 16:05:34;0;2,000458;0,379065;0;0;2,379886;53,200001;0
14.08.2025 16:10:36;0;1,520624;0,339776;0;0;1,8604;53,200001;0
14.08.2025 16:15:38;0;2,671642;0,236097;0;0;2,908103;53,200001;0
14.08.2025 16:20:40;0;3,426498;0,274658;0;0;3,701156;53,200001;0
14.08.2025 16:25:40;0;3,376099;0,275391;0;0;3,651123;53,200001;0
14.08.2025 16:30:41;0;2,661173;0,359154;0;0;3,019963;53,200001;0
14.08.2025 16:35:46;0;3,143891;0,38182;0;0;3,526431;53,200001;0
14.08.2025 16:40:46;0;3,03479;0,394775;0;0;3,428467;53,200001;0
14.08.2025 16:45:47;0;3,410142;0,399304;0;0;3,80981;53,200001;0
14.08.2025 16:50:48;0;3,245529;0,422298;0;0;3,668193;53,200001;0
14.08.2025 16:55:50;0;3,143836;0,361967;0;0;3,505439;53,200001;0
14.08.2025 17:00:53;0;3,084149;0,303121;0;0;3,38727;53,200001;0
14.08.2025 17:05:54;0;2,976893;0,299295;0;0;3,276189;53,200001;0
14.08.2025 17:10:56;0;2,894279;0,292484;0;0;3,186763;53,200001;0
14.08.2025 17:15:58;0;2,760042;0,401619;0;0;3,161298;53,200001;0
14.08.2025 17:21:00;0;2,706929;0,349598;0;0;3,057983;53,200001;0
14.08.2025 17:26:02;0;2,537405;0,363422;0;0;2,899372;53,200001;0
14.08.2025 17:31:05;0;2,307854;0,369474;0;0;2,678053;53,200001;0
14.08.2025 17:36:05;0;2,401978;0,363281;0;0;2,764893;53,200001;0
14.08.2025 17:41:07;0;2,788054;0,344869;0;0;3,132922;53,200001;0
14.08.2025 17:46:10;0;2,808947;0,275202;0;0;3,084149;53,200001;0
14.08.2025 17:51:12;0;2,673461;0,277568;0;0;2,951757;53,200001;0
14.08.2025 17:56:13;0;2,54693;0,279221;0;0;2,825786;53,200001;0
14.08.2025 18:01:17;0;2,230514;0,341877;0;0;2,572391;53,200001;0
14.08.2025 18:06:18;0;2,093972;0,31718;0;0;2,411152;53,200001;0
14.08.2025 18:11:20;0;2,031379;0,301578;0;0;2,331866;53,200001;0
14.08.2025 18:16:21;0;1,89797;0,29966;0;0;2,198726;53,200001;0
14.08.2025 18:21:24;0;1,760713;0,293694;0;0;2,053682;53,200001;0
14.08.2025 18:26:25;0;1,720218;0,233961;0;0;1,954909;53,200001;0
14.08.2025 18:31:28;0;1,625106;0,247283;0;0;1,871664;53,200001;0
14.08.2025 18:36:30;0;1,58174;0,201537;0;0;1,781822;53,200001;0
14.08.2025 18:41:33;0;1,45868;0,23423;0;0;1,693272;53,200001;0
14.08.2025 18:46:34;0;1,392453;0,243451;0;0;1,636634;53,200001;0
14.08.2025 18:51:35;0;1,285875;0,345285;0;0;1,630794;53,200001;0
14.08.2025 18:56:38;0;1,179489;0,441629;0;0;1,620755;53,200001;0
14.08.2025 19:01:40;0;1,052068;0,456187;0;0;1,508256;53,200001;0
14.08.2025 19:06:42;0;0,988042;0,447093;0;0;1,435498;53,200001;0
14.08.2025 19:11:43;0;0,97855;0,364994;0;0;1,342449;53,200001;0
14.08.2025 19:16:45;0;0,986223;0,264836;0;0;1,25215;53,200001;0
14.08.2025 19:21:47;0;0,924743;0,250648;0;0;1,1743;53,200001;0
14.08.2025 19:26:49;0;0,762859;0,299759;0;0;1,063709;53,200001;0
14.08.2025 19:31:52;0,000906;0,590651;0,429663;0;0,001269;1,017414;53,200001;0
14.08.2025 19:36:54;0;0,522396;0,415807;0;0;0,939295;53,200001;0
14.08.2025 19:41:56;0;0,459825;0,355782;0;0;0,81488;53,200001;0
14.08.2025 19:46:58;0;0,333955;0,346324;0;0;0,680279;53,200001;0
14.08.2025 19:52:00;0;0,227002;0,337593;0;0;0,564595;53,200001;0
14.08.2025 19:57:02;0;0,213906;0,252467;0;0;0,466373;53,200001;0
14.08.2025 20:02:04;0;0,147697;0,235006;0;0;0,381975;53,200001;0
14.08.2025 20:07:06;0,002603;0,076395;0,240099;0;0,001091;0,313583;53,200001;0
14.08.2025 20:12:08;0,041437;0,013824;0,358693;0;0,103861;0,227002;53;-5,4
14.08.2025 20:17:10;0;0,022918;0,45073;0;0,32286;0,150607;52,900002;-6,9
14.08.2025 20:22:12;0;0,021827;0,450003;0;0,396708;0,075667;52,900002;-8
14.08.2025 20:27:13;0,000057;0,02482;0,425583;0;0,422846;0,02628;52,900002;-8
14.08.2025 20:32:15;0,000767;0,024374;0,433269;0;0,454005;0,003638;52,900002;-9,3
14.08.2025 20:37:17;0;0,025465;0,407804;0;0,433087;0;52,900002;-7,4
14.08.2025 20:42:20;0;0,023931;0,368024;0;0,392136;0;52,900002;-7,4
14.08.2025 20:47:21;0,001603;0,02993;0,364264;0;0,392551;0;52,900002;-7,4
14.08.2025 20:52:23;0,010925;0,02692;0,380156;0;0,396163;0;52,900002;-10,3
14.08.2025 20:57:25;0,009129;0,022555;0,531127;0;0,544951;0;52,900002;-11,3
14.08.2025 21:02:27;0,002365;0,034196;0,490019;0;0,521487;0;52,900002;-9,9
14.08.2025 21:07:29;0,001665;0,026193;0,493657;0;0,517849;0;52,900002;-9,2
14.08.2025 21:12:32;0,000878;0,026831;0,482601;0;0,508707;0;52,900002;-9,7
14.08.2025 21:17:34;0,008992;0,022191;0,496931;0;0,510391;0;52,900002;-9,5
14.08.2025 21:22:36;0,006014;0,034196;0,415443;0;0,443455;0;52,900002;-7,1
14.08.2025 21:27:38;0,006196;0,027284;0,34014;0;0,361421;0;52,900002;-7,1
14.08.2025 21:32:41;0;0,029007;0,334303;0;0,363129;0;52,900002;-6,9
14.08.2025 21:37:42;0,000228;0,02847;0,334335;0;0,362622;0;53;-6,1
14.08.2025 21:42:44;0,013108;0,025829;0,380884;0;0,393798;0;52,900002;-7,5
14.08.2025 21:47:46;0,001779;0,030194;0,435815;0;0,464009;0;52,900002;-9,1
14.08.2025 21:52:47;0,000388;0,02336;0,467923;0;0,490917;0;52,900002;-9,2
14.08.2025 21:57:50;0,000533;0,030095;0,455769;0;0,485683;0;52,900002;-9,2
14.08.2025 22:02:52;0,00008;0,024737;0,428903;0;0,453277;0;52,900002;-8
14.08.2025 22:07:52;0,001436;0,030396;0,310181;0;0,339111;0;53;-5,8
14.08.2025 22:12:54;0,000261;0,025465;0,279024;0;0,304125;0;53;-5,8
14.08.2025 22:17:55;0;0,023725;0,278856;0;0,30258;0;53;-5,8
14.08.2025 22:22:57;0,007583;0,025101;0,327771;0;0,344869;0;52,900002;-8,3
14.08.2025 22:27:58;0,000394;0,022265;0,401494;0;0,424306;0;52,900002;-8
14.08.2025 22:32:59;0,003707;0,017885;0,415364;0;0,429233;0;52,900002;-9,3
14.08.2025 22:38:01;0,000119;0,024374;0,47474;0;0,498932;0;52,900002;-8,7
14.08.2025 22:43:03;0,000387;0,026556;0,45837;0;0,484381;0;52,900002;-9,6
14.08.2025 22:48:05;0,000057;0,02692;0,413988;0;0,440544;0;52,900002;-7,5
14.08.2025 22:53:08;0,005733;0,029732;0,362948;0;0,387241;0;52,900002;-8,5
14.08.2025 22:58:09;0,000308;0,024455;0,424488;0;0,448395;0;52,900002;-8,4
14.08.2025 23:03:12;0,006102;0,030457;0,503993;0;0,528649;0;52,799999;-12
14.08.2025 23:08:14;0;0,027284;0,597336;0;0,624438;0;52,799999;-11,7
14.08.2025 23:13:16;0,000273;0,027284;0,58715;0;0,614616;0;52,799999;-11,9
14.08.2025 23:18:18;0;0,028375;0,522396;0;0,550408;0;52,900002;-10,1
14.08.2025 23:23:18;0,000338;0,0271;0,463257;0;0,490356;0;52,900002;-8,5
14.08.2025 23:28:20;0,000193;0,021463;0,428903;0;0,449821;0;52,900002;-8,4
14.08.2025 23:33:22;0,001268;0,026193;0,350326;0;0,375609;0;52,900002;-6,6
14.08.2025 23:38:23;0,000895;0,028835;0,31937;0;0,34711;0;52,900002;-6,6
14.08.2025 23:43:23;0,001476;0,031494;0,320801;0;0,350647;0;53;-6,3
14.08.2025 23:48:26;0,008634;0,029369;0,422049;0;0,443079;0;52,900002;-9,9
14.08.2025 23:53:28;0,000222;0,037106;0,467101;0;0,503843;0;52,900002;-8,9
14.08.2025 23:58:29;0,007089;0,02263;0,421933;0;0,437263;0;52,900002;-8,4
15.08.2025 00:03:31;0,001103;0,031649;0,365968;0;0,396708;0;52,900002;-6,7
15.08.2025 00:08:33;0,009805;0,033468;0,304489;0;0,328498;0;53;-5,6
15.08.2025 00:13:36;0,00319;0,027194;0,24547;0;0,268494;0;53;-5,1
15.08.2025 00:18:36;0,001539;0,026001;0,255981;0;0,280518;0;53;-5,3
15.08.2025 00:23:37;0,003947;0,028835;0,259511;0;0,284513;0;53;-5,5
15.08.2025 00:28:39;0,007009;0,030922;0,279751;0;0,303397;0;53;-6,5
15.08.2025 00:33:43;0,002699;0,022768;0,319109;0;0,339347;0;53;-6,3
15.08.2025 00:38:44;0,014377;0,01679;0,343095;0;0,34565;0;52,900002;-6,1
15.08.2025 00:43:45;0,001335;0,0292;0,30185;0;0,329772;0;52,900002;-6,1
15.08.2025 00:48:47;0,006855;0,028011;0,30558;0;0,32668;0;53;-6,1
15.08.2025 00:53:50;0,010623;0,025744;0,275565;0;0,290793;0;53;-6,1
15.08.2025 00:58:51;0,003707;0,038689;0,287616;0;0,322107;0;52,900002;-7,3
15.08.2025 01:03:53;0;0,026193;0,341231;0;0,367787;0;52,900002;-6,6
15.08.2025 01:08:54;0,008229;0,035039;0,357329;0;0,383974;0;52,900002;-9,1
15.08.2025 01:13:56;0,000347;0,02983;0,42854;0;0,45837;0;52,900002;-8,9
15.08.2025 01:18:57;0;0,035769;0,381784;0;0,417188;0;52,900002;-7,7
15.08.2025 01:24:00;0;0,025381;0,334666;0;0,360228;0;52,900002;-6,2
15.08.2025 01:29:04;0;0,02602;0,29851;0;0,32453;0;52,900002;-6,2
15.08.2025 01:34:03;0,000695;0,027925;0,35972;0;0,38691;0;52,900002;-7,3
15.08.2025 01:39:05;0,000387;0,025101;0,270293;0;0,29503;0;53;-5,2
15.08.2025 01:44:07;0,000142;0,026193;0,244828;0;0,270475;0;53;-3,9
15.08.2025 01:49:10;0,001292;0,01958;0,184556;0;0,203048;0;53;-3,9
15.08.2025 01:54:11;0,004266;0,025915;0,255131;0;0,277031;0;52,900002;-6,2
15.08.2025 01:59:13;0;0,024737;0,302306;0;0,32668;0;52,900002;-6,2
15.08.2025 02:04:16;0;0,025018;0,298408;0;0,323788;0;52,900002;-6,1
15.08.2025 02:09:18;0,000222;0,025465;0,294666;0;0,319768;0;52,900002;-6
15.08.2025 02:14:20;0,001677;0,026556;0,316857;0;0,341413;0;52,900002;-7,1
15.08.2025 02:19:21;0,000029;0,018615;0,263526;0;0,282323;0;53;-4,7
15.08.2025 02:24:23;0,000182;0,027284;0,224092;0;0,251194;0;53;-4,6
15.08.2025 02:29:26;0,003309;0,033358;0,210299;0;0,240756;0;53;-3,6
15.08.2025 02:34:27;0,00852;0,0292;0,225566;0;0,246189;0;52,900002;-6
15.08.2025 02:39:30;0,000589;0,025018;0,28753;0;0,311823;0;52,900002;-5,6
15.08.2025 02:44:31;0,000006;0,02044;0,278856;0;0,299295;0;52,900002;-6
15.08.2025 02:49:33;0,003564;0,028011;0,309945;0;0,334501;0;52,900002;-7
15.08.2025 02:54:35;0,004701;0,036379;0,389614;0;0,420718;0;52,900002;-8,2
15.08.2025 02:59:38;0,000176;0,023931;0,385791;0;0,409721;0;52,900002;-6,9
15.08.2025 03:04:39;0,003502;0,025915;0,289075;0;0,311523;0;52,900002;-5,4
15.08.2025 03:09:41;0,005008;0,022918;0,265564;0;0,283571;0;52,900002;-5,3
15.08.2025 03:14:43;0,007151;0,032377;0,265564;0;0,290665;0;52,900002;-8,4
15.08.2025 03:19:45;0,000051;0,025465;0,378701;0;0,403984;0;52,900002;-7,3
15.08.2025 03:24:47;0,002672;0,030194;0,32195;0;0,349962;0;52,900002;-6,2
15.08.2025 03:29:50;0,005818;0,029369;0,315449;0;0,338473;0;52,900002;-7,4
15.08.2025 03:34:51;0,004734;0,030295;0,350395;0;0,376309;0;52,900002;-8,2
15.08.2025 03:39:53;0,005423;0,024737;0,358329;0;0,37761;0;52,900002;-7
15.08.2025 03:44:55;0,000898;0,021463;0,253195;0;0,273931;0;52,900002;-3,7
15.08.2025 03:49:58;0,002345;0,021393;0,18093;0;0,199966;0;53;-3,8
15.08.2025 03:54:59;0,003393;0,02847;0,169357;0;0,193994;0;53;-4
15.08.2025 04:00:01;0,007094;0,030558;0,233187;0;0,256651;0;52,900002;-6,2
15.08.2025 04:05:03;0,000153;0,030194;0,290301;0;0,320859;0;52,900002;-6,2
15.08.2025 04:10:05;0,010527;0,029467;0,361967;0;0,38052;0;52,900002;-7,4
15.08.2025 04:15:07;0,000517;0,033468;0,361239;0;0,394526;0;52,900002;-7,4
15.08.2025 04:20:10;0;0,030095;0,344818;0;0,374732;0;52,900002;-7
15.08.2025 04:25:12;0,001;0,023282;0,204811;0;0,227002;0;53;-3,6
15.08.2025 04:30:11;0;0,024618;0,168653;0;0,193271;0;53;-3,7
15.08.2025 04:35:13;0;0,027648;0,166978;0;0,194989;0;53;-3,8
15.08.2025 04:40:15;0,007293;0,023646;0,231004;0;0,247374;0;52,900002;-6,2
15.08.2025 04:45:17;0,001108;0,02401;0,303761;0;0,326861;0;52,900002;-6,3
15.08.2025 04:50:19;0,00345;0,025829;0,360512;0;0,382521;0;52,900002;-7
15.08.2025 04:55:21;0,003212;0,029467;0,376882;0;0,402893;0;52,799999;-9,2
15.08.2025 05:00:24;0,000159;0,021755;0,4264;0;0,448155;0;52,799999;-8,4
15.08.2025 05:05:25;0,000793;0,02482;0,369739;0;0,393829;0,00073;52,799999;-5
15.08.2025 05:10:27;0;0,026193;0,246647;0;0,272839;0;52,900002;-5,2
15.08.2025 05:15:29;0;0,020736;0,238643;0;0,259379;0;52,900002;-4,8
15.08.2025 05:20:31;0;0,018917;0,237188;0;0,256105;0;52,900002;-4,8
15.08.2025 05:25:34;0,005886;0,026469;0,248008;0;0,268676;0;52,900002;-6
15.08.2025 05:30:35;0,00418;0,024455;0,352584;0;0,372477;0;52,799999;-8
15.08.2025 05:35:37;0,003541;0,036379;1,610479;0;1,643766;0;52,299999;-42,5
15.08.2025 05:40:39;0,000193;0,048747;2,164525;0;2,21309;0;52,099998;-57
15.08.2025 05:45:42;0;0,0533;3,316566;0;3,369685;0;51,900002;-67,599998
15.08.2025 05:50:43;0;0,062779;2,937474;0;3,000071;0;52,099998;-45,200001
15.08.2025 05:55:43;0,00091;0,047241;0,805298;0;0,851624;0;52,599998;-3,9
15.08.2025 06:00:45;0,000023;0,018189;0,190987;0;0,209177;0;52,799999;-4
15.08.2025 06:05:49;0,003755;0,022045;0,234544;0;0,252794;0;52,799999;-5,3
15.08.2025 06:10:49;0,005058;0,028564;0,351929;0;0,375732;0;52,799999;-7,4
15.08.2025 06:15:49;0,000601;0,020508;0,371704;0;0,391113;0;52,799999;-7,3
15.08.2025 06:20:52;0,002923;0,039522;0,333216;0;0,350438;0,01958;52,799999;-6,1
15.08.2025 06:25:53;0,000011;0,025185;0,29747;0;0,277943;0,044529;52,799999;-4,9
15.08.2025 06:30:55;0,008037;0,028011;0,284117;0;0,226275;0,077123;52,900002;-2
15.08.2025 06:35:57;0,030456;0;0,160793;0;0,016734;0,114229;52,900002;-0,3
15.08.2025 06:41:00;0,001802;0,017404;0,151198;0;0,015772;0,150835;53;-0,3
15.08.2025 06:46:01;0;0,060589;0,147093;0;0,015877;0,191987;53;-0,3
15.08.2025 06:51:03;0,011516;0,048747;0,273203;0;0,073121;0,237188;53;-2,2
15.08.2025 06:56:05;0,033536;0,003638;0,350326;0;0,036924;0,283753;53;-3,7
15.08.2025 07:01:06;0,007488;0,02847;0,460258;0;0,15494;0,325575;53;-2,6
15.08.2025 07:06:07;0;0,029565;0,360614;0;0,027375;0,363534;53;-0,3
15.08.2025 07:11:09;0;0,07785;0,327407;0;0,002728;0,403075;53;0
15.08.2025 07:16:11;0,006639;0,048383;1,085173;0;0,687191;0,438726;52,700001;-16,200001
15.08.2025 07:21:13;0,006992;0,039653;0,352872;0,158792;0,065481;0,47947;53;4,1
15.08.2025 07:26:15;0,00436;0,027284;0,303033;0,190806;0,000364;0,515848;53,099998;3,8
15.08.2025 07:31:18;0,00034;0,027194;0,317987;0,213381;0;0,558381;53,200001;4,4
15.08.2025 07:36:19;0,004899;0,034309;0,301485;0,276118;0,004562;0,602241;53,200001;4
15.08.2025 07:41:21;0,00104;0,018189;0,356146;0,265927;0;0,639535;53,299999;5,8
15.08.2025 07:46:23;0,001131;0,028739;0,329226;0,32286;0;0,680279;53,299999;6,4
15.08.2025 07:51:25;0,001376;0,027284;0,333591;0,358693;0;0,718113;53,299999;7,2
15.08.2025 07:56:27;0,000051;0,025465;0,333228;0,400528;0;0,758857;53,400002;7,8
15.08.2025 08:01:30;0,000453;0,028644;0,289343;0,486227;0;0,804214;53,5;10,6
15.08.2025 08:06:31;0,004448;0,02263;0,299295;0,573224;0;0,889856;53,5;11,5
15.08.2025 08:11:33;0,000068;0,028375;0,295394;0,661181;0;0,985859;53,599998;13
15.08.2025 08:16:34;0,007271;0,033214;0,305135;0,766123;0;1,095713;53,599998;5,7
15.08.2025 08:21:35;0,000867;0,03066;0,352584;0,837297;0;1,220541;53,700001;16,700001
15.08.2025 08:26:37;0,000011;0,031286;0,34887;0,949299;0;1,328545;53,799999;19,299999
15.08.2025 08:31:39;0;0,025829;0,348507;1,074623;0;1,449322;53,799999;21,299999
15.08.2025 08:36:39;0,000011;0,031494;0,352661;1,198975;0;1,583496;53,799999;23,1
15.08.2025 08:41:41;0,00266;0,028375;0,359056;1,319087;0;1,703972;53,900002;24,799999
15.08.2025 08:46:44;0,000493;0,031907;0,447793;1,327787;0;1,807124;53,900002;24,299999
15.08.2025 08:51:45;0,000667;0,0292;0,462813;1,372744;0;1,863661;53,900002;25,700001
15.08.2025 08:56:47;0,006685;0,035651;0,465282;1,564279;0;2,059027;54;29,5
15.08.2025 09:01:49;0,008503;0,035287;0,567506;1,695241;0;2,28894;54;32,900002
15.08.2025 09:06:51;0,00079;0,031286;0,64099;1,964261;0;2,636719;54,099998;39,099998
15.08.2025 09:11:53;0,000495;0,031649;0,63517;2,191263;0;2,856445;54,099998;41,5
15.08.2025 09:16:55;0,000284;0,028011;0,628985;2,283301;0;2,940116;54,099998;43,700001
15.08.2025 09:21:57;0,004706;0,030194;0,637353;2,347873;0;3,01069;54,099998;42,900002
15.08.2025 09:26:57;0,000658;0,028931;0,638306;2,379639;0;3,046143;54,099998;45,099998
15.08.2025 09:31:59;0,00004;0,146242;0,54386;2,462829;0;3,153294;54,099998;45,599998
15.08.2025 09:37:01;0;0,282298;0,511846;2,46865;0;3,26243;54,099998;45,599998
15.08.2025 09:42:03;0;0,384158;0,446001;2,471742;0;3,302447;54,200001;45,599998
15.08.2025 09:47:05;0,001518;0,298668;0,558047;2,469195;0;3,324274;54,200001;45,599998
15.08.2025 09:52:07;0;0,372517;0,553682;2,470287;0;3,396303;54,200001;45,599998
15.08.2025 09:57:09;0;0,440544;0,546406;2,47247;0;3,459602;54,299999;45,599998
15.08.2025 10:02:11;0;0,443455;0,591152;2,471014;0;3,505439;54,299999;45,5
15.08.2025 10:07:13;0;0,443455;0,597336;2,471378;0;3,511987;54,400002;45,5
15.08.2025 10:12:15;0;0,575145;0,491474;2,473925;0;3,54109;54,400002;45,5
15.08.2025 10:17:17;0;0,615889;0,466373;2,472651;0;3,554914;54,599998;45,299999
15.08.2025 10:22:20;0;0,660993;0,435827;2,468842;0;3,564937;55;44,900002
15.08.2025 10:27:21;0,000582;1,050454;0,474858;2,064043;0;3,589354;56,099998;19,1
15.08.2025 10:32:24;0;2,873849;0,393042;0,319437;0,008158;3,57799;54,400002;0
15.08.2025 10:37:25;0;3,242974;0,342365;0;0;3,585704;54;0
15.08.2025 10:42:27;0;3,228234;0,355419;0;0;3,583289;53,799999;0
15.08.2025 10:47:30;0;3,208153;0,404282;0;0;3,612798;53,700001;0
15.08.2025 10:52:31;0;3,305023;0,31864;0;0;3,622933;53,700001;0
15.08.2025 10:57:33;0;3,362835;0,268474;0;0;3,631309;53,599998;0
15.08.2025 11:02:35;0;3,320636;0,293575;0;0;3,614575;53,599998;0
15.08.2025 11:07:37;0;3,281347;0,381611;0;0;3,662594;53,5;0
15.08.2025 11:12:39;0;3,231508;0,459825;0;0;3,691697;53,5;0
15.08.2025 11:17:41;0;3,380661;0,425265;0;0;3,805926;53,5;0
15.08.2025 11:22:43;0;3,180578;0,480925;0;0;3,661139;53,5;0
15.08.2025 11:27:44;0;3,101721;0,471573;0;0;3,574024;53,5;0
15.08.2025 11:32:46;0;3,479974;0,397982;0;0;3,877956;53,5;0
15.08.2025 11:37:48;0;3,678601;0,279024;0;0;3,957988;53,5;0
15.08.2025 11:42:50;0;3,687696;0,231731;0;0;3,9187;53,400002;0
15.08.2025 11:47:53;0;3,645068;0,240031;0;0;3,885462;53,400002;0
15.08.2025 11:52:54;0;3,674033;0,260241;0;0;3,933908;53,5;0
15.08.2025 11:57:56;0;3,60839;0,349234;0;0;3,957261;53,400002;0
15.08.2025 12:02:56;0;3,629883;0,373901;0;0;4,00415;53,400002;0
15.08.2025 12:07:58;0;3,639676;0,41799;0;0;4,057666;53,400002;0
15.08.2025 12:13:00;0;3,604752;0,511846;0;0;4,115871;53,400002;0
15.08.2025 12:18:02;0;2,025195;2,133239;0;0;4,159526;53,400002;0
15.08.2025 12:23:05;0;2,621128;1,562017;0;0;4,182056;53,400002;0
15.08.2025 12:28:06;0;2,670298;1,531881;0;0;4,202544;53,400002;0
15.08.2025 12:33:08;0;3,853582;0,364149;0;0;4,218459;53,400002;0
15.08.2025 12:38:10;0;3,856856;0,380884;0;0;4,238103;53,400002;0
15.08.2025 12:43:12;0;3,796468;0,42854;0;0;4,22428;53,400002;0
15.08.2025 12:48:14;0;3,787009;0,421991;0;0;4,209001;53,400002;0
15.08.2025 12:53:14;0;3,810425;0,409058;0;0;4,219482;53,400002;0
15.08.2025 12:58:17;0;3,976833;0,305659;0;0;4,282855;53,400002;0
15.08.2025 13:03:19;0;4,043114;0,273567;0;0;4,316681;53,400002;0
15.08.2025 13:08:20;0;3,84485;0,30404;0;0;4,148525;53,400002;0
15.08.2025 13:13:22;0;4,114052;0,363786;0;0;4,477474;53,400002;0
15.08.2025 13:18:24;0;4,131514;0,46892;0;0;4,600434;53,400002;0
15.08.2025 13:23:26;0;4,15225;0,466373;0;0;4,618623;53,299999;0
15.08.2025 13:28:29;0;4,151599;0,401744;0;0;4,554069;53,299999;0
15.08.2025 13:33:30;0;4,431031;0,355504;0;0;4,785805;53,299999;0
15.08.2025 13:38:32;0;4,571695;0,330317;0;0;4,901649;53,299999;0
15.08.2025 13:43:35;0;4,661756;0,294782;0;0;4,956538;53,299999;0
15.08.2025 13:48:36;0;4,287953;0,228851;0;0;4,517899;53,299999;0
15.08.2025 13:53:39;0;4,69874;0,258523;0;0;4,957263;53,299999;0
15.08.2025 13:58:40;0;4,701491;0,283236;0;0;4,984362;53,299999;0
15.08.2025 14:03:42;0;4,616441;0,407804;0;0;5,023881;53,299999;0
15.08.2025 14:08:44;0;2,459555;0,359784;0;0;2,820067;53,299999;0
15.08.2025 14:13:46;0;3,773913;0,331045;0;0;4,104958;53,299999;0
15.08.2025 14:18:49;0;4,306423;0,325964;0;0;4,631662;53,299999;0
15.08.2025 14:23:50;0;2,909734;0,299295;0;0;3,20903;53,299999;0
15.08.2025 14:28:52;0;2,633081;0,590424;0;0;3,223869;53,299999;0
15.08.2025 14:33:54;0;4,168257;0,288482;0;0;4,457102;53,299999;0
15.08.2025 14:38:56;0;4,195177;0,284117;0;0;4,47893;53,299999;0
15.08.2025 14:43:58;0;2,878272;0,301215;0;0;3,179487;53,299999;0
15.08.2025 14:49:00;0;1,08299;0,361603;0;0;1,444229;53,299999;0
15.08.2025 14:54:02;0;1,013507;0,351053;0;0;1,364196;53,299999;0
15.08.2025 14:59:04;0;3,582925;0,337593;0;0;3,92161;53,299999;0
15.08.2025 15:04:06;0;2,177257;0,391797;0;0;2,569055;53,299999;0
15.08.2025 15:09:09;0;2,617139;0,399569;0;0;3,015983;53,299999;0
15.08.2025 15:14:11;0;2,14961;0,383066;0;0;2,533404;53,299999;0
15.08.2025 15:19:12;0;0,853357;0,383609;0;0;1,236601;53,299999;0
15.08.2025 15:24:15;0;1,416983;0,366211;0;0;1,783193;53,299999;0
15.08.2025 15:29:17;0;0,847257;0,433269;0;0;1,280526;53,299999;0
15.08.2025 15:34:18;0;0,871241;0,373024;0;0;1,244631;53,299999;0
15.08.2025 15:39:20;0;3,059438;0,347779;0;0;3,406489;53,299999;0
15.08.2025 15:44:22;0;3,443232;0,389978;0;0;3,832846;53,299999;0
15.08.2025 15:49:24;0;3,375568;0,398345;0;0;3,77464;53,299999;0
15.08.2025 15:54:26;0;3,341735;0,361239;0;0;3,702611;53,299999;0
15.08.2025 15:59:28;0;3,394121;0,239007;0;0;3,633492;53,299999;0
15.08.2025 16:04:30;0;3,336279;0,235006;0;0;3,571648;53,299999;0
15.08.2025 16:09:33;0;3,219756;0,23423;0;0;3,45326;53,299999;0
15.08.2025 16:14:33;0;1,2854;0,36145;0;0;1,646484;53,299999;0
15.08.2025 16:19:34;0;0,394924;0,361344;0;0;0,756998;53,299999;0
15.08.2025 16:24:34;0;0,797974;0,38855;0;0;1,186523;53,299999;0
15.08.2025 16:29:37;0;3,162467;0,39558;0;0;3,55841;53,299999;0
15.08.2025 16:34:38;0;3,235309;0,418648;0;0;3,653593;53,299999;0
15.08.2025 16:39:40;0;3,377386;0,277932;0;0;3,655319;53,200001;0
15.08.2025 16:44:42;0;3,404307;0,234278;0;0;3,638585;53,200001;0
15.08.2025 16:49:44;0;3,336279;0,239007;0;0;3,576013;53,200001;0
15.08.2025 16:54:47;0;3,245499;0,312548;0;0;3,55696;53,200001;0
15.08.2025 16:59:49;0;2,895007;0,405257;0;0;3,300991;53,200001;0
15.08.2025 17:04:50;0;2,930174;0,499677;0;0;3,429486;53,200001;0
15.08.2025 17:09:52;0;1,717432;0,498023;0;0;2,215455;53,200001;0
15.08.2025 17:14:55;0;2,337586;0,434014;0;0;2,7716;53,200001;0
15.08.2025 17:19:56;0;2,88455;0,305865;0;0;3,19005;53,200001;0
15.08.2025 17:24:58;0;3,06162;0,219727;0;0;3,281347;53,200001;0
15.08.2025 17:30:00;0;3,049979;0,193898;0;0;3,243513;53,200001;0
15.08.2025 17:35:02;0;3,134378;0,132418;0;0;3,266796;53,200001;0
15.08.2025 17:40:04;0;3,164572;0,177891;0;0;3,342463;53,200001;0
15.08.2025 17:45:04;0;2,781738;0,35376;0;0;3,135498;53,200001;0
15.08.2025 17:50:06;0;2,230734;0,296122;0;0;2,526855;53,200001;0
15.08.2025 17:55:08;0;1,960441;0,289937;0;0;2,251106;53,200001;0
15.08.2025 18:00:10;0;2,912105;0,243736;0;0;3,155477;53,200001;0
15.08.2025 18:05:12;0,001535;0,385249;1,299443;0;0,33341;1,349645;52,900002;-4,9
15.08.2025 18:10:15;0,007218;0,035171;2,189651;0,204679;0,534813;1,886893;52,799999;-16,200001
15.08.2025 18:15:16;0,003171;0,032484;2,724317;0;1,399023;1,354859;52,700001;-29,200001
15.08.2025 18:20:18;0,000779;0,054568;1,918242;0,005093;1,377293;0,600246;53;3,3
15.08.2025 18:25:20;0,004553;0,060388;0,307763;0,055659;0,004911;0,413988;53,099998;0
15.08.2025 18:30:22;0;0,075304;0,268838;0;0;0,344141;53,099998;0
15.08.2025 18:35:24;0;0,127689;0,260834;0;0;0,387796;53,099998;0
15.08.2025 18:40:27;0;0,1066;0,258523;0;0;0,366211;53,099998;0
15.08.2025 18:45:29;0,001376;0,033468;0,307399;0,164431;0;0,503479;53,200001;2,7
15.08.2025 18:50:30;0,00138;0,02482;0,239436;0,280498;0;0,543112;53,299999;6
15.08.2025 18:55:32;0,004365;0,031649;0,235369;0,313401;0,000909;0,574781;53,299999;5,3
15.08.2025 19:00:34;0,011999;0,018917;0,289573;0,282843;0;0,580602;53,400002;5,3
15.08.2025 19:05:36;0,015671;0,041108;0,388159;0,182984;0,005457;0,590788;53,299999;3
15.08.2025 19:10:38;0,00058;0,029103;0,446001;0,167341;0;0,641718;53,400002;4,6
15.08.2025 19:15:40;0,002814;0,036015;0,39689;0,373972;0;0,804694;53,5;8,9
15.08.2025 19:20:42;0,004047;0,032013;0,408168;0,45164;0;0,88691;53,599998;8,1
15.08.2025 19:25:44;0,001205;0,046928;0,401983;0,56314;0;1,011324;53,900002;12,7
15.08.2025 19:30:46;0,001091;0,033468;0,456551;0,575509;0;1,063709;54;8,2
15.08.2025 19:35:48;0,000693;0,042563;0,336866;0,428176;0;0,807604;54,299999;6
15.08.2025 19:40:48;0,003862;0,023071;0,278687;0,246643;0;0,544189;54,5;2,4
15.08.2025 19:45:51;0,002532;0,071067;0,203773;0,01396;0;0,287167;54,099998;0
15.08.2025 19:50:52;0,010288;0,020805;0,167897;0;0;0,177387;53,900002;0
15.08.2025 19:55:55;0,008073;0,029007;0,38289;0;0,26088;0,142859;53,299999;-5,3
15.08.2025 20:00:56;0,002475;0,023725;0,389449;0;0,295828;0,115338;53;-6,7
15.08.2025 20:05:58;0,00062;0,036015;0,373608;0;0,3325;0,076395;53;-6,9
15.08.2025 20:11:00;0,002103;0,02692;0,453277;0;0,448548;0,029103;52,900002;-8,5
15.08.2025 20:16:02;0,000836;0,023646;0,471102;0;0,488382;0,006548;52,900002;-9,8
15.08.2025 20:21:04;0,000165;0,02692;0,412169;0;0,434906;0,00291;52,900002;-8,3
15.08.2025 20:26:07;0,001858;0,025744;0,405733;0;0,428938;0,000725;52,900002;-7,1
15.08.2025 20:31:09;0,000108;0,031649;0,329954;0;0,361967;0;53;-6,6
15.08.2025 20:36:11;0,005389;0,029103;0,416898;0;0,440726;0;52,900002;-8,9
15.08.2025 20:41:12;0,001146;0,0292;0,482887;0;0,51081;0;52,900002;-10,3
15.08.2025 20:46:15;0,000051;0,029369;0,514871;0;0,54424;0;52,900002;-10,7
15.08.2025 20:51:16;0,01517;0,050734;0,973805;0;1,008479;0;52,900002;-10,4
15.08.2025 20:56:18;0,002683;0,032013;0,546042;0;0,575145;0;52,900002;-11
15.08.2025 21:01:20;0,000108;0,029467;0,460553;0;0,490383;0;52,900002;-8,5
15.08.2025 21:06:20;0,000309;0,024536;0,425903;0;0,450073;0;52,900002;-8,3
15.08.2025 21:11:23;0,000652;0,030095;0,414072;0;0,44326;0;52,900002;-8,4
15.08.2025 21:16:24;0,005937;0,030295;0,448943;0;0,473215;0;52,900002;-11,1
15.08.2025 21:21:27;0,00102;0,030095;0,531187;0;0,560738;0;52,900002;-10,7
15.08.2025 21:26:28;0,002401;0,031025;0,523402;0;0,552054;0;52,900002;-9,9
15.08.2025 21:31:30;0,001353;0,030558;0,510028;0;0,539312;0;52,900002;-10,3
15.08.2025 21:36:32;0,010754;0,020736;0,521669;0;0,531855;0;52,900002;-9,9
15.08.2025 21:41:32;0,000996;0,025269;0,470581;0;0,494202;0;52,900002;-8,9
15.08.2025 21:46:34;0,000301;0,028739;0,380156;0;0,409077;0;53;-7,6
15.08.2025 21:51:37;0,000765;0,036259;0,374913;0;0,410628;0;53;-7,6
15.08.2025 21:56:38;0,036345;0,048544;0,520482;0;0,530702;0;52,900002;-8,9
15.08.2025 22:01:38;0,010683;0,031128;0,480835;0;0,501526;0;52,900002;-10,5
15.08.2025 22:06:40;0,001717;0,029103;0,528581;0;0,555683;0;52,900002;-10,8
15.08.2025 22:11:42;0,001381;0,025829;0,513302;0;0,537675;0;52,900002;-9,6
15.08.2025 22:16:45;0,008317;0,031907;0,56382;0;0,587569;0;52,900002;-10,3
15.08.2025 22:21:46;0,011013;0,03066;0,573041;0;0,592386;0;52,900002;-11,3
15.08.2025 22:26:48;0,002848;0,026556;0,444182;0;0,468374;0;52,900002;-7,9
15.08.2025 22:31:51;0,000504;0,031907;0,357509;0;0,388691;0;53;-6,9
15.08.2025 22:36:52;0,004602;0,035039;0,342365;0;0,372659;0;53;-8
15.08.2025 22:41:54;0,00735;0,035651;0,4209;0;0,449275;0;52,900002;-10,4
15.08.2025 22:46:56;0,005633;0,034196;0,511119;0;0,539494;0;52,900002;-8,6
15.08.2025 22:51:57;0,007408;0,02482;0,519022;0;0,536542;0;52,900002;-10,1
15.08.2025 22:57:00;0,004702;0,038434;0,509432;0;0,542971;0;52,900002;-11
15.08.2025 23:02:00;0,00305;0,034058;0,546753;0;0,578064;0;52,900002;-10,8
15.08.2025 23:07:02;0,000512;0,042927;0,519122;0;0,561503;0;52,900002;-10,7
15.08.2025 23:12:02;0,004658;0,038818;0,488892;0;0,522949;0;52,900002;-9,6
15.08.2025 23:17:05;0,000119;0,026106;0,482601;0;0,508888;0;52,900002;-9,7
15.08.2025 23:22:06;0,000644;0,026645;0,396019;0;0,421386;0;52,900002;-8,3
15.08.2025 23:27:08;0,002853;0,028011;0,280843;0;0,306308;0;53;-4,6
15.08.2025 23:32:10;0,005138;0,033832;0,314311;0;0,343232;0;53;-6,4
15.08.2025 23:37:12;0,00062;0,026556;0,313947;0;0,339958;0;53;-6,4
15.08.2025 23:42:15;0,001445;0,027556;0,308922;0;0,334847;0;53;-6,2
15.08.2025 23:47:17;0,000136;0,028739;0,303033;0;0,331773;0;53;-6,5
15.08.2025 23:52:18;0,002931;0,02847;0,312435;0;0,337802;0;53;-7,6
15.08.2025 23:57:20;0,000767;0,027648;0,283389;0;0,310127;0;53;-4,7
16.08.2025 00:02:22;0,000108;0,025829;0,24701;0;0,272839;0;53;-5,1
16.08.2025 00:07:24;0,001825;0,022918;0,248102;0;0,269565;0;53;-5,3
16.08.2025 00:12:27;0,007926;0,030095;0,269038;0;0,290793;0;53;-6,3
16.08.2025 00:17:28;0,000724;0,022995;0,31572;0;0,338167;0;53;-6,3
16.08.2025 00:22:30;0;0,026193;0,312856;0;0,339048;0;53;-6,4
16.08.2025 00:27:33;0,000079;0,023931;0,311461;0;0,335029;0;53;-6,2
16.08.2025 00:32:34;0,001488;0,0292;0,371929;0;0,399669;0;53;-7,6
16.08.2025 00:37:36;0,000051;0,025101;0,302306;0;0,327771;0;53;-5,4
16.08.2025 00:42:39;0,00017;0,035533;0,240394;0;0,275565;0;53;-3,9
16.08.2025 00:47:41;0,000034;0,021463;0,192806;0;0,214088;0;53;-4
16.08.2025 00:52:43;0,005445;0,026193;0,240099;0;0,260834;0;53;-6,5
16.08.2025 00:57:45;0,004274;0,029467;0,354691;0;0,379792;0;52,900002;-8,4
16.08.2025 01:02:47;0,000227;0,03456;0,400528;0;0,435088;0;52,900002;-8,5
16.08.2025 01:07:48;0,000935;0,028105;0,386894;0;0,413904;0;52,900002;-7,8
16.08.2025 01:12:51;0,004719;0,04206;0,425312;0;0,462659;0;52,900002;-8,5
16.08.2025 01:17:53;0,013619;0,02401;0,448912;0;0,459461;0;52,900002;-8,6
16.08.2025 01:22:54;0,015752;0,023725;0,402224;0;0,410071;0;52,900002;-6,6
16.08.2025 01:27:55;0,000211;0,02993;0,252211;0;0,282141;0;53;-3,8
16.08.2025 01:32:56;0,003941;0,024455;0,190162;0;0,210237;0;53;-3,9
16.08.2025 01:37:58;0,012443;0,02401;0,189896;0;0,201537;0;53;-2,7
16.08.2025 01:43:00;0,017791;0,019644;0,32668;0;0,32868;0;53;-7,3
16.08.2025 01:48:03;0,006912;0,026469;0,336116;0;0,355877;0;52,900002;-7,5
16.08.2025 01:53:05;0,002865;0,026193;0,383066;0;0,405985;0;52,900002;-7,3
16.08.2025 01:58:06;0,009113;0,02774;0,377769;0;0,396749;0;52,900002;-7,6
16.08.2025 02:03:08;0,000375;0,034196;0,341231;0;0,375063;0;52,900002;-6,2
16.08.2025 02:08:09;0,002549;0,033944;0,210237;0;0,241809;0;53;-4,4
16.08.2025 02:13:11;0,007912;0,021463;0,197899;0;0,211359;0;53;-4,1
16.08.2025 02:18:13;0,0005;0,022555;0,187713;0;0,209722;0;53;-3,8
16.08.2025 02:23:16;0,011914;0,031545;0,254897;0;0,273933;0;53;-6,6
16.08.2025 02:28:17;0,004865;0,031755;0,352219;0;0,379594;0;52,900002;-7,8
16.08.2025 02:33:19;0,000131;0,029467;0,368151;0;0,397436;0;52,900002;-7,5
16.08.2025 02:38:21;0,00004;0,031286;0,360148;0;0,39107;0;52,900002;-7,3
16.08.2025 02:43:23;0,001444;0,026556;0,34596;0;0,371425;0;52,900002;-6,4
16.08.2025 02:48:26;0,00196;0,019942;0,234593;0;0,252359;0;53;-3,9
16.08.2025 02:53:27;0,000627;0,02774;0,187972;0;0,215347;0;53;-3,9
16.08.2025 02:58:27;0,005322;0,027466;0,206177;0;0,228516;0;53;-6,1
16.08.2025 03:03:29;0,006128;0,035651;0,333955;0;0,362876;0;52,900002;-8,2
16.08.2025 03:08:32;0,00226;0,029007;0,430751;0;0,457582;0;52,900002;-9,3
16.08.2025 03:15:00;0;0,0269;0,470034;0;0,497499;0;52,900002;-9,1
16.08.2025 03:18:45;0,000259;0,026367;0,460449;0,000488;0,486572;0;52,900002;-9
16.08.2025 03:23:47;0,000614;0,02401;0,411078;0;0,43436;0;52,900002;-7,7
16.08.2025 03:28:45;0,001158;0,033549;0,34618;0;0,378623;0;52,900002;-6,2
16.08.2025 03:33:47;0,000193;0,024737;0,257196;0;0,281206;0;53;-4
16.08.2025 03:38:47;0,00008;0,021606;0,189697;0;0,211121;0;53;-4
16.08.2025 03:43:47;0,002769;0,023071;0,212769;0;0,233459;0;53;-5,4
16.08.2025 03:48:47;0;0,024536;0,253784;0;0,27832;0;53;-5,2
16.08.2025 03:53:50;0,005042;0,03082;0,376363;0;0,401744;0;52,900002;-7,8
16.08.2025 03:58:51;0,000017;0,029565;0,364994;0;0,394741;0;52,900002;-7,3
16.08.2025 04:03:51;0,000143;0,029297;0,30249;0;0,331604;0;52,900002;-6,2
16.08.2025 04:08:53;0,00191;0,020008;0,312492;0;0,330681;0;52,900002;-6,2
16.08.2025 04:13:56;0,002986;0,034446;0,273752;0;0,305115;0;53;-1,9
16.08.2025 04:18:57;0,003405;0,02628;0,186147;0;0,208959;0;53;-3,9
16.08.2025 04:23:59;0,000955;0,022191;0,193898;0;0,215361;0;53;-4
16.08.2025 04:29:01;0,003518;0,023282;0,235006;0;0,255014;0;52,900002;-5,5
16.08.2025 04:34:04;0,007609;0,032633;0,357146;0;0,381621;0;52,900002;-7,6
16.08.2025 04:39:06;0,002296;0,03456;0,367787;0;0,400528;0;52,900002;-7,6
16.08.2025 04:44:08;0,006901;0,028375;0,319768;0;0,341231;0;52,900002;-7,4
16.08.2025 04:49:09;0,000354;0,040149;0,292725;0;0,332692;0;52,900002;-6,6
16.08.2025 04:54:09;0,00024;0,028198;0,300659;0;0,328125;0;52,900002;-6,2
16.08.2025 04:59:11;0,010118;0,022555;0,211723;0;0,224092;0;52,900002;-6,2
16.08.2025 05:04:13;0,008521;0,023282;0,375427;0;0,390706;0;52,900002;-7,3
16.08.2025 05:09:15;0,003558;0,036742;0,337593;0;0,370516;0;52,900002;-7,6
16.08.2025 05:14:17;0,011732;0,025101;0,445274;0;0,458552;0;52,799999;-8,9
16.08.2025 05:19:19;0,003024;0,038925;0,387796;0;0,423447;0;52,799999;-9,3
16.08.2025 05:24:21;0,002001;0,025829;0,383794;0;0,407804;0;52,799999;-7,8
16.08.2025 05:29:23;0,000017;0,025101;0,352508;0;0,377973;0;52,900002;-6,1
16.08.2025 05:34:26;0,001739;0,028282;0,300583;0;0,327233;0;52,900002;-6,3
16.08.2025 05:39:27;0,000023;0,030295;0,29893;0;0,328677;0;52,900002;-4,1
16.08.2025 05:44:29;0,00191;0,020736;0,193534;0;0,212451;0;52,900002;-3,9
16.08.2025 05:49:32;0,004969;0,021755;0,250546;0;0,267407;0;52,900002;-5,4
16.08.2025 05:54:33;0,000445;0,02263;0,266811;0;0,288893;0;52,900002;-5,4
16.08.2025 05:59:33;0,003553;0,026733;0,35083;0;0,373901;0;52,799999;-6,4
16.08.2025 06:04:35;0,000023;0,024374;0,315766;0;0,340322;0;52,900002;-6,2
16.08.2025 06:09:37;0,000114;0,025101;0,311401;0;0,336138;0;52,900002;-6,4
16.08.2025 06:14:39;0,000017;0,023646;0,310309;0;0,334501;0;52,900002;-6,3
16.08.2025 06:19:41;0,001143;0,023282;0,338684;0;0,360512;0;52,799999;-7,5
16.08.2025 06:24:44;0,000198;0,028282;0,277378;0;0,305115;0;52,900002;-5,5
16.08.2025 06:29:45;0;0,024455;0,254766;0;0,279038;0;52,900002;-5
16.08.2025 06:34:45;0,000921;0,025635;0,247192;0;0,272278;0;52,900002;-5
16.08.2025 06:39:47;0,007185;0,033468;0,259379;0;0,286117;0;52,799999;-6,3
16.08.2025 06:44:48;0,00093;0,02336;0,321195;0;0,342912;0;52,799999;-6,4
16.08.2025 06:49:50;0,000313;0,022191;0,31613;0;0,338139;0;52,799999;-6,4
16.08.2025 06:54:51;0,000017;0,02336;0,314625;0;0,338532;0;52,799999;-6,4
16.08.2025 06:59:53;0,00453;0,026193;0,333955;0;0,355601;0;52,799999;-8,3
16.08.2025 07:04:55;0,000205;0,024737;0,340503;0;0,364513;0;52,799999;-5,9
16.08.2025 07:09:59;0,002965;0,030357;0,369343;0;0,388858;0,008673;52,799999;-7,3
16.08.2025 07:15:00;0,004089;0,018615;0,394924;0;0,398391;0,01095;52,799999;-7,2
16.08.2025 07:20:01;0,011777;0,039419;0,419013;0;0,428138;0,01752;52,700001;-9,4
16.08.2025 07:25:04;0,006368;0,023931;0,50073;0;0,494022;0,025381;52,700001;-9,7
16.08.2025 07:30:06;0,003035;0,032377;0,43436;0;0,430177;0,033468;52,700001;-7,1
16.08.2025 07:35:08;0,000028;0,026193;0,396163;0;0,376882;0,045109;52,700001;-7
16.08.2025 07:40:10;0,010948;0,025465;0,392161;0;0,345778;0,060388;52,700001;-6
16.08.2025 07:45:11;0,000707;0,034309;0,347475;0;0,308055;0,073729;52,799999;-6
16.08.2025 07:50:13;0,007168;0,028011;0,285208;0;0,231913;0,074212;52,799999;-3,5
16.08.2025 07:55:16;0,022339;0,01958;0,236405;0;0,139414;0,094272;52,900002;-0,3
16.08.2025 08:00:17;0,032051;0;0,170817;0;0,015147;0,123368;53;-0,3
16.08.2025 08:05:20;0,020611;0,008702;0,215738;0;0,063815;0,139958;52,900002;-4,1
16.08.2025 08:10:21;0,012507;0,023725;0,366819;0;0,214982;0,163517;52,900002;-3,3
16.08.2025 08:15:23;0,02293;0,017825;0,321223;0;0,108954;0,207358;53;-0,3
16.08.2025 08:20:25;0,02875;0,003638;0,462735;0;0,172798;0,264108;52,599998;-31,5
16.08.2025 08:25:28;0,002294;0,047136;2,110245;0;1,823803;0,331403;52;-50,200001
16.08.2025 08:30:30;0,003035;0,051294;3,655682;0;3,309904;0,394344;51,700001;-68,199997
16.08.2025 08:35:31;0;0,064239;3,471461;0;3,086209;0,448943;51,799999;-46,5
16.08.2025 08:40:35;0,000006;0,062521;1,881409;0,056919;1,49255;0,508118;52,400002;5,4
16.08.2025 08:45:37;0,004979;0,029467;0,247374;0,310309;0,002001;0,580602;52,599998;5
16.08.2025 08:50:39;0,000426;0,036379;0,319768;0,305398;0;0,661362;52,599998;6,5
16.08.2025 08:55:39;0,002071;0,032593;0,322266;0,386169;0;0,738281;52,700001;7,9
16.08.2025 09:00:41;0,00885;0,035287;0,457279;0,324861;0,00291;0,805422;52,700001;5,8
16.08.2025 09:05:43;0,000301;0,028739;0,468192;0,3536;0;0,851259;52,799999;6,7
16.08.2025 09:10:44;0,000046;0,0292;0,486172;0,436898;0;0,951175;52,900002;9,4
16.08.2025 09:15:46;0,001359;0,026556;0,387432;0,637534;0;1,050613;53;12,6
16.08.2025 09:20:49;0,00004;0,028282;0,332853;0,704684;0;1,066;53,099998;12,3
16.08.2025 09:25:50;0,021597;0,045624;2,575035;0,100556;1,769857;0,930005;52;-40,799999
16.08.2025 09:30:52;0,019957;0,061844;0,708291;0,416535;0,262108;0,903644;52,799999;10,2
16.08.2025 09:35:53;0,004728;0,02847;0,363169;0,570669;0,000182;0,957745;53;10,8
16.08.2025 09:40:58;0,003135;0,030257;0,4164;0,443596;0;0,887551;53;6,7
16.08.2025 09:45:58;0,004263;0,019043;0,411987;0,25415;0;0,68042;52,900002;3,2
16.08.2025 09:51:00;0,001046;0,022191;0,397254;0,173526;0;0,592243;53;4,8
16.08.2025 09:56:01;0,002304;0,022995;0,329225;0,33324;0;0,683269;53,099998;8,8
16.08.2025 10:01:06;0,000124;0,026295;0,251785;0,528785;0;0,806865;53,200001;10,6
16.08.2025 10:06:06;0,000034;0,031494;0,241333;0,559021;0;0,832031;53,200001;10,1
16.08.2025 10:11:07;0,000074;0,026645;0,249291;0,457885;0;0,733639;53,200001;5,4
16.08.2025 10:16:08;0,036374;0,032119;0,35076;0,047632;0,01752;0,375944;53,099998;-0,3
16.08.2025 10:21:10;0,044302;0,003274;0,36706;0;0,024919;0,301942;53;-0,3
16.08.2025 10:26:11;0,00016;0,083584;0,359154;0,000182;0,015512;0,426313;53;0
16.08.2025 10:31:13;0,000296;0,026556;0,377246;0,112592;0,000182;0,516576;53,099998;3,1
16.08.2025 10:36:14;0,001118;0,030295;0,31207;0,193812;0;0,534352;53,200001;5,5
16.08.2025 10:41:16;0,002433;0,040016;0,237916;0,275022;0,000182;0,550044;53,200001;4,5
16.08.2025 10:46:18;0,015319;0,016007;0,311764;0,235733;0;0,549316;53,299999;4
16.08.2025 10:51:19;0,002013;0,035039;0,320465;0,194724;0;0,547491;53,299999;4
16.08.2025 10:56:21;0,005758;0,032377;0,382339;0,144787;0,003092;0,550772;53,299999;3,8
16.08.2025 11:01:23;0,006292;0,028739;0,378337;0,158247;0,001273;0,558047;53,200001;0
16.08.2025 11:06:25;0,002956;0,100405;0,415079;0,029649;0,000546;0,541313;53,200001;0
16.08.2025 11:11:26;0,000006;0,050369;0,428503;0;0;0,479602;53,200001;0
16.08.2025 11:16:27;0,006376;0,02482;0,527417;0;0,163335;0,381784;53;-5,1
16.08.2025 11:21:29;0,012033;0,029467;0,796327;0;0,51603;0,298304;52,599998;-17,200001
16.08.2025 11:26:31;0,020696;0,038925;1,663592;0;1,462055;0,219727;52;-54,599998
16.08.2025 11:31:33;0,001023;0,062207;2,820431;0;2,697653;0,184076;51,799999;-50,5
16.08.2025 11:36:35;0,012232;0,058933;2,602159;0;2,463011;0,185531;51,700001;-55,200001
16.08.2025 11:41:38;0,008011;0,065628;2,943103;0;2,788098;0,212475;51,700001;-43,799999
16.08.2025 11:46:39;0,007847;0,065334;2,819581;0;2,661356;0,216077;51,700001;-55,299999
16.08.2025 11:51:43;0,001197;0,061437;2,422052;0;2,274784;0,207439;51,799999;-43
16.08.2025 11:56:43;0,002804;0,057495;2,373413;0;2,203125;0,224854;51,799999;-41
16.08.2025 12:01:45;0,015023;0,047656;1,030241;0;0,755947;0,307763;52,299999;0
16.08.2025 12:06:48;0,022877;0,051487;1,450703;0,006708;1,025028;0,459758;52,200001;4,1
16.08.2025 12:11:48;0,006752;0,032593;0,398071;0,290405;0;0,714111;52,5;8,6
16.08.2025 12:16:49;0,009342;0,034309;0,371929;0,543659;0;0,941685;52,599998;11,5
16.08.2025 12:21:51;0,026374;0,047292;1,435135;0,270293;0,650995;1,074623;52,5;11
16.08.2025 12:26:54;0,006062;0,037346;0,528649;0,645401;0;1,205233;52,700001;14
16.08.2025 12:31:55;0,007323;0,033944;0,528512;0,820872;0;1,376028;52,799999;15,9
16.08.2025 12:36:58;0,007597;0,031182;0,514508;0,878906;0;1,417708;52,900002;17,200001
16.08.2025 12:41:59;0,002122;0,034674;0,418648;1,034941;0;1,485527;53;21
16.08.2025 12:47:02;0,006566;0,034083;0,378176;1,139605;0;1,545338;53;21,700001
16.08.2025 12:52:03;0,016391;0,040879;0,414999;1,184406;0;1,624225;53,099998;23
16.08.2025 12:57:05;0,005156;0,033468;0,349234;1,301443;0;1,679235;53,200001;24,200001
16.08.2025 13:02:07;0,018093;0,045109;0,575509;1,06662;0;1,668321;53,099998;16,299999
16.08.2025 13:07:10;0,009405;0,031545;0,661355;0,997653;0;1,68167;53,200001;20,4
16.08.2025 13:12:11;0,010653;0,031025;0,637645;1,015779;0;1,673864;53,200001;19,4
16.08.2025 13:17:14;0,012991;0,041697;0,600078;0,967921;0;1,596825;53,200001;18
16.08.2025 13:22:15;0,012615;0,037959;0,568296;1,090238;0;1,683354;53,299999;21,5
16.08.2025 13:27:15;0,00824;0,03186;0,777832;0,86261;0,001831;1,661865;53,099998;3,4
16.08.2025 13:32:17;0,008918;0,026193;1,734894;0,020372;0,228821;1,544634;52,900002;7,2
16.08.2025 13:37:19;0,185013;0,194625;3,005597;0,133691;1,72489;1,423857;52,200001;-32,900002
16.08.2025 13:42:21;0,140973;0,216452;1,761087;0,511119;0,714293;1,634125;52,5;-23,200001
16.08.2025 13:47:23;0,127325;0,186622;1,781095;0,502206;0,691193;1,649404;52,799999;22,4
16.08.2025 13:52:25;0,049049;0,100041;0,815971;1,057889;0,187895;1,736713;53,200001;22,6
16.08.2025 13:57:27;0,000063;0,029467;0,374335;0,906736;0;1,309629;53,200001;12,6
16.08.2025 14:02:29;0,002842;0,032013;0,378337;0,651358;0;1,059344;53,299999;12,2
16.08.2025 14:07:31;0,000784;0,02692;0,41799;0,582239;0;1,026603;53,299999;9,2
16.08.2025 14:12:32;0,000662;0,034674;0,359884;0,484347;0;0,878906;53,299999;8,6
16.08.2025 14:17:32;0,011885;0,020874;0,319336;0,394409;0;0,721436;53,299999;6,8
16.08.2025 14:22:33;0,006798;0,026645;0,249656;0,306413;0;0,576691;53,200001;5,1
16.08.2025 14:27:33;0,009859;0,047974;0,227051;0,221375;0,003296;0,482666;53,099998;0
16.08.2025 14:32:34;0;0,081394;0,32886;0;0;0,410254;53;0
16.08.2025 14:37:35;0,000051;0,076284;0,3128;0;0;0,389084;53;0
16.08.2025 14:42:37;0,00449;0,044018;0,49584;0,00382;0,131145;0,40744;52,900002;-6,1
16.08.2025 14:47:39;0,003661;0,02983;0,835252;0;0,396526;0,464918;52,700001;-7,6
16.08.2025 14:52:41;0,002097;0,027284;0,847984;0;0,307581;0,566051;52,700001;-3,8
16.08.2025 14:57:43;0,01641;0,017825;0,823611;0;0,127143;0,698469;52,799999;0
16.08.2025 15:02:45;0,006827;0,053476;0,81488;0,000364;0;0,861445;52,799999;0
16.08.2025 15:07:45;0,011072;0,086792;0,967529;0,008606;0,007874;1,044434;52,799999;0
16.08.2025 15:12:48;0,001014;0,07578;1,13054;0,006708;0;1,212485;52,900002;1,5
16.08.2025 15:17:49;0,000359;0,028105;1,190611;0,13669;0;1,354129;53;3,5
16.08.2025 15:22:52;0,000963;0,026469;1,186378;0,243113;0;1,454691;53,099998;6,2
16.08.2025 15:27:54;0,001779;0,0211;1,173573;0,313038;0;1,5068;53,200001;5,9
16.08.2025 15:32:55;0,000684;0,02555;1,164697;0,33689;0;1,525676;53,299999;7,9
16.08.2025 15:37:57;0,000927;0,025101;1,074259;0,435815;0;1,534448;53,400002;9,6
16.08.2025 15:42:59;0,000608;0,028739;1,011324;0,519668;0;1,559913;53,400002;9,7
16.08.2025 15:48:02;0,000408;0,027919;1,000372;0,5611;0;1,588123;53,5;11
16.08.2025 15:53:04;0,005281;0,038561;0,57369;1,029877;0;1,637763;53,799999;22,4
16.08.2025 15:58:03;0,003152;0,032334;0,559237;1,103042;0;1,690939;53,799999;21
16.08.2025 16:03:05;0,001268;0,02983;0,462372;1,244511;0;1,735258;53,900002;24,200001
16.08.2025 16:08:07;0,000966;0,023646;0,478014;1,28671;0;1,786915;53,900002;24,200001
16.08.2025 16:13:09;0;0,02983;0,44491;1,367107;0;1,842938;53,900002;26,700001
16.08.2025 16:18:11;0,000063;0,028375;0,410714;1,487702;0;1,926609;54;29,6
16.08.2025 16:23:13;0;0,026556;0,327771;1,610843;0;1,964443;54;29,6
16.08.2025 16:28:15;0,001256;0,032013;0,300487;1,611025;0;1,941888;54;29,799999
16.08.2025 16:33:17;0,001114;0,034923;0,269565;1,594109;0;1,898234;53,900002;29,1
16.08.2025 16:38:18;0,005817;0,031025;0,370469;1,45943;0;1,855631;53,900002;26,200001
16.08.2025 16:43:19;0,010328;0,0219;0,399304;1,500492;0;1,91111;53,900002;28,5
16.08.2025 16:48:20;0,000268;0,037959;0,366454;1,550861;0;1,954909;53,900002;28,799999
16.08.2025 16:53:22;0,001944;0,042199;0,347415;1,48661;0;1,874224;53,900002;26,299999
16.08.2025 16:58:25;0,005082;0,036984;0,35207;1,313464;0;1,696898;53,900002;23,700001
16.08.2025 17:03:24;0,007073;0,024251;0,327385;1,317808;0;1,663014;53,900002;24,5
16.08.2025 17:08:26;0,007151;0,032377;0,3998;1,117732;0;1,542451;53,799999;19,5
16.08.2025 17:13:28;0,000421;0,033104;0,368151;1,024057;0;1,424585;53,799999;16,4
16.08.2025 17:18:28;0,008245;0,041016;0,420776;0,75;0,002014;1,201904;53,700001;13,6
16.08.2025 17:23:30;0,007486;0,022191;0,45073;0,80142;0;1,266702;53,799999;14
16.08.2025 17:28:32;0,001813;0,027284;0,467465;0,645902;0;1,139377;53,700001;10,3
16.08.2025 17:33:34;0,00677;0,026193;0,452186;0,554773;0;1,025876;53,700001;10,9
16.08.2025 17:38:37;0,012226;0,025018;0,414797;0,5582;0;0,985506;53,700001;11,5
16.08.2025 17:43:38;0,005846;0,054749;0,286521;0,64896;0;0,984025;53,700001;13,6
16.08.2025 17:48:40;0,005553;0,038925;0,267019;0,813243;0;1,114639;53,799999;15,8
16.08.2025 17:53:42;0,009913;0,027648;0,258652;0,972763;0;1,24924;53,900002;11,9
16.08.2025 17:58:45;0,005303;0,025381;0,373463;0,871292;0;1,265422;53,799999;13,7
16.08.2025 18:03:44;0,000907;0,026823;0,386542;0,63401;0;1,045722;53,700001;11,3
16.08.2025 18:08:46;0;0,027284;0,3325;0,467465;0;0,827249;53,700001;7,2
16.08.2025 18:13:48;0,013204;0,056023;1,408578;0,09513;0,860717;0,684645;53,5;4,4
16.08.2025 18:18:50;0,000017;0,023646;0,396526;0,210086;0;0,630804;53,5;3,5
16.08.2025 18:23:50;0,004326;0,016846;0,405762;0,172302;0;0,590332;53,5;2,8
16.08.2025 18:28:52;0;0,025465;0,387796;0,12587;0;0,53913;53,5;2,6
16.08.2025 18:33:54;0,000034;0,026556;0,343414;0,122596;0;0,492566;53,5;1,9
16.08.2025 18:38:57;0,002413;0,080856;0,347719;0,023024;0;0,449606;53,400002;0
16.08.2025 18:43:58;0,031618;0,066429;1,247185;0;0,858832;0,422663;52,599998;-59,299999
16.08.2025 18:49:00;0,000045;0,059297;3,384662;0;3,039793;0,40453;52,599998;-48,5
16.08.2025 18:54:00;0,028421;0,071045;2,779541;0;2,436951;0,385254;52,599998;-47,200001
16.08.2025 18:59:02;0,036862;0,097131;1,296896;0;0,995681;0,360875;53;-16,700001
16.08.2025 19:04:04;0,0523;0,100041;0,682098;0,002183;0,389433;0,341231;52,900002;-27,799999
16.08.2025 19:09:06;0,018144;0,077486;2,183078;0;1,931338;0,311401;52,799999;-20,9
16.08.2025 19:14:09;0,000147;0,042785;2,507276;0;2,271414;0,278465;52,400002;-59,400002
16.08.2025 19:19:10;0;0,056939;3,430946;0;3,240602;0,246736;52,400002;-58,099998
16.08.2025 19:24:12;0;0,061116;2,637083;0;2,480655;0,218271;52,599998;-37,700001
16.08.2025 19:29:15;0,002538;0,040972;0,595727;0;0,441447;0,19217;53;-5,2
16.08.2025 19:34:16;0,001768;0,02409;0,400399;0;0,253489;0,170087;53;-1,4
16.08.2025 19:39:18;0,01321;0,027648;0,353236;0;0,219363;0,147697;53;-4,4
16.08.2025 19:44:21;0,003603;0,023205;0,355333;0;0,248733;0,12618;53,099998;-4,3
16.08.2025 19:49:22;0,008018;0,02628;0,260241;0;0,17465;0,104388;53,099998;-3,9
16.08.2025 19:54:24;0,011937;0,033104;0,251012;0;0,190987;0,08076;53,099998;-4
16.08.2025 19:59:26;0,008674;0,021827;0,267019;0;0,223001;0,056751;53;-4,5
16.08.2025 20:04:28;0,007583;0,040744;0,260834;0;0,261744;0,032741;53;-6,1
16.08.2025 20:09:30;0,000352;0,032741;0,313219;0;0,333228;0,012369;53;-6,9
16.08.2025 20:14:30;0,002518;0,024902;0,464355;0;0,478638;0,007324;52,900002;-9,8
16.08.2025 20:19:30;0,001591;0,039917;0,533569;0;0,571106;0,001465;52,900002;-14,1
16.08.2025 20:24:32;0,001864;0,028011;0,817063;0;0,843255;0;52,799999;-15,9
16.08.2025 20:29:34;0,000705;0,027648;0,83125;0;0,857625;0;52,700001;-16,200001
16.08.2025 20:34:36;0,000421;0,029103;0,749762;0;0,778865;0;52,799999;-14,2
16.08.2025 20:39:36;0,007107;0,04248;0,793945;0;0,829468;0;52,700001;-17
16.08.2025 20:44:38;0;0,026556;0,857807;0;0,884727;0;52,700001;-16,6
16.08.2025 20:49:40;0,00341;0,032377;0,888365;0;0,916922;0;52,599998;-18,9
16.08.2025 20:54:42;0,000011;0,031649;0,961849;0;0,993681;0;52,599998;-19,1
16.08.2025 20:59:44;0,000045;0,02983;0,984404;0;1,014053;0;52,5;-19,299999
16.08.2025 21:04:46;0,000011;0,030922;0,977492;0;1,00805;0;52,5;-19,1
16.08.2025 21:09:48;0;0,02983;0,962213;0;0,992044;0;52,5;-17,1
16.08.2025 21:14:50;0,000034;0,024737;0,85526;0;0,879998;0;52,400002;-16,9
16.08.2025 21:19:52;0;0,026556;0,854533;0;0,881271;0;52,400002;-16,799999
16.08.2025 21:24:55;0,000057;0,028282;0,757078;0;0,785178;0;52,299999;-14,8
16.08.2025 21:29:56;0,000262;0,024455;0,747873;0;0,772693;0;52,299999;-14,7
16.08.2025 21:34:56;0,000126;0,029297;0,746338;0;0,774902;0;52,299999;-16,1
16.08.2025 21:39:58;0,084216;0,034923;2,006278;0;1,957349;0;51,700001;-69,099998
16.08.2025 21:45:00;0;0,062571;2,650179;0;2,712568;0;51,900002;-38,5
16.08.2025 21:50:02;0,000728;0,048747;1,890958;0;1,938978;0;51,900002;-35,299999
16.08.2025 21:55:04;0,0005;0,038561;1,667594;0;1,705427;0;52,099998;-19,5
16.08.2025 22:00:05;0,000308;0,030295;0,877811;0;0,907923;0;52,200001;-12,8
16.08.2025 22:05:06;0,003947;0,02409;0,560266;0;0,580158;0;52,299999;-7,2
16.08.2025 22:10:08;0,002853;0,025465;0,470739;0;0,493293;0;52,200001;-10,9
16.08.2025 22:15:10;0;0,028375;0,502752;0;0,531127;0;52,299999;-8,9
16.08.2025 22:20:12;0,000023;0,023282;0,434724;0;0,45837;0;52,299999;-8,7
16.08.2025 22:25:15;0,006232;0,032633;0,497104;0;0,523392;0;52,299999;-9,7
16.08.2025 22:30:16;0,000171;0,0292;0,473398;0;0,502415;0;52,299999;-9,5
16.08.2025 22:35:18;0,000261;0,037106;0,474013;0;0,511119;0;52,299999;-9,6
16.08.2025 22:40:20;0,002967;0,036742;0,47947;0;0,51312;0;52,200001;-10,5
16.08.2025 22:45:22;0,007628;0,034923;0,579511;0;0,606976;0;52,200001;-12,3
16.08.2025 22:50:24;0,015393;0,020372;0,555865;0;0,560776;0;52,200001;-10,5
16.08.2025 22:55:26;0,002456;0,029467;0,516939;0;0,543678;0;52,200001;-10,6
16.08.2025 23:00:28;0,001205;0,027648;0,53913;0;0,565505;0;52,200001;-11,1
16.08.2025 23:05:30;0,009731;0,041472;0,564959;0;0,596427;0;52,200001;-12,2
16.08.2025 23:10:33;0,006787;0,02248;0,601891;0;0,618208;0;52,200001;-11,6
16.08.2025 23:15:35;0,00008;0,02983;0,53622;0;0,565687;0;52,200001;-9,2
16.08.2025 23:20:37;0,000045;0,025101;0,436543;0;0,462008;0;52,299999;-8,7
16.08.2025 23:25:38;0,00154;0,037959;0,462083;0;0,497852;0;52,200001;-10
16.08.2025 23:30:39;0,000536;0,035039;0,486537;0;0,521759;0;52,200001;-10
16.08.2025 23:35:40;0,001414;0,036499;0,471573;0;0,506247;0;52,200001;-8
16.08.2025 23:40:42;0,00399;0,024737;0,385249;0;0,405621;0;52,299999;-6,6
16.08.2025 23:45:44;0,008231;0,016734;0,34014;0;0,34887;0;52,299999;-6,7
16.08.2025 23:50:47;0,002867;0,02103;0,335029;0;0,353158;0;52,299999;-6,5
16.08.2025 23:55:48;0,005007;0,0292;0,428138;0;0,452593;0;52,299999;-7,5
17.08.2025 00:00:52;0,000136;0,025659;0,363199;0;0,388858;0;52,299999;-7,7
17.08.2025 00:05:52;0,000137;0,027832;0,357056;0;0,384705;0;52,299999;-6,6
17.08.2025 00:10:54;0,000102;0,028739;0,311037;0;0,339412;0;52,299999;-5,9
17.08.2025 00:15:56;0,001921;0,031649;0,317949;0;0,347597;0;52,299999;-7,8
17.08.2025 00:20:58;0,000023;0,026193;0,291756;0;0,317949;0;52,299999;-5,3
17.08.2025 00:26:01;0,000147;0,021755;0,255622;0;0,277196;0;52,299999;-5,3
17.08.2025 00:31:02;0,000011;0,02482;0,251481;0;0,276483;0;52,299999;-5,3
17.08.2025 00:36:05;0,006413;0,029369;0,242932;0;0,265594;0;52,299999;-6,6
17.08.2025 00:41:06;0,002338;0,02993;0,34054;0;0,368462;0;52,299999;-7,8
17.08.2025 00:46:10;0,000034;0,027827;0,374041;0;0,401507;0;52,200001;-7,7
17.08.2025 00:51:10;0,005424;0,028564;0,421875;0;0,445313;0;52,200001;-9,6
17.08.2025 00:56:12;0;0,025101;0,445637;0;0,470375;0;52,200001;-8,3
17.08.2025 01:01:14;0,000045;0,0211;0,394707;0;0,416171;0;52,200001;-7,8
17.08.2025 01:06:17;0,00017;0,020305;0,351345;0;0,371468;0;52,299999;-5,5
17.08.2025 01:11:18;0,000034;0,020075;0,271921;0;0,291995;0;52,299999;-5,6
17.08.2025 01:16:22;0,000181;0,035778;0,25189;0;0,287126;0;52,299999;-5,5
17.08.2025 01:21:22;0,005653;0,020508;0,24939;0;0,264404;0;52,299999;-3,8
17.08.2025 01:26:24;0,00698;0,028011;0,291392;0;0,312492;0;52,299999;-6,2
17.08.2025 01:31:26;0,003206;0,02692;0,330681;0;0,354327;0;52,200001;-7,5
17.08.2025 01:36:26;0,000824;0,026367;0,361816;0;0,387634;0;52,200001;-7,6
17.08.2025 01:41:29;0,000011;0,026469;0,362223;0;0,388873;0;52,200001;-7,5
17.08.2025 01:46:30;0,003958;0,02482;0,367549;0;0,387989;0;52,200001;-7,8
17.08.2025 01:51:32;0,015972;0,018189;0,266655;0;0,268656;0;52,299999;-2,2
17.08.2025 01:56:34;0,004411;0,023282;0,19608;0;0,214997;0;52,299999;-5,2
17.08.2025 02:01:36;0,000045;0,025465;0,25465;0;0,279933;0;52,299999;-5,2
17.08.2025 02:06:39;0,004827;0,033358;0,283179;0;0,311642;0;52,200001;-6,8
17.08.2025 02:11:40;0,002874;0,02409;0,383974;0;0,405874;0;52,200001;-6,4
17.08.2025 02:16:42;0;0,025101;0,30849;0;0,333228;0;52,200001;-6,2
17.08.2025 02:21:44;0,000023;0,022918;0,30558;0;0,328862;0;52,200001;-6,3
17.08.2025 02:26:46;0,000432;0,034923;0,288482;0;0,322678;0;52,200001;-6,2
17.08.2025 02:31:48;0,006525;0,024374;0,288482;0;0,306489;0;52,299999;-4
17.08.2025 02:36:48;0,000435;0,02417;0,176147;0;0,199402;0;52,299999;-4,4
17.08.2025 02:41:48;0,00428;0,027466;0,182373;0;0,205994;0;52,299999;-4
17.08.2025 02:46:50;0,004229;0,017462;0,226638;0;0,239917;0;52,299999;-5,4
17.08.2025 02:51:52;0,006957;0,035651;0,350326;0;0,378883;0;52,200001;-7,6
17.08.2025 02:56:55;0,004011;0,04061;0,368749;0;0,405551;0;52,200001;-9,3
17.08.2025 03:01:56;0,004209;0,028105;0,457338;0;0,481062;0;52,200001;-8,2
17.08.2025 03:06:58;0,000171;0,029467;0,390342;0;0,419809;0;52,200001;-7,8
17.08.2025 03:12:00;0,000796;0,023282;0,384521;0;0,406712;0;52,200001;-7,6
17.08.2025 03:17:02;0,003001;0,025465;0,398709;0;0,421082;0;52,099998;-9
17.08.2025 03:22:04;0;0,027648;0,357601;0;0,385249;0;52,200001;-6,8
17.08.2025 03:27:06;0;0,024737;0,34014;0;0,364877;0;52,200001;-7
17.08.2025 03:32:08;0;0,021827;0,235006;0;0,257015;0;52,200001;-3,9
17.08.2025 03:37:10;0,006889;0,020372;0,200446;0;0,213906;0;52,200001;-7,5
17.08.2025 03:42:11;0,000388;0,024455;0,31353;0;0,33762;0;52,200001;-6,5
17.08.2025 03:47:12;0,00024;0,020075;0,307325;0;0,3274;0;52,200001;-6,1
17.08.2025 03:52:14;0,000102;0,025101;0,296122;0;0,320495;0;52,200001;-6,1
17.08.2025 03:57:16;0,000011;0,02401;0,293211;0;0,317403;0;52,200001;-6,1
17.08.2025 04:02:18;0,001921;0,025101;0,297577;0;0,320677;0;52,200001;-7,5
17.08.2025 04:07:20;0,000034;0,024737;0,276477;0;0,301942;0;52,200001;-5,2
17.08.2025 04:12:22;0,000034;0,022918;0,249557;0;0,27193;0;52,200001;-5,2
17.08.2025 04:17:24;0,000011;0,023282;0,247738;0;0,27102;0;52,200001;-5
17.08.2025 04:22:26;0,006946;0,022555;0,260107;0;0,27575;0;52,200001;-6,5
17.08.2025 04:27:28;0;0,022555;0,312492;0;0,334865;0;52,200001;-6,4
17.08.2025 04:32:31;0;0,022118;0,307835;0;0,330134;0;52,200001;-6,3
17.08.2025 04:37:32;0,002966;0,02409;0,311705;0;0,333057;0;52,200001;-7,5
17.08.2025 04:42:34;0;0,025465;0,369606;0;0,394526;0;52,099998;-7,5
17.08.2025 04:47:37;0,00119;0,025381;0,325601;0;0,349895;0;52,200001;-5,6
17.08.2025 04:52:38;0,010779;0,022265;0,241261;0;0,252941;0;52,200001;-3,9
17.08.2025 04:57:40;0,00141;0,023646;0,175345;0;0,197172;0;52,200001;-3,9
17.08.2025 05:02:42;0;0,020736;0,177891;0;0,199536;0;52,200001;-3,8
17.08.2025 05:07:44;0,012607;0,027648;0,399437;0;0,413806;0;52,099998;-8
17.08.2025 05:12:47;0,002345;0,02103;0,394855;0;0,41371;0;52,099998;-7,7
17.08.2025 05:17:48;0,000365;0,023725;0,375944;0;0,399486;0;52,099998;-7,7
17.08.2025 05:22:51;0,002085;0,029732;0,398844;0;0,426219;0;52,099998;-8,8
17.08.2025 05:27:52;0,005771;0,02117;0,437628;0;0,45314;0;52,099998;-8,5
17.08.2025 05:32:54;0,001421;0,020008;0,418717;0;0,437089;0;52,099998;-8,5
17.08.2025 05:37:56;0;0,025101;0,271748;0;0,296667;0;52,200001;-3,9
17.08.2025 05:42:58;0,00357;0,023646;0,180438;0;0,200992;0;52,200001;-2,2
17.08.2025 05:48:01;0,004294;0,018854;0,189995;0;0,204317;0;52,200001;-3,9
17.08.2025 05:53:02;0,014623;0,02628;0,223377;0;0,234874;0;52,099998;-7,3
17.08.2025 05:58:03;0,000456;0,026645;0,31061;0;0,336707;0;52,099998;-6,6
17.08.2025 06:03:05;0,008992;0,02983;0,376154;0;0,397072;0;52,099998;-7,9
17.08.2025 06:08:06;0,002737;0,02336;0,392004;0;0,412809;0;52,099998;-7,9
17.08.2025 06:13:08;0,000011;0,035287;0,368879;0;0,404348;0;52;-7,9
17.08.2025 06:18:09;0,003696;0,02701;0,295645;0;0,319005;0;52,099998;-4,1
17.08.2025 06:23:09;0,002621;0,020142;0,202148;0;0,218994;0;52,200001;-3,1
17.08.2025 06:28:10;0,004813;0,019345;0,202207;0;0,217354;0;52,200001;-4,1
17.08.2025 06:33:12;0,001671;0,022918;0,199718;0;0,220636;0;52,099998;-4,1
17.08.2025 06:38:14;0,009151;0,025829;0,309218;0;0,325952;0;52,099998;-6,4
17.08.2025 06:43:16;0,003001;0,026556;0,363422;0;0,387432;0;52;-7,4
17.08.2025 06:48:18;0,000034;0,021827;0,362331;0;0,383976;0;52;-7,4
17.08.2025 06:53:20;0,000114;0,02401;0,357601;0;0,379974;0,001455;52;-7,3
17.08.2025 06:58:22;0,000671;0,034196;0,344869;0;0,366696;0,010914;52;-6,5
17.08.2025 07:03:24;0,001114;0,019281;0,216089;0;0,210268;0,02401;52,099998;-4
17.08.2025 07:08:26;0,000045;0,017825;0,202629;0;0,189896;0,031286;52,099998;-3,6
17.08.2025 07:13:28;0,003399;0,023282;0,260107;0;0,243191;0,036379;52,099998;-5
17.08.2025 07:18:28;0,005196;0,028564;0,398438;0;0,334534;0,087158;52;-6,1
17.08.2025 07:23:31;0,003592;0,024656;0,461571;0;0,315812;0,166789;52;-6
17.08.2025 07:28:32;0;0,020805;0,512452;0;0,266811;0,267176;52,099998;-4,2
17.08.2025 07:33:34;0,006071;0,025829;0,491111;0;0,08749;0,423447;52,200001;-0,3
17.08.2025 07:38:36;0,00025;0,051658;0,466009;0,124778;0,005275;0,636625;52,400002;5
17.08.2025 07:43:38;0,000261;0,025101;0,420536;0,402165;0;0,847621;52,5;5,6
17.08.2025 07:48:40;0,002933;0,020736;0,343414;0,424356;0;0,785777;52,700001;11,8
17.08.2025 07:53:42;0,007208;0,028739;0,604612;0,37961;0;1,005504;52,700001;11,8
17.08.2025 07:58:43;0,008349;0,031025;0,360249;0,697322;0;1,080383;52,900002;13,4
17.08.2025 08:03:43;0,002941;0,030029;0,372803;1,065308;0;1,464844;53,099998;19,9
17.08.2025 08:08:45;0,002933;0,024374;0,425629;0,656451;0;1,103726;52,900002;8,1
17.08.2025 08:13:47;0,003206;0,021463;0,447093;0,300851;0,045109;0,721023;52,599998;-20,700001
17.08.2025 08:18:49;0,000591;0,036015;1,986634;0,000182;1,417855;0,604612;51,799999;-31
17.08.2025 08:23:51;0,000148;0,040016;2,21982;0;1,693241;0,566051;51,299999;-49,799999
17.08.2025 08:28:52;0,373994;0,030295;4,258388;0;3,267794;0,6475;50,900002;-74,800003
17.08.2025 08:33:55;0,518678;0,036259;4,594678;0;3,364971;0,746925;51;-49,400002
17.08.2025 08:38:57;0,008663;0,071302;0,942569;0,272112;0,534401;0,740668;51,900002;8
17.08.2025 08:44:00;0,018809;0,034808;1,109873;0,140502;0,534813;0,731697;51,599998;-13,3
17.08.2025 08:49:01;0,007266;0,044164;0,474493;0,615015;0,055662;1,070893;52,299999;21,1
17.08.2025 08:54:03;0,006844;0,024737;0,421991;0,658816;0;1,09936;52,299999;12
17.08.2025 08:59:05;0,003626;0,026556;0,363422;0,773227;0;1,159749;52,5;17,9
17.08.2025 09:04:07;0,000171;0,027648;0,366696;1,254515;0;1,648677;52,799999;20,6
17.08.2025 09:09:09;0,000296;0,036742;0,308126;0,8187;0;1,162659;52,700001;14
17.08.2025 09:14:09;0,003891;0,035522;0,253784;0,786804;0;1,072266;52,799999;14,5
17.08.2025 09:19:11;0,005627;0,030558;0,294666;0,750308;0,000546;1,06953;52,900002;12,5
17.08.2025 09:24:13;0,001023;0,033468;0,371061;0,742305;0;1,145925;52,900002;14,9
17.08.2025 09:29:15;0,00731;0,039289;0,452549;0,733756;0;1,218682;53;16,6
17.08.2025 09:34:17;0,000909;0,035651;0,418354;0,982949;0;1,434771;53,099998;20,200001
17.08.2025 09:39:19;0,003399;0,150243;0,580602;2,057754;0;2,785143;53,5;45,400002
17.08.2025 09:44:19;0,007027;0,028198;0,491455;1,96344;0;2,477051;53,400002;42,700001
17.08.2025 09:49:20;0,004882;0,027375;0,460258;1,46673;0;1,94907;53,299999;26,4
17.08.2025 09:54:21;0,002532;0,037959;0,391274;1,349019;0;1,776792;53,299999;24,9
17.08.2025 09:59:23;0,004365;0,030922;0,391797;1,421493;0;1,8393;53,400002;33,200001
17.08.2025 10:04:25;0,003615;0,466737;0,952027;2,172892;0;3,587655;53,400002;38,799999
17.08.2025 10:09:27;0,013949;0,038197;1,964807;0,975491;0,003638;2,961216;53,099998;6,2
17.08.2025 10:14:29;0,008754;0,032013;2,011007;0,688828;0;2,7233;53;3,9
17.08.2025 10:19:29;0,003788;0,175781;0,734253;1,875366;0;2,781738;53,400002;34,400002
17.08.2025 10:24:32;0,002697;0,210299;0,501093;2,133269;0;2,841217;53,5;46,200001
17.08.2025 10:29:31;0;0,639338;0,517349;2,478538;0;3,634674;53,5;46,200001
17.08.2025 10:34:33;0,000625;0,491111;0,49293;2,424632;0;3,408672;53,5;46,200001
17.08.2025 10:39:35;0,003808;0,157519;0,450003;2,224004;0;2,827342;53,400002;39,700001
17.08.2025 10:44:37;0,001387;0,293211;0,461644;2,327683;0;3,081265;53,5;45,599998
17.08.2025 10:49:37;0,000057;0,908569;0,465088;2,414246;0;3,788086;53,5;46,200001
17.08.2025 10:54:40;0,002164;0,248733;0,921691;2,207055;0;3,375667;53,400002;38,400002
17.08.2025 10:59:41;0,018295;0,03139;1,069798;1,446107;0,027557;2,500941;53,099998;0
17.08.2025 11:04:43;0,006605;0,030558;2,755313;0,160066;0,284117;2,656363;52,900002;-7,7
17.08.2025 11:09:45;0,004195;0,042563;2,053934;0,168615;0,032741;2,227824;53,200001;27,299999
17.08.2025 11:14:47;0,000023;0,030558;0,469647;1,539541;0;2,039383;53,400002;33,299999
17.08.2025 11:19:49;0,000239;0,185167;0,389978;2,101044;0;2,676008;53,599998;46,200001
17.08.2025 11:24:52;0,006708;0,131618;0,345181;1,724092;0;2,194365;53,299999;17,6
17.08.2025 11:29:52;0,005756;0,030029;0,367676;0,784424;0;1,17627;53,200001;13,2
17.08.2025 11:34:53;0,000091;0,030295;0,462083;0,803352;0,000182;1,29573;53,299999;17,299999
17.08.2025 11:39:55;0,001739;0,027648;0,456187;1,102453;0;1,584651;53,400002;24,799999
17.08.2025 11:44:55;0,002449;0,031494;0,462524;1,536804;0;2,027344;53,5;33,400002
17.08.2025 11:49:57;0,001978;0,037106;0,504935;1,864038;0;2,404623;53,599998;40
17.08.2025 11:54:58;0,000798;0,184322;0,487997;2,241247;0;2,912654;53,599998;41,099998
17.08.2025 12:00:01;0,000295;0,97898;0,456857;2,426782;0;3,862256;53,799999;46
17.08.2025 12:05:03;0,000625;0,471466;0,393616;2,468832;0;3,333005;53,799999;46
17.08.2025 12:10:05;0;1,018964;0,331045;2,47447;0;3,824115;53,900002;45,900002
17.08.2025 12:15:07;0,003842;0,153154;0,388523;2,459737;0;2,998322;54;45,799999
17.08.2025 12:20:09;0,000182;0,356146;0,479833;2,448278;0;3,28353;54;42
17.08.2025 12:25:11;0,000148;1,411125;0,496204;2,450642;0;4,358153;54;45,799999
17.08.2025 12:30:13;0;1,848031;0,459825;2,472833;0;4,780872;54;45,700001
17.08.2025 12:35:15;0;1,906965;0,417626;2,471742;0;4,796878;54;45,799999
17.08.2025 12:40:17;0;0,208085;0,340503;2,472288;0;3,020149;54;45,799999
17.08.2025 12:45:19;0;0,32668;0,294666;2,473379;0;3,094361;54;45,799999
17.08.2025 12:50:22;0,002878;0,251271;0,290068;2,385991;0;2,924611;54;40,400002
17.08.2025 12:55:22;0,009464;0,043213;0,312744;2,13739;0;2,483643;54;37,799999
17.08.2025 13:00:23;0,00195;0,196367;0,394924;2,303661;0;2,892945;54,099998;45,700001
17.08.2025 13:05:25;0,000455;0,175345;0,433269;2,418265;0;3,027425;54,099998;45,700001
17.08.2025 13:10:27;0;2,277662;0,50166;2,473015;0;5,252338;54,099998;45,700001
17.08.2025 13:15:27;0;1,921143;0,485229;2,472473;0;4,87793;54,099998;45,700001
17.08.2025 13:20:30;0;0,872017;0,397393;2,470111;0;3,739703;54,099998;45,700001
17.08.2025 13:25:31;0;0,237976;0,30769;2,478859;0;3,025073;54,099998;45,700001
17.08.2025 13:30:33;0,003422;0,187713;0,37288;2,327501;0;2,884093;54,099998;35,799999
17.08.2025 13:35:33;0,00428;0,036987;0,394043;1,564819;0;1,992188;53,900002;21,4
17.08.2025 13:40:35;0;0,031649;0,470375;1,090448;0;1,591926;53,900002;19,6
17.08.2025 13:45:37;0,000023;0,031649;0,454368;1,130646;0;1,617391;53,900002;23,700001
17.08.2025 13:50:39;0,001069;0,049111;0,413988;1,527172;0;1,98918;54,099998;38,599998
17.08.2025 13:55:41;0,00025;1,859309;0,482016;2,437728;0;4,778689;54,299999;45,5
17.08.2025 14:00:43;0;2,646177;0,432177;2,470469;0;5,549187;54,299999;45,400002
17.08.2025 14:05:45;0;2,700745;0,38634;2,469741;0;5,556463;54,400002;45,400002
17.08.2025 14:10:47;0,002024;0,449275;0,275022;2,171255;0;2,893551;54,299999;31,4
17.08.2025 14:15:49;0;0,029467;0,222273;1,39821;0;1,649404;54,200001;24
17.08.2025 14:20:51;0,0064;0,038561;0,272475;1,277979;0;1,582468;54,299999;25,1
17.08.2025 14:25:54;0,001031;0,031545;0,407908;1,523764;0;1,963036;54,700001;35,400002
17.08.2025 14:30:55;0,005406;1,846506;0,470843;2,167519;0;4,47921;56,099998;24,200001
17.08.2025 14:35:58;0;3,500759;0,302396;0,449968;0,014866;4,237894;54,5;-0,4
17.08.2025 14:40:59;0;1,124182;0,214617;0;0,0146;1,324929;54;0
17.08.2025 14:46:01;0;1,111365;0,172071;0;0;1,282708;53,799999;0
17.08.2025 14:51:03;0;2,293305;0,142604;0;0;2,434454;53,700001;0
17.08.2025 14:56:05;0;1,285619;0,173162;0;0;1,459508;53,700001;0
17.08.2025 15:01:07;0;1,382022;0,172434;0;0;1,554093;53,599998;0
17.08.2025 15:06:09;0;1,639582;0,240099;0;0;1,880044;53,599998;0
17.08.2025 15:11:10;0;1,908555;0,205127;0;0;2,113317;53,5;0
17.08.2025 15:16:11;0;3,213045;0,200747;0;0;3,413427;53,5;0
17.08.2025 15:21:13;0;4,566602;0,213542;0;0;4,780144;53,5;0
17.08.2025 15:26:15;0;1,598474;0,177891;0;0;1,776729;53,5;0
17.08.2025 15:31:18;0;1,29044;0,159537;0;0;1,449615;53,5;0
17.08.2025 15:36:19;0;1,154112;0,220457;0;0;1,374568;53,5;0
17.08.2025 15:41:21;0;3,449052;0,237916;0;0;3,686604;53,5;0
17.08.2025 15:46:23;0;3,983453;0,327407;0;0;4,310861;53,400002;0
17.08.2025 15:51:26;0;1,999657;0,313999;0;0;2,314018;53,400002;0
17.08.2025 15:56:27;0;0,938035;0,271556;0;0;1,209591;53,400002;0
17.08.2025 16:01:29;0;1,053887;0,202629;0;0;1,256516;53,400002;0
17.08.2025 16:06:31;0;1,216863;0,199718;0;0;1,417309;53,400002;0
17.08.2025 16:11:33;0;1,520988;0,199355;0;0;1,719251;53,400002;0
17.08.2025 16:16:35;0;1,572282;0,158611;0;0;1,73162;53,400002;0
17.08.2025 16:21:37;0;1,250331;0,175345;0;0;1,425312;53,400002;0
17.08.2025 16:26:39;0;1,464965;0,122232;0;0;1,586833;53,400002;0
17.08.2025 16:31:41;0;2,862993;0,227366;0;0;3,089996;53,400002;0
17.08.2025 16:36:41;0;1,412476;0,215698;0;0;1,628906;53,400002;0
17.08.2025 16:41:43;0;1,467512;0,211359;0;0;1,678507;53,400002;0
17.08.2025 16:46:46;0;3,398147;0,207761;0;0;3,606271;53,400002;0
17.08.2025 16:51:47;0;4,218969;0,183227;0;0;4,401831;53,400002;0
17.08.2025 16:56:49;0;4,152614;0,155336;0;0;4,307223;53,400002;0
17.08.2025 17:01:51;0;3,167482;0,148061;0;0;3,315543;53,400002;0
17.08.2025 17:06:54;0;3,302062;0,144671;0;0;3,445283;53,299999;0
17.08.2025 17:11:55;0;3,757981;0,201477;0;0;3,960188;53,400002;0
17.08.2025 17:16:57;0;3,977269;0,204084;0;0;4,181353;53,400002;0
17.08.2025 17:21:59;0;3,929249;0,214997;0;0;4,144247;53,400002;0
17.08.2025 17:27:01;0;3,695699;0,188077;0;0;3,883049;53,400002;0
17.08.2025 17:32:03;0;3,492343;0,391433;0;0;3,884504;53,299999;0
17.08.2025 17:37:05;0;2,850989;0,320859;0;0;3,171484;53,299999;0
17.08.2025 17:42:07;0;2,404987;0,318676;0;0;2,724027;53,299999;0
17.08.2025 17:47:09;0;3,415584;0,27866;0;0;3,694608;53,299999;0
17.08.2025 17:52:12;0;3,312215;0,290068;0;0;3,60192;53,299999;0
17.08.2025 17:57:13;0;3,20027;0,337985;0;0;3,537525;53,299999;0
17.08.2025 18:02:15;0;3,050707;0,280479;0;0;3,331549;53,299999;0
17.08.2025 18:07:17;0;2,591609;0,281934;0;0;2,873907;53,299999;0
17.08.2025 18:12:19;0;2,255471;0,292847;0;0;2,547955;53,299999;0
17.08.2025 18:17:21;0;2,248559;0,338684;0;0;2,586516;53,299999;0
17.08.2025 18:22:24;0;2,194365;0,228791;0;0;2,424244;53,299999;0
17.08.2025 18:27:25;0;1,90673;0,225201;0;0;2,131567;53,299999;0
17.08.2025 18:32:27;0;1,579558;0,182257;0;0;1,76145;53,299999;0
17.08.2025 18:37:27;0;1,402222;0,24939;0;0;1,651611;53,299999;0
17.08.2025 18:42:29;0;0,511846;0,283753;0;0;0,795963;53,299999;0
17.08.2025 18:47:30;0;0,374484;0,284331;0;0;0,65918;53,299999;0
17.08.2025 18:52:31;0,000855;0,63363;0,322655;0;0;0,954825;53,299999;0
17.08.2025 18:57:33;0;0,818882;0,339048;0;0;1,158294;53,299999;0
17.08.2025 19:02:35;0;0,879634;0,261562;0;0;1,140832;53,299999;0
17.08.2025 19:07:36;0;0,841677;0,186877;0;0;1,028554;53,299999;0
17.08.2025 19:12:37;0;0,777438;0,183227;0;0;0,960665;53,299999;0
17.08.2025 19:17:39;0,00166;0,658452;0,237916;0;0,001273;0,893458;53,299999;0
17.08.2025 19:22:41;0;0,478742;0,294666;0;0;0,773408;53,299999;0
17.08.2025 19:27:42;0;0,409524;0,294185;0;0;0,703709;53,299999;0
17.08.2025 19:32:45;0,003524;0,212112;0,430388;0;0,003445;0,635974;53,299999;0
17.08.2025 19:37:47;0;0,13642;0,434724;0;0;0,570416;53,299999;0
17.08.2025 19:42:49;0;0,082579;0,422355;0;0;0,505662;53,299999;0
17.08.2025 19:47:51;0,000011;0,092765;0,293939;0;0;0,38634;53,299999;0
17.08.2025 19:52:54;0,009065;0,024293;0,263237;0;0;0,278465;53,299999;0
17.08.2025 19:57:53;0,043564;0;0,24214;0;0;0,198415;53,299999;0
17.08.2025 20:02:55;0,032002;0,011277;0,259743;0;0,0884;0,151335;53,099998;-6
17.08.2025 20:07:57;0,000284;0,024737;0,371425;0;0,283025;0,112774;53;-5,4
17.08.2025 20:12:59;0,001341;0,025829;0,452913;0;0,416717;0,060388;52,900002;-9,7
17.08.2025 20:18:02;0;0,026469;0,512695;0;0,524842;0,013778;52,900002;-9,5
17.08.2025 20:23:03;0,016162;0,052194;1,115058;0;1,150462;0,00073;52,700001;-30,1
17.08.2025 20:28:05;0,004024;0,031286;0,416535;0;0,443819;0;53;-6,3
17.08.2025 20:33:07;0,000205;0,027284;0,307035;0;0,333773;0;53;-6,5
17.08.2025 20:38:09;0,000011;0,028739;0,309218;0;0,337957;0;53;-6,5
17.08.2025 20:43:11;0,000045;0,029103;0,311037;0;0,340322;0;53;-6,5
17.08.2025 20:48:13;0,009436;0,031286;0,454732;0;0,476377;0;53;-9,7
17.08.2025 20:53:13;0,010208;0,022339;0,494385;0;0,506653;0;53;-9
17.08.2025 20:58:15;0,003911;0,02983;0,474377;0;0,500569;0;53;-8,6
17.08.2025 21:03:17;0,000637;0,02401;0,460189;0;0,483653;0;53;-8,4
17.08.2025 21:08:16;0,003031;0,024618;0,403812;0;0,424939;0;53;-6,5
17.08.2025 21:13:19;0,000306;0,027194;0,316537;0;0,343549;0;53;-6,5
17.08.2025 21:18:21;0,003604;0,027648;0,314675;0;0,338684;0;53;-6,5
17.08.2025 21:23:23;0,004604;0,041835;0,324497;0;0,361785;0;53;-9,2
17.08.2025 21:28:25;0,001523;0,033104;0,476195;0;0,508209;0;52,900002;-10,3
17.08.2025 21:33:27;0,003979;0,036015;0,566778;0;0,598609;0;52,900002;-12
17.08.2025 21:38:29;0,0005;0,035651;0,598064;0;0,633169;0;52,900002;-13,6
17.08.2025 21:43:32;0,001178;0,031182;0,604792;0;0,634705;0;52,900002;-10,3
17.08.2025 21:48:32;0,001751;0,024536;0,559204;0;0,581909;0;52,900002;-11
17.08.2025 21:53:33;0,000034;0,025915;0,476683;0;0,502597;0;52,900002;-8,9
17.08.2025 21:58:35;0,00291;0,029103;0,41035;0;0,436361;0;53;-7,6
17.08.2025 22:03:36;0,002897;0,025185;0,377039;0;0,399121;0;53;-7,3
17.08.2025 22:08:38;0,018178;0,024374;0,563504;0;0,570234;0;52,900002;-11,9
17.08.2025 22:13:40;0,064151;0,042199;2,097588;0;2,075034;0;52,299999;-72,599998
17.08.2025 22:18:42;0,000011;0,063662;2,601432;0;2,665822;0;52,700001;-30,799999
17.08.2025 22:23:44;0,000296;0,048383;1,515531;0;1,563369;0;52,700001;-29,700001
17.08.2025 22:28:47;0,000034;0,047136;1,53446;0;1,581596;0;52,700001;-30,1
17.08.2025 22:33:48;0,005589;0,036864;0,685094;0;0,716119;0;53;-6,4
17.08.2025 22:38:48;0,000011;0,026733;0,311279;0;0,338379;0;53;-6,4
17.08.2025 22:43:50;0,003854;0,025465;0,349234;0;0,37088;0,000728;53;-7,4
17.08.2025 22:48:52;0,006912;0,032741;0,432541;0;0,45837;0;53;-9,7
17.08.2025 22:53:54;0,000011;0,026193;0,505298;0;0,531309;0;52,900002;-11,1
17.08.2025 22:58:56;0,000171;0,028375;0,528217;0;0,55641;0;52,900002;-10,5
17.08.2025 23:03:57;0;0,02628;0,530702;0;0,556981;0;52,900002;-10,3
17.08.2025 23:09:00;0,000181;0,025744;0,498917;0;0,524479;0;53;-9,6
17.08.2025 23:14:02;0;0,028011;0,346688;0;0,374517;0;53;-4,5
17.08.2025 23:19:04;0,000227;0,026556;0,202629;0;0,229367;0;53,099998;-3,6
17.08.2025 23:24:06;0,002819;0,025465;0,20663;0;0,229185;0;53,099998;-4,5
17.08.2025 23:29:07;0,010756;0,031755;0,32083;0;0,341635;0;53;-9
17.08.2025 23:34:08;0;0,025185;0,429233;0;0,454235;0;53;-8,4
17.08.2025 23:39:10;0;0,026556;0,3998;0;0,426721;0;53;-7,2
17.08.2025 23:44:13;0;0,027556;0,353883;0;0,38144;0;53;-7,2
17.08.2025 23:49:14;0,000274;0,02336;0,355869;0;0,378499;0;53;-7,4
17.08.2025 23:54:16;0,000114;0,031649;0,342686;0;0,374517;0;53;-7
17.08.2025 23:59:18;0,008208;0,023282;0,186258;0;0,201537;0;53,099998;-3,8
11.08.2025 00:01:25;0;0;0;0;0;0;53;-6
