Uhrzeit;Netzbezug [kW];Netzeinspeisung [kW];Stromverbrauch [kW];Akkubeladung [kW];Akkuentnahme [kW];Stromerzeugung [kW];Akku Spannung [V];Akku Stromstärke [A]
21.07.2025 15:25;0,004384;0,671251;0,458405;1,456872;0,001728;1,667375;53,400002;32,099998
21.07.2025 15:30;0,005215;0,039606;0,719727;1,857017;0;2,611135;53,599998;37,599998
21.07.2025 15:36;0,00089;0,309334;0,778918;2,087163;0;3,161341;53,700001;43,200001
21.07.2025 15:41;0;2,320619;0,82973;2,323462;0;5,473811;53,700001;43,099998
21.07.2025 15:46;0;1,853554;0,603253;2,316121;0;4,772932;53,799999;43,200001
21.07.2025 15:51;0;1,71465;0,556282;2,319212;0;4,590141;53,799999;43,299999
21.07.2025 15:56;0;1,512372;0,551711;2,327672;0;4,391756;53,799999;43,099998
21.07.2025 16:01;0;1,568806;0,485081;2,314709;0;4,3686;53,700001;43,099998
21.07.2025 16:06;0,005027;1,258354;0,598498;2,309855;0;4,161684;53,700001;31,4
21.07.2025 16:11;0,002838;1,407738;0,590773;2,275264;0;4,270935;53,799999;43,099998
21.07.2025 16:16;0,012331;1,312852;0,577053;2,231996;0;4,109568;53,799999;43,200001
21.07.2025 16:21;0,007587;1,324592;0,568959;2,270094;0;4,156058;53,799999;43,200001
21.07.2025 16:26;0;1,400353;0,577945;2,314768;0;4,293071;53,799999;43,200001
21.07.2025 16:31;0;1,484837;0,483046;2,315503;0;4,283386;53,799999;43,099998
21.07.2025 16:36;0;1,450386;0,447439;2,324051;0;4,221882;53,799999;43,099998
21.07.2025 16:41;0;1,316222;0,472363;2,314001;0;4,102592;53,799999;43,099998
21.07.2025 16:46;0,011274;0,870884;0,459946;2,045631;0;3,365192;53,700001;43,299999
21.07.2025 16:51;0,000726;1,095053;0,592983;2,307606;0;3,994913;53,799999;43
21.07.2025 16:56;0;0,994835;0,588681;2,316024;0;3,899546;53,799999;43,200001
21.07.2025 17:01;0;0,976819;0,583135;2,3255;0;3,885442;53,799999;43,200001
21.07.2025 17:06;0;0,939013;0,58399;2,31738;0;3,840389;53,799999;43
21.07.2025 17:11;0;0,796134;0,5954;2,312499;0;3,711765;53,900002;43
21.07.2025 17:16;0;0,893335;0,470919;2,313472;0;3,670058;53,900002;43
21.07.2025 17:21;0;0,829253;0,444539;2,320587;0;3,594383;53,900002;43
21.07.2025 17:26;0,000296;0,821774;0,448012;2,311741;0;3,581228;54;42,799999
21.07.2025 17:31;0,011182;0,513906;0,53643;1,700314;0;2,739476;54;42,799999
21.07.2025 17:36;0,018408;0,575505;0,620065;1,85853;0;3,035685;54;42,799999
21.07.2025 17:41;0;0,546053;0,638918;2,317727;0;3,502707;54,099998;42,799999
21.07.2025 17:46;0;0,477077;0,631141;2,303383;0;3,411605;54,200001;42,700001
21.07.2025 17:51;0;0,362381;0,622588;2,318973;0;3,303948;54,200001;42,700001
21.07.2025 17:56;0;0,201862;0,601805;2,309092;0;3,112759;54,200001;42,700001
21.07.2025 18:01;0,000913;0,113428;0,552557;2,310493;0;2,975555;54,299999;42,599998
21.07.2025 18:06;0,00391;0,044962;1,554779;1,304268;0;2,9001;53,900002;17,1
21.07.2025 18:11;0,020042;0,021778;2,675458;0,392406;0,254707;2,814892;53,400002;-19,1
21.07.2025 18:16;0,000776;0,046812;4,324635;0;1,689637;2,681042;53;-33
21.07.2025 18:21;0,005631;0,052379;3,612054;0;1,073058;2,585732;53,200001;-10,1
21.07.2025 18:26;0,001305;0,056007;1,062521;1,44742;0,084271;2,480392;54,099998;34,400002
21.07.2025 18:31;0,01811;0,027452;0,557539;1,799257;0;2,366123;54,099998;32,700001
21.07.2025 18:36;0,002636;0,037273;0,52765;1,740303;0;2,302597;54,200001;31,700001
21.07.2025 18:41;0,001145;0,034842;0,560636;1,718336;0;2,31267;54,200001;32,5
21.07.2025 18:46;0,001366;0,038107;0,492866;1,683975;0;2,213582;54,200001;31,200001
21.07.2025 18:51;0,001328;0,030258;0,393291;1,518162;0;1,94038;53,900002;6,8
21.07.2025 18:56;0,003795;0,036698;0,391989;0,793779;0;1,21867;53,900002;12,1
21.07.2025 19:01;0,000386;0,029344;0,295218;0,510727;0;0,834911;53,799999;11,6
21.07.2025 19:06;0,004228;0,043874;0,35994;0,795176;0;1,194752;53,900002;13,7
21.07.2025 19:11;0,005639;0,023701;0,393843;0,277342;0;0,689243;53,700001;3,1
21.07.2025 19:16;0,006203;0,037771;0,390095;0,282148;0;0,703812;53,700001;5,1
21.07.2025 19:21;0,011134;0,044495;0,72414;0,111951;0,285234;0,584219;53,599998;1,8
21.07.2025 19:26;0,007524;0,070378;0,63971;0,027808;0,290976;0,439396;53,5;0
21.07.2025 19:31;0,021174;0,03664;0,422827;0;0,047998;0,390309;53,299999;-18
21.07.2025 19:36;0,000227;0,096236;0,570061;0,00079;0,271649;0,395196;53,400002;0
21.07.2025 19:41;0,001219;0,034292;0,336221;0,127018;0;0,496325;53,599998;3,8
21.07.2025 19:46;0,000351;0,02754;0,33726;0,273016;0;0,637459;53,599998;5,3
21.07.2025 19:51;0,004195;0,032311;0,417037;0,276576;0,004464;0,717257;53,700001;5,1
21.07.2025 19:56;0,000312;0,054528;0,380673;0,065186;0;0,500077;53,5;0
21.07.2025 20:01;0,031283;0,007128;0,332796;0;0;0,308646;53,5;0
21.07.2025 20:06;0,025044;0,021838;0,370388;0;0,148657;0,218525;53,400002;-3,4
21.07.2025 20:11;0,004819;0,02641;0,389251;0;0,254382;0,156452;53,299999;-5,3
21.07.2025 20:16;0,000167;0,024437;0,377236;0;0,281766;0,119738;53,299999;-3,7
21.07.2025 20:21;0,005848;0,02259;0,269366;0;0,187517;0,098594;53,299999;-3,4
21.07.2025 20:26;0,000317;0,024264;0,25882;0;0,198506;0,084274;53,299999;-3,9
21.07.2025 20:31;0,000246;0,024182;0,26716;0;0,222092;0,068986;53,299999;-4,3
21.07.2025 20:36;0,005578;0,032861;0,349816;0;0,323986;0,053118;53,200001;-6,8
21.07.2025 20:41;0,001042;0,028095;0,386747;0;0,375033;0,038773;53,200001;-10,6
21.07.2025 20:46;0,000321;0,025352;0,570042;0;0,54905;0,046017;53,099998;-10,2
21.07.2025 20:51;0,000312;0,03745;0,418549;0;0,421652;0,034045;53,099998;-6,7
21.07.2025 20:56;0,001648;0,028828;0,377763;0;0,39327;0,011705;53,099998;-7,7
21.07.2025 21:01;0,025574;0,058391;0,908263;0;0,934816;0,006456;53,099998;-6,4
21.07.2025 21:06;0,001165;0,032926;0,294953;0;0,326416;0,000677;53,099998;-6,1
21.07.2025 21:11;0,000223;0,031869;0,26758;0;0,299764;0;53,099998;-5,5
21.07.2025 21:16;0,007794;0,037509;0,281605;0;0,311836;0;53,099998;0
21.07.2025 21:21;0,001261;0,026124;0,401388;0;0,426782;0;53,099998;-7,8
21.07.2025 21:26;0,00024;0,025031;0,389144;0;0,41449;0;53;-7,7
21.07.2025 21:31;0,00432;0,030564;0,49282;0;0,519718;0;53;-9,3
21.07.2025 21:36;0,000117;0,027128;0,460759;0;0,488475;0;53;-9,2
21.07.2025 21:41;0,000258;0,040564;0,444137;0;0,484955;0;53;-9,2
21.07.2025 21:46;0,001568;0,032009;0,444437;0;0,475412;0;53;-7,6
21.07.2025 21:51;0,010169;0,024679;0,404469;0;0,419603;0;53;-7,7
21.07.2025 21:56;0,003599;0,026507;0,358034;0;0,381573;0;53;-6,8
21.07.2025 22:01;0,000825;0,031757;0,329636;0;0,361125;0;53;-6,5
21.07.2025 22:06;0,006208;0,033268;0,486042;0;0,513721;0;52,900002;-9,9
21.07.2025 22:11;0,0005;0,029446;0,513102;0;0,542812;0;52,900002;-11,3
21.07.2025 22:16;0,000434;0,029879;0,549703;0;0,579816;0;52,900002;-12
21.07.2025 22:21;0,052115;0,044495;2,315901;0;2,309096;0;52,299999;-55
21.07.2025 22:26;0,000014;0,070539;2,036945;0;2,107982;0;52,5;-27,799999
21.07.2025 22:31;0,002633;0,044814;1,188272;0;1,231015;0;52,599998;-8,8
21.07.2025 22:36;0,001937;0,02407;0,365156;0;0,38782;0;52,700001;-6,5
21.07.2025 22:41;0,000575;0,035816;0,332011;0;0,367742;0;52,599998;-7,7
21.07.2025 22:46;0,006778;0,029268;0,359096;0;0,382254;0;52,599998;-10
21.07.2025 22:51;0,000268;0,024348;0,467709;0;0,492313;0;52,599998;-9,2
21.07.2025 22:56;0,000443;0,026687;0,487803;0;0,514492;0;52,5;-10,4
21.07.2025 23:01;0,000466;0,027079;0,561367;0;0,588574;0;52,5;-11,9
21.07.2025 23:06;0,001245;0,029406;0,591934;0;0,620735;0;52,5;-11,8
21.07.2025 23:11;0,000673;0,027751;0,549556;0;0,577258;0;52,5;-9,7
21.07.2025 23:16;0,000455;0,0287;0,431141;0;0,460036;0;52,5;-8,7
21.07.2025 23:21;0,000269;0,027652;0,378084;0;0,406022;0;52,5;-6,7
21.07.2025 23:25;0,072906;0;0;0,000614;0;0,000587;52,599998;-0,6
21.07.2025 23:29;0,17332;0,017629;0,417513;0;0,262008;0;52,5;-10,3
21.07.2025 23:34;0,001413;0,039896;0,489338;0;0,527856;0;52,400002;-10
21.07.2025 23:39;0,001292;0,05234;0,423025;0;0,474092;0;52,400002;-9,7
21.07.2025 23:44;0,322266;0,005296;0,402786;0;0,085822;0;52,599998;0
21.07.2025 23:49;0,384096;0;0,384097;0;0;0;52,599998;0
21.07.2025 23:54;0,34372;0;0,343874;0;0,000156;0;52,599998;0
21.07.2025 23:59;0,219473;0,000263;0,240629;0;0,021475;0;52,599998;-5
22.07.2025 00:04;0,000007;0,028424;0,198343;0;0,226779;0;52,599998;-4,4
22.07.2025 00:09;0,140704;0,001787;0,15258;0;0,013682;0;52,599998;0
22.07.2025 00:14;0,147027;0;0,147032;0;0;0;52,599998;0
22.07.2025 00:19;0,230025;0;0,244737;0;0,01475;0,000011;52,599998;-0,9
22.07.2025 00:24;0,013035;0,020768;0,32036;0;0,328099;0,000023;52,5;-6,3
22.07.2025 00:29;0,000106;0,026659;0,305141;0;0,331666;0,000023;52,5;-6,3
22.07.2025 00:34;0;0,025095;0,302566;0;0,327661;0;52,5;-6,3
22.07.2025 00:39;0,000193;0,0271;0,298508;0;0,325413;0,000011;52,5;-6,1
22.07.2025 00:44;0;0,023529;0,219772;0;0,243301;0;52,5;-3,9
22.07.2025 00:49;0,000278;0,027857;0,176279;0;0,203858;0;52,5;-3,8
22.07.2025 00:54;0,005789;0,024089;0,181495;0;0,199798;0;52,5;-3,8
22.07.2025 00:59;0,007013;0,0291;0,204124;0;0,226209;0;52,5;-6,6
22.07.2025 01:04;0;0,026342;0,307924;0;0,334272;0;52,5;-6,1
22.07.2025 01:09;0,001371;0,026948;0,292545;0;0,318117;0;52,5;-6,1
22.07.2025 01:14;0,002154;0,028811;0,350359;0;0,377021;0;52,400002;-7,4
22.07.2025 01:19;0;0,026605;0,354106;0;0,380713;0;52,400002;-7,3
22.07.2025 01:24;0,004044;0,032687;0,324707;0;0,353341;0;52,400002;-7,2
22.07.2025 01:29;0,00007;0,028686;0,313638;0;0,342253;0;52,400002;-5,5
22.07.2025 01:34;0;0,033701;0,25278;0;0,28649;0;52,400002;-5,3
22.07.2025 01:39;0,000001;0,022319;0,271435;0;0,293754;0;52,400002;-5,5
22.07.2025 01:44;0,010831;0,029438;0,38073;0;0,399334;0;52,400002;-8,1
22.07.2025 01:49;0,007051;0,023299;0,403029;0;0,419277;0;52,400002;-7,6
22.07.2025 01:54;0,004428;0,020815;0,334162;0;0,350546;0;52,400002;-6,6
22.07.2025 02:04;0,00026;0,025287;0,301034;0;0,32606;0,000006;52,400002;-6,3
22.07.2025 02:09;0,000001;0,024078;0,258186;0;0,282255;0;52,400002;-4
22.07.2025 02:14;0,001267;0,021899;0,183582;0;0,204229;0;52,5;-3,9
22.07.2025 02:19;0,00252;0,022854;0,184685;0;0,205018;0;52,5;-3,9
22.07.2025 02:25;0,003815;0,024877;0,179794;0;0,200858;0;52,5;-3,8
22.07.2025 02:30;0,007264;0,031301;0,262506;0;0,286541;0;52,400002;-6,1
22.07.2025 02:35;0,000524;0,027042;0,292381;0;0,318884;0,000023;52,400002;-4,1
22.07.2025 02:40;0,000044;0,0296;0,285913;0;0,315468;0;52,400002;-5,8
22.07.2025 02:50;0,004218;0,026065;0,30884;0;0,330699;0;52,400002;-7
22.07.2025 02:55;0,000224;0,024511;0,268296;0;0,292581;0;52,400002;-6,5
22.07.2025 03:00;0,004417;0,034226;1,10111;0;1,130919;0;51,900002;-33,200001
22.07.2025 03:05;0,044408;0,056802;2,552428;0;2,56482;0;51,799999;-41,5
22.07.2025 03:10;0,000019;0,043021;1,455227;0;1,49823;0;52;-24,1
22.07.2025 03:20;0,002824;0,046283;1,247647;0;1,291102;0;52,299999;-7,5
22.07.2025 03:25;0,005485;0,02963;0,358772;0;0,382921;0,000011;52,299999;-8,2
22.07.2025 03:30;0,000044;0,023958;0,396371;0;0,42028;0;52,299999;-7,8
22.07.2025 03:35;0,002058;0,024718;0,386527;0;0,409189;0;52,299999;-7,7
22.07.2025 03:40;0,00504;0,032085;0,358624;0;0,385673;0;52,299999;-5,5
22.07.2025 03:45;0,000676;0,022506;0,26454;0;0,286368;0;52,400002;-5,4
22.07.2025 03:50;0,002397;0,024769;0,309138;0;0,331505;0;52,400002;-5
22.07.2025 04:00;0,003927;0,028142;0,261408;0;0,285624;0;52,299999;-6,3
22.07.2025 04:05;0,001824;0,033195;0,294575;0;0,325949;0;52,299999;-6,2
22.07.2025 04:10;0,000269;0,030333;0,28668;0;0,316744;0;52,400002;-6,1
22.07.2025 04:15;0,010833;0,023154;0,302846;0;0,315175;0;52,400002;-6,9
22.07.2025 04:25;0,012917;0,023914;0,295522;0;0,306515;0,000006;52,400002;-4,6
22.07.2025 04:30;0,00502;0,023367;0,232661;0;0,251005;0;52,400002;-4,9
22.07.2025 04:35;0,000042;0,022387;0,233158;0;0,255497;0;52,400002;-4,8
22.07.2025 04:40;0;0,022005;0,232148;0;0,25415;0;52,400002;-4,8
22.07.2025 04:45;0,006349;0,027823;0,31307;0;0,334562;0;52,400002;-6,2
22.07.2025 04:50;0;0,026272;0,290562;0;0,31684;0;52,400002;-6
22.07.2025 05:05;0,000006;0,026657;0,285539;0;0,31219;0;52,299999;-5,8
22.07.2025 05:15;0;0,025258;0,174509;0;0,19977;0;52,400002;-3,7
22.07.2025 05:21;0,000874;0,025709;0,1665;0;0,191323;0;52,400002;-3,9
22.07.2025 05:26;0,011923;0,035394;0,313797;0;0,337257;0;52,299999;-7,9
22.07.2025 05:31;0,000072;0,023506;0,381904;0;0,405336;0;52,299999;-7,6
22.07.2025 05:36;0,002634;0,025398;0,413464;0;0,43622;0,000011;52,299999;-9
22.07.2025 05:46;0,000072;0,025641;0,423668;0;0,446149;0,003092;52,299999;-8,4
22.07.2025 05:51;0,000083;0,034338;0,336064;0;0,344499;0,025817;52,299999;-5,3
22.07.2025 05:56;0,004887;0,02877;0,24971;0;0,235926;0,037652;52,400002;-3,2
22.07.2025 06:01;0,008247;0,024757;0,196456;0;0,151431;0,061548;52,400002;-2,9
22.07.2025 06:06;0,005375;0,024092;0,192852;0;0,124824;0,08674;52,400002;0
22.07.2025 06:11;0,012936;0,026281;0,247101;0;0,143542;0,116912;52,400002;-2,1
22.07.2025 06:16;0,025875;0,022833;0,335734;0;0,170735;0,161964;52,400002;-4
22.07.2025 06:21;0,004543;0,022475;0,41841;0;0,244794;0,191533;52,400002;-4,8
22.07.2025 06:31;0,000612;0,025075;0,391972;0;0,183612;0,232824;52,400002;-2,8
22.07.2025 06:36;0,018386;0,015994;0,357158;0;0,081867;0,272913;52,5;0
22.07.2025 06:41;0,009543;0,058176;0,248995;0;0;0,297615;52,5;0
22.07.2025 06:46;0,000193;0,056998;0,212087;0,052863;0;0,321768;52,599998;2,1
22.07.2025 06:51;0,000045;0,026221;0,201307;0,120197;0;0,347672;52,599998;2,6
22.07.2025 06:56;0,006242;0,02929;0,2171;0,136442;0,004684;0,371914;52,599998;0
22.07.2025 07:01;0,019812;0,097128;0,648681;0,000006;0,328044;0,397959;52;-34,900002
22.07.2025 07:06;0,015475;0,060931;1,608139;0,019676;1,253955;0,419318;52,299999;1,5
22.07.2025 07:11;0,006485;0,032157;0,949977;0,026736;0,554061;0,448316;52,099998;-16,200001
22.07.2025 07:21;0,009063;0,043165;0,886715;0,059227;0,487646;0,492325;52,5;2,8
22.07.2025 07:31;0,000002;0,021271;0,327173;0,200904;0;0,549345;52,700001;5,3
22.07.2025 07:36;0,001423;0,026383;0,281468;0,312719;0;0,619152;52,700001;6,1
22.07.2025 07:41;0,005526;0,02632;0,425322;0,276727;0,003854;0,719;52,700001;5,8
22.07.2025 07:46;0,000016;0,02446;0,439261;0,345266;0;0,808973;52,799999;8,5
22.07.2025 07:51;0;0,032194;0,375636;0,503664;0;0,911482;52,900002;10,6
22.07.2025 07:56;0,000822;0,035378;0,34862;0,60734;0;0,990532;53;11,8
22.07.2025 08:01;0,007058;0,029856;0,332045;0,654308;0;1,00913;53;12,5
22.07.2025 08:06;0,003413;0,022696;0,226479;0,851521;0;1,097305;53,200001;16,799999
22.07.2025 08:11;0,001798;0,043131;0,200946;0,991526;0;1,233791;53,200001;21,799999
22.07.2025 08:17;0,001218;0,03431;0,21793;1,251525;0;1,502549;53,400002;30,1
22.07.2025 08:22;0,005296;0,03604;0,31098;1,90738;0;2,249116;53,599998;42,599998
22.07.2025 08:27;0,00799;0,328002;0,398813;2,156928;0;2,875756;53,599998;46,200001
22.07.2025 08:32;0,003286;0,056842;0,379183;1,335891;0;1,768637;53,400002;22,700001
22.07.2025 08:37;0,000301;0,022265;0,401178;1,105341;0;1,528455;53,299999;15,1
22.07.2025 08:47;0,000702;0,035448;0,36659;0,921802;0;1,323146;53,299999;20,700001
22.07.2025 09:02;0,004686;0,211525;0,413104;1,84318;0;2,46312;53,599998;33
22.07.2025 09:17;0,002345;0,051992;0,330319;1,096028;0;1,475999;53,400002;18,5
22.07.2025 09:27;0,002858;0,032425;0,401352;0,895104;0;1,326023;53,5;21,299999
22.07.2025 09:32;0,000017;0,027342;0,363267;1,111078;0;1,501653;53,5;19,9
22.07.2025 09:37;0,000252;0,030297;0,337243;1,167708;0;1,535029;53,599998;25,700001
22.07.2025 09:42;0,00777;0,043529;0,323185;1,471448;0;1,830372;53,700001;26,299999
22.07.2025 09:47;0,002836;0,031775;0,407252;1,509871;0;1,946064;53,799999;28,9
22.07.2025 09:57;0,002454;0,028552;0,36341;1,552047;0;1,941556;53,900002;31,6
22.07.2025 10:02;0,002973;0,03672;0,382058;1,894283;0;2,310072;54,099998;36,5
22.07.2025 10:07;0,003461;0,034615;0,375597;1,808328;0;2,215091;54,200001;35,799999
22.07.2025 10:12;0,000002;0,286033;0,300185;2,365847;0;2,952074;54,400002;45,599998
22.07.2025 10:17;0,00227;0,070694;0,341845;2,254107;0;2,664366;54,5;45,400002
22.07.2025 10:22;0,000041;0,371439;0,352292;2,459191;0;3,182875;54,5;45,400002
22.07.2025 10:27;0,000884;1,334485;0,414056;2,459828;0;4,207477;54,5;45,200001
22.07.2025 10:32;0,000363;0,606002;0,408406;2,415196;0;3,429249;54,5;41,400002
22.07.2025 10:37;0,000922;0,030385;0,381623;2,161615;0;2,572692;54,400002;37,200001
22.07.2025 10:42;0,000834;0,059024;0,358147;2,012588;0;2,428929;54,5;45,299999
22.07.2025 10:47;0,003738;0,277858;0,429358;2,285813;0;2,989295;54,5;39,900002
22.07.2025 10:52;0,000579;0,056154;0,317494;1,973503;0;2,346577;54,400002;35,5
22.07.2025 10:57;0,000004;0,066905;0,326975;2,098566;0;2,492455;54,599998;43,599998
22.07.2025 11:02;0,000277;0,03456;0,302934;1,843814;0;2,181023;54,299999;24,1
22.07.2025 11:07;0,00593;0,03806;0,2751;1,521305;0;1,828539;54,299999;26
22.07.2025 11:13;0;0,031919;0,344505;1,354181;0;1,730597;54,299999;24,6
22.07.2025 11:18;0;0,034656;0,357431;1,500912;0;1,893004;54,5;37,599998
22.07.2025 11:23;0,00457;0,311091;0,513559;2,287629;0;3,107699;54,599998;36,900002
22.07.2025 11:28;0,000522;0,037304;0,483982;2,05615;0;2,576905;54,599998;36,5
22.07.2025 11:33;0,000252;0,542586;0,494793;2,294461;0;3,330888;54,599998;37,5
22.07.2025 11:38;0,000742;0,170068;0,403667;2,143227;0;2,716209;54,599998;36,900002
22.07.2025 11:43;0,001985;1,059892;0,406151;2,412495;0;3,873573;54,900002;45
22.07.2025 11:48;0,001881;0,062476;0,375561;2,257244;0;2,693413;54,900002;45
22.07.2025 11:53;0,001115;1,352238;0,389928;2,453001;0;4,19237;55;44,900002
22.07.2025 11:58;0,000965;1,059324;0,455642;2,269761;0;3,783735;54,900002;34,900002
22.07.2025 12:03;0,004415;0,975654;0,717114;2,157041;0;3,844195;54,700001;26
22.07.2025 12:08;0,033367;0,484318;1,925359;1,448731;0;3,825047;54,200001;9,7
22.07.2025 12:13;0,0471;0,168577;2,803871;0,765896;0,25597;3,435287;54,400002;45,5
22.07.2025 12:18;0,05309;0,118333;4,54133;0,247136;2,254664;2,599067;52,700001;-46,900002
22.07.2025 12:23;0,014724;0,065902;3,609755;0,003331;1,733291;1,930952;52,799999;-26,4
22.07.2025 12:28;0,000163;0,052679;0,609883;0,523995;0,186284;1,000107;53,299999;5,5
22.07.2025 12:33;0,002537;0,180239;0,297524;0,976657;0;1,451541;54;35,599998
22.07.2025 12:38;0,004265;0,035397;0,364704;0,763378;0,000816;1,158391;53,799999;12,2
22.07.2025 12:43;0,000007;0,032638;0,359177;0,81615;0;1,207926;54,099998;15,1
22.07.2025 12:48;0;0,030365;0,328828;0,639035;0;0,998251;54,200001;13,8
22.07.2025 12:53;0,004422;0,693529;0,40644;2,044123;0;3,139471;55,5;44,5
22.07.2025 12:58;0,004529;0,956154;0,410441;2,212317;0;3,574354;56;44,099998
22.07.2025 13:03;0;0,878082;0,291438;2,095758;0;3,264454;55,599998;22,9
22.07.2025 13:08;0,001506;0,032142;0,233243;1,059578;0;1,323446;55,400002;20,1
22.07.2025 13:13;0,006802;0,05492;0,242207;1,174028;0;1,464368;56,099998;24,5
22.07.2025 13:18;0,002568;0,511204;0,378599;1,141264;0;2,028469;56,099998;18,200001
22.07.2025 13:23;0;1,482468;0,468819;0,902916;0,000504;2,853699;55,900002;-0,3
22.07.2025 13:28;0;2,676093;0,34413;0;0,009788;3,01044;54;0
22.07.2025 13:33;0;2,037603;0,292859;0;0;2,330457;53,799999;0
22.07.2025 13:38;0;2,151724;0,288459;0;0;2,440206;53,700001;0
22.07.2025 13:43;0;3,950179;0,28741;0;0;4,235485;53,599998;0
22.07.2025 13:48;0;4,519159;0,190516;0;0;4,697041;53,599998;0
22.07.2025 13:53;0;3,302276;0,112808;0;0;3,408285;53,5;0
22.07.2025 13:59;0;4,107686;0,125063;0;0;4,230418;53,5;0
22.07.2025 14:04;0;5,941945;0,182211;0;0;6,120081;53,5;0
22.07.2025 14:09;0;4,835349;0,308433;0;0;5,140883;53,5;0
22.07.2025 14:14;0;1,919595;0,279353;0;0;2,198948;53,5;0
22.07.2025 14:19;0;1,380481;0,278785;0;0;1,659272;53,5;0
22.07.2025 14:24;0;1,914746;0,228196;0;0;2,142834;53,400002;0
22.07.2025 14:29;0;3,359145;0,206336;0;0;3,564192;53,400002;0
22.07.2025 14:34;0;2,569652;0,102136;0;0;2,671776;53,400002;0
22.07.2025 14:39;0;1,204756;0,112739;0;0;1,317495;53,400002;0
22.07.2025 14:44;0;1,769105;0,110821;0;0;1,879926;53,400002;0
22.07.2025 14:49;0;2,239677;0,222571;0;0;2,462247;53,400002;0
22.07.2025 14:54;0;1,561913;0,275103;0;0;1,837016;53,400002;0
22.07.2025 14:59;0;0,934872;0,274658;0;0;1,209519;53,400002;0
22.07.2025 15:04;0;1,777161;0,223023;0;0;2,000207;53,400002;0
22.07.2025 15:09;0;1,361881;0,215897;0;0;1,577472;53,400002;0
22.07.2025 15:14;0,000896;0,644794;0,163754;0;0,000927;0,806694;53,400002;0
22.07.2025 15:19;0;0,673595;0,217987;0;0;0,891593;53,400002;0
22.07.2025 15:24;0;0,642766;0,207248;0;0;0,850026;53,400002;0
22.07.2025 15:29;0;0,564806;0,198379;0;0;0,763174;53,400002;0
22.07.2025 15:34;0,002623;0,263663;0,317944;0;0,003313;0,575664;53,400002;0
22.07.2025 15:39;0;0,190908;0,314641;0;0;0,505548;53,400002;0
22.07.2025 15:44;0,000235;0,126165;0,25432;0;0,000159;0,380088;53,299999;0
22.07.2025 15:49;0;0,729045;0,289445;0;0;1,018502;53,400002;0
22.07.2025 15:54;0;3,539064;0,293569;0;0;3,831163;53,400002;0
22.07.2025 15:59;0;2,63997;0,234801;0;0;2,872998;53,400002;0
22.07.2025 16:04;0;1,607657;0,165599;0;0;1,770458;53,299999;0
22.07.2025 16:09;0;4,572204;0,135652;0;0;4,705689;53,299999;0
22.07.2025 16:14;0;2,902822;0,119155;0;0;3,015394;53,299999;0
22.07.2025 16:19;0;4,456;0,228924;0;0;4,683332;53,299999;0
22.07.2025 16:29;0;2,495494;0,338578;0;0;2,833998;53,299999;0
22.07.2025 16:34;0;4,00177;0,58057;0;0;4,581116;53,299999;0
22.07.2025 16:39;0;3,162804;1,491005;0;0;4,653809;53,299999;0
22.07.2025 16:44;0;1,919381;2,360315;0;0;4,279708;53,299999;0
22.07.2025 16:49;0,007784;1,908387;2,084626;0;0,02103;3,964143;53,299999;0
22.07.2025 16:54;0;3,901154;0,328114;0;0;4,226303;53,299999;0
22.07.2025 16:59;0;2,999171;0,185107;0;0;3,182039;53,299999;0
22.07.2025 17:04;0;3,342167;0,738865;0;0;4,081055;53,299999;0
22.07.2025 17:09;0;2,327204;0,995864;0;0;3,323045;53,299999;0
22.07.2025 17:14;0,000604;0,590331;0,908864;0;0,00027;1,498357;53,299999;0
22.07.2025 17:19;0;0,721378;0,709385;0;0;1,430786;53,299999;0
22.07.2025 17:24;0;0,66097;0,385571;0;0,000108;1,046393;53,299999;0
22.07.2025 17:29;0;0,395889;0,434068;0;0;0,829991;53,299999;0
22.07.2025 17:34;0;0,803833;0,467995;0;0;1,271805;53,299999;0
22.07.2025 17:39;0;3,661995;0,370068;0;0;4,032074;53,299999;0
22.07.2025 17:44;0;3,966017;0,282642;0;0;4,248625;53,299999;0
22.07.2025 17:49;0;3,119041;0,272458;0;0;3,390831;53,299999;0
22.07.2025 17:54;0;3,446105;0,263572;0;0;3,709665;53,299999;0
22.07.2025 17:59;0,008305;2,01616;1,452461;0;0,020445;3,439889;53,299999;0
22.07.2025 18:04;0;2,595577;0,37167;0;0,000006;2,967041;53,299999;0
22.07.2025 18:09;0;2,19157;0,602399;0;0;2,793935;53,299999;0
22.07.2025 18:14;0;1,129987;1,757381;0;0;2,887367;53,299999;0
22.07.2025 18:19;0;1,82832;0,77523;0;0;2,603539;53,299999;0
22.07.2025 18:24;0;1,784786;0,774456;0;0;2,559265;53,299999;0
22.07.2025 18:29;0;1,683867;0,761424;0;0;2,445279;53,299999;0
22.07.2025 18:34;0;1,530396;0,822533;0;0;2,352951;53,299999;0
22.07.2025 18:39;0;1,481163;0,868298;0;0;2,349472;53,299999;0
22.07.2025 18:44;0;1,272903;0,971157;0;0;2,244049;53,299999;0
22.07.2025 18:49;0;1,088573;1,018243;0;0;2,106793;53,299999;0
22.07.2025 18:59;0;0,795559;1,040977;0;0;1,836548;53,299999;0
22.07.2025 19:04;0;0,610199;1,012093;0;0;1,622269;53,299999;0
22.07.2025 19:09;0,005367;0,448563;0,619537;0;0,05892;1,00383;53,200001;0
22.07.2025 19:14;0;0,917084;0,414196;0;0;1,331268;53,200001;0
22.07.2025 19:19;0;0,664124;0,511059;0;0;1,175171;53,200001;0
22.07.2025 19:24;0,001021;0,788132;0,324909;0;0,000658;1,111359;53,299999;0
22.07.2025 19:29;0;0,574876;0,405856;0;0;0,980732;53,299999;0
22.07.2025 19:34;0;0,54673;0,383217;0;0;0,929993;53,299999;0
22.07.2025 19:40;0;0,58208;0,29229;0;0;0,874359;53,200001;0
22.07.2025 19:45;0;0,52597;0,298519;0;0;0,824432;53,299999;0
22.07.2025 19:50;0;0,534439;0,233139;0;0;0,767624;53,299999;0
22.07.2025 19:55;0;0,514984;0,200191;0;0;0,714752;53,299999;0
22.07.2025 20:00;0;0,528261;0,130622;0;0;0,658952;53,299999;0
22.07.2025 20:05;0;0,463486;0,132477;0;0;0,595963;53,299999;0
22.07.2025 20:10;0,00546;0,334465;0,213432;0;0,004314;0,538101;53,200001;0
22.07.2025 20:15;0;0,07382;0,392791;0;0;0,4666;53,299999;0
22.07.2025 20:20;0;0,045424;0,381731;0;0;0,42719;53,200001;0
22.07.2025 20:25;0,014415;0,003319;0,381958;0;0;0,370834;53,299999;0
22.07.2025 20:30;0,023939;0;0,341755;0;0;0,317825;53,200001;0
22.07.2025 20:35;0,049605;0,003376;0,31556;0;0,004591;0,264758;53,200001;0
22.07.2025 20:40;0,038633;0,005902;0,28753;0;0,043484;0,211276;53,200001;-3,2
22.07.2025 20:45;0,004562;0,021307;0,336878;0;0,189843;0,163837;53,099998;-4,3
22.07.2025 20:50;0,000289;0,022659;0,336582;0;0,2673;0,091599;53;-5,5
22.07.2025 20:55;0,004614;0,025927;0,450109;0;0,434143;0,037295;52,900002;-8,8
22.07.2025 21:00;0,000091;0,034217;0,471661;0;0,49547;0,010334;52,900002;-8,8
22.07.2025 21:05;0,001223;0,034789;0,474744;0;0,506988;0,001323;52,900002;-9,6
22.07.2025 21:10;0,004893;0,030647;0,578545;0;0,603905;0,000366;52,799999;-12,9
22.07.2025 21:15;0,057065;0,039551;2,023407;0;2,005835;0,000046;52,400002;-63,400002
22.07.2025 21:20;0;0,058422;2,207235;0;2,265668;0;52,599998;-31,1
22.07.2025 21:25;0;0,04454;1,457417;0;1,501974;0;52,700001;-29,200001
22.07.2025 21:30;0;0,0457;1,499781;0;1,545458;0;52,700001;-29,200001
22.07.2025 21:35;0,005864;0,042066;0,573703;0;0,609911;0;52,900002;-10,8
22.07.2025 21:40;0;0,030281;0,518017;0;0,548281;0;52,900002;-10,4
22.07.2025 21:45;0,001446;0,027925;0,514169;0;0,540641;0;52,900002;-9,4
22.07.2025 21:50;0,000377;0,025572;0,421865;0;0,447089;0;53;-7,7
22.07.2025 21:55;0,002678;0,024572;0,39876;0;0,420651;0;53;-7,7
22.07.2025 22:00;0,00479;0,025955;0,389969;0;0,411089;0,000046;53;-6
22.07.2025 22:05;0,002055;0,031174;0,267265;0;0,296402;0;53;-5,6
22.07.2025 22:10;0,000786;0,031631;0,260777;0;0,291607;0;53;-4,8
22.07.2025 22:15;0,005167;0,024651;0,310032;0;0,329515;0;53;-6,9
22.07.2025 22:20;0,005877;0,031929;0,387291;0;0,413343;0;53;-9
22.07.2025 22:25;0;0,027718;0,444517;0;0,472247;0;53;-8,8
22.07.2025 22:30;0;0,031275;0,423667;0;0,45492;0;53;-8,1
22.07.2025 22:35;0,00266;0,023758;0,355911;0;0,377031;0;53;-6,5
22.07.2025 22:40;0,000203;0,031174;0,338425;0;0,369392;0;53;-7,4
22.07.2025 22:45;0,00083;0,026869;0,289815;0;0,315868;0;53;-5,4
22.07.2025 22:50;0,000884;0,02346;0,242363;0;0,264942;0;53;-5
22.07.2025 22:55;0,005952;0,020257;0,230905;0;0,245179;0;53;-3,8
22.07.2025 23:00;0,012272;0,036491;0,218601;0;0,2428;0;53;-7,5
22.07.2025 23:05;0,010254;0,028561;0,357717;0;0,37603;0;53;-9
22.07.2025 23:10;0,00002;0,026667;0,426427;0;0,453078;0;52,900002;-8,4
22.07.2025 23:15;0,000014;0,024879;0,39679;0;0,421652;0;53;-7,6
22.07.2025 23:20;0;0,027101;0,369967;0;0,397102;0;53;-7,5
22.07.2025 23:25;0;0,027168;0,360443;0;0,3876;0;53;-7,3
22.07.2025 23:30;0,000325;0,029119;0,3402;0;0,368997;0,000046;53;-5
22.07.2025 23:35;0,004646;0,027672;0,1856;0;0,208632;0;53;-3,8
22.07.2025 23:40;0,010537;0,022789;0,180558;0;0,192791;0;53,099998;-3,7
22.07.2025 23:45;0,007679;0,021492;0,191803;0;0,205605;0;53;-4,7
22.07.2025 23:50;0,009752;0,031714;0,283546;0;0,30554;0;53;-6,8
22.07.2025 23:55;0,007936;0,020462;0,370629;0;0,383124;0;53;-7,1
23.07.2025 00:00;0,000187;0,027443;0,340874;0;0,368145;0;53;-6,7
23.07.2025 00:05;0,000043;0,026344;0,319908;0;0,346218;0;53;-5,5
23.07.2025 00:10;0;0,023975;0,279871;0;0,303875;0;53;-5,8
23.07.2025 00:15;0,001565;0,022402;0,24612;0;0,266925;0;53;-3,8
23.07.2025 00:20;0,000122;0,028885;0,168961;0;0,19772;0;53;-3,8
23.07.2025 00:25;0,002795;0,027306;0,172852;0;0,197371;0;53;-11,4
23.07.2025 00:30;0,002951;0,026226;0,227603;0;0,250861;0,000046;53;-4,6
23.07.2025 00:35;0,006044;0,029222;0,323659;0;0,34683;0;53;-6,9
23.07.2025 00:40;0,000876;0,031047;0,342638;0;0,372807;0;53;-7
23.07.2025 00:45;0,005817;0,033802;0,285534;0;0,313535;0;53;-5,8
23.07.2025 00:50;0,000053;0,021574;0,275905;0;0,297422;0;53;-5,5
23.07.2025 00:55;0;0,021172;0,274864;0;0,29603;0;53;-5,6
23.07.2025 01:00;0,000741;0,026344;0,173744;0;0,199362;0;53;-3,7
23.07.2025 01:05;0,005327;0,028155;0,218257;0;0,241067;0;53;-5,4
23.07.2025 01:10;0;0,02409;0,26161;0;0,285716;0;53;-5,4
23.07.2025 01:15;0,004702;0,028679;0,314163;0;0,338116;0;52,900002;-7,4
23.07.2025 01:20;0;0,030176;0,360248;0;0,390435;0;53;-7,3
23.07.2025 01:25;0,001399;0,024591;0,355641;0;0,37883;0;52,900002;-7
23.07.2025 01:30;0,007252;0,028519;0,379097;0;0,400372;0;52,900002;-7
23.07.2025 01:35;0,0002;0,028198;0,333389;0;0,36137;0;52,900002;-7,3
23.07.2025 01:40;0,001607;0,031714;0,348972;0;0,379067;0;52,900002;-6,9
23.07.2025 01:45;0,00542;0,022202;0,259048;0;0,275866;0;53;-4,5
23.07.2025 01:50;0;0,021194;0,224442;0;0,24559;0;53;-4,7
23.07.2025 01:55;0;0,021991;0,229171;0;0,251185;0;53;-4,6
23.07.2025 02:00;0,005719;0,028453;0,246779;0;0,269485;0;52,900002;-7,4
23.07.2025 02:05;0;0,034857;0,289851;0;0,324737;0;53;-5,9
23.07.2025 02:10;0,00006;0,028107;0,289444;0;0,317499;0;53;-6
23.07.2025 02:15;0,004851;0,019753;0,291298;0;0,306192;0;53;-5,6
23.07.2025 02:20;0,000635;0,056011;0,239109;0;0,294517;0;53;-5,6
23.07.2025 02:25;0,005887;0,022464;0,247511;0;0,264086;0;53;-3,4
23.07.2025 02:30;0,010223;0,02314;0,163902;0;0,176857;0;53;-3,6
23.07.2025 02:35;0,010445;0,021675;0,166603;0;0,177807;0;53;-3,6
23.07.2025 02:40;0,003257;0,027054;0,156326;0;0,180096;0;53;-3,6
23.07.2025 02:45;0,009581;0,024769;0,248212;0;0,263412;0;53;-5,6
23.07.2025 02:50;0;0,02227;0,272736;0;0,295012;0;53;-5,6
23.07.2025 02:55;0,001295;0,025789;0,311792;0;0,336278;0;52,900002;-6,8
23.07.2025 03:00;0;0,028333;0,328381;0;0,356719;0;52,900002;-6,6
23.07.2025 03:05;0,00379;0,028725;0,410706;0;0,435637;0;52,900002;-8,5
23.07.2025 03:10;0;0,02758;0,32016;0;0,347723;0;53;-5,1
23.07.2025 03:15;0,000441;0,020805;0,234787;0;0,255152;0;53;-4,7
23.07.2025 03:20;0,007987;0,022414;0,272017;0;0,286491;0;52,900002;-6,2
23.07.2025 03:25;0,007259;0,02607;0,321671;0;0,340462;0;52,900002;-5,4
23.07.2025 03:30;0,010375;0,033737;0,379028;0;0,402374;0;52,900002;-7,3
23.07.2025 03:35;0,000014;0,028282;0,34858;0;0,376839;0;52,900002;-7
23.07.2025 03:40;0;0,023346;0,302513;0;0,325871;0;52,900002;-5,4
23.07.2025 03:45;0,000048;0,025376;0,26251;0;0,287863;0;53;-5,4
23.07.2025 03:50;0;0,025253;0,26145;0;0,28668;0;52,900002;-5,4
23.07.2025 03:55;0;0,023827;0,208626;0;0,232452;0;53;-3,4
23.07.2025 04:00;0;0,024251;0,156895;0;0,18118;0,000046;53;-3,4
23.07.2025 04:05;0,000612;0,024101;0,156905;0;0,180335;0;53;-3,4
23.07.2025 04:10;0,003782;0,029892;0,165527;0;0,191654;0;53;-6,1
23.07.2025 04:15;0,002707;0,026596;0,334991;0;0,358875;0;52,900002;-7
23.07.2025 04:20;0,000216;0,025641;0,343368;0;0,368804;0;52,900002;-6,9
23.07.2025 04:25;0,001325;0,028999;0,336914;0;0,364586;0;52,900002;-6,8
23.07.2025 04:30;0;0,024925;0,297592;0;0,322472;0;52,900002;-5,6
23.07.2025 04:35;0;0,022957;0,238152;0;0,261108;0;53;-3,7
23.07.2025 04:40;0;0,025353;0,17049;0;0,195866;0;53;-3,5
23.07.2025 04:45;0,000659;0,025481;0,169768;0;0,194553;0;53;-3,7
23.07.2025 04:50;0,000779;0,02282;0,173264;0;0,195362;0;53;-3,7
23.07.2025 04:55;0,004454;0,030727;0,278654;0;0,304891;0;52,900002;-5,9
23.07.2025 05:00;0,00811;0,024956;0,329932;0;0,346779;0;52,900002;-8,7
23.07.2025 05:05;0,002615;0,031425;0,374382;0;0,40321;0;52,900002;-7,5
23.07.2025 05:10;0,003129;0,028545;0,419083;0;0,444517;0;52,900002;-8,3
23.07.2025 05:15;0,004669;0,030774;0,403036;0;0,429085;0;52,799999;-8,2
23.07.2025 05:20;0,000534;0,026138;0,39679;0;0,422436;0,000046;52,900002;-6,1
23.07.2025 05:25;0;0,024044;0,279573;0;0,303605;0;52,900002;-3,6
23.07.2025 05:30;0,000286;0,021858;0,163696;0;0,185268;0;52,900002;-4
23.07.2025 05:35;0,003524;0,03447;1,186272;0;1,217216;0;52,299999;-36,799999
23.07.2025 05:40;0,002437;0,05365;1,86113;0;1,912365;0;52,299999;-42,599998
23.07.2025 05:45;0,275256;0,017052;3,834483;0;3,558336;0,017916;51,799999;-73,400002
23.07.2025 05:50;0,798541;0;4,618473;0;3,781615;0,038298;51,700001;-73,5
23.07.2025 05:55;0,038458;0,058514;2,434193;0;2,382166;0,072063;52,400002;-5,4
23.07.2025 06:00;0,002655;0,027032;0,308808;0;0,217046;0,116205;52,599998;-3,2
23.07.2025 06:05;0,000647;0,028675;0,230038;0;0,096005;0,162057;52,700001;-0,2
23.07.2025 06:10;0;0,027443;0,153206;0;0,016984;0,163609;52,799999;-0,5
23.07.2025 06:15;0,004687;0,028789;0,178277;0;0,02239;0,180033;52,900002;-0,4
23.07.2025 06:20;0;0,052947;0,217559;0;0,021135;0,249291;52,900002;-0,4
23.07.2025 06:25;0,02411;0,035154;0,33251;0;0,022208;0,321423;52,900002;-0,4
23.07.2025 06:30;0,021298;0,019318;0,310181;0;0,01585;0,292328;52,900002;-0,3
23.07.2025 06:35;0,000045;0,074272;0,273857;0,023952;0,01038;0,361679;53;-0,3
23.07.2025 06:40;0;0,128448;0,256165;0;0,015873;0,368729;53;-0,3
23.07.2025 06:45;0,000028;0,072371;0,24767;0,005127;0,01462;0,310537;53;1,1
23.07.2025 06:50;0,002038;0,034309;0,188012;0,087829;0,00124;0,306901;53,099998;3,4
23.07.2025 06:55;0,001649;0,024774;0,228555;0,154541;0,001494;0,404687;53,099998;4,8
23.07.2025 07:00;0,00558;0,0232;0,303538;0,248299;0,000662;0,568798;53,200001;3,9
23.07.2025 07:05;0,006816;0,026371;0,438176;0,203245;0,003251;0,65772;53,200001;5,1
23.07.2025 07:10;0,01438;0,05049;1,855099;0,055124;1,151117;0,795194;52,799999;4,5
23.07.2025 07:15;0,012961;0,053954;0,719227;0,340844;0,214463;0,886637;53,099998;8,1
23.07.2025 07:20;0,007857;0,038243;1,382045;0,07295;0,554478;0,930882;53;9,4
23.07.2025 07:25;0,000026;0,029967;0,369902;0,526557;0;0,92638;53,299999;10,6
23.07.2025 07:30;0,000154;0,029869;0,31041;0,659203;0;0,999344;53,400002;15,3
23.07.2025 07:35;0,003368;0,03215;0,203447;0,823861;0;1,05607;53,5;15,9
23.07.2025 07:40;0,002842;0,032165;0,211834;0,895696;0;1,136866;53,599998;16,799999
23.07.2025 07:45;0,000217;0,029075;0,217256;0,971909;0;1,218014;53,700001;19,200001
23.07.2025 07:50;0,005178;0,037549;0,297972;1,075638;0;1,406004;53,700001;20,799999
23.07.2025 07:55;0,001553;0,024701;0,340286;1,253139;0;1,616631;53,799999;24,6
23.07.2025 08:00;0,002182;0,031854;0,335774;1,369676;0;1,735076;53,900002;28,299999
23.07.2025 08:05;0,002084;0,022333;0,338144;1,371968;0;1,730347;53,799999;17,299999
23.07.2025 08:10;0,001791;0,027102;0,281275;0,878542;0;1,185123;53,799999;21
23.07.2025 08:15;0,000534;0,033423;0,218544;1,368266;0;1,61971;53,900002;27,5
23.07.2025 08:20;0,003597;0,030235;0,269623;1,217262;0;1,51355;53,900002;24,700001
23.07.2025 08:25;0,003644;0,025177;0,283813;1,400213;0;1,705555;54;29,700001
23.07.2025 08:30;0,006375;0,036294;0,384339;1,284301;0;1,698547;53,900002;25,200001
23.07.2025 08:36;0,001482;0,034332;0,390706;1,869677;0;2,293214;54,099998;42,900002
23.07.2025 08:41;0,015383;0,039295;0,392;1,585381;0;2,001334;54;27,700001
23.07.2025 08:46;0,027987;0,057053;0,424351;1,647698;0;2,10109;54;35,299999
23.07.2025 08:51;0,011742;0,11787;0,403205;2,246836;0;2,756163;54,200001;45,599998
23.07.2025 08:56;0,002069;0,333864;0,378769;2,465262;0;3,175849;54,200001;45,599998
23.07.2025 09:01;0;0,651495;0,425743;2,47031;0;3,547547;54,200001;45,599998
23.07.2025 09:06;0;0,693832;0,37928;2,470596;0;3,543686;54,200001;45,5
23.07.2025 09:11;0,000739;0,564258;0,466486;2,474296;0;3,50431;54,200001;45,5
23.07.2025 09:16;0;0,602452;0,484472;2,465921;0;3,552868;54,200001;45,5
23.07.2025 09:21;0;0,685661;0,465591;2,468216;0;3,619446;54,299999;45,5
23.07.2025 09:26;0;0,775683;0,397257;2,467346;0;3,640309;54,299999;45,5
23.07.2025 09:31;0;0,799601;0,396708;2,470219;0;3,666505;54,299999;45,5
23.07.2025 09:36;0;0,951517;0,372431;2,477969;0;3,801917;54,400002;45,5
23.07.2025 09:41;0;1,004412;0,361558;2,469673;0;3,83562;54,5;45,400002
23.07.2025 09:46;0;1,052978;0,352372;2,472401;0;3,877819;54,599998;45,200001
23.07.2025 09:51;0;1,130032;0,344391;2,468036;0;3,942391;54,900002;45,099998
23.07.2025 09:56;0;1,114288;0,41423;2,470299;0;3,99884;55,900002;44,200001
23.07.2025 10:01;0;2,126282;0,362717;1,593836;0;4,082767;56,299999;19,1
23.07.2025 10:06;0;3,438434;0,263472;0,404166;0,006628;4,099501;54,5;0
23.07.2025 10:11;0;3,912902;0,212019;0;0;4,124966;54;0
23.07.2025 10:16;0;3,940095;0,181938;0;0;4,12201;53,799999;0
23.07.2025 10:21;0;4,045388;0,09488;0;0;4,139972;53,799999;0
23.07.2025 10:26;0;3,998801;0,156269;0;0;4,155024;53,700001;0
23.07.2025 10:31;0;3,990843;0,165204;0;0;4,15607;53,700001;0
23.07.2025 10:36;0;3,932228;0,287027;0;0;4,219232;53,599998;0
23.07.2025 10:41;0;3,97977;0,272817;0;0;4,252609;53,599998;0
23.07.2025 10:46;0;4,042982;0,219001;0;0;4,261961;53,599998;0
23.07.2025 10:51;0;4,067428;0,216419;0;0;4,283847;53,599998;0
23.07.2025 10:56;0;3,99605;0,267497;0;0;4,263593;53,5;0
23.07.2025 11:01;0;4,123169;0,189011;0;0;4,312134;53,5;0
23.07.2025 11:06;0;4,195244;0,231863;0;0;4,427107;53,5;0
23.07.2025 11:11;0;4,349035;0,233755;0;0;4,58279;53,5;0
23.07.2025 11:16;0;4,196154;0,304739;0;0;4,500893;53,5;0
23.07.2025 11:21;0;4,348876;0,2446;0;0;4,593522;53,5;0
23.07.2025 11:26;0;4,408196;0,218112;0;0;4,626263;53,5;0
23.07.2025 11:32;0;4,595562;0,219319;0;0;4,814858;53,5;0
23.07.2025 11:37;0;3,888421;0,220525;0;0;4,106323;53,5;0
23.07.2025 11:42;0;3,939845;0,170229;0;0;4,105231;53,5;0
23.07.2025 11:47;0;4,899579;0,12587;0;0;5,02479;53,400002;0
23.07.2025 11:52;0;5,09707;0,130053;0;0;5,223917;53,400002;0
23.07.2025 11:57;0;2,508598;0,136238;0;0;2,642176;53,400002;0
23.07.2025 12:02;0;4,931998;0,332047;0;0;5,264068;53,400002;0
23.07.2025 12:07;0;3,326206;0,375495;0;0;3,701429;53,400002;0
23.07.2025 12:12;0;2,562343;0,357668;0;0;2,919354;53,400002;0
23.07.2025 12:17;0;3,431772;1,290666;0;0;4,722439;53,400002;0
23.07.2025 12:22;0;3,881496;2,045184;0;0;5,92668;53,400002;0
23.07.2025 12:27;0;3,732191;2,064507;0;0;5,796698;53,400002;0
23.07.2025 12:32;0,000636;0,682712;1,918629;0;0,000182;2,600522;53,400002;0
23.07.2025 12:37;0;2,171807;1,365968;0;0,000011;3,537342;53,400002;0
23.07.2025 12:42;0;2,065871;0,764177;0;0;2,830071;53,400002;0
23.07.2025 12:47;0;3,119076;1,005458;0;0;4,123647;53,400002;0
23.07.2025 12:52;0;2,406602;1,340027;0;0;3,746629;53,400002;0
23.07.2025 12:57;0;3,537947;2,098824;0;0;5,636793;53,400002;0
23.07.2025 13:02;0,024637;2,06183;3,845146;0;0,357877;5,524417;52,599998;-52,799999
23.07.2025 13:07;0,079319;0,208085;4,030063;0,873518;0,691477;4,340873;53,5;11,5
23.07.2025 13:12;0,033032;1,324544;1,62644;1,167957;0,002217;4,083722;55,599998;-0,3
23.07.2025 13:17;0;1,735144;0,284685;0,000023;0,002035;2,017783;54,299999;0
23.07.2025 13:22;0;1,630669;0,193557;0;0;1,824294;54;0
23.07.2025 13:27;0;3,996459;0,202151;0;0;4,196586;53,900002;0
23.07.2025 13:32;0;3,706458;0,540229;0;0;4,245871;53,799999;0
23.07.2025 13:37;0;3,305753;0,408383;0;0;3,709528;53,700001;0
23.07.2025 13:42;0;4,941316;0,462539;0;0;5,403649;53,700001;0
23.07.2025 13:47;0;5,704914;0,350461;0;0;6,055262;53,700001;0
23.07.2025 13:52;0;4,748995;1,181508;0;0;5,930344;53,599998;0
23.07.2025 13:57;0;3,788048;2,206254;0;0;5,994301;53,599998;0
23.07.2025 14:02;0;4,99751;0,939798;0;0;5,937421;53,599998;0
23.07.2025 14:08;0;4,585976;0,71427;0;0;5,300178;53,599998;0
23.07.2025 14:13;0;2,228324;0,680552;0;0;2,908921;53,599998;0
23.07.2025 14:18;0;2,754803;0,77839;0;0;3,53317;53,5;0
23.07.2025 14:23;0,00454;2,382842;1,564642;0;0,006605;3,936343;53,5;0
23.07.2025 14:28;0;2,770183;2,669505;0;0;5,439688;53,5;0
23.07.2025 14:33;0;2,981224;2,421153;0;0;5,4024;53,5;0
23.07.2025 14:38;0;3,27887;2,046341;0;0;5,325256;53,5;0
23.07.2025 14:43;0;3,346692;2,008029;0;0;5,354653;53,5;0
23.07.2025 14:48;0;3,332004;2,049705;0;0;5,381755;53,5;0
23.07.2025 14:53;0;3,613392;1,852078;0;0;5,465334;53,5;0
23.07.2025 14:58;0;3,989774;1,28189;0;0;5,2718;53,5;0
23.07.2025 15:03;0;3,291533;0,511733;0;0;3,803107;53,5;0
23.07.2025 15:08;0;3,782689;0,449594;0;0;4,231282;53,5;0
23.07.2025 15:13;0,005607;3,342372;1,409624;0;0,013062;4,733307;53,400002;0
23.07.2025 15:18;0;4,03962;0,758344;0;0;4,798032;53,400002;0
23.07.2025 15:23;0;3,886505;0,911715;0;0;4,798151;53,400002;0
23.07.2025 15:28;0;3,955715;0,749444;0;0;4,705113;53,400002;0
23.07.2025 15:33;0;3,888687;0,250034;0;0;4,138153;53,400002;0
23.07.2025 15:38;0;4,408173;0,225843;0;0;4,634084;53,400002;0
23.07.2025 15:43;0;4,242651;0,284299;0;0;4,526858;53,400002;0
23.07.2025 15:48;0;3,960308;0,327271;0;0;4,287578;53,400002;0
23.07.2025 15:53;0;4,074505;0,289456;0;0;4,363983;53,400002;0
23.07.2025 15:58;0;4,04228;0,368772;0;0;4,411029;53,400002;0
23.07.2025 16:03;0;4,128861;0,293706;0;0;4,422545;53,400002;0
23.07.2025 16:08;0;3,992457;0,284776;0;0;4,27721;53,400002;0
23.07.2025 16:13;0;4,117872;0,251694;0;0;4,369612;53,400002;0
23.07.2025 16:18;0;4,218459;0,19749;0;0;4,415904;53,400002;0
23.07.2025 16:23;0;4,13256;0,187236;0;0;4,319864;53,400002;0
23.07.2025 16:28;0;3,665455;0,464022;0;0;4,129454;53,400002;0
23.07.2025 16:33;0;3,259504;0,601869;0;0;3,86135;53,400002;0
23.07.2025 16:38;0;3,602083;0,355254;0;0;3,957359;53,400002;0
23.07.2025 16:43;0;3,253431;0,757372;0;0;4,010826;53,400002;0
23.07.2025 16:49;0,015193;1,342187;1,956735;0,015165;0,585922;2,712932;53,099998;27,5
23.07.2025 16:54;0,010191;0,208813;2,795284;1,400279;0,001125;4,393076;55,799999;-0,3
23.07.2025 16:59;0;1,206078;2,694776;0;0,001437;3,899416;54,400002;0
23.07.2025 17:04;0,017627;0,553531;2,776269;0;0,379343;2,93286;53,400002;0
23.07.2025 17:09;0;1,233006;2,738329;0;0;3,971267;53,400002;0
23.07.2025 17:14;0;1,519351;2,001731;0;0;3,521082;53,5;0
23.07.2025 17:19;0,000632;1,2617;1,9385;0;0;3,199586;53,5;0
23.07.2025 17:24;0;2,990946;1,066376;0;0;4,057368;53,5;0
23.07.2025 17:29;0;3,087684;1,241446;0;0;4,329085;53,5;0
23.07.2025 17:34;0;2,847987;1,361445;0;0;4,209364;53,400002;0
23.07.2025 17:39;0;2,624896;0,776069;0;0;3,401033;53,5;0
23.07.2025 17:44;0;1,445139;0,501251;0;0;1,946435;53,5;0
23.07.2025 17:49;0;1,912467;0,627462;0;0;2,539861;53,5;0
23.07.2025 17:54;0;2,349419;0,431041;0;0;2,780505;53,400002;0
23.07.2025 17:59;0,000756;0,67314;0,562799;0;0,001899;1,233234;53,400002;0
23.07.2025 18:04;0;2,433181;0,522919;0;0;2,956214;53,400002;0
23.07.2025 18:09;0;2,500299;0,53813;0;0;3,038338;53,400002;0
23.07.2025 18:14;0;2,214;0,574668;0;0;2,78869;53,400002;0
23.07.2025 18:19;0;2,878254;0,514277;0;0;3,392439;53,400002;0
23.07.2025 18:24;0;3,229508;0,457074;0;0;3,686604;53,400002;0
23.07.2025 18:29;0;3,036695;0,382935;0;0;3,419721;53,400002;0
23.07.2025 18:34;0;2,63108;0,483721;0;0;3,114824;53,400002;0
23.07.2025 18:39;0;2,265109;0,612939;0;0;2,87798;53,400002;0
23.07.2025 18:44;0;1,968112;0,663599;0;0;2,631733;53,400002;0
23.07.2025 18:49;0;1,674005;0,646152;0;0;2,320134;53,400002;0
23.07.2025 18:54;0;1,464556;0,608318;0;0;2,072851;53,400002;0
23.07.2025 18:59;0;1,104564;0,795528;0;0;1,900252;53,400002;0
23.07.2025 19:04;0;0,801556;0,89821;0;0;1,699607;53,400002;0
23.07.2025 19:09;0;0,954482;0,445484;0;0;1,400034;53,400002;0
23.07.2025 19:14;0,001523;0,487336;0,427721;0;0,000216;0,913284;53,299999;0
23.07.2025 19:20;0,00383;0,026873;0,797307;0;0,345912;0,474493;52,900002;-13,9
23.07.2025 19:25;0,006132;0,026556;1,179712;0;0,761392;0,438726;52,700001;-32,900002
23.07.2025 19:30;0,021891;0,068208;2,825261;0;2,343366;0,528147;52,799999;-14,9
23.07.2025 19:35;0,000012;0,029565;1,334396;0;0,823039;0,541013;52,799999;-16,200001
23.07.2025 19:40;0,000609;0,027648;1,358805;0;0,859847;0,525957;52,799999;-18,4
23.07.2025 19:45;0;0,031364;1,364997;0;1,067688;0,328683;52,799999;-20,9
23.07.2025 19:50;0,000299;0,032422;1,374519;0;1,097064;0,309582;52,799999;-20,700001
23.07.2025 19:55;0,00199;0,03691;1,289867;0;1,06146;0,263343;52,799999;-20,5
23.07.2025 20:00;0,002698;0,035669;1,305986;0;1,185665;0,153283;52,700001;-24
23.07.2025 20:05;0,000688;0,032165;1,349065;0;1,274594;0,10594;52,700001;-24,299999
23.07.2025 20:10;0,004424;0,035443;1,3405;0;1,275008;0,096448;52,700001;-26,299999
23.07.2025 20:15;0,000033;0,039602;1,443758;0;1,364736;0,118714;52,700001;-25,799999
23.07.2025 20:20;0,000636;0,033032;0,762907;0;0,714579;0,080664;52,900002;-13,7
23.07.2025 20:25;0,006248;0,036499;0,748558;0;0,703344;0,075463;52,900002;-13,2
23.07.2025 20:30;0,002026;0,031331;0,745442;0;0,711417;0,063299;52,799999;-17,299999
23.07.2025 20:35;0,002582;0,040198;1,160863;0;1,180303;0,018189;52,700001;-27,1
23.07.2025 20:40;0,000515;0,049748;1,434703;0;1,473253;0,010641;52,700001;-27,1
23.07.2025 20:45;0,0026;0,046303;1,431362;0;1,464486;0,010571;52,599998;-28,200001
23.07.2025 20:50;0,000582;0,043982;1,454;0;1,492986;0,004471;52,599998;-28,200001
23.07.2025 20:55;0,000422;0,045882;1,406282;0;1,449265;0,002546;52,599998;-27,5
23.07.2025 21:00;0,007025;0,041835;1,404304;0;1,43875;0,000273;52,599998;-28,200001
23.07.2025 21:05;0,003772;0,039289;1,130714;0;1,166195;0,000091;52,599998;-27,6
23.07.2025 21:10;0;0,041794;1,400734;0;1,442551;0;52,599998;-27,4
23.07.2025 21:15;0,000431;0,043745;1,393208;0;1,436533;0;52,599998;-27,299999
23.07.2025 21:20;0;0,045214;1,290779;0;1,335936;0;52,799999;-13,8
23.07.2025 21:25;0,001125;0,03014;0,678351;0;0,707392;0;52,799999;-11,9
23.07.2025 21:30;0,039274;0,049975;1,514031;0;1,524728;0;52,799999;-11,5
23.07.2025 21:35;0,002228;0,034218;0,575208;0;0,607236;0;52,900002;-11,2
23.07.2025 21:40;0,00609;0,036379;0,568415;0;0,598689;0;52,900002;-11,6
23.07.2025 21:45;0,018324;0,032905;0,6677;0;0,68226;0;52,900002;-12,1
23.07.2025 21:50;0,004572;0,031207;0,623524;0;0,650157;0;52,799999;-13,8
23.07.2025 21:55;0,001999;0,033559;0,623665;0;0,655246;0;52,799999;-12,3
23.07.2025 22:00;0,002576;0,03606;0,618663;0;0,652097;0;52,799999;-12,2
23.07.2025 22:05;0,000827;0,022555;0,619072;0;0,640843;0;52,799999;-12,3
23.07.2025 22:10;0,003607;0,03186;0,572983;0;0,601227;0;52,900002;-11,6
23.07.2025 22:16;0,004037;0,035651;0,553136;0;0,584751;0;52,900002;-9,9
23.07.2025 22:21;0,000112;0,027557;0,438817;0;0,466271;0;52,900002;-8,5
23.07.2025 22:26;0,004949;0,030049;0,444801;0;0,469899;0;52,900002;-9,4
23.07.2025 22:31;0,000021;0,026193;0,463099;0;0,489315;0;52,900002;-9,2
23.07.2025 22:36;0,000134;0,02642;0,41558;0;0,441795;0;52,900002;-8,6
23.07.2025 22:41;0,000217;0,026056;0,425038;0;0,45089;0;52,900002;-9,3
23.07.2025 22:46;0,002188;0,030649;0,415261;0;0,443716;0;52,900002;-7,8
23.07.2025 22:51;0,001421;0,022918;0,391252;0;0,412772;0;52,900002;-7,8
23.07.2025 22:56;0,006855;0,03697;0,35701;0;0,387068;0;52,900002;-6,2
23.07.2025 23:01;0,00006;0,025778;0,275981;0;0,301793;0;53;-4,8
23.07.2025 23:06;0,000569;0,018644;0,237507;0;0,255537;0;53;-4,8
23.07.2025 23:11;0;0,021652;0,220459;0;0,242134;0;53;-3,8
23.07.2025 23:16;0,007291;0,032377;0,2657;0;0,290699;0;53;-6,1
23.07.2025 23:21;0;0,027557;0,292438;0;0,320029;0;52,900002;-6
23.07.2025 23:26;0,000045;0,028871;0,287893;0;0,316775;0;53;-6
23.07.2025 23:31;0;0,027511;0,286156;0;0,313633;0;52,900002;-6
23.07.2025 23:36;0,002149;0,031331;0,323633;0;0,352781;0;52,900002;-5,7
23.07.2025 23:41;0,000703;0,022055;0,255196;0;0,276602;0;53;-4,6
23.07.2025 23:46;0,000858;0,030865;0,213472;0;0,243408;0;53;-4,4
23.07.2025 23:51;0,004252;0,030842;0,182406;0;0,208971;0;53;-4,4
23.07.2025 23:56;0,017289;0,026873;0,180627;0;0,190299;0;53;-6,3
24.07.2025 00:01;0,001852;0,028603;0,278251;0;0,305;0;53;-6,1
24.07.2025 00:06;0;0,026827;0,292041;0;0,318823;0;52,900002;-6
24.07.2025 00:11;0;0,023885;0,28617;0;0,310056;0;53;-5,8
24.07.2025 00:16;0,00387;0,025458;0,327126;0;0,348684;0;52,900002;-7,8
24.07.2025 00:21;0,002494;0,026647;0,387432;0;0,411658;0;52,900002;-8,6
24.07.2025 00:26;0;0,026238;0,377064;0;0,403279;0;52,900002;-6,6
24.07.2025 00:31;0;0,026106;0,318123;0;0,344207;0;52,900002;-6,3
24.07.2025 00:36;0;0,02231;0,312937;0;0,335316;0;52,900002;-6,3
24.07.2025 00:41;0;0,02452;0,271078;0;0,295541;0;53;-5,1
24.07.2025 00:46;0,017066;0,031631;0,310501;0;0,325081;0;52,900002;-5
24.07.2025 00:51;0,002487;0,028059;0,28684;0;0,312412;0,000091;52,900002;-6,3
24.07.2025 00:57;0,000006;0,024746;0,277785;0;0,302441;0;52,900002;-5,5
24.07.2025 01:02;0,005601;0,017018;0,295007;0;0,306436;0;52,900002;-6,5
24.07.2025 01:07;0,000198;0,027239;0,33104;0;0,358109;0;52,900002;-6,7
24.07.2025 01:12;0,000017;0,02377;0,250477;0;0,274202;0;52,900002;-4,3
24.07.2025 01:17;0,001008;0,018934;0,208366;0;0,226274;0;52,900002;-4,2
24.07.2025 01:22;0;0,025117;0,158425;0;0,18352;0;53;-3,4
24.07.2025 01:27;0,006196;0,025595;0,178391;0;0,197861;0;52,900002;-6,1
24.07.2025 01:32;0;0,024192;0,277205;0;0,301396;0;52,900002;-5,6
24.07.2025 01:37;0,00002;0,022691;0,277659;0;0,300305;0;52,900002;-5,8
24.07.2025 01:42;0;0,025647;0,282571;0;0,30824;0;52,900002;-5,8
24.07.2025 01:47;0,003939;0,022918;0,287573;0;0,306512;0;52,900002;-5,7
24.07.2025 01:52;0,001729;0,035014;0,229913;0;0,263244;0;52,900002;-3,7
24.07.2025 01:57;0,004967;0,027512;0,224625;0;0,247101;0;52,900002;-4,8
24.07.2025 02:02;0,000268;0,024556;0,234505;0;0,258799;0;52,900002;-4,9
24.07.2025 02:07;0,003292;0,027921;0,227321;0;0,251956;0;52,900002;-5
24.07.2025 02:12;0,005096;0,028011;0,306262;0;0,329135;0,000091;52,900002;-5,9
24.07.2025 02:17;0,005178;0,027648;0,365468;0;0,387966;0;52,799999;-7,7
24.07.2025 02:22;0;0,026511;0,375018;0;0,40154;0;52,799999;-7,6
24.07.2025 02:27;0;0,027921;0,365968;0;0,393821;0;52,799999;-7,2
24.07.2025 02:32;0,002076;0,026329;0,397027;0;0,421287;0;52,799999;-7,9
24.07.2025 02:37;0,000005;0,023024;0,396668;0;0,419681;0;52,700001;-7,9
24.07.2025 02:42;0,001725;0,019345;0,301896;0;0,319541;0;52,799999;-4,2
24.07.2025 02:47;0,003107;0,021782;0,182302;0;0,20098;0;52,799999;-3,4
24.07.2025 02:52;0,002582;0,024783;0,154609;0;0,176834;0;52,799999;-3,5
24.07.2025 02:57;0,006244;0,029884;0,174057;0;0,197644;0;52,799999;-6
24.07.2025 03:02;0,000322;0,040655;0,261514;0;0,301897;0;52,799999;-5,6
24.07.2025 03:07;0,004115;0,032593;0,264587;0;0,29306;0;52,799999;-5,6
24.07.2025 03:12;0,005486;0,025329;0,272748;0;0,292586;0;52,799999;-5,2
24.07.2025 03:17;0,003609;0,020463;0,274476;0;0,291245;0;52,799999;-5,6
24.07.2025 03:22;0,000047;0,024101;0,250739;0;0,27484;0,000091;52,799999;-3,4
24.07.2025 03:27;0,006239;0,022555;0,175299;0;0,191556;0;52,799999;-4,6
24.07.2025 03:32;0,00004;0,020372;0,217316;0;0,23762;0;52,799999;-4,6
24.07.2025 03:37;0,000465;0,019735;0,221;0;0,240315;0;52,799999;-4,6
24.07.2025 03:43;0,007349;0,025647;0,277478;0;0,295781;0;52,700001;-7,1
24.07.2025 03:48;0,001129;0,025778;0,285152;0;0,309777;0;52,700001;-5,7
24.07.2025 03:53;0,001286;0,024465;0,272703;0;0,295883;0;52,700001;-5,6
24.07.2025 03:58;0,002865;0,026877;0,277831;0;0,301807;0;52,599998;-6,9
24.07.2025 04:03;0,001656;0,028921;0,322451;0;0,349757;0;52,599998;-6,6
24.07.2025 04:08;0,002587;0,024226;0,253489;0;0,275092;0;52,599998;-4,2
24.07.2025 04:13;0,004117;0,016734;0,209859;0;0,222478;0;52,599998;-4,2
24.07.2025 04:18;0,012701;0,049685;0,243588;0;0,280544;0;52,599998;-5,1
24.07.2025 04:23;0,007166;0,033696;0,239871;0;0,266405;0;52,5;-10,6
24.07.2025 04:28;0;0,026374;0,362967;0;0,38941;0;52,5;-7,3
24.07.2025 04:33;0,000054;0,027237;0,355087;0;0,382278;0;52,5;-7,2
24.07.2025 04:38;0,000014;0,025925;0,35275;0;0,378618;0;52,5;-7,2
24.07.2025 04:43;0,000008;0,023464;0,295212;0;0,318665;0;52,5;-5,5
24.07.2025 04:48;0;0,022767;0,263389;0;0,286201;0;52,5;-5,3
24.07.2025 04:53;0,000731;0,0216;0,229594;0;0,250466;0;52,5;-3,4
24.07.2025 04:58;0,004869;0,022918;0,157792;0;0,175811;0;52,5;-3,1
24.07.2025 05:03;0,005728;0,025147;0,180347;0;0,19973;0;52,5;-4,6
24.07.2025 05:08;0,001829;0,024646;0,217271;0;0,240121;0;52,5;-4,6
24.07.2025 05:13;0,006653;0,030422;0,317039;0;0,340754;0;52,400002;-6,9
24.07.2025 05:18;0;0,028239;0,332091;0;0,360387;0;52,400002;-6,7
24.07.2025 05:23;0,005272;0,022918;0,33823;0;0,355896;0;52,400002;-6,9
24.07.2025 05:28;0,000198;0,026508;0,333057;0;0,35936;0;52,400002;-6,7
24.07.2025 05:33;0,004607;0,030004;0,778244;0;0,803591;0;51,900002;-37,799999
24.07.2025 05:38;0,000099;0,059448;1,830173;0;1,889518;0;52;-23,299999
24.07.2025 05:43;0,010895;0,033696;2,797876;0;2,820715;0;51,400002;-73,900002
24.07.2025 05:48;0,544967;0;4,328939;0;3,783993;0;51,400002;-74
24.07.2025 05:53;0,038004;0,065653;3,039262;0;3,066887;0;52,099998;-6,8
24.07.2025 05:58;0,000136;0,026147;0,320222;0;0,346233;0;52,200001;-7,6
24.07.2025 06:03;0,000685;0,028375;0,367696;0;0,395367;0;52,200001;-7,7
24.07.2025 06:08;0;0,027149;0,371423;0;0,398594;0;52,299999;-7,7
24.07.2025 06:13;0,003645;0,029114;0,430664;0;0,456161;0;52,200001;-9,5
24.07.2025 06:18;0;0,024692;0,45696;0;0,481607;0;52,299999;-7,6
24.07.2025 06:24;0,003499;0,025562;0,3043;0;0,326395;0;52,299999;-7,4
24.07.2025 06:29;0,006218;0,023555;0,360694;0;0,378019;0;52,299999;-7
24.07.2025 06:34;0,000001;0,033014;0,331045;0;0,364059;0;52,299999;-6,9
24.07.2025 06:39;0,01262;0,028921;0,367787;0;0,384089;0;52,299999;-8,2
24.07.2025 06:44;0,000825;0,031435;0,346927;0;0,377495;0,000091;52,299999;-7,8
24.07.2025 06:49;0,015938;0,046275;1,645819;0;1,676208;0;51,700001;-46,400002
24.07.2025 06:54;0,011832;0,060889;0,916467;0;0,962577;0,00291;52,200001;-9,3
24.07.2025 06:59;0,00004;0,024101;0,461962;0;0,48097;0,005002;52,200001;-9,1
24.07.2025 07:04;0,000054;0,025131;0,4823;0;0,49752;0,009888;52,200001;-9,4
24.07.2025 07:09;0,005258;0,031695;0,73321;0;0,743055;0,016461;51,900002;-30,6
24.07.2025 07:14;0,032358;0,056341;2,838074;0;2,813632;0,048565;51,700001;-39,5
24.07.2025 07:19;0,00017;0,043396;1,455505;0;1,41497;0,083771;52;-19,700001
24.07.2025 07:24;0,006588;0,039835;0,88891;0;0,76511;0,156974;52,200001;-3,8
24.07.2025 07:29;0,005976;0,024237;0,324179;0;0,145673;0,196717;52,299999;-3,6
24.07.2025 07:34;0,00625;0,026786;0,309602;0;0,16978;0,160444;52,299999;-5
24.07.2025 07:39;0,019258;0,003204;0,280243;0;0,026459;0,237762;52,400002;0
24.07.2025 07:44;0,017799;0,021121;0,321341;0;0,187026;0,137601;52,299999;-5,2
24.07.2025 07:49;0,013277;0,019217;0,261469;0;0,124639;0,142859;52,400002;0
24.07.2025 07:54;0,029287;0;0,186238;0;0;0,156948;52,400002;0
24.07.2025 07:59;0,024505;0,00382;0,177755;0;0;0,157064;52,400002;0
24.07.2025 08:04;0;0,015649;0,136736;0;0;0,152294;52,5;0
24.07.2025 08:09;0,008838;0,030729;0,294192;0;0,172228;0,143856;52,400002;-5,2
24.07.2025 08:14;0,001431;0,020805;0,38694;0;0,255975;0,150378;52,400002;-4,6
24.07.2025 08:19;0;0,022118;0,366709;0;0,236587;0,152286;52,400002;-4
24.07.2025 08:24;0,003373;0,022858;0,376309;0;0,221255;0,174376;52,400002;-4,6
24.07.2025 08:29;0,004466;0,023117;0,419037;0;0,229385;0,208374;52,299999;-3,8
24.07.2025 08:34;0,004722;0,027192;0,41185;0;0,173783;0,260515;52,400002;-3
24.07.2025 08:39;0,00006;0,062708;0,237188;0;0,020872;0,279024;52,400002;0
24.07.2025 08:44;0;0,10236;0,142377;0;0;0,244828;52,5;0
24.07.2025 08:49;0,000546;0,060025;0,169661;0,070529;0;0,299578;52,5;3,2
24.07.2025 08:54;0,008138;0,022873;0,219044;0,190533;0,003456;0,420809;52,599998;2,3
24.07.2025 08:59;0;0,021698;0,299332;0,180565;0;0,501617;52,599998;3,5
24.07.2025 09:04;0;0,019326;0,29312;0,188964;0;0,501479;52,599998;3,7
24.07.2025 09:09;0,001286;0,025101;0,318085;0,167546;0,000796;0,508572;52,599998;2,7
24.07.2025 09:14;0;0,023223;0,332601;0,139565;0,000023;0,495388;52,599998;2,4
24.07.2025 09:20;0,00054;0,02103;0,300538;0,144332;0;0,465287;52,599998;3,8
24.07.2025 09:25;0,001681;0,020439;0,214537;0,215777;0;0,449098;52,700001;5,4
24.07.2025 09:30;0;0,025426;0,180023;0,368953;0;0,574425;52,799999;8,8
24.07.2025 09:35;0;0,028059;0,185782;0,492811;0;0,706629;52,799999;8,4
24.07.2025 09:40;0,006497;0,029415;0,272347;0,32857;0,001405;0,622468;52,799999;5,7
24.07.2025 09:45;0,002972;0,039107;0,272839;0,287095;0;0,596063;52,799999;5,3
24.07.2025 09:50;0,002039;0,025686;0,288026;0,314944;0;0,626604;52,799999;7
24.07.2025 09:55;0,003806;0,026602;0,291665;0,480197;0;0,79469;52,900002;10,2
24.07.2025 10:00;0,001297;0,035333;0,290301;0,474649;0;0,798964;52,900002;10,1
24.07.2025 10:05;0,006787;0,024701;0,256121;0,548659;0;0,822615;52,900002;10,9
24.07.2025 10:10;0,004703;0,030558;0,317858;0,51146;0,001341;0,853896;52,900002;7,9
24.07.2025 10:15;0;0,023704;0,349668;0,408769;0;0,782096;52,900002;7,7
24.07.2025 10:20;0,00275;0,025504;0,371655;0,29706;0,003582;0,687923;52,900002;4,8
24.07.2025 10:25;0,000627;0,020963;0,374972;0,276091;0;0,671457;52,900002;5,6
24.07.2025 10:30;0,001217;0,022918;0,365968;0,306876;0;0,694558;52,900002;4,7
24.07.2025 10:35;0,000894;0,023873;0,328271;0,136738;0,000045;0,487837;52,799999;0
24.07.2025 10:40;0,005116;0,103906;0,282343;0,023009;0,000227;0,403984;52,700001;0
24.07.2025 10:45;0,005192;0,045792;0,277296;0;0;0,317949;52,700001;0
24.07.2025 10:50;0,002104;0,0663;0,196854;0,042768;0;0,303761;52,799999;3,7
24.07.2025 10:55;0,034658;0,060948;0,756964;0,229027;0,480376;0,530669;52,700001;6,8
24.07.2025 11:00;0,009915;0,022373;0,224001;0,314584;0;0,551044;52,900002;8,1
24.07.2025 11:05;0,004577;0,028739;0,232232;0,565846;0,00141;0,820882;53;11,4
24.07.2025 11:10;0,000056;0,034378;0,305283;0,711594;0;1,051117;53,099998;13,8
24.07.2025 11:15;0,000393;0,028826;0,317806;0,732445;0;1,078691;53,200001;15,3
24.07.2025 11:20;0,005781;0,032302;0,307508;0,745022;0;1,079014;53,099998;11,8
24.07.2025 11:25;0;0,023692;0,345233;0,439703;0;0,808696;53;5,9
24.07.2025 11:30;0;0,022327;0,286345;0,314857;0;0,623529;53;6,7
24.07.2025 11:35;0;0,024646;0,232641;0,3659;0;0,623165;53;8,5
24.07.2025 11:40;0;0,029057;0,254059;0,598928;0;0,882089;53,099998;13
24.07.2025 11:45;0,000403;0,026378;0,257435;0,655282;0;0,938551;53,099998;11
24.07.2025 11:50;0,003963;0,031586;0,347122;0,526543;0,002335;0,899048;53,099998;10,6
24.07.2025 11:55;0,000085;0,026508;0,359747;0,534899;0;0,921063;53,099998;8,2
24.07.2025 12:00;0,000682;0,031116;0,317363;0,346311;0;0,694037;53;5,6
24.07.2025 12:05;0,00707;0,0391;0,298246;0,276803;0,003353;0,603792;53;3,5
24.07.2025 12:10;0,002461;0,021509;0,38243;0,132645;0;0,534128;52,900002;1,1
24.07.2025 12:15;0,000569;0,091873;0,292053;0,037239;0;0,420593;52,900002;2,4
24.07.2025 12:21;0,000305;0,030457;0,251181;0,070092;0;0,351436;52,900002;2
24.07.2025 12:26;0,017587;0,039425;1,478789;0,038425;1,117368;0,421719;52,099998;-31,6
24.07.2025 12:31;0,000775;0,04567;0,470113;0,193196;0,193972;0,514277;52,700001;0
24.07.2025 12:36;0,0049;0,060688;0,437232;0,046751;0,004918;0,534813;52,700001;2,3
24.07.2025 12:41;0,003808;0,02542;0,617708;0,210973;0,0005;0,849803;52,900002;5,3
24.07.2025 12:46;0,000099;0,022949;0,634679;0,321058;0;0,978641;53;5,1
24.07.2025 12:51;0,000443;0,05143;0,602838;0,112546;0;0,766315;52,799999;0
24.07.2025 12:56;0,002595;0,036304;0,56518;0,108889;0,000136;0,707675;52,900002;3,9
24.07.2025 13:01;0,003702;0,026188;0,558898;0,175129;0,000707;0,755721;52,900002;3,6
24.07.2025 13:06;0,000506;0,023749;0,513692;0,166109;0;0,703052;52,900002;3,7
24.07.2025 13:11;0,001828;0,024044;0,530245;0,327628;0;0,880092;53,099998;9,3
24.07.2025 13:16;0,000576;0,02384;0,529827;0,570188;0;1,123289;53,099998;11,3
24.07.2025 13:21;0,005863;0,031448;0,617065;0,467697;0,001442;1,108887;53,099998;8,4
24.07.2025 13:26;0,000494;0,021438;0,567446;0,360908;0;0,949338;53,099998;5,6
24.07.2025 13:31;0,002611;0,023497;0,553468;0,241079;0;0,815397;53;4,4
24.07.2025 13:36;0,000041;0,026462;0,561452;0,350874;0;0,938765;53,099998;9,5
24.07.2025 13:41;0,003956;0,027557;0,572735;0,602656;0;1,198947;53,200001;10,7
24.07.2025 13:46;0,0011;0,031831;0,483744;0,715544;0;1,229959;53,299999;17,700001
24.07.2025 13:51;0,001059;0,034927;0,531281;1,079338;0;1,644562;53,400002;18,799999
24.07.2025 13:56;0,000124;0,029596;0,557792;0,932138;0;1,519413;53,400002;16,9
24.07.2025 14:01;0,015025;0,034969;0,634351;0,599155;0,002842;1,250604;53,200001;5
24.07.2025 14:06;0,003515;0,027148;0,729709;0,229208;0;0,982585;53,099998;2,9
24.07.2025 14:11;0,00328;0,039146;0,69171;0,266514;0;0,994153;53,099998;6,1
24.07.2025 14:16;0,011843;0,0216;0,727981;0,414943;0;1,152564;53,200001;7,5
24.07.2025 14:21;0,017303;0,034832;1,811107;0,119163;1,008323;0,939568;52,200001;-33,400002
24.07.2025 14:26;0;0,045958;2,445546;0;1,747501;0,743934;52;-32,200001
24.07.2025 14:31;0,001851;0,058399;1,389761;0,149009;0,774427;0,820872;52,599998;5
24.07.2025 14:36;0,002041;0,020827;0,544496;0,251171;0;0,814516;52,799999;5
24.07.2025 14:41;0,00041;0,025965;0,540176;0,287845;0;0,853623;52,900002;6,4
24.07.2025 14:46;0,000539;0,026738;0,531173;0,366309;0;0,923561;53;7,2
24.07.2025 14:51;0,007435;0,029967;0,572826;0,363649;0,003024;0,956029;53,099998;9,8
24.07.2025 14:56;0,004409;0,021873;0,378564;0,455278;0;0,851259;53,099998;7,6
24.07.2025 15:02;0,004517;0,030412;0,327822;0,444824;0;0,798594;53,099998;8,4
24.07.2025 15:07;0,000228;0,028557;0,341777;0,344164;0;0,714293;53,099998;4,8
24.07.2025 15:12;0,003321;0,026465;0,350326;0,278546;0;0,651995;53,099998;5,7
24.07.2025 15:17;0,014777;0,04421;1,751379;0,07674;1,103743;0,753804;52,200001;-25,6
24.07.2025 15:22;0,000004;0,040335;2,087948;0;1,360149;0,768043;52;-28,1
24.07.2025 15:27;0,008769;0,051895;0,782368;0,24479;0,336026;0,734054;52,5;-3,4
24.07.2025 15:32;0,018164;0,028378;0,799931;0,090382;0,030568;0,870055;52,799999;11,4
24.07.2025 15:37;0,000236;0,037424;0,319586;0,765564;0;1,122279;53,099998;15,6
24.07.2025 15:42;0,063503;0,116139;0,809923;0,584535;0,241781;1,205222;53;15,2
24.07.2025 15:47;0,089486;0,146301;0,923264;0,501892;0,311485;1,168945;52,900002;11,5
24.07.2025 15:52;0,101834;0,152835;1,037835;0,403848;0,398732;1,091721;52,700001;-22,799999
24.07.2025 15:57;0,075776;0,111455;0,694876;0,450026;0,262767;0,91583;52,799999;-24
24.07.2025 16:02;0,07552;0,137056;0,725161;0,340299;0,290665;0,834343;53,099998;9,7
24.07.2025 16:07;0,002883;0,027693;0,331545;0,612524;0;0,968852;53,200001;11,7
24.07.2025 16:12;0,009411;0,046993;0,360569;0,463862;0,004015;0,857919;53,200001;4,9
24.07.2025 16:17;0,002091;0,040202;0,447974;0,246898;0,000023;0,733056;53,099998;4,5
24.07.2025 16:22;0,001223;0,029793;0,446799;0,261518;0;0,735281;53,099998;5,3
24.07.2025 16:27;0,001839;0,043367;0,389762;0,32776;0;0,760641;53,200001;6
24.07.2025 16:32;0,000169;0,025783;0,374699;0,258515;0;0,658816;53,099998;4,4
24.07.2025 16:37;0,00017;0,026918;0,33251;0,323248;0;0,682539;53,200001;7,4
24.07.2025 16:42;0,000099;0,029057;0,272248;0,487791;0;0,78896;53,299999;9
24.07.2025 16:47;0,000075;0,02983;0,220318;0,429426;0;0,679461;53,299999;7,9
24.07.2025 16:52;0,000384;0,026829;0,216862;0,422173;0;0,665546;53,299999;8,1
24.07.2025 16:57;0,000207;0,027739;0,223774;0,506299;0;0,757584;53,299999;11,4
24.07.2025 17:02;0,007014;0,031104;0,341549;0,55707;0,001;0,921651;53,299999;11,2
24.07.2025 17:07;0,000035;0,026329;0,337138;0,636057;0;0,999501;53,400002;13,3
24.07.2025 17:12;0,001707;0,030649;0,337548;0,818359;0;1,18485;53,5;16,5
24.07.2025 17:17;0,010347;0,031877;0,339821;0,900733;0;1,262064;53,5;16,700001
24.07.2025 17:22;0,009614;0,027466;0,375336;0,894208;0;1,287438;53,5;17,700001
24.07.2025 17:27;0,00027;0,027057;0,301942;0,872199;0;1,200948;53,5;14,9
24.07.2025 17:32;0,000812;0,039061;0,278842;0,731437;0;1,048521;53,5;12,8
24.07.2025 17:38;0,001386;0,030422;0,281979;0,647038;0;0,958121;53,5;11,4
24.07.2025 17:43;0,005392;0,036089;0,34346;0,561977;0,001802;0,934294;53,5;10,6
24.07.2025 17:48;0,000753;0,024719;0,405304;0,631737;0;1,061005;53,599998;13,1
24.07.2025 17:53;0,000656;0,02742;0,399931;0,70618;0;1,132806;53,700001;11,8
24.07.2025 17:58;0,005138;0,033014;0,465418;0,54818;0,000546;1,040973;53,599998;10
24.07.2025 18:03;0,005908;0,027966;0,697514;0,425015;0,143354;1,001229;53,299999;-17,5
24.07.2025 18:08;0,000841;0,030729;1,996711;0;1,06566;0,960941;52,799999;-20,799999
24.07.2025 18:13;0,001145;0,033078;2,482052;0;1,449506;1,064415;52,200001;-53,200001
24.07.2025 18:18;0;0,054159;4,162072;0;3,170415;1,045884;51,799999;-63,099998
24.07.2025 18:23;0,005077;0,058422;3,460285;0;2,359817;1,153836;52,099998;-22,5
24.07.2025 18:28;0,012956;0,049805;0,346619;1,242645;0,01442;1,611694;52,900002;20,200001
24.07.2025 18:33;0,004815;0,131809;0,432701;1,590006;0;2,149725;53,599998;46,099998
24.07.2025 18:38;0;0,724661;0,507436;2,46915;0;3,701156;53,900002;45,799999
24.07.2025 18:43;0,014918;0,159566;0,411032;1,22091;0;1,776547;53,599998;9,9
24.07.2025 18:48;0,002063;0,025465;0,357783;0,546452;0;0,927654;53,700001;17,299999
24.07.2025 18:53;0,000958;0,031013;0,330136;1,511166;0;1,871496;53,799999;14,9
24.07.2025 18:58;0,000414;0,025874;0,199582;0,402938;0;0,627894;53,599998;5,5
24.07.2025 19:03;0;0,027148;0,197263;0,301828;0;0,526216;53,700001;6
24.07.2025 19:08;0;0,025367;0,19404;0,295531;0;0,514916;53,599998;5,2
24.07.2025 19:13;0,005333;0,027647;0,266999;0,195864;0,003014;0,482238;53,599998;2,3
24.07.2025 19:18;0,00107;0,046928;0,296804;0,059229;0,000341;0,401528;53,5;0
24.07.2025 19:23;0;0,077789;0,309013;0;0;0,386711;53,5;0
24.07.2025 19:28;0,003328;0,029823;0,307925;0;0;0,334485;53,5;0
24.07.2025 19:33;0,01874;0;0,304079;0;0;0,28539;53,400002;0
24.07.2025 19:38;0,001681;0,036893;0,212339;0,059215;0;0,306747;53,5;1,7
24.07.2025 19:43;0,000571;0,059479;0,172798;0,055045;0;0,286754;53,400002;0
24.07.2025 19:48;0,003578;0,042431;0,234235;0,046925;0,002578;0,317363;53,5;0
24.07.2025 19:53;0,007173;0,023782;0,257651;0;0,046951;0,227366;53,400002;-3,4
24.07.2025 19:58;0,000947;0,027193;0,400846;0;0,25224;0,17489;53,200001;-5,5
24.07.2025 20:03;0;0,024409;0,413219;0;0,317773;0,119901;53,200001;-6,2
24.07.2025 20:08;0,001241;0,019126;0,353203;0;0,280256;0,090737;53,200001;-4,6
24.07.2025 20:13;0,003457;0,028603;0,294894;0;0,207676;0,11241;53,200001;0
24.07.2025 20:19;0,01356;0,026693;0,22823;0;0;0,241372;53,299999;0
24.07.2025 20:24;0,045453;0,004804;0,167288;0;0,029415;0,097173;53,299999;0
24.07.2025 20:29;0,011584;0,02263;0,178163;0;0,127794;0,061502;53,200001;-3
24.07.2025 20:34;0,0009;0,025452;0,179352;0;0,16404;0,039734;53,200001;-3,1
24.07.2025 20:39;0,009952;0,028512;0,200037;0;0,186554;0,032104;53,099998;-6,2
24.07.2025 20:44;0,001005;0,027057;0,298668;0;0,29112;0,033559;53;-5,6
24.07.2025 20:49;0,000769;0,029239;0,347143;0;0,349666;0,026011;52,900002;-9
24.07.2025 20:54;0,005495;0,026284;0,486609;0;0,497795;0,009549;52,799999;-10,9
24.07.2025 20:59;0,00009;0,026875;0,549498;0;0,575418;0,000819;52,700001;-10,9
24.07.2025 21:04;0,000009;0,02701;0,489685;0;0,516672;0,000091;52,599998;-8,3
24.07.2025 21:09;0,000034;0,025374;0,396481;0;0,42181;0;52,599998;-8
24.07.2025 21:14;0;0,024774;0,381784;0;0,406604;0;52,599998;-7,7
24.07.2025 21:19;0;0,025147;0,378474;0;0,40362;0;52,5;-7,6
24.07.2025 21:24;0,003641;0,031219;0,425629;0;0,453232;0;52,400002;-8,9
24.07.2025 21:29;0,005321;0,030796;0,44835;0;0,473763;0;52,400002;-12,3
24.07.2025 21:34;0,003005;0,034469;0,53763;0;0,569029;0;52,299999;-10,9
24.07.2025 21:39;0;0,034264;0,527335;0;0,561622;0;52,299999;-10,7
24.07.2025 21:44;0,000487;0,030285;0,517212;0;0,546952;0;52,299999;-11,3
24.07.2025 21:49;0,004649;0,03215;0,513165;0;0,540745;0;52,299999;-10,4
24.07.2025 21:54;0,001526;0,026459;0,362915;0;0,387863;0;52,299999;-6,9
24.07.2025 21:59;0;0,028239;0,325406;0;0,353622;0;52,299999;-6,8
24.07.2025 22:04;0,000132;0,027284;0,389478;0;0,416626;0;52,299999;-7,5
24.07.2025 22:09;0,008507;0,033332;0,419536;0;0,444296;0;52,200001;-10,9
24.07.2025 22:14;0,000003;0,029656;0,529561;0;0,559331;0;52,200001;-10,5
24.07.2025 22:19;0,00066;0,030831;0,519168;0;0,549294;0;52,200001;-10,2
24.07.2025 22:24;0;0,028333;0,514824;0;0,54318;0;52,200001;-10,4
24.07.2025 22:29;0,000014;0,033306;0,518611;0;0,551849;0;52,200001;-10,7
24.07.2025 22:34;0,009981;0,023009;0,553818;0;0,566824;0;52,200001;-10,1
24.07.2025 22:39;0,004467;0,02665;0,533272;0;0,555503;0;52,200001;-9,7
24.07.2025 22:44;0,001598;0,02993;0,495571;0;0,523858;0;52,200001;-8,5
24.07.2025 22:49;0,001984;0,020554;0,427039;0;0,44566;0;52,200001;-8,5
24.07.2025 22:54;0,004589;0,044154;0,460962;0;0,500546;0;52,200001;-9
24.07.2025 22:59;0,000594;0,027737;0,503691;0;0,530818;0;52,200001;-9
24.07.2025 23:04;0,000035;0,025283;0,432359;0;0,457597;0;52,200001;-8,7
24.07.2025 23:09;0,000851;0,026553;0,422663;0;0,448373;0;52,200001;-8,7
24.07.2025 23:15;0,003456;0,030331;0,3772;0;0,404029;0;52,200001;-7,8
24.07.2025 23:20;0,000113;0,025329;0,362831;0;0,388068;0;52,200001;-6,7
24.07.2025 23:25;0,001316;0,028648;0,339639;0;0,366946;0,000091;52,200001;-6,5
24.07.2025 23:30;0,000114;0,025238;0,307535;0;0,332637;0;52,299999;-6,2
24.07.2025 23:35;0,000019;0,022219;0,280681;0;0,302831;0;52,299999;-4,6
24.07.2025 23:40;0,005748;0,027511;0,296459;0;0,318236;0;52,299999;-6,2
24.07.2025 23:45;0,003979;0,022873;0,295076;0;0,31397;0;52,200001;-6
24.07.2025 23:50;0,00011;0,02628;0,286977;0;0,313165;0;52,299999;-6
24.07.2025 23:55;0,000092;0,02983;0,281934;0;0,311696;0;52,299999;-5,8
25.07.2025 00:00;0,004483;0,025154;0,325737;0;0,346427;0;52,200001;-7,6
25.07.2025 00:05;0,000229;0,031922;0,279069;0;0,310741;0;52,299999;-5
25.07.2025 00:10;0,002294;0,032043;0,245017;0;0,274772;0;52,299999;-5,2
25.07.2025 00:15;0,000475;0,029755;0,244492;0;0,273766;0;52,299999;-5,4
25.07.2025 00:20;0,008162;0,023737;0,196626;0;0,212223;0;52,299999;-6,6
25.07.2025 00:25;0,000166;0,024792;0,313002;0;0,337567;0;52,200001;-6,4
25.07.2025 00:30;0;0,024044;0,305455;0;0,329499;0;52,200001;-6,1
25.07.2025 00:35;0;0,02452;0,299314;0;0,323856;0;52,200001;-6,2
25.07.2025 00:40;0;0,024828;0,298213;0;0,323064;0;52,200001;-6,1
25.07.2025 00:45;0,003688;0,029512;0,316812;0;0,342572;0,000091;52,200001;-4,9
25.07.2025 00:50;0,003073;0,019755;0,2419;0;0,258598;0;52,299999;-4,8
25.07.2025 00:55;0,000608;0,021378;0,236115;0;0,256851;0;52,299999;-4,8
25.07.2025 01:00;0,012995;0,022208;0,338654;0;0,347855;0;52,200001;-6,1
25.07.2025 01:05;0,005227;0,023146;0,355191;0;0,373085;0;52,200001;-8,1
25.07.2025 01:10;0,000823;0,020054;0,390206;0;0,409532;0;52,200001;-7,8
25.07.2025 01:15;0,000096;0,024434;0,381215;0;0,405534;0;52,200001;-7,8
25.07.2025 01:20;0,000556;0,024283;0,310809;0;0,334524;0;52,200001;-6,1
25.07.2025 01:25;0;0,024374;0,297713;0;0,321996;0;52,200001;-6,2
25.07.2025 01:30;0,003968;0,030865;0,84854;0;0,87553;0;51,799999;-34,700001
25.07.2025 01:35;0,041922;0,053658;2,326137;0;2,337823;0;51,599998;-44,700001
25.07.2025 01:40;0;0,051464;1,77223;0;1,823694;0;51,900002;-24,1
25.07.2025 01:45;0;0,038334;1,317905;0;1,356261;0;51,799999;-26
25.07.2025 01:50;0,008874;0,045414;1,251372;0;1,287948;0;52,099998;-7,7
25.07.2025 01:56;0,00087;0,026193;0,323769;0;0,348984;0;52,200001;-6,1
25.07.2025 02:01;0,000656;0,028193;0,297122;0;0,324747;0;52,200001;-6,1
25.07.2025 02:06;0;0,025641;0,298428;0;0,324046;0;52,200001;-6,6
25.07.2025 02:11;0,003003;0,039522;0,293377;0;0,329884;0;52,200001;-7,6
25.07.2025 02:16;0,007633;0,026873;0,316952;0;0,336228;0;52,200001;-5
25.07.2025 02:21;0,003366;0,016906;0,240847;0;0,254308;0;52,200001;-4,9
25.07.2025 02:26;0,004905;0,021236;0,226911;0;0,243282;0;52,299999;-4,6
25.07.2025 02:31;0,000423;0,022464;0,1778;0;0,199855;0;52,299999;-3,8
25.07.2025 02:36;0,003827;0,029239;0,291256;0;0,316653;0;52,200001;-6,2
25.07.2025 02:41;0,005855;0,027374;0,355081;0;0,376553;0;52,200001;-7,8
25.07.2025 02:46;0,000178;0,024919;0,379201;0;0,403984;0;52,200001;-7,8
25.07.2025 02:51;0;0,026378;0,369837;0;0,396238;0;52,200001;-7,5
25.07.2025 02:56;0;0,02655;0,365295;0;0,3918;0;52,200001;-7,4
25.07.2025 03:01;0,003059;0,025641;0,326077;0;0,348661;0;52,200001;-3,7
25.07.2025 03:06;0,010823;0,022156;0,177292;0;0,188622;0;52,299999;-3,7
25.07.2025 03:11;0,00686;0,027102;0,178073;0;0,198354;0;52,299999;-4,7
25.07.2025 03:16;0,005877;0,017598;0,242372;0;0,254059;0;52,299999;-5,1
25.07.2025 03:21;0,009657;0,027966;0,310628;0;0,32893;0;52,200001;-7,6
25.07.2025 03:26;0,003953;0,027148;0,35319;0;0,376359;0,000091;52,200001;-7,3
25.07.2025 03:31;0;0,023782;0,341186;0;0,364968;0;52,200001;-7
25.07.2025 03:36;0,000329;0,022571;0,341374;0;0,36365;0;52,200001;-6,9
25.07.2025 03:41;0;0,026693;0,292984;0;0,319631;0;52,200001;-6
25.07.2025 03:46;0,000086;0,023782;0,213087;0;0,236756;0;52,299999;-3,7
25.07.2025 03:51;0;0,024601;0,170525;0;0,195217;0;52,299999;-3,7
25.07.2025 03:56;0;0,023862;0,171456;0;0,195272;0;52,299999;-3,6
25.07.2025 04:01;0,006505;0,025336;0,199694;0;0,218548;0;52,299999;-5,9
25.07.2025 04:06;0,001528;0,02523;0,291494;0;0,315173;0;52,200001;-6
25.07.2025 04:11;0;0,025238;0,288073;0;0,313333;0;52,200001;-6
25.07.2025 04:16;0,002023;0,022858;0,285197;0;0,306002;0;52,200001;-6
25.07.2025 04:21;0,00202;0,017793;0,280681;0;0,296444;0;52,200001;-5,8
25.07.2025 04:26;0,006825;0,023646;0,343641;0;0,360512;0;52,200001;-5,4
25.07.2025 04:31;0,008333;0,027602;0,277296;0;0,296531;0;52,200001;-6,8
25.07.2025 04:36;0,000476;0,023873;0,311037;0;0,334478;0;52,200001;-6,2
25.07.2025 04:41;0,005458;0,018508;0,313674;0;0,326634;0;52,200001;-6,5
25.07.2025 04:46;0,007392;0,023464;0,338684;0;0,354805;0;52,200001;-7,1
25.07.2025 04:52;0;0,027238;0,351235;0;0,378496;0;52,200001;-7,3
25.07.2025 04:57;0,000081;0,024429;0,355107;0;0,3794;0;52,200001;-7,4
25.07.2025 05:02;0,000001;0,027876;0,350166;0;0,378043;0;52,099998;-7,3
25.07.2025 05:07;0,000178;0,024237;0,329681;0;0,353759;0;52,200001;-6
25.07.2025 05:12;0,000033;0,022282;0,230094;0;0,252422;0;52,200001;-3,7
25.07.2025 05:17;0,003491;0,023387;0,168194;0;0,187932;0;52,299999;-3,7
25.07.2025 05:22;0,000962;0,022402;0,170589;0;0,192101;0;52,299999;-3,7
25.07.2025 05:27;0,004931;0,0281;0,167832;0;0,190969;0;52,200001;-3,7
25.07.2025 05:32;0,008125;0,033899;0,273472;0;0,299273;0;52,200001;-6,1
25.07.2025 05:37;0;0,024556;0,292484;0;0,317039;0;52,200001;-6,1
25.07.2025 05:42;0,0005;0,025269;0,292877;0;0,317688;0;52,200001;-5,6
25.07.2025 05:47;0,003128;0,02642;0,346006;0;0,369242;0;52,099998;-5,9
25.07.2025 05:52;0,0049;0,018553;0,355646;0;0,369311;0;52,099998;-6,9
25.07.2025 05:57;0,000074;0,02642;0,231049;0;0,25731;0,000091;52,200001;-5,1
25.07.2025 06:02;0,000157;0,019409;0,221512;0;0,234924;0,005768;52,200001;-3,9
25.07.2025 06:07;0,004818;0,023328;0,253422;0;0,24476;0,027193;52,200001;-5,5
25.07.2025 06:12;0,005035;0,031786;0,356465;0;0,347097;0,036197;52,099998;-7,5
25.07.2025 06:17;0,000001;0,025965;0,394798;0;0,36565;0,055023;52,099998;-6,4
25.07.2025 06:22;0;0,030149;0,37097;0;0,320222;0,080942;52,099998;-5,5
25.07.2025 06:27;0,001443;0,023907;0,362257;0;0,268088;0,116616;52,200001;-4,6
25.07.2025 06:32;0,000016;0,02069;0,350731;0;0,213967;0,157386;52,200001;-3,9
25.07.2025 06:37;0,003883;0,022265;0,359611;0;0,189295;0,188793;52,200001;-3,7
25.07.2025 06:42;0,008504;0,012826;0,242887;0;0,032678;0,21456;52,299999;0
25.07.2025 06:47;0,000279;0,058992;0,194405;0,027648;0;0,280772;52,400002;1,8
25.07.2025 06:52;0,000013;0,023419;0,197672;0,141535;0;0,362512;52,5;3,4
25.07.2025 06:57;0,008521;0,021645;0,231868;0,18935;0,002774;0,431632;52,5;2,3
25.07.2025 07:02;0,000475;0,025093;0,299569;0,143397;0;0,467649;52,599998;2,3
25.07.2025 07:07;0,000096;0,029701;0,32229;0,127588;0;0,47942;52,599998;3,5
25.07.2025 07:12;0,003257;0,029512;0,332045;0,149107;0,002501;0,504935;52,599998;0
25.07.2025 07:17;0,00252;0,034742;0,398391;0;0,000273;0,430358;52,5;0
25.07.2025 07:22;0,009499;0,030058;0,745852;0;0,344505;0,4219;52,099998;-16,700001
25.07.2025 07:27;0,005983;0,041153;0,9749;0,0221;0,5977;0,434451;52,299999;1,8
25.07.2025 07:32;0,000001;0,023646;0,295576;0,068755;0;0,388068;52,400002;1
25.07.2025 07:38;0,001364;0,024556;0,241827;0,11266;0;0,37761;52,5;2,9
25.07.2025 07:43;0,005816;0,105543;0,290028;0,009799;0,006002;0,393525;52,400002;0
25.07.2025 07:48;0,000808;0,110273;0,303443;0,006707;0;0,419627;52,5;0
25.07.2025 07:53;0,006119;0,086002;0,40706;0,004517;0,006616;0,484804;52,5;0
25.07.2025 07:58;0,003965;0,062138;0,433652;0,107824;0,000045;0,599625;52,599998;5,3
25.07.2025 08:03;0,004882;0,035787;0,449912;0,356283;0;0,837071;52,799999;8,4
25.07.2025 08:08;0,000605;0,026964;0,365451;0,684433;0;1,076186;53;13,9
25.07.2025 08:13;0,000135;0,026827;0,315036;0,856208;0;1,198003;53,099998;17,799999
25.07.2025 08:18;0,000112;0,032695;0,290528;1,092221;0;1,415308;53,299999;25,1
25.07.2025 08:23;0,007863;0,026378;0,292787;1,195919;0,000068;1,507266;53,200001;20,299999
25.07.2025 08:28;0;0,024556;0,363649;1,047566;0,000023;1,435589;53,200001;18,9
25.07.2025 08:33;0,000125;0,026371;0,38621;1,008616;0;1,421197;53,200001;16,9
25.07.2025 08:38;0,000688;0,02742;0,521942;0,772795;0;1,321542;53,200001;16,700001
25.07.2025 08:43;0,003525;0,036015;0,566778;0,92272;0;1,521897;53,299999;18,9
25.07.2025 08:48;0,002193;0,027102;0,500933;1,278457;0;1,804377;53,400002;31,700001
25.07.2025 08:53;0,011972;0,026738;1,295441;0,994181;0,016802;2,287484;52,900002;-3,2
25.07.2025 08:58;0,034054;0,054153;1,478668;0,62812;0,022041;2,104889;53,099998;10,8
25.07.2025 09:03;0,003796;0,446729;1,202084;1,502981;0;3,14802;53,599998;46,200001
25.07.2025 09:08;0;1,322634;0,612479;2,477335;0;4,412357;53,599998;46,299999
25.07.2025 09:13;0,002934;0,595335;0,586468;2,364539;0;3,543455;53,5;37,299999
25.07.2025 09:18;0,00264;0,030103;0,537539;2,020898;0;2,58588;53,5;44,799999
25.07.2025 09:23;0,000304;0,619118;0,565459;2,458327;0;3,642677;53,599998;46,099998
25.07.2025 09:28;0,000655;0,57419;0,459143;2,366085;0;3,398759;53,5;34,599998
25.07.2025 09:33;0,002154;0,031907;0,425448;1,914948;0;2,370128;53,5;39,400002
25.07.2025 09:38;0,004287;1,598474;0,653632;2,449005;0;4,696746;53,599998;46,099998
25.07.2025 09:43;0,00601;0,85874;0,668578;2,3335;0;3,854887;53,5;30,6
25.07.2025 09:48;0,000313;0,049867;0,649507;1,551819;0;2,250829;53,599998;46,099998
25.07.2025 09:53;0,006238;0,587969;0,769225;1,946094;0;3,297081;53,400002;22,1
25.07.2025 09:58;0,008545;0,133086;1,102876;1,993804;0;3,221257;53,700001;46,099998
25.07.2025 10:03;0,003197;0,317494;0,75049;2,400986;0;3,465786;53,700001;46,099998
25.07.2025 10:08;0,011649;0,034696;1,02051;1,804877;0;2,84826;53,599998;33,200001
25.07.2025 10:13;0,004041;0,040971;0,815107;1,983928;0;2,836073;53,700001;32
25.07.2025 10:18;0,002626;0,034514;0,606249;1,377611;0;2,015737;53,700001;26,1
25.07.2025 10:24;0,011905;0,04279;0,847621;1,289188;0,001341;2,166435;53,400002;1,3
25.07.2025 10:29;0,032144;0,081348;2,864566;0,400741;0,905893;2,408597;53,400002;16,200001
25.07.2025 10:34;0,005501;0,038197;1,205677;1,025125;0,000023;2,263475;53,700001;29,5
25.07.2025 10:39;0,004602;0,030568;0,435164;1,535691;0;1,996793;53,799999;27,6
25.07.2025 10:44;0,006054;0,035248;0,492828;1,467636;0;1,989716;53,900002;28,700001
25.07.2025 10:49;0,000863;0,03456;0,608386;1,985156;0;2,627169;54,099998;43,599998
25.07.2025 10:54;0,015023;0,036499;0,748968;1,891081;0,000958;2,660626;53,700001;-0,3
25.07.2025 10:59;0,011241;0,024837;2,272366;0;0,342915;1,943003;53,400002;-12
25.07.2025 11:04;0,002824;0,049429;1,60193;0,36872;0,435315;1,581285;53,700001;18,9
25.07.2025 11:09;0,001412;0,037184;0,513593;1,104906;0;1,654154;53,900002;26,1
25.07.2025 11:14;0,012174;0,03014;1,672968;0,381462;0,208554;1,863869;53,400002;-7,7
25.07.2025 11:19;0,010821;0,051623;1,028201;0,571615;0,053073;1,587669;53,700001;16,1
25.07.2025 11:24;0,00319;0,03545;0,68847;0,945563;0;1,666199;53,799999;22,5
25.07.2025 11:29;0,006968;0,047997;0,594957;1,192248;0;1,828245;53,900002;21,799999
25.07.2025 11:34;0,010839;0,036864;0,616703;0,981607;0;1,624407;53,799999;15,8
25.07.2025 11:39;0,004369;0,056985;0,54918;0,972619;0;1,574403;53,900002;21,1
25.07.2025 11:44;0,015187;0,045142;1,3044;0,727618;0,204045;1,857977;53,900002;23,799999
25.07.2025 11:49;0,002549;0,032923;0,581102;1,314176;0;1,925518;53,900002;24,700001
25.07.2025 11:54;0,003642;0,035833;0,570507;1,391048;0;1,993818;54;29,1
25.07.2025 11:59;0,003271;0,030785;0,519895;1,464624;0;2,012099;54;26,1
25.07.2025 12:04;0,006733;0,032468;1,229778;0,817017;0,003933;2,068485;53,700001;7,7
25.07.2025 12:09;0,00487;0,031161;1,878534;0,680577;0,000023;2,585437;53,599998;-0,3
25.07.2025 12:14;0,010114;0,043161;3,524932;0;1,826089;1,731898;52,700001;-55,299999
25.07.2025 12:19;0,002781;0,064285;4,723528;0;2,620362;2,16469;52,700001;-42,700001
25.07.2025 12:24;0,001189;0,055295;3,808563;0;1,698697;2,163979;53;-5
25.07.2025 12:29;0,057125;0,079487;2,879045;0,088195;1,00971;1,979813;52,900002;-45,5
25.07.2025 12:34;0,128299;0,220909;3,48484;0,205562;1,018668;2,764317;53,400002;45,5
25.07.2025 12:39;0,12822;0,467417;2,048379;1,492446;0,102748;3,777321;53,900002;45
25.07.2025 12:44;0,15096;0,244609;1,494848;1,258102;0,135199;2,711049;53,799999;33,200001
25.07.2025 12:49;0,087189;0,128797;1,083805;1,365968;0,017953;2,471376;54;33,099998
25.07.2025 12:54;0,001255;0,032741;0,608932;1,989499;0;2,629989;54,099998;32,599998
25.07.2025 12:59;0,005897;0,038818;0,580353;1,634148;0;2,247345;54,099998;32,5
25.07.2025 13:04;0,005853;0,034969;0,687737;1,815586;0;2,532403;54,200001;39,5
25.07.2025 13:09;0,000519;0,217771;0,712884;2,435363;0;3,365563;54,200001;44,900002
25.07.2025 13:15;0,00027;0,030158;0,686737;2,189874;0;2,90645;54,099998;35,299999
25.07.2025 13:20;0,000185;0,035568;0,699371;1,988754;0;2,723602;54,200001;38,5
25.07.2025 13:25;0,000095;0,273344;0,661854;2,3578;0;3,292907;54,200001;45,5
25.07.2025 13:30;0,001048;0,232958;0,614696;2,158622;0;3,00518;54,099998;29,799999
25.07.2025 13:35;0,002058;0,032377;0,597973;1,351464;0;1,979722;53,900002;20,9
25.07.2025 13:40;0,001333;0,035085;0,673414;1,071395;0;1,778617;53,900002;20,799999
25.07.2025 13:45;0,010425;0,053522;0,656269;1,123234;0;1,822566;53,900002;20,5
25.07.2025 13:50;0,000825;0,052249;0,702743;1,163296;0;1,917514;54;25,5
25.07.2025 13:55;0,008595;0,03265;0,78705;1,428859;0;2,24001;54,099998;26,6
25.07.2025 14:00;0,001253;0,04275;0,810835;1,48799;0;2,340161;54,200001;37,200001
25.07.2025 14:05;0,003456;0,033856;0,811828;1,682214;0;2,524589;54,099998;30
25.07.2025 14:10;0,000249;0,038561;0,729117;1,994546;0;2,761861;54,299999;45
25.07.2025 14:15;0,000003;0,272651;0,690752;2,412977;0;3,37638;54,400002;43,799999
25.07.2025 14:20;0,000143;1,737825;0,722405;2,455381;0;4,915566;54,400002;45,400002
25.07.2025 14:25;0,001143;1,887366;0,753718;2,470787;0;5,110643;54,5;45,299999
25.07.2025 14:30;0;2,617009;0,916364;2,477855;0;6,011273;54,599998;45,400002
25.07.2025 14:35;0,010526;0,413624;1,162477;1,812426;0;3,377932;54,299999;27
25.07.2025 14:40;0,000721;0,032723;0,750687;1,476401;0;2,259086;54,400002;27,299999
25.07.2025 14:45;0,010397;0,046519;0,758038;1,088356;0,00025;1,882318;54,099998;12,9
25.07.2025 14:50;0,00103;0,035651;0,804558;0,74567;0;1,584923;54,299999;17,200001
25.07.2025 14:55;0,001831;0,040606;0,743767;1,042652;0;1,825063;54,599998;18,9
25.07.2025 15:00;0,002998;0,039295;0,685467;0,925362;0;1,647224;54,700001;16,299999
25.07.2025 15:05;0,002642;0,039516;0,736393;0,945388;0;1,718615;55,299999;19,299999
25.07.2025 15:10;0,001025;0,374245;0,708245;1,124962;0;2,20636;56,299999;16,6
25.07.2025 15:15;0;2,003732;0,719295;0,117139;0,017439;2,822795;54,299999;-0,3
25.07.2025 15:20;0;2,31927;0,636034;0;0,002001;2,953303;53,900002;0
25.07.2025 15:25;0;2,151019;0,63085;0;0;2,781869;53,799999;0
25.07.2025 15:30;0;2,033471;0,627803;0;0;2,661274;53,700001;0
25.07.2025 15:35;0;1,66004;0,681809;0;0;2,341803;53,599998;0
25.07.2025 15:40;0;1,368759;0,62206;0;0;1,990955;53,599998;0
25.07.2025 15:45;0;1,489293;0,561367;0;0;2,050569;53,599998;0
25.07.2025 15:50;0;1,518422;0,524314;0;0;2,042782;53,599998;0
25.07.2025 15:56;0;1,474543;0,518134;0;0;1,992586;53,599998;0
25.07.2025 16:01;0;1,279298;0,635033;0;0;1,914422;53,5;0
25.07.2025 16:06;0;1,621487;0,632854;0;0;2,254296;53,5;0
25.07.2025 16:11;0;2,402805;0,617572;0;0;3,020422;53,5;0
25.07.2025 16:16;0;2,562072;0,617165;0;0;3,179146;53,5;0
25.07.2025 16:21;0;2,967039;0,652382;0;0;3,619466;53,5;0
25.07.2025 16:26;0;4,132196;0,605703;0;0;4,737854;53,5;0
25.07.2025 16:31;0;3,770457;0,68178;0;0;4,452373;53,5;0
25.07.2025 16:36;0;4,468789;0,647402;0;0;5,1161;53,5;0
25.07.2025 16:41;0;3,840139;0,64871;0;0;4,488803;53,5;0
25.07.2025 16:46;0;3,790467;0,765001;0;0;4,55556;53,400002;0
25.07.2025 16:51;0;4,086359;0,722297;0;0;4,80861;53,400002;0
25.07.2025 16:56;0;3,83266;0,682294;0;0;4,514909;53,400002;0
25.07.2025 17:01;0;3,594748;0,632942;0;0;4,227645;53,400002;0
25.07.2025 17:06;0;3,420685;0,623428;0;0;4,04425;53,400002;0
25.07.2025 17:11;0;2,565955;0,55908;0;0;3,12499;53,400002;0
25.07.2025 17:16;0;1,271359;0,519539;0;0;1,790898;53,400002;0
25.07.2025 17:21;0;1,389116;0,527853;0;0;1,916878;53,400002;0
25.07.2025 17:26;0;2,167427;0,54886;0;0;2,716379;53,400002;0
25.07.2025 17:31;0;1,622818;0,634735;0;0;2,257507;53,400002;0
25.07.2025 17:36;0;0,937962;0,639827;0;0;1,577789;53,400002;0
25.07.2025 17:41;0;0,988861;0,681536;0;0;1,670396;53,400002;0
25.07.2025 17:46;0;0,903743;0,699925;0;0;1,603714;53,400002;0
25.07.2025 17:51;0;0,843274;0,695679;0;0;1,538907;53,400002;0
25.07.2025 17:56;0;0,847905;0,583989;0;0;1,431939;53,400002;0
25.07.2025 18:01;0;0,779047;0,571871;0;0;1,350918;53,400002;0
25.07.2025 18:06;0;0,718856;0,536724;0;0;1,25558;53,400002;0
25.07.2025 18:11;0,002544;0,585149;0,640217;0;0,003774;1,219046;53,400002;0
25.07.2025 18:16;0;0,547458;0,733147;0;0,000023;1,28056;53,400002;0
25.07.2025 18:21;0;0,701884;0,723601;0;0;1,425576;53,400002;0
25.07.2025 18:26;0;0,818472;0,710519;0;0;1,528991;53,400002;0
25.07.2025 18:31;0;0,665525;0,64726;0;0;1,312739;53,400002;0
25.07.2025 18:36;0;0,975721;0,301212;0;0;1,276933;53,400002;0
25.07.2025 18:42;0;1,196264;0,21045;0;0;1,406668;53,400002;0
25.07.2025 18:47;0;1,055077;0,175401;0;0;1,230523;53,400002;0
25.07.2025 18:52;0;0,799919;0,214588;0;0;1,014598;53,299999;0
25.07.2025 18:57;0;0,635957;0,213339;0;0;0,849159;53,299999;0
25.07.2025 19:02;0,002468;0,329817;0,359784;0;0,005116;0,682098;53,299999;0
25.07.2025 19:07;0;0,462963;0,420673;0;0;0,883545;53,299999;0
25.07.2025 19:12;0;0,607795;0,392116;0;0;0,999956;53,299999;0
25.07.2025 19:17;0;0,662715;0,300719;0;0;0,963479;53,400002;0
25.07.2025 19:22;0;0,651195;0,292589;0;0;0,943693;53,299999;0
25.07.2025 19:27;0;0,852168;0,256742;0;0;1,10891;53,299999;0
25.07.2025 19:32;0,009565;0,173344;0,937567;0;0,081283;1,020055;53,200001;0
25.07.2025 19:37;0;0,48861;0,213315;0;0;0,701925;53,299999;0
25.07.2025 19:42;0,009031;0,088237;0,317545;0;0,033648;0,363169;53,200001;-3,8
25.07.2025 19:47;0,000015;0,020464;0,432948;0;0,23032;0,223069;53;-4,7
25.07.2025 19:52;0,006846;0,026508;0,542838;0;0,376332;0,186147;52,900002;-7,4
25.07.2025 19:57;0;0,027057;0,529308;0;0,380088;0,176254;52,900002;-6,6
25.07.2025 20:02;0;0,025472;0,52108;0;0,346994;0,199603;52,900002;-6,6
25.07.2025 20:07;0,000122;0,026188;0,537956;0;0,340996;0,223012;52,900002;-4
25.07.2025 20:12;0,00168;0,028694;0,525261;0;0,245169;0,307035;52,900002;-7,5
25.07.2025 20:17;0,002183;0,024374;0,484563;0;0,349848;0,156974;53;-2,3
25.07.2025 20:22;0,007446;0,040107;0,312856;0;0,060207;0,285299;53,099998;0
25.07.2025 20:27;0,013275;0,017585;0,337839;0;0,156795;0,185372;53;-4,1
25.07.2025 20:32;0,002392;0,022538;0,352676;0;0,241102;0,131672;53;-5,2
25.07.2025 20:37;0,008002;0,029596;0,483099;0;0,426695;0,077956;52,900002;-8,8
25.07.2025 20:42;0,008152;0,019253;0,496803;0;0,49402;0,013961;52,900002;-10
25.07.2025 20:47;0,00427;0,026693;0,521168;0;0,543587;0;52,799999;-12,3
25.07.2025 20:52;0,002829;0,030876;0,669911;0;0,697968;0;52,799999;-13,2
25.07.2025 20:57;0,000179;0,031331;0,61307;0;0,644219;0;52,900002;-12
25.07.2025 21:02;0,000037;0,026784;0,593198;0;0,619959;0;52,900002;-11,3
25.07.2025 21:07;0,00052;0,029376;0,509391;0;0,538221;0;52,900002;-10
25.07.2025 21:13;0,00167;0,028648;0,460143;0;0,487086;0;52,900002;-9
25.07.2025 21:18;0,002576;0,034059;1,080262;0;1,111775;0;52,599998;-35
25.07.2025 21:23;0,057755;0,054386;2,593201;0;2,589836;0;52,5;-42,400002
25.07.2025 21:28;0,027377;0,066891;1,791235;0;1,830729;0;52,599998;-46,700001
25.07.2025 21:33;0,100494;0,136374;1,991499;0;2,027446;0;52,599998;-31,700001
25.07.2025 21:38;0,000827;0,0432;1,002457;0;1,044793;0;52,900002;-11,9
25.07.2025 21:43;0,000577;0,028961;0,59745;0;0,625822;0;52,900002;-11,8
25.07.2025 21:48;0,007137;0,03365;0,634442;0;0,660999;0;52,900002;-11,5
25.07.2025 21:53;0,002635;0,030649;0,597518;0;0,625484;0;52,900002;-10,9
25.07.2025 21:58;0,020136;0,025504;0,587915;0;0,593275;0;52,700001;-54,299999
25.07.2025 22:03;0,00432;0,058751;1,00373;0;1,058162;0;52,900002;-9,2
25.07.2025 22:08;0;0,02592;0,428949;0;0,4548;0,000182;53;-8,5
25.07.2025 22:13;0;0,027329;0,416535;0;0,443819;0;53;-8,2
25.07.2025 22:18;0,000074;0,02933;0,412988;0;0,442227;0;53;-8,2
25.07.2025 22:23;0,00611;0,034378;0,512301;0;0,540608;0;52,900002;-10,4
25.07.2025 22:28;0,000308;0,028148;0,538175;0;0,565982;0;52,900002;-12
25.07.2025 22:33;0,00044;0,032241;0,580875;0;0,612729;0;52,900002;-11,5
25.07.2025 22:38;0,003675;0,027966;0,558638;0;0,58283;0;52,900002;-10,7
25.07.2025 22:43;0,000181;0,029558;0,496386;0;0,525761;0;52,900002;-9,9
25.07.2025 22:48;0,003798;0,026374;0,497522;0;0,520123;0;52,900002;-9,7
25.07.2025 22:53;0,003351;0,037914;0,39392;0;0,42848;0;53;-7,5
25.07.2025 22:58;0,000276;0,028011;0,369424;0;0,397163;0;53;-7,5
25.07.2025 23:03;0,010537;0,028735;0,353203;0;0,371423;0;53;-5,6
25.07.2025 23:08;0,004385;0,037652;0,295758;0;0,328999;0;53;-6,2
25.07.2025 23:13;0,009169;0,030276;0,441493;0;0,462636;0;52,900002;-10,6
25.07.2025 23:18;0,00041;0,030751;0,565057;0;0,595443;0;52,900002;-11,5
25.07.2025 23:23;0;0,030231;0,559831;0;0,590017;0;52,900002;-11,1
25.07.2025 23:28;0,000034;0,030922;0,54627;0;0,577032;0,000091;52,900002;-10,9
25.07.2025 23:33;0,001137;0,026416;0,525637;0;0,55089;0;52,900002;-9,9
25.07.2025 23:38;0,002637;0,029467;0,426948;0;0,453777;0;52,900002;-9,3
25.07.2025 23:44;0;0,026147;0,472103;0;0,498318;0;52,900002;-9,3
25.07.2025 23:49;0;0,029012;0,413988;0;0,442886;0;53;-7,6
25.07.2025 23:54;0,001384;0,033241;0,366241;0;0,398141;0;53;-7,5
25.07.2025 23:59;0;0,029376;0,340412;0;0,369788;0;53;-6,1
26.07.2025 00:04;0,000043;0,033559;0,307763;0;0,341299;0;53;-6,6
26.07.2025 00:09;0,008383;0,02933;0,433587;0;0,454527;0;52,900002;-8,7
26.07.2025 00:14;0,000104;0,026924;0,357417;0;0,38425;0;53;-7,1
26.07.2025 00:19;0;0,027511;0,337027;0;0,364492;0;53;-6,1
26.07.2025 00:24;0,000035;0,030967;0,287982;0;0,318926;0;53;-6
26.07.2025 00:29;0,000319;0,026051;0,291265;0;0,31702;0;53;-6
26.07.2025 00:34;0,002624;0,028648;0,320222;0;0,346233;0;53;-7
26.07.2025 00:39;0,000034;0,024965;0,237916;0;0,26279;0;53;-4,6
26.07.2025 00:44;0;0,0226;0,221591;0;0,244237;0;53;-4,5
26.07.2025 00:49;0,006105;0,023373;0,20563;0;0,222864;0;53;-3,2
26.07.2025 00:54;0,005642;0,030785;0,209268;0;0,234437;0;53;-6,2
26.07.2025 00:59;0,004063;0,02669;0,392916;0;0,415569;0;53;-7,8
26.07.2025 01:04;0,002025;0,029376;0,412533;0;0,439794;0;52,900002;-8,6
26.07.2025 01:09;0;0,023115;0,431114;0;0,454296;0;52,900002;-8,7
26.07.2025 01:14;0,000377;0,024874;0,426402;0;0,450821;0;52,900002;-8,4
26.07.2025 01:19;0,000134;0,024637;0,356919;0;0,381465;0;53;-5,4
26.07.2025 01:24;0;0,027693;0,262653;0;0,290369;0;53;-5,4
26.07.2025 01:29;0,002384;0,022128;0,241124;0;0,260857;0;53;-3,6
26.07.2025 01:34;0,000984;0,036123;0,155549;0;0,19072;0;53;-3,8
26.07.2025 01:39;0;0,025738;0,173298;0;0,199036;0,000091;53;-3,7
26.07.2025 01:44;0,000857;0,021443;0,178665;0;0,199127;0,000091;53;-3,7
26.07.2025 01:49;0,005401;0,028057;0,25083;0;0,273544;0;53;-6,2
26.07.2025 01:54;0,001486;0,02946;0,349033;0;0,376907;0,000091;52,900002;-7
26.07.2025 01:59;0,001836;0,02336;0,350988;0;0,372477;0;53;-7
26.07.2025 02:04;0,000259;0,026964;0,342182;0;0,368872;0;52,900002;-6,9
26.07.2025 02:09;0;0,028287;0,30112;0;0,32943;0;53;-6
26.07.2025 02:14;0;0,02692;0,284753;0;0,311651;0;53;-5,6
26.07.2025 02:19;0,00309;0,028193;0,207221;0;0,232345;0,000091;53;-1,7
26.07.2025 02:24;0,018477;0,021954;0,184682;0;0,188127;0;53;-3,3
26.07.2025 02:29;0,009922;0,025238;0,18262;0;0,197877;0;53;-4,6
26.07.2025 02:35;0,00707;0,028644;0,220406;0;0,241958;0,000091;53;-4,6
26.07.2025 02:40;0,010744;0,048338;0,387841;0;0,425379;0;52,900002;-9
26.07.2025 02:45;0;0,031663;0,436579;0;0,468288;0;52,900002;-8,6
26.07.2025 02:50;0;0,029777;0,371604;0;0,401336;0;52,900002;-7,5
26.07.2025 02:55;0;0,030285;0,350371;0;0,380724;0;52,900002;-7,1
26.07.2025 03:00;0,000026;0,023919;0,316539;0;0,340367;0;52,900002;-5,6
26.07.2025 03:05;0;0,022145;0,265427;0;0,287573;0;53;-5,5
26.07.2025 03:10;0;0,022236;0,264563;0;0,2868;0;53;-5,4
26.07.2025 03:15;0,002056;0,02692;0,204857;0;0,229731;0;53;-4,5
26.07.2025 03:20;0,000035;0,022219;0,21562;0;0,237771;0;53;-4,5
26.07.2025 03:25;0,003232;0,025465;0,210632;0;0,232777;0,000091;53;-4,4
26.07.2025 03:30;0,02791;0,023692;0,235051;0;0,230867;0;53;-5,6
26.07.2025 03:35;0,001264;0,021054;0,282252;0;0,30201;0;52,900002;-5,6
26.07.2025 03:40;0,00453;0,027602;0,269537;0;0,292629;0;52,900002;-5,5
26.07.2025 03:45;0,001258;0,020577;0,275069;0;0,294391;0;53;-5,6
26.07.2025 03:50;0,001692;0,022373;0,272794;0;0,293461;0;53;-5,5
26.07.2025 03:55;0,005435;0,018723;0,271133;0;0,284477;0;52,900002;-5,5
26.07.2025 04:00;0,000664;0,026197;0,224214;0;0,24973;0;53;-4,6
26.07.2025 04:05;0,001205;0,022995;0,223605;0;0,24539;0;53;-4,3
26.07.2025 04:10;0,000119;0,0226;0,223728;0;0,246215;0;53;-4,7
26.07.2025 04:15;0,00199;0,021763;0,220457;0;0,240212;0;53;-3,8
26.07.2025 04:20;0,010794;0,03265;0,304716;0;0,326589;0;52,900002;-7,7
26.07.2025 04:25;0,000301;0,026511;0,377155;0;0,403347;0;52,900002;-7,6
26.07.2025 04:30;0,001412;0,030331;0,363558;0;0,392457;0;52,900002;-6,6
26.07.2025 04:35;0,00315;0,027875;0,363104;0;0,387864;0;52,799999;-8,3
26.07.2025 04:40;0,000006;0,029649;0,391479;0;0,421059;0;52,799999;-6,7
26.07.2025 04:45;0,000858;0,024055;0,32718;0;0,350439;0;52,900002;-6,3
26.07.2025 04:50;0,0048;0,022964;0,289301;0;0,307444;0;52,900002;-3,4
26.07.2025 04:55;0,000013;0,0226;0,157792;0;0,180392;0;52,900002;-3,5
26.07.2025 05:00;0,003627;0,03107;0,146363;0;0,173806;0;53;-3,4
26.07.2025 05:05;0;0,022782;0,158247;0;0,180983;0;53;-3,4
26.07.2025 05:11;0,005888;0,027738;0,234729;0;0,256552;0;52,900002;-5,8
26.07.2025 05:16;0;0,023725;0,276529;0;0,300276;0;52,900002;-5,6
26.07.2025 05:21;0;0,023477;0,27212;0;0,295643;0;52,900002;-5,6
26.07.2025 05:26;0,000142;0,023237;0,267337;0;0,290324;0,000091;52,900002;-5,5
26.07.2025 05:31;0,000058;0,023633;0,267586;0;0,291243;0;52,900002;-5,7
26.07.2025 05:36;0,002452;0,027466;0,322723;0;0,347711;0;52,900002;-4,6
26.07.2025 05:41;0;0,022995;0,22949;0;0,252485;0;52,900002;-4,9
26.07.2025 05:46;0,000495;0,024894;0,229647;0;0,254036;0;52,900002;-4,7
26.07.2025 05:51;0,001707;0,024055;0,185167;0;0,207472;0;52,900002;-3,6
26.07.2025 05:56;0,010302;0,025245;0,242433;0;0,257141;0,000272;52,900002;-6,5
26.07.2025 06:01;0,010897;0,026374;0,348052;0;0,352508;0,011005;52,799999;-10,8
26.07.2025 06:06;0,001561;0,029921;0,467874;0;0,481698;0,014551;52,700001;-9,6
26.07.2025 06:11;0,000144;0,03656;0,428176;0;0,437248;0,027284;52,700001;-8,1
26.07.2025 06:16;0,001419;0,022812;0,425857;0;0,420884;0,026371;52,799999;-7,4
26.07.2025 06:21;0,000027;0,027103;0,381621;0;0,380352;0,028372;52,700001;-7,1
26.07.2025 06:25;0,000284;0,023651;0,318972;0,000763;0,311534;0,031916;52,799999;-5,6
26.07.2025 06:30;0;0,022797;0,210022;0;0,205193;0,026367;52,799999;-4,1
26.07.2025 06:31;0,000451;0,023142;0,234095;0;0,226275;0,031789;52,799999;-4,2
26.07.2025 06:36;0,003733;0,04212;1,744909;0;1,74825;0,035024;52,099998;-38,299999
26.07.2025 06:41;0,000154;0,043671;2,04895;0;2,049774;0,042755;51,799999;-59,200001
26.07.2025 06:46;0,443405;0,008818;4,238187;0;3,73999;0,063658;51,599998;-73,699997
26.07.2025 06:51;0,567148;0,012589;4,41655;0;3,775955;0,085968;51,599998;-67,900002
26.07.2025 06:56;0;0,056282;1,156176;0;1,101942;0,110043;52,299999;-5,8
26.07.2025 07:01;0;0,025557;0,388618;0;0,300727;0,113308;52,299999;-5,4
26.07.2025 07:06;0,00135;0,025772;0,393173;0;0,290611;0,127075;52,400002;-6,5
26.07.2025 07:11;0;0,02774;0,443893;0;0,322632;0,148956;52,400002;-5,7
26.07.2025 07:16;0;0,026367;0,334625;0;0,169785;0,191254;52,400002;-2,5
26.07.2025 07:21;0,033975;0,008349;0,296512;0;0,04802;0,222829;52,5;-0,3
26.07.2025 07:26;0,018741;0,024848;0,628958;0;0,394649;0,240487;52,299999;-10,7
26.07.2025 07:31;0,02557;0,034081;0,645264;0;0,379298;0,274476;52,400002;-3,5
26.07.2025 07:36;0,006172;0,029921;0,444273;0;0,165477;0,302488;52,5;-2,9
26.07.2025 07:41;0,002567;0,046728;0,276562;0;0,004396;0,316355;52,5;0
26.07.2025 07:46;0,01833;0,015701;0,38562;0;0,024765;0,358154;52,5;0
26.07.2025 07:51;0,00167;0,077395;0,361739;0;0;0,437543;52,5;0
26.07.2025 07:56;0,014086;0,046354;0,554198;0,07163;0,118167;0,539827;52,200001;-33,299999
26.07.2025 08:01;0,013863;0,068801;1,573719;0,089287;1,109423;0,608172;52,5;6
26.07.2025 08:06;0,005079;0,02588;0,304617;0,326508;0,005054;0,646942;52,599998;-9,7
26.07.2025 08:12;0,000284;0,032604;0,971353;0,058569;0,439135;0,622528;52,599998;6,4
26.07.2025 08:17;0,005889;0,034948;0,297379;0,353086;0,031572;0,647956;52,700001;8
26.07.2025 08:22;0,01286;0,048929;0,40021;0,351326;0,034014;0,753582;52,700001;6,3
26.07.2025 08:27;0,010916;0,034538;0,462585;0,332875;0,032964;0,786106;52,700001;7,4
26.07.2025 08:32;0,006899;0,033241;0,41076;0,355328;0;0,792416;52,799999;7,3
26.07.2025 08:37;0,001283;0,020987;0,413265;0,389996;0;0,822971;52,799999;7,1
26.07.2025 08:42;0,001531;0,020259;0,412305;0,335119;0;0,766142;52,799999;7,1
26.07.2025 08:47;0,010603;0,031983;0,317317;0,301394;0;0,640109;52,799999;4,4
26.07.2025 08:52;0,00368;0,01967;0,317715;0,213427;0;0,547141;52,799999;1,5
26.07.2025 08:57;0;0,048225;0,303721;0,033808;0;0,385708;52,700001;0
26.07.2025 09:02;0,005998;0,02783;0,418717;0;0,136783;0,303852;52,599998;-3,2
26.07.2025 09:07;0,000013;0,024283;0,429813;0;0,160543;0,293484;52,599998;-2,9
26.07.2025 09:12;0,004244;0,023931;0,431794;0;0,151515;0,299949;52,599998;-3,1
26.07.2025 09:17;0,014926;0,031526;1,17738;0;0,859425;0,334609;51,900002;-39
26.07.2025 09:22;0;0,046094;2,225321;0;1,829106;0,442354;51,900002;-35,200001
26.07.2025 09:27;0,000442;0,037984;1,146399;0;0,860971;0,322792;52,400002;0
26.07.2025 09:32;0,005241;0,036379;0,287936;0;0,009549;0,309582;52,400002;0
26.07.2025 09:37;0;0,029777;0,279462;0;0;0,309194;52,5;0
26.07.2025 09:42;0;0,073455;0,268727;0;0;0,342365;52,5;0
26.07.2025 09:47;0,005508;0,117756;0,253762;0;0,004585;0,361253;52,5;0
26.07.2025 09:52;0,001408;0,068436;0,326122;0;0;0,39319;52,5;0
26.07.2025 09:57;0,000873;0,091568;0,312161;0;0,000342;0,402589;52,5;0
26.07.2025 10:02;0,017796;0,050369;2,0207;0;1,61916;0,433978;51,799999;-34,299999
26.07.2025 10:07;0;0,061571;1,917423;0,021918;1,481517;0,519486;52,299999;3,5
26.07.2025 10:12;0,000054;0,022236;0,360694;0,225047;0;0,607977;52,5;5,5
26.07.2025 10:17;0,001961;0,029694;0,311128;0,364923;0;0,703743;52,599998;7,8
26.07.2025 10:22;0,000018;0,025465;0,235278;0,517121;0;0,777865;52,799999;9,8
26.07.2025 10:27;0,00207;0,025556;0,254286;0,443637;0;0,721387;52,799999;7,1
26.07.2025 10:32;0,000878;0,019235;0,278751;0,344414;0;0,641445;52,799999;6,2
26.07.2025 10:37;0,004453;0,024101;0,269929;0,339003;0,00241;0,626257;52,799999;4,3
26.07.2025 10:42;0,002885;0,024055;0,356692;0,304943;0;0,682826;52,900002;8
26.07.2025 10:47;0,003737;0,037392;0,320888;0,539844;0;0,894316;53;12,4
26.07.2025 10:52;0,001692;0,028196;0,326852;0,70599;0;1,059305;53,099998;13
26.07.2025 10:57;0,003077;0,036515;0,29794;0,573508;0;0,904917;53;8,8
26.07.2025 11:02;0,002522;0,024328;0,309491;0,412488;0;0,743851;53;6,9
26.07.2025 11:08;0,001786;0,024783;0,252194;0,326088;0;0,601247;53;6,3
26.07.2025 11:13;0,004857;0,024601;0,192352;0,338503;0;0,550681;53;6,8
26.07.2025 11:18;0,005873;0,02983;0,281934;0,287209;0,001296;0,591606;53;5,2
26.07.2025 11:23;0,006104;0,015863;0,285445;0,237493;0;0,532547;52,900002;3,6
26.07.2025 11:28;0,005438;0,087736;0,312709;0,079934;0,004311;0,47066;52,799999;0
26.07.2025 11:33;0,000465;0,079169;0,381429;0;0,000136;0,460098;52,799999;0
26.07.2025 11:38;0,002178;0,041335;0,380247;0,101905;0;0,521305;52,900002;4,3
26.07.2025 11:43;0,000089;0,021973;0,360718;0,324554;0;0,707153;53;7,6
26.07.2025 11:48;0,000052;0,024033;0,355865;0,391434;0;0,77124;53;6,5
26.07.2025 11:53;0,000114;0,025589;0,359711;0,316635;0;0,701843;53;5,4
26.07.2025 11:58;0,00004;0,022737;0,314493;0,330454;0;0,667638;53,099998;7,6
26.07.2025 12:03;0,000045;0,027557;0,24028;0,457733;0;0,725571;53,099998;10,3
26.07.2025 12:08;0;0,023873;0,204993;0,540586;0;0,769407;53,200001;10,7
26.07.2025 12:13;0,000495;0,02783;0,213087;0,654269;0;0,89464;53,299999;13,4
26.07.2025 12:18;0,008217;0,038652;0,303397;0,758721;0,000227;1,092539;53,299999;15
26.07.2025 12:23;0,000627;0,032513;0,320677;0,819382;0;1,171754;53,400002;15,7
26.07.2025 12:28;0,004695;0,024919;0,329135;0,742032;0;1,091539;53,400002;12,4
26.07.2025 12:33;0,001639;0,024902;0,324829;0,648148;0;0,996094;53,400002;12,2
26.07.2025 12:38;0,004571;0,022707;0,331675;0,65859;0;1,00853;53,400002;12,5
26.07.2025 12:43;0,00002;0,029884;0,295919;0,813253;0;1,138965;53,599998;18,799999
26.07.2025 12:48;0,000094;0,043154;0,221273;1,188079;0;1,452414;53,700001;24,1
26.07.2025 12:53;0,000004;0,030603;0,250648;1,513576;0;1,794737;54;32
26.07.2025 12:58;0,005077;0,038334;0,340776;1,839573;0;2,213636;54;34,200001
26.07.2025 13:03;0,005475;0,046746;0,503116;1,951346;0;2,495752;54,099998;38,400002
26.07.2025 13:08;0,000033;0,034923;0,533946;2,091086;0;2,659819;54,099998;37,5
26.07.2025 13:13;0;0,029649;0,505116;2,256017;0;2,790964;54,099998;43,799999
26.07.2025 13:18;0,002424;0,033325;0,496857;2,222214;0;2,749878;54,099998;42,900002
26.07.2025 13:23;0,000001;0,028785;0,447729;2,001276;0;2,477744;54;29,299999
26.07.2025 13:28;0;0,03024;0,412169;1,38998;0;1,83257;53,900002;25,5
26.07.2025 13:33;0,000075;0,033377;0,340685;1,238099;0;1,611934;53,900002;21,9
26.07.2025 13:38;0,004889;0,028102;0,267837;1,359695;0;1,650678;53,900002;26
26.07.2025 13:43;0,000266;0,036242;0,241099;1,479562;0;1,756721;53,900002;25,1
26.07.2025 13:48;0,000347;0,040286;0,222738;1,326572;0;1,589368;53,900002;23,700001
26.07.2025 13:53;0,006906;0,062159;0,305919;1,279103;0;1,640179;53,900002;27,5
26.07.2025 13:58;0,002233;0,049229;0,337163;1,484295;0;1,868406;53,900002;25,6
26.07.2025 14:04;0,000131;0,037458;0,332327;1,254303;0;1,624042;53,900002;23,5
26.07.2025 14:09;0,000996;0,028926;0,339353;1,242076;0;1,609442;53,900002;23
26.07.2025 14:14;0,003075;0,030568;0,387989;1,330495;0;1,74595;53,900002;25,1
26.07.2025 14:19;0,001029;0,0226;0,339776;1,219546;0;1,580649;53,900002;18,6
26.07.2025 14:24;0,002847;0,029291;0,275844;1,006974;0;1,309417;53,900002;19,4
26.07.2025 14:29;0,002014;0,035924;0,259197;1,372291;0;1,665411;54;28,9
26.07.2025 14:34;0,000846;0,033559;0,23064;1,357103;0;1,620483;53,900002;20,299999
26.07.2025 14:39;0,006275;0,035333;0,320404;0,792189;0;1,14156;53,799999;12,8
26.07.2025 14:44;0,003468;0,03415;0,389978;0,57801;0;0,998592;53,700001;11,1
26.07.2025 14:49;0,000465;0,033559;0,40644;0,739122;0;1,178848;53,799999;16,4
26.07.2025 14:54;0,001325;0,030649;0,418263;1,111956;0;1,559549;54;23,4
26.07.2025 14:59;0,002251;0,033787;0,432177;1,380385;0;1,843848;54;26,200001
26.07.2025 15:04;0,008777;0,025185;0,460714;1,428314;0;1,905635;54;25,4
26.07.2025 15:09;0,011554;0,026147;0,352326;1,407305;0;1,774183;54,099998;26,799999
26.07.2025 15:14;0,002254;0,032968;0,300396;1,448867;0;1,779822;54,099998;26,299999
26.07.2025 15:19;0,001047;0,025783;0,255559;1,516486;0;1,796919;54,099998;28,799999
26.07.2025 15:24;0,000076;0,033377;0,24019;1,48511;0;1,758722;54,099998;25,200001
26.07.2025 15:29;0,003909;0,03691;0,334974;1,116609;0;1,484432;54;19,9
26.07.2025 15:34;0,000224;0,034173;0,34638;1,028235;0;1,408513;54;18
26.07.2025 15:39;0,004066;0,026877;0,392589;0,858556;0;1,273943;53,900002;15,3
26.07.2025 15:44;0,001349;0,038434;0,373916;0,757848;0;1,168974;53,900002;13,5
26.07.2025 15:49;0,00089;0,032713;0,378682;0,702705;0;1,11305;53,900002;13
26.07.2025 15:54;0,00035;0,030012;0,267655;0,820428;0;1,117913;54;16,4
26.07.2025 15:59;0,001277;0,031599;0,216328;0,889654;0;1,136295;54;16,4
26.07.2025 16:04;0,000811;0,034718;0,207308;0,866034;0;1,107154;54;16
26.07.2025 16:09;0,011461;0,029739;0,263745;0,844756;0;1,126644;54;14,4
26.07.2025 16:14;0,001488;0,027602;0,333319;0,789369;0;1,149017;54;14,6
26.07.2025 16:19;0,002699;0,028966;0,326952;0,778456;0;1,131555;54,099998;14,2
26.07.2025 16:24;0,010857;0,028239;0,356874;0,727844;0;1,102271;54;11,3
26.07.2025 16:29;0,004015;0,022373;0,429631;0,581875;0;1,029695;54;10,2
26.07.2025 16:34;0,000117;0,034787;0,403893;0,518486;0;0,95712;54;8,6
26.07.2025 16:39;0,002326;0,031058;0,367242;0,470284;0;0,866356;54;8,2
26.07.2025 16:44;0;0,029063;0,347657;0,447529;0;0,824157;54;8
26.07.2025 16:49;0,00006;0,027739;0,277478;0,510664;0;0,815971;54,099998;9,1
26.07.2025 16:55;0,000025;0,02946;0,259248;0,470862;0;0,759434;54,099998;8,2
26.07.2025 17:00;0,006215;0,031513;0,342959;0,349143;0,003524;0,713748;54;5,6
26.07.2025 17:05;0;0,024536;0,363739;0,284317;0;0,672546;54;4,9
26.07.2025 17:10;0,000011;0,022555;0,333864;0,298577;0;0,654996;54,099998;5,8
26.07.2025 17:15;0;0,028606;0,30185;0,326852;0;0,657537;54,200001;6,8
26.07.2025 17:20;0,001714;0,03721;0,295235;0,412033;0;0,742756;54,400002;7,8
26.07.2025 17:25;0,014345;0,03034;0,262887;0,515463;0;0,794228;54,799999;9,3
26.07.2025 17:30;0,000383;0,033605;0,23928;0,485427;0;0,757948;55,200001;9,2
26.07.2025 17:35;0,00048;0,031364;0,200963;0,451509;0;0,683292;55,599998;7,4
26.07.2025 17:40;0,000418;0,034241;0,205448;0,409395;0;0,648812;56,099998;7,1
26.07.2025 17:45;0,006461;0,049475;0,295212;0,293439;0,002956;0,628622;56,099998;4,8
26.07.2025 17:50;0,000985;0,02451;0,312492;0,248102;0;0,584058;56,200001;3,9
26.07.2025 17:55;0,000679;0,030149;0,296667;0,199718;0;0,525852;56,200001;3,1
26.07.2025 18:00;0,000615;0,03265;0,298395;0,15952;0;0,490019;56,200001;2,8
26.07.2025 18:05;0,002778;0,032195;0,348961;0,131008;0,001842;0,507481;56,099998;2,5
26.07.2025 18:10;0,003338;0,24219;0,268747;0,041517;0,002024;0,547134;55,299999;0
26.07.2025 18:15;0;0,313941;0,277396;0;0;0,591473;54,799999;0
26.07.2025 18:20;0;0,285299;0,266928;0;0;0,552045;54,5;0
26.07.2025 18:25;0,002364;0,187122;0,304852;0;0,002501;0,487291;54,299999;0
26.07.2025 18:30;0;0,068573;0,365724;0;0;0,434161;54,200001;0
26.07.2025 18:35;0;0,04494;0,324206;0;0;0,369192;54,099998;0
26.07.2025 18:40;0;0,072621;0,272294;0;0;0,344869;54;0
26.07.2025 18:45;0;0,054295;0,257106;0;0;0,311401;53,900002;0
26.07.2025 18:50;0;0,04952;0,254195;0;0;0,303579;53,900002;0
26.07.2025 18:55;0;0,144559;0,154245;0;0;0,29885;53,799999;0
26.07.2025 19:00;0,005984;0,070665;0,938021;0;0,71709;0,285754;52,799999;-27,299999
26.07.2025 19:05;0,000038;0,039794;1,60317;0;1,402638;0,240213;52,799999;-26,700001
26.07.2025 19:10;0,012603;0,042108;3,086631;0;2,931271;0,184985;52,400002;-72,699997
26.07.2025 19:15;0,483333;0,000045;4,432911;0;3,798537;0,150971;52,299999;-72,699997
26.07.2025 19:20;0,047701;0,046928;3,564463;0;3,44887;0,114956;52,400002;-72,699997
26.07.2025 19:25;0,058125;0,056796;2,460192;0;2,377749;0,080942;52,599998;-38,799999
26.07.2025 19:30;0;0,041153;1,339255;0;1,339529;0,040879;52,799999;-24,1
26.07.2025 19:36;0;0,035014;1,173209;0;1,190261;0,018189;52,799999;-24,200001
26.07.2025 19:41;0,001011;0,032776;0,521118;0;0,542953;0,009888;53;-4,2
26.07.2025 19:46;0,000441;0,023976;0,224259;0;0,245334;0,002357;53;-4,6
26.07.2025 19:51;0,009607;0,025732;0,231041;0;0,246964;0,000182;53;-6,1
26.07.2025 19:56;0,013114;0,041561;0,365395;0;0,390051;0,003807;53;-8,4
26.07.2025 20:01;0,006272;0,02409;0,429781;0;0,437354;0,01022;53;-9,1
26.07.2025 20:06;0,001833;0,032814;0,457129;0;0,478839;0,009427;53;-9,1
26.07.2025 20:11;0,000084;0,027329;0,455733;0;0,475331;0,007639;53;-7,7
26.07.2025 20:16;0;0,038652;0,371334;0;0,405803;0,004184;53;-7,7
26.07.2025 20:21;0;0,02783;0,339776;0;0,365195;0,002183;53;-6,8
26.07.2025 20:26;0,000468;0,02774;0,227391;0;0,25431;0,000365;53,099998;-4,4
26.07.2025 20:31;0,000226;0,030831;0,190169;0;0,220772;0;53,099998;-4
26.07.2025 20:36;0,000409;0,026786;0,191717;0;0,218095;0,000181;53,099998;-4
26.07.2025 20:41;0,007737;0,033514;0,235278;0;0,261107;0;53;-8
26.07.2025 20:46;0,000048;0,029421;0,378064;0;0,407349;0;53;-7,5
26.07.2025 20:51;0,003956;0,031709;0,372933;0;0,400764;0;53;-7,9
26.07.2025 20:56;0,001227;0,033675;0,337113;0;0,36952;0;53;-5,4
26.07.2025 21:01;0,004169;0,03315;0,283662;0;0,312628;0;53;-4,9
26.07.2025 21:06;0,006878;0,022219;0,282688;0;0,298063;0;53,099998;-3,8
26.07.2025 21:11;0,008364;0,024656;0,177395;0;0,193666;0;53,099998;-3,9
26.07.2025 21:16;0,005713;0,032895;0,165799;0;0,192808;0;53,099998;-3,8
26.07.2025 21:21;0,018912;0,019172;0,204317;0;0,204589;0;53,099998;-3,8
26.07.2025 21:26;0,005674;0,0292;0,25066;0;0,274156;0;53,099998;-6,1
26.07.2025 21:31;0;0,026287;0,298679;0;0,324967;0;53;-6,1
26.07.2025 21:36;0,003938;0,033104;0,386886;0;0,416034;0;53;-7,8
26.07.2025 21:41;0;0,026459;0,383698;0;0,41011;0;53;-7,6
26.07.2025 21:46;0,001749;0,02596;0,433431;0;0,457748;0;53;-8,7
26.07.2025 21:51;0,000007;0,024055;0,429358;0;0,453368;0;53;-8,7
26.07.2025 21:56;0,000334;0,028057;0,32768;0;0,355464;0;53;-5,1
26.07.2025 22:01;0,00007;0,026284;0,249102;0;0,275204;0;53;-5,2
26.07.2025 22:06;0,007918;0,019625;0,246649;0;0,258251;0,000181;53;-4,8
26.07.2025 22:11;0,00138;0,020668;0,196458;0;0,215848;0;53,099998;-4,2
26.07.2025 22:17;0,009475;0,031877;0,296849;0;0,319222;0;53;-6,4
26.07.2025 22:22;0,003777;0,020918;0,312583;0;0,329772;0;53;-6,2
26.07.2025 22:27;0,001878;0,026559;0,298951;0;0,323562;0;53;-5,2
26.07.2025 22:32;0,002372;0,024353;0,288666;0;0,310638;0;53;-5,4
26.07.2025 22:37;0;0,024882;0,263781;0;0,288708;0;53;-5,4
26.07.2025 22:42;0,004265;0,026605;0,186187;0;0,208396;0;53,099998;-3,7
26.07.2025 22:47;0,002265;0,024101;0,175436;0;0,197308;0;53,099998;-3,8
26.07.2025 22:52;0,002605;0,028013;0,170452;0;0,195865;0;53,099998;-3,6
26.07.2025 22:57;0,010504;0,025698;0,211568;0;0,226661;0;53;-6,2
26.07.2025 23:02;0,000003;0,02542;0,29212;0;0,317676;0;53;-5,6
26.07.2025 23:07;0,001584;0,027511;0,337229;0;0,363058;0;53;-6,8
26.07.2025 23:12;0;0,028557;0,328862;0;0,357419;0;53;-6,5
26.07.2025 23:17;0;0,027557;0,328033;0;0,355499;0,000183;53;-6,8
26.07.2025 23:22;0,005826;0,029291;0,397935;0;0,421386;0;53;-6,6
26.07.2025 23:27;0,000989;0,025185;0,32156;0;0,345741;0;53;-6,2
26.07.2025 23:32;0,002752;0,023633;0,31207;0;0,333012;0;53;-6,2
26.07.2025 23:37;0,005373;0,0219;0,248652;0;0,265077;0;53;-4,8
26.07.2025 23:42;0,011127;0,029376;0,264927;0;0,283207;0;53;-5,6
26.07.2025 23:47;0,000251;0,02401;0,274931;0;0,298668;0;53;-5,6
26.07.2025 23:52;0,005833;0,018599;0,286663;0;0,299441;0;53;-5,6
26.07.2025 23:57;0,002825;0,027876;0,268545;0;0,293638;0;53;-5,8
27.07.2025 00:02;0,002036;0,026733;0,278687;0;0,30336;0;53;-6,1
27.07.2025 00:07;0,001314;0,029739;0,248466;0;0,276932;0;53;-3,6
27.07.2025 00:12;0,002111;0,027102;0,21909;0;0,243964;0;53;-4,8
27.07.2025 00:17;0;0,020803;0,224803;0;0,245697;0;53;-4,6
27.07.2025 00:22;0,000001;0,022293;0,222931;0;0,245178;0;53;-4,6
27.07.2025 00:27;0,006666;0,026602;0,256469;0;0,276477;0;53;-6,1
27.07.2025 00:32;0,001;0,026238;0,294303;0;0,319449;0;53;-5,8
27.07.2025 00:37;0,003439;0,025778;0,295463;0;0,317819;0;53;-5,5
27.07.2025 00:42;0,000205;0,025589;0,282715;0;0,308121;0;53;-5,9
27.07.2025 00:47;0,000006;0,02316;0,27638;0;0,299495;0,000181;53;-5,6
27.07.2025 00:52;0,000036;0,024874;0,221818;0;0,246647;0;53;-4
27.07.2025 00:57;0,012259;0,02351;0,207085;0;0,218317;0;53;-4,8
27.07.2025 01:02;0,008733;0,027694;0,244181;0;0,263207;0;53;-7,4
27.07.2025 01:07;0,002711;0,027739;0,342231;0;0,367196;0;53;-6,6
27.07.2025 01:12;0,004662;0,040653;0,425629;0;0,461553;0;52,900002;-7,4
27.07.2025 01:18;0,00468;0,02869;0,373463;0;0,397484;0;52,900002;-7,9
27.07.2025 01:23;0,000088;0,031526;0,363443;0;0,394924;0;52,900002;-7,5
27.07.2025 01:28;0,001955;0,022979;0,29034;0;0,311234;0;53;-5,6
27.07.2025 01:33;0,000081;0,021827;0,276477;0;0,298304;0;53;-5,6
27.07.2025 01:38;0,000821;0,024919;0,290483;0;0,314493;0;53;-4,6
27.07.2025 01:43;0,000018;0,023009;0,222;0;0,24501;0;53;-4,7
27.07.2025 01:48;0;0,022418;0,221182;0;0,243555;0;53;-4,6
27.07.2025 01:53;0;0,023328;0,182802;0;0,20613;0;53;-3,7
27.07.2025 01:58;0,006809;0,029739;0,280115;0;0,303033;0,000182;53;-6
27.07.2025 02:03;0;0,027375;0,292817;0;0,320146;0;53;-6
27.07.2025 02:08;0,000575;0,025965;0,286936;0;0,312265;0;53;-6
27.07.2025 02:13;0,00018;0,023191;0,278478;0;0,301487;0;53;-5,6
27.07.2025 02:18;0,000198;0,021393;0,274386;0;0,295597;0;53;-5,5
27.07.2025 02:23;0,002818;0,026147;0,169706;0;0,192852;0;53;-2,8
27.07.2025 02:28;0,011989;0,023191;0,164431;0;0,175572;0;53;-2,9
27.07.2025 02:33;0,020746;0,022493;0,169996;0;0,17173;0;53;-3,3
27.07.2025 02:38;0,008335;0,029324;0,236315;0;0,257299;0;53;-7,1
27.07.2025 02:43;0,001334;0,027602;0,340049;0;0,366287;0;52,900002;-7
27.07.2025 02:48;0,007553;0,027058;0,411534;0;0,431023;0,000181;52,900002;-8,5
27.07.2025 02:53;0,000704;0,022402;0,423576;0;0,445247;0;52,900002;-8,3
27.07.2025 02:58;0,000015;0,02504;0,410614;0;0,435654;0;52,900002;-8,2
27.07.2025 03:03;0,000092;0,030212;0,400543;0;0,430664;0;52,900002;-8
27.07.2025 03:08;0,000382;0,025698;0,265503;0;0,290793;0;53;-3,6
27.07.2025 03:13;0,00026;0,023237;0,157428;0;0,180347;0;53;-3,4
27.07.2025 03:18;0,00474;0,021327;0,161157;0;0,177755;0;53;-3,4
27.07.2025 03:23;0,008524;0,035724;0,171821;0;0,199013;0;53;-6,1
27.07.2025 03:28;0;0,022493;0,274841;0;0,297333;0;53;-5,4
27.07.2025 03:33;0,000409;0,020872;0,269929;0;0,290437;0;53;-5
27.07.2025 03:38;0,00001;0,02336;0,265625;0;0,288939;0;52,900002;-5,4
27.07.2025 03:43;0,003558;0,022646;0,268201;0;0,287254;0;53;-5,5
27.07.2025 03:48;0,002729;0,030367;0,237131;0;0,264823;0;53;-3,4
27.07.2025 03:53;0,014046;0,025238;0,159702;0;0,170888;0;53;-2,8
27.07.2025 03:58;0,008982;0,025002;0,158408;0;0,174285;0;53;-3,9
27.07.2025 04:04;0,009156;0,026693;0,210268;0;0,227821;0;53;-5,5
27.07.2025 04:09;0,009246;0,030058;0,290938;0;0,311764;0;52,900002;-6,4
27.07.2025 04:14;0,00016;0,026459;0,330322;0;0,356598;0;52,900002;-6,8
27.07.2025 04:19;0,000388;0,02461;0,284267;0;0,308469;0;52,900002;-5,5
27.07.2025 04:24;0,001194;0,025595;0,283236;0;0,307599;0;52,900002;-6,6
27.07.2025 04:29;0,004538;0,029415;0,339924;0;0,364761;0;52,799999;-9,1
27.07.2025 04:34;0;0,025329;0,36033;0;0,385749;0;52,900002;-6,4
27.07.2025 04:39;0;0,022236;0,308854;0;0,331045;0;52,900002;-6,2
27.07.2025 04:44;0,000023;0,022691;0,250285;0;0,272885;0;52,900002;-4,9
27.07.2025 04:49;0,000937;0,017155;0,234783;0;0,251025;0;52,900002;-4,7
27.07.2025 04:54;0,005835;0,028473;0,291412;0;0,314072;0;52,900002;-5,5
27.07.2025 04:59;0;0,021891;0,271667;0;0,293603;0,000181;52,900002;-5,5
27.07.2025 05:04;0;0,021763;0,268818;0;0,290581;0;52,900002;-5,5
27.07.2025 05:09;0,000103;0,021664;0,2665;0;0,287938;0;52,900002;-5,8
27.07.2025 05:14;0,00008;0,022282;0,263927;0;0,286117;0;52,900002;-5,5
27.07.2025 05:19;0,002685;0,024146;0,208631;0;0,230049;0;52,900002;-4,5
27.07.2025 05:24;0,004058;0,020054;0,217362;0;0,233369;0;52,900002;-4,4
27.07.2025 05:29;0,009588;0,017553;0,217089;0;0,225047;0;52,900002;-4,3
27.07.2025 05:34;0,022342;0,023633;0,228669;0;0,229901;0;52,900002;-6,1
27.07.2025 05:39;0,002263;0,033947;0,275111;0;0,306928;0;52,900002;-5,7
27.07.2025 05:44;0,011564;0,032667;0,291083;0;0,312116;0;52,900002;-5,7
27.07.2025 05:49;0,005893;0,025517;0,274568;0;0,294147;0;52,799999;-6,2
27.07.2025 05:54;0,000336;0,027192;0,271282;0;0,298155;0;52,900002;-5,7
27.07.2025 05:59;0,003986;0,023885;0,25109;0;0,270987;0;52,900002;-3,7
27.07.2025 06:04;0,001875;0,027148;0,170161;0;0,195353;0;52,900002;-3,8
27.07.2025 06:09;0,002267;0,023328;0,227457;0;0,248511;0;52,900002;-5,1
27.07.2025 06:14;0,005077;0,03365;0,309854;0;0,33541;0,003092;52,799999;-7,3
27.07.2025 06:19;0,006719;0,02815;0,452684;0;0,455923;0,01825;52,700001;-8,7
27.07.2025 06:24;0,000004;0,025381;0,419874;0;0,414163;0,031001;52,700001;-6,6
27.07.2025 06:29;0,000115;0,024409;0,36983;0;0,34273;0,051464;52,799999;-6,4
27.07.2025 06:34;0,000002;0,023795;0,360047;0;0,315676;0,068166;52,799999;-4,3
27.07.2025 06:39;0;0,021672;0,298839;0;0,198055;0,122456;52,799999;-3,5
27.07.2025 06:45;0,007622;0,019126;0,312367;0;0,170823;0,153011;52,900002;-0,3
27.07.2025 06:50;0,011996;0,001364;0,218635;0;0,015916;0,192261;53;-0,3
27.07.2025 06:55;0;0,046902;0,216715;0;0,015923;0,247466;53;-0,3
27.07.2025 07:00;0,000303;0,072426;0,207489;0,039703;0,008521;0,310917;53,099998;1,9
27.07.2025 07:05;0,027588;0,014142;0,256014;0,03456;0,004365;0,272657;53,099998;0
27.07.2025 07:10;0,038478;0,000955;0,264108;0;0;0,226638;53,099998;0
27.07.2025 07:15;0;0,029421;0,258106;0;0;0,287391;53,099998;0
27.07.2025 07:20;0,010858;0,020348;0,77105;0;0,494887;0,285608;52,5;-27,9
27.07.2025 07:25;0,024776;0,05747;2,239688;0;2,088807;0,183831;52;-44,900002
27.07.2025 07:30;0,000259;0,044928;1,592108;0;1,517759;0,118958;52,200001;-19,6
27.07.2025 07:35;0,009412;0,025778;0,763751;0;0,636139;0,143808;52,5;-0,4
27.07.2025 07:40;0,00032;0,051487;0,169962;0,187638;0,005801;0,403195;52,700001;7,2
27.07.2025 07:45;0,00982;0,035696;0,217635;0,485154;0,002001;0,72648;52,900002;12,1
27.07.2025 07:50;0,003106;0,028603;0,330408;0,459098;0,000318;0,814698;53;8,9
27.07.2025 07:55;0,00088;0,021145;0,358602;0,45505;0;0,833797;53,099998;4
27.07.2025 08:00;0,005;0,033554;0,382874;0,267105;0,000916;0,677856;53,200001;8,5
27.07.2025 08:05;0,002115;0,038243;0,432177;0,777365;0;1,245602;53,5;17,5
27.07.2025 08:10;0,001435;0,033878;0,438998;0,726935;0;1,198492;53,5;12,9
27.07.2025 08:15;0,000766;0,029656;0,366637;0,721548;0;1,117065;53,599998;15,9
27.07.2025 08:20;0,000039;0,035287;0,306671;1,053796;0;1,395664;53,799999;20,700001
27.07.2025 08:25;0,004586;0,029324;0,21184;0,963978;0;1,200701;53,799999;18,6
27.07.2025 08:30;0,001621;0,031709;0,210419;0,872838;0;1,113233;53,799999;16,200001
27.07.2025 08:35;0,005248;0,029434;0,330139;0,645493;0;0,999756;53,599998;6,8
27.07.2025 08:40;0,00375;0,027194;0,275111;0,120786;0;0,41933;53,400002;0
27.07.2025 08:45;0,000411;0,046246;0,228185;0,000728;0;0,274658;53,400002;2
27.07.2025 08:50;0,003288;0,023555;0,28639;0,243327;0;0,550044;53,5;7,6
27.07.2025 08:55;0,001648;0,036651;0,27966;0,587377;0;0,902007;53,700001;13,5
27.07.2025 09:00;0,000446;0,030558;0,205357;1,007277;0;1,242874;53,900002;22,200001
27.07.2025 09:05;0,000017;0,034014;0,220909;1,392208;0;1,64704;54;31,9
27.07.2025 09:10;0,004742;0,026056;0,243645;1,672186;0;1,937159;53,900002;22,700001
27.07.2025 09:15;0,00459;0,035742;0,340322;1,512621;0;1,884046;54;30,4
27.07.2025 09:21;0,002301;0,026602;0,387887;1,416763;0;1,829114;54;24,799999
27.07.2025 09:26;0,00573;0,026238;0,381429;1,306491;0;1,708338;54;26,4
27.07.2025 09:31;0,000053;0,031161;0,325119;1,416634;0;1,772777;53,900002;21,1
27.07.2025 09:36;0,000832;0,026784;0,29985;0,82834;0;1,154292;53,799999;12,7
27.07.2025 09:41;0,002845;0,036697;0,250921;0,708882;0;0,993681;53,799999;12,9
27.07.2025 09:46;0,00573;0,031286;0,337957;0,68992;0,000318;1,052978;53,799999;14,8
27.07.2025 09:51;0,000075;0,026011;0,345687;0,81197;0;1,183577;53,799999;13,7
27.07.2025 09:56;0,005138;0,037788;0,356783;0,653905;0,0005;1,042974;53,700001;9,2
27.07.2025 10:01;0;0,031331;0,376154;0,521396;0;0,928927;53,700001;10,7
27.07.2025 10:06;0,000801;0,028826;0,325058;0,424496;0;0,777382;53,700001;9,2
27.07.2025 10:11;0;0,0318;0,302307;0,783278;0;1,11743;53,799999;19
27.07.2025 10:16;0,000149;0,027557;0,31231;1,104544;0;1,444229;53,900002;18,6
27.07.2025 10:21;0,000013;0,031907;0,310645;1,156646;0;1,499289;54;27,1
27.07.2025 10:26;0,000159;0,030285;0,215907;1,273023;0;1,518987;54;24,1
27.07.2025 10:31;0,003631;0,034264;0,242539;1,563407;0;1,836469;54,099998;33,900002
27.07.2025 10:36;0;0,029876;0,314766;1,954621;0;2,299489;54;27,799999
27.07.2025 10:41;0,003639;0,034561;0,298187;1,080185;0;1,40918;53,900002;19
27.07.2025 10:46;0,003934;0,034696;0,377337;1,240418;0;1,648495;53,900002;21,9
27.07.2025 10:51;0,000896;0,036772;0,368349;1,65581;0;2,059937;54,200001;43,299999
27.07.2025 10:56;0,000001;0,09102;0,393646;2,201965;0;2,686723;54,099998;30,9
27.07.2025 11:01;0,001587;0,052012;0,364994;1,810144;0;2,225553;54,099998;33,299999
27.07.2025 11:06;0;0,03124;0,301669;1,694559;0;2,027378;54,099998;35,400002
27.07.2025 11:11;0,003472;0,173026;0,278842;2,199903;0;2,64836;54,299999;45,5
27.07.2025 11:16;0,005187;1,210815;0,293575;2,367517;0;3,86686;54,299999;44,799999
27.07.2025 11:21;0,001778;2,569012;0,327765;2,439348;0;5,334209;54,299999;45,5
27.07.2025 11:26;0;2,034153;0,46892;2,463602;0;4,966948;54,400002;45,5
27.07.2025 11:31;0,001349;0,539949;0,546861;2,194083;0;3,279528;54,299999;37,299999
27.07.2025 11:36;0,002836;0,075667;0,474831;1,404486;0;1,951892;54;18,200001
27.07.2025 11:41;0,001086;0,031467;0,423083;0,857579;0;1,311266;54;17,299999
27.07.2025 11:46;0,004274;0,038971;0,396345;1,147789;0;1,57883;54,200001;27,1
27.07.2025 11:51;0,003153;0,931382;0,385522;2,216137;0;3,529813;54,799999;45,200001
27.07.2025 11:56;0,000595;2,652915;0,33105;2,469186;0;5,452467;55,599998;37,200001
27.07.2025 12:02;0,004314;0,195796;0,255985;1,294021;0;1,741496;56,200001;16,700001
27.07.2025 12:07;0;3,617758;0,240008;0,230504;0,007549;4,080766;54,400002;0
27.07.2025 12:12;0;2,84878;0,290444;0;0;3,139133;54;0
27.07.2025 12:17;0;1,744442;0,229607;0;0;1,974095;53,799999;0
27.07.2025 12:22;0;2,034017;0,206721;0;0;2,240738;53,700001;0
27.07.2025 12:27;0;2,108025;0,201751;0;0;2,309684;53,700001;0
27.07.2025 12:32;0;4,4064;0,216816;0;0;4,623352;53,700001;0
27.07.2025 12:37;0;5,224872;0,130599;0;0;5,355471;53,599998;0
27.07.2025 12:42;0;5,37989;0,129508;0;0;5,508625;53,599998;0
27.07.2025 12:47;0;2,347285;0,093728;0;0;2,441104;53,599998;0
27.07.2025 12:52;0;2,417494;0,143899;0;0;2,561165;53,599998;0
27.07.2025 12:57;0;2,741198;0,208503;0;0;2,949701;53,5;0
27.07.2025 13:02;0;1,736804;0,252922;0;0;1,989726;53,5;0
27.07.2025 13:07;0;1,08636;0,270643;0;0;1,357049;53,5;0
27.07.2025 13:12;0;0,78173;0,301487;0;0;1,083172;53,5;0
27.07.2025 13:17;0,006756;0,029512;1,922698;0;1,082308;0,863263;52,799999;-22,799999
27.07.2025 13:22;0,000369;0,032804;2,276196;0;1,474805;0,833647;52,599998;-48,5
27.07.2025 13:27;0;0,054932;3,91502;0;2,954127;1,015962;52,5;-59,5
27.07.2025 13:32;0;0,065945;3,587326;0;2,40829;1,245117;52,700001;-31,9
27.07.2025 13:37;0,006331;0,773454;0,891093;1,523307;0,286027;2,895007;53,599998;46,200001
27.07.2025 13:42;0;3,305857;0,451458;2,476016;0;6,233286;53,799999;46,099998
27.07.2025 13:47;0,003031;1,106136;0,399437;2,302036;0;3,804653;53,900002;28
27.07.2025 13:52;0,001628;0,031937;0,336981;1,563544;0;1,930637;54,299999;25,200001
27.07.2025 13:57;0;2,284513;0,306112;0,964567;0,002765;3,552609;55,200001;0
27.07.2025 14:02;0;4,267468;0,158134;0;0;4,422636;54,400002;0
27.07.2025 14:07;0;1,61722;0,092822;0;0;1,709951;54,200001;0
27.07.2025 14:12;0;1,386248;0,097088;0;0;1,483337;54;0
27.07.2025 14:17;0;1,679508;0,093493;0;0;1,773091;53,900002;0
27.07.2025 14:22;0;2,858537;0,258015;0;0;3,116552;53,900002;0
27.07.2025 14:27;0;4,724665;0,282635;0;0;5,007119;53,799999;0
27.07.2025 14:32;0;3,782892;0,256591;0;0;4,039574;53,799999;0
27.07.2025 14:37;0;3,21622;0,25952;0;0;3,475559;53,700001;0
27.07.2025 14:43;0;4,0533;0,263927;0;0;4,317591;53,700001;0
27.07.2025 14:48;0,00063;0,302124;0,17198;0;0;0,473467;53,700001;0
27.07.2025 14:53;0,023737;0,012096;0,157337;0;0;0,145514;53,700001;0
27.07.2025 14:58;0;0,064604;0,117163;0;0;0,181767;53,599998;0
27.07.2025 15:03;0,024604;0,022646;0,324588;0;0,093447;0,229185;53,400002;-2,9
27.07.2025 15:08;0,042778;0,004456;0,332318;0;0,031058;0,262835;53,400002;0
27.07.2025 15:13;0,001579;0,039835;0,303215;0;0;0,341413;53,400002;0
27.07.2025 15:18;0;0,116027;0,295144;0;0;0,411353;53,400002;0
27.07.2025 15:23;0;0,231262;0,222473;0;0;0,453735;53,5;0
27.07.2025 15:28;0;0,259197;0,206266;0;0;0,465282;53,400002;0
27.07.2025 15:33;0,000581;0,252013;0,129599;0;0,000909;0,379974;53,400002;0
27.07.2025 15:38;0;0,260652;0,16916;0;0;0,429995;53,400002;0
27.07.2025 15:43;0;0,275295;0,16334;0;0;0,438544;53,400002;0
27.07.2025 15:48;0,003571;0,263306;0,217072;0;0,003342;0,473328;53,400002;0
27.07.2025 15:53;0;0,264165;0,228578;0;0;0,492742;53,400002;0
27.07.2025 15:58;0;0,293694;0,222809;0;0;0,516502;53,400002;0
27.07.2025 16:03;0;0,356146;0,218817;0;0;0,574963;53,400002;0
27.07.2025 16:08;0;0,357238;0,215907;0;0;0,573326;53,400002;0
27.07.2025 16:13;0;0,794417;0,180983;0;0;0,975309;53,400002;0
27.07.2025 16:18;0;1,02824;0,163431;0;0;1,19158;53,400002;0
27.07.2025 16:23;0;1,076277;0,163882;0;0;1,240433;53,400002;0
27.07.2025 16:28;0;1,147107;0,156064;0;0;1,30308;53,400002;0
27.07.2025 16:33;0;1,111274;0,236097;0;0;1,34728;53,400002;0
27.07.2025 16:38;0;1,134982;0,222627;0;0;1,357519;53,400002;0
27.07.2025 16:43;0;1,017509;0,29985;0;0;1,31745;53,400002;0
27.07.2025 16:48;0;0,875165;0,312161;0;0;1,187144;53,400002;0
27.07.2025 16:53;0;0,88982;0,298941;0;0;1,189034;53,400002;0
27.07.2025 16:58;0;1,528568;0,292153;0;0;1,82054;53,400002;0
27.07.2025 17:03;0;2,080285;0,187151;0;0;2,267527;53,400002;0
27.07.2025 17:08;0;3,459334;0,153373;0;0;3,612798;53,400002;0
27.07.2025 17:13;0;3,49307;0,125415;0;0;3,618394;53,400002;0
27.07.2025 17:18;0;3,821296;0,185713;0;0;4,006918;53,400002;0
27.07.2025 17:24;0;4,988957;0,241917;0;0;5,231056;53,400002;0
27.07.2025 17:29;0;3,821034;0,21562;0;0;4,036472;53,400002;0
27.07.2025 17:34;0;2,575491;0,201568;0;0;2,777059;53,299999;0
27.07.2025 17:39;0;2,530766;0,197172;0;0;2,728211;53,299999;0
27.07.2025 17:44;0;3,681147;0,147697;0;0;3,828663;53,400002;0
27.07.2025 17:49;0;3,551702;0,102158;0;0;3,65377;53,299999;0
27.07.2025 17:54;0;4,287223;0,151564;0;0;4,438696;53,299999;0
27.07.2025 17:59;0;3,861531;0,156002;0;0;4,017624;53,299999;0
27.07.2025 18:04;0;3,370656;0,24219;0;0;3,612756;53,299999;0
27.07.2025 18:09;0;3,063712;0,241554;0;0;3,305539;53,299999;0
27.07.2025 18:14;0;3,06926;0,199536;0;0;3,267887;53,299999;0
27.07.2025 18:19;0;2,897139;0,197497;0;0;3,094727;53,299999;0
27.07.2025 18:24;0,000004;1,527627;0,261107;0;0;1,788734;53,299999;0
27.07.2025 18:29;0;2,466285;0,287482;0;0;2,750402;53,299999;0
27.07.2025 18:34;0;2,450894;0,242116;0;0;2,692919;53,299999;0
27.07.2025 18:39;0;2,428763;0,224471;0;0;2,653143;53,299999;0
27.07.2025 18:44;0;2,275934;0,168069;0;0;2,444276;53,299999;0
27.07.2025 18:49;0;1,16979;0,223171;0;0;1,392871;53,299999;0
27.07.2025 18:54;0;0,588514;0,231368;0;0;0,819973;53,299999;0
27.07.2025 18:59;0;0,418717;0,222728;0;0;0,641354;53,299999;0
27.07.2025 19:04;0;0,293575;0,237916;0;0;0,531673;53,299999;0
27.07.2025 19:09;0;0,150971;0,253013;0;0;0,403802;53,299999;0
27.07.2025 19:14;0;0,121413;0,18262;0;0;0,304125;53,299999;0
27.07.2025 19:19;0;0,093311;0,150153;0;0;0,243373;53,299999;0
27.07.2025 19:24;0;0,047084;0,151199;0;0;0,198192;53,299999;0
27.07.2025 19:29;0,021908;0,022646;0,244191;0;0,060434;0,184621;53,200001;-3,9
27.07.2025 19:34;0,003928;0,024465;0,361057;0;0,211359;0,17007;53;-4,4
27.07.2025 19:39;0,000309;0,026922;0,355515;0;0,225936;0,156455;53;-3,7
27.07.2025 19:44;0,004786;0,022356;0,339536;0;0,204716;0,152385;53;-3,9
27.07.2025 19:49;0,012797;0,019489;0,347357;0;0,190085;0,163888;53;-3,7
27.07.2025 19:54;0,001043;0,019372;0,263381;0;0,089673;0,191897;53,099998;0
27.07.2025 19:59;0;0,061844;0,16052;0;0;0,222455;53,099998;0
27.07.2025 20:05;0,004753;0,091492;0,147697;0;0,005366;0,229003;53,099998;0
27.07.2025 20:10;0,028237;0;0,23606;0;0;0,207864;53,099998;0
27.07.2025 20:15;0,00941;0,023387;0,391864;0;0,239986;0,165883;53;-4,6
27.07.2025 20:20;0,00108;0,019463;0,382703;0;0,277887;0,123141;52,900002;-5,6
27.07.2025 20:25;0,001175;0,02701;0,383883;0;0,327354;0,082489;52,900002;-6,6
27.07.2025 20:30;0,001146;0,031998;0,297682;0;0,282046;0,046411;52,900002;-5,5
27.07.2025 20:35;0,001712;0,03066;0,2909;0;0,295417;0,024455;52,900002;-5,8
27.07.2025 20:40;0,018815;0,020305;0,271123;0;0,259747;0,012872;53;-4
27.07.2025 20:45;0,0132;0,025465;0,221818;0;0,228503;0,005639;53;-4,5
27.07.2025 20:50;0,00702;0,037106;0,203993;0;0,233641;0,000364;53;-5,3
27.07.2025 20:55;0,003547;0,030103;0,24019;0;0,266746;0;53;-4,7
27.07.2025 21:00;0,006305;0,035861;0,350577;0;0,380142;0;52,900002;-7,2
27.07.2025 21:05;0,001837;0,034718;0,341465;0;0,374278;0;52,900002;-5,8
27.07.2025 21:10;0,005718;0,024828;0,297577;0;0,316857;0;52,900002;-5,8
27.07.2025 21:15;0,002899;0,039471;0,357419;0;0,393889;0;52,900002;-10,2
27.07.2025 21:20;0,00015;0,029017;0,503783;0;0,532709;0;52,900002;-7,2
27.07.2025 21:25;0,015234;0,055114;1,681963;0;1,721843;0;52,900002;-6,1
27.07.2025 21:30;0,004038;0,026287;0,316355;0;0,338519;0;52,900002;-7
27.07.2025 21:35;0,004063;0,028648;0,231459;0;0,256014;0;53;-4,6
27.07.2025 21:40;0,024301;0,051099;0,845418;0;0,872336;0;52,900002;-7,2
27.07.2025 21:45;0;0,027466;0,351872;0;0,379383;0;52,900002;-7,2
27.07.2025 21:50;0,004253;0,02801;0,428576;0;0,45228;0;52,900002;-8,7
27.07.2025 21:55;0,000546;0,02592;0,44491;0;0,470193;0;52,900002;-9,1
27.07.2025 22:00;0,000118;0,027648;0,49584;0;0,523442;0;52,900002;-11,1
27.07.2025 22:05;0,000367;0,026915;0,626019;0;0,65252;0;52,900002;-14,3
27.07.2025 22:10;0,001068;0,030729;0,634343;0;0,664029;0;52,900002;-10,9
27.07.2025 22:15;0,000381;0,027102;0,580875;0;0,607659;0;52,900002;-11,9
27.07.2025 22:20;0,000054;0,026738;0,491293;0;0,517849;0;52,900002;-8,9
27.07.2025 22:25;0,006373;0,028193;0,378064;0;0,399891;0;52,900002;-20,700001
27.07.2025 22:30;0,000132;0,029558;0,481198;0;0,510664;0;52,900002;-9,6
27.07.2025 22:35;0,000016;0,026556;0,456824;0;0,483335;0;52,900002;-9,1
27.07.2025 22:41;0,000685;0,027739;0,433451;0;0,460553;0;52,900002;-9,5
27.07.2025 22:46;0,000968;0,027649;0,573853;0;0,600357;0;52,900002;-11,5
27.07.2025 22:51;0,000001;0,030112;0,56419;0;0,594439;0;52,900002;-9,3
27.07.2025 22:56;0,00002;0,025834;0,453594;0;0,479428;0;52,900002;-8,6
27.07.2025 23:01;0,002213;0,023737;0,388705;0;0,410259;0;52,900002;-7,5
27.07.2025 23:06;0,000223;0,030467;0,298304;0;0,328544;0;53;-4,5
27.07.2025 23:11;0,006105;0,029012;0,279478;0;0,30226;0;53;-7,2
27.07.2025 23:16;0;0,02783;0,327225;0;0,355191;0;53;-6
27.07.2025 23:21;0,000068;0,025465;0,302033;0;0,327362;0;53;-6,9
27.07.2025 23:26;0,001335;0,026645;0,297014;0;0,322244;0;53;-6,9
27.07.2025 23:31;0,006995;0,033671;0,374758;0;0,401494;0;53;-8,6
27.07.2025 23:36;0,004988;0,023646;0,369242;0;0,387841;0,000182;53;-6
27.07.2025 23:41;0,003199;0,023828;0,307126;0;0,327771;0;53;-6
27.07.2025 23:46;0,00051;0,022009;0,24019;0;0,261698;0;53;-4,7
27.07.2025 23:51;0,006785;0,030103;0,202447;0;0,225774;0;53,099998;-2,5
27.07.2025 23:56;0,007596;0,042966;0,256166;0;0,291428;0;53;-5,5
21.07.2025 15:20;0;0;0;0;0;0;52,299999;0
