Uhrzeit;Netzbezug [kW];Netzeinspeisung [kW];Stromverbrauch [kW];Akkubeladung [kW];Akkuentnahme [kW];Stromerzeugung [kW];Akku Spannung [V];Akku Stromstärke [A]
01.09.2025 00:09:00;0,000057;0,034196;0,323769;0;0,357601;0;53;-6,8
01.09.2025 00:14:03;0,001337;0,023931;0,286442;0;0,308922;0;53;-5,6
01.09.2025 00:19:05;0,004718;0,019644;0,291756;0;0,306671;0;53;-6,4
01.09.2025 00:24:07;0,002342;0,026193;0,209541;0;0,233914;0;53;-3,6
01.09.2025 00:29:09;0,007935;0,020372;0,1768;0;0,188805;0;53,099998;-3,7
01.09.2025 00:34:11;0,002797;0,023282;0,170252;0;0,190624;0;53,099998;-2,1
01.09.2025 00:39:11;0,003124;0,022705;0,169189;0;0,188232;0;53,099998;-3,6
01.09.2025 00:44:12;0,009946;0,02774;0,305865;0;0,32448;0;53;-6
01.09.2025 00:49:14;0;0,025465;0,287391;0;0,313583;0;53;-6
01.09.2025 00:54:16;0,000193;0,029103;0,277932;0;0,305944;0;53;-5,5
01.09.2025 00:59:19;0,003207;0,023931;0,325601;0;0,346269;0;53;-6,9
01.09.2025 01:04:21;0;0,025465;0,3325;0;0,357601;0;53;-4,8
01.09.2025 01:09:21;0,000275;0,019043;0,232178;0;0,251221;0;53;-5,1
01.09.2025 01:14:22;0,000125;0,0219;0,218267;0;0,239801;0;53;-3,6
01.09.2025 01:19:24;0,000023;0,020372;0,170979;0;0,191715;0;53;-3,6
01.09.2025 01:24:26;0,010447;0,029103;0,331773;0;0,349598;0;53;-7,8
01.09.2025 01:29:28;0,001648;0,022555;0,406712;0;0,42854;0;52,900002;-8,6
01.09.2025 01:34:30;0,000568;0,024737;0,420536;0;0,444182;0;52,900002;-8,4
01.09.2025 01:39:32;0,002262;0,023282;0,416171;0;0,43727;0;52,900002;-8,2
01.09.2025 01:44:34;0,000705;0,025465;0,405257;0;0,429995;0;52,900002;-7,2
01.09.2025 01:49:36;0,003649;0,025465;0,291756;0;0,314311;0,001455;53;-5,5
01.09.2025 01:54:38;0,00025;0,022555;0,216816;0;0,237916;0;53;-3,7
01.09.2025 01:59:40;0,007765;0,023282;0,167341;0;0,183348;0;53;-4
01.09.2025 02:04:42;0,013812;0,026193;0,169524;0;0,181529;0;53,099998;-3,6
01.09.2025 02:09:44;0,009629;0,018917;0,17971;0;0,189532;0;53;-3,8
01.09.2025 02:14:46;0,013562;0,027648;0,280115;0;0,29503;0;53;-5,5
01.09.2025 02:19:48;0,000864;0,035651;0,266291;0;0,300487;0;53;-5,6
01.09.2025 02:24:51;0,001949;0,01958;0,283542;0;0,300583;0;53;-5,6
01.09.2025 02:29:53;0;0,020372;0,271384;0;0,291756;0;53;-5,4
01.09.2025 02:34:55;0,000068;0,030558;0,25465;0;0,285936;0;53;-5,4
01.09.2025 02:39:56;0,004175;0,0292;0,161327;0;0,185782;0;53;-3,4
01.09.2025 02:44:58;0,005912;0,032741;0,186986;0;0,21427;0;53;-4,5
01.09.2025 02:50:00;0,000011;0,023282;0,211723;0;0,234642;0;53;-4,4
01.09.2025 02:55:03;0,003943;0,029732;0,248008;0;0,273027;0;53;-7,1
01.09.2025 03:00:04;0,000137;0,02336;0,350395;0;0,374849;0;52,900002;-7
01.09.2025 03:05:06;0,000023;0,023282;0,35651;0;0,378701;0;52,900002;-7
01.09.2025 03:10:09;0;0,02248;0,347357;0;0,370925;0;52,900002;-6,9
01.09.2025 03:15:10;0,000331;0,02263;0,331415;0;0,353314;0;53;-5,6
01.09.2025 03:20:12;0,005673;0,024737;0,30849;0;0,327043;0;53;-5,4
01.09.2025 03:25:13;0,0013;0,0219;0,263526;0;0,284331;0;53;-5,3
01.09.2025 03:30:14;0,000137;0,0292;0,246006;0;0,275206;0;53;-5,2
01.09.2025 03:35:14;0;0,023438;0,240234;0;0,263672;0;53;-4,7
01.09.2025 03:40:17;0,010311;0,026831;0,288618;0;0,305297;0;52,900002;-7,3
01.09.2025 03:45:19;0;0,023282;0,310673;0;0,333955;0;53;-5,4
01.09.2025 03:50:20;0,001745;0,02263;0,273016;0;0,29455;0;52,900002;-6,6
01.09.2025 03:55:20;0,000641;0,024902;0,337646;0;0,361084;0;52,900002;-6,7
01.09.2025 04:00:22;0,006196;0,027648;0,338321;0;0,360512;0;52,900002;-6,8
01.09.2025 04:05:24;0,000102;0,031286;0,328135;0;0,358329;0;52,900002;-6,8
01.09.2025 04:10:26;0,009493;0,025465;0,192806;0;0,209541;0;53;-4
01.09.2025 04:15:28;0,008367;0,025465;0,162976;0;0,180074;0;53;-3,7
01.09.2025 04:20:30;0,004195;0,025465;0,168797;0;0,189169;0;53;-4,5
01.09.2025 04:25:30;0,006489;0,031494;0,194824;0;0,220459;0;53;-5,5
01.09.2025 04:30:33;0,000703;0,025381;0,27629;0;0,300583;0;53;-5,9
01.09.2025 04:35:35;0,001;0,023282;0,283753;0;0,30558;0;53;-6
01.09.2025 04:40:34;0,000677;0,018372;0,280721;0;0,29946;0;52,900002;-5,3
01.09.2025 04:45:36;0,001557;0,0211;0,289573;0;0,308854;0;52,900002;-7,1
01.09.2025 04:50:38;0,000989;0,02692;0,297577;0;0,323405;0;52,900002;-4,7
01.09.2025 04:55:40;0,001125;0,016734;0,235733;0;0,25174;0;53;-4,7
01.09.2025 05:00:42;0,000068;0,0211;0,229185;0;0,248829;0;53;-4,7
01.09.2025 05:05:42;0,001579;0,02124;0,189697;0;0,210205;0;53;-3,6
01.09.2025 05:10:44;0,005127;0,035651;0,236461;0;0,267746;0;52,900002;-5,9
01.09.2025 05:15:46;0,005264;0,034196;0,328862;0;0,35651;0;52,900002;-7,8
01.09.2025 05:20:48;0;0,023282;0,382703;0;0,406349;0;52,900002;-7,5
01.09.2025 05:25:48;0,002518;0,023438;0,404297;0;0,42627;0;52,900002;-8,4
01.09.2025 05:30:50;0;0,021827;0,418354;0;0,439089;0;52,799999;-8,3
01.09.2025 05:35:50;0,000103;0,023438;0,428467;0;0,451538;0;52,799999;-9,4
01.09.2025 05:40:53;0,00366;0,037709;1,401754;0;1,4362;0;52,400002;-31,299999
01.09.2025 05:45:54;0,020086;0,051829;2,517731;0;2,54912;0;52,200001;-42,900002
01.09.2025 05:50:56;0;0,04802;1,918606;0;1,966625;0;52,200001;-32,900002
01.09.2025 05:55:58;0,009345;0,046565;1,444957;0;1,483518;0;52,299999;-27,299999
01.09.2025 06:01:00;0,002399;0,037834;1,430405;0;1,465693;0;52,299999;-27,799999
01.09.2025 06:06:02;0,000261;0,045837;1,446412;0;1,491521;0;52,200001;-27,299999
01.09.2025 06:11:04;0,000011;0,039289;1,361286;0;1,399847;0;52,200001;-27,1
01.09.2025 06:16:06;0,001194;0,046565;1,191762;0;1,237599;0;52,400002;-7,6
01.09.2025 06:21:08;0,002944;0,027648;0,30558;0;0,329954;0;52,5;-5,8
01.09.2025 06:26:11;0,001654;0,025381;0,179842;0;0,203773;0;52,5;-3,9
01.09.2025 06:31:13;0,005195;0,02401;0,189896;0;0,19317;0,016007;52,599998;-3,4
01.09.2025 06:36:12;0,010242;0,02866;0,224136;0;0,207601;0,035274;52,599998;-4,3
01.09.2025 06:41:14;0,016757;0,034923;0,282298;0;0,256833;0,042199;52,5;-6,3
01.09.2025 06:46:15;0;0,02409;0,351125;0;0,29528;0,081759;52,5;-4,8
01.09.2025 06:51:14;0,000195;0,026455;0,335836;0;0,208703;0,151384;52,599998;-3,1
01.09.2025 06:56:16;0,000091;0,026193;0,344141;0;0,148061;0,222637;52,599998;-2,4
01.09.2025 07:01:19;0,016883;0,004351;0,3198;0;0,019217;0,287167;52,599998;-0,3
01.09.2025 07:06:20;0,000091;0,042339;0,273746;0,083219;0,00876;0,391274;52,700001;4,7
01.09.2025 07:11:22;0,000159;0,020372;0,186986;0,271748;0;0,480197;52,799999;5,6
01.09.2025 07:16:24;0,003922;0,02692;0,286663;0,275022;0,001819;0,582057;52,799999;5,6
01.09.2025 07:21:27;0;0,023931;0,278465;0,316174;0;0,619295;52,900002;6,5
01.09.2025 07:26:28;0,006262;0,02555;0,371564;0,275936;0,004015;0,66137;52,900002;5
01.09.2025 07:31:28;0,000126;0,025635;0,369873;0,273926;0;0,669434;53;4,8
01.09.2025 07:36:30;0,002524;0,024737;0,363786;0,170252;0;0,55732;53;4,1
01.09.2025 07:41:31;0,009296;0,02409;0,320465;0,30769;0;0,64239;53;5,7
01.09.2025 07:46:32;0,000525;0,0219;0,291995;0,29528;0;0,60881;53,099998;5,4
01.09.2025 07:51:35;0,000601;0,021755;0,262512;0,298045;0;0,580136;53,099998;6,6
01.09.2025 07:56:37;0,001535;0,024737;0,191351;0,35651;0,000364;0,571871;53,200001;4,5
01.09.2025 08:01:39;0,000341;0,026193;0,245919;0,296849;0;0,568961;53,200001;6,9
01.09.2025 08:06:41;0,005843;0,018917;0,258288;0,38343;0;0,654814;53,299999;7,6
01.09.2025 08:11:42;0,005372;0,034309;0,299295;0,319005;0,003285;0,64385;53,299999;4,7
01.09.2025 08:16:44;0,004581;0,034196;0,298304;0,282298;0;0,61116;53,299999;4,9
01.09.2025 08:21:46;0,006366;0,017462;0,328135;0,269201;0;0,606795;53,299999;5,9
01.09.2025 08:26:49;0,004487;0,026106;0,279191;0,310373;0;0,612044;53,400002;5,9
01.09.2025 08:31:50;0,005612;0,02847;0,313895;0,398574;0;0,734369;53,400002;8,2
01.09.2025 08:36:50;0,009464;0,02417;0,300293;0,505737;0;0,821777;53,5;11,4
01.09.2025 08:41:52;0,000921;0,034196;0,251012;0,710473;0;0,993863;53,599998;13,8
01.09.2025 08:46:54;0,003331;0,026193;0,270657;0,896368;0;1,190307;53,799999;19,700001
01.09.2025 08:51:55;0,003582;0,032849;0,229216;1,183311;0;1,440997;53,900002;24,1
01.09.2025 08:56:54;0,009519;0,037478;0,334367;1,187552;0;1,550579;53,900002;23,6
01.09.2025 09:01:56;0;0,02692;0,345596;1,413671;0;1,78546;53,900002;29,200001
01.09.2025 09:06:58;0;0,031286;0,371061;1,875315;0;2,277298;54;38
01.09.2025 09:12:00;0,003968;0,038561;0,450367;2,120143;0;2,606161;54,099998;42,299999
01.09.2025 09:17:02;0,001899;0,076395;0,491111;2,413354;0;2,978677;54,099998;45,799999
01.09.2025 09:22:05;0,000068;0,163163;0,422049;2,464491;0;3,050066;54,099998;44,5
01.09.2025 09:27:06;0,001437;0,264256;0,476683;2,451302;0;3,19151;54,099998;45,700001
01.09.2025 09:32:08;0,002399;0,412533;0,440181;2,436273;0;3,284257;54,099998;45,599998
01.09.2025 09:37:10;0,000819;0,624984;0,379792;2,421358;0;3,426861;54,099998;45,599998
01.09.2025 09:42:12;0,000171;1,129191;0,422719;2,467195;0;4,017649;54,099998;45,599998
01.09.2025 09:47:14;0;1,733075;0,424174;2,466467;0;4,624444;54,099998;45,599998
01.09.2025 09:52:16;0,008026;0,531855;0,378337;2,004823;0;2,90592;53,900002;23,299999
01.09.2025 09:57:18;0,001648;0,040016;0,317221;1,150654;0;1,507528;53,799999;15,8
01.09.2025 10:02:20;0,005934;0,028375;0,322314;0,692284;0;1,036062;53,700001;11,4
01.09.2025 10:07:22;0,010186;0,301215;0,35651;1,427859;0;2,076489;54,099998;45,799999
01.09.2025 10:12:25;0,003807;0,852075;0,364035;2,418443;0;3,630202;54,099998;45,700001
01.09.2025 10:17:25;0;0,94043;0,357422;2,47522;0;3,771973;54,200001;45,700001
01.09.2025 10:22:28;0;0,883257;0,336479;2,477181;0;3,696918;54,200001;45,700001
01.09.2025 10:27:29;0,000285;0,767948;0,410984;2,475391;0;3,655783;54,299999;45,700001
01.09.2025 10:32:30;0;0,768678;0,408794;2,483056;0;3,660163;54,299999;45,599998
01.09.2025 10:37:32;0;0,810515;0,40453;2,474834;0;3,690242;54,299999;45,599998
01.09.2025 10:42:34;0;0,613343;0,403075;2,472288;0;3,486522;54,400002;45,400002
01.09.2025 10:47:37;0;0,578686;0,390867;2,468842;0;3,440207;54,599998;45,200001
01.09.2025 10:52:38;0;0,838027;0,302215;2,477581;0;3,617823;55;44,799999
01.09.2025 10:57:40;0;1,313994;0,333228;2,055753;0;3,703338;56,299999;18,9
01.09.2025 11:02:43;0;3,319829;0,185644;0,192895;0,014503;3,682414;54,400002;0
01.09.2025 11:07:44;0;3,674033;0,241626;0;0;3,917119;54;0
01.09.2025 11:12:46;0;3,529449;0,324497;0;0;3,853218;53,900002;0
01.09.2025 11:17:49;0;3,371316;0,291518;0;0;3,662109;53,799999;0
01.09.2025 11:22:50;0;3,81273;0,288345;0;0;4,101076;53,700001;0
01.09.2025 11:27:51;0;2,883455;0,283236;0;0;3,16669;53,700001;0
01.09.2025 11:32:54;0;2,220471;0,273389;0;0;2,494585;53,599998;0
01.09.2025 11:37:53;0;2,446387;0,153588;0;0;2,598505;53,599998;0
01.09.2025 11:43:00;0;2,595207;0,128114;0;0;2,724037;53,599998;0
01.09.2025 11:48:01;0;2,604599;0,154758;0;0;2,759357;53,5;0
01.09.2025 11:53:04;0;2,778852;0,154461;0;0;2,934039;53,599998;0
01.09.2025 11:58:05;0;2,57686;0,263526;0;0;2,839656;53,5;0
01.09.2025 12:03:05;0;3,049805;0,225586;0;0;3,276855;53,5;0
01.09.2025 12:08:06;0;2,717017;0,212427;0;0;2,927254;53,5;0
01.09.2025 12:13:07;0;2,207485;0,213887;0;0;2,422102;53,5;0
01.09.2025 12:18:09;0;2,128874;0,212451;0;0;2,341325;53,5;0
01.09.2025 12:23:11;0;2,156522;0,115684;0;0;2,272933;53,5;0
01.09.2025 12:28:14;0;2,121123;0,14866;0;0;2,269783;53,5;0
01.09.2025 12:33:16;0;1,658863;0,277205;0;0;1,93534;53,400002;0
01.09.2025 12:38:22;0,004712;0,267119;1,823156;0;0,003231;2,082376;53,400002;0
01.09.2025 12:43:23;0,003992;0,213887;2,246175;0;0,393099;2,061488;52,900002;-25,1
01.09.2025 12:48:25;0,000011;0,042927;3,322819;0;1,42895;1,93825;52,799999;-19,4
01.09.2025 12:53:25;0,001247;0,035156;2,523926;0,310181;0,234009;2,635254;53,299999;18,700001
01.09.2025 12:58:26;0;0,763568;0,64604;2,222815;0;3,632423;56,400002;23,200001
01.09.2025 13:03:27;0;3,438246;0,169357;0,121908;0,00511;3,724402;54,799999;0
01.09.2025 13:08:29;0;3,354832;0,181893;0;0;3,535997;54,400002;0
01.09.2025 13:13:31;0;3,449416;0,192806;0;0;3,642222;54,200001;0
01.09.2025 13:18:33;0;2,710203;0,183348;0;0;2,894279;54,099998;0
01.09.2025 13:23:35;0;2,866631;0,279387;0;0;3,146019;54;0
01.09.2025 13:28:38;0;2,691832;0,341555;0;0;3,032662;53,900002;0
01.09.2025 13:33:40;0;2,574148;0,306308;0;0;2,879728;53,900002;0
01.09.2025 13:38:42;0;2,250378;0,27575;0;0;2,527583;53,799999;0
01.09.2025 13:43:44;0;1,535176;0,259015;0;0;1,792736;53,799999;0
01.09.2025 13:48:45;0;2,135217;0,175197;0;0;2,312604;53,700001;0
01.09.2025 13:53:47;0;2,714569;0,101132;0;0;2,815701;53,700001;0
01.09.2025 13:58:49;0;2,087402;0,106953;0;0;2,191445;53,700001;0
01.09.2025 14:03:51;0;2,120871;0,162976;0;0;2,286029;53,700001;0
01.09.2025 14:08:53;0;1,825477;0,248102;0;0;2,075034;53,599998;0
01.09.2025 14:13:55;0;2,000821;0,269201;0;0;2,267112;53,599998;0
01.09.2025 14:18:57;0;2,29185;0,235733;0;0;2,529038;53,599998;0
01.09.2025 14:24:00;0;2,830339;0,208124;0;0;3,037013;53,599998;0
01.09.2025 14:29:01;0;2,027908;0,208047;0;0;2,236685;53,599998;0
01.09.2025 14:34:01;0;1,281006;0,130371;0;0;1,412109;53,599998;0
01.09.2025 14:39:03;0;1,014962;0,112046;0;0;1,126281;53,599998;0
01.09.2025 14:44:06;0;1,116762;0,10805;0;0;1,225538;53,5;0
01.09.2025 14:49:09;0;1,369121;0,113852;0;0;1,482248;53,5;0
01.09.2025 14:54:09;0;1,341064;0,213867;0;0;1,555664;53,5;0
01.09.2025 14:59:11;0;1,390389;0,208813;0;0;1,599202;53,5;0
01.09.2025 15:04:13;0;1,418764;0,241554;0;0;1,660318;53,5;0
01.09.2025 15:09:15;0;1,493704;0,294666;0;0;1,78837;53,5;0
01.09.2025 15:14:33;0;1,683879;0,306788;0;0;1,989976;53,5;0
01.09.2025 15:19:29;0;1,698427;0,26872;0;0;1,967147;53,5;0
01.09.2025 15:24:29;0;1,517578;0,220459;0;0;1,73877;53,5;0
01.09.2025 15:29:29;0;1,099365;0,229248;0;0;1,328613;53,400002;0
01.09.2025 15:34:29;0;0,81958;0,170654;0;0;0,990234;53,5;0
01.09.2025 15:39:31;0,000693;0,618436;0,252467;0;0,001455;0,867265;53,400002;0
01.09.2025 15:44:31;0;0,7771;0,274658;0;0;1,053223;53,400002;0
01.09.2025 15:49:32;0;1,019794;0,223377;0;0;1,242441;53,400002;0
01.09.2025 15:54:34;0;1,034607;0,223364;0;0;1,258699;53,400002;0
01.09.2025 15:59:36;0;0,765405;0,222637;0;0;0,988042;53,400002;0
01.09.2025 16:04:37;0;0,835837;0,179577;0;0;1,014684;53,400002;0
01.09.2025 16:09:39;0;0,794508;0,112774;0;0;0,908009;53,400002;0
01.09.2025 16:14:42;0;0,53445;0,108776;0;0;0,642501;53,400002;0
01.09.2025 16:19:43;0;0,392734;0,111688;0;0;0,503692;53,400002;0
01.09.2025 16:24:43;0,003078;0,311279;0,215332;0;0,004028;0,521484;53,400002;0
01.09.2025 16:29:45;0;0,290301;0,297577;0;0;0,586423;53,400002;0
01.09.2025 16:34:47;0;0,361603;0,286663;0;0;0,648994;53,400002;0
01.09.2025 16:39:49;0;0,421991;0,277205;0;0;0,699924;53,400002;0
01.09.2025 16:44:52;0;0,516321;0,234955;0;0;0,751276;53,400002;0
01.09.2025 16:49:53;0;0,585451;0,132128;0;0;0,716849;53,299999;0
01.09.2025 16:54:56;0;0,460483;0,123279;0;0;0,584487;53,299999;0
01.09.2025 16:59:58;0;0,369606;0,12587;0;0;0,493293;53,299999;0
01.09.2025 17:05:00;0,005639;0,195717;0,212451;0;0,005821;0,398709;53,299999;0
01.09.2025 17:10:01;0,002167;0,00292;0,334335;0;0;0,335795;53,299999;0
01.09.2025 17:15:03;0,026215;0,006548;0,347052;0;0,036379;0,291029;53,200001;-3
01.09.2025 17:20:05;0;0,02692;0,408168;0;0,153518;0,280843;53,099998;-2,8
01.09.2025 17:25:07;0,046519;0,011641;0,400164;0;0,074212;0,291029;53,099998;0
01.09.2025 17:30:07;0,025372;0,013916;0,336914;0;0;0,325195;53,200001;0
01.09.2025 17:35:09;0;0,119322;0,208085;0;0;0,328862;53,200001;0
01.09.2025 17:40:11;0;0,141876;0,117867;0;0;0,259015;53,200001;0
01.09.2025 17:45:13;0;0,133146;0,119322;0;0;0,25174;53,200001;0
01.09.2025 17:50:16;0;0,121103;0,119653;0;0;0,240756;53,200001;0
01.09.2025 17:55:18;0,038095;0,042199;0,213906;0;0,01055;0,205175;53,200001;-2,2
01.09.2025 18:00:19;0,003342;0,02263;0,344555;0;0,186877;0,179577;53;-3,8
01.09.2025 18:05:21;0,008083;0,0211;0,342686;0;0,184803;0,170252;53;-3,6
01.09.2025 18:10:24;0,005654;0,025381;0,327777;0;0,178392;0,168239;53;-3,2
01.09.2025 18:15:25;0,021603;0,00803;0,257686;0;0,052194;0,191257;53,099998;0
01.09.2025 18:20:25;0,011673;0,030029;0,161133;0;0;0,180176;53,099998;0
01.09.2025 18:25:27;0,000011;0,013096;0,134601;0;0;0,146969;53,099998;0
01.09.2025 18:30:29;0;0,045837;0,133873;0;0;0,180438;53,099998;0
01.09.2025 18:35:32;0;0,038434;0,134156;0;0;0,172591;53,200001;0
01.09.2025 18:40:33;0,008315;0,02628;0,282506;0;0,173007;0,127018;53;-3,9
01.09.2025 18:45:35;0;0,018917;0,280843;0;0,204448;0,096039;53;-3,9
01.09.2025 18:50:43;0,000981;0,019975;0,284646;0;0,207955;0,094169;53;-4,1
01.09.2025 18:55:42;0,000482;0,019107;0,282926;0;0,208336;0,094064;53;-3,9
01.09.2025 19:00:43;0,007357;0,01752;0,280316;0;0,209142;0,083219;53;-2,5
01.09.2025 19:05:43;0,009567;0,026367;0,311279;0;0,249756;0,076172;52,900002;-5,5
01.09.2025 19:10:43;0;0,021973;0,337646;0;0,284546;0,076172;52,900002;-5,8
01.09.2025 19:15:45;0;0,024737;0,333955;0;0,313219;0,045109;52,900002;-6,2
01.09.2025 19:20:45;0,00658;0,028564;0,424805;0;0,42627;0,020508;52,900002;-8,9
01.09.2025 19:25:47;0,000034;0,02401;0,464191;0;0,462735;0,026193;52,900002;-8,3
01.09.2025 19:30:50;0;0,024656;0,389416;0;0,378176;0,034808;52,900002;-6,6
01.09.2025 19:35:52;0,001467;0,028375;0,347779;0;0,352508;0,021827;52,900002;-6,9
01.09.2025 19:40:53;0;0,02336;0,316085;0;0,328495;0,01168;53;-6
01.09.2025 19:45:55;0,0049;0,027648;0,304125;0;0,323769;0,00291;53;-6,2
01.09.2025 19:50:57;0,00141;0,023282;0,211723;0;0,232823;0,001455;53;-4,2
01.09.2025 19:56:00;0,004204;0,026106;0,174766;0;0,196521;0;53;-3,7
01.09.2025 20:01:01;0,007311;0,02701;0,170087;0;0,188337;0;53;-3,6
01.09.2025 20:06:01;0,010345;0,032959;0,194092;0;0,216431;0;53;-6,1
01.09.2025 20:11:03;0,003194;0,018189;0,289573;0;0,305944;0;53;-5,8
01.09.2025 20:16:05;0,000364;0,030558;0,266291;0;0,296122;0;53;-5,5
01.09.2025 20:21:07;0,000102;0,022555;0,269201;0;0,29212;0;53;-5,7
01.09.2025 20:26:09;0,000898;0,023282;0,267746;0;0,290301;0;53;-5,5
01.09.2025 20:31:11;0,007605;0,021827;0,260471;0;0,274294;0;53;-4,7
01.09.2025 20:36:13;0;0,022555;0,217544;0;0,239735;0;53;-4,5
01.09.2025 20:41:15;0;0,022555;0,214634;0;0,237552;0;53;-4,3
01.09.2025 20:46:17;0;0,023282;0,212451;0;0,235733;0;53;-4,4
01.09.2025 20:51:20;0,005722;0,030457;0,243657;0;0,268676;0;53;-5,7
01.09.2025 20:56:22;0;0,022555;0,277932;0;0,299759;0;53;-5,7
01.09.2025 21:01:22;0,00523;0,028564;0,3479;0;0,37207;0;52,900002;-8,8
01.09.2025 21:06:23;0;0,02263;0,430693;0;0,452593;0;52,900002;-8,5
01.09.2025 21:11:26;0;0,023205;0,422049;0;0,445617;0;52,900002;-8,3
01.09.2025 21:16:28;0;0,024737;0,414716;0;0,439453;0;52,900002;-8,3
01.09.2025 21:21:29;0,000023;0,02482;0,271556;0;0,297105;0;53;-4,7
01.09.2025 21:26:31;0,002535;0,021827;0,231368;0;0,249557;0;53;-3,8
01.09.2025 21:31:34;0;0,02248;0,175491;0;0,198334;0;53;-3,8
01.09.2025 21:36:36;0,001478;0,023282;0,17389;0;0,195717;0;53;-3,8
01.09.2025 21:41:37;0,00657;0,03066;0,294915;0;0,31864;0;53;-6,1
01.09.2025 21:46:39;0,001842;0,022555;0,293939;0;0,315038;0;53;-5,7
01.09.2025 21:51:41;0,000125;0,018917;0,272839;0;0,291392;0;53;-5,6
01.09.2025 21:56:43;0,007787;0,02401;0,303397;0;0,319404;0;52,900002;-6,9
01.09.2025 22:01:45;0,006889;0,021827;0,351417;0;0,36706;0;52,900002;-6,6
01.09.2025 22:06:47;0,002137;0,024737;0,231368;0;0,253559;0;53;-4,2
01.09.2025 22:11:49;0,010402;0,023282;0,213906;0;0,226638;0;53;-4,2
01.09.2025 22:16:51;0,007401;0,028375;0,154973;0;0,175708;0;53;-3,5
01.09.2025 22:21:53;0,018837;0,026193;0,181165;0;0,188077;0;53;-6,2
01.09.2025 22:26:55;0,000284;0,026193;0,288846;0;0,315402;0;53;-6
01.09.2025 22:31:55;0,000526;0,022705;0,282715;0;0,304321;0;53;-5,5
01.09.2025 22:37:02;0,000112;0,02004;0,270543;0;0,290583;0;53;-5,5
01.09.2025 22:42:03;0;0,0219;0,265716;0;0,28944;0;53;-5,5
01.09.2025 22:47:05;0,000341;0,021827;0,245192;0;0,265927;0;53;-3,8
01.09.2025 22:52:04;0,00279;0,024986;0,213848;0;0,235159;0;53;-4,7
01.09.2025 22:57:05;0,00495;0,02701;0,248196;0;0,269731;0;53;-7
01.09.2025 23:02:07;0;0,024737;0,336866;0;0,361967;0;52,900002;-6,7
01.09.2025 23:07:10;0,006527;0,027556;0,395218;0;0,41661;0;52,900002;-7,6
01.09.2025 23:12:11;0;0,02555;0,364264;0;0,390179;0;52,900002;-7,3
01.09.2025 23:17:13;0;0,027648;0,35651;0;0,383066;0;52,900002;-7,1
01.09.2025 23:22:15;0;0,02401;0,348507;0;0,373244;0;52,900002;-7
01.09.2025 23:27:17;0,000728;0,027648;0,268474;0;0,295758;0;53;-5,4
01.09.2025 23:32:19;0,002024;0,040016;0,30558;0;0,343414;0;52,900002;-6,6
01.09.2025 23:37:21;0,00507;0,020372;0,227002;0;0,243009;0;53;-5,8
01.09.2025 23:42:23;0,006173;0,025465;0,222637;0;0,240826;0;53;-4,6
01.09.2025 23:47:26;0,010696;0,01958;0,211025;0;0,220089;0;53;-3,8
01.09.2025 23:52:27;0,013151;0,02409;0,215347;0;0,225931;0;53;-6,2
01.09.2025 23:57:29;0,004718;0,02692;0,303397;0;0,325952;0;52,900002;-6,3
02.09.2025 00:02:31;0,002512;0,046565;0,273567;0;0,317949;0;52,900002;-6,5
02.09.2025 00:07:33;0,012175;0,027648;0,296122;0;0,310673;0;52,900002;-6
02.09.2025 00:12:36;0,000125;0,031182;0,268313;0;0,30022;0;52,900002;-5,6
02.09.2025 00:17:37;0,009239;0,02482;0,249656;0;0,265716;0;53;-4,7
02.09.2025 00:22:39;0,003024;0,02692;0,168069;0;0,192443;0;53;-3,8
02.09.2025 00:27:41;0,001569;0,022555;0,17389;0;0,193534;0;53;-3,8
02.09.2025 00:32:43;0,00557;0,018917;0,181893;0;0,194625;0;53;-3,6
02.09.2025 00:37:45;0,005525;0,027648;0,250285;0;0,273203;0;53;-6
02.09.2025 00:42:47;0,001501;0,028375;0,341231;0;0,368515;0;52,900002;-7,1
02.09.2025 00:47:50;0,000136;0,023931;0,353158;0;0,376363;0;52,900002;-7
02.09.2025 00:52:52;0,000193;0,024737;0,341231;0;0,365968;0;52,900002;-6,9
02.09.2025 00:57:54;0,004979;0,026193;0,413988;0;0,43436;0;52,900002;-8,5
02.09.2025 01:02:55;0,000445;0,02117;0,375944;0;0,397844;0;52,900002;-6,5
02.09.2025 01:07:57;0;0,027648;0,314311;0;0,340867;0;52,900002;-6,2
02.09.2025 01:12:59;0;0,02401;0,293211;0;0,316494;0;52,900002;-5
02.09.2025 01:18:01;0;0,020372;0,245192;0;0,267746;0;53;-5,2
02.09.2025 01:23:03;0,004229;0,027648;0,272112;0;0,29503;0;52,900002;-6
02.09.2025 01:28:05;0;0,025465;0,289573;0;0,315402;0;52,900002;-6
02.09.2025 01:33:08;0,000793;0,024656;0,279191;0;0,302396;0;52,900002;-5,6
02.09.2025 01:38:09;0,00073;0,02409;0,281046;0;0,30404;0;52,900002;-5,6
02.09.2025 01:43:11;0;0,019644;0,276477;0;0,296849;0;52,900002;-5,6
02.09.2025 01:48:13;0;0,021827;0,253195;0;0,274294;0;53;-3,7
02.09.2025 01:53:15;0,006264;0,02401;0,17389;0;0,191351;0;53;-2,7
02.09.2025 01:58:17;0,006832;0,024737;0,170979;0;0,189532;0;53;-3,6
02.09.2025 02:03:18;0,003262;0,02263;0,169357;0;0,189067;0;53;-3,6
02.09.2025 02:08:21;0,008045;0,033358;0,289343;0;0,313636;0;52,900002;-7
02.09.2025 02:13:22;0,000639;0,02263;0,348935;0;0,371564;0;52,900002;-6,9
02.09.2025 02:18:24;0,004115;0,02401;0,337593;0;0,357601;0;52,900002;-6
02.09.2025 02:23:26;0,003695;0,022555;0,312128;0;0,330681;0;52,900002;-5,4
02.09.2025 02:28:28;0,000455;0,023282;0,264836;0;0,287754;0;52,900002;-5,4
02.09.2025 02:33:30;0,008219;0,018917;0,188441;0;0,198627;0;53;-3,5
02.09.2025 02:38:32;0,001171;0,022555;0,1768;0;0,199355;0;53;-4,5
02.09.2025 02:43:35;0,000181;0,020305;0,221177;0;0,241119;0;53;-4,6
02.09.2025 02:48:36;0,007311;0,02701;0,237976;0;0,256956;0;52,900002;-7
02.09.2025 02:53:38;0,00681;0,027648;0,400164;0;0,4209;0;52,799999;-8,9
02.09.2025 02:58:40;0;0,023282;0,403802;0;0,427084;0;52,900002;-7,6
02.09.2025 03:03:43;0;0,026106;0,373463;0;0,400294;0;52,900002;-7,4
02.09.2025 03:08:44;0;0,02774;0,364994;0;0,392734;0;52,900002;-7,4
02.09.2025 03:13:47;0;0,029007;0,362585;0;0,391592;0;52,900002;-7,4
02.09.2025 03:18:49;0,000205;0,02983;0,295394;0;0,324133;0;52,900002;-3,6
02.09.2025 03:23:51;0,009379;0,023282;0,170252;0;0,185167;0;52,900002;-3,5
02.09.2025 03:28:53;0,007594;0,02692;0,170979;0;0,189896;0;53;-3,6
02.09.2025 03:33:54;0,003639;0,02774;0,205127;0;0,228486;0;53;-4,4
02.09.2025 03:38:56;0,007696;0,02401;0,27575;0;0,293211;0;52,900002;-7
02.09.2025 03:43:58;0,000023;0,024737;0,343414;0;0,367787;0;52,900002;-7
02.09.2025 03:49:00;0,001307;0,024737;0,325224;0;0,348143;0;52,900002;-5,8
02.09.2025 03:54:02;0;0,031286;0,275022;0;0,305944;0;52,900002;-5,6
02.09.2025 03:59:04;0,002376;0,0211;0,280115;0;0,299759;0;52,900002;-5,6
02.09.2025 04:04:06;0,010709;0,016734;0,253922;0;0,259015;0;52,900002;-3,7
02.09.2025 04:09:08;0;0,024737;0,166614;0;0,192443;0;53;-3,7
02.09.2025 04:14:11;0,000567;0,034808;0,152286;0;0,185644;0;53;-3,4
02.09.2025 04:19:13;0,00806;0,024737;0,165159;0;0,182257;0;53;-3,7
02.09.2025 04:24:14;0,007015;0,02701;0,264986;0;0,284696;0;52,900002;-5,8
02.09.2025 04:29:16;0,001194;0,026193;0,296849;0;0,322314;0;52,900002;-7
02.09.2025 04:34:18;0;0,024737;0,344141;0;0,368879;0;52,900002;-6,8
02.09.2025 04:39:20;0;0,025465;0,33541;0;0,360512;0;52,900002;-6,8
02.09.2025 04:44:23;0,000136;0,025381;0,332128;0;0,357509;0;52,900002;-4,6
02.09.2025 04:49:25;0,005502;0,022555;0,202992;0;0,219727;0;52,900002;-5,4
02.09.2025 04:54:27;0;0,023282;0,255378;0;0,279751;0;52,900002;-5,1
02.09.2025 04:59:29;0;0,019644;0,240826;0;0,260471;0;52,900002;-4,7
02.09.2025 05:04:30;0,00527;0,02555;0,286156;0;0,30623;0;52,900002;-7,4
02.09.2025 05:09:32;0,002399;0,022555;0,417626;0;0,43727;0;52,799999;-8,4
02.09.2025 05:14:34;0,000023;0,023282;0,412533;0;0,435451;0;52,799999;-6,8
02.09.2025 05:19:36;0;0,024737;0,333955;0;0,35942;0;52,799999;-6,8
02.09.2025 05:24:38;0;0,025465;0,30267;0;0,327407;0;52,900002;-5,6
02.09.2025 05:29:40;0;0,022555;0,266291;0;0,289573;0;52,900002;-5,8
02.09.2025 05:34:42;0,003854;0,02692;0,163704;0;0,186986;0;52,900002;-2,5
02.09.2025 05:39:43;0,002258;0,0219;0,172277;0;0,191257;0;52,900002;-3,7
02.09.2025 05:44:44;0;0,02336;0,170087;0;0,193447;0;52,900002;-3,7
02.09.2025 05:49:46;0,009481;0,032013;0,236461;0;0,258652;0;52,900002;-7,4
02.09.2025 05:54:48;0,003877;0,042927;1,444229;0;1,483518;0;52,400002;-34,200001
02.09.2025 05:59:50;0,040858;0,053113;2,662911;0;2,675644;0;52,299999;-44,799999
02.09.2025 06:04:53;0,00673;0,053663;1,558391;0;1,605164;0;52,5;-24,299999
02.09.2025 06:09:55;0,002626;0,048747;1,291439;0;1,337276;0;52,5;-25,1
02.09.2025 06:14:57;0,000375;0,064754;1,268157;0;1,332183;0;52,5;-24,9
02.09.2025 06:19:58;0,003958;0,036499;0,731449;0;0,764298;0;52,799999;-6,2
02.09.2025 06:25:00;0,000011;0,026193;0,234278;0;0,260834;0;52,900002;-4,9
02.09.2025 06:30:02;0,005468;0,028375;0,216816;0;0,239735;0;52,900002;-4,7
02.09.2025 06:35:05;0,010776;0,026831;0,348807;0;0,364035;0;52,900002;-7,2
02.09.2025 06:40:06;0,000023;0,02847;0,357694;0;0,386529;0;52,900002;-7,1
02.09.2025 06:45:08;0;0,025465;0,352145;0;0,37761;0;52,900002;-7
02.09.2025 06:50:10;0,005048;0,027648;0,440181;0;0,463099;0;52,799999;-8,7
02.09.2025 06:55:13;0,000045;0,021755;0,385065;0;0,407546;0;52,799999;-7,6
02.09.2025 07:00:14;0,00016;0,0292;0,324115;0;0,352219;0;52,900002;-5,1
02.09.2025 07:05:16;0,000546;0,018917;0,255378;0;0,273931;0;52,900002;-5,1
02.09.2025 07:10:18;0,000955;0,020372;0,253195;0;0,271748;0;52,900002;-5,1
02.09.2025 07:15:21;0,008963;0,026106;0,386516;0;0,40392;0;52,5;-35,5
02.09.2025 07:20:22;0,005806;0,045989;1,879721;0;1,91987;0;52,299999;-28,9
02.09.2025 07:25:24;0,001683;0,039289;3,017966;0;3,055072;0;51,700001;-73,5
02.09.2025 07:30:27;0,022662;0,030457;3,68749;0;3,69583;0;51,700001;-64,199997
02.09.2025 07:35:28;0,00049;0,071539;2,446192;0;2,506781;0,01022;52,200001;-7,1
02.09.2025 07:40:30;0,000057;0,025465;0,343414;0;0,321587;0,046565;52,400002;-5,2
02.09.2025 07:45:33;0,005541;0,023931;0,280641;0;0,218639;0,081219;52,5;-3,1
02.09.2025 07:50:34;0,024649;0,00219;0,162057;0;0,01971;0,119718;52,5;-0,3
02.09.2025 07:55:35;0;0,01825;0,139428;0;0,015695;0,143078;52,599998;-0,3
02.09.2025 08:00:36;0;0,045989;0,141618;0;0,015695;0,170817;52,599998;-0,3
02.09.2025 08:05:38;0,011721;0,035651;0,23355;0;0,02401;0,232823;52,599998;-0,3
02.09.2025 08:10:38;0;0,082764;0,252686;0;0,016113;0,320801;52,599998;-0,3
02.09.2025 08:15:40;0,001057;0,044382;0,299759;0,074212;0,001819;0,413261;52,599998;0,9
02.09.2025 08:20:42;0,003297;0,042927;0,314311;0,080397;0,002546;0,432177;52,700001;1,5
02.09.2025 08:25:45;0,001054;0,032633;0,336479;0,108413;0,000363;0,477162;52,700001;2,5
02.09.2025 08:30:46;0,001916;0,02336;0,253306;0,229946;0,000365;0,505152;52,799999;4,9
02.09.2025 08:35:46;0,000732;0,019043;0,236572;0,231445;0;0,484863;52,799999;3,7
02.09.2025 08:40:48;0,00008;0,020372;0,192806;0,235006;0;0,449639;52,799999;4,9
02.09.2025 08:45:50;0,007708;0,030558;0,272112;0,199355;0,007639;0,486018;52,799999;1,9
02.09.2025 08:50:52;0,000443;0,021827;0,381247;0,156792;0;0,56023;52,799999;3,5
02.09.2025 08:55:52;0,001064;0,019775;0,366211;0,174683;0;0,55957;52,799999;3,4
02.09.2025 09:00:54;0;0,02401;0,35942;0,156064;0;0,538403;52,799999;2,7
02.09.2025 09:05:56;0,00224;0,024737;0,40453;0,150243;0,001455;0,576237;52,799999;3,9
02.09.2025 09:10:58;0,000261;0,020372;0,373972;0,315402;0;0,708655;52,900002;8,1
02.09.2025 09:16:00;0,001762;0,030558;0,299032;0,555865;0;0,884727;53,099998;13
02.09.2025 09:21:00;0,002609;0,032227;0,215332;0,692139;0;0,9375;53,099998;13,1
02.09.2025 09:26:03;0,005291;0,027556;0,225528;0,733872;0;0,98043;53,200001;14,8
02.09.2025 09:31:04;0,000274;0,02701;0,200747;0,776343;0;1,004464;53,200001;12,9
02.09.2025 09:36:06;0,004536;0,045109;0,272112;0,582421;0,001091;0,893458;53,200001;9,1
02.09.2025 09:41:08;0,000762;0,023282;0,312128;0,449275;0;0,782867;53,299999;11
02.09.2025 09:46:10;0,002819;0,026193;0,317949;0,790506;0;1,133556;53,5;18,4
02.09.2025 09:51:12;0;0,032013;0,319404;1,068802;0;1,420219;53,599998;19,700001
02.09.2025 09:56:14;0,003013;0,044382;0,291756;0,969853;0;1,303808;53,599998;16
02.09.2025 10:01:15;0,001072;0,02628;0,226296;0,831822;0;1,081843;53,700001;15,1
02.09.2025 10:06:16;0,006251;0,02701;0,225566;0,717944;0;0,965045;53,599998;11,5
02.09.2025 10:11:18;0,007185;0,032013;0,267746;0,55732;0;0,849803;53,599998;10,2
02.09.2025 10:16:20;0,011437;0,029103;0,291756;0,546406;0,002546;0,854169;53,599998;7,8
02.09.2025 10:21:22;0,000432;0,034923;0,370334;0,468192;0;0,873086;53,599998;10
02.09.2025 10:26:25;0,002345;0,023931;0,347357;0,696163;0;1,06455;53,700001;15,3
02.09.2025 10:31:26;0,000719;0,02555;0,313165;0,797878;0;1,134402;53,700001;13,7
02.09.2025 10:36:28;0,001455;0,033468;0,298304;0,671912;0;1,004049;53,700001;11,5
02.09.2025 10:41:30;0,006525;0,032741;0,357238;0,561685;0,000364;0,944388;53,700001;10,8
02.09.2025 10:46:32;0,000989;0,023282;0,350689;0,629349;0;1,001138;53,700001;12,9
02.09.2025 10:51:32;0,001339;0,0271;0,342773;0,765381;0;1,135254;53,799999;15,9
02.09.2025 10:56:34;0;0,027648;0,30849;0,908373;0;1,244147;53,799999;17,4
02.09.2025 11:01:36;0,004002;0,032741;0,378337;0,866901;0,000364;1,27325;53,799999;16,799999
02.09.2025 11:06:38;0,002865;0,024737;0,401619;0,96003;0;1,385296;53,900002;18,9
02.09.2025 11:11:38;0,000366;0,026367;0,328125;1,075928;0;1,428223;53,900002;21
02.09.2025 11:16:41;0,000079;0,026831;0,333578;1,230976;0;1,592474;53,900002;24,700001
02.09.2025 11:21:43;0,000364;0,030558;0,324497;1,236508;0;1,589016;53,900002;21,5
02.09.2025 11:26:45;0,000011;0,024737;0,263381;1,042246;0;1,331456;53,799999;17,200001
02.09.2025 11:31:46;0,00016;0,037959;0,196367;0,95008;0;1,184041;53,799999;17,200001
02.09.2025 11:36:48;0,000057;0,02983;0,205175;0,950208;0;1,185941;53,799999;18
02.09.2025 11:41:50;0,009095;0,025465;0,220454;0,878906;0;1,114639;53,799999;14,5
02.09.2025 11:46:51;0,008566;0,034309;0,312435;0,762838;0;1,100823;53,799999;15,9
02.09.2025 11:51:52;0,003798;0,0292;0,343825;1,087318;0;1,457057;53,900002;23,700001
02.09.2025 11:56:54;0,003024;0,042927;0,375427;1,172118;0;1,587561;53,900002;20,9
02.09.2025 12:01:56;0,002637;0,029103;0,385613;1,218682;0;1,631215;53,900002;23,700001
02.09.2025 12:06:58;0,003808;0,029103;0,371061;1,129191;0;1,526445;53,799999;16,9
02.09.2025 12:11:59;0,001038;0,0292;0,268636;0,909201;0;1,204481;53,900002;20
02.09.2025 12:17:00;0,002909;0,033579;0,297835;1,320184;0;1,649774;54;28
02.09.2025 12:22:02;0,000239;0,031286;0,30849;1,588288;0;1,928064;54;29,299999
02.09.2025 12:27:04;0,014415;0,044382;0,327407;1,439864;0;1,797101;53,900002;24,9
02.09.2025 12:32:05;0,002407;0,041609;0,346745;1,485892;0;1,871691;54;27,9
02.09.2025 12:37:07;0,000614;0,025465;0,336866;1,448958;0;1,810198;54;25,700001
02.09.2025 12:42:08;0,006365;0,034309;0,410254;1,27821;0;1,716933;54;24,5
02.09.2025 12:47:10;0,000034;0,030558;0,427084;1,573737;0;2,029924;54,099998;33,599998
02.09.2025 12:52:13;0,000408;0,031182;0,435102;1,760713;0;2,226272;54,099998;30,1
02.09.2025 12:57:14;0,000855;0,03139;0,352584;1,660359;0;2,045428;54,099998;30,5
02.09.2025 13:02:16;0,000216;0,028375;0,316494;1,501707;0;1,846576;54,099998;30,299999
02.09.2025 13:07:18;0,000614;0,02692;0,285936;1,739987;0;2,051751;54,200001;35,299999
02.09.2025 13:12:20;0,002001;0,034196;0,320131;2,036109;0;2,387889;54,200001;36,5
02.09.2025 13:17:22;0,006207;0,032013;0,395799;1,751628;0;2,173983;54,099998;30,299999
02.09.2025 13:22:24;0;0,032013;0,40453;1,651951;0;2,086675;54,200001;30,799999
02.09.2025 13:27:26;0,001432;0,031286;0,376154;1,690512;0;2,098316;54,299999;33,700001
02.09.2025 13:32:28;0;0,034923;0,358693;1,857854;0;2,251106;54,299999;32,599998
02.09.2025 13:37:30;0,008526;0,019644;0,352872;1,511166;0;1,874224;54,200001;24,6
02.09.2025 13:42:32;0,002478;0,040744;0,264836;1,637036;0;1,94116;54,5;32,799999
02.09.2025 13:47:34;0,000887;0,037106;0,235733;1,78837;0;2,059027;54,799999;30,4
02.09.2025 13:52:37;0,004362;0,026106;0,243657;1,483336;0;1,750561;55,700001;24,6
02.09.2025 13:57:39;0,000557;1,137194;0,189169;0,580602;0,009822;1,896051;54,700001;-0,3
02.09.2025 14:02:40;0;1,792122;0,265716;0;0,002555;2,054188;54,099998;0
02.09.2025 14:07:42;0;1,511893;0,285936;0;0;1,798556;53,900002;0
02.09.2025 14:12:44;0;1,571554;0,28448;0;0;1,855307;53,700001;0
02.09.2025 14:17:47;0;1,436562;0,278465;0;0;1,715753;53,700001;0
02.09.2025 14:22:46;0;1,344815;0,188127;0;0;1,532942;53,599998;0
02.09.2025 14:27:48;0;1,506073;0,101132;0;0;1,606478;53,599998;0
02.09.2025 14:32:50;0;1,917878;0,09895;0;0;2,016828;53,599998;0
02.09.2025 14:37:52;0;1,807287;0,152062;0;0;1,960077;53,5;0
02.09.2025 14:42:56;0;1,367509;0,297065;0;0;1,66385;53,5;0
02.09.2025 14:47:57;0;1,203021;0,353314;0;0;1,556336;53,5;0
02.09.2025 14:52:59;0;1,420219;0,341231;0;0;1,762178;53,5;0
02.09.2025 14:57:58;0;1,08614;0,332162;0;0;1,418302;53,5;0
02.09.2025 15:03:00;0;1,209224;0,259015;0;0;1,468239;53,5;0
02.09.2025 15:08:02;0;0,973491;0,209541;0;0;1,181576;53,5;0
02.09.2025 15:13:04;0;1,12337;0,128053;0;0;1,252878;53,5;0
02.09.2025 15:18:06;0;1,391844;0,115684;0;0;1,507528;53,400002;0
02.09.2025 15:23:08;0;1,850214;0,112774;0;0;1,962988;53,5;0
02.09.2025 15:28:10;0;3,055072;0,136783;0;0;3,191128;53,400002;0
02.09.2025 15:33:12;0;2,848442;0,211723;0;0;3,060165;53,400002;0
02.09.2025 15:38:15;0;1,915174;0,208124;0;0;2,123298;53,400002;0
02.09.2025 15:43:14;0;2,48754;0,20209;0;0;2,689629;53,400002;0
02.09.2025 15:48:17;0;3,439482;0,195071;0;0;3,636003;53,400002;0
02.09.2025 15:53:18;0;3,346268;0,175927;0;0;3,521465;53,400002;0
02.09.2025 15:58:20;0;3,963081;0,176072;0;0;4,139881;53,400002;0
02.09.2025 16:03:22;0;2,915379;0,165159;0;0;3,080537;53,400002;0
02.09.2025 16:08:25;0;3,802067;0,168965;0;0;3,968131;53,400002;0
02.09.2025 16:13:27;0;4,30213;0,25756;0;0;4,560418;53,400002;0
02.09.2025 16:18:29;0;2,411899;0,271384;0;0;2,683283;53,400002;0
02.09.2025 16:23:30;0;2,462981;0,257686;0;0;2,721397;53,400002;0
02.09.2025 16:28:32;0;3,930341;0,232095;0;0;4,163164;53,400002;0
02.09.2025 16:33:34;0;4,356698;0,241554;0;0;4,595341;53,400002;0
02.09.2025 16:38:36;0;1,647222;0,218999;0;0;1,868403;53,299999;0
02.09.2025 16:43:38;0;4,075855;0,209541;0;0;4,285396;53,299999;0
02.09.2025 16:48:39;0;4,293793;0,195637;0;0;4,48943;53,299999;0
02.09.2025 16:53:41;0;2,464284;0,17971;0;0;2,642539;53,299999;0
02.09.2025 16:58:43;0;1,336549;0,297577;0;0;1,634125;53,299999;0
02.09.2025 17:03:45;0;1,561368;0,222637;0;0;1,784005;53,299999;0
02.09.2025 17:08:45;0;1,582764;0,206543;0;0;1,788574;53,299999;0
02.09.2025 17:13:47;0;1,468967;0,20372;0;0;1,674869;53,299999;0
02.09.2025 17:18:50;0;1,389426;0,241482;0;0;1,628732;53,299999;0
02.09.2025 17:23:51;0;1,90673;0,203667;0;0;2,112587;53,299999;0
02.09.2025 17:28:53;0;1,500252;0,14988;0;0;1,648677;53,299999;0
02.09.2025 17:33:55;0;0,944388;0,141876;0;0;1,085537;53,299999;0
02.09.2025 17:38:58;0;0,937645;0,10805;0;0;1,047146;53,299999;0
02.09.2025 17:43:57;0;1,129497;0,217522;0;0;1,346284;53,299999;0
02.09.2025 17:48:59;0;0,736302;0,231368;0;0;0,969125;53,299999;0
02.09.2025 17:54:01;0;0,555865;0,248829;0;0;0,803239;53,299999;0
02.09.2025 17:59:03;0;0,478014;0,298304;0;0;0,775591;53,299999;0
02.09.2025 18:04:05;0;0,4882;0,299032;0;0;0,788687;53,299999;0
02.09.2025 18:09:07;0;0,646811;0,191351;0;0;0,838162;53,299999;0
02.09.2025 18:14:09;0;1,173573;0,138239;0;0;1,311084;53,299999;0
02.09.2025 18:19:11;0;2,251106;0,114229;0;0;2,364607;53,299999;0
02.09.2025 18:24:13;0;2,589427;0,147697;0;0;2,737124;53,299999;0
02.09.2025 18:29:15;0;2,257654;0,22773;0;0;2,486839;53,299999;0
02.09.2025 18:34:17;0;0,979311;0,312856;0;0;1,290712;53,299999;0
02.09.2025 18:39:19;0;0,670821;0,322314;0;0;0,992407;53,299999;0
02.09.2025 18:44:21;0,003058;0,355782;0,318676;0;0,001455;0,670821;53,299999;0
02.09.2025 18:49:24;0,059407;0,00145;0,374913;0;0,005801;0,310373;53,200001;-2,9
02.09.2025 18:54:26;0,003536;0,014551;0,323042;0;0,065118;0,269201;53,200001;0
02.09.2025 18:59:27;0,003855;0,035769;0,218997;0;0;0,252576;53,200001;0
02.09.2025 19:04:29;0;0,109863;0,1557;0;0;0,264836;53,200001;0
02.09.2025 19:09:29;0;0,209473;0,14209;0;0;0,351563;53,200001;0
02.09.2025 19:14:32;0,004068;0,159537;0,219001;0;0,003626;0,369837;53,200001;0
02.09.2025 19:19:34;0;0,047292;0,258288;0;0,000364;0,30558;53,200001;0
02.09.2025 19:24:35;0,027979;0,0073;0,261336;0;0,017885;0,223377;53,200001;-3
02.09.2025 19:29:38;0,011614;0,018854;0,304571;0;0,167877;0,143584;53;-3,8
02.09.2025 19:34:39;0,002658;0,02774;0,293455;0;0,217172;0,102198;53;-3,2
02.09.2025 19:39:41;0,006287;0,030558;0,215361;0;0,178619;0,061116;53;-5,2
02.09.2025 19:44:43;0,015563;0,023282;0,227002;0;0,217544;0,016007;53;-4,7
02.09.2025 19:49:45;0,000307;0,019644;0,238643;0;0,256469;0,001455;53;-4,1
02.09.2025 19:54:47;0,001694;0,032013;0,247374;0;0,276841;0,001455;52,900002;-5
02.09.2025 19:59:49;0,007026;0,02983;0,360148;0;0,382339;0;52,900002;-5,8
02.09.2025 20:04:51;0,001557;0,037834;0,256833;0;0,293211;0;53;-5,8
02.09.2025 20:09:54;0,000159;0,024656;0,271939;0;0,296595;0;53;-5,6
02.09.2025 20:14:55;0,006467;0,01825;0,298565;0;0,31061;0;53;-5,8
02.09.2025 20:19:57;0,005991;0,027648;0,291029;0;0,312128;0;53;-5,2
02.09.2025 20:24:57;0,002357;0,0271;0,215332;0;0,240601;0;53;-4,7
02.09.2025 20:29:59;0,00465;0,02983;0,25756;0;0,283389;0;53;-6,6
02.09.2025 20:35:01;0,000011;0,024737;0,318676;0;0,34305;0;53;-6,2
02.09.2025 20:40:04;0,007331;0,027556;0,319075;0;0,338292;0;52,900002;-7,4
02.09.2025 20:45:03;0;0,024251;0,363761;0;0,38838;0;52,900002;-7,2
02.09.2025 20:50:05;0;0,025465;0,357238;0;0,382339;0;52,900002;-7,2
02.09.2025 20:55:07;0;0,026193;0,33541;0;0,361603;0;53;-5,5
02.09.2025 21:00:09;0;0,021827;0,269929;0;0,29212;0;53;-5,5
02.09.2025 21:05:10;0;0,02117;0,270096;0;0,291995;0;53;-5,5
02.09.2025 21:10:11;0,004106;0,02774;0,172277;0;0,196002;0;53;-3,6
02.09.2025 21:15:13;0;0,024737;0,169524;0;0,19317;0;53;-3,8
02.09.2025 21:20:15;0;0,022555;0,1768;0;0,198991;0;53;-3,7
02.09.2025 21:25:17;0,006002;0,026193;0,216089;0;0,237552;0;53;-6,3
02.09.2025 21:30:19;0,004547;0,0211;0,309945;0;0,325952;0;53;-6,1
02.09.2025 21:35:21;0,00141;0,034923;0,306308;0;0,339412;0;53;-7,2
02.09.2025 21:40:23;0;0,024737;0,349234;0;0,373972;0;52,900002;-6,9
02.09.2025 21:45:25;0,011573;0,022555;0,367424;0;0,379065;0;53;-6,7
02.09.2025 21:50:27;0,0054;0,019644;0,316494;0;0,330681;0;53;-4,5
02.09.2025 21:55:29;0,001239;0,022555;0,256833;0;0,277932;0;53;-5,3
02.09.2025 22:00:31;0,004695;0,032013;0,253195;0;0,279751;0;53;-5
02.09.2025 22:05:33;0,003138;0,024737;0,234278;0;0,25756;0;53;-6,1
02.09.2025 22:10:35;0,010811;0,036379;1,06662;0;1,091357;0;52,599998;-33,799999
02.09.2025 22:15:37;0,046724;0,052385;2,5254;0;2,531221;0;52,5;-41,900002
02.09.2025 22:20:39;0,001762;0,05384;1,784733;0;1,836754;0;52,700001;-27,5
02.09.2025 22:25:42;0,004476;0,039159;0,631623;0;0,665706;0;52,900002;-8
02.09.2025 22:30:43;0,001768;0,02409;0,376674;0;0,398939;0;53;-7,4
02.09.2025 22:35:43;0,002678;0,02124;0,28125;0;0,300659;0;53;-5
02.09.2025 22:40:45;0,001728;0,0211;0,252467;0;0,27102;0;53;-5,3
02.09.2025 22:45:48;0;0,02248;0,25381;0;0,277015;0;53;-5,3
02.09.2025 22:50:49;0,00892;0,032849;0,316085;0;0,339445;0;53;-8,9
02.09.2025 22:55:52;0,000011;0,028282;0,362585;0;0,390504;0;53;-7,2
02.09.2025 23:00:54;0,000011;0,025465;0,345596;0;0,371425;0;53;-6,9
02.09.2025 23:05:55;0,00024;0,02482;0,314625;0;0,340175;0;53;-5,8
02.09.2025 23:10:57;0,000762;0,021827;0,280843;0;0,300851;0;53;-5,5
02.09.2025 23:15:59;0,000807;0,021827;0,272112;0;0,293211;0;53;-5,5
02.09.2025 23:21:01;0,00075;0,034196;0,169524;0;0,202992;0;53,099998;-3,8
02.09.2025 23:26:04;0,005677;0,023931;0,173316;0;0,192533;0;53,099998;-3,6
02.09.2025 23:31:05;0,000023;0,02336;0,171547;0;0,194542;0;53,099998;-3,7
02.09.2025 23:36:07;0,005639;0,033468;0,202992;0;0,229549;0;53;-5,7
02.09.2025 23:41:09;0,004411;0,027648;0,325224;0;0,349598;0;53;-7,2
02.09.2025 23:46:11;0,003547;0,02401;0,35651;0;0,376154;0;53;-7,2
02.09.2025 23:51:13;0,004354;0,020372;0,363786;0;0,379792;0;53;-6,4
02.09.2025 23:56:13;0,004692;0,033691;0,330322;0;0,359619;0;53;-5,5
03.09.2025 00:01:15;0,002103;0,018189;0,229185;0;0,245192;0;53,099998;-3,6
03.09.2025 00:06:18;0,000261;0,023931;0,172591;0;0,196521;0;53,099998;-3,6
03.09.2025 00:11:19;0,00438;0,02701;0,164247;0;0,187242;0;53,099998;-3,6
03.09.2025 00:16:21;0,008742;0,024737;0,172434;0;0,188077;0;53,099998;-3,6
03.09.2025 00:21:24;0,011773;0,031182;0,309648;0;0,329227;0;53;-7,4
03.09.2025 00:26:26;0,005684;0,029103;0,441636;0;0,464918;0;53;-8,8
03.09.2025 00:31:27;0,00422;0,01752;0,446753;0;0,459893;0;53;-9,4
03.09.2025 00:36:27;0,007519;0,021973;0,424805;0;0,439453;0;53;-8,3
03.09.2025 00:41:29;0,002467;0,025465;0,373244;0;0,394707;0;53;-7,3
03.09.2025 00:46:31;0,000136;0,02401;0,339776;0;0,365241;0;53;-5
03.09.2025 00:51:33;0,003092;0,031286;0,191351;0;0,218635;0;53;-3,6
03.09.2025 00:56:36;0,000068;0,023205;0,172591;0;0,196521;0;53,099998;-3,8
03.09.2025 01:01:38;0;0,025465;0,171707;0;0,196444;0;53,099998;-3,5
03.09.2025 01:06:40;0,006253;0,02983;0,209541;0;0,23355;0;53;-6,1
03.09.2025 01:11:41;0;0,02774;0,290535;0;0,318275;0;53;-5,9
03.09.2025 01:16:43;0;0,02401;0,286663;0;0,311401;0;53;-5,6
03.09.2025 01:21:45;0,000011;0,026193;0,270657;0;0,296849;0;53;-5,4
03.09.2025 01:26:47;0,000227;0,0211;0,267746;0;0,288482;0;53;-5,5
03.09.2025 01:31:47;0,000881;0,023438;0,236572;0;0,258545;0;53;-4,6
03.09.2025 01:36:49;0,000011;0,0211;0,222637;0;0,245192;0;53;-4,7
03.09.2025 01:41:51;0,00349;0,016734;0,240826;0;0,252831;0;53;-4,7
03.09.2025 01:46:53;0,007924;0,0211;0,229185;0;0,242281;0;53;-3,7
03.09.2025 01:51:55;0,008924;0,027648;0,325952;0;0,345233;0;53;-7,1
03.09.2025 01:56:58;0,000635;0,025381;0,362585;0;0,386153;0;53;-7,3
03.09.2025 02:01:59;0,002909;0,0219;0,359884;0;0,379229;0;53;-7
03.09.2025 02:07:01;0,001341;0,037106;0,292484;0;0,328135;0;53;-5,6
03.09.2025 02:12:03;0,003592;0,020372;0,286663;0;0,303397;0;53;-5,6
03.09.2025 02:17:05;0,007594;0,027648;0,163704;0;0,184439;0;53;-3,8
03.09.2025 02:22:07;0,00673;0,027648;0,216089;0;0,236461;0;53;-5,4
03.09.2025 02:27:09;0,007344;0,023282;0,261198;0;0,277205;0;53;-3,9
03.09.2025 02:32:11;0,007253;0,036379;0,277205;0;0,306671;0;53;-7,4
03.09.2025 02:37:14;0,000759;0,029732;0,361135;0;0,388329;0;53;-7,3
03.09.2025 02:42:15;0,000046;0,02409;0,357694;0;0,383244;0;53;-7
03.09.2025 02:47:17;0,000011;0,022555;0,318676;0;0,341959;0;53;-5,4
03.09.2025 02:52:19;0,000136;0,02401;0,265564;0;0,288118;0;53;-5,4
03.09.2025 02:57:21;0,001114;0,021827;0,296122;0;0,316857;0;53;-6,9
03.09.2025 03:02:24;0;0,020305;0,229879;0;0,250546;0;53;-4,6
03.09.2025 03:07:26;0,000011;0,019644;0,224092;0;0,243736;0;53;-4,6
03.09.2025 03:12:27;0,000114;0,02263;0,221187;0;0,243451;0;53;-4,6
03.09.2025 03:17:29;0,00482;0,025465;0,222637;0;0,243373;0;53;-6
03.09.2025 03:22:29;0,000011;0,026367;0,290771;0;0,317505;0;53;-6
03.09.2025 03:27:31;0;0,022555;0,275022;0;0,29794;0;53;-5,8
03.09.2025 03:32:33;0,000216;0,0211;0,267019;0;0,287754;0;53;-5,4
03.09.2025 03:37:36;0,004544;0,034083;0,316174;0;0,345906;0;53;-6,5
03.09.2025 03:42:38;0,011527;0,019644;0,275022;0;0,283025;0;53;-4,6
03.09.2025 03:47:39;0,002669;0,02409;0,221917;0;0,243816;0;53;-4,2
03.09.2025 03:52:41;0,00133;0,021827;0,202992;0;0,222273;0;53;-3,4
03.09.2025 03:57:43;0,002399;0,023282;0,160066;0;0,181165;0,001455;53;-3,4
03.09.2025 04:02:45;0,007674;0,02692;0,292484;0;0,311764;0;53;-6
03.09.2025 04:07:46;0,004882;0,033579;0,285426;0;0,314625;0;53;-6
03.09.2025 04:12:47;0,002612;0,02044;0,289805;0;0,307325;0;53;-5,6
03.09.2025 04:17:49;0,007367;0,037834;0,293939;0;0,324497;0;52,900002;-7,8
03.09.2025 04:22:51;0,009367;0,019644;0,371789;0;0,381611;0;52,900002;-5,4
03.09.2025 04:27:54;0,006051;0,021755;0,307472;0;0,323063;0;52,900002;-6,4
03.09.2025 04:32:55;0,000821;0,02409;0,305865;0;0,328495;0;52,900002;-6,1
03.09.2025 04:37:57;0,003104;0,019644;0,306308;0;0,322678;0;53;-6,2
03.09.2025 04:42:59;0,007173;0,032741;0,316494;0;0,34305;0;52,900002;-5,6
03.09.2025 04:48:01;0,004502;0,030558;0,277205;0;0,303033;0;53;-5,6
03.09.2025 04:53:03;0,000227;0,019644;0,270657;0;0,290665;0;53;-5,4
03.09.2025 04:58:05;0,000136;0,018917;0,269201;0;0,288118;0;53;-5,4
03.09.2025 05:03:07;0;0,0211;0,267019;0;0,287754;0;53;-5,4
03.09.2025 05:08:09;0,000023;0,020372;0,23064;0;0,250648;0;53;-3,5
03.09.2025 05:13:12;0,00145;0,023931;0,155912;0;0,178392;0;53;-3,4
03.09.2025 05:18:13;0,00122;0,0219;0,162787;0;0,183227;0;53;-3,8
03.09.2025 05:23:15;0,000159;0,023282;0,170979;0;0,194625;0;53;-3,7
03.09.2025 05:28:17;0,00881;0,029103;0,269201;0;0,28921;0;52,900002;-7,2
03.09.2025 05:33:19;0,010902;0,024737;0,88691;0;0,901461;0;52,400002;-38,799999
03.09.2025 05:38:22;0;0,057288;2,105894;0;2,163183;0;52,299999;-42,400002
03.09.2025 05:43:24;0,043961;0,035651;2,817884;0;2,808789;0;51,900002;-73,199997
03.09.2025 05:48:25;0,475873;0;4,285033;0;3,80908;0;51,799999;-73,300003
03.09.2025 05:53:27;0,008549;0,056751;3,189673;0;3,238784;0;52;-49,5
03.09.2025 05:58:27;0,072384;0,052002;2,658691;0;2,637817;0;52;-41,799999
03.09.2025 06:03:29;0,002569;0,064026;1,88732;0;1,949164;0;52,099998;-30,299999
03.09.2025 06:08:31;0,007946;0,049475;1,332183;0;1,374019;0;52,200001;-26,6
03.09.2025 06:13:33;0,000421;0,039289;1,367834;0;1,405668;0;52,200001;-26,799999
03.09.2025 06:18:33;0,006134;0,053467;1,398926;0;1,446533;0;52,299999;-9,2
03.09.2025 06:23:35;0,006446;0,0211;0,421991;0;0,436543;0;52,400002;-8,1
03.09.2025 06:28:38;0,002028;0,036984;0,361135;0;0,396668;0;52,400002;-7,4
03.09.2025 06:33:40;0,000534;0,032741;0,350689;0;0,383794;0;52,400002;-7,4
03.09.2025 06:38:41;0,002601;0,02336;0,277396;0;0,29528;0,00146;52,5;-5,1
03.09.2025 06:43:43;0,01072;0,02983;0,209541;0;0,210996;0,017462;52,5;-3,4
03.09.2025 06:48:45;0,00449;0,028375;0,173162;0;0,178983;0,018917;52,5;-3,3
03.09.2025 06:53:48;0,000136;0,026831;0,175491;0;0,174041;0,027556;52,5;-2,7
03.09.2025 06:58:49;0,008429;0,02774;0,300025;0;0,287616;0,03066;52,5;-5,1
03.09.2025 07:03:51;0;0,022555;0,293939;0;0,232459;0,084398;52,5;-3,8
03.09.2025 07:08:53;0,000216;0,022555;0,291756;0;0,186986;0,126597;52,5;-3,3
03.09.2025 07:13:54;0,00276;0,02628;0,287616;0;0,154758;0,157678;52,5;-2,7
03.09.2025 07:18:54;0,014957;0,020508;0,311279;0;0,102539;0,212402;52,5;0
03.09.2025 07:23:56;0,002103;0,088764;0,196444;0;0;0,285208;52,599998;0
03.09.2025 07:28:58;0;0,125142;0,186258;0;0;0,311401;52,599998;0
03.09.2025 07:34:00;0,000114;0,074212;0,215361;0,042927;0;0,331773;52,599998;1,4
03.09.2025 07:39:03;0,006606;0,050037;0,274839;0,083032;0,004351;0,395943;52,599998;0
03.09.2025 07:44:05;0,000125;0,030558;0,362331;0,103679;0;0,497659;52,700001;1,8
03.09.2025 07:49:06;0,000023;0,053289;0,346015;0,044529;0;0,443833;52,599998;0
03.09.2025 07:54:08;0,001285;0,052385;0,312856;0,11532;0;0,478742;52,700001;5,2
03.09.2025 07:59:09;0,003342;0,02555;0,305135;0,384704;0;0,712469;52,799999;8,2
03.09.2025 08:04:10;0,005224;0,0292;0,251116;0,505882;0;0,781088;52,900002;10,8
03.09.2025 08:09:12;0,00075;0,02692;0,193534;0,561321;0;0,781412;52,900002;10,2
03.09.2025 08:14:12;0,012909;0,028564;0,249023;0,52771;0,001099;0,789551;53;9
03.09.2025 08:19:14;0,009629;0,024737;0,304852;0,499478;0;0,820701;53;9,4
03.09.2025 08:24:14;0,017303;0,033691;0,432861;0,427734;0,004395;0,873047;53;8,9
03.09.2025 08:29:16;0,001341;0,032741;0,435815;0,520577;0;0,986587;53,099998;11,6
03.09.2025 08:34:18;0,004388;0,038561;0,420536;0,719568;0;1,175755;53,200001;15,1
03.09.2025 08:39:21;0,001144;0,029007;0,440903;1,020314;0;1,488049;53,400002;23,9
03.09.2025 08:44:22;0,000924;0,042339;0,383244;1,447202;0;1,871691;53,599998;28,799999
03.09.2025 08:49:22;0,007782;0,034424;0,350098;1,495605;0;1,87207;53,799999;34,599998
03.09.2025 08:54:24;0,001296;0,02983;0,270657;1,83348;0;2,133239;53,900002;34,900002
03.09.2025 08:59:26;0,002944;0,02692;0,277932;2,009552;0;2,310767;54;35,799999
03.09.2025 09:04:28;0,001853;0,037106;0,269201;2,087766;0;2,392255;54;40,799999
03.09.2025 09:09:30;0,005104;0,061844;0,381247;2,365335;0;2,80406;54;45,799999
03.09.2025 09:14:32;0;0,253922;0,398709;2,48211;0;3,134378;54,099998;45,799999
03.09.2025 09:19:34;0,00108;0,338321;0,452549;2,470832;0;3,25952;54,099998;45,799999
03.09.2025 09:24:34;0;0,566895;0,457764;2,47229;0;3,498047;54;45,599998
03.09.2025 09:29:36;0;0,637353;0,457642;2,467922;0;3,56219;54;45,599998
03.09.2025 09:34:38;0;0,323042;0,341959;2,465012;0;3,130012;54,099998;45,599998
03.09.2025 09:39:40;0;0,243736;0,307035;2,465012;0;3,017966;54,099998;45,599998
03.09.2025 09:44:42;0;0,321587;0,311401;2,472288;0;3,10382;54,099998;45,599998
03.09.2025 09:49:44;0,002569;0,277205;0,3536;2,4581;0;3,084903;54,099998;45,599998
03.09.2025 09:54:46;0;0,299032;0,420536;2,469014;0;3,189673;54,099998;45,700001
03.09.2025 09:59:48;0;0,605339;0,405257;2,472651;0;3,483612;54,099998;45,799999
03.09.2025 10:04:50;0;0,483835;0,40744;2,476653;0;3,368656;54,099998;45,799999
03.09.2025 10:09:52;0;0,542041;0,446001;2,472651;0;3,46033;54,099998;45,700001
03.09.2025 10:14:54;0,001455;0,61116;0,470739;2,473015;0;3,552004;54,200001;45,700001
03.09.2025 10:19:54;0;0,902344;0,418945;2,483276;0;3,807129;54,200001;45,700001
03.09.2025 10:24:56;0;0,939295;0,366696;2,474107;0;3,777551;54,200001;45,599998
03.09.2025 10:29:58;0;0,848348;0,369606;2,47447;0;3,693152;54,299999;45,599998
03.09.2025 10:35:00;0,001103;0,524579;0,492566;2,472651;0;3,489432;54,400002;45,5
03.09.2025 10:40:00;0;0,672363;0,427734;2,470459;0;3,569824;54,5;45,400002
03.09.2025 10:45:02;0;0,718113;0,408168;2,469741;0;3,597113;54,799999;45
03.09.2025 10:50:02;0;0,832031;0,395508;2,310059;0;3,536133;56,200001;26,799999
03.09.2025 10:55:02;0;2,827148;0,244629;0,435059;0,012451;3,495117;54,599998;-0,3
03.09.2025 11:00:04;0;3,416675;0,110591;0;0,003638;3,522901;54,099998;0
03.09.2025 11:05:06;0;3,497436;0,139694;0;0;3,637857;53,900002;0
03.09.2025 11:10:08;0;3,453781;0,146242;0;0;3,601478;53,799999;0
03.09.2025 11:15:10;0;3,530904;0,172434;0;0;3,701883;53,700001;0
03.09.2025 11:20:12;0;3,431954;0,250285;0;0;3,682966;53,700001;0
03.09.2025 11:25:14;0;3,454509;0,210268;0;0;3,66405;53,599998;0
03.09.2025 11:30:15;0;3,499565;0,202937;0;0;3,702502;53,599998;0
03.09.2025 11:35:16;0;3,529495;0,200747;0;0;3,730242;53,599998;0
03.09.2025 11:40:18;0;3,530176;0,18262;0;0;3,712069;53,5;0
03.09.2025 11:45:20;0;3,675691;0,156428;0;0;3,831391;53,599998;0
03.09.2025 11:50:22;0;3,662594;0,15279;0;0;3,81684;53,5;0
03.09.2025 11:55:24;0;3,567283;0,152062;0;0;3,716435;53,5;0
03.09.2025 12:00:24;0,002163;3,084229;0,197754;0;0,003296;3,272461;53,5;0
03.09.2025 12:05:25;0;3,629503;0,208047;0;0;3,83828;53,5;0
03.09.2025 12:10:26;0;3,709072;0,272286;0;0;3,982818;53,5;0
03.09.2025 12:15:28;0;3,754268;0,287391;0;0;4,040932;53,5;0
03.09.2025 12:20:30;0;3,882321;0,285208;0;0;4,164619;53,5;0
03.09.2025 12:25:32;0;3,916517;0,25756;0;0;4,17335;53,5;0
03.09.2025 12:30:34;0;3,127829;0,189169;0;0;3,303174;53,5;0
03.09.2025 12:35:36;0;3,920882;0,142604;0;0;4,058393;53,400002;0
03.09.2025 12:40:38;0;4,209728;0,102588;0;0;4,311588;53,400002;0
03.09.2025 12:45:41;0;4,074731;0,139233;0;0;4,214689;53,400002;0
03.09.2025 12:50:42;0;4,025157;0,231406;0;0;4,257293;53,400002;0
03.09.2025 12:55:44;0;3,989274;0,275022;0;0;4,263568;53,400002;0
03.09.2025 13:00:46;0;4,04748;0,286663;0;0;4,33487;53,400002;0
03.09.2025 13:05:48;0;4,008918;0,27866;0;0;4,28394;53,400002;0
03.09.2025 13:10:50;0;1,810198;0,25174;0;0;2,061937;53,400002;0
03.09.2025 13:15:52;0;3,023787;0,193534;0;0;3,210045;53,400002;0
03.09.2025 13:20:54;0;3,316998;0,178255;0;0;3,490888;53,400002;0
03.09.2025 13:25:56;0;3,713524;0,136056;0;0;3,834301;53,400002;0
03.09.2025 13:30:58;0;3,605844;0,197172;0;0;3,793557;53,400002;0
03.09.2025 13:36:00;0;4,375614;0,232095;0;0;4,601162;53,400002;0
03.09.2025 13:41:02;0;3,015783;0,216816;0;0;3,224596;53,400002;0
03.09.2025 13:46:04;0;3,720073;0,225547;0;0;3,944892;53,400002;0
03.09.2025 13:51:06;0;3,475609;0,216816;0;0;3,687332;53,299999;0
03.09.2025 13:56:08;0;3,426134;0,12587;0;0;3,538907;53,299999;0
03.09.2025 14:01:10;0;1,667594;0,095312;0;0;1,763633;53,299999;0
03.09.2025 14:06:10;0;1,864746;0,158936;0;0;2,02002;53,299999;0
03.09.2025 14:11:12;0;1,719251;0,223364;0;0;1,942616;53,299999;0
03.09.2025 14:16:14;0;2,411899;0,347052;0;0;2,757496;53,299999;0
03.09.2025 14:21:14;0;2,93335;0,347168;0;0;3,28125;53,299999;0
03.09.2025 14:26:16;0;1,549727;0,330317;0;0;1,880044;53,299999;0
03.09.2025 14:31:19;0;0,879631;0,274839;0;0;1,153021;53,299999;0
03.09.2025 14:36:20;0;3,311958;0,216807;0;0;3,522925;53,299999;0
03.09.2025 14:41:22;0;2,615619;0,144059;0;0;2,75313;53,299999;0
03.09.2025 14:46:25;0;1,717928;0,096448;0;0;1,811475;53,299999;0
03.09.2025 14:51:26;0;2,157846;0,141618;0;0;2,295084;53,299999;0
03.09.2025 14:56:28;0;2,804788;0,162248;0;0;2,967036;53,299999;0
03.09.2025 15:01:30;0;3,676418;0,282298;0;0;3,955078;53,299999;0
03.09.2025 15:06:32;0;3,229689;0,266291;0;0;3,496708;53,299999;0
03.09.2025 15:11:34;0;3,535997;0,210268;0;0;3,744082;53,299999;0
03.09.2025 15:16:34;0;2,659424;0,196289;0;0;2,850586;53,299999;0
03.09.2025 15:21:36;0;2,478108;0,199355;0;0;2,678918;53,299999;0
03.09.2025 15:26:36;0;4,218018;0,104736;0;0;4,321289;53,299999;0
03.09.2025 15:31:38;0;3,838667;0,103315;0;0;3,940527;53,299999;0
03.09.2025 15:36:40;0;2,987408;0,095312;0;0;3,083448;53,299999;0
03.09.2025 15:41:42;0;1,846576;0,169524;0;0;2,015373;53,299999;0
03.09.2025 15:46:44;0;2,350056;0,267019;0;0;2,616347;53,299999;0
03.09.2025 15:51:46;0;2,831708;0,258288;0;0;3,089268;53,299999;0
03.09.2025 15:56:48;0;2,804788;0,253195;0;0;3,060165;53,299999;0
03.09.2025 16:01:50;0;1,643584;0,253195;0;0;1,896051;53,299999;0
03.09.2025 16:06:52;0;2,626533;0,23064;0;0;2,8579;53,299999;0
03.09.2025 16:11:54;0;2,433726;0,1768;0;0;2,609071;53,299999;0
03.09.2025 16:16:56;0;2,101226;0,176072;0;0;2,277298;53,299999;0
03.09.2025 16:21:58;0;2,780778;0,165159;0;0;2,946664;53,299999;0
03.09.2025 16:27:00;0;2,123781;0,251012;0;0;2,374793;53,299999;0
03.09.2025 16:32:03;0;2,860071;0,221177;0;0;3,081973;53,200001;0
03.09.2025 16:37:04;0;3,640453;0,220457;0;0;3,86018;53,299999;0
03.09.2025 16:42:06;0;2,596702;0,270657;0;0;2,866631;53,299999;0
03.09.2025 16:47:08;0;2,49848;0,276477;0;0;2,774957;53,299999;0
03.09.2025 16:52:11;0;2,126199;0,23278;0;0;2,359704;53,299999;0
03.09.2025 16:57:12;0;3,339698;0,146728;0;0;3,484965;53,299999;0
03.09.2025 17:02:14;0;2,01028;0,112046;0;0;2,123053;53,200001;0
03.09.2025 17:07:16;0;2,657818;0,109136;0;0;2,766226;53,200001;0
03.09.2025 17:12:18;0;2,651998;0,208085;0;0;2,860811;53,200001;0
03.09.2025 17:17:18;0;2,239014;0,258545;0;0;2,497559;53,200001;0
03.09.2025 17:22:20;0;2,311494;0,27575;0;0;2,587244;53,200001;0
03.09.2025 17:27:23;0;1,383625;0,271214;0;0;1,654838;53,200001;0
03.09.2025 17:32:24;0;1,94907;0,255496;0;0;2,204566;53,200001;0
03.09.2025 17:37:26;0;2,769137;0,107681;0;0;2,876817;53,200001;0
03.09.2025 17:42:28;0;2,364607;0,109136;0;0;2,473743;53,200001;0
03.09.2025 17:47:30;0;2,39371;0,111318;0;0;2,504301;53,200001;0
03.09.2025 17:52:32;0;2,261292;0,15279;0;0;2,414082;53,200001;0
03.09.2025 17:57:35;0;1,687471;0,253084;0;0;1,940555;53,200001;0
03.09.2025 18:02:36;0;1,139512;0,313895;0;0;1,454137;53,200001;0
03.09.2025 18:07:38;0;0,902916;0,30267;0;0;1,204858;53,200001;0
03.09.2025 18:12:40;0;1,592654;0,286663;0;0;1,880044;53,200001;0
03.09.2025 18:17:42;0;0,702106;0,291029;0;0;0,992407;53,200001;0
03.09.2025 18:22:44;0;1,268157;0,196444;0;0;1,465329;53,200001;0
03.09.2025 18:27:46;0;1,429678;0,103315;0;0;1,533721;53,200001;0
03.09.2025 18:32:46;0;1,244385;0,158936;0;0;1,400391;53,200001;0
03.09.2025 18:37:48;0;1,052068;0,160793;0;0;1,215044;53,200001;0
03.09.2025 18:42:50;0;0,842528;0,270657;0;0;1,113184;53,200001;0
03.09.2025 18:47:52;0,004013;0,656997;0,378337;0;0,017462;1,014235;53,099998;-14,1
03.09.2025 18:52:54;0,001057;0,025465;1,977539;0;1,175755;0,825066;52,700001;-24,1
03.09.2025 18:57:56;0,000625;0,035651;2,507939;0;1,827659;0,71593;52,5;-52,700001
03.09.2025 19:02:59;0;0,058739;3,409025;0;2,847743;0,620746;52,5;-48,599998
03.09.2025 19:08:00;0,000023;0,064239;2,268075;0,001095;1,816577;0,515372;52,900002;2,6
03.09.2025 19:13:02;0,000443;0,0211;0,209541;0,212087;0;0,442363;53,099998;3,7
03.09.2025 19:18:04;0,000034;0,0211;0,201537;0,141149;0;0,365241;53,099998;2,6
03.09.2025 19:23:06;0,006821;0,039289;0,193534;0,052385;0,010186;0,267746;53,099998;-2,9
03.09.2025 19:28:09;0;0,02248;0,306022;0;0,176579;0,152286;53,099998;-3,7
03.09.2025 19:33:10;0;0,02117;0,293455;0;0,217537;0,094899;53,099998;-4,6
03.09.2025 19:38:13;0,003422;0,026831;0,375638;0;0,34083;0,058014;53;-6,2
03.09.2025 19:43:14;0;0,02409;0,346745;0;0,342365;0,03066;53;-6,6
03.09.2025 19:48:16;0,000045;0,023282;0,319404;0;0,331773;0,010186;53,099998;-4,5
03.09.2025 19:53:18;0,004752;0,02401;0,245192;0;0,258652;0,005821;53;-6,4
03.09.2025 19:58:18;0,001305;0,023438;0,299561;0;0,321167;0;53,099998;-5,5
03.09.2025 20:03:20;0;0,023282;0,264836;0;0,288118;0;53,099998;-5,3
03.09.2025 20:08:22;0,006707;0,02401;0,343414;0;0,361239;0;53;-7,7
03.09.2025 20:13:24;0,00424;0,024737;0,379065;0;0,398709;0;53;-7,6
03.09.2025 20:18:26;0,000375;0,023282;0,358693;0;0,381611;0;53;-5,9
03.09.2025 20:23:28;0,004979;0,017462;0,299759;0;0,312492;0;53;-5,8
03.09.2025 20:28:30;0,001353;0,029103;0,320131;0;0,347415;0;53;-7,2
03.09.2025 20:33:32;0,005559;0,02692;0,338321;0;0,360512;0;53;-5,2
03.09.2025 20:38:34;0,003581;0,034196;0,217544;0;0,247374;0;53;-5
03.09.2025 20:43:37;0,001416;0,017404;0,232054;0;0,248371;0;53,099998;-3,5
03.09.2025 20:48:36;0,005489;0,026455;0,162407;0;0,183718;0;53,099998;-3,6
03.09.2025 20:53:39;0,009869;0,024656;0,233505;0;0,248008;0;53,099998;-5,8
03.09.2025 20:58:40;0,006501;0,02482;0,275206;0;0,29309;0;53;-5,7
03.09.2025 21:03:42;0,000148;0,021827;0,285936;0;0,307763;0;53;-5,8
03.09.2025 21:08:44;0,001535;0,026193;0,3325;0;0,357601;0;53;-7,2
03.09.2025 21:13:44;0,000046;0,029297;0,339111;0;0,367676;0;53;-6,9
03.09.2025 21:18:45;0;0,02263;0,269366;0;0,292725;0;53;-4,5
03.09.2025 21:23:47;0;0,0211;0,20663;0;0,227366;0;53,099998;-3,8
03.09.2025 21:28:49;0;0,023282;0,1768;0;0,200082;0;53,099998;-3,8
03.09.2025 21:33:51;0;0,022555;0,176072;0;0,199355;0;53,099998;-3,6
03.09.2025 21:38:53;0,005559;0,027648;0,298304;0;0,319768;0;53;-6
03.09.2025 21:43:55;0;0,024737;0,290301;0;0,314311;0;53;-5,7
03.09.2025 21:48:57;0,006525;0,019644;0,296122;0;0,309945;0;53;-7,6
03.09.2025 21:53:59;0,000171;0,024737;0,376154;0;0,400892;0;53;-7,5
03.09.2025 21:59:01;0;0,025465;0,360875;0;0,385977;0;53;-7,3
03.09.2025 22:04:04;0;0,02103;0,287893;0;0,309648;0;53;-4,7
03.09.2025 22:09:05;0,000365;0,01898;0,232866;0;0,251481;0;53,099998;-4,7
03.09.2025 22:14:07;0,003865;0,018189;0,25465;0;0,269201;0;53,099998;-3,7
03.09.2025 22:19:10;0,007818;0,020305;0,222627;0;0,23423;0;53;-4,6
03.09.2025 22:24:11;0,007973;0,02774;0,335795;0;0,355139;0;53;-7,3
03.09.2025 22:29:13;0,000216;0,025465;0,351417;0;0,377246;0;53;-7,8
03.09.2025 22:34:16;0,00119;0,034083;0,329952;0;0,362585;0;53;-6,9
03.09.2025 22:39:17;0,002612;0,034309;0,331415;0;0,363169;0;53;-7,2
03.09.2025 22:44:19;0,005423;0,034196;0,330317;0;0,35942;0;53;-6,8
03.09.2025 22:49:21;0;0,02401;0,252467;0;0,277205;0;53,099998;-3,6
03.09.2025 22:54:23;0,004161;0,02401;0,173162;0;0,191715;0;53,099998;-3,6
03.09.2025 22:59:25;0,005718;0,021827;0,170979;0;0,187713;0;53,099998;-3,8
03.09.2025 23:04:28;0,017053;0,029007;0,192895;0;0,204498;0;53;-6,2
03.09.2025 23:09:29;0,000365;0,02263;0,297105;0;0,319005;0;53;-5,8
03.09.2025 23:14:31;0;0,022555;0,279387;0;0,302306;0;53;-5,6
03.09.2025 23:19:31;0,000034;0,019775;0,271729;0;0,291504;0;53;-5,5
03.09.2025 23:24:33;0;0,022555;0,277205;0;0,298668;0;53;-5,6
03.09.2025 23:29:35;0;0,02401;0,248102;0;0,272839;0;53;-3,8
03.09.2025 23:34:37;0;0,02401;0,175345;0;0,199355;0;53,099998;-3,7
03.09.2025 23:39:40;0;0,023205;0,175491;0;0,198334;0;53,099998;-3,8
03.09.2025 23:44:41;0,003787;0,02263;0,212427;0;0,232136;0;53;-4,6
03.09.2025 23:49:43;0,011687;0,037106;0,43145;0;0,457279;0;52,900002;-8,8
03.09.2025 23:54:45;0;0,021827;0,433633;0;0,454368;0;52,900002;-8,5
03.09.2025 23:59:47;0;0,02401;0,409623;0;0,433633;0;52,900002;-7,5
04.09.2025 00:04:49;0;0,027648;0,367424;0;0,395435;0;53;-7,4
04.09.2025 00:09:51;0;0,027648;0,364513;0;0,391797;0;53;-5,6
04.09.2025 00:14:54;0,000714;0,026831;0,275565;0;0,302396;0;53;-3,7
04.09.2025 00:19:56;0,005457;0,020372;0,237916;0;0,252103;0;53;-5,2
04.09.2025 00:24:57;0,002829;0,02409;0,235056;0;0,256956;0;53;-4,9
04.09.2025 00:29:59;0,007287;0,02401;0,241554;0;0,258652;0;53;-4,8
04.09.2025 00:35:01;0,010607;0,023282;0,272839;0;0,285208;0;53;-5,8
04.09.2025 00:40:03;0,002262;0,026193;0,299032;0;0,322314;0;53;-5,8
04.09.2025 00:45:06;0,000283;0,027556;0,288618;0;0,315812;0;53;-6,1
04.09.2025 00:50:07;0,00146;0,02263;0,291995;0;0,312435;0;53;-6
04.09.2025 00:55:09;0,000909;0,02983;0,277932;0;0,308126;0;53;-6
04.09.2025 01:00:11;0,003808;0,02401;0,204448;0;0,22482;0;53;-3,7
04.09.2025 01:05:11;0,006763;0,023438;0,175781;0;0,192627;0;53;-3,6
04.09.2025 01:10:13;0,00382;0,0211;0,194262;0;0,210996;0;53;-4,6
04.09.2025 01:15:15;0,000216;0,016007;0,231368;0;0,247738;0;53;-4,7
04.09.2025 01:20:17;0,006355;0,027648;0,3536;0;0,374335;0;53;-7
04.09.2025 01:25:20;0;0,024656;0,345906;0;0,370562;0;53;-7
04.09.2025 01:30:20;0,000183;0,025635;0,299561;0;0,324463;0;53;-6
04.09.2025 01:35:21;0;0,02409;0,285426;0;0,309515;0;53;-5,9
04.09.2025 01:40:23;0,004252;0,026193;0,252467;0;0,275022;0;53;-6
04.09.2025 01:45:23;0,000469;0,02124;0,274658;0;0,295532;0;53;-5,4
04.09.2025 01:50:25;0,001762;0,021827;0,265564;0;0,285208;0;53;-5,3
04.09.2025 01:55:27;0;0,023282;0,255378;0;0,278296;0,001455;53;-5,4
04.09.2025 02:00:30;0,008883;0,028282;0,350982;0;0,370925;0;52,900002;-7,6
04.09.2025 02:05:31;0;0,02701;0,367184;0;0,394194;0;52,900002;-6
04.09.2025 02:10:33;0,00623;0,02401;0,336138;0;0,353963;0;52,900002;-7
04.09.2025 02:15:34;0,000011;0,02701;0,347475;0;0,374119;0;52,900002;-7,2
04.09.2025 02:20:36;0;0,023282;0,347052;0;0,370698;0;52,900002;-7
04.09.2025 02:25:38;0,001387;0,029103;0,261926;0;0,288482;0;53;-1,6
04.09.2025 02:30:39;0,00998;0,02847;0,154758;0;0,173737;0;53;-2,9
04.09.2025 02:35:41;0,016564;0,025465;0,166614;0;0,175708;0;53;-2,9
04.09.2025 02:40:43;0,007367;0,029103;0,154245;0;0,175345;0;53;-3,2
04.09.2025 02:45:45;0,015745;0,035651;0,268474;0;0,288846;0;53;-7,5
04.09.2025 02:50:47;0,002433;0,024737;0,337593;0;0,360148;0;52,900002;-6,8
04.09.2025 02:55:49;0,000034;0,030558;0,325952;0;0,357601;0;53;-6,8
04.09.2025 03:00:51;0,006048;0,024737;0,347052;0;0,363786;0;52,900002;-6,8
04.09.2025 03:05:53;0,003263;0,021827;0,283753;0;0,303397;0;53;-3,7
04.09.2025 03:10:55;0,000784;0,025465;0,165159;0;0,189896;0;53;-3,6
04.09.2025 03:15:57;0;0,023282;0,169524;0;0,192443;0;53;-3,6
04.09.2025 03:20:59;0,00573;0,0211;0,162248;0;0,177527;0;53;-3,4
04.09.2025 03:26:01;0,008685;0,031286;0,208813;0;0,231368;0;53;-5,6
04.09.2025 03:31:03;0;0,020372;0,27575;0;0,295758;0;53;-5,6
04.09.2025 03:36:05;0,00316;0,02401;0,27575;0;0,296849;0;52,900002;-6,6
04.09.2025 03:41:07;0,000534;0,023282;0,37761;0;0,400892;0;52,900002;-7,4
04.09.2025 03:46:10;0;0,026831;0,36186;0;0,388329;0;52,900002;-7,2
04.09.2025 03:51:11;0;0,02409;0,341635;0;0,365359;0;52,900002;-4,8
04.09.2025 03:56:12;0;0,01825;0,232866;0;0,251481;0;53;-4,7
04.09.2025 04:01:13;0,003308;0,02628;0,273746;0;0,29674;0;52,900002;-4,7
04.09.2025 04:06:15;0,000034;0,019644;0,23355;0;0,252831;0;53;-4,8
04.09.2025 04:11:17;0,007185;0,028375;0,277932;0;0,300123;0;52,900002;-7
04.09.2025 04:16:19;0;0,0211;0,350689;0;0,371425;0;52,900002;-7,1
04.09.2025 04:21:21;0,000955;0,018189;0,358693;0;0,375791;0;52,900002;-7
04.09.2025 04:26:23;0,002194;0,029103;0,351417;0;0,377973;0;52,900002;-7
04.09.2025 04:31:25;0,00457;0,032741;0,307763;0;0,336502;0;52,900002;-5,6
04.09.2025 04:36:27;0,004388;0,021827;0,232095;0;0,249193;0;53;-3,4
04.09.2025 04:41:29;0,008867;0,02692;0,1557;0;0,173162;0;53;-3,4
04.09.2025 04:46:31;0,003422;0,022555;0,162248;0;0,181165;0;53;-3,4
04.09.2025 04:51:33;0,008356;0,022555;0,160793;0;0,176072;0;53;-3,4
04.09.2025 04:56:35;0,008299;0,026193;0,270657;0;0,288482;0;53;-5,6
04.09.2025 05:01:37;0,00083;0,026193;0,275022;0;0,299759;0;52,900002;-5,6
04.09.2025 05:06:39;0,001035;0,033468;0,259015;0;0,291029;0;52,900002;-5,5
04.09.2025 05:11:39;0,001431;0,020508;0,266602;0;0,286377;0;52,900002;-5,5
04.09.2025 05:16:41;0,00108;0,02401;0,243736;0;0,266291;0;53;-3,6
04.09.2025 05:21:43;0,009061;0,018917;0,228457;0;0,23828;0;52,900002;-4,6
04.09.2025 05:26:45;0,000034;0,019644;0,225547;0;0,245192;0;53;-4,6
04.09.2025 05:31:47;0,006446;0,022555;0,240826;0;0,256833;0;52,900002;-6,8
04.09.2025 05:36:49;0,00532;0,027648;0,397254;0;0,419809;0;52,900002;-8
04.09.2025 05:41:51;0,003933;0,029103;0,980039;0;1,004776;0;52,400002;-35,799999
04.09.2025 05:46:53;0,047281;0,042927;2,473743;0;2,470105;0;52;-60,799999
04.09.2025 05:51:55;0;0,060388;2,370428;0;2,430452;0;52,200001;-35,799999
04.09.2025 05:56:57;0;0,052385;1,591199;0;1,64322;0;52,400002;-26,4
04.09.2025 06:01:59;0,00249;0,043654;1,40494;0;1,446776;0;52,299999;-26,1
04.09.2025 06:07:01;0;0,040016;1,37802;0;1,418037;0;52,299999;-27,6
04.09.2025 06:12:04;0,000759;0,041335;1,313283;0;1,35353;0;52,299999;-26
04.09.2025 06:17:05;0,003718;0,038689;0,757728;0;0,792768;0;52,599998;-5,3
04.09.2025 06:22:07;0,007924;0,026193;0,244464;0;0,263745;0;52,599998;-6,1
04.09.2025 06:27:07;0;0,025635;0,296631;0;0,320801;0;52,599998;-6,1
04.09.2025 06:32:09;0;0,02401;0,283753;0;0,308126;0;52,599998;-5,7
04.09.2025 06:37:11;0,001341;0,020372;0,280115;0;0,298668;0;52,599998;-6
04.09.2025 06:42:13;0,000216;0,022555;0,307035;0;0,324861;0,004365;52,599998;-6,1
04.09.2025 06:47:15;0,000114;0,02401;0,224092;0;0,237188;0,010186;52,700001;-3,7
04.09.2025 06:52:17;0,00947;0,026193;0,248102;0;0,23828;0,027648;52,700001;-4,3
04.09.2025 06:57:19;0,001182;0,020372;0,235733;0;0,19317;0,061116;52,700001;-3,1
04.09.2025 07:02:21;0,023225;0,011641;0,221909;0;0,081124;0,129508;52,700001;-0,4
04.09.2025 07:07:23;0,014256;0,018917;0,298304;0;0,066573;0,237188;52,700001;-0,3
04.09.2025 07:12:25;0;0,073485;0,267019;0;0,015643;0,324497;52,799999;-0,3
04.09.2025 07:17:27;0,000432;0,083671;0,269929;0,017825;0,012369;0,357965;52,799999;2,2
04.09.2025 07:22:29;0,001762;0,033468;0,293939;0,132054;0,000728;0,456915;52,900002;3,9
04.09.2025 07:27:31;0,014858;0,0211;0,296122;0,273203;0,002183;0,573326;53;4,8
04.09.2025 07:32:33;0,000796;0,028375;0,275022;0,173526;0;0,477287;52,900002;1,8
04.09.2025 07:37:33;0,000435;0,02124;0,269531;0,209839;0;0,500977;53;5,4
04.09.2025 07:42:35;0,001216;0,023282;0,267019;0,132418;0;0,419081;53;1,8
04.09.2025 07:47:37;0,004604;0,052385;0,323042;0,02983;0,012005;0,389978;53;0
04.09.2025 07:52:39;0;0,107681;0,312856;0,010914;0,001091;0,429267;53;0
04.09.2025 07:57:41;0,027909;0,011641;0,325952;0;0,049475;0,261926;52,900002;-3,5
04.09.2025 08:02:43;0,000523;0,019644;0,351417;0;0,185894;0,183348;52,799999;-3,3
04.09.2025 08:07:45;0,015666;0,015279;0,336866;0;0,135328;0,20081;52,900002;0
04.09.2025 08:12:45;0,02504;0,023438;0,241699;0,043945;0;0,28418;53;2,4
04.09.2025 08:17:47;0;0,021827;0,191351;0,133509;0;0,346324;53;2,3
04.09.2025 08:22:49;0,002228;0,034923;0,181893;0,119685;0;0,334683;53;3
04.09.2025 08:27:51;0,003331;0,024737;0,269929;0,147333;0;0,436543;53,099998;3,7
04.09.2025 08:32:51;0,003868;0,034424;0,361816;0,123413;0,004395;0,512695;53,099998;2,6
04.09.2025 08:37:53;0;0,026193;0,333955;0,196444;0;0,558775;53,200001;5,4
04.09.2025 08:42:55;0,000387;0,030558;0,317221;0,459098;0;0,804694;53,400002;11,9
04.09.2025 08:47:55;0,000343;0,032227;0,299561;0,795776;0;1,12793;53,599998;18,1
04.09.2025 08:52:56;0,000103;0,03066;0,305135;1,074178;0;1,410338;53,700001;22,200001
04.09.2025 08:57:57;0,004585;0,02774;0,242356;1,513996;0;1,779712;53,799999;22,6
04.09.2025 09:02:59;0,006946;0,028375;0,196444;0,879998;0;1,097178;53,700001;13,7
04.09.2025 09:07:59;0,005802;0,02417;0,212402;0,785889;0;1,016602;53,700001;17,6
04.09.2025 09:13:01;0,005855;0,037106;0,249557;0,904735;0,000364;1,184486;53,799999;17,200001
04.09.2025 09:18:04;0,00792;0,083395;0,333578;1,415532;0;1,824528;53,799999;17,799999
04.09.2025 09:23:06;0,005866;0,031286;0,360875;0,936748;0;1,32418;53,799999;17,4
04.09.2025 09:28:08;0,007298;0,032013;0,436543;1,21941;0;1,679235;54,099998;45,799999
04.09.2025 09:33:09;0,014988;0,069349;0,455513;1,915855;0;2,426482;54;32,5
04.09.2025 09:38:09;0,000366;0,905273;0,484863;2,415161;0;3,804199;54,099998;43,5
04.09.2025 09:43:11;0,007742;0,483107;0,421264;2,151065;0;3,047069;54;30,200001
04.09.2025 09:48:13;0,000114;0,02983;0,354327;1,693422;0;2,077944;54;36,299999
04.09.2025 09:53:15;0,000307;0,025465;0,285208;1,414763;0;1,725799;53,900002;23,9
04.09.2025 09:58:17;0,000011;0,030558;0,28157;1,271067;0;1,583195;53,900002;23,4
04.09.2025 10:03:20;0,007195;0,038434;0,408271;1,158459;0;1,598275;53,799999;22,5
04.09.2025 10:08:20;0,000778;0,028564;0,396973;1,368164;0;1,791504;53,900002;30,1
04.09.2025 10:13:21;0,000365;0,033579;0,402954;2,014768;0;2,452762;54,099998;43,200001
04.09.2025 10:18:24;0,000963;0,760704;0,400294;2,435847;0;3,593943;54,099998;38
04.09.2025 10:23:25;0,000342;0,086869;0,360614;2,079007;0;2,52722;54,200001;45,799999
04.09.2025 10:28:28;0,003784;0,196521;0,287167;2,339399;0;2,820912;54,099998;45,400002
04.09.2025 10:33:30;0,000705;0,221182;0,282298;2,375157;0;2,876817;54,200001;45,700001
04.09.2025 10:38:31;0;0,811017;0,281776;2,487801;0;3,581324;54,200001;45,700001
04.09.2025 10:43:33;0,002046;0,595881;0,341959;2,467922;0;3,403579;54,200001;45,700001
04.09.2025 10:48:36;0,002164;0,433652;0,412622;2,456877;0;3,302425;54,200001;45,700001
04.09.2025 10:53:37;0;0,970155;0,426313;2,485246;0;3,879159;54,299999;45,700001
04.09.2025 10:58:39;0,000614;0,167341;0,466373;2,461374;0;3,095089;54,299999;44,900002
04.09.2025 11:03:41;0,003172;0,034923;0,429995;2,137969;0;2,598885;54,299999;44,599998
04.09.2025 11:08:41;0,000847;0,034424;0,357422;2,182617;0;2,575195;54,200001;31,9
04.09.2025 11:13:44;0,005586;0,092822;0,290068;2,074712;0;2,451075;54,599998;45,400002
04.09.2025 11:18:46;0,001364;0,46128;0,338321;2,467558;0;3,26534;54,900002;45
04.09.2025 11:23:47;0,000855;0,181767;0,377404;2,120617;0;2,680518;56,200001;24,1
04.09.2025 11:28:50;0;2,567828;0,34083;0,388691;0,012328;3,285021;54,599998;-0,3
04.09.2025 11:33:51;0;3,749951;0,282506;0,000365;0,00073;4,030997;54,099998;0
04.09.2025 11:38:53;0;3,132195;0,272112;0;0;3,403579;53,900002;0
04.09.2025 11:43:55;0;3,579651;0,260471;0;0;3,840122;53,799999;0
04.09.2025 11:48:57;0;3,458147;0,25465;0;0;3,713524;53,700001;0
04.09.2025 11:54:00;0;3,366965;0,203773;0;0;3,570738;53,700001;0
04.09.2025 11:59:02;0;3,434137;0,164431;0;0;3,598568;53,599998;0
04.09.2025 12:04:04;0;2,877545;0,861445;0;0;3,739717;53,599998;0
04.09.2025 12:09:05;0;2,375383;1,638824;0;0;4,013477;53,599998;0
04.09.2025 12:14:06;0;1,210321;2,896595;0;0;4,106916;53,5;0
04.09.2025 12:19:08;0;0,884727;2,943026;0;0;3,828481;53,5;0
04.09.2025 12:24:10;0;2,11505;1,859672;0;0;3,973995;53,5;0
04.09.2025 12:29:12;0;3,682239;0,264836;0;0;3,947802;53,5;0
04.09.2025 12:34:14;0;3,349739;0,232823;0;0;3,581106;53,5;0
04.09.2025 12:39:16;0;4,112961;0,14988;0;0;4,262113;53,5;0
04.09.2025 12:44:18;0;3,002687;0,103315;0;0;3,10673;53,5;0
04.09.2025 12:49:20;0;2,853535;0,090946;0;0;2,943754;53,5;0
04.09.2025 12:54:22;0;2,403168;0,168069;0;0;2,571237;53,5;0
04.09.2025 12:59:24;0;3,598568;0,221182;0;0;3,821205;53,5;0
04.09.2025 13:04:26;0;4,265751;0,227002;0;0;4,493481;53,400002;0
04.09.2025 13:09:28;0;3,841577;0,215361;0;0;4,055483;53,400002;0
04.09.2025 13:14:30;0;3,583289;0,258288;0;0;3,843032;53,400002;0
04.09.2025 13:19:32;0;3,794285;0,22482;0;0;4,017649;53,400002;0
04.09.2025 13:24:34;0;3,423223;0,172434;0;0;3,595658;53,400002;0
04.09.2025 13:29:36;0;2,878272;0,170979;0;0;3,049979;53,400002;0
04.09.2025 13:34:38;0;3,712069;0,22482;0;0;3,936161;53,400002;0
04.09.2025 13:39:40;0;2,889186;0,289573;0;0;3,179487;53,400002;0
04.09.2025 13:44:43;0;2,935489;0,266137;0;0;3,200901;53,400002;0
04.09.2025 13:49:44;0;2,992953;0,252576;0;0;3,245529;53,400002;0
04.09.2025 13:54:46;0;4,019104;0,253195;0;0;4,273754;53,400002;0
04.09.2025 13:59:48;0;3,451599;0,237188;0;0;3,687332;53,400002;0
04.09.2025 14:04:50;0;3,770275;0,157155;0;0;3,92743;53,400002;0
04.09.2025 14:09:52;0;4,123875;0,106953;0;0;4,2301;53,400002;0
04.09.2025 14:14:54;0;2,481018;0,101132;0;0;2,581423;53,400002;0
04.09.2025 14:19:56;0;3,194766;0,09895;0;0;3,294443;53,400002;0
04.09.2025 14:24:58;0;3,824115;0,195717;0;0;4,022015;53,400002;0
04.09.2025 14:29:58;0;2,562012;0,201416;0;0;2,76123;53,299999;0
04.09.2025 14:35:00;0;2,580696;0,198627;0;0;2,779323;53,299999;0
04.09.2025 14:40:02;0;3,682966;0,194262;0;0;3,877956;53,299999;0
04.09.2025 14:45:04;0;3,658957;0,192079;0;0;3,851763;53,299999;0
04.09.2025 14:50:04;0;3,605713;0,087158;0;0;3,692871;53,299999;0
04.09.2025 14:55:06;0;2,919016;0,097495;0;0;3,016511;53,299999;0
04.09.2025 15:00:08;0;3,127102;0,146969;0;0;3,274071;53,299999;0
04.09.2025 15:05:10;0;3,715707;0,194262;0;0;3,909969;53,299999;0
04.09.2025 15:10:12;0;2,62726;0,323769;0;0;2,952485;53,299999;0
04.09.2025 15:15:14;0;2,514487;0,361603;0;0;2,873907;53,299999;0
04.09.2025 15:20:16;0;2,216182;0,360875;0;0;2,577058;53,299999;0
04.09.2025 15:25:18;0;3,538907;0,344141;0;0;3,882321;53,299999;0
04.09.2025 15:30:20;0;2,11214;0,324497;0;0;2,437364;53,299999;0
04.09.2025 15:35:22;0;1,99209;0,189896;0;0;2,182714;53,299999;0
04.09.2025 15:40:24;0;3,02888;0,089491;0;0;3,118371;53,299999;0
04.09.2025 15:45:26;0;3,178032;0,088764;0;0;3,266796;53,299999;0
04.09.2025 15:50:28;0;2,827342;0,102588;0;0;2,929202;53,299999;0
04.09.2025 15:55:30;0;1,981177;0,193534;0;0;2,175438;53,299999;0
04.09.2025 16:00:32;0;2,502846;0,221909;0;0;2,722572;53,299999;0
04.09.2025 16:05:34;0;1,91424;0,220454;0;0;2,137605;53,299999;0
04.09.2025 16:10:34;0;2,054443;0,259277;0;0;2,312988;53,299999;0
04.09.2025 16:15:37;0;2,353902;0,268313;0;0;2,622215;53,299999;0
04.09.2025 16:20:38;0;2,903895;0,191987;0;0;3,095152;53,299999;0
04.09.2025 16:25:40;0;2,436637;0,136783;0;0;2,574148;53,299999;0
04.09.2025 16:30:42;0;1,709065;0,109863;0;0;1,817473;53,299999;0
04.09.2025 16:35:42;0;2,084473;0,110596;0;0;2,195801;53,299999;0
04.09.2025 16:40:44;0;2,569782;0,224092;0;0;2,793874;53,299999;0
04.09.2025 16:45:46;0;2,379886;0,218271;0;0;2,59743;53,299999;0
04.09.2025 16:50:48;0;1,288529;0,20663;0;0;1,494432;53,299999;0
04.09.2025 16:55:50;0;1,37511;0,205175;0;0;1,580285;53,299999;0
04.09.2025 17:00:52;0;1,304536;0,212451;0;0;1,516259;53,299999;0
04.09.2025 17:05:54;0;1,528628;0,229185;0;0;1,757813;53,299999;0
04.09.2025 17:10:57;0;0,485139;0,278465;0;0;0,762879;53,200001;0
04.09.2025 17:15:58;0;0,567931;0,267906;0;0;0,836567;53,200001;0
04.09.2025 17:21:00;0,001035;1,014235;0,289573;0;0,001455;1,302353;53,200001;0
04.09.2025 17:26:00;0;1,486084;0,299561;0;0;1,785645;53,299999;0
04.09.2025 17:31:02;0;1,47697;0,250285;0;0;1,727255;53,200001;0
04.09.2025 17:36:04;0;1,137922;0,220454;0;0;1,359103;53,200001;0
04.09.2025 17:41:06;0;1,696697;0,331045;0;0;2,027014;53,200001;0
04.09.2025 17:46:06;0;1,782715;0,325195;0;0;2,10791;53,200001;0
04.09.2025 17:51:08;0;1,773091;0,169524;0;0;1,942616;53,200001;0
04.09.2025 17:56:10;0;1,735258;0,152062;0;0;1,88732;53,200001;0
04.09.2025 18:01:12;0;1,617391;0,128053;0;0;1,744716;53,200001;0
04.09.2025 18:06:14;0;1,362741;0,195717;0;0;1,559913;53,200001;0
04.09.2025 18:11:16;0;1,038972;0,23355;0;0;1,271795;53,200001;0
04.09.2025 18:16:18;0;0,849803;0,23064;0;0;1,079716;53,200001;0
04.09.2025 18:21:18;0;0,741943;0,221191;0;0;0,962402;53,200001;0
04.09.2025 18:26:20;0,006457;0,385613;0,221909;0;0;0,602429;53,200001;0
04.09.2025 18:31:22;0,009515;0,048747;0,152062;0;0;0,190624;53,200001;0
04.09.2025 18:36:24;0;0,107681;0,122232;0;0;0,229913;53,200001;0
04.09.2025 18:41:27;0,003479;0,056563;0,154461;0;0;0,208849;53,200001;0
04.09.2025 18:46:28;0,035941;0,01533;0,221187;0;0,093804;0,105118;53,099998;-6,3
04.09.2025 18:51:30;0;0,023282;0,365968;0;0,348507;0,042199;52,900002;-6,6
04.09.2025 18:56:32;0,000523;0,021827;0,362331;0;0,353963;0,027648;52,900002;-6,6
04.09.2025 19:01:34;0,004525;0,02692;0,378337;0;0,367787;0,033468;52,900002;-7,2
04.09.2025 19:06:34;0,000687;0,028564;0,392578;0;0,38855;0,033691;52,900002;-7,4
04.09.2025 19:11:36;0,002205;0,034196;0,378337;0;0,382339;0,026193;52,900002;-8,2
04.09.2025 19:16:38;0,008901;0,020372;0,344869;0;0,331409;0,026193;52,900002;-6,6
04.09.2025 19:21:40;0,008344;0,020372;0,341959;0;0,333591;0,020372;52,900002;-6,2
04.09.2025 19:26:40;0,004257;0,026367;0,28125;0;0,286743;0,016113;53;-5
04.09.2025 19:31:42;0,00008;0,018917;0,23355;0;0,245192;0,007276;53;-4,8
04.09.2025 19:36:44;0,006173;0,029103;0,28157;0;0,302306;0,001455;53;-6,6
04.09.2025 19:41:46;0,002649;0,033468;0,280115;0;0,310673;0,001455;53;-6,1
04.09.2025 19:46:46;0,002438;0,024902;0,295166;0;0,317139;0;53;-6
04.09.2025 19:51:48;0,001353;0,0211;0,292484;0;0,312492;0;53;-5,8
04.09.2025 19:56:50;0,003001;0,018917;0,290301;0;0,307035;0;53;-5,8
04.09.2025 20:01:52;0,001717;0,0211;0,246647;0;0,265564;0;53;-3,8
04.09.2025 20:06:54;0;0,021827;0,175345;0;0,197536;0;53;-3,8
04.09.2025 20:11:54;0,000217;0,023438;0,172852;0;0,195557;0;53;-3,8
04.09.2025 20:16:56;0,001557;0,018189;0,178983;0;0,194989;0;53;-3,6
04.09.2025 20:21:58;0,006218;0,026193;0,259015;0;0,280115;0;53;-5,8
04.09.2025 20:27:00;0,001603;0,02401;0,334683;0;0,356146;0;52,900002;-6,9
04.09.2025 20:32:03;0,001847;0,02248;0,346631;0;0,366936;0;52,900002;-6,9
04.09.2025 20:37:04;0,001084;0,02263;0,343825;0;0,366089;0;52,900002;-6,9
04.09.2025 20:42:06;0;0,021827;0,328862;0;0,351053;0;52,900002;-6,9
04.09.2025 20:47:08;0,004752;0,020372;0,244464;0;0,260107;0;53;-5
04.09.2025 20:52:10;0,000944;0,018189;0,236461;0;0,253195;0;53;-4,7
04.09.2025 20:57:12;0,003752;0,02692;0,298304;0;0,321587;0;53;-5,5
04.09.2025 21:02:12;0,005516;0,029297;0,304688;0;0,328125;0;52,900002;-8
04.09.2025 21:07:14;0,00299;0,023282;0,390706;0;0,411078;0;52,900002;-7,6
04.09.2025 21:12:14;0,00119;0,026367;0,376465;0;0,4021;0;52,900002;-7,4
04.09.2025 21:17:17;0,003297;0,020305;0,372737;0;0,389779;0;52,900002;-7,3
04.09.2025 21:22:18;0,002224;0,041609;0,264256;0;0,303675;0;53;-5,5
04.09.2025 21:27:20;0,002876;0,02692;0,269201;0;0,292484;0;53;-6
04.09.2025 21:32:22;0,011527;0,02401;0,192806;0;0,206266;0;53;-3,6
04.09.2025 21:37:24;0,000261;0,025465;0,165159;0;0,189532;0;53;-3,6
04.09.2025 21:42:26;0;0,024737;0,165159;0;0,19026;0;53;-3,6
04.09.2025 21:47:28;0,019087;0,02983;0,184803;0;0,195353;0;53;-7,1
04.09.2025 21:52:30;0,006082;0,029103;0,313583;0;0,337229;0;53;-6,9
04.09.2025 21:57:32;0;0,025465;0,339776;0;0,364513;0;52,900002;-6,7
04.09.2025 22:00:00;0,043055;0,004454;0,071263;0,000742;0,030435;0;53,099998;0
04.09.2025 22:05:00;0,046795;0;0,04541;0;0;0;53,099998;0
04.09.2025 22:10:00;0,044403;0;0,043945;0;0;0;53,099998;0
04.09.2025 22:15:00;0,044403;0;0,046143;0;0;0;53,200001;0
04.09.2025 22:20:00;0,045593;0;0,043945;0;0;0;53,200001;0
04.09.2025 22:25:00;0,044403;0;0,044678;0;0;0;53,200001;0
04.09.2025 22:30:00;0,044403;0;0,044678;0;0;0;53,200001;0
04.09.2025 22:35:00;0,044403;0;0,04541;0;0;0;53,200001;0
04.09.2025 22:40:00;0,045593;0;0,043945;0;0;0;53,200001;0
04.09.2025 22:45:00;0,044403;0;0,046143;0;0;0;53,200001;0
04.09.2025 22:50:00;0,045605;0;0,043945;0;0;0;53,200001;0
04.09.2025 22:55:00;0,044392;0;0,044678;0;0;0;53,200001;0
04.09.2025 23:00:07;0,001174;0;0,001431;0;0;0;53,200001;0
04.09.2025 23:05:00;0,038094;0,00075;0,050245;0;0,013499;0;53,200001;0
04.09.2025 23:10:00;0,044392;0;0,043945;0;0;0;53,200001;0
04.09.2025 23:15:00;0,045605;0;0,046143;0;0;0;53,200001;0
04.09.2025 23:20:00;0,044403;0;0,043945;0;0;0;53,200001;0
04.09.2025 23:25:00;0,045593;0;0,044678;0;0;0;53,200001;0
04.09.2025 23:30:00;0,044403;0;0,04541;0;0;0;53,200001;0
04.09.2025 23:35:00;0,044403;0;0,044678;0;0;0;53,200001;0
04.09.2025 23:40:00;0,045593;0;0,043945;0;0;0;53,200001;0
04.09.2025 23:45:00;0,044403;0;0,046143;0;0;0;53,200001;0
04.09.2025 23:50:00;0,044403;0;0,043945;0;0;0;53,200001;0
04.09.2025 23:55:00;0,045593;0;0,04541;0;0;0;53,200001;0
05.09.2025 00:00:00;0,044403;0;0,044678;0;0;0;53,200001;0
05.09.2025 00:05:00;0,045605;0;0,044678;0;0;0;53,200001;0
05.09.2025 00:10:00;0,044403;0;0,043945;0;0;0;53,200001;0
05.09.2025 00:15:00;0,044392;0;0,046143;0;0;0;53,200001;0
05.09.2025 00:20:00;0,045605;0;0,04541;0;0;0;53,200001;0
05.09.2025 00:25:00;0,045593;0;0,043945;0;0;0;53,200001;0
05.09.2025 00:30:00;0,044403;0;0,046143;0;0;0;53,200001;0
05.09.2025 00:35:00;0,044403;0;0,043945;0;0;0;53,200001;0
05.09.2025 00:40:00;0,045593;0;0,046143;0;0;0;53,200001;0
05.09.2025 00:45:00;0,044403;0;0,043945;0;0;0;53,200001;0
05.09.2025 00:50:00;0,044403;0;0,04541;0;0,001099;0;53,200001;0
05.09.2025 00:55:00;0,045605;0;0,046143;0;0;0;53,200001;0
05.09.2025 01:00:00;0,045593;0;0,04541;0;0;0;53,200001;0
05.09.2025 01:05:00;0,044403;0;0,04541;0;0,001099;0;53,200001;0
05.09.2025 01:10:00;0,045593;0;0,046143;0;0;0;53,200001;0
05.09.2025 01:15:00;0,044403;0;0,04541;0;0;0;53,200001;0
05.09.2025 01:20:00;0,045605;0;0,043945;0;0;0;53,200001;0
05.09.2025 01:25:00;0,045593;0;0,046143;0;0;0;53,200001;0
05.09.2025 01:30:00;0,044403;0;0,04541;0;0,001099;0;53,200001;0
05.09.2025 01:35:00;0,045605;0;0,044678;0;0;0;53,200001;0
05.09.2025 01:40:00;0,044392;0;0,04541;0;0;0;53,200001;0
05.09.2025 01:45:00;0,045605;0;0,043945;0;0;0;53,200001;0
05.09.2025 01:50:00;0,044403;0;0,046143;0;0;0;53,200001;0
05.09.2025 01:55:00;0,045593;0;0,04541;0;0;0;53,200001;0
05.09.2025 02:05:00;0,045004;0;0,04541;0;0;0;53,200001;0
05.09.2025 02:10:00;0,045593;0;0,046143;0;0;0;53,200001;0
05.09.2025 02:15:00;0,045605;0;0,043945;0;0;0;53,200001;0
05.09.2025 02:20:00;0,044403;0;0,046143;0;0;0;53,200001;0
05.09.2025 02:25:00;0,045593;0;0,043945;0;0;0;53,200001;0
05.09.2025 02:30:00;0,045605;0;0,04541;0;0;0;53,200001;0
05.09.2025 02:35:00;0,045593;0,013184;0,342041;0;0,308716;0;52,799999;-17
05.09.2025 02:40:00;0,001202;0,036621;0,719971;0;0,755859;0;52,799999;-14,5
05.09.2025 02:41:46;0;0,033166;0,700638;0;0,732767;0;52,799999;-13,6
05.09.2025 02:46:45;0,001837;0,036744;0,645217;0;0,680491;0;52,799999;-11,5
05.09.2025 02:51:45;0,000778;0,035889;0,614502;0;0,649292;0;52,799999;-12,8
05.09.2025 02:56:45;0,000046;0,032227;0,60498;0;0,636841;0;52,799999;-11,8
05.09.2025 03:01:44;0,000643;0,031599;0,59892;0;0,631622;0;52,799999;-12,5
05.09.2025 03:06:47;0,000136;0,033358;0,564908;0;0,596815;0;52,900002;-9,5
05.09.2025 03:11:46;0,000149;0,02866;0,473257;0;0,501917;0;52,900002;-9,3
05.09.2025 03:16:46;0,001167;0,037354;0,435791;0;0,47168;0;52,900002;-8
05.09.2025 03:21:46;0,004063;0,025635;0,405029;0;0,427734;0;52,900002;-7,9
05.09.2025 03:26:47;0,001049;0,035039;0,389814;0;0,423028;0;52,900002;-7,8
05.09.2025 03:31:47;0;0,030762;0,383057;0;0,413818;0;52,900002;-7,8
05.09.2025 03:36:46;0,000046;0,031599;0,381398;0;0,41263;0;52,900002;-7,8
05.09.2025 03:41:47;0,00024;0,03139;0,375944;0;0,408064;0;52,900002;-7,6
05.09.2025 03:46:49;0,005173;0,02983;0,387796;0;0,411805;0;52,900002;-7,7
05.09.2025 03:51:48;0,000115;0,035274;0,368171;0;0,403444;0;52,900002;-7,6
05.09.2025 03:56:51;0,002176;0,031907;0,374188;0;0,403195;0;52,900002;-7,4
05.09.2025 04:01:53;0,010379;0,02692;0,360148;0;0,377246;0;52,900002;-6,1
05.09.2025 04:06:54;0,001129;0,041609;0,307325;0;0,348205;0;53;-6,2
05.09.2025 04:11:57;0,000068;0,039159;0,298045;0;0,336116;0;52,900002;-6,5
05.09.2025 04:16:58;0,000023;0,02847;0,303675;0;0,332145;0;52,900002;-6,3
05.09.2025 04:22:01;0,000215;0,036259;0,317625;0;0,354246;0;52,900002;-7,8
05.09.2025 04:27:03;0,000114;0,032741;0,371061;0;0,403438;0;52,900002;-7,7
05.09.2025 04:32:05;0,003069;0,039289;0,470739;0;0,50639;0;52,900002;-9,3
05.09.2025 04:37:06;0,000034;0,032119;0,456973;0;0,489457;0;52,900002;-9
05.09.2025 04:42:08;0,000182;0,034923;0,430722;0;0,466009;0;52,900002;-7,8
05.09.2025 04:47:11;0,00051;0,032633;0,379264;0;0,411534;0;52,900002;-7,7
05.09.2025 04:52:13;0,001489;0,027648;0,384158;0;0,409623;0;52,900002;-7,8
05.09.2025 04:57:13;0,003273;0,040283;0,377197;0;0,414917;0;52,900002;-9,5
05.09.2025 05:02:14;0,000148;0,034309;0,375944;0;0,408794;0;52,900002;-7,5
05.09.2025 05:07:14;0;0,035156;0,359619;0;0,395142;0;52,900002;-7,4
05.09.2025 05:12:15;0,000068;0,035769;0,355504;0;0,392734;0;52,900002;-7,4
05.09.2025 05:17:17;0,003717;0,031286;0,35942;0;0,38634;0;52,900002;-6,4
05.09.2025 05:22:18;0,001175;0,050369;0,275206;0;0,32448;0;53;-6,8
05.09.2025 05:27:20;0,002205;0,034196;0,304852;0;0,336502;0;53;-6,2
05.09.2025 05:32:23;0,005337;0,038434;0,527199;0;0,560194;0;52,599998;-36,799999
05.09.2025 05:37:23;0,000652;0,052734;2,075684;0;2,12915;0;52,400002;-42,700001
05.09.2025 05:42:25;0,001307;0,054568;2,465012;0;2,516306;0;52,099998;-71,400002
05.09.2025 05:47:26;0,041906;0,01387;3,83463;0;3,807985;0;52,099998;-71,300003
05.09.2025 05:52:27;0,000365;0,062779;3,080552;0;3,142236;0;52,299999;-48,599998
05.09.2025 05:57:29;0,088866;0,057478;2,456281;0;2,424995;0;52,5;-32,200001
05.09.2025 06:02:31;0,001432;0,05384;1,573009;0;1,625395;0;52,599998;-25,4
05.09.2025 06:07:33;0,000637;0,059661;1,248513;0;1,307446;0;52,599998;-24,299999
05.09.2025 06:12:35;0,000375;0,045109;1,231778;0;1,276888;0;52,599998;-23,1
05.09.2025 06:17:34;0,002641;0,045562;1,203719;0;1,246709;0;52,700001;-5,4
05.09.2025 06:22:36;0,005786;0,037106;0,341959;0;0,37288;0;52,900002;-6,5
05.09.2025 06:27:38;0,008287;0,042927;0,367424;0;0,402347;0;52,799999;-10
05.09.2025 06:32:40;0,000944;0,02983;0,462008;0;0,489656;0;52,900002;-8,9
05.09.2025 06:37:42;0,000932;0,02692;0,445274;0;0,472558;0;52,799999;-8,8
05.09.2025 06:42:45;0,000125;0,034083;0,428576;0;0,462659;0;52,900002;-8,3
05.09.2025 06:47:46;0;0,037959;0,381054;0;0,417918;0;52,900002;-7
05.09.2025 06:52:48;0;0,033468;0,323042;0;0,357238;0;52,900002;-6,9
05.09.2025 06:57:50;0,00008;0,034923;0,323769;0;0,358693;0;52,900002;-6,8
05.09.2025 07:02:53;0,004566;0,021755;0,338654;0;0,354971;0;52,900002;-6,7
05.09.2025 07:07:54;0,001232;0,032849;0,319735;0;0,35149;0;52,900002;-6,6
05.09.2025 07:12:54;0,00103;0,046143;0,30542;0;0,349731;0;52,900002;-4,2
05.09.2025 07:17:56;0,008231;0,028375;0,202992;0;0,223001;0,001455;52,900002;-4,7
05.09.2025 07:22:58;0,003831;0,032013;0,22773;0;0,232823;0,021827;52,900002;-5,1
05.09.2025 07:27:58;0,000114;0,030029;0,270264;0;0,268433;0,032227;52,900002;-4,4
05.09.2025 07:33:01;0,008815;0,037709;0,317625;0;0,289343;0,056563;52,900002;-6,7
05.09.2025 07:38:03;0,006582;0,032013;0,390706;0;0,35651;0,059661;52,900002;-6,2
05.09.2025 07:43:05;0,006071;0,034196;0,347052;0;0,285208;0,090219;52,900002;-4,7
05.09.2025 07:48:07;0,013403;0,02983;0,318676;0;0,21427;0,120777;52,900002;-4
05.09.2025 07:53:08;0,009889;0,02701;0,318275;0;0,172642;0,163517;53;-1,6
05.09.2025 07:58:10;0,026522;0,0211;0,365968;0;0,126597;0,232823;53;-0,4
05.09.2025 08:03:12;0,046792;0,008731;0,340503;0;0,047292;0,256105;53;-3,3
05.09.2025 08:08:12;0,007645;0,057861;0,26001;0;0,047241;0,262207;53;-0,3
05.09.2025 08:13:16;0,004517;0,077338;0,235628;0,050956;0,014094;0,345491;53,099998;1
05.09.2025 08:18:16;0,002369;0,035889;0,306152;0,132202;0,000366;0,47168;53,200001;4,2
05.09.2025 08:23:18;0,007094;0,038561;0,317949;0,221182;0,003638;0,567506;53,200001;2,3
05.09.2025 08:28:21;0,001654;0,025381;0,410446;0,141408;0;0,575785;53,200001;2,9
05.09.2025 08:33:22;0,003707;0,02701;0,406604;0,183227;0;0,61173;53,299999;4,7
05.09.2025 08:38:24;0,000534;0,028375;0,426357;0,191715;0;0,647539;53,299999;3,2
05.09.2025 08:43:27;0,000306;0,032633;0,420599;0,346631;0;0,799138;53,400002;8,5
05.09.2025 08:48:28;0;0,040879;0,400764;0,556251;0;0,998624;53,5;12,1
05.09.2025 08:53:30;0,000205;0,032741;0,413988;0,714111;0;1,161204;53,599998;14,5
05.09.2025 08:58:32;0,000148;0,037834;0,385613;0,73994;0;1,161204;53,599998;13,4
05.09.2025 09:03:35;0,000079;0,04206;0,247283;0,75744;0;1,048596;53,599998;14,2
05.09.2025 09:08:36;0,001289;0,046719;0,266446;0,638375;0;0,950445;53,5;10,7
05.09.2025 09:13:38;0,003285;0,028375;0,295394;0,605703;0;0,925471;53,599998;12,7
05.09.2025 09:18:40;0,006344;0,039289;0,440181;0,613706;0,001455;1,084081;53,599998;12,8
05.09.2025 09:23:41;0;0,036499;0,415364;0,777803;0,000365;1,230761;53,599998;13,3
05.09.2025 09:28:43;0,012721;0,032013;0,61116;0,56314;0,121141;1,07244;53,200001;-20
05.09.2025 09:33:44;0,005429;0,043069;1,92644;0,072999;1,000084;1,036584;53,299999;10,8
05.09.2025 09:38:47;0,025596;0,069616;0,745475;0,473174;0,222265;1,038444;53,299999;9
05.09.2025 09:43:48;0,015033;0,035769;1,211781;0,150013;0,450038;0,932925;53,400002;13,7
05.09.2025 09:48:50;0,002024;0,044382;0,253922;0,694467;0,000364;0,990952;53,599998;12,7
05.09.2025 09:53:52;0,000216;0,040016;0,213906;0,640627;0;0,893458;53,599998;11,8
05.09.2025 09:58:55;0,000442;0,047861;0,206673;0,570709;0;0,825244;53,599998;10,4
05.09.2025 10:03:57;0,007605;0,047292;0,313583;0,419445;0,002183;0,769771;53,5;7,4
05.09.2025 10:08:59;0,002478;0,034923;0,341231;0,433633;0;0,807604;53,5;8,4
05.09.2025 10:14:00;0,011201;0,032119;0,405144;0,278856;0,00292;0,702249;53,5;4,4
05.09.2025 10:19:02;0,003354;0,035651;0,45546;0,153154;0;0,640263;53,400002;3,8
05.09.2025 10:24:03;0,002247;0,036499;0,447483;0,248196;0;0,731449;53,5;5,7
05.09.2025 10:29:04;0,000194;0,048909;0,411714;0,465733;0;0,924166;53,599998;13
05.09.2025 10:34:06;0,000239;0,044382;0,32959;0,70538;0;1,079716;53,700001;12,1
05.09.2025 10:39:08;0,000705;0,045837;0,245919;0,857807;0;1,149563;53,799999;19,5
05.09.2025 10:44:08;0,002644;0,035156;0,288574;0,861694;0;1,182129;53,700001;14
05.09.2025 10:49:11;0,007252;0,036984;0,335029;0,675133;0,000363;1,039894;53,700001;9,6
05.09.2025 10:54:13;0,003013;0,025465;0,416171;0,460553;0;0,897823;53,700001;9,3
05.09.2025 10:59:14;0,009604;0,02701;0,886206;0,250751;0,082854;1,071623;53,400002;0
05.09.2025 11:04:16;0,025113;0,071302;0,898551;0,545679;0;1,491521;53,599998;7,7
05.09.2025 11:09:18;0,004138;0,04802;0,717385;0,788687;0,030194;1,519169;53,799999;14,6
05.09.2025 11:14:20;0,008356;0,039289;0,40744;0,613343;0,001091;1,050613;53,700001;9,8
05.09.2025 11:19:22;0,001;0,030558;0,267019;0,609705;0;0,906554;53,700001;9
05.09.2025 11:24:25;0,00017;0,028282;0,229154;0,288618;0;0,546778;53,5;3,6
05.09.2025 11:29:26;0,006342;0,032119;0,63655;0,099643;0,329225;0,433613;53,099998;-14,7
05.09.2025 11:34:28;0,014529;0,058206;0,707199;0,063662;0,365241;0,448184;53,400002;1,5
05.09.2025 11:39:30;0,002933;0,032013;0,387796;0,166614;0,000364;0,583512;53,5;5,7
05.09.2025 11:44:32;0,000193;0,029103;0,40453;0,347052;0;0,779957;53,599998;8
05.09.2025 11:49:34;0,001239;0,033468;0,40453;0,49293;0;0,929836;53,700001;11,4
05.09.2025 11:54:36;0,003854;0,028375;0,374699;0,518758;0;0,91674;53,700001;6,9
05.09.2025 11:59:39;0,002799;0,052212;0,292969;0,630898;0;0,973178;53,799999;15,3
05.09.2025 12:04:40;0,004927;0,03139;0,349665;0,912121;0;1,29062;53,900002;19,1
05.09.2025 12:09:40;0,019135;0,035156;0,462158;1,387939;0;1,864746;54;31,5
05.09.2025 12:14:43;0,001518;0,034808;0,464109;1,779568;0;2,277034;54;31,4
05.09.2025 12:19:44;0,011611;0,043799;0,513182;1,412163;0;1,957829;53,900002;21,299999
05.09.2025 12:24:46;0,003376;0,035651;0,445274;0,896004;0;1,373655;53,900002;20,6
05.09.2025 12:29:49;0,001598;0,034083;0,457582;1,157734;0;1,647587;53,900002;21,4
05.09.2025 12:34:51;0,002331;0,035651;0,423447;1,149927;0;1,606478;53,900002;20,9
05.09.2025 12:39:52;0,000376;0,037229;0,372294;1,086588;0;1,495017;53,900002;21,4
05.09.2025 12:44:54;0,003899;0,032741;0,400892;1,28671;0;1,717069;54;24,5
05.09.2025 12:49:57;0,000102;0,036259;0,287167;1,222999;0;1,547513;53,900002;20,9
05.09.2025 12:54:58;0,000342;0,037959;0,256226;1,102648;0;1,394278;53,900002;20,799999
05.09.2025 13:00:00;0,002217;0,032013;0,274294;1,158657;0;1,463874;53,900002;21,4
05.09.2025 13:05:03;0,006323;0,041335;0,477162;1,146131;0;1,657739;53,900002;21,5
05.09.2025 13:10:04;0;0,038689;0,478873;1,074543;0;1,591375;53,900002;17,4
05.09.2025 13:15:06;0,000819;0,028375;0,467828;0,726844;0;1,22232;53,799999;11,5
05.09.2025 13:20:08;0,001012;0,037834;0,443819;0,858534;0;1,340187;53,900002;20,299999
05.09.2025 13:25:09;0,002452;0,041609;0,413904;1,103378;0;1,556336;53,900002;20,200001
05.09.2025 13:30:11;0,017996;0,042927;1,512621;0,309582;0,556592;1,290712;53,200001;-16,799999
05.09.2025 13:35:13;0,004002;0,036379;2,109229;0;0,824338;1,316904;53,099998;-16,6
05.09.2025 13:40:16;0,005801;0,054388;3,668636;0;2,4489;1,267597;52,5;-56,900002
05.09.2025 13:45:17;0,039784;0,054019;4,228824;0;2,998063;1,245361;52,400002;-72,800003
05.09.2025 13:50:19;0,623154;0;5,624854;0;3,805562;1,196127;52,299999;-72,599998
05.09.2025 13:55:21;0,203856;0,022555;5,028246;0;3,767001;1,079716;52,299999;-66,199997
05.09.2025 14:00:21;0,003387;0,085693;2,449219;0,224854;1,69519;1,060547;53,099998;11,3
05.09.2025 14:05:23;0,0172;0,046565;0,670093;0,54968;0,12878;1,121915;52,900002;-18,299999
05.09.2025 14:10:25;0,00407;0,058933;1,128463;0,596972;0,403802;1,37511;53,400002;20,700001
05.09.2025 14:15:25;0,015541;0,052734;1,214355;0,314209;0,00769;1,557129;53,200001;0
05.09.2025 14:20:25;0,078838;0,09668;2,884277;0,023438;1,769531;1,158691;52,400002;-69,699997
05.09.2025 14:25:27;0,154529;0,217544;2,363879;0,106953;1,301261;1,231051;52,700001;-39,299999
05.09.2025 14:30:29;0,239689;0,272112;2,227096;0,168069;1,169935;1,257243;52,700001;-42,799999
05.09.2025 14:35:32;0,190493;0,284267;1,942731;0,141408;1,068538;1,10951;53;7,9
05.09.2025 14:40:33;0,235558;0,216807;1,521296;0,126653;0,676334;0,951905;53,099998;5,4
05.09.2025 14:45:36;0,25441;0,191445;1,187829;0,176216;0,476437;0,822343;53,099998;4,4
05.09.2025 14:50:38;0,007117;0,075667;0,548589;0,104043;0;0,721751;53,099998;1,8
05.09.2025 14:55:39;0,007346;0,039419;0,386164;0,166802;0;0,585451;53,200001;4,1
05.09.2025 15:00:41;0,007935;0,051658;0,323042;0,317221;0,007276;0,676641;53,299999;5,6
05.09.2025 15:05:43;0,009367;0,042199;0,333228;0,407804;0;0,772681;53,400002;9
05.09.2025 15:10:46;0,012113;0,044961;0,327777;0,449968;0,005801;0,806389;53,400002;6,3
05.09.2025 15:15:47;0,007939;0,035039;0,424853;0,285426;0;0,737288;53,299999;2,5
05.09.2025 15:20:49;0,008481;0,042927;0,42854;0,202992;0;0,666455;53,299999;5
05.09.2025 15:25:51;0,00208;0,037106;0,424174;0,138966;0;0,598064;53,200001;0
05.09.2025 15:30:53;0,003888;0,071302;0,519486;0,054568;0,009822;0,630077;53,200001;1,1
05.09.2025 15:35:55;0,00116;0,054568;0,524579;0,102951;0,000728;0,682462;53,299999;5,2
05.09.2025 15:40:57;0,002001;0,033468;0,367424;0,240462;0;0,637353;53,299999;3,1
05.09.2025 15:45:59;0,020724;0,032741;0,741395;0,025101;0,130599;0,648994;53,099998;-4
05.09.2025 15:51:01;0,021998;0,049475;2,131784;0;1,526081;0,631532;52,5;-41,799999
05.09.2025 15:56:04;0,009722;0,062365;2,892704;0;2,341212;0,604792;52,400002;-47,900002
05.09.2025 16:01:03;0,006545;0,066873;2,064254;0;1,653093;0,471787;52,700001;-16,1
05.09.2025 16:06:05;0,002706;0,043654;1,24342;0;0,821064;0,462735;52,799999;-16,200001
05.09.2025 16:11:07;0,020429;0,051658;1,543907;0;1,133556;0,442363;52,400002;-52,5
05.09.2025 16:16:09;0,009618;0,043654;1,585378;0;1,212498;0,40744;52,700001;-19,5
05.09.2025 16:21:12;0,012056;0,032633;1,230614;0;0,906463;0,345181;52,700001;-16,4
05.09.2025 16:26:13;0,00284;0,053289;1,092793;0;0,744588;0,397114;52,799999;-13,9
05.09.2025 16:31:16;0,002187;0,060914;1,031192;0;0,651928;0,439453;52,799999;-12,1
05.09.2025 16:36:17;0,003844;0,040879;1,057753;0;0,681444;0,411714;52,799999;-14,9
05.09.2025 16:41:19;0,01288;0,041472;1,148835;0;0,871994;0,30558;52,700001;-16,9
05.09.2025 16:46:22;0,01524;0,026831;1,203057;0;0,877093;0,337929;52,700001;-15,6
05.09.2025 16:51:24;0,012573;0,05093;0,866538;0;0,561321;0,343414;52,900002;0
05.09.2025 16:56:25;0,010117;0,041609;0,351854;0;0,02336;0,359154;53;0
05.09.2025 17:01:27;0,020554;0,035651;0,542041;0;0,181165;0,376882;53;-3,2
05.09.2025 17:06:29;0,023839;0,035651;0,467101;0,004002;0,07785;0,405985;53;-4,4
05.09.2025 17:11:32;0,015954;0,02103;0,584487;0;0,17948;0,408996;53;0
05.09.2025 17:16:33;0,005829;0,037959;0,395654;0;0,001095;0,426313;53,099998;0
05.09.2025 17:21:33;0,012405;0,038086;0,588867;0;0,186401;0,427734;53;-6,9
05.09.2025 17:26:35;0,020827;0,038561;1,661046;0;1,202676;0,477287;52,299999;-51,299999
05.09.2025 17:31:35;0,000458;0,062256;2,163574;0;1,644653;0,578613;52,599998;-13
05.09.2025 17:36:38;0,001269;0,031182;1,325611;0;0,658455;0,699064;52,700001;-11,3
05.09.2025 17:41:40;0,004331;0,031286;1,316904;0;0,483107;0,861445;52,799999;-6,1
05.09.2025 17:46:41;0,00446;0,040879;1,159222;0;0,073364;1,121262;52,900002;-0,3
05.09.2025 17:51:44;0,005892;0,026106;1,153021;0;0,220814;0,952874;52,900002;-4,1
05.09.2025 17:56:45;0,008292;0,036499;1,25266;0;0,287616;0,992784;52,900002;-7
05.09.2025 18:01:45;0,008469;0,035889;1,283936;0;0,342041;0,969727;52,799999;-8,8
05.09.2025 18:06:47;0,00424;0,049475;1,338731;0;0,330681;1,052068;52,900002;-4,1
05.09.2025 18:11:49;0,003501;0,047292;1,014962;0,091674;0,109863;1,040427;53;4,7
05.09.2025 18:16:51;0,016655;0,028375;0,713748;0,254286;0;0,982221;53,200001;10
05.09.2025 18:21:52;0,005623;0,041609;0,64604;1,445012;0;2,125727;53,700001;32,700001
05.09.2025 18:26:54;0,002853;0,038561;0,609705;1,662864;0;2,309312;53,799999;28,1
05.09.2025 18:31:55;0,021888;0,033579;0,536542;1,584805;0;2,133027;53,799999;27,200001
05.09.2025 18:36:55;0,008709;0,032227;0,445313;0,814819;0;1,283203;53,400002;3,2
05.09.2025 18:41:58;0,004419;0,044961;0,263237;0,162076;0;0,465559;53,400002;3,1
05.09.2025 18:47:00;0,016552;0,055295;0,306308;0,041835;0,041108;0,346324;53,200001;-3
05.09.2025 18:52:01;0,005965;0,0292;0,432883;0;0,186877;0,267176;53,200001;-4
05.09.2025 18:57:03;0,000068;0,035651;0,417626;0;0,227002;0,227002;53,200001;-4,4
05.09.2025 19:02:05;0,000114;0,031286;0,414716;0;0,244828;0,20081;53,099998;-5,5
05.09.2025 19:07:07;0,009038;0,025465;0,427084;0;0,231731;0,212451;53,099998;-6
05.09.2025 19:12:09;0,001148;0,033468;0,344869;0;0,238643;0,138239;53,099998;-3,2
05.09.2025 19:17:11;0,000318;0,024737;0,267019;0;0,191351;0,100405;53,099998;-4
05.09.2025 19:22:13;0;0,028375;0,265564;0;0,221182;0,072757;53,099998;-4,5
05.09.2025 19:27:15;0;0,030558;0,269201;0;0,248466;0,05093;53,099998;-5,2
05.09.2025 19:32:17;0,007878;0,032741;0,393616;0;0,397982;0,020372;53;-8
05.09.2025 19:37:18;0,000023;0,032849;0,421933;0;0,449673;0,0073;52,900002;-9,4
05.09.2025 19:42:20;0,004456;0,045837;1,540996;0;1,578102;0,004365;52,400002;-38,299999
05.09.2025 19:47:21;0,054532;0,061319;2,767387;0;2,773227;0;52,099998;-44
05.09.2025 19:52:23;0;0,058206;1,781822;0;1,840392;0;52,200001;-29,700001
05.09.2025 19:57:25;0,000057;0,052385;1,522079;0;1,573737;0;52,099998;-30,299999
05.09.2025 20:02:27;0;0,050202;1,501707;0;1,55191;0;52,099998;-30,5
05.09.2025 20:07:29;0,003115;0,061844;1,349645;0;1,408578;0;52,299999;-10,3
05.09.2025 20:12:32;0,00826;0,035533;0,492391;0;0,519947;0;52,299999;-12,3
05.09.2025 20:17:33;0,00057;0,039419;0,549681;0;0,588006;0;52,299999;-10,7
05.09.2025 20:22:35;0,000102;0,049475;0,53331;0;0,583512;0;52,299999;-10,6
05.09.2025 20:27:37;0,006673;0,028375;0,547134;0;0,568233;0;52,299999;-10,5
05.09.2025 20:32:39;0,001103;0,033468;0,526034;0;0,558775;0;52,299999;-10,8
05.09.2025 20:37:41;0,002012;0,043654;0,505662;0;0,54677;0;52,299999;-7,9
05.09.2025 20:42:42;0,000171;0,032849;0,406604;0;0,439453;0;52,400002;-8,4
05.09.2025 20:47:44;0,006741;0,025465;0,419809;0;0,438362;0;52,400002;-8,4
05.09.2025 20:52:45;0,002909;0,043069;0,390544;0;0,431423;0;52,400002;-8,2
05.09.2025 20:57:47;0,008208;0,02983;0,45837;0;0,47947;0;52,299999;-10,7
05.09.2025 21:02:50;0,000159;0,039884;0,541702;0;0,581224;0;52,299999;-13
05.09.2025 21:07:51;0;0,039419;0,587641;0;0,62779;0;52,299999;-11,5
05.09.2025 21:12:54;0,000011;0,036259;0,562732;0;0,598265;0;52,299999;-11,5
05.09.2025 21:17:55;0,000057;0,036499;0,540922;0;0,578151;0;52,299999;-10,4
05.09.2025 21:22:57;0;0,034923;0,424902;0;0,458734;0;52,299999;-8,2
05.09.2025 21:27:59;0;0,034196;0,388523;0;0,422719;0;52,299999;-8,3
05.09.2025 21:33:02;0,002697;0,034808;0,38434;0;0,417335;0;52,299999;-9
05.09.2025 21:38:03;0,004483;0,038689;0,454783;0;0,488727;0;52,299999;-10,4
05.09.2025 21:43:03;0,003273;0,036621;0,642334;0;0,675659;0;52,200001;-13,8
05.09.2025 21:48:05;0;0,039289;0,665728;0;0,705017;0;52,200001;-13,5
05.09.2025 21:53:07;0,002581;0,030558;0,609705;0;0,637353;0;52,200001;-11,9
05.09.2025 21:58:09;0;0,032741;0,580602;0;0,613343;0;52,200001;-10,2
05.09.2025 22:03:12;0,000011;0,031182;0,503993;0;0,536263;0;52,200001;-11,1
05.09.2025 22:08:14;0,00008;0,034923;0,432177;0;0,467101;0;52,299999;-8,4
05.09.2025 22:13:15;0;0,036499;0,340905;0;0,375579;0;52,299999;-6,7
05.09.2025 22:18:17;0,001148;0,034196;0,319404;0;0,3536;0;52,299999;-7,4
05.09.2025 22:23:19;0,00216;0,034923;0,330317;0;0,362694;0;52,299999;-7,7
05.09.2025 22:28:21;0,005161;0,038561;0,470011;0;0,503116;0;52,200001;-9,8
05.09.2025 22:33:24;0,000057;0,037709;0,474986;0;0,513058;0;52,200001;-9,9
05.09.2025 22:38:25;0,000285;0,040879;0,459163;0;0,500042;0;52,200001;-9,4
05.09.2025 22:43:25;0,002048;0,038818;0,407959;0;0,444946;0;52,299999;-8,5
05.09.2025 22:48:27;0,000148;0,032741;0,409623;0;0,441272;0;52,299999;-6,1
05.09.2025 22:53:28;0,006193;0,02482;0,379594;0;0,398939;0;52,299999;-7,2
05.09.2025 22:58:29;0,000046;0,03066;0,369374;0;0,400399;0;52,299999;-7,6
05.09.2025 23:03:31;0,001035;0,037106;0,369606;0;0,40453;0;52,299999;-8
05.09.2025 23:08:33;0,004445;0,036379;0,400892;0;0,433996;0;52,299999;-9,2
05.09.2025 23:13:35;0,000284;0,030558;0,448184;0;0,477651;0;52,200001;-9,7
05.09.2025 23:18:35;0,000069;0,033691;0,416748;0;0,450806;0;52,299999;-7,9
05.09.2025 23:23:37;0,00008;0,034923;0,368151;0;0,401983;0;52,299999;-7,7
05.09.2025 23:28:40;0,000125;0,029007;0,374188;0;0,403557;0;52,200001;-8,4
05.09.2025 23:33:41;0,000103;0,033579;0,292725;0;0,32594;0;52,299999;-5,2
05.09.2025 23:38:43;0,003342;0,032013;0,422719;0;0,45073;0;52,200001;-8,6
05.09.2025 23:43:45;0,000364;0,027648;0,415443;0;0,443455;0;52,200001;-8,7
05.09.2025 23:48:47;0,006162;0,037106;0,452549;0;0,483835;0;52,200001;-12,2
05.09.2025 23:53:49;0;0,036379;0,58424;0;0,620618;0;52,200001;-11,8
05.09.2025 23:58:51;0;0,033468;0,558775;0;0,591879;0;52,200001;-10
06.09.2025 00:03:54;0,000555;0,028282;0,495291;0;0,52321;0;52,200001;-9
06.09.2025 00:08:55;0,003171;0,032849;0,439453;0;0,470478;0;52,200001;-10
06.09.2025 00:13:57;0,003399;0,02983;0,437998;0;0,463463;0;52,200001;-6,9
06.09.2025 00:18:59;0,001489;0,036379;0,327407;0;0,363058;0;52,200001;-7
06.09.2025 00:24:02;0,003422;0,028282;0,340105;0;0,36331;0;52,299999;-6,9
06.09.2025 00:29:03;0,001414;0,033579;0,331415;0;0,363899;0;52,200001;-6,9
06.09.2025 00:34:05;0,010845;0,042199;0,419081;0;0,45073;0;52,200001;-10,7
06.09.2025 00:39:05;0,008057;0,029297;0,531738;0;0,553345;0;52,200001;-8,9
06.09.2025 00:44:08;0,004351;0,027556;0,498917;0;0,52176;0;52,200001;-8
06.09.2025 00:49:09;0,002555;0,035039;0,374484;0;0,408794;0;52,200001;-6,2
06.09.2025 00:54:09;0,002575;0,032227;0,311279;0;0,338745;0;52,299999;-6,2
06.09.2025 00:59:11;0,006309;0,02983;0,194989;0;0,218635;0;52,299999;-3,9
06.09.2025 01:04:13;0,002058;0,023282;0,181165;0;0,202992;0;52,299999;-3,8
06.09.2025 01:09:16;0,000068;0,029732;0,166789;0;0,195796;0;52,299999;-3,8
06.09.2025 01:14:17;0,012934;0,032849;0,218267;0;0,239071;0,00146;52,299999;-7,7
06.09.2025 01:19:19;0;0,034923;0,352872;0;0,387432;0;52,200001;-7,4
06.09.2025 01:24:21;0;0,032013;0,341959;0;0,374335;0;52,200001;-7
06.09.2025 01:29:24;0,005291;0,035533;0,38144;0;0,410446;0;52,200001;-8
06.09.2025 01:34:25;0;0,02774;0,378134;0;0,406604;0;52,200001;-7,7
06.09.2025 01:39:27;0;0,030558;0,358693;0;0,389614;0;52,200001;-5,6
06.09.2025 01:44:29;0,000091;0,029103;0,259743;0;0,288118;0;52,299999;-5,4
06.09.2025 01:49:31;0;0,028375;0,256105;0;0,28448;0;52,299999;-5,5
06.09.2025 01:54:31;0;0,028564;0,207275;0;0,236572;0;52,299999;-3,8
06.09.2025 01:59:33;0,009083;0,034196;0,199355;0;0,224456;0;52,299999;-6,7
06.09.2025 02:04:35;0,001069;0,035651;0,299032;0;0,333228;0;52,299999;-6,3
06.09.2025 02:09:38;0,002969;0,039884;0,312548;0;0,349895;0;52,200001;-7,6
06.09.2025 02:14:39;0;0,032849;0,364994;0;0,397114;0;52,200001;-7,6
06.09.2025 02:19:41;0,000091;0,032013;0,360875;0;0,393616;0;52,200001;-7,6
06.09.2025 02:24:41;0;0,033691;0,331787;0;0,364014;0;52,299999;-3,9
06.09.2025 02:29:44;0,012453;0,029007;0,182743;0;0,199784;0;52,299999;-3,4
06.09.2025 02:34:46;0,004502;0,028375;0,171707;0;0,194989;0;52,299999;-4,4
06.09.2025 02:39:47;0,005863;0,02774;0,173737;0;0,197097;0;52,299999;-3,9
06.09.2025 02:44:49;0,010152;0,038561;0,323769;0;0,351781;0;52,200001;-7,2
06.09.2025 02:49:52;0,000419;0,033358;0,359684;0;0,393042;0;52,200001;-7,5
06.09.2025 02:54:53;0;0,034309;0,356234;0;0,390544;0;52,200001;-7,5
06.09.2025 02:59:55;0,000762;0,033468;0,30558;0;0,337593;0;52,200001;-7,3
06.09.2025 03:04:57;0,002194;0,029103;0,28157;0;0,309218;0;52,200001;-4,1
06.09.2025 03:09:59;0,002342;0,031286;0,161521;0;0,189532;0;52,299999;-3,7
06.09.2025 03:14:59;0,008011;0,027832;0,175781;0;0,195557;0;52,299999;-4,2
06.09.2025 03:20:01;0,000966;0,02401;0,181165;0;0,204448;0;52,299999;-3,9
06.09.2025 03:25:03;0,009367;0,036379;0,323769;0;0,350689;0;52,200001;-8,3
06.09.2025 03:30:05;0;0,029103;0,395071;0;0,424174;0;52,200001;-8
06.09.2025 03:35:07;0,000205;0,032741;0,379792;0;0,412533;0;52,200001;-7,7
06.09.2025 03:40:10;0;0,024656;0,379989;0;0,404645;0;52,200001;-7,7
06.09.2025 03:45:11;0;0,02993;0,373754;0;0,402954;0;52,099998;-7,7
06.09.2025 03:50:13;0,00266;0,030558;0,314311;0;0,34305;0;52,200001;-7,5
06.09.2025 03:55:16;0,000023;0,031182;0,242207;0;0,273389;0;52,200001;-5,1
06.09.2025 04:00:17;0,000023;0,03066;0,247466;0;0,277396;0;52,200001;-5,2
06.09.2025 04:05:19;0;0,027648;0,227002;0;0,255378;0;52,200001;-4,7
06.09.2025 04:10:20;0,004848;0,032119;0,277396;0;0,304405;0;52,200001;-7,5
06.09.2025 04:15:23;0;0,034808;0,351708;0;0,387241;0;52,099998;-7,3
06.09.2025 04:20:24;0;0,037229;0,308785;0;0,345285;0;52,200001;-5,8
06.09.2025 04:25:26;0,000023;0,032741;0,283025;0;0,315766;0;52,200001;-6
06.09.2025 04:30:28;0,010175;0,030558;0,293939;0;0,315038;0;52,200001;-4
06.09.2025 04:35:30;0,025897;0,020372;0,229913;0;0,223001;0;52,299999;-4,9
06.09.2025 04:40:31;0,00357;0,03066;0,162057;0;0,188702;0;52,299999;-3,7
06.09.2025 04:45:30;0,003709;0,03013;0,161672;0;0,189229;0;52,299999;-3,7
06.09.2025 04:50:32;0,004718;0,031286;0,176072;0;0,202629;0;52,200001;-8,1
06.09.2025 04:55:34;0,007014;0,030558;0,316494;0;0,339412;0;52,200001;-6,1
06.09.2025 05:00:37;0,001212;0,030457;0,286442;0;0,316537;0;52,200001;-6,2
06.09.2025 05:05:38;0;0,03139;0,284696;0;0,315355;0;52,200001;-6,1
06.09.2025 05:10:38;0,000675;0,037354;0,273193;0;0,310181;0;52,200001;-5,9
06.09.2025 05:15:41;0,00911;0,041335;0,238581;0;0,270851;0;52,200001;-7,3
06.09.2025 05:20:42;0,00219;0,037959;0,327035;0;0,362804;0;52,099998;-6,9
06.09.2025 05:25:44;0,000045;0,039289;0,318676;0;0,358693;0;52,099998;-6,8
06.09.2025 05:30:44;0;0,032227;0,320068;0;0,351196;0;52,099998;-6,8
06.09.2025 05:35:47;0,005439;0,036259;0,441629;0;0,473174;0;52,099998;-9
06.09.2025 05:40:49;0,00025;0,02692;0,424174;0;0,45073;0;52,099998;-7,3
06.09.2025 05:45:51;0,000068;0,02983;0,367424;0;0,397254;0;52,099998;-7,6
06.09.2025 05:50:52;0;0,02993;0,320465;0;0,349665;0;52,099998;-6,2
06.09.2025 05:55:54;0;0,029103;0,294666;0;0,324133;0;52,099998;-6,5
06.09.2025 06:00:56;0;0,02692;0,197172;0;0,223728;0;52,200001;-4,1
06.09.2025 06:05:59;0;0,026106;0,195796;0;0,222265;0;52,200001;-4,3
06.09.2025 06:11:00;0,000011;0,02482;0,193447;0;0,218632;0;52,200001;-4,1
06.09.2025 06:16:00;0,00515;0,036621;0,256348;0;0,287109;0;52,099998;-8,1
06.09.2025 06:21:02;0,003104;0,044382;1,416582;0;1,457326;0;51,400002;-36,799999
06.09.2025 06:26:04;0,038504;0,053113;2,614892;0;2,630171;0;51,099998;-51
06.09.2025 06:31:06;0,000807;0,062571;2,160159;0;2,222003;0;51,099998;-53,799999
06.09.2025 06:36:09;0,696243;0,005076;4,400333;0;3,709608;0;50,700001;-75,099998
06.09.2025 06:41:10;0,769545;0;4,587978;0;3,81857;0;50,5;-75,400002
06.09.2025 06:46:12;0;0,068392;3,144564;0;3,203861;0,007276;50,700001;-51
06.09.2025 06:51:14;0,075815;0,058933;2,843349;0;2,796057;0,030558;50,700001;-49,299999
06.09.2025 06:56:16;0,008049;0,063299;2,262019;0;2,272205;0,046565;50,799999;-38,799999
06.09.2025 07:01:18;0,000523;0,063299;1,716341;0;1,700334;0,077123;50,900002;-27,9
06.09.2025 07:06:20;0,003501;0,037834;1,390389;0;1,31654;0,109136;50,900002;-24,299999
06.09.2025 07:11:22;0,007185;0,049475;1,442047;0;1,346371;0,138239;50,799999;-26,4
06.09.2025 07:16:24;0,00299;0,061116;1,22523;0;1,116822;0,167341;51,099998;-7,2
06.09.2025 07:21:27;0,003365;0,034083;0,427125;0;0,252722;0,204498;51,299999;-0,5
06.09.2025 07:26:28;0,01541;0;0,294915;0;0,02555;0,254036;51,400002;-0,5
06.09.2025 07:31:30;0;0,021827;0,289573;0;0,022918;0,288118;51,400002;-0,4
06.09.2025 07:36:33;0,000533;0,04351;0,200147;0,07578;0,003988;0,314724;51,5;1,9
06.09.2025 07:41:34;0,006844;0,039419;0,209507;0,107308;0,0073;0,341635;51,5;-0,4
06.09.2025 07:46:36;0,000011;0,083671;0,317949;0;0,020008;0,381247;51,5;-0,3
06.09.2025 07:51:39;0,000635;0,063815;0,324876;0,033358;0,007252;0,414797;51,5;-0,3
06.09.2025 07:56:40;0,000719;0,092709;0,370104;0,000365;0,017155;0,445293;51,5;-0,3
06.09.2025 08:01:43;0;0,10515;0,383615;0;0,015591;0,472811;51,599998;-0,3
06.09.2025 08:06:44;0,003798;0,096358;0,363534;0,058764;0,009855;0,505152;51,599998;3,2
06.09.2025 08:11:46;0,000978;0,029103;0,295394;0,209904;0;0,532582;51,700001;4,9
06.09.2025 08:16:48;0;0,02983;0,267019;0,267019;0;0,566051;51,799999;5,5
06.09.2025 08:21:50;0,002149;0,032013;0,276477;0,291392;0,000364;0,595153;51,799999;-1
06.09.2025 08:26:50;0,023987;0,030762;0,72583;0,026733;0,127075;0,632813;51,700001;-0,3
06.09.2025 08:31:52;0,006741;0,035651;0,48529;0,189532;0,035287;0,669366;51,799999;5,5
06.09.2025 08:36:54;0,000841;0,034923;0,373972;0,385977;0;0,793053;52;9,6
06.09.2025 08:41:56;0;0,035651;0,314311;0,617344;0;0,96767;52,099998;13,2
06.09.2025 08:46:58;0,012301;0,046565;0,454732;0,665728;0,097495;1,057889;51,799999;-18,5
06.09.2025 08:51:59;0,009148;0,072999;1,628605;0,139793;0,690934;1,140242;51,900002;18,9
06.09.2025 08:57:00;0,00454;0,033579;0,232866;1,120167;0;1,382598;52,400002;21,700001
06.09.2025 09:02:02;0,021679;0,096767;1,070258;0,322314;0,016007;1,450777;52,299999;22,5
06.09.2025 09:07:02;0,01387;0,035889;0,487793;1,232666;0;1,743164;52,599998;24,6
06.09.2025 09:12:05;0,002085;0,039884;0,493116;1,580871;0;2,111696;52,799999;33,099998
06.09.2025 09:17:06;0,003639;0,034309;0,514642;1,865121;0;2,408962;52,900002;37,700001
06.09.2025 09:22:08;0,006275;0,033468;0,539858;2,142698;0;2,710931;53,099998;41,900002
06.09.2025 09:27:10;0;0,061844;0,500569;2,350783;0;2,913196;53,200001;46,299999
06.09.2025 09:32:13;0;0,224803;0,419874;2,462315;0;3,106629;53,299999;46,299999
06.09.2025 09:37:14;0;0,437263;0,304405;2,472106;0;3,21341;53,299999;46,200001
06.09.2025 09:42:16;0;0,494749;0,304852;2,460646;0;3,260975;53,400002;46,099998
06.09.2025 09:47:18;0;0,520941;0,30558;2,460646;0;3,287168;53,400002;46,099998
06.09.2025 09:52:19;0,002601;0,428503;0,416823;2,457872;0;3,299548;53,400002;46,099998
06.09.2025 09:57:20;0,001186;0,127018;1,103743;2,182666;0;3,413427;53,400002;40
06.09.2025 10:02:22;0,000898;0,546406;0,491111;2,435545;0;3,471971;53,400002;46,099998
06.09.2025 10:07:24;0;0,651904;0,425629;2,46101;0;3,537452;53,5;46,099998
06.09.2025 10:12:26;0;0,749399;0,397982;2,46865;0;3,61603;53,5;46,099998
06.09.2025 10:17:28;0;0,854896;0,313583;2,460283;0;3,629126;53,400002;46,099998
06.09.2025 10:22:30;0;0,875268;0,316494;2,463921;0;3,656774;53,400002;46,099998
06.09.2025 10:27:33;0,006459;0,662806;0,358234;2,246577;0;3,260365;53,400002;46,099998
06.09.2025 10:32:34;0,006079;1,013224;0,432153;2,390348;0;3,82952;53,400002;46,099998
06.09.2025 10:37:36;0;1,068075;0,465646;2,462829;0;3,997277;53,5;46,099998
06.09.2025 10:42:39;0,008691;0,614944;0,428576;1,895595;0;2,929688;53,200001;14,2
06.09.2025 10:47:40;0,012307;0,191987;0,494932;1,833366;0;2,506781;53,400002;36,599998
06.09.2025 10:52:42;0,005161;0,68901;0,4882;2,006642;0;3,179487;53,5;46,099998
06.09.2025 10:57:42;0,012348;0,763184;0,478271;1,923706;0;3,152344;53,5;46
06.09.2025 11:02:44;0,004593;1,271067;0,518758;2,384615;0;4,170439;53,5;46
06.09.2025 11:07:46;0,04063;0,204448;2,09104;1,135739;0,070574;3,320636;53,400002;45,900002
06.09.2025 11:12:46;0,057392;0,085693;2,268311;1,30188;0,073608;3,524414;53,099998;-6,4
06.09.2025 11:17:48;0,007162;0,192806;1,660318;0,815244;0,284844;2,376248;53,5;46
06.09.2025 11:22:50;0,030558;0,10477;2,488294;1,060799;0,109499;3,51417;53;-5,5
06.09.2025 11:27:52;0,01379;0,229913;2,099771;1,556639;0,038925;3,832846;53,5;46
06.09.2025 11:32:55;0,035896;0,095722;2,506913;1,054035;0,421686;3,199451;53;3,7
06.09.2025 11:37:56;0,02823;0,068619;2,060028;0,66575;0,001095;2,765197;53;-1,5
06.09.2025 11:42:58;0,012346;0,055295;1,689421;0,354327;0,313583;1,773819;53;6,6
06.09.2025 11:48:00;0,031399;0,218999;1,689421;1,456234;0,008367;3,323546;53,5;46
06.09.2025 11:53:03;0,025245;0,450331;2,283561;2,178774;0;4,887647;53,5;39,299999
06.09.2025 11:58:02;0,039488;0,154323;1,4014;1,010081;0,049971;2,476517;53,299999;15,9
06.09.2025 12:03:04;0,009834;0,04802;0,670821;0,838526;0,000364;1,548272;53,299999;17,700001
06.09.2025 12:08:06;0,006798;0,517303;0,473649;1,472241;0;2,456281;53,599998;46,099998
06.09.2025 12:13:08;0;1,52499;0,579874;2,473379;0;4,577879;53,799999;45,799999
06.09.2025 12:18:10;0,013972;0,875996;0,575509;1,845849;0;3,282802;53,799999;45,799999
06.09.2025 12:23:10;0,009613;1,070068;0,556641;2,046753;0;3,665039;53,799999;45,799999
06.09.2025 12:28:12;0;2,005914;0,598791;2,460646;0;5,063897;54;45,700001
06.09.2025 12:33:15;0,002289;1,885442;0,508344;2,448175;0;4,839786;54;45,700001
06.09.2025 12:38:17;0;1,895323;0,464918;2,463193;0;4,825254;54;45,5
06.09.2025 12:43:19;0;1,968081;0,544223;2,457009;0;4,969313;54;45,5
06.09.2025 12:48:20;0;2,019878;0,551141;2,462616;0;5,032541;54;45,5
06.09.2025 12:53:22;0;1,939705;0,552227;2,456645;0;4,948941;54;45,5
06.09.2025 12:58:22;0;2,131348;0,600586;2,455078;0;5,185547;54;45,5
06.09.2025 13:03:24;0;1,508983;1,415126;2,456645;0;5,381118;54;45,5
06.09.2025 13:08:26;0,003331;0,791598;1,949164;2,426087;0;5,164302;54;45,5
06.09.2025 13:13:28;0,017268;0,061844;3,298081;1,78837;0,098586;5,031884;53,799999;27
06.09.2025 13:18:30;0,043643;0,077123;3,704066;0,656633;0,929472;3,464695;53,200001;-22,200001
06.09.2025 13:23:32;0,058831;0,154245;3,101637;1,373655;0,140421;4,43091;53,900002;45,700001
06.09.2025 13:28:34;0,115184;0,255378;3,306084;0,735938;0,419081;3,762999;53,299999;-18,299999
06.09.2025 13:33:36;0,100416;0,647539;1,717069;1,135011;0,534765;2,863721;53,200001;-34
06.09.2025 13:38:38;0,036867;1,196855;1,422402;2,181259;0,0211;4,743766;54,099998;43,099998
06.09.2025 13:43:40;0,11125;0,707927;1,268157;1,413671;0,125506;3,151839;54,099998;45,599998
06.09.2025 13:48:42;0,116957;0,831614;1,316177;1,683964;0,168797;3,546183;54,099998;33
06.09.2025 13:53:44;0,109113;0,648994;0,796691;1,414399;0,108772;2,642539;54,099998;45,5
06.09.2025 13:58:47;0,00596;1,323436;0,427125;2,196903;0;3,940575;54,099998;45,5
06.09.2025 14:03:49;0,011527;0,152062;0,325952;1,383113;0;1,849486;53,900002;21,1
06.09.2025 14:08:50;0,004996;1,367269;0,497122;2,184856;0;4,044137;54,200001;45,400002
06.09.2025 14:13:52;0,015563;1,044065;0,468556;2,049932;0;3,546183;53,799999;13
06.09.2025 14:18:54;0,024453;0,219727;0,405257;1,120824;0;1,722889;53,900002;22,1
06.09.2025 14:23:56;0,01994;1,028786;0,5093;2,287121;0;3,805198;54,200001;45,400002
06.09.2025 14:28:58;0,019531;0,837435;0,471466;2,011007;0;3,298809;54,099998;45,700001
06.09.2025 14:34:00;0,009095;0,854169;0,519486;2,431907;0;3,796468;54,299999;45,400002
06.09.2025 14:39:02;0;0,870175;0,453277;2,461374;0;3,784826;54,299999;45,400002
06.09.2025 14:44:04;0,000352;0,892003;0,43145;2,459191;0;3,783371;54,400002;45,200001
06.09.2025 14:49:05;0,000011;0,848977;0,513182;2,460427;0;3,82222;54,5;45,200001
06.09.2025 14:54:07;0;0,83889;0,526034;2,457009;0;3,821205;54,799999;44,799999
06.09.2025 14:59:09;0,005354;0,927654;0,540586;2,356968;0;3,81975;55,400002;16,9
06.09.2025 15:04:10;0;1,657804;0,362804;0,786928;0,012045;2,797316;54,799999;-0,6
06.09.2025 15:09:12;0;2,968491;0,285936;0;0,0211;3,231872;54,099998;-0,3
06.09.2025 15:14:14;0;2,503573;0,128053;0;0,013824;2,613436;53,900002;0
06.09.2025 15:19:16;0;2,907375;0,165159;0;0;3,070351;53,799999;0
06.09.2025 15:24:18;0;3,01069;0,104043;0;0,004365;3,10964;53,700001;-0,3
06.09.2025 15:29:18;0,000492;0,968262;0,470947;0;0,012085;1,423828;53,599998;-0,3
06.09.2025 15:34:20;0;3,243513;0,752309;0;0,014188;3,981271;53,599998;-0,3
06.09.2025 15:39:22;0;2,561779;0,802511;0;0,016007;3,349739;53,599998;-0,3
06.09.2025 15:44:24;0,001239;1,912785;0,827976;0;0,017462;2,722572;53,5;-0,3
06.09.2025 15:49:26;0,000011;2,588699;0,902189;0;0,015643;3,473426;53,5;-0,3
06.09.2025 15:54:28;0;1,958622;0,857079;0;0,015279;2,80115;53,5;-0,3
06.09.2025 15:59:30;0;2,718207;0,966215;0;0,016007;3,668415;53,5;-0,3
06.09.2025 16:04:32;0;1,600657;0,942205;0;0,015643;2,529038;53,5;-0,3
06.09.2025 16:09:35;0,002345;1,155196;1,073252;0;0,098986;2,126199;53,299999;-7,7
06.09.2025 16:14:36;0,000068;0,998624;1,105933;0;0,231406;1,873151;53,200001;-0,3
06.09.2025 16:19:38;0;2,211817;0,71593;0;0,015643;2,911741;53,200001;-0,3
06.09.2025 16:24:40;0;2,426451;0,503479;0;0,01637;2,911741;53,299999;-0,3
06.09.2025 16:29:42;0;2,142698;0,481652;0;0,015643;2,610526;53,299999;-0,3
06.09.2025 16:34:44;0;2,537041;0,328862;0;0,01637;2,84917;53,299999;-0,3
06.09.2025 16:39:46;0;1,435498;0,401619;0;0,016007;1,820384;53,299999;-0,3
06.09.2025 16:44:49;0;1,473546;0,496742;0;0,015591;1,953608;53,299999;-0,3
06.09.2025 16:49:50;0;2,033748;0,584721;0;0,01606;2,603139;53,299999;-0,3
06.09.2025 16:54:52;0;1,862583;0,552954;0;0,016007;2,39953;53,299999;-0,3
06.09.2025 16:59:54;0,000023;1,8815;0,508572;0;0,016007;2,373338;53,299999;-0,3
06.09.2025 17:04:56;0;2,397348;0,48529;0;0,016007;2,866631;53,299999;-0,3
06.09.2025 17:09:58;0;1,370017;0,539858;0;0,015279;1,896051;53,299999;-0,3
06.09.2025 17:15:00;0;1,544634;0,500569;0;0,016007;2,028469;53,299999;-0,3
06.09.2025 17:20:00;0;1,719727;0,487793;0;0,015747;2,189941;53,299999;-0,3
06.09.2025 17:25:02;0;1,73162;0,425629;0;0,016007;2,14197;53,299999;-0,3
06.09.2025 17:30:04;0;1,579558;0,5093;0;0,014915;2,075034;53,299999;-0,3
06.09.2025 17:35:04;0,003296;0,509033;1,765137;0;0,261475;2,009766;53;-6,8
06.09.2025 17:40:07;0,001632;0,036259;2,354628;0;0,391954;1,997119;53;-7,2
06.09.2025 17:45:08;0,001848;0,060589;1,91111;0,30112;0,244911;2,024988;53,400002;21
06.09.2025 17:50:10;0,00515;0,045837;0,605339;1,218318;0;1,865493;55,599998;20,9
06.09.2025 17:55:12;0,000205;1,009142;0,450367;0,237916;0,012732;1,685055;54,799999;0
06.09.2025 18:00:14;0;1,15029;0,392161;0;0;1,542451;54,400002;0
06.09.2025 18:05:16;0,000182;1,033879;0,412533;0;0;1,444957;54,200001;0
06.09.2025 18:10:18;0;0,750126;0,514393;0;0,001091;1,263064;54,099998;0
06.09.2025 18:15:20;0;0,568961;0,549316;0;0,004002;1,114639;54;0
06.09.2025 18:20:22;0,001376;0,402347;0,616253;0;0,008003;1,009869;53,900002;0
06.09.2025 18:25:24;0,003251;0,373972;0,578419;0;0,01055;0,938567;53,900002;-0,3
06.09.2025 18:30:26;0;0,299759;0,577692;0;0,014188;0,8629;53,799999;-0,3
06.09.2025 18:35:28;0;0,20372;0,5304;0;0,012369;0,721751;53,799999;-0,3
06.09.2025 18:40:28;0,003937;0,085693;0,879639;0;0,218994;0,741211;53,200001;-7,4
06.09.2025 18:45:29;0,004813;0,050369;1,156302;0;0,567566;0,63509;52,900002;-13,4
06.09.2025 18:50:31;0,005252;0,032013;1,291439;0;0,819245;0,499114;52,799999;-18,700001
06.09.2025 18:55:33;0,00075;0,037834;1,303808;0;0,998592;0,341959;52,799999;-19,6
06.09.2025 19:00:35;0,000659;0,037106;1,323452;0;1,011688;0,347779;52,799999;-18,200001
06.09.2025 19:05:38;0,016033;0,038434;1,422059;0;1,121838;0,323426;52,599998;-57,400002
06.09.2025 19:10:39;0,000388;0,063509;1,593565;0;1,404863;0,251116;53;-8,2
06.09.2025 19:15:41;0,002603;0,040016;0,780684;0;0,678097;0,141149;52,799999;-36
06.09.2025 19:20:43;0,045962;0,061116;2,541407;0;2,455553;0,100405;52,599998;-48,799999
06.09.2025 19:25:43;0,007381;0,067383;1,837646;0;1,821899;0,076172;52,799999;-28,700001
06.09.2025 19:30:45;0,001796;0,045837;1,613753;0;1,610843;0,04802;52,799999;-30,1
06.09.2025 19:35:47;0,001171;0,061116;1,533721;0;1,573737;0,017462;52,799999;-29,799999
06.09.2025 19:40:49;0,002819;0,05093;0,604612;0;0,644628;0,008731;53;-9,6
06.09.2025 19:45:51;0,006514;0,033468;0,562413;0;0,588605;0,001455;53;-11,9
06.09.2025 19:50:53;0,000023;0,042927;0,446001;0;0,489292;0;53;-8,1
06.09.2025 19:55:55;0,00947;0,023282;0,447456;0;0,460916;0;53;-7
06.09.2025 20:00:57;0,009925;0,02401;0,364513;0;0,378701;0;53;-6,9
06.09.2025 20:05:59;0,006184;0,041472;0,352145;0;0,388159;0;53;-8,5
06.09.2025 20:11:01;0;0,032741;0,420536;0;0,452549;0;53;-8,5
06.09.2025 20:16:03;0,003695;0,036379;0,409623;0;0,442363;0;53;-7,7
06.09.2025 20:21:05;0,009572;0,037106;0,401619;0;0,429267;0;53;-8,9
06.09.2025 20:26:07;0,003104;0,032741;0,433633;0;0,463463;0;53;-8,7
06.09.2025 20:31:09;0,000227;0,035651;0,355055;0;0,389614;0;53;-6,8
06.09.2025 20:36:11;0,001194;0,02983;0,324497;0;0,353236;0;53;-6,6
06.09.2025 20:41:13;0,003899;0,028375;0,32668;0;0,351417;0;53;-6,6
06.09.2025 20:46:14;0,00811;0,037959;0,346745;0;0,375944;0;53;-7,5
06.09.2025 20:51:15;0;0,036499;0,355504;0;0,393099;0;53;-7,3
06.09.2025 20:56:17;0,000045;0,036379;0,349234;0;0,385249;0;53;-7,3
06.09.2025 21:01:19;0,001955;0,037106;0,392161;0;0,426721;0;53;-8
06.09.2025 21:06:21;0;0,032013;0,38052;0;0,412897;0;53;-8
06.09.2025 21:11:23;0,000171;0,030558;0,315766;0;0,346324;0;53,099998;-5,7
06.09.2025 21:16:25;0,00316;0,027648;0,25174;0;0,27575;0;53,099998;-4,8
06.09.2025 21:21:27;0,000944;0,036379;0,247374;0;0,283025;0;53;-6,3
06.09.2025 21:26:29;0,004911;0,040016;0,365241;0;0,401256;0;53;-9,6
06.09.2025 21:31:32;0,001813;0,034083;0,424225;0;0,455407;0;53;-8,5
06.09.2025 21:36:33;0;0,046719;0,400764;0;0,447848;0;53;-8,3
06.09.2025 21:41:35;0,001671;0,040016;0,348507;0;0,387068;0;53;-7,6
06.09.2025 21:46:37;0,001796;0,036379;0,419081;0;0,454368;0;53;-8,2
06.09.2025 21:51:40;0,00315;0,038434;0,25671;0;0,291518;0;53;-4,6
06.09.2025 21:56:41;0;0,03066;0,213887;0;0,244181;0;53,099998;-4,8
06.09.2025 22:01:42;0,00487;0,033579;0,215347;0;0,243816;0;53,099998;-5,9
06.09.2025 22:06:43;0,00892;0,033579;0,298565;0;0,32375;0;53;-7
06.09.2025 22:11:43;0,002151;0,037354;0,327393;0;0,362183;0;53;-7
06.09.2025 22:16:45;0,005082;0,046565;0,333955;0;0,375063;0;53;-9,5
06.09.2025 22:21:47;0,00266;0,045109;0,493293;0;0,535493;0;53;-9,5
06.09.2025 22:26:49;0;0,037106;0,48238;0;0,520214;0;52,900002;-9,6
06.09.2025 22:31:51;0,000489;0,036379;0,391433;0;0,426721;0;53;-6,3
06.09.2025 22:36:54;0,000351;0,029732;0,300946;0;0,331403;0;53;-6,2
06.09.2025 22:41:55;0,000171;0,032119;0,300755;0;0,332875;0;53;-6,3
06.09.2025 22:46:57;0,007162;0,040744;0,336866;0;0,369606;0;53;-8,3
06.09.2025 22:51:59;0;0,037106;0,401619;0;0,439453;0;53;-8,4
06.09.2025 22:57:02;0;0,036259;0,40537;0;0,440903;0;53;-8,2
06.09.2025 23:02:03;0;0,034309;0,378864;0;0,413904;0;53;-6,9
06.09.2025 23:07:05;0;0,039289;0,331045;0;0,369606;0;53;-6,8
06.09.2025 23:12:07;0,001887;0,026193;0,264108;0;0,288846;0;53;-6,8
06.09.2025 23:17:09;0,000011;0,034196;0,38634;0;0,420536;0;52,900002;-9,2
06.09.2025 23:22:11;0,001114;0,032741;0,389978;0;0,421264;0;53;-7,6
06.09.2025 23:27:13;0,00332;0,040016;0,432905;0;0,470011;0;52,900002;-9,8
06.09.2025 23:32:15;0,000261;0,039289;0,528217;0;0,566778;0;52,900002;-11
06.09.2025 23:37:17;0,001705;0,032741;0,552227;0;0,583512;0;52,900002;-12,2
06.09.2025 23:42:20;0,000601;0,036984;0,53155;0;0,567446;0;52,900002;-10,3
06.09.2025 23:47:21;0,007209;0,035039;0,523402;0;0,550776;0;52,900002;-9
06.09.2025 23:52:23;0,000057;0,042927;0,421264;0;0,464191;0;52,900002;-7,9
06.09.2025 23:57:25;0,001341;0,042199;0,325224;0;0,366332;0;53;-6,8
07.09.2025 00:02:27;0;0,036379;0,323769;0;0,360875;0;53;-6,8
07.09.2025 00:07:30;0,007592;0,046411;0,461208;0;0,500005;0;52,900002;-8,4
07.09.2025 00:12:31;0,00203;0,02993;0,437263;0;0,464638;0;52,900002;-8,8
07.09.2025 00:17:33;0,010072;0,050202;0,443091;0;0,483471;0;52,900002;-9,6
07.09.2025 00:22:35;0,005832;0,032741;0,459098;0;0,485654;0;52,900002;-8,3
07.09.2025 00:27:38;0,000034;0,050037;0,344456;0;0,39413;0;53;-6
07.09.2025 00:32:40;0,00141;0,032741;0,267019;0;0,298668;0;53;-5,3
07.09.2025 00:37:41;0,000764;0,046719;0,248196;0;0,29455;0;53;-5,6
07.09.2025 00:42:43;0,000034;0,034196;0,25174;0;0,285572;0;53;-4,2
07.09.2025 00:47:45;0,003763;0,032741;0,272112;0;0,301578;0;53;-6,4
07.09.2025 00:52:48;0,000079;0,029007;0,310373;0;0,338654;0;53;-6,4
07.09.2025 00:57:49;0,000011;0,032119;0,300755;0;0,33324;0;53;-6,2
07.09.2025 01:02:51;0,002683;0,034923;0,360148;0;0,392889;0;52,900002;-7,4
07.09.2025 01:07:53;0;0,034196;0,32959;0;0,363058;0;53;-4,7
07.09.2025 01:12:55;0;0,02692;0,223364;0;0,250648;0;53;-4,7
07.09.2025 01:17:57;0,001;0,02983;0,184803;0;0,213906;0;53;-3,7
07.09.2025 01:22:59;0,000182;0,032741;0,168797;0;0,200446;0;53;-3,7
07.09.2025 01:28:01;0,005207;0,034923;0,275022;0;0,304852;0;53;-6,1
07.09.2025 01:33:03;0,000182;0,02983;0,292484;0;0,323405;0;53;-6,1
07.09.2025 01:38:05;0,00241;0,036379;0,355782;0;0,389251;0;52,900002;-7,6
07.09.2025 01:43:07;0,000045;0,032741;0,371061;0;0,403075;0;52,900002;-7,5
07.09.2025 01:48:09;0,004559;0,030558;0,321587;0;0,347415;0;52,900002;-5,3
07.09.2025 01:53:11;0,007981;0,029103;0,216816;0;0,239007;0;53;-4
07.09.2025 01:58:13;0,001819;0,02983;0,188441;0;0,215361;0;53;-4,1
07.09.2025 02:03:15;0,006025;0,035651;0,208813;0;0,238643;0;53;-6,9
07.09.2025 02:08:15;0,003525;0,032227;0,315674;0;0,344604;0;53;-5,4
07.09.2025 02:13:17;0,002706;0,037834;0,299759;0;0,33541;0;52,900002;-5,3
07.09.2025 02:18:19;0,003308;0,034196;0,368879;0;0,399437;0;52,900002;-8
07.09.2025 02:23:21;0,006787;0,029103;0,411805;0;0,434724;0;52,900002;-8,8
07.09.2025 02:28:23;0,003115;0,033468;0,395799;0;0,424538;0;52,900002;-6,4
07.09.2025 02:33:25;0,000534;0,037106;0,296849;0;0,333955;0;52,900002;-6,1
07.09.2025 02:38:27;0,000603;0,033468;0,303397;0;0,336502;0;52,900002;-5,4
07.09.2025 02:43:29;0;0,028375;0,221182;0;0,249921;0;53;-3,9
07.09.2025 02:48:31;0,005332;0,036379;0,306308;0;0,336866;0;52,900002;-6,2
07.09.2025 02:53:34;0;0,030457;0,295144;0;0,326327;0;52,900002;-6,1
07.09.2025 02:58:35;0;0,032119;0,293455;0;0,32448;0;52,900002;-5,8
07.09.2025 03:03:37;0;0,02983;0,27866;0;0,308854;0;52,900002;-5,8
07.09.2025 03:08:39;0,003422;0,02983;0,253922;0;0,281206;0;52,900002;-5
07.09.2025 03:13:41;0;0,030558;0,227002;0;0,256833;0;52,900002;-4,7
07.09.2025 03:18:43;0;0,02983;0,23064;0;0,260834;0;52,900002;-4,8
07.09.2025 03:23:45;0,006116;0,033468;0,234278;0;0,261562;0;52,900002;-6,2
07.09.2025 03:28:47;0,000034;0,032013;0,285936;0;0,317585;0;52,900002;-6
07.09.2025 03:33:50;0,000045;0,031182;0,281366;0;0,312186;0;52,900002;-5,8
07.09.2025 03:38:52;0;0,030558;0,277932;0;0,308854;0;52,900002;-5,7
07.09.2025 03:43:53;0;0,041609;0,280316;0;0,321195;0;52,900002;-6,2
07.09.2025 03:48:55;0,009652;0,036379;0,20081;0;0,228457;0;52,900002;-5,1
07.09.2025 03:53:57;0;0,028375;0,237916;0;0,265927;0;52,900002;-5
07.09.2025 03:59:00;0,000397;0,029007;0,231329;0;0,260699;0;52,900002;-5
07.09.2025 04:04:01;0,008885;0,03066;0,317545;0;0,33835;0;52,900002;-6,2
07.09.2025 04:09:03;0,0005;0,039289;0,283753;0;0,32195;0;52,900002;-6,2
07.09.2025 04:14:05;0,001421;0,040744;0,301215;0;0,341959;0;52,900002;-4,6
07.09.2025 04:19:07;0,00532;0,037106;0,384885;0;0,415807;0;52,799999;-7,9
07.09.2025 04:24:10;0,006617;0,029007;0,391592;0;0,414435;0;52,799999;-7,3
07.09.2025 04:29:10;0,002998;0,040283;0,248291;0;0,284912;0;52,900002;-5,6
07.09.2025 04:34:11;0,007631;0,02701;0,271556;0;0,2909;0;52,900002;-5,6
07.09.2025 04:39:11;0,006363;0,024902;0,262939;0;0,281616;0;52,900002;-5,4
07.09.2025 04:44:13;0,007935;0,039289;0,306308;0;0,338321;0;52,799999;-7,4
07.09.2025 04:49:15;0,004741;0,038561;0,352145;0;0,385613;0;52,799999;-7,6
07.09.2025 04:54:15;0,000927;0,035156;0,353027;0;0,387817;0;52,799999;-7,3
07.09.2025 04:59:15;0,000023;0,032959;0,312012;0;0,344238;0;52,799999;-6,2
07.09.2025 05:04:17;0,000034;0,034923;0,273567;0;0,309582;0;52,799999;-3,5
07.09.2025 05:09:19;0;0,02692;0,162248;0;0,189169;0;52,900002;-3,7
07.09.2025 05:14:21;0;0,027648;0,162248;0;0,188805;0;52,900002;-3,5
07.09.2025 05:19:23;0,001683;0,031286;0,208085;0;0,237916;0;52,799999;-4,9
07.09.2025 05:24:25;0,006753;0,032013;0,315038;0;0,34014;0;52,799999;-7,4
07.09.2025 05:29:28;0,001224;0,032633;0,336479;0;0,367661;0;52,700001;-6,9
07.09.2025 05:34:29;0,001768;0,02701;0,309515;0;0,33543;0;52,700001;-5,8
07.09.2025 05:39:31;0;0,031286;0,277932;0;0,30849;0;52,700001;-5,8
07.09.2025 05:44:33;0,000114;0,028375;0,23064;0;0,259379;0;52,799999;-3,7
07.09.2025 05:49:35;0,000011;0,029103;0,167341;0;0,197172;0;52,799999;-3,7
07.09.2025 05:54:37;0;0,029103;0,170979;0;0,198627;0;52,799999;-3,7
07.09.2025 05:59:39;0,010334;0,041472;0,186986;0;0,219363;0;52,700001;-7
07.09.2025 06:04:39;0,000996;0,036621;0,318604;0;0,354492;0;52,700001;-6,6
07.09.2025 06:09:41;0,003774;0,040016;0,424902;0;0,460553;0;52,400002;-32,900002
07.09.2025 06:14:43;0,00449;0,050202;1,8393;0;1,885137;0;52;-38,299999
07.09.2025 06:19:45;0,050055;0,058933;3,028152;0;3,036883;0;51,799999;-48,200001
07.09.2025 06:24:45;0,001453;0,060791;1,863281;0;1,923706;0;52;-28,200001
07.09.2025 06:29:47;0,001194;0,052385;1,409306;0;1,458781;0;52;-27,700001
07.09.2025 06:34:49;0,084887;0,047292;3,140926;0;3,103456;0;51,700001;-52,099998
07.09.2025 06:39:51;0,006037;0,062571;2,002276;0;2,059027;0;51,900002;-41,200001
07.09.2025 06:44:53;0,001478;0,056023;1,501707;0;1,555911;0;52;-28,799999
07.09.2025 06:49:55;0;0,056751;1,446412;0;1,503526;0;52;-28,5
07.09.2025 06:54:57;0;0,05384;1,466784;0;1,49807;0,023282;52;-28,200001
07.09.2025 06:59:59;0;0,053113;1,464601;0;1,462782;0,05384;52;-27,200001
07.09.2025 07:05:02;0,056314;0,02103;2,830339;0;2,697996;0,098623;51,5;-73,900002
07.09.2025 07:10:03;0,642972;0;4,613528;0;3,817475;0,153298;51,400002;-74,099998
07.09.2025 07:15:05;0,090378;0,043654;3,763727;0;3,520354;0,196444;51,599998;-57,099998
07.09.2025 07:20:07;0,005593;0,073485;2,700017;0;2,521762;0,244464;51,700001;-41,900002
07.09.2025 07:25:09;0,00341;0,045837;0,425629;0,000364;0,172798;0,295394;52,299999;0
07.09.2025 07:30:10;0;0,106578;0,246006;0;0;0,351854;52,400002;0
07.09.2025 07:35:11;0,000365;0,044529;0,294185;0,070444;0;0,410254;52,5;1,8
07.09.2025 07:40:13;0,000068;0,034923;0,297577;0,133146;0;0,467101;52,5;3
07.09.2025 07:45:15;0,003183;0,028375;0,212451;0,276113;0;0,51221;52,599998;5,1
07.09.2025 07:50:18;0,005869;0,032633;0,250184;0,292969;0;0,569984;52,599998;6
07.09.2025 07:55:19;0,000194;0,032119;0,245276;0,35003;0;0,62779;52,599998;7,2
07.09.2025 08:00:19;0,010815;0,035156;0,430664;0,31897;0,001465;0,771973;52,700001;7,2
07.09.2025 08:05:21;0,003649;0,034923;0,46128;0,458006;0;0,951663;52,700001;9,6
07.09.2025 08:10:24;0,002651;0,048586;0,451781;0,673321;0;1,168974;52,799999;15,1
07.09.2025 08:15:25;0,006034;0,046719;0,505882;0,830362;0,000365;1,378218;52,900002;17,6
07.09.2025 08:20:27;0,000944;0,042927;0,473649;0,972035;0;1,487156;53;21
07.09.2025 08:25:29;0,000637;0,034196;0,375427;1,173209;0;1,583195;53;23,200001
07.09.2025 08:30:30;0,008349;0,040149;0,346745;1,328579;0;1,705253;53,099998;25,6
07.09.2025 08:35:31;0,007676;0,036499;0,329955;1,412163;0;1,772412;53,200001;27
07.09.2025 08:40:33;0,005184;0,042199;0,3325;1,456962;0;1,826204;53,200001;27,799999
07.09.2025 08:45:35;0,002592;0,042927;0,365968;1,445321;0;1,852397;53,200001;29,4
07.09.2025 08:50:38;0,004022;0,034083;0,359684;1,515606;0;1,904297;53,299999;29
07.09.2025 08:55:39;0,000582;0,039419;0,356234;1,59685;0;1,991409;53,400002;36,5
07.09.2025 09:00:41;0,000136;0,040016;0,395799;2,137605;0;2,572692;53,5;42,099998
07.09.2025 09:05:41;0,000286;0,035156;0,293701;2,125122;0;2,455078;53,400002;33,700001
07.09.2025 09:10:43;0;0,042927;0,274294;1,943707;0;2,259837;53,400002;35,099998
07.09.2025 09:15:44;0;0,037959;0,270096;1,887385;0;2,195806;53,400002;31,200001
07.09.2025 09:20:46;0,018724;0,055295;2,008097;0,494021;0,417262;2,121598;53,099998;14,5
07.09.2025 09:25:46;0,004829;0,073242;0,844482;1,704712;0;2,617676;53,400002;23,6
07.09.2025 09:30:48;0,008185;0,064026;1,185941;1,719979;0;2,961216;53,599998;39,5
07.09.2025 09:35:50;0,002342;0,165886;0,537675;2,335868;0;3,036883;53,700001;45,799999
07.09.2025 09:40:52;0;0,378337;0,45546;2,46101;0;3,295898;53,799999;45,799999
07.09.2025 09:45:52;0;0,059326;0,395508;2,393921;0;2,849121;54;45,5
07.09.2025 09:50:54;0;0,451094;0,388523;2,459555;0;3,297354;54;45,599998
07.09.2025 09:55:56;0,004252;0,370334;0,347052;2,446459;0;3,16057;54;41,900002
07.09.2025 10:00:56;0;0,525879;0,427734;2,44812;0;3,402832;54;45,700001
07.09.2025 10:05:58;0,000875;0,207358;0,417626;2,370064;0;2,991774;54;45,700001
07.09.2025 10:11:00;0,009765;0,234278;0,510028;2,197266;0;2,933568;54;45,700001
07.09.2025 10:16:02;0,005991;0,099677;0,496931;1,81238;0;2,402441;53,799999;29,9
07.09.2025 10:21:05;0,005949;0,055113;0,417698;1,738595;0;2,205968;54;45,599998
07.09.2025 10:26:07;0,000614;0,858534;0,399437;2,449005;0;3,706249;54;45,599998
07.09.2025 10:31:09;0,000034;0,424902;0,394344;2,452643;0;3,271161;54,099998;45,5
07.09.2025 10:36:10;0;0,734369;0,429963;2,465171;0;3,629503;54,099998;45,5
07.09.2025 10:41:12;0;0,996045;0,487473;2,458464;0;3,943437;54,099998;45,5
07.09.2025 10:46:14;0;1,006231;0,47947;2,459919;0;3,943437;54,099998;45,5
07.09.2025 10:51:16;0;0,797418;0,442363;2,461374;0;3,703338;54,099998;45,5
07.09.2025 10:56:18;0;1,331456;0,426357;2,461738;0;4,219914;54,099998;45,599998
07.09.2025 11:01:20;0;0,917468;0,340503;2,459919;0;3,716435;54,099998;45,5
07.09.2025 11:06:22;0;1,272522;0,347779;2,461374;0;4,081676;54,200001;45,5
07.09.2025 11:11:24;0;0,732664;0,357238;2,463921;0;3,554914;54,200001;45,5
07.09.2025 11:16:26;0,000523;0,371061;0,424902;2,459191;0;3,253699;54,200001;45,400002
07.09.2025 11:21:28;0;0,50639;0,467101;2,465376;0;3,438502;54,200001;45,599998
07.09.2025 11:26:30;0;1,046248;0,418354;2,470832;0;3,936161;54,299999;45,400002
07.09.2025 11:31:32;0;0,857807;0,413261;2,463921;0;3,735352;54,299999;45,299999
07.09.2025 11:36:34;0;1,127736;0,393616;2,459919;0;3,981271;54,5;45,299999
07.09.2025 11:41:34;0;1,231934;0,306152;2,462036;0;4,000488;54,700001;44,900002
07.09.2025 11:46:36;0;1,286346;0,314311;2,435909;0;4,035111;56,099998;36,799999
07.09.2025 11:51:38;0;3,255154;0,195717;0,721023;0,012732;4,160253;54,799999;-0,4
07.09.2025 11:56:40;0;3,736807;0,294666;0;0,018189;4,013284;54,099998;-0,3
07.09.2025 12:01:42;0;3,823388;0,274294;0;0,001455;4,096227;53,900002;0
07.09.2025 12:06:44;0;3,510532;0,261926;0;0,001455;3,770275;53,799999;0
07.09.2025 12:11:44;0;3,3479;0,335449;0;0,012085;3,672363;53,700001;-0,3
07.09.2025 12:16:46;0;3,923793;0,236461;0;0,015643;4,144247;53,700001;-0,3
07.09.2025 12:21:48;0;3,423223;0,201537;0;0,016007;3,607299;53,599998;-0,3
07.09.2025 12:26:50;0;4,116599;0,261926;0;0,015643;4,363973;53,599998;-0,3
07.09.2025 12:31:52;0;3,671325;0,294666;0;0,016007;3,949258;53,599998;-0,3
07.09.2025 12:36:55;0;3,937674;0,306747;0;0,014503;4,230643;53,599998;-0,3
07.09.2025 12:41:56;0;4,078446;0,259876;0;0,014965;4,322992;53,599998;-0,3
07.09.2025 12:46:58;0;3,598568;0,231368;0;0,014188;3,815384;53,5;-0,3
07.09.2025 12:52:00;0;3,957261;0,22773;0;0,011277;4,174805;53,5;-0,3
07.09.2025 12:57:02;0;3,748448;0,132418;0;0,013096;3,869225;53,5;-0,3
07.09.2025 13:02:05;0;3,55986;0,113127;0;0,012328;3,657758;53,5;0
07.09.2025 13:07:06;0;3,479856;0,105848;0;0,01314;3,574024;53,5;0
07.09.2025 13:12:09;0;3,659934;0,175491;0;0,013778;3,821647;53,5;-0,3
07.09.2025 13:17:10;0;3,874049;0,265716;0;0,01533;4,122975;53,5;-0,3
07.09.2025 13:22:12;0;3,439958;0,280843;0;0,014551;3,707704;53,400002;-0,3
07.09.2025 13:27:14;0;3,92743;0,27866;0;0,015279;4,190811;53,400002;-0,3
07.09.2025 13:32:16;0;3,915789;0,22773;0;0,014551;4,12824;53,400002;-0,3
07.09.2025 13:37:18;0;3,82266;0,114956;0;0,013824;3,923065;53,5;-0,3
07.09.2025 13:42:20;0;4,277392;0,134601;0;0,014915;4,398897;53,400002;-0,3
07.09.2025 13:47:22;0;4,032928;0,136056;0;0,015279;4,152978;53,400002;-0,3
07.09.2025 13:52:25;0;3,688941;0,271214;0;0,014866;3,944926;53,400002;-0,3
07.09.2025 13:57:26;0;3,530225;0,294915;0;0,01606;3,80908;53,400002;-0,3
07.09.2025 14:02:28;0;3,317726;0,289573;0;0,015279;3,591292;53,400002;-0,3
07.09.2025 14:07:28;0;3,311279;0,306885;0;0,016113;3,603516;53,400002;0
07.09.2025 14:12:30;0;3,919427;0,244464;0;0,015643;4,148612;53,400002;-0,3
07.09.2025 14:17:32;0;3,76882;0,194262;0;0,015643;3,946347;53,400002;-0,3
07.09.2025 14:22:34;0;3,776823;0,187713;0;0,015643;3,949258;53,400002;-0,3
07.09.2025 14:27:36;0;3,516353;0,232095;0;0,016007;3,732441;53,400002;-0,3
07.09.2025 14:32:38;0;3,473426;0,269201;0;0,014551;3,729531;53,400002;0
07.09.2025 14:37:40;0;3,81975;0,224092;0;0,01346;4,02929;53,400002;-0,3
07.09.2025 14:42:42;0;3,23551;0,280843;0;0,012732;3,503984;53,400002;-0,3
07.09.2025 14:47:44;0;3,035428;0,282298;0;0,012732;3,304629;53,400002;-0,3
07.09.2025 14:52:44;0;3,484131;0,198486;0;0,01355;3,669434;53,299999;-0,3
07.09.2025 14:57:46;0;3,269706;0,126597;0;0,011641;3,383207;53,299999;0
07.09.2025 15:02:48;0;3,316998;0,117867;0;0,009458;3,426861;53,400002;-0,3
07.09.2025 15:07:50;0;3,413765;0,160793;0;0,009822;3,563645;53,299999;-0,3
07.09.2025 15:12:52;0;3,188218;0,217544;0;0,009458;3,396303;53,299999;0
07.09.2025 15:17:54;0;3,126374;0,218999;0;0,013096;3,332277;53,299999;-0,3
07.09.2025 15:22:56;0;3,317726;0,219727;0;0,014188;3,524356;53,299999;-0,3
07.09.2025 15:27:58;0;3,16348;0,271384;0;0,013824;3,421041;53,299999;-0,3
07.09.2025 15:33:00;0;3,476336;0,183348;0;0,012005;3,646588;53,299999;-0,3
07.09.2025 15:38:02;0;3,566555;0,18262;0;0,012732;3,735352;53,299999;-0,3
07.09.2025 15:43:04;0;3,453054;0,126597;0;0,014551;3,566555;53,299999;-0,3
07.09.2025 15:48:06;0;2,980132;0,22773;0;0,013824;3,194038;53,299999;-0,3
07.09.2025 15:53:08;0;2,230734;0,239371;0;0,013096;2,457736;53,299999;-0,3
07.09.2025 15:58:10;0;1,373655;0,246647;0;0,014188;1,606478;53,299999;0
07.09.2025 16:03:13;0;1,187829;0,242932;0;0,011965;1,416983;53,299999;0
07.09.2025 16:08:14;0;2,991493;0,313895;0;0,00949;3,296628;53,299999;-0,3
07.09.2025 16:13:16;0;3,146019;0,25174;0;0,010914;3,387572;53,299999;0
07.09.2025 16:18:18;0;2,710203;0,237188;0;0,010186;2,936478;53,299999;-0,3
07.09.2025 16:23:21;0;2,838316;0,232054;0;0,009427;3,061668;53,299999;0
07.09.2025 16:28:22;0;2,830166;0,304405;0;0,01095;3,122891;53,299999;-0,3
07.09.2025 16:33:24;0;2,976495;0,243009;0;0,009822;3,20859;53,299999;0
07.09.2025 16:38:27;0;2,852819;0,222627;0;0,006527;3,070371;53,299999;-0,3
07.09.2025 16:43:29;0;2,460646;0,222637;0;0,005821;2,676008;53,299999;0
07.09.2025 16:48:30;0;2,384143;0,151108;0;0,003285;2,53306;53,299999;-0,3
07.09.2025 16:53:32;0;2,810608;0,114229;0;0,004002;2,919016;53,299999;0
07.09.2025 16:58:34;0;2,72621;0,120777;0;0,008367;2,838984;53,299999;-0,3
07.09.2025 17:03:36;0;2,528311;0,222637;0;0,008731;2,742944;53,299999;-0,3
07.09.2025 17:08:38;0;2,175438;0,296122;0;0,006912;2,465012;53,299999;0
07.09.2025 17:13:40;0;2,32168;0,288118;0;0,005821;2,604706;53,299999;-0,3
07.09.2025 17:18:40;0;2,345947;0,222656;0;0,005859;2,562012;53,299999;0
07.09.2025 17:23:42;0;2,682556;0,218999;0;0,004729;2,897189;53,200001;0
07.09.2025 17:28:44;0;2,056117;0,128053;0;0,010186;2,175438;53,299999;0
07.09.2025 17:33:46;0;1,845849;0,160793;0;0,004002;2,000821;53,299999;0
07.09.2025 17:38:48;0;2,146336;0,1768;0;0,004365;2,319498;53,200001;-0,3
07.09.2025 17:43:50;0;1,436954;0,25756;0;0,004002;1,689421;53,200001;0
07.09.2025 17:48:52;0;1,407851;0,264108;0;0,00291;1,670504;53,200001;0
07.09.2025 17:53:54;0;1,643584;0,239371;0;0,005093;1,877134;53,200001;-0,3
07.09.2025 17:58:54;0;2,190674;0,237305;0;0,009155;2,419922;53,200001;-0,3
07.09.2025 18:03:57;0;1,720829;0,229154;0;0,00979;1,939105;53,200001;0
07.09.2025 18:08:58;0;1,357049;0,225566;0;0,005475;1,575315;53,200001;-0,3
07.09.2025 18:14:00;0;1,025148;0,216089;0;0,006184;1,236871;53,200001;-0,3
07.09.2025 18:19:02;0;1,116822;0,232823;0;0,005093;1,344552;53,200001;0
07.09.2025 18:24:04;0;0,808332;0,317949;0;0,004729;1,12046;53,200001;0
07.09.2025 18:29:04;0;0,711914;0,330322;0;0,001831;1,041504;53,200001;0
07.09.2025 18:34:06;0,000011;0,419081;0,417626;0;0,003274;0,832342;53,200001;0
07.09.2025 18:39:06;0,083736;0,135498;2,269043;0;1,609863;0,710449;52,900002;-0,3
07.09.2025 18:44:08;0,086638;0,106953;0,909464;0,136056;0,372517;0,692648;53,099998;3
07.09.2025 18:49:10;0,001444;0,02692;0,346324;0,177164;0,000364;0,548589;53,200001;3,4
07.09.2025 18:54:10;0,000011;0,028564;0,33252;0,19812;0;0,5625;53,200001;3,9
07.09.2025 18:59:12;0,006139;0,035651;0,331773;0,185894;0,004365;0,541313;53,200001;1,5
07.09.2025 19:04:14;0,007549;0,042199;0,654087;0,010914;0,21427;0,484563;52,799999;-32,299999
07.09.2025 19:09:16;0;0,054568;2,160159;0;1,840392;0,373972;52,700001;-28,1
07.09.2025 19:14:18;0,000136;0,05093;3,175849;0;2,969583;0,25756;52,299999;-72,800003
07.09.2025 19:19:20;0,005696;0,040016;3,81975;0;3,659684;0,194989;52,400002;-60,700001
07.09.2025 19:24:22;0;0,067664;2,607616;0;2,524673;0,14988;52,599998;-39,400002
07.09.2025 19:29:25;0,788487;0,039884;2,875886;0;2,051144;0,091371;52,799999;-27,200001
07.09.2025 19:34:27;2,24848;0;3,552644;0;1,274341;0,034923;52,799999;-19,1
07.09.2025 19:39:28;2,460974;0;4,387313;0;1,937755;0,00584;52,799999;-20,6
07.09.2025 19:44:30;3,129592;0;4,259308;0;1,14156;0,001455;52,799999;-20,4
07.09.2025 19:49:32;3,151089;0;4,218564;0;1,09354;0;53;-4,8
07.09.2025 19:54:34;3,130672;0;3,385215;0;0,266655;0;53;-6,5
07.09.2025 19:59:36;3,139061;0;3,372846;0;0,241917;0;53;-13,8
07.09.2025 20:04:38;3,104695;0;3,335909;0;0,243373;0;53,099998;-4,5
07.09.2025 20:09:40;3,116347;0;3,371281;0;0,276477;0;53;-5,4
07.09.2025 20:14:42;3,105729;0;3,372736;0;0,280843;0;53;-8,7
07.09.2025 20:19:44;3,110186;0;3,509519;0;0,409623;0;53;-7,4
07.09.2025 20:24:46;3,081629;0;3,453217;0;0,38343;0;53;-7,6
07.09.2025 20:29:48;3,077331;0;3,448292;0;0,396163;0;53;-8,4
07.09.2025 20:34:50;4,4064;0,010186;6,166069;0;1,788007;0;52,700001;-35,299999
07.09.2025 20:39:52;4,773073;0,000728;6,421655;0;1,68069;0;52,700001;-31,799999
07.09.2025 20:44:54;4,765615;0;6,353991;0;1,608297;0;52,700001;-30,6
07.09.2025 20:49:56;4,764138;0;6,323713;0;1,57119;0;52,700001;-29,5
07.09.2025 20:54:58;4,784919;0;6,326623;0;1,57592;0;52,700001;-30,1
07.09.2025 21:00:00;4,760204;0;6,442476;0;1,705427;0;52,599998;-32,200001
07.09.2025 21:05:02;4,761023;0;6,4413;0;1,697788;0;52,599998;-32,599998
07.09.2025 21:10:04;4,755111;0;6,43229;0;1,704336;0;52,599998;-32,099998
07.09.2025 21:15:06;4,749563;0;6,393449;0;1,675597;0;52,599998;-31,1
07.09.2025 21:20:08;4,755134;0;6,331885;0;1,595928;0;52,700001;-27,5
07.09.2025 21:25:10;4,745016;0;6,520326;0;1,792008;0;52,599998;-30,200001
07.09.2025 21:30:12;4,765502;0;6,291869;0;1,564279;0;52,599998;-30,1
07.09.2025 21:35:14;4,760181;0;6,325337;0;1,587925;0;52,599998;-31,6
07.09.2025 21:40:17;4,728653;0;6,372349;0;1,674055;0;52,599998;-31,200001
07.09.2025 21:45:18;4,765183;0;6,358761;0;1,62094;0;52,5;-30,1
07.09.2025 21:50:20;4,733784;0;6,368711;0;1,65959;0;52,5;-33
07.09.2025 21:55:22;4,740787;0;6,403915;0;1,681781;0;52,400002;-29,9
07.09.2025 22:00:24;4,737467;0;6,351698;0;1,644311;0;52,400002;-31,6
07.09.2025 22:05:26;4,701453;0;6,311402;0;1,636308;0;52,400002;-29,9
07.09.2025 22:10:28;4,722484;0;6,636627;0;1,933885;0;52,299999;-30,299999
07.09.2025 22:15:30;4,781804;0;7,033881;0;2,296215;0;51,900002;-62,299999
07.09.2025 22:20:32;5,447486;0;8,94868;0;3,514534;0;51,700001;-73,699997
07.09.2025 22:25:34;5,085906;0;8,581256;0;3,530176;0;51,799999;-56,799999
07.09.2025 22:30:36;4,739468;0;6,513498;0;1,803649;0;52,099998;-30,200001
07.09.2025 22:35:38;4,749882;0;6,314144;0;1,596292;0;52,099998;-30,799999
07.09.2025 22:40:40;4,757248;0;6,24049;0;1,494068;0;52,099998;-30,1
07.09.2025 22:45:42;4,755361;0;6,31834;0;1,577375;0;52,099998;-31,1
07.09.2025 22:50:42;4,772049;0;6,354492;0;1,614258;0;52,099998;-31,200001
07.09.2025 22:55:44;4,7497;0;6,455572;0;1,725436;0;52;-32,700001
07.09.2025 23:00:46;4,75693;0;6,425742;0;1,695605;0;52;-32,700001
07.09.2025 23:05:48;4,759522;0;6,418914;0;1,694514;0;52;-32,299999
07.09.2025 23:10:49;4,763426;0;6,352472;0;1,60853;0;52;-30,700001
07.09.2025 23:15:51;4,771459;0;6,307148;0;1,573737;0;52;-28,1
07.09.2025 23:20:53;4,765047;0;6,229129;0;1,474787;0;52;-27,6
07.09.2025 23:25:55;4,766934;0;6,195829;0;1,46642;0;52;-28,200001
07.09.2025 23:30:57;4,749973;0;6,254763;0;1,531902;0;52;-30,700001
07.09.2025 23:35:59;4,756703;0;6,39619;0;1,657771;0;51,900002;-31,799999
07.09.2025 23:41:01;4,75261;0;6,377442;0;1,65668;0;51,900002;-31,6
07.09.2025 23:46:03;4,760045;0;6,339888;0;1,597383;0;51,900002;-29,4
07.09.2025 23:51:06;3,494731;0,013053;4,682482;0;1,220099;0;52,200001;-6,9
07.09.2025 23:56:07;0,005429;0,037959;0,319735;0;0,351854;0;52,299999;-7,6
01.09.2025 00:03:58;0;0;0;0;0;0;53;-6,9
