Uhrzeit;Netzbezug [kW];Netzeinspeisung [kW];Stromverbrauch [kW];Akkubeladung [kW];Akkuentnahme [kW];Stromerzeugung [kW];Akku Spannung [V];Akku Stromstärke [A]
29.09.2025 00:09:33;0;0,0211;0,351417;0;0,371789;0;49,799999;-7,5
29.09.2025 00:14:35;0;0,0211;0,273567;0;0,295394;0;49,700001;-4,7
29.09.2025 00:19:37;0,000546;0,018917;0,22773;0;0,245555;0;49,599998;-5
29.09.2025 00:24:39;0,060752;0,011641;0,229185;0;0,180074;0;49,700001;0
29.09.2025 00:29:41;0,249557;0;0,248829;0;0;0;49,799999;0
29.09.2025 00:34:42;0,356417;0;0,356234;0;0;0;49,799999;0
29.09.2025 00:39:44;0,332318;0;0,3325;0;0;0;49,900002;0
29.09.2025 00:44:47;0,323426;0;0,324151;0;0;0;49,900002;0
29.09.2025 00:49:49;0,31904;0;0,318676;0;0;0;49,900002;0
29.09.2025 00:54:49;0,237396;0;0,238037;0;0;0;49,900002;0
29.09.2025 00:59:50;0,134227;0;0,133588;0;0;0;49,900002;0
29.09.2025 01:04:53;0,134428;0;0,134156;0;0;0;49,900002;0
29.09.2025 01:09:55;0,134419;0;0,134601;0;0;0;49,900002;0
29.09.2025 01:14:56;0,215985;0;0,216077;0;0;0;49,900002;0
29.09.2025 01:19:58;0,251012;0;0,250285;0;0;0;49,900002;0
29.09.2025 01:25:01;0,248552;0;0,248733;0;0;0;49,900002;0
29.09.2025 01:30:03;0,290938;0;0,291029;0;0;0;49,900002;0
29.09.2025 01:35:05;0,24792;0;0,248102;0;0;0;49,900002;0
29.09.2025 01:40:07;0,18453;0;0,184803;0;0;0;49,900002;0
29.09.2025 01:45:08;0,156856;0;0,156948;0;0;0;49,900002;0
29.09.2025 01:50:11;0,142043;0;0,141408;0;0;0;50;0
29.09.2025 01:55:13;0,304398;0;0,304852;0;0;0;49,900002;0
29.09.2025 02:00:15;0,310127;0;0,310673;0;0;0;50;0
29.09.2025 02:05:16;0,301029;0;0,300755;0;0;0;49,900002;0
29.09.2025 02:10:18;0,243555;0;0,243009;0;0;0;49,900002;0
29.09.2025 02:15:21;0,148569;0;0,14866;0;0;0;49,900002;0
29.09.2025 02:20:22;0,132219;0;0,132858;0;0;0;49,900002;0
29.09.2025 02:25:24;0,123051;0;0,12296;0;0;0;49,900002;0
29.09.2025 02:30:27;0,260789;0;0,260336;0;0;0;49,900002;0
29.09.2025 02:35:29;0,340322;0;0,340503;0;0;0;49,900002;0
29.09.2025 02:40:31;0,327953;0;0,327407;0;0;0;49,900002;0
29.09.2025 02:45:30;0,321231;0;0,321874;0;0;0;49,900002;0
29.09.2025 02:50:32;0,354691;0;0,354327;0;0;0;49,900002;0
29.09.2025 02:55:35;0,233324;0;0,233505;0;0;0;49,900002;0
29.09.2025 03:00:37;0,177891;0;0,178255;0;0;0;49,900002;0
29.09.2025 03:05:39;0,15088;0;0,150607;0;0;0;49,900002;0
29.09.2025 03:10:40;0,134592;0;0,134318;0;0;0;49,900002;0
29.09.2025 03:15:43;0,2539;0;0,254535;0;0;0;49,900002;0
29.09.2025 03:20:45;0,249466;0;0,248829;0;0;0;49,900002;0
29.09.2025 03:25:46;0,257412;0;0,257686;0;0;0;49,900002;0
29.09.2025 03:30:47;0,248652;0;0,248926;0;0;0;49,900002;0
29.09.2025 03:35:50;0,188;0;0,187819;0;0;0;49,900002;0
29.09.2025 03:40:50;0,194366;0;0,194092;0;0;0;49,900002;0
29.09.2025 03:45:52;0,192897;0;0,193534;0;0;0;49,900002;0
29.09.2025 03:50:53;0,185143;0;0,184687;0;0;0;49,900002;0
29.09.2025 03:55:54;0,257047;0;0,256956;0;0;0;49,900002;0
29.09.2025 04:00:57;0,292244;0;0,292244;0;0;0;49,900002;0
29.09.2025 04:05:59;0,298122;0;0,298304;0;0;0;49,900002;0
29.09.2025 04:11:01;0,260834;0;0,260471;0;0;0;49,900002;0
29.09.2025 04:16:02;0,144446;0;0,145268;0;0;0;49,900002;0
29.09.2025 04:21:04;0,134055;0;0,133873;0;0;0;49,900002;0
29.09.2025 04:26:06;0,161976;0;0,161521;0;0;0;49,900002;0
29.09.2025 04:31:07;0,320009;0;0,319735;0;0;0;49,900002;0
29.09.2025 04:36:10;0,334666;0;0,335029;0;0;0;49,900002;0
29.09.2025 04:41:10;0,325104;0;0,325195;0;0;0;49,900002;0
29.09.2025 04:46:10;0,318512;0;0,318604;0;0;0;49,900002;0
29.09.2025 04:51:13;0,273661;0;0,273389;0;0;0;49,900002;0
29.09.2025 04:56:14;0,136599;0;0,136508;0;0;0;49,900002;0
29.09.2025 05:01:16;0,133237;0;0,133146;0;0;0;49,900002;0
29.09.2025 05:06:18;0,134692;0;0,135328;0;0;0;49,799999;0
29.09.2025 05:11:19;0,235878;0;0,235786;0;0;0;49,799999;0
29.09.2025 05:16:20;0,304953;0;0,305135;0;0;0;49,799999;0
29.09.2025 05:21:23;0,295869;0;0,295869;0;0;0;49,799999;0
29.09.2025 05:26:25;0,287118;0;0,286663;0;0;0;49,799999;0
29.09.2025 05:31:27;0,263836;0;0,264108;0;0;0;49,900002;0
29.09.2025 05:36:28;0,209963;0;0,209507;0;0;0;49,799999;0
29.09.2025 05:41:30;0,198809;0;0,199355;0;0;0;49,799999;0
29.09.2025 05:46:33;0,149022;0;0,14866;0;0;0;49,799999;0
29.09.2025 05:51:35;0,335229;0;0,334683;0;0;0;49,799999;0
29.09.2025 05:56:36;0,356234;0;0,356964;0;0;0;49,799999;0
29.09.2025 06:01:39;0,752364;0;0,752001;0;0;0;49,799999;0
29.09.2025 06:06:41;1,991545;0;1,99209;0;0;0;49,799999;0
29.09.2025 06:11:42;2,36571;0;2,365163;0;0;0;49,799999;0
29.09.2025 06:16:44;1,651223;0;1,651587;0;0;0;49,799999;0
29.09.2025 06:21:45;1,371101;0;1,370919;0;0;0;49,799999;0
29.09.2025 06:26:46;1,445286;0;1,445377;0;0;0;49,799999;0
29.09.2025 06:31:48;1,552637;0;1,55191;0;0;0;49,799999;0
29.09.2025 06:36:49;1,399023;0;1,400118;0;0;0;49,799999;0
29.09.2025 06:41:51;1,38475;0;1,383841;0;0;0;49,799999;0
29.09.2025 06:46:52;1,395647;0;1,396468;0;0;0;49,799999;0
29.09.2025 06:51:55;3,164099;0;3,163917;0;0;0;49,799999;0
29.09.2025 06:56:57;3,931341;0;3,931796;0;0;0;49,799999;0
29.09.2025 07:01:59;2,792237;0;2,791691;0;0;0;49,799999;0
29.09.2025 07:07:01;1,44241;0;1,442047;0;0;0;49,799999;0
29.09.2025 07:12:03;0,981767;0;0,982221;0;0;0;49,799999;0
29.09.2025 07:17:04;0,541469;0;0,541652;0;0;0;49,799999;0
29.09.2025 07:22:05;0,424488;0;0,424123;0;0;0;49,799999;0
29.09.2025 07:27:06;0,376583;0;0,376674;0;0;0;49,799999;0
29.09.2025 07:32:07;0,263161;0;0,268636;0;0;0,00584;49,700001;0
29.09.2025 07:37:09;0,233096;0;0,240099;0;0;0,005821;49,799999;0
29.09.2025 07:42:10;0,285152;0;0,294185;0;0;0,00876;49,799999;0
29.09.2025 07:47:12;0,324497;0;0,330317;0;0;0,005821;49,700001;0
29.09.2025 07:52:13;0,408976;0;0,413174;0;0;0,00438;49,700001;0
29.09.2025 07:57:14;0,375944;0;0,380324;0;0;0,00438;49,799999;0
29.09.2025 08:02:16;0,34596;0;0,352872;0;0;0,008731;49,700001;0
29.09.2025 08:07:15;0,292203;0;0,307911;0;0;0,016167;49,700001;0
29.09.2025 08:12:18;0,17957;0;0,216826;0;0;0,036259;49,700001;0
29.09.2025 08:17:20;0,374154;0;0,427812;0;0;0,05384;49,700001;0
29.09.2025 08:22:22;1,624667;0;1,700334;0;0;0,074212;49,700001;0
29.09.2025 08:27:23;0,362257;0;0,459163;0;0;0,097818;49,700001;0
29.09.2025 08:32:25;2,702655;0;2,80406;0;0;0,100405;49,700001;0
29.09.2025 08:37:28;2,082779;0;2,179862;0;0;0,098623;49,700001;0
29.09.2025 08:42:30;1,53081;0;1,635581;0;0;0,10477;49,700001;0
29.09.2025 08:47:32;1,286255;0;1,456598;0;0;0,170252;49,700001;0
29.09.2025 08:52:33;1,164058;0;1,365079;0;0;0,200017;49,700001;0
29.09.2025 08:57:36;1,099267;0;1,372022;0;0;0,274114;49,700001;0
29.09.2025 09:02:38;0,96667;0;1,310356;0;0;0,341959;49,700001;0
29.09.2025 09:07:39;1,003461;0;1,384058;0;0;0,381054;49,700001;0
29.09.2025 09:12:42;0,435918;0;0,796237;0,060552;0;0,422049;50;8,4
29.09.2025 09:17:44;0,459825;0;0,486018;0,424538;0;0,449639;50,5;8
29.09.2025 09:22:46;0,426812;0;0,448184;0,394707;0;0,416171;50,700001;7,7
29.09.2025 09:27:47;0,352949;0;0,378134;0,410254;0;0,436533;50,900002;8,2
29.09.2025 09:32:49;0,30267;0;0,328862;0,458734;0;0,483107;51,099998;9,6
29.09.2025 09:37:50;0,277943;0,00219;0,331415;0,474493;0;0,529972;51,200001;4,8
29.09.2025 09:42:52;0,001637;0,017462;0,328862;0,27575;0;0,621346;51,299999;6,2
29.09.2025 09:47:53;0,004471;0,02336;0,451133;0,29309;0,002555;0,760648;51,400002;6,8
29.09.2025 09:52:55;0,000091;0,019644;0,43727;0,346324;0;0,804694;51,5;5,7
29.09.2025 09:57:58;0,003173;0,02248;0,439453;0,335754;0;0,793336;51,5;3,9
29.09.2025 10:03:00;0,002546;0,02401;0,475832;0,241554;0,000728;0,737757;51,599998;5,9
29.09.2025 10:08:01;0,000365;0,049639;0,398574;0,228486;0;0,675969;51,599998;3,4
29.09.2025 10:13:03;0,002819;0,030558;0,378337;0,170979;0;0,577692;51,599998;3,7
29.09.2025 10:18:06;0,005348;0,027556;0,378539;0,201597;0,005801;0,59754;51,599998;0,3
29.09.2025 10:23:08;0,006548;0,028375;0,484563;0,140057;0,004365;0,641718;51,599998;0,9
29.09.2025 10:28:09;0,001642;0,046719;0,528512;0,02555;0,001095;0,598591;51,5;0
29.09.2025 10:33:11;0,015188;0,031286;0,571871;0,000364;0,01055;0,576237;51,400002;-7,9
29.09.2025 10:38:14;0,04342;0,055838;2,111696;0;1,544975;0,580136;50,400002;0
29.09.2025 10:43:16;1,731711;0;2,289667;0;0;0,555865;51;0
29.09.2025 10:48:17;0,684821;0;1,29354;0;0;0,60881;51;0
29.09.2025 10:53:20;0,526383;0;1,27775;0;0;0,752727;51;0
29.09.2025 10:58:22;0,04129;0,028375;0,397982;0,568961;0;0,954574;51,599998;13,4
29.09.2025 11:03:21;0,004501;0,041153;0,358617;0,6849;0,001102;1,077322;51,799999;11,3
29.09.2025 11:08:23;0,005275;0,028375;0,427084;0,548225;0;0,998228;51,799999;11,1
29.09.2025 11:13:25;0,00482;0,0211;0,439453;0,592243;0;1,049158;51,900002;13,4
29.09.2025 11:18:28;0,00281;0,037709;0,458308;0,778833;0;1,270498;52;18,200001
29.09.2025 11:23:29;0,00292;0,02701;0,482522;1,096443;0;1,604515;52,099998;26,4
29.09.2025 11:28:31;0,002819;0,031286;0,389978;1,465329;0;1,882955;52,099998;29,5
29.09.2025 11:33:33;0,007367;0,024737;0,403802;1,53081;0;1,951346;52,200001;30,9
29.09.2025 11:38:36;0,000453;0,034083;0,367661;1,769778;0;2,17406;52,299999;34,799999
29.09.2025 11:43:38;0,006639;0,042199;0,443091;1,774183;0;2,251106;52,299999;33,299999
29.09.2025 11:48:39;0,000365;0,037959;0,489092;1,761462;0;2,289244;52,400002;34,5
29.09.2025 11:53:42;0,011149;0,024656;0,537351;1,808574;0;2,358253;52,5;33,200001
29.09.2025 11:58:43;0,004562;0,042339;0,543841;1,697588;0;2,280484;52,599998;32,400002
29.09.2025 12:03:43;0,003571;0,026367;0,521484;1,765869;0;2,308594;52,700001;34,099998
29.09.2025 12:08:45;0,016825;0,056751;0,719568;1,610843;0,080397;2,290395;52,700001;33,799999
29.09.2025 12:13:47;0,081306;0,149152;1,824749;0,863263;0,38634;2,370428;52,599998;22,1
29.09.2025 12:18:50;0,152104;0,194346;2,105169;0,782096;0,494566;2,433671;52,200001;-32,299999
29.09.2025 12:23:49;0,182064;0,185922;2,566906;0,351636;0,436146;2,486805;52,400002;10,9
29.09.2025 12:28:51;0,191624;0,183348;2,038655;0,607886;0,171343;2,466467;52,599998;12,6
29.09.2025 12:33:54;0,036259;0,067441;0,799138;1,669704;0,018492;2,482983;52,900002;33,299999
29.09.2025 12:38:56;0,000364;0,033468;0,625711;1,763997;0;2,421358;53;33,400002
29.09.2025 12:43:58;0,000819;0,027648;0,503479;1,854216;0;2,383524;53,099998;36,799999
29.09.2025 12:48:59;0,00292;0,02774;0,443103;2,033018;0;2,500941;53,200001;40,200001
29.09.2025 12:54:00;0,004745;0,035769;0,492012;2,136312;0;2,661538;53,299999;38,700001
29.09.2025 12:59:02;0,000273;0,034923;0,486745;2,057572;0;2,578513;53,400002;38,700001
29.09.2025 13:04:03;0,004654;0,036499;0,577421;2,102367;0;2,712638;53,400002;44,900002
29.09.2025 13:09:05;0,000909;0,031286;0,543496;2,260564;0;2,831708;53,5;40,400002
29.09.2025 13:14:08;0,002176;0,044961;0,526474;2,199441;0;2,77015;53,5;43,5
29.09.2025 13:19:09;0,012775;0,049639;1,335879;1,277845;0,00073;2,649859;53,400002;36,900002
29.09.2025 13:24:11;0,000182;0,058933;0,525307;2,137969;0;2,721117;53,5;46,200001
29.09.2025 13:29:14;0,000272;0,034808;0,49094;2,262531;0;2,789004;53,599998;46,200001
29.09.2025 13:34:13;0;0,367436;0,480606;2,464024;0;3,311331;53,599998;44
29.09.2025 13:39:13;0,000183;0,193359;0,424072;2,395752;0;3,013184;53,599998;46,200001
29.09.2025 13:44:16;0,003626;0,116027;0,538076;2,244402;0;2,894879;53,599998;40,900002
29.09.2025 13:49:18;0,002183;0,034923;0,501297;2,014281;0;2,54941;53,5;37,799999
29.09.2025 13:54:17;0,005144;0,043357;0,518084;2,171178;0;2,727843;53,5;41
29.09.2025 13:59:19;0,001273;0,050202;0,532582;2,235827;0;2,815701;53,5;40,200001
29.09.2025 14:04:22;0,010062;0,076143;0,493116;2,312568;0;2,873124;53,599998;41,900002
29.09.2025 14:09:24;0,010277;0,138239;0,46128;2,292214;0;2,881183;53,599998;44,599998
29.09.2025 14:14:27;0,027828;0,067441;1,071802;1,782831;0;2,893429;53,200001;8,3
29.09.2025 14:19:27;0,017578;0,041748;2,282227;0,321899;0,003662;2,625;53,299999;19,200001
29.09.2025 14:24:29;0,015006;0,043654;2,298398;0,694831;0;3,020876;53,200001;6,9
29.09.2025 14:29:32;0,00843;0,054388;1,601176;1,027566;0;2,675878;53,5;33,200001
29.09.2025 14:34:33;0,015239;0,081759;0,680349;1,981189;0;2,728697;53,400002;11
29.09.2025 14:39:35;0,011732;0,106953;0,859989;1,693422;0;2,649815;53,599998;36,5
29.09.2025 14:44:38;0,003082;0,146484;0,390867;2,043892;0;2,575804;53,5;34,700001
29.09.2025 14:49:40;0,007639;0,094584;0,354327;2,011371;0;2,453371;53,599998;36
29.09.2025 14:54:42;0,020827;0,117867;0,867265;1,644675;0,000364;2,607616;53,5;38,299999
29.09.2025 14:59:43;0,008212;0,076649;0,433613;2,134122;0;2,636719;53,599998;33
29.09.2025 15:04:46;0,011512;0,023931;0,528649;1,668617;0;2,208868;53,599998;40
29.09.2025 15:09:48;0,006366;0,186986;0,462735;2,13615;0;2,779323;53,599998;31,5
29.09.2025 15:14:49;0,002737;0,309515;0,483252;2,149451;0;2,940394;53,799999;46,099998
29.09.2025 15:19:51;0,008731;0,042927;0,480925;2,010644;0;2,526128;53,700001;38,799999
29.09.2025 15:24:54;0,003716;0,189995;0,367661;2,275947;0;2,829614;53,799999;45,900002
29.09.2025 15:29:56;0,010641;0,072757;0,372517;2,055025;0;2,489749;53,799999;39,299999
29.09.2025 15:34:58;0,009186;0,037106;0,83598;1,514804;0,000364;2,379158;53,5;9,6
29.09.2025 15:39:59;0,012957;0,046719;2,070978;0,358789;0,202572;2,260045;53,299999;4,1
29.09.2025 15:45:01;0,00482;0,034196;1,399847;0,921469;0,000364;2,350056;53,599998;16,200001
29.09.2025 15:50:04;0,002176;0,026106;1,316184;0,837934;0;2,178411;53,599998;13
29.09.2025 15:55:06;0,000728;0,039289;0,915285;1,161932;0;2,117233;53,799999;30,799999
29.09.2025 16:00:07;0,00146;0,040149;0,353314;1,741023;0;2,131567;53,900002;31,700001
29.09.2025 16:05:08;0,000547;0,033579;0,258416;1,642839;0;1,93447;53,900002;29,4
29.09.2025 16:10:10;0,000364;0,02983;0,260471;1,600293;0;1,89023;54;30,700001
29.09.2025 16:15:11;0,009764;0,042339;0,274476;1,469832;0;1,778252;53,900002;23
29.09.2025 16:20:13;0,009277;0,046565;0,395799;1,078625;0;1,511893;53,799999;18,200001
29.09.2025 16:25:16;0,003535;0,032633;0,412622;0,927493;0;1,369121;53,799999;16,4
29.09.2025 16:30:18;0,00191;0,02983;0,411805;0,83889;0;1,27616;53,799999;14
29.09.2025 16:35:19;0,000547;0,0292;0,457703;0,747143;0;1,235141;53,799999;13,2
29.09.2025 16:40:22;0,000816;0,034808;0,411171;0,675496;0;1,119663;53,799999;12,5
29.09.2025 16:45:24;0,004911;0,036379;0,259015;0,788687;0;1,079716;53,799999;15,5
29.09.2025 16:50:26;0,005275;0,0211;0,227002;0,819973;0;1,062254;53,799999;14,9
29.09.2025 16:55:27;0,000091;0,02993;0,217537;0,746048;0;0,992784;53,799999;12,8
29.09.2025 17:00:29;0,008367;0,030558;0,261198;0,599155;0,001091;0,881817;53,700001;8,3
29.09.2025 17:05:31;0,001546;0,02692;0,316494;0,384885;0;0,726116;53,599998;5,9
29.09.2025 17:10:34;0,005711;0,029732;0,338654;0,23278;0,001088;0,59609;53,599998;3,8
29.09.2025 17:15:35;0,012319;0,045989;0,352584;0,191987;0;0,576691;53,599998;3,5
29.09.2025 17:20:35;0,001465;0,026367;0,333984;0,169189;0;0,528809;53,599998;4,8
29.09.2025 17:25:38;0,000906;0,031907;0,208124;0,255985;0;0,496016;53,599998;4,4
29.09.2025 17:30:39;0,008395;0,0219;0,202207;0,168627;0;0,383974;53,5;2,1
29.09.2025 17:35:41;0,001182;0,027648;0,243736;0,120413;0;0,389978;53,599998;2,9
29.09.2025 17:40:44;0,010696;0,04351;1,269048;0,029369;0,942721;0,390142;52,900002;-35,299999
29.09.2025 17:45:45;0,046537;0,052559;2,937474;0;2,695483;0,246736;52,599998;-47
29.09.2025 17:50:47;0,000728;0,054568;2,11214;0;1,90078;0,266291;52,799999;-28,6
29.09.2025 17:55:50;0,001088;0,044235;1,952883;0;1,697986;0,29732;52,700001;-32,599998
29.09.2025 18:00:52;0,000728;0,042927;2,208907;0;2,001549;0,248829;52,5;-63
29.09.2025 18:05:53;0,730536;0;4,730326;0;3,801051;0,198557;52,200001;-72,699997
29.09.2025 18:10:55;1,112184;0,005093;5,066807;0;3,797195;0,162976;52;-71,800003
29.09.2025 18:15:58;0,002176;0,060189;3,363339;0;3,27922;0,142133;52,099998;-56,200001
29.09.2025 18:21:00;0,197718;0,057478;3,395576;0;3,139834;0,114956;52,099998;-48,299999
29.09.2025 18:26:02;0,000091;0,052385;2,326773;0;2,299126;0,081488;52,099998;-40,5
29.09.2025 18:31:03;0,00219;0,054749;2,143246;0;2,144706;0,051099;52,200001;-25,799999
29.09.2025 18:36:05;0,000182;0,039289;1,271067;0;1,289257;0,020372;52,299999;-22,1
29.09.2025 18:41:08;0,001269;0,04061;0,70124;0;0,731334;0,010152;52,5;-7,8
29.09.2025 18:46:10;0,001546;0,028375;0,393616;0;0,416171;0,00291;52,5;-7,6
29.09.2025 18:51:11;0,006844;0,037229;0,287616;0;0,31791;0,00146;52,5;-4,4
29.09.2025 18:56:14;0,00417;0,031182;0,247283;0;0,273027;0;52,5;-5,1
29.09.2025 19:01:16;0,011823;0,042199;0,311401;0;0,341231;0;52,5;-6,7
29.09.2025 19:06:18;0,012551;0,024737;0,409623;0;0,423083;0;52,5;-9,2
29.09.2025 19:11:20;0,002274;0,032741;0,414716;0;0,44491;0;52,5;-8,3
29.09.2025 19:16:22;0,002546;0,044382;0,38634;0;0,428176;0;52,5;-7,8
29.09.2025 19:21:23;0,009855;0,02044;0,367184;0;0,377769;0;52,5;-4,7
29.09.2025 19:26:25;0,005912;0,018917;0,248102;0;0,260471;0;52,5;-5,8
29.09.2025 19:31:28;0,012781;0,024656;0,373463;0;0,385791;0;52,5;-7,7
29.09.2025 19:36:28;0,002197;0,022705;0,376465;0;0,397339;0;52,5;-7,3
29.09.2025 19:41:29;0,006114;0,03139;0,439453;0;0,464273;0;52,5;-9,7
29.09.2025 19:46:31;0,011277;0,034923;1,482063;0;1,505709;0;52,099998;-37,099998
29.09.2025 19:51:31;0,050079;0,052002;2,626465;0;2,634155;0;52,099998;-34,700001
29.09.2025 19:56:32;0;0,049639;1,452677;0;1,496842;0;52,099998;-29,700001
29.09.2025 20:01:33;0;0,047449;1,451947;0;1,498667;0;52,099998;-27
29.09.2025 20:06:35;0,005457;0,041472;0,911647;0;0,948753;0;52,400002;-8
29.09.2025 20:11:38;0,001632;0,026106;0,326327;0;0,349895;0;52,400002;-6,1
29.09.2025 20:16:40;0;0,023282;0,289573;0;0,312492;0;52,5;-5,6
29.09.2025 20:21:41;0,005292;0,02555;0,420473;0;0,442373;0;52,400002;-9,4
29.09.2025 20:26:44;0;0,025381;0,484414;0;0,509069;0;52,400002;-9,7
29.09.2025 20:31:46;0;0,026193;0,453277;0;0,478378;0;52,400002;-8,8
29.09.2025 20:36:47;0;0,02409;0,437263;0;0,462083;0;52,400002;-8,9
29.09.2025 20:41:50;0,001269;0,029007;0,472086;0;0,500005;0;52,400002;-9,7
29.09.2025 20:46:52;0,000091;0,025465;0,387068;0;0,412169;0;52,400002;-7,7
29.09.2025 20:51:54;0;0,028375;0,368151;0;0,39689;0;52,400002;-7,5
29.09.2025 20:56:55;0;0,02555;0,350395;0;0,375579;0;52,400002;-6,6
29.09.2025 21:01:57;0,005184;0,027648;0,382703;0;0,405985;0;52,400002;-9,1
29.09.2025 21:06:57;0,000092;0,024902;0,44458;0;0,46875;0;52,400002;-9,1
29.09.2025 21:12:00;0;0,023931;0,436552;0;0,460846;0;52,400002;-8,8
29.09.2025 21:17:02;0;0,023282;0,435088;0;0,45837;0;52,400002;-8,8
29.09.2025 21:22:04;0,000182;0,022555;0,421264;0;0,443819;0;52,400002;-7,5
29.09.2025 21:27:05;0,000091;0,02555;0,370834;0;0,394924;0;52,400002;-7,1
29.09.2025 21:32:06;0,019892;0,037959;1,222001;0;1,240616;0;52,299999;-8
29.09.2025 21:37:08;0,000546;0,022555;0,38634;0;0,408168;0;52,400002;-8
29.09.2025 21:42:11;0,006798;0,035533;0,471361;0;0,50073;0;52,299999;-11,2
29.09.2025 21:47:12;0,001186;0,03066;0,500772;0;0,529607;0;52,299999;-10,3
29.09.2025 21:52:15;0,000453;0,02103;0,440903;0;0,462296;0;52,400002;-8,4
29.09.2025 21:57:17;0,000637;0,043654;0,41035;0;0,452913;0;52,299999;-11,3
29.09.2025 22:02:18;0,018615;0,035039;1,684814;0;1,701238;0;51,700001;-70,800003
29.09.2025 22:07:20;0,039925;0,061844;2,360242;0;2,381705;0;52;-30
29.09.2025 22:12:22;0,000819;0,039289;1,421675;0;1,460963;0;52;-27,9
29.09.2025 22:17:23;0,000365;0,048909;1,394278;0;1,442457;0;52;-28,4
29.09.2025 22:22:25;0,006548;0,056023;1,434771;0;1,484609;0;52,099998;-12,1
29.09.2025 22:27:26;0,001004;0,039419;0,502962;0;0,541287;0;52,200001;-8,9
29.09.2025 22:32:26;0,001831;0,032227;0,402832;0;0,433594;0;52,299999;-7,2
29.09.2025 22:37:29;0,010696;0,017404;0,344456;0;0,351345;0;52,299999;-5,9
29.09.2025 22:42:31;0,000546;0,034196;0,235006;0;0,267382;0;52,400002;-3,8
29.09.2025 22:47:30;0,006338;0,024986;0,184453;0;0,202457;0;52,400002;-3,8
29.09.2025 22:52:30;0,000732;0,032959;0,157471;0;0,190796;0;52,400002;-3,7
29.09.2025 22:57:33;0,001632;0,029732;0,160988;0;0,189269;0;52,400002;-3,8
29.09.2025 23:02:35;0,004274;0,025465;0,269201;0;0,290665;0;52,400002;-5,9
29.09.2025 23:07:36;0,000547;0,02847;0,283966;0;0,31061;0;52,400002;-5,9
29.09.2025 23:12:39;0;0,021755;0,282816;0;0,304571;0;52,299999;-5,8
29.09.2025 23:17:39;0;0,023438;0,27832;0;0,302124;0;52,299999;-5,8
29.09.2025 23:22:40;0,002646;0,01533;0,216077;0;0,228486;0;52,400002;-3,6
29.09.2025 23:27:43;0;0,021755;0,158812;0;0,18093;0;52,400002;-3,4
29.09.2025 23:32:45;0;0,020372;0,160793;0;0,181529;0;52,400002;-3,4
29.09.2025 23:37:46;0,00219;0,02044;0,180307;0;0,197827;0;52,299999;-4,9
29.09.2025 23:42:49;0,006073;0,031182;0,355333;0;0,381802;0;52,299999;-7,1
29.09.2025 23:47:51;0,000091;0,02692;0,341231;0;0,36706;0;52,299999;-6,8
29.09.2025 23:52:52;0,000091;0,02336;0,332875;0;0,356599;0;52,299999;-6,6
29.09.2025 23:57:52;0;0,023438;0,328125;0;0,351563;0;52,299999;-6,8
30.09.2025 00:02:54;0,005457;0,026193;0,320859;0;0,341231;0;52,200001;-7
30.09.2025 00:07:57;0,002629;0,02248;0,333578;0;0,35352;0;52,200001;-6,5
30.09.2025 00:12:59;0,002456;0,030558;0,288846;0;0,316857;0;52,200001;-5,1
30.09.2025 00:17:59;0,00531;0,041016;0,275391;0;0,310181;0;52,200001;-7,8
30.09.2025 00:23:01;0,001637;0,037106;0,349962;0;0,386704;0;52,200001;-6,3
30.09.2025 00:28:03;0,000182;0,023282;0,285208;0;0,309218;0;52,200001;-5,9
30.09.2025 00:33:05;0,000273;0,021827;0,283025;0;0,303761;0;52,200001;-5,7
30.09.2025 00:38:07;0,000455;0,02401;0,280843;0;0,303761;0;52,200001;-6,6
30.09.2025 00:43:09;0,003365;0,025465;0,178255;0;0,200082;0;52,200001;-3,4
30.09.2025 00:48:11;0,00291;0,016734;0,171707;0;0,185167;0;52,200001;-3,5
30.09.2025 00:53:12;0,010129;0,01971;0,165707;0;0,175927;0;52,200001;-3,5
30.09.2025 00:58:14;0,01537;0,032741;0,218999;0;0,236461;0;52,099998;-7,3
30.09.2025 01:03:16;0,001819;0,044382;0,322314;0;0,364877;0;52,099998;-7,2
30.09.2025 01:08:19;0,015501;0,021755;0,36186;0;0,368024;0;52,099998;-7,2
30.09.2025 01:13:21;0,002001;0,02401;0,336138;0;0,357965;0;52,099998;-6,7
30.09.2025 01:18:20;0,007624;0,019107;0,324813;0;0,335836;0;52,099998;-3,5
30.09.2025 01:23:23;0,003898;0,02103;0,163163;0;0,181293;0;52,099998;-3,5
30.09.2025 01:28:24;0,000182;0,02409;0,156948;0;0,179942;0;52,099998;-3,3
30.09.2025 01:33:27;0,005167;0,018854;0,164614;0;0,179117;0;52,099998;-3,5
30.09.2025 01:38:28;0,007026;0,0219;0,246006;0;0,260241;0;52,099998;-5,9
30.09.2025 01:43:30;0,000091;0,020372;0,285208;0;0,306671;0;52;-5,9
30.09.2025 01:48:33;0;0,02103;0,284267;0;0,304571;0;52,099998;-5,9
30.09.2025 01:53:35;0;0,022555;0,279387;0;0,302306;0;52;-5,7
30.09.2025 01:58:36;0,003467;0,02774;0,281776;0;0,3055;0;52;-5,7
30.09.2025 02:03:38;0;0,020372;0,265564;0;0,285572;0;52;-5,4
30.09.2025 02:08:41;0,000906;0,02103;0,258161;0;0,278103;0;52;-6,2
30.09.2025 02:13:43;0;0,022555;0,307763;0;0,331045;0;52;-6,2
30.09.2025 02:18:44;0,004927;0,02701;0,422663;0;0,444928;0;51,900002;-8,5
30.09.2025 02:23:45;0;0,02336;0,351854;0;0,375214;0;51,900002;-6,7
30.09.2025 02:28:47;0,000364;0,022555;0,325224;0;0,347779;0;51,900002;-6,8
30.09.2025 02:33:48;0;0,02409;0,341635;0;0,365724;0;51,900002;-7,1
30.09.2025 02:38:50;0;0,02401;0,291029;0;0,313583;0;51,900002;-4,6
30.09.2025 02:43:52;0,000546;0,020372;0,201537;0;0,222273;0;52;-2
30.09.2025 02:48:53;0,003011;0,02117;0,162057;0;0,180672;0;52;-3,5
30.09.2025 02:53:53;0;0,019043;0,165527;0;0,183472;0;51,900002;-3,5
30.09.2025 02:58:54;0,005384;0,02628;0,278856;0;0,30039;0;51,900002;-5,8
30.09.2025 03:03:57;0;0,02103;0,282816;0;0,303484;0;51,900002;-5,9
30.09.2025 03:08:59;0;0,0211;0,28157;0;0,303033;0;51,900002;-5,8
30.09.2025 03:14:00;0;0,02117;0,281776;0;0,302945;0;51,799999;-5,8
30.09.2025 03:19:02;0,000091;0,026193;0,188441;0;0,214997;0;51,900002;-3,5
30.09.2025 03:24:05;0,002719;0,023931;0,158812;0;0,180205;0;51,900002;-3,5
30.09.2025 03:29:04;0,002848;0,024986;0,162407;0;0,184453;0;51,900002;-3,7
30.09.2025 03:34:06;0,008094;0,028375;0,231368;0;0,251012;0;51,799999;-7,5
30.09.2025 03:39:09;0,000635;0,02248;0,348082;0;0,370199;0;51,799999;-6,9
30.09.2025 03:44:11;0,002183;0,020372;0,347779;0;0,365605;0;51,799999;-6,9
30.09.2025 03:49:12;0,000821;0,02044;0,315355;0;0,335065;0;51,799999;-5,8
30.09.2025 03:54:15;0,004714;0,026106;0,277015;0;0,299133;0;51,799999;-5,9
30.09.2025 03:59:17;0,000091;0,022555;0,264108;0;0,285572;0;51,799999;-5,6
30.09.2025 04:04:18;0,008395;0,02336;0,259876;0;0,274841;0;51,799999;-5,4
30.09.2025 04:09:20;0,001273;0,02983;0,234278;0;0,263017;0;51,799999;-5
30.09.2025 04:14:22;0,023191;0,019644;0,349234;0;0,346688;0;51,700001;-7,5
30.09.2025 04:19:25;0,000816;0,029732;0,321976;0;0,350257;0;51,700001;-5,8
30.09.2025 04:24:27;0,004002;0,034923;0,269201;0;0,299759;0;51,700001;-5,6
30.09.2025 04:29:26;0,000092;0,021311;0,279986;0;0,302032;0;51,700001;-5,6
30.09.2025 04:34:28;0,000819;0,021827;0,269201;0;0,28921;0;51,700001;-3,6
30.09.2025 04:39:29;0,010494;0,02628;0,205127;0;0,221187;0;51,700001;-4,7
30.09.2025 04:44:28;0,003858;0,020576;0,231485;0;0,248754;0;51,700001;-4,7
30.09.2025 04:49:30;0,006093;0,017462;0,241554;0;0,252467;0;51,700001;-4,9
30.09.2025 04:54:32;0,007549;0,025465;0,296122;0;0,313947;0;51,599998;-7
30.09.2025 04:59:35;0;0,031182;0,334303;0;0,365123;0;51,599998;-7
30.09.2025 05:04:36;0,000091;0,0219;0,351125;0;0,373389;0;51,599998;-7
30.09.2025 05:09:36;0,000549;0,021973;0,333984;0;0,354126;0;51,599998;-5,8
30.09.2025 05:14:39;0,000453;0,02103;0,225528;0;0,248008;0;51,599998;-3,5
30.09.2025 05:19:40;0,000182;0,02044;0,164977;0;0,183957;0;51,700001;-3,6
30.09.2025 05:24:42;0;0,020372;0,156428;0;0,177891;0;51,700001;-3,4
30.09.2025 05:29:45;0;0,01958;0,158812;0;0,178754;0;51,700001;-4
30.09.2025 05:34:46;0,007847;0,02409;0,298565;0;0,31426;0;51,599998;-6,3
30.09.2025 05:39:49;0;0,01958;0,302396;0;0,321613;0;51,599998;-6,2
30.09.2025 05:44:50;0,000456;0,01971;0,297835;0;0,317545;0;51,5;-6,1
30.09.2025 05:49:53;0,004986;0,02248;0,519947;0;0,537351;0;51,099998;-36,5
30.09.2025 05:54:55;0,003456;0,045109;1,854579;0;1,896051;0;50,900002;-37,099998
30.09.2025 05:59:56;0,036864;0,058399;2,664458;0;2,685628;0;50,799999;-36,299999
30.09.2025 06:04:58;0,003001;0,042199;1,546817;0;1,586106;0;50,799999;-29,5
30.09.2025 06:09:59;0,005019;0,041609;1,383328;0;1,420193;0;50,700001;-31,700001
30.09.2025 06:15:00;0,001916;0,033579;1,678244;0;1,709998;0;50,5;-34
30.09.2025 06:20:02;0,000819;0,042927;1,500252;0;1,54136;0;50,5;-27
30.09.2025 06:25:04;0;0,034196;1,274705;0;1,308901;0;50,5;-24,9
30.09.2025 06:30:07;0,001269;0,034083;1,303131;0;1,335763;0;50,400002;-25,299999
30.09.2025 06:35:09;0,002001;0,032013;1,279071;0;1,309629;0;50,400002;-25,700001
30.09.2025 06:40:08;0;0,036009;1,269123;0;1,305132;0;50,299999;-26,799999
30.09.2025 06:45:10;0,005548;0,032013;1,291439;0;1,317632;0;50,299999;-26,4
30.09.2025 06:50:11;0,0073;0,041609;1,352669;0;1,387708;0;50,099998;-29,700001
30.09.2025 06:55:13;0,009277;0,032741;1,0397;0;1,062982;0;50,400002;-8,1
30.09.2025 07:00:14;0,000274;0,0219;0,359884;0;0,381054;0;50,5;-6,8
30.09.2025 07:05:16;0,020099;0,037834;1,213589;0;1,231051;0;49,400002;-50,599998
30.09.2025 07:10:16;2,474396;0,000732;2,730469;0;0,25708;0;50,400002;-0,4
30.09.2025 07:15:19;3,134457;0;3,153765;0;0,019942;0;50,5;-0,3
30.09.2025 07:20:21;3,697427;0;3,712797;0;0,015279;0;50,599998;-0,3
30.09.2025 07:25:23;2,602796;0;2,617802;0;0,014915;0;50,599998;-0,3
30.09.2025 07:30:24;0,972071;0;0,980375;0;0,00803;0;50,599998;0
30.09.2025 07:35:27;0,319075;0;0,329227;0;0;0,010152;50,599998;0
30.09.2025 07:40:29;0,364604;0;0,391433;0;0;0,027648;50,599998;0
30.09.2025 07:45:30;0,346288;0;0,389814;0;0;0,043799;50,599998;0
30.09.2025 07:50:33;0,228066;0;0,293694;0;0;0,065265;50,599998;0
30.09.2025 07:55:36;0,193802;0;0,303846;0;0;0,108776;50,700001;0
30.09.2025 08:00:36;0,099426;0;0,240967;0;0;0,14209;50,700001;0
30.09.2025 08:05:38;0,136056;0;0,277932;0;0;0,142604;50,599998;0
30.09.2025 08:10:41;1,493669;0;1,636709;0;0;0,142133;50,700001;0
30.09.2025 08:15:43;2,094223;0;2,266385;0;0;0,173162;50,700001;0
30.09.2025 08:20:45;1,181485;0;1,403485;0;0;0,221182;50,599998;0
30.09.2025 08:25:46;0,97052;0;1,226381;0;0;0,255496;50,700001;0
30.09.2025 08:30:48;0,859262;0;1,140832;0;0;0,282298;50,700001;0
30.09.2025 08:35:50;0,812879;0;1,159021;0;0;0,346324;50,700001;0
30.09.2025 08:40:53;0,792883;0;1,091381;0;0;0,29877;50,700001;0
30.09.2025 08:45:54;0,671042;0;0,930005;0;0;0,258416;50,700001;0
30.09.2025 08:50:56;0,100041;0;0,331045;0;0;0,231368;50,700001;0
30.09.2025 08:55:59;0,088561;0;0,302396;0;0;0,2132;50,700001;0
30.09.2025 09:01:00;0,076101;0;0,291995;0;0;0,216077;50,700001;0
30.09.2025 09:06:01;0,146728;0;0,221187;0,103658;0;0,178117;50,900002;2,9
30.09.2025 09:11:03;0,041108;0,011641;0,1557;0,033104;0;0,160066;50,799999;0
30.09.2025 09:16:04;0,017246;0,062779;0,162787;0,049639;0;0,258416;50,900002;2,8
30.09.2025 09:21:07;0,007886;0,023205;0,200147;0,17114;0,003988;0,38144;51;0,3
30.09.2025 09:26:09;0,002728;0,075667;0,279387;0,000728;0,001455;0,352145;50,900002;0
30.09.2025 09:31:08;0,001929;0,077162;0,325548;0,046664;0;0,446802;51;3,1
30.09.2025 09:36:10;0,008367;0,024737;0,357965;0,265564;0;0,640263;51,200001;6,8
30.09.2025 09:41:12;0,006912;0,019644;0,362331;0,472194;0;0,848348;51,5;12
30.09.2025 09:46:15;0,000091;0,025381;0,236405;0,721182;0;0,98043;51,799999;17,299999
30.09.2025 09:51:17;0,003638;0,033468;0,30558;0,879634;0;1,216499;51,900002;15,8
30.09.2025 09:56:16;0,002939;0,031599;0,282926;0,739648;0;1,050866;51,799999;13,6
30.09.2025 10:01:18;0,012187;0,021827;0,365241;0,71302;0,000728;1,088447;51,900002;13,6
30.09.2025 10:06:21;0,000997;0,023931;0,40392;0,684198;0;1,10951;51,900002;11,1
30.09.2025 10:11:23;0,002365;0,034923;0,363058;0,529308;0;0,925471;51,900002;12,8
30.09.2025 10:16:24;0,005019;0,02555;0,382514;0,688379;0;1,090603;51,900002;11,6
30.09.2025 10:21:26;0,004729;0,021827;0,360875;0,68319;0;1,060799;51,900002;15,8
30.09.2025 10:26:29;0,000363;0,037709;0,242207;0,6929;0;0,973178;51,900002;11,6
30.09.2025 10:31:31;0,0452;0,066937;1,129191;0,235369;0,507845;0,877451;51,599998;-4,4
30.09.2025 10:36:32;0,029838;0,03066;0,854817;0,218267;0,039784;1,035124;51,799999;12,1
30.09.2025 10:41:34;0,000546;0,032741;0,320131;0,678097;0;1,031696;51,900002;14,1
30.09.2025 10:46:37;0,004623;0,021755;0,344456;0,899936;0;1,261796;52,099998;20,799999
30.09.2025 10:51:36;0,002113;0,021311;0,334367;1,062624;0;1,415362;52,099998;19,1
30.09.2025 10:56:38;0,002183;0,0211;0,321587;0,911647;0;1,252878;52,099998;16,9
30.09.2025 11:01:38;0;0,0271;0,260742;0,893921;0;1,180664;52,099998;16,700001
30.09.2025 11:06:39;0,001642;0,02263;0,233596;0,685824;0;0,940225;52,099998;11,2
30.09.2025 11:11:41;0;0,021827;0,205175;0,552954;0;0,781412;52,099998;10,8
30.09.2025 11:16:42;0,004745;0,02409;0,212427;0,526687;0;0,757728;52,099998;6,2
30.09.2025 11:21:44;0,004093;0,031286;0,300487;0,103679;0,001819;0,429267;51,900002;0
30.09.2025 11:26:47;0,006436;0,015954;0,329227;0;0,149022;0,188544;51,799999;-4,5
30.09.2025 11:31:49;0;0,019644;0,354327;0;0,267019;0,107681;51,700001;-5,5
30.09.2025 11:36:50;0,004197;0,02044;0,344555;0;0,216807;0,144538;51,799999;0
30.09.2025 11:41:53;0,004532;0,090646;0,208849;0;0,000363;0,292969;51,700001;0
30.09.2025 11:46:55;0,005457;0,059661;0,261926;0;0,00291;0,315766;51,700001;0
30.09.2025 11:51:55;0;0,085693;0,293701;0;0;0,379395;51,700001;0
30.09.2025 11:56:58;0,014685;0,018129;0,432927;0;0,098261;0,336479;51,700001;-3,1
30.09.2025 12:02:00;0,004093;0,020372;0,43145;0;0,154609;0,293939;51,700001;-3
30.09.2025 12:06:59;0,00937;0,022781;0,449006;0;0,199885;0,261614;51,5;-9,9
30.09.2025 12:12:01;0,000909;0,02401;0,357965;0;0,188805;0,193534;51,599998;-3,7
30.09.2025 12:17:04;0,000272;0,021755;0,34228;0;0,192533;0,16969;51,5;-3,7
30.09.2025 12:22:06;0,015006;0,010186;0,263381;0;0,081124;0,177527;51,599998;0
30.09.2025 12:27:07;0,000182;0,01241;0,198557;0;0;0,211697;51,599998;0
30.09.2025 12:32:09;0,001637;0,07785;0,214634;0;0,000364;0,291029;51,599998;-5,2
30.09.2025 12:37:11;0,021827;0,023282;1,664683;0;1,264155;0,401619;50,900002;-26
30.09.2025 12:42:14;0,010152;0,048586;2,507638;0;2,048968;0,496016;50,799999;-18,4
30.09.2025 12:47:16;0,004638;0,02983;1,309629;0;0,773045;0,561685;50,799999;-16,799999
30.09.2025 12:52:17;0,000365;0,02701;1,30814;0;0,819412;0,516832;50,700001;-18,700001
30.09.2025 12:57:19;0,002183;0,029103;1,332183;0;0,851622;0,50639;50,700001;-14,1
30.09.2025 13:02:20;0,000639;0,035039;0,938765;0,080299;0,485077;0,567931;51,200001;6,5
30.09.2025 13:07:22;0,000455;0,029103;0,216816;0,423447;0;0,669366;51,5;9,1
30.09.2025 13:12:23;0,004106;0,02336;0,216807;0,451498;0;0,687649;51,599998;8,4
30.09.2025 13:17:25;0,004911;0,031286;0,269929;0,351053;0,004002;0,644628;51,599998;5,4
30.09.2025 13:22:28;0,001994;0,01958;0,311098;0,233505;0;0,561282;51,599998;3,7
30.09.2025 13:27:29;0,001642;0,035039;0,301485;0,101468;0;0,436533;51,5;0
30.09.2025 13:32:31;0;0,082943;0,253922;0;0;0,336138;51,5;0
30.09.2025 13:37:34;0,000725;0,057288;0,222627;0,029732;0;0,308922;51,5;0
30.09.2025 13:42:35;0,004106;0,084679;0,175927;0;0,00219;0,255496;51,400002;0
30.09.2025 13:47:37;0,001637;0,061116;0,304125;0,041835;0,000728;0,40453;51,5;2,5
30.09.2025 13:52:39;0,001819;0,02401;0,3325;0,095312;0;0,449639;51,5;2,9
30.09.2025 13:57:42;0,005439;0,088471;0,413347;0,047861;0,005076;0,538076;51,5;2,8
30.09.2025 14:02:44;0,000546;0,025465;0,432177;0,12296;0;0,580602;51,599998;2,3
30.09.2025 14:07:45;0,000182;0,02044;0,327035;0,256226;0;0,602971;51,700001;6,4
30.09.2025 14:12:48;0;0,02248;0,308197;0,386516;0;0,719369;51,799999;9
30.09.2025 14:17:49;0,003285;0,02701;0,288345;0,581436;0;0,892046;51,900002;12,7
30.09.2025 14:22:52;0;0,027556;0,264687;0,825969;0;1,119663;52;18,1
30.09.2025 14:27:53;0,000547;0,02701;0,291265;1,377488;0;1,693574;52,299999;38,400002
30.09.2025 14:32:55;0;0,547861;0,345596;2,354057;0;3,247879;52,599998;47,200001
30.09.2025 14:37:58;0,00843;0,044961;0,356059;1,464481;0;1,856436;52,400002;22,700001
30.09.2025 14:43:00;0,000182;0,028375;0,334683;1,142651;0;1,506073;52,5;20,6
30.09.2025 14:48:01;0,002281;0,02774;0,339445;1,183311;0;1,549036;52,599998;24,200001
30.09.2025 14:53:04;0,005892;0,029732;0,34228;1,280288;0;1,646136;52,599998;22
30.09.2025 14:58:06;0;0,032013;0,247374;1,260881;0;1,540996;52,700001;23,200001
30.09.2025 15:03:06;0,000275;0,0271;0,225586;1,139648;0;1,391602;52,700001;19,799999
30.09.2025 15:08:07;0,000365;0,02628;0,229216;1,080383;0;1,334419;52,799999;21,700001
30.09.2025 15:13:09;0,00573;0,032013;0,264836;1,064073;0;1,356193;52,799999;17,1
30.09.2025 15:18:11;0;0,031286;0,336866;0,992771;0;1,360559;52,900002;23,9
30.09.2025 15:23:14;0,003173;0,030457;0,358959;1,509079;0;1,895595;53;28,799999
30.09.2025 15:28:15;0,00219;0,0292;0,356964;1,549766;0;1,93447;53;29,299999
30.09.2025 15:33:17;0,001455;0,475104;0,439453;2,362061;0;3,275526;53,299999;46,5
30.09.2025 15:38:20;0,007161;0,601891;0,351708;2,373482;0;3,319829;53,200001;25,4
30.09.2025 15:43:22;0,012642;0,181165;0,435088;1,942616;0;2,545045;53,299999;27,200001
30.09.2025 15:48:24;0,000455;0,330317;0,38634;2,064484;0;2,780778;53,5;46,299999
30.09.2025 15:53:25;0,009399;0,040879;0,436533;1,92425;0;2,391443;53,400002;34,200001
30.09.2025 15:58:28;0,003082;0,039884;0,397393;1,042432;0;1,476446;53,200001;19,4
30.09.2025 16:03:28;0,001648;0,031494;0,383057;0,700562;0;1,114746;53,099998;11,6
30.09.2025 16:08:29;0,007756;0,01898;0,390544;0,491647;0;0,893506;53,099998;8
30.09.2025 16:13:31;0,005457;0,026193;0,362331;0,453641;0;0,835252;53,099998;8,4
30.09.2025 16:18:34;0,005983;0,04351;0,241482;0,496016;0;0,775932;53,099998;7,6
30.09.2025 16:23:35;0,013779;0,02263;0,948985;0,146728;0,412079;0,692029;52,799999;-13,6
30.09.2025 16:28:35;0,015381;0,039551;2,243408;0;1,149536;1,117676;52,599998;-10,1
30.09.2025 16:33:38;0,023387;0,029007;1,421334;0,19072;0,072517;1,546063;52,900002;4,3
30.09.2025 16:38:40;0,010732;0,0211;1,264519;0,026556;0,172434;1,129191;52,700001;-7,6
30.09.2025 16:43:42;0,004093;0,036379;0,964032;0,019644;0,385249;0,630077;52,799999;0
30.09.2025 16:48:43;0,013779;0,02117;0,278126;0;0,101468;0,183957;52,700001;-3,6
30.09.2025 16:53:45;0,011823;0,016734;0,20663;0;0,082216;0,129508;52,700001;0
30.09.2025 16:58:48;0,031092;0,004351;0,192895;0;0,000363;0,166789;52,799999;0
30.09.2025 17:03:50;0,017189;0,016734;0,231368;0;0,172798;0,058206;52,700001;-3,9
30.09.2025 17:08:49;0,01038;0,013963;0,217522;0;0,11611;0,104352;52,700001;0
30.09.2025 17:13:51;0,015188;0,013096;0,292484;0;0,052385;0,238643;52,700001;0
30.09.2025 17:18:54;0,011331;0,013053;0,252359;0;0;0,25381;52,799999;0
30.09.2025 17:23:56;0,006639;0,023282;0,240826;0;0;0,25756;52,700001;0
30.09.2025 17:28:57;0,016881;0,01898;0,299295;0;0,111323;0,188337;52,700001;0
30.09.2025 17:44:05;0,002843;0,035572;0,230374;0,187905;0,000847;0,411382;52,900002;6,4
30.09.2025 17:49:05;0,014832;0,04248;1,182129;0,179443;0,554443;0,834961;52,700001;2,3
30.09.2025 17:54:05;0,026093;0,016846;0,809326;0,012817;0,394409;0,418945;52,299999;-30
30.09.2025 17:59:06;0,007847;0,056209;2,494371;0;2,093242;0,448213;51,900002;-41,400002
30.09.2025 18:04:05;0,002388;0,05438;2,502237;0;2,157583;0,395361;52;-29,200001
30.09.2025 18:09:05;0,000183;0,033691;1,437744;0;1,238525;0,234375;51,900002;-25,799999
30.09.2025 18:14:07;0,002637;0,029103;1,350373;0;1,196491;0,178983;51,900002;-24,700001
30.09.2025 18:19:08;0,010402;0,03139;0,580341;0;0,464638;0,138698;52,200001;-4,4
30.09.2025 18:24:07;0,003399;0,024251;0,255;0;0,227443;0,047032;52,200001;-4,4
30.09.2025 18:29:07;0,011719;0,040283;0,303223;0;0,286011;0,04541;52,099998;-6,9
30.09.2025 18:34:07;0,000183;0,020508;0,398438;0;0,365112;0,054199;52,099998;-7,5
30.09.2025 18:39:08;0;0,02263;0,401494;0;0,394194;0,03066;52,099998;-8,3
30.09.2025 18:44:07;0;0,021311;0,414467;0;0,435779;0;52;-8,4
30.09.2025 18:49:07;0,000183;0,022705;0,330322;0;0,352295;0;52,099998;-4,6
30.09.2025 18:54:10;0,003898;0,018129;0,224078;0;0,237856;0;52,099998;-4,9
30.09.2025 18:59:11;0,005292;0,01679;0,231406;0;0,243086;0;52,099998;-4,6
30.09.2025 19:04:11;0,004028;0,018311;0,224854;0;0,239136;0;52,099998;-4,5
30.09.2025 19:09:14;0,008521;0,026106;0,356059;0;0,373825;0;52;-8,2
30.09.2025 19:14:13;0,001286;0,036009;0,329222;0;0,364129;0;52;-7
30.09.2025 19:19:13;0,005035;0,0271;0,334717;0;0,356689;0;51,900002;-6,8
30.09.2025 19:24:13;0,000092;0,030762;0,317139;0;0,348267;0;51,900002;-6,9
30.09.2025 19:29:13;0,002197;0,021973;0,277588;0;0,297363;0;51,900002;-6,1
30.09.2025 19:34:13;0,012634;0,0271;0,330322;0;0,344238;0;51,900002;-8,4
30.09.2025 19:39:13;0,006317;0,039551;1,374756;0;1,408081;0;51,299999;-43,5
30.09.2025 19:44:13;0,00769;0,047607;2,241943;0;2,281494;0;51;-67,300003
30.09.2025 19:49:14;0,21781;0,00876;3,969678;0;3,761266;0;50,700001;-75
30.09.2025 19:54:14;0,003021;0,054932;3,231445;0;3,283081;0;50,700001;-53,200001
30.09.2025 19:59:13;0,005236;0,05585;2,316315;0;2,367021;0;50,5;-62,700001
30.09.2025 20:04:13;0,097595;0,059326;1,96875;0;1,930298;0;50,700001;-24,9
30.09.2025 20:09:13;0,000824;0,032227;1,24585;0;1,276611;0;50,700001;-26,6
30.09.2025 20:14:13;0,001282;0,035889;1,256836;0;1,292358;0;50,599998;-26,799999
30.09.2025 20:19:13;0,000183;0,041748;1,410645;0;1,452393;0;50,400002;-28,200001
30.09.2025 20:24:13;0,005402;0,047607;1,467041;0;1,508789;0;50,299999;-32
30.09.2025 20:29:14;0;0,043799;1,619115;0;1,663279;0;50,099998;-33
30.09.2025 20:34:13;0,000919;0,047032;1,322034;0;1,368331;0;50,400002;-11,5
30.09.2025 20:39:13;0,000092;0,024902;0,476074;0;0,499878;0;50,5;-9,6
30.09.2025 20:44:14;0,000091;0,02409;0,458433;0;0,482522;0;50,400002;-9,6
30.09.2025 20:49:14;0;0,023438;0,353027;0;0,376465;0;50,5;-7,4
30.09.2025 20:54:14;0;0,021973;0,3479;0;0,371338;0;50,400002;-7,3
30.09.2025 20:59:13;0,001837;0,024986;0,373315;0;0,395361;0;50,299999;-8,5
30.09.2025 21:04:13;0,004852;0,031494;0,44458;0;0,470947;0;50,099998;-10,9
30.09.2025 21:09:15;0,000273;0,02401;0,523124;0;0,54677;0;49,799999;-11,4
30.09.2025 21:14:15;0,000458;0,032227;0,550781;0;0,583008;0;49,599998;-10,6
30.09.2025 21:19:15;0;0,028564;0,495117;0;0,523315;0;49,400002;-10,4
30.09.2025 21:24:15;0,002106;0,030029;0,454834;0;0,483032;0;49,299999;-8,4
30.09.2025 21:29:15;0,00412;0,016846;0,388916;0;0,401367;0;49,099998;-9,4
30.09.2025 21:34:16;0,331506;0,0073;0,461353;0;0,137968;0;49,400002;0
30.09.2025 21:39:15;0,431921;0;0,432104;0;0;0;49,400002;0
30.09.2025 21:44:15;0,51416;0;0,51416;0;0;0;49,5;0
30.09.2025 21:49:16;0,535629;0;0,535082;0;0;0;49,5;0
30.09.2025 21:54:15;0,471144;0;0,471053;0;0;0;49,5;0
30.09.2025 21:59:15;0,353485;0;0,354492;0;0;0;49,5;0
30.09.2025 22:04:15;1,04306;0;1,042969;0;0;0;49,5;0
30.09.2025 22:09:15;0,776276;0;0,776367;0;0;0;49,5;0
30.09.2025 22:14:15;0,264679;0;0,264404;0;0;0;49,599998;0
30.09.2025 22:19:15;0,330048;0;0,330322;0;0;0;49,599998;0
30.09.2025 22:24:15;0,410156;0;0,409424;0;0;0;49,599998;0
30.09.2025 22:29:15;0,411072;0;0,410889;0;0;0;49,599998;0
30.09.2025 22:34:15;0,379303;0;0,380127;0;0;0;49,599998;0
30.09.2025 22:39:15;0,32373;0;0,32373;0;0;0;49,599998;0
30.09.2025 22:44:15;0,243896;0;0,243896;0;0;0;49,599998;0
30.09.2025 22:49:15;0,154907;0;0,154541;0;0;0;49,599998;0
30.09.2025 22:54:15;0,144745;0;0,144287;0;0;0;49,599998;0
30.09.2025 22:59:16;0,15932;0;0,159138;0;0;0;49,599998;0
30.09.2025 23:04:15;0,26336;0;0,263819;0;0;0;49,599998;0
30.09.2025 23:09:15;0,256622;0;0,25708;0;0;0;49,599998;0
30.09.2025 23:14:16;0,251207;0;0,251116;0;0;0;49,599998;0
30.09.2025 23:19:15;0,243059;0;0,243242;0;0;0;49,599998;0
30.09.2025 23:24:15;0,192261;0;0,191895;0;0;0;49,599998;0
30.09.2025 23:29:15;0,258362;0;0,258545;0;0;0;49,599998;0
30.09.2025 23:34:15;0,277954;0;0,277588;0;0;0;49,599998;0
30.09.2025 23:39:15;0,30249;0;0,30249;0;0;0;49,599998;0
30.09.2025 23:44:15;0,326385;0;0,325928;0;0;0;49,599998;0
30.09.2025 23:49:17;0,313129;0;0,313583;0;0;0;49,599998;0
30.09.2025 23:54:17;0,237122;0;0,236572;0;0;0;49,599998;0
30.09.2025 23:59:17;0,221924;0;0,222656;0;0;0;49,599998;0
01.10.2025 00:04:17;0,131927;0;0,131836;0;0;0;49,599998;0
01.10.2025 00:09:17;0,136963;0;0,136963;0;0;0;49,599998;0
01.10.2025 00:14:18;0,132219;0;0,132128;0;0;0;49,599998;0
01.10.2025 00:19:18;0,20224;0;0,202148;0;0;0;49,599998;0
01.10.2025 00:24:17;0,252979;0;0,252796;0;0;0;49,599998;0
01.10.2025 00:29:18;0,248196;0;0,248926;0;0;0;49,599998;0
01.10.2025 00:34:18;0,244629;0;0,243896;0;0;0;49,599998;0
01.10.2025 00:39:17;0,248938;0;0,249121;0;0;0;49,599998;0
01.10.2025 00:44:17;0,18512;0;0,185303;0;0;0;49,599998;0
01.10.2025 00:49:17;0,18631;0;0,186035;0;0;0;49,599998;0
01.10.2025 00:54:17;0,192444;0;0,192627;0;0;0;49,5;0
01.10.2025 00:59:19;0,306853;0;0,307035;0;0;0;49,599998;0
01.10.2025 01:04:19;0,307617;0;0,307617;0;0;0;49,5;0
01.10.2025 01:09:20;0,25723;0;0,257686;0;0;0;49,599998;0
01.10.2025 01:14:19;0,241497;0;0,241038;0;0;0;49,5;0
01.10.2025 01:19:19;0,136047;0;0,13623;0;0;0;49,5;0
01.10.2025 01:24:19;0,152161;0;0,152344;0;0;0;49,5;0
01.10.2025 01:29:20;0,216624;0;0,216077;0;0;0;49,5;0
01.10.2025 01:34:20;0,267242;0;0,268066;0;0;0;49,5;0
01.10.2025 01:39:19;0,329314;0;0,328488;0;0;0;49,5;0
01.10.2025 01:44:19;0,36145;0;0,361084;0;0;0;49,5;0
01.10.2025 01:49:20;0,320374;0;0,321195;0;0;0;49,5;0
01.10.2025 01:54:19;0,290825;0;0,291009;0;0;0;49,5;0
01.10.2025 01:59:19;0,174866;0;0,174316;0;0;0;49,5;0
01.10.2025 02:04:20;0,133497;0;0,133588;0;0;0;49,5;0
01.10.2025 02:09:22;0,133146;0;0,133146;0;0;0;49,5;0
01.10.2025 02:14:22;0,177155;0;0,177246;0;0;0;49,5;0
01.10.2025 02:19:22;0,249939;0;0,249756;0;0;0;49,5;0
01.10.2025 02:24:22;0,249023;0;0,249023;0;0;0;49,5;0
01.10.2025 02:29:22;0,246094;0;0,246094;0;0;0;49,5;0
01.10.2025 02:34:23;0,206313;0;0,206587;0;0;0;49,5;0
01.10.2025 02:39:22;0,133104;0;0,132277;0;0;0;49,5;0
01.10.2025 02:44:24;0,132418;0;0,133146;0;0;0;49,5;0
01.10.2025 02:49:27;0,132797;0;0,132706;0;0;0;49,5;0
01.10.2025 02:54:29;0,245464;0;0,245192;0;0;0;49,5;0
01.10.2025 02:59:30;0,30988;0;0,310245;0;0;0;49,5;0
01.10.2025 03:04:32;0,30267;0;0,30267;0;0;0;49,5;0
01.10.2025 03:09:35;0,294238;0;0,293694;0;0;0;49,400002;0
01.10.2025 03:14:36;0,21051;0;0,210967;0;0;0;49,400002;0
01.10.2025 03:19:38;0,192079;0;0,192079;0;0;0;49,5;0
01.10.2025 03:24:41;0,293966;0;0,293694;0;0;0;49,400002;0
01.10.2025 03:29:42;0,265168;0;0,264986;0;0;0;49,400002;0
01.10.2025 03:34:44;0,330045;0;0,330317;0;0;0;49,400002;0
01.10.2025 03:39:46;0,32386;0;0,324497;0;0;0;49,5;0
01.10.2025 03:44:49;0,276743;0;0,27629;0;0;0;49,400002;0
01.10.2025 03:49:51;0,24501;0;0,245192;0;0;0;49,400002;0
01.10.2025 03:54:52;0,153115;0;0,153298;0;0;0;49,400002;0
01.10.2025 03:59:54;0,132964;0;0,132418;0;0;0;49,400002;0
01.10.2025 04:04:57;0,136695;0;0,136332;0;0;0;49,400002;0
01.10.2025 04:09:59;0,174617;0;0,175345;0;0;0;49,400002;0
01.10.2025 04:15:00;0,286703;0;0,286156;0;0;0;49,400002;0
01.10.2025 04:20:02;0,301033;0;0,301215;0;0;0;49,400002;0
01.10.2025 04:25:05;0,293331;0;0,293694;0;0;0;49,400002;0
01.10.2025 04:30:07;0,245373;0;0,245192;0;0;0;49,400002;0
01.10.2025 04:35:09;0,133327;0;0,133146;0;0;0;49,400002;0
01.10.2025 04:40:11;0,132782;0;0,132418;0;0;0;49,400002;0
01.10.2025 04:45:13;0,132236;0;0,132418;0;0;0;49,400002;0
01.10.2025 04:50:14;0,226844;0;0,227026;0;0;0;49,400002;0
01.10.2025 04:55:16;0,246829;0;0,246647;0;0;0;49,400002;0
01.10.2025 05:00:19;0,241844;0;0,242207;0;0;0;49,400002;0
01.10.2025 05:05:21;0,241917;0;0,241554;0;0;0;49,400002;0
01.10.2025 05:10:22;0,15202;0;0,152568;0;0;0;49,400002;0
01.10.2025 05:15:22;0,187683;0;0,1875;0;0;0;49,400002;0
01.10.2025 05:20:25;0,2917;0;0,292244;0;0;0;49,400002;0
01.10.2025 05:25:26;0,306048;0;0,305135;0;0;0;49,400002;0
01.10.2025 05:30:28;0,366332;0;0,366696;0;0;0;49,400002;0
01.10.2025 05:35:31;0,555662;0;0,556206;0;0;0;49,400002;0
01.10.2025 05:40:33;1,688148;0;1,687238;0;0;0;49,400002;0
01.10.2025 05:45:35;2,900463;0;2,900827;0;0;0;49,299999;0
01.10.2025 05:50:36;2,044151;0;2,043968;0;0;0;49,400002;0
01.10.2025 05:55:39;1,793527;0;1,793346;0;0;0;49,299999;0
01.10.2025 06:00:41;1,581013;0;1,58174;0;0;0;49,299999;0
01.10.2025 06:05:42;1,368911;0;1,368729;0;0;0;49,299999;0
01.10.2025 06:10:44;2,119597;0;2,119415;0;0;0;49,299999;0
01.10.2025 06:15:46;4,743402;0;4,743766;0;0;0;49,299999;0
01.10.2025 06:20:49;4,723577;0;4,723033;0;0;0;49,299999;0
01.10.2025 06:25:50;2,641281;0;2,641099;0;0;0;49,299999;0
01.10.2025 06:30:52;1,970081;0;1,970263;0;0;0;49,299999;0
01.10.2025 06:35:55;1,539718;0;1,540261;0;0;0;49,299999;0
01.10.2025 06:40:57;0,779047;0;0,778501;0;0;0;49,299999;0
01.10.2025 06:45:59;0,329408;0;0,32959;0;0;0;49,299999;0
01.10.2025 06:51:00;0,33981;0;0,340175;0;0;0;49,299999;0
01.10.2025 06:56:02;0,325588;0;0,325224;0;0;0;49,299999;0
01.10.2025 07:01:04;0,325588;0;0,325952;0;0;0;49,299999;0
01.10.2025 07:06:07;0,73496;0;0,734597;0;0;0;49,299999;0
01.10.2025 07:11:08;1,414718;0;1,414718;0;0;0;49,299999;0
01.10.2025 07:16:11;0,390867;0;0,390867;0;0;0;49,299999;0
01.10.2025 07:21:12;1,254668;0;1,26215;0;0;0,0073;49,299999;0
01.10.2025 07:26:15;0,511789;0;0,542427;0;0;0,031907;49,299999;0
01.10.2025 07:31:17;0,382339;0;0,437998;0;0;0,055295;49,299999;0
01.10.2025 07:36:16;0,305339;0;0,393156;0;0;0,088185;49,299999;0
01.10.2025 07:41:19;0,223352;0;0,344456;0;0;0,121829;49,299999;0
01.10.2025 07:46:21;0,08458;0;0,210996;0,030194;0;0,1557;49,400002;3,1
01.10.2025 07:51:20;0,188495;0;0,204294;0,174165;0;0,189597;49,700001;3,8
01.10.2025 07:56:22;0,235915;0;0,25174;0,226638;0;0,243009;49,900002;5,3
01.10.2025 08:01:25;1,351536;0;1,372022;0,287167;0;0,306022;50,200001;6,4
01.10.2025 08:06:25;2,659424;0;2,677734;0,334351;0;0,354492;50,400002;6,9
01.10.2025 08:11:27;1,900416;0;1,919333;0,370698;0;0,387068;50,599998;7,6
01.10.2025 08:16:28;1,861106;0;1,882641;0,403684;0;0,427773;50,700001;8,3
01.10.2025 08:21:31;1,532828;0;1,559841;0,428938;0;0,455407;50,900002;8,5
01.10.2025 08:26:33;0,834706;0;1,288529;0,037834;0,009822;0,481652;50,700001;0
01.10.2025 08:31:34;0,659727;0;1,176742;0;0;0,516832;50,700001;0
01.10.2025 08:36:36;0,59679;0,000728;1,101543;0,049839;0;0,554409;50,799999;11,1
01.10.2025 08:41:38;0,336502;0;0,355055;0,585331;0;0,605339;51,200001;11,8
01.10.2025 08:46:40;0,303215;0;0,327407;0,624256;0;0,647539;51,400002;12,9
01.10.2025 08:51:43;0,161894;0,010152;0,314724;0,534088;0;0,696163;51,5;8
01.10.2025 08:56:50;0,000179;0,025766;0,256228;0,432296;0;0,71429;51,599998;10
01.10.2025 09:01:50;0,000916;0,019775;0,197021;0,522949;0;0,738281;51,700001;10,3
01.10.2025 09:06:50;0,006409;0,026367;0,230713;0,53064;0,001099;0,782227;51,799999;8,1
01.10.2025 09:11:51;0,000365;0,02263;0,370834;0,524497;0;0,916866;51,799999;11,8
01.10.2025 09:16:52;0,00584;0,03066;0,389084;0,602606;0,00219;1,014684;51,900002;12,6
01.10.2025 09:21:52;0,025818;0,054932;0,98291;0,601318;0,392212;1,22168;51,799999;15,4
01.10.2025 09:26:55;0,000181;0,023205;0,458308;0,846999;0;1,327061;51,900002;17,799999
01.10.2025 09:31:57;0,011095;0,042199;1,288529;0,541677;0,272112;1,590471;52;24,6
01.10.2025 09:36:58;0,000182;0,0292;0,376674;1,505601;0;1,90965;52,200001;34,5
01.10.2025 09:42:00;0,002728;0,029103;0,300487;1,912785;0;2,24092;52,200001;32,099998
01.10.2025 09:47:03;0,000363;0,031182;0,283542;2,115321;0;2,42932;52,400002;42,799999
01.10.2025 09:52:05;0,000546;0,037834;0,295394;2,430816;0;2,764771;52,5;47,200001
01.10.2025 09:57:07;0,00673;0,041472;0,421264;2,442457;0;2,897189;52,599998;47
01.10.2025 10:02:08;0,000182;0,140888;0,470113;2,480136;0;3,090772;52,799999;46,900002
01.10.2025 10:07:11;0,005257;0,134882;0,466284;2,436572;0;3,032662;52,900002;46,799999
01.10.2025 10:12:13;0;0,177527;0,451094;2,476653;0;3,105275;53;46,599998
01.10.2025 10:17:14;0,005292;0,380324;0,316085;2,386698;0;3,077632;53;22,200001
01.10.2025 10:22:16;0,008913;0,357238;0,451094;2,279845;0;3,080537;53,099998;30,700001
01.10.2025 10:27:18;0,027466;0,071302;0,646811;1,606841;0;2,296215;53,200001;38,299999
01.10.2025 10:32:21;0,023931;0,044961;0,327777;1,244755;0,000363;1,593924;53;18,700001
01.10.2025 10:37:22;0,031755;0,054019;1,955639;1,044249;0,033944;2,988573;53,200001;29,700001
01.10.2025 10:42:23;0,01825;0,037959;2,274644;1,057753;0,000365;3,350648;53;13,9
01.10.2025 10:47:25;0,014733;0,049475;2,895734;0,800692;0,032377;3,697518;53,099998;22,299999
01.10.2025 10:52:26;0,030112;0,061319;2,189966;1,158492;0;3,381307;53,200001;31,200001
01.10.2025 10:57:28;0,015643;0,040744;2,073578;1,795282;0,000364;3,893962;53,400002;35,599998
01.10.2025 11:02:31;0,016316;0,050762;1,986241;1,214297;0,067078;3,167543;53,299999;32
01.10.2025 11:07:33;0,025101;0,059661;2,097588;1,352191;0;3,483612;53,299999;28,1
01.10.2025 11:12:35;0,013096;0,381247;1,006231;2,160159;0;3,534542;53,5;46,200001
01.10.2025 11:17:34;0,011758;0,282926;1,518979;1,798965;0;3,589112;53,5;46,200001
01.10.2025 11:22:36;0,000182;0,46128;0,663545;2,472651;0;3,597113;53,599998;46,200001
01.10.2025 11:27:39;0,008521;0,494566;0,670057;2,418805;0;3,575089;53,5;27,799999
01.10.2025 11:32:40;0,007665;0,325575;1,430048;1,903445;0;3,651403;53,599998;46,200001
01.10.2025 11:37:40;0,000183;1,160889;0,496582;2,474854;0;4,132324;53,599998;46,200001
01.10.2025 11:42:43;0,004532;0,85135;0,472086;2,434759;0;3,754931;53,599998;46,200001
01.10.2025 11:47:45;0,011095;0,776319;0,389251;2,084128;0;3,237693;53,299999;21,4
01.10.2025 11:52:46;0,017702;0,142348;0,435803;1,244996;0;1,805992;53,200001;11,9
01.10.2025 11:57:46;0,011169;0,040283;0,434326;0,432861;0;0,89502;53,099998;7,4
01.10.2025 12:02:49;0,008702;0,050037;0,902837;0,662806;0,079406;1,528659;53,400002;39
01.10.2025 12:07:51;0,011459;0,038561;2,09104;1,885137;0,000364;4,003098;53,5;46,200001
01.10.2025 12:12:52;0,038507;0,041609;2,821406;1,019429;0,114243;3,728782;52,700001;-48,900002
01.10.2025 12:17:54;0,005093;0,061844;3,779733;0;2,801514;1,036062;52,299999;-47,599998
01.10.2025 12:22:56;0,033468;0,069847;2,936478;0,585331;0,474377;3,083448;52,599998;-30,5
01.10.2025 12:27:59;0,024293;0,066716;2,169709;0,152648;0,961576;1,403929;52,700001;-8,6
01.10.2025 12:33:01;0,001273;0,544951;1,461691;1,503163;0,264836;3,242058;53,400002;46,299999
01.10.2025 12:38:02;0,000912;1,149002;0,778168;2,480866;0;4,407671;53,599998;45
01.10.2025 12:43:04;0,010186;0,296849;0,684645;1,487156;0;2,457736;53,299999;19,5
01.10.2025 12:48:06;0;0,030558;0,347052;1,110638;0;1,488611;53,299999;20,9
01.10.2025 12:53:07;0,00657;0,279586;0,327765;1,522026;0;2,122807;53,599998;46,099998
01.10.2025 12:58:08;0,015147;0,435803;1,630794;1,598675;0,069349;3,582784;53;-7,6
01.10.2025 13:03:10;0,015097;0,189896;1,543179;1,351828;0,083307;2,984498;53,5;46,200001
01.10.2025 13:08:11;0,02409;0,470843;1,443187;2,033018;0;3,924419;53,400002;16,9
01.10.2025 13:13:13;0,028375;0,062571;2,0372;0,681007;0,13642;2,616347;53,200001;2,4
01.10.2025 13:18:14;0,056939;0,119718;1,719123;0,409889;0,348935;1,839571;53,299999;26,1
01.10.2025 13:23:16;0,028557;0,146969;0,566778;1,064073;0,006548;1,744716;53,200001;9,1
01.10.2025 13:28:19;0,005257;0,034808;0,480063;0,466647;0;0,976079;53,200001;9,1
01.10.2025 13:33:20;0,061502;0,096358;2,55788;0,110228;1,679339;1,021984;52,299999;-36
01.10.2025 13:38:22;0,14606;0,189169;2,698562;0,087672;1,757449;1,06953;52,799999;13,2
01.10.2025 13:43:23;0,115338;0,130668;1,435158;0,408064;0,539827;1,316899;53;20,6
01.10.2025 13:48:25;0,015461;0,218999;0,360148;1,396573;0,007639;1,954257;53,5;46,299999
01.10.2025 13:53:26;0,002372;0,730719;0,437993;2,445827;0;3,610524;53,700001;46,099998
01.10.2025 13:58:26;0,010437;0,04541;0,374268;1,048828;0;1,458984;53,299999;10,9
01.10.2025 14:03:28;0,003456;0,030558;0,411078;0,671548;0;1,110274;53,299999;14,1
01.10.2025 14:08:31;0,000363;0,039159;0,391592;0,835759;0;1,266147;53,299999;17,9
01.10.2025 14:13:32;0,002007;0,045259;0,363534;1,066513;0;1,473117;53,400002;20,9
01.10.2025 14:18:34;0,000909;0,04802;0,387068;1,159385;0;1,593381;53,400002;22,299999
01.10.2025 14:23:37;0,006708;0,032633;0,562732;1,075065;0;1,66354;53,400002;19,1
01.10.2025 14:28:38;0,008395;0,02701;0,778168;0,935845;0;1,732993;53,400002;16,6
01.10.2025 14:33:40;0,009458;0,045837;1,040427;0,764678;0,113501;1,727255;53;-15,2
01.10.2025 14:38:41;0,01022;0,040149;2,706798;0;0,792038;1,94615;52,799999;-15,5
01.10.2025 14:43:43;0,005093;0,02692;2,782961;0,27102;0,262289;2,812791;53;-9,1
01.10.2025 14:48:44;0,002737;0,048909;1,783362;0,61173;0,461718;1,981189;53,5;40,900002
01.10.2025 14:53:46;0,005275;0,02692;1,279071;1,886956;0;3,186763;53,299999;4,5
01.10.2025 14:58:48;0,005457;0,039289;1,218682;1,220865;0;2,472288;53,700001;41
01.10.2025 15:03:51;0,001269;0,036259;1,324886;2,13055;0;3,489519;53,799999;40,700001
01.10.2025 15:08:52;0,00073;0,035039;1,185501;2,155291;0;3,376927;53,799999;39,099998
01.10.2025 15:13:54;0,001819;0,066937;1,159021;2,303491;0;3,527266;53,900002;45,900002
01.10.2025 15:18:56;0,000909;0,132418;1,193945;2,442093;0;3,767365;53,900002;37
01.10.2025 15:23:59;0,028282;0,026831;2,667176;0,84156;0,251997;3,256014;52,799999;-61,299999
01.10.2025 15:29:01;0,011095;0,039289;2,674552;0,587514;0,23828;3,051434;53,5;8,1
01.10.2025 15:33:59;0,013088;0,039816;3,270092;0,06931;0,605723;2,760591;53,200001;6,7
01.10.2025 15:39:01;0,01346;0,030558;3,191128;0,221182;0,228094;3,199859;52,799999;-37,099998
01.10.2025 15:44:03;0,01346;0,059661;1,794191;0,177891;0,72939;1,289257;53,200001;17,6
01.10.2025 15:49:06;0,003988;0,037709;0,272664;0,928218;0;1,23569;53,5;17,700001
01.10.2025 15:54:07;0,004562;0,034309;0,257686;1,007019;0;1,295;53,599998;20,4
01.10.2025 15:59:09;0,00291;0,035651;0,240099;1,025512;0;1,297987;53,700001;18,1
01.10.2025 16:04:12;0,005983;0,032633;0,313274;0,733147;0,000363;1,073252;53,599998;11,1
01.10.2025 16:09:14;0,004365;0,02692;0,355782;0,531491;0;0,909464;53,599998;9,5
01.10.2025 16:14:15;0,000182;0,03066;0,324115;0,484712;0;0,839487;53,700001;15
01.10.2025 16:19:15;0,006226;0,035156;0,366211;1,355713;0;1,750488;53,900002;25,6
01.10.2025 16:24:18;0,003626;0,038434;0,46846;1,582321;0;2,085589;54,099998;30,200001
01.10.2025 16:29:19;0,00146;0,02628;0,400034;1,621305;0;2,046888;54,099998;28,9
01.10.2025 16:34:20;0,000365;0,02847;0,376674;1,526041;0;1,93009;54;25,200001
01.10.2025 16:39:19;0,007716;0,032334;0,37111;1,369433;0;1,765161;54;22,799999
01.10.2025 16:44:21;0,014915;0,032013;0,685372;0,962577;0;1,664683;53,799999;12,2
01.10.2025 16:49:23;0,01346;0,058933;1,653042;0,353236;0,462008;1,589016;53,700001;10,6
01.10.2025 16:54:25;0,00673;0,02983;0,908009;0,505298;0;1,437681;53,700001;8,6
01.10.2025 16:59:28;0,006889;0,030457;0,863678;0,571434;0;1,457592;53,900002;19
01.10.2025 17:04:29;0,018432;0,040149;0,986215;0,655165;0,247101;1,416178;53,400002;-13
01.10.2025 17:09:31;0,004729;0,045837;0,907282;0,537675;0,192443;1,293622;53,5;-9,3
01.10.2025 17:14:34;0,009246;0,036259;2,216845;0;0,976442;1,267597;53,099998;-18,700001
01.10.2025 17:19:36;0,006184;0,039289;1,518442;0;0,28448;1,265974;53,400002;0
01.10.2025 17:24:37;0,011497;0,02774;1,709633;0;0,493472;1,232221;53,200001;-12,4
01.10.2025 17:29:40;0,006527;0,031907;1,7027;0;0,590651;1,139968;53;-25,799999
01.10.2025 17:34:42;0,000182;0,045109;1,406396;0,218999;0,600246;1,06953;53,5;11,8
01.10.2025 17:39:43;0,001095;0,035039;0,334335;0,702249;0,000365;1,068703;53,700001;11,8
01.10.2025 17:44:45;0,000182;0,026193;0,300487;0,622437;0;0,948753;53,700001;12,4
01.10.2025 17:49:47;0,002728;0,025465;0,238643;0,627167;0;0,889092;53,700001;10,3
01.10.2025 17:54:50;0,001813;0,02248;0,274839;0,546778;0;0,841197;53,700001;10,3
01.10.2025 17:59:52;0;0,030558;0,269929;0,455823;0;0,758129;53,700001;7,7
01.10.2025 18:04:53;0,006022;0,02628;0,375944;0,263526;0,002555;0,65699;53,599998;3,8
01.10.2025 18:09:55;0;0,022555;0,35651;0,153154;0;0,531127;53,599998;1
01.10.2025 18:14:57;0,015279;0,013824;0,384885;0,018917;0,004002;0,400164;53,5;0
01.10.2025 18:20:00;0,057832;0;0,389416;0,000363;0;0,330678;53,5;0
01.10.2025 18:25:01;0,010402;0,0292;0,892776;0;0,672684;0,239436;52,900002;-33,799999
01.10.2025 18:30:01;0,026367;0,054199;2,608154;0;2,471924;0,164063;52,700001;-40,099998
01.10.2025 18:35:03;0,000909;0,043654;1,609388;0;1,534084;0,116411;52,799999;-26,299999
01.10.2025 18:40:06;0,001632;0,044235;1,543887;0;1,510529;0,076868;52,799999;-27,6
01.10.2025 18:45:07;0,007847;0,048909;1,605975;0;1,60853;0,037959;52,700001;-30,799999
01.10.2025 18:50:09;0,000182;0,051658;1,535903;0;1,57592;0,011641;52,799999;-9,3
01.10.2025 18:55:13;0,000361;0,025297;0,431502;0;0,453909;0,002891;52,900002;-8,1
01.10.2025 19:00:13;0,001099;0,024902;0,350098;0;0,373169;0,001465;52,900002;-6,8
01.10.2025 19:05:15;0;0,025465;0,293939;0;0,319404;0;52,900002;-3,9
01.10.2025 19:10:17;0,000364;0,0211;0,202265;0;0,223001;0;52,900002;-4,2
01.10.2025 19:15:20;0,003082;0,027556;0,192895;0;0,217551;0;52,900002;-4,2
01.10.2025 19:20:22;0,002546;0,028375;0,192806;0;0,217908;0;52,900002;-4,1
01.10.2025 19:25:23;0,00803;0,03066;0,277396;0;0,300025;0;52,799999;-6,5
01.10.2025 19:30:25;0,001455;0,025465;0,318676;0;0,342322;0;52,799999;-6,5
01.10.2025 19:35:28;0,003807;0,030457;0,346631;0;0,373825;0;52,700001;-7,5
01.10.2025 19:40:29;0;0,03139;0,375944;0;0,408794;0;52,700001;-8,5
01.10.2025 19:45:31;0,003638;0,022555;0,311401;0;0,329226;0;52,700001;-5,2
01.10.2025 19:50:33;0,001637;0,021827;0,214634;0;0,234642;0;52,700001;-3,9
01.10.2025 19:55:36;0,003263;0,023205;0,189995;0;0,209937;0;52,700001;-3,9
01.10.2025 20:00:38;0,002183;0,022555;0,18262;0;0,202992;0;52,700001;-4,1
01.10.2025 20:05:37;0,009553;0,025721;0,323343;0;0,339878;0;52,599998;-6,5
01.10.2025 20:10:40;0,001088;0,023931;0,313274;0;0,335391;0;52,599998;-6,4
01.10.2025 20:15:42;0,003638;0,030558;0,400164;0;0,427812;0;52,599998;-8,1
01.10.2025 20:20:43;0,004562;0,0292;0,969425;0;0,994244;0;52,099998;-38,400002
01.10.2025 20:25:45;0,03656;0,052385;2,521762;0;2,536314;0;52;-40,700001
01.10.2025 20:30:47;0,002183;0,045837;1,642856;0;1,687602;0;52,099998;-30,9
01.10.2025 20:35:50;0;0,044961;1,519957;0;1,564917;0;52,099998;-30,1
01.10.2025 20:40:51;0;0,043799;1,476037;0;1,520201;0;52,200001;-29,200001
01.10.2025 20:45:53;0,004911;0,047292;1,594837;0;1,637036;0;52,099998;-32,299999
01.10.2025 20:50:55;0;0,048747;1,45296;0;1,501344;0;52,200001;-27,6
01.10.2025 20:55:58;0;0,042785;1,398853;0;1,440913;0;52,200001;-27,1
01.10.2025 21:01:00;0;0,042927;1,395482;0;1,438772;0;52,200001;-27,200001
01.10.2025 21:06:01;0;0,041609;0,853357;0;0,895696;0;52,400002;-4,4
01.10.2025 21:11:04;0,001632;0,016679;0,198697;0;0,213925;0;52,400002;-5
01.10.2025 21:16:06;0,006184;0,026193;0,243736;0;0,263381;0;52,5;-5,2
01.10.2025 21:21:08;0,008367;0,032013;0,256105;0;0,280115;0;52,400002;-7,7
01.10.2025 21:26:09;0;0,02482;0,374484;0;0,398209;0;52,400002;-7,5
01.10.2025 21:31:12;0,001088;0,029007;0,329952;0;0,358959;0;52,400002;-6,4
01.10.2025 21:36:14;0,002546;0,026193;0,310673;0;0,333591;0;52,400002;-6,6
01.10.2025 21:41:15;0,003832;0,02555;0,312435;0;0,335065;0;52,400002;-5,7
01.10.2025 21:46:17;0,001637;0,02983;0,181893;0;0,209541;0;52,5;-4
01.10.2025 21:51:20;0,003626;0,023205;0,183468;0;0,202322;0;52,5;-4
01.10.2025 21:56:22;0,011095;0,018917;0,195717;0;0,204811;0;52,5;-3,8
01.10.2025 22:01:24;0,01055;0,025465;0,282298;0;0,296122;0;52,400002;-8,3
01.10.2025 22:06:26;0,001091;0,02401;0,331045;0;0,354327;0;52,400002;-6,3
01.10.2025 22:11:27;0,001642;0,02701;0,300755;0;0,32667;0;52,400002;-6,7
01.10.2025 22:16:30;0,018492;0,025381;0,449606;0;0,455769;0;52,400002;-13,7
01.10.2025 22:21:31;0,19071;0,0219;3,18859;0;3,019963;0;51,700001;-68,099998
01.10.2025 22:26:34;0,002719;0,062365;2,190014;0;2,248753;0;52;-32,700001
01.10.2025 22:31:35;0,000365;0,045989;1,570205;0;1,61656;0;52,099998;-28,799999
01.10.2025 22:36:38;0,003626;0,045686;1,504003;0;1,545338;0;52;-31
01.10.2025 22:41:39;0,004745;0,048179;1,553416;0;1,596485;0;52;-31,9
01.10.2025 22:46:41;0,004365;0,035651;1,595564;0;1,628669;0;52;-29,700001
01.10.2025 22:51:43;0,005457;0,032741;0,862172;0;0,889456;0;52,299999;-7,2
01.10.2025 22:56:44;0,001095;0,02409;0,315355;0;0,33762;0;52,400002;-5,9
01.10.2025 23:01:46;0;0,02401;0,245192;0;0,269201;0;52,400002;-3,8
01.10.2025 23:06:47;0,000182;0,02044;0,178847;0;0,198557;0;52,400002;-3,8
01.10.2025 23:11:49;0,000182;0,021827;0,175345;0;0,198627;0;52,400002;-3,8
01.10.2025 23:16:52;0;0,023205;0,175491;0;0,197609;0;52,400002;-3,8
01.10.2025 23:21:53;0,00511;0,02774;0,279586;0;0,30258;0;52,400002;-5,9
01.10.2025 23:26:55;0;0,026193;0,279387;0;0,304852;0;52,400002;-5,8
01.10.2025 23:31:58;0;0,021755;0,279916;0;0,302033;0;52,400002;-5,8
01.10.2025 23:37:00;0,000364;0,022555;0,291756;0;0,313947;0;52,400002;-5,9
01.10.2025 23:42:02;0,001455;0,020372;0,194262;0;0,213178;0;52,400002;-3,8
01.10.2025 23:47:03;0,001825;0,01898;0,178847;0;0,196002;0;52,400002;-3,7
01.10.2025 23:52:05;0,006548;0,0211;0,177527;0;0,192079;0;52,5;-3,7
01.10.2025 23:57:07;0,008003;0,029103;0,247374;0;0,26811;0;52,400002;-7,3
02.10.2025 00:02:10;0,000181;0,023205;0,350257;0;0,373825;0;52,400002;-7,4
02.10.2025 00:07:12;0,001819;0,0211;0,351417;0;0,36997;0;52,400002;-7
02.10.2025 00:12:13;0;0,02336;0,343095;0;0,366454;0;52,400002;-7
02.10.2025 00:17:16;0,001813;0,026106;0,420599;0;0,444892;0;52,400002;-6,9
02.10.2025 00:22:18;0;0,024737;0,333228;0;0,35942;0;52,400002;-6,8
02.10.2025 00:27:20;0,000546;0,02692;0,323769;0;0,34887;0;52,400002;-6,5
02.10.2025 00:32:21;0;0,0219;0,297835;0;0,320465;0;52,400002;-5,2
02.10.2025 00:37:24;0,012872;0,027556;0,332853;0;0,346994;0;52,400002;-6,1
02.10.2025 00:42:26;0,001091;0,025465;0,301942;0;0,326316;0;52,400002;-6,1
02.10.2025 00:47:27;0;0,02409;0,295645;0;0,319005;0;52,400002;-6
02.10.2025 00:52:29;0,008913;0,0211;0,299759;0;0,312856;0;52,400002;-5,8
02.10.2025 00:57:32;0,002538;0,018854;0,242207;0;0,258161;0;52,400002;-3,7
02.10.2025 01:02:34;0,006184;0,028375;0,166614;0;0,189169;0;52,400002;-3,7
02.10.2025 01:07:36;0,003638;0,016007;0,183348;0;0,196444;0;52,400002;-3,8
02.10.2025 01:12:37;0,007847;0,01971;0,180307;0;0,191257;0;52,400002;-3,8
02.10.2025 01:17:37;0,009521;0,038818;0,328125;0;0,357788;0;52,299999;-8,4
02.10.2025 01:22:39;0,003638;0,034196;1,213589;0;1,243783;0;51,799999;-39,099998
02.10.2025 01:27:40;0,056939;0,045259;2,692928;0;2,680883;0;51,599998;-44,400002
02.10.2025 01:32:41;0,000547;0,054749;1,673134;0;1,727883;0;51,799999;-30,200001
02.10.2025 01:37:43;0,001637;0,035651;1,445684;0;1,480244;0;51,799999;-27,799999
02.10.2025 01:42:45;0;0,044382;1,431861;0;1,476242;0;51,799999;-28,4
02.10.2025 01:47:45;0,000549;0,049805;1,458984;0;1,50769;0;51,799999;-29,200001
02.10.2025 01:52:47;0,005639;0,053113;1,368562;0;1,416218;0;51,700001;-28,200001
02.10.2025 01:57:49;0;0,044382;1,400575;0;1,444593;0;51,700001;-26,9
02.10.2025 02:02:51;0,004184;0,036379;0,683917;0;0,716658;0;52;-7,2
02.10.2025 02:07:51;0,00293;0,017578;0,300293;0;0,314575;0;52;-5,9
02.10.2025 02:12:53;0,007094;0,02692;0,349962;0;0,369606;0;52;-7
02.10.2025 02:17:56;0;0,02248;0,337204;0;0,359322;0;52;-6,9
02.10.2025 02:22:58;0;0,027648;0,323042;0;0,351053;0;52;-6,7
02.10.2025 02:28:00;0,000364;0,021827;0,304125;0;0,325952;0;52;-5,3
02.10.2025 02:33:01;0,00584;0,02701;0,366454;0;0,386529;0;52;-7,5
02.10.2025 02:38:07;0,000359;0,024414;0,309484;0;0,334257;0;52;-6,1
02.10.2025 02:43:05;0;0,022857;0,287562;0;0,311525;0;52;-6,1
02.10.2025 02:48:08;0,000725;0,024656;0,325601;0;0,348444;0;52;-7
02.10.2025 02:53:10;0,000546;0,019644;0,276477;0;0,29503;0;52;-4,6
02.10.2025 02:58:11;0,000365;0,02117;0,218997;0;0,240531;0;52;-4,5
02.10.2025 03:03:13;0,000364;0,018917;0,199355;0;0,218271;0;52;-3,7
02.10.2025 03:08:16;0,005076;0,02103;0,178392;0;0,193258;0;51,900002;-17,1
02.10.2025 03:13:17;0;0,01825;0,298565;0;0,31791;0;52;-5,9
02.10.2025 03:18:19;0,000182;0,018917;0,288118;0;0,307035;0;51,900002;-5,8
02.10.2025 03:23:21;0,000182;0,018917;0,28448;0;0,303033;0;51,900002;-5,8
02.10.2025 03:28:24;0,003807;0,027556;0,268313;0;0,291518;0;52;-3,4
02.10.2025 03:33:26;0;0,016007;0,167341;0;0,183348;0;52;-3,8
02.10.2025 03:38:27;0;0,01752;0,169357;0;0,186877;0;52;-3,6
02.10.2025 03:43:30;0,014503;0,026106;0,170415;0;0,18238;0;52;-1,1
02.10.2025 03:48:32;0,010004;0,034923;0,228457;0;0,253195;0;51,900002;-6,1
02.10.2025 03:53:34;0,004184;0,028375;0,296122;0;0,321223;0;51,900002;-5,9
02.10.2025 03:58:35;0,003467;0,02263;0,289075;0;0,307325;0;51,799999;-7,3
02.10.2025 04:03:37;0;0,029103;0,342686;0;0,371425;0;51,799999;-7,2
02.10.2025 04:08:40;0,004714;0,033358;0,274114;0;0,303121;0;51,799999;-8,2
02.10.2025 04:13:42;0,008185;0,02692;1,316177;0;1,33473;0;51,200001;-38,799999
02.10.2025 04:18:43;0,067524;0,043799;2,766657;0;2,742932;0;51,099998;-41,599998
02.10.2025 04:23:43;0,006226;0,052734;1,716064;0;1,762207;0;51,200001;-34,599998
02.10.2025 04:28:46;0,000181;0,050037;1,693998;0;1,744759;0;51,099998;-34,299999
02.10.2025 04:33:47;0,00146;0,051829;1,693574;0;1,743943;0;51;-32
02.10.2025 04:38:49;0;0,050202;1,601385;0;1,650132;0;50,900002;-32,099998
02.10.2025 04:43:50;0,001825;0,037229;1,434428;0;1,470927;0;50,900002;-28,200001
02.10.2025 04:48:51;0;0,042339;1,30741;0;1,349019;0;50,900002;-26,1
02.10.2025 04:53:53;0,002546;0,042199;1,046248;0;1,086628;0;51,200001;-4,9
02.10.2025 04:58:55;0,004002;0,016007;0,197899;0;0,209904;0;51,299999;-3,8
02.10.2025 05:03:58;0,006527;0,026831;0,21465;0;0,234593;0;51,200001;-6,4
02.10.2025 05:09:00;0;0,02401;0,296849;0;0,320131;0;51,200001;-6
02.10.2025 05:14:01;0,00219;0,02336;0,310975;0;0,333605;0;51,200001;-7,4
02.10.2025 05:19:03;0,001819;0,019644;0,369606;0;0,38634;0;51,099998;-8,1
02.10.2025 05:24:03;0,000732;0,032227;0,342041;0;0,373901;0;51,099998;-5,7
02.10.2025 05:29:04;0,000182;0,02336;0,273016;0;0,29674;0;51,099998;-4,4
02.10.2025 05:34:06;0,006912;0,029103;1,102271;0;1,123734;0;50,400002;-37,400002
02.10.2025 05:39:07;0,237064;0,01752;2,930904;0;2,712273;0;49,799999;-75,300003
02.10.2025 05:44:10;0,660811;0,000725;4,395982;0;3,735352;0;49,5;-75,300003
02.10.2025 05:49:12;0,059297;0,038561;3,527266;0;3,50653;0;49,200001;-63,099998
02.10.2025 05:54:13;0,673597;0,038689;2,733807;0;2,099082;0;50;-0,4
02.10.2025 05:59:16;2,115684;0;2,132;0;0,015954;0;50,200001;-0,2
02.10.2025 06:04:16;0,299561;0;0,314209;0;0,015381;0;50,299999;-0,4
02.10.2025 06:09:19;0,371831;0;0,390142;0;0,017041;0;50,299999;-0,3
02.10.2025 06:14:20;0,633448;0;0,64823;0;0,01533;0;50,299999;-0,3
02.10.2025 06:19:22;2,976676;0;2,98086;0;0,003638;0;50,400002;0
02.10.2025 06:24:24;3,985272;0;3,984181;0;0;0;50,400002;0
02.10.2025 06:29:27;2,986613;0;2,986976;0;0;0;50,400002;0
02.10.2025 06:34:28;2,294354;0;2,294354;0;0;0;50,400002;0
02.10.2025 06:39:30;2,418265;0;2,41772;0;0;0;50,400002;0
02.10.2025 06:44:33;1,431667;0;1,432211;0;0;0;50,400002;0
02.10.2025 06:49:35;1,379657;0;1,380203;0;0;0;50,400002;0
02.10.2025 06:54:42;1,338757;0;1,3384;0;0;0;50,400002;0
02.10.2025 06:59:42;1,370361;0;1,369629;0;0;0;50,400002;0
02.10.2025 07:04:42;1,561523;0;1,562256;0;0;0;50,400002;0
02.10.2025 07:09:42;1,777222;0;1,776855;0;0;0;50,400002;0
02.10.2025 07:14:42;1,423645;0;1,423828;0;0;0;50,400002;0
02.10.2025 07:19:44;1,281617;0;1,281981;0;0;0;50,400002;0
02.10.2025 07:24:46;1,201584;0;1,20122;0;0;0;50,400002;0
02.10.2025 07:29:49;1,173688;0;1,189279;0;0;0,015954;50,400002;0
02.10.2025 07:34:51;1,159749;0;1,196855;0;0;0,036379;50,400002;0
02.10.2025 07:39:50;1,166792;0;1,240463;0;0;0,074957;50,400002;0
02.10.2025 07:44:52;1,123916;0;1,241237;0;0;0,114956;50,400002;0
02.10.2025 07:49:55;1,058567;0;1,241491;0;0;0,184193;50,400002;0
02.10.2025 07:54:56;0,991507;0;1,229301;0;0;0,237976;50,400002;0
02.10.2025 07:59:58;0,924925;0;1,196855;0;0;0,270657;50,400002;0
02.10.2025 08:05:00;0,94457;0;1,271067;0;0;0,327407;50,400002;0
02.10.2025 08:10:01;0,873979;0;1,28478;0;0;0,410254;50,400002;0
02.10.2025 08:15:03;0,847803;0;1,356193;0;0;0,5093;50,400002;0
02.10.2025 08:20:04;0,60954;0,00073;0,872336;0,263526;0;0,525592;50,900002;9,9
02.10.2025 08:25:07;0,345;0;0,366211;0,543515;0;0,567083;51,200001;11
02.10.2025 08:30:08;0,327765;0;0,350395;0,581801;0;0,602971;51,400002;12,3
02.10.2025 08:35:11;0,176216;0,010152;0,311823;0,530099;0;0,675859;51,5;8,5
02.10.2025 08:40:13;0,000364;0,02401;0,264836;0,538039;0;0,826521;51,700001;10,9
02.10.2025 08:45:14;0;0,02774;0,267906;0,657355;0;0,951905;51,799999;13
02.10.2025 08:50:16;0,002546;0,026193;0,227002;0,873086;0,000728;1,124825;51,799999;-2,1
02.10.2025 08:55:19;0,000725;0,026106;0,329227;0,561644;0;0,915165;51,799999;10,1
02.10.2025 09:00:20;0,002555;0,0219;0,319735;0,493107;0;0,833647;51,799999;8,7
02.10.2025 09:05:20;0;0,029297;0,309814;0,470215;0;0,808594;51,799999;9,5
02.10.2025 09:10:23;0;0,026106;0,293694;0,492391;0;0,812191;51,799999;11,9
02.10.2025 09:15:25;0,000364;0,024737;0,201537;0,677369;0;0,903644;51,900002;15
02.10.2025 09:20:26;0,002555;0,02555;0,254036;0,819777;0;1,096443;52;18
02.10.2025 09:25:28;0;0,027648;0,258288;0,970216;0;1,255788;52;19
02.10.2025 09:30:30;0,008913;0,02983;0,3325;0,974582;0;1,32709;52;21
02.10.2025 09:35:33;0,001269;0,036259;0,361135;1,248743;0;1,646136;52,099998;28,5
02.10.2025 09:40:34;0,002372;0,040149;0,348935;1,698683;0;2,084847;52,299999;33,599998
02.10.2025 09:45:36;0,005639;0,044382;0,370334;1,889867;0;2,296215;52,400002;40,400002
02.10.2025 09:50:38;0,001819;0,027648;0,339048;2,357695;0;2,724027;52,599998;47
02.10.2025 09:55:41;0,000363;0,06454;0,312548;2,46014;0;2,836866;52,799999;46,900002
02.10.2025 10:00:43;0,004002;0,202265;0,365968;2,471924;0;3,035428;52,900002;46,799999
02.10.2025 10:05:45;0,002001;0,229913;0,430722;2,472651;0;3,131467;53;46,599998
02.10.2025 10:10:47;0;0,220454;0,512938;2,469741;0;3,202769;53,099998;46,599998
02.10.2025 10:15:49;0;0,28448;0,502752;2,471924;0;3,258065;53,200001;46,5
02.10.2025 10:20:51;0;0,344869;0,4882;2,473379;0;3,30754;53,299999;46,400002
02.10.2025 10:25:52;0;0,483982;0,420473;2,477946;0;3,382767;53,400002;46,200001
02.10.2025 10:30:53;0;0,546031;0,351125;2,467726;0;3,363787;53,400002;46,299999
02.10.2025 10:35:55;0;0,539858;0,371061;2,470832;0;3,381752;53,400002;46,299999
02.10.2025 10:40:56;0,00511;0,514642;0,356234;2,361148;0;3,22655;53,5;46,200001
02.10.2025 10:45:58;0,01637;0,27575;0,355782;1,93243;0;2,547955;53,299999;32
02.10.2025 10:51:00;0,001273;0,303397;0,4882;2,437728;0;3,228962;53,5;46,200001
02.10.2025 10:56:03;0;0,442354;0,485864;2,468479;0;3,395247;53,5;46,200001
02.10.2025 11:01:05;0;0,467828;0,470011;2,47156;0;3,410855;53,5;46,200001
02.10.2025 11:06:06;0,00876;0,556981;0,389814;2,330854;0;3,267429;53,5;46,200001
02.10.2025 11:11:09;0,018673;0,772306;0,295869;2,216845;0;3,266166;53,299999;25
02.10.2025 11:16:11;0,006184;0,531855;0,275022;1,862947;0;2,662911;53,5;46,200001
02.10.2025 11:21:12;0,004015;0,565011;0,265716;1,730073;0;2,55788;53,5;46,200001
02.10.2025 11:26:14;0,015643;0,389978;0,322314;1,529719;0;2,226368;53,200001;22,9
02.10.2025 11:31:16;0,007821;0,630077;0,403802;2,236918;0;3,26243;53,200001;10,4
02.10.2025 11:36:19;0,013597;0,375638;0,416248;1,872027;0;2,651222;53,5;46,200001
02.10.2025 11:41:20;0,014965;0,295645;0,405144;1,348289;0;2,033748;53,5;46,200001
02.10.2025 11:46:22;0,010004;0,112774;0,303397;1,082626;0;1,488611;53,299999;20,299999
02.10.2025 11:51:25;0;0,029007;0,266863;0,93837;0;1,23424;53,200001;16,299999
02.10.2025 11:56:26;0,011497;0,078839;0,275206;1,156302;0;1,499397;53,5;40,200001
02.10.2025 12:01:28;0,019463;0,283025;0,395071;1,589016;0;2,24674;53,5;46,200001
02.10.2025 12:06:30;0,011277;0,363786;0,462735;1,656316;0;2,470832;53,400002;22,200001
02.10.2025 12:11:33;0,01124;0,075418;0,441629;1,553677;0;2,060934;53,400002;27
02.10.2025 12:16:33;0,044312;0,235107;1,912354;1,033447;0,065186;3,070313;53,5;46,200001
02.10.2025 12:21:34;0,039602;0,089059;2,216975;1,736643;0;4,003257;53,599998;43,5
02.10.2025 12:26:37;0,009427;0,083395;1,266147;2,348826;0;3,689666;53,700001;46,099998
02.10.2025 12:31:38;0,035404;0,104388;1,24974;2,25749;0;3,575484;53,599998;46
02.10.2025 12:36:41;0,014503;0,076143;1,123289;0,726983;0,001088;1,911549;53,299999;19,700001
02.10.2025 12:41:42;0,01533;0,269366;0,437993;1,30449;0,00073;1,995789;53,400002;17,700001
02.10.2025 12:46:44;0,018735;0,280843;0,45546;1,547544;0;2,265657;53,700001;46
02.10.2025 12:51:46;0,004729;0,972763;0,496931;2,432999;0;3,898328;53,700001;25,700001
02.10.2025 12:56:48;0,017462;0,403075;0,438726;2,015373;0;2,838984;53,799999;45,599998
02.10.2025 13:01:49;0,007117;0,65188;0,356964;2,20785;0;3,20903;53,900002;45,799999
02.10.2025 13:06:50;0;0,870146;0,321925;2,479771;0;3,671843;54;45,900002
02.10.2025 13:11:52;0,020918;0,635897;0,350689;2,11505;0;3,080537;53,900002;20,799999
02.10.2025 13:16:55;0,020123;0,301671;0,320525;1,538449;0;2,140702;53,900002;41,400002
02.10.2025 13:21:56;0,034127;0,324845;0,446753;1,653424;0;2,389983;54;45,799999
02.10.2025 13:26:58;0,042927;0,397982;0,392161;1,813472;0;2,559596;54;23,200001
02.10.2025 13:32:00;0,011095;0,168797;0,366696;1,037153;0;1,562823;53,900002;16,5
02.10.2025 13:37:03;0,021393;0,031907;1,557666;0,201235;0,319075;1,451791;53,400002;-12,6
02.10.2025 13:42:05;0,002546;0,044382;3,301719;0,000364;2,449733;0,892003;52,599998;-57,900002
02.10.2025 13:47:06;0,058582;0,110958;4,358032;0,383609;2,363338;2,430862;53,299999;24,799999
02.10.2025 13:52:08;0,03747;0,136783;1,767271;0,997864;0,188805;2,676008;53,5;24,6
02.10.2025 13:57:08;0,031494;0,047607;2,403076;0,888428;0,044312;3,262207;53,400002;-18,6
02.10.2025 14:02:11;0,01958;0,077593;2,302415;1,02249;0,182018;3,200901;54;39,5
02.10.2025 14:07:12;0,025185;0,066429;1,2585;1,685544;0,042339;2,943314;54;36,299999
02.10.2025 14:12:14;0,000909;0,035651;1,336549;2,002276;0,000364;3,374476;54,099998;37,900002
02.10.2025 14:17:16;0,004184;0,038561;1,330001;1,962988;0;3,326456;54,200001;38,799999
02.10.2025 14:22:19;0,013416;0,155912;1,308932;1,942006;0;3,393796;53,900002;3,8
02.10.2025 14:27:20;0,009125;0,045259;1,981189;0,716849;0,30258;2,432322;53,900002;21,6
02.10.2025 14:32:20;0,017944;0,044678;1,981201;0,689941;0,3479;2,349609;53,299999;-22,9
02.10.2025 14:37:23;0,001994;0,245108;0,614944;2,08704;0,118203;2,826713;54,200001;45,599998
02.10.2025 14:42:25;0,025647;0,125142;0,79087;1,431133;0,222637;2,098316;53,5;-14,2
02.10.2025 14:47:26;0,021352;0,092709;0,546761;0,854817;0,067524;1,405958;53,700001;5,6
02.10.2025 14:52:28;0,005639;0,040744;0,453277;1,078261;0;1,567189;54,099998;39,599998
02.10.2025 14:57:29;0,00146;0,200017;0,453323;2,401662;0;3,052812;54,299999;45,599998
02.10.2025 15:02:30;0,035769;0,189067;0,865036;1,495747;0,00803;2,506781;54;12,2
02.10.2025 15:07:32;0,000182;0,526034;0,354327;1,989908;0;2,869542;54,299999;45,599998
02.10.2025 15:12:34;0,022009;0,376882;0,354327;1,926609;0;2,636719;54;23,4
02.10.2025 15:17:37;0,010334;0,324876;0,432201;2,060208;0;2,806409;54,200001;29,799999
02.10.2025 15:22:38;0,009307;0,045989;0,467193;1,659994;0;2,162226;54,200001;32,599998
02.10.2025 15:27:40;0,007458;0,036379;0,414716;1,647222;0;2,09104;54;26,799999
02.10.2025 15:32:42;0,006366;0,049475;0,338321;1,085537;0;1,468239;53,799999;11,4
02.10.2025 15:37:45;0,003445;0,050037;0,245833;0,485864;0;0,777382;53,700001;8
02.10.2025 15:42:46;0,014965;0,03066;0,341635;0,347475;0,006205;0,699329;53,599998;1,4
02.10.2025 15:47:48;0,003638;0,037106;0,349234;0,27575;0,000364;0,657725;53,700001;8,2
02.10.2025 15:52:51;0,010878;0,037709;0,427125;0,219727;0,006889;0,665706;53,599998;4,7
02.10.2025 15:57:53;0,000364;0,033468;0,43145;0,317221;0;0,782867;53,700001;7,4
02.10.2025 16:02:54;0,000912;0,045259;0,378864;0,481062;0;0,906646;53,799999;10
02.10.2025 16:07:56;0,001819;0,026193;0,395071;0,571144;0;0,989497;53,799999;10,3
02.10.2025 16:12:59;0,003807;0,024656;0,414797;0,493841;0;0,928218;53,799999;11,7
02.10.2025 16:18:00;0,001277;0,02555;0,262796;0,601511;0;0,889126;53,799999;10,6
02.10.2025 16:23:02;0,000909;0,027648;0,263381;0,560958;0;0,849803;53,799999;10,3
02.10.2025 16:28:04;0,005093;0,02692;1,354738;0,075667;0,603884;0,848348;53,200001;-14,1
02.10.2025 16:33:07;0,01124;0,051487;2,332872;0;1,498564;0,877456;53;-8,4
02.10.2025 16:38:09;0,026556;0,029103;1,619574;0;0,739576;0,881817;52,599998;-72,199997
02.10.2025 16:43:08;0,003491;0,041153;1,685795;0;0,834079;0,887725;53;-10,9
02.10.2025 16:48:10;0,001091;0,032741;1,415854;0;0,548225;0,899278;53,099998;-10,2
02.10.2025 16:53:13;0,000181;0,036259;0,546778;0,401744;0,121466;0,862953;53,5;9,8
02.10.2025 16:58:15;0;0,031286;0,227002;0,494021;0;0,753764;53,599998;9,1
02.10.2025 17:03:16;0;0,02847;0,198557;0,411714;0;0,63801;53,599998;5,7
02.10.2025 17:08:18;0,030194;0,041472;0,307763;0,256833;0,061844;0,513665;53,200001;-28,4
02.10.2025 17:13:21;0,172953;0,06454;1,986966;0,055838;1,409368;0,525023;53,200001;2
02.10.2025 17:18:22;0,006387;0,02993;0,778168;0,00949;0,255496;0,556251;53,200001;2,7
02.10.2025 17:23:24;0,008913;0,017462;0,873813;0,277205;0;1,158294;53,400002;8,1
02.10.2025 17:28:27;0,00417;0,028282;0,849174;0,369837;0;1,244392;53,599998;6,7
02.10.2025 17:33:28;0,007117;0,02701;0,931465;0,319735;0,054019;1,216161;53,299999;-20,200001
02.10.2025 17:38:30;0,012732;0,036379;2,84917;0;1,687238;1,185941;52,599998;-47,599998
02.10.2025 17:43:33;0,002176;0,039159;2,775951;0;1,560929;1,253094;52,900002;-18,799999
02.10.2025 17:48:35;0,014915;0,045837;1,695969;0;0,46892;1,257243;53;-7,4
02.10.2025 17:53:37;0,004184;0,021827;1,642129;0;0,524943;1,133556;53;-10
02.10.2025 17:58:38;0,002737;0,02555;1,567285;0;0,622315;0,967965;53;-11,9
02.10.2025 18:03:40;0,011823;0,0211;1,494432;0;0,72648;0,778501;53;-12,3
02.10.2025 18:08:42;0,063481;0,07785;1,506073;0,058933;0,975309;0,602429;53,200001;3,5
02.10.2025 18:13:45;0,017948;0,042785;0,909363;0,131981;0,600078;0,46701;53,099998;3,3
02.10.2025 18:18:47;0,001273;0,02983;0,202992;0,129508;0;0,362331;53,200001;1,8
02.10.2025 18:23:46;0;0,060994;0,17343;0,021311;0;0,254266;53,200001;0
02.10.2025 18:28:48;0,007821;0,035651;0,30558;0;0,151335;0,180438;53,099998;-4,6
02.10.2025 18:33:50;0,001273;0,026193;0,360875;0;0,256105;0,129508;53,099998;-5,3
02.10.2025 18:38:53;0;0,025381;0,359684;0;0,302033;0,08557;53,099998;-6,1
02.10.2025 18:43:54;0,000182;0,02628;0,363534;0;0,348205;0,040879;53,099998;-6,9
02.10.2025 18:48:56;0;0,025465;0,277932;0;0,291392;0,011641;53,099998;-5,4
02.10.2025 18:53:58;0;0,027648;0,283753;0;0,310309;0,001455;53,099998;-6
02.10.2025 18:59:01;0,000544;0,021755;0,323426;0;0,344456;0;53,099998;-6,6
02.10.2025 19:04:02;0,004927;0,02847;0,304405;0;0,3274;0;53,099998;-7,3
02.10.2025 19:09:04;0;0,026193;0,35651;0;0,383066;0;53,099998;-7,2
02.10.2025 19:14:07;0,000181;0,025381;0,351708;0;0,376726;0;53,099998;-6,9
02.10.2025 19:19:08;0,000365;0,02555;0,344555;0;0,369739;0;53;-6,9
02.10.2025 19:24:09;0;0,02336;0,302215;0;0,32594;0;53,099998;-6,2
02.10.2025 19:29:10;0,003102;0,035039;1,197181;0;1,227841;0;52,599998;-34,700001
02.10.2025 19:34:12;0,042017;0,058206;2,638174;0;2,655636;0;52,599998;-40,599998
02.10.2025 19:39:13;0,000912;0,048179;1,808182;0;1,855631;0;52,700001;-35,700001
02.10.2025 19:44:14;0,005475;0,048179;1,791392;0;1,834461;0;52,700001;-33,400002
02.10.2025 19:49:16;0,000364;0,042927;1,713431;0;1,754538;0;52,700001;-33,700001
02.10.2025 19:54:19;0;0,046411;1,714302;0;1,761076;0;52,700001;-32,400002
02.10.2025 19:59:21;0,000728;0,040016;1,575192;0;1,614845;0;52,700001;-30,799999
02.10.2025 20:04:23;0,000909;0,052385;1,492977;0;1,543907;0;52,700001;-27,5
02.10.2025 20:09:24;0;0,050369;1,450487;0;1,501587;0;52,599998;-29,200001
02.10.2025 20:14:26;0,002365;0,056023;1,502435;0;1,55482;0;52,599998;-29,6
02.10.2025 20:19:28;0;0,039289;0,65918;0;0,699924;0;52,799999;-7,9
02.10.2025 20:24:28;0,007507;0,030029;0,49585;0;0,517456;0;52,799999;-9,8
02.10.2025 20:29:29;0,001642;0,035039;0,504422;0;0,538002;0;52,799999;-9,6
02.10.2025 20:34:31;0,008913;0,040744;0,439453;0;0,471466;0;52,799999;-8,8
02.10.2025 20:39:33;0,004365;0,022555;0,451822;0;0,470011;0;52,799999;-8,8
02.10.2025 20:44:36;0,004351;0,021755;0,358234;0;0,375276;0;52,799999;-6,6
02.10.2025 20:49:38;0,001273;0,030558;0,319404;0;0,34887;0;52,799999;-6,9
02.10.2025 20:54:39;0,00146;0,02482;0,327765;0;0,35149;0;52,700001;-6,7
02.10.2025 20:59:42;0,008339;0,033358;0,4264;0;0,451056;0;52,700001;-9,9
02.10.2025 21:04:44;0,000364;0,028375;0,498386;0;0,526762;0;52,599998;-9,7
02.10.2025 21:09:45;0,000547;0,02628;0,493472;0;0,517927;0;52,599998;-9,8
02.10.2025 21:14:47;0,001637;0,023282;0,464191;0;0,486381;0;52,599998;-8,8
02.10.2025 21:19:47;0,000366;0,024902;0,403564;0;0,429199;0;52,599998;-6,4
02.10.2025 21:24:49;0,038925;0,057478;0,573326;0;0,590788;0;52,5;-6,6
02.10.2025 21:29:51;0,123323;0,112046;1,426768;0;1,41549;0;52,099998;-40,200001
02.10.2025 21:34:53;0,162067;0,064754;3,036155;0;2,939388;0;52;-46,200001
02.10.2025 21:39:56;0,114214;0,113852;2,248028;0;2,24694;0;51,900002;-71,900002
02.10.2025 21:44:57;0,069531;0,113148;2,032288;0;2,077183;0;52,099998;-35,099998
02.10.2025 21:49:59;0,051294;0,093857;1,890958;0;1,932793;0;52,099998;-34,599998
02.10.2025 21:55:00;0,105118;0,129938;2,051998;0;2,077183;0;52;-33,799999
02.10.2025 22:00:02;0,0653;0,099677;1,791281;0;1,825477;0;52,099998;-27,9
02.10.2025 22:05:04;0,079851;0,120777;1,698152;0;1,738168;0;52;-29,6
02.10.2025 22:10:05;0,047084;0,089059;1,670214;0;1,712553;0;52,099998;-29,700001
02.10.2025 22:15:08;0,09536;0,128355;1,912274;0;1,945994;0;52;-29,5
02.10.2025 22:20:10;0,073848;0,104043;1,036789;0;1,065528;0;52,299999;-9,7
02.10.2025 22:25:12;0,000182;0,02401;0,500569;0;0,524215;0;52,299999;-10,2
02.10.2025 22:30:13;0,000182;0,02482;0,502962;0;0,527782;0;52,299999;-9,7
02.10.2025 22:35:15;0;0,02401;0,480197;0;0,504935;0;52,400002;-9,7
02.10.2025 22:40:16;0,000182;0,02701;0,332145;0;0,359154;0;52,400002;-6,1
02.10.2025 22:45:17;0,00073;0,03139;0,302215;0;0,33178;0;52,400002;-6,1
02.10.2025 22:50:19;0,000182;0,022555;0,310673;0;0,333591;0;52,400002;-6,3
02.10.2025 22:55:21;0,009822;0,02983;0,355055;0;0,375063;0;52,400002;-8,5
02.10.2025 23:00:21;0,00238;0,029297;0,416016;0;0,443115;0;52,400002;-7,6
02.10.2025 23:05:23;0,00382;0,032741;0,472194;0;0,500933;0;52,400002;-8,4
02.10.2025 23:10:25;0,001273;0,026193;0,419809;0;0,444546;0;52,400002;-8,5
02.10.2025 23:15:27;0,001091;0,028375;0,349234;0;0,376518;0;52,400002;-6,2
02.10.2025 23:20:30;0,002719;0,023931;0,307472;0;0,328865;0;52,400002;-6,7
02.10.2025 23:25:31;0,024455;0,052559;1,176012;0;1,203386;0;52,299999;-9,6
02.10.2025 23:30:33;0,000364;0,030558;0,544951;0;0,575873;0;52,299999;-11,5
02.10.2025 23:35:35;0,007276;0,038561;0,681734;0;0,713748;0;52,299999;-13,4
02.10.2025 23:40:38;0,000725;0,030457;0,655554;0;0,684923;0;52,299999;-11,7
02.10.2025 23:45:39;0,00073;0,050369;0,543112;0;0,592021;0;52,299999;-11,6
02.10.2025 23:50:41;0,002001;0,02983;0,464191;0;0,492566;0;52,299999;-8,4
02.10.2025 23:55:43;0,000546;0,023282;0,357965;0;0,38052;0;52,400002;-6,4
03.10.2025 00:00:46;0;0,02248;0,303846;0;0,326689;0;52,400002;-6,3
03.10.2025 00:05:46;0,001099;0,032227;0,25708;0;0,287842;0;52,400002;-5,2
03.10.2025 00:10:47;0,011132;0,02044;0,300755;0;0,30915;0;52,400002;-6,6
03.10.2025 00:15:49;0,000182;0,028375;0,370334;0;0,399073;0;52,400002;-7,5
03.10.2025 00:20:52;0;0,026831;0,364761;0;0,391229;0;52,400002;-7,4
03.10.2025 00:25:53;0;0,02482;0,347475;0;0,372659;0;52,400002;-6
03.10.2025 00:30:55;0;0,024737;0,280115;0;0,304489;0;52,400002;-3,7
03.10.2025 00:35:57;0,000182;0,023282;0,168797;0;0,192443;0;52,400002;-3,7
03.10.2025 00:40:59;0;0,021827;0,170252;0;0,192079;0;52,400002;-3,7
03.10.2025 00:46:01;0,00291;0,019644;0,17389;0;0,190987;0;52,400002;-3,7
03.10.2025 00:51:03;0,015825;0,02983;0,272112;0;0,285572;0;52,400002;-7,3
03.10.2025 00:56:06;0;0,023205;0,345906;0;0,368749;0;52,400002;-6,8
03.10.2025 01:01:08;0;0,024737;0,337593;0;0,363058;0;52,299999;-6,8
03.10.2025 01:06:09;0,000182;0,02555;0,331415;0;0,356234;0;52,400002;-5,8
03.10.2025 01:11:11;0;0,022555;0,204448;0;0,227002;0;52,400002;-3,7
03.10.2025 01:16:14;0,000363;0,020305;0,168965;0;0,188907;0;52,400002;-3,6
03.10.2025 01:21:16;0,005457;0,024737;0,180438;0;0,200082;0;52,400002;-5,4
03.10.2025 01:26:17;0,005292;0,02336;0,291265;0;0,308785;0;52,299999;-7,9
03.10.2025 01:31:20;0,000181;0,021755;0,38144;0;0,403557;0;52,299999;-7,7
03.10.2025 01:36:22;0,001455;0,025465;0,369606;0;0,39398;0;52,299999;-7,5
03.10.2025 01:41:23;0,002372;0,02555;0,368644;0;0,391274;0;52,299999;-7,1
03.10.2025 01:46:25;0,005639;0,027648;0,307763;0;0,329954;0;52,400002;-6,7
03.10.2025 01:51:27;0,003638;0,025465;0,202265;0;0,224092;0;52,400002;-4,5
03.10.2025 01:56:30;0,015229;0,025381;0,174041;0;0,184193;0;52,400002;-2
03.10.2025 02:01:32;0,002365;0,022555;0,167341;0;0,187713;0;52,400002;-3,7
03.10.2025 02:06:33;0,010037;0,02628;0,246736;0;0,262796;0;52,299999;-7,4
03.10.2025 02:11:34;0,000547;0,02628;0,346745;0;0,371564;0;52,299999;-6,9
03.10.2025 02:16:35;0,001825;0,02555;0,333605;0;0,358424;0;52,299999;-6,8
03.10.2025 02:21:37;0,005275;0,023282;0,344869;0;0,362331;0;52,299999;-6,9
03.10.2025 02:26:39;0,005457;0,030558;0,292484;0;0,318312;0;52,299999;-4,7
03.10.2025 02:31:41;0,003274;0,028375;0,212451;0;0,237552;0;52,299999;-5
03.10.2025 02:36:43;0,000546;0,022555;0,223364;0;0,244464;0;52,400002;-4,7
03.10.2025 02:41:43;0,01355;0,024902;0,186768;0;0,198853;0;52,400002;-3,7
03.10.2025 02:46:45;0,009458;0,02983;0,259743;0;0,280115;0;52,400002;-5,8
03.10.2025 02:51:48;0;0,023205;0,290068;0;0,312548;0;52,299999;-5,8
03.10.2025 02:56:49;0,006752;0,01898;0,341635;0;0,354774;0;52,299999;-7,1
03.10.2025 03:01:49;0,000183;0,023438;0,344238;0;0,366211;0;52,299999;-7
03.10.2025 03:06:51;0,000182;0,023282;0,238643;0;0,262289;0;52,299999;-4,2
03.10.2025 03:11:54;0,000181;0,021755;0,224803;0;0,246558;0;52,299999;-5
03.10.2025 03:16:55;0,002737;0,02044;0,240896;0;0,258051;0;52,299999;-6,1
03.10.2025 03:21:58;0,009971;0,033358;0,436552;0;0,459758;0;52,200001;-9,7
03.10.2025 03:26:59;0,001095;0,02409;0,487632;0;0,510992;0;52,200001;-9,5
03.10.2025 03:31:59;0;0,021973;0,479736;0;0,500977;0;52,200001;-9,5
03.10.2025 03:36:59;0,001099;0,019775;0,435059;0;0,454468;0;52,200001;-8,8
03.10.2025 03:42:01;0,000182;0,02401;0,38052;0;0,403802;0;52,200001;-6,9
03.10.2025 03:47:04;0;0,026106;0,240031;0;0,2665;0;52,299999;-4,6
03.10.2025 03:52:05;0,005475;0,01752;0,239436;0;0,251481;0;52,299999;-4,9
03.10.2025 03:57:07;0,000182;0,0211;0,228457;0;0,249193;0;52,299999;-4,9
03.10.2025 04:02:07;0,005676;0,0271;0,281982;0;0,303589;0;52,200001;-7,5
03.10.2025 04:07:09;0,001273;0,032013;0,352145;0;0,384158;0;52,200001;-7,4
03.10.2025 04:12:11;0,004002;0,030558;0,348507;0;0,374335;0;52,200001;-7,2
03.10.2025 04:17:13;0,001091;0,030558;0,342686;0;0,372153;0;52,200001;-7,9
03.10.2025 04:22:16;0,007796;0,027556;0,303846;0;0,323063;0;52,299999;-5,5
03.10.2025 04:27:17;0,00365;0,02336;0,290535;0;0,30988;0;52,200001;-6,1
03.10.2025 04:32:19;0,000182;0,02692;0,287391;0;0,314675;0;52,200001;-6,1
03.10.2025 04:37:22;0;0,023205;0,292969;0;0,316537;0;52,200001;-5,7
03.10.2025 04:42:24;0,00964;0,023282;0,403802;0;0,417626;0;52,099998;-8,5
03.10.2025 04:47:25;0,006935;0,066429;1,718393;0;1,777522;0;51,599998;-38,900002
03.10.2025 04:52:27;0,039653;0,043654;2,649815;0;2,653453;0;51,5;-32,900002
03.10.2025 04:57:29;0,008003;0,034923;1,359103;0;1,386387;0;51,599998;-24,1
03.10.2025 05:02:32;0,004532;0,025381;1,198706;0;1,218648;0;51,599998;-24
03.10.2025 05:07:31;0,0079;0,024986;1,222826;0;1,240096;0;51,599998;-23,4
03.10.2025 05:12:33;0,001091;0,051658;1,177211;0;1,229232;0;51,700001;-4,5
03.10.2025 05:17:35;0,018007;0,026193;0,40744;0;0,414716;0;51,799999;-9,2
03.10.2025 05:22:38;0,003988;0,026106;0,448155;0;0,46991;0;51,799999;-8,2
03.10.2025 05:27:40;0,001455;0,040016;0,413261;0;0,453641;0;51,799999;-9,7
03.10.2025 05:32:41;0,008395;0,02847;0,861387;0;0,879271;0;51,299999;-42,099998
03.10.2025 05:37:43;0,010914;0,052385;2,156522;0;2,197993;0;50,799999;-74,599998
03.10.2025 05:42:45;0,474377;0;4,270844;0;3,796468;0;50,700001;-75
03.10.2025 05:47:47;0,038016;0,042927;3,453054;0;3,459238;0;50,700001;-58,200001
03.10.2025 05:52:49;0,003092;0,058933;2,619257;0;2,674916;0;50,700001;-47,200001
03.10.2025 05:57:51;0,026556;0,053113;2,304946;0;2,330047;0;50,299999;-75,300003
03.10.2025 06:02:54;0,098261;0,052212;2,925336;0;2,880376;0;50,299999;-49,5
03.10.2025 06:07:55;0,00073;0,048179;2,594379;0;2,643289;0;49,799999;-75,300003
03.10.2025 06:12:57;0,425265;0,000728;4,164619;0;3,738626;0;49,599998;-75,400002
03.10.2025 06:17:59;0,414352;0;4,134061;0;3,719345;0;49,200001;-75,400002
03.10.2025 06:23:01;1,533721;0;3,726621;0;2,193992;0;50,400002;-0,4
03.10.2025 06:28:01;3,347534;0;3,366211;0;0,017944;0;50,700001;-0,4
03.10.2025 06:33:03;3,012873;0;3,028152;0;0,014551;0;50,799999;-0,2
03.10.2025 06:38:05;2,710931;0;2,728393;0;0,019281;0;50,799999;-0,4
03.10.2025 06:43:07;2,151065;0;2,171073;0;0,020008;0;50,799999;-0,3
03.10.2025 06:48:11;1,656803;0;1,672524;0;0,015178;0;50,900002;-0,3
03.10.2025 06:53:11;1,458435;0;1,475098;0;0,015381;0;50,900002;-0,3
03.10.2025 06:58:13;1,296896;0;1,308173;0;0,011277;0;50,900002;0
03.10.2025 07:03:16;1,305125;0;1,305306;0;0,000363;0;50,900002;0
03.10.2025 07:08:18;1,312357;0;1,312539;0;0;0;50,900002;0
03.10.2025 07:13:19;1,477679;0;1,477497;0;0;0;50,900002;0
03.10.2025 07:18:21;1,587379;0;1,587561;0;0;0;50,900002;0
03.10.2025 07:23:24;1,409006;0;1,409731;0;0;0;50,900002;0
03.10.2025 07:28:25;0,426861;0;0,436533;0;0;0,01168;50,900002;0
03.10.2025 07:33:27;0,310855;0;0,347779;0;0;0,036379;50,900002;0
03.10.2025 07:38:30;0,114396;0;0,198697;0;0;0,08557;50,900002;0
03.10.2025 07:43:31;0,075554;0;0,200017;0;0;0,122638;50,900002;0
03.10.2025 07:48:33;0,046383;0;0,202265;0,012369;0;0,170252;51;3,5
03.10.2025 07:53:35;0,316857;0;0,336138;0,219727;0;0,237188;51,099998;5,3
03.10.2025 07:58:38;0,349351;0;0,369837;0,303121;0;0,324876;51,299999;6,6
03.10.2025 08:03:39;0,34638;0;0,367914;0,337255;0;0,357694;51,400002;6,7
03.10.2025 08:08:41;0,383612;0;0,40453;0,336138;0;0,35651;51,5;6,5
03.10.2025 08:13:43;0,23737;0,039289;0,344869;0,226275;0;0,373972;51,400002;0
03.10.2025 08:18:45;0;0,113501;0,279387;0,011641;0;0,40453;51,400002;1,5
03.10.2025 08:23:46;0,002007;0,02993;0,315355;0,091249;0;0,436533;51,400002;3,3
03.10.2025 08:28:48;0,007458;0,035651;0,288118;0,154245;0,004729;0,464191;51,400002;0
03.10.2025 08:33:49;0;0,105118;0,385434;0;0,000365;0,490552;51,299999;0
03.10.2025 08:38:51;0,002001;0,055295;0,363786;0,10186;0;0,518031;51,400002;3,4
03.10.2025 08:43:54;0,000725;0,01958;0,346631;0,183468;0;0,549679;51,5;3,9
03.10.2025 08:48:55;0;0,02263;0,308055;0,251116;0;0,582531;51,599998;6,1
03.10.2025 08:53:57;0,002365;0,019644;0,25465;0,339048;0;0,609705;51,599998;6,9
03.10.2025 08:59:00;0;0,01958;0,242207;0,378539;0;0,64105;51,700001;7,6
03.10.2025 09:04:01;0;0,02482;0,218997;0,430693;0;0,674509;51,799999;8,9
03.10.2025 09:09:03;0,00964;0,032013;0,366696;0,324497;0,003638;0,707199;51,700001;5,9
03.10.2025 09:14:06;0,000725;0,02103;0,398844;0,348807;0;0,770131;51,799999;9,2
03.10.2025 09:19:08;0,003092;0,017462;0,421991;0,478014;0;0,91383;51,799999;11,1
03.10.2025 09:24:10;0;0,023282;0,385613;0,759585;0;1,16848;51,900002;16,200001
03.10.2025 09:29:11;0,00949;0,042339;1,741753;0,114608;0,62925;1,25996;51,5;20,4
03.10.2025 09:34:11;0,009888;0,04248;0,449707;1,081055;0,075073;1,489746;52;26,799999
03.10.2025 09:39:14;0,012872;0,034083;0,759978;0,897036;0,006889;1,672242;51,900002;9,2
03.10.2025 09:44:15;0,015147;0,048909;0,892046;0,848247;0,02482;1,747593;51,900002;8,7
03.10.2025 09:49:17;0,014006;0,05384;1,085537;1,357648;0;2,483929;52,200001;27,5
03.10.2025 09:54:19;0,006184;0,041472;1,153928;1,682873;0;2,870997;52,299999;46,599998
03.10.2025 09:59:20;0,000182;0,137238;0,455513;2,467361;0;3,060112;52,5;47,200001
03.10.2025 10:04:21;0;0,294185;0,424853;2,479771;0;3,19881;52,599998;47,099998
03.10.2025 10:09:23;0;0,35942;0,323042;2,47156;0;3,153294;52,799999;46,900002
03.10.2025 10:14:25;0;0,48238;0,312856;2,47447;0;3,271161;52,900002;46,900002
03.10.2025 10:19:28;0;0,598265;0,313274;2,469204;0;3,380743;53;46,700001
03.10.2025 10:24:29;0,001277;0,580341;0,381054;2,477581;0;3,436786;53,099998;46,599998
03.10.2025 10:29:31;0;0,484563;0,483107;2,470105;0;3,438502;53,200001;46,5
03.10.2025 10:34:34;0;0,443079;0,497467;2,470655;0;3,4112;53,299999;46,5
03.10.2025 10:39:36;0;0,403802;0,503479;2,473015;0;3,378842;53,299999;46,299999
03.10.2025 10:44:37;0;0,478143;0,426313;2,476851;0;3,382767;53,400002;46,299999
03.10.2025 10:49:38;0;0,537272;0,357694;2,479771;0;3,372547;53,400002;46,299999
03.10.2025 10:54:40;0;0,540586;0,333228;2,467922;0;3,343918;53,5;46,200001
03.10.2025 10:59:43;0,002538;0,522848;0,352433;2,466304;0;3,338683;53,5;46,299999
03.10.2025 11:04:44;0,002007;0,274476;0,63217;2,477581;0;3,379847;53,400002;46,299999
03.10.2025 11:09:46;0;0,360148;0,534037;2,472288;0;3,3672;53,5;46,200001
03.10.2025 11:14:48;0,000364;0,309945;0,579147;2,467195;0;3,35847;53,5;46,200001
03.10.2025 11:19:51;0;0,269038;0,571434;2,469204;0;3,309677;53,5;46,200001
03.10.2025 11:24:52;0;0,322655;0,524132;2,476851;0;3,322908;53,5;46,200001
03.10.2025 11:29:54;0;0,38634;0,45837;2,46865;0;3,311905;53,5;46,200001
03.10.2025 11:34:56;0,01055;0,304125;0,595153;2,414809;0;3,304629;53,5;46,200001
03.10.2025 11:39:56;0,002563;0,252686;0,591797;2,472656;0;3,314941;53,5;46,200001
03.10.2025 11:44:58;0,004547;0,113501;0,915285;2,224913;0;3,247879;53,5;46,200001
03.10.2025 11:49:58;0,008972;0,147217;1,293457;1,85376;0;3,287109;53,299999;22,5
03.10.2025 11:55:00;0;0,247374;0,592243;2,446095;0;3,284257;53,5;46,099998
03.10.2025 12:00:02;0,001637;0,220454;0,60825;2,470105;0;3,297354;53,5;46,099998
03.10.2025 12:05:04;0;0,301215;0,551499;2,470105;0;3,322091;53,599998;46,200001
03.10.2025 12:10:06;0;0,252467;0,603884;2,475198;0;3,332277;53,599998;46,200001
03.10.2025 12:15:07;0;0,285426;0,567931;2,466631;0;3,318528;53,599998;46
03.10.2025 12:20:09;0,005275;0,214634;0,672276;2,424995;0;3,308995;53,5;25,5
03.10.2025 12:25:10;0,017337;0,035039;3,251369;0,385434;0,34419;3,311228;52,900002;-10,5
03.10.2025 12:30:12;0,008367;0,045837;4,308678;0,016007;1,037517;3,325001;52,5;-40,299999
03.10.2025 12:35:12;0,001648;0,057129;5,154785;0;1,888916;3,320801;52,400002;-27,5
03.10.2025 12:40:13;0,006387;0,064239;3,483506;0,400764;0,623775;3,317068;53;16,9
03.10.2025 12:45:14;0,004015;0,035039;2,179746;1,116883;0;3,327288;53,200001;26,1
03.10.2025 12:50:16;0,085853;0,035651;3,66405;0,598064;0,906918;3,30754;52,200001;-72,900002
03.10.2025 12:55:19;0,141046;0,12618;2,951443;0,923142;0,548229;3,308226;53,299999;35,099998
03.10.2025 13:00:21;0,03747;0,07494;2,406806;0,99168;0,080033;3,355559;53,299999;26,700001
03.10.2025 13:05:22;0,01971;0,058399;2,170986;1,183311;0,032119;3,362327;53,400002;28,4
03.10.2025 13:10:24;0,030194;0,056751;2,598885;0,777046;0,033468;3,370111;53,099998;1
03.10.2025 13:15:26;0,129871;0,219727;2,843349;0,475104;0,022191;3,384662;53,200001;4,3
03.10.2025 13:20:29;0,062727;0,15011;1,670792;1,549689;0,005076;3,302425;53,5;35,400002
03.10.2025 13:25:30;0,070809;0,127748;1,538816;1,687004;0,007665;3,276189;53,599998;33,900002
03.10.2025 13:30:30;0,08551;0,170654;2,009766;1,253906;0,136597;3,210938;53,400002;21,700001
03.10.2025 13:35:32;0,039289;0,10186;1,622484;1,519897;0,001819;3,202769;53,599998;29,200001
03.10.2025 13:40:35;0,006708;0,04061;1,44744;1,718653;0;3,203802;53,799999;43,099998
03.10.2025 13:45:37;0,00291;0,073485;0,787232;2,325318;0;3,180942;53,900002;45,900002
03.10.2025 13:50:39;0;0,121504;0,598064;2,475925;0;3,195494;54;45,700001
03.10.2025 13:55:40;0;0,191987;0,546031;2,477581;0;3,21633;54,099998;45,700001
03.10.2025 14:00:40;0,000549;0,172119;0,487793;2,369385;0;3,026367;54,099998;40,599998
03.10.2025 14:05:43;0,001813;0,116752;0,494566;2,328521;0;2,93839;54,099998;45,599998
03.10.2025 14:10:44;0,002737;0,073729;0,840947;2,233035;0;3,144791;54;30,5
03.10.2025 14:15:44;0,009888;0,043945;1,081055;1,817871;0;2,934082;54;31,4
03.10.2025 14:20:46;0,003456;0,037106;1,065165;1,742534;0;2,841894;53,900002;24,5
03.10.2025 14:25:48;0,013824;0,033468;1,6836;0,870175;0,199355;2,373338;53,400002;-17,200001
03.10.2025 14:30:49;0,010402;0,040149;2,660078;0,043799;0,141253;2,594379;53,5;-0,3
03.10.2025 14:35:50;0,00511;0,041609;2,592919;0,108768;0,025915;2,711178;53,5;-7,5
03.10.2025 14:40:53;0,003263;0,055113;0,905012;1,456142;0,032995;2,380009;54,099998;36,299999
03.10.2025 14:45:54;0,002007;0,035039;0,557711;1,686274;0;2,276104;54,099998;32,5
03.10.2025 14:50:56;0,008367;0,042199;0,518031;1,827659;0;2,379158;54,099998;33,799999
03.10.2025 14:55:58;0,018371;0,05093;1,506073;0,702834;0,011277;2,230734;53,599998;1,7
03.10.2025 15:00:58;0,014832;0,044678;2,548828;0,154541;0,411987;2,321777;53,599998;7
03.10.2025 15:05:59;0,009307;0,034309;1,591375;0,429963;0;2,045428;53,700001;9,5
03.10.2025 15:11:00;0,006387;0,040879;1,570935;0,563551;0;2,168066;53,799999;12,4
03.10.2025 15:16:02;0,008367;0,034923;1,487156;0,649721;0;2,165252;53,799999;12,5
03.10.2025 15:21:05;0,021393;0,044961;0,76578;1,480072;0;2,268332;53,799999;4,8
03.10.2025 15:26:06;0,006752;0,032119;2,008929;0,116068;0,02482;2,125727;53,599998;2,1
03.10.2025 15:31:06;0,004944;0,04541;2,034668;0,040283;0,008423;2,106445;53,599998;0
03.10.2025 15:36:08;0,012369;0,040016;0,883272;1,169935;0;2,082309;54,099998;26,299999
03.10.2025 15:41:11;0,001632;0,031182;0,588838;1,481523;0;2,098642;54,099998;27,5
03.10.2025 15:46:13;0,002183;0,037834;0,550044;1,50389;0;2,089585;54,099998;27,6
03.10.2025 15:51:14;0,004562;0,041609;0,477413;1,525676;0;2,041048;54,200001;28,5
03.10.2025 15:56:16;0,000909;0,040016;0,414716;1,546817;0;2,000821;54,200001;28,200001
03.10.2025 16:01:19;0,001088;0,036984;0,374188;1,525033;0;1,936204;54,200001;28,200001
03.10.2025 16:06:19;0,00824;0,038818;0,398438;1,533691;0;1,961426;54,200001;25,6
03.10.2025 16:11:20;0,001642;0,02774;0,512452;1,435158;0;1,973889;54,200001;25,5
03.10.2025 16:16:22;0,001819;0,034923;0,50639;1,372927;0;1,910602;54,099998;25,6
03.10.2025 16:21:24;0,005457;0,02692;0,50639;1,312539;0;1,840756;54,099998;23
03.10.2025 16:26:26;0,000728;0,032013;0,470011;1,273978;0;1,775274;54,099998;23,700001
03.10.2025 16:31:28;0,001455;0,032013;0,41035;1,263064;0;1,705427;54,200001;22,9
03.10.2025 16:36:28;0,002563;0,032227;0,430664;1,201904;0;1,661133;54,099998;20,700001
03.10.2025 16:41:31;0,000363;0,026831;0,443804;1,049321;0;1,519957;54,099998;18,5
03.10.2025 16:46:33;0,005093;0,032741;0,497659;0,924743;0;1,450777;54;15,6
03.10.2025 16:51:34;0,011132;0,037959;0,975265;0,567931;0,186147;1,381138;53,400002;-14,2
03.10.2025 16:56:36;0,00964;0,045837;2,497025;0;1,227413;1,306718;52,900002;-23,4
03.10.2025 17:01:38;0,002001;0,034196;1,83348;0;0,685736;1,180121;53,099998;-6,8
03.10.2025 17:06:38;0,000366;0,028564;1,535156;0;0,528442;1,032715;53,099998;-10,4
03.10.2025 17:11:40;0,000546;0,027648;1,484246;0;0,495476;1,017145;53,099998;-8,2
03.10.2025 17:16:43;0,001994;0,047136;0,578686;0,46991;0,096448;0,993483;53,599998;10,2
03.10.2025 17:21:45;0,004365;0,038561;0,25174;0,542768;0;0,829431;53,700001;11,1
03.10.2025 17:26:46;0,004562;0,057669;0,310975;0,496392;0,004015;0,855547;53,799999;9,2
03.10.2025 17:31:48;0,004365;0,02401;0,414716;0,595881;0;1,031696;53,799999;10,6
03.10.2025 17:36:51;0,001813;0,023931;0,435102;0,530099;0;0,987682;53,799999;9,4
03.10.2025 17:41:53;0,005821;0,027648;0,446729;0,470739;0;0,938567;53,799999;5,9
03.10.2025 17:46:54;0,002737;0,072269;0,318275;0,02555;0,000365;0,413174;53,5;0
03.10.2025 17:51:56;0;0,079305;0,192079;0;0;0,270657;53,5;0
03.10.2025 17:56:59;0,020123;0,023205;0,446705;0;0,221902;0,227703;53;-31,200001
03.10.2025 18:02:00;0,023725;0,051829;2,366623;0;2,202376;0,194177;52,700001;-45,099998
03.10.2025 18:07:02;0,004184;0,063299;1,840756;0;1,722162;0,177527;52,799999;-26
03.10.2025 18:12:04;0,000182;0,044382;1,484246;0;1,338731;0,190624;52,900002;-25,6
03.10.2025 18:17:06;0,002546;0,042927;1,562823;0;1,427495;0,176072;52,799999;-27,799999
03.10.2025 18:22:09;0,002176;0,042785;1,598275;0;1,526483;0,110226;52,799999;-27,6
03.10.2025 18:27:10;0,002007;0,042339;1,442457;0;1,438807;0,043799;52,799999;-24,799999
03.10.2025 18:32:12;0,004729;0,035651;1,178666;0;1,200493;0,008731;53;-6
03.10.2025 18:37:15;0,000181;0,034083;0,266863;0;0,293694;0,005801;53,099998;-5,4
03.10.2025 18:42:17;0,004911;0,034196;0,324497;0;0,349962;0,005821;53,099998;-8
03.10.2025 18:47:18;0,002555;0,02482;0,378134;0;0,400764;0;53,099998;-7,2
03.10.2025 18:52:20;0,006366;0,038561;0,437998;0;0,471466;0;53;-8,9
03.10.2025 18:57:23;0,000363;0,023931;0,448155;0;0,471361;0;53,099998;-8,7
03.10.2025 19:02:24;0,000182;0,02482;0,426313;0;0,449673;0;53;-6,4
03.10.2025 19:07:26;0;0,029103;0,312856;0;0,341959;0;53,099998;-6,2
03.10.2025 19:12:28;0,000182;0,023282;0,285208;0;0,309218;0;53,099998;-4,7
03.10.2025 19:17:30;0,000182;0,025465;0,228457;0;0,253922;0;53,099998;-4,7
03.10.2025 19:22:30;0,005859;0,0271;0,290039;0;0,310547;0;53,099998;-7,4
03.10.2025 19:27:32;0,005275;0,031286;0,989497;0;1,016417;0;52,700001;-41
03.10.2025 19:32:34;0,111682;0,041472;2,932113;0;2,860083;0;52,5;-57,900002
03.10.2025 19:37:36;0;0,061844;2,056117;0;2,118688;0;52,700001;-34
03.10.2025 19:42:39;0,000181;0,059464;1,598275;0;1,658464;0;52,799999;-29,5
03.10.2025 19:47:41;0,000364;0,043654;1,536631;0;1,580285;0;52,700001;-30
03.10.2025 19:52:42;0,000182;0,046719;1,565096;0;1,611815;0;52,700001;-29,9
03.10.2025 19:57:44;0;0,044382;1,456598;0;1,499525;0;52,700001;-27
03.10.2025 20:02:47;0,003445;0,048586;1,099358;0;1,145044;0;53;-9,5
03.10.2025 20:07:48;0,00073;0,02774;0,405874;0;0,432153;0;53;-6,9
03.10.2025 20:12:50;0,003092;0,02401;0,352145;0;0,372517;0;53;-6,3
03.10.2025 20:17:52;0,000728;0,038561;0,323042;0;0,360875;0;53;-6,9
03.10.2025 20:22:54;0;0,024737;0,244464;0;0,269929;0;53,099998;-4,6
03.10.2025 20:27:56;0,004729;0,02983;0,219727;0;0,244464;0;53,099998;-4,6
03.10.2025 20:32:58;0,016734;0,02401;0,243009;0;0,25174;0;53,099998;-4,6
03.10.2025 20:37:59;0,01971;0,02044;0,290535;0;0,291995;0;53;-7,3
03.10.2025 20:43:01;0,000728;0,039289;0,339048;0;0,376154;0;53;-7,1
03.10.2025 20:48:03;0,006184;0,034923;0,408895;0;0,437998;0;53;-8,9
03.10.2025 20:53:04;0,008942;0,032849;0,454053;0;0,476683;0;53;-8,6
03.10.2025 20:58:06;0,003456;0,037106;0,417626;0;0,452549;0;53;-9,5
03.10.2025 21:03:08;0,003456;0,022555;0,385613;0;0,403802;0;53;-7,3
03.10.2025 21:08:10;0,000546;0,031286;0,330317;0;0,362331;0;53;-5,7
03.10.2025 21:13:12;0,003092;0,023282;0,296849;0;0,316494;0;53;-7
03.10.2025 21:18:15;0,008702;0,041335;1,460493;0;1,493125;0;52,5;-39,299999
03.10.2025 21:23:16;0,078839;0,048179;2,762277;0;2,731617;0;52,400002;-32,700001
03.10.2025 21:28:18;0;0,042927;1,619574;0;1,661046;0;52,5;-31,6
03.10.2025 21:33:21;0;0,04351;1,598275;0;1,64251;0;52,400002;-31,4
03.10.2025 21:38:23;0;0,044382;1,570099;0;1,615209;0;52,299999;-29,1
03.10.2025 21:43:24;0;0,044529;1,532976;0;1,578235;0;52,299999;-30,5
03.10.2025 21:48:26;0;0,040744;1,395482;0;1,435498;0;52,299999;-27,4
03.10.2025 21:53:29;0;0,04206;1,380724;0;1,423509;0;52,299999;-27
03.10.2025 21:58:30;0,006935;0,049639;1,486257;0;1,528596;0;52,200001;-29,6
03.10.2025 22:03:32;0;0,043654;1,469694;0;1,511893;0;52,200001;-28,1
03.10.2025 22:08:34;0,000182;0,035651;0,698469;0;0,734847;0;52,400002;-6,9
03.10.2025 22:13:36;0,000182;0,02401;0,331773;0;0,35651;0;52,5;-6,7
03.10.2025 22:18:38;0,000182;0,02401;0,237188;0;0,259743;0;52,5;-4,6
03.10.2025 22:23:40;0;0,021827;0,215361;0;0,237188;0;52,5;-4,7
03.10.2025 22:28:42;0,001091;0,024737;0,261926;0;0,285208;0;52,5;-5,8
03.10.2025 22:33:45;0,005076;0,030457;0,320525;0;0,345181;0;52,5;-8,1
03.10.2025 22:38:46;0,002372;0,02263;0,398574;0;0,421203;0;52,5;-8
03.10.2025 22:43:48;0,004547;0,025465;0,426357;0;0,446001;0;52,400002;-8,9
03.10.2025 22:48:51;0,004714;0,021755;0,443804;0;0,461208;0;52,400002;-8,5
03.10.2025 22:53:53;0,007458;0,018189;0,436543;0;0,447456;0;52,400002;-9,4
03.10.2025 22:58:54;0,00876;0,02117;0,322655;0;0,335795;0;52,5;-5,5
03.10.2025 23:03:56;0,00291;0,040744;0,276477;0;0,312856;0;52,5;-6,5
03.10.2025 23:08:59;0,004895;0,027556;0,21465;0;0,237856;0;52,5;-5
03.10.2025 23:14:00;0,02336;0,02847;0,286156;0;0,291265;0;52,5;-6,9
03.10.2025 23:19:02;0,008003;0,0211;0,350689;0;0,363786;0;52,400002;-6,8
03.10.2025 23:24:04;0,004729;0,030558;0,324497;0;0,350689;0;52,400002;-8,6
03.10.2025 23:29:06;0,004184;0,028375;0,311401;0;0,33541;0;52,400002;-6,6
03.10.2025 23:34:09;0,000906;0,034083;0,268313;0;0,302396;0;52,5;-4,1
03.10.2025 23:39:10;0,00584;0,02263;0,220457;0;0,235786;0;52,5;-4,6
03.10.2025 23:44:13;0,001994;0,028282;0,249459;0;0,274839;0;52,5;-5,4
03.10.2025 23:49:14;0,000365;0,0219;0,258416;0;0,283236;0;52,5;-5,4
03.10.2025 23:54:17;0,005801;0,027556;0,368386;0;0,387966;0;52,400002;-7,6
03.10.2025 23:59:18;0,006205;0,02044;0,386894;0;0,402224;0;52,400002;-7,7
04.10.2025 00:04:20;0;0,022555;0,384158;0;0,406712;0;52,400002;-7,8
04.10.2025 00:09:22;0,000364;0,020372;0,391433;0;0,411805;0;52,400002;-7,8
04.10.2025 00:14:25;0,000544;0,035533;0,279916;0;0,314724;0;52,400002;-5,6
04.10.2025 00:19:26;0,000547;0,02263;0,233596;0;0,254766;0;52,400002;-4,5
04.10.2025 00:24:28;0,000364;0,020372;0,221182;0;0,240826;0;52,5;-4,5
04.10.2025 00:29:31;0,00707;0,027556;0,25526;0;0,274839;0;52,400002;-6,9
04.10.2025 00:34:32;0;0,02482;0,334335;0;0,360614;0;52,400002;-6,9
04.10.2025 00:39:34;0,003456;0,026193;0,341959;0;0,363786;0;52,400002;-8,6
04.10.2025 00:44:36;0,000364;0,022555;0,465646;0;0,487473;0;52,299999;-10,7
04.10.2025 00:49:39;0;0,026106;0,498917;0;0,525748;0;52,299999;-8,4
04.10.2025 00:54:41;0,000546;0,023282;0,40744;0;0,429995;0;52,400002;-7,8
04.10.2025 00:59:41;0,020325;0,054932;1,289063;0;1,324951;0;52,299999;-7,7
04.10.2025 01:04:44;0,001813;0,021755;0,372737;0;0,392317;0;52,400002;-7,4
04.10.2025 01:09:46;0,00673;0,035651;0,40453;0;0,433633;0;52,299999;-10,1
04.10.2025 01:14:47;0,00073;0,02263;0,454053;0;0,474493;0;52,299999;-9,4
04.10.2025 01:19:49;0,005457;0,037834;0,430722;0;0,462735;0;52,299999;-7,1
04.10.2025 01:24:52;0,003445;0,02248;0,375638;0;0,396668;0;52,400002;-6,1
04.10.2025 01:29:53;0,00146;0,0219;0,281776;0;0,301485;0;52,400002;-4,4
04.10.2025 01:34:55;0,002183;0,015279;0,205175;0;0,218999;0;52,400002;-4
04.10.2025 01:39:57;0,006912;0,018917;0,194989;0;0,207358;0;52,400002;-3
04.10.2025 01:45:00;0,00145;0,01958;0,195796;0;0,2132;0;52,400002;-4
04.10.2025 01:50:01;0,003832;0,032849;0,286156;0;0,315355;0;52,400002;-6,8
04.10.2025 01:55:01;0,022705;0,019043;0,411621;0;0,406494;0;52,400002;-9,1
04.10.2025 02:00:04;0,007433;0,025381;0,397393;0;0,416248;0;52,299999;-7,6
04.10.2025 02:05:05;0,00876;0,02263;0,401494;0;0,414634;0;52,299999;-8,3
04.10.2025 02:10:07;0,002183;0,026193;0,286663;0;0,311401;0;52,400002;-4
04.10.2025 02:15:10;0,010515;0,017404;0,200147;0;0,206673;0;52,400002;-4
04.10.2025 02:20:11;0,009307;0,01606;0,202937;0;0,208777;0;52,400002;-4
04.10.2025 02:25:13;0,006366;0,038561;0,205175;0;0,238643;0;52,400002;-5,3
04.10.2025 02:30:15;0,004547;0,034196;0,35942;0;0,387796;0;52,400002;-7,6
04.10.2025 02:35:17;0,000182;0,022555;0,373972;0;0,398709;0;52,299999;-7,6
04.10.2025 02:40:19;0,004547;0,026193;0,427812;0;0,447456;0;52,299999;-9,2
04.10.2025 02:45:21;0,000182;0,02401;0,429267;0;0,452549;0;52,299999;-6
04.10.2025 02:50:23;0,001637;0,0211;0,291029;0;0,311401;0;52,400002;-6
04.10.2025 02:55:25;0,000364;0,019644;0,279387;0;0,299759;0;52,400002;-5,6
04.10.2025 03:00:28;0,001088;0,023205;0,269763;0;0,290793;0;52,400002;-4,3
04.10.2025 03:05:29;0,006022;0,02336;0,277396;0;0,294915;0;52,400002;-6,8
04.10.2025 03:10:30;0,000182;0,02482;0,324115;0;0,349665;0;52,299999;-6,7
04.10.2025 03:15:32;0,000182;0,021827;0,315766;0;0,336138;0;52,299999;-6,2
04.10.2025 03:20:34;0,000182;0,020372;0,30849;0;0,32959;0;52,299999;-6,2
04.10.2025 03:25:35;0,00146;0,01825;0,261336;0;0,276666;0;52,400002;-3,8
04.10.2025 03:30:37;0,000728;0,017462;0,187713;0;0,205175;0;52,400002;-4,2
04.10.2025 03:35:39;0;0,021827;0,193534;0;0,215361;0;52,400002;-4,4
04.10.2025 03:40:42;0,000363;0,018129;0,197246;0;0,215376;0;52,400002;-4,1
04.10.2025 03:45:43;0,012045;0,02628;0,357694;0;0,370834;0;52,299999;-7,7
04.10.2025 03:50:45;0,000182;0,023282;0,376882;0;0,400164;0;52,299999;-7,5
04.10.2025 03:55:47;0,000182;0,02401;0,360875;0;0,385613;0;52,299999;-7,1
04.10.2025 04:00:50;0;0,02248;0,352433;0;0,375638;0;52,299999;-7,6
04.10.2025 04:05:51;0,000182;0,02263;0,271556;0;0,292725;0;52,299999;-5,5
04.10.2025 04:10:53;0,000182;0,020372;0,264836;0;0,285208;0;52,299999;-5,3
04.10.2025 04:15:55;0,012914;0,014551;0,277932;0;0,279387;0;52,299999;-4,6
04.10.2025 04:20:58;0,011059;0,037709;0,262512;0;0,288618;0;52,299999;-6,8
04.10.2025 04:26:00;0,004002;0,036379;0,30849;0;0,341231;0;52,299999;-6
04.10.2025 04:31:01;0,000547;0,02993;0,300755;0;0,331415;0;52,299999;-6,2
04.10.2025 04:36:03;0,006366;0,023282;0,318676;0;0,334683;0;52,299999;-6,5
04.10.2025 04:41:05;0,008003;0,030558;0,368151;0;0,391433;0;52,299999;-7,9
04.10.2025 04:46:07;0,010004;0,034196;0,279387;0;0,304125;0;52,299999;-5,9
04.10.2025 04:51:09;0,004002;0,021827;0,286663;0;0,303397;0;52,299999;-6
04.10.2025 04:56:11;0,003456;0,018189;0,280843;0;0,294666;0;52,299999;-5,6
04.10.2025 05:01:15;0,008854;0,032525;0,361392;0;0,385967;0;52,299999;-7,6
04.10.2025 05:06:15;0,008423;0,019775;0,386719;0;0,397705;0;52,200001;-7,5
04.10.2025 05:11:17;0,00291;0,018917;0,382703;0;0,398709;0;52,200001;-7,5
04.10.2025 05:16:19;0,004365;0,020372;0,373972;0;0,390706;0;52,200001;-7
04.10.2025 05:21:22;0,002901;0,021755;0,250909;0;0,268313;0;52,299999;-3,5
04.10.2025 05:26:23;0,004927;0,01898;0,183957;0;0,200017;0;52,299999;-3,9
04.10.2025 05:31:25;0,003274;0,017462;0,196444;0;0,210268;0;52,299999;-4,4
04.10.2025 05:36:27;0,005639;0,028375;0,208085;0;0,23064;0;52,299999;-7,9
04.10.2025 05:41:29;0,004547;0,019644;0,344869;0;0,358693;0;52,299999;-6,7
04.10.2025 05:46:31;0,000546;0,0211;0,327407;0;0,347779;0;52,299999;-6,7
04.10.2025 05:51:33;0;0,019644;0,314311;0;0,33541;0;52,299999;-6,7
04.10.2025 05:56:36;0,001269;0,020305;0,303121;0;0,32125;0;52,299999;-4,4
04.10.2025 06:01:38;0,000182;0,018917;0,210996;0;0,229185;0;52,299999;-4,6
04.10.2025 06:06:39;0,000182;0,01971;0,220457;0;0,240896;0;52,299999;-4,6
04.10.2025 06:11:41;0,006184;0,023282;0,646083;0;0,662818;0;51,799999;-33,700001
04.10.2025 06:16:44;0,032089;0,047136;2,191464;0;2,207418;0;51,400002;-64,199997
04.10.2025 06:21:46;0,000182;0,058206;2,571237;0;2,627988;0;51,599998;-46,099998
04.10.2025 06:26:47;0;0,054749;2,305304;0;2,361513;0;51,599998;-44,099998
04.10.2025 06:31:49;0;0,045109;2,7022;0;2,74731;0;51,200001;-73,900002
04.10.2025 06:36:51;0,292847;0,001455;4,087496;0;3,795012;0;51,099998;-74,400002
04.10.2025 06:41:53;0,004002;0,05093;3,431227;0;3,478519;0;51,200001;-58,099998
04.10.2025 06:46:55;0;0,063299;2,563962;0;2,62726;0;51,200001;-46,299999
04.10.2025 06:51:57;0,006184;0,05384;2,157977;0;2,205996;0;51,299999;-41,799999
04.10.2025 06:56:59;0,118412;0,037834;2,449005;0;2,367517;0;50,900002;-65,099998
04.10.2025 07:02:02;0,000906;0,050037;2,21757;0;2,266882;0;51,099998;-42,299999
04.10.2025 07:07:03;0,000365;0,046719;2,245445;0;2,292164;0;51;-45,099998
04.10.2025 07:12:05;0,000364;0,053113;2,24674;0;2,299126;0;50,900002;-43,299999
04.10.2025 07:17:07;0,000546;0,044382;1,875679;0;1,925154;0;50,900002;-33,799999
04.10.2025 07:22:09;0,000364;0,043654;1,622484;0;1,661773;0;50,900002;-31,5
04.10.2025 07:27:11;0,000182;0,049475;1,462419;0;1,511893;0;50,900002;-26,9
04.10.2025 07:32:13;0,015461;0,044382;1,255788;0;1,283436;0;50,799999;-28,200001
04.10.2025 07:37:16;0,007614;0,034083;1,357519;0;1,381449;0,00145;50,700001;-28,799999
04.10.2025 07:42:15;0,001102;0,042623;1,400665;0;1,426385;0,017637;50,599998;-27,700001
04.10.2025 07:47:17;0;0,040744;1,386751;0;1,402758;0,023282;50,5;-27,299999
04.10.2025 07:52:19;0,000182;0,046565;1,364924;0;1,37802;0,034923;50,5;-24,4
04.10.2025 07:57:22;0,000906;0,041335;1,222637;0;1,211034;0,049312;50,5;-23,4
04.10.2025 08:02:24;0,003092;0,025465;1,241237;0;1,175755;0,090219;50,400002;-22,6
04.10.2025 08:07:25;0,003102;0,03139;0,807367;0;0,702979;0,132858;50,900002;-0,3
04.10.2025 08:12:27;0,030922;0,016007;0,289573;0;0,153518;0,120777;50,900002;-4,6
04.10.2025 08:17:29;0,000909;0,029103;0,323042;0;0,242281;0,110591;50,900002;-4,3
04.10.2025 08:22:32;0,002176;0,016679;0,333578;0;0,212475;0,134882;50,900002;-3,5
04.10.2025 08:27:33;0,004927;0,02336;0,360614;0;0,184687;0,192717;51;-3,7
04.10.2025 08:32:35;0,004184;0,018917;0,289573;0;0,057478;0,248829;51,099998;0
04.10.2025 08:37:38;0,011603;0,015229;0,336479;0;0,158087;0,181293;50,900002;-5,5
04.10.2025 08:42:39;0,000365;0,02701;0,369374;0;0,277396;0,116798;50,900002;-5,1
04.10.2025 08:47:41;0,009822;0,02983;0,347779;0;0,243009;0,125142;50,900002;-6,9
04.10.2025 08:52:44;0,000363;0,021755;0,497467;0;0,392317;0,12763;50,799999;-7,5
04.10.2025 08:57:46;0,000546;0,025465;0,477287;0;0,378337;0,123687;50,799999;-6,6
04.10.2025 09:02:47;0,000182;0,02044;0,413174;0;0,358424;0,074459;50,700001;-7,2
04.10.2025 09:07:49;0,004911;0,023282;0,411805;0;0,379792;0,052385;50,700001;-7,3
04.10.2025 09:12:51;0,02019;0,031286;1,027331;0;0,94657;0,090219;49,799999;-41
04.10.2025 09:17:53;1,060617;0,004365;1,3722;0,055295;0,145514;0,225547;51;5,6
04.10.2025 09:22:55;0,398527;0;0,419081;0,343414;0;0,363786;51,299999;6,5
04.10.2025 09:27:55;0,930725;0;0,953613;0,306152;0;0,32959;51,400002;5,7
04.10.2025 09:32:57;0,415807;0;0,435088;0,352872;0;0,372517;51,5;7,5
04.10.2025 09:37:59;0,413988;0;0,436543;0,331773;0;0,3536;51,5;6,1
04.10.2025 09:43:02;0,309285;0,007977;0,4264;0,311098;0;0,436552;51,5;3,5
04.10.2025 09:48:03;0,00073;0,01898;0,328495;0,268636;0;0,61611;51,599998;7,5
04.10.2025 09:53:05;0,005093;0,021827;0,264836;0,371789;0;0,653359;51,599998;7,7
04.10.2025 09:58:07;0;0,023282;0,270657;0,477287;0;0,769771;51,700001;11,9
04.10.2025 10:03:10;0,003988;0,017404;0,277015;0,614219;0;0,906463;51,799999;10,9
04.10.2025 10:08:11;0,008212;0,043799;0,346015;0,478873;0,00438;0,857007;51,700001;6,8
04.10.2025 10:13:13;0,00382;0,037106;0,414716;0,363786;0;0,810515;51,700001;5,8
04.10.2025 10:18:16;0,005801;0,027556;0,416248;0,229154;0;0,668607;51,599998;3
04.10.2025 10:23:17;0,004197;0,02555;0,423393;0,140158;0;0,582531;51,599998;4,2
04.10.2025 10:28:19;0,011095;0,020372;0,324497;0,304852;0;0,638808;51,700001;8,2
04.10.2025 10:33:21;0,00673;0,0211;0,327407;0,526034;0;0,86872;51,799999;12,2
04.10.2025 10:38:24;0,013234;0,033358;0,717918;0,48949;0,109501;1,118212;51,5;-9,8
04.10.2025 10:43:26;0,021827;0,043654;2,29767;0,000728;1,036789;1,281981;50,799999;-17,9
04.10.2025 10:48:27;0,01022;0,032119;1,432238;0,126288;0,128478;1,452677;51,400002;3,2
04.10.2025 10:53:29;0,015097;0,019644;1,42604;0,024737;0,121504;1,332911;51,200001;-3,5
04.10.2025 10:58:31;0,003092;0,038561;1,084081;0,310673;0,093857;1,338731;51,700001;19,200001
04.10.2025 11:03:34;0,010334;0,321976;0,507619;1,773766;0;2,590308;52,299999;46,200001
04.10.2025 11:08:35;0,004197;0,548951;0,413174;2,434512;0;3,392987;52,400002;47,299999
04.10.2025 11:13:37;0,000182;0,757402;0,387068;2,472288;0;3,617485;52,5;47
04.10.2025 11:18:40;0,000181;0,773031;0,390142;2,466304;0;3,628752;52,700001;47
04.10.2025 11:23:41;0,008395;0,675239;0,481792;2,296544;0;3,447006;52,700001;34
04.10.2025 11:28:43;0,014188;0,051658;0,518031;1,905509;0;2,459191;52,700001;29,299999
04.10.2025 11:33:43;0,002747;0,102539;0,506836;1,755615;0;2,362793;53;46,799999
04.10.2025 11:38:46;0,012328;0,072517;0,504718;1,744034;0;2,308942;52,900002;28,4
04.10.2025 11:43:48;0,01437;0,235733;0,429267;2,09395;0;2,744399;53;32,599998
04.10.2025 11:48:49;0,02701;0,246006;0,419013;2,155656;0;2,794396;53,099998;37
04.10.2025 11:53:52;0,017585;0,045686;0,391592;1,689647;0;2,108795;53,099998;36,599998
04.10.2025 11:58:53;0,00949;0,032119;0,291995;0,955555;0,00146;1,26872;53;10,1
04.10.2025 12:03:55;0,002183;0,205903;0,440908;1,528628;0;2,171073;53,299999;46,299999
04.10.2025 12:08:57;0,000182;0,235733;0,531127;2,469377;0;3,239148;53,400002;46,299999
04.10.2025 12:13:57;0;0,193359;0,531738;2,471191;0;3,196289;53,400002;46,299999
04.10.2025 12:18:59;0;0,189169;0,548589;2,470832;0;3,20859;53,5;46,200001
04.10.2025 12:24:02;0;0,321976;0,488765;2,46993;0;3,28067;53,5;46,200001
04.10.2025 12:29:04;0,015825;0,245192;0,468556;2,282391;0;2,978677;53,299999;26,5
04.10.2025 12:34:05;0,012775;0,120448;0,452593;1,504506;0;2,065868;53,400002;46,200001
04.10.2025 12:39:07;0,026193;0,168069;0,545679;1,729437;0;2,418447;53,299999;27,200001
04.10.2025 12:44:09;0,028011;0,091674;0,681007;1,703245;0;2,44755;53,400002;42,599998
04.10.2025 12:49:11;0,037106;0,178983;0,695558;1,922971;0;2,758951;53,5;46,200001
04.10.2025 12:54:13;0,007458;0,250285;0,681007;2,446823;0;3,371566;53,400002;25,299999
04.10.2025 12:59:15;0,011641;0,282298;0,622801;2,319498;0;3,2115;53,5;43,200001
04.10.2025 13:04:17;0,005093;0,351417;0,566051;2,446823;0;3,36138;53,5;46,200001
04.10.2025 13:09:19;0,053658;0,331773;1,536631;1,716341;0;3,530176;53,200001;13
04.10.2025 13:14:21;0,093311;0,298304;2,016828;1,075351;0,12296;3,173666;52,900002;-13,6
04.10.2025 13:19:21;0,080017;0,537598;1,220215;1,764404;0,078369;3,364746;53,5;46,299999
04.10.2025 13:24:24;0,106056;0,262512;0,787535;1,612778;0,050762;2,503287;53,299999;24,299999
04.10.2025 13:29:25;0,131763;0,173737;0,896426;1,395738;0,059859;2,273184;53,400002;38,200001
04.10.2025 13:34:27;0,096039;0,163704;0,859989;1,670504;0,039289;2,561051;53,400002;34,799999
04.10.2025 13:39:27;0,004578;0,077637;0,65332;2,307129;0;3,033691;53,5;46,200001
04.10.2025 13:44:29;0,003456;0,300487;0,635897;2,446095;0;3,378842;53,599998;46,200001
04.10.2025 13:49:29;0;0,454834;0,580078;2,480713;0;3,515625;53,599998;46,200001
04.10.2025 13:54:31;0,011823;0,122232;0,801784;2,181987;0;3,093634;53,299999;15,3
04.10.2025 13:59:31;0,017212;0,04541;1,841309;0,51123;0,050537;2,329102;53,299999;25
04.10.2025 14:04:34;0;0,035533;0,394493;1,436562;0,000725;1,868038;53,400002;24,799999
04.10.2025 14:09:35;0,006935;0,053289;0,474493;1,845411;0;2,365163;53,599998;46
04.10.2025 14:14:37;0,018735;0,299032;0,552954;2,012462;0;2,846259;53,400002;21,5
04.10.2025 14:19:40;0,00707;0,04206;0,590289;1,638885;0;2,263981;53,599998;41,900002
04.10.2025 14:24:42;0,017825;0,248102;0,625711;2,227096;0;3,083448;53,700001;46,099998
04.10.2025 14:29:43;0,014965;0,292725;1,398658;1,91038;0;3,587164;53,799999;46,099998
04.10.2025 14:34:45;0,003092;0,217544;0,523851;2,383524;0;3,119826;53,799999;43,400002
04.10.2025 14:39:47;0,016734;0,460553;0,472921;2,401713;0;3,320636;53,900002;45,900002
04.10.2025 14:44:49;0,030922;0,12587;0,424902;1,342369;0;1,861128;53,799999;45,700001
04.10.2025 14:49:51;0,018917;0,15279;0,454005;2,044476;0;2,633808;54;41,099998
04.10.2025 14:54:53;0,02983;0,064026;0,580602;2,048113;0;2,661456;54;40,599998
04.10.2025 14:59:55;0,006548;0,111318;0,637353;2,413354;0;3,15766;54;41,5
04.10.2025 15:04:57;0,008185;0,042927;0,55732;2,363152;0;2,952485;54,099998;36,299999
04.10.2025 15:09:58;0,011497;0,378864;0,522672;1,954179;0;2,845495;54;36,900002
04.10.2025 15:14:58;0,017944;0,501709;0,479004;1,974609;0;2,938477;53,900002;18,4
04.10.2025 15:20:00;0,000364;0,028375;0,387068;0,570416;0;0,983677;53,700001;8,5
04.10.2025 15:25:03;0,000181;0,029732;0,291518;0,369112;0;0,691812;53,599998;5,6
04.10.2025 15:30:04;0,00292;0,0219;0,316815;0,226296;0;0,559171;53,5;2,3
04.10.2025 15:35:06;0,004729;0,063299;0,397254;0,035651;0,075667;0,419081;53,299999;-20,1
04.10.2025 15:40:08;0,013096;0,071302;2,563962;0;2,228551;0,392889;52,900002;-31,1
04.10.2025 15:45:10;0,000182;0,065481;1,605023;0;1,47697;0,192079;52,900002;-25
04.10.2025 15:50:12;0,000182;0,040744;1,318359;0;1,220137;0,139694;52,900002;-21,1
04.10.2025 15:55:12;0,000549;0,057129;1,286133;0;1,126465;0,215332;52,900002;-20
04.10.2025 16:00:15;0,001088;0,030457;1,32271;0;1,047146;0,303121;52,900002;-22,5
04.10.2025 16:05:16;0,003832;0,02774;1,26288;0;1,030014;0,259876;52,900002;-14,3
04.10.2025 16:10:19;0,020305;0,02103;0,823793;0;0,480788;0,34083;53,099998;-0,3
04.10.2025 16:15:20;0,016425;0,0146;0,329955;0;0,02263;0,309515;53,200001;0
04.10.2025 16:20:20;0,000366;0,0271;0,297363;0;0;0,322266;53,200001;0
04.10.2025 16:25:22;0,011641;0,029103;0,426357;0;0,138239;0,30558;53,200001;-3,4
04.10.2025 16:30:24;0,005093;0,032741;0,536948;0;0,296849;0,266291;53,099998;-6,5
04.10.2025 16:35:26;0,000364;0,026193;0,550044;0;0,323769;0,253195;53,099998;-5,4
04.10.2025 16:40:28;0,000364;0,023282;0,532582;0;0,25174;0,304125;53,099998;-4,4
04.10.2025 16:45:28;0,016663;0,046143;1,790039;0,005127;1,353516;0,47168;52,900002;-0,5
04.10.2025 16:50:30;0,010914;0,029103;0,477287;0,000728;0,126597;0,368151;53;-6,9
04.10.2025 16:55:32;0,015279;0,013824;0,391433;0;0,101132;0,289573;53,099998;-4,4
04.10.2025 17:00:32;0,002747;0,026367;0,413086;0;0,384521;0,049805;52,900002;-15
04.10.2025 17:05:34;0,001091;0,02983;0,733392;0;0,670093;0,093129;52,799999;-9,3
04.10.2025 17:10:36;0,008549;0,035651;0,499114;0;0,362331;0,164431;52,799999;-7,2
04.10.2025 17:15:39;0,00417;0,031907;0,993483;0;0,894135;0,12763;52,400002;-35,200001
04.10.2025 17:20:41;0,054022;0,046565;2,606161;0;2,537769;0,059661;52;-56,700001
04.10.2025 17:25:42;0,000182;0,057669;2,264425;0;2,233035;0,089059;52,099998;-39,5
04.10.2025 17:30:44;0;0,04802;1,907692;0;1,875679;0,080033;52,200001;-33,099998
04.10.2025 17:35:47;0;0,044961;1,621481;0;1,606977;0,058014;52,200001;-28,299999
04.10.2025 17:40:48;0;0,044529;1,544656;0;1,504506;0,087599;52,200001;-30,799999
04.10.2025 17:45:51;0;0,044235;1,488049;0;1,49095;0,04061;52,200001;-25,4
04.10.2025 17:50:52;0,000182;0,035039;1,315439;0;1,26799;0,081759;52,200001;-23,700001
04.10.2025 17:55:54;0,008185;0,043654;1,410033;0;1,418764;0,027648;52,200001;-27,299999
04.10.2025 18:00:57;0,000544;0,046411;1,499652;0;1,519232;0,026106;52,099998;-37,099998
04.10.2025 18:05:58;0,209507;0,01898;3,651403;0;3,460876;0;51,799999;-62,799999
04.10.2025 18:11:00;0;0,058206;2,990318;0;3,046341;0;51,900002;-49,700001
04.10.2025 18:16:03;0,056926;0,052212;2,645421;0;2,640345;0,00145;52;-39,700001
04.10.2025 18:21:05;0,004184;0,05093;1,810198;0;1,85749;0;52,099998;-34,599998
04.10.2025 18:26:06;0,15421;0,043799;2,484881;0;2,375383;0;51,799999;-58,5
04.10.2025 18:31:06;0,009155;0,043945;1,860352;0;1,894775;0;52,099998;-30,700001
04.10.2025 18:36:08;0,004184;0,051658;1,753447;0;1,799284;0;52;-34
04.10.2025 18:41:10;0,000546;0,040016;1,68069;0;1,720706;0;52,099998;-32,900002
04.10.2025 18:46:12;0,000364;0,038561;1,673414;0;1,711976;0;52;-33,599998
04.10.2025 18:51:14;0,000364;0,055295;1,62976;0;1,685783;0;52;-31,700001
04.10.2025 18:56:17;0;0,045686;1,572169;0;1,617129;0;52,099998;-30
04.10.2025 19:01:19;0,000546;0,041472;1,465329;0;1,5068;0;52,099998;-27,799999
04.10.2025 19:06:20;0,002372;0,044529;1,000084;0;1,040234;0;52,299999;-9,1
04.10.2025 19:11:22;0,001273;0,0211;0,344869;0;0,365241;0;52,400002;-6,3
04.10.2025 19:16:24;0,000182;0,02401;0,312856;0;0,339048;0;52,400002;-6,5
04.10.2025 19:21:26;0,004911;0,02692;0,433633;0;0,454005;0;52,299999;-8,6
04.10.2025 19:26:28;0,000182;0,027648;0,421991;0;0,451094;0;52,299999;-8,3
04.10.2025 19:31:30;0;0,022555;0,426357;0;0,446001;0;52,299999;-8,3
04.10.2025 19:36:32;0,00291;0,027648;0,471466;0;0,497659;0;52,299999;-9,6
04.10.2025 19:41:35;0;0,026106;0,442354;0;0,46846;0;52,400002;-7,6
04.10.2025 19:46:36;0,000182;0,02555;0,375214;0;0,401494;0;52,400002;-7,6
04.10.2025 19:51:38;0,004911;0,031286;1,081171;0;1,105909;0;51,799999;-41,5
04.10.2025 19:56:40;0,076213;0,046565;2,75604;0;2,726938;0;51,599998;-51,400002
04.10.2025 20:01:43;0,005439;0,057288;2,047881;0;2,099368;0;51,700001;-34,099998
04.10.2025 20:06:44;0;0,044529;1,670214;0;1,716933;0;51,700001;-33
04.10.2025 20:11:46;0,016188;0,04802;2,34569;0;2,375521;0;51,299999;-68,400002
04.10.2025 20:16:48;0,002728;0,056023;1,689421;0;1,743261;0;51,599998;-32,299999
04.10.2025 20:21:50;0,001091;0,043654;1,162659;0;1,204131;0;51,900002;-8
04.10.2025 20:26:50;0,008057;0,028564;0,348633;0;0,369873;0;51,900002;-9,5
04.10.2025 20:31:52;0;0,023282;0,426357;0;0,449639;0;51,900002;-9,2
04.10.2025 20:36:54;0;0,02401;0,416171;0;0,440181;0;52;-8,3
04.10.2025 20:41:57;0,004714;0,031907;0,522123;0;0,549679;0;51,900002;-10,7
04.10.2025 20:46:59;0,003638;0,034923;0,513665;0;0,544951;0;51,900002;-10,6
04.10.2025 20:52:00;0,00219;0,056939;0,455513;0;0,509532;0;51,900002;-10,3
04.10.2025 20:57:02;0,003092;0,031286;0,419081;0;0,446729;0;51,900002;-8,5
04.10.2025 21:02:04;0,001455;0,022555;0,427812;0;0,450367;0;51,900002;-6,9
04.10.2025 21:07:06;0,091128;0,103315;0,956029;0;0,966215;0;51,700001;-8
04.10.2025 21:12:08;0,0442;0,060388;0,504935;0;0,520941;0;51,799999;-7,3
04.10.2025 21:17:10;0,002183;0,02401;0,378337;0;0,398709;0;51,799999;-7,9
04.10.2025 21:22:12;0,016734;0,027648;1,037517;0;1,049886;0;51,200001;-45,200001
04.10.2025 21:27:14;0,092947;0,042199;2,805515;0;2,753858;0;50,900002;-57,799999
04.10.2025 21:32:14;0,004028;0,047607;1,883789;0;1,929199;0;51,200001;-31,200001
04.10.2025 21:37:16;0;0,045109;1,637036;0;1,682145;0;51,099998;-32
04.10.2025 21:42:18;0;0,042927;1,613753;0;1,655953;0;51;-31,200001
04.10.2025 21:47:21;0;0,04206;1,548963;0;1,591023;0;50,900002;-32,799999
04.10.2025 21:52:22;0;0,044529;1,435158;0;1,479687;0;50,900002;-27,200001
04.10.2025 21:57:24;0;0,041472;1,364924;0;1,406396;0;50,900002;-26,700001
04.10.2025 22:02:26;0,008185;0,032013;0,529672;0;0,552954;0;51,200001;-9,1
04.10.2025 22:07:29;0,000363;0,01958;0,439453;0;0,459033;0;51,200001;-8,9
04.10.2025 22:12:30;0;0,02263;0,435073;0;0,456243;0;51,200001;-8,9
04.10.2025 22:17:32;0;0,023282;0,426357;0;0,451094;0;51,099998;-8,9
04.10.2025 22:22:34;0;0,025465;0,363786;0;0,389978;0;51,200001;-6,5
04.10.2025 22:27:36;0,007458;0,02692;0,421991;0;0,440908;0;51,099998;-9,5
04.10.2025 22:32:38;0,000546;0,027648;0,488928;0;0,515121;0;51;-11,1
04.10.2025 22:37:40;0,013096;0,04802;1,995001;0;2,030652;0;50;-70,099998
04.10.2025 22:42:43;0,120016;0,048586;2,877475;0;2,804958;0;50,099998;-39,200001
04.10.2025 22:47:45;0,014006;0,045837;2,013918;0;2,048113;0;49,700001;-73,099998
04.10.2025 22:52:46;0,000365;0,059859;2,165146;0;2,222815;0;50;-35
04.10.2025 22:57:48;0;0,043654;1,740351;0;1,784005;0;49,900002;-36,700001
04.10.2025 23:02:49;0,000182;0,045989;1,703793;0;1,749053;0;49,700001;-31,299999
04.10.2025 23:07:50;0,002555;0,040149;1,462897;0;1,502316;0;49,200001;-30,1
04.10.2025 23:12:52;0,004184;0,032741;0,622801;0;0,650449;0;49,599998;-6,6
04.10.2025 23:17:54;0,003456;0,033468;0,362331;0;0,392889;0;49,5;-8,2
04.10.2025 23:22:57;0,009971;0,029007;0,507619;0;0,525023;0;49,099998;-10,9
04.10.2025 23:27:58;0,070626;0,02263;0,483252;0;0,435073;0;49,099998;-0,4
04.10.2025 23:33:00;0,424174;0;0,437998;0;0,015279;0;49,299999;-0,3
04.10.2025 23:38:02;0,380702;0;0,392889;0;0,011641;0;49,400002;0
04.10.2025 23:43:05;0,29877;0;0,29877;0;0,000725;0;49,400002;0
04.10.2025 23:48:07;0,274113;0;0,275022;0;0;0;49,400002;0
04.10.2025 23:53:08;0,265716;0;0,265716;0;0;0;49,400002;0
04.10.2025 23:58:10;0,340503;0;0,340503;0;0;0;49,400002;0
05.10.2025 00:03:13;0,45305;0;0,452506;0;0;0;49,400002;0
05.10.2025 00:08:14;1,697041;0;1,697953;0;0;0;49,400002;0
05.10.2025 00:13:16;2,737669;0;2,737124;0;0;0;49,400002;0
05.10.2025 00:18:18;1,485701;0;1,485701;0;0;0;49,400002;0
05.10.2025 00:23:20;1,408033;0;1,407123;0;0;0;49,400002;0
05.10.2025 00:28:22;1,623939;0;1,623939;0;0;0;49,400002;0
05.10.2025 00:33:24;1,368198;0;1,369289;0;0;0;49,400002;0
05.10.2025 00:38:26;1,491339;0;1,490066;0;0;0;49,400002;0
05.10.2025 00:43:27;1,403038;0;1,404498;0;0;0;49,400002;0
05.10.2025 00:48:28;1,30376;0;1,30376;0;0;0;49,400002;0
05.10.2025 00:53:30;1,287438;0;1,286346;0;0;0;49,400002;0
05.10.2025 00:58:32;1,275251;0;1,27616;0;0;0;49,400002;0
05.10.2025 01:03:33;1,204664;0;1,204481;0;0;0;49,400002;0
05.10.2025 01:08:34;1,244996;0;1,245361;0;0;0;49,400002;0
05.10.2025 01:13:36;1,248149;0;1,247057;0;0;0;49,400002;0
05.10.2025 01:18:38;1,161022;0;1,161204;0;0;0;49,400002;0
05.10.2025 01:23:38;0,327942;0;0,328125;0;0;0;49,400002;0
05.10.2025 01:28:40;0,310673;0;0,311401;0;0;0;49,400002;0
05.10.2025 01:33:42;0,282661;0;0,282298;0;0;0;49,5;0
05.10.2025 01:38:44;0,195899;0;0,196444;0;0;0;49,400002;0
05.10.2025 01:43:47;0,145397;0;0,143584;0;0;0;49,400002;0
05.10.2025 01:48:48;0,145633;0;0,147458;0;0;0;49,400002;0
05.10.2025 01:53:50;0,140421;0;0,139694;0;0;0;49,400002;0
05.10.2025 01:58:53;0,256529;0;0,25526;0;0;0;49,400002;0
05.10.2025 02:03:54;0,256226;0;0,258416;0;0;0;49,400002;0
05.10.2025 02:08:56;0,253559;0;0,253195;0;0;0;49,400002;0
05.10.2025 02:13:58;0,250466;0;0,250285;0;0;0;49,400002;0
05.10.2025 02:19:00;0,150425;0;0,14988;0;0;0;49,400002;0
05.10.2025 02:24:03;0,894316;0;0,89486;0;0;0;49,400002;0
05.10.2025 02:29:04;2,588904;0;2,58854;0;0;0;49,400002;0
05.10.2025 02:34:06;1,638127;0;1,638491;0;0;0;49,400002;0
05.10.2025 02:39:09;1,577426;0;1,57797;0;0;0;49,400002;0
05.10.2025 02:44:10;1,547941;0;1,547576;0;0;0;49,400002;0
05.10.2025 02:49:12;1,455143;0;1,455143;0;0;0;49,400002;0
05.10.2025 02:54:15;1,349723;0;1,350267;0;0;0;49,400002;0
05.10.2025 02:59:16;1,26288;0;1,26288;0;0;0;49,400002;0
05.10.2025 03:04:18;0,319404;0;0,318676;0;0;0;49,400002;0
05.10.2025 03:09:20;0,206448;0;0,205175;0;0;0;49,400002;0
05.10.2025 03:14:21;0,227391;0;0,229216;0;0;0;49,400002;0
05.10.2025 03:19:22;0,263161;0;0,261336;0;0;0;49,400002;0
05.10.2025 03:24:24;0,254104;0;0,256105;0;0;0;49,400002;0
05.10.2025 03:29:25;0,249109;0;0,248196;0;0;0;49,400002;0
05.10.2025 03:34:26;0,222829;0;0,221917;0;0;0;49,400002;0
05.10.2025 03:39:28;0,142786;0;0,144059;0;0;0;49,400002;0
05.10.2025 03:44:28;0,140625;0;0,140625;0;0;0;49,400002;0
05.10.2025 03:49:30;0,140057;0;0,139694;0;0;0;49,400002;0
05.10.2025 03:54:32;0,27575;0;0,275022;0;0;0;49,400002;0
05.10.2025 03:59:33;1,359421;0;1,360699;0;0;0;49,400002;0
05.10.2025 04:04:34;2,749137;0;2,749137;0;0;0;49,400002;0
05.10.2025 04:09:34;1,572144;0;1,571777;0;0;0;49,400002;0
05.10.2025 04:14:37;1,390333;0;1,389426;0;0;0;49,400002;0
05.10.2025 04:19:38;1,403586;0;1,404498;0;0;0;49,400002;0
05.10.2025 04:24:40;1,463328;0;1,463874;0;0;0;49,400002;0
05.10.2025 04:29:42;0,991862;0;0,990952;0;0;0;49,400002;0
05.10.2025 04:34:44;0,344869;0;0,344869;0;0;0;49,400002;0
05.10.2025 04:39:46;0,331591;0;0,331773;0;0;0;49,299999;0
05.10.2025 04:44:48;0,265564;0;0,266291;0;0;0;49,299999;0
05.10.2025 04:49:50;0,252831;0;0,25174;0;0;0;49,299999;0
05.10.2025 04:54:52;0,177527;0;0,177527;0;0;0;49,299999;0
05.10.2025 04:59:54;0,177891;0;0,177527;0;0;0;49,400002;0
05.10.2025 05:04:56;0,208631;0;0,209541;0;0;0;49,299999;0
05.10.2025 05:09:59;0,229698;0;0,229154;0;0;0;49,400002;0
05.10.2025 05:15:00;0,322655;0;0,322655;0;0;0;49,299999;0
05.10.2025 05:20:02;0,308126;0;0,30849;0;0;0;49,299999;0
05.10.2025 05:25:03;0,319553;0;0,319735;0;0;0;49,299999;0
05.10.2025 05:30:05;1,558458;0;1,558458;0;0;0;49,299999;0
05.10.2025 05:35:06;2,406955;0;2,407502;0;0;0;49,299999;0
05.10.2025 05:40:07;1,370371;0;1,369459;0;0;0;49,299999;0
05.10.2025 05:45:09;1,339823;0;1,340187;0;0;0;49,299999;0
05.10.2025 05:50:12;1,419883;0;1,419883;0;0;0;49,299999;0
05.10.2025 05:55:13;1,489359;0;1,489177;0;0;0;49,299999;0
05.10.2025 06:00:13;1,311218;0;1,311035;0;0;0;49,299999;0
05.10.2025 06:05:15;1,295805;0;1,296532;0;0;0;49,299999;0
05.10.2025 06:10:18;1,500196;0;1,499652;0;0;0;49,299999;0
05.10.2025 06:15:19;2,273914;0;2,274644;0;0;0;49,299999;0
05.10.2025 06:20:21;1,717614;0;1,717069;0;0;0;49,299999;0
05.10.2025 06:25:23;1,542451;0;1,542451;0;0;0;49,299999;0
05.10.2025 06:30:26;1,531378;0;1,531559;0;0;0;49,299999;0
05.10.2025 06:35:28;1,410761;0;1,410033;0;0;0;49,299999;0
05.10.2025 06:40:29;1,343726;0;1,344639;0;0;0;49,299999;0
05.10.2025 06:45:31;1,397301;0;1,395482;0;0;0;49,299999;0
05.10.2025 06:50:31;1,282654;0;1,283203;0;0;0;49,299999;0
05.10.2025 06:55:33;1,228322;0;1,229596;0;0;0;49,299999;0
05.10.2025 07:00:35;1,243783;0;1,244147;0;0;0;49,299999;0
05.10.2025 07:05:37;1,232142;0;1,231051;0;0;0;49,299999;0
05.10.2025 07:10:39;1,269976;0;1,27034;0;0;0;49,299999;0
05.10.2025 07:15:39;1,34198;0;1,341797;0;0;0;49,200001;0
05.10.2025 07:20:41;3,204952;0;3,20568;0;0;0;49,200001;0
05.10.2025 07:25:44;2,727728;0;2,72664;0;0;0;49,200001;0
05.10.2025 07:30:45;1,996884;0;1,997249;0;0;0;49,200001;0
05.10.2025 07:35:47;1,713976;0;1,714158;0;0;0;49,200001;0
05.10.2025 07:40:49;2,433181;0;2,432999;0;0;0;49,200001;0
05.10.2025 07:45:52;1,417708;0;1,422784;0;0;0,005801;49,200001;0
05.10.2025 07:50:54;1,432042;0;1,453688;0;0;0,021827;49,200001;0
05.10.2025 07:55:55;1,049541;0;1,116883;0;0;0,067159;49,200001;0
05.10.2025 08:00:57;0,164795;0;0,324497;0;0;0,160066;49,200001;0
05.10.2025 08:05:59;0,141149;0;0,309945;0,068392;0;0,237188;49,400002;3
05.10.2025 08:11:02;1,34084;0;1,360419;0,163163;0;0,182743;49,599998;6,5
05.10.2025 08:16:01;0,875967;0;0,896543;0,421081;0;0,442393;50,099998;9,3
05.10.2025 08:21:03;1,223775;0;1,244147;0,325952;0;0,346324;50,200001;5,3
05.10.2025 08:26:06;1,256539;0;1,274849;0,253084;0;0,269763;50,299999;5,2
05.10.2025 08:31:07;0,443286;0;0,464273;0,375214;0;0,395654;50,5;6,2
05.10.2025 08:36:07;0,434326;0;0,454102;0,386719;0;0,405762;50,700001;7,7
05.10.2025 08:41:09;0,15279;0,014551;0,401619;0,25756;0;0,522396;50,700001;2,1
05.10.2025 08:46:11;0,00291;0,040016;0,340503;0,077123;0;0,45546;50,700001;2,9
05.10.2025 08:51:14;0,002357;0,08702;0,25671;0,054388;0;0,395943;50,700001;2,1
05.10.2025 08:56:15;0,504422;0,00511;0,899346;0,02701;0,01314;0,413174;50,599998;0
05.10.2025 09:01:17;0,296667;0,00291;0,397254;0,642446;0;0,743578;51,200001;13,4
05.10.2025 09:06:19;0,398527;0;0,421991;0,621346;0;0,646083;51,400002;9,8
05.10.2025 09:11:19;0,184204;0,023438;0,46582;0,571289;0;0,877441;51,5;8,6
05.10.2025 09:16:22;1,236778;0,000725;2,124749;0,007977;0,035533;0,860052;51,299999;0
05.10.2025 09:21:23;1,212511;0;1,94907;0;0;0,738748;51,299999;0
05.10.2025 09:26:25;0,356692;0,003638;1,249968;0,1557;0,018917;1,033151;51,299999;0
05.10.2025 09:31:25;0,102356;0,037354;1,26709;0,141357;0,008057;1,335938;51,400002;4,8
05.10.2025 09:36:27;0,006366;0,040016;0,519486;1,24633;0;1,797101;52,099998;40,700001
05.10.2025 09:41:27;0,019409;0,039551;0,309082;1,417236;0;1,747559;51,900002;11,8
05.10.2025 09:46:29;0;0,025465;0,349234;0,760312;0;1,136467;51,900002;20
05.10.2025 09:51:31;0,002728;0,016734;0,320131;0,508572;0;0,842528;51,799999;4,7
05.10.2025 09:56:33;0,014188;0,098222;0,363786;1,319815;0;1,766543;52,099998;29,200001
05.10.2025 10:01:35;0,012914;0,061116;0,325952;1,768726;0;2,143425;52,299999;47,299999
05.10.2025 10:06:37;0,00964;0,176072;0,282298;1,923699;0;2,371883;52,099998;15,2
05.10.2025 10:11:40;0,008702;0,090646;0,239306;1,010887;0;1,332863;52,400002;47,299999
05.10.2025 10:16:41;0,02263;0,213157;0,413174;1,89067;0;2,493641;52,5;47,200001
05.10.2025 10:21:43;0,011277;0,186986;0,887637;1,370745;0;2,434454;52,299999;23,6
05.10.2025 10:26:45;0,002001;0,025465;1,178666;0,896368;0;2,099771;52,200001;0,9
05.10.2025 10:31:47;0,004911;0,039289;1,12046;0,052385;0,00291;1,201948;52;0
05.10.2025 10:36:49;0,010186;0,028375;0,827976;0,416171;0;1,263064;52,299999;14,8
05.10.2025 10:41:52;0,002719;0,035533;0,408996;0,823793;0;1,267597;52,299999;9,9
05.10.2025 10:46:52;0,000366;0,028564;0,33252;0,484131;0;0,842285;52,299999;15,3
05.10.2025 10:51:53;0,001825;0,02336;0,294915;0,64604;0;0,963585;52,299999;9,8
05.10.2025 10:56:55;0,009822;0,02692;0,312856;0,729754;0;1,059344;52,5;24,700001
05.10.2025 11:01:57;0,022009;0,02401;0,934202;0,471466;0,327407;1,079716;52;-20,1
05.10.2025 11:06:59;0,012551;0,053113;2,374793;0;1,555548;0,859989;51,599998;-22
05.10.2025 11:12:01;0,013824;0,05384;1,484246;0,113501;0,165886;1,469694;52;3,1
05.10.2025 11:17:03;0,016552;0,043654;1,337276;0,579147;0;1,945526;52,299999;21,9
05.10.2025 11:22:05;0,012732;0,038561;1,295077;0,802511;0;2,124508;52,299999;11,4
05.10.2025 11:27:07;0,006912;0,02983;1,236871;0,403075;0,007276;1,654497;52,200001;-4,5
05.10.2025 11:32:09;0,007458;0,021827;1,149563;0,000728;0,205903;0,958939;52,099998;0
05.10.2025 11:37:11;0,012914;0,032741;0,424902;0,398709;0,003638;0,841073;52,299999;6,5
05.10.2025 11:42:13;0,008367;0,030558;0,437998;0,379065;0;0,839617;52,400002;6,7
05.10.2025 11:47:15;0,003092;0,028375;0,451094;0,540586;0;1,01569;52,5;19,1
05.10.2025 11:52:17;0,007639;0,05384;0,468556;1,567189;0;2,080854;52,799999;26,1
05.10.2025 11:57:20;0,011603;0,097173;0,445254;1,725905;0;2,25673;53;38,799999
05.10.2025 12:02:21;0,003467;0,63144;0,388354;2,449842;0;3,467446;53,200001;46,599998
05.10.2025 12:07:23;0,008003;0,045109;0,321587;1,470422;0;1,829114;53,099998;29,700001
05.10.2025 12:12:23;0,012634;0,047607;0,42334;1,578369;0;2,034668;53,099998;26,700001
05.10.2025 12:17:25;0,007458;0,040016;0,544223;1,250695;0;1,83057;53;16,299999
05.10.2025 12:22:28;0,00145;0,036984;0,542427;0,905738;0;1,483698;53,099998;27,200001
05.10.2025 12:27:29;0,001095;0,032119;0,550411;1,559986;0;2,140327;53,200001;25,700001
05.10.2025 12:32:29;0,000366;0,027832;0,496582;1,342529;0;1,866211;53,200001;23,6
05.10.2025 12:37:32;0,001994;0,024656;0,445254;1,250193;0;1,717203;53,299999;25
05.10.2025 12:42:33;0,016242;0,057669;0,857007;1,166522;0,224836;1,842491;53,299999;30,9
05.10.2025 12:47:35;0,000728;0,066937;0,392889;1,997183;0;2,456281;53,599998;46,200001
05.10.2025 12:52:37;0,032195;0,026193;0,935657;1,202676;0,05093;2,079399;53;-4,6
05.10.2025 12:57:39;0,052203;0,099677;1,936795;0,02692;0,846893;1,162659;52,700001;0,3
05.10.2025 13:02:42;0,123642;0,12618;2,327796;0,00145;1,664266;0,670057;52,299999;-30
05.10.2025 13:07:41;0,118682;0,138156;1,378619;0;0,911975;0,485015;52,5;0
05.10.2025 13:12:43;0,114774;0,112046;0,910919;0,080033;0,295394;0,692648;52,400002;-23,299999
05.10.2025 13:17:46;0,139233;0,113852;2,442373;0;1,63961;0,778833;51,900002;-45,200001
05.10.2025 13:22:47;0,055297;0,090519;2,035208;0;1,30303;0,767948;52,200001;-10,6
05.10.2025 13:27:49;0,001637;0,035651;1,47406;0;0,770498;0,734847;52,099998;-11,7
05.10.2025 13:32:51;0,008549;0,032013;1,351828;0;0,568961;0,804694;52,200001;-9,2
05.10.2025 13:37:54;0;0,026106;1,36187;0;0,500367;0,889059;52,099998;-10,4
05.10.2025 13:42:55;0,004927;0,02555;1,373839;0;0,342365;1,054104;52,200001;-3,7
05.10.2025 13:47:57;0,002001;0,02401;1,286346;0;0,283753;1,025876;52,200001;-2,9
05.10.2025 13:52:59;0,010368;0,014551;1,281981;0;0,265564;1,020055;52,099998;-8,3
05.10.2025 13:58:01;0,000909;0,040016;0,787232;0,310673;0,214634;0,921105;52,5;13,4
05.10.2025 14:03:04;0,009065;0,02103;0,317625;0,820893;0;1,15012;52,700001;16,1
05.10.2025 14:08:05;0,006205;0,037959;0,341635;0,940225;0;1,313979;52,900002;22,700001
05.10.2025 14:13:07;0,010004;0,030558;0,50639;1,442774;0;1,970263;53,099998;25,6
05.10.2025 14:18:10;0,001813;0,038434;0,546778;1,686021;0;2,268332;53,400002;37,400002
05.10.2025 14:23:09;0,005144;0,035274;0,520289;1,691674;0;2,242828;53,299999;30,200001
05.10.2025 14:28:11;0,005639;0,041472;0,507845;1,34528;0;1,89023;53,299999;25,1
05.10.2025 14:33:13;0,027466;0,042199;1,57592;0,673004;0,447456;1,814563;52,799999;0
05.10.2025 14:38:14;0,006022;0,02263;1,991409;0;0,590561;1,419098;52,599998;-13,1
05.10.2025 14:43:16;0,003456;0,032741;1,993546;0;0,770498;1,251423;52,5;-8,1
05.10.2025 14:48:17;0,013322;0,02701;2,058568;0;0,468653;1,603055;52,400002;-21,6
05.10.2025 14:53:19;0,010914;0,055295;0,871631;0,572599;0,311401;1,177211;52,900002;13,2
05.10.2025 14:58:21;0,000728;0,02983;0,481652;0,76686;0;1,279071;53,099998;18,200001
05.10.2025 15:03:23;0,004365;0,049475;0,451094;1,134284;0;1,631215;53,400002;27,9
05.10.2025 15:08:23;0,003479;0,035889;0,437988;1,14624;0;1,615723;53,299999;19,200001
05.10.2025 15:13:26;0,001088;0,031182;0,395943;1,274849;0;1,701249;53,400002;25,700001
05.10.2025 15:18:27;0,001277;0,03066;0,354774;1,451217;0;1,835191;53,400002;25,1
05.10.2025 15:23:27;0,01062;0,023438;0,98877;0,733887;0,092285;1,643555;53;-5,7
05.10.2025 15:28:30;0,016135;0,034808;2,208868;0,000725;0,78826;1,438738;52,599998;-15,1
05.10.2025 15:33:31;0,01095;0,048179;1,454137;0;0,264986;1,224921;52,799999;0
05.10.2025 15:38:33;0,004002;0,018917;1,411489;0;0,246647;1,181576;52,700001;-2,6
05.10.2025 15:43:35;0,003456;0,027648;1,350373;0,133873;0,008731;1,501707;52,900002;5,7
05.10.2025 15:48:37;0,002728;0,029103;0,756674;0,830887;0;1,610843;53,200001;18,4
05.10.2025 15:53:40;0,000725;0,023205;0,321976;0,695438;0;1,041344;53,099998;3,4
05.10.2025 15:58:41;0,000547;0,02482;0,302215;0,262066;0;0,588371;53,099998;6,9
05.10.2025 16:03:44;0,018311;0,025381;0,93692;0,484414;0,035533;1,393777;53;0
05.10.2025 16:08:45;0,024455;0,02993;2,077547;0;0,331415;1,750513;52,700001;-12,9
05.10.2025 16:13:47;0,000182;0,042199;1,977539;0,099677;0,657725;1,460963;52,900002;16,799999
05.10.2025 16:18:49;0,001091;0,025465;0,516576;0,76686;0;1,306718;53,099998;11,8
05.10.2025 16:23:52;0,007252;0,029732;1,202332;0,19362;0,474986;0,944172;52,5;-23,4
05.10.2025 16:28:54;0,01055;0,046565;2,613436;0;1,994273;0,654814;52,099998;-30,200001
05.10.2025 16:33:55;0,00292;0,03066;1,486257;0;1,108123;0,407334;52,299999;-16,799999
05.10.2025 16:38:57;0,007821;0,026193;1,328545;0;0,894913;0,451094;52,299999;-15,3
05.10.2025 16:43:59;0,002728;0,032741;1,316904;0;0,985859;0,360875;52,200001;-20,5
05.10.2025 16:49:01;0,006912;0,038561;1,370745;0;1,119732;0,282298;52,099998;-21,1
05.10.2025 16:54:03;0,000182;0,042199;0,742123;0,261926;0,314311;0,731937;52,700001;10,5
05.10.2025 16:59:05;0,00291;0,031286;0,400164;0,658452;0;1,088447;52,799999;12,7
05.10.2025 17:04:07;0,001637;0,034923;0,372517;0,60825;0;1,014235;52,900002;10,5
05.10.2025 17:09:07;0,004761;0,025635;0,373535;0,678955;0;1,072266;53,099998;15,3
05.10.2025 17:14:09;0,011095;0,02692;0,341959;0,774136;0;1,133556;53,200001;26,299999
05.10.2025 17:19:11;0,016552;0,02983;0,387068;1,406396;0;1,805832;53,400002;25,299999
05.10.2025 17:24:14;0,000544;0,026831;0,38144;1,435837;0;1,843383;53,400002;27,6
05.10.2025 17:29:15;0,019892;0,049639;0,554791;1,338069;0;1,92279;53,5;31,200001
05.10.2025 17:34:17;0,009277;0,034923;0,468556;0,825794;0;1,318359;53,099998;2,7
05.10.2025 17:39:19;0,004729;0,02401;0,448184;0,394344;0;0,8629;53,099998;6,4
05.10.2025 17:44:22;0,007977;0,034808;1,113861;0,099348;0,657729;0,583037;52,5;-32
05.10.2025 17:49:23;0,017885;0,043069;2,473201;0;1,93958;0,559171;52,299999;-17,9
05.10.2025 17:54:25;0,001455;0,032013;1,395482;0;0,871631;0,552954;52,400002;-14,3
05.10.2025 17:59:25;0,000732;0,026367;1,353516;0;1,087646;0,291504;52,200001;-25,6
05.10.2025 18:04:28;0,095904;0,01958;2,671527;0;2,433671;0,162438;51,599998;-73,699997
05.10.2025 18:09:29;0,030477;0,049639;3,546285;0;3,509785;0,054019;51,5;-67,699997
05.10.2025 18:14:31;0;0,055295;3,044159;0;3,098727;0,001455;51,5;-53
05.10.2025 18:19:34;0;0,056563;2,451075;0;2,507638;0;51,5;-45,599998
05.10.2025 18:24:36;0;0,05384;2,166708;0;2,221275;0;51,5;-41,099998
05.10.2025 18:29:37;0;0,048179;1,842491;0;1,8914;0;51,5;-33,900002
05.10.2025 18:34:37;0,112976;0,049805;2,367188;0;2,275635;0,027832;51,400002;-28,5
05.10.2025 18:39:39;0;0,037106;1,376565;0;1,389661;0,023282;51,400002;-31,200001
05.10.2025 18:44:41;0,005275;0,048747;1,526445;0;1,555548;0,014551;51,299999;-31,700001
05.10.2025 18:49:43;0;0,043654;1,481335;0;1,52499;0;51,200001;-30,4
05.10.2025 18:54:45;0;0,042199;1,440591;0;1,482063;0;51,099998;-29,799999
05.10.2025 18:59:47;0;0,043654;1,446412;0;1,490794;0;51;-29,4
05.10.2025 19:04:49;0;0,044382;1,424585;0;1,469694;0;50,900002;-25,5
05.10.2025 19:09:51;0,000182;0,041472;1,299443;0;1,338731;0;50,799999;-25,6
05.10.2025 19:14:53;0,001273;0,045109;1,348917;0;1,394754;0;50,700001;-27,799999
05.10.2025 19:19:55;0,002001;0,049475;1,353283;0;1,401303;0;50,599998;-28,200001
05.10.2025 19:24:57;0,00673;0,040744;1,487156;0;1,519169;0;50,5;-33,400002
05.10.2025 19:29:59;0,001819;0,042927;1,564279;0;1,60575;0;50,400002;-31,9
05.10.2025 19:35:01;0,000182;0,030558;0,644628;0;0,677369;0;50,799999;-9,9
05.10.2025 19:40:03;0,005093;0,026193;0,468556;0;0,4882;0;50,799999;-8,8
05.10.2025 19:45:05;0,016734;0,035651;0,55732;0;0,576237;0;50,400002;-25,6
05.10.2025 19:50:06;0,022265;0,034309;0,585451;0;0,597861;0;50,5;-24
05.10.2025 19:55:06;0,004211;0,026367;0,430664;0;0,452637;0;50,799999;-4,5
05.10.2025 20:00:09;0,013234;0,023205;0,278465;0;0,288618;0;50,700001;-7,7
05.10.2025 20:05:10;0,004927;0,056209;0,416093;0;0,465733;0;50,5;-11,3
05.10.2025 20:10:12;0,000909;0,034196;0,532582;0;0,565323;0;50,400002;-11,9
05.10.2025 20:15:14;0,009095;0,0211;0,558775;0;0,572599;0;50,299999;-11
05.10.2025 20:20:16;0,000182;0,033468;0,516576;0;0,550044;0;50,299999;-10,2
05.10.2025 20:25:19;0,001269;0,026106;0,408996;0;0,433652;0;50,200001;-9,5
05.10.2025 20:30:20;0,295645;0,032849;1,461437;0;1,198641;0;49,799999;-0,2
05.10.2025 20:35:22;2,660365;0;2,678918;0;0,017462;0;50,099998;-0,3
05.10.2025 20:40:24;1,556457;0;1,571554;0;0,014551;0;50,200001;-0,3
05.10.2025 20:45:27;1,571081;0;1,572169;0;0,00145;0;50,299999;0
05.10.2025 20:50:28;1,529874;0;1,528596;0;0;0;50,299999;0
05.10.2025 20:55:30;1,526445;0;1,5279;0;0;0;50,299999;0
05.10.2025 21:00:30;0,789185;0;0,788086;0;0;0;50,299999;0
05.10.2025 21:05:32;0,327589;0;0,327407;0;0;0;50,299999;0
05.10.2025 21:10:34;0,344869;0;0,346324;0;0;0;50,299999;0
05.10.2025 21:15:36;0,367787;0;0,366696;0;0;0;50,400002;0
05.10.2025 21:20:38;0,435997;0;0,436543;0;0;0;50,400002;0
05.10.2025 21:25:40;0,439271;0;0,439453;0;0;0;50,400002;0
05.10.2025 21:30:42;0,39307;0;0,392889;0;0;0;50,400002;0
05.10.2025 21:35:44;0,390888;0;0,391433;0;0;0;50,400002;0
05.10.2025 21:40:47;0,329952;0;0,329227;0;0;0;50,400002;0
05.10.2025 21:45:48;0,292178;0;0,291995;0;0;0;50,400002;0
05.10.2025 21:50:50;0,54968;0;0,550044;0;0;0;50,400002;0
05.10.2025 21:55:52;1,44714;0;1,446412;0;0;0;50,400002;0
05.10.2025 22:00:55;3,193468;0;3,193649;0;0;0;50,400002;0
05.10.2025 22:05:56;2,177738;0;2,178286;0;0;0;50,400002;0
05.10.2025 22:10:58;1,970081;0;1,970263;0;0;0;50,400002;0
05.10.2025 22:16:00;1,784005;0;1,784005;0;0;0;50,400002;0
05.10.2025 22:21:02;1,615027;0;1,615209;0;0;0;50,400002;0
05.10.2025 22:26:04;1,378202;0;1,37802;0;0;0;50,400002;0
05.10.2025 22:36:08;1,336821;0;1,336549;0;0;0;50,400002;0
05.10.2025 22:41:10;1,169935;0;1,169935;0;0;0;50,400002;0
05.10.2025 22:46:12;0,406349;0;0,40744;0;0;0;50,400002;0
05.10.2025 22:51:14;0,418354;0;0,417626;0;0;0;50,400002;0
05.10.2025 22:56:16;0,427084;0;0,426357;0;0;0;50,400002;0
05.10.2025 23:01:16;0,341492;0;0,342773;0;0;0;50,400002;0
05.10.2025 23:06:18;0,338321;0;0,339048;0;0;0;50,400002;0
05.10.2025 23:11:18;0,318054;0;0,316406;0;0;0;50,400002;0
05.10.2025 23:16:20;0,363968;0;0,363786;0;0;0;50,400002;0
05.10.2025 23:21:23;0,382709;0;0,38289;0;0;0;50,400002;0
05.10.2025 23:26:24;0,381602;0;0,382514;0;0;0;50,400002;0
05.10.2025 23:31:26;0,378701;0;0,378337;0;0;0;50,400002;0
05.10.2025 23:36:28;0,292847;0;0,292484;0;0;0;50,400002;0
05.10.2025 23:41:31;0,188907;0;0,189995;0;0;0;50,400002;0
05.10.2025 23:46:32;0,187242;0;0,185417;0;0;0;50,400002;0
05.10.2025 23:51:34;0,224274;0;0,224092;0;0;0;50,400002;0
05.10.2025 23:56:34;0,365479;0;0,366211;0;0;0;50,400002;0
29.09.2025 00:04:31;0;0;0;0;0;0;49,900002;-7,6
