Uhrzeit;Netzbezug [kW];Netzeinspeisung [kW];Stromverbrauch [kW];Akkubeladung [kW];Akkuentnahme [kW];Stromerzeugung [kW];Akku Spannung [V];Akku Stromstärke [A]
15.09.2025 00:05:22;0,000274;0,02482;0,442373;0;0,466463;0;52,299999;-8,9
15.09.2025 00:10:24;0,000728;0,025465;0,378337;0;0,402711;0;52,299999;-7
15.09.2025 00:15:26;0,00723;0,029103;0,381247;0;0,403438;0;52,299999;-8,5
15.09.2025 00:20:28;0,003274;0,025465;0,421991;0;0,444182;0;52,299999;-8,2
15.09.2025 00:25:31;0,000861;0,026831;0,407546;0;0,432201;0;52,299999;-8,3
15.09.2025 00:30:33;0,000364;0,023282;0,395799;0;0,420172;0;52,299999;-7,7
15.09.2025 00:35:34;0,002783;0,02701;0,405874;0;0,429963;0;52,200001;-9,2
15.09.2025 00:40:34;0,000275;0,0271;0,410156;0;0,436523;0;52,299999;-7,2
15.09.2025 00:45:36;0,003638;0,021827;0,3536;0;0,37288;0;52,299999;-7,2
15.09.2025 00:50:38;0,001273;0,028375;0,315038;0;0,341595;0;52,299999;-5,6
15.09.2025 00:55:40;0,008185;0,027648;0,292484;0;0,311401;0;52,299999;-8,4
15.09.2025 01:00:42;0,002592;0,037106;0,38052;0;0,416171;0;52,299999;-8
15.09.2025 01:05:45;0,001405;0,031907;0,387241;0;0,417335;0;52,299999;-8
15.09.2025 01:10:47;0,006912;0,02401;0,402347;0;0,419445;0;52,299999;-7,7
15.09.2025 01:15:48;0,004745;0,02044;0,400034;0;0,415364;0;52,200001;-7,8
15.09.2025 01:20:50;0,005912;0,040744;0,358693;0;0,393616;0;52,299999;-6,9
15.09.2025 01:25:52;0,000136;0,027648;0,336866;0;0,364149;0;52,299999;-7
15.09.2025 01:30:54;0,000955;0,027648;0,328862;0;0,35651;0;52,299999;-6,7
15.09.2025 01:35:57;0,001269;0,025381;0,320525;0;0,343368;0;52,299999;-5,6
15.09.2025 01:40:59;0,01346;0,032013;0,466373;0;0,48529;0;52,200001;-9,9
15.09.2025 01:46:00;0,003832;0,02482;0,497122;0;0,517927;0;52,200001;-9,8
15.09.2025 01:51:01;0,002966;0,02555;0,478143;0;0,500772;0;52,200001;-9,6
15.09.2025 01:56:02;0,001642;0,02336;0,473763;0;0,495297;0;52,200001;-9,5
15.09.2025 02:01:05;0,002629;0,023931;0,474261;0;0,495654;0;52,200001;-10,3
15.09.2025 02:06:06;0,000274;0,02993;0,437993;0;0,468288;0;52,200001;-7
15.09.2025 02:11:07;0,000182;0,02628;0,342365;0;0,367549;0;52,200001;-7
15.09.2025 02:16:08;0,000046;0,0292;0,309515;0;0,338715;0;52,299999;-5,6
15.09.2025 02:21:10;0,005684;0,019644;0,285936;0;0,299396;0;52,200001;-25,1
15.09.2025 02:26:12;0,000227;0,028375;0,397982;0;0,426721;0;52,200001;-8,2
15.09.2025 02:31:14;0,000182;0,025465;0,389251;0;0,415807;0;52,200001;-7,8
15.09.2025 02:36:14;0,002609;0,025635;0,389648;0;0,411621;0;52,200001;-7,9
15.09.2025 02:41:17;0,001994;0,026106;0,390867;0;0,414797;0;52,200001;-9,3
15.09.2025 02:46:18;0,000456;0,02993;0,405874;0;0,435438;0;52,200001;-6,3
15.09.2025 02:51:18;0;0,02417;0,33252;0;0,357056;0;52,200001;-6,9
15.09.2025 02:56:21;0,000227;0,02248;0,331403;0;0,353883;0;52,200001;-6,9
15.09.2025 03:01:23;0;0,022555;0,279387;0;0,301578;0;52,299999;-5,5
15.09.2025 03:06:24;0,004699;0,02628;0,405144;0;0,425948;0;52,200001;-8
15.09.2025 03:11:26;0,000864;0,021827;0,395799;0;0,416898;0;52,200001;-8
15.09.2025 03:16:26;0,007187;0,02417;0,395508;0;0,41272;0;52,200001;-7,7
15.09.2025 03:21:28;0,001592;0,020372;0,392161;0;0,411078;0;52,200001;-7,8
15.09.2025 03:26:30;0,000318;0,029103;0,340503;0;0,36997;0;52,200001;-5,8
15.09.2025 03:31:32;0,006548;0,029103;0,321587;0;0,343777;0;52,200001;-6,9
15.09.2025 03:36:34;0,005866;0,045837;0,350689;0;0,389978;0;52,200001;-8,8
15.09.2025 03:41:36;0,001546;0,028375;0,43727;0;0,464554;0;52,200001;-7,6
15.09.2025 03:46:36;0,011627;0,024902;0,487061;0;0,499878;0,001465;52,099998;-9,6
15.09.2025 03:51:39;0,004714;0,018129;0,479337;0;0,493841;0;52,099998;-9,6
15.09.2025 03:56:41;0,000409;0,038561;0,454732;0;0,49293;0;52,200001;-9,3
15.09.2025 04:01:42;0,001186;0,03139;0,440913;0;0,470478;0;52,200001;-8,4
15.09.2025 04:06:43;0,002692;0,0292;0,434343;0;0,460988;0;52,099998;-9,2
15.09.2025 04:11:44;0,010904;0,02117;0,396384;0;0,406604;0;52,200001;-6,8
15.09.2025 04:16:46;0,002683;0,02401;0,3325;0;0,354327;0;52,200001;-7
15.09.2025 04:21:48;0,000773;0,032013;0,291029;0;0,32195;0;52,200001;-5,1
15.09.2025 04:26:51;0,011285;0,02103;0,313274;0;0,322701;0;52,200001;-8,3
15.09.2025 04:31:52;0,002327;0,02263;0,401494;0;0,422298;0;52,200001;-7,8
15.09.2025 04:36:52;0,003067;0,020508;0,4021;0;0,419312;0;52,200001;-7,7
15.09.2025 04:41:54;0,004866;0,019644;0,400892;0;0,415443;0;52,099998;-7,6
15.09.2025 04:46:56;0,000091;0,026193;0,384158;0;0,410714;0;52,200001;-7,7
15.09.2025 04:51:58;0,000318;0,023282;0,324497;0;0,346324;0;52,200001;-5,4
15.09.2025 04:56:59;0,001506;0,02044;0,286156;0;0,305865;0;52,200001;-6,9
15.09.2025 05:02:00;0,000091;0,02628;0,341635;0;0,367184;0;52,200001;-7
15.09.2025 05:07:02;0,006503;0,026193;0,364513;0;0,384521;0;52,099998;-9,5
15.09.2025 05:12:05;0,004668;0,023205;0,442354;0;0,461571;0;52,200001;-7,8
15.09.2025 05:17:06;0,000137;0,02482;0,391274;0;0,415728;0;52,099998;-7,6
15.09.2025 05:22:08;0,000182;0,023282;0,38634;0;0,409259;0;52,099998;-7,9
15.09.2025 05:27:10;0,002092;0,022555;0,397254;0;0,417626;0;52,099998;-9,9
15.09.2025 05:32:12;0,000318;0,026193;0,396526;0;0,422355;0;52,099998;-6,7
15.09.2025 05:37:14;0,007185;0,022555;0,423447;0;0,438726;0;52,099998;-10,1
15.09.2025 05:42:17;0,010243;0,021755;1,17115;0;1,183115;0;51,599998;-34,799999
15.09.2025 05:47:18;0,041701;0,054749;2,427212;0;2,439257;0;51,400002;-45,599998
15.09.2025 05:52:20;0,000136;0,050202;1,650132;0;1,699971;0;51,599998;-27,1
15.09.2025 05:57:22;0,000136;0,040016;1,433316;0;1,474423;0;51,599998;-28,4
15.09.2025 06:02:24;0,003138;0,047292;1,170662;0;1,21468;0;51,799999;-9,5
15.09.2025 06:07:26;0,000136;0,02692;0,405985;0;0,432905;0;51,900002;-9,6
15.09.2025 06:12:28;0,001728;0,024737;0,427812;0;0,449639;0;52;-6,7
15.09.2025 06:17:30;0,002319;0,021827;0,355782;0;0,375427;0;52;-7,6
15.09.2025 06:22:32;0,000091;0,032013;0,3536;0;0,386704;0;52;-7,5
15.09.2025 06:27:34;0,00241;0,030558;0,371789;0;0,400164;0;52;-8,6
15.09.2025 06:32:36;0,006776;0,034196;0,523124;0;0,549316;0;51,900002;-10,9
15.09.2025 06:37:38;0,012505;0,017462;0,577692;0;0,583148;0;51,900002;-10,4
15.09.2025 06:42:41;0,010606;0,020305;0,634524;0;0,644676;0;51,700001;-18,6
15.09.2025 06:47:42;0,011041;0,039419;0,815397;0;0,843137;0;51,700001;-18,6
15.09.2025 06:52:44;0,011186;0,035651;0,542768;0;0,567142;0;51,799999;-8,6
15.09.2025 06:57:47;0,006708;0,018129;0,416248;0;0,427488;0;51,900002;-7,3
15.09.2025 07:02:48;0,015421;0,032119;0,967965;0;0,984755;0;51,200001;-46
15.09.2025 07:07:48;0,025589;0,080566;1,726318;0;1,761475;0,020508;51,299999;-31,1
15.09.2025 07:12:50;0,012642;0,061844;1,3722;0;1,3722;0,049475;51,599998;-8,4
15.09.2025 07:17:53;0,005665;0,034808;1,227713;0;1,142868;0,111676;51,299999;-26,299999
15.09.2025 07:22:55;0,000819;0,036379;0,545679;0;0,358693;0,224092;51,700001;-2,6
15.09.2025 07:27:56;0,017885;0,02409;1,198641;0;0,858102;0,347475;51,099998;-35,099998
15.09.2025 07:32:56;0,003708;0,043213;1,96582;0;1,601807;0,402832;51,099998;-33,299999
15.09.2025 07:37:58;0,002956;0,046565;3,335915;0;2,992865;0,385613;50,5;-70,099998
15.09.2025 07:43:00;0;0,058206;3,562917;0;3,339553;0,282298;50,5;-54,700001
15.09.2025 07:48:01;0,00438;0,072269;2,009659;0;1,803072;0,274476;51,099998;-8
15.09.2025 07:53:03;0,000409;0,022555;0,592971;0;0,383066;0,232823;51,200001;-8,3
15.09.2025 07:58:04;0,000411;0,02628;0,527052;0;0,388719;0,163517;51,299999;-8
15.09.2025 08:03:07;0,000181;0,024656;0,457582;0;0,343368;0,137782;51,299999;-6,3
15.09.2025 08:08:08;0,002555;0,0219;0,428503;0;0,30039;0,148918;51,299999;-5,8
15.09.2025 08:13:11;0,020078;0,028282;0,635249;0;0,451781;0,189995;50,799999;-44,799999
15.09.2025 08:18:12;0;0,047449;2,304574;0;2,063313;0,290535;50,400002;-39
15.09.2025 08:23:15;0,00077;0,052212;2,081964;0;1,766152;0,365486;50,799999;-0,2
15.09.2025 08:28:14;0,002985;0,043357;0,363026;0,013963;0,017637;0,40124;51,200001;1,1
15.09.2025 08:33:16;0,007821;0,056751;0,467101;0,005457;0,021827;0,497659;51,299999;-0,4
15.09.2025 08:38:18;0,001728;0,044382;0,494749;0,136783;0,004729;0,670821;51,400002;5,3
15.09.2025 08:43:20;0,003047;0,029103;0,480197;0,399437;0;0,905099;51,599998;7,4
15.09.2025 08:48:22;0,003092;0,028375;0,446001;0,280115;0;0,752309;51,700001;10,5
15.09.2025 08:53:24;0,003956;0,029103;0,454732;0,837435;0;1,316904;52;18,799999
15.09.2025 08:58:26;0,025238;0,02983;1,227413;0,631896;0,092765;1,770909;51,700001;0
15.09.2025 09:03:28;0,017825;0,042199;2,118688;0,008731;0,251376;1,901872;51,400002;-14,4
15.09.2025 09:08:31;0,014503;0,055838;0,846999;1,103709;0,070704;1,920251;52,200001;20,1
15.09.2025 09:13:32;0,014052;0,036499;0,516102;0,975995;0;1,515456;52,400002;37,099998
15.09.2025 09:18:34;0,020372;0,043654;0,499842;1,127008;0;1,648677;52,299999;8,1
15.09.2025 09:23:36;0,021009;0,056023;0,545679;1,901508;0;2,482474;52,799999;39,299999
15.09.2025 09:28:38;0,026829;0,173162;0,510028;1,47697;0;2,134694;52,900002;46,799999
15.09.2025 09:33:40;0,020463;0,259015;0,614798;2,1045;0;2,95685;53;46,799999
15.09.2025 09:38:41;0,023725;0,078839;0,521212;0,890221;0;1,465817;52,799999;17,6
15.09.2025 09:43:42;0,027375;0,313895;0,550411;1,805262;0;2,642559;53,099998;46,599998
15.09.2025 09:48:44;0,015461;0,241554;0,519486;1,902599;0;2,649815;53,200001;46,5
15.09.2025 09:53:46;0,004047;0,459825;0,635897;2,45519;0;3,544728;53,299999;46,400002
15.09.2025 09:58:47;0,000046;0,708819;0,588371;2,467361;0;3,765281;53,299999;46,299999
15.09.2025 10:03:48;0,012501;0,760648;0,552601;2,381953;0;3,682062;53,400002;41,799999
15.09.2025 10:08:51;0,01473;0,559831;0,542427;2,220108;0;3,308226;53,400002;46,299999
15.09.2025 10:13:52;0,019436;0,376674;0,525592;2,190696;0;3,074712;53,299999;37,200001
15.09.2025 10:18:54;0,034287;0,162248;0,415443;1,970263;0;2,511576;53,299999;30,4
15.09.2025 10:23:56;0,022509;0,158611;0,448912;1,926973;0;2,513032;53,299999;24,700001
15.09.2025 10:28:58;0,001455;0,034923;0,422719;1,182667;0;1,637036;53,200001;17,4
15.09.2025 10:34:01;0,01269;0,210299;0,529374;1,497114;0,000363;2,226272;53,400002;46,299999
15.09.2025 10:39:02;0,033808;0,342365;0,532892;1,93082;0;2,772497;53,299999;24,700001
15.09.2025 10:44:04;0,008185;0,047292;0,453277;0,945115;0;1,436226;53,200001;16,799999
15.09.2025 10:49:06;0,019417;0,598064;0,538403;2,257654;0;3,375931;53,400002;46,299999
15.09.2025 10:54:07;0,032621;0,381784;0,505152;2,070978;0;2,924334;53,400002;35,400002
15.09.2025 10:59:08;0,038735;0,375214;0,481062;2,2261;0;3,044052;53,400002;46,299999
15.09.2025 11:04:08;0,028748;0,288574;0,480469;2,264282;0;3,004395;53,5;46,299999
15.09.2025 11:09:10;0,008049;0,470739;0,476559;2,402441;0;3,342463;53,5;46,200001
15.09.2025 11:14:11;0,016562;0,045989;0,492742;1,263245;0;1,785552;53,400002;41,299999
15.09.2025 11:19:14;0,009291;0,738948;0,561282;2,389073;0;3,678063;53,5;46,200001
15.09.2025 11:24:14;0,013458;0,845215;0,563232;2,447021;0;3,842285;53,5;46,200001
15.09.2025 11:29:16;0,019826;0,639535;0,561685;2,220912;0;3,402124;53,400002;42,700001
15.09.2025 11:34:18;0,011641;0,073485;0,611888;2,297307;0;2,971402;53,5;46,200001
15.09.2025 11:39:20;0,00341;0,514393;0,523124;2,325682;0;3,359925;53,400002;36,099998
15.09.2025 11:44:22;0,011959;0,480925;0,526762;2,327865;0;3,323546;53,5;46
15.09.2025 11:49:25;0,000816;0,161713;0,566358;2,295889;0;3,02396;53,5;37,299999
15.09.2025 11:54:26;0,008532;0,056939;0,62268;1,968779;0;2,639639;53,5;41,099998
15.09.2025 11:59:28;0,006457;0,060388;0,603884;2,207452;0;2,865176;53,5;37,599998
15.09.2025 12:04:30;0,000273;0,030558;0,48238;1,261609;0;1,775274;53,400002;27,700001
15.09.2025 12:09:32;0,012141;0,156428;0,507117;1,623212;0;2,272933;53,599998;41,599998
15.09.2025 12:14:34;0,023282;0,272112;0,515121;1,655225;0;2,418447;53,5;32,299999
15.09.2025 12:19:37;0,009155;0,282091;0,493116;2,159557;0;2,926787;53,700001;45,900002
15.09.2025 12:24:39;0,007094;0,297577;0,490383;2,335868;0;3,118371;53,700001;29,1
15.09.2025 12:29:41;0,000637;0,652632;0,486018;2,225641;0;3,36138;53,900002;45,799999
15.09.2025 12:34:40;0,004823;2,026775;0,562177;2,464759;0;5,047097;53,900002;45,799999
15.09.2025 12:39:42;0;1,678507;0,58133;2,468286;0;4,729214;54;45,700001
15.09.2025 12:44:44;0,006321;1,709065;0,562413;2,45046;0;4,713208;53,900002;24,5
15.09.2025 12:49:44;0,013321;0,800537;0,509766;1,696289;0;2,991211;54;45,799999
15.09.2025 12:54:46;0,0216;0,403802;0,469284;1,559186;0;2,409716;53,799999;28,9
15.09.2025 12:59:48;0,036515;0,806877;0,408168;1,744352;0;2,916106;53,700001;16,5
15.09.2025 13:04:51;0,021891;0,140683;0,388691;1,154471;0;1,659189;53,900002;45,799999
15.09.2025 13:09:52;0,011771;0,757728;0,425583;1,592105;0;2,763737;53,900002;45,799999
15.09.2025 13:14:54;0,033696;0,522396;0,555865;1,993546;0;3,035428;53,799999;22,799999
15.09.2025 13:19:54;0,001053;0,032959;0,522949;0,983643;0;1,538086;53,799999;20,9
15.09.2025 13:24:56;0,035651;0,126597;0,503479;1,498433;0;2,09104;53,799999;17,6
15.09.2025 13:29:58;0,043973;0,529672;0,577692;1,903327;0;2,967036;53,799999;17,9
15.09.2025 13:35:00;0,02351;0,244464;0,582057;1,709065;0;2,511576;53,799999;18,299999
15.09.2025 13:40:02;0,008185;0,218271;0,505662;1,412944;0;2,128874;54;45,700001
15.09.2025 13:45:04;0,01828;1,153201;0,562413;2,281664;0;3,97836;54;26,4
15.09.2025 13:50:05;0,011315;1,602325;0,573041;2,437067;0;4,600388;54,099998;45,700001
15.09.2025 13:55:05;0,008331;0,938232;0,511963;2,406738;0;3,848145;54,099998;45,599998
15.09.2025 14:00:07;0,025829;1,250695;0,526762;2,391163;0;4,141336;54,099998;45,5
15.09.2025 14:05:10;0,118157;0,430026;2,006546;0,952874;0,631986;2,636719;53,700001;46,099998
15.09.2025 14:10:11;0,089743;0,563551;1,820592;1,548671;0,025185;3,8193;54;45,799999
15.09.2025 14:15:11;0,032913;0,744141;0,788086;2,300537;0;3,79834;54,200001;45,599998
15.09.2025 14:20:13;0;0,635897;0,538403;2,470105;0;3,645133;54,200001;45,700001
15.09.2025 14:25:15;0,010095;0,586423;0,496931;2,450097;0;3,524356;54,200001;45,700001
15.09.2025 14:30:18;0,017223;0,391592;1,396678;1,775217;0,000363;3,546082;54,200001;45,599998
15.09.2025 14:35:19;0,021808;0,681809;0,451863;2,375018;0;3,484965;54,299999;45,5
15.09.2025 14:40:19;0,011902;0,536133;0,505371;2,386597;0;3,414551;54,299999;45,400002
15.09.2025 14:45:21;0,03606;0,447456;0,483835;2,126327;0;3,022332;53,900002;5,2
15.09.2025 14:50:24;0,000091;0,606242;0,51197;2,237875;0;3,354637;54,5;45,299999
15.09.2025 14:55:25;0,03253;0,820507;0,602241;2,389618;0;3,779881;54,700001;45
15.09.2025 15:00:27;0,006412;0,357965;0,642446;2,423904;0;3,41813;55,200001;17,700001
15.09.2025 15:05:30;0,03363;0,06309;2,237875;0,96085;0,004351;3,224107;55,299999;16,5
15.09.2025 15:10:32;0,026374;0,062571;2,146336;0,753036;0,000364;2,935023;56,200001;-0,5
15.09.2025 15:15:34;0,000045;0,745033;2,114322;0;0,022555;2,837528;54,400002;-0,3
15.09.2025 15:20:35;0,009581;0,736558;2,184126;0;0,088329;2,822136;53,799999;0
15.09.2025 15:25:35;0,001007;0,694336;2,263184;0;0;2,956055;53,799999;0
15.09.2025 15:30:37;0;0,564595;2,300581;0;0;2,865176;53,700001;0
15.09.2025 15:35:40;0,005167;0,559106;2,298789;0;0,020305;2,832515;53,599998;0
15.09.2025 15:40:41;0;1,469467;1,457057;0;0;2,927254;53,599998;0
15.09.2025 15:45:44;0;1,928953;0,905012;0;0;2,833965;53,5;0
15.09.2025 15:50:45;0;2,039588;0,798608;0;0;2,836736;53,5;0
15.09.2025 15:55:47;0;2,44173;0,32668;0;0;2,766226;53,5;0
15.09.2025 16:00:49;0;1,882955;1,127736;0;0;3,012146;53,5;0
15.09.2025 16:05:51;0;2,598157;0,445274;0;0;3,042704;53,5;0
15.09.2025 16:10:53;0;2,873179;0,456915;0;0;3,330822;53,5;0
15.09.2025 16:15:56;0;1,841207;0,465559;0;0;2,307491;53,5;0
15.09.2025 16:20:58;0,005502;1,464601;0,486745;0;0,011277;1,933885;53,400002;0
15.09.2025 16:25:59;0;1,93739;0,403684;0;0;2,337423;53,400002;0
15.09.2025 16:31:01;0;1,610843;0,349962;0;0;1,958622;53,400002;0
15.09.2025 16:36:03;0;1,754175;0,347052;0;0;2,104136;53,400002;0
15.09.2025 16:41:05;0;1,594109;0,403075;0;0;1,995001;53,400002;0
15.09.2025 16:46:07;0;1,590471;0,450367;0;0;2,041565;53,400002;0
15.09.2025 16:51:10;0;1,737508;0,508344;0;0;2,245127;53,400002;0
15.09.2025 16:56:12;0;1,617391;0,462008;0;0;2,079399;53,400002;0
15.09.2025 17:01:13;0;1,30449;0,510262;0;0;1,814752;53,400002;0
15.09.2025 17:06:16;0;1,519957;0,487314;0;0;2,007271;53,400002;0
15.09.2025 17:11:17;0,000228;1,88848;0,282506;0;0;2,172446;53,400002;0
15.09.2025 17:16:19;0;2,403168;0,207358;0;0;2,610526;53,400002;0
15.09.2025 17:21:21;0;2,560324;0,301942;0;0;2,859356;53,400002;0
15.09.2025 17:26:21;0;2,551758;0,407959;0;0;2,961914;53,400002;0
15.09.2025 17:31:23;0;2,44464;0,413988;0;0;2,8579;53,299999;0
15.09.2025 17:36:25;0;2,047386;0,460553;0;0;2,505756;53,299999;0
15.09.2025 17:41:27;0,001182;1,873496;0,459825;0;0,000364;2,332594;53,299999;0
15.09.2025 17:46:29;0,000728;1,658863;0,400164;0;0,000364;2,057572;53,299999;0
15.09.2025 17:51:31;0;1,493704;0,226275;0;0;1,719979;53,299999;0
15.09.2025 17:56:33;0;1,244875;0,23064;0;0;1,47406;53,299999;0
15.09.2025 18:01:33;0,000458;0,93457;0,230713;0;0;1,166016;53,299999;0
15.09.2025 18:06:35;0;0,768315;0,355055;0;0;1,12337;53,299999;0
15.09.2025 18:11:37;0,000546;0,421264;0,558047;0;0;0,979311;53,299999;0
15.09.2025 18:16:39;0,014233;0,050202;0,818518;0;0,020736;0,832342;53,299999;-1,4
15.09.2025 18:21:41;0,004138;0,02401;0,952391;0;0,267019;0,705744;53;-6,6
15.09.2025 18:26:44;0,000181;0,030457;0,955774;0;0,358234;0,627997;53;-6,8
15.09.2025 18:31:45;0,000912;0,02628;0,913216;0;0,358789;0,579611;53;-7,1
15.09.2025 18:36:47;0,000546;0,026193;0,937112;0;0,56023;0,403075;52,900002;-11,5
15.09.2025 18:41:49;0,001819;0,024737;0,996773;0;0,632623;0,387068;52,900002;-12,5
15.09.2025 18:46:51;0,004365;0,034923;1,132829;0;0,818882;0,344869;52,900002;-16,299999
15.09.2025 18:51:53;0,001182;0,036379;1,130646;0;0,884363;0,280843;52,900002;-18,200001
15.09.2025 18:56:53;0,005859;0,038818;1,825195;0;1,697388;0,161133;52,5;-53,799999
15.09.2025 19:01:55;0;0,058933;2,809153;0;2,777504;0,088764;52,5;-61
15.09.2025 19:06:57;0,324451;0,008731;4,128968;0;3,765182;0,04802;52,400002;-72,5
15.09.2025 19:11:59;0,17007;0,02692;3,864859;0;3,699701;0,023282;52,5;-63,200001
15.09.2025 19:17:02;0,407047;0,057288;3,000754;0;2,640707;0,010152;52,799999;-21,799999
15.09.2025 19:22:03;0,007482;0,037229;1,203751;0;1,231491;0,00146;52,900002;-23,6
15.09.2025 19:27:05;0,00573;0,047292;1,295077;0;1,336549;0,001455;52,900002;-24,9
15.09.2025 19:32:07;0,004184;0,031286;1,285619;0;1,312903;0;52,799999;-24,799999
15.09.2025 19:37:09;0,041653;0,067664;0,945115;0;0,970944;0;52,799999;-34,599998
15.09.2025 19:42:12;0,051396;0,094997;1,376373;0;1,420246;0;52,900002;-12,3
15.09.2025 19:47:13;0,032667;0,067159;0,770138;0;0,804447;0;53;-11,1
15.09.2025 19:52:15;0,00191;0,040744;0,432905;0;0,471102;0;53;-7,6
15.09.2025 19:57:17;0,008413;0,034196;0,378337;0;0,40453;0;53;-6,5
15.09.2025 20:02:19;0,014097;0,023282;0,349234;0;0,358329;0;53,099998;-5,6
15.09.2025 20:07:21;0,008594;0,033468;0,396526;0;0,421628;0;53;-10,4
15.09.2025 20:12:24;0,024928;0,027556;0,699789;0;0,703052;0;52,700001;-46,900002
15.09.2025 20:17:25;0,016425;0,088329;1,979729;0;2,050173;0;52,799999;-10
15.09.2025 20:22:27;0,003683;0,034196;0,558047;0;0,59006;0;53;-9,2
15.09.2025 20:27:29;0,000091;0,031286;0,523851;0;0,554409;0;53;-10,4
15.09.2025 20:32:31;0,001319;0,026193;0,448184;0;0,472921;0;53;-8,1
15.09.2025 20:37:33;0,001137;0,028375;0,397982;0;0,425993;0;53;-6,9
15.09.2025 20:42:35;0,000182;0,02692;0,347052;0;0,373244;0;53;-7,9
15.09.2025 20:47:38;0,046411;0,041335;2,04498;0;2,038816;0;52,400002;-54,299999
15.09.2025 20:52:40;0,001546;0,061116;2,001549;0;2,061937;0;52,700001;-26,700001
15.09.2025 20:57:41;0;0,044529;1,446107;0;1,491002;0;52,700001;-27,6
15.09.2025 21:02:43;0,000273;0,046565;1,159749;0;1,205222;0;52,900002;-11,6
15.09.2025 21:07:43;0,000229;0,029297;0,49292;0;0,522583;0;53;-8,5
15.09.2025 21:12:46;0,000091;0,026831;0,361135;0;0,387966;0;53;-7,7
15.09.2025 21:17:48;0,041563;0,074212;0,694103;0;0,726116;0;53;-8,5
15.09.2025 21:22:50;0,052249;0,063299;0,542041;0;0,55259;0;53;-8,4
15.09.2025 21:27:51;0,038735;0,058399;0,559901;0;0,580341;0;52,900002;-10,6
15.09.2025 21:32:51;0,071503;0,079102;0,717773;0;0,725098;0;52,900002;-9,6
15.09.2025 21:37:54;0,071475;0,08557;0,68166;0;0,695076;0;52,799999;-12,6
15.09.2025 21:42:56;0,120231;0,120777;0,933474;0;0,932747;0;52,799999;-9,3
15.09.2025 21:47:56;0,113663;0,144287;1,040771;0;1,070435;0;52,900002;-9,9
15.09.2025 21:52:57;0,110411;0,137968;1,028554;0;1,055198;0;52,900002;-7,6
15.09.2025 21:57:57;0,106293;0,111328;0,799805;0;0,802734;0;52,900002;-6,3
15.09.2025 22:02:59;0,030513;0,059661;0,917468;0;0,946934;0;52,799999;-6,8
15.09.2025 22:08:01;0,002092;0,028375;0,33541;0;0,361967;0;52,900002;-6,6
15.09.2025 22:13:04;0,010152;0,036259;0,481513;0;0,506169;0;52,900002;-10,1
15.09.2025 22:18:05;0,001506;0,032849;0,520482;0;0,552601;0;52,900002;-12,2
15.09.2025 22:23:07;0,015461;0,039289;0,924016;0;0,948389;0;52,400002;-46,799999
15.09.2025 22:28:09;0,001864;0,071302;1,055706;0;1,124825;0;52,799999;-11
15.09.2025 22:33:11;0,000182;0,032013;0,497659;0;0,530036;0;52,900002;-8,4
15.09.2025 22:38:13;0;0,032013;0,392161;0;0,423083;0;52,900002;-8
15.09.2025 22:43:15;0,000045;0,026193;0,365241;0;0,392525;0;52,900002;-7,1
15.09.2025 22:48:17;0,000136;0,028375;0,372517;0;0,3998;0;52,900002;-7,7
15.09.2025 22:53:19;0,005684;0,026193;0,450367;0;0,471102;0;52,799999;-8,8
15.09.2025 22:58:22;0,002855;0,023931;0,453231;0;0,474261;0;52,799999;-9,9
15.09.2025 23:03:24;0,000045;0,028375;0,494021;0;0,522032;0;52,799999;-9,8
15.09.2025 23:08:25;0;0,02993;0,488362;0;0,518657;0;52,799999;-9,8
15.09.2025 23:13:27;0,003865;0,033468;0,504935;0;0,535129;0;52,799999;-9,3
15.09.2025 23:18:29;0;0,028375;0,416171;0;0,444182;0;52,799999;-8,3
15.09.2025 23:23:31;0;0,02692;0,395799;0;0,421991;0;52,700001;-7,8
15.09.2025 23:28:34;0,000408;0,025381;0,383615;0;0,408633;0;52,700001;-7,7
15.09.2025 23:33:35;0,006387;0,035769;0,510262;0;0,539097;0;52,599998;-10,2
15.09.2025 23:38:37;0,00291;0,028375;0,522396;0;0,548589;0;52,599998;-10,2
15.09.2025 23:43:39;0,000273;0,026193;0,475832;0;0,500933;0;52,599998;-8,8
15.09.2025 23:48:41;0,000091;0,026193;0,400164;0;0,427812;0;52,599998;-7
15.09.2025 23:53:44;0,000317;0,028282;0,330678;0;0,358234;0;52,599998;-5,9
15.09.2025 23:58:46;0,004957;0,024737;0,175345;0;0,194625;0;52,599998;-3,8
16.09.2025 00:03:47;0,000821;0,0292;0,176657;0;0,205857;0;52,599998;-3,8
16.09.2025 00:08:49;0,006821;0,028375;0,17389;0;0,194989;0;52,700001;-3,5
16.09.2025 00:13:51;0,008503;0,030558;0,246647;0;0,268474;0;52,599998;-6
16.09.2025 00:18:53;0,008503;0,02692;0,325224;0;0,343777;0;52,5;-7,6
16.09.2025 00:23:55;0,002501;0,027648;0,368879;0;0,39398;0;52,5;-7,3
16.09.2025 00:28:58;0,001768;0,023205;0,356784;0;0,378539;0;52,5;-7,2
16.09.2025 00:33:59;0,000593;0,02409;0,342365;0;0,365359;0;52,5;-4,7
16.09.2025 00:39:01;0,00341;0,018189;0,193534;0;0,207722;0;52,5;-3,7
16.09.2025 00:44:03;0,002183;0,021827;0,177527;0;0,198627;0;52,599998;-3,9
16.09.2025 00:49:05;0,007958;0,022555;0,181165;0;0,194989;0;52,599998;-3,7
16.09.2025 00:54:07;0,006412;0,02692;0,264836;0;0,285208;0;52,5;-6,1
16.09.2025 00:59:09;0;0,024737;0,294666;0;0,320131;0;52,5;-6,1
16.09.2025 01:04:11;0,002728;0,024737;0,333955;0;0,356146;0;52,5;-7,5
16.09.2025 01:09:13;0,005775;0,031286;0,421991;0;0,446365;0;52,400002;-9,2
16.09.2025 01:14:13;0,000137;0,025635;0,450439;0;0,47644;0;52,400002;-8,8
16.09.2025 01:19:15;0,000227;0,02401;0,300487;0;0,324133;0;52,5;-5,3
16.09.2025 01:24:17;0,000182;0,023282;0,245192;0;0,268474;0;52,5;-5
16.09.2025 01:29:19;0;0,022555;0,240099;0;0,262289;0;52,5;-4,8
16.09.2025 01:34:21;0,003501;0,029103;0,22773;0;0,253559;0;52,5;-6,3
16.09.2025 01:39:23;0;0,023282;0,303397;0;0,326316;0;52,400002;-6,1
16.09.2025 01:44:25;0,002637;0,029103;0,3536;0;0,380884;0;52,400002;-7,4
16.09.2025 01:49:27;0;0,029103;0,349234;0;0,377973;0;52,400002;-7,1
16.09.2025 01:54:29;0,000546;0,02692;0,339776;0;0,36706;0;52,400002;-6,9
16.09.2025 01:59:31;0,002728;0,031286;0,255378;0;0,283025;0;52,400002;-3,7
16.09.2025 02:04:34;0,00988;0,027556;0,172591;0;0,189632;0;52,5;-3,9
16.09.2025 02:09:35;0,003832;0,02701;0,171547;0;0,195637;0;52,5;-3,8
16.09.2025 02:14:37;0,009686;0,028375;0,181893;0;0,20081;0;52,400002;-7,6
16.09.2025 02:19:39;0,0005;0,023282;0,304125;0;0,325224;0;52,400002;-6,1
16.09.2025 02:24:41;0,001364;0,023282;0,282298;0;0,305216;0;52,400002;-6,5
16.09.2025 02:29:41;0,008148;0,02417;0,285645;0;0,301758;0;52,400002;-5,6
16.09.2025 02:34:43;0,005229;0,036379;0,349234;0;0,380156;0;52,400002;-7,5
16.09.2025 02:39:46;0,00077;0,026106;0,288618;0;0,313999;0;52,400002;-5
16.09.2025 02:44:48;0,011505;0,033468;0,215361;0;0,237552;0;52,400002;-1,5
16.09.2025 02:49:50;0,007367;0,028375;0,159338;0;0,180438;0;52,400002;-3,7
16.09.2025 02:54:51;0,006387;0,02701;0,197097;0;0,217172;0;52,400002;-6,2
16.09.2025 02:59:53;0,000045;0,02983;0,285936;0;0,315402;0;52,400002;-5,9
16.09.2025 03:04:53;0,00943;0,025635;0,369873;0;0,387085;0;52,299999;-9,4
16.09.2025 03:09:56;0,001224;0,034083;0,435102;0;0,467735;0;52,299999;-8,7
16.09.2025 03:14:58;0,001228;0,020372;0,427084;0;0,445637;0;52,299999;-8,5
16.09.2025 03:20:00;0;0,024737;0,409623;0;0,435451;0;52,299999;-6,4
16.09.2025 03:25:01;0,001141;0,02336;0,262796;0;0,284696;0;52,400002;-5,3
16.09.2025 03:30:03;0;0,024737;0,191351;0;0,216452;0;52,400002;-3,6
16.09.2025 03:35:05;0,006866;0,020372;0,181893;0;0,194262;0;52,400002;-3,8
16.09.2025 03:40:07;0,006548;0,027648;0,245192;0;0,267019;0;52,400002;-6,2
16.09.2025 03:45:09;0;0,024737;0,296849;0;0,320859;0;52,400002;-6,1
16.09.2025 03:50:12;0;0,024656;0,292969;0;0,31835;0;52,299999;-6
16.09.2025 03:55:14;0,001319;0,026193;0,291756;0;0,315766;0;52,400002;-6,1
16.09.2025 04:00:15;0,001232;0,02701;0,289805;0;0,31645;0;52,299999;-7,3
16.09.2025 04:05:17;0;0,023282;0,25174;0;0,275386;0;52,400002;-5,3
16.09.2025 04:10:19;0;0,021827;0,241554;0;0,261926;0;52,400002;-4,9
16.09.2025 04:15:21;0;0,020372;0,216816;0;0,237916;0;52,400002;-3,8
16.09.2025 04:20:21;0,004486;0,029297;0,242432;0;0,2677;0;52,299999;-6,1
16.09.2025 04:25:23;0,000136;0,026193;0,291029;0;0,317585;0;52,299999;-6,1
16.09.2025 04:30:24;0,001962;0,02847;0,298565;0;0,324845;0;52,299999;-7,4
16.09.2025 04:35:26;0,003638;0,019644;0,361603;0;0,377246;0;52,299999;-7,1
16.09.2025 04:40:28;0,000045;0,030558;0,323042;0;0,353236;0;52,299999;-4,6
16.09.2025 04:45:28;0,002838;0,02417;0,220459;0;0,240967;0;52,400002;-4,7
16.09.2025 04:50:30;0,008094;0,019644;0,194262;0;0,20663;0;52,400002;-3,8
16.09.2025 04:55:30;0,006454;0,020508;0,177246;0;0,190796;0;52,400002;-3,7
16.09.2025 05:00:32;0,012414;0,031286;0,349962;0;0,368515;0;52,299999;-7,9
16.09.2025 05:05:34;0,0005;0,02692;0,379792;0;0,407076;0;52,299999;-7,7
16.09.2025 05:10:34;0,00087;0,037354;0,353027;0;0,390015;0;52,299999;-7,2
16.09.2025 05:15:36;0,000728;0,02983;0,365968;0;0,394344;0;52,299999;-7,5
16.09.2025 05:20:39;0,005212;0,029732;0,367661;0;0,39268;0;52,299999;-7,3
16.09.2025 05:25:40;0,006433;0,02774;0,265716;0;0,287251;0;52,299999;-3,7
16.09.2025 05:30:42;0,003501;0,023282;0,17971;0;0,198991;0;52,400002;-5
16.09.2025 05:35:44;0,001;0,032741;0,244464;0;0,276477;0;52,299999;-5
16.09.2025 05:40:46;0,004456;0,027648;0,244464;0;0,26811;0;52,299999;-5,2
16.09.2025 05:45:48;0,005002;0,027648;0,336866;0;0,360148;0;52,299999;-6,1
16.09.2025 05:50:48;0;0,023438;0,298828;0;0,321533;0;52,299999;-6,1
16.09.2025 05:55:50;0,002274;0,025465;0,30849;0;0,331409;0;52,299999;-7,5
16.09.2025 06:00:50;0,000183;0,024902;0,361084;0;0,385986;0;52,299999;-7,4
16.09.2025 06:05:53;0,000091;0,023205;0,30022;0;0,323063;0;52,299999;-4,6
16.09.2025 06:10:54;0,000091;0,02555;0,221187;0;0,245641;0;52,299999;-4,6
16.09.2025 06:15:57;0,002493;0,017404;0,185644;0;0,201597;0;52,400002;-3,8
16.09.2025 06:20:58;0,000137;0,02263;0,175927;0;0,197827;0;52,400002;-3,8
16.09.2025 06:26:00;0,006457;0,027648;0,342686;0;0,364513;0;52,299999;-6,3
16.09.2025 06:31:02;0,000227;0,022555;0,381975;0;0,403802;0;52,200001;-7,7
16.09.2025 06:36:04;0;0,02401;0,374699;0;0,399073;0;52,200001;-7,7
16.09.2025 06:41:06;0;0,023282;0,373972;0;0,397982;0;52,200001;-7,7
16.09.2025 06:46:09;0;0,023931;0,308197;0;0,330678;0;52,299999;-5,4
16.09.2025 06:51:10;0,000137;0,01971;0,264256;0;0,284696;0;52,299999;-5,4
16.09.2025 06:56:12;0,005775;0,02401;0,287391;0;0,305216;0;52,299999;-5,5
16.09.2025 07:01:12;0,007187;0,037354;0,313477;0;0,343506;0;52,200001;-10,7
16.09.2025 07:06:14;0,02542;0,032013;1,037517;0;1,038972;0,005821;51,700001;-48,599998
16.09.2025 07:11:16;0,020008;0,083671;1,829842;0;1,868767;0,023282;52;-12,3
16.09.2025 07:16:19;0,009246;0,032633;1,741859;0;1,732069;0,033358;51,700001;-43,400002
16.09.2025 07:21:20;0,000091;0,054019;2,024258;0;2,029368;0,049639;51,700001;-41
16.09.2025 07:26:22;0,857761;0,014551;4,46074;0;3,553459;0,064026;51,299999;-74,199997
16.09.2025 07:31:24;0,923379;0;4,804882;0;3,799014;0,081488;51,299999;-74,099998
16.09.2025 07:36:26;0,064481;0,056023;3,380297;0;3,252972;0,119322;51,5;-51,200001
16.09.2025 07:41:29;0,016679;0,055113;1,591023;0;1,472821;0,158087;52,099998;0
16.09.2025 07:46:30;0,014052;0,02482;0,297835;0;0,101103;0,205857;52,200001;-2,6
16.09.2025 07:51:31;0,028926;0,00292;0,301485;0;0,011315;0,264256;52,299999;0
16.09.2025 07:56:32;0;0,054749;0,291995;0;0;0,347475;52,299999;0
16.09.2025 08:01:32;0,018539;0,078369;1,196045;0;0,880005;0,375;52,200001;0
16.09.2025 08:06:34;0,000909;0,066937;0,293939;0,044018;0;0,40453;52,400002;3,9
16.09.2025 08:11:37;0,005167;0,038434;0,242207;0,238944;0;0,514871;52,5;5,6
16.09.2025 08:16:38;0,004152;0,02847;0,252576;0,403684;0;0,678889;52,599998;7,2
16.09.2025 08:21:41;0,00136;0,027556;0,285717;0,396668;0;0,709216;52,599998;6,9
16.09.2025 08:26:42;0,006251;0,03066;0,391274;0,3201;0,001825;0,734369;52,599998;5,6
16.09.2025 08:31:44;0,000864;0,019644;0,378337;0,214997;0;0,61116;52,599998;3
16.09.2025 08:36:46;0,000091;0,02692;0,357965;0,176436;0;0,56314;52,599998;1,5
16.09.2025 08:41:48;0,001046;0,039289;0,361603;0,076031;0;0,475832;52,599998;2,1
16.09.2025 08:46:50;0,001046;0,02401;0,259015;0,416898;0;0,698469;52,799999;10,7
16.09.2025 08:51:53;0,006345;0,029732;0,34083;0,368386;0,003263;0,728071;52,700001;3,3
16.09.2025 08:56:55;0,000227;0,026193;0,439453;0,369606;0;0,835252;52,799999;10,1
16.09.2025 09:01:56;0,004973;0,033579;0,490552;0,702979;0,00073;1,220541;52,900002;16,1
16.09.2025 09:06:56;0,000504;0,022705;0,551514;0,628784;0;1,204102;52,799999;5,7
16.09.2025 09:11:58;0,00191;0,028375;0,514393;0,201173;0;0,740668;52,799999;7,7
16.09.2025 09:17:00;0,001455;0,032013;0,4882;0,856715;0;1,376565;53;19,799999
16.09.2025 09:22:02;0,007958;0,026193;0,435815;1,128099;0;1,58174;53,200001;28,799999
16.09.2025 09:27:03;0,004471;0,02993;0,381054;1,106663;0;1,513996;53;13,7
16.09.2025 09:32:04;0,000776;0,067159;0,374484;1,90965;0;2,350563;53,5;46,299999
16.09.2025 09:37:06;0,00141;0,160793;0,470739;2,470469;0;3,100909;53,5;46,299999
16.09.2025 09:42:08;0;0,256833;0,491838;2,473015;0;3,220231;53,400002;46,299999
16.09.2025 09:47:10;0,002501;0,265564;0,604612;2,469377;0;3,338098;53,5;46,299999
16.09.2025 09:52:12;0;0,363058;0,582785;2,475562;0;3,421041;53,5;46,299999
16.09.2025 09:57:13;0,001734;0,449673;0,564281;2,452397;0;3,463066;53,5;46,200001
16.09.2025 10:02:14;0;0,673049;0,538732;2,477946;0;3,690822;53,5;46,200001
16.09.2025 10:07:16;0;0,914557;0,474377;2,471924;0;3,861949;53,5;46,200001
16.09.2025 10:12:18;0;1,197583;0,435088;2,469014;0;4,100592;53,5;46,200001
16.09.2025 10:17:20;0,002683;0,956029;0,427812;2,460646;0;3,841577;53,5;46,200001
16.09.2025 10:22:22;0;1,016417;0,456187;2,472288;0;3,946347;53,599998;46,200001
16.09.2025 10:27:24;0;0,937112;0,542768;2,475198;0;3,953623;53,599998;46,099998
16.09.2025 10:32:26;0;0,822883;0,540586;2,475562;0;3,840122;53,599998;46,099998
16.09.2025 10:37:26;0,003021;0,809326;0,536133;2,464966;0;3,808594;53,700001;46,099998
16.09.2025 10:42:26;0,011581;0,782227;0,528809;2,383301;0;3,681152;53,700001;46,099998
16.09.2025 10:47:28;0,000045;0,897096;0,452549;2,470832;0;3,81975;53,799999;45,799999
16.09.2025 10:52:30;0,023646;0,913102;0,512938;2,232917;0;3,633492;53,900002;37,200001
16.09.2025 10:57:31;0,060452;0,708819;0,489822;1,824241;0;2,960834;53,900002;45,799999
16.09.2025 11:02:32;0,023998;0,797148;0,602241;1,955639;0,001095;3,330208;54;45,799999
16.09.2025 11:07:34;0,019372;0,894913;0,676641;2,412263;0;3,965264;54;45,799999
16.09.2025 11:12:36;0;1,0397;0,66209;2,470105;0;4,171894;54;45,799999
16.09.2025 11:17:38;0;1,456598;0,616253;2,47156;0;4,542956;54;45,799999
16.09.2025 11:22:41;0,013642;1,30168;0,602616;2,382547;0;4,274153;54;45,799999
16.09.2025 11:27:42;0,022949;0,394194;0,470843;1,381138;0;2,222085;53,700001;15,6
16.09.2025 11:32:44;0,008594;0,096039;0,341959;1,00223;0;1,431861;53,700001;15,6
16.09.2025 11:37:46;0,01246;0,205903;0,363786;1,288529;0;1,843666;53,799999;21,9
16.09.2025 11:42:48;0,020827;0,211723;0,398709;1,443502;0;2,03429;53,799999;21,6
16.09.2025 11:47:51;0,022435;0,171865;0,482963;1,272311;0;1,904297;53,700001;16,299999
16.09.2025 11:52:53;0,024055;0,17389;0,480925;1,274341;0;1,906237;53,799999;19,799999
16.09.2025 11:57:55;0,030649;0,277932;0,480925;1,548272;0;2,275843;53,900002;27,5
16.09.2025 12:02:55;0,011673;1,255371;0,556641;2,218506;0;4,019531;54;45,599998
16.09.2025 12:07:56;0,010904;0,64312;0,448943;2,024258;0;3,103911;54,099998;45,599998
16.09.2025 12:12:58;0,042608;0,866538;0,934202;1,862583;0,113137;3,506894;54,099998;45,599998
16.09.2025 12:17:58;0,015472;1,065674;0,478271;2,15625;0;3,684082;54,099998;45,599998
16.09.2025 12:23:00;0,020918;0,694103;0,550772;1,807287;0;3,031062;53,799999;18,6
16.09.2025 12:28:01;0,018022;0,708089;0,61976;1,831541;0;3,140411;54,099998;45,599998
16.09.2025 12:33:02;0,013185;1,094253;0,63655;2,281944;0;4,000337;53,900002;23,200001
16.09.2025 12:38:04;0,004456;0,223364;0,572599;1,356921;0;2,149246;54,099998;45,700001
16.09.2025 12:43:06;0,005593;1,212862;0,665728;2,452643;0;4,32614;54,099998;38,5
16.09.2025 12:48:07;0,021215;0,590561;0,611;1,915855;0;3,095152;54;30,6
16.09.2025 12:53:08;0,006022;1,159222;0,586181;2,24946;0;3,988658;54,299999;45,599998
16.09.2025 12:58:10;0,035151;0,920378;1,248513;1,819292;0;3,953623;54,099998;43,299999
16.09.2025 13:03:12;0,058797;0,107681;1,820384;0,698105;0,128416;2,440274;53,599998;17,5
16.09.2025 13:08:14;0,093038;0,121504;1,851669;0,172798;0,339776;1,711248;53,400002;1,6
16.09.2025 13:13:16;0,241053;0,210996;2,533404;0,116048;1,215772;1,404213;52,900002;-41,900002
16.09.2025 13:18:19;0,195479;0,245108;1,824528;0,337567;0,850262;1,358969;53,299999;14,3
16.09.2025 13:23:21;0,213542;0,247374;1,642129;0,560594;0,539494;1,696697;53,5;23,5
16.09.2025 13:28:22;0,058308;0,091979;0,732179;1,270545;0,066064;1,970969;54;29,1
16.09.2025 13:33:24;0,002956;0,034196;0,536948;1,267793;0;1,83639;54,099998;28,1
16.09.2025 13:38:26;0,001228;0,034196;0,542041;1,435135;0;2,009552;54,099998;25,799999
16.09.2025 13:43:28;0,082125;0,235006;1,629032;1,284527;0,165522;2,9001;54,299999;34,099998
16.09.2025 13:48:30;0,000045;0,105498;0,614798;2,015373;0,000364;2,737124;54,599998;45,299999
16.09.2025 13:53:32;0;0,389251;0,593698;2,473015;0;3,455964;54,799999;44,099998
16.09.2025 13:58:34;0,001728;0,133873;0,617708;2,280209;0;3,029607;56,099998;31,9
16.09.2025 14:03:36;0;1,772364;0,53622;0,71593;0,010186;3,013601;54,799999;-0,4
16.09.2025 14:08:38;0;2,072851;0,417626;0;0,014188;2,476653;54,099998;0
16.09.2025 14:13:40;0;2,547227;0,296122;0;0;2,843349;53,900002;0
16.09.2025 14:18:42;0;2,526855;0,215361;0;0;2,741489;53,799999;0
16.09.2025 14:23:44;0;2,515214;0,262653;0;0;2,779323;53,700001;0
16.09.2025 14:28:46;0;2,488294;0,361603;0;0;2,84917;53,599998;0
16.09.2025 14:33:48;0;1,762905;0,355782;0;0;2,118688;53,599998;0
16.09.2025 14:38:50;0;1,949891;0,291029;0;0;2,24092;53,599998;0
16.09.2025 14:43:52;0;1,804377;0,325952;0;0;2,130329;53,599998;0
16.09.2025 14:48:54;0;2,053934;0,232823;0;0;2,286029;53,5;0
16.09.2025 14:53:55;0;2,105287;0,254036;0;0;2,359323;53,5;0
16.09.2025 14:58:56;0;1,804532;0,251116;0;0;2,055648;53,5;0
16.09.2025 15:03:58;0;2,793147;0,260471;0;0;3,054345;53,5;0
16.09.2025 15:09:00;0;1,353283;0,248829;0;0;1,600657;53,5;0
16.09.2025 15:14:02;0;1,895323;0,229913;0;0;2,124508;53,5;0
16.09.2025 15:19:04;0;1,534448;0,237916;0;0;1,773819;53,5;0
16.09.2025 15:24:06;0;1,372927;0,259015;0;0;1,631215;53,5;0
16.09.2025 15:29:08;0;2,153611;0,215361;0;0;2,368972;53,5;0
16.09.2025 15:34:10;0;1,612298;0,187713;0;0;1,798556;53,400002;0
16.09.2025 15:39:12;0;1,834207;0,141876;0;0;1,977539;53,400002;0
16.09.2025 15:44:14;0;2,625078;0,160066;0;0;2,786598;53,400002;0
16.09.2025 15:49:17;0;3,174795;0,226978;0;0;3,398147;53,400002;0
16.09.2025 15:54:18;0;2,55861;0,227026;0;0;2,787096;53,400002;0
16.09.2025 15:59:20;0;2,131784;0,22482;0;0;2,357331;53,400002;0
16.09.2025 16:04:22;0;2,467922;0,221182;0;0;2,689104;53,400002;0
16.09.2025 16:09:22;0;2,162842;0,129639;0;0;2,291016;53,400002;0
16.09.2025 16:14:24;0;2,047386;0,175345;0;0;2,223458;53,400002;0
16.09.2025 16:19:26;0;2,193628;0,381975;0;0;2,575603;53,400002;0
16.09.2025 16:24:29;0,006617;1,030467;1,975364;0;0,181293;2,818011;53;-15,1
16.09.2025 16:29:30;0,003787;0,930735;1,511076;0;0,105848;2,333044;53,200001;0
16.09.2025 16:34:32;0,002046;1,381658;1,136467;0;0;2,514487;53,200001;0
16.09.2025 16:39:34;0,000682;1,156111;0,929109;0;0,000728;2,083764;53,200001;0
16.09.2025 16:44:36;0;1,278343;0,321587;0;0;1,597747;53,200001;0
16.09.2025 16:49:38;0;1,698152;0,228457;0;0;1,926609;53,299999;0
16.09.2025 16:54:40;0;1,501707;0,244464;0;0;1,744716;53,200001;0
16.09.2025 16:59:42;0;1,388206;0,243009;0;0;1,631215;53,200001;0
16.09.2025 17:04:44;0;1,161204;0,232095;0;0;1,392572;53,299999;0
16.09.2025 17:09:46;0;1,444957;0,240099;0;0;1,685055;53,200001;0
16.09.2025 17:14:48;0,000455;2,070668;0,229185;0;0;2,299126;53,200001;0
16.09.2025 17:19:51;0;2,356803;0,224078;0;0;2,580155;53,299999;0
16.09.2025 17:24:52;0;1,838841;0,228486;0;0;2,067328;53,200001;0
16.09.2025 17:29:54;0;1,007686;0,140421;0;0;1,148108;53,200001;0
16.09.2025 17:34:54;0;0,697266;0,182373;0;0;0,878906;53,200001;0
16.09.2025 17:39:56;0;1,507528;0,181165;0;0;1,689421;53,200001;0
16.09.2025 17:44:58;0,001955;1,059344;0,243736;0;0,001091;1,299443;53,200001;0
16.09.2025 17:50:01;0,000045;1,012338;0,410446;0;0;1,419883;53,299999;0
16.09.2025 17:55:00;0;0,610678;0,338776;0;0;0,946514;53,200001;0
16.09.2025 18:00:02;0;0,902916;0,318676;0;0;1,220865;53,200001;0
16.09.2025 18:05:04;0;0,911647;0,338321;0;0;1,247057;53,200001;0
16.09.2025 18:10:06;0;0,881089;0,241554;0;0;1,12337;53,200001;0
16.09.2025 18:15:07;0;0,913216;0,191987;0;0;1,105203;53,299999;0
16.09.2025 18:20:08;0;0,738018;0,166437;0;0;0,903726;53,200001;0
16.09.2025 18:25:11;0,001677;0,478612;0,25671;0;0,003626;0,729521;53,200001;0
16.09.2025 18:30:13;0,002546;0,33541;0,297577;0;0,00291;0,630077;53,200001;0
16.09.2025 18:35:14;0;0,170817;0,397844;0;0;0,567931;53,200001;0
16.09.2025 18:40:14;0;0,086426;0,390381;0;0;0,476074;53,200001;0
16.09.2025 18:45:15;0,026827;0,00949;0,392004;0;0,005475;0,370834;53,200001;0
16.09.2025 18:50:17;0,011823;0,034923;1,742534;0;1,453688;0,309945;52,700001;-36,099998
16.09.2025 18:55:19;0,002046;0,043654;2,236554;0;2,060482;0,219727;52,5;-59,599998
16.09.2025 19:00:20;0,043982;0,02482;3,85361;0;3,694472;0,140158;52,400002;-72,400002
16.09.2025 19:05:21;0,003422;0,066429;3,301008;0;3,252829;0,110958;52,5;-52,799999
16.09.2025 19:10:23;0,000136;0,058206;1,511893;0;1,525353;0,043654;53;-7,8
16.09.2025 19:15:25;0,00141;0,026193;0,408895;0;0,422355;0,010186;53;-8,8
16.09.2025 19:20:25;0,000046;0,025635;0,468018;0;0,492188;0,00293;53;-9,6
16.09.2025 19:25:28;0,004215;0,026831;0,643951;0;0,667519;0;52,799999;-37,599998
16.09.2025 19:30:29;0,082124;0,045259;3,160121;0;3,122161;0;52,5;-56,099998
16.09.2025 19:35:31;0;0,061116;2,104864;0;2,166344;0;52,700001;-28,1
16.09.2025 19:40:33;0,0005;0,052385;1,431133;0;1,482791;0;52,799999;-29,200001
16.09.2025 19:45:35;0,007912;0,056023;1,313994;0;1,36165;0;52,900002;-11,8
16.09.2025 19:50:37;0,035242;0,055295;1,431861;0;1,452233;0;52,900002;-10,3
16.09.2025 19:55:39;0,007776;0,022555;0,467828;0;0,48238;0;53;-9,5
16.09.2025 20:00:42;0,001586;0,026831;0,48804;0;0,513058;0;53;-9,1
16.09.2025 20:05:43;0,000365;0,033579;0,398574;0;0,431788;0;53,099998;-5,8
16.09.2025 20:10:45;0,004365;0,034196;0,259743;0;0,289573;0;53;-11,5
16.09.2025 20:15:47;0,000591;0,047292;0,312856;0;0,359784;0;53;-7
16.09.2025 20:20:49;0,00673;0,02401;0,373244;0;0,390342;0;53;-8,7
16.09.2025 20:25:51;0,014188;0,032741;0,545679;0;0,564959;0;53;-11,7
16.09.2025 20:30:51;0,000229;0,036621;0,546387;0;0,581909;0;53;-10,8
16.09.2025 20:35:53;0,001364;0,035651;0,548589;0;0,583512;0;53;-11,5
16.09.2025 20:40:55;0,000091;0,031286;0,582785;0;0,612979;0;53;-11,6
16.09.2025 20:45:57;0;0,029103;0,58424;0;0,613706;0;52,900002;-11,6
16.09.2025 20:50:59;0,000091;0,028375;0,489656;0;0,518758;0;53;-6,9
16.09.2025 20:56:01;0,000045;0,029103;0,327407;0;0,355055;0;53;-6,8
16.09.2025 21:01:03;0;0,025465;0,327407;0;0,353963;0;53;-6,7
16.09.2025 21:06:05;0,006321;0,031286;0,338321;0;0,363422;0;53;-11,3
16.09.2025 21:11:07;0,000455;0,026193;0,451822;0;0,477287;0;53;-8,8
16.09.2025 21:16:09;0,000045;0,023282;0,443091;0;0,465646;0;53;-8,8
16.09.2025 21:21:09;0;0,025635;0,434326;0;0,460693;0;53;-8,5
16.09.2025 21:26:11;0,000227;0,023282;0,424902;0;0,44782;0;53;-8,4
16.09.2025 21:31:13;0,000227;0,035651;0,349962;0;0,385613;0;53;-7
16.09.2025 21:36:15;0,001637;0,030558;0,388523;0;0,41799;0;53;-8,6
16.09.2025 21:41:17;0,025192;0,068392;1,83348;0;1,876407;0;52,799999;-8,4
16.09.2025 21:46:19;0,006503;0,032013;0,451094;0;0,475832;0;52,900002;-10,1
16.09.2025 21:51:21;0,002274;0,024737;0,467101;0;0,490383;0;52,900002;-9,1
16.09.2025 21:56:23;0,000045;0,02692;0,448912;0;0,475468;0;53;-8,8
16.09.2025 22:01:26;0,002629;0,04061;0,488765;0;0,526474;0;52,900002;-10
16.09.2025 22:06:27;0,000411;0,03139;0,501502;0;0,532892;0;52,900002;-10
16.09.2025 22:11:29;0,001864;0,027648;0,398709;0;0,424538;0;53;-7,8
16.09.2025 22:16:31;0,000091;0,028375;0,323769;0;0,351781;0;53;-6,6
16.09.2025 22:21:33;0,007639;0,026193;0,378337;0;0,397254;0;53;-8,4
16.09.2025 22:26:35;0,00623;0,034923;0,475104;0;0,503843;0;52,900002;-10,1
16.09.2025 22:31:38;0,007116;0,034808;0,518497;0;0,546416;0;52,900002;-10,7
16.09.2025 22:36:39;0,002509;0,02628;0,532162;0;0,554791;0;52,900002;-10,1
16.09.2025 22:41:41;0,002228;0,02401;0,518758;0;0,540222;0;52,900002;-10
16.09.2025 22:46:43;0,002228;0,032013;0,446729;0;0,477651;0;53;-8,6
16.09.2025 22:51:45;0,002456;0,027648;0,405985;0;0,43145;0;53;-7,7
16.09.2025 22:56:48;0,008521;0,024656;0,396668;0;0,411534;0;53;-7,6
16.09.2025 23:01:49;0,000274;0,03066;0,373754;0;0,404049;0;53;-7,7
16.09.2025 23:06:49;0,00705;0,031494;0,379395;0;0,404297;0;52,900002;-9,3
16.09.2025 23:11:51;0,004502;0,027648;0,438726;0;0,462008;0;52,900002;-8,6
16.09.2025 23:16:53;0,002183;0,029103;0,448912;0;0,476559;0;52,900002;-9,8
16.09.2025 23:21:55;0,003001;0,02401;0,451822;0;0,472558;0;52,900002;-8,4
16.09.2025 23:26:56;0,004882;0,03066;0,445293;0;0,470843;0;52,900002;-9
16.09.2025 23:31:57;0,021033;0,048909;0,826347;0;0,854087;0;52,900002;-7,7
16.09.2025 23:36:57;0;0,033691;0,355957;0;0,389648;0;52,900002;-7,2
16.09.2025 23:41:59;0,000455;0,025465;0,301942;0;0,327043;0;52,900002;-5,9
16.09.2025 23:47:01;0,006457;0,037106;0,296122;0;0,32668;0;52,900002;-7,5
16.09.2025 23:52:03;0;0,031286;0,343414;0;0,374335;0;53;-6
16.09.2025 23:57:06;0,000635;0,02248;0,287893;0;0,310373;0;53;-5,8
17.09.2025 00:02:07;0,000137;0,03139;0,283236;0;0,31426;0;53;-6,2
17.09.2025 00:07:09;0;0,02692;0,295394;0;0,322314;0;53;-6,1
17.09.2025 00:12:11;0,002319;0,024737;0,194989;0;0,216816;0;53;-5,1
17.09.2025 00:17:13;0,00432;0,02692;0,333228;0;0,355782;0;52,900002;-7,1
17.09.2025 00:22:15;0,000091;0,025465;0,336138;0;0,362331;0;53;-6,8
17.09.2025 00:27:17;0,003501;0,02983;0,388523;0;0,415443;0;52,900002;-8,8
17.09.2025 00:32:19;0,001683;0,02401;0,394344;0;0,415079;0;52,900002;-7,6
17.09.2025 00:37:21;0;0,026193;0,376882;0;0,402711;0;52,900002;-7,1
17.09.2025 00:42:23;0,001;0,028375;0,288118;0;0,317221;0;52,900002;-6,1
17.09.2025 00:47:25;0,001501;0,030558;0,285936;0;0,315038;0;52,900002;-12,7
17.09.2025 00:52:27;0,001455;0,027648;0,280843;0;0,306308;0;52,900002;-5,1
17.09.2025 00:57:29;0;0,0211;0,243009;0;0,264108;0;52,900002;-5,1
17.09.2025 01:02:31;0;0,022555;0,232095;0;0,254286;0;53;-3,8
17.09.2025 01:07:33;0,009049;0,028375;0,22482;0;0,243736;0;52,900002;-6,1
17.09.2025 01:12:35;0,000409;0,02692;0,299032;0;0,32668;0;52,900002;-6
17.09.2025 01:17:37;0,004547;0,02401;0,301215;0;0,321223;0;52,900002;-6,2
17.09.2025 01:22:39;0,000136;0,027648;0,289573;0;0,316494;0;52,900002;-5,8
17.09.2025 01:27:42;0,003173;0,023205;0,293694;0;0,312911;0;52,900002;-5,5
17.09.2025 01:32:43;0,020348;0,02628;0,200017;0;0,205857;0;52,900002;-4
17.09.2025 01:37:45;0,008185;0,026193;0,249557;0;0,267019;0;52,900002;-5
17.09.2025 01:42:47;0,003501;0,029103;0,227002;0;0,253559;0;52,900002;-4,7
17.09.2025 01:47:47;0,009247;0,029297;0,315674;0;0,335815;0;52,799999;-7,2
17.09.2025 01:52:49;0;0,029103;0,319404;0;0,348507;0;52,799999;-6,1
17.09.2025 01:57:51;0,000273;0,024737;0,293211;0;0,317221;0;52,799999;-5,9
17.09.2025 02:02:53;0,009322;0,032013;0,319404;0;0,343414;0;52,799999;-7,9
17.09.2025 02:07:54;0,004289;0,040149;1,661454;0;1,696493;0;52,200001;-32,599998
17.09.2025 02:12:55;0,032895;0,053289;2,323554;0;2,343993;0;52,099998;-29,4
17.09.2025 02:17:57;0,00532;0,039289;1,411489;0;1,445321;0;52,099998;-29,700001
17.09.2025 02:22:59;0,000682;0,039289;1,464601;0;1,503526;0;52,099998;-30,1
17.09.2025 02:28:02;0,005076;0,046411;1,611328;0;1,653025;0;52;-32,299999
17.09.2025 02:33:03;0,000593;0,034309;0,487632;0;0,520117;0;52,400002;-6,2
17.09.2025 02:38:05;0,000091;0,023282;0,296849;0;0,319768;0;52,400002;-5,9
17.09.2025 02:43:05;0,000046;0,028564;0,288574;0;0,317505;0;52,400002;-6,1
17.09.2025 02:48:08;0,000453;0,023205;0,27629;0;0,299133;0;52,400002;-3,8
17.09.2025 02:53:09;0,003148;0,01898;0,182497;0;0,199287;0;52,5;-3,6
17.09.2025 02:58:11;0,002546;0,022555;0,20372;0;0,223728;0;52,5;-4,6
17.09.2025 03:03:13;0,000045;0,021827;0,232823;0;0,25465;0;52,5;-4,8
17.09.2025 03:08:13;0,006775;0,033691;0,331787;0;0,358521;0;52,400002;-7,5
17.09.2025 03:13:15;0;0,025465;0,343414;0;0,369242;0;52,400002;-6,1
17.09.2025 03:18:17;0;0,02692;0,293211;0;0,318312;0;52,400002;-5,9
17.09.2025 03:23:18;0,000182;0,0219;0,291265;0;0,31353;0;52,400002;-5,8
17.09.2025 03:28:20;0,001046;0,023282;0,23064;0;0,253922;0;52,5;-3,4
17.09.2025 03:33:21;0,011771;0,02628;0,176657;0;0,190527;0;52,5;-4,1
17.09.2025 03:38:23;0,006321;0,02401;0,181165;0;0,198991;0;52,5;-1,8
17.09.2025 03:43:23;0,002243;0,021973;0,175781;0;0,194824;0;52,5;-3,7
17.09.2025 03:48:25;0,008367;0,028375;0,341231;0;0,361603;0;52,400002;-7,6
17.09.2025 03:53:25;0,001144;0,022705;0,371338;0;0,392578;0;52,400002;-7,5
17.09.2025 03:58:27;0,001683;0,02692;0,367424;0;0,392889;0;52,400002;-7,5
17.09.2025 04:03:28;0,007984;0,02847;0,326305;0;0,347475;0;52,400002;-8
17.09.2025 04:08:29;0,003285;0,032849;0,321925;0;0,35076;0;52,400002;-5,6
17.09.2025 04:13:32;0,00136;0,01958;0,265412;0;0,284267;0;52,400002;-5,4
17.09.2025 04:18:34;0;0,028375;0,253922;0;0,281206;0;52,400002;-5,3
17.09.2025 04:23:35;0,007117;0,039419;0,329955;0;0,362439;0;52,299999;-9
17.09.2025 04:28:37;0,012323;0,02401;0,413988;0;0,426357;0;52,299999;-7
17.09.2025 04:33:40;0,002629;0,027556;0,351708;0;0,376001;0;52,299999;-6,9
17.09.2025 04:38:41;0,007619;0,03066;0,324115;0;0,34784;0;52,400002;-6
17.09.2025 04:43:43;0,006275;0,02983;0,296122;0;0,31904;0;52,400002;-6,1
17.09.2025 04:48:46;0,004306;0,030457;0,217551;0;0,243657;0;52,400002;-3,8
17.09.2025 04:53:47;0,004152;0,0219;0,181767;0;0,198922;0;52,400002;-3,8
17.09.2025 05:00:00;0,010125;0,022974;0,180258;0;0,194396;0;52,400002;-3,7
17.09.2025 05:03:51;0,012544;0,02378;0,22258;0;0,232568;0;52,400002;-6,4
17.09.2025 05:08:54;0,000227;0,025381;0,30022;0;0,324876;0;52,400002;-5,9
17.09.2025 05:13:56;0,001637;0,024737;0,295394;0;0,319768;0;52,400002;-5,9
17.09.2025 05:18:57;0,003741;0,02482;0,314625;0;0,33543;0;52,299999;-7,5
17.09.2025 05:23:59;0,000045;0,028375;0,360875;0;0,388159;0;52,299999;-7,5
17.09.2025 05:29:01;0,000773;0,022555;0,256833;0;0,279387;0;52,400002;-4,8
17.09.2025 05:34:04;0,002266;0,01958;0,212475;0;0,229879;0;52,400002;-3,8
17.09.2025 05:39:05;0;0,01752;0,183227;0;0,201112;0;52,400002;-3,8
17.09.2025 05:44:07;0,007912;0,024737;0,248102;0;0,264108;0;52,299999;-7,6
17.09.2025 05:49:09;0,000045;0,024737;0,376154;0;0,401256;0;52,299999;-8,9
17.09.2025 05:54:12;0,004578;0,033358;1,401029;0;1,430036;0;51,799999;-38
17.09.2025 05:59:13;0,043662;0,052559;2,681978;0;2,689643;0;51,700001;-46,299999
17.09.2025 06:04:15;0;0,050202;1,905509;0;1,956439;0;51,900002;-29,799999
17.09.2025 06:09:18;0;0,04351;1,467019;0;1,511255;0;51,900002;-29,4
17.09.2025 06:14:19;0,000137;0,044529;1,486987;0;1,530421;0;51,900002;-29,799999
17.09.2025 06:19:19;0,000046;0,04541;1,511719;0;1,557495;0;51,900002;-30,5
17.09.2025 06:24:22;0,006934;0,044961;0,812191;0;0,850262;0;52,200001;-6,5
17.09.2025 06:29:23;0;0,02336;0,300755;0;0,324845;0;52,200001;-6,2
17.09.2025 06:34:25;0,000091;0,023282;0,304125;0;0,325588;0;52,299999;-6,3
17.09.2025 06:39:27;0,000227;0,017462;0,303397;0;0,321223;0;52,299999;-6
17.09.2025 06:44:29;0;0,02401;0,298304;0;0,322314;0;52,299999;-6
17.09.2025 06:49:31;0,000136;0,0211;0,198627;0;0,22009;0;52,299999;-4
17.09.2025 06:54:33;0,009458;0,026193;0,235006;0;0,25174;0;52,299999;-5,2
17.09.2025 06:59:35;0,003456;0,029103;0,243009;0;0,268838;0;52,299999;-5,3
17.09.2025 07:04:38;0,006028;0,029007;0,313274;0;0,333941;0,002901;52,299999;-7,6
17.09.2025 07:09:40;0,00141;0,02401;0,384158;0;0,384885;0,020372;52,299999;-7,2
17.09.2025 07:14:41;0,001232;0,03139;0,364264;0;0,371564;0,02336;52,299999;-6,8
17.09.2025 07:19:43;0,001182;0,037106;0,346324;0;0,352872;0,030558;52,299999;-5,5
17.09.2025 07:24:45;0,001683;0,0211;0,328135;0;0,289937;0,056751;52,299999;-4,4
17.09.2025 07:29:47;0,018553;0,017462;0,249557;0;0,119322;0,128053;52,400002;0
17.09.2025 07:34:49;0,030012;0;0,225547;0;0;0,196444;52,400002;0
17.09.2025 07:39:51;0,00191;0,034196;0,226275;0;0;0,259015;52,400002;0
17.09.2025 07:44:54;0,012464;0,055838;0,295869;0;0,003626;0,335029;52,400002;0
17.09.2025 07:49:55;0;0,121908;0,259876;0,000365;0;0,382514;52,5;0
17.09.2025 07:54:57;0,00432;0,088036;0,316494;0,000364;0,001819;0,398709;52,5;0
17.09.2025 07:59:59;0,001864;0,029103;0,344869;0;0,000364;0,371061;52,5;0
17.09.2025 08:05:01;0,000045;0,067664;0,327407;0,011277;0;0,405985;52,5;2,2
17.09.2025 08:10:03;0,008276;0,018189;0,287391;0,17389;0;0,472921;52,599998;3,9
17.09.2025 08:15:05;0,000909;0,021827;0,259743;0,233187;0;0,513665;52,700001;4,7
17.09.2025 08:20:08;0,002719;0,025381;0,266137;0,264325;0;0,55258;52,700001;5,1
17.09.2025 08:25:09;0,021078;0,043069;1,825701;0,055479;1,28989;0,61319;51,900002;-30,4
17.09.2025 08:30:11;0,016871;0,057478;0,708655;0,224092;0,276841;0,695558;52,599998;6,4
17.09.2025 08:35:14;0,018175;0,04206;2,0225;0,031545;1,182027;0,897761;51,900002;-20,9
17.09.2025 08:40:15;0,000046;0,044529;0,598591;0,831457;0,113878;1,359239;52,900002;22,200001
17.09.2025 08:45:17;0,000909;0,026193;0,413988;1,137558;0;1,57592;53;20,9
17.09.2025 08:50:19;0,000091;0,029103;0,298304;0,811606;0;1,139377;52,900002;13,5
17.09.2025 08:55:21;0,000182;0,027648;0,245919;0,913102;0;1,187397;53,099998;18,799999
17.09.2025 09:00:23;0,001137;0,027648;0,25465;1,094267;0;1,37511;53,200001;24
17.09.2025 09:05:25;0,005912;0,032013;0,371789;1,092085;0;1,490066;53,200001;19,9
17.09.2025 09:10:27;0,002001;0,028375;0,362331;0,946934;0;1,334366;53,099998;17
17.09.2025 09:15:29;0;0,030558;0,355055;1,067711;0;1,453688;53,299999;22,5
17.09.2025 09:20:32;0,000045;0,029732;0,369837;1,411181;0;1,811475;53,299999;30
17.09.2025 09:25:32;0,000229;0,032227;0,295166;1,86438;0;2,191406;53,400002;36,900002
17.09.2025 09:30:34;0,003592;0,034196;0,355782;2,100499;0;2,486839;53,5;42,5
17.09.2025 09:35:36;0,001137;0,02983;0,496931;2,217638;0;2,744399;53,5;43,799999
17.09.2025 09:40:38;0,00341;0,057478;0,478014;2,456281;0;2,987408;53,5;46,099998
17.09.2025 09:45:40;0,000045;0,100405;0,496931;2,470469;0;3,067441;53,599998;46,200001
17.09.2025 09:50:43;0,002447;0,134882;0,51197;2,470292;0;3,115331;53,599998;46,200001
17.09.2025 09:55:45;0,005138;0,078578;0,867993;2,32641;0;3,266796;53,599998;46,200001
17.09.2025 10:00:46;0,012775;0,157678;0,61684;2,24435;0;3,006093;53,5;33,400002
17.09.2025 10:05:48;0,038152;0,118594;0,446729;1,561368;0;2,089585;53,400002;27,5
17.09.2025 10:10:51;0,031001;0,184193;0,412622;1,95107;0;2,516341;53,5;27,799999
17.09.2025 10:15:52;0,011178;0,151108;0,354774;2,083752;0;2,57832;53,799999;42,400002
17.09.2025 10:20:54;0,023282;0,426357;0,481652;2,281664;0;3,166391;53,799999;31,1
17.09.2025 10:25:54;0,005356;0,579346;0,735352;2,285156;0;3,594727;54;45,799999
17.09.2025 10:30:56;0,020145;0,570416;0,392161;2,077944;0;3,019421;53,700001;7,1
17.09.2025 10:35:58;0,011232;0,622801;0,393616;2,100862;0;3,105275;54;45,799999
17.09.2025 10:41:00;0,000637;0,772681;0,398709;2,465376;0;3,634947;54;45,700001
17.09.2025 10:46:03;0;0,868029;0,306022;2,465941;0;3,641805;54;45,700001
17.09.2025 10:51:05;0,014188;0,758129;0,352872;2,313677;0;3,407944;54;45,700001
17.09.2025 10:56:06;0;0,854087;0,356234;2,474296;0;3,687902;54;45,700001
17.09.2025 11:01:08;0;0,913102;0,429995;2,467558;0;3,809564;54;45,799999
17.09.2025 11:06:10;0,010777;0,720296;0,403075;1,930611;0;3,041248;54;45,799999
17.09.2025 11:11:12;0,002865;1,212134;0,435815;2,469014;0;4,116599;54;45,799999
17.09.2025 11:16:14;0,008413;1,482063;0,478014;2,394074;0;4,345056;54,099998;45,599998
17.09.2025 11:21:16;0,020372;1,259426;0,429267;2,223822;0;3,892507;54;39,299999
17.09.2025 11:26:19;0,006708;1,530109;0,380714;2,320182;0;4,223391;53,900002;23,5
17.09.2025 11:31:20;0,01679;0,062049;0,247466;1,290255;0;1,584075;53,900002;33,5
17.09.2025 11:36:20;0,01799;0,099609;0,276855;1,785645;0;2,143066;53,900002;27,6
17.09.2025 11:41:22;0,011596;0,622074;0,400164;1,834207;0;2,844804;54,099998;45,700001
17.09.2025 11:46:24;0,030558;0,61116;0,452549;2,027378;0;3,060165;53,900002;20,799999
17.09.2025 11:51:27;0,008929;0,130531;0,438003;1,227713;0;1,78827;53,799999;14,2
17.09.2025 11:56:28;0,007528;0,143078;0,407334;0,954095;0;1,496477;53,900002;21,299999
17.09.2025 12:01:30;0,008867;1,156111;0,484563;2,152884;0;3,784826;54,200001;45,700001
17.09.2025 12:06:33;0,053844;0,255985;1,883992;1,267597;0;3,353187;53,700001;7,7
17.09.2025 12:11:34;0,033762;0,089789;2,254935;0,392734;0,505152;2,198726;53,099998;-35,5
17.09.2025 12:16:36;0,000364;0,055295;4,242469;0;2,632353;1,664683;52,700001;-48
17.09.2025 12:21:36;0,041245;0,106934;3,691406;0,941162;0,714478;3,984375;53,799999;43,400002
17.09.2025 12:26:38;0,025192;0,15279;2,500663;1,673778;0;4,301402;54;45,799999
17.09.2025 12:31:40;0,010959;1,960805;0,65918;2,184169;0;4,79324;54,200001;45,599998
17.09.2025 12:36:42;0,003456;0,178255;0,429995;2,116505;0;2,721117;54,299999;45,599998
17.09.2025 12:41:43;0,000912;0,345285;0,412444;2,323554;0;3,080552;54,299999;45
17.09.2025 12:46:45;0,005411;0,044382;0,360875;2,121962;0;2,523218;54,200001;28,5
17.09.2025 12:51:46;0,003741;0,034309;0,260606;1,304125;0;1,594295;54,099998;26
17.09.2025 12:56:48;0,008458;0,225547;0,287391;1,968444;0;2,472288;54,200001;24,1
17.09.2025 13:01:48;0,001328;0,041748;0,386719;1,914185;0;2,342285;54,599998;39,400002
17.09.2025 13:06:51;0,000181;0,036984;0,38434;1,848821;0;2,269783;54,700001;25,799999
17.09.2025 13:11:50;0,000873;0,041888;0,339511;1,282351;0;1,662279;55,5;23,5
17.09.2025 13:16:52;0,000455;0,774864;0,300487;0,636261;0,010914;1,701062;54,799999;-0,4
17.09.2025 13:21:54;0;1,55482;0,154245;0;0,012005;1,696697;54,099998;0
17.09.2025 13:26:57;0;2,090666;0,142133;0;0,000363;2,232074;53,900002;0
17.09.2025 13:31:58;0;2,322824;0,174467;0;0;2,498021;53,799999;0
17.09.2025 13:37:00;0;2,47447;0,220454;0;0;2,694924;53,700001;0
17.09.2025 13:42:02;0;2,029197;0,345596;0;0;2,374793;53,700001;0
17.09.2025 13:47:05;0;2,033377;0,325601;0;0;2,359704;53,599998;0
17.09.2025 13:52:06;0;1,639554;0,310245;0;0;1,94907;53,599998;0
17.09.2025 13:57:09;0;1,188554;0,303846;0;0;1,49095;53,599998;0
17.09.2025 14:02:11;0;2,515214;0,270657;0;0;2,786598;53,599998;0
17.09.2025 14:07:12;0;2,777607;0,192717;0;0;2,971054;53,5;0
17.09.2025 14:12:14;0;3,032518;0,17389;0;0;3,20568;53,5;0
17.09.2025 14:17:16;0;2,778595;0,143332;0;0;2,920472;53,5;0
17.09.2025 14:22:18;0;2,021921;0,237188;0;0;2,259837;53,5;0
17.09.2025 14:27:18;0;1,680176;0,218994;0;0;1,899902;53,5;0
17.09.2025 14:32:20;0;1,447867;0,221909;0;0;1,670504;53,5;0
17.09.2025 14:37:22;0;1,308173;0,22773;0;0;1,535176;53,5;0
17.09.2025 14:42:24;0;1,496614;0,157883;0;0;1,654497;53,5;0
17.09.2025 14:47:26;0;1,360559;0,144787;0;0;1,506073;53,5;0
17.09.2025 14:52:28;0;1,207769;0,17971;0;0;1,388206;53,400002;0
17.09.2025 14:57:30;0;1,37511;0,20663;0;0;1,580285;53,400002;0
17.09.2025 15:02:33;0;1,922426;0,285717;0;0;2,207418;53,400002;0
17.09.2025 15:07:34;0,003832;1,800152;0,923436;0;0,146728;2,57394;53,099998;-11,9
17.09.2025 15:12:36;0,002137;1,795646;0,859989;0;0,054204;2,60034;53,200001;0
17.09.2025 15:17:36;0;2,775879;0,28125;0;0;3,055664;53,299999;0
17.09.2025 15:22:38;0;2,82516;0,17971;0;0;3,003415;53,299999;0
17.09.2025 15:27:38;0;2,348877;0,135498;0;0;2,48584;53,299999;0
17.09.2025 15:32:40;0;2,181987;0,117867;0;0;2,299126;53,299999;0
17.09.2025 15:37:43;0,008339;1,240766;0,867304;0;0,005076;2,095742;53,299999;0
17.09.2025 15:42:44;0;1,848331;0,325575;0;0;2,172446;53,299999;0
17.09.2025 15:47:46;0;1,952074;0,306308;0;0;2,259837;53,299999;0
17.09.2025 15:52:48;0;1,797101;0,296122;0;0;2,092495;53,299999;0
17.09.2025 15:57:51;0;1,647587;0,285717;0;0;1,934754;53,299999;0
17.09.2025 16:02:52;0;1,498667;0,182497;0;0;1,678974;53,299999;0
17.09.2025 16:07:54;0;1,303808;0,165886;0;0;1,471149;53,299999;0
17.09.2025 16:12:57;0;1,281376;0,176216;0;0;1,457592;53,299999;0
17.09.2025 16:17:58;0;1,351209;0,196367;0;0;1,547576;53,299999;0
17.09.2025 16:22:58;0;1,333008;0,265137;0;0;1,598145;53,299999;0
17.09.2025 16:28:00;0;1,328545;0,238643;0;0;1,567189;53,299999;0
17.09.2025 16:33:03;0;1,221912;0,287893;0;0;1,511255;53,299999;0
17.09.2025 16:38:04;0;1,25485;0,292725;0;0;1,547576;53,299999;0
17.09.2025 16:43:06;0;1,557003;0,20372;0;0;1,759268;53,299999;0
17.09.2025 16:48:08;0;1,456598;0,139694;0;0;1,597747;53,299999;0
17.09.2025 16:53:11;0;1,182753;0,125454;0;0;1,305306;53,299999;0
17.09.2025 16:58:13;0;1,137194;0,175345;0;0;1,313994;53,299999;0
17.09.2025 17:03:14;0;1,124182;0,239436;0;0;1,363619;53,299999;0
17.09.2025 17:08:16;0;1,234689;0,23355;0;0;1,468239;53,299999;0
17.09.2025 17:13:18;0;1,281981;0,228457;0;0;1,510438;53,299999;0
17.09.2025 17:18:20;0,020599;0,698469;1,081171;0,240462;0,480925;1,517714;53,200001;8,9
17.09.2025 17:23:22;0,000455;0,02692;0,791598;0,528581;0;1,348917;54;11,5
17.09.2025 17:28:24;0,003774;0,832342;0,269929;0,628622;0,007276;1,718524;55,099998;0
17.09.2025 17:33:26;0;1,514804;0,255378;0;0;1,769454;54,5;0
17.09.2025 17:38:28;0;1,100088;0,403802;0;0;1,504618;54,299999;0
17.09.2025 17:43:30;0;1,064437;0,365968;0;0;1,42895;54,099998;0
17.09.2025 17:48:32;0;1,108091;0,334683;0;0;1,443502;54;0
17.09.2025 17:53:34;0;1,453688;0,361603;0;0;1,816018;54;0
17.09.2025 17:58:36;0;1,335094;0,314311;0;0;1,648677;53,900002;0
17.09.2025 18:03:36;0;1,091309;0,243896;0;0;1,335938;53,799999;0
17.09.2025 18:08:38;0;0,884727;0,168797;0;0;1,052068;53,799999;0
17.09.2025 18:13:41;0;0,720819;0,166789;0;0;0,886158;53,799999;0
17.09.2025 18:18:42;0,001597;0,575961;0,203667;0;0,003285;0,776708;53,700001;0
17.09.2025 18:23:42;0;0,451172;0,262939;0;0;0,714844;53,700001;0
17.09.2025 18:28:44;0,004547;0,216816;0,339776;0;0,011641;0,539858;53,599998;0
17.09.2025 18:33:46;0,002001;0,142604;0,360148;0;0,01637;0,483107;53,599998;0
17.09.2025 18:38:48;0;0,079305;0,318676;0;0;0,398709;53,599998;0
17.09.2025 18:43:50;0,001592;0,216089;0,218271;0;0;0,432177;53,599998;0
17.09.2025 18:48:52;0,000728;0,148425;0,303397;0;0,01346;0,439453;53,5;0
17.09.2025 18:53:54;0,007867;0,045837;0,835252;0;0,596972;0,275022;52,700001;-26,1
17.09.2025 18:58:56;0,021009;0,056751;2,475925;0;2,357331;0,154245;52,700001;-36,200001
17.09.2025 19:03:56;0,000092;0,041016;1,455322;0;1,402222;0,09375;52,799999;-24,200001
17.09.2025 19:09:05;0,001556;0,037688;1,385202;0;1,366713;0,054043;52,799999;-27,1
17.09.2025 19:14:05;0,002106;0,04541;1,393799;0;1,412842;0,024902;52,900002;-8,9
17.09.2025 19:19:06;0,000091;0,02555;0,375944;0;0,397479;0,00438;53;-5,8
17.09.2025 19:24:06;0;0,024902;0,269531;0;0,294067;0,001465;53;-4,9
17.09.2025 19:29:07;0,005338;0,0292;0,319005;0;0,341635;0;53;-6,1
17.09.2025 19:34:08;0;0,02482;0,293455;0;0,31864;0;53;-5,6
17.09.2025 19:39:08;0,005539;0,028564;0,407227;0;0,429565;0;53;-8
17.09.2025 19:44:10;0;0,025465;0,395071;0;0,420172;0;53;-7,9
17.09.2025 19:49:13;0;0,023931;0,372737;0;0,397031;0;53;-6,3
17.09.2025 19:54:14;0;0,02482;0,300025;0;0,325575;0;53;-6,1
17.09.2025 19:59:14;0,000092;0,024902;0,281982;0;0,306519;0;53,099998;-3,9
17.09.2025 20:04:17;0,001858;0,024656;0,229879;0;0,252722;0;53,099998;-5,2
17.09.2025 20:09:18;0;0,02555;0,254036;0;0,279586;0;53,099998;-5,4
17.09.2025 20:14:20;0;0,02401;0,249557;0;0,273567;0;53,099998;-5,1
17.09.2025 20:19:22;0,007139;0,026193;0,324497;0;0,342686;0;53;-6,5
17.09.2025 20:24:25;0,000181;0,032633;0,313274;0;0,346269;0;53;-7,5
17.09.2025 20:29:26;0,000046;0,034309;0,327035;0;0,361344;0;53;-6,4
17.09.2025 20:34:28;0,002319;0,02692;0,339048;0;0,363422;0;53;-7,6
17.09.2025 20:39:30;0,000546;0,025465;0,327407;0;0,352508;0;53;-5,5
17.09.2025 20:44:32;0,001137;0,032013;0,245919;0;0,276841;0;53;-5,3
17.09.2025 20:49:34;0,011095;0,018917;0,236461;0;0,243736;0;53,099998;-4
17.09.2025 20:54:36;0,011641;0,023282;0,207358;0;0,218999;0;53;-10,2
17.09.2025 20:59:38;0,000091;0,030558;0,310673;0;0,341231;0;53;-6,3
17.09.2025 21:04:41;0,003988;0,04206;0,295144;0;0,333578;0;53;-6,3
17.09.2025 21:09:42;0;0,02336;0,311705;0;0,335065;0;53;-6,3
17.09.2025 21:14:44;0,005229;0,034196;0,32959;0;0,358329;0;53;-8,1
17.09.2025 21:19:46;0,007867;0,02983;0,303397;0;0,325952;0;53;-7,7
17.09.2025 21:24:49;0,003354;0,030457;0,398844;0;0,425675;0;53;-8,5
17.09.2025 21:29:50;0,000912;0,02336;0,423393;0;0,444928;0;53;-9,2
17.09.2025 21:34:52;0,008003;0,034923;0,521669;0;0,548589;0;52,900002;-11,5
17.09.2025 21:39:54;0,007867;0,020372;0,567506;0;0,58133;0;52,900002;-10,3
17.09.2025 21:44:54;0,001694;0,0271;0,491455;0;0,516724;0;53;-8,8
17.09.2025 21:49:56;0,001;0,022555;0,442363;0;0,463827;0;53;-8,8
17.09.2025 21:54:58;0,003956;0,020372;0,442363;0;0,458734;0;53;-8,5
17.09.2025 22:00:01;0,002402;0,023931;0,377088;0;0,398481;0;53;-7,7
17.09.2025 22:05:02;0;0,02409;0,389084;0;0,412809;0;53;-7,6
17.09.2025 22:10:04;0,000182;0,02983;0,40453;0;0,433269;0;53;-9
17.09.2025 22:15:06;0,006957;0,031286;0,488928;0;0,513665;0;52,900002;-10,7
17.09.2025 22:20:08;0,005275;0,035651;1,39621;0;1,427131;0;52,599998;-37,299999
17.09.2025 22:25:10;0,038834;0,05093;2,449005;0;2,461738;0;52,599998;-36,200001
17.09.2025 22:30:12;0;0,045837;1,615209;0;1,661046;0;52,700001;-26,6
17.09.2025 22:35:15;0;0,044235;1,435837;0;1,479347;0;52,700001;-25,700001
17.09.2025 22:40:17;0;0,044382;1,059344;0;1,103362;0;52,900002;-8
17.09.2025 22:45:18;0,001825;0,01971;0,378134;0;0,396019;0;53;-7,7
17.09.2025 22:50:20;0,000318;0,024737;0,382703;0;0,407076;0;53;-7,6
17.09.2025 22:55:22;0,009504;0,02692;0,498386;0;0,516576;0;52,900002;-11,9
17.09.2025 23:00:24;0,000318;0,029103;0,516576;0;0,544587;0;53;-8
17.09.2025 23:05:26;0,02351;0,058206;0,96476;0;0,998592;0;52,900002;-9,2
17.09.2025 23:10:28;0,015052;0,048747;1,315449;0;1,348917;0;52,799999;-9,2
17.09.2025 23:15:30;0,005548;0,02692;0,478014;0;0,500205;0;52,900002;-9,7
17.09.2025 23:20:32;0,000136;0,030558;0,379792;0;0,409623;0;53;-5,5
17.09.2025 23:25:34;0,003274;0,026193;0,340503;0;0,364149;0;53;-6,5
17.09.2025 23:30:35;0,001049;0,02336;0,323385;0;0,34492;0;53;-6,9
17.09.2025 23:35:36;0,007026;0,049639;0,302215;0;0,345285;0;53;-7,6
17.09.2025 23:40:37;0,007893;0,02701;0,324845;0;0,343825;0;53;-6,2
17.09.2025 23:45:39;0,00191;0,028375;0,300487;0;0,32668;0;53;-6
17.09.2025 23:50:41;0,004456;0,026193;0,303397;0;0,324861;0;53;-6,1
17.09.2025 23:55:41;0,000046;0,025635;0,292969;0;0,319336;0;53;-6
18.09.2025 00:00:43;0,00141;0,025465;0,180438;0;0,204811;0;53;-3,8
18.09.2025 00:05:45;0,002637;0,029103;0,191351;0;0,216452;0;53;-4,8
18.09.2025 00:10:48;0,011285;0,016679;0,248733;0;0,25526;0;53;-4,7
18.09.2025 00:15:49;0,007711;0,045259;0,291265;0;0,327765;0;53;-7,5
18.09.2025 00:20:51;0,002137;0,02692;0,358693;0;0,384158;0;53;-6,2
18.09.2025 00:25:53;0,001955;0,022555;0,307035;0;0,328135;0;53;-6,1
18.09.2025 00:30:55;0,000773;0,02983;0,289573;0;0,318312;0;53;-6
18.09.2025 00:35:55;0,007324;0,032959;0,26001;0;0,284912;0;53;-3,8
18.09.2025 00:40:57;0,000682;0,02401;0,17389;0;0,196808;0;53;-3,8
18.09.2025 00:46:00;0,009382;0,015229;0,195796;0;0,20196;0;53,099998;-3,4
18.09.2025 00:51:01;0;0,02701;0,172277;0;0,200017;0;53;-3,9
18.09.2025 00:56:03;0,006957;0,032013;0,348507;0;0,374335;0;53;-7,4
18.09.2025 01:01:03;0,007187;0,046875;0,385986;0;0,425171;0;52,900002;-9,2
18.09.2025 01:06:05;0;0,024737;0,446729;0;0,471102;0;52,900002;-7,7
18.09.2025 01:11:07;0,000182;0,02401;0,378337;0;0,401983;0;52,900002;-7,6
18.09.2025 01:16:09;0,000182;0,02983;0,367424;0;0,396526;0;52,900002;-7,5
18.09.2025 01:21:11;0;0,02401;0,262653;0;0,287391;0;53;-4,9
18.09.2025 01:26:13;0,000227;0,0211;0,22773;0;0,248466;0;53;-3,8
18.09.2025 01:31:15;0,003274;0,019644;0,23064;0;0,246647;0;53;-4,9
18.09.2025 01:36:17;0,005684;0,02983;0,296122;0;0,321587;0;53;-7,2
18.09.2025 01:41:20;0;0,023931;0,349532;0;0,373463;0;53;-7,1
18.09.2025 01:46:21;0;0,02555;0,310975;0;0,335795;0;53;-6,1
18.09.2025 01:51:23;0,0005;0,023282;0,295394;0;0,317949;0;53;-6
18.09.2025 01:56:25;0,004093;0,021827;0,289573;0;0,307035;0;53;-3,8
18.09.2025 02:01:27;0,000637;0,020372;0,17971;0;0,199718;0;53;-3,8
18.09.2025 02:06:29;0,001728;0,021827;0,178255;0;0,197899;0;53;-3,8
18.09.2025 02:11:31;0;0,020372;0,1768;0;0,197899;0;53;-3,7
18.09.2025 02:16:34;0,010424;0,025381;0,272664;0;0,28753;0;53;-6,1
18.09.2025 02:21:36;0;0,024737;0,298304;0;0,323042;0;53;-6,1
18.09.2025 02:26:37;0,005475;0,02555;0,367914;0;0,387989;0;53;-7,1
18.09.2025 02:31:39;0,002774;0,028375;0,352145;0;0,377246;0;52,900002;-7,4
18.09.2025 02:36:41;0,002137;0,02401;0,277205;0;0,299032;0;53;-3,8
18.09.2025 02:41:43;0,000136;0,021827;0,178983;0;0,201173;0;53;-3,9
18.09.2025 02:46:45;0,001319;0,024737;0,174617;0;0,197899;0;53;-3,7
18.09.2025 02:51:48;0,022072;0,032633;0,218276;0;0,228066;0;53;-7,4
18.09.2025 02:56:50;0,000819;0,031286;0,360875;0;0,392161;0;52,900002;-7,2
18.09.2025 03:01:51;0,01606;0,042339;0,437263;0;0,463543;0;52,900002;-9,3
18.09.2025 03:06:53;0,009777;0,02401;0,447456;0;0,460553;0;52,900002;-7,6
18.09.2025 03:11:55;0,000136;0,030558;0,366696;0;0,398709;0;52,900002;-7,5
18.09.2025 03:16:57;0,001455;0,040016;0,330317;0;0,368515;0;52,900002;-5,3
18.09.2025 03:21:59;0,000273;0,022555;0,248102;0;0,270293;0;52,900002;-5
18.09.2025 03:27:01;0,000318;0,023282;0,172434;0;0,195353;0;53;-3,4
18.09.2025 03:32:03;0,004684;0,020372;0,170979;0;0,186622;0;53;-3,8
18.09.2025 03:37:05;0,01005;0,026193;0,288118;0;0,303397;0;52,900002;-6,1
18.09.2025 03:42:07;0,001864;0,018189;0,304852;0;0,322314;0;52,900002;-6,1
18.09.2025 03:47:09;0;0,02401;0,292484;0;0,31613;0;52,900002;-5,8
18.09.2025 03:52:11;0,000045;0,019644;0,291756;0;0,311764;0;52,900002;-5,9
18.09.2025 03:57:13;0,002819;0,024737;0,30558;0;0,32668;0;52,900002;-4,9
18.09.2025 04:02:13;0,000504;0,02417;0,240234;0;0,263672;0;52,900002;-5,1
18.09.2025 04:07:15;0,000045;0,018917;0,226275;0;0,246647;0;52,900002;-3,8
18.09.2025 04:12:17;0,000455;0,02401;0,175345;0;0,198263;0;53;-3,5
18.09.2025 04:17:20;0,007025;0,029732;0,321976;0;0,344093;0;52,900002;-7,3
18.09.2025 04:22:21;0,000365;0,02555;0,358424;0;0,384339;0;52,900002;-7,2
18.09.2025 04:27:23;0,004002;0,020372;0,355055;0;0,371061;0;52,799999;-7,1
18.09.2025 04:32:25;0;0,027648;0,341231;0;0,369242;0;52,799999;-6
18.09.2025 04:37:28;0;0,018854;0,200147;0;0,218639;0;52,900002;-3,6
18.09.2025 04:42:29;0;0,01533;0,176657;0;0,192717;0;52,900002;-3,6
18.09.2025 04:47:29;0,000046;0,017578;0,177979;0;0,195557;0;52,900002;-4
18.09.2025 04:52:31;0,005275;0,02692;0,22482;0;0,245555;0;52,900002;-6,2
18.09.2025 04:57:34;0,004396;0,027556;0,370562;0;0,393767;0;52,799999;-7,9
18.09.2025 05:02:35;0,001506;0,02701;0,395654;0;0,420838;0;52,799999;-7,9
18.09.2025 05:07:37;0,000045;0,025465;0,40453;0;0,430722;0;52,700001;-8,8
18.09.2025 05:12:39;0,001773;0,02983;0,457642;0;0,486018;0;52,700001;-8,7
18.09.2025 05:17:41;0,003138;0,028375;0,412533;0;0,437634;0;52,700001;-6,8
18.09.2025 05:22:43;0,004047;0,037834;1,247057;0;1,281253;0;52,200001;-33,099998
18.09.2025 05:27:45;0,032832;0,05093;2,428633;0;2,446095;0;51,900002;-44,599998
18.09.2025 05:32:46;0,118943;0,038689;2,790746;0;2,710083;0;51,599998;-73,599998
18.09.2025 05:37:47;1,097401;0;4,909903;0;3,812365;0;51,599998;-73,599998
18.09.2025 05:42:49;0,273612;0,026193;3,946347;0;3,698609;0;51,700001;-63,200001
18.09.2025 05:47:51;0,099404;0,055295;3,005597;0;2,963035;0;51,700001;-61,799999
18.09.2025 05:52:52;0,000867;0,062049;2,56591;0;2,626134;0;51,799999;-40,200001
18.09.2025 05:57:53;0,001186;0,044529;1,473117;0;1,516186;0;52;-26,299999
18.09.2025 06:02:53;0,000641;0,040283;1,037109;0;1,077759;0;52,299999;-7,2
18.09.2025 06:07:55;0,002001;0,029103;0,271384;0;0,29794;0;52,299999;-5,4
18.09.2025 06:12:57;0,012505;0,024737;0,319404;0;0,331409;0;52,299999;-7,8
18.09.2025 06:17:59;0,000682;0,038561;0,360875;0;0,398709;0;52,299999;-7,6
18.09.2025 06:23:02;0,017041;0,068166;1,801323;0;1,85281;0;52,200001;-7
18.09.2025 06:28:05;0,014639;0,047136;0,627272;0;0,659542;0;52,299999;-6,5
18.09.2025 06:33:06;0,009307;0,049639;1,145352;0;1,185501;0;52,200001;-5,6
18.09.2025 06:38:07;0,000046;0,0219;0,266446;0;0,28798;0;52,299999;-5,6
18.09.2025 06:43:09;0,00141;0,024737;0,30558;0;0,32959;0;52,299999;-6,8
18.09.2025 06:48:11;0,000182;0,025465;0,336866;0;0,362331;0;52,299999;-6,8
18.09.2025 06:53:13;0,009322;0,032013;0,470739;0;0,493293;0;52,299999;-11,2
18.09.2025 06:58:15;0;0,027648;0,552227;0;0,578783;0;52,200001;-11
18.09.2025 07:03:17;0,014779;0,040744;0,890547;0;0,916376;0;52;-30
18.09.2025 07:08:20;0,000408;0,04206;1,008712;0;1,035543;0,015954;52,200001;-9,3
18.09.2025 07:13:21;0,004654;0,034309;0,551871;0;0,517197;0,064239;52,299999;-7,3
18.09.2025 07:18:23;0,000819;0,026193;0,296122;0;0,221909;0,100405;52,400002;-3
18.09.2025 07:23:25;0,000728;0,027648;0,255378;0;0,197899;0,084398;52,400002;-3,4
18.09.2025 07:28:27;0,000546;0,02401;0,25174;0;0,177527;0,096039;52,400002;-3
18.09.2025 07:33:29;0,010823;0,032013;0,291029;0;0,190987;0,122232;52,400002;-4,9
18.09.2025 07:38:31;0,000091;0,0211;0,350689;0;0,228821;0,142604;52,400002;-3,8
18.09.2025 07:43:33;0;0,021827;0,352872;0;0,183348;0,192079;52,400002;-2,1
18.09.2025 07:48:35;0,022191;0,00291;0,312128;0;0,012369;0,279387;52,5;0
18.09.2025 07:53:37;0,000273;0,030558;0,276477;0;0;0,307035;52,5;0
18.09.2025 07:58:39;0,002001;0,130963;0,20372;0;0;0,333228;52,5;0
18.09.2025 08:03:41;0,000227;0,088764;0,270657;0;0,000364;0,35651;52,5;0
18.09.2025 08:08:44;0;0,124004;0,258886;0;0;0,38434;52,5;0
18.09.2025 08:13:44;0,005219;0,064453;0,357422;0,000366;0,008423;0,408691;52,5;0
18.09.2025 08:18:45;0,018569;0,050369;1,535166;0;1,135132;0,432153;51,900002;-37
18.09.2025 08:23:47;0;0,049475;2,280936;0;1,872769;0,45546;51,799999;-35,799999
18.09.2025 08:28:49;0,001091;0,07203;1,856035;0,001455;1,446048;0,483107;52,200001;0
18.09.2025 08:33:51;0,003092;0,082943;0,395799;0,035287;0,000364;0,510755;52,400002;0
18.09.2025 08:38:51;0,007965;0,046875;0,429199;0,067383;0;0,536133;52,400002;1,6
18.09.2025 08:43:51;0,004211;0,040283;0,437256;0,091919;0;0,56543;52,5;3,4
18.09.2025 08:48:53;0,014597;0,045109;0,347779;0,279751;0,008003;0,650449;52,599998;3,6
18.09.2025 08:53:55;0,001728;0,02692;0,478742;0,250648;0;0,755219;52,599998;4,5
18.09.2025 08:58:57;0,003001;0,02983;0,469284;0,339776;0;0,835252;52,700001;8,8
18.09.2025 09:03:59;0,003274;0,02692;0,448912;0,498386;0;0,972035;52,799999;9,8
18.09.2025 09:09:00;0,001049;0,041609;0,432153;0,708454;0;1,179662;52,900002;16,5
18.09.2025 09:14:01;0,014189;0,035769;1,30741;0,438723;0,365359;1,403038;52,400002;-15,4
18.09.2025 09:19:03;0,0005;0,05093;2,028469;0;0,665;1,414399;52,299999;-9,2
18.09.2025 09:24:05;0,002319;0,05093;0,925471;1,018236;0,116048;1,874224;53,099998;25,5
18.09.2025 09:29:05;0,000732;0,037354;0,370605;1,820801;0,000366;2,229492;53,299999;40,799999
18.09.2025 09:34:05;0,00705;0,041748;0,427734;2,092163;0;2,554688;53,400002;41
18.09.2025 09:39:07;0,000091;0,031286;0,465646;2,319498;0;2,815701;53,5;45,5
18.09.2025 09:44:09;0,000045;0,029103;0,48529;2,444276;0;2,95976;53,400002;46,299999
18.09.2025 09:49:11;0;0,046565;0,532582;2,478108;0;3,0558;53,5;46,200001
18.09.2025 09:54:13;0;0,154973;0,484563;2,46865;0;3,10964;53,5;46,200001
18.09.2025 09:59:13;0;0,309814;0,394775;2,474487;0;3,177246;53,5;46,200001
18.09.2025 10:04:15;0;0,413988;0,355055;2,476653;0;3,246424;53,5;46,200001
18.09.2025 10:09:17;0;0,459098;0,345596;2,469377;0;3,274071;53,599998;46,200001
18.09.2025 10:14:19;0,001364;0,391433;0,459825;2,466831;0;3,317726;53,599998;46,099998
18.09.2025 10:19:21;0;0,429267;0,440908;2,46865;0;3,336642;53,700001;46,099998
18.09.2025 10:24:23;0;0,486018;0,420536;2,479927;0;3,389028;53,700001;45,900002
18.09.2025 10:29:25;0;0,517303;0,419809;2,466103;0;3,402124;53,799999;45,900002
18.09.2025 10:34:27;0,000227;0,569688;0,370334;2,464648;0;3,405034;53,900002;45,799999
18.09.2025 10:39:29;0;0,565323;0,376154;2,469014;0;3,407944;53,900002;45,799999
18.09.2025 10:44:31;0,000546;0,545679;0,385613;2,469741;0;3,402124;54;45,799999
18.09.2025 10:49:31;0,001923;0,42041;0,503906;2,472656;0;3,394043;54;45,799999
18.09.2025 10:54:33;0,008185;0,333955;0,794497;2,249651;0;3,380297;53,799999;22,700001
18.09.2025 10:59:35;0;0,042927;2,096569;1,219046;0;3,36429;53,799999;23,299999
18.09.2025 11:04:37;0,000773;0,037106;2,09338;1,263792;0;3,405034;53,799999;23,9
18.09.2025 11:09:40;0,000453;0,038434;2,025726;1,327424;0;3,406849;53,799999;25,299999
18.09.2025 11:14:40;0,005676;0,030029;2,01201;1,362305;0;3,396973;53,799999;25,700001
18.09.2025 11:19:42;0,00141;0,031286;1,958668;1,416218;0;3,421041;53,799999;26,9
18.09.2025 11:24:43;0,002053;0,0292;1,956866;1,443917;0;3,441166;53,799999;26,5
18.09.2025 11:29:45;0,007776;0,032013;1,896266;1,492249;0;3,423951;53,799999;26,6
18.09.2025 11:34:47;0,006639;0,050202;1,98212;1,379112;0;3,4094;53,799999;25,4
18.09.2025 11:39:49;0,061071;0,02983;3,073768;0,336138;0;3,389028;53,599998;5,1
18.09.2025 11:44:51;0,001955;0,032013;3,079699;0,266291;0;3,399214;53,5;5,2
18.09.2025 11:49:53;0,009686;0,034196;3,072144;0,293575;0;3,403579;53,5;5,7
18.09.2025 11:54:53;0,004944;0,032227;3,052512;0,328125;0;3,414551;53,5;5,6
18.09.2025 11:59:55;0,05384;0,056023;3,541258;0,244464;0,393616;3,4094;53;-47,299999
18.09.2025 12:04:58;0,182743;0,19217;5,668824;0,013416;2,271596;3,422803;52,900002;-15,9
18.09.2025 12:09:59;0,674601;0,148188;6,37325;0;2,405312;3,458686;52,700001;-38,200001
18.09.2025 12:15:01;0,317448;0,183348;4,825871;0,044018;1,284891;3,46615;52,900002;-20,9
18.09.2025 12:20:03;0,007867;0,02983;3,333622;0,222637;0,102224;3,487977;53,299999;5
18.09.2025 12:25:04;0,004791;0,02482;3,226608;0,251116;0;3,511245;53,400002;5,5
18.09.2025 12:30:05;0,001277;0,02482;3,242387;0,271921;0;3,559424;53,400002;6,5
18.09.2025 12:35:07;0,004002;0,035651;3,24721;0,267746;0,002546;3,550548;53,400002;6,8
18.09.2025 12:40:09;0,000909;0,268474;2,091814;1,191398;0;3,554914;54;45,799999
18.09.2025 12:45:11;0;0,712292;0,392889;2,481018;0;3,586927;54,099998;45,799999
18.09.2025 12:50:13;0,000455;0,656997;0,476559;2,472651;0;3,605844;54,099998;45,599998
18.09.2025 12:55:15;0;0,666455;0,47947;2,470469;0;3,61603;54,099998;45,799999
18.09.2025 13:00:17;0;0,771953;0,422719;2,471196;0;3,665505;54,099998;45,5
18.09.2025 13:05:19;0;0,798146;0,433633;2,463557;0;3,697518;54,099998;45,5
18.09.2025 13:10:19;0;0,754395;0,464355;2,464233;0;3,681152;54,099998;45,599998
18.09.2025 13:15:21;0;0,79087;0,360875;2,465012;0;3,617485;54,200001;45,599998
18.09.2025 13:20:23;0;0,732664;0,372517;2,468286;0;3,572376;54,099998;45,599998
18.09.2025 13:25:25;0,001228;0,069119;1,703972;1,797101;0;3,569465;54;29,9
18.09.2025 13:30:27;0,006321;0,036379;2,124508;1,358376;0;3,51417;53,700001;8,4
18.09.2025 13:35:29;0,022828;0,04802;3,650953;0,087309;0,27102;3,490888;53,400002;4,6
18.09.2025 13:40:31;0,009186;0,02983;2,774957;0,656633;0,000364;3,454509;53,799999;17,9
18.09.2025 13:45:33;0,000318;0,199355;1,415854;1,853488;0;3,46615;54,200001;45,599998
18.09.2025 13:50:35;0;0,385613;0,58133;2,470105;0;3,437047;54,299999;45,599998
18.09.2025 13:55:38;0;0,46846;0,487314;2,471017;0;3,428605;54,299999;45,5
18.09.2025 14:00:39;0;0,450403;0,483252;2,475391;0;3,409047;54,400002;45,400002
18.09.2025 14:05:40;0,001551;0,416823;0,491282;2,472106;0;3,378387;54,5;45,400002
18.09.2025 14:10:42;0;0,286663;0,590788;2,467195;0;3,343918;54,799999;45
18.09.2025 14:15:44;0;0,365968;0,582057;2,363152;0;3,308995;56,099998;26,799999
18.09.2025 14:20:46;0;2,386434;0,432177;0,487109;0,01346;3,292988;54,599998;-0,4
18.09.2025 14:25:48;0;2,884821;0,409623;0;0,009822;3,285712;54,099998;0
18.09.2025 14:30:50;0;2,807698;0,445274;0;0;3,252244;53,900002;0
18.09.2025 14:35:52;0;2,830253;0,419809;0;0;3,250789;53,799999;0
18.09.2025 14:40:55;0;2,838316;0,383615;0;0;3,222656;53,700001;0
18.09.2025 14:45:56;0;2,798046;0,402224;0;0;3,19881;53,700001;0
18.09.2025 14:50:58;0;2,697107;0,420536;0;0;3,118371;53,599998;0
18.09.2025 14:56:00;0;2,429361;0,363058;0;0;2,792419;53,599998;0
18.09.2025 15:01:02;0;2,252561;0,387796;0;0;2,639629;53,599998;0
18.09.2025 15:06:04;0;2,205996;0,365241;0;0;2,571237;53,599998;0
18.09.2025 15:11:06;0;2,19581;0,296122;0;0;2,49266;53,599998;0
18.09.2025 15:16:09;0;2,295889;0,204498;0;0;2,498936;53,5;0
18.09.2025 15:21:11;0;2,256199;0,197899;0;0;2,453371;53,5;0
18.09.2025 15:26:12;0;2,147626;0,263526;0;0;2,411882;53,5;0
18.09.2025 15:31:14;0;2,011735;0,310673;0;0;2,322408;53,5;0
18.09.2025 15:36:17;0;1,920976;0,311098;0;0;2,232074;53,5;0
18.09.2025 15:41:18;0;1,88629;0,321925;0;0;2,207485;53,5;0
18.09.2025 15:46:20;0;1,810925;0,344141;0;0;2,155066;53,5;0
18.09.2025 15:51:22;0;1,864765;0,260471;0;0;2,123053;53,5;0
18.09.2025 15:56:25;0;1,926052;0,268313;0;0;2,194365;53,5;0
18.09.2025 16:01:26;0;1,92279;0,237976;0;0;2,160766;53,5;0
18.09.2025 16:06:28;0;1,832752;0,299032;0;0;2,131784;53,400002;0
18.09.2025 16:11:30;0;1,78837;0,319404;0;0;2,108502;53,400002;0
18.09.2025 16:16:32;0;1,83348;0,309945;0;0;2,143425;53,400002;0
18.09.2025 16:21:34;0;1,784005;0,38052;0;0;2,165252;53,400002;0
18.09.2025 16:26:36;0;1,684328;0,427084;0;0;2,109957;53,400002;0
18.09.2025 16:31:38;0;1,534448;0,35651;0;0;1,89023;53,400002;0
18.09.2025 16:36:40;0;1,643584;0,347052;0;0;1,987725;53,400002;0
18.09.2025 16:41:42;0;1,552637;0,294666;0;0;1,846576;53,400002;0
18.09.2025 16:46:44;0;1,767998;0,32668;0;0;2,095406;53,400002;0
18.09.2025 16:51:44;0;1,598877;0,320068;0;0;1,918945;53,400002;0
18.09.2025 16:56:46;0;1,590471;0,325224;0;0;1,914968;53,400002;0
18.09.2025 17:01:48;0;1,47406;0,318676;0;0;1,792736;53,400002;0
18.09.2025 17:06:51;0;1,400304;0,351708;0;0;1,753461;53,400002;0
18.09.2025 17:11:52;0;1,378218;0,306595;0;0;1,683354;53,299999;0
18.09.2025 17:16:54;0;1,324908;0,310673;0;0;1,635581;53,400002;0
18.09.2025 17:21:56;0,01155;0,845438;0,959667;0;0,196808;1,597747;53;-10,8
18.09.2025 17:26:58;0,008322;0,036379;2,180531;0;0,646811;1,559913;52,900002;-11,9
18.09.2025 17:32:00;0,000637;0,030558;2,195083;0;0,698832;1,5279;52,900002;-12,6
18.09.2025 17:37:02;0,004729;0,030558;2,208907;0;0,833069;1,399847;52,799999;-21,1
18.09.2025 17:42:04;0,012278;0,05093;1,314722;0,379065;0,477651;1,257243;52,900002;-18,6
18.09.2025 17:47:04;0,01712;0,047607;1,256836;0,33728;0,488159;1,135254;52,900002;-21,200001
18.09.2025 17:52:06;0,000364;0,042927;1,876407;0,113501;0,829795;1,201948;53,200001;14,5
18.09.2025 17:57:08;0,000045;0,031286;0,416898;0,701379;0;1,151018;53,400002;12,7
18.09.2025 18:02:10;0,009049;0,038561;0,365968;0,61116;0,00291;1,002593;53,5;7,8
18.09.2025 18:07:12;0,000045;0,026193;0,454005;0,405621;0;0,886182;53,5;6,1
18.09.2025 18:12:14;0,000136;0,025465;0,445274;0,280479;0;0,750854;53,5;4,8
18.09.2025 18:17:16;0,004274;0,026193;0,508572;0,148425;0,002546;0,676641;53,400002;1,4
18.09.2025 18:22:18;0;0,025465;0,518031;0,054204;0;0,599519;53,400002;0,9
18.09.2025 18:27:20;0,002728;0,088036;0,454732;0,005457;0,000364;0,542768;53,299999;0
18.09.2025 18:32:22;0,000045;0,056751;0,395799;0;0;0,454005;53,299999;0
18.09.2025 18:37:24;0,023646;0;0,388523;0;0;0,362331;53,299999;0
18.09.2025 18:42:26;0,01778;0,003638;0,333228;0;0;0,320131;53,299999;0
18.09.2025 18:47:28;0,022009;0,022555;0,459825;0;0,18262;0,277932;53,099998;-4,3
18.09.2025 18:52:31;0,022888;0,014503;0,488765;0;0,293694;0,187094;53;-6,8
18.09.2025 18:57:32;0,007939;0,02993;0,453323;0;0,34711;0,128478;53;-6,7
18.09.2025 19:02:34;0,000182;0,025465;0,45837;0;0,389614;0,094584;52,900002;-8
18.09.2025 19:07:37;0,002991;0,023205;0,430026;0;0,385065;0,063815;53;-6,6
18.09.2025 19:12:38;0,007893;0,02774;0,421933;0;0,407699;0,035039;52,900002;-7,2
18.09.2025 19:17:40;0,003229;0,036379;0,405257;0;0,42854;0,008731;52,900002;-8,3
18.09.2025 19:22:42;0,011505;0,030558;0,424174;0;0,43727;0,005821;52,900002;-10,7
18.09.2025 19:27:44;0,032786;0,050202;0,696286;0;0,712292;0;52,700001;-31,4
18.09.2025 19:32:47;0,013461;0,054388;1,34374;0;1,386163;0;52,900002;-9,2
18.09.2025 19:37:48;0,017976;0,062049;1,604515;0;1,647219;0;52,900002;-9
18.09.2025 19:42:50;0,000136;0,022555;0,395799;0;0,419445;0;53;-7,2
18.09.2025 19:47:52;0,002774;0,028375;0,30849;0;0,333591;0;53;-7,6
18.09.2025 19:52:54;0,038561;0,034196;1,52499;0;1,520988;0;52,400002;-68,400002
18.09.2025 19:57:56;0;0,060388;2,185624;0;2,24674;0;52,700001;-30,6
18.09.2025 20:02:58;0,006412;0,045109;1,338731;0;1,376201;0;52,700001;-28,6
18.09.2025 20:08:00;0,004911;0,042927;1,386024;0;1,424221;0;52,700001;-31,6
18.09.2025 20:13:02;0,000091;0,042199;0,837435;0;0,879634;0;53;-8,9
18.09.2025 20:18:04;0;0,024737;0,444546;0;0,470375;0;53;-8,9
18.09.2025 20:23:06;0,003047;0,025465;0,444546;0;0,465282;0;53;-9,8
18.09.2025 20:28:08;0;0,02692;0,448184;0;0,476559;0;53;-7,8
18.09.2025 20:33:10;0,000136;0,025465;0,363786;0;0,388523;0;53;-6,4
18.09.2025 20:38:12;0,002228;0,025465;0,315038;0;0,337593;0;53;-5,2
18.09.2025 20:43:12;0;0,02417;0,243896;0;0,268433;0;53,099998;-5,1
18.09.2025 20:48:14;0,006685;0,037834;0,447456;0;0,478014;0,001455;53;-9,4
18.09.2025 20:53:16;0,001228;0,032013;0,551499;0;0,582785;0;53;-11,1
18.09.2025 20:58:18;0;0,032013;0,553682;0;0,585695;0;53;-11,1
18.09.2025 21:03:21;0,001722;0,023931;0,556931;0;0,579411;0;53;-11
18.09.2025 21:08:22;0,001779;0,0292;0,483982;0;0,511722;0;53;-10
18.09.2025 21:13:24;0,021054;0,05384;1,124825;0;1,157202;0;52,900002;-7,9
18.09.2025 21:18:26;0,006366;0,020372;0,408895;0;0,423447;0;53;-8,4
18.09.2025 21:23:28;0,007367;0,043654;0,402347;0;0,438362;0;53;-9,7
18.09.2025 21:28:30;0,000045;0,02692;0,459098;0;0,486018;0;53;-9,1
18.09.2025 21:33:32;0,012141;0,028375;0,453277;0;0,469284;0;53;-8,8
18.09.2025 21:38:34;0,004047;0,02983;0,453277;0;0,478742;0;53;-8,8
18.09.2025 21:43:36;0,005138;0,030558;0,466373;0;0,492202;0;53;-7,8
18.09.2025 21:48:38;0,325997;0,032013;1,976811;0;1,682873;0;52,5;-45,799999
18.09.2025 21:53:38;0,000824;0,053467;0,560303;0;0,612671;0;52,900002;-9,8
18.09.2025 21:58:40;0,006184;0,0211;0,421264;0;0,436179;0;53;-6,8
18.09.2025 22:03:42;0,011959;0,040016;0,473649;0;0,501297;0;52,900002;-11,1
18.09.2025 22:08:44;0,000318;0,034196;0,542768;0;0,5766;0;52,900002;-10,7
18.09.2025 22:13:46;0,00141;0,02692;0,53622;0;0,562413;0;52,900002;-10,3
18.09.2025 22:18:49;0,000906;0,027556;0,527199;0;0,552942;0;52,900002;-12,5
18.09.2025 22:23:50;0,003924;0,02993;0,62925;0;0,65626;0;52,900002;-12,9
18.09.2025 22:28:52;0,004502;0,02983;0,48529;0;0,509664;0;52,900002;-9,5
18.09.2025 22:33:54;0,000409;0,027648;0,444546;0;0,472921;0;53;-8,8
18.09.2025 22:38:55;0;0,02774;0,402954;0;0,430328;0;53;-7,6
18.09.2025 22:43:56;0,004654;0,03139;0,401494;0;0,428503;0;53;-10
18.09.2025 22:48:58;0,000227;0,031286;0,441636;0;0,472194;0;53;-8,6
18.09.2025 22:54:00;0,000045;0,0211;0,43727;0;0,458734;0;53;-8,7
18.09.2025 22:59:02;0,000182;0,021827;0,432177;0;0,453641;0;53;-8,4
18.09.2025 23:04:04;0;0,02401;0,42854;0;0,452186;0;53;-8,5
18.09.2025 23:09:06;0,002637;0,021827;0,395071;0;0,413624;0;53;-7,8
18.09.2025 23:14:08;0,001546;0,023282;0,385613;0;0,408531;0;53;-7,8
18.09.2025 23:19:10;0;0,024737;0,37761;0;0,402711;0;53;-6,6
18.09.2025 23:24:12;0,00332;0,02983;0,376154;0;0,401619;0;53;-8,4
18.09.2025 23:29:14;0;0,022555;0,424174;0;0,447093;0;52,900002;-8,4
18.09.2025 23:34:16;0;0,02401;0,430722;0;0,454368;0;52,900002;-8,6
18.09.2025 23:39:18;0,0005;0,024737;0,427812;0;0,452186;0;52,900002;-8,6
18.09.2025 23:44:20;0,00382;0,02401;0,400892;0;0,421264;0;53;-6,4
18.09.2025 23:49:22;0,003047;0,02692;0,282298;0;0,304852;0;53;-6,7
18.09.2025 23:54:24;0,003547;0,023282;0,288118;0;0,309218;0;53;-8,4
18.09.2025 23:59:27;0,002493;0,030457;0,336479;0;0,363673;0;53;-6,8
19.09.2025 00:04:28;0,007665;0,02628;0,438723;0;0,458798;0;52,900002;-8,7
19.09.2025 00:09:30;0,000182;0,02983;0,382703;0;0,411805;0;52,900002;-7,5
19.09.2025 00:14:32;0,000773;0,034923;0,362331;0;0,395071;0;52,900002;-7,5
19.09.2025 00:19:34;0;0,025465;0,344141;0;0,370334;0;53;-6,1
19.09.2025 00:24:36;0,002728;0,025465;0,300487;0;0,323042;0;53;-6
19.09.2025 00:29:38;0,007912;0,018189;0,189169;0;0,200082;0;53;-3,8
19.09.2025 00:34:40;0,00482;0,026193;0,227002;0;0,248102;0;53;-5,1
19.09.2025 00:39:43;0,010152;0,024656;0,238581;0;0,253084;0;53;-5,1
19.09.2025 00:44:44;0,009672;0,02555;0,319735;0;0,335795;0;53;-6,1
19.09.2025 00:49:46;0,000364;0,02983;0,288846;0;0,318312;0;53;-6,1
19.09.2025 00:54:48;0,010732;0,023282;0,307763;0;0,320131;0;53;-5,8
19.09.2025 00:59:50;0,002137;0,022555;0,293211;0;0,313583;0;53;-5,8
19.09.2025 01:04:52;0,013642;0,018917;0,277205;0;0,282298;0;53;-3,7
19.09.2025 01:09:54;0,006184;0,02401;0,17389;0;0,192079;0;53;-3,8
19.09.2025 01:14:56;0,001455;0,020372;0,23064;0;0,249921;0;53;-4,7
19.09.2025 01:19:58;0;0,020372;0,227002;0;0,247738;0;53;-4,5
19.09.2025 01:25:00;0,006002;0,02692;0,349234;0;0,368515;0;52,900002;-7
19.09.2025 01:30:02;0,000318;0,029103;0,307035;0;0,337957;0;53;-6,1
19.09.2025 01:35:05;0,000136;0,024656;0,294419;0;0,317987;0;53;-5,8
19.09.2025 01:40:06;0,000091;0,02555;0,292725;0;0,31864;0;53;-6
19.09.2025 01:45:08;0,000091;0,022555;0,209541;0;0,231368;0;53;-3,7
19.09.2025 01:50:10;0,00573;0,025465;0,236461;0;0,256105;0;53;-5,6
19.09.2025 01:55:12;0;0,021827;0,269201;0;0,290665;0;53;-5,4
19.09.2025 02:00:14;0,007867;0,028375;0,341231;0;0,361603;0;52,900002;-8,8
19.09.2025 02:05:16;0;0,023282;0,440181;0;0,464191;0;52,900002;-8,8
19.09.2025 02:10:18;0,001955;0,020372;0,439453;0;0,458006;0;52,900002;-8,5
19.09.2025 02:15:20;0,000728;0,027648;0,303397;0;0,32959;0;52,900002;-6,2
19.09.2025 02:20:22;0,000136;0,023282;0,288846;0;0,311764;0;52,900002;-5,6
19.09.2025 02:25:24;0;0,023282;0,218271;0;0,242645;0;53;-3,7
19.09.2025 02:30:26;0;0,0211;0,176072;0;0,19608;0;53;-3,7
19.09.2025 02:35:28;0,002274;0,022555;0,211723;0;0,232095;0;53;-4,7
19.09.2025 02:40:30;0,006321;0,024737;0,272112;0;0,291392;0;52,900002;-7,5
19.09.2025 02:45:32;0;0,02692;0,355055;0;0,381611;0;52,900002;-7,1
19.09.2025 02:50:35;0,002583;0,032633;0,323426;0;0,353883;0;52,900002;-6,3
19.09.2025 02:55:36;0,002281;0,035769;0,270826;0;0,303675;0;52,900002;-5,9
19.09.2025 03:00:38;0,004593;0,024737;0,288118;0;0,30849;0;52,900002;-3,7
19.09.2025 03:05:40;0,009413;0,0211;0,17971;0;0,191715;0;53;-3,8
19.09.2025 03:10:42;0,004684;0,019644;0,1768;0;0,190987;0;53;-3,7
19.09.2025 03:15:44;0,001501;0,022555;0,176072;0;0,197172;0;53;-3,7
19.09.2025 03:20:46;0,008822;0,030558;0,250285;0;0,271384;0;52,900002;-5,9
19.09.2025 03:25:48;0,003683;0,018189;0,299032;0;0,315402;0;52,900002;-5,4
19.09.2025 03:30:50;0,003956;0,040744;0,328862;0;0,364877;0;52,900002;-7
19.09.2025 03:35:52;0,000227;0,033468;0,349234;0;0,382703;0;52,799999;-7,2
19.09.2025 03:40:52;0,008102;0,029297;0,309814;0;0,330688;0;52,900002;-5,8
19.09.2025 03:45:55;0,000363;0,031907;0,263962;0;0,295507;0;52,900002;-4,9
19.09.2025 03:50:56;0,007072;0,0219;0,267176;0;0,281776;0;52,900002;-5
19.09.2025 03:55:56;0,006729;0,025635;0,25708;0;0,275757;0;52,799999;-7,9
19.09.2025 04:00:58;0,002274;0,022555;0,427084;0;0,44782;0;52,799999;-8,8
19.09.2025 04:05:59;0;0,02628;0,392734;0;0,419743;0;52,799999;-7,3
19.09.2025 04:11:00;0,00146;0,03139;0,345285;0;0,374849;0;52,799999;-6,9
19.09.2025 04:16:02;0,000045;0,02401;0,30267;0;0,32668;0;52,799999;-5,8
19.09.2025 04:21:04;0;0,022555;0,239371;0;0,261198;0;52,799999;-3,8
19.09.2025 04:26:07;0,000952;0,020305;0,175491;0;0,195433;0;52,900002;-3,7
19.09.2025 04:31:06;0,000138;0,022046;0,175634;0;0,198048;0;52,900002;-3,8
19.09.2025 04:36:08;0,005048;0,02692;0,189896;0;0,210996;0;52,799999;-6,5
19.09.2025 04:41:10;0,000045;0,02401;0,299032;0;0,323042;0;52,799999;-6,1
19.09.2025 04:46:11;0;0,02482;0,297105;0;0,32229;0;52,799999;-6
19.09.2025 04:51:13;0;0,023282;0,293211;0;0,315766;0;52,700001;-5,9
19.09.2025 04:56:15;0,001728;0,02401;0,304125;0;0,325952;0;52,700001;-7,1
19.09.2025 05:01:17;0,000136;0,019644;0,252467;0;0,271748;0;52,700001;-4,7
19.09.2025 05:06:20;0,000181;0,026106;0,23278;0;0,260336;0;52,700001;-5
19.09.2025 05:11:22;0;0,0211;0,199355;0;0,219363;0;52,700001;-3,7
19.09.2025 05:16:23;0,006114;0,02774;0,236516;0;0,258416;0;52,700001;-6,1
19.09.2025 05:21:25;0,001273;0,025465;0,304852;0;0,328498;0;52,599998;-7,3
19.09.2025 05:26:27;0,000136;0,024737;0,344869;0;0,370334;0;52,599998;-6,9
19.09.2025 05:31:29;0,003229;0,02983;0,361603;0;0,388159;0;52,400002;-21,4
19.09.2025 05:36:31;0,009231;0,043654;2,111412;0;2,145608;0;51,900002;-43,799999
19.09.2025 05:41:33;0,002046;0,048747;2,183442;0;2,230734;0;51,700001;-66
19.09.2025 05:46:35;0,283844;0,009458;4,038021;0;3,763363;0;51,599998;-73,699997
19.09.2025 05:51:37;0,153336;0,030558;3,754996;0;3,632036;0;51,700001;-60,400002
19.09.2025 05:56:39;0,005502;0,070574;2,11214;0;2,17653;0;52,200001;-8,6
19.09.2025 06:01:41;0,002774;0,02983;0,315038;0;0,342322;0;52,299999;-6,5
19.09.2025 06:06:43;0,004729;0,029103;0,360875;0;0,385249;0;52,299999;-7,6
19.09.2025 06:11:45;0,073667;0,032741;2,419175;0;2,378431;0;51,700001;-57,700001
19.09.2025 06:16:47;0;0,064754;2,704383;0;2,768773;0;51,799999;-43,400002
19.09.2025 06:21:49;0,000091;0,049475;1,727255;0;1,776366;0;52;-27,4
19.09.2025 06:26:52;0,002946;0,038434;1,317634;0;1,354618;0;52;-27,700001
19.09.2025 06:31:53;0,000137;0,054749;1,363619;0;1,417638;0;52;-28,299999
19.09.2025 06:36:55;0,007776;0,061116;1,495159;0;1,548272;0;51,900002;-29,6
19.09.2025 06:41:57;0,002274;0,039289;1,516986;0;1,553729;0;51,900002;-29,799999
19.09.2025 06:46:59;0,000318;0,046565;1,269612;0;1,315813;0;52,200001;-10,7
19.09.2025 06:52:02;0,000045;0,025381;0,448155;0;0,473536;0;52,200001;-7,8
19.09.2025 06:57:03;0,001049;0,02117;0,300025;0;0,3201;0;52,299999;-4
19.09.2025 07:02:05;0,000091;0,019644;0,194262;0;0,212451;0,001455;52,299999;-4,5
19.09.2025 07:07:07;0,000546;0,02983;0,194262;0;0,202992;0,020372;52,400002;-3,6
19.09.2025 07:12:09;0,00432;0,026193;0,237916;0;0,225183;0,034923;52,299999;-5,5
19.09.2025 07:17:11;0;0,029103;0,303397;0;0,278296;0,05384;52,299999;-5,2
19.09.2025 07:22:14;0,000045;0,020305;0,302396;0;0,248371;0,073967;52,400002;-4,6
19.09.2025 07:27:13;0,009186;0,025721;0,555563;0;0,472522;0,099943;52,099998;-25,4
19.09.2025 07:32:15;0,000637;0,036379;0,974218;0;0,866901;0,142604;52,299999;-5,4
19.09.2025 07:37:17;0,006957;0,034196;0,376882;0;0,224456;0,180438;52,400002;-2,2
19.09.2025 07:42:19;0,044018;0,010914;0,325952;0;0,07785;0,215361;52,400002;0
19.09.2025 07:47:21;0,010277;0,018917;0,312128;0;0,064026;0,256105;52,400002;0
19.09.2025 07:52:23;0,030149;0,040744;0,373244;0;0,089855;0,293939;52,5;0
19.09.2025 07:57:25;0,021873;0,000728;0,341231;0;0;0,320131;52,5;0
19.09.2025 08:02:27;0,000273;0,010914;0,336138;0;0;0,347779;52,5;0
19.09.2025 08:07:29;0;0,038561;0,347052;0;0;0,384158;52,5;0
19.09.2025 08:12:31;0,000773;0,056751;0,341231;0,01637;0;0,414716;52,5;2,2
19.09.2025 08:17:33;0,027238;0,052385;1,907692;0,012369;1,5068;0,436543;51,900002;-33,099998
19.09.2025 08:22:35;0,010231;0,040016;0,745761;0,10477;0,415443;0,465646;52,099998;-19,6
19.09.2025 08:27:37;0,001364;0,037834;0,702834;0,089855;0,338321;0,490383;52,400002;1,9
19.09.2025 08:32:39;0,010459;0,07203;0,402347;0,057478;0,004002;0,518031;52,5;0
19.09.2025 08:37:41;0,001728;0,037834;0,426357;0,081488;0;0,544223;52,5;2
19.09.2025 08:42:43;0,003592;0,02401;0,439453;0,11532;0,000364;0,573326;52,599998;2,3
19.09.2025 08:47:45;0,00291;0,025465;0,467101;0,168797;0,002183;0,657725;52,599998;3,5
19.09.2025 08:52:47;0,003683;0,019644;0,448184;0,27102;0;0,734847;52,700001;6,7
19.09.2025 08:57:49;0,003547;0,027648;0,395071;0,46892;0;0,887637;52,799999;10,1
19.09.2025 09:02:51;0,003865;0,044382;0,365241;0,477287;0;0,884727;52,799999;8,8
19.09.2025 09:07:53;0,006002;0,037106;0,387796;0,684281;0;1,102998;52,900002;14,5
19.09.2025 09:12:55;0,000182;0,02401;0,470011;0,82543;0;1,318359;53;16
19.09.2025 09:17:57;0,002137;0,02401;0,494749;0,893094;0;1,410033;53;20,299999
19.09.2025 09:22:57;0,017899;0,039551;0,572021;1,120972;0;1,715332;53,200001;25,9
19.09.2025 09:28:00;0,009563;0,034808;0,654829;1,422059;0;2,101543;53,200001;30,299999
19.09.2025 09:33:01;0,007528;0,0292;0,593481;1,887385;0;2,502401;53,400002;39,099998
19.09.2025 09:38:03;0,000455;0,040744;0,538403;2,176166;0;2,75313;53,5;43,799999
19.09.2025 09:43:05;0,002956;0,027648;0,568233;2,38025;0;2,974312;53,5;46,200001
19.09.2025 09:48:07;0,004638;0,100405;0,552227;2,4581;0;3,10673;53,5;46
19.09.2025 09:53:09;0,012687;0,036379;1,946981;1,215408;0;3,185308;53,200001;16,6
19.09.2025 09:58:11;0,003365;0,030558;2,306401;0,88982;0;3,223141;53,200001;17,299999
19.09.2025 10:03:11;0,002472;0,037354;2,312256;0,935669;0;3,28418;53,200001;19,4
19.09.2025 10:08:14;0,015954;0,090646;1,752011;1,495663;0;3,321279;53,299999;21,299999
19.09.2025 10:13:15;0,019618;0,042339;3,104641;0,569391;0,31207;3,385687;53,099998;14,1
19.09.2025 10:18:15;0,004395;0,106201;1,549805;1,734741;0;3,385254;53,5;46
19.09.2025 10:23:17;0;0,3325;0,610432;2,469014;0;3,41231;53,599998;46,200001
19.09.2025 10:28:20;0,008385;0,316899;0,812191;2,317281;0;3,438757;53,400002;21,200001
19.09.2025 10:33:21;0,001597;0,251116;0,936575;2,273184;0;3,460146;53,700001;46,099998
19.09.2025 10:38:21;0;0,328125;0,648193;2,46936;0;3,445313;53,700001;46
19.09.2025 10:43:23;0;0,310673;0,656269;2,472651;0;3,438502;53,799999;46
19.09.2025 10:48:25;0,001046;0,298304;0,643901;2,465739;0;3,406489;53,900002;45,799999
19.09.2025 10:53:27;0,021691;0,082943;2,005187;1,347462;0;3,41522;53,799999;23,200001
19.09.2025 10:58:29;0,002819;0,033468;2,096861;1,275796;0;3,403579;53,799999;24,5
19.09.2025 11:03:31;0,001637;0,35942;0,718841;2,344963;0;3,421041;54;45,799999
19.09.2025 11:08:33;0;0,345596;0,623529;2,477381;0;3,445778;54;45,700001
19.09.2025 11:13:35;0,005138;0,205903;0,774864;2,454826;0;3,431227;54;45,700001
19.09.2025 11:18:38;0,002719;0,099348;0,937645;2,411191;0;3,444558;54;43,900002
19.09.2025 11:23:39;0,013687;0,045989;1,603785;1,843951;0;3,480586;54;42,299999
19.09.2025 11:28:41;0,003001;0,05093;1,111002;2,298762;0;3,458874;54;41,299999
19.09.2025 11:33:43;0,005002;0,037106;1,156839;2,261292;0;3,448688;54;40,599998
19.09.2025 11:38:43;0,008789;0,028564;1,201172;2,20752;0;3,429199;54;41,200001
19.09.2025 11:43:45;0,007367;0,033468;1,199038;2,217638;0;3,442868;54;38,599998
19.09.2025 11:48:47;0,010868;0,036379;1,367834;2,031016;0;3,423951;54;37,799999
19.09.2025 11:53:49;0,001273;0,041472;1,288529;2,09868;0;3,428316;54;39,5
19.09.2025 11:58:51;0,002774;0,044382;1,284164;2,107774;0;3,432682;54;39,099998
19.09.2025 12:03:52;0,001414;0,043069;1,30668;2,106017;0;3,454306;54;39,200001
19.09.2025 12:08:54;0,014142;0,22482;1,284164;1,974629;0;3,46906;53,799999;19,4
19.09.2025 12:13:55;0,062779;0,162787;3,680602;0,368644;0,652975;3,496645;53,900002;45,799999
19.09.2025 12:18:55;0,07196;0,358887;1,255371;1,959961;0,005127;3,496582;54,099998;45,700001
19.09.2025 12:23:57;0,039971;0,442363;0,845438;2,272569;0;3,522901;54,200001;45,700001
19.09.2025 12:28:59;0,000045;0,488928;0,573326;2,475198;0;3,535997;54,200001;45,700001
19.09.2025 12:34:01;0;0,53622;0,556592;2,474107;0;3,566555;54,200001;45,599998
19.09.2025 12:39:03;0;0,575509;0,523124;2,476653;0;3,576741;54,200001;45,599998
19.09.2025 12:44:05;0;0,613343;0,512938;2,472288;0;3,597113;54,299999;45,5
19.09.2025 12:49:07;0;0,722478;0,422719;2,467195;0;3,61312;54,299999;45,5
19.09.2025 12:54:09;0,000045;0,691193;0,454005;2,467558;0;3,610209;54,400002;45,299999
19.09.2025 12:59:11;0,002319;0,205175;1,465329;1,989908;0;3,661139;54,400002;31,1
19.09.2025 13:04:13;0,009959;0,034923;1,96517;1,708338;0;3,696063;54,400002;13,1
19.09.2025 13:09:15;0,007685;0,033468;3,25661;0,413261;0,002183;3,693152;53,700001;-0,3
19.09.2025 13:14:16;0,003057;0,038689;3,263779;0,32886;0,001095;3,629503;54,099998;13,8
19.09.2025 13:19:17;0,000182;0,035039;2,447652;1,096443;0;3,576944;55,900002;25
19.09.2025 13:24:19;0;2,394437;0,829431;0,381975;0,014915;3,591292;54,599998;-0,3
19.09.2025 13:29:21;0;3,236238;0,319404;0;0,007276;3,549093;54,099998;0
19.09.2025 13:34:23;0;3,291533;0,205903;0;0;3,496708;53,900002;0
19.09.2025 13:39:25;0;3,222414;0,262653;0;0;3,485067;53,799999;0
19.09.2025 13:44:27;0;3,170029;0,28448;0;0;3,455964;53,799999;0
19.09.2025 13:49:29;0;3,092178;0,3536;0;0;3,444323;53,700001;0
19.09.2025 13:54:31;0;3,123464;0,30558;0;0;3,428316;53,700001;0
19.09.2025 13:59:33;0;2,69929;0,657725;0;0;3,35847;53,599998;0
19.09.2025 14:04:35;0;3,018694;0,315038;0;0;3,333732;53,599998;0
19.09.2025 14:09:35;0;3,046875;0,238037;0;0;3,285645;53,599998;0
19.09.2025 14:14:37;0;3,051434;0,260471;0;0;3,31045;53,599998;0
19.09.2025 14:19:39;0;3,027425;0,28157;0;0;3,308995;53,599998;0
19.09.2025 14:24:41;0;2,940844;0,325952;0;0;3,266796;53,5;0
19.09.2025 14:29:44;0;2,827439;0,365486;0;0;3,193649;53,5;0
19.09.2025 14:34:45;0;2,851335;0,344555;0;0;3,19443;53,5;0
19.09.2025 14:39:47;0;2,825887;0,341231;0;0;3,167846;53,5;0
19.09.2025 14:44:47;0;2,820557;0,331055;0;0;3,150879;53,5;0
19.09.2025 14:49:49;0;2,816429;0,291756;0;0;3,10964;53,5;0
19.09.2025 14:54:51;0;2,530493;0,298304;0;0;2,828798;53,5;0
19.09.2025 14:59:53;0;2,340597;0,317221;0;0;2,657091;53,400002;0
19.09.2025 15:04:53;0;2,240479;0,400635;0;0;2,642578;53,400002;0
19.09.2025 15:09:55;0;2,217638;0,408168;0;0;2,623622;53,5;0
19.09.2025 15:14:57;0;2,197266;0,401619;0;0;2,60034;53,400002;0
19.09.2025 15:19:59;0;2,095406;0,393616;0;0;2,488294;53,400002;0
19.09.2025 15:25:01;0;2,104136;0,341959;0;0;2,44464;53,400002;0
19.09.2025 15:30:03;0;2,139787;0,249557;0;0;2,3908;53,400002;0
19.09.2025 15:35:05;0;2,014645;0,242281;0;0;2,255471;53,400002;0
19.09.2025 15:40:07;0;1,902599;0,266291;0;0;2,168163;53,400002;0
19.09.2025 15:45:09;0;1,826932;0,299759;0;0;2,127419;53,400002;0
19.09.2025 15:50:11;0;1,751264;0,369606;0;0;2,121598;53,400002;0
19.09.2025 15:55:13;0;1,786188;0,32668;0;0;2,112867;53,400002;0
19.09.2025 16:00:15;0;1,706883;0,323042;0;0;2,028469;53,400002;0
19.09.2025 16:05:17;0;1,764361;0,320859;0;0;2,08522;53,400002;0
19.09.2025 16:10:19;0;1,859672;0,23064;0;0;2,09104;53,400002;0
19.09.2025 16:15:21;0;1,773819;0,288846;0;0;2,061937;53,400002;0
19.09.2025 16:20:23;0;1,605023;0,27866;0;0;1,88441;53,299999;0
19.09.2025 16:25:25;0;1,65668;0,33541;0;0;1,99209;53,400002;0
19.09.2025 16:30:27;0;1,665411;0,338321;0;0;2,002276;53,400002;0
19.09.2025 16:35:29;0;1,661773;0,325952;0;0;1,98918;53,400002;0
19.09.2025 16:40:29;0;1,66333;0,327393;0;0;1,990723;53,299999;0
19.09.2025 16:45:31;0;1,686511;0,299032;0;0;1,984815;53,299999;0
19.09.2025 16:50:33;0;1,691604;0,216089;0;0;1,909147;53,299999;0
19.09.2025 16:55:35;0;1,30308;0,33541;0;0;1,637036;53,299999;0
19.09.2025 17:00:37;0;1,085537;0,367424;0;0;1,453688;53,299999;0
19.09.2025 17:05:38;0;1,118343;0,459893;0;0;1,578235;53,299999;0
19.09.2025 17:10:39;0;1,032934;0,448943;0;0;1,481877;53,299999;0
19.09.2025 17:15:41;0;1,113912;0,397982;0;0;1,511893;53,299999;0
19.09.2025 17:20:43;0;1,114639;0,328135;0;0;1,442047;53,299999;0
19.09.2025 17:25:45;0;1,180121;0,320859;0;0;1,495887;53,299999;0
19.09.2025 17:30:48;0;1,260346;0,221177;0;0;1,482248;53,299999;0
19.09.2025 17:35:49;0;1,141702;0,223377;0;0;1,365079;53,299999;0
19.09.2025 17:40:50;0;1,173822;0,249656;0;0;1,423478;53,299999;0
19.09.2025 17:45:51;0;1,039504;0,359884;0;0;1,398658;53,299999;0
19.09.2025 17:50:54;0,000499;0,849899;0,408996;0;0,000725;1,255995;53,299999;0
19.09.2025 17:55:56;0;0,68319;0,372517;0;0;1,056434;53,299999;0
19.09.2025 18:00:57;0;0,673779;0,343095;0;0;1,016144;53,299999;0
19.09.2025 18:05:59;0;0,616253;0,319404;0;0;0,935657;53,299999;0
19.09.2025 18:11:01;0;0,515848;0,237188;0;0;0,753764;53,299999;0
19.09.2025 18:16:03;0;0,432177;0,246647;0;0;0,679552;53,299999;0
19.09.2025 18:21:05;0,000318;0,297577;0,306308;0;0,000364;0,603884;53,299999;0
19.09.2025 18:26:07;0,004274;0,152062;0,401619;0;0,004365;0,542768;53,299999;0
19.09.2025 18:31:10;0,003263;0,045686;0,40537;0;0;0,448155;53,299999;0
19.09.2025 18:36:11;0,010311;0,00292;0,369374;0;0;0,362074;53,299999;0
19.09.2025 18:41:13;0,038288;0,001455;0,35942;0;0,005093;0,318676;53,299999;0
19.09.2025 18:46:15;0,032013;0,020372;0,374699;0;0,088036;0,273567;53,099998;-3,7
19.09.2025 18:51:17;0,004775;0,018189;0,423447;0;0,264108;0,173162;53;-5,5
19.09.2025 18:56:19;0,000136;0,027648;0,397982;0;0,302306;0,123687;52,900002;-5,5
19.09.2025 19:01:18;0,005833;0,03013;0,421081;0;0,356045;0,088185;52,900002;-9,3
19.09.2025 19:06:20;0,00332;0,02983;0,518758;0;0,487109;0,059661;52,900002;-9,5
19.09.2025 19:11:22;0,004365;0,030558;0,492566;0;0,487473;0,030558;52,900002;-9,6
19.09.2025 19:16:24;0,002319;0,040744;0,496204;0;0,525307;0,008731;52,900002;-10,6
19.09.2025 19:21:26;0,003501;0,031286;0,531855;0;0,55732;0,00291;52,900002;-10,6
19.09.2025 19:26:28;0,00773;0,032013;0,454732;0;0,479106;0;53;-5,4
19.09.2025 19:31:28;0,001053;0,031494;0,224121;0;0,253784;0;53;-4,5
19.09.2025 19:36:30;0,002637;0,032741;0,267019;0;0,296849;0;53;-6,1
19.09.2025 19:41:30;0,011169;0,032959;0,333252;0;0,355225;0;53;-9,2
19.09.2025 19:46:31;0,000502;0,02336;0,454053;0;0,477778;0;52,900002;-10,5
19.09.2025 19:51:32;0,000547;0,0292;0,527052;0;0,554426;0;52,900002;-10,3
19.09.2025 19:56:34;0,000091;0,032741;0,494021;0;0,527125;0;52,900002;-9,2
19.09.2025 20:01:36;0;0,027648;0,462735;0;0,490383;0;52,900002;-9,5
19.09.2025 20:06:38;0,001319;0,023282;0,391433;0;0,413261;0;53;-7,3
19.09.2025 20:11:40;0;0,024737;0,363058;0;0,388523;0;53;-7,3
19.09.2025 20:16:42;0;0,025465;0,363058;0;0,387796;0;53;-7,3
19.09.2025 20:21:44;0,007185;0,028375;0,448912;0;0,470011;0;52,900002;-10,9
19.09.2025 20:26:47;0;0,029007;0,544603;0;0,57361;0;52,900002;-10,9
19.09.2025 20:31:48;0,000046;0,02628;0,548221;0;0,574866;0;52,900002;-10,6
19.09.2025 20:36:50;0;0,027648;0,523851;0;0,552227;0;52,900002;-9,5
19.09.2025 20:41:52;0,004638;0,030558;0,566778;0;0,592243;0;52,900002;-11,3
19.09.2025 20:46:54;0,000091;0,027648;0,450367;0;0,477287;0;52,900002;-8,8
19.09.2025 20:51:56;0,000045;0,025465;0,45837;0;0,483471;0;52,900002;-10
19.09.2025 20:56:58;0,000182;0,025465;0,465646;0;0,492202;0;52,900002;-8,8
19.09.2025 21:02:00;0,003501;0,02983;0,5093;0;0,535493;0;52,900002;-11,3
19.09.2025 21:07:02;0,019008;0,061116;1,489339;0;1,528991;0;52,799999;-11
19.09.2025 21:12:02;0;0,027832;0,503174;0;0,531006;0;52,900002;-10
19.09.2025 21:17:04;0;0,025465;0,492566;0;0,518758;0;52,900002;-9,7
19.09.2025 21:22:07;0;0,024656;0,459758;0;0,484051;0;52,900002;-8,7
19.09.2025 21:27:08;0,001551;0,02409;0,340905;0;0,364264;0;53;-6,6
19.09.2025 21:32:10;0,002774;0,033468;0,323769;0;0,353963;0;53;-6,8
19.09.2025 21:37:12;0,000045;0,029103;0,323769;0;0,352508;0;53;-6,6
19.09.2025 21:42:14;0,007867;0,033468;0,449639;0;0,475468;0;52,900002;-10,1
19.09.2025 21:47:16;0,006685;0,042199;0,510755;0;0,546042;0;52,900002;-10,2
19.09.2025 21:52:16;0,010345;0,025635;0,51709;0;0,532104;0;52,900002;-9,9
19.09.2025 21:57:18;0,001046;0,027648;0,452549;0;0,479833;0;53;-9,5
19.09.2025 22:02:20;0,004547;0,022555;0,416898;0;0,433996;0;53;-6,6
19.09.2025 22:07:22;0,001455;0,021827;0,3325;0;0,3536;0;53;-7,7
19.09.2025 22:12:22;0,002518;0,030762;0,344238;0;0,372437;0;53;-6,6
19.09.2025 22:17:24;0,016143;0,044382;0,848348;0;0,87636;0;52,799999;-7,2
19.09.2025 22:22:26;0,008913;0,037834;0,517303;0;0,54677;0;52,900002;-10,7
19.09.2025 22:27:28;0,002774;0,030558;0,572599;0;0,599519;0;52,900002;-11,7
19.09.2025 22:32:30;0,00864;0,032013;0,622801;0;0,646811;0;52,799999;-15,2
19.09.2025 22:37:32;0,005411;0,037834;1,644311;0;1,677052;0;52,5;-39,599998
19.09.2025 22:42:34;0,063844;0,053113;2,577785;0;2,567236;0;52,599998;-32,700001
19.09.2025 22:47:36;0;0,045109;1,468967;0;1,513712;0;52,700001;-29,4
19.09.2025 22:52:38;0;0,045837;1,476242;0;1,522079;0;52,700001;-28,5
19.09.2025 22:57:40;0,001;0,041472;1,104453;0;1,144834;0;52,900002;-7,8
19.09.2025 23:02:42;0,00532;0,031286;0,409623;0;0,436179;0;52,900002;-8,3
19.09.2025 23:07:44;0,000136;0,026193;0,46128;0;0,487109;0;52,900002;-10
19.09.2025 23:12:45;0;0,02701;0,494932;0;0,521212;0;52,900002;-9,8
19.09.2025 23:17:46;0,000091;0,032119;0,481062;0;0,514277;0;52,900002;-9,6
19.09.2025 23:22:48;0,000955;0,02692;0,405257;0;0,429995;0;53;-6,5
19.09.2025 23:27:50;0;0,026193;0,320131;0;0,346688;0;53;-6,5
19.09.2025 23:32:53;0;0,026106;0,312548;0;0,338654;0;53;-6,6
19.09.2025 23:37:54;0;0,02555;0,315355;0;0,340175;0;53;-6,6
19.09.2025 23:42:56;0,003183;0,02692;0,429267;0;0,453641;0;53;-8,6
19.09.2025 23:47:58;0,009959;0,017462;0,493293;0;0,500933;0;52,900002;-9,9
19.09.2025 23:52:58;0,000275;0,027832;0,490723;0;0,518555;0;52,900002;-9,9
19.09.2025 23:58:01;0,000227;0,023205;0,432201;0;0,454682;0;53;-7,6
20.09.2025 00:03:02;0,000228;0,02409;0,304405;0;0,32813;0;53;-4,9
20.09.2025 00:08:04;0,000045;0,019644;0,189169;0;0,209541;0;53;-3,9
20.09.2025 00:13:06;0,002319;0,028375;0,188441;0;0,213542;0;53;-3,8
20.09.2025 00:18:08;0,013005;0,032013;0,218999;0;0,23828;0;53;-6,6
20.09.2025 00:23:10;0,003547;0,023282;0,319404;0;0,34014;0;53;-6,5
20.09.2025 00:28:13;0,007841;0,033358;0,390867;0;0,415523;0;53;-8,2
20.09.2025 00:33:14;0,001414;0,035769;0,397114;0;0,431423;0;53;-7,8
20.09.2025 00:38:16;0,008094;0,025465;0,45546;0;0,472921;0;52,900002;-9
20.09.2025 00:43:18;0,003729;0,032741;0,406712;0;0,435815;0;53;-7,2
20.09.2025 00:48:21;0,006753;0,02248;0,335029;0;0,35062;0;53;-5,4
20.09.2025 00:53:22;0,003513;0,0219;0,192717;0;0,210967;0;53;-3,7
20.09.2025 00:58:24;0;0,020372;0,181165;0;0,201901;0;53;-3,8
20.09.2025 01:03:26;0,005866;0,047292;0,277932;0;0,319404;0;53;-6,2
20.09.2025 01:08:28;0,003547;0,036379;0,304125;0;0,337229;0;53;-7,5
20.09.2025 01:13:30;0,000273;0,02692;0,35942;0;0,385249;0;53;-7
20.09.2025 01:18:32;0;0,024737;0,345596;0;0,371425;0;53;-6,8
20.09.2025 01:23:34;0,001273;0,026193;0,282298;0;0,306671;0;53;-3,4
20.09.2025 01:28:36;0,002228;0,028375;0,170252;0;0,195353;0;53;-3,8
20.09.2025 01:33:38;0,002637;0,019644;0,180438;0;0,198263;0;53;-3,7
20.09.2025 01:38:40;0,005775;0,02401;0,198627;0;0,216816;0;53;-6,3
20.09.2025 01:43:42;0,000546;0,02401;0,30267;0;0,326316;0;53;-6,1
20.09.2025 01:48:42;0;0,026367;0,296631;0;0,322266;0;53;-6
20.09.2025 01:53:44;0;0,02692;0,291756;0;0,31904;0;53;-6,1
20.09.2025 01:58:46;0;0,026193;0,292484;0;0,31904;0;53;-6
20.09.2025 02:03:48;0,000773;0,015279;0,198627;0;0,213178;0;53;-3,7
20.09.2025 02:08:50;0,002365;0,0211;0,241554;0;0,259743;0;53;-4,8
20.09.2025 02:13:52;0;0,0211;0,237916;0;0,258652;0;53;-4,9
20.09.2025 02:18:54;0,006685;0,028375;0,296122;0;0,31904;0;53;-6,1
20.09.2025 02:23:56;0,003956;0,02983;0,38634;0;0,411442;0;52,900002;-7,7
20.09.2025 02:28:58;0;0,024737;0,38052;0;0,404893;0;52,900002;-7,7
20.09.2025 02:34:00;0,001137;0,02692;0,427084;0;0,454005;0;52,900002;-10,1
20.09.2025 02:39:02;0;0,022555;0,432177;0;0,454368;0;52,900002;-8,4
20.09.2025 02:44:04;0,005275;0,023282;0,352872;0;0,371061;0;52,900002;-4,7
20.09.2025 02:49:06;0;0,021827;0,22482;0;0,24701;0;53;-4,5
20.09.2025 02:54:08;0,001819;0,020372;0,224092;0;0,241554;0;53;-4,2
20.09.2025 02:59:10;0,004775;0,027648;0,240826;0;0,263381;0;52,900002;-7,5
20.09.2025 03:04:12;0,000546;0,031286;0,289573;0;0,320859;0;53;-6,1
20.09.2025 03:09:15;0,006527;0,035533;0,285717;0;0,313636;0;52,900002;-6,2
20.09.2025 03:14:16;0,001004;0,02409;0,289075;0;0,3128;0;52,900002;-5,9
20.09.2025 03:19:18;0,001091;0,025465;0,279387;0;0,304125;0;52,900002;-5,7
20.09.2025 03:24:18;0,005127;0,0271;0,193359;0;0,215332;0;53;-3,7
20.09.2025 03:29:20;0,006866;0,026193;0,161521;0;0,180801;0;53;-4
20.09.2025 03:34:22;0,003001;0,026193;0,170252;0;0,193534;0;53;-3,7
20.09.2025 03:39:24;0,024055;0,02983;0,301942;0;0,307399;0;52,900002;-7,5
20.09.2025 03:44:26;0,002274;0,037834;0,344869;0;0,379792;0;52,900002;-7,3
20.09.2025 03:49:26;0,000687;0,027832;0,331787;0;0,359985;0;52,900002;-5,7
20.09.2025 03:54:28;0,000637;0,02401;0,28157;0;0,304489;0;52,900002;-5,7
20.09.2025 03:59:30;0,002728;0,02401;0,260471;0;0,281206;0;52,900002;-3,5
20.09.2025 04:04:32;0,01105;0,018917;0,184803;0;0,19317;0;53;-3,2
20.09.2025 04:09:34;0,006776;0,023282;0,210996;0;0,22773;0;52,900002;-4,9
20.09.2025 04:14:36;0,005184;0,025465;0,256833;0;0,277568;0;52,900002;-7
20.09.2025 04:19:38;0,011005;0,0211;0,446001;0;0,456187;0,001455;52,799999;-8,8
20.09.2025 04:24:40;0,002365;0,02401;0,429267;0;0,450003;0;52,799999;-7,3
20.09.2025 04:29:41;0,005521;0,02482;0,367914;0;0,387259;0;52,799999;-6,8
20.09.2025 04:34:42;0,000684;0,03139;0,356234;0;0,387259;0;52,799999;-7,3
20.09.2025 04:39:44;0;0,02401;0,333228;0;0,356874;0;52,799999;-5,8
20.09.2025 04:44:46;0,000045;0,021827;0,202992;0;0,224456;0;52,900002;-3,8
20.09.2025 04:49:48;0,000045;0,022555;0,175345;0;0,198991;0;52,900002;-3,7
20.09.2025 04:54:50;0,000045;0,021827;0,176072;0;0,197172;0;52,900002;-3,8
20.09.2025 04:59:52;0,005048;0,024737;0,218999;0;0,239371;0;52,799999;-6,2
20.09.2025 05:04:54;0;0,023282;0,298304;0;0,320859;0;52,799999;-6
20.09.2025 05:09:56;0,001273;0,024737;0,296849;0;0,320495;0;52,799999;-7,1
20.09.2025 05:14:58;0;0,023282;0,351417;0;0,375063;0;52,700001;-7,1
20.09.2025 05:20:00;0;0,023282;0,343414;0;0,366332;0;52,700001;-4,7
20.09.2025 05:25:02;0;0,018189;0,237188;0;0,255014;0;52,700001;-4,7
20.09.2025 05:30:04;0,000909;0,019644;0,229913;0;0,249193;0;52,799999;-4,7
20.09.2025 05:35:06;0,000136;0,021827;0,22482;0;0,245919;0;52,700001;-4,7
20.09.2025 05:40:08;0,004184;0,027648;0,280115;0;0,304125;0;52,700001;-6,1
20.09.2025 05:45:10;0;0,02401;0,298304;0;0,321587;0;52,700001;-6,1
20.09.2025 05:50:12;0;0,023282;0,293939;0;0,317949;0;52,599998;-5,9
20.09.2025 05:55:14;0,003001;0,02692;0,272112;0;0,296122;0;52,599998;-5,6
20.09.2025 06:00:16;0,007912;0,025465;0,255378;0;0,272475;0;52,599998;-4,1
20.09.2025 06:05:18;0,007958;0,026193;0,193534;0;0,211723;0;52,599998;-4,1
20.09.2025 06:10:20;0,012414;0,031286;0,222637;0;0,241917;0;52,599998;-6,2
20.09.2025 06:15:22;0,007185;0,030558;0,297577;0;0,320131;0;52,5;-9
20.09.2025 06:20:22;0,009018;0,018311;0,421143;0;0,430298;0;52,5;-7,9
20.09.2025 06:25:24;0,003229;0,028375;0,38343;0;0,409259;0;52,5;-7
20.09.2025 06:30:26;0,000182;0,031286;0,385613;0;0,416898;0;52,400002;-8
20.09.2025 06:35:28;0,005775;0,038561;1,674142;0;1,707246;0;51,900002;-41,799999
20.09.2025 06:40:30;0,000091;0,040016;1,978994;0;2,017555;0;51,799999;-50,900002
20.09.2025 06:45:32;0,177846;0,016734;3,765182;0;3,604389;0;51,599998;-73,699997
20.09.2025 06:50:34;0,192079;0,021827;3,877956;0;3,708795;0;51,599998;-64,099998
20.09.2025 06:55:35;0,001414;0,059129;2,677598;0;2,734902;0;51,799999;-52,5
20.09.2025 07:00:36;0,077744;0,056209;2,295814;0;2,265155;0,0073;51,900002;-33,099998
20.09.2025 07:05:38;0,001455;0,034196;1,442774;0;1,454779;0,021827;52;-26,200001
20.09.2025 07:10:41;0,001994;0,032633;1,335038;0;1,3325;0,033358;52;-25
20.09.2025 07:15:42;0,000867;0,044529;1,199371;0;1,193531;0,049639;52,200001;-7,4
20.09.2025 07:20:44;0,000409;0,023282;0,333228;0;0,27575;0,081488;52,299999;-3,5
20.09.2025 07:25:46;0,001273;0,027648;0,261926;0;0,150971;0,136783;52,400002;-2,4
20.09.2025 07:30:48;0,026556;0,000728;0,218271;0;0,003274;0,187713;52,400002;0
20.09.2025 07:35:50;0,006321;0,043654;0,236461;0,005093;0,005457;0,273567;52,400002;0
20.09.2025 07:40:52;0,000045;0,054568;0,264108;0;0;0,320131;52,5;0
20.09.2025 07:45:56;0;0,064328;0,258757;0;0;0,322362;52,5;0
20.09.2025 07:50:56;0,001099;0,06665;0,300293;0;0,000366;0,366211;52,5;0
20.09.2025 07:55:56;0;0,062988;0,303955;0;0;0,366211;52,5;0
20.09.2025 08:00:58;0,002865;0,040016;0,247374;0,063299;0;0,347779;52,5;0
20.09.2025 08:06:01;0,003535;0,06454;0,221902;0;0,002176;0,279916;52,5;0
20.09.2025 08:11:02;0,019573;0,034309;0,734369;0;0,436168;0,313895;52;-35,900002
20.09.2025 08:16:02;0,024902;0,060059;1,598145;0;1,27771;0,355957;52,299999;0
20.09.2025 08:21:04;0,008958;0,024737;1,038244;0;0,652632;0,400164;52,099998;-18,700001
20.09.2025 08:26:06;0,018007;0,0211;0,908737;0;0,502024;0,41035;52,099998;-24,6
20.09.2025 08:31:08;0,000045;0,066937;0,94657;0,010914;0,607158;0,416171;52,400002;1,4
20.09.2025 08:36:10;0,006002;0,02983;0,388523;0,135328;0;0,548589;52,5;3,1
20.09.2025 08:41:10;0,001282;0,021973;0,322998;0,193726;0;0,537598;52,599998;3,6
20.09.2025 08:46:12;0,000227;0,033468;0,283025;0,271748;0;0,586423;52,700001;7,3
20.09.2025 08:51:14;0,010686;0,018917;0,303397;0,299759;0;0,612615;52,700001;7,5
20.09.2025 08:56:16;0,008413;0,035651;0,330317;0,427448;0,001455;0,782867;52,700001;7,9
20.09.2025 09:01:18;0,001864;0,022555;0,376154;0,49293;0;0,890547;52,799999;10,7
20.09.2025 09:06:20;0,002274;0,027648;0,341231;0,651904;0;1,020055;52,900002;16
20.09.2025 09:11:22;0,003138;0,042927;0,334683;0,875632;0;1,248513;53;17,200001
20.09.2025 09:16:24;0,000091;0,037834;0,325952;0,979311;0;1,343097;53,099998;21,6
20.09.2025 09:21:26;0,008413;0,0211;0,271384;1,19831;0;1,481335;53,200001;24,200001
20.09.2025 09:26:28;0,002228;0,033468;0,270657;1,586469;0;1,888775;53,299999;33,700001
20.09.2025 09:31:31;0,001677;0,037709;0,295144;1,908285;0;2,239325;53,400002;40,799999
20.09.2025 09:36:31;0,007736;0,046875;0,422607;2,243774;0;2,705566;53,5;43,299999
20.09.2025 09:41:33;0,000091;0,051658;0,445274;2,422449;0;2,920472;53,5;46,200001
20.09.2025 09:46:35;0;0,111318;0,447456;2,467195;0;3,025242;53,599998;46,099998
20.09.2025 09:51:37;0,001773;0,153518;0,464191;2,48211;0;3,097999;53,599998;46,200001
20.09.2025 09:56:37;0;0,224854;0,429932;2,470825;0;3,125977;53,700001;46,099998
20.09.2025 10:01:39;0,00241;0,146242;0,568961;2,464648;0;3,176577;53,700001;46
20.09.2025 10:06:41;0;0,248102;0,527489;2,474107;0;3,250789;53,900002;46
20.09.2025 10:11:43;0,003138;0,245192;0,601702;2,465376;0;3,308995;54;45,799999
20.09.2025 10:16:45;0;0,153518;0,687555;2,477381;0;3,317726;54;45,799999
20.09.2025 10:21:47;0,007412;0,109863;1,477698;1,738168;0;3,317726;53,700001;19,6
20.09.2025 10:26:49;0,002501;0,032013;2,16889;1,147016;0;3,345373;53,799999;23,1
20.09.2025 10:31:51;0,002865;0,032013;2,102681;1,231778;0;3,36429;53,799999;22,700001
20.09.2025 10:36:53;0,004456;0,030558;2,059755;1,271431;0;3,357014;53,799999;23,1
20.09.2025 10:41:55;0,001864;0,037834;2,008825;1,304536;0;3,349739;53,799999;25,700001
20.09.2025 10:46:55;0,00206;0,032227;1,994385;1,30188;0;3,32666;53,799999;23,700001
20.09.2025 10:51:57;0,006503;0,040744;2,021193;1,272159;0;3,327912;53,799999;23,4
20.09.2025 10:56:59;0,026329;0,072757;2,862196;0,467465;0,07785;3,308995;53,5;0
20.09.2025 11:02:01;0,022964;0,067664;3,653974;0,009458;0,408531;3,303174;53,400002;0
20.09.2025 11:07:03;0,023055;0,008731;3,337202;0;0;3,319181;53,400002;0
20.09.2025 11:12:05;0,004093;0,037834;2,599979;0,68901;0;3,329367;53,700001;13
20.09.2025 11:17:07;0,005275;0,032741;2,433703;0,845074;0;3,323546;53,700001;15,7
20.09.2025 11:22:09;0,006139;0,032741;2,465716;0,843983;0;3,352649;53,700001;17,1
20.09.2025 11:27:10;0,00876;0,037959;2,40922;0,883651;0;3,333128;53,700001;16,299999
20.09.2025 11:32:11;0,005794;0,035769;2,40164;0,819047;0,000365;3,263049;53,700001;16,5
20.09.2025 11:37:13;0,00623;0,032741;2,394862;0,795963;0;3,231872;53,700001;15,6
20.09.2025 11:42:15;0,00332;0,032013;2,368949;0,810515;0;3,220231;53,700001;15,8
20.09.2025 11:47:17;0,011323;0,058933;2,434151;0,776319;0;3,266796;53,799999;15,6
20.09.2025 11:52:19;0,011277;0,034923;2,260151;0,95421;0;3,25952;53,799999;18,4
20.09.2025 11:57:21;0,01246;0,029103;2,307444;0,918195;0;3,244968;53,799999;15,6
20.09.2025 12:02:23;0,002092;0,031286;2,340743;0,868356;0;3,247879;53,799999;16,299999
20.09.2025 12:07:25;0,008503;0,034196;2,43723;0,808332;0,001455;3,278437;53,700001;8,4
20.09.2025 12:12:27;0,001819;0,046565;2,816744;0,420172;0;3,294443;53,599998;7,9
20.09.2025 12:17:27;0,005814;0,035156;2,875975;0,380127;0;3,310547;53,599998;6,9
20.09.2025 12:22:29;0,019099;0,018917;2,981902;0,338321;0,013096;3,31336;53,400002;-23,799999
20.09.2025 12:27:31;0,010595;0,061844;4,410125;0,013096;1,13392;3,35847;53,200001;1,9
20.09.2025 12:32:33;0,065345;0,096767;4,123462;0,069847;0,885818;3,346828;53,099998;-15
20.09.2025 12:37:35;0,080442;0,106953;4,53426;0,027648;1,209951;3,381752;52,700001;-46
20.09.2025 12:42:37;0,103815;0,157883;4,454676;0,045837;1,137922;3,426861;52,900002;-21,6
20.09.2025 12:47:39;0,063617;0,106225;3,181873;0,487473;0,304125;3,428316;53,599998;17,200001
20.09.2025 12:52:41;0,007185;0,035651;2,526053;0,851622;0,001819;3,41522;53,700001;16,4
20.09.2025 12:57:43;0,023555;0,028375;3,139028;0,270293;0;3,416675;53,5;6,2
20.09.2025 13:02:45;0,004365;0,025465;3,115408;0,335047;0;3,476336;53,5;6,8
20.09.2025 13:07:47;0,005639;0,025465;3,095933;0,365241;0;3,492343;53,599998;6,7
20.09.2025 13:12:49;0,002228;0,02692;3,056196;0,370334;0;3,46324;53,599998;6,9
20.09.2025 13:17:51;0,003001;0,034923;2,967601;0,373972;0;3,400669;53,599998;7,9
20.09.2025 13:22:53;0,004093;0,029103;2,945663;0,415079;0;3,400669;53,599998;7,9
20.09.2025 13:27:55;0,009413;0,027648;3,023065;0,340503;0,003638;3,384662;53,5;2,9
20.09.2025 13:32:57;0,001046;0,034196;3,102987;0,196444;0;3,343918;53,5;3,7
20.09.2025 13:37:59;0,001137;0,022555;3,060508;0,192806;0;3,291533;53,5;3,7
20.09.2025 13:43:01;0,002774;0,023282;3,040864;0,196444;0;3,275526;53,5;4,8
20.09.2025 13:48:03;0,013051;0,034196;4,001538;0,094948;0,824702;3,301719;52,900002;-28,1
20.09.2025 13:53:05;0,002774;0,04802;4,700454;0;1,487884;3,272616;52,799999;-28,799999
20.09.2025 13:58:07;0,000045;0,05384;4,265926;0,042563;1,128827;3,240603;53,200001;3,3
20.09.2025 14:03:10;0,00145;0,023205;3,034286;0,17948;0;3,248762;53,299999;3,4
20.09.2025 14:08:11;0,006068;0,0292;3,028898;0,173372;0,004015;3,230929;53,299999;1,4
20.09.2025 14:13:13;0,000591;0,032013;3,105281;0,090219;0;3,244968;53,400002;1,8
20.09.2025 14:18:15;0,003229;0,023282;3,075002;0,140057;0;3,243513;53,400002;3,5
20.09.2025 14:23:18;0,002946;0,023931;3,00829;0,146484;0;3,193649;53,400002;2,5
20.09.2025 14:28:19;0,003559;0,055479;3,027998;0,061684;0,001095;3,153551;53,400002;1,4
20.09.2025 14:33:21;0,000409;0,054568;2,94628;0,06148;0;3,077627;53,400002;2,1
20.09.2025 14:38:23;0,001773;0,027648;2,929656;0,084398;0;3,041248;53,400002;1,2
20.09.2025 14:43:25;0,011914;0,065481;3,834197;0,003274;0,895277;3,019421;52,700001;-31,799999
20.09.2025 14:48:28;0,000272;0,048586;4,646172;0;1,665716;3,035562;52,700001;-31,1
20.09.2025 14:53:29;0,016288;0,051829;3,900784;0;1,020889;2,921414;53;-4,2
20.09.2025 14:58:31;0,081079;0,007276;3,069181;0;0,247374;2,75604;53,099998;-4,7
20.09.2025 15:03:33;0,22923;0;3,021052;0;0,239735;2,581423;53,099998;-4,2
20.09.2025 15:08:35;0,218135;0;3,008851;0;0,256469;2,547955;53,099998;-6
20.09.2025 15:13:37;0,302306;0;3,010586;0;0,213542;2,49266;53,099998;-1,8
20.09.2025 15:18:39;0,009277;0,044382;1,738838;0,606431;0,000364;2,374793;53,5;10,7
20.09.2025 15:23:39;0,003479;0,032227;1,704908;0,627319;0;2,373047;53,599998;11,5
20.09.2025 15:28:41;0,001955;0,027648;1,69009;0,577692;0;2,29767;53,599998;10,3
20.09.2025 15:33:41;0,011124;0,021973;1,810207;0,378296;0,001465;2,20459;53,5;5,8
20.09.2025 15:38:43;0,006002;0,024737;1,8426;0,220454;0,000728;2,101226;53,5;2
20.09.2025 15:43:44;0,006752;0,03139;2,272396;0,041244;0,263526;2,076088;53,200001;-7,7
20.09.2025 15:48:45;0,005977;0,035039;2,354884;0,037594;0,319735;2,112587;53,299999;1,6
20.09.2025 15:53:47;0,003456;0,034196;1,891796;0,10186;0,001091;2,045931;53,400002;2,5
20.09.2025 15:58:49;0,000227;0,029103;1,747289;0,199718;0;1,987725;53,5;3,6
20.09.2025 16:03:51;0,003638;0,029103;1,767382;0,132054;0;1,936795;53,400002;2,7
20.09.2025 16:08:53;0,001;0,027648;1,78876;0,118958;0;1,94116;53,5;3
20.09.2025 16:13:53;0,005676;0,032959;1,800404;0,132202;0,003662;1,976074;53,5;1,2
20.09.2025 16:18:55;0,000136;0,083671;1,895544;0,012369;0;2,000821;53,400002;0
20.09.2025 16:23:57;0;0,057478;1,903827;0;0;1,976084;53,299999;0
20.09.2025 16:28:59;0,008185;0,003638;1,890731;0;0;1,898961;53,299999;0
20.09.2025 16:34:01;0,003183;0,035651;1,840529;0;0;1,8815;53,299999;0
20.09.2025 16:39:03;0,00141;0,067664;1,811874;0,023282;0;1,900416;53,400002;2,5
20.09.2025 16:44:05;0,00191;0,032013;1,76503;0,058933;0;1,862583;53,400002;0,9
20.09.2025 16:49:07;0,001046;0,053113;1,747568;0,057842;0;1,866948;53,400002;0
20.09.2025 16:54:09;0;0,067664;1,697086;0,000364;0;1,781095;53,299999;0
20.09.2025 16:59:11;0,010459;0,028375;1,847973;0;0,213542;1,658863;53,200001;-5,9
20.09.2025 17:04:13;0,086899;0,003638;1,900917;0;0,350689;1,475515;53,099998;-7,7
20.09.2025 17:09:15;0,017598;0,020372;1,938751;0;0,375063;1,577375;53;-7,1
20.09.2025 17:14:18;0,062501;0,013053;1,991091;0;0,446705;1,509804;52,900002;-17,299999
20.09.2025 17:19:19;0,05119;0,0073;2,421875;0;0,865401;1,519836;52,799999;-17,1
20.09.2025 17:24:21;0,16675;0,000728;1,991136;0;0,457642;1,380931;53;-6
20.09.2025 17:29:23;0,048111;0,019644;1,800512;0;0,267746;1,508983;53;-5,1
20.09.2025 17:34:25;0,109318;0,003638;1,930189;0;0,408531;1,439136;52,900002;-4,8
20.09.2025 17:39:25;0,44101;0;1,92283;0;0,357056;1,129395;52,900002;-9,2
20.09.2025 17:44:27;0,237688;0,02692;1,249438;0,248829;0,256105;1,037517;53,299999;11,1
20.09.2025 17:49:29;0,008413;0,026193;0,624984;0,551135;0;1,193217;53,400002;2,9
20.09.2025 17:54:31;0,001501;0,031286;0,654814;0,355782;0,001091;1,040427;53,5;7,8
20.09.2025 17:59:31;0,00238;0,033691;0,489258;0,461426;0;0,98291;53,599998;7,8
20.09.2025 18:04:33;0,005138;0,032741;1,417309;0,146242;0,69956;0,892003;52,799999;-25,299999
20.09.2025 18:09:35;0,010823;0,02692;2,181259;0;1,474787;0,721751;52,5;-39,400002
20.09.2025 18:14:37;0,005002;0,051658;3,426861;0;2,832072;0,641718;52,299999;-60,799999
20.09.2025 18:19:39;0,000045;0,058206;3,25661;0;2,740398;0,574781;52,5;-42,599998
20.09.2025 18:24:41;0,010504;0,064754;1,500252;0,017462;1,068075;0,503479;52,900002;-13,8
20.09.2025 18:29:43;0,007776;0,035651;1,12046;0;0,738485;0,41035;53;0
20.09.2025 18:34:45;0,01205;0,001455;0,349962;0;0,000364;0,339048;53,099998;0
20.09.2025 18:39:47;0,009231;0,020372;0,42854;0;0,145878;0,293939;53;-3,7
20.09.2025 18:44:49;0,005048;0,02692;0,779957;0;0,551499;0,250285;52,799999;-18
20.09.2025 18:49:51;0,001501;0,034923;1,038244;0;0,925471;0,145514;52,900002;-4,4
20.09.2025 18:54:52;0,010813;0,03066;0,6548;0;0,568296;0,106578;52,799999;-16,9
20.09.2025 18:59:53;0,00365;0,035039;0,472303;0;0,429598;0,074459;53;-4,8
20.09.2025 19:04:55;0;0,022555;0,287391;0;0,264472;0,045109;53;-5,3
20.09.2025 19:09:58;0,008475;0,028282;0,404645;0;0,404282;0,020305;52,900002;-8
20.09.2025 19:14:59;0,000319;0,02701;0,448213;0;0,469018;0,00584;52,900002;-8,8
20.09.2025 19:20:01;0,00332;0,02692;0,547861;0;0,571144;0;52,799999;-13,5
20.09.2025 19:25:03;0,001319;0,029103;0,654814;0;0,681734;0;52,799999;-11,7
20.09.2025 19:30:05;0,001091;0,02983;0,520214;0;0,548953;0;52,799999;-8,5
20.09.2025 19:35:07;0,000227;0,024737;0,435088;0;0,460553;0;52,799999;-8,5
20.09.2025 19:40:09;0,004593;0,027648;0,467828;0;0,491111;0;52,799999;-10,9
20.09.2025 19:45:11;0,000136;0,028375;0,538403;0;0,566051;0,001455;52,700001;-10,9
20.09.2025 19:50:13;0,013096;0,02692;0,628622;0;0,642446;0;52,599998;-11,9
20.09.2025 19:55:14;0,000867;0,0292;0,598591;0;0,626695;0;52,599998;-11,6
20.09.2025 20:00:17;0,000181;0,027556;0,581586;0;0,609506;0;52,599998;-10,9
20.09.2025 20:05:19;0,000182;0,032741;0,528217;0;0,56023;0;52,5;-9,6
20.09.2025 20:10:21;0,000273;0,030558;0,448912;0;0,47947;0;52,5;-9
20.09.2025 20:15:23;0,003547;0,02692;0,394344;0;0,417262;0;52,5;-6,9
20.09.2025 20:20:25;0,008094;0,0211;0,369606;0;0,382339;0;52,5;-7,5
20.09.2025 20:25:27;0,028557;0,058933;1,706883;0;1,736713;0;51,900002;-45,5
20.09.2025 20:30:30;0,011557;0,046411;1,02104;0;1,055485;0;52,299999;-13,4
20.09.2025 20:35:31;0,000319;0,0292;0,538002;0;0,567201;0;52,299999;-9,8
20.09.2025 20:40:33;0,003729;0,022555;0,499842;0;0,519486;0;52,299999;-9,9
20.09.2025 20:45:35;0,000273;0,038561;0,472921;0;0,511119;0;52,299999;-9,9
20.09.2025 20:50:37;0,000773;0,032013;0,486018;0;0,516939;0;52,299999;-10,1
20.09.2025 20:55:38;0,001551;0,02555;0,435803;0;0,459163;0;52,299999;-7,8
20.09.2025 21:00:39;0,006479;0,02701;0,391274;0;0,412444;0;52,299999;-7,8
20.09.2025 21:05:41;0,007912;0,035651;0,343414;0;0,371061;0;52,400002;-6,5
20.09.2025 21:10:43;0,009822;0,02692;0,367424;0;0,383794;0;52,299999;-9,1
20.09.2025 21:15:45;0,003456;0,0211;0,454732;0;0,474013;0;52,299999;-9,1
20.09.2025 21:20:47;0,007367;0,018917;0,46128;0;0,472558;0;52,299999;-8,5
20.09.2025 21:25:49;0,006821;0,018917;0,442363;0;0,454005;0;52,299999;-8,6
20.09.2025 21:30:49;0,000092;0,0271;0,455566;0;0,483032;0;52,299999;-10,4
20.09.2025 21:35:51;0,021964;0,055295;0,948753;0;0,981858;0;52,200001;-6,9
20.09.2025 21:40:53;0,005866;0,034923;0,396526;0;0,425629;0;52,299999;-9,9
20.09.2025 21:45:53;0,000046;0,025635;0,465088;0;0,489624;0;52,299999;-8,9
20.09.2025 21:50:54;0,006707;0,032849;0,518292;0;0,544936;0;52,200001;-11,6
20.09.2025 21:55:57;0;0,028282;0,57361;0;0,601529;0;52,200001;-11,5
20.09.2025 22:00:59;0,000091;0,02692;0,523124;0;0,550408;0;52,200001;-10,4
20.09.2025 22:06:01;0,002365;0,028375;0,511483;0;0,537675;0;52,200001;-10,2
20.09.2025 22:11:03;0,000773;0,029103;0,491111;0;0,519486;0;52,200001;-9,7
20.09.2025 22:16:05;0,000273;0,026193;0,540586;0;0,566778;0;52,200001;-10,4
20.09.2025 22:21:07;0;0,026193;0,387068;0;0,413624;0;52,299999;-5,6
20.09.2025 22:26:09;0,000045;0,022555;0,306308;0;0,328498;0;52,299999;-6,3
20.09.2025 22:31:10;0;0,02409;0,308785;0;0,332145;0;52,299999;-6,6
20.09.2025 22:36:13;0,006617;0,028282;0,451056;0;0,473174;0;52,299999;-9,6
20.09.2025 22:41:15;0,001319;0,021827;0,524579;0;0,545679;0;52,200001;-11,5
20.09.2025 22:46:17;0,001046;0,028375;0,505662;0;0,531855;0;52,200001;-9,3
20.09.2025 22:51:19;0,000273;0,030558;0,528217;0;0,558775;0;52,200001;-10,8
20.09.2025 22:56:19;0,000046;0,028564;0,491455;0;0,52002;0;52,299999;-8,7
20.09.2025 23:01:21;0,001773;0,030558;0,433633;0;0,462735;0;52,299999;-7,6
20.09.2025 23:06:23;0,001319;0,035651;0,364513;0;0,398345;0;52,299999;-7,7
20.09.2025 23:11:25;0,009458;0,02983;0,392889;0;0,413988;0;52,200001;-11,7
20.09.2025 23:16:27;0,005821;0,021827;0,48238;0;0,498023;0;52,200001;-8,8
20.09.2025 23:21:29;0,008094;0,0211;0,441636;0;0,454368;0;52,200001;-9,6
20.09.2025 23:26:31;0;0,023282;0,480925;0;0,504571;0;52,200001;-9,6
20.09.2025 23:31:33;0,001137;0,024737;0,493293;0;0,516939;0;52,200001;-9,9
20.09.2025 23:36:35;0,003592;0,032013;0,443091;0;0,470739;0;52,200001;-9,9
20.09.2025 23:41:38;0,000952;0,027556;0,415523;0;0,442354;0;52,200001;-8,3
20.09.2025 23:46:39;0,003422;0,02117;0,416823;0;0,434708;0;52,200001;-8,4
20.09.2025 23:51:41;0,007503;0,027648;0,429995;0;0,45073;0;52,200001;-10,7
20.09.2025 23:56:43;0,000045;0,037106;0,496931;0;0,532946;0;52,200001;-10
21.09.2025 00:01:45;0,000864;0,023282;0,464191;0;0,487473;0;52,200001;-8,8
21.09.2025 00:06:47;0,002046;0,024737;0,333955;0;0,35651;0;52,200001;-6,6
21.09.2025 00:11:49;0,001;0,02401;0,314311;0;0,336502;0;52,299999;-6,1
21.09.2025 00:16:51;0,003001;0,02692;0,333955;0;0,359056;0;52,299999;-4,9
21.09.2025 00:21:53;0,000227;0,018917;0,235733;0;0,254286;0;52,299999;-4,8
21.09.2025 00:26:54;0;0,01898;0,232866;0;0,251846;0;52,299999;-4,8
21.09.2025 00:31:56;0;0,019644;0,20663;0;0,225911;0;52,299999;-3,8
21.09.2025 00:36:58;0,003774;0,032013;0,266291;0;0,294303;0;52,299999;-6,2
21.09.2025 00:42:00;0,002728;0,034196;0,297577;0;0,329226;0;52,299999;-7,1
21.09.2025 00:47:02;0,000182;0,024737;0,357238;0;0,381247;0;52,200001;-7,4
21.09.2025 00:52:04;0;0,026193;0,35942;0;0,38634;0;52,200001;-7,4
21.09.2025 00:57:04;0,000092;0,025635;0,312744;0;0,337646;0;52,299999;-3,7
21.09.2025 01:02:06;0;0,021827;0,175345;0;0,197899;0;52,299999;-3,7
21.09.2025 01:07:08;0,000227;0,024737;0,171707;0;0,19608;0;52,299999;-3,8
21.09.2025 01:12:10;0,000227;0,020372;0,176072;0;0,19608;0;52,299999;-3,7
21.09.2025 01:17:12;0,005138;0,024737;0,287391;0;0,306671;0;52,299999;-6
21.09.2025 01:22:14;0;0,021827;0,290301;0;0,312492;0;52,299999;-5,6
21.09.2025 01:27:16;0;0,019644;0,275022;0;0,295394;0;52,299999;-6
21.09.2025 01:32:18;0,003092;0,026193;0,311401;0;0,333955;0;52,200001;-7,4
21.09.2025 01:37:20;0,006594;0,02692;0,373972;0;0,394707;0;52,200001;-6,9
21.09.2025 01:42:22;0;0,026193;0,32959;0;0,355419;0;52,299999;-6,5
21.09.2025 01:47:23;0;0,02263;0,313165;0;0,33543;0;52,200001;-6,3
21.09.2025 01:52:25;0,006048;0,028375;0,271384;0;0,293575;0;52,200001;-8,1
21.09.2025 01:57:26;0,003787;0,01679;0,390544;0;0,404049;0;52,200001;-7,6
21.09.2025 02:02:28;0,003865;0,027648;0,338321;0;0,361967;0;52,200001;-13,3
21.09.2025 02:07:30;0,000182;0,029103;0,352872;0;0,381611;0;52,200001;-7,4
21.09.2025 02:12:32;0;0,027648;0,357965;0;0,385977;0;52,200001;-7,4
21.09.2025 02:17:32;0,000092;0,034424;0,32666;0;0,361084;0;52,299999;-3,8
21.09.2025 02:22:34;0,010914;0,028375;0,162976;0;0,17971;0;52,299999;-4,1
21.09.2025 02:27:36;0,006639;0,026193;0,163704;0;0,183712;0;52,299999;-3,6
21.09.2025 02:32:39;0,006663;0,01958;0,184918;0;0,197246;0;52,299999;-3,7
21.09.2025 02:37:40;0,006707;0,02628;0,280316;0;0,30039;0;52,200001;-6
21.09.2025 02:42:42;0,000273;0,031286;0,288118;0;0,318676;0;52,299999;-6
21.09.2025 02:47:42;0;0,02417;0,290771;0;0,314575;0;52,200001;-6
21.09.2025 02:52:44;0,007048;0,02983;0,303397;0;0,325952;0;52,200001;-7,1
21.09.2025 02:57:46;0,001228;0,031286;0,309218;0;0,340503;0;52,299999;-4,8
21.09.2025 03:02:48;0,00532;0,018917;0,226275;0;0,239735;0;52,299999;-4,7
21.09.2025 03:07:50;0,000637;0,022555;0,221182;0;0,242281;0;52,299999;-3,8
21.09.2025 03:12:52;0;0,0211;0,176072;0;0,197172;0;52,299999;-3,8
21.09.2025 03:17:54;0,004456;0,040744;0,267019;0;0,304125;0;52,200001;-6
21.09.2025 03:22:56;0,000045;0,022555;0,290301;0;0,312492;0;52,200001;-5,6
21.09.2025 03:27:58;0,00382;0,019644;0,30849;0;0,324133;0;52,200001;-7
21.09.2025 03:33:00;0,008822;0,025465;0,365241;0;0,382339;0;52,200001;-9,8
21.09.2025 03:38:02;0,001683;0,022555;0,426357;0;0,447093;0;52,200001;-7
21.09.2025 03:43:04;0;0,022555;0,298304;0;0,320495;0;52,200001;-5,3
21.09.2025 03:48:07;0;0,026831;0,249459;0;0,277015;0;52,200001;-5,3
21.09.2025 03:53:08;0;0,0219;0,251116;0;0,272651;0;52,200001;-5
21.09.2025 03:58:10;0,005184;0,032013;0,362331;0;0,388887;0;52,200001;-7,5
21.09.2025 04:03:12;0,000045;0,022555;0,301942;0;0,325588;0;52,200001;-6
21.09.2025 04:08:14;0;0,02401;0,296849;0;0,319768;0;52,200001;-6,1
21.09.2025 04:13:16;0,002501;0,026193;0,315766;0;0,339412;0;52,200001;-7,2
21.09.2025 04:18:18;0;0,02692;0,339776;0;0,366696;0;52,200001;-4,9
21.09.2025 04:23:20;0;0,018189;0,226275;0;0,245192;0;52,200001;-4,7
21.09.2025 04:28:22;0;0,019644;0,220454;0;0,240099;0;52,200001;-3,7
21.09.2025 04:33:24;0,000045;0,0211;0,175345;0;0,196444;0;52,299999;-3,7
21.09.2025 04:38:26;0,005184;0,025465;0,264108;0;0,284117;0;52,200001;-6,2
21.09.2025 04:43:28;0;0,023282;0,294666;0;0,31904;0;52,200001;-6,1
21.09.2025 04:48:30;0,000728;0,025465;0,295394;0;0,318676;0;52,200001;-6,1
21.09.2025 04:53:32;0,004684;0,029103;0,341231;0;0,365968;0;52,200001;-7,4
21.09.2025 04:58:34;0,003911;0,025465;0,327407;0;0,349598;0;52,200001;-5
21.09.2025 05:03:34;0;0,02124;0,244629;0;0,265137;0;52,200001;-5
21.09.2025 05:08:36;0;0,020372;0,188441;0;0,208813;0;52,299999;-3,8
21.09.2025 05:13:38;0,002865;0,021827;0,173162;0;0,191715;0;52,299999;-3,7
21.09.2025 05:18:39;0,007893;0,033579;0,275936;0;0,30185;0;52,200001;-6,1
21.09.2025 05:23:40;0,003513;0,033579;0,282506;0;0,312435;0;52,200001;-7,4
21.09.2025 05:28:43;0,004759;0,02103;0,291518;0;0,307472;0;52,200001;-5,8
21.09.2025 05:33:44;0,004426;0,032119;0,318275;0;0,347475;0;52,099998;-9,3
21.09.2025 05:38:46;0,000819;0,028375;0,416171;0;0,443091;0;52,099998;-7
21.09.2025 05:43:48;0,002365;0,021827;0,333228;0;0,351781;0;52,099998;-6,9
21.09.2025 05:48:50;0,006275;0,017462;0,32668;0;0,339048;0;52,099998;-6,3
21.09.2025 05:53:52;0,000728;0,030558;0,256833;0;0,286299;0;52,200001;-5,3
21.09.2025 05:58:54;0,008822;0,027648;0,363786;0;0,382703;0;52,099998;-6,2
21.09.2025 06:03:56;0,0005;0,02692;0,30558;0;0,331409;0;52,099998;-6,5
21.09.2025 06:08:58;0,000455;0,02692;0,301942;0;0,329226;0;52,099998;-6,7
21.09.2025 06:14:00;0,007912;0,016007;0,320859;0;0,328498;0;52,099998;-5,9
21.09.2025 06:19:02;0,005639;0,026193;0,347052;0;0,367424;0;52,099998;-5,1
21.09.2025 06:24:04;0,006366;0,017462;0,258288;0;0,269929;0;52,099998;-5,1
21.09.2025 06:29:06;0,000546;0,02692;0,242281;0;0,268474;0;52,200001;-5,1
21.09.2025 06:34:08;0;0,020372;0,191351;0;0,210996;0;52,200001;-3,9
21.09.2025 06:39:10;0,004593;0,025465;0,271384;0;0,29212;0;52,099998;-6,2
21.09.2025 06:44:12;0;0,021827;0,30558;0;0,327771;0;52,099998;-6,2
21.09.2025 06:49:14;0,000091;0,026193;0,299759;0;0,32668;0;52,099998;-6,2
21.09.2025 06:54:16;0,000409;0,02692;0,298304;0;0,324497;0;52,099998;-6,2
21.09.2025 06:59:18;0,001592;0,024737;0,3325;0;0,355782;0;52,099998;-5
21.09.2025 07:04:20;0;0,020372;0,243736;0;0,263381;0;52,099998;-5
21.09.2025 07:09:22;0,000136;0,0211;0,253195;0;0,249921;0,023282;52,099998;-4,3
21.09.2025 07:14:24;0,000045;0,022555;0,213178;0;0,188441;0,04802;52,200001;-3,2
21.09.2025 07:19:24;0,006088;0,025635;0,298828;0;0,246826;0,073242;52,099998;-4,8
21.09.2025 07:24:26;0;0,019644;0,30267;0;0,227002;0,093129;52,099998;-4,1
21.09.2025 07:29:28;0;0,018917;0,299032;0;0,193898;0,125142;52,099998;-3,5
21.09.2025 07:34:30;0,004911;0,029103;0,360875;0;0,236097;0,148425;52,099998;-4,9
21.09.2025 07:39:32;0;0,020372;0,382703;0;0,236097;0,167341;52,200001;-2,8
21.09.2025 07:44:34;0,002319;0,0211;0,319404;0;0,173162;0,164431;52,099998;-3,6
21.09.2025 07:49:34;0,001602;0,019775;0,340576;0;0,192993;0,165527;52,099998;-4
21.09.2025 07:54:36;0,004411;0,035651;1,658135;0;1,47988;0,209541;51,400002;-37,200001
21.09.2025 07:59:38;0,005275;0,045109;1,907692;0;1,720706;0,228457;51,200001;-55,200001
21.09.2025 08:04:38;0,000092;0,052002;3,42041;0;3,182007;0,288574;50,799999;-66,900002
21.09.2025 08:09:40;0;0,056023;3,397031;0;3,099454;0,355055;50,900002;-50,299999
21.09.2025 08:14:42;0,000136;0,079305;2,039383;0;1,725799;0,391433;51,599998;-0,4
21.09.2025 08:19:42;0,002518;0,06665;0,330322;0,031494;0,013184;0,413086;51,799999;1,9
21.09.2025 08:24:44;0,004411;0,019644;0,280115;0,196444;0;0,491838;51,900002;4,7
21.09.2025 08:29:46;0,002137;0,026193;0,244464;0,253922;0;0,522396;52;5,1
21.09.2025 08:34:48;0,009686;0,016734;0,272112;0,282298;0;0,561685;52,099998;7,2
21.09.2025 08:39:50;0,006093;0,032013;0,306308;0,27575;0,005457;0,602429;52,099998;4,4
21.09.2025 08:44:51;0,006479;0,02482;0,389084;0,263891;0;0,671589;52,200001;4,9
21.09.2025 08:49:54;0,005801;0,02248;0,385065;0,333216;0;0,733872;52,299999;9
21.09.2025 08:54:56;0,002865;0,02692;0,315038;0,440181;0;0,779957;52,299999;7,5
21.09.2025 08:59:58;0,002501;0,038561;0,312128;0,46128;0;0,809059;52,400002;9,5
21.09.2025 09:04:58;0,002472;0,028564;0,260742;0,569824;0;0,856934;52,5;13,6
21.09.2025 09:10:00;0,019281;0,038561;1,55482;0,191715;0,586059;1,180121;51,900002;-14,7
21.09.2025 09:15:02;0,030149;0,070574;0,845438;0,502752;0,174981;1,212134;52,200001;-7,6
21.09.2025 09:20:04;0,010868;0,042199;0,913102;0,544951;0,0211;1,468239;52,799999;27,9
21.09.2025 09:25:06;0,019599;0,036379;0,815608;0,531491;0,150243;1,215044;52,5;0
21.09.2025 09:30:08;0,010368;0,027648;0,687555;0,267019;0,153154;0,819245;52,5;3,2
21.09.2025 09:35:10;0,015734;0,057478;0,457642;1,027331;0,001091;1,523535;53,099998;46,599998
21.09.2025 09:40:12;0,005639;0,270657;0,546406;2,442821;0;3,25661;53,299999;46,400002
21.09.2025 09:45:14;0,005411;0,430722;0,523851;2,416992;0;3,36429;53,400002;46,299999
21.09.2025 09:50:16;0,020963;0,114956;0,417626;1,613753;0;2,125964;53,400002;46,299999
21.09.2025 09:55:16;0,16333;0,031494;1,997982;1,194946;0;3,079102;53,200001;21
21.09.2025 10:00:18;0,004684;0,034923;1,950217;1,241601;0;3,236238;53,200001;21,700001
21.09.2025 10:05:20;0,000591;0,030558;2,038532;1,119369;0;3,199859;53,200001;20,6
21.09.2025 10:10:22;0,008231;0,019644;2,798198;0,371789;0;3,185308;53;6
21.09.2025 10:15:24;0,000136;0,022555;2,759806;0,387796;0;3,186763;53;7,4
21.09.2025 10:20:26;0,00191;0,031286;2,817564;0,345596;0,000728;3,194038;53;6,2
21.09.2025 10:25:28;0,004365;0,0211;2,742793;0,442;0;3,223141;53,099998;9,5
21.09.2025 10:30:30;0,000136;0,02692;2,676473;0,504571;0;3,226052;53,099998;9,1
21.09.2025 10:35:32;0,000455;0,0211;2,654757;0,542041;0;3,224596;53,099998;10,5
21.09.2025 10:40:34;0,004775;0,032741;2,664104;0,538403;0,00291;3,244968;53,099998;8,1
21.09.2025 10:45:36;0,001546;0,030558;2,722031;0,45837;0;3,221686;53;9
21.09.2025 10:50:38;0,000773;0,025465;2,7344;0,440544;0;3,212955;53;8,3
21.09.2025 10:55:41;0,01269;0,036984;3,950187;0,112401;0,899936;3,211054;52,5;-22,1
21.09.2025 11:00:42;0,001232;0,048179;3,086018;0,316085;0,252576;3,20319;52,900002;8
21.09.2025 11:05:42;0,00087;0,025635;2,749418;0,439453;0;3,23877;53;10,8
21.09.2025 11:10:44;0,000273;0,026193;2,622523;0,572962;0;3,234782;53,099998;11,7
21.09.2025 11:15:46;0,000227;0,024737;2,629798;0,572235;0;3,233327;53,099998;9,9
21.09.2025 11:20:48;0,000182;0,037106;2,60204;0,58715;0;3,244968;53,099998;11,7
21.09.2025 11:25:49;0,009034;0,036499;2,691713;0,480697;0,00292;3,21049;53,099998;8,8
21.09.2025 11:30:50;0,006296;0,040879;2,682223;0,430693;0,003285;3,16961;53;5,8
21.09.2025 11:35:52;0,009095;0,033468;2,797309;0,291392;0,000728;3,125647;53;5,3
21.09.2025 11:40:54;0,002819;0,025465;2,834863;0,237552;0,000364;3,10964;53;4,9
21.09.2025 11:45:56;0,004593;0,018917;2,918813;0,190624;0;3,134378;52,900002;3,8
21.09.2025 11:50:58;0,00191;0,034196;2,749458;0,345233;0;3,135833;53;7,1
21.09.2025 11:56:00;0,002183;0,035651;2,714086;0,392525;0;3,143108;53;8,1
21.09.2025 12:01:02;0,010641;0,0211;2,6706;0,459098;0;3,151839;53,099998;9,1
21.09.2025 12:06:04;0,018371;0,037834;2,696962;0,417262;0,003274;3,144564;53;7,3
21.09.2025 12:11:06;0,005229;0,022555;2,738881;0,381247;0,000364;3,159115;53;6,4
21.09.2025 12:16:07;0,00365;0,02336;2,78667;0,350395;0;3,159391;53;7,2
21.09.2025 12:21:08;0,001232;0,033579;2,74669;0,393099;0;3,18859;53,099998;7,7
21.09.2025 12:26:10;0,002456;0,02692;2,747333;0,427448;0;3,21441;53,099998;9,3
21.09.2025 12:31:12;0,007321;0,022555;2,628459;0,574781;0;3,230417;53,099998;11,3
21.09.2025 12:36:11;0,003628;0,036744;2,599434;0,611046;0;3,252541;53,099998;11,5
21.09.2025 12:41:14;0,002991;0,028282;2,611639;0,643226;0;3,295173;53,200001;13,4
21.09.2025 12:46:16;0,038061;0,053113;3,570944;0,395435;0,445637;3,546183;52,700001;-16,4
21.09.2025 12:51:18;0,066027;0,119322;4,183838;0,202992;0,633715;3,811019;52,700001;-13,3
21.09.2025 12:56:20;0,517485;0,078578;3,553761;0,08549;0,775227;2,432999;52,5;-10,7
21.09.2025 13:01:22;0,977492;0,034923;3,254729;0,000364;0,870175;1,459508;52,400002;-9,2
21.09.2025 13:06:24;1,468921;0,003638;4,660677;0,000364;2,268204;0,929836;51,900002;-40,400002
21.09.2025 13:11:24;1,586243;0;3,157945;0;0,835327;0,754395;52,400002;-6,4
21.09.2025 13:16:26;0,386522;0,021827;4,74071;0,297213;1,568644;3,111095;51,599998;-73,699997
21.09.2025 13:21:28;0,180074;0,130235;6,348474;0,009458;2,756404;3,560734;52,200001;4
21.09.2025 13:26:30;0,115184;0,144059;4,031508;0,355055;0,720659;3,7208;52,900002;43,400002
21.09.2025 13:31:32;0,106044;0,135328;2,225641;1,539905;0,0211;3,773185;52,900002;0
21.09.2025 13:36:34;0,017098;0,050202;1,75854;1,909147;0,022918;3,678601;53;-22,799999
21.09.2025 13:41:36;0,001546;0,180438;1,539541;1,87677;0,129871;3,464695;53,5;46,200001
21.09.2025 13:46:38;0;0,35942;0,667911;2,46865;0;3,495253;53,5;46,200001
21.09.2025 13:51:40;0,01537;0,049475;3,030626;0,256105;0,000364;3,342463;53;2,4
21.09.2025 13:56:42;0,004184;0,020372;3,103098;0,190987;0;3,326456;53;4,4
21.09.2025 14:01:44;0,009413;0,018189;3,057989;0,233914;0;3,31045;53;3,5
21.09.2025 14:06:44;0,000275;0,026367;3,056572;0,301392;0;3,388184;53;5,7
21.09.2025 14:11:44;0,015198;0,0271;3,026262;0,318604;0,003662;3,358887;53;6,6
21.09.2025 14:16:46;1,629396;0;3,034596;0,023282;0,247374;1,203403;52,799999;-5,3
21.09.2025 14:21:48;1,943616;0;3,045229;0;0,307399;0,800329;52,700001;-5,6
21.09.2025 14:26:50;0,323224;0,0211;1,840587;0,253195;0,239007;1,545362;52,700001;-6,1
21.09.2025 14:31:52;0,021509;0,050202;1,828556;0,997864;0,02692;2,844804;53,299999;23,700001
21.09.2025 14:36:54;0,011186;0,034196;1,856203;1,21468;0;3,099454;53,299999;23
21.09.2025 14:41:56;0,013324;0,028375;1,86331;1,180485;0;3,064531;53,299999;20,6
21.09.2025 14:46:58;0,002683;0,040744;1,832304;1,156475;0;3,032518;53,299999;20,799999
21.09.2025 14:52:00;0,004775;0,032013;1,835942;1,071349;0;2,948119;53,299999;15,5
21.09.2025 14:57:02;0,004411;0,037106;1,900527;0,769043;0;2,710931;53,200001;14,4
21.09.2025 15:02:02;0,000458;0,033691;1,883057;0,810059;0;2,739258;53,299999;19,1
21.09.2025 15:07:04;0,003592;0,046565;1,868124;1,115731;0;3,047069;53,299999;21,6
21.09.2025 15:12:05;0,003878;0,02628;1,920881;1,130752;0;3,074712;53,299999;20,9
21.09.2025 15:17:05;0,004715;0,034424;1,890832;0,933838;0;2,869629;53,299999;16,1
21.09.2025 15:22:07;0,001683;0,034196;1,826373;1,068802;0;2,935023;53,299999;19,4
21.09.2025 15:27:09;0,005184;0,02401;1,822735;0,782503;0;2,638174;53,200001;13,8
21.09.2025 15:32:11;0,004138;0,047292;1,599045;0,888001;0,000728;2,542134;53,400002;34,799999
21.09.2025 15:37:12;0,005931;0,03066;0,572311;1,787012;0;2,384143;53,5;34,200001
21.09.2025 15:42:13;0,010494;0,02993;0,548221;1,186596;0;1,753433;53,200001;5,5
21.09.2025 15:47:15;0,003592;0,053113;0,554409;1,398028;0;2,002276;53,599998;46,099998
21.09.2025 15:52:17;0;0,269929;0,613343;2,480291;0;3,36429;53,599998;46,099998
21.09.2025 15:57:19;0,00241;0,032013;0,612615;2,263111;0;2,904465;53,599998;42,099998
21.09.2025 16:02:21;0,000682;0,034923;0,566051;2,167071;0;2,769137;53,599998;41,299999
21.09.2025 16:07:21;0,000504;0,036621;0,464355;2,162842;0;2,663086;53,599998;39,599998
21.09.2025 16:12:23;0,000045;0,036379;0,451094;2,172892;0;2,658546;53,599998;40,5
21.09.2025 16:17:25;0,005684;0,031286;0,384158;1,562096;0;1,973174;53,400002;18,5
21.09.2025 16:22:27;0,009504;0,037834;0,422719;0,989497;0;1,442047;53,400002;16,5
21.09.2025 16:27:28;0,001916;0,037229;0,489822;1,59393;0;2,116967;53,599998;34,900002
21.09.2025 16:32:29;0,001277;0,0292;0,511722;1,918775;0;2,458602;53,700001;34,200001
21.09.2025 16:37:31;0,013687;0,034923;0,518758;1,639582;0;2,178349;53,700001;27,200001
21.09.2025 16:42:33;0,001546;0,035651;0,526762;1,370745;0;1,93243;53,700001;24,299999
21.09.2025 16:47:35;0,001273;0,034196;0,439453;1,210315;0;1,68069;53,599998;7,7
21.09.2025 16:52:35;0,008972;0,032959;0,347168;0,235107;0;0,606445;53,5;3,5
21.09.2025 16:57:37;0,009322;0,035651;0,355782;0,816335;0;1,199038;53,700001;23
21.09.2025 17:02:39;0,005048;0,037106;0,411078;1,312903;0;1,756357;53,799999;25,1
21.09.2025 17:07:41;0,00291;0,036379;0,470011;1,248513;0;1,750537;53,799999;24,200001
21.09.2025 17:12:43;0,008776;0,032741;0,493293;1,515531;0;2,028469;53,900002;26,5
21.09.2025 17:17:45;0,00964;0,042199;0,462008;0,309945;0,004729;0,797418;53,5;-0,3
21.09.2025 17:22:47;0,000682;0,058933;0,454732;0,083307;0,003638;0,593698;53,5;4,6
21.09.2025 17:27:49;0,006366;0,038561;0,419809;0,457279;0,001455;0,909464;53,599998;9
21.09.2025 17:32:51;0,004229;0,032741;0,468556;0,552227;0;1,047703;53,700001;10,2
21.09.2025 17:37:53;0,000955;0,049475;0,396526;0,644628;0;1,091357;53,700001;12,3
21.09.2025 17:42:54;0,006159;0,035769;0,489822;0,996799;0;1,513996;53,900002;27,9
21.09.2025 17:47:57;0,005529;0,027556;0,560557;1,316184;0;1,899946;53,900002;24,299999
21.09.2025 17:52:59;0,002183;0,039289;0,604612;1,137194;0;1,778184;53,799999;16
21.09.2025 17:58:01;0,002501;0,037106;0,58424;0,438362;0;1,057889;53,599998;6,3
21.09.2025 18:03:03;0,000819;0,025465;0,559502;0,200082;0;0,784322;53,599998;6,8
21.09.2025 18:08:05;0,001773;0,037106;0,495476;0,121141;0;0,651904;53,5;0
21.09.2025 18:13:08;0,011376;0,059464;1,504728;0,015954;1,184565;0,38289;53,200001;0
21.09.2025 18:18:09;0,022995;0,00365;0,262066;0;0,007665;0,236516;53,299999;-3,1
21.09.2025 18:23:11;0,00482;0,033468;1,167025;0;1,035698;0,160066;52,900002;-33,299999
21.09.2025 18:28:13;0,005684;0,046565;2,058299;0;1,956439;0,142604;52,599998;-53,5
21.09.2025 18:33:15;0,005002;0,047292;3,616757;0;3,517808;0,141149;52,400002;-70,300003
21.09.2025 18:35:00;0,008109;0,058594;3,613979;0;3,538644;0,125558;52,400002;-64
21.09.2025 18:40:00;0;0,062256;2,926758;0;2,884644;0,104004;52,400002;-45,900002
21.09.2025 18:45:00;0,00119;0,049805;1,224609;0;1,248047;0,024902;52,700001;-9,3
21.09.2025 18:48:35;0,000064;0,024528;0,465003;0,001022;0,485953;0,004088;52,700001;-9,1
21.09.2025 18:53:34;0,000322;0,024986;0,352738;0;0,374784;0,002939;52,700001;-7,3
21.09.2025 18:58:35;0,000046;0,02701;0,324115;0;0,34711;0,00438;52,700001;-6,6
21.09.2025 19:03:37;0;0,029103;0,312856;0;0,339776;0;52,700001;-6
21.09.2025 19:08:36;0,009507;0,037478;0,378459;0;0,407119;0;52,599998;-9,6
21.09.2025 19:13:37;0,000091;0,033579;0,486172;0;0,519022;0;52,599998;-10
21.09.2025 19:18:37;0,002563;0,033691;0,490723;0;0,522217;0;52,599998;-9,9
21.09.2025 19:23:36;0,009186;0,022046;0,482811;0;0,496773;0;52,599998;-8,3
21.09.2025 19:28:37;0,006524;0,043069;0,411714;0;0,448213;0;52,5;-9,1
21.09.2025 19:33:37;0,001099;0,032959;0,350098;0;0,380859;0;52,599998;-6,5
21.09.2025 19:38:37;0,00119;0,024902;0,353027;0;0,376465;0;52,5;-7,8
21.09.2025 19:43:38;0,000274;0,02555;0,364994;0;0,391274;0;52,599998;-6,5
21.09.2025 19:48:38;0,006226;0,028564;0,351563;0;0,373901;0;52,5;-8,8
21.09.2025 19:53:39;0,010037;0,02117;0,445293;0;0,456243;0;52,5;-8,5
21.09.2025 19:58:39;0,003113;0,038086;0,416748;0;0,451172;0;52,5;-8,3
21.09.2025 20:03:38;0,002848;0,031599;0,3983;0;0,42696;0;52,5;-7,6
21.09.2025 20:08:39;0,000182;0,03066;0,394924;0;0,425218;0;52,5;-9,5
21.09.2025 20:13:39;0,004395;0,026367;0,419678;0;0,442383;0;52,5;-6,6
21.09.2025 20:18:38;0,004226;0,029395;0,362292;0;0,387277;0;52,5;-7,7
21.09.2025 20:23:38;0,003754;0,023438;0,383057;0;0,402832;0;52,5;-7,8
21.09.2025 20:28:39;0,006205;0,01898;0,404414;0;0,416823;0;52,5;-7,9
21.09.2025 20:33:39;0,014374;0,02417;0,505371;0;0,515625;0;52,400002;-11,2
21.09.2025 20:38:39;0;0,033691;0,49292;0;0,525879;0;52,400002;-10
21.09.2025 20:43:38;0;0,026455;0,494568;0;0,522861;0;52,400002;-9,9
21.09.2025 20:48:39;0;0,02847;0,490552;0;0,517562;0;52,400002;-9,2
21.09.2025 20:53:39;0,0466;0,071777;0,717773;0;0,743042;0;52,299999;-8,8
21.09.2025 20:58:40;0,050506;0,072999;0,451863;0;0,473033;0;52,400002;-6,7
21.09.2025 21:03:40;0,13385;0,134766;0,858398;0;0,858032;0;52,099998;-44,700001
21.09.2025 21:08:41;0,037959;0,066429;0,481062;0;0,508072;0;52,400002;-6,6
21.09.2025 21:13:41;0,008102;0,030029;0,435791;0;0,45813;0;52,299999;-10,2
21.09.2025 21:18:41;0;0,024902;0,498047;0;0,523682;0;52,299999;-10
21.09.2025 21:23:41;0;0,026367;0,490723;0;0,516357;0;52,299999;-9,8
21.09.2025 21:28:41;0,006271;0,028564;0,544922;0;0,566528;0;52,299999;-10,6
21.09.2025 21:33:43;0,001273;0,040016;0,512938;0;0,552954;0;52,299999;-9,3
21.09.2025 21:38:45;0,003365;0,031286;0,546406;0;0,57369;0;52,299999;-9,5
21.09.2025 21:43:47;0,000045;0,025465;0,472194;0;0,498023;0;52,299999;-9,4
21.09.2025 21:48:47;0,000549;0,02124;0,486328;0;0,50647;0;52,299999;-10,3
21.09.2025 21:53:48;0,000502;0,043069;0,466463;0;0,509532;0;52,299999;-7,2
21.09.2025 21:58:51;0,008339;0,028282;0,435827;0;0,455769;0;52,299999;-8
21.09.2025 22:03:53;0,005593;0,0211;0,449639;0;0,465282;0;52,299999;-8,8
21.09.2025 22:08:55;0,000364;0,035651;0,421264;0;0,456187;0;52,299999;-8,8
21.09.2025 22:13:57;0,009504;0,030558;0,429995;0;0,45073;0;52,299999;-8,7
21.09.2025 22:18:59;0,004593;0,02692;0,496931;0;0,51985;0;52,299999;-9,4
21.09.2025 22:24:01;0,003865;0,025465;0,411805;0;0,432541;0;52,299999;-8,6
21.09.2025 22:29:03;0,004911;0,028375;0,466373;0;0,490383;0;52,299999;-9,9
21.09.2025 22:34:05;0,014779;0,040744;0,761767;0;0,787232;0;51,799999;-49,200001
21.09.2025 22:39:07;0,007003;0,063299;1,085537;0;1,142287;0;52,200001;-13,4
21.09.2025 22:44:09;0,000909;0,028375;0,594426;0;0,622074;0;52,200001;-10,5
21.09.2025 22:49:09;0,001328;0,036621;0,476074;0;0,510864;0;52,299999;-9,7
21.09.2025 22:54:11;0,000682;0,027648;0,443091;0;0,470375;0;52,299999;-8,7
21.09.2025 22:59:13;0,004047;0,029103;0,500569;0;0,526034;0;52,200001;-10
21.09.2025 23:04:15;0,000182;0,032741;0,411078;0;0,442727;0;52,299999;-8,3
21.09.2025 23:09:15;0,000046;0,025635;0,404297;0;0,430298;0;52,299999;-8,3
21.09.2025 23:14:17;0,000091;0,024737;0,277932;0;0,303033;0;52,299999;-5,1
21.09.2025 23:19:19;0,005457;0,029103;0,283025;0;0,306671;0;52,299999;-6,4
21.09.2025 23:24:21;0;0,026193;0,296849;0;0,322314;0;52,299999;-6,1
21.09.2025 23:29:23;0,005502;0,028375;0,361603;0;0,384885;0;52,299999;-7,8
21.09.2025 23:34:25;0,00382;0,02401;0,432177;0;0,452549;0;52,200001;-9,2
21.09.2025 23:39:27;0,000318;0,02692;0,424174;0;0,451094;0;52,200001;-8,5
21.09.2025 23:44:29;0;0,02692;0,395799;0;0,423083;0;52,299999;-6,4
21.09.2025 23:49:30;0;0,02555;0,288345;0;0,313165;0;52,299999;-5,3
21.09.2025 23:54:33;0;0,024656;0,221177;0;0,24547;0;52,299999;-3,7
21.09.2025 23:59:35;0,001637;0,024737;0,164431;0;0,188441;0;52,400002;-3,6
15.09.2025 00:00:21;0;0;0;0;0;0;52,299999;-9,4
