Uhrzeit;Netzbezug [kW];Netzeinspeisung [kW];Stromverbrauch [kW];Akkubeladung [kW];Akkuentnahme [kW];Stromerzeugung [kW];Akku Spannung [V];Akku Stromstärke [A]
07.07.2025 00:08:40;0;0,02336;0,163517;0;0,178117;0;51,290001;-3,49
07.07.2025 00:13:43;0,008702;0,011603;0,290068;0;0,29877;0;51,230999;-6,83
07.07.2025 00:18:45;0;0,011641;0,337593;0;0,352145;0;51,202;-6,96
07.07.2025 00:23:47;0;0,023282;0,325952;0;0,343414;0;51,185001;-6,51
07.07.2025 00:28:50;0;0,011603;0,324876;0;0,336479;0;51,161999;-6,73
07.07.2025 00:33:51;0;0,01168;0,327035;0;0,338715;0;51,139;-6,53
07.07.2025 00:38:52;0;0,02336;0,256956;0;0,274476;0;51,145;-4,54
07.07.2025 00:43:55;0;0,011603;0,220452;0;0,234955;0;51,132999;-4,55
07.07.2025 00:48:55;0;0,011719;0,199219;0;0,210938;0;51,130001;-3,27
07.07.2025 00:53:57;0,00291;0,023282;0,162976;0;0,180438;0;51,097;-5,94
07.07.2025 00:58:58;0;0,01168;0,268636;0;0,289075;0;51,077;-5,47
07.07.2025 01:04:01;0;0,023205;0,266863;0;0,278465;0;51,058998;-5,31
07.07.2025 01:09:03;0;0,011641;0,256105;0;0,273567;0;51,043999;-5,19
07.07.2025 01:14:05;0,00291;0,011641;0,256105;0;0,267746;0;51,008999;-7,55
07.07.2025 01:19:07;0;0,023282;0,337593;0;0,360875;0;50,985001;-6,95
07.07.2025 01:24:07;0,00293;0,011719;0,257813;0;0,263672;0;50,98;-6,68
07.07.2025 01:29:09;0;0,023282;0,291029;0;0,30849;0;50,964001;-5,86
07.07.2025 01:34:11;0;0,011641;0,279387;0;0,296849;0;50,945999;-5,81
07.07.2025 01:39:12;0,00876;0,01168;0,327035;0;0,341635;0;50,903;-8,11
07.07.2025 01:44:15;0;0,023205;0,301671;0;0,327777;0;50,909;-5,41
07.07.2025 01:49:17;0;0,011641;0,267746;0;0,279387;0;50,894001;-5,55
07.07.2025 01:54:19;0;0,023282;0,267746;0;0,273567;0;50,877998;-5,54
07.07.2025 01:59:21;0;0,011641;0,256105;0;0,276477;0;50,865002;-5,42
07.07.2025 02:04:23;0;0,011641;0,325952;0;0,334683;0;50,828999;-6,7
07.07.2025 02:09:25;0;0,023282;0,232823;0;0,256105;0;50,835999;-4,81
07.07.2025 02:14:27;0;0,011641;0,221182;0;0,232823;0;50,827999;-4,48
07.07.2025 02:19:29;0;0,011641;0,174617;0;0,189169;0;50,832001;-3,17
07.07.2025 02:24:31;0,005821;0,023282;0,197899;0;0,209541;0;50,793999;-5,61
07.07.2025 02:29:33;0;0,011641;0,256105;0;0,276477;0;50,779999;-5,43
07.07.2025 02:34:35;0;0,023282;0,256105;0;0,270657;0;50,764999;-5,17
07.07.2025 02:39:37;0;0,011641;0,256105;0;0,264836;0;50,750999;-5,37
07.07.2025 02:44:38;0;0,01168;0,256956;0;0,280316;0;50,722;-6,49
07.07.2025 02:49:41;0;0,023205;0,266863;0;0,287167;0;50,726002;-4,22
07.07.2025 02:54:43;0;0,011641;0,197899;0;0,20663;0;50,722;-3,98
07.07.2025 02:59:44;0;0,01168;0,186877;0;0,207317;0;50,710999;-3,91
07.07.2025 03:04:46;0;0,023282;0,139694;0;0,151335;0;50,715;-3,15
07.07.2025 03:09:47;0,00584;0,01168;0,256956;0;0,259876;0;50,673;-5,38
07.07.2025 03:14:48;0,00876;0,01168;0,268636;0;0,289075;0;50,636002;-7,46
07.07.2025 03:19:51;0;0,023205;0,359684;0;0,368386;0;50,612;-7,18
07.07.2025 03:24:53;0;0,011641;0,337593;0;0,352145;0;50,594002;-6,86
07.07.2025 03:29:55;0,00291;0,011641;0,325952;0;0,346324;0;50,563999;-9,05
07.07.2025 03:34:57;0;0,023282;0,395799;0;0,40453;0;50,537998;-7,93
07.07.2025 03:39:59;0;0,011641;0,325952;0;0,349234;0;50,533001;-6,56
07.07.2025 03:45:01;0;0,023282;0,244464;0;0,256105;0;50,548;-4,27
07.07.2025 03:50:03;0;0,023282;0,151335;0;0,174617;0;50,560001;-3,15
07.07.2025 03:55:05;0,005821;0,011641;0,162976;0;0,174617;0;50,528999;-5,83
07.07.2025 04:00:07;0;0,011641;0,279387;0;0,285208;0;50,507;-5,77
07.07.2025 04:05:06;0;0,023516;0,270433;0;0,28807;0;50,487999;-5,61
07.07.2025 04:10:08;0;0,011641;0,314311;0;0,337593;0;50,457001;-6,7
07.07.2025 04:15:11;0;0,011603;0,324876;0;0,327777;0;50,438;-6,62
07.07.2025 04:20:12;0;0,02336;0,303675;0;0,329955;0;50,435001;-4,52
07.07.2025 04:25:15;0;0,011603;0,174041;0;0,185644;0;50,450001;-3,41
07.07.2025 04:30:16;0;0,02336;0,151838;0;0,166437;0;50,450001;-3,33
07.07.2025 04:35:18;0;0,011641;0,139694;0;0,157155;0;50,444;-3,15
07.07.2025 04:40:20;0,005821;0,011641;0,221182;0;0,232823;0;50,404999;-5,45
07.07.2025 04:45:22;0;0,023282;0,256105;0;0,270657;0;50,387001;-5,31
07.07.2025 04:50:24;0;0,011641;0,256105;0;0,270657;0;50,374001;-5,28
07.07.2025 04:55:26;0;0,011641;0,244464;0;0,264836;0;50,356998;-5,2
07.07.2025 05:00:28;0;0,023282;0,256105;0;0,267746;0;50,341;-5,4
07.07.2025 05:05:30;0;0,011641;0,232823;0;0,247374;0;50,34;-4,41
07.07.2025 05:10:32;0;0,011641;0,197899;0;0,218271;0;50,327999;-4,37
07.07.2025 05:15:35;0,005801;0,023205;0,232054;0;0,240756;0;50,299;-6,4
07.07.2025 05:20:34;0,005879;0,011758;0,317464;0;0,323343;0;50,264;-7,55
07.07.2025 05:25:36;0;0,023282;0,349234;0;0,366696;0;50,236;-7,46
07.07.2025 05:30:39;0,002901;0,011603;0,359684;0;0,377088;0;50,199001;-9,23
07.07.2025 05:35:41;0,052385;0,011641;1,466784;0;1,42313;0;49,709;-43,220001
07.07.2025 05:40:43;0,212451;0,023282;2,328228;0;2,13906;0;49,450001;-50,470001
07.07.2025 05:45:42;2,325133;0;4,856031;0;2,507381;0,023516;49,245998;-50,689999
07.07.2025 05:50:44;2,703655;0;5,238514;0;2,497025;0,046565;49,075001;-51,259998
07.07.2025 05:55:47;1,508354;0,081219;3,457611;0;1,96086;0,046411;49,412998;-3,09
07.07.2025 06:00:46;0;0,011758;0,164611;0;0,135216;0,070548;49,549999;-2,53
07.07.2025 06:05:49;0;0,023205;0,162438;0;0,116027;0,069616;49,591999;-2,09
07.07.2025 06:10:51;0,043654;0,011641;0,256105;0,008731;0,133873;0,093129;49,598999;-3,51
07.07.2025 06:15:53;0;0,011641;0,267746;0;0,151335;0,139694;49,611;-2,86
07.07.2025 06:20:54;0;0,01168;0,268636;0;0,143078;0,140158;49,616001;-2,57
07.07.2025 06:25:56;0,020372;0,023282;0,256105;0;0,069847;0,186258;49,646999;-0,2
07.07.2025 06:30:59;0,046411;0;0,25526;0;0,008702;0,208849;49,660999;-0,21
07.07.2025 06:36:00;0,052559;0,01168;0,221917;0,02044;0,00876;0,163517;49,685001;2,94
07.07.2025 06:41:02;0,078578;0;0,256105;0,026193;0,008731;0,209541;49,683998;3
07.07.2025 06:46:04;0,043654;0;0,279387;0,008731;0,011641;0,232823;49,685001;-0,21
07.07.2025 06:51:06;0,017462;0,058206;0,30267;0,005821;0,008731;0,325952;49,699001;-1,11
07.07.2025 06:56:08;0,142604;0;0,395799;0,058206;0,011641;0,30267;49,712002;-0,22
07.07.2025 07:01:09;0,081759;0;0,408794;0,01752;0,01752;0,327035;49,701;-0,22
07.07.2025 07:06:11;0,058206;0,011641;0,360875;0,020372;0,008731;0,325952;49,702;-0,21
07.07.2025 07:11:13;0;0,046565;0,30267;0;0,008731;0,325952;49,701;-0,19
07.07.2025 07:16:15;0,032013;0,011641;0,384158;0,00291;0,037834;0,349234;49,591999;-15,21
07.07.2025 07:21:16;0,00292;0,046719;0,992784;0,01752;0,66283;0,350395;49,604;1,78
07.07.2025 07:26:17;0;0,035039;0,268636;0,160597;0;0,513912;49,691002;4,55
07.07.2025 07:31:18;0;0,046719;0,268636;0,175197;0;0,467193;49,698002;1,94
07.07.2025 07:36:19;0,064239;0,035039;1,810372;0,02044;1,375298;0,397114;49,400002;2,75
07.07.2025 07:41:20;0,058399;0,046719;0,65407;0,259876;0,198557;0,747508;49,603001;8,99
07.07.2025 07:46:23;0;0,046411;0,313274;0,643951;0;0,997834;49,756001;11,79
07.07.2025 07:51:24;0;0,035039;0,303675;0,437993;0;0,794228;49,783001;9,73
07.07.2025 07:56:27;0;0,046411;0,313274;0,585938;0;0,928218;49,889999;13,84
07.07.2025 08:01:28;0;0,046719;0,350395;0,840947;0;1,214701;50,02;17,719999
07.07.2025 08:06:29;0,0146;0,035039;0,362074;0,706629;0,040879;1,051184;49,84;-9,3
07.07.2025 08:11:31;0,00291;0,034923;0,908009;0,151335;0,334683;0,768315;49,917;8,27
07.07.2025 08:16:33;0;0,034923;0,267746;0,454005;0;0,768315;49,994999;8,68
07.07.2025 08:21:35;0,00291;0,058206;0,384158;0,328862;0;0,745033;49,983002;5,45
07.07.2025 08:26:37;0;0,034923;0,395799;0,375427;0;0,81488;50,063999;10,61
07.07.2025 08:31:39;0,005821;0,069847;0,663545;0,576237;0;1,280526;50,174999;17,629999
07.07.2025 08:36:41;0,00291;0,139694;0,733392;1,210679;0;2,095406;50,514;46,619999
07.07.2025 08:41:43;0,043654;0,197899;0,791598;1,949891;0;2,910286;50,445999;23,799999
07.07.2025 08:46:45;0,040744;0,058206;0,640263;1,001138;0;1,653042;50,377998;11,12
07.07.2025 08:51:45;0;1,359375;0,363281;0,676758;0,005859;2,414063;50,290001;-0,24
07.07.2025 08:56:47;0,029103;1,513349;0,454005;0,500569;0,020372;2,398075;50,306999;-6,83
07.07.2025 09:01:49;0,011641;0,034923;2,165252;0;0,500569;1,699607;50,183998;-5,07
07.07.2025 09:06:51;0,005821;0,058206;1,8393;0,232823;0,282298;1,816018;50,43;23,459999
07.07.2025 09:11:53;0,008731;0,046565;0,826521;1,236871;0;2,118688;50,625;27,09
07.07.2025 09:16:56;0,008702;0,092822;1,102259;1,354618;0,002901;2,552599;50,775002;35,259998
07.07.2025 09:21:57;0,00584;0,070079;0,60735;1,769492;0;2,429402;50,939999;43,279999
07.07.2025 09:26:59;0,061116;0,093129;0,954574;1,42313;0;2,421358;50,868999;29,610001
07.07.2025 09:31:59;0;0,023438;0,433594;1,174805;0;1,617188;50,848999;19,450001
07.07.2025 09:37:01;0,00291;0,046565;0,442363;1,065165;0;1,536631;50,887001;16,780001
07.07.2025 09:42:01;0,008789;0,035156;0,492188;0,788086;0;1,335938;50,844002;8,3
07.07.2025 09:47:03;0;0,023282;0,523851;0,218271;0;0,745033;50,771999;3,07
07.07.2025 09:52:05;0,00291;0,046565;0,454005;0,183348;0;0,698469;50,780998;3,87
07.07.2025 09:57:07;0,005821;0,058206;0,51221;0,20372;0,00291;0,745033;50,841;9,54
07.07.2025 10:02:07;0;0,058594;0,457031;0,870117;0;1,40625;51,042;21,66
07.07.2025 10:07:09;0,014551;0,523851;0,523851;1,554093;0;2,584334;51,360001;45,93
07.07.2025 10:12:11;0;2,258382;0,570416;2,127419;0;4,959127;51,451;41,060001
07.07.2025 10:17:11;0,070313;1,171875;0,421875;1,538086;0;3,046875;51,408001;26,35
07.07.2025 10:22:13;0;2,875362;0,616981;1,414399;0;4,912562;51,492001;26,67
07.07.2025 10:27:15;0,029103;1,152473;0,454005;1,213589;0;2,793874;51,521999;23,049999
07.07.2025 10:32:18;0,005801;2,715037;0,498917;1,139968;0;4,339418;51,596001;22,959999
07.07.2025 10:37:19;0;2,627959;0,467193;1,188421;0;4,298173;51,675999;22,77
07.07.2025 10:42:21;0;1,699607;0,40744;1,190307;0;3,282802;51,756001;22,879999
07.07.2025 10:47:23;0;1,396937;0,395799;1,193217;0;3,003415;51,835999;22,99
07.07.2025 10:52:24;0;0,385434;0,327035;1,188421;0;1,89213;51,922001;23,07
07.07.2025 10:57:25;0,00292;0,198557;0,537272;1,109583;0;1,845411;51,935001;16,34
07.07.2025 11:02:27;0;0,10477;0,582057;0,954574;0;1,606478;52,070999;22,860001
07.07.2025 11:07:29;0,00291;0,547134;0,733392;1,210679;0;2,514487;52,166;23,209999
07.07.2025 11:12:29;0,00293;0,363281;1,160156;1,189453;0;2,71875;52,245998;19,639999
07.07.2025 11:17:30;0,00584;0,478873;1,214701;1,080383;0;2,733077;52,369999;23,530001
07.07.2025 11:22:31;0,00584;0,934385;1,331499;1,208861;0;3,480586;52,470001;21,74
07.07.2025 11:27:33;0,005821;0,966215;1,32709;1,079716;0;3,375931;52,544998;19,790001
07.07.2025 11:32:35;0,017462;1,897506;1,362014;0,963305;0;4,214094;52,620998;23,6
07.07.2025 11:37:37;0,008731;2,479563;1,210679;1,094267;0;4,772868;52,745998;23,16
07.07.2025 11:42:39;0;3,8765;0,745033;0,648994;0;5,285079;52,549999;4,08
07.07.2025 11:47:40;0;2,838196;0,700789;0,394194;0,128478;3,784261;52,733002;23,02
07.07.2025 11:52:42;0;3,829936;0,628622;1,22232;0;5,680877;52,938999;23,34
07.07.2025 11:57:43;0,00584;2,908275;0,735828;1,182581;0;4,835444;53,007;16,719999
07.07.2025 12:02:46;0,005801;0,034808;0,63815;0,565633;0;1,206683;52,914001;8,16
07.07.2025 12:07:47;0;2,289244;0,677429;1,010304;0;3,994498;53,210999;23,27
07.07.2025 12:12:50;0,008702;2,923886;0,707766;1,19218;0;4,803527;53,346001;22,66
07.07.2025 12:17:50;0,008789;3,011719;0,714844;1,166016;0;4,921875;53,474998;22,860001
07.07.2025 12:22:52;0,005821;2,013918;0,651904;1,070985;0;3,725166;53,52;14,46
07.07.2025 12:27:54;0,00291;2,095406;0,616981;0,759585;0;3,445778;53,561001;11,51
07.07.2025 12:32:54;0;4,523438;0,597656;0,483398;0;5,601563;53,567001;7,45
07.07.2025 12:37:53;0;3,586173;0,564381;0,317464;0;4,468018;53,564999;5,4
07.07.2025 12:42:57;0;1,780942;0,589792;0,216835;0;2,590461;53,560001;2,98
07.07.2025 12:47:57;0;1,757813;0,574219;0,146484;0;2,484375;53,562;2,46
07.07.2025 12:52:58;0;3,667463;0,595671;0,108038;0;4,368252;53,563999;1,98
07.07.2025 12:58:00;0,221182;0,314311;2,887003;0,029103;0,908009;2,095406;53,278999;4,37
07.07.2025 13:03:01;0,037959;2,020608;1,822051;0,578151;0,0292;4,344892;53,564999;7,98
07.07.2025 13:08:04;0;2,030476;0,591739;0,275565;0;2,877475;53,563;3,19
07.07.2025 13:13:05;0;1,716933;0,583991;0,137238;0;2,476121;53,563999;2,1
07.07.2025 13:18:08;0,002901;1,32271;0,661355;0,060914;0,002901;2,018874;53,542;-1,5
07.07.2025 13:23:10;0,849803;0,139694;2,607616;0;0,739213;1,164114;53,153;-22,459999
07.07.2025 13:28:09;0,388012;0,129337;1,340406;0;0,543805;0,564381;53,118999;-9,27
07.07.2025 13:33:11;0;0,011641;0,803239;0;0,550044;0,256105;52,999001;-12,16
07.07.2025 13:38:11;0,00293;0,011719;0,796875;0;0,635742;0,164063;52,915001;-9,8
07.07.2025 13:43:14;0,002901;0,046411;0,76578;0;0,208849;0,580136;52,988998;-0,36
07.07.2025 13:48:16;0;0,058206;0,605339;0,299759;0,00291;1,001138;53,202;12,19
07.07.2025 13:53:16;0;0,035156;0,363281;0,621094;0;1,007813;53,347;11,46
07.07.2025 13:58:17;0;0,046719;0,268636;0,531432;0;0,840947;53,423;8,13
07.07.2025 14:03:17;0;0,035156;0,257813;0,427734;0;0,703125;53,490002;7,36
07.07.2025 14:08:20;0;0,034808;0,25526;0,365486;0;0,672958;53,537998;5,98
07.07.2025 14:13:22;0,00291;0,034923;0,395799;0,244464;0;0,651904;53,554001;4,33
07.07.2025 14:18:22;0,00293;0,046875;0,457031;0,125977;0;0,65625;53,540001;1,62
07.07.2025 14:23:25;0;0,046411;0,464109;0,107325;0;0,603342;53,569;3,4
07.07.2025 14:28:26;0;0,046719;0,478873;0,099278;0;0,60735;53,564999;1,24
07.07.2025 14:33:28;0;0,349234;0,430722;0,00291;0,008731;0,791598;53,535999;-0,18
07.07.2025 14:38:30;0;1,082626;0,232823;0;0,008731;1,303808;53,529999;-0,17
07.07.2025 14:43:32;0;1,140832;0,256105;0;0,008731;1,373655;53,525002;-0,17
07.07.2025 14:48:34;0;0,989497;0,256105;0;0,014551;1,257243;53,519001;-0,18
07.07.2025 14:53:36;0;1,338731;0,279387;0;0,005821;1,606478;53,514;-0,16
07.07.2025 14:58:38;0;1,816018;0,372517;0;0,008731;2,188535;53,509998;-0,16
07.07.2025 15:03:38;0;2,261719;0,339844;0;0,008789;2,554688;53,505001;-0,16
07.07.2025 15:08:39;0;1,600135;0,327035;0;0,00876;1,93885;53,500999;-0,16
07.07.2025 15:13:42;0;1,485149;0,324876;0;0,008702;1,810025;53,495998;-0,15
07.07.2025 15:18:44;0;2,072123;0,419081;0;0,008731;2,491204;53,492001;-0,15
07.07.2025 15:23:45;0;2,908275;0,373754;0;0,00876;3,246989;53,487;-0,16
07.07.2025 15:28:46;0;3,083472;0,350395;0;0,00876;3,433866;53,484001;-0,15
07.07.2025 15:33:48;0;3,329367;0,419081;0;0,008731;3,748448;53,48;-0,17
07.07.2025 15:38:50;0;2,386434;1,978994;0;0,008731;4,353787;53,474998;-0,17
07.07.2025 15:43:52;0;0,756674;2,200176;0;0,008731;2,933568;53,471001;-0,15
07.07.2025 15:48:54;0,026193;0,023282;2,083764;0;0,145514;1,955712;53,384998;-4,35
07.07.2025 15:53:56;0,014551;0,034923;2,095406;0;0,221182;1,862583;53,331001;-3,76
07.07.2025 15:58:59;0,011603;0,162438;2,042079;0;0,04351;2,158106;53,370998;-0,2
07.07.2025 16:03:57;0;0,566275;2,099937;0;0,008848;2,666212;53,369999;-0,17
07.07.2025 16:08:59;0;1,455143;1,827659;0;0,011641;3,282802;53,366001;-0,19
07.07.2025 16:14:01;0;2,584334;0,395799;0;0,008731;2,95685;53,362;-0,19
07.07.2025 16:19:03;0;1,385296;1,362014;0;0,008731;2,74731;53,359001;-0,17
07.07.2025 16:24:06;0;2,900681;0,348082;0;0,011603;3,248762;53,355;-0,16
07.07.2025 16:29:08;0;4,446916;0,442363;0;0,005821;4,88928;53,349998;-0,15
07.07.2025 16:34:10;0;4,225735;1,362014;0;0,008731;5,587748;53,347;-0,15
07.07.2025 16:39:11;0;4,648567;0,595671;0;0,01168;5,209199;53,342999;-0,18
07.07.2025 16:44:13;0;4,423634;0,640263;0;0,008731;5,052256;53,338001;-0,18
07.07.2025 16:49:15;0;3,783371;0,605339;0;0,008731;4,37707;53,334;-0,17
07.07.2025 16:54:17;0;3,189673;0,745033;0;0,008731;3,934706;53,328999;-0,17
07.07.2025 16:59:20;0;3,387995;0,626547;0;0,008702;3,991337;53,324001;-0,17
07.07.2025 17:04:21;0;4,216414;0,560631;0;0,00876;4,788725;53,320999;-0,17
07.07.2025 17:09:23;0;4,155888;0,640263;0;0,008731;4,796151;53,317001;-0,17
07.07.2025 17:14:25;0;2,933568;0,675186;0;0,011641;3,56219;53,313;-0,17
07.07.2025 17:19:27;0,005821;0,663545;0,71011;0;0,011641;1,373655;53,306999;-0,17
07.07.2025 17:24:29;0,011641;0,162976;0,756674;0;0,008731;0,908009;53,299;-0,16
07.07.2025 17:29:30;0,061319;0,046719;1,097903;0;0,388354;0,677429;53,167999;-3,27
07.07.2025 17:34:31;0,00584;0;0,864306;0;0,227756;0,65407;53,075001;-8,02
07.07.2025 17:39:34;0,023205;0,034808;1,02104;0;0,374188;0,626547;53,006001;-6,72
07.07.2025 17:44:33;0;0,035274;0,893604;0,017637;0,238098;0,705477;53,066002;1,72
07.07.2025 17:49:36;0;0,046411;0,487314;0,092822;0,002901;0,626547;53,087002;-0,18
07.07.2025 17:54:38;0,008731;0,011641;0,465646;0;0,061116;0,419081;53,041;-2,69
07.07.2025 17:59:40;0,017462;0,011641;0,605339;0;0,337593;0,256105;52,911999;-13,81
07.07.2025 18:04:41;0,01168;0,046719;0,65407;0;0,464273;0,210237;52,855;-6,41
07.07.2025 18:09:41;0,026367;0,035156;0,796875;0;0,55957;0,257813;52,780998;-6,35
07.07.2025 18:14:44;0,008702;0,011603;0,63815;0;0,333578;0,324876;52,719002;-9,52
07.07.2025 18:19:45;0,00584;0,01168;1,086223;0;0,692029;0,397114;52,604;-12,4
07.07.2025 18:24:48;0,031907;0,046411;1,345916;0;0,525023;0,812191;52,511002;-16,35
07.07.2025 18:29:50;0,020372;0,034923;1,105909;0,049475;0,197899;1,001138;52,592999;-7,16
07.07.2025 18:34:51;0;0,01168;1,179662;0;0,470113;0,724149;52,514;-9,06
07.07.2025 18:39:54;0,008702;0,023205;1,229889;0;0,461208;0,76578;52,448002;-12,61
07.07.2025 18:44:55;0,61027;0;2,289244;0;1,024904;0,65407;52,236;-24,24
07.07.2025 18:49:58;1,244392;0;3,097927;0;1,250193;0,603342;52,112999;-23,76
07.07.2025 18:54:59;3,795941;0;5,711431;0;1,25266;0,65407;52,007;-23,870001
07.07.2025 19:00:02;3,205252;0;5,952197;0;2,036278;0,719369;51,591;-49,380001
07.07.2025 19:05:04;1,088447;0,058206;3,271161;0;1,609388;0,628622;51,884998;-0,2
07.07.2025 19:10:06;0;0,034923;0,547134;0;0,011641;0,605339;51,923;-0,21
07.07.2025 19:15:07;0;0,070079;0,537272;0,00876;0,01168;0,583991;51,931999;-0,2
07.07.2025 19:20:10;0,008702;0,046411;0,498917;0;0,075418;0,464109;51,890999;-3,86
07.07.2025 19:25:11;0,01168;0,02336;0,677429;0;0,367914;0,327035;51,799999;-8,98
07.07.2025 19:30:15;0,008673;0,023129;0,78639;0;0,471256;0,300678;51,750999;-9,17
07.07.2025 19:35:15;0,008789;0,011719;0,820313;0;0,556641;0,304688;51,657001;-14,33
07.07.2025 19:40:18;0,014503;0,023205;1,079053;0;0,849899;0,208849;51,521999;-19,780001
07.07.2025 19:45:18;0,00293;0,011719;1,242188;0;0,972656;0,28125;51,452;-18,92
07.07.2025 19:50:20;0;0,023282;1,245602;0;0,951663;0,325952;51,389999;-17,59
07.07.2025 19:55:20;0,00293;0,023438;1,125;0;0,84082;0,304688;51,346001;-15,23
07.07.2025 20:00:22;0,00291;0,011641;1,070985;0;0,698469;0,372517;51,318001;-13,62
07.07.2025 20:05:24;0;0,023282;1,11755;0;0,654814;0,488928;51,299;-10,78
07.07.2025 20:10:25;0,0146;0,035039;0,782548;0,070079;0,265716;0,60735;51,312;-9,91
07.07.2025 20:15:29;0,008673;0,011565;1,110197;0;0,774825;0,323808;51,146;-19,01
07.07.2025 20:20:30;0,02336;0,02336;0,875986;0;0,797148;0,070079;51,063;-22,040001
07.07.2025 20:25:32;0;0,046565;1,001138;0;0,951663;0,139694;51,115002;-7,31
07.07.2025 20:30:34;0;0,011641;0,500569;0;0,40744;0,069847;51,115002;-8,17
07.07.2025 20:35:36;0,250285;0,023282;1,187397;0;0,823611;0,162976;50,685001;-48,060001
07.07.2025 20:40:37;0,037959;0,081759;0,420473;0;0,350395;0,116798;51,091;-3,06
07.07.2025 20:45:39;0,011641;0,023282;0,291029;0;0,241554;0,046565;51,046001;-7,38
07.07.2025 20:50:42;0;0,011603;0,371287;0;0,368386;0,023205;51,025002;-6,39
07.07.2025 20:55:43;0,00876;0,02336;0,420473;0;0,426313;0;50,952999;-10,29
07.07.2025 21:00:46;0;0,011603;0,487314;0;0,507619;0;50,928001;-9,28
07.07.2025 21:05:48;0;0,011641;0,454005;0;0,456915;0;50,909;-8,45
07.07.2025 21:10:50;0,00291;0,023282;0,442363;0;0,456915;0;50,874001;-9,85
07.07.2025 21:15:51;0;0,01168;0,478873;0;0,502232;0;50,838001;-9,98
07.07.2025 21:20:54;0;0,023205;0,406095;0;0,420599;0;50,837002;-7,93
07.07.2025 21:25:56;0,00291;0,011641;0,454005;0;0,468556;0;50,785;-9,65
07.07.2025 21:30:58;0;0,011641;0,419081;0;0,430722;0;50,778999;-8,27
07.07.2025 21:35:58;0,005859;0,023438;0,421875;0;0,433594;0;50,738998;-10,28
07.07.2025 21:41:00;0,261926;0,069847;1,210679;0;1,027331;0;50,589001;-11,45
07.07.2025 21:46:03;0,04351;0,058014;0,905012;0;0,916615;0;50,573002;-11,36
07.07.2025 21:51:04;0;0,02336;0,490552;0;0,508072;0;50,595001;-8,09
07.07.2025 21:56:06;0;0,011641;0,395799;0;0,40744;0;50,59;-8,24
07.07.2025 22:01:08;0,00291;0,011641;0,430722;0;0,445274;0;50,554001;-9,35
07.07.2025 22:06:10;0;0,023282;0,372517;0;0,401619;0;50,558998;-7,03
07.07.2025 22:11:12;0;0,011641;0,349234;0;0,360875;0;50,542999;-7,22
07.07.2025 22:16:14;0;0,023282;0,325952;0;0,340503;0;50,535999;-6,11
07.07.2025 22:21:16;0,005821;0,011641;0,291029;0;0,30849;0;50,507;-8,29
07.07.2025 22:26:18;0,005821;0,023282;0,419081;0;0,419081;0;50,478001;-7,75
07.07.2025 22:31:21;0;0,011603;0,440903;0;0,461208;0;50,414001;-11,4
07.07.2025 22:36:23;0,00291;0,011641;0,640263;0;0,654814;0;50,344002;-13,31
07.07.2025 22:41:24;0;0,01168;0,65407;0;0,65991;0;50,299;-13,08
07.07.2025 22:46:26;0;0,023282;0,430722;0;0,462735;0;50,341;-7,49
07.07.2025 22:51:29;0;0,023205;0,290068;0;0,313274;0;50,352001;-6,21
07.07.2025 22:56:31;0;0,011641;0,30267;0;0,30849;0;50,344002;-5,92
07.07.2025 23:01:32;0,00584;0,035039;0,291995;0;0,306595;0;50,299;-10,45
07.07.2025 23:06:34;0,00291;0;0,40744;0;0,419081;0;50,279999;-8,22
07.07.2025 23:11:37;0;0,011603;0,394493;0;0,411897;0;50,255001;-8,21
07.07.2025 23:16:36;0,002939;0,023516;0,446802;0;0,45856;0;50,215;-9,33
07.07.2025 23:21:38;0;0,011641;0,454005;0;0,462735;0;50,189999;-8,9
07.07.2025 23:26:38;0,005859;0,023438;0,339844;0;0,357422;0;50,176998;-9,45
07.07.2025 23:31:41;0;0,011603;0,313274;0;0,34228;0;50,193001;-5,87
07.07.2025 23:36:42;0;0,02336;0,245276;0;0,251116;0;50,202;-4,79
07.07.2025 23:41:44;0;0,011641;0,221182;0;0,238643;0;50,195999;-4,72
07.07.2025 23:46:46;0,005821;0,023282;0,325952;0;0,340503;0;50,147999;-7,01
07.07.2025 23:51:48;0;0,011641;0,349234;0;0,363786;0;50,112999;-8,31
07.07.2025 23:56:50;0;0,011641;0,360875;0;0,375427;0;50,101002;-6,68
08.07.2025 00:01:52;0;0,023282;0,325952;0;0,343414;0;50,085999;-6,84
08.07.2025 00:06:55;0,002901;0,023205;0,324876;0;0,33938;0;50,066002;-6,76
08.07.2025 00:11:57;0;0,011641;0,244464;0;0,256105;0;50,091;-3,35
08.07.2025 00:16:56;0;0,011758;0,141095;0;0,17049;0;50,092999;-3,41
08.07.2025 00:21:59;0;0,023205;0,150835;0;0,168239;0;50,091999;-3,4
08.07.2025 00:27:01;0;0,023282;0,162976;0;0,174617;0;50,084;-3,39
08.07.2025 00:32:03;0,005821;0,011641;0,256105;0;0,256105;0;50,042999;-5,68
08.07.2025 00:37:05;0;0,011641;0,325952;0;0,343414;0;50,001999;-6,65
08.07.2025 00:42:07;0;0,023282;0,325952;0;0,334683;0;49,979;-6,47
08.07.2025 00:47:09;0;0,011641;0,30267;0;0,328862;0;49,958;-6,51
08.07.2025 00:52:10;0;0,01168;0,268636;0;0,283236;0;49,955002;-5,46
08.07.2025 00:57:13;0;0,023205;0,185644;0;0,200147;0;49,970001;-3,33
08.07.2025 01:02:14;0;0,01168;0,151838;0;0,169357;0;49,967999;-3,3
08.07.2025 01:07:17;0;0,023205;0,12763;0;0,156637;0;49,966;-3,05
08.07.2025 01:12:18;0,00584;0,01168;0,175197;0;0,178117;0;49,932999;-5,61
08.07.2025 01:17:21;0,002901;0,011603;0,25526;0;0,272664;0;49,907001;-5,3
08.07.2025 01:22:22;0,00292;0,02336;0,327035;0;0,324115;0;49,867001;-6,73
08.07.2025 01:27:24;0;0,011641;0,325952;0;0,343414;0;49,838001;-6,92
08.07.2025 01:32:27;0,002901;0,011603;0,371287;0;0,391592;0;49,784;-8,83
08.07.2025 01:37:29;0;0,023282;0,372517;0;0,392889;0;49,783001;-5,72
08.07.2025 01:42:31;0;0,011641;0,232823;0;0,256105;0;49,778999;-5,13
08.07.2025 01:47:32;0;0,02336;0,245276;0;0,248196;0;49,77;-4,99
08.07.2025 01:52:34;0;0,011641;0,221182;0;0,241554;0;49,755001;-4,85
08.07.2025 01:57:37;0,008702;0,011603;0,348082;0;0,356784;0;49,688999;-8,36
08.07.2025 02:02:39;0;0,023282;0,337593;0;0,346324;0;49,676998;-6,78
08.07.2025 02:07:41;0;0,011641;0,314311;0;0,331773;0;49,655998;-6,55
08.07.2025 02:12:43;0;0,023282;0,267746;0;0,291029;0;49,645;-5,64
08.07.2025 02:17:45;0;0,011641;0,256105;0;0,273567;0;49,627998;-5,57
08.07.2025 02:22:47;0;0,011641;0,256105;0;0,273567;0;49,608002;-5,49
08.07.2025 02:27:48;0;0,02336;0,163517;0;0,175197;0;49,623001;-3,34
08.07.2025 02:32:51;0;0,011603;0,150835;0;0,162438;0;49,612;-3,35
08.07.2025 02:37:55;0;0,023129;0,138775;0;0,167686;0;49,603001;-3,18
08.07.2025 02:42:55;0,005859;0,011719;0,222656;0;0,219727;0;49,557999;-5,89
08.07.2025 02:47:56;0,00584;0,01168;0,291995;0;0,306595;0;49,519001;-7,13
08.07.2025 02:52:59;0;0,011603;0,336479;0;0,345181;0;49,490002;-6,82
08.07.2025 02:58:01;0;0,023282;0,325952;0;0,343414;0;49,462002;-6,88
08.07.2025 03:03:03;0;0,011641;0,30267;0;0,325952;0;49,451;-5,43
08.07.2025 03:08:05;0;0,023282;0,197899;0;0,218271;0;49,464001;-3,11
08.07.2025 03:13:07;0;0,011641;0,139694;0;0,154245;0;49,457001;-3,16
08.07.2025 03:18:06;0,002939;0,011758;0,188127;0;0,191067;0;49,43;-4,35
08.07.2025 03:23:09;0;0,023205;0,185644;0;0,208849;0;49,412998;-4,26
08.07.2025 03:28:11;0,005821;0,011641;0,314311;0;0,320131;0;49,362;-6,63
08.07.2025 03:33:13;0;0,011641;0,314311;0;0,325952;0;49,346001;-5,44
08.07.2025 03:38:15;0,005821;0,023282;0,349234;0;0,366696;0;49,299;-7,36
08.07.2025 03:43:17;0;0,011641;0,337593;0;0,357965;0;49,271;-7,03
08.07.2025 03:48:19;0;0,023282;0,337593;0;0,346324;0;49,247002;-7,01
08.07.2025 03:53:21;0;0,011641;0,325952;0;0,337593;0;49,222;-6,87
08.07.2025 03:58:23;0;0,023282;0,209541;0;0,244464;0;49,227001;-4,64
08.07.2025 04:03:23;0;0,011719;0,199219;0;0,208008;0;49,228001;-3,18
08.07.2025 04:08:26;0;0,011603;0,139233;0;0,156637;0;49,221001;-3,11
08.07.2025 04:13:27;0,00584;0,02336;0,186877;0;0,198557;0;49,178001;-5,74
08.07.2025 04:18:29;0,00291;0,011641;0,30267;0;0,30558;0;49,140999;-6,76
08.07.2025 04:23:31;0;0,023282;0,314311;0;0,337593;0;49,112999;-6,83
08.07.2025 04:28:33;0;0,011641;0,314311;0;0,331773;0;49,085999;-6,61
08.07.2025 04:33:35;0;0,011641;0,30267;0;0,317221;0;49,063;-6,5
08.07.2025 04:38:38;0;0,011603;0,278465;0;0,301671;0;49,061001;-4,29
08.07.2025 04:43:39;0;0,02336;0,198557;0;0,204397;0;49,060001;-3,43
08.07.2025 04:48:41;0;0,011641;0,151335;0;0,171707;0;49,049;-3,42
08.07.2025 04:53:43;0;0,023282;0,151335;0;0,165886;0;49,036999;-3,4
08.07.2025 04:58:43;0,00293;0,011719;0,246094;0;0,257813;0;48,993999;-5,8
08.07.2025 05:03:45;0;0,011641;0,267746;0;0,282298;0;48,973999;-5,51
08.07.2025 05:08:48;0;0,023205;0,243657;0;0,266863;0;48,952999;-5,46
08.07.2025 05:13:49;0;0,01168;0,256956;0;0,265716;0;48,935001;-5,37
08.07.2025 05:18:49;0;0,011719;0,246094;0;0,260742;0;48,916;-5,36
08.07.2025 05:23:52;0;0,023205;0,139233;0;0,165339;0;48,926998;-3,19
08.07.2025 05:28:54;0;0,011641;0,151335;0;0,157155;0;48,917999;-3,3
08.07.2025 05:33:55;0,00292;0,01168;0,140158;0;0,160597;0;48,903999;-4,78
08.07.2025 05:38:58;0,011603;0,023205;0,301671;0;0,307472;0;48,823002;-9,21
08.07.2025 05:44:00;0;0,011641;0,430722;0;0,448184;0;48,785999;-8,95
08.07.2025 05:49:01;0;0,02336;0,432153;0;0,435073;0;48,755001;-8,89
08.07.2025 05:54:03;0;0,011641;0,40744;0;0,430722;0;48,720001;-8,94
08.07.2025 05:59:06;0;0,011603;0,429301;0;0,432201;0;48,681;-9,37
08.07.2025 06:04:07;0;0,01168;0,432153;0;0,446753;0;48,644001;-9,01
08.07.2025 06:09:10;0;0,034808;0,301671;0;0,321976;0;48,672001;-3,93
08.07.2025 06:14:12;0;0,011641;0,174617;0;0,194989;0,023282;48,660999;-4,12
08.07.2025 06:19:12;0;0,011719;0,1875;0;0,193359;0;48,652;-3,49
08.07.2025 06:24:14;0;0,011641;0,197899;0;0,20081;0;48,630001;-4,26
08.07.2025 06:29:13;0,005879;0,023516;0,246917;0;0,267493;0;48,587002;-5,98
08.07.2025 06:34:15;0,00291;0,011641;0,325952;0;0,288118;0,046565;48,562;-5,99
08.07.2025 06:39:18;0;0,011603;0,359684;0;0,272664;0,092822;48,551998;-4,48
08.07.2025 06:44:19;0;0,02336;0,338715;0;0,186877;0,163517;48,547001;-3,21
08.07.2025 06:49:20;0;0,02336;0,373754;0;0,148918;0,256956;48,540001;-3
08.07.2025 06:54:22;0;0,046565;0,325952;0;0,061116;0,325952;48,569;-0,19
08.07.2025 06:59:24;0;0,093129;0,267746;0,072757;0,005821;0,419081;48,632999;4,52
08.07.2025 07:04:24;0,00293;0,035156;0,210938;0,243164;0;0,492188;48,691002;5,64
08.07.2025 07:09:26;0,017462;0,023282;0,488928;0,189169;0,171707;0,51221;48,526001;-11,37
08.07.2025 07:14:25;0,05585;0,047032;1,187552;0,052911;0,664324;0,564381;48,223999;-33,830002
08.07.2025 07:19:27;0,084398;0,069847;1,676325;0,008731;1,201948;0,465646;48,353001;-0,23
08.07.2025 07:24:29;0,032013;0;0,40744;0,008731;0,107681;0,279387;48,34;-5,73
08.07.2025 07:29:31;0,00291;0,011641;0,419081;0;0,256105;0,186258;48,313999;-5
08.07.2025 07:34:34;0,002901;0,046411;0,324876;0;0,089921;0,25526;48,361;-0,21
08.07.2025 07:39:36;0;0,058206;0,186258;0,084398;0,00291;0,349234;48,404999;1,46
08.07.2025 07:44:38;0,00291;0,058206;0,291029;0,133873;0,00291;0,465646;48,465;5,06
08.07.2025 07:49:40;0;0,034923;0,279387;0,270657;0;0,605339;48,539001;7,54
08.07.2025 07:54:40;0,005859;0,058594;0,398438;0,260742;0;0,703125;48,562;4,95
08.07.2025 07:59:42;0;0,034923;0,384158;0,186258;0;0,582057;48,566002;2,9
08.07.2025 08:04:41;0,002939;0,047032;0,411528;0,108761;0,002939;0,587897;48,563999;-0,2
08.07.2025 08:09:44;0;0,058014;0,371287;0,133431;0;0,533725;48,603001;2,89
08.07.2025 08:14:46;0;0,046565;0,360875;0,241554;0;0,651904;48,713001;10,47
08.07.2025 08:19:48;0;0,046565;0,279387;0,634442;0;0,977856;48,853001;13,44
08.07.2025 08:24:49;0;0,046719;0,245276;0,741668;0;1,027824;48,985001;15,37
08.07.2025 08:29:52;0;0,034808;0,243657;0,771581;0;1,044245;49,051998;12,49
08.07.2025 08:34:52;0,049805;0,058594;0,726563;0,503906;0,251953;1,007813;48,679001;-27,049999
08.07.2025 08:39:53;0,00292;0,01168;2,254205;0;1,416178;0,817587;48,362999;-29,82
08.07.2025 08:44:54;0,02628;0,035039;1,740293;0,207317;0,925626;1,051184;48,681;12,47
08.07.2025 08:49:56;0,00291;0,069847;0,500569;0,785777;0,00291;1,350373;48,955002;22,200001
08.07.2025 08:54:56;0;0,023438;0,46875;1,163086;0;1,640625;49,146;21,280001
08.07.2025 08:59:58;0,00291;0,058206;0,372517;1,193217;0;1,62976;49,313;25,4
08.07.2025 09:04:59;0;0,046719;0,408794;1,416178;0;1,868771;49,514;30,77
08.07.2025 09:10:02;0;0,046411;0,38289;1,421334;0;1,856436;49,645;29,84
08.07.2025 09:15:04;0,014551;0,034923;0,465646;1,676325;0;2,165252;49,785;25,92
08.07.2025 09:20:06;0;0,034923;0,40744;1,155383;0;1,606478;49,828999;22,42
08.07.2025 09:25:08;0,00291;0,058206;0,454005;1,164114;0;1,653042;49,941002;26,26
08.07.2025 09:30:10;0,017462;0,034923;1,490066;0,579147;0,005821;2,072123;49,698002;-0,24
08.07.2025 09:35:12;0,017462;0,279387;2,211817;0,829431;0,00291;3,329367;50,124001;33,68
08.07.2025 09:40:12;0,026367;0,046875;1,03125;1,423828;0;2,460938;50,124001;26,780001
08.07.2025 09:45:12;0,005859;0,035156;0,386719;1,019531;0;1,429688;50,053001;14,47
08.07.2025 09:50:14;0;0,046565;0,384158;0,779957;0;1,210679;50,155998;22,610001
08.07.2025 09:55:16;0,008731;0,034923;0,430722;1,006959;0;1,466784;50,171001;16,17
08.07.2025 10:00:16;0;0,046875;0,527344;0,802734;0;1,382813;50,238998;19,99
08.07.2025 10:05:18;0,00291;0,058206;0,570416;1,187397;0;1,816018;50,389;31,57
08.07.2025 10:10:20;0;1,001138;0,593698;1,32127;0,00291;2,887003;50,176998;-0,26
08.07.2025 10:15:22;0;2,921927;0,372517;0;0,011641;3,282802;50,136002;-0,22
08.07.2025 10:20:24;0;1,909147;0,349234;0,323042;0,008731;2,607616;50,501999;38,330002
08.07.2025 10:25:26;0;0,023282;0,395799;1,638491;0;2,048841;50,549999;27,27
08.07.2025 10:30:28;0;0,675186;0,349234;1,187397;0,00291;2,211817;50,349998;-0,22
08.07.2025 10:35:29;0,335795;1,389898;1,506696;0,154758;0,00876;2,709718;50,514999;24,530001
08.07.2025 10:40:30;0,01168;0,432153;0,525592;1,29062;0;2,219165;50,816002;44,490002
08.07.2025 10:45:32;0;2,002276;0,733392;2,278754;0;5,005691;50,960999;44,200001
08.07.2025 10:50:34;0;2,072123;0,721751;2,272933;0;5,075538;51,091999;44,59
08.07.2025 10:55:37;0,075418;1,090656;0,63815;2,094291;0;3,759282;51,165001;43,459999
08.07.2025 11:00:38;0,032119;0,689109;0,595671;2,020608;0;3,270349;51,314999;45,830002
08.07.2025 11:05:40;0,011641;1,583195;0,628622;2,072123;0;4,260658;51,305;28,1
08.07.2025 11:10:42;0;0,023282;0,395799;1,251423;0;1,676325;51,293999;22,74
08.07.2025 11:15:45;0;0,034808;0,371287;0,963026;0;1,369121;51,292999;18,41
08.07.2025 11:20:46;0,00876;0,058399;0,455513;0,753348;0,00292;1,238061;51,272999;14,51
08.07.2025 11:25:47;0,01168;0,081759;0,432153;0,744588;0,00292;1,238061;51,355999;17,67
08.07.2025 11:30:49;0;0,034923;0,442363;0,945843;0;1,443502;51,426998;19,67
08.07.2025 11:35:49;0;0,304688;0,457031;1,171875;0;1,945313;51,553001;22,559999
08.07.2025 11:40:50;0;1,191341;0,490552;1,194261;0;2,849875;51,629002;23,379999
08.07.2025 11:45:50;0,00293;0,222656;1,148438;1,086914;0;2,460938;51,692001;23,889999
08.07.2025 11:50:50;0,008789;0,351563;0,621094;1,177734;0;2,15625;51,785;23,25
08.07.2025 11:55:52;0,058206;0,616981;1,699607;0,71011;0,096039;2,887003;51,480999;-4,71
08.07.2025 12:00:54;0,357965;0,151335;3,341008;0,069847;0,791598;2,398075;50,959;-51,700001
08.07.2025 12:05:56;0,843983;0,291029;3,864859;0,005821;1,580285;1,722889;51,070999;-25,450001
08.07.2025 12:10:58;0,590788;0,30267;2,980132;0,011641;0,745033;1,955712;50,967999;-24,4
08.07.2025 12:16:01;0,974629;0,046411;5,418472;0;2,326346;2,158106;50,594002;-49,639999
08.07.2025 12:21:02;0,928545;0;6,213663;0;2,502401;2,779797;50,412998;-50,509998
08.07.2025 12:26:05;0,664256;0;5,256033;0;2,497486;2,111696;50,292;-48,66
08.07.2025 12:31:04;0,029395;0,070548;0,823056;0,520289;0,223401;1,175794;50,849998;8
08.07.2025 12:36:07;0;0,034808;0,406095;0,440903;0;0,858601;50,912998;11,5
08.07.2025 12:41:08;0;0,058399;0,373754;0,919786;0;1,378218;51,092999;23,950001
08.07.2025 12:46:10;0,008731;0,116411;0,547134;1,949891;0;2,584334;51,367001;42,130001
08.07.2025 12:51:12;0;1,315449;0,51221;1,93825;0;3,77173;51,431;30,809999
08.07.2025 12:56:14;0;1,769454;0,454005;1,449322;0;3,678601;51,5;26,84
08.07.2025 13:01:14;0;1,195313;0,46875;1,204102;0;2,859375;51,563999;23,450001
08.07.2025 13:06:17;0;0,800588;0,498917;1,200882;0;2,506188;51,655998;23,26
08.07.2025 13:11:19;0;0,791598;0,465646;1,193217;0;2,44464;51,749001;22,4
08.07.2025 13:16:20;0;0,747508;0,432153;1,188421;0;2,382683;51,854;22,360001
08.07.2025 13:21:21;0;1,004464;0,327035;1,194261;0;2,522841;51,966;23,540001
08.07.2025 13:26:23;0;1,001138;0,325952;1,201948;0;2,514487;52,063999;23,639999
08.07.2025 13:31:24;0;1,389898;0,303675;1,217621;0;2,896595;52,167999;22,99
08.07.2025 13:36:27;0;1,775217;0,359684;1,209584;0;3,36479;52,266998;22,969999
08.07.2025 13:41:29;0;0,465646;0,500569;1,207769;0;2,165252;52,366001;23,85
08.07.2025 13:46:28;0,002939;1,022941;0,599655;1,211068;0;2,845422;52,474998;23,709999
08.07.2025 13:51:32;0;1,075504;0,601357;1,214278;0;2,86801;52,584;23,41
08.07.2025 13:56:32;0;1,640625;0,515625;1,224609;0;3,398438;52,700001;23,379999
08.07.2025 14:01:35;0;1,206683;0,498917;1,224087;0;2,923886;52,806999;23,370001
08.07.2025 14:06:37;0;1,653042;0,465646;1,228141;0;3,352649;52,922001;23,23
08.07.2025 14:11:37;0;1,886719;0,351563;1,236328;0;3,492188;53,034;23,219999
08.07.2025 14:16:37;0;2,402344;0,398438;1,236328;0;4,03125;53,158001;23,440001
08.07.2025 14:21:39;0;2,328228;0,360875;1,236871;0;3,911424;53,282001;24,01
08.07.2025 14:26:42;0;1,554765;0,440903;1,23569;0;3,202351;53,414001;23,33
08.07.2025 14:31:42;0;0,5625;0,433594;1,242188;0;2,273438;53,543999;23,200001
08.07.2025 14:36:43;0;0,175197;0,420473;1,007384;0;1,588455;53,561001;14,49
08.07.2025 14:41:45;0;0,279387;0,372517;0,654814;0;1,32709;53,562;8,75
08.07.2025 14:46:47;0;0,779957;0,372517;0,427812;0;1,559913;53,564999;6,32
08.07.2025 14:51:49;0;1,396937;0,291029;0,293939;0;2,002276;53,566002;4,31
08.07.2025 14:56:51;0;1,862583;0,244464;0,197899;0;2,304946;53,564999;3,28
08.07.2025 15:01:53;0;2,270023;0,244464;0,139694;0;2,65418;53,562;1,97
08.07.2025 15:06:55;0;2,863721;0,267746;0,040744;0,008731;3,166391;53,527;-0,2
08.07.2025 15:11:57;0;3,038338;0,40744;0;0,008731;3,422496;53,514999;-0,22
08.07.2025 15:17:00;0;3,49242;0,406095;0;0,014503;3,898515;53,507;-0,21
08.07.2025 15:22:00;0;3,65625;0,410156;0;0,008789;4,054688;53,498001;-0,21
08.07.2025 15:27:03;0;2,877475;0,394493;0;0,008702;3,248762;53,493;-0,2
08.07.2025 15:32:05;0;3,073262;0,337593;0;0,011641;3,399214;53,486;-0,19
08.07.2025 15:37:07;0;4,88928;0,279387;0;0,008731;5,145385;53,480999;-0,17
08.07.2025 15:42:07;0;2,308594;0,269531;0;0,008789;2,578125;53,476002;-0,17
08.07.2025 15:47:09;0;1,52499;0,325952;0;0,008731;1,862583;53,470001;-0,19
08.07.2025 15:52:11;0;4,202452;0,430722;0;0,014551;4,609892;53,465;-0,19
08.07.2025 15:57:13;0;3,119826;0,442363;0;0,008731;3,56219;53,462002;-0,18
08.07.2025 16:02:13;0;2,121094;0,421875;0;0,011719;2,507813;53,456001;-0,19
08.07.2025 16:07:12;0;2,39862;0,411528;0;0,008818;2,821906;53,451;-0,19
08.07.2025 16:12:14;0;0,686827;0,349234;0;0,011641;1,024421;53,446999;-0,19
08.07.2025 16:17:15;0;1,623495;0,350395;0;0,00876;1,93885;53,443001;-0,18
08.07.2025 16:22:18;0;2,158106;0,290068;0;0,008702;2,436572;53,438;-0,19
08.07.2025 16:27:20;0;1,233961;0,279387;0;0,008731;1,536631;53,433998;-0,17
08.07.2025 16:32:20;0;1,628906;0,304688;0;0,008789;1,898438;53,429001;-0,16
08.07.2025 16:37:22;0;1,955712;0,360875;0;0,008731;2,328228;53,424999;-0,17
08.07.2025 16:42:24;0;2,54941;0,442363;0;0,008731;2,980132;53,418999;-0,18
08.07.2025 16:47:26;0;1,606478;0,454005;0;0,011641;2,048841;53,415001;-0,17
08.07.2025 16:52:28;0;1,129191;0,40744;0;0,008731;1,513349;53,410999;-0,17
08.07.2025 16:57:31;0;1,06745;0,38289;0;0,005801;1,461943;53,405998;-0,16
08.07.2025 17:02:30;0;0,975909;0,329222;0;0,011758;1,269858;53,401001;-0,17
08.07.2025 17:07:32;0;1,036062;0,279387;0;0,011641;1,303808;53,397999;-0,17
08.07.2025 17:12:34;0;1,175755;0,279387;0;0,008731;1,466784;53,391998;-0,16
08.07.2025 17:17:35;0;1,132942;0,280316;0;0,00876;1,401578;53,389;-0,19
08.07.2025 17:22:36;0;1,004464;0,385434;0;0,00876;1,354859;53,383999;-0,18
08.07.2025 17:27:38;0;1,11755;0,395799;0;0,008731;1,513349;53,380001;-0,17
08.07.2025 17:32:40;0;1,292167;0,40744;0;0,008731;1,722889;53,375999;-0,18
08.07.2025 17:37:42;0;1,362014;0,430722;0;0,008731;1,769454;53,372002;-0,16
08.07.2025 17:42:44;0;1,804377;0,51221;0;0,008731;2,281664;53,368;-0,16
08.07.2025 17:47:47;0;4,710705;0,417698;0;0,011603;5,151609;53,362999;-0,17
08.07.2025 17:52:48;0;4,928883;0,385434;0;0,00876;5,302637;53,359001;-0,18
08.07.2025 17:57:50;0;3,923065;0,40744;0;0,008731;4,307223;53,355;-0,17
08.07.2025 18:02:52;0;1,571554;0,419081;0;0,008731;2,002276;53,349998;-0,19
08.07.2025 18:07:54;0;1,455143;0,454005;0;0,008731;1,885865;53,346001;-0,17
08.07.2025 18:12:57;0;2,181312;0,359684;0;0,011603;2,529394;53,341999;-0,17
08.07.2025 18:17:59;0;1,641401;0,325952;0;0,008731;1,955712;53,335999;-0,17
08.07.2025 18:23:00;0;2,324284;0,373754;0;0,00876;2,686358;53,333;-0,17
08.07.2025 18:28:03;0;3,341584;1,06745;0;0,008702;4,409035;53,327999;-0,19
08.07.2025 18:33:04;0,00292;1,483337;0,724149;0;0,01168;2,172446;53,323002;-0,17
08.07.2025 18:38:06;0;2,758951;0,279387;0;0,008731;3,049979;53,32;-0,17
08.07.2025 18:43:08;0;2,875362;0,279387;0;0,011641;3,143108;53,313999;-0,17
08.07.2025 18:48:10;0;0,733392;0,372517;0;0,008731;1,070985;53,311001;-0,17
08.07.2025 18:53:10;0;0,351563;0,457031;0;0,008789;0,820313;53,306999;-0,18
08.07.2025 18:58:13;0;0,104425;0,452506;0;0,011603;0,556931;53,303001;-0,19
08.07.2025 19:03:15;0,040744;0;0,442363;0;0,026193;0,372517;53,275002;-2,6
08.07.2025 19:08:16;0;0,02336;0,408794;0;0,210237;0,186877;53,183998;-5,11
08.07.2025 19:13:18;0,034923;0,034923;0,686827;0;0,573326;0,139694;53,011002;-5,31
08.07.2025 19:18:21;0,034808;0,034808;0,742574;0;0,481513;0,25526;53,002998;-0,19
08.07.2025 19:23:22;0;0,081759;0,268636;0,043799;0,00584;0,397114;53,056;-0,19
08.07.2025 19:28:25;0,005801;0,104425;0,278465;0;0,014503;0,371287;53,054001;-0,84
08.07.2025 19:33:26;0,00292;0,035039;0,338715;0;0,00584;0,350395;53,054001;-0,19
08.07.2025 19:38:26;0,005859;0,011719;0,386719;0;0,09082;0,304688;53,005001;-2,55
08.07.2025 19:43:29;0;0,023205;0,429301;0;0,130531;0,301671;52,981998;-2,15
08.07.2025 19:48:29;0,00293;0,011719;0,398438;0;0,099609;0,304688;52,966999;-2,1
08.07.2025 19:53:31;0;0,011641;0,419081;0;0,177527;0,279387;52,925999;-3,22
08.07.2025 19:58:33;0,005821;0,011641;0,430722;0;0,215361;0,232823;52,869999;-5,24
08.07.2025 20:03:34;0;0,035039;0,432153;0,00292;0,207317;0,233596;52,909;2,4
08.07.2025 20:08:35;0;0,046719;0,338715;0,478873;0;0,887666;53,134998;10,76
08.07.2025 20:13:37;0,00291;0,034923;0,314311;0,535493;0;0,884727;53,230999;7,24
08.07.2025 20:18:39;0,026193;0,034923;0,325952;0,032013;0,008731;0,349234;53,116001;-0,19
08.07.2025 20:23:40;0,02044;0;0,373754;0;0,055479;0,327035;53,062;-3,39
08.07.2025 20:28:43;0;0,023205;0,464109;0;0,197246;0,25526;52,990002;-4,7
08.07.2025 20:33:45;0;0,011641;0,488928;0;0,30267;0,186258;52,907001;-5,86
08.07.2025 20:38:47;0,00291;0,011641;0,465646;0;0,328862;0,162976;52,841999;-6,62
08.07.2025 20:43:49;0;0,011641;0,395799;0;0,296849;0,116411;52,821999;-4,3
08.07.2025 20:48:50;0;0,02336;0,280316;0;0,248196;0,070079;52,783001;-4,99
08.07.2025 20:53:53;0;0,011603;0,290068;0;0,278465;0,023205;52,744999;-5,3
08.07.2025 20:58:55;0;0,011641;0,30267;0;0,30267;0;52,705002;-6,01
08.07.2025 21:03:57;0,005821;0,023282;0,430722;0;0,439453;0;52,627998;-8,23
08.07.2025 21:09:00;0;0,011603;0,452506;0;0,455407;0;52,573002;-9,16
08.07.2025 21:14:01;0,00292;0,01168;0,443833;0;0,458433;0;52,519001;-9,42
08.07.2025 21:19:03;0,189169;0,058206;0,779957;0;0,640263;0;52,324001;-27,57
08.07.2025 21:24:05;0,389978;0,128053;1,082626;0;0,823611;0;52,376999;-7,84
08.07.2025 21:29:07;0,346324;0,186258;0,896368;0;0,730482;0;52,240002;-22,540001
08.07.2025 21:34:09;0,119322;0,116411;0,51221;0;0,503479;0;52,275002;-8,16
08.07.2025 21:39:11;0,00291;0,011641;0,40744;0;0,419081;0;52,240002;-7,83
08.07.2025 21:44:13;0,005821;0,011641;0,465646;0;0,477287;0;52,172001;-10,62
08.07.2025 21:49:15;0,00291;0,011641;0,547134;0;0,561685;0;52,118999;-11,11
08.07.2025 21:54:15;0;0,023438;0,621094;0;0,635742;0;52,055;-11,56
08.07.2025 21:59:17;0;0,011641;0,570416;0;0,584967;0;52,007999;-11,03
08.07.2025 22:04:19;0;0,023282;0,477287;0;0,50639;0;51,980999;-9,19
08.07.2025 22:09:19;0;0,011719;0,457031;0;0,47168;0;51,950001;-8,06
08.07.2025 22:14:21;0;0,011641;0,325952;0;0,337593;0;51,938999;-6,51
08.07.2025 22:19:23;0,00291;0,023282;0,40744;0;0,421991;0;51,882999;-8,68
08.07.2025 22:24:25;0;0,011641;0,360875;0;0,384158;0;51,863998;-7,22
08.07.2025 22:29:27;0,005821;0,023282;0,40744;0;0,41035;0;51,804001;-9,74
08.07.2025 22:34:29;0,00291;0,011641;0,488928;0;0,503479;0;51,752998;-10,53
08.07.2025 22:39:31;0;0,011641;0,523851;0;0,538403;0;51,710999;-10,34
08.07.2025 22:44:33;0;0,023282;0,454005;0;0,471466;0;51,685001;-8,81
08.07.2025 22:49:35;0;0,011641;0,419081;0;0,436543;0;51,660999;-7,71
08.07.2025 22:54:37;0;0,034923;0,314311;0;0,334683;0;51,674999;-3,62
08.07.2025 22:59:39;0;0,011641;0,186258;0;0,20081;0;51,66;-4,22
08.07.2025 23:04:41;0;0,011641;0,162976;0;0,183348;0;51,650002;-3,46
08.07.2025 23:09:43;0,034923;0,011641;0,81488;0;0,788687;0;51,328999;-28,42
08.07.2025 23:14:45;0,337593;0,011641;2,491204;0;2,156522;0;50,966999;-48,029999
08.07.2025 23:19:47;0,10186;0;2,607616;0;2,497025;0;50,727001;-47,900002
08.07.2025 23:24:49;0,005821;0,023282;2,304946;0;2,334049;0;50,652;-41,119999
08.07.2025 23:29:52;0;0,069616;0,487314;0;0,568533;0;51,007999;-6,58
08.07.2025 23:34:53;0,00292;0,02336;0,373754;0;0,382514;0;50,991001;-7,2
08.07.2025 23:39:55;0;0,023282;0,244464;0;0,267746;0;51,007999;-4,93
08.07.2025 23:44:57;0;0,011641;0,221182;0;0,244464;0;51;-4,75
08.07.2025 23:49:59;0;0,011641;0,232823;0;0,238643;0;50,990002;-4,69
08.07.2025 23:54:59;0,008789;0,011719;0,292969;0;0,301758;0;50,931;-8,41
09.07.2025 00:00:01;0;0,023282;0,384158;0;0,40744;0;50,915001;-6,79
09.07.2025 00:05:03;0;0,011641;0,325952;0;0,343414;0;50,900002;-6,59
09.07.2025 00:10:05;0;0,023282;0,30267;0;0,320131;0;50,893002;-5,6
09.07.2025 00:15:07;0;0,011641;0,279387;0;0,282298;0;50,880001;-5,56
09.07.2025 00:20:10;0;0,023205;0,25526;0;0,278465;0;50,874001;-3,82
09.07.2025 00:25:12;0;0,011641;0,174617;0;0,174617;0;50,880001;-3,35
09.07.2025 00:30:14;0;0,011641;0,151335;0;0,174617;0;50,873001;-3,29
09.07.2025 00:35:15;0;0,02336;0,151838;0;0,169357;0;50,863998;-3,43
09.07.2025 00:40:18;0,005801;0,011603;0,232054;0;0,234955;0;50,823002;-5,69
09.07.2025 00:45:19;0;0,01168;0,268636;0;0,289075;0;50,805;-5,53
09.07.2025 00:50:21;0,00291;0,023282;0,279387;0;0,30267;0;50,771999;-6,83
09.07.2025 00:55:24;0;0,011603;0,324876;0;0,345181;0;50,75;-6,81
09.07.2025 01:00:26;0;0,011641;0,349234;0;0,346324;0;50,730999;-6,68
09.07.2025 01:05:27;0;0,02336;0,245276;0;0,265716;0;50,742001;-4,38
09.07.2025 01:10:29;0;0,011641;0,197899;0;0,221182;0;50,737;-4,25
09.07.2025 01:15:32;0;0,023205;0,208849;0;0,217551;0;50,724998;-4,13
09.07.2025 01:20:34;0,005821;0,011641;0,186258;0;0,20663;0;50,701;-5,83
09.07.2025 01:25:38;0;0,011565;0,277549;0;0,286223;0;50,678001;-5,63
09.07.2025 01:30:37;0;0,023516;0,270433;0;0,28513;0;50,661999;-5,44
09.07.2025 01:35:39;0,005821;0,011641;0,360875;0;0,381247;0;50,617001;-7,45
09.07.2025 01:40:41;0;0,011641;0,360875;0;0,369606;0;50,598;-7,08
09.07.2025 01:45:43;0;0,023282;0,337593;0;0,357965;0;50,577;-6,95
09.07.2025 01:50:46;0;0,011603;0,290068;0;0,310373;0;50,587002;-4,88
09.07.2025 01:55:48;0;0,023282;0,232823;0;0,247374;0;50,580002;-4,84
09.07.2025 02:00:48;0;0,011719;0,175781;0;0,193359;0;50,588001;-3,31
09.07.2025 02:05:50;0;0,011641;0,151335;0;0,168797;0;50,584;-3,34
09.07.2025 02:10:52;0,011641;0,023282;0,30267;0;0,30558;0;50,526001;-6,86
09.07.2025 02:15:53;0;0,01168;0,327035;0;0,341635;0;50,506001;-6,67
09.07.2025 02:20:54;0;0,02336;0,315355;0;0,329955;0;50,485001;-6,47
09.07.2025 02:25:56;0;0,011641;0,267746;0;0,288118;0;50,485001;-5,27
09.07.2025 02:30:58;0,00291;0,011641;0,267746;0;0,282298;0;50,460999;-6,33
09.07.2025 02:36:00;0;0,023282;0,232823;0;0,241554;0;50,469002;-4,38
09.07.2025 02:41:01;0;0,01168;0,210237;0;0,224836;0;50,459999;-4,34
09.07.2025 02:46:04;0;0,011603;0,208849;0;0,220452;0;50,451;-4,32
09.07.2025 02:51:06;0,008731;0,034923;0,209541;0;0,224092;0;50,426998;-5,62
09.07.2025 02:56:07;0;0;0,256956;0;0,274476;0;50,408001;-5,37
09.07.2025 03:01:09;0;0,023282;0,256105;0;0,273567;0;50,394001;-5,34
09.07.2025 03:06:09;0;0,011719;0,246094;0;0,266602;0;50,381001;-5,36
09.07.2025 03:11:12;0;0,011603;0,25526;0;0,263962;0;50,366001;-5,28
09.07.2025 03:16:15;0;0,023205;0,197246;0;0,21465;0;50,379002;-3,16
09.07.2025 03:21:16;0;0,01168;0,140158;0;0,157678;0;50,379002;-3,03
09.07.2025 03:26:16;0;0,011719;0,175781;0;0,193359;0;50,355999;-4,23
09.07.2025 03:31:18;0,00291;0,023282;0,232823;0;0,235733;0;50,320999;-6,22
09.07.2025 03:36:20;0,008731;0,011641;0,40744;0;0,430722;0;50,262001;-8,49
09.07.2025 03:41:22;0;0,023282;0,384158;0;0,389978;0;50,243;-7,97
09.07.2025 03:46:24;0;0,011641;0,337593;0;0,355055;0;50,233002;-6,83
09.07.2025 03:51:26;0;0,011641;0,325952;0;0,340503;0;50,214001;-6,72
09.07.2025 03:56:28;0;0,023282;0,325952;0;0,355055;0;50,196999;-6,33
09.07.2025 04:01:30;0;0,023282;0,267746;0;0,270657;0;50,215;-3,53
09.07.2025 04:06:29;0;0,011758;0,152853;0;0,17049;0;50,222;-3,35
09.07.2025 04:11:31;0,00291;0,011641;0,197899;0;0,20663;0;50,202;-4,59
09.07.2025 04:16:33;0;0,011641;0,209541;0;0,235733;0;50,188;-4,65
09.07.2025 04:21:35;0,005821;0,023282;0,279387;0;0,293939;0;50,141998;-6,93
09.07.2025 04:26:37;0;0,023282;0,337593;0;0,343414;0;50,129002;-5,7
09.07.2025 04:31:39;0;0,011641;0,267746;0;0,282298;0;50,118;-5,59
09.07.2025 04:36:41;0;0,011641;0,244464;0;0,273567;0;50,106998;-5,28
09.07.2025 04:41:44;0;0,011603;0,25526;0;0,263962;0;50,094002;-5,24
09.07.2025 04:46:45;0,00292;0,02336;0,221917;0;0,239436;0;50,092999;-4,21
09.07.2025 04:51:47;0;0,011641;0,209541;0;0,215361;0;50,085999;-4,23
09.07.2025 04:56:49;0;0,011641;0,186258;0;0,209541;0;50,077999;-4,13
09.07.2025 05:01:49;0,005859;0,023438;0,164063;0;0,175781;0;50,07;-7,48
09.07.2025 05:06:51;0;0,011641;0,267746;0;0,279387;0;50,035;-5,5
09.07.2025 05:11:53;0;0,034923;0,256105;0;0,273567;0;50,019001;-5,37
09.07.2025 05:16:58;0;0;0,265113;0;0,270876;0;49,999001;-5,36
09.07.2025 05:21:58;0;0,023438;0,246094;0;0,272461;0;49,983002;-5,34
09.07.2025 05:26:59;0;0,01168;0,221917;0;0,239436;0;49,991001;-3,25
09.07.2025 05:32:02;0,005801;0,023205;0,220452;0;0,229154;0;49,953999;-6,01
09.07.2025 05:37:04;0,052385;0;1,862583;0;1,821839;0;49,375;-42,43
09.07.2025 05:42:05;0,291995;0,035039;2,371003;0;2,105287;0,02336;49,094002;-51,200001
09.07.2025 05:47:07;2,366062;0;4,900921;0;2,497025;0;48,919998;-50,290001
09.07.2025 05:52:09;2,438819;0;4,959127;0;2,499935;0,046565;48,723;-51,330002
09.07.2025 05:57:11;0,256105;0,081488;1,036062;0;0,797418;0,046565;49,195;-5,64
09.07.2025 06:02:13;0;0,023282;0,325952;0;0,270657;0,093129;49,228001;-5,4
09.07.2025 06:07:14;0;0,01168;0,338715;0;0,248196;0,093439;49,241001;-4,5
09.07.2025 06:12:16;0,032013;0,011641;0,279387;0,014551;0,133873;0,139694;49,292;-0,21
09.07.2025 06:17:17;0,01752;0;0,210237;0;0,00876;0,210237;49,308998;-0,22
09.07.2025 06:22:19;0;0,058206;0,162976;0;0,011641;0,186258;49,317001;-0,22
09.07.2025 06:27:21;0;0,081488;0,197899;0;0,011641;0,256105;49,324001;-0,23
09.07.2025 06:32:25;0,069387;0,011565;0,335372;0,020238;0,008673;0,300678;49,331001;-0,22
09.07.2025 06:37:25;0,032227;0;0,351563;0;0,011719;0,328125;49,331001;-0,21
09.07.2025 06:42:28;0,023205;0;0,336479;0;0,008702;0,301671;49,332001;-0,2
09.07.2025 06:47:31;0,017404;0,034808;0,301671;0;0,008702;0,301671;49,334;-0,19
09.07.2025 06:52:32;0;0,081759;0,256956;0,078839;0,00292;0,420473;49,370998;2,81
09.07.2025 06:57:33;0;0,046719;0,198557;0,163517;0,00292;0,420473;49,411999;4,51
09.07.2025 07:02:36;0;0,046411;0,197246;0,304571;0;0,533725;49,479;7,16
09.07.2025 07:07:35;0;0,047032;0,199885;0,390952;0;0,611413;49,549;9,25
09.07.2025 07:12:38;0,023205;0,023205;0,707766;0,21465;0,261061;0,696163;49,337002;-9,88
09.07.2025 07:17:40;0,09895;0,081488;2,200176;0,043654;1,42313;0,791598;49,028999;-23,959999
09.07.2025 07:22:41;0,0146;0,070079;0,548951;0,394194;0,116798;0,887666;49,410999;11,02
09.07.2025 07:27:42;0,00584;0,070079;0,397114;0,583991;0;1,027824;49,514999;11,52
09.07.2025 07:32:44;0,00291;0,058206;0,477287;0,491838;0;1,024421;49,567001;10,01
09.07.2025 07:37:45;0;0,046719;0,455513;0,65699;0;1,167982;49,716;17,780001
09.07.2025 07:42:47;0;0,058206;0,40744;1,027331;0;1,490066;49,945999;29,870001
09.07.2025 07:47:48;0,0146;0,046719;0,420473;1,235141;0;1,681894;49,991001;21,75
09.07.2025 07:52:48;0;0,046875;0,328125;1,212891;0;1,617188;50,141998;26,889999
09.07.2025 07:57:50;0,014551;0,069847;0,419081;1,5279;0;1,978994;50,301998;33,299999
09.07.2025 08:02:51;0,00584;0,035039;0,420473;1,413258;0;1,845411;50,323002;27,43
09.07.2025 08:07:53;0,011641;0,046565;0,395799;1,510438;0;1,978994;50,415001;26,34
09.07.2025 08:12:56;0;0,034808;0,371287;1,360419;0;1,763614;50,497002;27,870001
09.07.2025 08:17:57;0;0,058399;0,455513;1,457057;0;1,93885;50,639999;35,369999
09.07.2025 08:23:00;0,020305;0,069616;0,406095;1,949257;0;2,413366;50,758999;35,869999
09.07.2025 08:28:00;0,00293;0,058594;0,386719;1,822266;0;2,25;50,867001;37,700001
09.07.2025 08:32:59;0,005879;0,035274;0,329222;1,813663;0;2,186977;50,973;36,830002
09.07.2025 08:38:01;0,037834;0,081488;0,477287;2,031379;0;2,561051;51,071999;37,32
09.07.2025 08:43:04;0,014503;0,081219;0,626547;1,772316;0;2,459777;51,222;42,84
09.07.2025 08:48:05;0,052559;0,105118;0,677429;2,064408;0;2,803156;51,335999;38,09
09.07.2025 08:53:06;0,00876;0,60735;0,65407;2,061488;0;3,293708;51,439999;40,299999
09.07.2025 08:58:07;0;1,319819;0,60735;1,754893;0;3,690822;51,478001;23,120001
09.07.2025 09:03:07;0;1,007813;0,46875;1,426758;0;2,90625;51,493;27,09
09.07.2025 09:08:10;0;2,007271;0,406095;1,203782;0;3,62005;51,515999;22,469999
09.07.2025 09:13:09;0,005879;1,99885;0,376254;1,172855;0;3,527383;51,591999;23,459999
09.07.2025 09:18:12;0,002901;2,250928;0,406095;1,183478;0;3,852104;51,667999;23,110001
09.07.2025 09:23:14;0;2,351511;0,51221;1,190307;0;4,051118;51,745998;22,790001
09.07.2025 09:28:14;0,00293;2,097656;0,539063;1,198242;0;3,84375;51,827;23,450001
09.07.2025 09:33:16;0;2,432999;0,547134;1,199038;0;4,167529;51,914001;23,450001
09.07.2025 09:38:18;0;2,502846;0,582057;1,201948;0;4,28394;52,007999;23,02
09.07.2025 09:43:18;0;2,71875;0,5625;1,198242;0;4,5;52,096001;22,799999
09.07.2025 09:48:20;0;1,862583;0,419081;1,199038;0;3,46906;52,194;23,549999
09.07.2025 09:53:19;0;1,505017;0,352738;1,205189;0;3,080581;52,287998;23,01
09.07.2025 09:58:21;0;3,038338;0,349234;1,213589;0;4,58661;52,393002;22,98
09.07.2025 10:03:24;0;1,508354;0,406095;1,212485;0;3,132735;52,501999;23,09
09.07.2025 10:08:26;0;1,699607;0,488928;1,22232;0;3,399214;52,603001;22,870001
09.07.2025 10:13:28;0;0,745033;0,454005;1,22232;0;2,44464;52,719002;23,74
09.07.2025 10:18:30;0;1,152473;0,442363;1,233961;0;2,817156;52,839001;23,790001
09.07.2025 10:23:32;0;1,722889;0,465646;1,233961;0;3,399214;52,950001;24,040001
09.07.2025 10:28:32;0,020508;1,289063;0,398438;1,098633;0;2,789063;52,93;10,53
09.07.2025 10:33:35;0;4,919554;0,359684;0,21465;0,002901;5,45328;52,775002;3,62
09.07.2025 10:38:36;0;3,270349;0,338715;0,262796;0,087599;3,83098;52,821999;7,55
09.07.2025 10:43:38;0;3,131467;0,360875;0,197899;0,037834;3,632036;52,719002;-2,16
09.07.2025 10:48:40;0;1,827659;0,40744;0,209541;0,005821;2,44464;52,782001;2,56
09.07.2025 10:53:42;0;3,888142;0,454005;0,238643;0;4,58661;52,818001;3,94
09.07.2025 10:58:44;0;4,563328;0,395799;0,20663;0,00291;5,168667;52,841999;4,51
09.07.2025 11:03:45;0;3,655783;0,397114;0,233596;0,081759;4,181375;52,84;3,82
09.07.2025 11:08:47;0;2,165252;0,291029;0,256105;0,072757;2,65418;52,852001;3,33
09.07.2025 11:13:48;0;0,782548;0,268636;0,201477;0,00292;1,238061;52,882999;3,73
09.07.2025 11:18:48;0;3,304688;0,339844;0,295898;0,008789;3,9375;52,918999;3,24
09.07.2025 11:23:50;0;3,073262;0,419081;0,186258;0,061116;3,608754;52,914001;3,62
09.07.2025 11:28:52;0;0,861445;0,465646;0,194989;0,00291;1,536631;52,945;3,86
09.07.2025 11:33:54;0;1,140832;0,454005;0,212451;0;1,792736;52,973999;4,43
09.07.2025 11:38:56;0;4,982409;0,51221;0,267746;0,00291;5,750724;52,951;-4,04
09.07.2025 11:43:57;0;1,495017;0,467193;0,175197;0,075919;2,055648;52,98;2,11
09.07.2025 11:48:58;0;0,046719;0,443833;0,145998;0,00292;0,65407;53,043999;7,71
09.07.2025 11:54:00;0;0,069847;0,360875;0,739213;0;1,187397;53,323002;21,58
09.07.2025 11:59:03;0;0,440903;0,417698;1,232789;0;2,08849;53,529999;23,129999
09.07.2025 12:04:04;0;3,994498;0,770868;0,989865;0;5,74647;53,568001;13,32
09.07.2025 12:09:04;0;4,441406;0,9375;0,574219;0;5,953125;53,563;8,23
09.07.2025 12:14:06;0,017462;1,909147;1,653042;0,340503;0,008731;3,864859;53,561001;4,65
09.07.2025 12:19:09;0;2,448175;0,997834;0,223352;0;3,66646;53,557999;2,97
09.07.2025 12:24:11;0;0,593698;0,395799;0,148425;0;1,140832;53,562;2,33
09.07.2025 12:29:12;0;1,109583;0,408794;0,0146;0,00876;1,541736;53,52;-0,22
09.07.2025 12:34:14;0;1,781095;0,337593;0;0,008731;2,095406;53,507999;-0,19
09.07.2025 12:39:17;0;2,320545;0,324876;0;0,011603;2,645421;53,5;-0,2
09.07.2025 12:44:18;0;2,768117;0,303675;0;0,01168;3,036752;53,493;-0,18
09.07.2025 12:49:21;0;2,47138;0,371287;0;0,008702;2,85427;53,486;-0,19
09.07.2025 12:54:22;0;1,822051;1,471657;0;0,01168;3,293708;53,481998;-0,18
09.07.2025 12:59:24;0;1,443502;2,165252;0;0,008731;3,608754;53,476002;-0,19
09.07.2025 13:04:27;0;1,345916;2,192915;0;0,008702;3,504022;53,471001;-0,2
09.07.2025 13:09:26;0;0,834814;2,139946;0;0,011758;2,963002;53,466;-0,19
09.07.2025 13:14:29;0;0,742574;2,134901;0;0,008702;2,877475;53,460999;-0,19
09.07.2025 13:19:30;0;0,303675;2,149086;0;0,01168;2,452762;53,456001;-0,19
09.07.2025 13:24:33;0,002901;0,058014;2,111696;0;0,008702;2,134901;53,452;-0,19
09.07.2025 13:29:34;0,00584;0,303675;2,102367;0;0,01168;2,406042;53,446999;-0,19
09.07.2025 13:34:36;0;2,118688;0,605339;0;0,008731;2,700745;53,441002;-0,18
09.07.2025 13:39:39;0;2,158106;0,986231;0;0,011603;3,132735;53,438;-0,19
09.07.2025 13:44:40;0;1,775332;1,191341;0;0,00876;2,966674;53,433998;-0,19
09.07.2025 13:49:42;0;2,328228;0,477287;0;0,008731;2,770592;53,428001;-0,18
09.07.2025 13:54:45;0;2,401764;0,417698;0;0,011603;2,831064;53,423;-0,18
09.07.2025 13:59:46;0;3,060112;0,362074;0;0,00876;3,410507;53,419998;-0,19
09.07.2025 14:04:48;0;2,572692;0,360875;0;0,008731;2,933568;53,415001;-0,19
09.07.2025 14:09:50;0;1,757813;0,360875;0;0,008731;2,118688;53,41;-0,18
09.07.2025 14:14:50;0;1,699219;0,492188;0;0,011719;2,15625;53,404999;-0,17
09.07.2025 14:19:53;0;1,763614;0,533725;0;0,008702;2,297339;53,402;-0,17
09.07.2025 14:24:55;0;2,083764;0,523851;0;0,008731;2,584334;53,397999;-0,18
09.07.2025 14:29:54;0;3,104097;0,505592;0;0,008818;3,597931;53,394001;-0,19
09.07.2025 14:34:57;0;3,144338;0,464109;0;0,008702;3,596844;53,389;-0,15
09.07.2025 14:39:57;0;1,054688;0,398438;0;0,011719;1,453125;53,383999;-0,15
09.07.2025 14:44:57;0;0,386719;0,421875;0;0,008789;0,820313;53,380001;-0,17
09.07.2025 14:49:59;0;0,314311;0,395799;0;0,008731;0,698469;53,375;-0,16
09.07.2025 14:55:01;0,014551;0,197899;0,477287;0;0,008731;0,628622;53,369999;-0,17
09.07.2025 15:00:03;0,017462;0,023282;0,791598;0;0,171707;0,628622;53,292;-2,49
09.07.2025 15:05:04;0,01752;0,186877;0,572311;0;0,032119;0,724149;53,318001;-0,18
09.07.2025 15:10:06;0,00291;0,395799;0,523851;0;0,011641;0,908009;53,313999;-0,19
09.07.2025 15:15:09;0;0,603342;0,614944;0;0,008702;1,206683;53,308998;-1,43
09.07.2025 15:20:11;0,192079;0,023282;2,165252;0;0,550044;1,420219;52,925999;-23,82
09.07.2025 15:25:14;0;0,046411;1,798422;0;0,588838;1,2763;53,015999;-3,38
09.07.2025 15:30:15;0,00292;0,01168;1,343179;0;0,189797;1,167982;52,986;-4,38
09.07.2025 15:35:16;0;0,035039;1,167982;0,110958;0,160597;1,167982;53,153;11,99
09.07.2025 15:40:17;0,00876;0,058399;0,455513;0,604431;0;1,097903;53,317001;10,48
09.07.2025 15:45:19;0;0,046565;0,465646;0,60825;0;1,094267;53,462002;11,44
09.07.2025 15:50:21;0;0,034923;0,442363;0,61116;0;1,094267;53,573002;9,4
09.07.2025 15:55:25;0;0,335372;0,416324;0,341154;0;1,110197;53,567001;4,76
09.07.2025 16:00:25;0;0,621094;0,421875;0,172852;0;1,21875;53,563;2,88
09.07.2025 16:05:28;0;0,997834;0,348082;0,101524;0;1,438738;53,563;1,7
09.07.2025 16:10:26;0;1,309511;0,306732;0,061936;0;1,698826;53,548;-0,21
09.07.2025 16:15:28;0;1,641401;0,291029;0;0,011641;1,885865;53,534;-0,17
09.07.2025 16:20:30;0;1,641401;0,291029;0;0,008731;1,955712;53,527;-0,17
09.07.2025 16:25:32;0;1,059344;0,40744;0;0,008731;1,420219;53,521999;-0,19
09.07.2025 16:30:34;0;0,628622;0,442363;0;0,011641;1,070985;53,515999;-0,21
09.07.2025 16:35:36;0;0,582057;0,535493;0;0,008731;1,094267;53,511002;-0,17
09.07.2025 16:40:38;0;0,523851;0,733392;0;0,008731;1,280526;53,507999;-0,15
09.07.2025 16:45:40;0,261926;0,395799;1,466784;0;0,221182;1,373655;53,451;-0,19
09.07.2025 16:50:42;0;0,849803;0,884727;0;0,008731;1,722889;53,450001;-0,19
09.07.2025 16:55:42;0;0,738281;0,914063;0;0,011719;1,640625;53,449001;-0,19
09.07.2025 17:00:44;0;0,803239;1,012779;0;0,011641;1,792736;53,445;-0,18
09.07.2025 17:05:46;0;0,861445;1,257243;0;0,011641;2,118688;53,439999;-0,18
09.07.2025 17:10:49;0;1,137067;1,32271;0;0,008702;2,459777;53,436001;-0,18
09.07.2025 17:15:51;0;1,140832;1,32709;0;0,008731;2,44464;53,431999;-0,19
09.07.2025 17:20:52;0;0,911026;1,436618;0;0,00876;2,359323;53,428001;-0,17
09.07.2025 17:25:54;0,218271;0,139694;2,44464;0;0,646083;1,699607;52,985001;-24,190001
09.07.2025 17:30:56;0,081488;0,023282;1,746171;0;0,372517;1,32709;53,112;-6,15
09.07.2025 17:35:58;0,00291;0;1,350373;0;0,526762;0,81488;52,939999;-12,67
09.07.2025 17:41:00;0,00291;0,011641;1,338731;0;0,782867;0,582057;52,778999;-15,88
09.07.2025 17:46:02;0,00291;0,023282;1,350373;0;0,870175;0,488928;52,658001;-16,83
09.07.2025 17:51:04;0,011641;0,058206;1,175755;0;0,675186;0,51221;52,716;-3,03
09.07.2025 17:56:06;0,011641;0;0,675186;0;0,049475;0,628622;52,764;-0,18
09.07.2025 18:01:07;0,00292;0,081759;0,66575;0;0,0146;0,747508;52,765999;-1,12
09.07.2025 18:06:08;0,096358;0,058399;1,074543;0,00292;0,315355;0,724149;52,486;-24,07
09.07.2025 18:11:10;0,343414;0;2,235099;0;1,242692;0,651904;52,356998;-22,309999
09.07.2025 18:16:12;1,725799;0,011641;3,538907;0;1,254333;0,558775;52,229;-23,629999
09.07.2025 18:21:15;3,353187;0;5,105198;0;1,250193;0,533725;52,112;-24,34
09.07.2025 18:26:16;1,716933;0,01168;3,17691;0;0,922706;0,513912;52,229;-2,5
09.07.2025 18:31:18;0,023282;0,023282;0,640263;0;0,040744;0,605339;52,268002;-0,19
09.07.2025 18:36:20;0,00291;0,034923;0,663545;0;0,011641;0,675186;52,275002;-0,2
09.07.2025 18:41:22;0,026193;0,069847;0,966215;0;0,197899;0,81488;52,247002;0,73
09.07.2025 18:46:24;0,005821;0,046565;0,849803;0,049475;0,008731;0,954574;52,299;3,57
09.07.2025 18:51:27;0;0,046411;0,76578;0,223352;0;1,02104;52,34;4,24
09.07.2025 18:56:29;0,005821;0,046565;0,686827;0,279387;0;1,024421;52,351002;0,89
09.07.2025 19:01:30;0;0,046719;0,747508;0,122638;0;0,887666;52,345001;-0,17
09.07.2025 19:06:33;0,203048;0,046411;1,044245;0,072517;0,092822;0,858601;52,152;-24,25
09.07.2025 19:11:34;0,224836;0,035039;1,319819;0;0,303675;0,840947;52,271;-3,03
09.07.2025 19:16:36;0,00291;0;0,908009;0;0,183348;0,721751;52,235001;-3,61
09.07.2025 19:21:38;0;0,023282;0,884727;0;0,189169;0,721751;52,212002;-3,65
09.07.2025 19:26:40;0;0,011641;0,849803;0;0,171707;0,698469;52,198002;-3,43
09.07.2025 19:31:43;0,017404;0,023205;0,858601;0;0,185644;0,672958;52,108002;-14,33
09.07.2025 19:36:44;0,00584;0,046719;1,29646;0;0,686189;0,63071;52,105999;-3,13
09.07.2025 19:41:47;0,002901;0,034808;0,626547;0;0,055113;0,626547;52,144001;-0,19
09.07.2025 19:46:49;0,020372;0,023282;0,582057;0;0,040744;0,535493;52,125;-2,38
09.07.2025 19:51:50;0;0,01168;0,60735;0;0,151838;0,467193;52,095001;-3,3
09.07.2025 19:56:52;0;0,011641;0,593698;0;0,183348;0,442363;52,074001;-3,57
09.07.2025 20:01:54;0,005821;0,023282;0,721751;0;0,331773;0,372517;52,014999;-6,1
09.07.2025 20:06:57;0,002901;0,011603;0,661355;0;0,368386;0,324876;51,953999;-9,27
09.07.2025 20:11:58;0,423393;0;2,289244;0;1,626415;0,233596;51,423;-48,419998
09.07.2025 20:17:01;0,058014;0,046411;2,297339;0;2,04498;0,25526;51,446999;-27,530001
09.07.2025 20:22:02;0,00584;0,02336;1,658534;0;1,509616;0,163517;51,318001;-27,540001
09.07.2025 20:27:05;0,005801;0,046411;1,19508;0;1,105159;0,116027;51,41;-10,03
09.07.2025 20:32:06;0;0,02336;0,583991;0;0,496392;0,116798;51,394001;-9,28
09.07.2025 20:37:09;0;0,011603;0,591739;0;0,51052;0,092822;51,344002;-11,09
09.07.2025 20:42:11;0,008731;0,023282;0,745033;0;0,707199;0,046565;51,25;-14,85
09.07.2025 20:47:13;0;0,011641;0,779957;0;0,782867;0;51,182999;-15,38
09.07.2025 20:52:15;0,00291;0,011641;0,779957;0;0,794508;0;51,126999;-15,37
09.07.2025 20:57:16;0,00292;0,02336;0,875986;0;0,873066;0,02336;51,042;-17,76
09.07.2025 21:02:19;0,002901;0,011603;0,881807;0;0,890509;0;50,977001;-17,780001
09.07.2025 21:07:20;0,00292;0,02336;0,864306;0;0,887666;0;50,931999;-16,540001
09.07.2025 21:12:22;0;0,011641;0,826521;0;0,832342;0;50,879002;-16,559999
09.07.2025 21:17:25;0;0,023205;0,823793;0;0,841197;0;50,825001;-16,440001
09.07.2025 21:22:27;0;0,011641;0,779957;0;0,806149;0;50,823002;-11,2
09.07.2025 21:27:29;0,005821;0,023282;0,535493;0;0,547134;0;50,818001;-10,4
09.07.2025 21:32:31;0;0,023282;0,488928;0;0,50639;0;50,798;-9,67
09.07.2025 21:37:31;0;0,011719;0,492188;0;0,509766;0;50,768002;-10,04
09.07.2025 21:42:33;0;0,023282;0,488928;0;0,503479;0;50,741001;-9,93
09.07.2025 21:47:35;0,00291;0,011641;0,547134;0;0,555865;0;50,689999;-11,14
09.07.2025 21:52:36;0;0,01168;0,490552;0;0,513912;0;50,688999;-8,8
09.07.2025 21:57:39;0;0,023205;0,429301;0;0,446705;0;50,665001;-8,84
09.07.2025 22:02:41;0;0,011641;0,384158;0;0,398709;0;50,657001;-7,9
09.07.2025 22:07:43;0;0,023282;0,384158;0;0,395799;0;50,639999;-7,79
09.07.2025 22:12:45;0,008731;0,011641;0,500569;0;0,51221;0;50,584;-10,04
09.07.2025 22:17:45;0;0,011719;0,503906;0;0,509766;0;50,546001;-10,19
09.07.2025 22:22:47;0;0,023282;0,488928;0;0,518031;0;50,508999;-11,1
09.07.2025 22:27:49;0,00291;0,011641;0,547134;0;0,564595;0;50,467999;-11,93
09.07.2025 22:32:51;0;0,023282;0,523851;0;0,535493;0;50,465;-8,59
09.07.2025 22:37:53;0;0,011641;0,430722;0;0,451094;0;50,437;-9,86
09.07.2025 22:42:55;0,005821;0,011641;0,547134;0;0,552954;0;50,388;-11,49
09.07.2025 22:47:57;0;0,023282;0,547134;0;0,561685;0;50,362;-10,76
09.07.2025 22:52:59;0,011641;0,011641;0,698469;0;0,71302;0;50,265999;-15,06
09.07.2025 22:58:02;0;0,023205;0,63815;0;0,661355;0;50,268002;-11,02
09.07.2025 23:03:03;0,00292;0,02336;0,560631;0;0,569391;0;50,244999;-11,45
09.07.2025 23:08:05;0;0,011641;0,535493;0;0,552954;0;50,229;-10,27
09.07.2025 23:13:07;0;0,023282;0,477287;0;0,486018;0;50,216999;-9,09
09.07.2025 23:18:09;0;0,011641;0,384158;0;0,413261;0;50,223;-7,29
09.07.2025 23:23:11;0;0,011641;0,30267;0;0,314311;0;50,233002;-5,51
09.07.2025 23:28:13;0;0,023282;0,256105;0;0,267746;0;50,229;-5,5
09.07.2025 23:33:15;0;0,011641;0,244464;0;0,270657;0;50,220001;-5,52
09.07.2025 23:38:17;0,005821;0,023282;0,279387;0;0,285208;0;50,183998;-8,16
09.07.2025 23:43:17;0;0,011719;0,375;0;0,389648;0;50,153;-8,04
09.07.2025 23:48:19;0,00291;0,023282;0,360875;0;0,378337;0;50,132;-7,4
09.07.2025 23:53:21;0;0,011641;0,349234;0;0,369606;0;50,113998;-7,29
09.07.2025 23:58:23;0;0,011641;0,360875;0;0,366696;0;50,091999;-7,47
10.07.2025 00:03:25;0,00291;0,011641;0,384158;0;0,389978;0;50,073002;-6,62
10.07.2025 00:08:28;0;0,023205;0,301671;0;0,324876;0;50,063;-6,46
10.07.2025 00:13:30;0;0,011641;0,30267;0;0,323042;0;50,049;-6,42
10.07.2025 00:18:31;0;0,02336;0,280316;0;0,286156;0;50,046001;-5,48
10.07.2025 00:23:33;0,00291;0,011641;0,372517;0;0,395799;0;49,984001;-8,96
10.07.2025 00:28:33;0,00293;0,011719;0,445313;0;0,457031;0;49,942001;-9,27
10.07.2025 00:33:36;0;0,023205;0,440903;0;0,452506;0;49,914001;-9,1
10.07.2025 00:38:37;0;0,01168;0,432153;0;0,446753;0;49,882999;-10,01
10.07.2025 00:43:40;0,008702;0,023205;0,475712;0;0,490215;0;49,868;-6,83
10.07.2025 00:48:41;0,0146;0,035039;0,443833;0;0,452593;0;49,830002;-8,73
10.07.2025 00:53:44;0;0,011603;0,394493;0;0,4264;0;49,806999;-8,33
10.07.2025 00:58:45;0;0,01168;0,408794;0;0,420473;0;49,779999;-8,54
10.07.2025 01:03:45;0,064453;0,011719;1,921875;0;1,880859;0;49,235001;-46,509998
10.07.2025 01:08:48;0,481513;0,023205;2,912283;0;2,439472;0;49,042;-41,740002
10.07.2025 01:13:50;0;0,023282;1,62976;0;1,661773;0;49,008999;-34,549999
10.07.2025 01:18:51;0,00292;0,02336;1,670214;0;1,681894;0;48,877998;-35,790001
10.07.2025 01:23:53;0,00291;0,011641;1,711248;0;1,725799;0;48,741001;-36,759998
10.07.2025 01:28:56;0;0,069616;0,672958;0;0,730972;0;49,021999;-7,77
10.07.2025 01:33:57;0;0,01168;0,256956;0;0,274476;0;49,063;-5,43
10.07.2025 01:38:59;0;0,023282;0,244464;0;0,270657;0;49,056999;-5,5
10.07.2025 01:44:01;0;0,011641;0,267746;0;0,270657;0;49,037998;-5,56
10.07.2025 01:49:03;0,008731;0,011641;0,314311;0;0,320131;0;48,988998;-8,07
10.07.2025 01:54:06;0;0,023205;0,359684;0;0,391592;0;48,951;-8,08
10.07.2025 01:59:08;0;0,011641;0,372517;0;0,381247;0;48,924;-7,81
10.07.2025 02:04:10;0,00291;0,023282;0,430722;0;0,439453;0;48,874001;-9,04
10.07.2025 02:09:11;0;0,01168;0,432153;0;0,443833;0;48,838001;-9
10.07.2025 02:14:14;0;0,011603;0,359684;0;0,388691;0;48,834999;-6,93
10.07.2025 02:19:15;0;0,02336;0,280316;0;0,300755;0;48,833;-5,48
10.07.2025 02:24:17;0;0,011641;0,256105;0;0,259015;0;48,818001;-5,19
10.07.2025 02:29:20;0;0,023205;0,232054;0;0,261061;0;48,794998;-5,42
10.07.2025 02:34:21;0,00584;0,01168;0,385434;0;0,385434;0;48,737;-7,84
10.07.2025 02:39:23;0,00291;0,011641;0,419081;0;0,433633;0;48,691002;-9,06
10.07.2025 02:44:26;0,005801;0,023205;0,487314;0;0,496016;0;48,630001;-10,96
10.07.2025 02:49:25;0;0,011758;0,505592;0;0,523228;0;48,594002;-10,32
10.07.2025 02:54:27;0;0,023282;0,430722;0;0,448184;0;48,564999;-8,97
10.07.2025 02:59:30;0,002901;0,011603;0,417698;0;0,432201;0;48,549999;-7,13
10.07.2025 03:04:32;0;0,023282;0,314311;0;0,331773;0;48,528;-6,72
10.07.2025 03:09:34;0;0,011641;0,30267;0;0,331773;0;48,509998;-5,54
10.07.2025 03:14:35;0;0,01168;0,268636;0;0,265716;0;48,491001;-5,49
10.07.2025 03:19:38;0,005801;0,023205;0,301671;0;0,324876;0;48,433998;-7,94
10.07.2025 03:24:40;0;0,011641;0,372517;0;0,384158;0;48,395;-7,98
10.07.2025 03:29:42;0;0,011641;0,360875;0;0,372517;0;48,355;-7,54
10.07.2025 03:34:44;0;0,023282;0,337593;0;0,366696;0;48,314999;-7,46
10.07.2025 03:39:46;0,00291;0,011641;0,372517;0;0,375427;0;48,255001;-9,35
10.07.2025 03:44:48;0;0,023282;0,360875;0;0,381247;0;48,229;-7,07
10.07.2025 03:49:49;0;0,01168;0,303675;0;0,324115;0;48,200001;-6,56
10.07.2025 03:54:52;0;0,011603;0,313274;0;0,324876;0;48,158001;-6,76
10.07.2025 03:59:53;0,00584;0,035039;0,327035;0;0,338715;0;48,09;-10,05
10.07.2025 04:04:54;0;0;0,443833;0;0,458433;0;48,030998;-9,42
10.07.2025 04:09:56;0,00291;0,034923;0,430722;0;0,439453;0;47,990002;-8,02
10.07.2025 04:14:56;0;0;0,363281;0;0,380859;0;47,948002;-7,88
10.07.2025 04:19:58;0;0,011641;0,349234;0;0,369606;0;47,904999;-7,56
10.07.2025 04:25:00;0;0,023282;0,325952;0;0,337593;0;47,882;-5,19
10.07.2025 04:30:00;0;0,023438;0,234375;0;0,251953;0;47,859001;-5,32
10.07.2025 04:35:00;0;0,011719;0,234375;0;0,257813;0;47,823002;-5,3
10.07.2025 04:40:00;0,005859;0,011719;0,28125;0;0,290039;0;47,764;-7,66
10.07.2025 04:45:22;0,008189;0,021836;0,480396;0;0,491314;0;47,641998;-10,7
10.07.2025 04:50:22;0;0,011719;0,492188;0;0,512695;0;47,571999;-10,68
10.07.2025 04:55:22;0;0,023438;0,492188;0;0,500977;0;47,504002;-10,5
10.07.2025 05:00:22;0;0,011719;0,433594;0;0,454102;0;47,456001;-9,56
10.07.2025 05:05:22;0,00293;0,023438;0,410156;0;0,427734;0;47,417999;-7,56
10.07.2025 05:10:22;0;0,011719;0,351563;0;0,357422;0;47,380001;-7,64
10.07.2025 05:15:00;0;0,025292;0,240277;0;0,26873;0;47,374001;-5,42
10.07.2025 05:20:00;0;0,011719;0,246094;0;0,254883;0;47,349998;-5,26
10.07.2025 05:25:00;0;0,011719;0,246094;0;0,260742;0;47,32;-5,37
10.07.2025 05:30:00;0,008789;0,023438;0,292969;0;0,301758;0;47,262001;-8,17
10.07.2025 05:35:29;0,002671;0,010686;0,40606;0;0,416746;0;47,196999;-9,21
10.07.2025 05:40:22;0;0,011999;0,431954;0;0,443953;0;47,150002;-9,31
10.07.2025 05:45:29;0;0,022903;0,435159;0;0,435159;0,022903;47,110001;-8,87
10.07.2025 05:50:22;0,003;0,011999;0,443953;0;0,437953;0,023997;47,080002;-7,47
10.07.2025 05:55:22;0,00293;0,023438;0,398438;0;0,37207;0,046875;47,057999;-6,15
10.07.2025 06:00:24;0;0,011641;0,349234;0;0,279387;0,093129;47,042;-5,66
10.07.2025 06:05:24;0;0,023438;0,363281;0;0,254883;0,09375;47,013;-6,07
10.07.2025 06:10:25;0;0,01168;0,397114;0;0,256956;0,186877;47,000999;-4,9
10.07.2025 06:15:24;0,008818;0,023516;0,45856;0;0,291009;0,188127;46,973;-4,91
10.07.2025 06:20:24;0;0,011719;0,410156;0;0,213867;0,1875;46,969002;-3,86
10.07.2025 06:25:24;0,055664;0,011719;1,324219;0;1,025391;0,257813;46,355999;-43,82
10.07.2025 06:30:24;0,099609;0,058594;1,230469;0,008789;0,878906;0,328125;46,793999;-0,24
10.07.2025 06:35:24;0,00293;0,023438;0,386719;0;0,011719;0,398438;46,847;-0,24
10.07.2025 06:40:24;0;0,082031;0,433594;0,017578;0,011719;0,515625;46,900002;2,83
10.07.2025 06:45:24;0,052734;0,035156;1,253906;0,09668;0,706055;0,632813;46,848999;8,12
10.07.2025 06:50:27;0,017404;0,023205;0,719369;0,269763;0,185644;0,788985;46,668999;-12,52
10.07.2025 06:55:26;0,008818;0,047032;0,999425;0,082306;0,335101;0,79954;46,830002;3,36
10.07.2025 07:00:26;0;0,046875;0,480469;0,263672;0;0,796875;46,98;7,87
10.07.2025 07:05:29;0;0,046411;0,440903;0,423499;0;0,905012;47,091999;8,92
10.07.2025 07:10:30;0,040879;0,02336;1,413258;0,166437;0,551871;1,004464;46,568001;-20,17
10.07.2025 07:15:30;0,029297;0,023438;1,980469;0;1,004883;0,960938;46,209999;-35,34
10.07.2025 07:20:31;1,416178;0;4,158015;0;1,711093;1,027824;45,825001;-30,299999
10.07.2025 07:25:31;2,739258;0;5,015625;0;1,083984;1,195313;45,827999;-18,969999
10.07.2025 07:30:32;1,454137;0,01168;2,966674;0,289075;0,566471;1,26142;46,584;22,17
10.07.2025 07:35:32;0,008789;0,058594;0,351563;0,785156;0;1,195313;46,858002;16,969999
10.07.2025 07:40:32;0;0,046875;0,386719;0,922852;0;1,359375;47,101002;21,440001
10.07.2025 07:45:32;0;0,046875;0,398438;1,066406;0;1,5;47,275002;25,33
10.07.2025 07:50:32;0,00293;0,046875;0,433594;1,209961;0;1,664063;47,411999;26,200001
10.07.2025 07:55:33;0,00292;0,035039;0,467193;1,144622;0;1,658534;47,472;21,280001
10.07.2025 08:00:35;0;0,058206;0,430722;1,411489;0;1,909147;47,716;30,27
10.07.2025 08:05:35;0,011719;0,046875;0,515625;1,333008;0;1,875;47,776001;26,530001
10.07.2025 08:10:35;0,011719;0,070313;0,46875;1,333008;0;1,851563;47,964001;31,6
10.07.2025 08:15:35;0,043945;0,058594;2,074219;0,18457;0,061523;2,226563;47,549999;0,62
10.07.2025 08:20:37;0,029103;0,046565;2,304946;0,029103;0,244464;2,118688;47,466;1,6
10.07.2025 08:25:36;0,005879;0,117579;1,164036;1,278676;0;2,563232;48,185001;46,990002
10.07.2025 08:30:36;0,035156;0,070313;0,808594;2,085938;0;2,90625;48,346001;29,120001
10.07.2025 08:35:38;0,061116;0,116411;0,791598;1,705427;0;2,561051;48,506001;31,08
10.07.2025 08:40:39;0,00584;0,432153;0,747508;2,111127;0;3,293708;48,948002;46,419998
10.07.2025 08:45:40;0;0,455513;0,817587;2,286324;0;3,550664;49,183998;43,849998
10.07.2025 08:50:41;0,0146;0,175197;0,817587;2,216245;0;3,20027;49,428001;44,959999
10.07.2025 08:55:41;0,035156;0,035156;0,667969;1,333008;0;1,992188;49,275002;18,6
10.07.2025 09:00:41;0;0,082031;0,574219;0,93457;0;1,59375;49,544998;47,5
10.07.2025 09:05:41;0,043945;0,164063;0,679688;1,552734;0;2,34375;49,688;41,48
10.07.2025 09:10:43;0,10477;0,069847;2,165252;0,660635;0,052385;2,724027;49,339001;-0,24
10.07.2025 09:15:43;0,023438;0,117188;2,214844;1,306641;0;3,632813;49,752998;30,280001
10.07.2025 09:20:42;0;0,705477;0,870088;2,210493;0;3,786058;50,080002;44,860001
10.07.2025 09:25:43;0;0,887666;0,700789;2,271724;0;3,83098;50,219002;45,349998
10.07.2025 09:30:42;0;0,952393;0,693719;2,275162;0;3,950669;50,323002;45,59
10.07.2025 09:35:45;0;0,951423;0,76578;2,25673;0;3,968131;50,437;44,709999
10.07.2025 09:40:44;0;0,928878;0,870088;2,263404;0;4,068248;50,561001;44,060001
10.07.2025 09:45:44;0;0,960938;0,832031;2,264648;0;4,054688;50,678001;45,360001
10.07.2025 09:50:47;0;2,784653;0,591739;0,745475;0,008702;4,107364;50,264999;-0,24
10.07.2025 09:55:47;0;2,050781;0,667969;1,450195;0,00293;4,171875;50,796001;44,200001
10.07.2025 10:00:47;0;1,183594;0,714844;2,261719;0;4,171875;50,917;45,060001
10.07.2025 10:05:47;0;1,242188;0,691406;2,273438;0;4,21875;51,037998;45,07
10.07.2025 10:10:47;0;1,289063;0,679688;2,267578;0;4,195313;51,169998;45,27
10.07.2025 10:15:49;0;1,245602;0,745033;2,281664;0;4,28394;51,305;43,470001
10.07.2025 10:20:49;0;1,21875;0,832031;2,232422;0;4,289063;51,381001;38,630001
10.07.2025 10:25:49;0;1,746094;0,761719;1,863281;0;4,359375;51,471001;40,290001
10.07.2025 10:30:49;0;2,039063;0,796875;1,646484;0;4,5;51,457001;29,16
10.07.2025 10:35:50;0,02628;1,565096;0,712469;1,2731;0;3,527305;51,426998;16
10.07.2025 10:40:48;0,005899;2,135329;0,63706;1,123702;0;3,893142;51,526001;22,780001
10.07.2025 10:45:49;0;3,18859;0,537272;1,167982;0;4,905523;51,595001;22,379999
10.07.2025 10:50:49;0;3,128906;0,527344;1,186523;0;4,804688;51,675999;23,280001
10.07.2025 10:55:49;0;2,964844;0,492188;1,183594;0;4,640625;51,743;22,879999
10.07.2025 11:00:49;0;2,894531;0,574219;1,192383;0;4,6875;51,817001;23,889999
10.07.2025 11:05:51;0;2,863721;0,628622;1,199038;0;4,679739;51,909;23,33
10.07.2025 11:10:51;0;3,082031;0,515625;1,201172;0;4,78125;51,991001;23,540001
10.07.2025 11:15:51;0;3,222656;0,480469;1,212891;0;4,921875;52,084;23,23
10.07.2025 11:20:51;0;3,433594;0,46875;1,209961;0;5,132813;52,175999;23,15
10.07.2025 11:25:51;0;3,480469;0,386719;1,212891;0;5,0625;52,272999;23,58
10.07.2025 11:30:51;0;1,171875;0,316406;1,207031;0;2,695313;52,362;23,200001
10.07.2025 11:35:51;0;1,992188;0,339844;1,212891;0;3,539063;52,466999;22,98
10.07.2025 11:40:51;0;1,3125;0,339844;1,212891;0;2,859375;52,571999;23,1
10.07.2025 11:45:51;0;0,925781;0,515625;1,227539;0;2,695313;52,681999;23,18
10.07.2025 11:50:51;0;0,890625;0,527344;1,224609;0;2,625;52,786999;23,41
10.07.2025 11:55:51;0;1,828125;0,492188;1,230469;0;3,5625;52,904999;23,370001
10.07.2025 12:00:51;0;2,332031;0,46875;1,239258;0;4,03125;53,014999;23,389999
10.07.2025 12:05:54;0;4,107364;0,464109;1,229889;0;5,824567;53,136002;22,959999
10.07.2025 12:10:53;0;1,775449;2,701128;1,237524;0;5,761392;53,257999;23,780001
10.07.2025 12:15:53;0,524414;0,667969;3,506625;0,55957;0,304688;3,890625;52,93;-2,88
10.07.2025 12:20:55;0,721751;0;2,796296;0;0,20663;1,885865;52,776001;-5,5
10.07.2025 12:25:55;0,313477;1,089844;3,013875;0,544922;0,19043;4,148438;53,150002;22,51
10.07.2025 12:30:55;0;1,933594;3,024469;1,21875;0;6,210938;53,380001;22,59
10.07.2025 12:35:57;0,087309;0,663545;2,981995;1,006959;0,011641;4,563328;53,25;-7,18
10.07.2025 12:40:57;0,782227;0;2,848688;0;0,333984;1,757813;53,007;-6,3
10.07.2025 12:45:57;0,969727;0;2,883844;0;0,354492;1,570313;52,911999;-5,74
10.07.2025 12:50:57;0,143555;1,242188;2,871844;0,729492;0,099609;4,640625;53,396;23,379999
10.07.2025 12:55:59;0,323042;1,22232;2,760534;0,669366;0,061116;4,28394;53,209;-2,7
10.07.2025 13:00:59;0,632813;0,386719;2,7315;0,216797;0,114258;2,601563;53,43;23,139999
10.07.2025 13:06:00;0,181037;1,097903;2,767743;0,785468;0,055479;4,438331;53,551998;19,709999
10.07.2025 13:10:59;0,085245;1,540291;2,844764;0,699598;0,023516;5,008884;53,560001;11,62
10.07.2025 13:15:59;0,123047;0,996094;5,226469;0,339844;0,234375;6,234375;53,415001;3,47
10.07.2025 13:21:00;0,254036;0,572311;5,792816;0,400034;0,134318;6,40054;53,574001;11,78
10.07.2025 13:25:59;0,931817;0,470318;4,855373;0,217522;0,658445;3,950669;53,326;15,34
10.07.2025 13:31:01;0,500569;0,197899;3,259706;0,180438;0,433633;2,74731;53,162998;-7,29
10.07.2025 13:36:01;0,524414;0,011719;2,800406;0;0,301758;2,015625;53,113998;-5,5
10.07.2025 13:41:01;0,539063;0,503906;2,740969;0,249023;0,213867;2,742188;53,414001;22,91
10.07.2025 13:46:01;0;2,859375;2,811;0,955078;0;6,632813;53,560001;9,73
10.07.2025 13:51:01;0;3,539063;3,022781;0,407227;0;7,007813;53,569;5,71
10.07.2025 13:56:03;0,235733;0,093129;2,949307;0,10477;0,154245;2,793874;53,400002;-5,91
10.07.2025 14:01:03;0,823242;0;2,788406;0;0,336914;1,640625;53,287998;-7,24
10.07.2025 14:06:04;0,984025;0;2,813341;0;0,391274;1,448297;53,188999;-7,3
10.07.2025 14:11:06;0,771226;0;2,792943;0;0,372517;1,676325;53,110001;-6,37
10.07.2025 14:16:06;0,351563;0;2,705813;0;0,272461;2,109375;53,071999;-5,04
10.07.2025 14:21:05;0,035274;0,023516;2,702822;0,005879;0,164611;2,563232;53,097;-0,19
10.07.2025 14:26:07;0,032013;0,116411;2,711175;0,349234;0,00291;3,143108;53,208;-0,2
10.07.2025 14:31:08;0,01752;0,070079;2,695982;0,163517;0,02336;2,919954;53,206001;-3,41
10.07.2025 14:36:07;0,023516;0,011758;2,843071;0;0,329222;2,5162;53,042999;-8,31
10.07.2025 14:41:07;0,137695;0;2,798719;0;0,413086;2,25;52,973;-6,69
10.07.2025 14:46:08;0,01168;0,035039;2,743262;0;0,181037;2,616279;53,015999;-0,19
10.07.2025 14:51:07;0,014697;0,164611;2,761611;0,646687;0,002939;3,574415;53,369999;17,879999
10.07.2025 14:56:07;0,020508;0,105469;2,763844;0,896484;0;3,75;53,516998;10,69
10.07.2025 15:01:07;0,00293;1,324219;2,634656;0,536133;0;4,523438;53,569;6,58
10.07.2025 15:06:08;0;2,114047;2,626184;0,254036;0;5,022321;53,563999;3,12
10.07.2025 15:11:08;0;1,101563;2,5995;0,140625;0;3,867188;53,560001;1,96
10.07.2025 15:16:07;0;1,575564;2,701976;0,088185;0;4,373955;53,558998;1,56
10.07.2025 15:21:10;0,162438;1,241491;2,747803;0,04061;0,159537;3,712871;53,425999;-6,89
10.07.2025 15:26:09;0,276312;0;2,784563;0;0,376254;2,139946;53,326;-6,8
10.07.2025 15:31:09;0;0,105469;2,680969;0,038086;0,137695;2,71875;53,535;21,860001
10.07.2025 15:36:10;0;2,721397;2,75382;0,464273;0;5,956707;53,567001;4,79
10.07.2025 15:41:10;0;1,992188;2,633531;0,158203;0;4,828125;53,563999;1,95
10.07.2025 15:46:12;0;3,166391;2,663214;0,029103;0,005821;5,843853;53,529999;-0,19
10.07.2025 15:51:12;0;2,214844;2,646094;0;0,011719;4,875;53,521;-0,17
10.07.2025 15:56:12;0,00293;0,925781;2,705531;0;0,008789;3,65625;53,514;-0,19
10.07.2025 16:01:12;0;0,222656;2,752688;0;0,011719;3;53,507999;-0,16
10.07.2025 16:06:08;0;2,612965;2,825517;0;0,008908;5,415963;53,502998;-0,17
10.07.2025 16:11:11;0;2,459777;2,85362;0;0,008702;5,337252;53,499001;-0,18
10.07.2025 16:15:00;0,003838;2,195347;0,44521;0;0,007676;5,096889;53,493999;-0,17
10.07.2025 16:21:25;0,002283;0,584416;2,823284;0;0,009131;3,396916;53,488998;-0,17
10.07.2025 16:26:27;0,00291;0,721751;2,699255;0;0,034923;3,399214;53,472;-0,19
10.07.2025 16:30:00;0,259958;0,165053;0,346611;0;0,28059;2,376761;53,346001;-6,75
10.07.2025 16:35:00;0,870117;0;0,164063;0;0,158203;0,867188;53,324001;-6,36
10.07.2025 16:40:00;0,65918;0,058594;0,304688;0;0,295898;1,78125;53,265999;-2,87
10.07.2025 16:45:00;0,667969;0,011719;0,164063;0;0,131836;0,9375;53,251999;-3,69
10.07.2025 16:50:00;0,506836;0;0,222656;0;0,287109;1,40625;53,148998;-5,91
10.07.2025 16:55:00;0,553711;0;0,257813;0;0,257813;1,570313;53,148998;-0,2
10.07.2025 17:00:00;0,720703;0;0,210938;0;0,196289;1,21875;53,089001;-4,66
10.07.2025 17:05:00;0,404297;0,011719;0,351563;0;0,28125;2,039063;52,998001;-7,32
10.07.2025 17:10:00;0,205078;0,082031;0,246094;0,46582;0,108398;1,59375;53,380001;17,82
10.07.2025 17:15:00;0;0,035156;0,292969;0,873047;0;0,9375;53,577999;16,09
10.07.2025 17:20:00;0,005859;0,046875;0,738281;0,18457;0;0,914063;53,446999;2,55
10.07.2025 17:25:00;0,00293;0,375;0,292969;0,427734;0;0,890625;53,564999;4,89
10.07.2025 17:30:00;0;0,128906;0,058594;0;0,00293;0,164063;53,499001;-0,5
10.07.2025 17:35:00;0;0,714844;0,351563;0;0,011719;0,84375;53,488998;-0,17
10.07.2025 17:40:00;0;0,796875;0,351563;0;0,011719;0,9375;53,481998;-0,17
10.07.2025 17:45:00;0;0,878906;0,304688;0;0,008789;0,914063;53,476002;-0,18
10.07.2025 17:50:00;0;0,761719;0,316406;0;0,008789;0,984375;53,471001;-0,19
10.07.2025 17:55:00;0;0,632813;0,152344;0;0,011719;0,492188;53,466;-0,19
10.07.2025 18:00:00;0;0,621094;0,117188;0;0,008789;0,515625;53,460999;-0,17
10.07.2025 18:05:00;0;0,691406;0,175781;0;0,008789;0,796875;53,455002;-0,15
10.07.2025 18:10:00;0,00293;0,691406;0,246094;0;0,008789;0,773438;53,451;-0,16
10.07.2025 18:15:00;0;0,621094;0,246094;0;0,008789;0,539063;53,445;-0,17
10.07.2025 18:20:00;0;0,46875;0,410156;0;0,008789;0,773438;53,441002;-0,17
10.07.2025 18:25:00;0,011719;0,375;0,527344;0;0,076172;0,679688;53,417999;-0,19
10.07.2025 18:30:00;0;0,585938;0,386719;0;0,008789;0,796875;53,416;-0,19
10.07.2025 18:35:00;0;0,890625;0,351563;0;0,011719;0,914063;53,411999;-0,17
10.07.2025 18:40:00;0;1,136719;0,386719;0;0,008789;1,453125;53,405998;-0,16
10.07.2025 18:45:00;0;1,03125;0,386719;0;0,008789;1,382813;53,402;-0,15
10.07.2025 18:50:19;0;0,308582;1,187826;0;0,008266;0,661246;53,396999;-0,19
10.07.2025 18:55:00;0,031278;0,650578;0,512956;0;0,02815;1,100979;53,296001;-15,12
10.07.2025 19:00:00;0,005859;0,28125;1,277344;0;0,700195;0,820313;53,194;-0,21
10.07.2025 19:05:24;0;0,694444;0,444878;0;0,010851;1,106771;53,216999;-0,19
10.07.2025 19:10:24;0;0,550781;0,457031;0;0,008789;1,007813;53,216;-0,17
10.07.2025 19:15:23;0;0,270433;0,45856;0;0,008818;0,705477;53,213001;-0,19
10.07.2025 19:20:24;0;0,233596;0,373754;0;0,00876;0,583991;53,209999;-0,19
10.07.2025 19:25:00;0;0,216542;0,331182;0;0,012738;0,560462;53,207001;-0,17
10.07.2025 19:30:32;0;0,084714;0,349445;0;0,007942;0,402391;53,202;-0,19
10.07.2025 19:35:34;0,00291;0,30267;0,465646;0;0,008731;0,745033;53,198002;-0,19
10.07.2025 19:40:35;0,00876;0,070079;0,560631;0;0,143078;0,490552;53,150002;-0,17
10.07.2025 19:45:36;0,01168;0,105118;0,537272;0;0,090519;0,537272;53,102001;-3,27
10.07.2025 19:50:36;0,029297;0,011719;0,539063;0;0,125977;0,398438;53,07;-4,25
10.07.2025 19:55:38;0,037834;0,023282;0,733392;0;0,261926;0,465646;52,895;-18,66
10.07.2025 20:00:40;0,029103;0,034923;1,280526;0;0,835252;0,442363;52,772999;-13,49
10.07.2025 20:05:39;0,017637;0,035274;1,187552;0;0,723114;0,493834;52,780998;-1,27
10.07.2025 20:10:40;0,01752;0,02336;0,583991;0;0,233596;0,350395;52,754002;-4,92
10.07.2025 20:15:40;0,029297;0,011719;1,101563;0;0,875977;0,1875;52,502998;-20,469999
10.07.2025 20:20:40;0,00293;0,046875;0,75;0;0,624023;0,1875;52,556999;-8,17
10.07.2025 20:25:40;0;0,011719;0,5625;0;0,442383;0,117188;52,507;-9,02
10.07.2025 20:30:42;0;0,011641;0,558775;0;0,491838;0,069847;52,446999;-9,8
10.07.2025 20:35:42;0,00293;0,011719;0,632813;0;0,585938;0,070313;52,375999;-10,78
10.07.2025 20:40:42;0,00293;0,023438;0,550781;0;0,547852;0,023438;52,34;-9,92
10.07.2025 20:45:42;0,00293;0,023438;0,5625;0;0,55957;0,023438;52,298;-9,16
10.07.2025 20:50:42;0;0,011719;0,480469;0;0,480469;0,023438;52,254002;-9,16
10.07.2025 20:55:42;0;0,011719;0,480469;0;0,483398;0;52,209;-9,19
10.07.2025 21:00:42;0;0,023438;0,445313;0;0,454102;0,023438;52,174999;-8,44
10.07.2025 21:05:43;0,01168;0,01168;0,525592;0;0,537272;0;52,104;-11,06
10.07.2025 21:10:42;0;0,023516;0,576139;0;0,582018;0;52,050999;-11,29
10.07.2025 21:15:42;0;0,011719;0,5625;0;0,583008;0;51,998001;-11,28
10.07.2025 21:20:41;0;0,011758;0,576139;0;0,587897;0;51,948002;-11,24
10.07.2025 21:25:42;0;0,02336;0,525592;0;0,548951;0;51,915001;-9,62
10.07.2025 21:30:42;0,00293;0,011719;0,410156;0;0,418945;0;51,896;-8,43
10.07.2025 21:35:44;0;0,023282;0,372517;0;0,395799;0;51,868;-7,59
10.07.2025 21:40:44;0;0,011719;0,386719;0;0,392578;0;51,835999;-7,59
10.07.2025 21:45:44;0,005859;0,011719;0,410156;0;0,436523;0;51,777;-10,02
10.07.2025 21:50:44;0;0,023438;0,527344;0;0,530273;0;51,726002;-10,26
10.07.2025 21:55:44;0,005859;0,011719;0,621094;0;0,626953;0;51,655998;-12,01
10.07.2025 22:00:44;0,00293;0,011719;0,65625;0;0,682617;0;51,577;-14,59
10.07.2025 22:05:47;0,002901;0,011603;0,777382;0;0,783184;0;51,493;-16,709999
10.07.2025 22:10:46;0,002939;0,023516;0,752508;0;0,767206;0;51,452999;-14,67
10.07.2025 22:15:47;0,00292;0,02336;0,712469;0;0,732909;0;51,415001;-12,45
10.07.2025 22:20:47;0;0,023438;0,597656;0;0,615234;0;51,394001;-9,71
10.07.2025 22:25:46;0,002939;0,011758;0,482076;0;0,490894;0;51,358002;-10,45
10.07.2025 22:30:48;0,00291;0,023282;0,500569;0;0,526762;0;51,323002;-10,23
10.07.2025 22:35:48;0,005859;0,011719;0,609375;0;0,615234;0;51,257;-12,37
10.07.2025 22:40:48;0,041016;0,011719;1,183594;0;1,154297;0;50,890999;-39,939999
10.07.2025 22:45:48;0;0,070313;0,855469;0;0,919922;0;51,112;-11,82
10.07.2025 22:50:48;0,00293;0,011719;0,609375;0;0,621094;0;51,07;-12,3
10.07.2025 22:55:49;0;0,01168;0,60735;0;0,62195;0;51,030998;-12,23
10.07.2025 23:00:48;0;0,023516;0,517349;0;0,534986;0;51,032001;-9,05
10.07.2025 23:05:48;0,00293;0,023438;0,421875;0;0,439453;0;51,018002;-8,08
10.07.2025 23:10:49;0;0,01168;0,385434;0;0,400034;0;51;-7,9
10.07.2025 23:15:48;0,008818;0,011758;0,45856;0;0,467378;0;50,928001;-11,65
10.07.2025 23:20:48;0;0,023438;0,5625;0;0,577148;0;50,893002;-11,21
10.07.2025 23:25:48;0,00293;0,011719;0,550781;0;0,568359;0;50,856998;-11,09
10.07.2025 23:30:48;0;0,023438;0,527344;0;0,541992;0;50,84;-9,96
10.07.2025 23:35:49;0;0,01168;0,490552;0;0,502232;0;50,812;-9,63
10.07.2025 23:40:48;0,002939;0,023516;0,470318;0;0,499713;0;50,793999;-8,88
10.07.2025 23:45:48;0,005859;0,011719;0,457031;0;0,46875;0;50,756001;-9,73
10.07.2025 23:50:48;0;0,023438;0,445313;0;0,462891;0;50,740002;-8,99
10.07.2025 23:55:49;0,00584;0,02336;0,397114;0;0,408794;0;50,720001;-11,04
11.07.2025 00:00:49;0;0,011719;0,433594;0;0,445313;0;50,695;-8,82
11.07.2025 00:05:49;0;0,011719;0,421875;0;0,436523;0;50,674;-8,72
11.07.2025 00:10:48;0,002939;0,023516;0,411528;0;0,429165;0;50,648998;-8,55
11.07.2025 00:15:48;0;0,011719;0,363281;0;0,383789;0;50,646999;-7,01
11.07.2025 00:20:48;0;0,023438;0,339844;0;0,354492;0;50,630001;-7,12
11.07.2025 00:25:49;0;0,01168;0,291995;0;0,315355;0;50,636002;-4,99
11.07.2025 00:30:48;0,002939;0,023516;0,258675;0;0,270433;0;50,618;-6,12
11.07.2025 00:35:50;0;0,011641;0,279387;0;0,293939;0;50,603001;-5,7
11.07.2025 00:40:51;0;0,01168;0,280316;0;0,289075;0;50,588001;-5,71
11.07.2025 00:45:50;0,008818;0,023516;0,376254;0;0,388012;0;50,542999;-7,08
11.07.2025 00:50:50;0;0,011719;0,339844;0;0,357422;0;50,528999;-7,17
11.07.2025 00:55:51;0;0,02336;0,338715;0;0,350395;0;50,507999;-6,98
11.07.2025 01:00:51;0;0,011719;0,386719;0;0,401367;0;50,471001;-8,17
11.07.2025 01:05:50;0;0,011758;0,39977;0;0,414467;0;50,449001;-7,56
11.07.2025 01:10:50;0,00293;0,023438;0,292969;0;0,313477;0;50,457001;-6,12
11.07.2025 01:15:51;0;0,01168;0,245276;0;0,271556;0;50,460999;-4,77
11.07.2025 01:20:50;0;0,023516;0,235159;0;0,241038;0;50,452999;-4,94
11.07.2025 01:25:51;0,00584;0,01168;0,303675;0;0,321195;0;50,405998;-7,35
11.07.2025 01:30:50;0,002939;0,011758;0,352738;0;0,358617;0;50,387001;-7,11
11.07.2025 01:35:50;0;0,023438;0,339844;0;0,357422;0;50,363998;-6,96
11.07.2025 01:40:51;0;0,01168;0,338715;0;0,350395;0;50,348999;-6,92
11.07.2025 01:45:51;0,005859;0,011719;0,410156;0;0,418945;0;50,299999;-9,7
11.07.2025 01:50:51;0;0,023438;0,410156;0;0,427734;0;50,287998;-7,66
11.07.2025 01:55:51;0;0,023438;0,351563;0;0,375;0;50,275002;-7,31
11.07.2025 02:00:51;0;0,011719;0,351563;0;0,366211;0;50,256001;-7,36
11.07.2025 02:05:50;0,008818;0,011758;0,352738;0;0,358617;0;50,221001;-9,09
11.07.2025 02:10:52;0;0,023282;0,395799;0;0,421991;0;50,210999;-7,2
11.07.2025 02:15:52;0;0,011719;0,339844;0;0,357422;0;50,198002;-7,16
11.07.2025 02:20:53;0,00292;0,02336;0,362074;0;0,376674;0;50,166;-8,26
11.07.2025 02:25:53;0;0,011719;0,398438;0;0,416016;0;50,136002;-8,41
11.07.2025 02:30:53;0;0,011719;0,410156;0;0,416016;0;50,113998;-8,26
11.07.2025 02:35:54;0;0,02336;0,280316;0;0,306595;0;50,139999;-4,68
11.07.2025 02:40:53;0,002939;0,011758;0,235159;0;0,249856;0;50,123001;-6,01
11.07.2025 02:45:55;0;0,023282;0,244464;0;0,253195;0;50,125999;-4,72
11.07.2025 02:50:55;0,008789;0,011719;0,28125;0;0,290039;0;50,087002;-7,24
11.07.2025 02:55:57;0;0,023282;0,349234;0;0,363786;0;50,056;-7,22
11.07.2025 03:00:57;0;0,011719;0,328125;0;0,351563;0;50,037998;-7
11.07.2025 03:05:59;0,00291;0,011641;0,360875;0;0,369606;0;50,005001;-8,42
11.07.2025 03:11:02;0;0,023205;0,394493;0;0,408996;0;49,978001;-8,15
11.07.2025 03:16:01;0;0,011758;0,317464;0;0,338041;0;49,984001;-6
11.07.2025 03:21:01;0,00293;0,023438;0,269531;0;0,28418;0;49,978001;-4,87
11.07.2025 03:26:01;0;0,011719;0,222656;0;0,243164;0;49,973999;-4,94
11.07.2025 03:31:01;0,008789;0,011719;0,246094;0;0,246094;0;49,939999;-7,43
11.07.2025 03:36:01;0;0,023438;0,351563;0;0,363281;0;49,911999;-7,27
11.07.2025 03:41:01;0;0,011719;0,339844;0;0,357422;0;49,890999;-7,07
11.07.2025 03:46:01;0,011719;0,023438;0,457031;0;0,459961;0;49,826;-10,46
11.07.2025 03:51:01;0;0,011719;0,492188;0;0,509766;0;49,785999;-10,15
11.07.2025 03:56:01;0;0,011719;0,46875;0;0,492188;0;49,757;-10,09
11.07.2025 04:01:01;0;0,023438;0,445313;0;0,454102;0;49,762001;-6,37
11.07.2025 04:06:01;0;0,023438;0,292969;0;0,316406;0;49,75;-6,53
11.07.2025 04:11:01;0;0,011719;0,257813;0;0,28418;0;49,756001;-4,87
11.07.2025 04:16:01;0,00293;0,011719;0,234375;0;0,246094;0;49,738998;-5,23
11.07.2025 04:21:01;0,005859;0,023438;0,328125;0;0,333984;0;49,694;-7,23
11.07.2025 04:26:01;0,00293;0,011719;0,339844;0;0,360352;0;49,66;-8,27
11.07.2025 04:31:03;0;0,023282;0,40744;0;0,413261;0;49,630001;-8,15
11.07.2025 04:36:04;0,00292;0,01168;0,385434;0;0,402954;0;49,604;-8,02
11.07.2025 04:41:04;0;0,011719;0,386719;0;0,398438;0;49,576;-7,96
11.07.2025 04:46:03;0;0,023516;0,246917;0;0,276312;0;49,597;-4,78
11.07.2025 04:51:03;0;0,011719;0,222656;0;0,237305;0;49,584999;-4,7
11.07.2025 04:56:03;0;0,023438;0,222656;0;0,237305;0;49,570999;-4,83
11.07.2025 05:01:03;0,005859;0,011719;0,269531;0;0,269531;0;49,527;-7,48
11.07.2025 05:06:03;0,00293;0,011719;0,339844;0;0,363281;0;49,495998;-7,26
11.07.2025 05:11:03;0;0,023438;0,339844;0;0,357422;0;49,471001;-7,29
11.07.2025 05:16:06;0;0,011603;0,38289;0;0,388691;0;49,429001;-8,58
11.07.2025 05:21:07;0;0,01168;0,397114;0;0,420473;0;49,397999;-8,46
11.07.2025 05:26:07;0,00293;0,023438;0,363281;0;0,375;0;49,390999;-6,34
11.07.2025 05:31:07;0;0,011719;0,269531;0;0,292969;0;49,379002;-6,07
11.07.2025 05:36:07;0,052734;0,023438;1,476563;0;1,438477;0;48,910999;-40,610001
11.07.2025 05:41:07;0,149414;0,023438;2,121094;0;1,995117;0;48,604;-51,610001
11.07.2025 05:46:07;2,352539;0;4,851563;0;2,496094;0;48,377998;-51,57
11.07.2025 05:51:07;3,005859;0;5,519531;0;2,501953;0;48,140999;-51,32
11.07.2025 05:56:07;2,522461;0;5,027344;0;2,496094;0;47,891998;-53,75
11.07.2025 06:01:08;0,905186;0;3,433866;0;2,496561;0,046719;47,605999;-52,830002
11.07.2025 06:06:07;0,035274;0,035274;2,328073;0;2,266344;0,070548;47,477001;-40,189999
11.07.2025 06:11:08;0;0,035039;1,448297;0;1,378218;0,093439;47,493999;-25,309999
11.07.2025 06:16:08;0,00293;0,023438;1,195313;0;1,116211;0,09375;47,401001;-22,379999
11.07.2025 06:21:08;0;0,011719;1,253906;0;1,12207;0,140625;47,257;-23,18
11.07.2025 06:26:09;0,00292;0,046719;1,121262;0;1,030744;0,140158;47,303001;-4,46
11.07.2025 06:31:10;0,00584;0,02336;0,327035;0;0,221917;0,116798;47,314999;-5,79
11.07.2025 06:36:10;0;0,011719;0,363281;0;0,269531;0,117188;47,289001;-5,76
11.07.2025 06:41:10;0;0,011719;0,363281;0;0,287109;0,09375;47,254002;-6,34
11.07.2025 06:46:10;0,00293;0,011719;0,386719;0;0,333984;0,070313;47,212002;-7,11
11.07.2025 06:51:10;0;0,023438;0,421875;0;0,307617;0,140625;47,195999;-5,7
11.07.2025 06:56:07;0,020715;0,011837;0,366951;0,008878;0,118371;0,236742;47,258999;-0,21
11.07.2025 07:01:07;0;0,070313;0,269531;0,052734;0,005859;0,375;47,317001;3,19
11.07.2025 07:06:06;0;0,047032;0,246917;0,17343;0;0,446802;47,366001;3,76
11.07.2025 07:11:09;0,008702;0,034808;0,301671;0,185644;0;0,533725;47,368;-0,2
11.07.2025 07:16:09;0,023438;0,058594;0,925781;0,014648;0,331055;0,65625;47,124001;-14,97
11.07.2025 07:21:09;0,00293;0,058594;0,785156;0,143555;0,260742;0,703125;47,339001;5,45
11.07.2025 07:26:09;0,023438;0,035156;0,480469;0,263672;0,026367;0,726563;47,400002;5,69
11.07.2025 07:31:11;0,023282;0,046565;0,442363;0,323042;0,023282;0,768315;47,467999;6,9
11.07.2025 07:36:10;0,026455;0,05879;0,388012;0,373315;0,023516;0,776024;47,533001;7,83
11.07.2025 07:41:10;0,023438;0,046875;0,398438;0,290039;0,023438;0,679688;47,544998;5,75
11.07.2025 07:46:11;0,02336;0,035039;0,420473;0,245276;0,02336;0,677429;47,562;4,39
11.07.2025 07:51:12;0,032119;0,046719;0,478873;0,239436;0,035039;0,677429;47,504002;-8,23
11.07.2025 07:56:12;0,064453;0,023438;1,6875;0,070313;0,993164;0,75;46,962002;-34,610001
11.07.2025 08:01:15;0,052212;0,058014;0,997834;0,095722;0,449606;0,626547;47,330002;3,03
11.07.2025 08:06:17;0,032013;0,034923;0,779957;0,133873;0,267746;0,651904;47,068001;-21,860001
11.07.2025 08:11:17;0,005859;0,046875;1,019531;0,084961;0,492188;0,65625;47,282001;3,74
11.07.2025 08:16:17;0;0,035156;0,480469;0,234375;0;0,75;47,375999;6,94
11.07.2025 08:21:16;0;0,047032;0,364496;0,411528;0;0,823056;47,479;9,26
11.07.2025 08:26:17;0;0,046719;0,373754;0,432153;0;0,864306;47,554001;9,9
11.07.2025 08:31:17;0;0,035156;0,339844;0,495117;0;0,867188;47,633999;10,52
11.07.2025 08:36:16;0,005879;0,047032;0,411528;0,408589;0;0,846572;47,659;7,42
11.07.2025 08:41:17;0;0,046719;0,432153;0,367914;0;0,840947;47,716999;8,85
11.07.2025 08:46:17;0;0,035156;0,421875;0,445313;0;0,9375;47,801998;11,3
11.07.2025 08:51:17;0;0,046875;0,480469;0,541992;0;1,03125;47,894001;12,55
11.07.2025 08:56:17;0;0,046875;0,445313;0,662109;0;1,171875;48,067001;20,49
11.07.2025 09:01:16;0;0,05879;0,388012;1,049396;0;1,505017;48,282001;23,49
11.07.2025 09:06:17;0,00292;0,046719;0,420473;1,223461;0;1,658534;48,459;22,219999
11.07.2025 09:11:17;0;0,035156;0,421875;1,209961;0;1,6875;48,688;28,27
11.07.2025 09:16:17;0,005859;0,058594;0,585938;1,470703;0;2,109375;48,905998;33,220001
11.07.2025 09:21:17;0,00293;0,09375;0,644531;1,792969;0;2,507813;49,27;46,360001
11.07.2025 09:26:19;0,00291;1,245602;0,768315;2,313677;0;4,353787;49,533001;45,630001
11.07.2025 09:31:19;0,014648;1,207031;0,773438;2,279297;0;4,242188;49,756001;46,049999
11.07.2025 09:36:21;0,040744;0,605339;1,52499;2,022648;0;4,120964;49,897999;44,02
11.07.2025 09:41:23;0,017462;1,001138;0,791598;2,267112;0;4,027835;50,077;44,529999
11.07.2025 09:46:25;0,037834;0,523851;0,628622;2,13615;0;3,25952;50,216;45,639999
11.07.2025 09:51:25;0,070313;0,515625;0,574219;1,901367;0;2,90625;50,092999;21,57
11.07.2025 09:56:27;0,017462;1,047703;0,791598;2,089585;0;3,934706;50,401001;44,810001
11.07.2025 10:01:28;0;1,191341;0,829267;2,271724;0;4,274813;50,529999;45,470001
11.07.2025 10:06:29;0,01752;0,116798;2,277564;1,88629;0;4,251453;50,567001;36,919998
11.07.2025 10:11:31;0,014551;0,058206;2,526128;1,743261;0;4,307223;50,582001;31,110001
11.07.2025 10:16:33;0;2,060482;1,897506;0,372517;0,008731;4,330505;50,265999;-0,22
11.07.2025 10:21:35;0;4,249017;0,30267;0;0,011641;4,540046;50,243999;-0,22
11.07.2025 10:26:38;0,058014;1,589573;1,299505;0,301671;0,011603;3,132735;50,369999;14,03
11.07.2025 10:31:39;0,02044;2,137407;1,086223;0,473033;0,00584;3,667463;50,299999;-0,25
11.07.2025 10:36:39;0,00293;1,546875;0,527344;1,245117;0,005859;3,28125;50,818001;44,049999
11.07.2025 10:41:40;0;1,810372;0,770868;2,283404;0;4,882164;50,983002;44,529999
11.07.2025 10:46:41;0,032119;0,957745;0,782548;2,014768;0;3,737542;50,887001;24,43
11.07.2025 10:51:44;0,002901;0,150835;0,661355;1,57797;0;2,390161;51,162998;44,990002
11.07.2025 10:56:44;0,014648;0,28125;0,738281;1,980469;0;2,976563;51,217999;39,02
11.07.2025 11:01:46;0;1,047703;0,675186;2,200176;0;3,911424;51,383999;41,939999
11.07.2025 11:06:48;0;2,502846;0,651904;2,002276;0;5,168667;51,432999;35,16
11.07.2025 11:11:50;0,00291;0,884727;0,593698;1,679235;0;3,143108;51,464001;30,879999
11.07.2025 11:16:51;0,00292;0,60735;0,502232;1,401578;0;2,522841;51,455002;23,110001
11.07.2025 11:21:54;0,008702;0,371287;0,603342;1,206683;0;2,181312;51,526001;22,59
11.07.2025 11:26:56;0;0,628622;0,535493;1,190307;0;2,328228;51,598999;22,83
11.07.2025 11:31:57;0;3,398827;0,525592;1,191341;0;5,11576;51,669998;23,32
11.07.2025 11:37:00;0;3,631652;0,63815;1,19508;0;5,476485;51,748001;23,51
11.07.2025 11:41:59;0;3,233434;0,646687;1,208129;0;5,102947;51,827999;23,440001
11.07.2025 11:47:01;0;2,328228;0,558775;1,201948;0;4,097682;51,908001;23,059999
11.07.2025 11:52:03;0;0,419081;0,51221;1,196127;0;2,095406;51,993999;22,809999
11.07.2025 11:57:06;0;1,055848;0,533725;1,200882;0;2,784653;52,080002;22,879999
11.07.2025 12:02:07;0;1,763652;0,64239;1,203021;0;3,597384;52,175999;22,959999
11.07.2025 12:07:08;0,00292;1,191341;0,864306;1,205941;0;3,270349;52,265999;22,780001
11.07.2025 12:12:10;0,005821;2,619257;0,803239;1,204858;0;4,633175;52,366001;23,23
11.07.2025 12:17:11;0;4,788725;0,525592;1,223461;0;6,540698;52,48;23,190001
11.07.2025 12:22:13;0;3,25952;0,488928;1,167025;0,020372;4,88928;52,306;-9,51
11.07.2025 12:27:13;0;3,445313;0,386719;0,307617;0,120117;4,03125;52,313;10,56
11.07.2025 12:32:16;0;2,958694;0,359684;0,72517;0,026106;4,014542;52,606998;23,17
11.07.2025 12:37:18;0;3,56219;0,477287;1,22232;0;5,261796;52,750999;23,059999
11.07.2025 12:42:19;0;3,667463;0,443833;1,229301;0;5,372716;52,866001;23,059999
11.07.2025 12:47:22;0;3,596844;0,522123;1,232789;0;5,337252;52,984001;23,35
11.07.2025 12:52:24;0;3,655319;0,500569;1,233961;0;5,378208;53,094002;23,110001
11.07.2025 12:57:24;0;3,75;0,480469;1,236328;0;5,460938;53,222;23,209999
11.07.2025 13:02:26;0;2,712386;1,776904;1,236871;0;5,727442;53,348;23,469999
11.07.2025 13:07:27;0,067159;1,156302;2,921824;0,948985;0,00876;4,998962;53,417;23,379999
11.07.2025 13:12:30;0,058014;1,357519;2,80888;0,986231;0,008702;5,105198;53,521999;23,48
11.07.2025 13:17:32;0,046565;1,478425;2,864466;0,963305;0,005821;5,238514;53,563;18,17
11.07.2025 13:22:34;0;1,769454;3,038525;0,71593;0;5,587748;53,563999;9,5
11.07.2025 13:27:38;0,089625;0,25442;5,367249;0,159013;0,190815;5,504729;53,518002;18,59
11.07.2025 13:32:37;0,091124;0,693719;4,350345;0,587897;0,067608;5,479202;53,57;8,36
11.07.2025 13:37:38;0,049639;1,062863;4,111483;0,335795;0,01168;5,466154;53,578999;6,66
11.07.2025 13:42:39;0,02044;1,681894;3,610091;0,201477;0,00584;5,489514;53,564999;2,89
11.07.2025 13:47:42;0;2,018874;3,365811;0,104425;0,002901;5,499691;53,535999;-0,2
11.07.2025 13:52:44;0;2,24674;3,167136;0,00291;0,008731;5,448055;53,514;-0,2
11.07.2025 13:57:46;0;2,54941;2,99196;0;0,011641;5,541184;53,506001;-0,2
11.07.2025 14:02:48;0,046565;2,33987;2,78214;0;0,020372;5,09882;53,493999;-0,19
11.07.2025 14:07:49;0;2,744757;2,756624;0;0,01168;5,489514;53,488998;-0,18
11.07.2025 14:12:50;0;2,756437;2,697665;0;0,00876;5,489514;53,481998;-0,19
11.07.2025 14:17:52;0;2,561051;2,817063;0;0,008731;5,378208;53,477001;-0,17
11.07.2025 14:22:52;0;2,625;2,822719;0;0,011719;5,4375;53,472;-0,17
11.07.2025 14:27:54;0,532582;0,698469;4,413018;0;0,09895;4,516763;53,431;-0,2
11.07.2025 14:32:56;0,017462;1,187397;4,531664;0;0,014551;5,70416;53,439999;-0,16
11.07.2025 14:37:58;0;1,268885;4,495902;0;0,008731;5,797289;53,437;-0,19
11.07.2025 14:43:00;0,541313;0,325952;4,332926;0;0,069847;4,0744;53,382;-3,76
11.07.2025 14:48:02;0,421991;1,431861;4,357606;0;0,061116;5,354925;53,376999;-2,95
11.07.2025 14:53:03;1,848331;0,128478;4,360683;0;0,166437;2,499481;53,313999;-3,79
11.07.2025 14:58:06;2,949992;0;4,449598;0;0,25526;1,299505;53,223999;-6,24
11.07.2025 15:03:08;1,463874;0;2,852545;0;0,363786;1,001138;53,122002;-7,75
11.07.2025 15:08:10;0,168797;0,279387;0,75118;0;0,055295;0,81488;53,202;-0,19
11.07.2025 15:13:12;0;0,174617;0,488928;0;0,008731;0,651904;53,202999;-0,18
11.07.2025 15:18:14;0;0,209541;0,523851;0;0,011641;0,721751;53,201;-0,2
11.07.2025 15:23:16;0;0,570416;0,349234;0;0,008731;0,931291;53,196999;-0,17
11.07.2025 15:28:18;0;0,745033;0,291029;0;0,008731;1,001138;53,195;-0,19
11.07.2025 15:33:20;0;0,733392;0,372517;0;0,008731;1,094267;53,191002;-0,19
11.07.2025 15:38:20;0;0,820313;0,375;0;0,011719;1,21875;53,187;-0,19
11.07.2025 15:43:22;0,00291;0,663545;0,547134;0;0,008731;1,164114;53,182999;-0,19
11.07.2025 15:48:25;0;1,14867;0,51052;0;0,011603;1,647587;53,179001;-0,19
11.07.2025 15:53:26;0;1,635174;0,513912;0;0,00876;2,172446;53,174999;-0,19
11.07.2025 15:58:28;0;2,270023;0,442363;0;0,008731;2,700745;53,172001;-0,19
11.07.2025 16:03:30;0;2,409716;0,395799;0;0,011641;2,770592;53,167999;-0,19
11.07.2025 16:08:33;0;2,540996;0,278465;0;0,008702;2,831064;53,165001;-0,19
11.07.2025 16:13:35;0;3,946347;0,162976;0;0,011641;4,0744;53,160999;-0,17
11.07.2025 16:18:36;0;1,880451;0,128478;0;0,00876;2,008929;53,16;-0,19
11.07.2025 16:23:36;0;2,320313;0,105469;0;0,008789;2,414063;53,153999;-0,17
11.07.2025 16:28:39;0;2,053682;0,220452;0;0,011603;2,274134;53,152;-0,17
11.07.2025 16:33:40;0;1,90381;0,291995;0;0,00876;2,172446;53,146999;-0,17
11.07.2025 16:38:43;0,362585;1,740408;1,467698;0;0,095722;2,784653;53,082001;-3,94
11.07.2025 16:43:44;0,525592;0,02336;2,734385;0;0,175197;2,055648;53,046001;-3,75
11.07.2025 16:48:46;0,005821;0,663545;1,937179;0;0,011641;2,607616;53,087002;-0,19
11.07.2025 16:53:48;0;1,52499;2,006467;0;0,008731;3,538907;53,085999;-0,19
11.07.2025 17:00:00;0;1,909022;0,396925;0;0,011813;3,761341;53,083;-0,19
11.07.2025 17:04:14;0;2,186885;1,924961;0;0,010381;2,297613;53,080002;-0,18
11.07.2025 17:10:00;0;2,113439;0,52836;0;0,007621;4,308165;53,077;-0,17
11.07.2025 17:15:00;0;2,109375;0,398438;0;0,008789;3,09375;53,074001;-0,16
11.07.2025 17:20:00;0;1,511719;0,492188;0;0,008789;3,515625;53,07;-0,15
11.07.2025 17:25:00;0;1,710938;0,316406;0;0,008789;2,507813;53,067001;-0,15
11.07.2025 17:30:00;0;1,839844;0,410156;0;0,008789;2,953125;53,063999;-0,17
11.07.2025 17:34:43;0;1,900674;2,072411;0;0,009317;3,130521;53,061001;-0,17
11.07.2025 17:39:43;0;1,347656;2,999063;0;0,008789;4,359375;53,058998;-0,16
11.07.2025 17:44:44;0,265716;0,116798;2,977419;0,338715;0,198557;3,036752;53,290001;14,18
11.07.2025 17:49:45;0,0292;0,070079;3,035818;0,709549;0;3,784261;53,464001;15,95
11.07.2025 17:54:46;0,0292;0,093439;3,058897;0,686189;0,00584;3,83098;53,484001;-1,61
11.07.2025 17:59:47;0,137238;0,105118;3,246055;0,329955;0,084679;3,457226;53,502998;1,52
11.07.2025 18:04:49;0,020372;0,081488;3,095892;0,238643;0,020372;3,422496;53,505001;-0,25
11.07.2025 18:09:48;0,005879;0,705477;2,938828;0,188127;0;3,833089;53,562;2,06
11.07.2025 18:14:48;0,09375;0,621094;2,917031;0,140625;0,082031;3,515625;53,622002;13,12
11.07.2025 18:19:51;0,176942;0,023205;2,078373;0,023205;0,194346;1,786819;53,473999;-0,18
11.07.2025 18:24:50;0,067608;0,881846;2,339831;0;0,091124;3,033549;53,248001;-23,99
11.07.2025 18:29:50;0,799805;0,058594;4,183594;0;0,975586;2,484375;52,942001;-23,92
11.07.2025 18:34:51;1,024904;0;3,702502;0;1,27018;1,378218;52,723;-24,639999
11.07.2025 18:39:50;0,002939;0,928878;0,564381;1,090549;0,105821;2,492684;53,473;23,74
11.07.2025 18:44:50;0;1,757813;0,304688;0,960938;0;3;53,560001;11,07
11.07.2025 18:49:51;0;1,93885;0,245276;0,400034;0;2,639639;53,564999;5,28
11.07.2025 18:54:50;0;1,728418;0,246917;0,199885;0;2,139946;53,563999;2,91
11.07.2025 18:59:49;0;1,71666;0,246917;0,094064;0,002939;2,069398;53,540001;-0,19
11.07.2025 19:04:50;0;1,716933;0,140158;0,00292;0,00876;1,822051;53,525002;-0,17
11.07.2025 19:09:51;0;2,312604;0,128478;0;0,01168;2,429402;53,516998;-0,17
11.07.2025 19:14:51;0;2,449219;0,117188;0;0,008789;2,578125;53,509998;-0,19
11.07.2025 19:19:51;0;1,769531;0,222656;0;0,011719;1,992188;53,505001;-0,19
11.07.2025 19:24:53;0;1,199038;0,291029;0;0,008731;1,466784;53,5;-0,18
11.07.2025 19:29:55;0;1,746171;0,372517;0;0,008731;2,118688;53,494999;-0,17
11.07.2025 19:34:57;0;1,082626;0,360875;0;0,008731;1,420219;53,491001;-0,16
11.07.2025 19:39:59;0;1,653042;0,30267;0;0,008731;1,955712;53,486;-0,17
11.07.2025 19:45:00;0;0,934385;0,362074;0;0,00876;1,28478;53,481998;-0,17
11.07.2025 19:50:02;0;0,209541;0,314311;0;0,008731;0,51221;53,477001;-0,17
11.07.2025 19:55:03;0;0,186877;0,245276;0;0,00876;0,420473;53,472;-0,16
11.07.2025 20:00:05;0;0,081488;0,174617;0;0,008731;0,256105;53,467999;-0,17
11.07.2025 20:05:07;0;0,034923;0,139694;0;0,008731;0,162976;53,463001;-0,17
11.07.2025 20:10:09;0,008731;0,011641;0,291029;0;0,171707;0,116411;53,379002;-2,87
11.07.2025 20:15:11;0,005821;0,011641;0,256105;0;0,128053;0,139694;53,370998;-0,21
11.07.2025 20:20:12;0,049639;0;0,256956;0;0,037959;0,163517;53,365002;-0,18
11.07.2025 20:25:15;0,058014;0;0,25526;0;0,034808;0,162438;53,361;-0,19
11.07.2025 20:30:17;0,058206;0;0,256105;0;0,034923;0,162976;53,341;-1,8
11.07.2025 20:35:19;0,020372;0,011641;0,186258;0;0,020372;0,162976;53,337002;-0,18
11.07.2025 20:40:21;0,049475;0;0,221182;0;0,055295;0,116411;53,318001;-1,86
11.07.2025 20:45:23;0,00291;0,011641;0,221182;0;0,157155;0,069847;53,249001;-3,36
11.07.2025 20:50:25;0,005821;0,023282;0,267746;0;0,253195;0,023282;53,158001;-5,69
11.07.2025 20:55:27;0;0,011641;0,279387;0;0,30267;0;53,091;-5,49
11.07.2025 21:00:29;0;0,011641;0,314311;0;0,30849;0;53,026001;-5,9
11.07.2025 21:05:31;0;0,011641;0,291029;0;0,314311;0;52,972;-5,42
11.07.2025 21:10:33;0;0,023282;0,267746;0;0,282298;0;52,931999;-5,26
11.07.2025 21:15:33;0;0,011719;0,257813;0;0,27832;0;52,896999;-4,47
11.07.2025 21:20:35;0;0,023282;0,244464;0;0,244464;0;52,859001;-4,92
11.07.2025 21:25:38;0,005801;0,011603;0,243657;0;0,269763;0;52,807999;-6,64
11.07.2025 21:30:39;0,00876;0,02336;0,291995;0;0,303675;0;52,747002;-9,11
11.07.2025 21:35:41;0;0,011641;0,372517;0;0,392889;0;52,713001;-7,28
11.07.2025 21:40:43;0;0,011641;0,360875;0;0,378337;0;52,669998;-7,06
11.07.2025 21:45:45;0;0,023282;0,372517;0;0,369606;0;52,631001;-6,98
11.07.2025 21:50:47;0;0,011641;0,325952;0;0,352145;0;52,609001;-5,42
11.07.2025 21:55:49;0,00291;0,011641;0,291029;0;0,30267;0;52,569;-6,51
11.07.2025 22:00:51;0;0,023282;0,291029;0;0,317221;0;52,557999;-4,36
11.07.2025 22:05:53;0;0,011641;0,209541;0;0,218271;0;52,541;-4,07
11.07.2025 22:10:56;0;0,023205;0,174041;0;0,203048;0;52,532001;-3,08
11.07.2025 22:15:57;0,65115;0,01168;0,774325;0;0,131398;0;52,539001;-1,31
11.07.2025 22:20:59;1,842211;0;1,963815;0;0,145514;0;52,505001;-3,43
11.07.2025 22:26:01;1,83348;0;1,986817;0;0,180438;0;52,484001;-3,75
11.07.2025 22:31:01;1,822266;0;1,999781;0;0,181641;0;52,466999;-3,56
11.07.2025 22:36:03;1,807287;0;1,974897;0;0,186258;0;52,446999;-3,4
11.07.2025 22:41:05;1,789826;0;1,962696;0;0,20081;0;52,426998;-3,82
11.07.2025 22:46:08;1,778117;0;1,979703;0;0,191445;0;52,418999;-2,55
11.07.2025 22:51:09;1,784092;0;1,922218;0;0,148918;0;52,401001;-3,01
11.07.2025 22:56:11;1,781095;0;1,997341;0;0,235733;0;52,348999;-6,14
11.07.2025 23:01:13;1,559913;0;1,770851;0;0,232823;0;52,325001;-9,87
11.07.2025 23:06:15;0;0,011641;0,488928;0;0,500569;0;52,248001;-9,2
11.07.2025 23:11:17;0;0,011641;0,477287;0;0,491838;0;52,198002;-9,4
11.07.2025 23:16:19;0;0,023282;0,465646;0;0,480197;0;52,146999;-10,01
11.07.2025 23:21:20;0,00292;0,01168;0,537272;0;0,548951;0;52,088001;-11,03
11.07.2025 23:26:22;0,349234;0,069847;1,373655;0;1,094267;0;51,988998;-10,56
11.07.2025 23:31:24;0;0,023282;0,500569;0;0,520941;0;51,952;-10,42
11.07.2025 23:36:25;0;0,01168;0,478873;0;0,499312;0;51,918999;-8,95
11.07.2025 23:41:27;0,00291;0,011641;0,500569;0;0,50639;0;51,868999;-10,26
11.07.2025 23:46:30;0,008702;0,023205;0,591739;0;0,606242;0;51,794998;-12,61
11.07.2025 23:51:31;0;0,01168;0,548951;0;0,575231;0;51,758999;-11,05
11.07.2025 23:56:34;0;0,023205;0,568533;0;0,565633;0;51,710999;-10,84
12.07.2025 00:01:36;0;0,023282;0,465646;0;0,497659;0;51,695;-8,77
12.07.2025 00:06:37;0;0,01168;0,443833;0;0,455513;0;51,657001;-8,84
12.07.2025 00:11:39;0,00291;0,023282;0,477287;0;0,488928;0;51,617001;-8,58
12.07.2025 00:16:42;0;0;0,38289;0;0,406095;0;51,592999;-7,92
12.07.2025 00:21:44;0;0,023282;0,384158;0;0,40453;0;51,563;-7,78
12.07.2025 00:26:45;0;0,01168;0,362074;0;0,364994;0;51,550999;-6,33
12.07.2025 00:31:46;0,00584;0,02336;0,373754;0;0,394194;0;51,498001;-8,81
12.07.2025 00:36:47;0;0,01168;0,432153;0;0,440913;0;51,462002;-8,66
12.07.2025 00:41:50;0,002901;0,023205;0,464109;0;0,472811;0;51,417;-9,4
12.07.2025 00:46:52;0;0,011641;0,465646;0;0,491838;0;51,381001;-9,45
12.07.2025 00:51:53;0;0,01168;0,467193;0;0,481792;0;51,346001;-9,3
12.07.2025 00:56:55;0;0,034923;0,372517;0;0,392889;0;51,354;-6,02
12.07.2025 01:01:57;0;0,011641;0,256105;0;0,270657;0;51,354;-4,57
12.07.2025 01:06:59;0;0,023282;0,209541;0;0,224092;0;51,341999;-4,24
12.07.2025 01:12:00;0,00876;0,01168;0,198557;0;0,207317;0;51,312;-6,28
12.07.2025 01:17:02;0;0,011641;0,279387;0;0,30267;0;51,287998;-5,83
12.07.2025 01:22:04;0,00291;0,023282;0,384158;0;0,398709;0;51,240002;-7,7
12.07.2025 01:27:06;0;0,011641;0,372517;0;0,384158;0;51,215;-7,41
12.07.2025 01:32:07;0;0,01168;0,362074;0;0,370834;0;51,193001;-7,07
12.07.2025 01:37:10;0;0,023205;0,348082;0;0,362585;0;51,171001;-7,06
12.07.2025 01:42:12;0;0,011641;0,337593;0;0,360875;0;51,153;-6,22
12.07.2025 01:47:14;0,00291;0,023282;0,244464;0;0,256105;0;51,158001;-4,71
12.07.2025 01:52:14;0;0,011719;0,222656;0;0,243164;0;51,143002;-4,66
12.07.2025 01:57:16;0;0,011641;0,209541;0;0,229913;0;51,132;-4,46
12.07.2025 02:02:16;0,005859;0,023438;0,292969;0;0,295898;0;51,087002;-6,67
12.07.2025 02:07:18;0;0,011641;0,314311;0;0,337593;0;51,073002;-5,68
12.07.2025 02:12:18;0;0,023438;0,28125;0;0,292969;0;51,060001;-5,69
12.07.2025 02:17:20;0;0,011641;0,267746;0;0,279387;0;51,042;-5,47
12.07.2025 02:22:20;0;0,011719;0,269531;0;0,28418;0;51,022999;-5,52
12.07.2025 02:27:22;0;0,023282;0,209541;0;0,229913;0;51,035;-3,42
12.07.2025 02:32:24;0;0,011641;0,162976;0;0,171707;0;51,028;-3,31
12.07.2025 02:37:26;0;0,011641;0,151335;0;0,174617;0;51,019001;-3,35
12.07.2025 02:42:27;0,00584;0,02336;0,163517;0;0,175197;0;50,985001;-6,25
12.07.2025 02:47:30;0;0,011603;0,266863;0;0,284267;0;50,963001;-5,42
12.07.2025 02:52:32;0;0,011641;0,267746;0;0,279387;0;50,945999;-5,39
12.07.2025 02:57:34;0;0,023282;0,291029;0;0,30558;0;50,914001;-6,65
12.07.2025 03:02:36;0;0,011641;0,314311;0;0,334683;0;50,891998;-6,61
12.07.2025 03:07:38;0;0,011641;0,30267;0;0,314311;0;50,897999;-4,29
12.07.2025 03:12:40;0;0,023282;0,197899;0;0,215361;0;50,893002;-4,2
12.07.2025 03:17:42;0,005821;0,011641;0,279387;0;0,293939;0;50,851002;-6,39
12.07.2025 03:22:44;0;0,023282;0,30267;0;0,320131;0;50,834;-6,01
12.07.2025 03:27:46;0,005821;0,011641;0,384158;0;0,384158;0;50,794998;-7,25
12.07.2025 03:32:48;0;0,023282;0,337593;0;0,360875;0;50,778999;-7,06
12.07.2025 03:37:50;0;0,011641;0,337593;0;0,352145;0;50,757999;-6,84
12.07.2025 03:42:52;0;0,011641;0,291029;0;0,299759;0;50,758999;-5,3
12.07.2025 03:47:54;0;0,023282;0,256105;0;0,270657;0;50,748001;-5,34
12.07.2025 03:52:56;0;0,011641;0,232823;0;0,261926;0;50,750999;-3,29
12.07.2025 03:57:58;0;0,023282;0,139694;0;0,162976;0;50,752998;-3,3
12.07.2025 04:03:00;0;0,011641;0,162976;0;0,160066;0;50,744999;-3,17
12.07.2025 04:08:02;0;0,011641;0,139694;0;0,160066;0;50,737999;-3,2
12.07.2025 04:13:04;0,005821;0,011641;0,221182;0;0,235733;0;50,698002;-5,56
12.07.2025 04:18:06;0;0,023282;0,267746;0;0,282298;0;50,678001;-5,53
12.07.2025 04:23:06;0,00293;0,011719;0,304688;0;0,325195;0;50,644001;-6,6
12.07.2025 04:28:08;0;0,011641;0,314311;0;0,323042;0;50,626999;-6,47
12.07.2025 04:33:10;0;0,023282;0,314311;0;0,323042;0;50,611;-6,24
12.07.2025 04:38:11;0;0,01168;0,186877;0;0,218997;0;50,637001;-3,13
12.07.2025 04:43:13;0,00291;0,023282;0,174617;0;0,177527;0;50,619999;-4,25
12.07.2025 04:48:14;0;0,01168;0,210237;0;0,221917;0;50,603001;-4,46
12.07.2025 04:53:16;0,005821;0,011641;0,244464;0;0,261926;0;50,566002;-6,96
12.07.2025 04:58:17;0;0,02336;0,327035;0;0,341635;0;50,539001;-6,63
12.07.2025 05:03:19;0;0,011641;0,267746;0;0,282298;0;50,539001;-5,38
12.07.2025 05:08:20;0;0,02336;0,268636;0;0,286156;0;50,522999;-5,73
12.07.2025 05:13:22;0,005821;0,011641;0,314311;0;0,325952;0;50,479;-7,74
12.07.2025 05:18:25;0;0,011603;0,336479;0;0,356784;0;50,48;-5,39
12.07.2025 05:23:25;0;0,023438;0,246094;0;0,263672;0;50,474998;-5,1
12.07.2025 05:28:26;0;0,01168;0,245276;0;0,256956;0;50,465;-5,05
12.07.2025 05:33:29;0;0,011603;0,232054;0;0,249459;0;50,457001;-4,78
12.07.2025 05:38:28;0,008818;0,023516;0,364496;0;0,358617;0,047032;50,41;-6,51
12.07.2025 05:43:31;0;0,023205;0,336479;0;0,313274;0,023205;50,403;-5,94
12.07.2025 05:48:33;0;0,011641;0,30267;0;0,279387;0,046565;50,396;-5,11
12.07.2025 05:53:35;0;0,023282;0,279387;0;0,194989;0,093129;50,414001;-3,18
12.07.2025 05:58:36;0;0,01168;0,268636;0;0,160597;0,116798;50,415001;-2,67
12.07.2025 06:03:39;0;0,011603;0,208849;0;0,066716;0,162438;50,445999;-0,19
12.07.2025 06:08:41;0;0,058206;0,151335;0;0,008731;0,186258;50,458;-0,19
12.07.2025 06:13:42;0;0,093439;0,163517;0;0,00876;0,233596;50,459999;-0,19
12.07.2025 06:18:45;0,005801;0,116027;0,150835;0;0,011603;0,278465;50,460999;-1,4
12.07.2025 06:23:47;0,014551;0;0,325952;0;0,008731;0,30267;50,464001;-0,18
12.07.2025 06:28:49;0;0,011641;0,325952;0;0,008731;0,325952;50,464001;-0,19
12.07.2025 06:33:50;0;0,046719;0,327035;0;0,01168;0,373754;50,466;-0,18
12.07.2025 06:38:53;0;0,081219;0,290068;0;0,011603;0,348082;50,466999;-0,19
12.07.2025 06:43:55;0;0,10477;0,256105;0,023282;0,005821;0,395799;50,501999;3,67
12.07.2025 06:48:54;0;0,047032;0,188127;0,185188;0;0,39977;50,534;4,11
12.07.2025 06:53:54;0;0,035156;0,175781;0,243164;0;0,46875;50,570999;5,18
12.07.2025 06:58:54;0;0,046875;0,210938;0,234375;0;0,46875;50,591;4,97
12.07.2025 07:03:56;0,005821;0,046565;0,279387;0,197899;0;0,535493;50,591;3,76
12.07.2025 07:08:57;0,00292;0,058399;0,350395;0,183957;0,00292;0,560631;50,596001;2,64
12.07.2025 07:13:59;0,00291;0,034923;0,384158;0,183348;0;0,628622;50,626999;4,54
12.07.2025 07:19:01;0;0,046565;0,325952;0,256105;0;0,628622;50,654999;5,47
12.07.2025 07:24:04;0;0,034808;0,336479;0,301671;0;0,672958;50,685001;6,47
12.07.2025 07:29:06;0;0,046565;0,337593;0,360875;0;0,745033;50,726002;8,01
12.07.2025 07:34:07;0;0,058399;0,245276;0,522672;0;0,817587;50,805;12,87
12.07.2025 07:39:10;0;0,034808;0,162438;0,690362;0;0,905012;50,862;14,59
12.07.2025 07:44:11;0;0,035039;0,186877;0,785468;0;0,981105;50,915001;15,95
12.07.2025 07:49:14;0,002901;0,069616;0,208849;0,820893;0;1,113861;50,959999;15,85
12.07.2025 07:54:15;0;0,046719;0,303675;0,881826;0;1,214701;51,034;17,84
12.07.2025 07:59:18;0,002901;0,046411;0,359684;0,907913;0;1,32271;51,082001;17,01
12.07.2025 08:04:20;0;0,034923;0,419081;0,858534;0;1,32709;51,125;16,049999
12.07.2025 08:09:22;0;0,034923;0,430722;0,893458;0;1,373655;51,196999;18,98
12.07.2025 08:14:24;0;0,058206;0,40744;1,102998;0;1,536631;51,324001;25,6
12.07.2025 08:19:26;0;0,058206;0,314311;1,42604;0;1,816018;51,464001;31,35
12.07.2025 08:24:28;0;0,558775;0,267746;1,364924;0;2,188535;51,490002;24,120001
12.07.2025 08:29:30;0;1,059344;0,209541;1,196127;0;2,44464;51,573002;23,4
12.07.2025 08:34:30;0;1,113281;0,304688;1,201172;0;2,648438;51,653999;23,530001
12.07.2025 08:39:32;0;1,303808;0,325952;1,204858;0;2,793874;51,735001;23,65
12.07.2025 08:44:33;0;1,401578;0,327035;1,203021;0;2,966674;51,814999;23,290001
12.07.2025 08:49:34;0;1,530056;0,338715;1,217621;0;3,060112;51,910999;22,98
12.07.2025 08:54:35;0;1,600135;0,315355;1,203021;0;3,130191;52,014999;23,360001
12.07.2025 08:59:36;0;1,89213;0,210237;1,208861;0;3,317068;52,112999;23,15
12.07.2025 09:04:36;0;1,957031;0,246094;1,209961;0;3,398438;52,214001;23,48
12.07.2025 09:09:38;0;1,978994;0,314311;1,204858;0;3,492343;52,310001;23,469999
12.07.2025 09:14:40;0,034923;0,349234;2,44464;0,841073;0;3,608754;52,321999;23,23
12.07.2025 09:19:42;0,017462;0,849803;1,711248;1,137922;0;3,701883;52,495998;23,25
12.07.2025 09:24:44;0;2,0372;0,535493;1,216499;0;3,77173;52,602001;22,709999
12.07.2025 09:29:46;0;1,396937;1,24076;1,22523;0;3,888142;52,728001;23,719999
12.07.2025 09:34:46;0;0,597656;2,067;1,239258;0;3,914063;52,851002;23,27
12.07.2025 09:39:46;0,005859;0,09375;3,162094;0,700195;0;3,9375;52,699001;3,31
12.07.2025 09:45:00;0;0,738953;0,100766;0,198734;0;4,030653;52,646;3,4
12.07.2025 09:50:00;0;0,820313;0,070313;0,202148;0;2,53125;52,655998;3,62
12.07.2025 09:55:00;0;0,890625;2,965572;0,199219;0;3,539063;52,672001;3,76
12.07.2025 10:00:00;0;0,808594;3,044906;0,193359;0,00293;4,054688;52,688;4,37
12.07.2025 10:05:00;0;0,820313;3,079781;0,208008;0;4,125;52,709999;4,04
12.07.2025 10:10:00;0;0,796875;3,044344;0,196289;0;4,078125;52,723999;3,8
12.07.2025 10:15:02;0;0,873086;3,047744;0,20372;0;4,120964;52,747002;3,59
12.07.2025 10:20:02;0;0,855469;3,068063;0,202148;0;4,148438;52,768002;4,25
12.07.2025 10:25:02;0;0,996094;2,950313;0,202148;0;4,171875;52,784;3,82
12.07.2025 10:30:04;0;1,11755;2,942695;0,20081;0;4,28394;52,805;3,96
12.07.2025 10:35:04;0;1,160156;2,950031;0,199219;0;4,3125;52,821999;3,45
12.07.2025 10:40:04;0,00293;0,996094;3,208125;0,1875;0,005859;4,40625;52,812;1,65
12.07.2025 10:45:04;0,067383;0,433594;3,828938;0,196289;0,049805;4,359375;52,854;4,14
12.07.2025 10:50:04;0;1,136719;3,284719;0,254883;0,005859;4,6875;52,898998;2,89
12.07.2025 10:55:04;0;2,730469;1,839844;0,260742;0,076172;4,734375;52,893002;3,36
12.07.2025 11:00:05;0;4,076256;0,525592;0,221917;0;4,835444;52,929001;4,61
12.07.2025 11:05:04;0;3,468593;0,293949;0,232219;0,094064;3,927153;52,894001;2,39
12.07.2025 11:10:06;0,259015;0,325952;1,513349;0,084398;0,515121;1,140832;52,514;-24,1
12.07.2025 11:15:06;0,073242;1,664063;2,15625;0,166992;0,389648;3,492188;52,769001;3,69
12.07.2025 11:20:06;0;2,753906;2,109375;0,222656;0,049805;5,0625;52,818001;4,11
12.07.2025 11:25:06;0;2,90625;2,109375;0,196289;0;5,203125;52,852001;3,41
12.07.2025 11:30:06;0;2,730469;2,039063;0,216797;0,011719;4,96875;52,896999;3,93
12.07.2025 11:35:07;0;3,971138;1,121262;0,221917;0,0146;5,302637;52,931999;3,83
12.07.2025 11:40:06;0;3,621446;1,093489;0,261614;0,073487;4,91482;52,959;4,14
12.07.2025 11:45:08;0;2,85208;1,967353;0,168797;0,096039;4,88928;52,792999;-11,33
12.07.2025 11:50:09;0;4,181375;0,525592;0,289075;0,084679;4,928883;52,986;3,95
12.07.2025 11:55:09;0;4,96875;0,328125;0,210938;0,011719;5,484375;53,008999;3,99
12.07.2025 12:00:08;0,014697;1,904787;0,764266;0,146974;0,28513;2,5162;52,740002;-14,57
12.07.2025 12:05:11;0,014503;0,487314;3,341584;0,945622;0,066716;4,664295;53,303001;20,360001
12.07.2025 12:10:10;0,023516;0,047032;4,338681;0,999425;0;5,408654;53,351002;10,19
12.07.2025 12:15:12;0,052385;0,046565;5,29672;0,197899;0,145514;5,331643;53,168999;-0,18
12.07.2025 12:20:12;0,023438;0,09375;5,308594;0,199219;0,140625;5,414063;53,377998;21,6
12.07.2025 12:25:13;0;1,343179;3,246989;1,097903;0;5,699751;53,560001;14,35
12.07.2025 12:30:15;0,052385;3,643678;1,548459;0,570416;0,017462;5,70416;53,444;-3,45
12.07.2025 12:35:14;0,152853;1,928303;3,257233;0,367436;0,026455;5,385138;53,486;-3,43
12.07.2025 12:40:14;1,154297;0,128906;3,257813;0,067383;0,243164;2,109375;53,568001;21,26
12.07.2025 12:45:15;0;2,335963;3,305668;0,385434;0;6,026786;53,564999;4,53
12.07.2025 12:50:17;0,30267;1,513349;3,295281;0,183348;0,037834;4,679739;53,506001;-4,76
12.07.2025 12:55:17;1,845703;0;3,174938;0;0,237305;1,125;53,403;-4,01
12.07.2025 13:00:16;1,463864;0,011758;3,367005;0;1,075852;0,846572;52,910999;-23,91
12.07.2025 13:05:16;0,27832;0,070313;1,96875;0,017578;0,928711;0,84375;52,763;-24,08
12.07.2025 13:10:17;0,151838;0,140158;1,156302;0,210237;0,151838;1,191341;53,162998;11,18
12.07.2025 13:15:16;0,1117;0,74075;1,081731;0,711356;0,014697;2,422136;53,48;23,27
12.07.2025 13:20:19;0;4,362624;0,754177;0,948523;0;6,056621;53,57;10,75
12.07.2025 13:25:21;0;4,342146;0,908009;0,398709;0;5,634313;53,564999;4,99
12.07.2025 13:30:21;0;5,121094;0,503906;0,202148;0;5,835938;53,562;2,79
12.07.2025 13:35:20;0;4,268133;0,493834;0,117579;0;4,891304;53,560001;1,67
12.07.2025 13:40:23;0;5,105198;0,498917;0,058014;0,002901;5,662129;53,540001;-0,18
12.07.2025 13:45:23;0;5,167969;0,410156;0;0,011719;5,554688;53,528;-0,2
12.07.2025 13:50:22;0;5,091189;0,435044;0;0,008818;5,526233;53,521;-0,19
12.07.2025 13:55:22;0;4,875;0,609375;0;0,011719;5,460938;53,514999;-0,19
12.07.2025 14:00:25;0;4,246597;1,267574;0;0,008702;5,522896;53,509998;-0,15
12.07.2025 14:05:25;0;2,109375;3,585656;0;0,008789;5,695313;53,506001;-0,15
12.07.2025 14:10:25;0;1,804688;3,702281;0;0,008789;5,507813;53,500999;-0,17
12.07.2025 14:15:24;0;1,610838;3,773171;0;0,008818;5,408654;53,494999;-0,17
12.07.2025 14:20:25;0;1,518376;3,852939;0;0,01168;5,396076;53,491001;-0,18
12.07.2025 14:25:25;0;1,535156;3,8655;0;0,008789;5,414063;53,487;-0,17
12.07.2025 14:30:27;0;1,548272;3,8643;0;0,008731;5,448055;53,481998;-0,19
12.07.2025 14:35:27;0;1,96875;3,724594;0;0,011719;5,695313;53,477001;-0,18
12.07.2025 14:40:27;0;2,355469;3,419906;0;0,008789;5,789063;53,473;-0,17
12.07.2025 14:45:27;0,28418;1,722656;3,1155;0;0,055664;4,523438;53,425999;-2,87
12.07.2025 14:50:27;0,18457;1,371094;0,928969;0;0,046875;2,0625;53,443001;-0,17
12.07.2025 14:55:26;0;1,246342;0,376254;0;0,008818;1,622596;53,441002;-0,19
12.07.2025 15:00:27;0;0,817587;0,397114;0;0,01168;1,214701;53,437;-0,18
12.07.2025 15:05:27;0;0,925781;0,351563;0;0,008789;1,242188;53,432999;-0,19
12.07.2025 15:10:26;0;1,022941;0,305707;0;0,008818;1,340406;53,429001;-0,18
12.07.2025 15:15:27;0;0,946065;0,350395;0;0,00876;1,30814;53,424;-0,19
12.07.2025 15:20:27;0;1,066406;0,492188;0;0,011719;1,523438;53,418999;-0,17
12.07.2025 15:25:27;0;1,570313;0,527344;0;0,008789;2,085938;53,415001;-0,18
12.07.2025 15:30:27;0;2,203125;0,457031;0;0,008789;2,671875;53,410999;-0,17
12.07.2025 15:35:26;0;2,304557;0,529107;0;0,008818;2,821906;53,405998;-0,18
12.07.2025 15:40:27;0;1,90381;0,677429;0;0,01168;2,56956;53,402;-0,19
12.07.2025 15:45:27;0;1,664063;0,65625;0;0,008789;2,296875;53,396999;-0,17
12.07.2025 15:50:27;0;1,488281;0,644531;0;0,008789;2,132813;53,391998;-0,19
12.07.2025 15:55:29;0;1,478425;0,593698;0;0,008731;2,048841;53,389;-0,16
12.07.2025 16:00:29;0;1,464844;0,574219;0;0,008789;2,039063;53,384998;-0,19
12.07.2025 16:05:29;0;1,640625;0,480469;0;0,011719;2,109375;53,380001;-0,16
12.07.2025 16:10:29;0;1,710938;0,480469;0;0,008789;2,203125;53,375999;-0,16
12.07.2025 16:15:29;0;4,417969;0,585938;0;0,008789;4,96875;53,372002;-0,18
12.07.2025 16:20:29;0;2,71875;0,621094;0;0,008789;3,328125;53,367001;-0,2
12.07.2025 16:25:29;0;4,089844;0,75;0;0,008789;4,851563;53,362999;-0,16
12.07.2025 16:30:29;0;3,632813;0,65625;0;0,011719;4,265625;53,360001;-0,17
12.07.2025 16:35:29;0;4,054688;0,621094;0;0,008789;4,6875;53,355;-0,16
12.07.2025 16:40:29;0;4,242188;0,621094;0;0,008789;4,828125;53,348999;-0,2
12.07.2025 16:45:29;0;2,894531;0,550781;0;0,008789;3,421875;53,346001;-0,19
12.07.2025 16:50:30;0;3,153551;0,490552;0;0,01168;3,644103;53,341999;-0,19
12.07.2025 16:55:31;0;3,153551;0,490552;0;0,00876;3,620743;53,337002;-0,18
12.07.2025 17:00:33;0;3,678601;0,628622;0;0,008731;4,307223;53,332001;-0,19
12.07.2025 17:05:34;0;3,18859;0,677429;0;0,00876;3,877699;53,327999;-0,19
12.07.2025 17:10:34;0;1,6875;0,621094;0;0,011719;2,296875;53,323002;-0,17
12.07.2025 17:15:33;0;0,634929;0,634929;0;0,008818;1,269858;53,318001;-0,19
12.07.2025 17:20:34;0,0146;0,467193;0,817587;0;0,081759;1,167982;53,196999;-9,79
12.07.2025 17:25:33;0,005879;0,270433;1,352163;0;0,329222;1,293374;53,207001;-0,2
12.07.2025 17:30:33;0;0,785156;0,574219;0;0,008789;1,335938;53,216;-0,19
12.07.2025 17:35:33;0;1,054688;0,503906;0;0,011719;1,570313;53,216;-0,19
12.07.2025 17:40:34;0;1,588455;0,513912;0;0,00876;2,102367;53,212002;-0,2
12.07.2025 17:45:33;0;1,869513;0,45856;0;0,008818;2,304557;53,209;-0,17
12.07.2025 17:50:35;0;1,408578;0,558775;0;0,008731;1,955712;53,205002;-0,2
12.07.2025 17:55:35;0;1,429688;0,5625;0;0,011719;1,96875;53,202;-0,2
12.07.2025 18:00:35;0;1,6875;0,65625;0;0,008789;2,367188;53,196999;-0,21
12.07.2025 18:05:38;0;1,427135;0,661355;0;0,011603;2,042079;53,194;-0,19
12.07.2025 18:10:37;0;1,422711;0,658445;0;0,008818;2,092914;53,188999;-0,17
12.07.2025 18:15:37;0;1,992188;0,574219;0;0,011719;2,554688;53,186001;-0,18
12.07.2025 18:20:37;0;3,492188;0,597656;0;0,008789;4,078125;53,181;-0,17
12.07.2025 18:25:37;0;3,714844;0,609375;0;0,008789;4,289063;53,176998;-0,17
12.07.2025 18:30:37;0;2,15625;0,644531;0;0,008789;2,835938;53,173;-0,17
12.07.2025 18:35:37;0;0,609375;0,65625;0;0,008789;1,242188;53,169998;-0,17
12.07.2025 18:40:37;0;0,480469;0,644531;0;0,011719;1,125;53,167;-0,17
12.07.2025 18:45:37;0;0,339844;0,667969;0;0,008789;0,984375;53,161999;-0,17
12.07.2025 18:50:38;0;0,420473;0,60735;0;0,00876;1,027824;53,159;-0,18
12.07.2025 18:55:34;0;0,605733;0,593856;0;0,008908;1,187711;53,154999;-0,17
12.07.2025 19:00:35;0;0,490552;0,66575;0;0,00876;1,144622;53,152;-0,18
12.07.2025 19:05:34;0;0,293949;0,670203;0;0,008818;0,964151;53,147999;-0,18
12.07.2025 19:10:35;0,00584;0,256956;0,64239;0;0,01168;0,864306;53,144001;-0,17
12.07.2025 19:15:35;0;0,128906;0,703125;0;0,008789;0,84375;53,139999;-0,17
12.07.2025 19:20:35;0;0,117188;0,703125;0;0,008789;0,796875;53,138;-0,17
12.07.2025 19:25:35;0;0,09375;0,703125;0;0,008789;0,796875;53,132999;-0,17
12.07.2025 19:30:34;0;0,199885;0,646687;0;0,008818;0,823056;53,131001;-0,17
12.07.2025 19:35:34;0,005859;0,035156;0,632813;0;0,008789;0,65625;53,126999;-0,17
12.07.2025 19:40:37;0,034808;0,023205;0,661355;0;0,205948;0,464109;53,035;-4,03
12.07.2025 19:45:37;0;0,011719;0,585938;0;0,240234;0,351563;52,976002;-5,07
12.07.2025 19:50:36;0;0,023516;0,587897;0;0,28513;0,305707;52,918999;-5,89
12.07.2025 19:55:39;0,005801;0,011603;0,580136;0;0,330678;0,25526;52,826;-10,88
12.07.2025 20:00:38;0;0,011758;0,717235;0;0,476197;0,258675;52,766998;-8,95
12.07.2025 20:05:39;0;0,01168;0,712469;0;0,473033;0,280316;52,707001;-9,3
12.07.2025 20:10:39;0,00293;0,023438;0,691406;0;0,436523;0,257813;52,674999;-7,52
12.07.2025 20:15:39;0,058594;0,035156;1,054688;0;0,74707;0,28125;52,583;-7,83
12.07.2025 20:20:40;0,00292;0,02336;0,61903;0;0,356234;0,280316;52,562;-6,65
12.07.2025 20:25:41;0;0,01168;0,513912;0;0,367914;0,163517;52,521;-7,47
12.07.2025 20:30:41;0;0,011719;0,539063;0;0,395508;0,164063;52,48;-7,63
12.07.2025 20:35:40;0;0,023516;0,493834;0;0,335101;0,164611;52,462002;-6,58
12.07.2025 20:40:40;0,008789;0,023438;0,410156;0;0,336914;0,09375;52,441002;-4,83
12.07.2025 20:45:41;0,00292;0,01168;0,385434;0;0,283236;0,093439;52,389;-7,67
12.07.2025 20:50:43;0,00291;0,011641;0,465646;0;0,427812;0,046565;52,334999;-8,93
12.07.2025 20:55:45;0;0,023282;0,558775;0;0,547134;0,046565;52,265999;-10,45
12.07.2025 21:00:45;0;0,011719;0,597656;0;0,583008;0,023438;52,205002;-11,56
12.07.2025 21:05:47;0,40453;0,011641;1,129191;0;0,71011;0,023282;52,035;-23,790001
12.07.2025 21:10:46;0,008818;0,035274;0,529107;0;0,537926;0,023516;52,111;-9,52
12.07.2025 21:15:47;0;0,01168;0,478873;0;0,484712;0;52,080002;-8,26
12.07.2025 21:20:47;0;0,023438;0,363281;0;0,37793;0;52,063999;-6,64
12.07.2025 21:25:47;0,008789;0,011719;0,386719;0;0,404297;0;51,993999;-10,23
12.07.2025 21:30:47;0;0,023438;0,515625;0;0,527344;0;51,948002;-10,31
12.07.2025 21:35:47;0,120117;0,140625;0,796875;0;0,814453;0;51,868999;-10,55
12.07.2025 21:40:47;0,117188;0,128906;0,679688;0;0,694336;0;51,806999;-10,69
12.07.2025 21:45:47;0,193359;0,210938;0,820313;0;0,84375;0;51,745998;-9,35
12.07.2025 21:50:47;0,09375;0,105469;0,5625;0;0,577148;0;51,723999;-7,1
12.07.2025 21:55:47;0,120117;0,105469;0,503906;0;0,486328;0;51,560001;-30,370001
12.07.2025 22:00:47;0,319336;0,234375;1,429688;0;1,338867;0;51,285;-43,290001
12.07.2025 22:05:48;0,66867;0,058399;2,931634;0;2,333044;0;51,042;-40,32
12.07.2025 22:10:47;0,005879;0,035274;1,65787;0;1,696083;0;51,040001;-29,309999
12.07.2025 22:15:47;0;0,023438;1,570313;0;1,567383;0;50,889999;-31,450001
12.07.2025 22:20:49;0;0,046565;1,385296;0;1,437681;0;50,978001;-12,28
12.07.2025 22:25:51;0,00291;0,011641;0,558775;0;0,570416;0;50,990002;-11,83
12.07.2025 22:30:53;0;0,023282;0,535493;0;0,558775;0;50,976002;-10,18
12.07.2025 22:35:55;0;0,011641;0,384158;0;0,40744;0;51;-5,72
12.07.2025 22:40:54;0,002939;0,023516;0,352738;0;0,370375;0;50,960999;-7,98
12.07.2025 22:45:55;0;0,01168;0,420473;0;0,432153;0;50,924;-8,86
12.07.2025 22:50:55;0,005859;0,023438;0,492188;0;0,500977;0;50,869999;-11,23
12.07.2025 22:55:55;0;0,011719;0,550781;0;0,5625;0;50,827999;-11,25
12.07.2025 23:00:55;0;0,011719;0,550781;0;0,571289;0;50,785999;-11,75
12.07.2025 23:05:55;0;0,023438;0,503906;0;0,515625;0;50,782001;-9,67
12.07.2025 23:10:55;0;0,011719;0,386719;0;0,416016;0;50,779999;-8,14
12.07.2025 23:15:55;0;0,023438;0,398438;0;0,413086;0;50,757;-8,13
12.07.2025 23:20:55;0,00293;0,011719;0,375;0;0,389648;0;50,742001;-7,66
12.07.2025 23:25:56;0,00292;0,01168;0,467193;0;0,467193;0;50,695;-9,41
12.07.2025 23:30:55;0;0,023516;0,423286;0;0,449741;0;50,683998;-7,9
12.07.2025 23:35:55;0,005859;0,023438;0,363281;0;0,369141;0;50,664001;-8,34
12.07.2025 23:40:55;0,00293;0,011719;0,445313;0;0,46875;0;50,623001;-9,4
12.07.2025 23:45:57;0;0,011641;0,454005;0;0,468556;0;50,596001;-8,96
12.07.2025 23:50:57;0;0,011719;0,445313;0;0,457031;0;50,573002;-8,92
12.07.2025 23:55:57;0;0,023438;0,421875;0;0,427734;0;50,560001;-8,1
13.07.2025 00:00:59;0;0,023282;0,384158;0;0,421991;0;50,547001;-6,46
13.07.2025 00:05:59;0;0,011719;0,363281;0;0,366211;0;50,528;-7,28
13.07.2025 00:10:59;0;0,011719;0,351563;0;0,375;0;50,506001;-7,59
13.07.2025 00:15:59;0;0,011719;0,363281;0;0,37793;0;50,488998;-7,36
13.07.2025 00:21:00;0,00584;0,02336;0,432153;0;0,440913;0;50,445;-8,64
13.07.2025 00:25:59;0;0,011758;0,423286;0;0,432104;0;50,426998;-8,51
13.07.2025 00:30:59;0;0,011719;0,410156;0;0,427734;0;50,403999;-8,23
13.07.2025 00:35:59;0,00293;0,023438;0,480469;0;0,492188;0;50,351002;-10,41
13.07.2025 00:40:59;0;0,011719;0,410156;0;0,427734;0;50,352001;-8,37
13.07.2025 00:45:59;0,00293;0,023438;0,398438;0;0,416016;0;50,331001;-8,48
13.07.2025 00:51:02;0;0,023205;0,266863;0;0,290068;0;50,356998;-5,19
13.07.2025 00:56:04;0;0,011641;0,244464;0;0,267746;0;50,341999;-6,02
13.07.2025 01:01:06;0;0,011641;0,291029;0;0,30267;0;50,323002;-6,02
13.07.2025 01:06:07;0,00584;0,02336;0,268636;0;0,280316;0;50,304001;-6,75
13.07.2025 01:11:10;0;0,011603;0,324876;0;0,330678;0;50,292;-5,7
13.07.2025 01:16:11;0;0,02336;0,280316;0;0,297835;0;50,278;-5,88
13.07.2025 01:21:13;0;0,011641;0,279387;0;0,296849;0;50,262001;-5,82
13.07.2025 01:26:15;0;0,011641;0,291029;0;0,30849;0;50,237;-6,9
13.07.2025 01:31:18;0,002901;0,023205;0,301671;0;0,324876;0;50,234001;-4,93
13.07.2025 01:36:17;0;0,011758;0,235159;0;0,249856;0;50,229;-4,93
13.07.2025 01:41:20;0;0,011603;0,232054;0;0,246558;0;50,217999;-4,92
13.07.2025 01:46:21;0;0,02336;0,186877;0;0,195637;0;50,227001;-3,6
13.07.2025 01:51:24;0,002901;0,011603;0,278465;0;0,287167;0;50,182999;-5,92
13.07.2025 01:56:25;0;0,02336;0,280316;0;0,294915;0;50,165001;-5,84
13.07.2025 02:01:27;0;0,011641;0,267746;0;0,291029;0;50,147999;-5,79
13.07.2025 02:06:30;0;0,011603;0,278465;0;0,290068;0;50,132999;-5,76
13.07.2025 02:11:31;0;0,02336;0,256956;0;0,283236;0;50,132;-3,84
13.07.2025 02:16:34;0,002901;0,011603;0,185644;0;0,197246;0;50,123001;-4,78
13.07.2025 02:21:34;0;0,011719;0,234375;0;0,237305;0;50,112999;-4,65
13.07.2025 02:26:36;0;0,023282;0,209541;0;0,221182;0;50,105999;-4,43
13.07.2025 02:31:38;0,008731;0,023282;0,30267;0;0,323042;0;50,044998;-7,86
13.07.2025 02:36:40;0;0,011641;0,360875;0;0,381247;0;50,021999;-7,4
13.07.2025 02:41:42;0;0,011641;0,349234;0;0,366696;0;49,995998;-7,36
13.07.2025 02:46:44;0;0,011641;0,349234;0;0,355055;0;49,977001;-7
13.07.2025 02:51:46;0,00291;0,023282;0,349234;0;0,363786;0;49,945999;-8,27
13.07.2025 02:56:45;0;0,011758;0,39977;0;0,411528;0;49,912998;-8,37
13.07.2025 03:01:48;0;0,034808;0,278465;0;0,307472;0;49,939999;-4,59
13.07.2025 03:06:50;0;0;0,221182;0;0,224092;0;49,936001;-4,47
13.07.2025 03:11:52;0;0,011641;0,151335;0;0,174617;0;49,946999;-3,15
13.07.2025 03:16:53;0;0,02336;0,140158;0;0,163517;0;49,945;-3,19
13.07.2025 03:21:54;0,00584;0,01168;0,256956;0;0,262796;0;49,903999;-5,58
13.07.2025 03:26:55;0;0,02336;0,268636;0;0,274476;0;49,879002;-5,53
13.07.2025 03:31:56;0;0,01168;0,256956;0;0,274476;0;49,863998;-5,46
13.07.2025 03:36:58;0;0,023282;0,267746;0;0,282298;0;49,834999;-6,6
13.07.2025 03:42:00;0;0,011641;0,30267;0;0,325952;0;49,811001;-6,54
13.07.2025 03:47:02;0;0,023282;0,209541;0;0,229913;0;49,821999;-4,25
13.07.2025 03:52:04;0;0,011641;0,197899;0;0,20663;0;49,819;-3,39
13.07.2025 03:57:06;0;0,023282;0,151335;0;0,165886;0;49,814999;-3,53
13.07.2025 04:02:08;0,005821;0,011641;0,186258;0;0,212451;0;49,776001;-6,02
13.07.2025 04:07:08;0;0,023438;0,28125;0;0,292969;0;49,751999;-5,86
13.07.2025 04:12:10;0;0,011641;0,279387;0;0,291029;0;49,730999;-5,74
13.07.2025 04:17:12;0;0,011641;0,267746;0;0,282298;0;49,712002;-5,68
13.07.2025 04:22:14;0,00291;0,011641;0,314311;0;0,317221;0;49,675999;-6,93
13.07.2025 04:27:16;0;0,023282;0,267746;0;0,293939;0;49,676998;-4,72
13.07.2025 04:32:18;0,005821;0,011641;0,314311;0;0,328862;0;49,632;-6,63
13.07.2025 04:37:20;0;0,023282;0,279387;0;0,299759;0;49,629002;-4,96
13.07.2025 04:42:22;0,008731;0,011641;0,267746;0;0,264836;0;49,588001;-7,67
13.07.2025 04:47:21;0;0,023516;0,34098;0;0,355678;0;49,562;-7,16
13.07.2025 04:52:24;0;0,011603;0,324876;0;0,350982;0;49,535999;-7,08
13.07.2025 04:57:26;0;0,011641;0,30267;0;0,314311;0;49,533001;-5,39
13.07.2025 05:02:28;0;0,023282;0,279387;0;0,30267;0;49,495998;-6,61
13.07.2025 05:07:31;0;0,011603;0,313274;0;0,321976;0;49,474998;-6,5
13.07.2025 05:12:32;0;0,02336;0,221917;0;0,248196;0;49,481998;-4,19
13.07.2025 05:17:34;0;0,011641;0,186258;0;0,189169;0;49,483002;-3,32
13.07.2025 05:22:36;0;0,011641;0,151335;0;0,162976;0;49,473;-3,29
13.07.2025 05:27:38;0,005821;0,023282;0,174617;0;0,194989;0;49,432999;-5,95
13.07.2025 05:32:41;0,002901;0,011603;0,266863;0;0,284267;0;49,409;-5,7
13.07.2025 05:37:42;0;0,01168;0,256956;0;0,280316;0;49,386002;-5,65
13.07.2025 05:42:44;0;0,023282;0,279387;0;0,273567;0;49,367001;-5,5
13.07.2025 05:47:46;0;0,011641;0,267746;0;0,259015;0,046565;49,352001;-5,02
13.07.2025 05:52:49;0,002901;0,011603;0,243657;0;0,223352;0,023205;49,349998;-3,66
13.07.2025 05:57:50;0;0,02336;0,221917;0;0,154758;0,093439;49,352001;-2,62
13.07.2025 06:02:50;0;0,023438;0,234375;0;0,117188;0,117188;49,353001;-2,02
13.07.2025 06:07:52;0,017462;0;0,209541;0;0,049475;0,162976;49,372002;-0,2
13.07.2025 06:12:55;0,020305;0,023205;0,278465;0,005801;0,092822;0,208849;49,348;-1,78
13.07.2025 06:17:55;0,029297;0;0,269531;0;0,026367;0,210938;49,367001;-0,19
13.07.2025 06:22:57;0,005821;0;0,256105;0;0,008731;0,256105;49,368999;-0,19
13.07.2025 06:27:58;0,035039;0,02336;0,350395;0,00292;0,055479;0,256956;49,339001;-2,45
13.07.2025 06:33:01;0;0,011603;0,406095;0,002901;0,104425;0,324876;49,331001;-2,04
13.07.2025 06:38:02;0;0,058399;0,338715;0;0,032119;0,350395;49,351002;-0,19
13.07.2025 06:43:05;0;0,069616;0,25526;0,052212;0,005801;0,371287;49,384998;2,23
13.07.2025 06:48:04;0;0,035274;0,258675;0,120519;0;0,423286;49,408001;2,61
13.07.2025 06:53:03;0,005879;0,047032;0,258675;0,138156;0;0,446802;49,410999;2,04
13.07.2025 06:58:03;0;0,035156;0,269531;0,169922;0,00293;0,492188;49,459;3,69
13.07.2025 07:03:05;0,037834;0,034923;0,477287;0,142604;0,125142;0,465646;49,229;-22,809999
13.07.2025 07:08:08;0,002901;0,023205;1,810025;0;1,282101;0,556931;48,984001;-27,379999
13.07.2025 07:13:09;0,394194;0,01168;2,814836;0;1,860011;0,583991;48,563;-52,450001
13.07.2025 07:18:11;1,885865;0;5,005691;0;2,499935;0,605339;48,334;-51,900002
13.07.2025 07:23:14;1,83033;0;4,965965;0;2,494585;0,626547;48,095001;-52,57
13.07.2025 07:28:16;0,491838;0,034923;3,108185;0,072757;2,011007;0,698469;48,487999;9,64
13.07.2025 07:33:17;0;0,058399;0,221917;0,522672;0;0,817587;48,764;12,32
13.07.2025 07:38:20;0,005801;0,046411;0,278465;0,551129;0;0,858601;48,868;11,07
13.07.2025 07:43:21;0;0,046719;0,373754;0,548951;0;0,981105;48,958;12,21
13.07.2025 07:48:24;0;0,034808;0,38289;0,507619;0;0,928218;49,030998;13,45
13.07.2025 07:53:25;0,00292;0,058399;0,373754;0,800067;0;1,238061;49,195;19,549999
13.07.2025 07:58:28;0;0,046411;0,38289;1,084855;0;1,508354;49,353001;25,18
13.07.2025 08:03:27;0;0,047032;0,364496;1,410953;0;1,834239;49,591999;32,400002
13.07.2025 08:08:30;0,008702;0,046411;0,336479;1,57797;0;1,949257;49,783001;31,42
13.07.2025 08:13:29;0,020576;0,047032;0,246917;1,419772;0;1,693144;49,793999;20,92
13.07.2025 08:18:32;0,014503;0,046411;0,25526;0,989132;0;1,2763;49,827;16,360001
13.07.2025 08:23:34;0,032013;0,10477;0,337593;0,983677;0;1,373655;49,898998;16,889999
13.07.2025 08:28:36;0,122232;0,10477;2,456281;0,113501;0,972035;1,583195;49,342999;-17,950001
13.07.2025 08:33:37;0,108038;0,163517;0,899346;0,63655;0,102198;1,495017;49,717999;5,62
13.07.2025 08:38:38;0,01168;0,116798;0,467193;0,732909;0;1,30814;50,098;46,689999
13.07.2025 08:43:40;0,020372;0,069847;0,698469;2,255471;0;3,003415;50,313999;46,099998
13.07.2025 08:48:42;0;0,162976;0,640263;2,307856;0;3,119826;50,421001;44,799999
13.07.2025 08:53:44;0;0,337593;0,570416;2,272933;0;3,166391;50,575001;46,029999
13.07.2025 08:58:44;0,049805;0,292969;0,480469;2,088867;0;2,835938;50,678001;47,400002
13.07.2025 09:03:46;0;2,072123;0,349234;0,963305;0,005821;3,352649;50,269001;-0,24
13.07.2025 09:08:46;0;1,839844;0,433594;1,256836;0,008789;3,539063;50,789001;45,150002
13.07.2025 09:13:48;0;0,733392;0,570416;2,307856;0;3,608754;50,917;44,48
13.07.2025 09:18:50;0;0,838162;0,593698;2,264202;0;3,678601;51,049;44,279999
13.07.2025 09:23:52;0;0,91965;0,547134;2,264202;0;3,748448;51,173;44,639999
13.07.2025 09:28:54;0,00291;0,535493;1,350373;1,926609;0;3,795012;51,166;33,98
13.07.2025 09:33:56;0,00291;0,046565;2,060482;1,807287;0;3,911424;51,298;36,369999
13.07.2025 09:38:58;0;0,756674;1,257243;1,912058;0;3,934706;51,306;17,42
13.07.2025 09:44:00;0;1,967353;0,325952;1,693786;0;4,004553;51,466;30,93
13.07.2025 09:49:02;0,00291;1,699607;0,861445;1,460963;0;4,004553;51,501999;29,370001
13.07.2025 09:54:04;0;2,409716;0,419081;1,21941;0;4,051118;51,512001;22,870001
13.07.2025 09:59:06;0;2,467922;0,430722;1,184486;0;4,0744;51,580002;22,58
13.07.2025 10:04:08;0;1,93243;0,954574;1,172845;0;4,0744;51,654999;23,25
13.07.2025 10:09:10;0;2,421358;0,488928;1,187397;0;4,097682;51,734001;22,26
13.07.2025 10:14:10;0;2,460938;0,421875;1,192383;0;4,078125;51,808998;23,15
13.07.2025 10:19:12;0;2,44464;0,454005;1,196127;0;4,0744;51,887001;23,09
13.07.2025 10:24:14;0;2,293305;0,558775;1,204858;0;4,0744;51,983002;22,35
13.07.2025 10:29:16;0,069847;1,769454;0,915832;1,181576;0;3,795012;51,973;9,21
13.07.2025 10:34:16;0,00293;0,046875;3,434156;0,706055;0;4,21875;52,014;14,38
13.07.2025 10:39:18;0;0,442363;2,658464;1,201948;0;4,307223;52,231998;23,92
13.07.2025 10:44:20;0,093129;0,267746;2,599979;0,832342;0,046565;3,56219;52,263;22,940001
13.07.2025 10:49:22;0,040744;0,244464;2,506292;0,887637;0;3,632036;52,23;16,639999
13.07.2025 10:54:25;0,014503;0,429301;2,741956;1,131265;0;4,316213;52,446999;23,48
13.07.2025 10:59:26;0,499312;0,303675;2,36222;0,411714;0,119718;2,476121;52,312;22,32
13.07.2025 11:04:28;0;0,756674;2,389321;1,213589;0;4,353787;52,570999;23,639999
13.07.2025 11:09:31;0,014503;0,38289;2,404641;1,122563;0;3,92172;52,662998;23,110001
13.07.2025 11:14:32;0;0,770868;2,537417;1,229301;0;4,531769;52,792999;23,549999
13.07.2025 11:19:34;0;0,803239;2,540656;1,228141;0;4,633175;52,909;23,32
13.07.2025 11:24:34;0,366211;0,480469;2,498438;0,506836;0,123047;2,976563;52,768002;23,219999
13.07.2025 11:29:34;0,181641;0,996094;2,439281;0,697266;0,111328;3,867188;52,740002;4,66
13.07.2025 11:34:36;0;2,188535;2,446968;0,20081;0;4,865998;52,702;3,77
13.07.2025 11:39:38;0;2,351511;2,388763;0,20372;0;4,935844;52,713001;4,08
13.07.2025 11:44:38;0,00293;2,261719;2,356969;0,199219;0,023438;4,828125;52,576;-17,809999
13.07.2025 11:49:38;0,09375;1,945313;2,345531;0,205078;0,049805;4,359375;52,730999;3,68
13.07.2025 11:54:40;0;2,316587;2,34136;0,197899;0,00291;4,912562;52,752998;4,06
13.07.2025 11:59:40;0;2,296875;2,379844;0,202148;0;4,898438;52,77;3,89
13.07.2025 12:04:43;0,005801;2,192915;2,6237;0,21175;0,078318;4,965965;52,68;-5,04
13.07.2025 12:09:44;0;0,035039;5,105015;0,00584;0,043799;5,11576;52,709999;1,34
13.07.2025 12:14:46;1,036062;0,069847;4,622465;0,122232;0,619891;3,143108;52,667999;9,66
13.07.2025 12:19:49;0;2,007271;2,918131;0,263962;0;5,19802;52,703999;3,7
13.07.2025 12:24:50;0;2,966674;2,102367;0,245276;0,02336;5,302637;52,695;4,89
13.07.2025 12:29:53;0;3,863707;1,32271;0,25526;0,034808;5,383663;52,841;8,41
13.07.2025 12:34:55;0;3,294443;1,501707;0,224092;0,116411;4,912562;52,851002;15,01
13.07.2025 12:39:57;0;3,46906;1,466784;0,30267;0,069847;5,168667;52,821999;3,45
13.07.2025 12:44:58;0;3,679142;1,471657;0,242356;0,046719;5,372716;52,824001;3,02
13.07.2025 12:50:01;0;3,701269;1,427135;0,261061;0,04061;5,360458;52,852001;-6,59
13.07.2025 12:55:01;0;3,738281;1,453125;0,234375;0,049805;5,367188;52,891998;8,38
13.07.2025 13:00:03;0;4,039476;1,268885;0,253195;0,029103;5,494619;52,916;4,28
13.07.2025 13:05:04;0;2,990033;2,292141;0,210237;0,043799;5,489514;52,917999;3,9
13.07.2025 13:10:06;0;2,921927;2,354957;0,20372;0;5,494619;52,945999;3,94
13.07.2025 13:15:10;0;3,157124;2,327622;0,208162;0,005782;5,689762;52,992001;6,64
13.07.2025 13:20:11;0,072999;2,137407;2,45706;0,254036;0,122638;4,671927;52,959999;3,42
13.07.2025 13:25:11;0;2,601563;2,572406;0,202148;0;5,414063;52,994999;3,62
13.07.2025 13:30:13;0;2,85208;2,423686;0,20081;0;5,471337;53,014;3,46
13.07.2025 13:35:14;0;2,814836;2,395578;0,198557;0;5,442795;53,035999;3,75
13.07.2025 13:40:17;0;2,807859;2,380043;0,203048;0;5,406869;53,058998;3,5
13.07.2025 13:45:19;0;2,083764;3,152514;0,189169;0,005821;5,424772;53,077999;3,56
13.07.2025 13:50:19;0;2,121094;3,055781;0,202148;0;5,414063;53,102001;3,93
13.07.2025 13:55:21;0;2,200176;3,012262;0,20372;0;5,448055;53,123001;3,88
13.07.2025 14:00:20;0;2,210493;3,030163;0,258675;0;5,502717;53,310001;23,52
13.07.2025 14:05:22;0,046565;0,989497;3,197683;1,146653;0,008731;5,308361;53,539001;23
13.07.2025 14:10:25;0;1,438738;3,186572;0,919516;0;5,569307;53,557999;11,93
13.07.2025 14:15:25;0;2,027344;3,195281;0,524414;0;5,765625;53,568001;8,15
13.07.2025 14:20:25;0;2,238281;3,207281;0,307617;0;5,765625;53,563;4,37
13.07.2025 14:25:27;0;2,048841;3,233165;0,186258;0;5,471337;53,562;2,73
13.07.2025 14:30:28;0;2,008929;3,161586;0,125558;0;5,349356;53,560001;1,91
13.07.2025 14:35:31;0,014503;2,076887;3,071937;0,066716;0,002901;5,19802;53,539001;-0,16
13.07.2025 14:40:33;0;2,281664;2,999783;0;0,011641;5,308361;53,526001;-0,19
13.07.2025 14:45:35;0;2,188535;3,046348;0;0,008731;5,261796;53,516998;-0,19
13.07.2025 14:50:37;0;2,130329;3,058268;0;0,011641;5,19195;53,512001;-0,19
13.07.2025 14:55:39;0;2,060482;3,034427;0;0,008731;5,122103;53,505001;-0,17
13.07.2025 15:00:41;0;1,978994;3,046068;0;0,008731;5,005691;53,5;-0,19
13.07.2025 15:05:43;0;1,944071;3,093191;0;0,014551;5,075538;53,494999;-0,19
13.07.2025 15:10:43;0,035156;1,769531;3,077531;0;0,011719;4,804688;53,487;-0,19
13.07.2025 15:15:45;0,00291;1,897506;2,988701;0;0,011641;4,88928;53,485001;-0,17
13.07.2025 15:20:46;0;2,043968;2,96359;0;0,00876;5,022321;53,48;-0,17
13.07.2025 15:25:49;0;1,995668;2,920545;0;0,011603;4,919554;53,473999;-0,19
13.07.2025 15:30:51;0;1,885865;3,010586;0;0,008731;4,912562;53,470001;-0,17
13.07.2025 15:35:53;0;1,583195;3,092074;0;0,008731;4,679739;53,465;-0,17
13.07.2025 15:40:54;0;2,943314;1,618169;0;0,00876;4,578488;53,460999;-0,17
13.07.2025 15:45:57;0;4,200186;0,371287;0;0,008702;4,548267;53,457001;-0,17
13.07.2025 15:50:59;0;4,016194;0,30267;0;0,008731;4,307223;53,451;-0,17
13.07.2025 15:56:01;0;3,515625;0,279387;0;0,008731;3,795012;53,448002;-0,17
13.07.2025 16:01:03;0;3,236238;0,221182;0;0,011641;3,445778;53,445;-0,17
13.07.2025 16:06:05;0;4,004553;0,209541;0;0,008731;4,214094;53,438999;-0,17
13.07.2025 16:11:06;0;3,468906;0,221917;0;0,00876;3,667463;53,433998;-0,17
13.07.2025 16:16:09;0;4,084158;0,313274;0;0,008702;4,385829;53,43;-0,16
13.07.2025 16:21:15;0;4,147518;0,425092;0;0,008617;4,57261;53,425999;-0,15
13.07.2025 16:26:15;0;3,257813;0,457031;0;0,008789;3,703125;53,421001;-0,16
13.07.2025 16:31:15;0;4,019531;0,445313;0;0,008789;4,429688;53,417;-0,16
13.07.2025 16:36:17;0;2,281664;0,454005;0;0,008731;2,74731;53,410999;-0,17
13.07.2025 16:41:19;0;4,214094;0,430722;0;0,008731;4,656457;53,407001;-0,17
13.07.2025 16:46:21;0;3,119826;0,314311;0;0,008731;3,399214;53,403999;-0,17
13.07.2025 16:51:23;0;1,816018;0,256105;0;0,008731;2,095406;53,397999;-0,15
13.07.2025 16:56:25;0,026193;1,967353;1,594837;0;0,221182;3,282802;53,339001;-0,21
13.07.2025 17:01:27;0;2,526128;0,372517;0;0,008731;2,910286;53,339001;-0,16
13.07.2025 17:06:29;0;2,281664;0,395799;0;0,011641;2,630898;53,335999;-0,19
13.07.2025 17:11:31;0;1,699607;0,360875;0;0,008731;2,072123;53,333;-0,17
13.07.2025 17:16:32;0;3,246989;0,373754;0;0,00876;3,597384;53,328999;-0,17
13.07.2025 17:21:33;0;3,620743;0,362074;0;0,00876;3,994498;53,323002;-0,17
13.07.2025 17:26:35;0;1,990635;0,395799;0;0,008731;2,351511;53,320999;-0,19
13.07.2025 17:31:37;0;4,004553;0,267746;0;0,011641;4,260658;53,317001;-0,18
13.07.2025 17:36:40;0,029007;2,784653;1,055848;0;0,04061;3,805693;53,179001;-15,8
13.07.2025 17:41:41;0,195637;0,186877;1,91549;0,037959;0,692029;1,238061;52,980999;-14,65
13.07.2025 17:46:41;0,178711;0,46875;1,160156;0,55957;0,164063;1,851563;53,48;23,120001
13.07.2025 17:51:43;0,142604;0,314311;0,931291;0,547134;0,029103;1,606478;53,375999;-2,88
13.07.2025 17:56:46;0,069616;1,473546;0,707766;0,414797;0,014503;2,529394;53,564999;6,74
13.07.2025 18:01:47;0;0,759188;0,537272;0,230676;0;1,518376;53,561001;2,76
13.07.2025 18:06:49;0;0,81488;0,523851;0,119322;0;1,443502;53,560001;1,54
13.07.2025 18:11:50;0,0146;2,242525;1,062863;0,055479;0,037959;3,293708;53,532001;-0,17
13.07.2025 18:16:49;0,085245;0,964151;1,481501;0;0,417407;1,951819;53,380001;-0,21
13.07.2025 18:21:51;0,663545;0,186258;3,096544;0;0,733392;1,909147;53,004002;-16,09
13.07.2025 18:26:53;1,006959;0,058206;4,144247;0;1,114639;2,072123;52,762001;-21,690001
13.07.2025 18:31:55;0,535493;0,034923;4,598251;0;1,027331;3,096544;52,619999;-25,780001
13.07.2025 18:36:56;0,186877;0,362074;2,908275;0,254036;0,429233;2,873235;53,078999;22,57
13.07.2025 18:41:57;0;0,934385;0,560631;1,217621;0,00292;2,733077;53,375999;23,43
13.07.2025 18:46:59;0;0,71011;0,547134;1,187397;0;2,44464;53,551998;16,559999
13.07.2025 18:51:57;0,002949;1,13255;0,601667;0,622313;0,002949;2,335885;53,483002;-1,11
13.07.2025 18:56:59;0,061116;0,186258;2,060482;0,064026;0,10477;2,14197;53,435001;9,69
13.07.2025 19:02:00;0,081759;0,467193;1,366539;0,350395;0,058399;2,079007;53,615002;10,16
13.07.2025 19:07:01;0,216077;0,280316;1,2731;0,259876;0,254036;1,30814;53,463001;1,98
13.07.2025 19:12:03;0,314311;0,10477;1,082626;0,183348;0,323042;0,745033;53,603001;16,66
13.07.2025 19:17:03;0;0,75;0,433594;0,328125;0;1,5;53,563999;3,33
13.07.2025 19:22:05;0;0,791598;0,477287;0,136783;0;1,396937;53,557999;1,62
13.07.2025 19:27:07;0;0,908009;0,465646;0,066937;0,00291;1,443502;53,542;-0,2
13.07.2025 19:32:08;0;1,039504;0,362074;0;0,00876;1,378218;53,530998;-0,17
13.07.2025 19:37:10;0;0,500569;0,442363;0;0,008731;0,954574;53,523998;-0,17
13.07.2025 19:42:13;0,020305;0,092822;0,522123;0;0,008702;0,580136;53,519001;-0,17
13.07.2025 19:47:14;0,01752;0,01168;0,502232;0;0,01168;0,467193;53,513;-0,19
13.07.2025 19:52:17;0,026106;0,12763;0,38289;0;0,014503;0,487314;53,506001;-1,58
13.07.2025 19:57:18;0,052559;0;0,338715;0;0,040879;0,280316;53,487999;-0,16
13.07.2025 20:02:21;0,026106;0;0,348082;0;0,092822;0,185644;53,438;-2,86
13.07.2025 20:07:23;0,008731;0,034923;0,384158;0;0,20372;0,209541;53,366001;-4,2
13.07.2025 20:12:25;0;0,011641;0,384158;0;0,194989;0,209541;53,331001;-3
13.07.2025 20:17:27;0,005821;0,069847;0,384158;0;0,058206;0,372517;53,358002;-0,23
13.07.2025 20:22:29;0;0,069847;0,40744;0;0,008731;0,488928;53,355;-0,18
13.07.2025 20:27:31;0,00291;0,023282;0,442363;0;0,011641;0,442363;53,352001;-0,19
13.07.2025 20:32:34;0,005801;0,046411;0,394493;0;0,008702;0,440903;53,348999;-0,18
13.07.2025 20:37:35;0;0,140158;0,350395;0;0,00876;0,467193;53,345001;-0,17
13.07.2025 20:42:37;0;0,151335;0,30267;0;0,008731;0,465646;53,341999;-0,15
13.07.2025 20:47:39;0,020372;0,023282;0,325952;0;0,037834;0,279387;53,294998;-3,33
13.07.2025 20:52:41;0,008731;0,023282;0,430722;0;0,267746;0,162976;53,194;-5,48
13.07.2025 20:57:42;0,00292;0,01168;0,455513;0;0,394194;0,093439;53,078999;-7,5
13.07.2025 21:02:45;0;0,023205;0,440903;0;0,423499;0,023205;52,986;-8,46
13.07.2025 21:07:46;0,00292;0,01168;0,455513;0;0,461353;0;52,901001;-8,99
13.07.2025 21:12:47;0;0,01168;0,455513;0;0,475953;0;52,851002;-6,54
13.07.2025 21:17:49;0;0,023282;0,30267;0;0,320131;0;52,824001;-5,91
13.07.2025 21:22:50;0;0,01168;0,268636;0;0,289075;0;52,792;-5,39
13.07.2025 21:27:53;0;0,023205;0,290068;0;0,287167;0;52,757;-5,4
13.07.2025 21:32:55;0,011641;0,011641;0,337593;0;0,346324;0;52,676998;-11,23
13.07.2025 21:37:57;0;0,011641;0,454005;0;0,488928;0;52,624001;-8,87
13.07.2025 21:42:59;0,00291;0,023282;0,51221;0;0,515121;0;52,560001;-9,75
13.07.2025 21:48:00;0,00292;0,01168;0,572311;0;0,578151;0;52,483002;-11,75
13.07.2025 21:53:01;0,00292;0,02336;0,537272;0;0,560631;0;52,438999;-10,54
13.07.2025 21:58:04;0;0,011603;0,533725;0;0,556931;0;52,388;-10,35
13.07.2025 22:03:03;0;0,011758;0,423286;0;0,437983;0;52,390999;-6,01
13.07.2025 22:08:04;0;0,02336;0,303675;0;0,318275;0;52,355999;-6,61
13.07.2025 22:13:08;0;0,023129;0,300678;0;0,312243;0;52,334999;-5,86
13.07.2025 22:18:07;0,008818;0,011758;0,293949;0;0,314525;0;52,278;-9,8
13.07.2025 22:23:09;0;0,011641;0,477287;0;0,480197;0;52,229;-9,31
13.07.2025 22:28:11;0;0,023282;0,477287;0;0,494749;0;52,181;-9,38
13.07.2025 22:33:11;0,00293;0,011719;0,46875;0;0,483398;0;52,138;-9,15
13.07.2025 22:38:11;0,00293;0,011719;0,550781;0;0,556641;0;52,080002;-9,99
13.07.2025 22:43:13;0;0,023282;0,465646;0;0,494749;0;52,056999;-8,2
13.07.2025 22:48:15;0;0,023282;0,291029;0;0,30558;0;52,055;-5,83
13.07.2025 22:53:17;0;0,011641;0,267746;0;0,282298;0;52,041;-4,82
13.07.2025 22:58:17;0;0,011719;0,210938;0;0,231445;0;52,027;-4,4
13.07.2025 23:03:19;0,008731;0,023282;0,337593;0;0,349234;0;51,959999;-7,49
13.07.2025 23:08:21;0,00291;0,011641;0,395799;0;0,40744;0;51,912998;-8,85
13.07.2025 23:13:23;0;0,023282;0,430722;0;0,433633;0;51,888;-7,66
13.07.2025 23:18:23;0;0,011719;0,339844;0;0,360352;0;51,869999;-6,42
13.07.2025 23:23:26;0;0,023205;0,290068;0;0,316174;0;51,868999;-3,5
13.07.2025 23:28:29;0;0,011603;0,150835;0;0,17114;0;51,862999;-3,18
13.07.2025 23:33:29;0,005859;0,023438;0,175781;0;0,19043;0;51,827999;-5,28
13.07.2025 23:38:31;0;0,011641;0,256105;0;0,270657;0;51,804001;-5,19
13.07.2025 23:43:33;0,005821;0,011641;0,349234;0;0,352145;0;51,752998;-7,15
13.07.2025 23:48:35;0,00291;0,023282;0,372517;0;0,392889;0;51,709999;-8,17
13.07.2025 23:53:36;0;0,01168;0,408794;0;0,423393;0;51,672001;-8,33
13.07.2025 23:58:38;0;0,011641;0,419081;0;0,427812;0;51,639999;-8,22
07.07.2025 00:03:39;0;0;0;0;0;0;51,299999;-3,52
