Uhrzeit;Netzbezug [kW];Netzeinspeisung [kW];Stromverbrauch [kW];Akkubeladung [kW];Akkuentnahme [kW];Stromerzeugung [kW];Akku Spannung [V];Akku Stromstärke [A]
18.08.2025 00:09:21;0;0,02117;0,233596;0;0,254401;0;53,099998;-4,1
18.08.2025 00:14:24;0,005677;0,027556;0,262874;0;0,284992;0;53;-7,4
18.08.2025 00:19:26;0,000125;0,028011;0,327407;0;0,355601;0;53;-5,8
18.08.2025 00:24:28;0,002649;0,025101;0,301578;0;0,323405;0;53;-7
18.08.2025 00:29:30;0,006537;0,027648;0,300851;0;0,322496;0;53;-5,9
18.08.2025 00:34:32;0,005048;0,022555;0,280479;0;0,297759;0;53;-5,8
18.08.2025 00:39:34;0,003422;0,022918;0,242281;0;0,262108;0;53,099998;-3,6
18.08.2025 00:44:36;0,00681;0,019281;0,240462;0;0,252467;0;53;-4,7
18.08.2025 00:49:38;0,005889;0,02401;0,22009;0;0,238643;0;53;-4,6
18.08.2025 00:54:40;0,002899;0,023282;0,217908;0;0,238098;0;53;-4,2
18.08.2025 00:59:42;0,009868;0,031649;0,307035;0;0,329044;0;53;-6
18.08.2025 01:04:44;0,000875;0,026193;0,293575;0;0,318858;0;53;-6,1
18.08.2025 01:09:46;0,000671;0,02401;0,277568;0;0,300851;0;53;-5,7
18.08.2025 01:14:48;0,001228;0,021463;0,277932;0;0,298122;0;53;-5,8
18.08.2025 01:19:50;0,00033;0,030922;0,226275;0;0,257015;0;53;-3,6
18.08.2025 01:24:52;0,009413;0,023282;0,168069;0;0,181893;0;53,099998;-4,5
18.08.2025 01:29:54;0,015415;0,032741;0,29503;0;0,31231;0;53;-6,5
18.08.2025 01:34:56;0,000887;0,028739;0,315766;0;0,343414;0;53;-6,3
18.08.2025 01:39:58;0,004718;0,031286;0,443091;0;0,469647;0;52,900002;-8,6
18.08.2025 01:45:00;0;0,029103;0,373972;0;0,403438;0;52,900002;-7,5
18.08.2025 01:50:02;0,002819;0,027284;0,372517;0;0,396526;0;53;-7,7
18.08.2025 01:55:02;0,001625;0,035522;0,321899;0;0,355591;0;53;-5,6
18.08.2025 02:00:04;0,003558;0,028011;0,287754;0;0,312492;0;53;-7,3
18.08.2025 02:05:05;0;0,02482;0,286156;0;0,310975;0;53;-4,6
18.08.2025 02:10:08;0;0,020667;0,223352;0;0,244201;0;53;-4,6
18.08.2025 02:15:10;0;0,022918;0,219727;0;0,242827;0;53;-4,6
18.08.2025 02:20:12;0,003069;0,030922;0,192806;0;0,220272;0;53;-6,2
18.08.2025 02:25:14;0;0,025101;0,276841;0;0,301942;0;53;-5,6
18.08.2025 02:30:16;0;0,022918;0,272475;0;0,29503;0;53;-5,5
18.08.2025 02:35:17;0,000034;0,02336;0,265716;0;0,289623;0;53;-5,2
18.08.2025 02:40:18;0,00008;0,020805;0,267176;0;0,287798;0;53;-5,4
18.08.2025 02:45:20;0,001762;0,024737;0,215725;0;0,238098;0;53;-3,4
18.08.2025 02:50:22;0,003342;0,023282;0,161885;0;0,182075;0;53;-3,2
18.08.2025 02:55:24;0,004979;0,024737;0,213542;0;0,233369;0;53;-4,6
18.08.2025 03:00:26;0,005775;0,028739;0,235369;0;0,258652;0;53;-7,6
18.08.2025 03:05:28;0,000011;0,026193;0,337229;0;0,36324;0;53;-5,5
18.08.2025 03:10:30;0;0,022918;0,270657;0;0,293393;0;53;-5,4
18.08.2025 03:15:32;0;0,024374;0,264836;0;0,289392;0;53;-5,4
18.08.2025 03:20:34;0,005195;0,017825;0,278296;0;0,290483;0;53;-5,4
18.08.2025 03:25:36;0,008799;0,031286;0,265564;0;0,288118;0;53;-7
18.08.2025 03:30:38;0,000296;0,028739;0,348143;0;0,377064;0;52,900002;-7,4
18.08.2025 03:35:40;0;0,023646;0,322314;0;0,345778;0;53;-6,2
18.08.2025 03:40:42;0,003501;0,026193;0,305944;0;0,32868;0;52,900002;-7,8
18.08.2025 03:45:44;0,007355;0,022918;0,380884;0;0,396345;0;52,900002;-7,6
18.08.2025 03:50:46;0,002444;0,035287;0,361239;0;0,394162;0;52,900002;-7,5
18.08.2025 03:55:48;0,001592;0,0211;0,307399;0;0,327225;0;53;-5,6
18.08.2025 04:00:50;0;0,024374;0,264108;0;0,288118;0;53;-5,4
18.08.2025 04:05:52;0,001114;0,024737;0,263745;0;0,287391;0;53;-5,6
18.08.2025 04:10:54;0,009913;0,022918;0,169888;0;0,18262;0;53;-3,4
18.08.2025 04:15:57;0,012033;0,022118;0,161713;0;0,172228;0;53;-2,9
18.08.2025 04:20:56;0,014973;0,032334;0,221196;0;0,238466;0;53;-4,7
18.08.2025 04:25:58;0,01504;0,029103;0,309582;0;0,323042;0;52,900002;-7,4
18.08.2025 04:30:59;0,001722;0,027375;0,3493;0;0,375397;0;52,900002;-6,1
18.08.2025 04:36:00;0,003342;0,02336;0,291995;0;0,31207;0;52,900002;-5,7
18.08.2025 04:41:02;0,005934;0,018917;0,29503;0;0,308126;0;52,900002;-5,6
18.08.2025 04:46:04;0,00465;0,040016;0,289573;0;0,325043;0;52,900002;-6,9
18.08.2025 04:51:04;0,003777;0,026733;0,242432;0;0,26532;0;53;-4,5
18.08.2025 04:56:06;0,009004;0,02692;0,214634;0;0,232095;0;53;-4,4
18.08.2025 05:01:08;0,004127;0,02401;0,211359;0;0,231004;0;53;-3,7
18.08.2025 05:06:10;0,005332;0,028739;0,235733;0;0,259379;0;53;-5,5
18.08.2025 05:11:12;0,000409;0,025101;0,292484;0;0,317585;0;52,900002;-5,8
18.08.2025 05:16:14;0;0,023646;0,286299;0;0,309582;0;52,900002;-5,8
18.08.2025 05:21:16;0,001319;0,021463;0,286663;0;0,307217;0;52,900002;-5,8
18.08.2025 05:26:18;0,004809;0,029103;0,312492;0;0,336502;0;52,900002;-7,7
18.08.2025 05:31:20;0,000944;0,022191;0,296485;0;0,317767;0;52,900002;-6,4
18.08.2025 05:36:22;0,004388;0,039289;1,723617;0;1,758176;0;52,299999;-39,200001
18.08.2025 05:41:24;0,0005;0,046928;2,108138;0;2,154703;0;52;-63
18.08.2025 05:46:26;0,668797;0,005457;4,431274;0;3,768092;0;51,700001;-73,400002
18.08.2025 05:51:28;0,897653;0;4,692472;0;3,794831;0;51,700001;-73,599998
18.08.2025 05:56:30;0,003194;0,058569;3,232236;0;3,287713;0;51,900002;-51,400002
18.08.2025 06:01:32;0,000398;0,040744;0,466737;0;0,507117;0;52,400002;-6,1
18.08.2025 06:06:34;0;0,026193;0,296122;0;0,322132;0;52,5;-6,1
18.08.2025 06:11:36;0,002762;0,02692;0,317221;0;0,341595;0;52,5;-5,2
18.08.2025 06:16:36;0;0,022339;0,233276;0;0,255615;0;52,5;-4,8
18.08.2025 06:21:38;0;0,021463;0,240826;0;0,246829;0,015279;52,5;-4,6
18.08.2025 06:26:40;0;0,026193;0,205175;0;0,198445;0,032741;52,5;-3,1
18.08.2025 06:31:42;0,005457;0,026193;0,292484;0;0,266109;0,047292;52,5;-4,8
18.08.2025 06:36:44;0,00025;0,019281;0,292484;0;0,225547;0,085853;52,5;-4,4
18.08.2025 06:41:46;0,00341;0,024737;0,282298;0;0,186622;0,116411;52,599998;-3,4
18.08.2025 06:46:48;0,00033;0,02983;0,285208;0;0,169524;0,145514;52,599998;-2,8
18.08.2025 06:51:50;0,024158;0,025829;0,227002;0;0,053658;0,175345;52,599998;-0,3
18.08.2025 06:56:52;0;0,086217;0,150971;0;0,015825;0,221182;52,599998;-0,3
18.08.2025 07:01:53;0,000057;0,132858;0,151473;0,000547;0,015512;0,269366;52,599998;-0,3
18.08.2025 07:06:53;0,000103;0,035156;0,199219;0,066284;0,000549;0,299561;52,700001;1,7
18.08.2025 07:11:54;0,005669;0,065699;0,283601;0,003832;0,021352;0,327035;52,599998;-0,3
18.08.2025 07:16:56;0;0,060388;0,323769;0;0,015643;0,367424;52,599998;-0,3
18.08.2025 07:21:58;0;0,097495;0,315766;0;0,015097;0,398709;52,599998;-0,3
18.08.2025 07:27:00;0,020759;0,054932;0,409623;0;0,015643;0,42854;52,599998;0
18.08.2025 07:32:00;0,018036;0,009155;0,468384;0;0,000366;0,458496;52,599998;0
18.08.2025 07:37:02;0,007287;0,067664;0,914921;0;0,494749;0,480925;52,299999;-16,6
18.08.2025 07:42:04;0,002683;0,031649;0,606431;0,0884;0,220272;0,503479;52,599998;2,2
18.08.2025 07:47:06;0,011425;0,041108;0,414716;0,137511;0,049839;0,531855;52,700001;3,3
18.08.2025 07:52:08;0,004672;0,036379;0,321223;0,214088;0,002183;0,565323;52,700001;4,7
18.08.2025 07:57:10;0,001955;0,020008;0,31613;0,260471;0;0,594426;52,799999;5,2
18.08.2025 08:02:12;0,000489;0,024737;0,315766;0,293029;0;0,632987;52,799999;6,4
18.08.2025 08:07:15;0,000091;0,024293;0,311098;0,378901;0;0,714293;52,900002;7,3
18.08.2025 08:12:16;0,002407;0,02774;0,309515;0,49037;0;0,824887;53;11,6
18.08.2025 08:17:17;0,002076;0,027375;0,221187;0,608993;0;0,856277;53,099998;15,1
18.08.2025 08:22:18;0,036134;0,053289;2,275739;0,005292;1,184224;1,113963;52,099998;-38,599998
18.08.2025 08:27:20;0,005457;0,054204;0,752673;0,629531;0,208085;1,22232;53;17,4
18.08.2025 08:32:22;0,007185;0,03456;0,397982;0,967852;0,000182;1,393299;53,200001;18,9
18.08.2025 08:37:24;0,002649;0,029103;0,494021;1,014235;0;1,534448;53,299999;18,700001
18.08.2025 08:42:26;0,007685;0,017462;0,552227;0,908555;0;1,471149;53,299999;16,799999
18.08.2025 08:47:28;0,003024;0,025465;0,531491;1,06862;0;1,622484;53,5;22,799999
18.08.2025 08:52:30;0,001694;0,030558;0,43436;1,268339;0;1,727255;53,700001;26
18.08.2025 08:57:31;0,000901;0,02409;0,415728;1,671309;0;2,110397;53,900002;35
18.08.2025 09:02:32;0,000114;0,02847;0,421203;1,964399;0;2,414072;54;40,599998
18.08.2025 09:07:34;0,004002;0,030558;0,477651;2,220912;0;2,725482;54,099998;42,5
18.08.2025 09:12:36;0,000239;0,02401;0,552227;2,173256;0;2,748765;54;35,5
18.08.2025 09:17:38;0,000023;0,088764;0,548953;2,350238;0;2,987408;54,099998;45,799999
18.08.2025 09:22:40;0;0,311401;0,554046;2,476471;0;3,341735;54,099998;45,799999
18.08.2025 09:27:42;0,003001;0,361603;0,587514;2,474834;0;3,421768;54,099998;45,799999
18.08.2025 09:32:44;0;0,472558;0,542404;2,477744;0;3,49307;54,099998;45,799999
18.08.2025 09:37:46;0;0,516939;0,53331;2,477563;0;3,526539;54,099998;45,799999
18.08.2025 09:42:47;0;0,591656;0,525592;2,478494;0;3,596654;54,099998;45,799999
18.08.2025 09:47:48;0,002019;0,464638;0,655895;2,474296;0;3,593004;54,099998;45,799999
18.08.2025 09:52:50;0;0,544951;0,647902;2,480655;0;3,673508;54,099998;45,700001
18.08.2025 09:57:52;0;0,656997;0,646811;2,466649;0;3,770275;54,099998;45,599998
18.08.2025 10:02:54;0;0,701379;0,694103;2,46483;0;3,859766;54,099998;45,599998
18.08.2025 10:07:56;0;0,653359;0,718841;2,465739;0;3,837939;54,099998;45,599998
18.08.2025 10:12:58;0;0,854533;0,542404;2,469377;0;3,866314;54,200001;45,599998
18.08.2025 10:18:00;0,00731;0,480925;1,317996;2,108138;0;3,90051;54;32,900002
18.08.2025 10:23:02;0,003865;0,032013;2,103409;1,756175;0;3,887414;54;31,9
18.08.2025 10:28:02;0,01252;0,037354;2,182251;1,690796;0;3,897217;54;30,9
18.08.2025 10:33:04;0,001739;0,241554;1,816018;1,839482;0;3,895417;54,200001;45,599998
18.08.2025 10:38:06;0;0,842528;0,575145;2,47447;0;3,891779;54,299999;45,599998
18.08.2025 10:43:08;0;0,834161;0,567142;2,472651;0;3,875045;54,400002;45,5
18.08.2025 10:48:10;0;0,885818;0,552954;2,479381;0;3,917972;54,400002;45,400002
18.08.2025 10:53:12;0;0,948389;0,490747;2,47156;0;3,910696;54,599998;45,299999
18.08.2025 10:58:14;0,004297;0,866174;0,598791;2,437;0;3,8976;55;44,900002
18.08.2025 11:03:16;0;1,213953;0,61116;2,082309;0;3,907058;56,200001;19,1
18.08.2025 11:08:18;0;3,134014;0,515484;0,303579;0,014551;3,938344;54,5;-0,3
18.08.2025 11:13:20;0;3,276618;0,666819;0;0,00291;3,940527;54;0
18.08.2025 11:18:22;0;2,786962;1,185941;0;0;3,973267;53,799999;0
18.08.2025 11:23:24;0;3,078355;0,929472;0;0;4,008191;53,700001;0
18.08.2025 11:28:26;0;3,037974;0,970216;0;0;4,008191;53,700001;0
18.08.2025 11:33:28;0;3,070715;0,941841;0;0;4,011829;53,599998;0
18.08.2025 11:38:30;0;3,063803;0,990588;0;0;4,054755;53,599998;0
18.08.2025 11:43:33;0;3,413376;0,646489;0;0;4,059503;53,599998;0
18.08.2025 11:48:34;0;3,52548;0,579246;0;0;4,105456;53,5;0
18.08.2025 11:53:36;0;3,772094;0,401983;0;0;4,17335;53,5;0
18.08.2025 11:58:38;0;3,820477;0,371061;0;0;4,192266;53,5;0
18.08.2025 12:03:40;0;3,848853;0,374335;0;0;4,222824;53,5;0
18.08.2025 12:08:42;0;2,853535;1,411125;0;0;4,265024;53,5;0
18.08.2025 12:13:42;0;2,088867;2,206787;0;0;4,294922;53,5;0
18.08.2025 12:18:43;0,00162;2,899515;1,454502;0;0,001277;4,350732;53,5;0
18.08.2025 12:23:46;0,001824;3,139262;1,181302;0;0,000181;4,319114;53,5;0
18.08.2025 12:28:46;0;3,933838;0,440552;0;0,000183;4,374756;53,5;0
18.08.2025 12:33:49;0;4,012367;0,396668;0;0;4,408309;53,400002;0
18.08.2025 12:38:51;0;4,000188;0,391433;0;0;4,391621;53,400002;0
18.08.2025 12:43:51;0;4,061279;0,357056;0;0;4,419434;53,400002;0
18.08.2025 12:48:53;0;4,088587;0,300123;0;0;4,387983;53,400002;0
18.08.2025 12:53:55;0;4,146429;0,228094;0;0;4,374887;53,400002;0
18.08.2025 12:58:57;0;4,085677;0,256469;0;0;4,342146;53,400002;0
18.08.2025 13:03:59;0;3,948894;0,412897;0;0;4,361791;53,400002;0
18.08.2025 13:09:01;0;2,537769;1,865493;0;0;4,403262;53,400002;0
18.08.2025 13:14:02;0;1,546116;2,85754;0;0;4,404021;53,400002;0
18.08.2025 13:19:05;0,000646;0,725533;3,757107;0;0,000544;4,480827;53,400002;0
18.08.2025 13:24:07;0;1,553001;2,963762;0;0;4,516763;53,400002;0
18.08.2025 13:29:09;0;3,061257;1,442047;0;0;4,502939;53,400002;0
18.08.2025 13:34:11;0;3,862313;0,649357;0;0;4,512398;53,400002;0
18.08.2025 13:39:13;0;3,949258;0,622074;0;0;4,571331;53,400002;0
18.08.2025 13:44:15;0;3,869952;0,616617;0;0;4,486205;53,400002;0
18.08.2025 13:49:17;0;3,897964;0,576237;0;0;4,473837;53,400002;0
18.08.2025 13:54:19;0;3,7881;0,667547;0;0;4,456375;53,400002;0
18.08.2025 13:59:20;0;2,322824;2,154196;0;0;4,47702;53,299999;0
18.08.2025 14:04:23;0;2,080513;2,373119;0;0;4,45327;53,299999;0
18.08.2025 14:09:25;0;2,196174;2,388617;0;0;4,585155;53,299999;0
18.08.2025 14:14:25;0;2,201294;2,32251;0;0;4,52417;53,299999;0
18.08.2025 14:19:27;0;2,137969;2,290031;0;0;4,427272;53,299999;0
18.08.2025 14:24:29;0,005809;1,378384;2,312586;0,124415;0,295758;3,514897;53,400002;34,299999
18.08.2025 14:29:31;0,002558;1,028786;2,375157;0,924016;0,005457;4,318864;55,099998;0
18.08.2025 14:34:32;0;2,999523;1,203021;0;0;4,202544;54,5;0
18.08.2025 14:39:35;0;3,412288;0,7462;0;0;4,158851;54,299999;0
18.08.2025 14:44:37;0;3,44214;0,741031;0;0;4,182808;54,099998;0
18.08.2025 14:49:39;0;3,382116;0,716658;0;0;4,099137;54;0
18.08.2025 14:54:41;0;3,389391;0,633715;0;0;4,02347;54;0
18.08.2025 14:59:41;0;3,4021;0,588867;0;0;3,990234;53,900002;0
18.08.2025 15:04:41;0;3,475708;0,521851;0;0;3,997559;53,900002;0
18.08.2025 15:09:43;0;2,813155;0,575509;0;0;3,3883;53,799999;0
18.08.2025 15:14:45;0;3,25188;0,633351;0;0;3,885959;53,799999;0
18.08.2025 15:19:47;0;3,045978;0,755219;0;0;3,800833;53,700001;0
18.08.2025 15:24:47;0;3,123779;0,73645;0;0;3,860596;53,700001;0
18.08.2025 15:29:49;0;2,961216;0,810151;0;0;3,771003;53,700001;0
18.08.2025 15:34:50;0;3,082742;0,683634;0;0;3,766741;53,700001;0
18.08.2025 15:39:51;0;3,158296;0,596036;0;0;3,754331;53,700001;0
18.08.2025 15:44:53;0;3,140198;0,54677;0;0;3,686604;53,599998;0
18.08.2025 15:49:55;0;3,174758;0,510391;0;0;3,685149;53,599998;0
18.08.2025 15:54:57;0;3,152203;0,459825;0;0;3,611664;53,599998;0
18.08.2025 15:59:59;0;2,946664;0,562413;0;0;3,509077;53,599998;0
18.08.2025 16:05:01;0;2,663639;0,688082;0;0;3,362835;53,599998;0
18.08.2025 16:10:03;0,003536;0,153881;3,025987;0;0,002183;3,177304;53,5;0
18.08.2025 16:15:05;0,002319;0,178255;3,049912;0;0,000728;3,229689;53,5;0
18.08.2025 16:20:07;0,006571;0,227366;2,981689;0;0,012187;3,20568;53,5;0
18.08.2025 16:25:08;0,011862;0,051464;3,203012;0;0,134318;3,111211;53,299999;0
18.08.2025 16:30:09;0,010745;0,032484;3,392894;0;0,369922;3,070332;52,900002;-9,6
18.08.2025 16:35:11;0,035355;0,055295;4,11407;0;1,180303;2,954667;52,799999;-11,8
18.08.2025 16:40:13;0,009777;0,044018;3,704895;0;0,728117;3,021604;52,799999;-18
18.08.2025 16:45:15;0,003695;0,05093;3,733608;0;0,990043;2,80697;52,799999;-18,5
18.08.2025 16:50:17;0,009345;0,041472;3,831661;0;1,067347;2,796784;52,799999;-23,299999
18.08.2025 16:55:19;0,043552;0,081488;3,746346;0,044382;1,166297;2,67819;52,799999;-25,799999
18.08.2025 17:00:21;0,003331;0,05093;3,595902;0;0,96767;2,686921;52,900002;-12,4
18.08.2025 17:05:23;0,023487;0,039289;3,797076;0;1,166115;2,64836;52,599998;-58,5
18.08.2025 17:10:25;0,002581;0,062935;5,109504;0;2,592519;2,591609;52,700001;-23,4
18.08.2025 17:15:27;0,004763;0,034196;3,743768;0;1,080989;2,705838;52,799999;-16,6
18.08.2025 17:20:29;0,008503;0,036015;3,373323;0;0,538949;2,881183;53;-3,7
18.08.2025 17:25:31;0,009402;0,039653;3,149875;0;0,432359;2,74731;53;-9,5
18.08.2025 17:30:33;0,000944;0,058569;3,016086;0;0,411078;2,671642;53;-6,4
18.08.2025 17:35:35;0,009799;0,03747;2,926594;0;0,355419;2,606888;53;-6,4
18.08.2025 17:40:37;0,014165;0,030194;2,943972;0;0,360512;2,617074;53;-6,5
18.08.2025 17:45:39;0,008742;0,026556;2,934514;0;0,456369;2,518852;53;-10,3
18.08.2025 17:50:38;0,019382;0,017637;2,937587;0;0,546193;2,405969;53;-10
18.08.2025 17:55:41;0,095269;0,000363;2,896742;0;0,523392;2,282836;53;-9,2
18.08.2025 18:00:42;0,25188;0;2,888054;0;0,517379;2,138137;53;-9,6
18.08.2025 18:05:45;0,381677;0,001813;2,917046;0;0,554211;1,988417;52,900002;-13,1
18.08.2025 18:10:47;0,313265;0,028011;2,107469;0,377428;0,386159;1,807287;53,299999;17,299999
18.08.2025 18:15:49;0,000739;0,029467;0,7745;0,939295;0;1,742534;53,400002;16,299999
18.08.2025 18:20:51;0,003274;0,024374;0,766496;0,796327;0;1,584651;53,400002;12,9
18.08.2025 18:25:53;0,012346;0,031286;0,770134;0,749399;0;1,538086;53,5;13
18.08.2025 18:30:56;0,000442;0,031182;0,534088;0,973541;0;1,538086;53,599998;18,1
18.08.2025 18:35:57;0,000662;0,027375;0,478143;0,96395;0;1,469467;53,599998;17,299999
18.08.2025 18:40:59;0,000307;0,026556;0,470375;0,892003;0;1,388934;53,599998;16,299999
18.08.2025 18:46:01;0,005809;0,032013;0,494749;0,775409;0;1,295077;53,5;11,5
18.08.2025 18:51:03;0,010686;0,040744;1,044793;0,290847;0,176982;1,188852;53,299999;8,7
18.08.2025 18:56:05;0,003865;0,025465;0,656997;0,43054;0,000182;1,109546;53,5;7,4
18.08.2025 19:01:06;0,00373;0,020805;0,64093;0,34346;0;1,000814;53,400002;5,3
18.08.2025 19:06:07;0,000468;0,02336;0,65772;0,217719;0,000547;0,897886;53,400002;3
18.08.2025 19:11:09;0;0,025101;0,671185;0,124415;0;0,820701;53,400002;1,6
18.08.2025 19:16:11;0;0,047656;0,628985;0,066573;0;0,743578;53,299999;2,3
18.08.2025 19:21:12;0,00024;0,02555;0,501502;0,157495;0;0,683999;53,400002;2,6
18.08.2025 19:26:15;0,000204;0,030457;0,489852;0,104787;0;0,625097;53,400002;1,5
18.08.2025 19:31:17;0,000011;0,076031;0,468192;0,024374;0;0,568233;53,299999;0
18.08.2025 19:36:19;0,010141;0,033468;0,619163;0;0,144605;0,497659;53,200001;-4,2
18.08.2025 19:41:21;0,00548;0,025101;0,603884;0;0,206812;0,416898;53,099998;-4,6
18.08.2025 19:46:23;0,011118;0,020008;0,625711;0;0,31522;0,319404;53,099998;-6,5
18.08.2025 19:51:25;0,000466;0,031286;0,558047;0;0,361421;0,227002;53;-7,6
18.08.2025 19:56:26;0,001426;0,023725;0,560631;0;0,418283;0,165707;53;-8,3
18.08.2025 20:01:29;0,002708;0,032995;0,46991;0;0,374007;0,12618;53;-7,1
18.08.2025 20:06:31;0,00316;0,024374;0,532582;0;0,459098;0,093857;52,900002;-9,8
18.08.2025 20:11:33;0,002751;0,033468;0,588241;0;0,558593;0,060388;52,900002;-10,9
18.08.2025 20:16:34;0,018284;0,028105;0,683999;0;0,668305;0,02555;52,799999;-13,8
18.08.2025 20:21:35;0,006547;0,034309;0,547856;0;0,571399;0,00438;52,900002;-11,9
18.08.2025 20:26:37;0,010027;0,032377;0,60061;0;0,62171;0,000728;52,900002;-13,2
18.08.2025 20:31:39;0,002831;0,028375;0,591516;0;0,616435;0,001455;52,900002;-10,1
18.08.2025 20:36:41;0,001512;0,028011;0,535856;0;0,562776;0;52,900002;-11,6
18.08.2025 20:41:43;0,000011;0,029103;0,362331;0;0,39107;0;53;-5,6
18.08.2025 20:46:45;0,012767;0,030558;0,421991;0;0,439999;0;52,900002;-9,7
18.08.2025 20:51:45;0,000538;0,025635;0,470215;0;0,4953;0;52,900002;-9,2
18.08.2025 20:56:47;0,006275;0,036015;0,536948;0;0,566414;0;52,900002;-11,4
18.08.2025 21:01:50;0,017075;0,023931;0,685648;0;0,692175;0;52,599998;-49,799999
18.08.2025 21:06:51;0,066292;0,092709;0,836567;0;0,863394;0;52,700001;-35,599998
18.08.2025 21:11:53;0,123596;0,143332;0,981494;0;1,000774;0;52,799999;-10
18.08.2025 21:16:55;0,067857;0,073485;0,694467;0;0,700287;0;52,599998;-46,299999
18.08.2025 21:21:57;0,043541;0,080033;0,544951;0;0,581148;0;52,900002;-8,4
18.08.2025 21:26:59;0,067676;0,084398;0,542404;0;0,558957;0;52,900002;-5,8
18.08.2025 21:32:00;0,051156;0,062049;0,433248;0;0,444381;0;52,900002;-6,1
18.08.2025 21:37:03;0,068755;0,082307;0,521035;0;0,534269;0;52,799999;-7,2
18.08.2025 21:42:05;0,113967;0,121868;0,866174;0;0,873995;0;52,799999;-9
18.08.2025 21:47:07;0,034707;0,05093;0,548953;0;0,564959;0;52,900002;-10,5
18.08.2025 21:52:09;0;0,025465;0,478378;0;0,504207;0;52,900002;-9,6
18.08.2025 21:57:11;0,000102;0,023282;0,477287;0;0,500387;0;52,900002;-9,2
18.08.2025 22:02:13;0,000034;0,025101;0,440181;0;0,465464;0;52,900002;-6,5
18.08.2025 22:07:15;0;0,025829;0,315038;0;0,340503;0;53;-6,2
18.08.2025 22:12:17;0,001751;0,02983;0,352508;0;0,38052;0;52,900002;-7,4
18.08.2025 22:17:17;0,000629;0,026733;0,427734;0;0,453735;0;52,900002;-8,5
18.08.2025 22:22:19;0,005468;0,032377;0,500205;0;0,527307;0;52,900002;-10,1
18.08.2025 22:27:21;0,000273;0,02692;0,571871;0;0,598791;0;52,900002;-11,8
18.08.2025 22:32:21;0,00016;0,027466;0,54895;0;0,576233;0;52,900002;-10,4
18.08.2025 22:37:23;0,000455;0,022191;0,527489;0;0,548953;0;52,900002;-10,4
18.08.2025 22:42:25;0,003763;0,025465;0,476559;0;0,498568;0;52,900002;-7,5
18.08.2025 22:47:28;0,005937;0,027194;0,444892;0;0,465559;0;52,900002;-8
18.08.2025 22:52:29;0,001608;0,020805;0,398574;0;0,418283;0;52,900002;-7,7
18.08.2025 22:57:31;0;0,023646;0,383794;0;0,406894;0;52,900002;-7,8
18.08.2025 23:02:33;0,0049;0,033104;0,483107;0;0,511665;0;52,900002;-9,9
18.08.2025 23:07:35;0,011095;0,034196;0,558047;0;0,580966;0;52,900002;-10,9
18.08.2025 23:12:37;0,000091;0,030194;0,543132;0;0,573508;0;52,900002;-8,7
18.08.2025 23:17:39;0,001603;0,041108;0,442;0;0,481107;0;52,900002;-9,2
18.08.2025 23:22:41;0,006798;0,02692;0,42381;0;0,444546;0;52,900002;-8,3
18.08.2025 23:27:43;0,002603;0,023646;0,368515;0;0,389251;0;52,900002;-6,2
18.08.2025 23:32:46;0,004861;0,027919;0,336116;0;0,359141;0;52,900002;-7,6
18.08.2025 23:37:47;0,002966;0,028835;0,371564;0;0,397661;0;52,900002;-7,3
18.08.2025 23:42:48;0,008418;0,040149;0,360979;0;0,392551;0;52,900002;-8,6
18.08.2025 23:47:49;0,000947;0,02774;0,393464;0;0,419743;0;52,900002;-8,4
18.08.2025 23:52:51;0,005013;0,026556;0,320859;0;0,342686;0;53;-5,5
18.08.2025 23:57:51;0,000973;0,032959;0,266968;0;0,299011;0;53;-5,7
19.08.2025 00:02:55;0,001705;0,033248;0,270321;0;0,301943;0;53;-5,8
19.08.2025 00:07:56;0,003889;0,031755;0,226661;0;0,254766;0;53;-3,7
19.08.2025 00:12:56;0,004646;0,022339;0,179077;0;0,196655;0;53;-3,8
19.08.2025 00:17:57;0,000057;0,024455;0,173737;0;0,198557;0;53;-3,8
19.08.2025 00:22:59;0,004661;0,02692;0,198991;0;0,221;0;53;-6,2
19.08.2025 00:28:01;0,003899;0,029103;0,346324;0;0,371243;0;52,900002;-7,5
19.08.2025 00:33:03;0,00166;0,030922;0,342686;0;0,371971;0;52,900002;-7
19.08.2025 00:38:05;0,003376;0,0211;0,347779;0;0,365787;0;52,900002;-6,9
19.08.2025 00:43:04;0,00418;0,028293;0,307544;0;0,331794;0;52,900002;-8,2
19.08.2025 00:48:07;0,000125;0,024293;0,336116;0;0,360228;0;52,900002;-5,4
19.08.2025 00:53:09;0,000762;0,020736;0,263017;0;0,28248;0;52,900002;-5,3
19.08.2025 00:58:11;0,003024;0,024737;0,276113;0;0,298122;0;52,900002;-6,3
19.08.2025 01:03:13;0,006685;0,027284;0,322314;0;0,342868;0;52,900002;-8,3
19.08.2025 01:08:16;0,00077;0,029369;0,433652;0;0,461571;0;52,900002;-8,6
19.08.2025 01:13:17;0,000194;0,02701;0,409159;0;0,436351;0;52,900002;-6,8
19.08.2025 01:18:19;0,001216;0,021827;0,299396;0;0,320131;0;52,900002;-5,4
19.08.2025 01:23:21;0,00432;0,018189;0,272839;0;0,286663;0;52,900002;-5,6
19.08.2025 01:28:23;0,000057;0,022191;0,265927;0;0,287754;0;52,900002;-5,5
19.08.2025 01:33:25;0,002456;0,023282;0,181529;0;0,202811;0;53;-3,5
19.08.2025 01:38:27;0;0,024374;0,167705;0;0,191897;0;53;-3,7
19.08.2025 01:43:29;0;0,022918;0,17389;0;0,196626;0;53;-3,8
19.08.2025 01:48:31;0,007776;0,032377;0,259015;0;0,283935;0;52,900002;-7,4
19.08.2025 01:53:33;0;0,025101;0,350689;0;0,375791;0;52,900002;-7
19.08.2025 01:58:35;0,001432;0,025465;0,341959;0;0,365968;0;52,900002;-6,6
19.08.2025 02:03:37;0,009038;0,019281;0,340503;0;0,350689;0;52,900002;-5,4
19.08.2025 02:08:39;0,001694;0,018917;0,282661;0;0,299941;0;52,900002;-5,6
19.08.2025 02:13:41;0,001296;0,02692;0,185167;0;0,210632;0;53;-3,7
19.08.2025 02:18:43;0,000887;0,02401;0,170615;0;0,193898;0;53;-3,7
19.08.2025 02:23:45;0,003672;0,024374;0,16334;0;0,184076;0;53;0
19.08.2025 02:28:45;0,008995;0,03772;0,245361;0;0,274292;0;52,900002;-6,7
19.08.2025 02:33:47;0,001717;0,02401;0,348507;0;0,370152;0;52,900002;-6,9
19.08.2025 02:38:49;0,001478;0,025101;0,34305;0;0,366878;0;52,900002;-6,6
19.08.2025 02:43:51;0,000045;0,029103;0,331773;0;0,360694;0;52,900002;-6,8
19.08.2025 02:48:51;0,004005;0,034424;0,349365;0;0,379761;0;52,900002;-7,5
19.08.2025 02:53:51;0,001156;0,028931;0,267334;0;0,294983;0;52,900002;-5
19.08.2025 02:58:54;0,008804;0,018854;0,247283;0;0,257617;0;52,900002;-5
19.08.2025 03:03:54;0,010483;0,020508;0,237671;0;0,248108;0;52,900002;-4,7
19.08.2025 03:08:55;0,011395;0,03066;0,288345;0;0,307325;0;52,900002;-7,5
19.08.2025 03:13:56;0,004243;0,0292;0,381784;0;0,406786;0;52,799999;-7,2
19.08.2025 03:18:58;0,000114;0,030194;0,325952;0;0,356146;0;52,900002;-6,9
19.08.2025 03:23:58;0,003788;0,022339;0,336548;0;0,355042;0;52,900002;-6,8
19.08.2025 03:29:00;0,002444;0,025829;0,313219;0;0,336138;0;52,900002;-5,8
19.08.2025 03:34:02;0,000489;0,039289;0,22773;0;0,267019;0;52,900002;-3,7
19.08.2025 03:39:03;0,006958;0,027375;0,160962;0;0,181402;0;53;-3,7
19.08.2025 03:44:06;0,00698;0,024656;0,166789;0;0,184193;0;53;-3,7
19.08.2025 03:49:08;0,000853;0,024374;0,168797;0;0,192079;0;53;-3,7
19.08.2025 03:54:10;0,006685;0,027284;0,293939;0;0,314857;0;52,900002;-5,9
19.08.2025 03:59:12;0,001978;0,017462;0,291392;0;0,306853;0;52,900002;-5,9
19.08.2025 04:04:14;0,004786;0,025829;0,347415;0;0,368333;0;52,799999;-6,9
19.08.2025 04:09:16;0,000296;0,02401;0,343777;0;0,367969;0;52,799999;-6,9
19.08.2025 04:14:18;0;0,025465;0,290301;0;0,315584;0;52,900002;-4,9
19.08.2025 04:19:20;0,000171;0,020008;0,204084;0;0,224092;0;52,900002;-3,7
19.08.2025 04:24:22;0,002251;0,018917;0,176436;0;0,192625;0;52,900002;-3,7
19.08.2025 04:29:23;0,005646;0,025185;0,189067;0;0,209142;0;52,900002;-6,3
19.08.2025 04:34:26;0,000351;0,021393;0,292606;0;0,313636;0;52,900002;-5,8
19.08.2025 04:39:26;0,002575;0,024902;0,306152;0;0,327942;0;52,799999;-7,2
19.08.2025 04:44:28;0;0,025465;0,337593;0;0,363058;0;52,799999;-6,7
19.08.2025 04:49:30;0,007435;0,025829;0,401983;0;0,420354;0;52,799999;-8,3
19.08.2025 04:54:32;0;0,0211;0,362694;0;0,38434;0;52,799999;-5
19.08.2025 04:59:34;0;0,020372;0,239735;0;0,259743;0;52,900002;-4,9
19.08.2025 05:04:35;0;0,02263;0,235421;0;0,258051;0;52,799999;-4,9
19.08.2025 05:09:36;0,00089;0,026645;0,230676;0;0,256591;0;52,799999;-4,9
19.08.2025 05:14:38;0,005639;0,033104;0,323405;0;0,350689;0;52,799999;-5,7
19.08.2025 05:19:40;0,004195;0,032013;0,263381;0;0,291029;0;52,799999;-4,8
19.08.2025 05:24:42;0,002331;0,022918;0,275386;0;0,296303;0;52,799999;-6,1
19.08.2025 05:29:44;0,003251;0,019281;0,277932;0;0,294303;0;52,799999;-5,9
19.08.2025 05:34:45;0,001118;0,023725;0,314625;0;0,33689;0;52,799999;-6
19.08.2025 05:39:47;0,001444;0,020372;0,274658;0;0,293211;0;52,799999;-5
19.08.2025 05:44:50;0,002311;0,02103;0,274839;0;0,294057;0;52,799999;-4,6
19.08.2025 05:49:52;0,003581;0,027284;0,240099;0;0,263745;0;52,799999;-5,1
19.08.2025 05:54:54;0,006537;0,036015;0,252467;0;0,281752;0;52,700001;-6,3
19.08.2025 05:59:56;0,006116;0,036379;1,253242;0;1,283254;0;52,099998;-39,799999
19.08.2025 06:04:58;0,107203;0,032377;2,698199;0;2,623804;0;51,700001;-73,599998
19.08.2025 06:10:00;0,880668;0,000364;4,678648;0;3,798468;0;51,599998;-73,699997
19.08.2025 06:15:03;0,470839;0,007614;4,261463;0;3,797897;0;51,599998;-71,5
19.08.2025 06:20:04;0;0,065334;2,916304;0;2,977076;0,00365;51,799999;-47,299999
19.08.2025 06:25:06;0,00133;0,038925;0,324861;0;0,339776;0,023282;52,299999;-4,8
19.08.2025 06:30:07;0,002863;0,02555;0,252941;0;0,238889;0,037229;52,400002;-4,2
19.08.2025 06:35:08;0,026086;0,02993;0,30039;0;0,238706;0,065699;52,400002;-4,4
19.08.2025 06:40:10;0,003229;0,025465;0,286663;0;0,214997;0,093857;52,400002;-3,9
19.08.2025 06:45:11;0,01209;0,020805;0,292725;0;0,1783;0,122638;52,400002;-3,4
19.08.2025 06:50:14;0,008736;0,036984;0,318712;0;0,197428;0,149385;52,400002;-3,9
19.08.2025 06:55:16;0,006639;0,019644;0,365605;0;0,198809;0,180438;52,400002;-3,7
19.08.2025 07:00:18;0,002012;0,028375;0,318676;0;0,118048;0,226275;52,5;0
19.08.2025 07:05:20;0;0,05384;0,213906;0;0;0,268474;52,5;0
19.08.2025 07:10:22;0;0,085853;0,208085;0;0;0,293939;52,5;0
19.08.2025 07:15:24;0,014995;0,042199;1,15502;0;0,861808;0,320131;52;-38
19.08.2025 07:20:26;0,006491;0,03747;0,647175;0;0,325588;0,352872;52,5;0
19.08.2025 07:25:27;0;0,040879;0,34784;0;0;0,388354;52,5;0
19.08.2025 07:30:28;0,00933;0,0292;0,61757;0;0,226296;0,410984;52,200001;-26,9
19.08.2025 07:35:30;0,011687;0,052021;2,359514;0;1,961896;0,438726;52;-20,9
19.08.2025 07:40:32;0,005536;0,044382;1,674142;0;1,249604;0,462735;52,099998;-14,8
19.08.2025 07:45:36;0,000124;0,027827;1,196209;0;0,734169;0,490048;52,200001;-14,7
19.08.2025 07:50:36;0,001282;0,035889;0,478638;0,174133;0,166443;0,520752;52,5;5,9
19.08.2025 07:55:38;0,001387;0,019644;0,201901;0,327953;0;0,548589;52,599998;6,8
19.08.2025 08:00:39;0,022014;0,039784;1,474577;0,108768;1,024721;0,575961;52;-29,299999
19.08.2025 08:05:41;0,01878;0,059661;1,263428;0,072939;0,765587;0,610432;52,099998;-16,1
19.08.2025 08:10:42;0,00089;0,044894;0,727069;0,239436;0,307143;0,703709;52,599998;8,2
19.08.2025 08:15:44;0,002808;0,029103;0,341595;0,422719;0;0,790143;52,700001;8
19.08.2025 08:20:46;0,000114;0,02983;0,348507;0,530218;0;0,908737;52,799999;11
19.08.2025 08:25:48;0,001557;0,026193;0,424902;0,608613;0;1,058616;52,799999;11,9
19.08.2025 08:30:50;0,003149;0,028011;0,397254;0,744124;0;1,165569;52,900002;18
19.08.2025 08:35:52;0,000705;0,027648;0,32668;0,967124;0;1,32127;53;18,6
19.08.2025 08:40:55;0,005088;0,03227;0,438728;0,900299;0;1,366221;53;18,700001
19.08.2025 08:45:55;0,004978;0,0271;0,435059;0,872314;0;1,329346;53,099998;19,4
19.08.2025 08:50:55;0,004292;0,028931;0,462524;1,028137;0;1,513916;53,099998;20,4
19.08.2025 08:55:58;0,005495;0,046411;0,608055;1,236415;0;1,885442;53,200001;25
19.08.2025 09:01:00;0,000989;0,034923;0,677369;1,624667;0;2,336959;53,400002;35,299999
19.08.2025 09:06:01;0,000776;0,036134;0,570486;2,051815;0;2,656428;53,5;40,700001
19.08.2025 09:11:04;0,000045;0,054025;0,529374;2,399226;0;2,982625;53,700001;46,200001
19.08.2025 09:16:06;0,009174;0,06148;1,643584;1,477516;0;3,173666;53,400002;20,4
19.08.2025 09:21:08;0,013983;0,028011;2,124508;1,131374;0;3,269706;53,400002;22,200001
19.08.2025 09:26:10;0,000603;0,180438;1,416218;1,754175;0;3,350466;53,799999;45,900002
19.08.2025 09:31:12;0;0,386704;0,574418;2,469741;0;3,431227;54;45,799999
19.08.2025 09:36:14;0;0,480197;0,567506;2,472288;0;3,51999;54;45,799999
19.08.2025 09:41:16;0;0,490747;0,617344;2,473925;0;3,581834;54;45,799999
19.08.2025 09:46:17;0;0,532527;0,586911;2,477581;0;3,596654;54;45,700001
19.08.2025 09:51:20;0;0,618208;0,485864;2,467935;0;3,572188;54;45,700001
19.08.2025 09:56:22;0;0,772317;0,424538;2,467922;0;3,664777;54,099998;45,700001
19.08.2025 10:01:24;0;0,842164;0,455823;2,469741;0;3,768092;54;45,700001
19.08.2025 10:06:26;0;0,745397;0,5977;2,481746;0;3,824843;54,099998;45,799999
19.08.2025 10:11:28;0,035844;0,245192;2,036472;1,563187;0;3,808836;53,799999;17,6
19.08.2025 10:16:30;0,040323;0,081852;2,465739;1,309992;0;3,81684;53,900002;31,200001
19.08.2025 10:21:32;0,005468;0,415079;1,325271;2,09868;0;3,833574;54,099998;45,700001
19.08.2025 10:26:34;0;0,746488;0,636989;2,470287;0;3,853946;54,099998;45,599998
19.08.2025 10:31:36;0,006503;0,292484;1,673778;1,882409;0;3,842305;53,900002;28,700001
19.08.2025 10:36:38;0,003035;0,034196;2,282391;1,526081;0;3,839394;53,900002;28,6
19.08.2025 10:41:39;0,002475;0,039784;2,185221;1,582615;0;3,80616;53,900002;28,9
19.08.2025 10:46:40;0,001677;0,700059;0,759553;2,331219;0;3,788641;54,099998;45,599998
19.08.2025 10:51:41;0,010619;0,590561;1,005194;2,23048;0;3,81565;54,099998;45,5
19.08.2025 10:56:42;0,000445;0,677064;0,680714;2,468821;0;3,82587;54,099998;45,700001
19.08.2025 11:01:44;0,000284;0,632987;0,707199;2,47538;0;3,814657;54,200001;45,700001
19.08.2025 11:06:46;0,004729;0,464191;1,191398;2,197448;0;3,848853;54;30,799999
19.08.2025 11:11:46;0;0,675293;0,732056;2,471924;0;3,878906;54,200001;45,599998
19.08.2025 11:16:48;0;0,706836;0,721387;2,47829;0;3,907058;54,299999;45,700001
19.08.2025 11:21:50;0;0,805785;0,660999;2,471742;0;3,938344;54,299999;45,5
19.08.2025 11:26:50;0;0,882568;0,588135;2,468079;0;3,938232;54,400002;45,5
19.08.2025 11:31:52;0,012755;0,228821;1,784369;1,926973;0;3,92743;54,299999;34,900002
19.08.2025 11:36:54;0,012255;0,123687;1,928064;1,909329;0;3,949258;54,400002;32,5
19.08.2025 11:41:54;0,039425;0,654053;1,43042;1,951355;0,014832;3,981445;54,099998;6,6
19.08.2025 11:46:56;0,161009;0,213906;3,130376;0,926562;0,092402;4,017649;54,200001;3,1
19.08.2025 11:51:57;0,120243;0,376674;2,504591;1,372379;0,018432;4,115676;56,099998;21,6
19.08.2025 11:56:58;0,007243;2,734172;1,149002;0,306048;0,0146;4,166775;54,599998;-0,3
19.08.2025 12:02:00;0;3,48725;0,693376;0;0,004184;4,17626;54,099998;0
19.08.2025 12:07:01;0;3,611618;0,601146;0;0;4,212764;53,900002;0
19.08.2025 12:12:02;0;3,670018;0,552966;0;0;4,222984;53,799999;0
19.08.2025 12:17:03;0;3,772581;0,465003;0;0;4,237584;53,700001;0
19.08.2025 12:22:04;0;3,752506;0,488727;0;0;4,241964;53,700001;0
19.08.2025 12:27:06;0;3,344646;0,921833;0;0;4,265024;53,700001;0
19.08.2025 12:32:08;0;3,164936;1,141196;0;0;4,306495;53,599998;0
19.08.2025 12:37:10;0;2,798967;1,572282;0;0;4,371249;53,599998;0
19.08.2025 12:42:12;0;1,264883;3,105639;0;0;4,370521;53,599998;0
19.08.2025 12:47:14;0;1,199765;3,156569;0;0;4,356698;53,599998;0
19.08.2025 12:52:16;0;2,645813;1,677416;0;0;4,323229;53,5;0
19.08.2025 12:57:18;0;2,488294;1,840756;0;0;4,32905;53,5;0
19.08.2025 13:02:21;0;2,911196;1,418433;0;0;4,329991;53,5;0
19.08.2025 13:07:22;0;2,939664;1,422018;0;0;4,361682;53,5;0
19.08.2025 13:12:24;0;2,928111;1,431497;0;0;4,359608;53,5;0
19.08.2025 13:17:26;0;2,816065;1,588652;0;0;4,404717;53,5;0
19.08.2025 13:22:28;0;2,879728;1,587561;0;0;4,466561;53,5;0
19.08.2025 13:27:29;0;3,577309;0,94059;0;0;4,518629;53,5;0
19.08.2025 13:32:32;0;3,669724;0,805301;0;0;4,4743;53,400002;0
19.08.2025 13:37:34;0;3,762635;0,688646;0;0;4,452009;53,5;0
19.08.2025 13:42:36;0;3,801197;0,65445;0;0;4,45492;53,5;0
19.08.2025 13:47:36;0;3,863892;0,564331;0;0;4,428955;53,400002;0
19.08.2025 13:52:37;0;3,8412;0,572311;0;0;4,413511;53,5;0
19.08.2025 13:57:40;0;3,81512;0,558381;0;0;4,372776;53,400002;0
19.08.2025 14:02:42;0;3,690242;0,698105;0;0;4,388711;53,400002;0
19.08.2025 14:07:44;0;3,544364;0,871631;0;0;4,415631;53,400002;0
19.08.2025 14:12:46;0;3,490888;0,898914;0;0;4,390166;53,400002;0
19.08.2025 14:17:48;0;3,112187;1,267429;0;0;4,379252;53,400002;0
19.08.2025 14:22:50;0;2,990318;1,300534;0;0;4,291216;53,400002;0
19.08.2025 14:27:51;0;2,939299;1,296095;0;0;4,235394;53,400002;0
19.08.2025 14:32:54;0;2,939477;1,241491;0;0;4,180606;53,400002;0
19.08.2025 14:37:56;0;2,84153;1,249604;0;0;4,091134;53,400002;0
19.08.2025 14:42:58;0;3,315543;0,719568;0;0;4,035111;53,400002;0
19.08.2025 14:48:00;0;3,231872;0,78796;0;0;4,02056;53,400002;0
19.08.2025 14:53:02;0;3,334824;0,660271;0;0;3,994367;53,400002;0
19.08.2025 14:58:04;0;3,318453;0,636989;0;0;3,955806;53,400002;0
19.08.2025 15:03:06;0;3,293716;0,62753;0;0;3,920882;53,400002;0
19.08.2025 15:08:08;0;3,204952;0,676278;0;0;3,881593;53,400002;0
19.08.2025 15:13:10;0;3,194766;0,5977;0;0;3,79283;53,299999;0
19.08.2025 15:18:12;0;3,15766;0,559502;0;0;3,716435;53,299999;0
19.08.2025 15:23:14;0;3,204224;0,562049;0;0;3,76591;53,299999;0
19.08.2025 15:28:16;0;3,143108;0,600246;0;0;3,744082;53,299999;0
19.08.2025 15:33:18;0;3,013601;0,680279;0;0;3,69388;53,299999;0
19.08.2025 15:38:20;0;3,042704;0,619527;0;0;3,661867;53,299999;0
19.08.2025 15:43:22;0;1,627577;2,027209;0;0;3,661139;53,299999;0
19.08.2025 15:48:24;0;0,570052;3,013281;0;0;3,606571;53,299999;0
19.08.2025 15:53:26;0;0,392889;3,018737;0;0;3,415948;53,299999;0
19.08.2025 15:58:28;0;0,241917;3,003542;0;0;3,26243;53,299999;0
19.08.2025 16:03:30;0;0,427812;2,881032;0;0;3,322091;53,299999;0
19.08.2025 16:08:32;0,016666;0,108044;3,09421;0;0,118594;3,071806;53,200001;-0,8
19.08.2025 16:13:34;0,003149;0,231004;2,943408;0;0,007458;3,175849;53,200001;0
19.08.2025 16:18:36;0,004843;0,200446;2,982781;0;0,00291;3,191856;53,200001;0
19.08.2025 16:23:39;0,044292;0,008339;3,050809;0;0,030276;2,996403;53,200001;-2,2
19.08.2025 16:28:39;0,03717;0,006592;2,977934;0;0,04834;2,917969;53,099998;-3,4
19.08.2025 16:33:42;0,018005;0,027556;2,970482;0;0,162257;2,832515;53;-4,4
19.08.2025 16:38:44;0,00432;0,041835;2,974777;0;0,245737;2,762589;53;-6,8
19.08.2025 16:43:46;0,002831;0,064754;2,630316;0,02783;0,004547;2,72621;53,099998;0
19.08.2025 16:48:48;0,006366;0,045109;2,607846;0,038379;0,000182;2,695652;53,200001;0
19.08.2025 16:53:50;0,004684;0,071302;2,550536;0,056751;0;2,686921;53,299999;3
19.08.2025 16:58:52;0,013756;0,066573;3,293556;0,054022;0,772135;2,64545;52,900002;0
19.08.2025 17:03:54;0,023623;0,041835;2,490038;0,054932;0,005639;2,567599;53,099998;0
19.08.2025 17:08:56;0,021031;0,0211;2,670307;0,000182;0,181893;2,490477;53;-4,1
19.08.2025 17:13:58;0,005605;0,021463;2,658191;0;0,251922;2,441002;53;-4,1
19.08.2025 17:19:00;0,014381;0,025465;2,508395;0,090401;0,040016;2,579968;53,200001;4,4
19.08.2025 17:24:02;0,001933;0,024374;2,354683;0,307581;0;2,701473;53,299999;5
19.08.2025 17:29:03;0,004939;0,02409;2,345716;0,233779;0;2,614089;53,400002;3,5
19.08.2025 17:34:06;0,00315;0,027194;2,357621;0,169327;0;2,563477;53,400002;0,9
19.08.2025 17:39:08;0,008492;0,057114;2,313406;0,063481;0,000364;2,440274;53,400002;5,2
19.08.2025 17:44:10;0,005832;0,032741;1,867364;0,565687;0;2,469377;54;10,2
19.08.2025 17:49:12;0,00141;0,031649;1,810613;0,476014;0;2,327501;54,599998;8,3
19.08.2025 17:54:12;0,001488;0,030396;1,784599;0,385986;0;2,194336;55,700001;7
19.08.2025 17:59:15;0,008385;0,184193;1,706992;0,188182;0,004532;2,089215;55,400002;0
19.08.2025 18:04:18;0,003954;0,119653;2,535694;0;0,688368;1,955784;52,799999;-30,4
19.08.2025 18:09:18;0,003239;0,055664;3,370187;0;1,649597;1,795166;52,799999;-16,799999
19.08.2025 18:14:21;0,00724;0,034083;3,233896;0;1,630726;1,629457;52,700001;-28,5
19.08.2025 18:19:22;0,005429;0,035039;2,954994;0;1,360516;1,624225;52,799999;-16,9
19.08.2025 18:24:22;0,008789;0,049072;1,499634;0,363281;0,393677;1,510254;53,299999;18,799999
19.08.2025 18:29:25;0,003093;0,039159;0,273389;1,096457;0;1,40538;53,5;21,799999
19.08.2025 18:34:27;0,00166;0,032013;0,249557;1,135011;0;1,414399;53,599998;20,6
19.08.2025 18:39:29;0,000477;0,024374;0,250285;1,080989;0;1,355466;53,700001;19,5
19.08.2025 18:44:31;0,006491;0,036742;0,274658;0,962941;0;1,268157;54;15,4
19.08.2025 18:49:31;0,000423;0,047607;0,317871;0,793213;0;1,157227;55,200001;13,5
19.08.2025 18:54:33;0,000125;0,559139;0,279024;0,243555;0,001819;1,080444;55,200001;0
19.08.2025 18:59:35;0;0,753764;0,234642;0;0;0,98877;54,700001;0
19.08.2025 19:04:37;0;0,642446;0,233914;0;0;0,875996;54,5;0
19.08.2025 19:09:39;0;0,564232;0,231731;0;0;0,795963;54,299999;0
19.08.2025 19:14:41;0,001728;0,424174;0,300851;0;0,001273;0,721751;54,200001;0
19.08.2025 19:19:42;0;0,385434;0,281411;0;0;0,66648;54,099998;0
19.08.2025 19:24:45;0;0,346994;0,261061;0;0;0,608418;54;0
19.08.2025 19:29:47;0,004138;0,255014;0,301942;0;0,003092;0,550044;54;0
19.08.2025 19:34:49;0,000023;0,097131;0,380156;0;0;0,476559;53,900002;0
19.08.2025 19:39:51;0,015666;0,000364;0,377973;0;0;0,363058;53,900002;0
19.08.2025 19:44:54;0,008271;0,024293;0,291156;0;0;0,306747;53,799999;0
19.08.2025 19:49:54;0,03281;0,003662;0,240967;0;0;0,212402;53,799999;0
19.08.2025 19:54:56;0,04212;0,011277;0,266655;0;0,080397;0,154973;53,5;-3,4
19.08.2025 19:59:59;0,009178;0,017404;0,263962;0;0,154099;0,118928;53,299999;0
19.08.2025 20:05:01;0,06298;0;0,150971;0;0;0,088036;53,400002;0
19.08.2025 20:10:01;0,038212;0,016846;0,177612;0;0,105469;0,050537;53,200001;-3,4
19.08.2025 20:15:03;0,003615;0,025829;0,184439;0;0,195535;0,010914;53,099998;-3,8
19.08.2025 20:20:06;0,010696;0,023568;0,31001;0;0,32125;0,00145;53;-6,8
19.08.2025 20:25:07;0,004768;0,020805;0,34054;0;0,355322;0,00146;52,900002;-6,8
19.08.2025 20:30:09;0,001876;0,025829;0,310309;0;0,334683;0;52,900002;-6,8
19.08.2025 20:35:11;0,002853;0,025101;0,331045;0;0,352508;0;52,900002;-7,2
19.08.2025 20:40:13;0;0,027648;0,350326;0;0,378701;0;52,900002;-7,1
19.08.2025 20:45:15;0,002296;0,025829;0,284117;0;0,306853;0;53;-4,7
19.08.2025 20:50:17;0,011095;0,024374;0,204448;0;0,217908;0;53;-3,8
19.08.2025 20:55:19;0,00291;0,02692;0,170252;0;0,194625;0;53;-3,7
19.08.2025 21:00:21;0,018894;0,025465;0,262289;0;0,268656;0;53;-7,3
19.08.2025 21:05:23;0,007014;0,022918;0,536584;0;0,55259;0;52,900002;-11,1
19.08.2025 21:10:25;0,000637;0,041108;0,566414;0;0,606613;0;52,799999;-12,5
19.08.2025 21:15:27;0,000148;0,029467;0,583876;0;0,613343;0;52,900002;-10,8
19.08.2025 21:20:29;0,007571;0,034923;0,604976;0;0,632441;0;52,900002;-12
19.08.2025 21:25:32;0,000159;0,034808;0,593914;0;0,628723;0;52,900002;-11,8
19.08.2025 21:30:33;0,000445;0,0292;0,623775;0;0,652062;0;52,900002;-11,3
19.08.2025 21:35:33;0,022671;0,055664;1,041504;0;1,074646;0;52,599998;-15,1
19.08.2025 21:40:35;0,002524;0,029103;0,406712;0;0,433633;0;52,900002;-8,9
19.08.2025 21:45:37;0;0,025101;0,439089;0;0,463827;0;52,900002;-8,7
19.08.2025 21:50:39;0,005536;0,030922;0,435088;0;0,460553;0;52,900002;-11,1
19.08.2025 21:55:41;0;0,02692;0,504935;0;0,531855;0;52,900002;-9,7
19.08.2025 22:00:43;0,000114;0,029467;0,452549;0;0,481834;0;52,900002;-10,2
19.08.2025 22:05:45;0,001114;0,017462;0,467828;0;0,484017;0;53;-7,9
19.08.2025 22:10:47;0,002603;0,028375;0,432177;0;0,458006;0;53;-8,5
19.08.2025 22:15:49;0,002603;0,027284;0,445274;0;0,470011;0;52,900002;-9,6
19.08.2025 22:20:50;0;0,02628;0,443103;0;0,469748;0;53;-7,5
19.08.2025 22:25:53;0;0,027556;0,370562;0;0,397575;0;53;-7,3
19.08.2025 22:30:55;0,001717;0,026556;0,367424;0;0,392343;0;53;-7,5
19.08.2025 22:35:57;0,000034;0,028375;0,320859;0;0,349598;0;53;-6,1
19.08.2025 22:40:59;0,005332;0,028739;0,427448;0;0,450912;0;53;-8,2
19.08.2025 22:46:01;0,000705;0,028739;0,4209;0;0,448912;0;53;-8,5
19.08.2025 22:51:02;0;0,029565;0,397844;0;0,426678;0;53;-8,3
19.08.2025 22:56:05;0,002776;0,028282;0,437278;0;0,463384;0;52,900002;-10,8
19.08.2025 23:01:07;0,000296;0,038561;0,502024;0;0,540404;0;52,900002;-11,3
19.08.2025 23:06:09;0,001262;0,036742;0,434724;0;0,470011;0;53;-7,2
19.08.2025 23:11:09;0,000366;0,028931;0,352295;0;0,380676;0;53;-7,1
19.08.2025 23:16:11;0,000603;0,032741;0,301942;0;0,333955;0;53;-5,8
19.08.2025 23:21:13;0,005116;0,035287;0,301942;0;0,332318;0;53;-8,7
19.08.2025 23:26:15;0,005912;0,038561;0,501297;0;0,534037;0;52,900002;-10,5
19.08.2025 23:31:16;0,000867;0,028105;0,510262;0;0,537454;0;52,900002;-10
19.08.2025 23:36:19;0;0,028282;0,497829;0;0,526111;0;52,900002;-9,6
19.08.2025 23:41:21;0;0,028375;0,494021;0;0,522032;0;52,900002;-9,7
19.08.2025 23:46:23;0,000853;0,029103;0,447093;0;0,47565;0;52,900002;-8,8
19.08.2025 23:51:22;0,004065;0,022414;0,565851;0;0,584223;0;52,900002;-11,1
19.08.2025 23:56:25;0;0,027556;0,464109;0;0,491665;0;52,900002;-7,6
20.08.2025 00:01:27;0,000171;0,025829;0,299396;0;0,325224;0;53;-4,8
20.08.2025 00:06:29;0;0,023646;0,209177;0;0,232641;0;53;-3,6
20.08.2025 00:11:31;0,001546;0,025465;0,172798;0;0,196808;0;53;-3,6
20.08.2025 00:16:33;0,00814;0,033468;0,288118;0;0,313583;0;53;-7
20.08.2025 00:21:35;0,000011;0,034196;0,350689;0;0,384521;0;53;-7,1
20.08.2025 00:26:36;0,006011;0,020805;0,351854;0;0,367184;0;53;-6,9
20.08.2025 00:31:37;0;0,02774;0,338715;0;0,366089;0;53;-6,7
20.08.2025 00:36:39;0;0,024374;0,291029;0;0,315766;0;53;-5,5
20.08.2025 00:41:41;0,001137;0,022191;0,255014;0;0,275568;0;53;-3,8
20.08.2025 00:46:43;0,005286;0,026193;0,171343;0;0,192443;0;53;-3,8
20.08.2025 00:51:45;0,002501;0,025101;0,166978;0;0,188987;0;53,099998;-3,7
20.08.2025 00:56:47;0,002421;0,028739;0,166978;0;0,193716;0;53;-3,7
20.08.2025 01:01:49;0,007367;0,036015;0,272112;0;0,300669;0;53;-4,6
20.08.2025 01:06:51;0,000102;0,02983;0,284844;0;0,314675;0;53;-5,9
20.08.2025 01:11:52;0,003308;0,035404;0,286886;0;0,319188;0;53;-5,6
20.08.2025 01:16:55;0,000397;0,02248;0,278465;0;0,300583;0;53;-5,4
20.08.2025 01:21:56;0,007768;0,0292;0,284696;0;0,306048;0;53;-6,9
20.08.2025 01:26:59;0,001598;0,03082;0,27629;0;0,305115;0;53;-4,4
20.08.2025 01:31:59;0,004051;0,041016;0,290039;0;0,327393;0;53;-6,7
20.08.2025 01:37:01;0,003706;0,026193;0,315038;0;0,337411;0;53;-6,3
20.08.2025 01:42:03;0,00623;0,033104;0,328135;0;0,354873;0;52,900002;-10,3
20.08.2025 01:47:05;0,000807;0,021463;0,446001;0;0,466737;0;52,900002;-8,6
20.08.2025 01:52:07;0,000796;0,028739;0,419809;0;0,447456;0;52,900002;-8,5
20.08.2025 01:57:09;0;0,024737;0,400528;0;0,425265;0;52,900002;-5,9
20.08.2025 02:02:11;0;0,025465;0,28448;0;0,310491;0;53;-5,8
20.08.2025 02:07:13;0;0,02401;0,281206;0;0,305216;0;53;-5,6
20.08.2025 02:12:16;0,000034;0,026469;0,274477;0;0,300764;0;53;-5,6
20.08.2025 02:17:17;0,00065;0,021535;0,186147;0;0,207317;0;53;-3,6
20.08.2025 02:22:19;0,000784;0,023282;0,169524;0;0,191533;0;53;-3,6
20.08.2025 02:27:18;0,006855;0,022781;0,20209;0;0,218257;0;53;-4,6
20.08.2025 02:32:21;0,005722;0,027919;0,270126;0;0,292425;0;53;-6,8
20.08.2025 02:37:22;0;0,027375;0,33178;0;0,359519;0;53;-6,8
20.08.2025 02:42:25;0,000714;0,023568;0,309285;0;0,331947;0;53;-5
20.08.2025 02:47:27;0,000193;0,021827;0,26811;0;0,289392;0;53;-5,4
20.08.2025 02:52:29;0;0,020736;0,267019;0;0,287754;0;53;-5,5
20.08.2025 02:57:30;0,000023;0,02336;0,258051;0;0,281411;0;53;-3,6
20.08.2025 03:02:31;0,004916;0,025185;0,160962;0;0,180855;0;53;-3,6
20.08.2025 03:07:33;0,010095;0,029467;0,158974;0;0,178801;0;53;-3,4
20.08.2025 03:12:34;0,005167;0,02774;0,153663;0;0,176292;0;53;-3,2
20.08.2025 03:17:37;0,01328;0,03082;0,258161;0;0,275383;0;53;-7
20.08.2025 03:22:39;0,000864;0,025829;0,347779;0;0,372517;0;52,900002;-7,2
20.08.2025 03:27:41;0,000227;0,030194;0,347415;0;0,377973;0;52,900002;-7,7
20.08.2025 03:32:43;0;0,02401;0,351781;0;0,375427;0;52,900002;-7
20.08.2025 03:37:43;0,007015;0,03479;0,398804;0;0,426636;0;52,900002;-7,6
20.08.2025 03:42:45;0,002376;0,024374;0,379428;0;0,401256;0;52,900002;-7,7
20.08.2025 03:47:47;0,007139;0,021827;0,283753;0;0,298668;0;53;-5,3
20.08.2025 03:52:49;0,00341;0,035651;0,288846;0;0,321223;0;52,900002;-6,4
20.08.2025 03:57:51;0,001853;0,024737;0,295758;0;0,318131;0;52,900002;-6
20.08.2025 04:02:53;0,00341;0,029467;0,304489;0;0,331045;0;52,900002;-7,4
20.08.2025 04:07:54;0;0,025915;0,310975;0;0,336342;0;52,900002;-6
20.08.2025 04:12:57;0;0,025744;0,291156;0;0,317262;0;52,900002;-6
20.08.2025 04:17:58;0,000057;0,027375;0,28798;0;0,315173;0;52,900002;-5,6
20.08.2025 04:23:01;0,000045;0,023205;0,283542;0;0,307291;0;52,900002;-5,6
20.08.2025 04:28:03;0;0,022191;0,279387;0;0,300669;0;52,900002;-5,6
20.08.2025 04:33:05;0;0,022555;0,220818;0;0,243918;0;53;-3,7
20.08.2025 04:38:06;0,00008;0,022265;0,173737;0;0,195819;0;53;-3,6
20.08.2025 04:43:09;0;0,024293;0,170778;0;0,194889;0;53;-3,7
20.08.2025 04:48:10;0,007152;0,025185;0,186147;0;0,204214;0;53;-6,2
20.08.2025 04:53:13;0;0,024656;0,296232;0;0,321069;0;52,900002;-6
20.08.2025 04:58:15;0,001137;0,026556;0,303761;0;0,329226;0;52,900002;-7
20.08.2025 05:03:17;0;0,027284;0,340867;0;0,367787;0;52,900002;-7,4
20.08.2025 05:08:18;0,000992;0,042704;0,31499;0;0,356964;0;52,900002;-6,6
20.08.2025 05:13:21;0,004283;0,03227;0,323063;0;0,350982;0;52,900002;-6,8
20.08.2025 05:18:23;0,004263;0,027648;0,221909;0;0,24501;0;52,900002;-4,6
20.08.2025 05:23:25;0,00573;0,023646;0,217544;0;0,235915;0;53;-3,4
20.08.2025 05:28:27;0,02235;0,023282;0,228821;0;0,229367;0;53;-4,4
20.08.2025 05:33:28;0,01249;0,042339;0,244546;0;0,274111;0;52,900002;-5,8
20.08.2025 05:38:31;0,004328;0,025018;0,365123;0;0,386334;0;52,700001;-30,5
20.08.2025 05:43:33;0,04553;0,053113;2,074306;0;2,081764;0;52,099998;-73
20.08.2025 05:48:34;0,004049;0,070809;2,8955;0;2,962111;0;52,299999;-38,299999
20.08.2025 05:53:36;0;0,048383;1,548272;0;1,596837;0;52,400002;-28,799999
20.08.2025 05:58:39;0,000159;0,055838;1,46158;0;1,516875;0;52,400002;-29
20.08.2025 06:03:41;0,000659;0,042927;1,483518;0;1,526445;0;52,400002;-28,700001
20.08.2025 06:08:43;0,00058;0,048747;1,390753;0;1,438591;0;52,400002;-24,5
20.08.2025 06:13:45;0,008322;0,045473;0,667911;0;0,705199;0;52,700001;-5,4
20.08.2025 06:18:47;0,001728;0,032013;0,236097;0;0,265927;0;52,799999;-5,3
20.08.2025 06:23:49;0,005389;0,032741;0,337593;0;0,341959;0,02401;52,799999;-6,5
20.08.2025 06:28:49;0,000275;0,025635;0,341309;0;0,319885;0,046143;52,799999;-4,8
20.08.2025 06:33:50;0;0,024455;0,289075;0;0,228851;0,085409;52,900002;-4
20.08.2025 06:38:53;0;0,025018;0,285717;0;0,181293;0,12908;52,900002;-3,2
20.08.2025 06:43:55;0,013722;0,021827;0,27866;0;0,110773;0,176072;53;-0,3
20.08.2025 06:48:57;0,016166;0,04329;0,216089;0;0,016007;0,22773;53;-0,3
20.08.2025 06:53:59;0,003126;0,094948;0,188077;0;0,017098;0,261926;53;-0,3
20.08.2025 06:59:01;0,000011;0,073485;0,230276;0,031467;0,007458;0,327407;53,099998;1,4
20.08.2025 07:04:03;0,002058;0,029103;0,25465;0,102406;0;0,384158;53,099998;1,7
20.08.2025 07:09:05;0,006582;0,097131;0,318312;0,017644;0,005457;0,421991;53,099998;1,3
20.08.2025 07:14:07;0;0,025101;0,30558;0,167523;0;0,497659;53,200001;3,8
20.08.2025 07:19:09;0;0,022191;0,301578;0,223728;0;0,547134;53,200001;5,3
20.08.2025 07:24:09;0,000126;0,024536;0,314941;0,344788;0;0,684082;53,299999;7,7
20.08.2025 07:29:11;0,01246;0,036379;2,091404;0,018917;1,339823;0,795236;52,5;-28,9
20.08.2025 07:34:13;0,00116;0,049475;3,397395;0;2,734941;0,710837;51,900002;-63,400002
20.08.2025 07:39:15;0,026454;0,04038;4,369794;0;3,611846;0,771226;51,799999;-60
20.08.2025 07:44:17;0,004877;0,068028;3,13656;0;2,281482;0,918923;52;-33,799999
20.08.2025 07:49:19;0,006389;0,054568;1,274341;0,248829;0,594972;0,974946;52,599998;8,1
20.08.2025 07:54:21;0,002024;0,032741;0,47947;0,547316;0,000182;1,058616;52,700001;9,8
20.08.2025 07:59:24;0,000555;0,039884;0,407908;0,506713;0;0,954324;52,799999;8,4
20.08.2025 08:04:24;0,015003;0,030762;0,533203;0,500427;0,068115;0,981445;52,5;-22
20.08.2025 08:09:25;0,010345;0,045989;1,94907;0,057487;1,011764;1,030014;52,299999;-20,5
20.08.2025 08:14:27;0,00997;0,05384;0,63808;0,576418;0,091856;1,166297;52,900002;16,9
20.08.2025 08:19:29;0,007378;0,033832;0,269929;0,997864;0,000182;1,293622;53,099998;20,299999
20.08.2025 08:24:31;0,017018;0,02983;0,354691;1,087719;0,000182;1,455143;53,099998;1,8
20.08.2025 08:29:33;0,003263;0,028375;0,86872;0,6861;0;1,579558;53,400002;25,9
20.08.2025 08:34:34;0,005167;0,040149;0,318275;1,379496;0;1,733723;53,5;24,5
20.08.2025 08:39:34;0,000595;0,037354;0,398438;1,305176;0;1,739502;53,700001;26,299999
20.08.2025 08:44:37;0,000623;0,029732;0,357871;1,476265;0;1,863687;53,799999;26,700001
20.08.2025 08:49:38;0,000605;0,02774;0,3493;1,301935;0;1,678244;53,799999;28
20.08.2025 08:54:38;0,003101;0,028931;0,51416;1,496155;0;2,036133;53,799999;25,4
20.08.2025 08:59:40;0,001114;0,032741;0,500933;1,552455;0;2,08522;53,900002;30,799999
20.08.2025 09:04:42;0,000148;0,033832;0,43727;1,69033;0;2,161615;54;35,599998
20.08.2025 09:09:44;0,002012;0,032377;0,457279;1,983723;0;2,47156;53,900002;32,200001
20.08.2025 09:14:46;0,001546;0,032013;0,445637;1,809652;0;2,285302;53,900002;26,4
20.08.2025 09:19:48;0,00515;0,036015;0,510028;1,065892;0;1,606478;53,799999;19,5
20.08.2025 09:24:50;0,000409;0,035287;0,472558;1,084627;0;1,592654;53,799999;20,5
20.08.2025 09:29:52;0,000398;0,029103;0,457279;1,323634;0;1,808742;53,900002;29
20.08.2025 09:34:54;0,001773;0,308854;0,515848;2,118324;0;2,941571;54,099998;45,599998
20.08.2025 09:39:54;0,00198;0,034424;0,470947;1,584778;0;2,087402;53,900002;33,099998
20.08.2025 09:44:56;0,006503;0,04038;0,405985;1,655771;0;2,096133;54;44
20.08.2025 09:49:56;0,008595;0,506104;0,488892;2,238831;0;3,225586;54,099998;45,599998
20.08.2025 09:54:58;0,018178;0,0673;2,068849;0,901643;0;3,019421;53,799999;24,200001
20.08.2025 10:00:00;0,025829;0,052021;2,356968;1,37893;0,004547;3,757906;53,900002;31,700001
20.08.2025 10:05:02;0,012596;0,287754;1,666866;1,968444;0;3,909969;54,099998;45,599998
20.08.2025 10:10:04;0,010322;0,685736;1,171754;2,271478;0;4,118782;54,099998;45,599998
20.08.2025 10:15:06;0;0,856715;0,713748;2,465739;0;4,035839;54,099998;45,599998
20.08.2025 10:20:08;0;0,809423;0,682098;2,470105;0;3,962354;54,099998;45,599998
20.08.2025 10:25:10;0;0,9302;0,648994;2,470287;0;4,049662;54,200001;45,599998
20.08.2025 10:30:12;0,009527;0,653723;0,935293;2,306401;0;3,885959;54,200001;45,599998
20.08.2025 10:35:14;0,000159;0,657725;0,487109;2,463557;0;3,607299;54,200001;45,5
20.08.2025 10:40:16;0;0,912375;0,486381;2,465012;0;3,864132;54,200001;45,5
20.08.2025 10:45:18;0,000023;0,736302;0,529308;2,472288;0;3,738262;54,299999;45,700001
20.08.2025 10:50:18;0;0,680786;0,593994;2,476868;0;3,751465;54,299999;45,599998
20.08.2025 10:55:20;0;0,540586;0,602065;2,477926;0;3,621123;54,400002;45,400002
20.08.2025 11:00:21;0;0,741303;0,557346;2,479224;0;3,777691;54,599998;45,299999
20.08.2025 11:05:24;0,003173;0,39268;0,588838;2,399407;0;3,377117;55,099998;44,900002
20.08.2025 11:10:26;0;1,482791;0,602065;1,895505;0;3,981271;56,299999;16,6
20.08.2025 11:15:26;0;3,880005;0,254517;0,088806;0,012634;4,209961;54,299999;0
20.08.2025 11:20:28;0;3,115461;0,196444;0;0;3,311905;54;0
20.08.2025 11:25:30;0;3,790283;0,259379;0;0;4,049662;53,799999;0
20.08.2025 11:30:32;0;3,215866;0,372517;0;0;3,588382;53,700001;0
20.08.2025 11:35:34;0;2,383888;0,361239;0;0;2,744399;53,700001;0
20.08.2025 11:40:36;0;2,521035;0,330317;0;0;2,85208;53,700001;0
20.08.2025 11:45:37;0;3,645928;0,32886;0;0;3,974788;53,599998;0
20.08.2025 11:50:40;0;4,028683;0,345181;0;0;4,373501;53,599998;0
20.08.2025 11:55:42;0;4,016194;0,334319;0;0;4,350877;53,599998;0
20.08.2025 12:00:42;0;4,018433;0,364014;0;0;4,382813;53,5;0
20.08.2025 12:05:44;0;4,158071;0,341595;0;0;4,499302;53,5;0
20.08.2025 12:10:45;0;4,212399;0,407334;0;0;4,619368;53,5;0
20.08.2025 12:15:46;0;4,025522;0,410984;0;0;4,436871;53,5;0
20.08.2025 12:20:48;0;3,549457;0,399437;0;0;3,949258;53,5;0
20.08.2025 12:25:50;0;3,583289;0,34596;0;0;3,929613;53,5;0
20.08.2025 12:30:53;0;2,62983;1,426047;0;0;4,055152;53,5;0
20.08.2025 12:35:53;0;2,258789;1,839478;0;0;4,0979;53,5;0
20.08.2025 12:40:55;0;2,445367;2,16889;0;0;4,614258;53,400002;0
20.08.2025 12:45:57;0;2,866995;1,773819;0;0;4,641906;53,400002;0
20.08.2025 12:51:00;0;2,694732;1,688921;0;0;4,383654;53,400002;0
20.08.2025 12:56:02;0;2,919016;1,433679;0;0;4,352332;53,400002;0
20.08.2025 13:01:04;0;2,910649;1,292894;0;0;4,20318;53,400002;0
20.08.2025 13:06:06;0;2,955395;1,301989;0;0;4,25702;53,400002;0
20.08.2025 13:11:07;0;3,200635;1,331499;0;0;4,532499;53,400002;0
20.08.2025 13:16:10;0;2,938752;1,367671;0;0;4,30606;53,400002;0
20.08.2025 13:21:12;0;3,016511;1,29726;0;0;4,314498;53,400002;0
20.08.2025 13:26:14;0;3,036519;1,268885;0;0;4,30504;53,400002;0
20.08.2025 13:31:16;0;2,826979;1,238327;0;0;4,065669;53,400002;0
20.08.2025 13:36:18;0;3,840849;0,985859;0;0;4,825981;53,400002;0
20.08.2025 13:41:19;0;3,594099;0,757363;0;0;4,352192;53,400002;0
20.08.2025 13:46:22;0;3,968131;0,753452;0;0;4,721583;53,400002;0
20.08.2025 13:51:24;0;3,786645;0,676278;0;0;4,462923;53,400002;0
20.08.2025 13:56:26;0;3,17403;0,72357;0;0;3,8976;53,400002;0
20.08.2025 14:01:27;0;2,147261;2,342898;0;0;4,48943;53,299999;0
20.08.2025 14:06:28;0;2,345453;2,358958;0;0;4,704776;53,400002;0
20.08.2025 14:11:30;0;3,168937;1,572646;0;0;4,741583;53,400002;0
20.08.2025 14:16:32;0;3,88996;0,623892;0;0;4,513853;53,299999;0
20.08.2025 14:21:34;0;3,821205;0,575873;0;0;4,397442;53,299999;0
20.08.2025 14:26:35;0;3,131651;0,65042;0;0;3,782071;53,299999;0
20.08.2025 14:31:38;0;2,840492;0,608418;0;0;3,448909;53,299999;0
20.08.2025 14:36:40;0;2,897189;0,613343;0;0;3,510532;53,299999;0
20.08.2025 14:41:42;0;3,047797;0,647539;0;0;3,694608;53,299999;0
20.08.2025 14:46:44;0;3,518899;0,652268;0;0;4,171894;53,299999;0
20.08.2025 14:51:46;0;3,325365;0,586423;0;0;3,911424;53,299999;0
20.08.2025 14:56:48;0;2,681101;0,486381;0;0;3,167846;53,299999;0
20.08.2025 15:01:49;0;2,53817;0,447118;0;0;2,984923;53,299999;0
20.08.2025 15:06:52;0;2,762898;0,465559;0;0;3,228458;53,299999;0
20.08.2025 15:11:54;0;1,312539;1,823294;0;0;3,135833;53,299999;0
20.08.2025 15:16:56;0;0,421628;2,262383;0;0;2,684011;53,299999;0
20.08.2025 15:21:58;0,006685;0,990588;1,247421;0;0,004547;2,226368;53,299999;0
20.08.2025 15:26:58;0;1,29895;0,621826;0;0;1,92041;53,299999;0
20.08.2025 15:32:00;0;0,897459;0,618799;0;0;1,516986;53,299999;0
20.08.2025 15:37:02;0;0,771953;0,515484;0;0;1,287074;53,299999;0
20.08.2025 15:42:04;0;0,818518;0,487473;0;0;1,306718;53,299999;0
20.08.2025 15:47:05;0;1,002639;0,461718;0;0;1,463627;53,299999;0
20.08.2025 15:52:07;0;0,980766;0,529308;0;0;1,510438;53,299999;0
20.08.2025 15:57:08;0;0,865036;0,588006;0;0;1,452677;53,299999;0
20.08.2025 16:02:10;0,00025;0,731209;0,661726;0;0;1,393299;53,299999;0
20.08.2025 16:07:12;0,000227;0,654087;0,651904;0;0;1,305263;53,299999;0
20.08.2025 16:12:14;0,000011;0,557683;0,698832;0;0;1,257243;53,299999;0
20.08.2025 16:17:16;0;0,60061;0,694467;0;0;1,29435;53,299999;0
20.08.2025 16:22:18;0;0,701015;0,616981;0;0;1,319087;53,299999;0
20.08.2025 16:27:20;0;0,872358;0,54968;0;0;1,420947;53,299999;0
20.08.2025 16:32:20;0;1,014404;0,467285;0;0;1,481689;53,299999;0
20.08.2025 16:37:22;0;0,913102;0,475468;0;0;1,389661;53,299999;0
20.08.2025 16:42:24;0,000182;0,830159;0,569325;0;0;1,398392;53,299999;0
20.08.2025 16:47:26;0;0,818518;0,597336;0;0;1,415854;53,299999;0
20.08.2025 16:52:28;0;0,791234;0,64099;0;0;1,431861;53,299999;0
20.08.2025 16:57:30;0;0,781775;0,634078;0;0;1,415854;53,200001;0
20.08.2025 17:02:32;0;0,717385;0,63517;0;0;1,352555;53,299999;0
20.08.2025 17:07:33;0;0,716484;0,560996;0;0;1,27821;53,299999;0
20.08.2025 17:12:34;0;0,732909;0,478508;0;0;1,211051;53,299999;0
20.08.2025 17:17:36;0;0,691193;0,483835;0;0;1,175028;53,200001;0
20.08.2025 17:22:38;0;0,667911;0,478742;0;0;1,146653;53,200001;0
20.08.2025 17:27:40;0,001933;0,53331;0,569688;0;0,001273;1,100088;53,200001;0
20.08.2025 17:32:42;0;0,478014;0,573326;0;0;1,051341;53,200001;0
20.08.2025 17:37:44;0;0,434724;0,570052;0;0;1,004776;53,200001;0
20.08.2025 17:42:46;0;0,377246;0,599883;0;0,000364;0,977128;53,200001;0
20.08.2025 17:47:46;0;0,322998;0,630615;0;0;0,952881;53,200001;0
20.08.2025 17:52:48;0;0,374335;0,558047;0;0;0,932747;53,200001;0
20.08.2025 17:57:50;0;0,364149;0,526034;0;0;0,88982;53,200001;0
20.08.2025 18:02:52;0,002819;0,270293;0,562776;0;0,002365;0,827976;53,200001;0
20.08.2025 18:07:54;0,004945;0,177164;0,594062;0;0,003456;0,762495;53,200001;0
20.08.2025 18:12:56;0;0,049475;0,66209;0;0;0,712292;53,200001;0
20.08.2025 18:17:56;0,02813;0,016113;0,697998;0;0,004944;0,681152;53,200001;0
20.08.2025 18:22:58;0,045041;0;0,707927;0;0,000182;0,66209;53,200001;0
20.08.2025 18:27:59;0,05703;0,01752;1,31033;0;0,63363;0,63728;52,599998;-38,900002
20.08.2025 18:33:00;0,023862;0,032484;0,937305;0;0,342365;0,603701;53,099998;0
20.08.2025 18:38:02;0,000205;0,08549;0,49875;0,001637;0;0,584967;53,099998;2
20.08.2025 18:43:04;0,001137;0,033832;0,448184;0,100769;0;0,582057;53,200001;0
20.08.2025 18:48:05;0,004585;0,039419;1,429683;0,022812;0,902448;0,584721;52,700001;-28,799999
20.08.2025 18:53:08;0,001847;0,037709;2,20633;0;1,661909;0,580136;52,5;-47,400002
20.08.2025 18:58:11;0,006583;0,053663;3,629477;0;3,108079;0,568533;52,400002;-62,900002
20.08.2025 19:03:12;0,0017;0,063874;3,159026;0;2,667013;0,554791;52,599998;-40,799999
20.08.2025 19:08:14;0,033787;0,035651;1,3511;0;0,810515;0,542041;53;0
20.08.2025 19:13:16;0,013324;0,001819;0,575145;0;0;0,563868;53,099998;0
20.08.2025 19:18:16;0,00301;0,020874;0,557373;0;0;0,574951;53,099998;0
20.08.2025 19:23:17;0,000194;0,076649;0,484712;0,000182;0;0,562091;53,099998;0
20.08.2025 19:28:20;0,004974;0,036621;0,390142;0,04351;0;0,464109;53,099998;2
20.08.2025 19:33:22;0,000114;0,029103;0,231368;0,096221;0;0,357238;53,200001;1,2
20.08.2025 19:38:24;0,001228;0,060752;0,209541;0,018007;0,001273;0,285208;53,099998;0
20.08.2025 19:43:26;0,011891;0,027284;0,364877;0;0,154609;0,226275;53,099998;-3,8
20.08.2025 19:48:28;0,002319;0,021827;0,372153;0;0,220636;0,170979;53,099998;-4,5
20.08.2025 19:53:29;0,002966;0,020805;0,364264;0;0,263708;0,118258;53,099998;-4,6
20.08.2025 19:58:30;0,004962;0,025915;0,30988;0;0,269548;0,061319;53,099998;-5,6
20.08.2025 20:03:32;0,007549;0,032377;0,374335;0;0,382703;0,016007;53;-8,4
20.08.2025 20:08:34;0,006571;0,027284;0,363058;0;0,380156;0,003638;53;-6,6
20.08.2025 20:13:36;0,001876;0,025465;0,323405;0;0,34596;0,001455;53;-6,5
20.08.2025 20:18:37;0,008224;0,02701;0,364994;0;0,383062;0;53;-7,2
20.08.2025 20:23:40;0,00077;0,026106;0,393042;0;0,418786;0;53;-9,3
20.08.2025 20:28:42;0,007048;0,031649;0,626075;0;0,650631;0;52,900002;-12,5
20.08.2025 20:33:44;0,005912;0,02692;0,591152;0;0,612251;0;52,900002;-10,5
20.08.2025 20:38:46;0,00399;0,02983;0,53913;0;0,564959;0;53;-10,6
20.08.2025 20:43:46;0,003342;0,034058;0,49292;0;0,523682;0;53;-7,8
20.08.2025 20:48:47;0,00057;0,02993;0,450403;0;0,479785;0;53;-8,8
20.08.2025 20:53:49;0,000682;0,032013;0,422355;0;0,453641;0;53;-6,8
20.08.2025 20:58:52;0,000125;0,031545;0,34083;0;0,372194;0;53;-6,7
20.08.2025 21:03:54;0,003013;0,026556;0,364513;0;0,387977;0;53;-8
20.08.2025 21:08:56;0;0,02401;0,392889;0;0,417262;0;53;-7,8
20.08.2025 21:13:58;0,006287;0,032377;0,486381;0;0,512392;0;53;-10
20.08.2025 21:18:58;0,000114;0,026367;0,509033;0;0,535583;0;53;-9,1
20.08.2025 21:24:00;0,037947;0,058933;0,679915;0;0,700469;0;52,900002;-8,8
20.08.2025 21:29:02;0,043495;0,065118;0,558411;0;0,580056;0;52,900002;-8,8
20.08.2025 21:34:04;0,10045;0,099313;0,711201;0;0,71011;0;52,700001;-46,299999
20.08.2025 21:39:06;0,06422;0,102588;0,604612;0;0,64099;0;52,900002;-6,6
20.08.2025 21:44:07;0,116251;0,124828;0,797878;0;0,80609;0;52,900002;-7,3
20.08.2025 21:49:10;0,089026;0,090646;0,645039;0;0,64522;0;52,900002;-7,5
20.08.2025 21:54:12;0,005366;0,028011;0,416898;0;0,439271;0;52,900002;-10,7
20.08.2025 21:59:14;0,00316;0,030194;0,616617;0;0,643719;0;52,900002;-10,9
20.08.2025 22:04:16;0,002535;0,037106;0,535493;0;0,570234;0;52,900002;-10,7
20.08.2025 22:09:18;0;0,02983;0,538039;0;0,567869;0;52,900002;-11,2
20.08.2025 22:14:20;0,001012;0,038561;0,528944;0;0,566414;0;52,900002;-10,4
20.08.2025 22:19:21;0,003274;0,03139;0,529972;0;0,558624;0;52,900002;-10,7
20.08.2025 22:24:24;0,007807;0,025744;0,549316;0;0,566539;0;52,900002;-10,3
20.08.2025 22:29:25;0,001859;0,038324;0,401494;0;0,438176;0;53;-8,3
20.08.2025 22:34:26;0,011224;0,02263;0,414634;0;0,426131;0;53;-7,6
20.08.2025 22:39:28;0,003251;0,028739;0,392889;0;0,418717;0;53;-7,6
20.08.2025 22:44:29;0,005669;0,02701;0,408064;0;0,429051;0;53;-9,9
20.08.2025 22:49:32;0,000895;0,030457;0,509795;0;0,539164;0;52,900002;-10,4
20.08.2025 22:54:33;0,011007;0,033579;0,504422;0;0,527234;0;52,900002;-10,1
20.08.2025 22:59:35;0,002035;0,02983;0,456915;0;0,484744;0;52,900002;-8,5
20.08.2025 23:04:37;0,000148;0,032013;0,415079;0;0,446911;0;52,900002;-8,4
20.08.2025 23:09:39;0,00158;0,029103;0,448912;0;0,476559;0;52,900002;-9,6
20.08.2025 23:14:41;0,000045;0,026193;0,378701;0;0,40453;0;52,900002;-7,7
20.08.2025 23:19:43;0,000284;0,026556;0,374335;0;0,400892;0;53;-7,4
20.08.2025 23:24:45;0,000011;0,02983;0,361603;0;0,391615;0;53;-7,1
20.08.2025 23:29:47;0,005605;0,027648;0,379428;0;0,401438;0;52,900002;-8,3
20.08.2025 23:34:49;0,000045;0,022191;0,421264;0;0,443273;0;52,900002;-8,2
20.08.2025 23:39:51;0;0,024737;0,412169;0;0,436725;0;52,900002;-8,3
20.08.2025 23:44:53;0,000216;0,026556;0,41035;0;0,436543;0;52,900002;-8,1
20.08.2025 23:49:55;0,000364;0,028739;0,406349;0;0,43527;0;52,900002;-8,1
20.08.2025 23:54:57;0,000136;0,034196;0,397254;0;0,431086;0;52,900002;-7,5
20.08.2025 23:59:59;0,007685;0,028375;0,470375;0;0,491111;0;52,900002;-9,3
21.08.2025 00:05:01;0,000455;0,025465;0,460189;0;0,48529;0;52,900002;-9,1
21.08.2025 00:10:03;0,007719;0,035651;0,446729;0;0,474558;0;52,900002;-10,5
21.08.2025 00:15:03;0,005207;0,022339;0,518921;0;0,535767;0;52,900002;-10
21.08.2025 00:20:05;0,0005;0,025829;0,510028;0;0,535311;0;52,900002;-10,2
21.08.2025 00:25:07;0,000659;0,033104;0,448184;0;0,481107;0;52,900002;-7,8
21.08.2025 00:30:07;0,000641;0,039185;0,330688;0;0,368958;0,000732;52,900002;-6,1
21.08.2025 00:35:09;0,000989;0,041472;0,266655;0;0,306853;0;53;-6
21.08.2025 00:40:10;0,004597;0,035039;0,226661;0;0,257503;0;53;-3,4
21.08.2025 00:45:11;0,007209;0,02774;0,234691;0;0,255314;0;53;-4,9
21.08.2025 00:50:13;0,000273;0,024737;0,226638;0;0,251012;0;53;-4,8
21.08.2025 00:55:15;0,00316;0,017825;0,239371;0;0,253922;0;53;-4,7
21.08.2025 01:00:18;0,00426;0,038071;0,326689;0;0,36041;0;53;-6
21.08.2025 01:05:19;0;0,02628;0,291995;0;0,318275;0;53;-6
21.08.2025 01:10:21;0,000045;0,036015;0,275022;0;0,310855;0;53;-5,8
21.08.2025 01:15:22;0,003639;0,020805;0,283966;0;0,301303;0;53;-5,6
21.08.2025 01:20:25;0,001813;0,027556;0,316537;0;0,342643;0;53;-4,6
21.08.2025 01:25:25;0;0,020874;0,224487;0;0,244995;0;53;-4,6
21.08.2025 01:30:27;0,000057;0,021827;0,222273;0;0,2441;0;53;-4,6
21.08.2025 01:35:29;0,000011;0,023646;0,197536;0;0,221364;0;53;-3,8
21.08.2025 01:40:31;0,00947;0,024374;0,260107;0;0,274658;0;53;-6
21.08.2025 01:45:32;0,000958;0,024455;0,29528;0;0,31864;0;53;-6
21.08.2025 01:50:34;0;0,024374;0,285208;0;0,310127;0;53;-5,7
21.08.2025 01:55:36;0;0,022191;0,279387;0;0,301215;0;53;-5,6
21.08.2025 02:00:39;0,003218;0,027919;0,330315;0;0,354971;0;52,900002;-7,9
21.08.2025 02:05:41;0,001933;0,029103;0,302306;0;0,32959;0;52,900002;-5,5
21.08.2025 02:10:43;0,003467;0,020008;0,264836;0;0,281388;0;53;-5,3
21.08.2025 02:15:45;0,000216;0,037834;0,234278;0;0,27193;0;53;-5,2
21.08.2025 02:20:47;0,009242;0,041835;0,308126;0;0,340322;0;52,900002;-8,7
21.08.2025 02:25:49;0,004729;0,024737;0,42854;0;0,448548;0;52,900002;-7,3
21.08.2025 02:30:51;0,002342;0,025829;0,35651;0;0,38052;0;52,900002;-6,9
21.08.2025 02:35:51;0,000023;0,023438;0,303589;0;0,326843;0;52,900002;-5,5
21.08.2025 02:40:53;0,004957;0,020372;0,283025;0;0,298304;0;52,900002;-5,4
21.08.2025 02:45:55;0,002012;0,023282;0,272475;0;0,293939;0;52,900002;-6,9
21.08.2025 02:50:57;0,005582;0,027284;0,271384;0;0,292666;0;53;-4,5
21.08.2025 02:55:59;0,005082;0,026556;0,211359;0;0,232823;0;53;-4,5
21.08.2025 03:01:00;0,003376;0,032484;0,193082;0;0,222464;0;53;-4,4
21.08.2025 03:06:03;0,028848;0,030095;0,181293;0;0,182562;0;53;-6,1
21.08.2025 03:11:04;0,004597;0,022265;0,282871;0;0,300755;0;52,900002;-5,5
21.08.2025 03:16:05;0,000091;0,03066;0,260971;0;0,291448;0;52,900002;-5,6
21.08.2025 03:21:07;0,002876;0,018917;0,273567;0;0,28921;0;52,900002;-5,5
21.08.2025 03:26:09;0,000466;0,021463;0,275022;0;0,29594;0;52,900002;-6
21.08.2025 03:31:10;0,000901;0,030295;0,256956;0;0,286703;0;52,900002;-4
21.08.2025 03:36:12;0,000057;0,023646;0,172434;0;0,195717;0;53;-3,3
21.08.2025 03:41:15;0,002074;0,022118;0,172953;0;0,193077;0;53;-3,6
21.08.2025 03:46:17;0,000841;0,022191;0,172071;0;0,193534;0;53;-3,4
21.08.2025 03:51:17;0,007931;0,024536;0,249756;0;0,266418;0;52,900002;-5,5
21.08.2025 03:56:19;0,002228;0,023282;0,294303;0;0,31522;0;52,900002;-6,9
21.08.2025 04:01:21;0,008629;0,024374;0,38343;0;0,3998;0;52,799999;-8,5
21.08.2025 04:06:23;0,001285;0,029103;0,415079;0;0,442363;0;52,799999;-8,4
21.08.2025 04:11:25;0,000364;0,038561;0,397982;0;0,436179;0;52,799999;-8,3
21.08.2025 04:16:27;0,001319;0,021827;0,414352;0;0,435088;0;52,799999;-8,1
21.08.2025 04:21:29;0,00083;0,02692;0,304852;0;0,330499;0;52,799999;-5,9
21.08.2025 04:26:30;0,005771;0,02117;0,291995;0;0,308055;0;52,900002;-4,1
21.08.2025 04:31:33;0,003864;0,027919;0,17948;0;0,20341;0;52,900002;-1,9
21.08.2025 04:36:35;0,008572;0,030922;0,17389;0;0,196262;0;52,900002;-7,6
21.08.2025 04:41:37;0,003865;0,036379;0,278296;0;0,310491;0;52,900002;-5,8
21.08.2025 04:46:39;0,007867;0,021463;0,284117;0;0,29794;0;52,799999;-5,9
21.08.2025 04:51:40;0,000559;0,032849;0,283236;0;0,315173;0;52,799999;-5,8
21.08.2025 04:56:43;0,008328;0,025744;0,277378;0;0,2946;0;52,799999;-5,7
21.08.2025 05:01:45;0,002581;0,035287;0,277568;0;0,310309;0;52,799999;-5,7
21.08.2025 05:06:47;0,004115;0,025101;0,195353;0;0,216816;0;52,900002;-4,5
21.08.2025 05:11:49;0,00116;0,024374;0,206266;0;0,229367;0;52,900002;-4,3
21.08.2025 05:16:51;0,002296;0,024374;0,20372;0;0,225547;0;52,900002;-3,9
21.08.2025 05:21:52;0,009056;0,023725;0,269001;0;0,284331;0;52,799999;-5,5
21.08.2025 05:26:54;0,005218;0,02401;0,29212;0;0,310673;0;52,799999;-7,2
21.08.2025 05:31:57;0,000884;0,022118;0,28753;0;0,308379;0;52,799999;-5,8
21.08.2025 05:36:59;0,000398;0,024374;0,280479;0;0,305034;0;52,799999;-5,8
21.08.2025 05:42:01;0;0,027648;0,277932;0;0,305034;0;52,799999;-5,8
21.08.2025 05:47:03;0,001114;0,023646;0,229549;0;0,252467;0;52,799999;-4,7
21.08.2025 05:52:03;0,003067;0,017212;0,233276;0;0,247192;0;52,799999;-4,9
21.08.2025 05:57:05;0;0,022918;0,234278;0;0,25756;0;52,799999;-5
21.08.2025 06:02:05;0,010506;0,03186;0,307251;0;0,328308;0;52,700001;-9,7
21.08.2025 06:07:06;0;0,024455;0,406239;0;0,430328;0;52,599998;-7,9
21.08.2025 06:12:09;0,000827;0,022843;0,385065;0;0,407546;0;52,599998;-7,4
21.08.2025 06:17:11;0,000398;0,025101;0,373608;0;0,3978;0;52,599998;-7,6
21.08.2025 06:22:13;0,000023;0,023282;0,366696;0;0,390342;0;52,5;-7,4
21.08.2025 06:27:16;0,00017;0,024293;0,38289;0;0,407183;0;52,5;-8,7
21.08.2025 06:32:16;0,004704;0,022705;0,397339;0;0,415283;0;52,5;-6
21.08.2025 06:37:18;0,002058;0,020736;0,297577;0;0,310673;0,005093;52,5;-6
21.08.2025 06:42:19;0,000068;0,022995;0,308785;0;0,310063;0,0219;52,5;-5,7
21.08.2025 06:47:20;0,001038;0,022265;0,267906;0;0,256591;0,032119;52,5;-4,3
21.08.2025 06:52:21;0,004654;0,031755;0,31718;0;0,302945;0,041609;52,5;-5
21.08.2025 06:57:23;0,000898;0,035287;0,310309;0;0,305944;0,038561;52,400002;-7,6
21.08.2025 07:02:25;0,000159;0,035651;0,352145;0;0,344323;0,042927;52,5;-5,7
21.08.2025 07:07:27;0,009549;0,025465;0,357601;0;0,3325;0,041472;52,400002;-6,9
21.08.2025 07:12:29;0,006412;0,036379;0,799601;0;0,77741;0,051658;52,099998;-24
21.08.2025 07:17:31;0,006355;0,02983;0,575145;0;0,543132;0,056023;52,400002;-2,7
21.08.2025 07:22:33;0,007276;0,020372;0,316857;0;0,278842;0,05093;52,400002;-5,3
21.08.2025 07:27:35;0,010857;0,023646;0,31904;0;0,278478;0,053113;52,400002;-4,8
21.08.2025 07:32:37;0,011357;0,033104;0,389251;0;0,345415;0,066209;52,400002;-7,5
21.08.2025 07:37:38;0,000011;0,025915;0,408794;0;0,363352;0,070809;52,400002;-6,1
21.08.2025 07:42:41;0,000023;0,022843;0,364398;0;0,316174;0,071792;52,400002;-5,8
21.08.2025 07:47:42;0,000319;0,025915;0,360249;0;0,30185;0,083949;52,400002;-6
21.08.2025 07:52:45;0,005133;0,040972;1,832868;0;1,769415;0,098623;51,799999;-37,299999
21.08.2025 07:57:47;0,000409;0,04329;2,120143;0;2,047932;0,115684;51,599998;-57,299999
21.08.2025 08:02:49;0,002922;0,053476;1,250331;0;1,177392;0,12296;52,299999;-3,7
21.08.2025 08:07:51;0,004536;0,029103;0,35651;0;0,260834;0,120049;52,299999;-4,7
21.08.2025 08:12:52;0,004916;0,02555;0,399304;0;0,292543;0,127748;52,299999;-5,6
21.08.2025 08:17:55;0,000011;0,02103;0,403557;0;0,275202;0,149385;52,299999;-4,7
21.08.2025 08:22:58;0,001756;0,016316;0,403195;0;0,236949;0,180567;52,400002;-4,5
21.08.2025 08:27:59;0,022299;0,055479;1,874976;0;1,713101;0,195637;52,099998;-5,3
21.08.2025 08:33:01;0,022259;0,05093;1,389661;0;1,206495;0,210996;52;-25,6
21.08.2025 08:38:02;0,005646;0,03066;0,346015;0;0,18268;0,189067;52,400002;0
21.08.2025 08:43:05;0,005495;0,016316;0,315449;0;0,166245;0,159537;52,299999;-4,1
21.08.2025 08:48:05;0,004623;0,018677;0,373169;0;0,263855;0,123779;52,299999;-6,3
21.08.2025 08:53:07;0,002285;0,026193;0,411805;0;0,296485;0,138966;52,299999;-4,8
21.08.2025 08:58:09;0,004763;0,039289;0,493657;0;0,300851;0,22773;52,299999;-5,3
21.08.2025 09:03:11;0,009083;0,017462;0,541313;0;0,270293;0,279387;52,299999;-5,1
21.08.2025 09:08:13;0,016143;0,020008;0,476195;0;0,193534;0,286663;52,400002;-3,7
21.08.2025 09:13:15;0,010584;0,026556;0,442;0;0,167341;0,289573;52,400002;-2,9
21.08.2025 09:18:17;0,017473;0,02692;0,445274;0;0,138602;0,317221;52,400002;-3,6
21.08.2025 09:23:16;0,002078;0,024251;0,34392;0;0,001837;0,363761;52,400002;0
21.08.2025 09:28:19;0,011195;0,082669;0,364035;0,018311;0;0,453231;52,5;2,4
21.08.2025 09:33:22;0,006866;0,029007;0,382165;0,178029;0;0,583037;52,599998;4,9
21.08.2025 09:38:23;0,006399;0,039054;0,392369;0,284513;0,00219;0,706629;52,599998;5,2
21.08.2025 09:43:23;0,004314;0,019043;0,435425;0,265137;0;0,716309;52,599998;4,4
21.08.2025 09:48:25;0,004286;0,020736;0,424174;0,211359;0;0,651904;52,700001;3,1
21.08.2025 09:53:27;0,000909;0,038561;0,415079;0,081124;0;0,534037;52,599998;0
21.08.2025 09:58:29;0,026204;0,012005;0,38343;0;0;0,368879;52,599998;0
21.08.2025 10:03:31;0,01138;0,031649;0,345233;0;0,036197;0,32959;52,5;-2,4
21.08.2025 10:08:33;0,020292;0,009095;0,438726;0;0,030194;0,396526;52,599998;0
21.08.2025 10:13:35;0,026829;0,020372;0,510391;0;0,0442;0,460553;52,5;-3
21.08.2025 10:18:37;0,008754;0,030194;0,608613;0;0,246101;0,38343;52,400002;-6
21.08.2025 10:23:39;0,000023;0,022555;0,640627;0;0,307399;0,355782;52,400002;-5
21.08.2025 10:28:41;0,000261;0,019281;0,564595;0;0,230458;0,352872;52,400002;-3,7
21.08.2025 10:33:43;0,021031;0,030558;1,076442;0;0,686464;0,400892;51,799999;-38,5
21.08.2025 10:38:45;0;0,081488;1,334366;0;0,908919;0,505662;52,299999;0
21.08.2025 10:43:47;0,001694;0,076031;0,460553;0,040198;0;0,575509;52,400002;0
21.08.2025 10:48:50;0,000521;0,0533;0,516321;0,060008;0;0,629448;52,5;2,3
21.08.2025 10:53:51;0,003867;0,033579;0,530702;0,14837;0;0,708089;52,599998;2,7
21.08.2025 10:58:53;0,003649;0,022191;0,567869;0,112046;0,030922;0,667911;52,400002;-6,6
21.08.2025 11:03:55;0,004002;0,029103;0,843983;0,021281;0,219545;0,670821;52,400002;-5,4
21.08.2025 11:08:57;0,004797;0,031286;0,589697;0,100587;0,029103;0,687555;52,599998;2,8
21.08.2025 11:13:59;0,000296;0,028011;0,47474;0,140967;0;0,643173;52,599998;4,4
21.08.2025 11:19:01;0,002342;0,025465;0,409623;0,239917;0;0,673004;52,700001;6,1
21.08.2025 11:24:03;0,000512;0,02401;0,417626;0,328135;0;0,769043;52,700001;5,6
21.08.2025 11:29:05;0,00374;0,030558;0,470375;0,306671;0;0,804694;52,799999;7
21.08.2025 11:34:07;0,003183;0,036015;0,475832;0,323042;0;0,831614;52,799999;4,8
21.08.2025 11:39:09;0,006525;0,014188;0,486745;0,216816;0;0,710837;52,799999;4,2
21.08.2025 11:44:11;0,004206;0,030194;0,405985;0,178073;0;0,610432;52,799999;3,7
21.08.2025 11:49:13;0,004422;0,022191;0,406349;0,196444;0,000182;0,619163;52,799999;5,4
21.08.2025 11:54:15;0,00033;0,037106;0,38343;0,30849;0;0,729754;52,900002;7,9
21.08.2025 11:59:17;0,015893;0,040016;0,655178;0,447093;0,177709;0,948026;52,400002;-26,5
21.08.2025 12:04:18;0,097385;0,135413;2,172081;0,026827;1,26653;0,970155;52,099998;-34,200001
21.08.2025 12:09:21;0,141975;0,138145;1,45868;0,073967;0,661536;0,867304;51,900002;-57,599998
21.08.2025 12:14:21;0,117245;0,157837;2,075317;0,001465;1,354797;0,762451;52;-2,2
21.08.2025 12:19:22;0,100784;0,105848;1,988854;0,055297;1,179844;0,869416;51,700001;-45,299999
21.08.2025 12:24:23;0,097955;0,116068;3,911279;0;2,837648;1,091333;51,599998;-50,400002
21.08.2025 12:29:24;0,088203;0,155853;3,672938;0;2,433052;1,30887;51,700001;-28,299999
21.08.2025 12:34:26;0,071291;0,11823;2,376248;0,004365;1,057889;1,369289;52,099998;2,2
21.08.2025 12:39:29;0,030808;0,083032;1,569268;0,33521;0,444348;1,512705;52,5;18,799999
21.08.2025 12:44:31;0,000466;0,030922;0,535493;1,062254;0;1,627577;52,700001;22,200001
21.08.2025 12:49:33;0,007287;0,02692;0,627894;0,99841;0,012551;1,633398;52,5;-3,4
21.08.2025 12:54:35;0,000068;0,021827;1,926609;0;0,458734;1,489339;52,200001;-12,9
21.08.2025 12:59:37;0,003945;0,039653;2,262747;0;1,053705;1,244875;51,799999;-42,400002
21.08.2025 13:04:38;0;0,052559;3,378022;0;2,277017;1,153382;51,599998;-42,099998
21.08.2025 13:09:42;0,004732;0,050956;2,811633;0;1,776786;1,081286;51,799999;-24,6
21.08.2025 13:14:43;0,001449;0,043434;0,902631;0,372842;0,286521;1,030744;52,5;9,3
21.08.2025 13:19:44;0,003125;0,02555;0,536542;0,417371;0,000182;0,976725;52,5;7,6
21.08.2025 13:24:46;0,007333;0,024737;0,542768;0,419445;0;0,978584;52,599998;10,7
21.08.2025 13:29:49;0,00264;0,032633;0,48115;0,54279;0;1,054397;52,700001;11,6
21.08.2025 13:34:50;0,014075;0,048179;0,803717;0,531249;0,197097;1,172362;52,799999;13,9
21.08.2025 13:39:51;0,000411;0,031025;0,441643;0,746048;0;1,218351;52,900002;14,8
21.08.2025 13:44:52;0,003901;0,024455;0,385434;0,742216;0;1,147542;52,900002;12,6
21.08.2025 13:49:54;0,002217;0,028375;0,370334;0,639535;0;1,036062;52,900002;11,3
21.08.2025 13:54:56;0,000045;0,028011;0,323042;0,5535;0;0,904371;52,900002;9,2
21.08.2025 13:59:58;0,011778;0,046928;0,3998;0,353418;0,004002;0,78505;52,799999;4,1
21.08.2025 14:05:00;0,001626;0,0211;0,518758;0,22482;0;0,763222;52,799999;4,6
21.08.2025 14:10:02;0,000807;0,03456;0,507481;0,298122;0;0,83889;52,799999;6,9
21.08.2025 14:15:04;0,013062;0,02692;0,512938;0,402165;0;0,928381;52,900002;7,7
21.08.2025 14:20:03;0,011207;0,019474;0,522494;0,418326;0;0,949454;52,900002;8,9
21.08.2025 14:25:06;0,000351;0,027194;0,499642;0,551129;0;1,077603;53;10,3
21.08.2025 14:30:08;0,002853;0,025101;0,476923;0,410896;0;0,910919;52,900002;6,1
21.08.2025 14:35:10;0,000762;0,021463;0,388159;0,284117;0;0,692648;52,900002;5,4
21.08.2025 14:40:12;0,003115;0,024737;0,355055;0,196444;0;0,572599;52,799999;2,2
21.08.2025 14:45:14;0,000296;0,031286;0,357238;0,073121;0;0,462008;52,799999;1,1
21.08.2025 14:50:16;0,000034;0,107681;0,311037;0,006184;0;0,424902;52,700001;0
21.08.2025 14:55:15;0,011597;0,060627;0,371845;0;0,003858;0,416672;52,700001;0
21.08.2025 15:00:18;0,034128;0;0,424225;0;0;0,390142;52,700001;0
21.08.2025 15:05:21;0,047306;0;0,428938;0;0;0,38144;52,700001;0
21.08.2025 15:10:21;0,01292;0,005493;0,42627;0;0;0,418945;52,700001;0
21.08.2025 15:15:24;0;0,058376;0,413347;0;0;0,472086;52,700001;0
21.08.2025 15:20:27;0,000397;0,031907;0,410809;0,079587;0;0,521397;52,799999;2
21.08.2025 15:25:28;0;0,018615;0,328495;0,208229;0;0,555521;52,900002;4,6
21.08.2025 15:30:29;0,000707;0,020075;0,307325;0,262066;0;0,588371;52,900002;5,2
21.08.2025 15:35:32;0,000623;0,01958;0,314361;0,279553;0;0,613494;52,900002;5,5
21.08.2025 15:40:34;0,005366;0,022918;0,341231;0,310491;0,003638;0,665728;52,900002;5,1
21.08.2025 15:45:36;0,003058;0,032377;0,415807;0,31613;0;0,76104;53;7,4
21.08.2025 15:50:38;0,007912;0,020008;0,493293;0,365968;0,000909;0,870175;53;8
21.08.2025 15:55:40;0,000068;0,022918;0,47947;0,412533;0;0,915285;53;7,5
21.08.2025 16:00:42;0,001251;0,029467;0,477287;0,428903;0;0,934202;53,099998;9,7
21.08.2025 16:05:44;0,014688;0,028375;0,530763;0,481834;0,000909;1,025148;53,099998;9,1
21.08.2025 16:10:45;0,011954;0,020075;0,498582;0,514277;0;1,020524;53,099998;10
21.08.2025 16:15:48;0,008;0,038071;0,375638;0,55548;0;0,962301;53,099998;10,3
21.08.2025 16:20:50;0,007173;0,025101;0,406712;0,503661;0;0,928381;53,099998;8,9
21.08.2025 16:25:52;0,005445;0,024737;0,406349;0,446911;0;0,872358;53,099998;8
21.08.2025 16:30:53;0,008748;0,051099;0,509897;0,293455;0,004197;0,841677;53;4,9
21.08.2025 16:35:56;0,002549;0,01958;0,506169;0,269582;0;0,792611;53;5,1
21.08.2025 16:40:58;0,000534;0,02983;0,463463;0,245555;0;0,738485;53;4,4
21.08.2025 16:46:00;0,000728;0,020736;0,45546;0,2441;0;0,719568;53;5,4
21.08.2025 16:50:59;0,004088;0,018739;0,422551;0,272454;0;0,709151;53;5
21.08.2025 16:56:02;0,002413;0,015954;0,407183;0,254716;0;0,675859;53;4,6
21.08.2025 17:01:04;0,00266;0,020372;0,322678;0,291574;0;0,63226;53;5
21.08.2025 17:06:06;0,001694;0,023282;0,301578;0,269383;0;0,592243;53;4,8
21.08.2025 17:11:07;0,004882;0,018615;0,359154;0,17246;0,000547;0,544571;53;2,6
21.08.2025 17:16:08;0,003034;0,030295;0,374849;0,089241;0,00511;0,486902;52,900002;0
21.08.2025 17:21:10;0,000534;0,018189;0,414716;0;0;0,43145;52,900002;0
21.08.2025 17:26:12;0,005241;0,010186;0,393616;0;0;0,398709;52,799999;0
21.08.2025 17:31:14;0,002092;0,008003;0,354691;0;0;0,361603;52,799999;0
21.08.2025 17:36:16;0,01944;0,000364;0,355782;0;0;0,33541;52,799999;0
21.08.2025 17:41:17;0,04997;0;0,358059;0;0;0,308055;52,799999;0
21.08.2025 17:46:20;0,01277;0,02103;0,278828;0;0,006164;0,281366;52,799999;0
21.08.2025 17:51:22;0,003524;0,006912;0,252467;0;0;0,255378;52,799999;0
21.08.2025 17:56:24;0,01246;0;0,252467;0;0;0,240826;52,799999;0
21.08.2025 18:01:26;0,026602;0,007639;0,311764;0;0,051658;0,240099;52,700001;-5
21.08.2025 18:06:27;0,011167;0,0219;0,501137;0;0,267723;0,243816;52,5;-7
21.08.2025 18:11:30;0,002844;0,019217;0,581586;0;0,36748;0,231329;52,5;-6,8
21.08.2025 18:16:32;0,000978;0,022191;0,556592;0;0,367969;0,209541;52,400002;-6,9
21.08.2025 18:21:33;0,001414;0,02263;0,510627;0;0,329225;0,202937;52,400002;-5,8
21.08.2025 18:26:34;0,00089;0,033214;0,448943;0;0,283601;0,197097;52,400002;-5,4
21.08.2025 18:31:35;0,036032;0,051829;0,798243;0;0,6256;0,188337;52,299999;-6,2
21.08.2025 18:36:38;0,024973;0,044235;0,82887;0;0,670057;0,178392;52,299999;-3,4
21.08.2025 18:41:38;0,007313;0,024536;0,344238;0;0,193909;0,167725;52,400002;-4
21.08.2025 18:46:40;0,012869;0,026193;0,361967;0;0,230276;0,144787;52,400002;-4,6
21.08.2025 18:51:42;0,002387;0,030922;0,324133;0;0,222273;0,130963;52,400002;-3,7
21.08.2025 18:56:45;0,005291;0,039159;0,382527;0;0,293513;0,123279;52,299999;-6,2
21.08.2025 19:01:46;0,002201;0,020075;0,480697;0;0,397296;0,100008;52,200001;-8,3
21.08.2025 19:06:45;0,000367;0,024251;0,491262;0;0,442209;0,072752;52,200001;-8,4
21.08.2025 19:11:48;0,000669;0,02248;0,496742;0;0,471179;0,047861;52,200001;-11,8
21.08.2025 19:16:48;0,000412;0,022705;0,52002;0;0,514343;0,027832;52,200001;-9
21.08.2025 19:21:48;0,000046;0,024536;0,457764;0;0,459961;0,021973;52,200001;-7,2
21.08.2025 19:26:50;0,000546;0,029467;0,384521;0;0,386522;0,027648;52,200001;-7,5
21.08.2025 19:31:52;0,003183;0,021463;0,373244;0;0,36324;0,028375;52,299999;-4,4
21.08.2025 19:36:53;0,00349;0,028105;0,229946;0;0,218267;0,035769;52,299999;-4,2
21.08.2025 19:41:54;0,008771;0,026645;0,351125;0;0,339445;0,0292;52,200001;-7,5
21.08.2025 19:46:56;0,000466;0,02401;0,390706;0;0,394344;0,0211;52,200001;-7,5
21.08.2025 19:51:58;0,000341;0,024737;0,390342;0;0,401256;0,013096;52,200001;-9,1
21.08.2025 19:57:00;0;0,024374;0,397254;0;0,413806;0,007276;52,200001;-8,4
21.08.2025 20:01:59;0,000723;0,025353;0,411161;0;0,432839;0,002939;52,200001;-8,6
21.08.2025 20:07:02;0,000057;0,023205;0,350257;0;0,372556;0,000725;52,200001;-6,2
21.08.2025 20:12:04;0,004229;0,033468;0,327043;0;0,355964;0,000728;52,200001;-6,1
21.08.2025 20:17:06;0,003217;0,026193;0,303033;0;0,325952;0;52,200001;-6
21.08.2025 20:22:08;0,012062;0,021827;0,313947;0;0,324133;0;52,200001;-13,3
21.08.2025 20:27:08;0,005779;0,036621;0,419678;0;0,450073;0;52,099998;-9,2
21.08.2025 20:32:08;0,006237;0,030029;0,531738;0;0,555725;0;52,099998;-10,7
21.08.2025 20:37:10;0,005775;0,022555;0,605703;0;0,622437;0;52,099998;-10,9
21.08.2025 20:42:11;0,001106;0,02336;0,452958;0;0,47504;0;52,099998;-8,5
21.08.2025 20:47:14;0,001575;0,020667;0,417335;0;0,436552;0;52,099998;-8,5
21.08.2025 20:52:16;0,000762;0,024374;0,384885;0;0,409077;0;52,200001;-6
21.08.2025 20:57:18;0,000227;0,0211;0,304489;0;0,325043;0;52,200001;-6,2
21.08.2025 21:02:19;0,003182;0,02701;0,348935;0;0,373024;0;52,200001;-7,6
21.08.2025 21:07:22;0,001178;0,022118;0,37455;0;0,395036;0;52,200001;-7,6
21.08.2025 21:12:22;0,013241;0,026001;0,474609;0;0,487427;0;52,099998;-10,1
21.08.2025 21:17:24;0,000614;0,025465;0,499842;0;0,524761;0;52,099998;-10,1
21.08.2025 21:22:26;0,000171;0,025465;0,552227;0;0,57751;0;52,099998;-10,6
21.08.2025 21:27:28;0,000034;0,027284;0,571507;0;0,598973;0;52;-11,5
21.08.2025 21:32:30;0;0,02692;0,526762;0;0,553682;0;52,099998;-10,4
21.08.2025 21:37:32;0,000625;0,024374;0,425993;0;0,449457;0;52,099998;-6,8
21.08.2025 21:42:33;0,000285;0,022995;0,363899;0;0,386711;0;52,200001;-6,8
21.08.2025 21:47:35;0,015234;0,036742;0,527489;0;0,548771;0;52;-7,2
21.08.2025 21:52:37;0,006491;0,030194;0,336502;0;0,360512;0;52,099998;-9,2
21.08.2025 21:57:38;0;0,0219;0,452593;0;0,474493;0;52,099998;-9,3
21.08.2025 22:02:40;0,002978;0,0211;0,460916;0;0,478924;0;52,099998;-9,1
21.08.2025 22:07:42;0,005104;0,027648;0,51985;0;0,542404;0;52,099998;-10,1
21.08.2025 22:12:43;0,000125;0,02409;0,513547;0;0,537454;0;52;-11,5
21.08.2025 22:17:44;0,000947;0,028835;0,567566;0;0,595306;0;52;-12
21.08.2025 22:22:46;0,006707;0,02401;0,611524;0;0,629167;0;52;-10,7
21.08.2025 22:27:48;0,000171;0,025101;0,515121;0;0,54004;0;52;-9,9
21.08.2025 22:32:50;0;0,026556;0,472194;0;0,498568;0;52,099998;-7
21.08.2025 22:37:52;0,005877;0,018553;0,355419;0;0,368333;0;52,099998;-7,1
21.08.2025 22:42:54;0,00665;0,029467;0,419081;0;0,441818;0;52,099998;-9,4
21.08.2025 22:47:56;0,004036;0,02692;0,486381;0;0,508936;0;52,099998;-9,1
21.08.2025 22:52:58;0,003626;0,02983;0,479106;0;0,50548;0;52,099998;-9,6
21.08.2025 22:57:59;0,002909;0,021535;0,489092;0;0,50789;0;52,099998;-10
21.08.2025 23:03:01;0,001103;0,029103;0,437634;0;0,465646;0;52,099998;-8,5
21.08.2025 23:08:02;0,000354;0,040879;0,29674;0;0,33689;0;52,200001;-4
21.08.2025 23:13:04;0,006628;0,022191;0,194989;0;0,211178;0;52,200001;-3,7
21.08.2025 23:18:03;0,002216;0,025353;0,160937;0;0,183534;0;52,200001;-3,6
21.08.2025 23:23:06;0,003116;0,023568;0,157362;0;0,178029;0;52,299999;-3,5
21.08.2025 23:28:08;0,008015;0,024374;0,239007;0;0,255196;0;52,200001;-5,6
21.08.2025 23:33:10;0;0,018917;0,273567;0;0,29212;0;52,200001;-5,5
21.08.2025 23:38:12;0,002888;0,020372;0,29212;0;0,310309;0;52,200001;-6,8
21.08.2025 23:43:14;0,000057;0,025101;0,330317;0;0,355055;0;52,099998;-6,8
21.08.2025 23:48:16;0,000068;0,023646;0,322314;0;0,34596;0;52,099998;-6,4
21.08.2025 23:53:17;0,000502;0,02044;0,263526;0;0,283418;0;52,200001;-4,4
21.08.2025 23:58:19;0,00008;0,023282;0,16334;0;0,186258;0;52,200001;-3,4
22.08.2025 00:03:21;0,000057;0,022555;0,164795;0;0,187168;0;52,200001;-3,7
22.08.2025 00:08:22;0,005806;0,024455;0,215712;0;0,234509;0;52,200001;-5,5
22.08.2025 00:13:24;0,005934;0,035287;0,427812;0;0,457461;0;52,099998;-9
22.08.2025 00:18:26;0,002478;0,02401;0,447456;0;0,469284;0;52,099998;-9
22.08.2025 00:23:28;0,001023;0,032741;0,421628;0;0,453459;0;52;-8,6
22.08.2025 00:28:30;0,000057;0,03456;0,398709;0;0,432541;0;52,099998;-7,5
22.08.2025 00:33:32;0,001171;0,027648;0,361603;0;0,388159;0;52,099998;-7,5
22.08.2025 00:38:33;0,004528;0,025185;0,310245;0;0,33105;0;52,099998;-5,8
22.08.2025 00:43:36;0,001847;0,021393;0,197246;0;0,217007;0;52,200001;-3,7
22.08.2025 00:48:38;0,00008;0,024737;0,164431;0;0,188805;0;52,200001;-3,7
22.08.2025 00:53:37;0,000322;0,024986;0,162774;0;0,187392;0;52,200001;-3,4
22.08.2025 00:58:40;0,00962;0,026831;0,201597;0;0,219001;0;52,200001;-6,1
22.08.2025 01:03:42;0,003104;0,032377;0,32668;0;0,355601;0;52,099998;-7,1
22.08.2025 01:08:43;0,013311;0,01898;0,364994;0;0,370652;0;52,099998;-6,9
22.08.2025 01:13:45;0,000068;0,025829;0,3325;0;0,358511;0;52,099998;-7,1
22.08.2025 01:18:48;0,004215;0,020667;0,316899;0;0,333578;0;52,099998;-5,3
22.08.2025 01:23:50;0,005434;0,034923;0,228821;0;0,257924;0;52,099998;-3,4
22.08.2025 01:28:52;0,002944;0,023282;0,153518;0;0,173708;0;52,200001;-3,4
22.08.2025 01:33:54;0,005752;0,019644;0,164067;0;0,178437;0;52,200001;-3,4
22.08.2025 01:38:55;0,00357;0,019345;0,164612;0;0,180125;0;52,200001;-3,6
22.08.2025 01:43:57;0,008162;0,034923;0,271748;0;0,298668;0;52,099998;-7,3
22.08.2025 01:49:00;0,000419;0,025744;0,354971;0;0,38017;0;52;-7,3
22.08.2025 01:54:02;0;0,02401;0,355782;0;0,37961;0;52;-7,2
22.08.2025 01:59:03;0,000297;0,025185;0,35076;0;0,375762;0;52;-7,2
22.08.2025 02:04:04;0;0,02263;0,28798;0;0,31061;0;52,099998;-5,8
22.08.2025 02:09:06;0,006446;0,021827;0,212815;0;0,228094;0;52,099998;-5,9
22.08.2025 02:14:08;0,000955;0,0211;0,274658;0;0,29503;0;52,099998;-5,6
22.08.2025 02:19:10;0;0,020008;0,252103;0;0,272294;0;52,099998;-5,1
22.08.2025 02:24:13;0,005167;0,025018;0,273752;0;0,29315;0;52;-7,8
22.08.2025 02:29:14;0,001574;0,023725;0,406969;0;0,429416;0;52;-8,6
22.08.2025 02:34:15;0;0,018615;0,416458;0;0,434891;0;51,900002;-8,2
22.08.2025 02:39:18;0,000249;0,022118;0,363673;0;0,385791;0;51,900002;-6,6
22.08.2025 02:44:20;0,000375;0,037106;0,290665;0;0,327225;0;52;-5,6
22.08.2025 02:49:21;0,013037;0,020805;0,276301;0;0,283966;0;52;-5,2
22.08.2025 02:54:24;0,002538;0,023931;0,20051;0;0,222265;0;52;-3,4
22.08.2025 02:59:26;0,002433;0,018917;0,158247;0;0,174617;0;52,099998;-3,4
22.08.2025 03:04:28;0,000057;0,020372;0,157519;0;0,177164;0;52,099998;-3,4
22.08.2025 03:09:30;0,01595;0,0211;0,176436;0;0,182439;0;52;-6
22.08.2025 03:14:31;0,000639;0,032849;0,265351;0;0,297288;0;52;-5,8
22.08.2025 03:19:34;0,008906;0,035896;0,306022;0;0,333216;0;51,900002;-7
22.08.2025 03:24:34;0,005104;0,035156;0,322266;0;0,351929;0;51,900002;-7,3
22.08.2025 03:29:35;0,000046;0,02628;0,34857;0;0,375032;0;51,900002;-7,1
22.08.2025 03:34:38;0,001892;0,027919;0,336479;0;0,362585;0;51,900002;-3,6
22.08.2025 03:39:40;0,005957;0,021827;0,164067;0;0,17971;0;51,900002;-3,5
22.08.2025 03:44:41;0,011326;0,01825;0,173737;0;0,180672;0;52;-1,4
22.08.2025 03:49:44;0,004838;0,018129;0,166789;0;0,179842;0;52;-3,5
22.08.2025 03:54:46;0,010584;0,025101;0,238643;0;0,253377;0;51,900002;-6
22.08.2025 03:59:46;0,003124;0,024902;0,338013;0;0,359985;0;51,799999;-6,7
22.08.2025 04:04:47;0,000046;0,0292;0,318275;0;0,346927;0;51,799999;-6,6
22.08.2025 04:09:50;0;0,02103;0,317625;0;0,33938;0;51,799999;-6,5
22.08.2025 04:14:52;0,003513;0,023646;0,381247;0;0,401074;0;51,799999;-7,3
22.08.2025 04:19:54;0;0,023282;0,347779;0;0,371061;0;51,799999;-5
22.08.2025 04:24:56;0;0,020008;0,235733;0;0,255378;0;51,799999;-4,9
22.08.2025 04:29:56;0;0,020508;0,23291;0;0,253418;0;51,799999;-4,9
22.08.2025 04:34:57;0;0,0219;0,231406;0;0,253671;0;51,799999;-4,9
22.08.2025 04:39:59;0,006116;0,02401;0,252467;0;0,270293;0;51,799999;-5,7
22.08.2025 04:45:00;0;0,0219;0,274841;0;0,29674;0;51,799999;-5,7
22.08.2025 04:50:03;0,006787;0,019217;0,286442;0;0,298951;0;51,799999;-5,5
22.08.2025 04:55:05;0,002842;0,022555;0,281206;0;0,300669;0;51,700001;-7,3
22.08.2025 05:00:07;0,003297;0,024374;0,3536;0;0,374517;0;51,700001;-7,3
22.08.2025 05:05:09;0,003024;0,030922;0,332864;0;0,360694;0;51,700001;-5
22.08.2025 05:10:10;0,002429;0,02117;0,230676;0;0,249474;0;51,700001;-4,9
22.08.2025 05:15:13;0,000374;0,027194;0,186731;0;0,213744;0;51,799999;-3,8
22.08.2025 05:20:15;0,003536;0,028739;0,148061;0;0,173344;0;51,799999;-3,1
22.08.2025 05:25:17;0,011573;0,041472;0,218999;0;0,249011;0;51,700001;-7,2
22.08.2025 05:30:19;0,000421;0,029103;0,339412;0;0,368151;0;51,599998;-7,6
22.08.2025 05:35:19;0,005825;0,034424;1,508789;0;1,537537;0;50,900002;-42,299999
22.08.2025 05:40:20;0,000468;0,048179;1,991774;0;2,039041;0;50,799999;-51,700001
22.08.2025 05:45:23;0,120933;0,02103;3,679876;0;3,580165;0;50,299999;-75,300003
22.08.2025 05:50:25;0,091128;0,036379;3,69388;0;3,639312;0;50,200001;-63,799999
22.08.2025 05:55:27;0,055261;0,048747;2,789145;0;2,782051;0;50;-75,400002
22.08.2025 06:00:29;0,010061;0,064754;2,097588;0;2,15252;0;50,299999;-38,900002
22.08.2025 06:05:31;0,005048;0,045837;1,661773;0;1,702517;0;50,400002;-32
22.08.2025 06:10:33;0;0,04038;1,337276;0;1,377838;0;50,5;-24,5
22.08.2025 06:15:33;0,004875;0,045044;1,348389;0;1,388489;0;50,299999;-27,299999
22.08.2025 06:20:35;0;0,041472;1,371836;0;1,413126;0;50,200001;-27,9
22.08.2025 06:25:36;0,000479;0,036864;0,740208;0;0,776708;0;50,700001;-7,8
22.08.2025 06:30:38;0;0,02401;0,366332;0;0,390524;0;50,799999;-7,7
22.08.2025 06:35:41;0,001224;0,026106;0,3731;0;0,39558;0,002901;50,799999;-6,8
22.08.2025 06:40:43;0,000307;0,021827;0,283753;0;0,285208;0,019644;50,799999;-4,5
22.08.2025 06:45:44;0,00024;0,020075;0,245641;0;0,232501;0,032119;50,900002;-4,5
22.08.2025 06:50:47;0,000102;0,022118;0,28608;0;0,252722;0,056563;50,900002;-5
22.08.2025 06:55:48;0,005441;0,027375;0,353314;0;0,283053;0,091979;50,799999;-7,2
22.08.2025 07:00:51;0;0,025018;0,441266;0;0,340286;0,12618;50,799999;-6,5
22.08.2025 07:05:53;0,000068;0,020372;0,398345;0;0,273931;0,144787;50,900002;-4,5
22.08.2025 07:10:55;0;0,024737;0,332864;0;0,191897;0,165159;50,900002;-3,4
22.08.2025 07:15:57;0,016052;0,042563;1,65668;0;1,443502;0,240099;49,799999;-40,700001
22.08.2025 07:20:58;0,027888;0,060954;1,396833;0;1,206124;0,223377;50,099998;-21,6
22.08.2025 07:25:59;0;0,049274;0,218632;0,001825;0,060407;0,208777;50,799999;0
22.08.2025 07:31:01;0,301726;0,027648;0,786505;0;0,281024;0,232095;50,799999;0
22.08.2025 07:36:02;0,178938;0,057304;0,350395;0,050917;0;0,278856;51;1,9
22.08.2025 07:41:05;0,006028;0,084482;0,2665;0,030457;0,005801;0,370562;51;0
22.08.2025 07:46:07;0,000909;0,083307;0,327043;0;0,000182;0,408895;51;0
22.08.2025 07:51:07;0,000046;0,085327;0,331055;0,000183;0;0,416748;51;0
22.08.2025 07:56:07;0;0,110596;0,320801;0,000183;0;0,431396;51;0
22.08.2025 08:01:08;0;0,115703;0,299295;0,002007;0;0,416823;51,099998;2,5
22.08.2025 08:06:10;0,003604;0,038197;0,188805;0,201173;0;0,424902;51,200001;4,7
22.08.2025 08:11:13;0,007059;0,030095;0,215013;0,296232;0,002176;0,532275;51,400002;5,3
22.08.2025 08:16:15;0,009481;0,024737;0,466373;0,160975;0,000728;0,641718;51,299999;2,2
22.08.2025 08:21:17;0,01662;0,020008;0,534037;0,044746;0,004911;0,576964;51,299999;0
22.08.2025 08:26:19;0,018257;0,0211;0,506753;0;0,066937;0,443091;51,200001;0
22.08.2025 08:31:21;0;0,049111;0,367424;0;0;0,416171;51,200001;0
22.08.2025 08:36:23;0,015347;0,027648;0,396526;0;0,000909;0,40744;51,200001;0
22.08.2025 08:41:25;0,007765;0,06148;0,363422;0,000182;0,002546;0,415443;51,200001;0
22.08.2025 08:46:27;0,000466;0,079305;0,308126;0,039471;0;0,425629;51,200001;2
22.08.2025 08:51:29;0,001694;0,018189;0,30849;0,160611;0;0,486018;51,299999;2,6
22.08.2025 08:56:30;1,070163;0,009855;1,826431;0,021535;0,247284;0,540192;51,099998;0
22.08.2025 09:01:33;1,509646;0;2,042079;0;0;0,532275;51,200001;0
22.08.2025 09:06:34;0,563608;0,027375;0,997894;0,092161;0,006022;0,548221;51,200001;0
22.08.2025 09:11:37;0;0,093184;0,480425;0;0;0,57361;51,200001;0
22.08.2025 09:16:39;0,000011;0,040744;0,475468;0;0;0,515848;51,200001;0
22.08.2025 09:21:40;0,010973;0,00292;0,458068;0;0;0,451133;51,200001;0
22.08.2025 09:26:41;0,034241;0;0,423758;0;0;0,388354;51,200001;0
22.08.2025 09:31:43;0,02501;0,02401;0,373972;0;0;0,373972;51,200001;0
22.08.2025 09:36:45;0;0,064754;0,301215;0;0;0,365241;51,200001;0
22.08.2025 09:41:47;0,000296;0,030922;0,296485;0;0;0,327407;51,200001;0
22.08.2025 09:46:48;0,061296;0,004745;0,359884;0;0,008942;0,294185;51,200001;0
22.08.2025 09:51:51;1,856912;0;2,212494;0;0;0,355333;51,200001;0
22.08.2025 09:56:53;1,692104;0,000364;2,191081;0,027648;0;0,527489;51,400002;12,2
22.08.2025 10:01:55;0,011948;0,036015;0,532946;0,242281;0;0,798873;51,5;8,6
22.08.2025 10:06:56;0,000741;0,023725;0,464638;0,50789;0;0,995704;51,700001;11
22.08.2025 10:11:59;0,007569;0,046411;0,463384;0,591739;0,000725;1,092831;51,700001;11,9
22.08.2025 10:17:00;0,013345;0,03139;0,847517;0,481427;0,239254;1,107393;51,200001;-22,700001
22.08.2025 10:22:03;0,003195;0,030095;2,207781;0,000181;1,172963;1,062374;50,5;-24
22.08.2025 10:27:05;0,662272;0,022555;2,021193;0,269747;0,611706;1,038972;51,299999;11,4
22.08.2025 10:32:07;0,243691;0,038561;1,025512;0,347961;0,110955;1,057889;51,400002;8,2
22.08.2025 10:37:09;0,003115;0,024374;0,589697;0,402711;0;1,013507;51,599998;9,2
22.08.2025 10:42:09;0,015335;0,039185;0,951782;0,428284;0,27887;1,125732;51,599998;13,6
22.08.2025 10:47:11;0,002171;0,027284;0,519122;0,813789;0;1,357648;51,799999;18,1
22.08.2025 10:52:13;0,002046;0,032013;0,520941;1,092085;0;1,643584;52;26,200001
22.08.2025 10:57:14;0,020212;0,049274;0,866496;1,330952;0,020622;2,204566;52,099998;36,5
22.08.2025 11:02:17;0,004816;0,089921;0,451418;2,139615;0;2,676603;52,299999;41,200001
22.08.2025 11:07:18;0,002817;0,162787;0,507342;2,279024;0;2,945504;52,400002;47,099998
22.08.2025 11:12:19;0,013128;0,137603;0,563186;2,306946;0;2,995143;52,400002;32,5
22.08.2025 11:17:19;0,004246;0,960205;0,672729;2,225098;0;3,854736;52,700001;46,900002
22.08.2025 11:22:21;0,011994;0,554409;0,658816;2,145972;0;3,346101;52,799999;46,900002
22.08.2025 11:27:23;0,007537;0,810878;0,65445;2,347509;0;3,805198;52,900002;46,700001
22.08.2025 11:32:25;0;1,586469;0,652632;2,472833;0;4,71248;53;46,700001
22.08.2025 11:37:27;0;1,30308;0,687919;2,473379;0;4,464378;53,099998;46,599998
22.08.2025 11:42:28;0,00008;0,771233;0,556616;2,477399;0;3,8047;53,200001;46,5
22.08.2025 11:47:31;0,000057;0,502906;0,489852;2,270145;0;3,262541;53,200001;34,799999
22.08.2025 11:52:33;0,006241;0,362331;0,504207;2,23128;0;3,092178;53,299999;46,400002
22.08.2025 11:57:33;0;1,770996;0,603149;2,46991;0;4,844238;53,400002;46,200001
22.08.2025 12:02:35;0,025533;0,138239;0,760676;2,134149;0;3,007053;53,200001;9,4
22.08.2025 12:07:34;0,01456;0,043357;2,310803;0,838121;0;3,177584;53,099998;9,3
22.08.2025 12:12:37;0,021245;0,038797;2,308942;0,063815;0,008158;2,382184;52,900002;0
22.08.2025 12:17:39;0,015904;0,036379;2,298762;0;0,332136;1,987725;52,799999;-7,9
22.08.2025 12:22:41;0,020031;0,03747;2,218729;0,00382;0,263563;1,976084;52,900002;3,1
22.08.2025 12:27:42;0,013505;0,039784;2,192886;0,409706;0;2,629419;53,099998;15,5
22.08.2025 12:32:43;0,014109;0,051099;2,241795;1,116335;0;3,395177;53,200001;17,299999
22.08.2025 12:37:45;0,025897;0,065845;2,247832;1,308537;0;3,595658;53,400002;41,5
22.08.2025 12:42:45;0,021057;0,118286;2,067993;1,434082;0;3,599854;53,400002;46,299999
22.08.2025 12:47:47;0;0,781775;0,732664;2,475562;0;3,990002;53,5;46,299999
22.08.2025 12:52:49;0,024635;0,196808;1,566097;1,836936;0;3,575286;53,200001;17,9
22.08.2025 12:57:50;0,06684;0,099643;1,499032;1,533889;0,046902;3,018503;53;-5,5
22.08.2025 13:02:53;0,112753;0,272664;2,232799;0,76868;0,059101;3,102278;53,299999;46,299999
22.08.2025 13:07:55;0,115263;0,225547;1,26561;1,720343;0,015461;3,080537;53,200001;-2,8
22.08.2025 13:12:57;0,115206;0,221909;1,140832;1,738168;0,020736;2,965581;53,400002;37,900002
22.08.2025 13:17:59;0,041449;0,088764;1,878953;1,379475;0,009822;3,295898;53,200001;14,3
22.08.2025 13:23:00;0,020976;0,086869;2,168431;1,031109;0;3,265239;53;0
22.08.2025 13:28:03;0,07024;0,12763;3,834337;0,404464;0,240756;4,055877;53,200001;32,400002
22.08.2025 13:33:05;0,066561;0,192806;3,664413;0,773227;0,195171;4,367611;53,400002;43,700001
22.08.2025 13:38:07;0,023021;0,092402;2,55232;0,479288;0,014188;3,087085;53,299999;38,799999
22.08.2025 13:43:06;0,003169;1,065931;0,678286;2,384842;0;4,126303;53,5;46,200001
22.08.2025 13:48:08;0;2,244558;0,591879;2,47247;0;5,309088;53,5;46,200001
22.08.2025 13:53:10;0,005366;1,007686;0,558047;2,37352;0;3,933251;53,5;45,5
22.08.2025 13:58:12;0,004502;1,443502;0,620618;2,399167;0;4,459285;53,599998;46,200001
22.08.2025 14:03:14;0,008265;1,249968;0,550772;2,374429;0;4,166801;53,599998;46,200001
22.08.2025 14:08:16;0,019406;0,807604;0,901097;2,160159;0;3,84958;53,400002;29,700001
22.08.2025 14:13:19;0,012396;0,053663;0,905738;1,423872;0;2,370581;53,400002;29
22.08.2025 14:18:21;0,009799;0,542768;0,562776;1,836572;0;2,932113;53,599998;46
22.08.2025 14:23:23;0;1,93243;0,934202;2,46483;0;5,331643;53,599998;46
22.08.2025 14:28:25;0,006321;1,620302;1,36456;2,431362;0;5,410221;53,5;29
22.08.2025 14:33:27;0,001864;0,033832;1,208132;0,904553;0;2,144153;53,299999;13,7
22.08.2025 14:38:29;0,02526;0,650085;1,217591;1,688693;0;3,530904;53,299999;7,7
22.08.2025 14:43:28;0,02324;0,261982;1,279044;1,100654;0;2,619082;53,599998;46,200001
22.08.2025 14:48:30;0,031126;0,718113;1,388206;1,957895;0;4,032928;53,299999;9,5
22.08.2025 14:53:33;0,006187;0,030457;1,385075;0,345362;0,000906;1,753461;53,200001;6,1
22.08.2025 14:58:33;0,000767;0,030396;1,434814;0,522034;0;1,987061;53,299999;12,1
22.08.2025 15:03:35;0,03174;0,218999;1,774547;0,86581;0,193898;2,633081;53,400002;31,4
22.08.2025 15:08:38;0,021155;0,233505;1,478985;1,053672;0;2,744769;53,200001;4,1
22.08.2025 15:13:38;0,001259;0,031494;1,431519;0,183472;0;1,645752;53,099998;2,6
22.08.2025 15:18:40;0,012767;0,227366;1,454779;0,797782;0;2,467195;53,200001;6
22.08.2025 15:23:43;0,028678;0,103699;1,407193;0,438184;0,001088;1,919525;53,200001;3,9
22.08.2025 15:28:45;0,005707;0,030558;1,38857;0,178619;0,000182;1,591199;53,099998;3,2
22.08.2025 15:33:47;0,022236;0,057842;1,395846;0,697559;0;2,129601;53,299999;10,4
22.08.2025 15:38:47;0,009178;0,03186;1,44873;0,416199;0,00238;1,885254;53,299999;26,200001
22.08.2025 15:43:49;0,002978;1,534084;0,799601;2,392619;0;4,723394;53,799999;46
22.08.2025 15:48:51;0,016996;0,607522;0,733392;1,927155;0;3,250789;53,700001;21,4
22.08.2025 15:53:51;0,00174;0,043579;0,671265;1,043152;0;1,756348;53,599998;18,200001
22.08.2025 15:58:53;0,012289;0,052749;0,703925;1,044974;0;1,789098;53,700001;20,700001
22.08.2025 16:03:54;0,010015;0,054749;0,692759;1,25996;0;1,997249;53,700001;20,299999
22.08.2025 16:08:57;0,00911;0,038071;0,657729;1,16553;0;1,852085;53,799999;29
22.08.2025 16:13:57;0,000034;1,516113;0,531372;2,275818;0;4,324219;54,099998;45,700001
22.08.2025 16:18:59;0,01969;1,140104;0,538767;2,017192;0;3,676418;53,700001;10,4
22.08.2025 16:24:01;0,006355;0,042199;0,458006;0,909282;0;1,40203;53,900002;31
22.08.2025 16:29:03;0,005525;0,066573;0,406712;1,412398;0;1,8815;54;38,200001
22.08.2025 16:34:05;0,00623;0,038197;0,387068;1,726527;0;2,14488;53,900002;26,6
22.08.2025 16:39:07;0,007912;0,065845;0,352145;1,373655;0;1,783277;53,799999;22,4
22.08.2025 16:44:09;0,007571;0,070211;0,344869;1,378384;0;1,786188;53,799999;22
22.08.2025 16:49:11;0,004547;0,744669;0,294666;1,933339;0;2,967764;53,900002;29,799999
22.08.2025 16:54:13;0,014904;0,402711;0,326316;1,872587;0;2,587244;54;25,799999
22.08.2025 16:59:14;0,008064;0,068984;0,307325;1,174917;0;1,542466;53,799999;17,299999
22.08.2025 17:04:16;0,013551;0,519486;0,416171;2,17653;0;3,099454;53,900002;22,1
22.08.2025 17:09:19;0,030559;0,115302;0,437278;1,583772;0;2,105169;53,799999;17,1
22.08.2025 17:14:19;0,006809;0,544922;0,395142;1,891113;0;2,824951;54,099998;36,200001
22.08.2025 17:19:21;0,002308;0,02692;0,323042;0,709382;0;1,057161;53,700001;12,7
22.08.2025 17:24:22;0,001335;0,038689;0,335795;1,080748;0;1,454137;53,900002;22,4
22.08.2025 17:29:25;0,010198;0,091371;0,330678;1,315096;0;1,72663;53,799999;15,5
22.08.2025 17:34:27;0,028409;0,166978;0,311764;1,917696;0;2,368245;54;28,799999
22.08.2025 17:39:29;0,003149;0,033468;0,273203;0,964942;0;1,268157;53,900002;20,6
22.08.2025 17:44:31;0,005468;0,04802;0,277568;1,215408;0;1,535176;53,900002;18,799999
22.08.2025 17:49:33;0,007264;0,049111;0,331773;0,81197;0,001091;1,183031;53,799999;15,1
22.08.2025 17:54:35;0,002149;0,032013;0,313219;0,786687;0;1,129918;53,799999;13,8
22.08.2025 17:59:37;0,004797;0,042563;0,348507;0,587878;0,000182;0,974218;53,700001;8,8
22.08.2025 18:04:39;0,000546;0,045109;0,396163;0,455096;0;0,894913;53,700001;7,7
22.08.2025 18:09:41;0,003388;0,028375;0,625711;0,236824;0;0,888365;53,5;1,8
22.08.2025 18:14:40;0,016098;0,061729;1,818807;0,021495;1,053255;0,831874;53,299999;0,3
22.08.2025 18:19:43;0,004136;0,03372;0,599353;0,201779;0;0,83177;53,5;4,2
22.08.2025 18:24:44;0,002293;0,0292;0,652975;0,171365;0,000912;0,850437;53,5;3,7
22.08.2025 18:29:46;0,00075;0,023646;0,601338;0,29212;0;0,916012;53,599998;5,9
22.08.2025 18:34:49;0,00877;0,039159;0,679847;1,087937;0;1,797697;53,900002;6,6
22.08.2025 18:39:49;0,002048;0,027832;0,736816;0,902527;0;1,665527;53,799999;13
22.08.2025 18:44:50;0,000091;0,028835;0,682904;0,624323;0;1,335149;53,799999;10,4
22.08.2025 18:49:50;0,002861;0,036255;0,647827;0,498596;0;1,180664;53,700001;8,4
22.08.2025 18:54:51;0,001346;0,02628;0,644945;0,417553;0;1,087683;53,700001;7,5
22.08.2025 18:59:54;0,000408;0,026106;0,668969;0,307472;0;1,002185;53,599998;6,4
22.08.2025 19:04:56;0,004775;0,025829;0,566414;0,309218;0;0,89564;53,599998;4,7
22.08.2025 19:09:58;0,000807;0,021827;0,574781;0,229731;0;0,825794;53,599998;3,7
22.08.2025 19:14:59;0,003182;0,022265;0,559901;0,113696;0,044164;0,64896;53,400002;-4,8
22.08.2025 19:20:02;0,005031;0,033358;0,621471;0;0,351708;0,298045;53,200001;-6
22.08.2025 19:25:04;0,020747;0,019281;0,588969;0;0,131509;0,456187;53,299999;-3,1
22.08.2025 19:30:05;0,012364;0,0292;0,602606;0;0,178482;0,440183;53,299999;-4,4
22.08.2025 19:35:06;0,000376;0,032484;0,596766;0;0,364264;0,265716;53,200001;-8,1
22.08.2025 19:40:07;0,004791;0,031755;0,66356;0;0,47577;0,213887;53,099998;-8,6
22.08.2025 19:45:10;0,005507;0,03082;0,589563;0;0,436734;0,178392;53,099998;-8,5
22.08.2025 19:50:12;0,003899;0,04802;0,551863;0;0,496567;0,099677;53;-9,9
22.08.2025 19:55:14;0,003558;0,038925;0,58133;0;0,561139;0,054568;53;-12,4
22.08.2025 20:00:15;0,00568;0,048909;0,62268;0;0,646952;0,01898;52,900002;-12,4
22.08.2025 20:05:15;0,00396;0,027832;0,706787;0;0,723267;0,008057;53;-10,7
22.08.2025 20:10:18;0,002051;0,030095;0,554755;0;0,578686;0,003626;53;-10,9
22.08.2025 20:15:20;0,003456;0,029103;0,545315;0;0,571144;0,000728;53;-10
22.08.2025 20:20:22;0,000011;0,028011;0,506026;0;0,533492;0;53;-9,9
22.08.2025 20:25:23;0;0,026645;0,449308;0;0,476318;0;53;-8,4
22.08.2025 20:30:25;0,002262;0,027648;0,440544;0;0,465828;0;53;-7,5
22.08.2025 20:35:28;0;0,031182;0,366211;0;0,397212;0;53;-7,5
22.08.2025 20:40:30;0,049373;0,070574;0,662818;0;0,683735;0;53;-7,2
22.08.2025 20:45:32;0,088298;0,112774;0,636989;0;0,660453;0;53;-6,3
22.08.2025 20:50:31;0,104983;0,119049;0,900585;0;0,914731;0;52,799999;-9,2
22.08.2025 20:55:34;0,115325;0,128718;1,014513;0;1,025753;0;52,900002;-8,4
22.08.2025 21:00:36;0,112876;0,133146;0,938203;0;0,958393;0;52,900002;-8,3
22.08.2025 21:05:37;0,049423;0,074094;0,654435;0;0,679619;0;53;-9,6
22.08.2025 21:10:39;0,005991;0,028375;0,4882;0;0,510391;0;53;-9,6
22.08.2025 21:15:39;0,00222;0,026733;0,448608;0;0,473511;0;53;-9,7
22.08.2025 21:20:42;0,00034;0,025018;0,44598;0;0,470817;0;53;-7,9
22.08.2025 21:25:43;0,001403;0,02482;0,355139;0;0,377952;0;53;-6,6
22.08.2025 21:30:46;0,009439;0,047861;0,312186;0;0,350801;0;53;-9,1
22.08.2025 21:35:48;0,005377;0,02401;0,442727;0;0,461462;0;53;-8,5
22.08.2025 21:40:50;0,004934;0,02692;0,415079;0;0,437452;0;53;-8,3
22.08.2025 21:45:52;0,003604;0,026556;0,421628;0;0,443637;0;53;-8,3
22.08.2025 21:50:54;0,010266;0,025101;0,440544;0;0,455642;0;53;-8,3
22.08.2025 21:55:56;0,008867;0,034923;0,536948;0;0,56314;0;52,900002;-10,3
22.08.2025 22:00:58;0,001194;0,028011;0,496931;0;0,52367;0;53;-9,5
22.08.2025 22:05:59;0,000148;0,029565;0,498217;0;0,527599;0;53;-9,3
22.08.2025 22:11:00;0,00073;0,0219;0,467923;0;0,489092;0;53;-9
22.08.2025 22:16:02;0,00781;0,036379;0,454368;0;0,483289;0;52,900002;-10,7
22.08.2025 22:21:04;0,000352;0,035651;0,510755;0;0,545679;0;52,900002;-8,9
22.08.2025 22:26:06;0;0,024737;0,448548;0;0,473467;0;52,900002;-8,8
22.08.2025 22:31:07;0,000205;0,02701;0,513912;0;0,540374;0;52,900002;-10,5
22.08.2025 22:36:10;0,001972;0,029732;0,517409;0;0,545147;0;52,900002;-12,3
22.08.2025 22:41:11;0,000068;0,02628;0,625235;0;0,651697;0;52,900002;-12,3
22.08.2025 22:46:14;0;0,031907;0,538801;0;0,570528;0;52,900002;-10
22.08.2025 22:51:16;0;0,028375;0,513665;0;0,541859;0;52,900002;-10,1
22.08.2025 22:56:18;0,000023;0,025465;0,472558;0;0,498386;0;52,900002;-9,2
22.08.2025 23:01:20;0,00964;0,026556;0,494385;0;0,511483;0;52,900002;-11,5
22.08.2025 23:06:22;0,000182;0,028739;0,57078;0;0,598791;0;52,900002;-10,4
22.08.2025 23:11:24;0,004149;0,035651;0,564595;0;0,596245;0;52,900002;-11,3
22.08.2025 23:16:25;0,000513;0,028105;0,562091;0;0,589648;0;52,900002;-11,1
22.08.2025 23:21:28;0,001575;0,03227;0,569984;0;0,600622;0;52,900002;-12,3
22.08.2025 23:26:30;0,003581;0,030922;0,567142;0;0,594608;0;52,900002;-10
22.08.2025 23:31:32;0,00025;0,034196;0,489656;0;0,523306;0;52,900002;-9,9
22.08.2025 23:36:34;0,001353;0,024374;0,503116;0;0,52658;0;52,900002;-9,9
22.08.2025 23:41:35;0,001631;0,028105;0,447118;0;0,473945;0;52,900002;-8,9
22.08.2025 23:46:37;0,006344;0,04329;0,554409;0;0,591152;0;52,900002;-10,9
22.08.2025 23:51:40;0,006742;0,03372;0,621471;0;0,648483;0;52,799999;-12,9
22.08.2025 23:56:42;0,006287;0,026556;0,673367;0;0,693557;0;52,799999;-13
23.08.2025 00:01:44;0,002365;0,022191;0,60352;0;0,623165;0;52,799999;-10
23.08.2025 00:06:46;0,000728;0,028375;0,436179;0;0,464009;0;52,900002;-7,9
23.08.2025 00:11:47;0,003616;0,027375;0,378134;0;0,401859;0;52,900002;-6,5
23.08.2025 00:16:50;0,000725;0,027556;0,298408;0;0,325239;0;52,900002;-5
23.08.2025 00:21:52;0,000091;0,027284;0,23828;0;0,265745;0;53;-5,2
23.08.2025 00:26:54;0,000216;0,023282;0,244828;0;0,267382;0;53;-4,7
23.08.2025 00:31:56;0,006355;0,02692;0,249193;0;0,269929;0;53;-6,1
23.08.2025 00:36:58;0,000011;0,02692;0,295394;0;0,322314;0;53;-6
23.08.2025 00:42:00;0;0,027284;0,290665;0;0,317949;0;53;-6
23.08.2025 00:47:02;0;0,026556;0,285572;0;0,31231;0;52,900002;-5,6
23.08.2025 00:52:04;0,002683;0,030558;0,314675;0;0,342504;0;52,900002;-7,3
23.08.2025 00:57:06;0,000011;0,027284;0,304489;0;0,331591;0;52,900002;-4,6
23.08.2025 01:02:07;0,000068;0,020805;0,224471;0;0,245094;0;52,900002;-4,6
23.08.2025 01:07:09;0,000205;0,020736;0,21427;0;0,235006;0;53;-3,8
23.08.2025 01:12:11;0,004127;0,022555;0,175345;0;0,193898;0;53;-3,8
23.08.2025 01:17:14;0,003988;0,030457;0,273027;0;0,299495;0;52,900002;-5,8
23.08.2025 01:22:16;0,005684;0,021827;0,292847;0;0,308854;0;52,900002;-5,5
23.08.2025 01:27:18;0,00033;0,025101;0,264836;0;0,28921;0;52,900002;-5,5
23.08.2025 01:32:19;0,000958;0,02628;0,264621;0;0,290535;0;52,900002;-5,6
23.08.2025 01:37:21;0,004502;0,026193;0,272839;0;0,294485;0;52,900002;-4,1
23.08.2025 01:42:24;0,008351;0,024656;0,182018;0;0,198153;0;52,900002;-4
23.08.2025 01:47:25;0,006365;0,0292;0,226296;0;0,249109;0;52,900002;-5,6
23.08.2025 01:52:28;0,007592;0,025381;0,306022;0;0,323607;0;52,799999;-6,8
23.08.2025 01:57:30;0,006332;0,042563;0,385977;0;0,422537;0;52,700001;-9,2
23.08.2025 02:02:31;0,009262;0,032484;0,452593;0;0,475405;0;52,700001;-8,8
23.08.2025 02:07:34;0,000023;0,029732;0,426763;0;0,456495;0;52,599998;-8,5
23.08.2025 02:12:36;0,002637;0,024374;0,34887;0;0,370516;0;52,700001;-6,1
23.08.2025 02:17:38;0,000057;0,021827;0,281206;0;0,303033;0;52,599998;-5,8
23.08.2025 02:22:39;0,00227;0,02701;0,288345;0;0,313165;0;52,599998;-4,6
23.08.2025 02:27:40;0,000023;0,022995;0,217537;0;0,240531;0;52,599998;-4,5
23.08.2025 02:32:40;0;0,023804;0,212036;0;0,236023;0;52,599998;-4,5
23.08.2025 02:37:42;0,000045;0,028011;0,203356;0;0,231186;0;52,599998;-4,3
23.08.2025 02:42:44;0,005627;0,025829;0,250285;0;0,270293;0;52,599998;-5,6
23.08.2025 02:47:46;0;0,021827;0,273203;0;0,295394;0;52,5;-5,6
23.08.2025 02:52:47;0;0,0219;0,272651;0;0,294368;0;52,5;-5,5
23.08.2025 02:57:49;0;0,022555;0,267382;0;0,289573;0;52,5;-5,5
23.08.2025 03:02:52;0,000555;0,023931;0,263962;0;0,28753;0;52,5;-5,4
23.08.2025 03:07:54;0,002353;0,025101;0,182257;0;0,205357;0;52,5;-3,6
23.08.2025 03:12:56;0,003706;0,027648;0,160793;0;0,184621;0;52,5;-3,6
23.08.2025 03:17:55;0;0,024618;0,163876;0;0,188311;0;52,5;-3,6
23.08.2025 03:22:57;0,006002;0,032013;0,201173;0;0,227366;0;52,5;-5,6
23.08.2025 03:28:00;0,003943;0,034808;0,27629;0;0,307291;0;52,5;-6
23.08.2025 03:33:02;0,004115;0,02692;0,320131;0;0,342686;0;52,400002;-7,4
23.08.2025 03:38:04;0,001171;0,028011;0,353963;0;0,380884;0;52,400002;-7,3
23.08.2025 03:43:05;0,007984;0,033944;0,401494;0;0,427773;0;52,400002;-8,9
23.08.2025 03:48:08;0,000725;0,029007;0,385791;0;0,41371;0;52,400002;-6,2
23.08.2025 03:53:10;0,004638;0,019644;0,317221;0;0,3325;0;52,400002;-6,4
23.08.2025 03:58:10;0,000137;0,024902;0,300293;0;0,325378;0;52,400002;-6,2
23.08.2025 04:03:12;0,00025;0,03456;0,288482;0;0,322314;0;52,400002;-6
23.08.2025 04:08:14;0,003263;0,030194;0,330681;0;0,357419;0;52,400002;-5,6
23.08.2025 04:13:16;0,002456;0,02401;0,271748;0;0,293393;0;52,400002;-5,6
23.08.2025 04:18:18;0;0,0211;0,269929;0;0,291029;0;52,400002;-5,4
23.08.2025 04:23:20;0,001103;0,030558;0,260471;0;0,290119;0;52,400002;-5,5
23.08.2025 04:28:22;0,000011;0,0211;0,265564;0;0,286663;0;52,400002;-5,5
23.08.2025 04:33:24;0,001432;0,023646;0,196808;0;0,218817;0;52,400002;-3,6
23.08.2025 04:38:27;0,001598;0,023205;0,161713;0;0,183105;0;52,400002;-3,2
23.08.2025 04:43:28;0,000547;0,022995;0,160962;0;0,18341;0;52,400002;-3,6
23.08.2025 04:48:30;0,004525;0,028011;0,188077;0;0,211905;0;52,400002;-6,1
23.08.2025 04:53:32;0,00116;0,023282;0,27866;0;0,300487;0;52,400002;-5,2
23.08.2025 04:58:33;0,000707;0,023725;0,33981;0;0,362987;0;52,299999;-6,8
23.08.2025 05:03:35;0;0,025101;0,331773;0;0,356874;0;52,299999;-6,8
23.08.2025 05:08:35;0,00111;0,029663;0,317871;0;0,346619;0;52,299999;-6,7
23.08.2025 05:13:36;0;0,02336;0,244181;0;0,267723;0;52,400002;-3,7
23.08.2025 05:18:38;0,004081;0,023282;0,173526;0;0,192443;0;52,400002;-3,8
23.08.2025 05:23:39;0,00722;0,022265;0,175927;0;0,191075;0;52,400002;-3,7
23.08.2025 05:28:41;0,011459;0,023282;0,203356;0;0,215179;0;52,400002;-4,8
23.08.2025 05:33:44;0,003852;0,031545;0,355696;0;0,383252;0;52,299999;-7,6
23.08.2025 05:38:45;0,004243;0,033214;0,398209;0;0,427408;0;52,299999;-8,3
23.08.2025 05:43:48;0,000181;0,024656;0,435827;0;0,460483;0;52,200001;-8,5
23.08.2025 05:48:50;0,002467;0,03456;0,35651;0;0,387977;0;52,299999;-7,4
23.08.2025 05:53:52;0,004331;0,028375;0,353963;0;0,378155;0;52,299999;-7
23.08.2025 05:58:53;0,000582;0,024455;0,324845;0;0,348752;0;52,299999;-5,3
23.08.2025 06:03:56;0,005382;0,025744;0,243295;0;0,263418;0;52,400002;-2,4
23.08.2025 06:08:58;0,006639;0,021463;0,180074;0;0,194989;0;52,400002;-3,8
23.08.2025 06:14:00;0,000864;0,018189;0,180438;0;0,198081;0;52,400002;-3,8
23.08.2025 06:19:02;0,013392;0,033468;0,28448;0;0,304307;0;52,299999;-7,6
23.08.2025 06:24:04;0;0,027648;0,360875;0;0,388341;0;52,299999;-7,5
23.08.2025 06:29:05;0;0,024455;0,3493;0;0,373937;0;52,299999;-7
23.08.2025 06:34:07;0,004695;0,033104;1,077169;0;1,105545;0;51,900002;-40,099998
23.08.2025 06:39:08;0;0,052559;1,94469;0;1,995971;0,00146;52;-30,4
23.08.2025 06:44:10;0,178903;0,021463;3,403579;0;3,236056;0,010186;51,599998;-73,699997
23.08.2025 06:49:09;0,752853;0,000367;4,583761;0;3,808288;0,022781;51,5;-73,800003
23.08.2025 06:54:11;0,004581;0,054932;3,439594;0;3,456146;0,033468;51,700001;-57
23.08.2025 06:59:14;0,062523;0,060189;2,769425;0;2,732985;0,034808;51,799999;-42
23.08.2025 07:04:16;0;0,054204;2,313677;0;2,322772;0,044382;51,799999;-45,400002
23.08.2025 07:09:18;0;0,055659;2,096133;0;2,111412;0,040744;51,799999;-35,5
23.08.2025 07:14:20;0,003115;0,042927;1,613026;0;1,563369;0,089491;52;-24,6
23.08.2025 07:19:21;0,000103;0,037959;1,361064;0;1,219446;0,179577;52;-23,5
23.08.2025 07:24:22;0,000171;0,0292;1,332594;0;1,140242;0,221187;52;-21,9
23.08.2025 07:29:23;0;0,032484;1,317994;0;1,115788;0,234326;52;-20,5
23.08.2025 07:34:26;0,009099;0,028282;1,325248;0;1,029923;0,315449;52;-19,700001
23.08.2025 07:39:28;0,004911;0,067664;0,548225;0,034378;0,171161;0,472921;52,400002;0
23.08.2025 07:44:30;0,000944;0,089127;0,367787;0,022737;0,000182;0,478742;52,400002;0
23.08.2025 07:49:31;0,001711;0,100373;0,33616;0;0,000547;0,435073;52,400002;0
23.08.2025 07:54:34;0,000431;0,077231;0,364398;0,004532;0;0,445254;52,5;0
23.08.2025 07:59:36;0,002774;0,026193;0,427448;0,094584;0;0,545679;52,5;3,9
23.08.2025 08:04:38;0,009504;0,022555;0,383066;0,269201;0;0,665728;52,599998;6,2
23.08.2025 08:09:40;0,002933;0,035651;0,246647;0,481107;0;0,760312;52,799999;11,8
23.08.2025 08:14:42;0,003069;0,028375;0,205903;0,648084;0;0,878906;52,799999;12,9
23.08.2025 08:19:43;0,003239;0,02409;0,207317;0,726886;0;0,955555;52,900002;13,8
23.08.2025 08:24:46;0,000125;0,034446;0,186006;0,734779;0;0,955049;52,900002;13
23.08.2025 08:29:46;0,007622;0,033325;0,316406;0,555359;0,001831;0,895752;52,900002;10,2
23.08.2025 08:34:47;0,010151;0,02117;0,3128;0,550411;0;0,873066;52,900002;9,9
23.08.2025 08:39:50;0,000578;0,025744;0,295869;0,560919;0;0,882532;52,900002;12,1
23.08.2025 08:44:51;0,000171;0,028105;0,302215;0,706446;0;1,036584;53;14,5
23.08.2025 08:49:53;0,007264;0,0211;0,29794;0,900188;0;1,212134;53,099998;20,700001
23.08.2025 08:54:54;0,000068;0,02628;0,214617;0,967235;0;1,208131;53,099998;16,200001
23.08.2025 08:59:56;0,002933;0,037834;0,268474;0,735938;0;1,038972;53;12,5
23.08.2025 09:04:58;0,013676;0,044746;1,625758;0,14224;0,778138;1,02151;52,700001;14,1
23.08.2025 09:10:00;0,033343;0,033832;1,193945;0,101132;0,195353;1,09936;52,599998;0
23.08.2025 09:15:00;0,000217;0,029297;0,542358;0,655334;0;1,227539;53;14,9
23.08.2025 09:20:01;0,013938;0,038689;0,540192;0,922158;0,001095;1,486257;53,099998;16,5
23.08.2025 09:25:01;0,003788;0,024536;0,386719;0,950867;0;1,35791;53,099998;18,1
23.08.2025 09:30:03;0,002342;0,029103;0,349962;1,179029;0;1,555548;53,299999;34,299999
23.08.2025 09:35:05;0,008538;0,293575;0,360512;2,118324;0;2,764044;53,5;43,900002
23.08.2025 09:40:05;0,001144;0,492554;0,373901;2,170166;0;3,035156;53,400002;38,400002
23.08.2025 09:45:05;0,001259;0,04248;0,354126;2,069275;0;2,4646;53,5;40,900002
23.08.2025 09:50:07;0,005661;0,036015;0,46128;2,173801;0;2,665822;53,400002;38,400002
23.08.2025 09:55:08;0,002464;0,037959;0,434343;1,830264;0;2,300194;53,400002;32,299999
23.08.2025 10:00:11;0,002255;0,031545;0,36186;1,661184;0;2,052232;53,400002;29,5
23.08.2025 10:05:13;0,006628;0,022555;0,377973;1,558094;0;1,952074;53,400002;31,1
23.08.2025 10:10:15;0,001262;0,030922;0,34596;1,763087;0;2,13906;53,5;34,299999
23.08.2025 10:15:15;0,003044;0,023071;0,277954;1,763855;0;2,061768;53,400002;32,099998
23.08.2025 10:20:17;0,000227;0,035287;0,277932;1,665775;0;1,977539;53,5;33,099998
23.08.2025 10:25:19;0,007355;0,028375;0,339776;1,798011;0;2,159432;53,5;35
23.08.2025 10:30:19;0,007484;0,05127;0,416382;1,994019;0;2,454346;53,599998;33,700001
23.08.2025 10:35:21;0,000318;0,027648;0,42854;1,685419;0;2,141243;53,5;31,700001
23.08.2025 10:40:22;0,00381;0,0292;0,434343;1,825519;0;2,285594;53,599998;31,700001
23.08.2025 10:45:25;0,00051;0,028644;0,435827;1,792802;0;2,25673;53,700001;33,700001
23.08.2025 10:50:27;0,000011;0,029103;0,400164;1,796556;0;2,225641;53,700001;32,400002
23.08.2025 10:55:29;0,000182;0,027284;0,43145;1,584105;0;2,042293;53,799999;28,799999
23.08.2025 11:00:31;0,000352;0,031649;0,341231;1,867858;0;2,24092;54;37,400002
23.08.2025 11:05:32;0;0,02774;0,271921;1,876801;0;2,176826;54;32,400002
23.08.2025 11:10:35;0,005076;0,033358;0,452144;1,502553;0;1,982615;53,900002;28,1
23.08.2025 11:15:37;0,001501;0,031286;0,395071;1,659045;0;2,083037;54;34,099998
23.08.2025 11:20:39;0,005366;0,03747;0,439453;1,96517;0;2,437364;54,099998;38,900002
23.08.2025 11:25:41;0,012232;0,037834;1,36456;1,305991;0,000182;2,69638;53,700001;9,8
23.08.2025 11:30:43;0,009231;0,037106;2,061937;0,479651;0,001091;2,567599;53,700001;8
23.08.2025 11:35:45;0,008913;0,030194;2,026286;0,603339;0;2,65127;53,700001;13,2
23.08.2025 11:40:46;0,007596;0,033579;2,066233;0,79222;0;2,883455;53,799999;15,2
23.08.2025 11:45:48;0,013733;0,044382;2,084128;1,029514;0,000364;3,144564;53,900002;22,700001
23.08.2025 11:50:51;0,019206;0,069616;2,232074;1,694723;0;3,976833;54,099998;32,200001
23.08.2025 11:55:52;0,007711;0,498947;2,205295;2,298552;0;4,996772;54,200001;45,700001
23.08.2025 12:00:54;0,000182;0,752673;0,963305;2,47538;0;4,190084;54,200001;45,700001
23.08.2025 12:05:55;0,011623;0,202207;1,496477;1,921147;0;3,608334;54,200001;45,599998
23.08.2025 12:10:57;0;0,86872;0,630441;2,473743;0;3,973267;54,200001;45,700001
23.08.2025 12:15:59;0,009095;0,624256;0,985859;2,102499;0;3,703338;53,900002;18,6
23.08.2025 12:21:01;0,003797;0,304125;1,014235;2,034108;0;3,347556;54,299999;45,5
23.08.2025 12:26:03;0,007105;0,150607;0,550408;2,232735;0;2,92702;54,099998;32,700001
23.08.2025 12:31:04;0,021592;0,041974;0,543841;1,476767;0;2,041778;54;24,6
23.08.2025 12:36:06;0,019849;0,028739;0,531855;1,172481;0;1,712703;53,900002;19,6
23.08.2025 12:41:09;0,005983;0,034446;0,538801;0,990945;0;1,558391;53,900002;19
23.08.2025 12:46:11;0,008481;0,044382;0,521305;0,972035;0;1,528628;54;20,5
23.08.2025 12:51:13;0,006923;0,042199;0,478742;1,388752;0;1,903327;54,099998;31,6
23.08.2025 12:56:15;0,01338;0,040744;0,500933;1,693241;0;2,221275;54,099998;29,6
23.08.2025 13:01:16;0,012718;0,045259;0,479238;1,866216;0;2,378303;54,299999;39,599998
23.08.2025 13:06:19;0,009575;0,035171;0,549316;2,260537;0;2,835415;54,400002;42,700001
23.08.2025 13:11:21;0,013051;0,390342;0,734847;2,350419;0;3,462512;54,400002;45,5
23.08.2025 13:16:23;0;1,965898;0,705744;2,473015;0;5,144657;54,5;45,400002
23.08.2025 13:21:25;0,001239;0,782139;0,775591;2,453916;0;4,010374;54,5;40,900002
23.08.2025 13:26:27;0,006582;0,04038;1,014962;2,133603;0;3,183125;54,5;40,200001
23.08.2025 13:31:29;0,000716;0,117139;0,709018;2,362606;0;3,18749;54,700001;45,099998
23.08.2025 13:36:30;0;1,511076;0,599686;2,475026;0;4,585788;55;44,900002
23.08.2025 13:41:30;0;2,586182;0,596191;2,462402;0;5,644775;56;39,599998
23.08.2025 13:46:32;0;2,940844;0,476559;1,392572;0;4,809247;56,299999;16,700001
23.08.2025 13:51:35;0;1,658827;0,26505;0,07288;0,020667;1,976814;54,099998;-0,3
23.08.2025 13:56:37;0,033741;1,1743;1,180121;0;0,356692;1,963715;53,299999;-0,3
23.08.2025 14:01:37;0,05698;1,010376;1,330444;0;0,342041;1,940186;53,099998;-0,3
23.08.2025 14:06:38;0,070923;0,828172;1,354494;0,690387;0,348387;2,454222;54,299999;45,700001
23.08.2025 14:11:40;0,015188;2,328228;1,305263;0,817426;0,02783;4,407628;54,799999;-0,3
23.08.2025 14:16:43;0;4,05914;0,985506;0;0,009065;5,035582;54,200001;0
23.08.2025 14:21:45;0,011493;3,638948;0,868356;0;0,015461;4,480385;53,799999;-16,200001
23.08.2025 14:26:47;0,016609;2,660001;0,918923;0;0,078578;3,483612;53,599998;0
23.08.2025 14:31:49;0,004559;3,602934;0,571507;0;0,006002;4,163891;53,599998;0
23.08.2025 14:36:51;0;4,717937;0,397618;0;0;5,115555;53,599998;0
23.08.2025 14:41:53;0;3,916153;0,406712;0;0;4,322502;53,5;0
23.08.2025 14:46:55;0;4,210092;0,393616;0;0;4,603344;53,5;0
23.08.2025 14:51:57;0;4,476019;0,374335;0;0;4,850719;53,5;0
23.08.2025 14:56:59;0;3,144564;0,336866;0;0;3,482157;53,5;0
23.08.2025 15:02:00;0;2,9028;1,923678;0;0;4,844934;53,5;0
23.08.2025 15:07:03;0,002187;2,246215;2,267973;0;0,002538;4,514184;53,400002;0
23.08.2025 15:12:05;0;1,855671;2,793877;0;0;4,655729;53,400002;0
23.08.2025 15:17:06;0,46952;0,313165;3,262687;0;0,894054;2,227925;52,799999;-21,200001
23.08.2025 15:22:09;0,210866;0,059827;3,325186;0,216645;0,869298;2,526493;53,400002;37,5
23.08.2025 15:27:11;0,040028;0,070938;3,852494;0,181165;0,65918;3,41231;53;-12,3
23.08.2025 15:32:12;0,01874;0,048544;3,394535;0,0073;0,752618;2,687088;52,900002;-14
23.08.2025 15:37:14;0,029376;0,058206;3,482244;0,420718;0,64863;3,291533;52,900002;-22,9
23.08.2025 15:42:17;0,003988;0,041335;3,452985;0;1,258533;2,248753;52,799999;-15,7
23.08.2025 15:47:18;0,015546;0,050734;3,365785;0,095629;0,564099;2,931634;53;-4,6
23.08.2025 15:52:21;0,02018;0,045323;3,991061;0;1,582865;2,443098;52,599998;-52,299999
23.08.2025 15:57:23;0,136931;0,065481;5,202502;0,016916;1,733985;3,421768;52,5;-61
23.08.2025 16:02:24;0,982679;0,00292;4,751218;0;2,660991;1,132942;52,799999;-29,799999
23.08.2025 16:07:27;1,007828;0;3,610347;0;1,51488;1,091381;52,799999;-28,700001
23.08.2025 16:12:29;0,333137;0,003638;3,59583;0;1,508801;1,773091;52,799999;-28,5
23.08.2025 16:17:30;0,002578;0,040879;3,550922;0;1,459247;2,141786;52,799999;-27,1
23.08.2025 16:22:33;0,013892;0,035171;2,855697;0,000181;0,747469;2,147229;52,900002;-14
23.08.2025 16:27:35;0,149834;0,001455;2,654774;0;0,599337;1,922971;53;-11,6
23.08.2025 16:32:35;0,439545;0;2,50227;0;0,469116;1,59375;53;-8,5
23.08.2025 16:37:37;0,587082;0;2,480242;0;0,452368;1,452233;53;-8,8
23.08.2025 16:42:38;0,677578;0;2,56468;0;0,510445;1,391358;53;-9,5
23.08.2025 16:47:41;0,744115;0;2,621635;0;0,56672;1,316184;53;-10,8
23.08.2025 16:52:42;0,935047;0;2,647534;0;0,591656;1,125642;53;-12,6
23.08.2025 16:57:45;1,0918;0;2,667321;0;0,617845;0,965202;53;-11,3
23.08.2025 17:02:47;1,151143;0;2,63958;0;0,60734;0,901461;53;-12,1
23.08.2025 17:07:48;1,168233;0;2,56412;0;0,534169;0,873796;53;-10
23.08.2025 17:12:49;1,288282;0;2,606459;0;0,580341;0,738748;53;-10,6
23.08.2025 17:17:51;1,464021;0;2,606644;0;0,597336;0,56314;53;-10,7
23.08.2025 17:22:52;1,605941;0;2,673983;0;0,642937;0,432153;52,900002;-13,1
23.08.2025 17:27:55;1,728556;0;2,697947;0;0,662806;0,314724;52,900002;-12,9
23.08.2025 17:32:56;0,592066;0,017885;1,375862;0;0,523037;0,277396;53;-7,4
23.08.2025 17:37:59;0,010832;0,03227;1,164623;0;0,920785;0,266137;52,799999;-19,799999
23.08.2025 17:43:01;0,014904;0,029467;1,161568;0;0,874723;0,300487;52,799999;-19,700001
23.08.2025 17:48:02;0,009581;0,031025;0,811017;0;0,420108;0,412444;53,099998;0
23.08.2025 17:53:05;0;0,085933;0,464471;0;0;0,550404;53,099998;0
23.08.2025 17:58:07;0,006139;0,035651;0,516939;0;0;0,546406;53,099998;0
23.08.2025 18:03:08;0,012341;0,029565;1,070163;0;0,530702;0,556251;52,700001;-31,299999
23.08.2025 18:08:11;0,00971;0,058376;2,438747;0;1,899765;0,588113;52,700001;-25
23.08.2025 18:13:13;0,001319;0,057114;3,50362;0;2,911741;0,646811;52,299999;-72,199997
23.08.2025 18:18:14;0,002874;0,054384;4,236489;0;3,627496;0,66064;52,299999;-59,599998
23.08.2025 18:23:17;0,000623;0,060552;3,168994;0;2,549154;0,680935;52,599998;-38,400002
23.08.2025 18:28:16;0,018073;0,047767;0,750671;0;0,145872;0,634194;53;0
23.08.2025 18:33:19;0,020463;0,064903;1,618217;0;1,050228;0,612769;52,599998;-44,900002
23.08.2025 18:38:21;0,002922;0,045109;1,227049;0;0,630623;0,63808;52,900002;-9,1
23.08.2025 18:43:22;0,023793;0,035404;1,355954;0,009125;0,747326;0,62925;52,700001;-32,900002
23.08.2025 18:48:25;0,006357;0,05475;1,381087;0,068347;0,780102;0,717918;53;0
23.08.2025 18:53:28;0,001586;0,035533;0,601891;0;0;0,635974;53,099998;0
23.08.2025 18:58:28;0,00634;0,02124;0,61377;0;0,00769;0,621094;53,099998;0
23.08.2025 19:03:31;0,015376;0,037346;0,728433;0,070523;0,124911;0,696163;53,099998;-5,1
23.08.2025 19:08:33;0,006912;0,032013;0,826521;0;0,257378;0,593698;53;-8,1
23.08.2025 19:13:34;0,005806;0,030295;0,915041;0,017155;0,427591;0,529242;53;-14,5
23.08.2025 19:18:37;0,003875;0,026106;0,677672;0;0,36893;0,330678;53;-7,7
23.08.2025 19:23:38;0,000525;0,02774;0,65772;0;0,385434;0,299295;53;-7,8
23.08.2025 19:28:41;0,000045;0,022843;0,548954;0;0,346087;0,226253;53;-6
23.08.2025 19:33:43;0,007298;0,027648;0,58133;0;0,436543;0,165886;53;-9,4
23.08.2025 19:38:44;0,002669;0,03066;0,588371;0;0,521029;0,094899;52,900002;-10,2
23.08.2025 19:43:47;0,00187;0,026469;0,591376;0;0,564908;0,051487;52,900002;-12,7
23.08.2025 19:48:49;0,005866;0,026556;0,60061;0;0,604976;0,015279;52,900002;-11,8
23.08.2025 19:53:51;0,00457;0,024737;0,66209;0;0,675914;0,007276;52,900002;-13
23.08.2025 19:58:52;0,006673;0,02774;0,616475;0;0,6329;0,00438;52,900002;-13,6
23.08.2025 20:03:55;0,001609;0,034446;0,671508;0;0,703778;0;52,799999;-13,3
23.08.2025 20:08:57;0,000318;0,028739;0,679915;0;0,708473;0;52,799999;-14,5
23.08.2025 20:13:59;0,076315;0,045109;2,645086;0;2,6138;0;52,200001;-56,099998
23.08.2025 20:19:01;0,001194;0,052021;2,073215;0;2,123963;0;52,400002;-33,200001
23.08.2025 20:24:03;0,000023;0,052385;1,740715;0;1,7931;0;52,299999;-33,900002
23.08.2025 20:29:05;0,073257;0,110591;2,028105;0;2,065757;0;52,5;-14,9
23.08.2025 20:34:07;0,092629;0,119322;1,112457;0;1,138649;0;52,5;-14,7
23.08.2025 20:39:09;0,083796;0,090219;1,030969;0;1,037881;0;52,200001;-49,700001
23.08.2025 20:44:10;0,070763;0,106578;1,072718;0;1,108488;0;52,400002;-12,9
23.08.2025 20:49:12;0,000614;0,029103;0,711565;0;0,739758;0;52,400002;-16,200001
23.08.2025 20:54:15;0,008702;0,034808;0,749826;0;0,776295;0;52,400002;-13,9
23.08.2025 20:59:17;0,005707;0,032741;0,804694;0;0,831614;0;52,400002;-16,700001
23.08.2025 21:04:17;0,000092;0,032959;0,801636;0;0,834229;0;52,299999;-16
23.08.2025 21:09:18;0,000114;0,030295;0,822332;0;0,852627;0;52,400002;-16,1
23.08.2025 21:14:20;0;0,030922;0,757402;0;0,788324;0;52,299999;-15,3
23.08.2025 21:19:20;0,001842;0,029663;0,783325;0;0,811523;0;52,299999;-15,9
23.08.2025 21:24:22;0,001012;0,03456;0,732301;0;0,765769;0;52,299999;-14,6
23.08.2025 21:29:25;0,00085;0,034446;0,722632;0;0,755627;0;52,299999;-14,5
23.08.2025 21:34:27;0,006753;0,02983;0,718113;0;0,741577;0;52,299999;-14
23.08.2025 21:39:29;0,000284;0,032013;0,697013;0;0,729027;0;52,299999;-13,8
23.08.2025 21:44:31;0,007776;0,043654;0,777774;0;0,813425;0;52,299999;-15,4
23.08.2025 21:49:33;0,004513;0,025101;0,786141;0;0,806877;0;52,299999;-15,4
23.08.2025 21:54:35;0;0,033832;0,731573;0;0,765223;0;52,299999;-13,8
23.08.2025 21:59:37;0,008458;0,032013;0,719568;0;0,743214;0;52,299999;-15,3
23.08.2025 22:04:38;0;0,03066;0,749333;0;0,779993;0;52,299999;-12,5
23.08.2025 22:09:40;0,002046;0,02401;0,68319;0;0,704653;0;52,299999;-14,2
23.08.2025 22:14:43;0,000034;0,039522;0,574335;0;0,614038;0;52,299999;-9,6
23.08.2025 22:19:45;0,002876;0,025829;0,439453;0;0,462735;0;52,400002;-7,4
23.08.2025 22:24:46;0,004015;0,02993;0,445293;0;0,471025;0;52,299999;-9,5
23.08.2025 22:29:48;0,000205;0,022918;0,463827;0;0,486381;0;52,299999;-9,1
23.08.2025 22:34:51;0,000351;0,024293;0,44888;0;0,472448;0;52,299999;-9,2
23.08.2025 22:39:53;0,000227;0,029467;0,451094;0;0,480743;0;52,299999;-9,1
23.08.2025 22:44:55;0,000011;0,026193;0,451822;0;0,478196;0;52,299999;-9,4
23.08.2025 22:49:57;0,024214;0,058206;0,923288;0;0,95712;0;52,299999;-7
23.08.2025 22:54:57;0,007038;0,028564;0,489624;0;0,510864;0;52,299999;-10
23.08.2025 22:59:59;0;0,028375;0,480925;0;0,509118;0;52,299999;-9,4
23.08.2025 23:05:00;0,006022;0,030295;0,535447;0;0,560631;0;52,200001;-12,9
23.08.2025 23:10:01;0,002737;0,0292;0,594211;0;0,620308;0;52,299999;-10,8
23.08.2025 23:15:02;0;0,02993;0,531797;0;0,561909;0;52,299999;-10,7
23.08.2025 23:20:04;0,00033;0,036015;0,489292;0;0,524761;0;52,299999;-9,9
23.08.2025 23:25:07;0,002323;0,031182;0,493841;0;0,522485;0;52,299999;-10
23.08.2025 23:30:07;0,001328;0,026367;0,49585;0;0,520752;0;52,299999;-8,5
23.08.2025 23:35:09;0,003194;0,025465;0,419809;0;0,442545;0;52,299999;-8,8
23.08.2025 23:40:09;0,006981;0,023071;0,450073;0;0,46582;0;52,299999;-8,6
23.08.2025 23:45:11;0,000193;0,030194;0,403075;0;0,433451;0;52,299999;-7,9
23.08.2025 23:50:12;0,012113;0,02555;0,433248;0;0,446206;0;52,299999;-8,4
23.08.2025 23:55:14;0,006957;0,023282;0,431814;0;0,448366;0;52,299999;-9
24.08.2025 00:00:17;0,000215;0,023205;0,420236;0;0,44326;0;52,299999;-8,4
24.08.2025 00:05:19;0,004593;0,029103;0,422355;0;0,446729;0;52,299999;-9
24.08.2025 00:10:20;0,003251;0,02847;0,421203;0;0,446571;0;52,299999;-8,6
24.08.2025 00:15:21;0,000046;0,02774;0,321925;0;0,349665;0;52,299999;-6,4
24.08.2025 00:20:23;0,003968;0,025465;0,338684;0;0,360148;0;52,299999;-7,7
24.08.2025 00:25:25;0,005468;0,0211;0,378337;0;0,393616;0;52,299999;-7,2
24.08.2025 00:30:28;0,006606;0,031907;0,417698;0;0,44326;0;52,299999;-9,4
24.08.2025 00:35:30;0,000739;0,025829;0,481652;0;0,506753;0;52,200001;-9,9
24.08.2025 00:40:32;0;0,022918;0,42854;0;0,45164;0;52,299999;-8,6
24.08.2025 00:45:34;0,006241;0,024737;0,435451;0;0,454005;0;52,200001;-10,8
24.08.2025 00:50:36;0,000057;0,029103;0,529308;0;0,558047;0;52,200001;-10,4
24.08.2025 00:55:38;0,000387;0,025101;0,496204;0;0,520941;0;52,200001;-8,2
24.08.2025 01:00:40;0,002637;0,02401;0,415443;0;0,437452;0;52,200001;-9,3
24.08.2025 01:05:41;0;0,024455;0,456973;0;0,480697;0;52,200001;-9,2
24.08.2025 01:10:43;0;0,024374;0,454732;0;0,478924;0;52,200001;-9,2
24.08.2025 01:15:45;0,006298;0,029467;0,452549;0;0,476014;0;52,200001;-10
24.08.2025 01:20:48;0,001099;0,020305;0,457945;0;0,476981;0;52,200001;-8,6
24.08.2025 01:25:49;0,00811;0,012775;0,448578;0;0,453323;0;52,200001;-8,6
24.08.2025 01:30:51;0,005673;0,032377;0,430722;0;0,457642;0;52,200001;-8,4
24.08.2025 01:35:54;0,000306;0,028282;0,408996;0;0,436734;0;52,200001;-10
24.08.2025 01:40:56;0,000091;0,02401;0,352145;0;0,375973;0;52,299999;-6,2
24.08.2025 01:45:58;0,000159;0,042199;0,28448;0;0,32668;0;52,299999;-6,5
24.08.2025 01:51:00;0,008788;0,027284;0,357965;0;0,376518;0;52,200001;-7,5
24.08.2025 01:56:01;0,010699;0,031025;0,29893;0;0,319188;0;52,299999;-7,9
24.08.2025 02:01:03;0,001717;0,02692;0,389614;0;0,414534;0;52,200001;-7,1
24.08.2025 02:06:06;0,00051;0,030095;0,324514;0;0,354246;0;52,299999;-6
24.08.2025 02:11:08;0,002331;0,034923;0,275386;0;0,307945;0;52,299999;-5,8
24.08.2025 02:16:10;0,003274;0,021463;0,279751;0;0,298122;0;52,299999;-5,6
24.08.2025 02:21:12;0,002376;0,024374;0,226275;0;0,248284;0;52,299999;-3,7
24.08.2025 02:26:13;0,003593;0,021535;0,172642;0;0,190527;0;52,299999;-3
24.08.2025 02:31:13;0,001167;0,026733;0,164795;0;0,19043;0;52,400002;-3,7
24.08.2025 02:36:16;0,00153;0,023568;0,186731;0;0,20903;0;52,299999;-4,8
24.08.2025 02:41:18;0,012107;0,031286;0,376882;0;0,396163;0;52,200001;-9,2
24.08.2025 02:46:18;0,000126;0,022705;0,441284;0;0,463806;0;52,200001;-8,6
24.08.2025 02:51:20;0;0,0211;0,422355;0;0,442727;0;52,200001;-8,4
24.08.2025 02:56:21;0;0,02555;0,372659;0;0,398574;0;52,200001;-7,1
24.08.2025 03:01:24;0;0,02248;0,343731;0;0,366211;0;52,200001;-7
24.08.2025 03:06:25;0;0,02482;0,294185;0;0,31864;0;52,299999;-3,4
24.08.2025 03:11:28;0,002074;0,025018;0,153736;0;0,176942;0;52,299999;-3,4
24.08.2025 03:16:30;0,000807;0,022555;0,158247;0;0,179892;0;52,299999;-3,4
24.08.2025 03:21:32;0,002637;0,021827;0,194262;0;0,213724;0;52,299999;-4,5
24.08.2025 03:26:34;0,009799;0,025829;0,312492;0;0,32868;0;52,200001;-7
24.08.2025 03:31:36;0;0,024374;0,340503;0;0,364695;0;52,200001;-6,9
24.08.2025 03:36:38;0;0,023646;0,321587;0;0,345051;0;52,200001;-5,9
24.08.2025 03:41:40;0,000944;0,042199;0,244464;0;0,286117;0;52,200001;-5,6
24.08.2025 03:46:41;0,001973;0,01825;0,274476;0;0,290535;0;52,200001;-6,6
24.08.2025 03:51:44;0,000963;0,027194;0,174403;0;0,200872;0;52,299999;-3,4
24.08.2025 03:56:46;0,000011;0,022191;0,1557;0;0,177527;0;52,299999;-3,4
24.08.2025 04:01:47;0,00892;0,027375;0,152933;0;0,171547;0;52,299999;-3,4
24.08.2025 04:06:49;0,021088;0,024374;0,222273;0;0,225365;0;52,299999;-6,4
24.08.2025 04:11:51;0,008117;0,026193;0,268474;0;0,286117;0;52,200001;-5,5
24.08.2025 04:16:53;0,002103;0,026193;0,293211;0;0,317585;0;52,200001;-6,9
24.08.2025 04:21:55;0,00623;0,029467;0,328862;0;0,352326;0;52,200001;-6,9
24.08.2025 04:26:58;0,000011;0,024293;0,334303;0;0,358778;0;52,200001;-6,7
24.08.2025 04:32:00;0,000307;0,021827;0,237552;0;0,25847;0;52,200001;-4,5
24.08.2025 04:37:02;0,007901;0,02983;0,178619;0;0,20081;0;52,200001;-5,3
24.08.2025 04:42:04;0,000853;0,022555;0,253195;0;0,275022;0;52,299999;-5
24.08.2025 04:47:05;0,006958;0,02336;0,2982;0;0,31426;0;52,200001;-7,5
24.08.2025 04:52:08;0,002334;0,026831;0,366936;0;0,391048;0;52,099998;-8,4
24.08.2025 04:57:10;0;0,021827;0,408531;0;0,431086;0;52,099998;-8,1
24.08.2025 05:02:11;0;0,022265;0,383244;0;0,405144;0;52,200001;-6,6
24.08.2025 05:07:13;0,000023;0,022191;0,318312;0;0,340322;0;52,099998;-6,5
24.08.2025 05:12:16;0;0,02103;0,266863;0;0,288436;0;52,200001;-3,4
24.08.2025 05:17:18;0,000193;0,020372;0,157883;0;0,177527;0;52,200001;-3,4
24.08.2025 05:22:17;0,001562;0,023148;0,162774;0;0,184636;0;52,200001;-3,7
24.08.2025 05:27:20;0,002379;0,021755;0,170778;0;0,190357;0;52,299999;-3,7
24.08.2025 05:32:22;0,004843;0,02692;0,249921;0;0,27193;0;52,200001;-6
24.08.2025 05:37:21;0;0,024618;0,288804;0;0,313239;0;52,200001;-6
24.08.2025 05:42:23;0;0,022191;0,285936;0;0,308126;0;52,200001;-5,9
24.08.2025 05:47:24;0,000228;0,02482;0,281776;0;0,306413;0;52,200001;-5,8
24.08.2025 05:52:26;0,002342;0,019281;0,288482;0;0,305216;0;52,200001;-5,8
24.08.2025 05:57:26;0,01878;0,028198;0,191528;0;0,20105;0;52,200001;-4,9
24.08.2025 06:02:27;0,013881;0,014965;0,263526;0;0,264803;0;52,200001;-5
24.08.2025 06:07:30;0,001609;0,02248;0,247283;0;0,26795;0;52,200001;-5
24.08.2025 06:12:32;0,0108;0,022555;0,312492;0;0,324679;0;52,099998;-7,3
24.08.2025 06:17:34;0,00008;0,028375;0,348143;0;0,375973;0;52,099998;-7,3
24.08.2025 06:22:34;0,003616;0,025269;0,354858;0;0,376465;0;52,099998;-6,6
24.08.2025 06:27:36;0,00548;0,020008;0,332864;0;0,347597;0;52,099998;-5,9
24.08.2025 06:32:37;0,010551;0,02847;0,333605;0;0,351307;0;52;-8
24.08.2025 06:37:40;0,00017;0,025018;0,346631;0;0,352795;0,01958;52;-6,4
24.08.2025 06:42:42;0,002024;0,030922;0,358693;0;0,328317;0,058933;52,099998;-5,6
24.08.2025 06:47:43;0,010722;0,033214;0,352584;0;0,282323;0,093439;52,099998;-4,8
24.08.2025 06:52:46;0,005269;0,038071;1,304581;0;1,215385;0,121103;51,5;-32
24.08.2025 06:57:47;0,031948;0,051099;2,768847;0;2,609709;0,178847;51,200001;-49,799999
24.08.2025 07:02:50;0;0,0533;2,213582;0;2,035009;0,231329;51,299999;-32,5
24.08.2025 07:07:52;0;0,038925;1,589016;0;1,243238;0,384158;51,5;-17,799999
24.08.2025 07:12:53;0;0,02482;1,382598;0;1,08677;0,321195;51,5;-21,299999
24.08.2025 07:17:56;0;0,026106;1,40538;0;1,145225;0,286442;51,400002;-22,1
24.08.2025 07:22:57;0,001665;0,030295;1,29938;0;1,034029;0,294185;51,400002;-20,6
24.08.2025 07:28:00;0,007002;0,029007;0,788623;0;0,535719;0,274839;51,799999;-0,4
24.08.2025 07:33:02;0;0,052385;0,261198;0;0,01728;0,296122;51,799999;-0,3
24.08.2025 07:38:01;0,006843;0,054748;0,290642;0,074222;0,00937;0,40271;51,900002;-0,3
24.08.2025 07:43:02;0,000057;0,043069;0,428138;0,233049;0,00292;0,702249;52,099998;8,1
24.08.2025 07:48:04;0,000239;0,02983;0,450003;0,559321;0;1,038244;52,299999;12,5
24.08.2025 07:53:05;0,001928;0,0292;0,457338;0,64531;0;1,130022;52,400002;10,4
24.08.2025 07:58:07;0,005912;0,022555;1,474423;0,180074;0,686646;0,984404;51,599998;-21,6
24.08.2025 08:03:08;0,002441;0,033944;2,456777;0;1,485709;1,003004;51;-53,099998
24.08.2025 08:08:09;0;0,052194;4,270798;0;3,275459;1,047534;50,700001;-61
24.08.2025 08:13:12;0;0,058376;3,364064;0;2,469386;0,952874;50,900002;-37,900002
24.08.2025 08:18:14;0,00515;0,058569;1,410761;0,306126;0,848894;0,921833;51,700001;12,1
24.08.2025 08:23:13;0,001849;0,03013;0,316362;0,685268;0;1,029555;52;13
24.08.2025 08:28:16;0,007682;0,039522;0,362585;0,689637;0,001269;1,082679;52,099998;13,2
24.08.2025 08:33:17;0,008555;0,0219;0,412079;0,645492;0;1,070163;52,200001;11,9
24.08.2025 08:38:18;0,002224;0,032119;0,385799;0,667757;0;1,084033;52,400002;14,9
24.08.2025 08:43:20;0,009652;0,0211;0,427448;0,871267;0;1,310356;52,5;16
24.08.2025 08:48:21;0,001597;0,025915;0,374119;0,927268;0;1,325659;52,599998;20
24.08.2025 08:53:24;0,004487;0,028644;0,312911;1,227351;0;1,564917;52,799999;27,799999
24.08.2025 08:58:25;0,002658;0,032484;0,276301;1,652877;0;1,958559;53;32,900002
24.08.2025 09:03:28;0,012838;0,037346;0,270851;1,851178;0;2,147229;53,099998;34,200001
24.08.2025 09:08:29;0,013801;0,088694;0,376674;1,802159;0;2,252015;53,299999;41,5
24.08.2025 09:13:31;0,011232;0,092765;0,383066;2,250378;0;2,715296;53,299999;40,400002
24.08.2025 09:18:33;0,016757;0,09131;0,750126;1,428586;0,022555;2,230734;53;7,8
24.08.2025 09:23:36;0,019194;0,127267;1,554765;1,297692;0;2,960145;53,400002;46,200001
24.08.2025 09:28:38;0,013608;0,045109;0,936021;1,698334;0;2,665822;53,299999;32,900002
24.08.2025 09:33:40;0,008276;0,320495;0,679188;2,125964;0;3,117643;53,5;45,400002
24.08.2025 09:38:42;0;0,118594;1,114276;2,44464;0;3,677873;53,5;46,200001
24.08.2025 09:43:43;0;0,696774;0,353314;2,477764;0;3,527305;53,5;46,200001
24.08.2025 09:48:46;0,000136;0,793699;0,422049;2,468842;0;3,68459;53,5;46,299999
24.08.2025 09:53:47;0;0,720499;0,432518;2,473201;0;3,625853;53,5;46,200001
24.08.2025 09:58:50;0;0,782821;0,420599;2,47283;0;3,676613;53,5;46,299999
24.08.2025 10:03:52;0;0,795963;0,413261;2,474288;0;3,682966;53,5;46,299999
24.08.2025 10:08:54;0;0,861808;0,411442;2,474834;0;3,748448;53,5;46,299999
24.08.2025 10:13:54;0;0,934204;0,361816;2,475403;0;3,77124;53,5;46,299999
24.08.2025 10:18:55;0;0,94862;0,377404;2,480319;0;3,80616;53,5;46,200001
24.08.2025 10:23:57;0,020429;0,301942;1,563187;1,948982;0;3,793557;53,400002;32,599998
24.08.2025 10:28:59;0,00557;0,034923;2,126327;1,654315;0;3,809564;53,400002;31,6
24.08.2025 10:34:03;0,000791;0,029634;2,105833;1,681739;0;3,816303;53,400002;31,200001
24.08.2025 10:39:04;0,000639;0,032119;2,082292;1,687734;0;3,802511;53,400002;32,400002
24.08.2025 10:44:06;0,004331;0,054932;2,051388;1,711794;0;3,812474;53,5;46,200001
24.08.2025 10:49:07;0,006387;0,430328;1,278575;2,131019;0;3,8339;53,400002;33,299999
24.08.2025 10:54:09;0,005059;0,55259;1,102634;2,170891;0;3,821205;53,5;34,599998
24.08.2025 10:59:10;0,011064;0,033579;1,970969;1,824606;0;3,81857;53,5;34,299999
24.08.2025 11:04:12;0;0,907282;0,60352;2,385707;0;3,896145;53,599998;46,200001
24.08.2025 11:09:14;0;1,098997;0,436543;2,472833;0;4,008918;53,599998;46,099998
24.08.2025 11:14:16;0;1,15029;0,508936;2,474288;0;4,133333;53,700001;46,099998
24.08.2025 11:19:17;0,006638;0,967965;0,437993;2,06094;0;3,460146;53,400002;11
24.08.2025 11:24:17;0,000126;0,048706;0,383057;0,623291;0;1,054688;53,5;42,700001
24.08.2025 11:29:19;0,002819;0,276113;0,446729;1,618846;0;2,339142;53,799999;45,900002
24.08.2025 11:34:21;0,000432;0,681734;0,416171;2,347509;0;3,445051;53,900002;46
24.08.2025 11:39:23;0,020531;0,954937;0,918559;1,963351;0;3,815384;53,900002;45,900002
24.08.2025 11:44:25;0,000716;1,399847;0,436179;2,459191;0;4,294854;54;45,799999
24.08.2025 11:49:28;0;1,574707;0,464109;2,471924;0;4,509833;54;45,799999
24.08.2025 11:54:30;0,000637;1,645039;0,583876;2,470651;0;4,699384;54;42,299999
24.08.2025 11:59:32;0,004968;0,18735;2,39662;2,271114;0;4,850719;54;45,799999
24.08.2025 12:04:33;0,005657;1,280765;1,012129;2,318809;0;4,605498;53,799999;22,6
24.08.2025 12:09:35;0,046405;0,145514;2,289225;0,739394;0,465464;2,673097;53,200001;-44,700001
24.08.2025 12:14:38;0,016917;0,06309;4,179547;0;1,942187;2,295889;53,200001;-16,9
24.08.2025 12:19:40;0,036765;0,020736;3,054712;0;0,863445;2,19581;53,299999;-0,3
24.08.2025 12:24:40;0,09573;0,015381;2,670583;0,068665;0,408691;2,246338;53,299999;-7,2
24.08.2025 12:29:41;0,505289;0;2,420619;0;0,348022;1,584075;53,299999;-6,2
24.08.2025 12:34:44;0,682544;0,012328;2,321362;0,045504;0,337023;1,36477;53,400002;16
24.08.2025 12:39:46;0,000966;0,046928;0,523488;1,221774;0,000182;1,791281;53,700001;24,6
24.08.2025 12:44:47;0,007802;0,071904;0,508802;1,746315;0;2,319174;53,900002;35,200001
24.08.2025 12:49:49;0,009595;2,100862;0,625348;2,37734;0;5,093727;53,799999;12
24.08.2025 12:54:51;0,000011;1,201948;1,597747;2,374793;0;5,17376;54,099998;45,700001
24.08.2025 12:59:54;0;1,977176;1,137792;2,462497;0;5,578734;54,099998;45,599998
24.08.2025 13:04:54;0,069294;1,027222;1,30957;1,725952;0,118103;3,874512;53,5;-11,5
24.08.2025 13:09:55;0,117745;0,190892;2,186316;0,829267;0,157678;2,931634;53,599998;-2,3
24.08.2025 13:14:58;0,096924;0,178754;1,176951;0,834127;0,063452;2,029026;53,900002;28,4
24.08.2025 13:20:00;0,098575;0,170615;0,744306;1,231596;0,016552;2,032107;53,900002;28,5
24.08.2025 13:25:01;0,134466;0,184322;1,729708;0,746596;0,393646;2,131567;53,799999;25
24.08.2025 13:30:04;0,001235;0,036259;0,493478;1,194899;0;1,72373;53,900002;22
24.08.2025 13:35:06;0;1,130646;0,577328;1,87095;0;3,578924;54,200001;45,5
24.08.2025 13:40:08;0;2,4581;0,616253;2,468468;0;5,542639;54,200001;45,5
24.08.2025 13:45:09;0;2,407867;0,530337;2,475026;0;5,412865;54,200001;45,5
24.08.2025 13:50:12;0;1,535185;1,340332;2,463947;0;5,356107;54,200001;45,5
24.08.2025 13:55:14;0;0,582785;2,14557;2,467922;0;5,210866;54,200001;45,599998
24.08.2025 14:00:15;0,003159;0,378134;2,422984;2,478676;0;5,288037;54,200001;45,700001
24.08.2025 14:05:17;0,005764;0,18735;2,509265;2,439911;0;5,138837;54,200001;45,599998
24.08.2025 14:10:19;0,112069;0,301215;2,382447;1,803468;0,094402;4,291216;53,5;-8,9
24.08.2025 14:15:21;0,203208;0,095312;2,238388;0,526944;0,243009;2,422813;54,099998;45,700001
24.08.2025 14:20:24;0,194357;0,141408;2,112188;0,961394;0,176035;2,851369;53,400002;-6,4
24.08.2025 14:25:25;0,388354;0,02044;2,128498;0,106578;0,384339;1,495747;53,5;-5,1
24.08.2025 14:30:28;0,000091;0,172228;2,121143;2,334141;0,003082;4,635288;54,299999;45,5
24.08.2025 14:35:29;0;0,094169;2,075013;2,475939;0;4,650757;54,400002;45,400002
24.08.2025 14:40:30;0;0,068984;2,029109;2,476304;0;4,593818;54,5;45,299999
24.08.2025 14:45:32;0,004706;0,057114;2,117169;2,442093;0;4,622989;54,700001;44,700001
24.08.2025 14:50:32;0,000195;0,086426;2,138411;2,460205;0;4,693359;55,099998;44,799999
24.08.2025 14:55:35;0,000011;0,812191;2,233098;1,95941;0;5,006575;56,099998;19,1
24.08.2025 15:00:35;0,005436;0,99646;2,798042;0,322083;0,162598;3,968262;53,900002;0
24.08.2025 15:05:36;0,001038;0,907741;2,095088;0;0,001642;3,003903;53,799999;0
24.08.2025 15:10:39;0;1,405017;2,168364;0;0;3,590318;53,599998;0
24.08.2025 15:15:41;0;2,710203;2,054039;0;0;4,773596;53,599998;0
24.08.2025 15:20:42;0,008212;0,036134;1,813847;0;0;1,851251;53,599998;0
24.08.2025 15:25:45;0,006617;0,870204;1,873945;0;0,00979;2,727365;53,5;0
24.08.2025 15:30:47;0,065186;1,708338;1,929624;0;0,095676;3,477791;53,299999;-6,1
24.08.2025 15:35:48;0,04632;1,506331;1,910654;0;0,078291;3,302468;53,299999;0
24.08.2025 15:40:50;0;2,892824;1,897416;0;0;4,796878;53,299999;0
24.08.2025 15:45:52;0;2,530857;1,872399;0;0;4,411265;53,299999;0
24.08.2025 15:50:55;0,36765;0,114577;1,840198;0;0,206492;1,389426;53,099998;-4,4
24.08.2025 15:55:57;0,259015;0,037834;1,796622;0;0,208085;1,377293;53,099998;-7,1
24.08.2025 16:00:58;0,143625;0,004015;1,927503;0;0,350942;1,450487;53;-4,7
24.08.2025 16:05:59;0,005543;1,893955;1,879128;0;0,025732;3,761631;53,099998;0
24.08.2025 16:11:01;0;2,657818;1,909199;0;0;4,574969;53,200001;0
24.08.2025 16:16:03;0;1,997911;2,21923;0;0;4,232283;53,200001;0
24.08.2025 16:21:05;0;1,980813;2,011872;0;0;4,004553;53,200001;0
24.08.2025 16:26:06;0;1,821322;1,880868;0;0;3,714182;53,200001;0
24.08.2025 16:31:08;0;1,677052;1,843718;0;0;3,534542;53,200001;0
24.08.2025 16:36:11;0;2,031564;1,730224;0;0;3,769435;53,200001;0
24.08.2025 16:41:13;0,112478;1,346371;1,703018;0;0,055114;2,90592;53,200001;0
24.08.2025 16:46:15;0,268451;0,622437;1,711469;0;0,120777;1,954984;53,200001;0
24.08.2025 16:51:16;0,473649;0,302215;1,827748;0;0,256956;1,405958;53,099998;0
24.08.2025 16:56:19;0,004374;2,107707;1,049208;0;0,01541;3,13201;53,099998;0
24.08.2025 17:01:21;0;1,83639;0,291392;0;0;2,128146;53,200001;0
24.08.2025 17:06:23;0;1,647222;0,291756;0;0;1,938978;53,200001;0
24.08.2025 17:11:25;0;3,196221;0,295758;0;0;3,490888;53,200001;0
24.08.2025 17:16:27;0;3,230781;0,227366;0;0;3,458874;53,200001;0
24.08.2025 17:21:29;0;3,23842;0,225547;0;0;3,463967;53,200001;0
24.08.2025 17:26:31;0;3,138379;0,211723;0;0;3,349739;53,200001;0
24.08.2025 17:31:33;0;2,948119;0,271384;0;0;3,217321;53,200001;0
24.08.2025 17:36:35;0;2,393346;0,293211;0;0;2,686921;53,200001;0
24.08.2025 17:41:37;0;1,931702;0,305216;0;0;2,236554;53,200001;0
24.08.2025 17:46:39;0;2,346782;0,29503;0;0;2,641084;53,200001;0
24.08.2025 17:51:40;0;2,268805;0,339445;0;0;2,608249;53,200001;0
24.08.2025 17:56:42;0;2,132876;0,345596;0;0;2,478108;53,200001;0
24.08.2025 18:01:43;0;1,823876;0,371929;0;0;2,195806;53,200001;0
24.08.2025 18:06:45;0,000011;0,259743;1,744352;0;0;2,003732;53,200001;0
24.08.2025 18:11:46;0,009182;0,052924;2,972513;0;1,224921;1,792122;52,599998;-43,599998
24.08.2025 18:16:49;0,027862;0,040972;4,424263;0;2,835234;1,601901;52,400002;-70,599998
24.08.2025 18:21:51;0,002433;0,060752;2,988863;0;1,555366;1,492249;52,900002;-13,8
24.08.2025 18:26:50;0,010116;0,043357;1,196003;0,470501;0,327936;1,37127;53,299999;16,200001
24.08.2025 18:31:52;0,004581;0,038925;0,411078;0,775045;0;1,218682;53,200001;7,4
24.08.2025 18:36:55;0,001824;0,035533;0,349895;0,844279;0;1,226988;53,400002;16,4
24.08.2025 18:41:56;0,000878;0,028835;0,387624;0,784555;0;1,200831;53,400002;13,4
24.08.2025 18:46:59;0,004782;0,027919;1,03228;0,301308;0,234955;1,121838;53,099998;-8,5
24.08.2025 18:52:01;0,033616;0,073121;0,816335;0,322496;0,142604;1,035334;53,299999;7,8
24.08.2025 18:57:03;0,042131;0,071302;0,647175;0,380884;0,055114;1,001866;53,400002;7,1
24.08.2025 19:02:02;0,000643;0,026088;0,551521;0,326467;0;0,903157;53,400002;5,1
24.08.2025 19:07:05;0,000317;0,023931;0,55403;0,27212;0;0,850625;53,400002;5,5
24.08.2025 19:12:04;0,00093;0,023883;0,504489;0,296888;0;0,823791;53,5;7,3
24.08.2025 19:17:07;0,003445;0,022843;0,314361;0,385609;0;0,719369;53,5;6,8
24.08.2025 19:22:09;0,002762;0,026556;0,291392;0,32577;0,001273;0,639535;53,5;4,9
24.08.2025 19:27:11;0,000159;0,020372;0,329226;0,218453;0;0,568233;53,5;0,3
24.08.2025 19:32:12;0,007916;0,089424;0,31791;0,00073;0,006205;0,394194;53,400002;0
24.08.2025 19:37:15;0,037018;0;0,378539;0;0;0,341555;53,299999;0
24.08.2025 19:42:16;0,054818;0,008395;0,331415;0;0,045807;0,238706;53,299999;-3,2
24.08.2025 19:47:19;0,006787;0,026106;0,455044;0;0,30711;0,166789;53,099998;-6,6
24.08.2025 19:52:21;0,000091;0,026556;0,457642;0;0,368151;0,116411;53;-7,2
24.08.2025 19:57:22;0,002897;0,02336;0,442738;0;0,381784;0,081759;53;-5,5
24.08.2025 20:02:25;0,000725;0,029732;0,322701;0;0,309285;0,042785;53;-6,3
24.08.2025 20:07:26;0,003365;0,028105;0,475223;0;0,48453;0,01533;52,900002;-10,3
24.08.2025 20:12:29;0,000453;0,040247;0,44743;0;0,484414;0,002901;52,900002;-9,2
24.08.2025 20:17:30;0,008087;0,032484;0,569756;0;0,594211;0;52,900002;-12,7
24.08.2025 20:22:33;0;0,037709;0,534088;0;0,571072;0;52,900002;-9,7
24.08.2025 20:27:35;0,017405;0,036015;0,512938;0;0,531855;0;52,799999;-15,5
24.08.2025 20:32:36;0,010003;0,036499;0,550411;0;0,577056;0;52,900002;-10,5
24.08.2025 20:37:39;0,000113;0,039522;0,523935;0;0,563095;0;52,900002;-10,7
24.08.2025 20:42:41;0,005923;0,022918;0,494021;0;0,511119;0;52,900002;-9,6
24.08.2025 20:47:42;0,001471;0,02409;0,483252;0;0,505882;0;52,900002;-8,9
24.08.2025 20:52:44;0,000557;0,027284;0,439817;0;0,466737;0;53;-8,7
24.08.2025 20:57:46;0,005582;0,032013;0,453641;0;0,479833;0;52,900002;-11,3
24.08.2025 21:02:49;0;0,027194;0,491303;0;0,518315;0;52,900002;-9,5
24.08.2025 21:07:50;0;0,025915;0,483982;0;0,51008;0;52,900002;-9,5
24.08.2025 21:12:53;0;0,027556;0,46991;0;0,497829;0;52,900002;-9,5
24.08.2025 21:17:55;0,000125;0,026556;0,47947;0;0,505116;0;52,900002;-9,8
24.08.2025 21:22:56;0,000114;0,02701;0,417553;0;0,444928;0;53;-7,6
24.08.2025 21:27:59;0,001688;0,025381;0,38434;0;0,407908;0;53;-7,5
24.08.2025 21:33:00;0,006467;0,031755;0,920516;0;0,9457;0;52,599998;-36,299999
24.08.2025 21:38:03;0,057164;0,056201;2,849194;0;2,848106;0;52,5;-54,700001
24.08.2025 21:43:05;0,005605;0,064026;2,320225;0;2,378977;0;52,599998;-36,700001
24.08.2025 21:48:07;0,000307;0,060752;1,774183;0;1,834571;0;52,700001;-33,700001
24.08.2025 21:53:09;0,000693;0,046201;1,705791;0;1,751446;0;52,700001;-33,099998
24.08.2025 21:58:10;0,001483;0,047449;1,805627;0;1,851616;0;52,700001;-36,599998
24.08.2025 22:03:12;0,005013;0,044382;1,403849;0;1,443684;0;52,900002;-13,7
24.08.2025 22:08:13;0,001494;0,048179;0,445658;0;0,49183;0;53;-8,1
24.08.2025 22:13:14;0,000171;0,045259;0,389814;0;0,435073;0;53;-8,8
24.08.2025 22:18:17;0,000669;0,030095;0,464109;0;0,493478;0;53;-10,2
24.08.2025 22:23:19;0,005673;0,02983;0,508209;0;0,5324;0;53;-11
24.08.2025 22:28:21;0,000045;0,047292;0,526762;0;0,573872;0;53;-9,7
24.08.2025 22:33:22;0,009581;0,023725;0,501502;0;0,515554;0;53;-8,7
24.08.2025 22:38:25;0,001246;0,031907;0,433652;0;0,464653;0;53;-8,9
24.08.2025 22:43:27;0,000091;0,028011;0,432177;0;0,459461;0;53;-8,5
24.08.2025 22:48:29;0,000125;0,029467;0,36997;0;0,3998;0;53;-6,9
24.08.2025 22:53:31;0,000512;0,026556;0,339776;0;0,365968;0;53;-6,9
24.08.2025 22:58:33;0,000057;0,026556;0,335047;0;0,361057;0;53;-6,9
24.08.2025 23:03:34;0,010003;0,033579;0,405874;0;0,429416;0;53;-10,8
24.08.2025 23:08:37;0;0,028644;0,51052;0;0,539527;0;53;-10
24.08.2025 23:13:38;0;0,028105;0,498947;0;0,527052;0;53;-9,9
24.08.2025 23:18:40;0;0,028011;0,472921;0;0,500751;0;53;-8,6
24.08.2025 23:23:43;0,000079;0,023931;0,404645;0;0,428576;0;53;-8,5
24.08.2025 23:28:45;0,002228;0,033832;0,307763;0;0,33923;0;53;-5,3
24.08.2025 23:33:47;0,003422;0,02983;0,293211;0;0,319768;0;53;-7,6
24.08.2025 23:38:49;0,000773;0,024374;0,341959;0;0,365605;0;53;-6,6
24.08.2025 23:43:50;0,005178;0,02993;0,350395;0;0,375397;0;53;-8,8
24.08.2025 23:48:53;0;0,042422;0,365848;0;0,407727;0;53;-7,5
24.08.2025 23:53:55;0,00291;0,029103;0,367424;0;0,393434;0;53;-7,3
24.08.2025 23:58:57;0,005207;0,030922;0,34305;0;0,369242;0;53;-5,1
18.08.2025 00:04:20;0;0;0;0;0;0;53;-4,5
