Uhrzeit;Netzbezug [kW];Netzeinspeisung [kW];Stromverbrauch [kW];Akkubeladung [kW];Akkuentnahme [kW];Stromerzeugung [kW];Akku Spannung [V];Akku Stromstärke [A]
30.06.2025 00:05:36;0,008731;0,023282;0,197899;0;0,212451;0;51,676998;-6,03
30.06.2025 00:10:37;0,00292;0,01168;0,291995;0;0,309515;0;51,634998;-7,76
30.06.2025 00:15:38;0,00292;0,01168;0,408794;0;0,420473;0;51,585999;-8,95
30.06.2025 00:20:38;0;0,023438;0,433594;0;0,451172;0;51,550999;-8,62
30.06.2025 00:25:40;0;0,011641;0,430722;0;0,442363;0;51,521;-8,48
30.06.2025 00:30:42;0;0,023282;0,384158;0;0,401619;0;51,502998;-7,14
30.06.2025 00:35:45;0;0,011603;0,336479;0;0,362585;0;51,474998;-7,04
30.06.2025 00:40:47;0;0,023282;0,221182;0;0,238643;0;51,493999;-3,47
30.06.2025 00:45:48;0;0,01168;0,175197;0;0,181037;0;51,483002;-3,41
30.06.2025 00:50:51;0;0,011603;0,162438;0;0,182743;0;51,459;-4,72
30.06.2025 00:55:52;0,00584;0,02336;0,280316;0;0,291995;0;51,412998;-6,75
30.06.2025 01:00:54;0;0,011641;0,325952;0;0,340503;0;51,387001;-7,23
30.06.2025 01:05:57;0;0,011603;0,336479;0;0,348082;0;51,362999;-6,57
30.06.2025 01:10:58;0;0,02336;0,280316;0;0,289075;0;51,354;-5,44
30.06.2025 01:16:01;0;0,011603;0,266863;0;0,281366;0;51,337002;-5,56
30.06.2025 01:21:02;0;0,02336;0,221917;0;0,248196;0;51,339001;-3,32
30.06.2025 01:26:05;0;0,011603;0,162438;0;0,174041;0;51,331001;-3,3
30.06.2025 01:31:07;0,00291;0,011641;0,139694;0;0,162976;0;51,313;-4,07
30.06.2025 01:36:09;0;0,011641;0,209541;0;0,227002;0;51,290001;-4,65
30.06.2025 01:41:11;0,008731;0,023282;0,337593;0;0,337593;0;51,238998;-7,1
30.06.2025 01:46:13;0;0,011641;0,325952;0;0,343414;0;51,228001;-5,62
30.06.2025 01:51:15;0;0,023282;0,267746;0;0,282298;0;51,213001;-5,5
30.06.2025 01:56:17;0;0,011641;0,267746;0;0,285208;0;51,193001;-5,48
30.06.2025 02:01:19;0;0,011641;0,267746;0;0,279387;0;51,174;-5,55
30.06.2025 02:06:18;0;0,023516;0,223401;0;0,243977;0;51,171001;-4,46
30.06.2025 02:11:19;0,00292;0,01168;0,233596;0;0,242356;0;51,139;-6,35
30.06.2025 02:16:20;0,00292;0,02336;0,303675;0;0,321195;0;51,116001;-6,11
30.06.2025 02:21:23;0,008702;0,011603;0,290068;0;0,307472;0;51,084999;-7,26
30.06.2025 02:26:25;0;0,023282;0,337593;0;0,357965;0;51,062;-6,94
30.06.2025 02:31:27;0;0,011641;0,337593;0;0,346324;0;51,043999;-6,68
30.06.2025 02:36:28;0;0,01168;0,327035;0;0,344555;0;51,02;-6,76
30.06.2025 02:41:31;0;0,023205;0,278465;0;0,290068;0;51,021;-5,2
30.06.2025 02:46:32;0;0,01168;0,256956;0;0,262796;0;51,007999;-5,22
30.06.2025 02:51:34;0,00291;0,011641;0,232823;0;0,256105;0;51;-4,37
30.06.2025 02:56:37;0;0,023205;0,208849;0;0,220452;0;50,987999;-4,37
30.06.2025 03:01:39;0;0,011641;0,209541;0;0,221182;0;50,974998;-4,3
30.06.2025 03:06:41;0;0,023282;0,151335;0;0,177527;0;50,98;-3,07
30.06.2025 03:11:43;0,005821;0,011641;0,267746;0;0,273567;0;50,935001;-5,41
30.06.2025 03:16:43;0;0,011719;0,257813;0;0,275391;0;50,911999;-6,4
30.06.2025 03:21:44;0,00292;0,02336;0,315355;0;0,329955;0;50,884998;-6,26
30.06.2025 03:26:47;0;0,011603;0,301671;0;0,319075;0;50,870998;-6,2
30.06.2025 03:31:49;0;0,011641;0,291029;0;0,314311;0;50,853001;-6,13
30.06.2025 03:36:51;0;0,023282;0,151335;0;0,168797;0;50,881001;-3,13
30.06.2025 03:41:53;0;0,011641;0,139694;0;0,154245;0;50,873001;-3,03
30.06.2025 03:46:55;0;0,023282;0,151335;0;0,157155;0;50,867001;-3,04
30.06.2025 03:51:57;0,005821;0,023282;0,197899;0;0,209541;0;50,827;-5,41
30.06.2025 03:56:59;0;0,011641;0,256105;0;0,273567;0;50,808998;-5,35
30.06.2025 04:02:01;0;0,023282;0,256105;0;0,270657;0;50,792999;-5,23
30.06.2025 04:07:00;0;0,011758;0,258675;0;0,270433;0;50,780998;-5,14
30.06.2025 04:12:02;0,008731;0,011641;0,325952;0;0,331773;0;50,726002;-8,66
30.06.2025 04:17:04;0;0,023282;0,372517;0;0,398709;0;50,721001;-6,16
30.06.2025 04:22:06;0;0,011641;0,30267;0;0,30849;0;50,708;-5,95
30.06.2025 04:27:08;0;0,023282;0,221182;0;0,247374;0;50,712002;-4,53
30.06.2025 04:32:10;0;0,011641;0,232823;0;0,241554;0;50,691002;-5,87
30.06.2025 04:37:12;0,005821;0,011641;0,384158;0;0,392889;0;50,636002;-8,05
30.06.2025 04:42:14;0;0,023282;0,314311;0;0,337593;0;50,633999;-6,4
30.06.2025 04:47:16;0;0,011641;0,30267;0;0,320131;0;50,619999;-6,26
30.06.2025 04:52:18;0;0,023282;0,256105;0;0,270657;0;50,617001;-5,23
30.06.2025 04:57:20;0;0,011641;0,244464;0;0,261926;0;50,605;-5,2
30.06.2025 05:02:23;0;0,011603;0,208849;0;0,226253;0;50,616001;-3,21
30.06.2025 05:07:24;0;0,02336;0,140158;0;0,160597;0;50,612999;-3,18
30.06.2025 05:12:26;0;0,011641;0,151335;0;0,160066;0;50,605999;-3,23
30.06.2025 05:17:28;0,005821;0,011641;0,151335;0;0,171707;0;50,577;-5,66
30.06.2025 05:22:31;0;0,023205;0,266863;0;0,281366;0;50,549999;-5,53
30.06.2025 05:27:32;0;0,01168;0,291995;0;0,277396;0;50,536999;-5,27
30.06.2025 05:32:32;0,014648;0,011719;0,328125;0;0,313477;0,046875;50,459999;-13,69
30.06.2025 05:37:34;0,034923;0,011641;1,8393;0;1,751992;0,023282;50,023998;-36,689999
30.06.2025 05:42:36;0,756674;0,023282;2,968491;0;2,153611;0,093129;49,737999;-50,189999
30.06.2025 05:47:38;2,022648;0;4,633175;0;2,508666;0,139694;49,568001;-49,93
30.06.2025 05:52:41;2,207418;0;4,861541;0;2,488784;0,139233;49,393002;-50,330002
30.06.2025 05:57:40;1,554988;0,011758;4,162312;0;2,445652;0,164611;49,574001;-0,3
30.06.2025 06:02:42;0,066937;0,011641;0,279387;0,014551;0,020372;0,209541;49,855999;-0,21
30.06.2025 06:07:44;0,005821;0;0,256105;0;0,008731;0,256105;49,924999;-0,22
30.06.2025 06:12:45;0,032119;0,02336;0,280316;0,00584;0,01168;0,256956;49,960999;-0,22
30.06.2025 06:17:46;0,035039;0;0,338715;0;0,01168;0,303675;49,98;-0,2
30.06.2025 06:22:49;0;0;0,336479;0;0,008702;0,324876;49,993;-0,22
30.06.2025 06:27:51;0;0,069847;0,279387;0;0,011641;0,349234;50,001999;1,52
30.06.2025 06:32:52;0,00292;0,070079;0,245276;0,084679;0,00584;0,373754;50,042999;2,29
30.06.2025 06:37:54;0;0,046565;0,221182;0,128053;0;0,395799;50,069;2,73
30.06.2025 06:42:57;0;0,046411;0,220452;0,162438;0;0,417698;50,096001;3,6
30.06.2025 06:47:57;0,008789;0,070313;0,328125;0,079102;0,005859;0,46875;50,083;1,94
30.06.2025 06:52:59;0;0,034923;0,314311;0,122232;0;0,488928;50,104;2,9
30.06.2025 06:58:01;0;0,046565;0,314311;0,162976;0;0,51221;50,125;3,53
30.06.2025 07:03:03;0;0,034923;0,30267;0,20372;0;0,535493;50,150002;4,27
30.06.2025 07:08:04;0;0,046719;0,256956;0,274476;0;0,583991;50,187;5,93
30.06.2025 07:13:06;0;0,046565;0,197899;0,375427;0;0,628622;50,234001;7,67
30.06.2025 07:18:09;0,017404;0,023205;0,812191;0,145034;0,301671;0,649752;50,023998;-9,8
30.06.2025 07:23:08;0;0,05879;0,34098;0,382133;0,076427;0,728992;50,261002;10,1
30.06.2025 07:28:09;0,0292;0,058399;0,373754;0,435073;0,035039;0,794228;50,159;-8,4
30.06.2025 07:33:11;0,017462;0,058206;0,430722;0,445274;0,017462;0,884727;50,327;11,16
30.06.2025 07:38:13;0,011641;0,046565;0,430722;0,474377;0,014551;0,954574;50,365002;11,12
30.06.2025 07:43:15;0,037834;0,069847;0,558775;0,520941;0,046565;1,024421;50,198002;-17,4
30.06.2025 07:48:16;0,084679;0,070079;2,137407;0,02628;0,969425;1,191341;49,827;-34,73
30.06.2025 07:53:17;0;0,105118;1,097903;0,312435;0,178117;1,331499;50,389;21,26
30.06.2025 07:58:19;0;0,058206;0,279387;1,126281;0,00291;1,466784;50,553001;23,82
30.06.2025 08:03:21;0,00291;0,023282;0,360875;1,175755;0;1,583195;50,616001;23,91
30.06.2025 08:08:22;0,00292;0,058399;0,408794;1,25266;0;1,681894;50,688;24,15
30.06.2025 08:13:25;0;1,241491;0,440903;0,098623;0,011603;1,786819;50,437;-0,21
30.06.2025 08:18:25;0,011719;0,222656;0,480469;0,911133;0;1,59375;50,705002;20,35
30.06.2025 08:23:26;0;0,070079;0,548951;1,576775;0;2,195806;50,926998;35,900002
30.06.2025 08:28:27;0,00584;0,035039;0,712469;1,860011;0;2,592919;51,014;33,43
30.06.2025 08:33:29;0;0,046565;0,942933;1,845121;0;2,840439;51,120998;36,549999
30.06.2025 08:38:31;0,005821;0,058206;0,989497;1,917878;0;2,980132;51,278;39,330002
30.06.2025 08:43:33;0,005821;0,058206;0,896368;2,069213;0;2,980132;51,431;41,330002
30.06.2025 08:48:35;0;0,535493;0,81488;1,818928;0;3,189673;51,492001;39,34
30.06.2025 08:53:37;0,043654;0,745033;1,210679;1,417309;0;3,306084;51,410999;19,99
30.06.2025 08:58:37;0,008789;0,046875;2,449219;1,066406;0;3,609375;51,499001;23,73
30.06.2025 09:03:39;0,043654;0,069847;2,409716;0,681007;0,014551;3,073262;51,424999;17,530001
30.06.2025 09:08:41;0;1,233961;1,059344;1,12337;0;3,422496;51,612999;23,23
30.06.2025 09:13:43;0;1,641401;0,942933;1,187397;0;3,77173;51,683998;22,42
30.06.2025 09:18:45;0;1,8393;1,036062;1,187397;0;4,051118;51,775002;23,030001
30.06.2025 09:23:47;0;1,315449;0,721751;1,204858;0;3,25952;51,853001;23,08
30.06.2025 09:28:47;0;1,195313;0,65625;1,204102;0;3,070313;51,939999;22,93
30.06.2025 09:33:49;0;2,188535;0,663545;1,207769;0;4,051118;52,035;23,440001
30.06.2025 09:38:49;0;2,191406;0,703125;1,212891;0;4,101563;52,139999;23,18
30.06.2025 09:43:51;0;1,792736;0,803239;1,201948;0;3,77173;52,229;22,969999
30.06.2025 09:48:53;0;1,944071;0,861445;1,21941;0;4,027835;52,338001;22,58
30.06.2025 09:53:55;0;1,73453;0,803239;1,210679;0;3,77173;52,445;23,540001
30.06.2025 09:58:54;0;2,045882;0,79954;1,219887;0;4,044732;52,555;23,620001
30.06.2025 10:03:57;0,002901;1,810025;0,916615;1,218286;0;3,968131;52,662998;22,92
30.06.2025 10:08:59;0,023282;0,582057;2,328228;1,213589;0;4,097682;52,769001;23,08
30.06.2025 10:14:02;0;1,612778;2,239325;0,368386;0;4,223391;52,566002;3,58
30.06.2025 10:19:04;0;3,375931;0,71011;0,194989;0,00291;4,260658;52,540001;3,3
30.06.2025 10:24:05;0;3,21195;0,829267;0,201477;0;4,228094;52,553001;3,43
30.06.2025 10:29:07;0;2,945209;0,826521;0,20081;0,00291;3,981271;52,5;-10,03
30.06.2025 10:34:07;0;3,246094;0,785156;0,228516;0,020508;4,242188;52,585999;4,37
30.06.2025 10:39:09;0;3,527266;0,733392;0,218271;0,020372;4,470199;52,583;1,82
30.06.2025 10:44:11;0;3,597113;0,663545;0,20372;0,00291;4,446916;52,617001;3,41
30.06.2025 10:49:14;0;3,596844;0,696163;0,200147;0;4,478651;52,632999;2,29
30.06.2025 10:54:15;0;3,410507;0,689109;0,233596;0,02336;4,344892;52,679001;6,45
30.06.2025 10:59:15;0;3,304688;0,644531;0,216797;0,029297;4,101563;52,676998;4,54
30.06.2025 11:04:17;0;3,212955;0,640263;0,186258;0,00291;4,027835;52,667999;1,11
30.06.2025 11:09:21;0;3,191817;0,65918;0,211053;0;4,093853;52,709999;4,5
30.06.2025 11:14:22;0;3,235309;0,700789;0,204397;0;4,134655;52,750999;6,69
30.06.2025 11:19:22;0;3,386719;0,703125;0,202148;0,00293;4,289063;52,723999;-0,56
30.06.2025 11:24:23;0;3,538985;0,747508;0,207317;0;4,48505;52,771;3,75
30.06.2025 11:29:26;0;3,886912;0,684561;0,205948;0,002901;4,803527;52,792;3,86
30.06.2025 11:34:27;0;3,725862;0,724149;0,189797;0;4,625208;52,817001;5,11
30.06.2025 11:39:29;0;3,701883;0,640263;0,218271;0,005821;4,540046;52,806999;0,13
30.06.2025 11:44:32;0;3,446009;0,626547;0,179842;0;4,246597;52,84;3,57
30.06.2025 11:49:34;0;3,341008;0,570416;0,212451;0;4,144247;52,879002;4,85
30.06.2025 11:54:35;0;3,702502;0,66575;0,213157;0;4,578488;52,898998;4,6
30.06.2025 11:59:38;0;4,014542;0,696163;0,182743;0,002901;4,896349;52,903999;5,12
30.06.2025 12:04:39;0;4,146335;0,712469;0,213157;0;5,069041;52,928001;3,62
30.06.2025 12:09:42;0;4,095761;0,800588;0,197246;0;5,105198;52,949001;3,58
30.06.2025 12:14:41;0;4,044732;0,85833;0,202825;0;5,079431;52,971001;3,65
30.06.2025 12:19:44;0;4,04935;0,812191;0,200147;0;5,081993;52,993;3,87
30.06.2025 12:24:43;0;4,150554;0,728992;0,202825;0;5,055916;53,016998;3,96
30.06.2025 12:29:45;0;3,073262;1,8393;0,221182;0,020372;5,145385;53,047001;0,67
30.06.2025 12:34:47;0;3,410855;1,536631;0,334683;0,136783;5,122103;53,123001;9,43
30.06.2025 12:39:50;0;3,979734;0,963026;0,258161;0,055113;5,174814;53,081001;3,61
30.06.2025 12:44:52;0;4,155888;0,81488;0,192079;0;5,145385;53,101002;3,95
30.06.2025 12:49:53;0;4,111296;0,829267;0,201477;0,00292;5,13912;53,125999;3,93
30.06.2025 12:54:56;0;4,153775;0,800588;0,203048;0;5,151609;53,148998;3,63
30.06.2025 12:59:55;0;4,209344;0,728992;0,202825;0;5,126463;53,173;3,79
30.06.2025 13:04:57;0;4,388711;0,675186;0,20081;0;5,285079;53,198002;3,66
30.06.2025 13:10:00;0;4,43224;0,649752;0,200147;0;5,314047;53,223999;3,61
30.06.2025 13:15:02;0;4,505122;0,593698;0,197899;0;5,285079;53,250999;4,96
30.06.2025 13:20:02;0;4,511719;0,5625;0,205078;0;5,273438;53,273998;3,87
30.06.2025 13:25:03;0;4,590168;0,548951;0,198557;0;5,325997;53,296001;3,32
30.06.2025 13:30:05;0;4,388711;0,663545;0,197899;0;5,261796;53,327999;3,55
30.06.2025 13:35:08;0;4,397432;0,696163;0,200147;0;5,290842;53,358002;4,02
30.06.2025 13:40:09;0;3,352108;1,787012;0,291995;0,122638;5,302637;53,362999;5,84
30.06.2025 13:45:11;0;4,062759;1,012779;0,256105;0,026193;5,285079;53,410999;4
30.06.2025 13:50:13;0;4,342146;0,81488;0,20081;0;5,378208;53,441002;3,57
30.06.2025 13:55:16;0;4,385829;0,730972;0,200147;0;5,314047;53,469002;3,69
30.06.2025 14:00:18;0;4,318864;0,686827;0,197899;0;5,215232;53,497002;3,84
30.06.2025 14:05:20;0;4,307223;0,651904;0,197899;0;5,145385;53,535;5,1
30.06.2025 14:10:20;0;4,101563;0,773438;0,196289;0;5,0625;53,556;3,85
30.06.2025 14:15:22;0;4,039476;0,861445;0,192079;0;5,09882;53,560001;1,28
30.06.2025 14:20:21;0;4,162312;0,787782;0,088185;0;5,055916;53,563;1,24
30.06.2025 14:25:24;0;4,223391;0,76578;0,055113;0;5,012376;53,549999;-0,18
30.06.2025 14:30:27;0;4,246597;0,76578;0;0,011603;5,012376;53,536999;-0,19
30.06.2025 14:35:28;0;4,169695;0,782548;0;0,00876;4,928883;53,529999;-0,17
30.06.2025 14:40:30;0;4,249017;0,686827;0;0,008731;4,959127;53,525002;-0,19
30.06.2025 14:45:32;0;4,272299;0,640263;0;0,011641;4,88928;53,521;-0,18
30.06.2025 14:50:34;0;4,28394;0,605339;0;0,008731;4,865998;53,515999;-0,17
30.06.2025 14:55:36;0;4,225735;0,605339;0;0,008731;4,842715;53,511002;-0,17
30.06.2025 15:00:38;0;4,190811;0,582057;0;0,008731;4,749586;53,507;-0,18
30.06.2025 15:05:40;0;4,027835;0,675186;0;0,008731;4,703022;53,502998;-0,17
30.06.2025 15:10:42;0;3,829936;0,675186;0;0,008731;4,493481;53,498001;-0,18
30.06.2025 15:15:44;0;3,888142;0,71011;0;0,008731;4,58661;53,493999;-0,18
30.06.2025 15:20:45;0;3,84266;0,712469;0;0,00876;4,555129;53,490002;-0,17
30.06.2025 15:25:48;0;3,782488;0,696163;0;0,008702;4,455446;53,486;-0,17
30.06.2025 15:30:48;0;3,890625;0,597656;0;0,008789;4,476563;53,480999;-0,16
30.06.2025 15:35:50;0;3,911424;0,535493;0;0,011641;4,446916;53,478001;-0,17
30.06.2025 15:40:52;0;3,829936;0,523851;0;0,008731;4,330505;53,473;-0,16
30.06.2025 15:45:54;0;3,760089;0,51221;0;0,008731;4,28394;53,467999;-0,15
30.06.2025 15:50:56;0;3,620395;0,640263;0;0,008731;4,260658;53,466;-0,17
30.06.2025 15:55:58;0;3,515625;0,686827;0;0,008731;4,190811;53,460999;-0,16
30.06.2025 16:01:00;0;3,457419;0,686827;0;0,008731;4,120964;53,456001;-0,16
30.06.2025 16:05:59;0;3,398046;0,74075;0;0,008818;4,138796;53,452999;-0,15
30.06.2025 16:10:59;0;3,410156;0,714844;0;0,008789;4,101563;53,448002;-0,15
30.06.2025 16:16:01;0;3,434137;0,698469;0;0,005821;4,120964;53,445;-0,16
30.06.2025 16:21:03;0;3,445778;0,651904;0;0,008731;4,097682;53,438999;-0,15
30.06.2025 16:26:05;0;3,46906;0,640263;0;0,008731;4,120964;53,436001;-0,16
30.06.2025 16:31:07;0;3,434137;0,651904;0;0,008731;4,051118;53,432999;-0,17
30.06.2025 16:36:09;0;3,399214;0,675186;0;0,008731;4,0744;53,428001;-0,15
30.06.2025 16:41:11;0;3,329367;0,686827;0;0,008731;4,004553;53,423;-0,15
30.06.2025 16:46:11;0;3,304688;0,65625;0;0,008789;3,960938;53,418999;-0,17
30.06.2025 16:51:13;0;2,595975;1,373655;0;0,008731;3,957988;53,415001;-0,15
30.06.2025 16:56:15;0;1,52499;2,363152;0;0,005821;3,888142;53,411999;-0,18
30.06.2025 17:01:17;0;1,478425;2,374793;0;0,008731;3,841577;53,409;-0,16
30.06.2025 17:06:20;0;2,947092;0,881807;0;0,008702;3,805693;53,403999;-0,16
30.06.2025 17:11:21;0;3,153551;0,63071;0;0,00876;3,784261;53,400002;-0,17
30.06.2025 17:16:24;0;2,784653;0,951423;0;0,008702;3,736077;53,395;-0,16
30.06.2025 17:21:25;0;2,978353;0,782548;0;0,00876;3,737542;53,391998;-0,17
30.06.2025 17:26:27;0;3,038338;0,663545;0;0,008731;3,725166;53,388;-0,17
30.06.2025 17:31:28;0;2,896595;0,712469;0;0,00876;3,574024;53,382999;-0,18
30.06.2025 17:36:29;0;2,756437;0,689109;0;0,00876;3,457226;53,380001;-0,15
30.06.2025 17:41:32;0;2,552599;0,76578;0;0,008702;3,295173;53,375;-0,15
30.06.2025 17:46:34;0;2,572692;0,745033;0;0,008731;3,306084;53,369999;-0,18
30.06.2025 17:51:36;0;2,514487;0,779957;0;0,008731;3,282802;53,366001;-0,16
30.06.2025 17:56:36;0;2,601563;0,621094;0;0,008789;3,234375;53,362;-0,16
30.06.2025 18:01:37;0;2,522841;0,63071;0;0,00876;3,130191;53,359001;-0,16
30.06.2025 18:06:39;0;2,33987;0,71011;0;0,008731;3,049979;53,355;-0,17
30.06.2025 18:11:41;0;2,072123;0,884727;0;0,008731;2,933568;53,351002;-0,16
30.06.2025 18:16:43;0;2,0372;0,81488;0;0,008731;2,840439;53,347;-0,17
30.06.2025 18:21:45;0;1,653042;1,129191;0;0,008731;2,770592;53,341999;-0,18
30.06.2025 18:26:48;0,034808;0,545328;2,274134;0;0,095722;2,691832;53,174999;-17,08
30.06.2025 18:31:49;0,65115;0;4,555129;0;1,26726;2,639639;52,779999;-24,65
30.06.2025 18:36:49;1,139648;0;4,921875;0;1,262695;2,53125;52,613998;-24,040001
30.06.2025 18:41:51;0,337593;0,081488;2,898644;0,41035;0,663545;2,351511;53,044998;18,139999
30.06.2025 18:46:54;0,002901;0,034808;1,287902;0,910814;0;2,250928;53,208;15,42
30.06.2025 18:51:55;0;0,035039;1,30814;0,715389;0;2,055648;53,317001;12,94
30.06.2025 18:56:57;0;0,034923;1,280526;0,61116;0;1,93243;53,409;10,3
30.06.2025 19:01:57;0,005859;0,046875;1,300781;0,46875;0;1,804688;53,446999;6,71
30.06.2025 19:07:00;0,002901;0,046411;1,334313;0,324876;0;1,693998;53,487;5,44
30.06.2025 19:12:02;0;0,034923;1,292167;0,215361;0;1,559913;53,486;2,59
30.06.2025 19:17:03;0;0,046719;1,28478;0,040879;0,00292;1,354859;53,449001;-0,18
30.06.2025 19:22:05;0;0,139694;0,826521;0,276477;0,005821;1,257243;53,567001;5,04
30.06.2025 19:27:05;0;0,539063;0,457031;0,18457;0;1,171875;53,566002;2,8
30.06.2025 19:32:08;0;0,730972;0,313274;0,081219;0,002901;1,113861;53,537998;-0,17
30.06.2025 19:37:10;0;0,849803;0,221182;0;0,008731;1,070985;53,525002;-0,17
30.06.2025 19:42:12;0;0,803239;0,232823;0;0,011641;1,024421;53,519001;-0,17
30.06.2025 19:47:14;0;0,803239;0,162976;0;0,011641;0,954574;53,514;-0,17
30.06.2025 19:52:15;0;0,64239;0,291995;0;0,00876;0,934385;53,508999;-0,19
30.06.2025 19:57:17;0;0,547134;0,325952;0;0,008731;0,861445;53,502998;-0,19
30.06.2025 20:02:19;0,00291;0,430722;0,419081;0;0,011641;0,81488;53,5;-0,19
30.06.2025 20:07:21;0;0,384158;0,395799;0;0,005821;0,81488;53,494999;-0,15
30.06.2025 20:12:24;0;0,359684;0,406095;0;0,008702;0,719369;53,491001;-0,18
30.06.2025 20:17:26;0;0,174617;0,500569;0;0,008731;0,698469;53,486;-0,15
30.06.2025 20:22:26;0;0,1875;0,457031;0;0,008789;0,609375;53,481998;-0,17
30.06.2025 20:27:27;0;0,233596;0,362074;0;0,00876;0,583991;53,478001;-0,15
30.06.2025 20:32:30;0;0,232054;0,266863;0;0,008702;0,51052;53,473;-0,17
30.06.2025 20:37:31;0;0,256956;0,198557;0;0,01168;0,420473;53,469002;-0,17
30.06.2025 20:42:33;0,005821;0,116411;0,279387;0;0,008731;0,395799;53,466;-0,17
30.06.2025 20:47:36;0,029007;0;0,301671;0;0,060914;0,208849;53,417;-2,97
30.06.2025 20:52:35;0;0,023516;0,329222;0;0,17343;0,164611;53,360001;-3,86
30.06.2025 20:57:37;0,00291;0,011641;0,267746;0;0,165886;0,116411;53,321999;-3,51
30.06.2025 21:02:39;0,00291;0,011641;0,279387;0;0,229913;0,093129;53,244999;-5,38
30.06.2025 21:07:42;0;0,023205;0,336479;0;0,29877;0,023205;53,178001;-4,31
30.06.2025 21:12:41;0;0,011758;0,235159;0;0,235159;0,023516;53,133999;-4,69
30.06.2025 21:17:44;0;0,011603;0,232054;0;0,229154;0;53,098999;-3,71
30.06.2025 21:22:46;0;0,023282;0,209541;0;0,218271;0,023282;53,051998;-4,09
30.06.2025 21:27:48;0,005821;0,011641;0,256105;0;0,270657;0;52,987999;-5,82
30.06.2025 21:32:50;0;0,011641;0,279387;0;0,299759;0;52,938999;-5,61
30.06.2025 21:37:52;0;0,023282;0,279387;0;0,288118;0;52,897999;-5,45
30.06.2025 21:42:54;0,00291;0,011641;0,267746;0;0,296849;0;52,842999;-6,72
30.06.2025 21:47:56;0;0,011641;0,349234;0;0,346324;0;52,796001;-6,44
30.06.2025 21:52:58;0;0,023282;0,279387;0;0,30849;0;52,779999;-4,29
30.06.2025 21:58:00;0,005821;0,011641;0,267746;0;0,282298;0;52,717999;-7,62
30.06.2025 22:03:02;0;0,023282;0,395799;0;0,398709;0;52,668999;-7,37
30.06.2025 22:08:04;0;0,011641;0,360875;0;0,387068;0;52,627998;-7,32
30.06.2025 22:13:06;0,011641;0,011641;0,500569;0;0,497659;0;52,539001;-10,77
30.06.2025 22:18:06;0;0,023438;0,539063;0;0,56543;0;52,474998;-11,62
30.06.2025 22:23:08;0;0,011641;0,593698;0;0,602429;0;52,415001;-11,05
30.06.2025 22:28:10;0,00291;0,011641;0,570416;0;0,582057;0;52,374001;-9,9
30.06.2025 22:33:09;0;0,023516;0,493834;0;0,51441;0;52,325001;-9,6
30.06.2025 22:38:11;0;0,011641;0,395799;0;0,40453;0;52,308998;-7,74
30.06.2025 22:43:14;0;0,023205;0,313274;0;0,34228;0;52,299;-5,68
30.06.2025 22:48:16;0;0,011641;0,30267;0;0,314311;0;52,269001;-6,06
30.06.2025 22:53:18;0,00291;0,023282;0,30267;0;0,311401;0;52,228001;-7,54
30.06.2025 22:58:20;0,005821;0,011641;0,372517;0;0,384158;0;52,171001;-9,75
30.06.2025 23:03:22;0;0,011641;0,465646;0;0,483107;0;52,130001;-9,25
30.06.2025 23:08:24;0;0,023282;0,454005;0;0,471466;0;52,092999;-8,76
30.06.2025 23:13:26;0;0,011641;0,395799;0;0,416171;0;52,061001;-7,99
30.06.2025 23:18:28;0;0,011641;0,395799;0;0,40744;0;52,028;-7,85
30.06.2025 23:23:30;0,00291;0,023282;0,419081;0;0,433633;0;51,974998;-9
30.06.2025 23:28:33;0;0,011603;0,371287;0;0,394493;0;51,964001;-7,09
30.06.2025 23:33:34;0;0,01168;0,350395;0;0,364994;0;51,932999;-6,39
30.06.2025 23:38:36;0;0,023282;0,291029;0;0,30558;0;51,932999;-4,04
30.06.2025 23:43:38;0,008731;0,023282;0,244464;0;0,259015;0;51,884998;-7,09
30.06.2025 23:48:40;0;0,011641;0,279387;0;0,291029;0;51,874001;-5,48
30.06.2025 23:53:42;0;0,011641;0,267746;0;0,279387;0;51,854;-5,25
30.06.2025 23:58:44;0,005821;0,023282;0,349234;0;0,360875;0;51,804001;-7,16
01.07.2025 00:03:46;0;0,011641;0,360875;0;0,384158;0;51,757999;-8,39
01.07.2025 00:08:48;0;0,023282;0,40744;0;0,421991;0;51,728001;-8,01
01.07.2025 00:13:51;0;0,011603;0,406095;0;0,408996;0;51,691002;-7,95
01.07.2025 00:18:52;0;0,01168;0,291995;0;0,318275;0;51,701;-4,86
01.07.2025 00:23:54;0;0,023282;0,209541;0;0,229913;0;51,699001;-3,25
01.07.2025 00:28:55;0,00292;0,01168;0,198557;0;0,207317;0;51,671001;-4,41
01.07.2025 00:33:56;0,00584;0,02336;0,268636;0;0,283236;0;51,622002;-7,12
01.07.2025 00:38:59;0;0,011603;0,336479;0;0,353883;0;51,592999;-6,95
01.07.2025 00:44:00;0;0,01168;0,303675;0;0,321195;0;51,583;-5,43
01.07.2025 00:49:03;0;0,023205;0,266863;0;0,278465;0;51,562;-5,37
01.07.2025 00:54:04;0;0,01168;0,256956;0;0,280316;0;51,540001;-5,37
01.07.2025 00:59:06;0;0,011641;0,267746;0;0,276477;0;51,535;-3,64
01.07.2025 01:04:08;0;0,023282;0,151335;0;0,168797;0;51,529999;-3,3
01.07.2025 01:09:11;0;0,011603;0,162438;0;0,174041;0;51,507999;-4,78
01.07.2025 01:14:13;0,00291;0,023282;0,221182;0;0,232823;0;51,487;-4,53
01.07.2025 01:19:15;0,005821;0,011641;0,279387;0;0,296849;0;51,439999;-6,61
01.07.2025 01:24:16;0;0,01168;0,327035;0;0,341635;0;51,416;-6,56
01.07.2025 01:29:19;0;0,023205;0,278465;0;0,292969;0;51,404999;-5,65
01.07.2025 01:34:20;0;0,01168;0,268636;0;0,283236;0;51,387001;-5,39
01.07.2025 01:39:23;0,002901;0,011603;0,290068;0;0,301671;0;51,353001;-6,62
01.07.2025 01:44:25;0;0,023282;0,267746;0;0,291029;0;51,352001;-4,68
01.07.2025 01:49:27;0;0,011641;0,232823;0;0,238643;0;51,335999;-4,57
01.07.2025 01:54:29;0,005821;0,023282;0,256105;0;0,273567;0;51,308998;-5,38
01.07.2025 01:59:31;0,00291;0,011641;0,244464;0;0,264836;0;51,292;-5,05
01.07.2025 02:04:33;0,005821;0,023282;0,372517;0;0,378337;0;51,243999;-7,24
01.07.2025 02:09:34;0;0,01168;0,362074;0;0,367914;0;51,216999;-7,18
01.07.2025 02:14:36;0;0,011641;0,337593;0;0,360875;0;51,196999;-6,9
01.07.2025 02:19:39;0;0,023205;0,348082;0;0,362585;0;51,172001;-6,83
01.07.2025 02:24:40;0;0,01168;0,315355;0;0,332875;0;51,158001;-6,35
01.07.2025 02:29:43;0;0,011603;0,301671;0;0,321976;0;51,139999;-6,29
01.07.2025 02:34:44;0;0,035039;0,198557;0;0,216077;0;51,155998;-3,24
01.07.2025 02:39:44;0;0;0,152344;0;0,161133;0;51,152;-3,09
01.07.2025 02:44:47;0;0,023205;0,139233;0;0,153736;0;51,143002;-3,1
01.07.2025 02:49:48;0,00584;0,01168;0,198557;0;0,218997;0;51,103001;-5,42
01.07.2025 02:54:51;0;0,011603;0,313274;0;0,330678;0;51,066002;-6,76
01.07.2025 02:59:52;0,00292;0,02336;0,327035;0;0,344555;0;51,042999;-6,68
01.07.2025 03:04:54;0;0,011641;0,325952;0;0,334683;0;51,022999;-6,5
01.07.2025 03:09:57;0;0,011603;0,266863;0;0,278465;0;51,016998;-5,5
01.07.2025 03:14:59;0;0,034923;0,221182;0;0,238643;0;51,026001;-3,4
01.07.2025 03:20:01;0;0,011641;0,151335;0;0,168797;0;51,019001;-3,29
01.07.2025 03:25:03;0;0,011641;0,151335;0;0,171707;0;51,011002;-3,24
01.07.2025 03:30:05;0;0,011641;0,151335;0;0,171707;0;50,992001;-4,41
01.07.2025 03:35:07;0,008731;0,023282;0,325952;0;0,320131;0;50,944;-6,43
01.07.2025 03:40:09;0;0,011641;0,30267;0;0,328862;0;50,923;-6,42
01.07.2025 03:45:11;0;0,011641;0,314311;0;0,320131;0;50,903;-6,21
01.07.2025 03:50:11;0,00293;0,023438;0,269531;0;0,28125;0;50,881001;-7,4
01.07.2025 03:55:13;0;0,011641;0,337593;0;0,366696;0;50,856998;-7,07
01.07.2025 04:00:15;0;0,023282;0,30267;0;0,317221;0;50,862;-4,83
01.07.2025 04:05:15;0;0,011719;0,234375;0;0,246094;0;50,846001;-5,71
01.07.2025 04:10:17;0;0,011641;0,279387;0;0,296849;0;50,824001;-6,03
01.07.2025 04:15:19;0;0,023282;0,291029;0;0,30267;0;50,805;-5,87
01.07.2025 04:20:21;0,005821;0,023282;0,337593;0;0,346324;0;50,785999;-5,44
01.07.2025 04:25:23;0;0,011641;0,256105;0;0,273567;0;50,775002;-5,39
01.07.2025 04:30:25;0;0,011641;0,256105;0;0,270657;0;50,764;-5,25
01.07.2025 04:35:27;0;0,011641;0,244464;0;0,267746;0;50,744999;-5,32
01.07.2025 04:40:27;0;0,023438;0,257813;0;0,263672;0;50,733002;-5,26
01.07.2025 04:45:29;0,00291;0,011641;0,244464;0;0,267746;0;50,726002;-4,19
01.07.2025 04:50:31;0;0,023282;0,197899;0;0,215361;0;50,720001;-4,18
01.07.2025 04:55:33;0;0,011641;0,197899;0;0,209541;0;50,709;-4,09
01.07.2025 05:00:35;0,005821;0,011641;0,186258;0;0,20081;0;50,682999;-6,01
01.07.2025 05:05:37;0;0,023282;0,267746;0;0,282298;0;50,662998;-5,59
01.07.2025 05:10:39;0;0,011641;0,256105;0;0,273567;0;50,648998;-5,46
01.07.2025 05:15:41;0;0,011641;0,256105;0;0,276477;0;50,633999;-5,34
01.07.2025 05:20:43;0;0,011641;0,267746;0;0,282298;0;50,617001;-5,62
01.07.2025 05:25:45;0;0,023282;0,314311;0;0,325952;0;50,603001;-4,85
01.07.2025 05:30:47;0;0,011641;0,244464;0;0,229913;0,023282;50,602001;-4,37
01.07.2025 05:35:49;0;0,023282;0,209541;0;0,197899;0,023282;50,611;-2,35
01.07.2025 05:40:51;0;0,011641;0,151335;0;0,09895;0,093129;50,624001;-1,59
01.07.2025 05:45:54;0,011603;0,023205;0,266863;0;0,162438;0,092822;50,598;-3,16
01.07.2025 05:50:53;0,005879;0,011758;0,317464;0;0,199885;0,117579;50,567001;-4,79
01.07.2025 05:55:55;0;0,023282;0,384158;0;0,232823;0,162976;50,549;-5,16
01.07.2025 06:00:57;0;0,011641;0,40744;0;0,232823;0,209541;50,544998;-4,05
01.07.2025 06:05:59;0;0,011641;0,395799;0;0,186258;0,209541;50,542999;-3,33
01.07.2025 06:11:01;0;0,034923;0,372517;0;0,139694;0,232823;50,569;-0,21
01.07.2025 06:16:02;0,00292;0,070079;0,186877;0,00292;0,00876;0,303675;50,598999;1,83
01.07.2025 06:21:03;0;0,046719;0,163517;0,116798;0;0,303675;50,631001;2,58
01.07.2025 06:26:05;0;0,034923;0,139694;0,139694;0;0,325952;50,654999;3,01
01.07.2025 06:31:07;0,005821;0,081488;0,221182;0,072757;0,005821;0,372517;50,627998;-0,2
01.07.2025 06:36:09;0;0,093129;0,30267;0;0,008731;0,372517;50,622002;-0,19
01.07.2025 06:41:11;0;0,058206;0,360875;0;0,011641;0,395799;50,618999;-0,17
01.07.2025 06:46:16;0;0,06916;0,380379;0;0,008645;0,438012;50,618;-0,19
01.07.2025 06:51:15;0;0,082306;0,376254;0;0,008818;0,470318;50,616001;-0,19
01.07.2025 06:56:17;0;0,069847;0,232823;0,20663;0,00291;0,51221;50,708;6,32
01.07.2025 07:01:19;0;0,034923;0,174617;0,320131;0;0,51221;50,731998;5,26
01.07.2025 07:06:21;0;0,046565;0,221182;0,291029;0;0,558775;50,764;6,86
01.07.2025 07:11:23;0,037834;0,046565;0,547134;0,189169;0,160066;0,582057;50,558998;-14,43
01.07.2025 07:16:23;0,00293;0,046875;0,832031;0,102539;0,357422;0,632813;50,695999;4,5
01.07.2025 07:21:26;0,08702;0,081219;1,032642;0,176942;0,533725;0,672958;50,667999;5,67
01.07.2025 07:26:27;0,0146;0,046719;0,397114;0,338715;0,02336;0,747508;50,745998;8,24
01.07.2025 07:31:30;0;0,046411;0,348082;0,449606;0;0,835396;50,805;10,15
01.07.2025 07:36:31;0;0,046719;0,291995;0,569391;0;0,887666;50,877998;12,82
01.07.2025 07:41:34;0;0,046411;0,232054;0,699064;0;0,997834;50,942001;14,67
01.07.2025 07:46:36;0,00291;0,034923;0,291029;0,774136;0;1,094267;51,001999;16,120001
01.07.2025 07:51:38;0,00291;0,069847;0,395799;0,774136;0;1,233961;51,056999;17,26
01.07.2025 07:56:38;0,005859;0,070313;0,480469;0,808594;0;1,359375;51,105999;16,59
01.07.2025 08:01:39;0;0,046719;0,432153;0,951905;0;1,448297;51,178001;18,620001
01.07.2025 08:06:41;0;0,034923;0,395799;1,006959;0;1,443502;51,268002;21,51
01.07.2025 08:11:42;0;0,046719;0,397114;1,150462;0;1,565096;51,367001;24,469999
01.07.2025 08:16:41;0;0,082306;0,352738;1,375679;0;1,810723;51,5;30,370001
01.07.2025 08:21:44;0,002901;0,266863;0,603342;1,244392;0;2,08849;51,527;23,4
01.07.2025 08:26:45;0;0,478873;0,66575;1,203021;0;2,359323;51,605999;22,969999
01.07.2025 08:31:45;0;0,785156;0,65625;1,204102;0;2,671875;51,685001;23,59
01.07.2025 08:36:48;0;0,939821;0,63815;1,209584;0;2,807859;51,780998;23,99
01.07.2025 08:41:48;0;1,042969;0,679688;1,201172;0;2,90625;51,868999;23,27
01.07.2025 08:46:50;0;1,105909;0,71011;1,207769;0;3,003415;51,963001;22,860001
01.07.2025 08:51:52;0;1,233961;0,71011;1,210679;0;3,166391;52,073002;23,57
01.07.2025 08:56:51;0;1,293374;0,74075;1,205189;0;3,221676;52,168999;23,85
01.07.2025 09:01:54;0;1,345916;0,76578;1,200882;0;3,341584;52,273998;22,65
01.07.2025 09:06:56;0;1,513349;0,698469;1,213589;0;3,399214;52,376999;23
01.07.2025 09:11:58;0;1,711248;0,593698;1,210679;0;3,515625;52,484001;22,940001
01.07.2025 09:17:00;0;1,792736;0,593698;1,22232;0;3,608754;52,617001;23,01
01.07.2025 09:22:00;0;1,875;0,597656;1,227539;0;3,703125;52,721001;23,110001
01.07.2025 09:27:02;0;1,8393;0,71011;1,231051;0;3,77173;52,846001;23,6
01.07.2025 09:32:04;0;1,909147;0,71011;1,231051;0;3,864859;52,942001;11,4
01.07.2025 09:37:06;0;3,015056;0,698469;0,194989;0;3,911424;52,705002;3,92
01.07.2025 09:42:08;0;3,073262;0,663545;0,20081;0;3,934706;52,714001;3,92
01.07.2025 09:47:09;0;3,036752;0,747508;0,201477;0;3,994498;52,73;3,9
01.07.2025 09:52:10;0;3,20027;0,60735;0,204397;0;4,017857;52,743999;3,7
01.07.2025 09:57:12;0;3,247879;0,593698;0,197899;0;4,027835;52,764;3,79
01.07.2025 10:02:14;0;3,25952;0,582057;0,20081;0;4,051118;52,784;3,63
01.07.2025 10:07:15;0;3,235309;0,61903;0,201477;0;4,064576;52,801998;3,63
01.07.2025 10:12:18;0;3,155941;0,719369;0,200147;0;4,037748;52,825001;4,05
01.07.2025 10:17:20;0;3,201314;0,686827;0,197899;0;4,097682;52,841999;4,05
01.07.2025 10:22:19;0;3,198161;0,681961;0,199885;0;4,091764;52,862999;3,7
01.07.2025 10:27:22;0;3,306776;0,626547;0,200147;0;4,130569;52,880001;3,68
01.07.2025 10:32:24;0;3,306084;0,605339;0,20372;0;4,120964;52,900002;3,51
01.07.2025 10:37:24;0;3,375;0,5625;0,202148;0;4,125;52,919998;3,66
01.07.2025 10:42:26;0;3,422496;0,500569;0,197899;0;4,144247;52,943001;4,13
01.07.2025 10:47:28;0;3,422496;0,558775;0,20081;0;4,167529;52,964001;3,8
01.07.2025 10:52:30;0;3,410855;0,570416;0,20081;0;4,167529;52,987;3,79
01.07.2025 10:57:32;0;3,329367;0,675186;0,197899;0,00291;4,214094;53,006001;3,76
01.07.2025 11:02:33;0;3,340428;0,64239;0,201477;0;4,181375;53,028999;3,66
01.07.2025 11:07:34;0;3,398827;0,60735;0,201477;0;4,228094;53,049999;3,66
01.07.2025 11:12:36;0;3,46906;0,640263;0,20081;0;4,28394;53,073002;3,77
01.07.2025 11:17:36;0;3,492188;0,644531;0,199219;0;4,335938;53,098;3,69
01.07.2025 11:22:38;0;3,538907;0,582057;0,20081;0;4,330505;53,119999;3,89
01.07.2025 11:27:40;0;3,632036;0,605339;0,20372;0;4,423634;53,140999;3,74
01.07.2025 11:32:42;0;3,655319;0,628622;0,197899;0;4,493481;53,166;3,84
01.07.2025 11:37:44;0;3,795012;0,605339;0,20081;0;4,58661;53,192001;3,94
01.07.2025 11:42:45;0;3,702502;0,700789;0,201477;0;4,625208;53,217999;3,69
01.07.2025 11:47:46;0;3,702502;0,712469;0,198557;0;4,625208;53,243;3,65
01.07.2025 11:52:48;0;3,760089;0,71011;0,20372;0;4,679739;53,269001;3,76
01.07.2025 11:57:48;0;3,832031;0,726563;0,199219;0;4,734375;53,292999;3,7
01.07.2025 12:02:50;0;3,690242;0,861445;0,183348;0,005821;4,726304;53,277;1,71
01.07.2025 12:07:53;0,130531;1,659189;3,271968;0,17114;0,203048;4,780322;53,279999;6,49
01.07.2025 12:12:55;0,069847;0,244464;5,028974;0,034923;0,462735;4,772868;52,936001;-17,01
01.07.2025 12:17:56;0,143078;0,093439;5,617992;0,046719;0,782548;4,835444;52,762001;-21,01
01.07.2025 12:22:58;0,125142;0,535493;4,342146;0,212451;0,090219;4,865998;53,146;21,620001
01.07.2025 12:28:00;0;2,421358;2,270023;0,267746;0,049475;4,88928;53,007;-10,35
01.07.2025 12:33:00;0;2,765625;1,933594;0,316406;0,082031;4,96875;53,139999;-4,37
01.07.2025 12:38:02;0;3,399214;1,420219;0,261926;0,066937;5,005691;53,268002;12,17
01.07.2025 12:43:05;0;4,17698;0,788985;0,205948;0;5,174814;53,245998;3,61
01.07.2025 12:48:06;0;4,251453;0,712469;0,201477;0;5,162479;53,290001;3,86
01.07.2025 12:53:08;0;4,214094;0,71011;0,197899;0;5,122103;53,327;3,5
01.07.2025 12:58:10;0;4,260658;0,640263;0,20372;0;5,075538;53,362999;3,63
01.07.2025 13:03:12;0;3,387572;0,582057;0,183348;0,055295;4,120964;53,355;3,54
01.07.2025 13:08:12;0;2,835938;0,667969;0,272461;0;3,773438;53,418999;3,45
01.07.2025 13:13:12;0;4,382813;0,679688;0,196289;0;5,25;53,446999;3,61
01.07.2025 13:18:14;0;4,307223;0,733392;0,20081;0;5,261796;53,478001;3,6
01.07.2025 13:23:16;0;4,295582;0,663545;0,197899;0;5,145385;53,508999;3,83
01.07.2025 13:28:16;0;4,300781;0,691406;0,205078;0;5,203125;53,536999;3,76
01.07.2025 13:33:19;0;4,385829;0,696163;0,197246;0,002901;5,290842;53,521;-2,98
01.07.2025 13:38:21;0;2,887003;0,81488;0,180438;0,049475;3,818295;53,566002;2,49
01.07.2025 13:43:22;0;4,508409;0,829267;0,084679;0;5,396076;53,550999;-0,19
01.07.2025 13:48:24;0;4,668098;0,628622;0;0,008731;5,308361;53,532001;-0,17
01.07.2025 13:53:25;0;3,130191;2,032288;0;0,01168;5,162479;53,523998;-0,17
01.07.2025 13:58:26;0;2,861555;2,347643;0;0,00876;5,209199;53,52;-0,19
01.07.2025 14:03:29;0;3,341584;1,83323;0;0,008702;5,151609;53,514;-0,18
01.07.2025 14:08:30;0;4,391611;0,689109;0;0,01168;5,069041;53,509998;-0,17
01.07.2025 14:13:33;0;4,339418;0,707766;0;0,008702;5,058787;53,504002;-0,17
01.07.2025 14:18:33;0;4,382813;0,703125;0;0,008789;5,0625;53,5;-0,17
01.07.2025 14:23:34;0;4,344892;0,700789;0;0,00876;5,022321;53,497002;-0,16
01.07.2025 14:28:36;0;4,190811;0,779957;0;0,005821;4,959127;53,492001;-0,15
01.07.2025 14:33:37;0;4,426651;0,513912;0;0,00876;4,952243;53,487;-0,15
01.07.2025 14:38:39;0;4,400352;0,523851;0;0,008731;4,935844;53,484001;-0,16
01.07.2025 14:43:41;0;4,330505;0,582057;0;0,008731;4,88928;53,479;-0,15
01.07.2025 14:48:43;0;4,17917;0,71011;0;0,008731;4,865998;53,474998;-0,15
01.07.2025 14:53:45;0;4,0744;0,768315;0;0,008731;4,842715;53,472;-0,15
01.07.2025 14:58:47;0;4,086041;0,698469;0;0,008731;4,749586;53,466999;-0,16
01.07.2025 15:03:48;0;4,017857;0,700789;0;0,00876;4,718646;53,463001;-0,16
01.07.2025 15:08:51;0;3,956528;0,707766;0;0,008702;4,6875;53,458;-0,16
01.07.2025 15:13:53;0;3,923065;0,675186;0;0,008731;4,58661;53,455002;-0,17
01.07.2025 15:18:54;0;3,971138;0,560631;0;0,00876;4,508409;53,451;-0,16
01.07.2025 15:23:57;0;3,852104;0,556931;0;0,008702;4,409035;53,445999;-0,17
01.07.2025 15:28:59;0;3,888142;0,593698;0;0,008731;4,446916;53,443001;-0,17
01.07.2025 15:33:59;0;3,679688;0,679688;0;0,008789;4,359375;53,438;-0,17
01.07.2025 15:39:01;0;3,585472;0,721751;0;0,008731;4,307223;53,433998;-0,17
01.07.2025 15:44:03;0;3,422496;0,698469;0;0,008731;4,120964;53,43;-0,16
01.07.2025 15:49:03;0;3,433594;0,691406;0;0,005859;4,125;53,424999;-0,17
01.07.2025 15:54:04;0;3,468906;0,700789;0;0,01168;4,134655;53,421001;-0,19
01.07.2025 15:59:05;0;3,422186;0,735828;0;0,00584;4,158015;53,417;-0,18
01.07.2025 16:04:04;0;3,433319;0,693719;0;0,008818;4,11528;53,412998;-0,17
01.07.2025 16:09:06;0;3,399214;0,628622;0;0,008731;4,051118;53,409;-0,15
01.07.2025 16:14:08;0;3,527266;0,523851;0;0,008731;4,027835;53,404999;-0,18
01.07.2025 16:19:10;0;3,550548;0,523851;0;0,008731;4,051118;53,400002;-0,16
01.07.2025 16:24:12;0;3,538907;0,535493;0;0,011641;4,051118;53,398998;-0,17
01.07.2025 16:29:13;0;3,387147;0,64239;0;0,00876;4,017857;53,393002;-0,16
01.07.2025 16:34:16;0;3,295173;0,684561;0;0,008702;3,991337;53,388;-0,15
01.07.2025 16:39:18;0;3,329367;0,640263;0;0,008731;3,957988;53,384998;-0,17
01.07.2025 16:44:20;0;3,317726;0,640263;0;0,008731;3,934706;53,381001;-0,16
01.07.2025 16:49:22;0;3,352649;0,570416;0;0,008731;3,934706;53,376999;-0,17
01.07.2025 16:54:24;0;3,306084;0,558775;0;0,008731;3,841577;53,373001;-0,17
01.07.2025 16:59:25;0;3,141871;0,689109;0;0,00876;3,83098;53,368;-0,15
01.07.2025 17:04:28;0;2,622215;1,183478;0;0,008702;3,805693;53,363998;-0,17
01.07.2025 17:09:30;0;3,015056;0,768315;0;0,008731;3,748448;53,360001;-0,17
01.07.2025 17:14:32;0;3,06162;0,651904;0;0,008731;3,701883;53,355999;-0,17
01.07.2025 17:19:34;0;2,491204;1,187397;0;0,011641;3,701883;53,352001;-0,16
01.07.2025 17:24:36;0;2,782233;0,838162;0;0,008731;3,608754;53,348;-0,17
01.07.2025 17:29:38;0;2,991774;0,582057;0;0,008731;3,56219;53,344002;-0,16
01.07.2025 17:34:40;0;2,735668;0,721751;0;0,008731;3,46906;53,339001;-0,17
01.07.2025 17:39:42;0;2,537769;0,81488;0;0,008731;3,282802;53,334999;-0,17
01.07.2025 17:44:44;0;2,025559;1,245602;0;0,008731;3,282802;53,331001;-0,18
01.07.2025 17:49:46;0;2,607616;0,616981;0;0,008731;3,236238;53,327999;-0,18
01.07.2025 17:54:48;0;2,619257;0,593698;0;0,008731;3,189673;53,324001;-0,17
01.07.2025 17:59:48;0;2,015625;1,125;0;0,011719;3,117188;53,32;-0,18
01.07.2025 18:04:50;0;2,502846;0,500569;0;0,008731;3,026697;53,316002;-0,17
01.07.2025 18:09:52;0;2,374793;0,582057;0;0,008731;2,910286;53,311001;-0,19
01.07.2025 18:14:54;0,020372;1,850942;1,11755;0;0,107681;2,840439;53,276001;-0,18
01.07.2025 18:19:56;0,00291;2,165252;0,651904;0;0,008731;2,840439;53,279999;-0,19
01.07.2025 18:24:58;0;1,792736;0,908009;0;0,008731;2,677463;53,278;-0,17
01.07.2025 18:30:00;0;1,955712;0,663545;0;0,011641;2,584334;53,272999;-0,17
01.07.2025 18:35:02;0;1,909147;0,593698;0;0,008731;2,514487;53,268002;-0,17
01.07.2025 18:40:04;0;1,990635;0,454005;0;0,011641;2,44464;53,265999;-0,19
01.07.2025 18:45:06;0;1,804377;0,442363;0;0,008731;2,235099;53,263;-0,19
01.07.2025 18:50:08;0;1,583195;0,442363;0;0,008731;2,002276;53,258999;-0,19
01.07.2025 18:55:11;0;1,438738;0,522123;0;0,011603;1,949257;53,254002;-0,2
01.07.2025 19:00:00;0;1,678741;0,194637;0;0,009124;1,873378;53,25;-0,19
01.07.2025 19:05:00;0;1,734375;0,023438;0;0,011719;0,820313;53,248001;-0,19
01.07.2025 19:10:00;0;1,511719;0,035156;0;0,008789;1,476563;53,243;-0,19
01.07.2025 19:15:00;0;1,265625;0,023438;0;0,011719;0,703125;53,238998;-0,19
01.07.2025 19:20:29;0,0187;0,438117;0,81212;0;0,138915;1,047207;53,053001;-15,26
01.07.2025 19:25:28;0,044092;0,011758;1,046457;0;0,426225;0,587897;53,014999;-8,68
01.07.2025 19:30:28;0,008789;0,011719;0,9375;0;0,571289;0,375;52,847;-15,09
01.07.2025 19:35:28;0,00293;0,023438;0,984375;0;0,729492;0,28125;52,752998;-13,48
01.07.2025 19:40:28;0,00293;0,011719;0,949219;0;0,726563;0,234375;52,648998;-14,53
01.07.2025 19:45:28;0;0,035156;0,773438;0;0,56543;0,234375;52,645;-9,25
01.07.2025 19:50:28;0;0,011719;0,679688;0;0,46582;0,210938;52,598999;-8,96
01.07.2025 19:55:28;0,029297;0,011719;0,878906;0;0,667969;0,210938;52,390999;-23,790001
01.07.2025 20:00:28;0,017578;0;1,453125;0;1,250977;0,1875;52,264;-23,07
01.07.2025 20:05:29;0,00292;0,02336;1,378218;0;1,203021;0,186877;52,152;-23,450001
01.07.2025 20:10:28;0,017637;0,070548;0,776024;0;0,661384;0,164611;52,284;-4,25
01.07.2025 20:15:28;0;0,011719;0,269531;0;0,134766;0,164063;52,299999;-2,24
01.07.2025 20:20:29;0,043799;0,046719;0,583991;0;0,449673;0,140158;52,250999;-1,99
01.07.2025 20:25:28;0,008818;0,011758;0,235159;0;0,132277;0,070548;52,223999;-4,78
01.07.2025 20:30:28;0;0,011719;0,328125;0;0,240234;0,117188;52,202999;-4,4
01.07.2025 20:35:28;0;0,023438;0,328125;0;0,219727;0,117188;52,183998;-4,34
01.07.2025 20:40:28;0,108398;0,035156;0,5625;0;0,37793;0,140625;51,977001;-24,450001
01.07.2025 20:45:29;0,186877;0;2,394363;0;2,061488;0,140158;51,592999;-44,290001
01.07.2025 20:50:29;0,00293;0,023438;2,414063;0;2,323242;0,09375;51,360001;-45,970001
01.07.2025 20:55:28;0;0,011758;2,39862;0;2,34571;0,070548;51,174999;-43,540001
01.07.2025 21:00:29;0,032119;0,081759;1,238061;0;1,226381;0,070079;51,370998;-25
01.07.2025 21:05:29;0,032227;0,082031;1,453125;0;1,456055;0,046875;51,353001;-3,93
01.07.2025 21:10:31;0,064026;0,011641;2,0372;0;1,944071;0,046565;50,786999;-45,959999
01.07.2025 21:15:30;0,008818;0,094064;0,423286;0;0,473257;0,023516;51,169998;-7,88
01.07.2025 21:20:31;0;0,01168;0,420473;0;0,408794;0,02336;51,151001;-8,33
01.07.2025 21:25:31;0;0,011719;0,421875;0;0,436523;0;51,125;-8,09
01.07.2025 21:30:30;0,005879;0,011758;0,482076;0;0,490894;0;51,071999;-10,25
01.07.2025 21:35:30;0,00293;0,023438;0,539063;0;0,56543;0;51,009998;-12,44
01.07.2025 21:40:31;0;0,01168;0,63071;0;0,63655;0;50,969002;-12,12
01.07.2025 21:45:32;0;0,01168;0,595671;0;0,61319;0;50,933998;-11,99
01.07.2025 21:50:34;0;0,023282;0,488928;0;0,5093;0;50,941002;-8,07
01.07.2025 21:55:35;0;0,01168;0,420473;0;0,437993;0;50,903999;-9,83
01.07.2025 22:00:35;0,00293;0,023438;0,421875;0;0,439453;0;50,893002;-8,19
01.07.2025 22:05:34;0,008818;0,011758;0,411528;0;0,411528;0;50,853001;-10,31
01.07.2025 22:10:35;0;0,02336;0,490552;0;0,508072;0;50,818001;-9,76
01.07.2025 22:15:37;0;0,011641;0,51221;0;0,535493;0;50,782001;-10,03
01.07.2025 22:20:37;0;0,023438;0,445313;0;0,457031;0;50,773998;-8,36
01.07.2025 22:25:37;0;0,011719;0,433594;0;0,454102;0;50,737;-9,93
01.07.2025 22:30:36;0;0,011758;0,493834;0;0,508531;0;50,702;-9,89
01.07.2025 22:35:37;0;0,02336;0,420473;0;0,437993;0;50,720001;-6,32
01.07.2025 22:40:37;0,005859;0,011719;0,363281;0;0,366211;0;50,667;-10,38
01.07.2025 22:45:36;0;0,023516;0,423286;0;0,446802;0;50,661999;-7,67
01.07.2025 22:50:36;0;0,011719;0,363281;0;0,375;0;50,658001;-6,02
01.07.2025 22:55:36;0,008789;0,023438;0,398438;0;0,418945;0;50,616001;-7,81
01.07.2025 23:00:37;0;0,01168;0,350395;0;0,367914;0;50,602001;-7,41
01.07.2025 23:05:37;0;0,023438;0,292969;0;0,310547;0;50,606998;-6,03
01.07.2025 23:10:37;0;0,011719;0,292969;0;0,301758;0;50,594002;-5,9
01.07.2025 23:15:36;0;0,011758;0,329222;0;0,338041;0;50,562;-7,12
01.07.2025 23:20:36;0;0,023438;0,269531;0;0,301758;0;50,570999;-4,91
01.07.2025 23:25:37;0;0,01168;0,221917;0;0,236516;0;50,564999;-4,68
01.07.2025 23:30:37;0,005859;0,023438;0,316406;0;0,319336;0;50,534;-5,56
01.07.2025 23:35:38;0,00584;0,01168;0,280316;0;0,289075;0;50,499001;-8,02
01.07.2025 23:40:39;0;0,02336;0,373754;0;0,391274;0;50,473999;-7,35
01.07.2025 23:45:39;0;0,011719;0,351563;0;0,366211;0;50,453999;-7,33
01.07.2025 23:50:41;0,00291;0,011641;0,360875;0;0,381247;0;50,418999;-8,61
01.07.2025 23:55:41;0;0,011719;0,398438;0;0,413086;0;50,403;-7,66
02.07.2025 00:00:41;0;0,023438;0,363281;0;0,383789;0;50,384998;-7,51
02.07.2025 00:05:41;0;0,011719;0,351563;0;0,360352;0;50,379002;-6,23
02.07.2025 00:10:43;0;0,023282;0,209541;0;0,232823;0;50,400002;-3,95
02.07.2025 00:15:43;0;0,011719;0,1875;0;0,202148;0;50,395;-4,06
02.07.2025 00:20:45;0;0,023282;0,162976;0;0,180438;0;50,396999;-3,49
02.07.2025 00:25:45;0,005859;0,011719;0,234375;0;0,249023;0;50,345001;-7,24
02.07.2025 00:30:47;0;0,011641;0,337593;0;0,352145;0;50,319;-6,92
02.07.2025 00:35:47;0;0,023438;0,339844;0;0,342773;0;50,296001;-6,83
02.07.2025 00:40:47;0;0,011719;0,304688;0;0,325195;0;50,287998;-5,88
02.07.2025 00:45:47;0;0,011719;0,269531;0;0,28418;0;50,278999;-5,54
02.07.2025 00:50:47;0;0,023438;0,257813;0;0,28125;0;50,271;-4,59
02.07.2025 00:55:47;0;0,011719;0,164063;0;0,172852;0;50,290001;-3,25
02.07.2025 01:00:47;0;0,023438;0,140625;0;0,161133;0;50,287998;-3,15
02.07.2025 01:05:47;0,00293;0,011719;0,1875;0;0,196289;0;50,264999;-4,79
02.07.2025 01:10:49;0,008731;0,011641;0,279387;0;0,291029;0;50,216999;-7,13
02.07.2025 01:15:49;0;0,023438;0,339844;0;0,351563;0;50,191002;-6,83
02.07.2025 01:20:50;0;0,01168;0,280316;0;0,303675;0;50,188;-5,46
02.07.2025 01:25:49;0,005879;0,011758;0,305707;0;0,314525;0;50,147999;-7,53
02.07.2025 01:30:49;0;0,023438;0,351563;0;0,366211;0;50,125999;-7,29
02.07.2025 01:35:49;0;0,011719;0,339844;0;0,360352;0;50,105999;-7,18
02.07.2025 01:40:50;0,00292;0,02336;0,397114;0;0,402954;0;50,085999;-6,17
02.07.2025 01:45:49;0;0,011758;0,293949;0;0,308646;0;50,077999;-6,03
02.07.2025 01:50:50;0;0,01168;0,280316;0;0,303675;0;50,066002;-5,97
02.07.2025 01:55:49;0;0,023516;0,188127;0;0,205764;0;50,085999;-3,48
02.07.2025 02:00:49;0,005859;0,011719;0,234375;0;0,249023;0;50,051998;-5,86
02.07.2025 02:05:49;0;0,023438;0,28125;0;0,292969;0;50,032001;-5,77
02.07.2025 02:10:49;0;0,011719;0,28125;0;0,290039;0;50,015999;-5,72
02.07.2025 02:15:49;0;0,011719;0,269531;0;0,28418;0;49,998001;-5,6
02.07.2025 02:20:50;0,00292;0,02336;0,280316;0;0,300755;0;49,966999;-6,87
02.07.2025 02:25:49;0;0,011758;0,293949;0;0,314525;0;49,969002;-4,55
02.07.2025 02:30:49;0;0,023438;0,222656;0;0,228516;0;49,963001;-4,45
02.07.2025 02:35:51;0;0,011641;0,174617;0;0,197899;0;49,967999;-3,28
02.07.2025 02:40:51;0;0,011719;0,140625;0;0,161133;0;49,965;-3,19
02.07.2025 02:45:51;0,005859;0,023438;0,257813;0;0,266602;0;49,919998;-5,6
02.07.2025 02:50:52;0,00292;0,01168;0,291995;0;0,297835;0;49,883999;-6,77
02.07.2025 02:55:51;0;0,011758;0,317464;0;0,34098;0;49,855999;-7,2
02.07.2025 03:00:51;0;0,023438;0,316406;0;0,325195;0;49,834999;-6,4
02.07.2025 03:05:52;0;0,01168;0,291995;0;0,312435;0;49,827;-5,37
02.07.2025 03:10:51;0;0,023516;0,164611;0;0,176369;0;49,844002;-3,5
02.07.2025 03:15:51;0;0,011719;0,152344;0;0,175781;0;49,837002;-3,56
02.07.2025 03:20:51;0;0,011719;0,164063;0;0,172852;0;49,827999;-3,5
02.07.2025 03:25:52;0,01168;0,02336;0,303675;0;0,309515;0;49,757;-7,96
02.07.2025 03:30:51;0;0,011758;0,388012;0;0,40271;0;49,723;-7,8
02.07.2025 03:35:53;0,00291;0,023282;0,349234;0;0,375427;0;49,695999;-7,35
02.07.2025 03:40:53;0;0,011719;0,410156;0;0,421875;0;49,653;-8,77
02.07.2025 03:45:53;0;0,011719;0,410156;0;0,427734;0;49,618999;-8,61
02.07.2025 03:50:53;0;0,023438;0,386719;0;0,392578;0;49,616001;-5,93
02.07.2025 03:55:56;0;0,023205;0,243657;0;0,266863;0;49,626999;-3,52
02.07.2025 04:00:56;0;0,011719;0,164063;0;0,172852;0;49,625999;-3,5
02.07.2025 04:05:52;0,002969;0,011877;0,190034;0;0,213788;0;49,601002;-4,65
02.07.2025 04:10:52;0;0,011719;0,210938;0;0,228516;0;49,585999;-4,56
02.07.2025 04:15:53;0,00584;0,02336;0,327035;0;0,335795;0;49,535;-6,83
02.07.2025 04:20:52;0;0,011758;0,305707;0;0,317464;0;49,521;-5,83
02.07.2025 04:25:54;0;0,011641;0,267746;0;0,288118;0;49,501999;-5,63
02.07.2025 04:30:55;0;0,02336;0,268636;0;0,283236;0;49,483002;-5,67
02.07.2025 04:35:55;0;0,011719;0,269531;0;0,28125;0;49,464001;-5,47
02.07.2025 04:40:55;0;0,023438;0,152344;0;0,172852;0;49,474998;-3,44
02.07.2025 04:45:54;0;0,011758;0,152853;0;0,167551;0;49,466;-3,25
02.07.2025 04:50:55;0;0,01168;0,140158;0;0,160597;0;49,457001;-3,18
02.07.2025 04:55:55;0,008789;0,023438;0,234375;0;0,237305;0;49,398998;-7,06
02.07.2025 05:00:55;0;0,011719;0,328125;0;0,348633;0;49,368999;-7,08
02.07.2025 05:05:55;0;0,011719;0,328125;0;0,342773;0;49,34;-7,02
02.07.2025 05:10:55;0;0,023438;0,304688;0;0,316406;0;49,330002;-5,57
02.07.2025 05:15:54;0;0,011758;0,258675;0;0,273372;0;49,312;-5,45
02.07.2025 05:20:55;0,00584;0,02336;0,268636;0;0,277396;0;49,282001;-6,69
02.07.2025 05:25:55;0;0,011719;0,316406;0;0,325195;0;49,254002;-6,39
02.07.2025 05:30:54;0;0,011758;0,305707;0;0,299828;0,023516;49,236;-6,37
02.07.2025 05:35:55;0,052559;0,01168;1,389898;0;1,311059;0,02336;48,778;-41,540001
02.07.2025 05:40:54;0,185188;0,035274;2,222251;0;2,019427;0,094064;48,485001;-52,939999
02.07.2025 05:45:55;1,91841;0;4,531769;0;2,487801;0,093439;48,271999;-51,029999
02.07.2025 05:50:55;2,25293;0;4,875;0;2,496094;0,117188;48,006001;-51,84
02.07.2025 05:55:54;1,131702;0,082306;3,080581;0;1,860695;0,164611;48,318001;-2,69
02.07.2025 06:00:55;0,01752;0,01168;0,245276;0;0,052559;0,210237;48,460999;-0,23
02.07.2025 06:05:57;0,00291;0,093129;0,139694;0;0,011641;0,209541;48,493999;-0,2
02.07.2025 06:10:57;0;0,105469;0,140625;0;0,011719;0,257813;48,506001;-0,21
02.07.2025 06:15:57;0,00293;0,117188;0,152344;0,029297;0,008789;0,257813;48,519001;-0,2
02.07.2025 06:20:57;0,008789;0,058594;0,257813;0;0,008789;0,328125;48,518002;-0,18
02.07.2025 06:25:57;0;0,023438;0,328125;0;0,008789;0,328125;48,519001;-0,19
02.07.2025 06:30:58;0;0,058399;0,303675;0;0,00876;0,350395;48,52;-0,2
02.07.2025 06:35:57;0;0,094064;0,293949;0;0,011758;0,376254;48,518002;-0,2
02.07.2025 06:40:57;0;0,09375;0,28125;0,041016;0,00293;0,398438;48,555;2,85
02.07.2025 06:45:57;0;0,046875;0,199219;0,196289;0;0,445313;48,616001;5,36
02.07.2025 06:50:58;0;0,035039;0,151838;0,265716;0;0,443833;48,667;5,83
02.07.2025 06:55:57;0;0,047032;0,141095;0,299828;0;0,493834;48,717999;6,44
02.07.2025 07:00:59;0,005821;0,034923;0,232823;0,241554;0,00291;0,535493;48,695;-0,2
02.07.2025 07:06:02;0;0,058014;0,348082;0,162438;0,002901;0,533725;48,749001;4,32
02.07.2025 07:11:03;0,075919;0,046719;1,880451;0,0146;1,29938;0,560631;48,085999;-33,529999
02.07.2025 07:16:03;0,257813;0,117188;1,265625;0,099609;0,618164;0,632813;48,328999;-5,84
02.07.2025 07:21:03;0,026367;0,035156;1,335938;0,046875;0,741211;0,632813;48,323002;4,05
02.07.2025 07:26:04;0;0,046719;0,467193;0,221917;0;0,747508;48,429001;5,33
02.07.2025 07:31:04;0;0,046875;0,375;0,389648;0;0,796875;48,554001;9,79
02.07.2025 07:36:03;0;0,035274;0,352738;0,499713;0;0,893604;48,652;10,85
02.07.2025 07:41:03;0;0,046875;0,328125;0,574219;0;0,960938;48,761002;12,66
02.07.2025 07:46:04;0,00292;0,070079;0,338715;0,671589;0;1,051184;48,886002;15,34
02.07.2025 07:51:03;0;0,047032;0,352738;0,811298;0;1,19931;49,032001;18,68
02.07.2025 07:56:03;0;0,046875;0,328125;0,966797;0;1,359375;49,16;20,27
02.07.2025 08:01:04;0;0,035039;0,327035;1,039504;0;1,401578;49,278;21,84
02.07.2025 08:06:03;0,002939;0,047032;0,329222;1,049396;0;1,434469;49,387001;22,42
02.07.2025 08:11:04;0;0,046719;0,315355;1,205941;0;1,565096;49,563;27,459999
02.07.2025 08:16:03;0;0,047032;0,258675;1,443288;0;1,763691;49,751999;31,129999
02.07.2025 08:21:04;0;0,046719;0,420473;1,579695;0;2,032288;49,893002;32,52
02.07.2025 08:26:04;0,00293;0,046875;0,597656;1,696289;0;2,34375;50,043999;35
02.07.2025 08:31:04;0,014648;0,058594;0,832031;1,78418;0;2,625;50,146;36,18
02.07.2025 08:36:03;0;0,035274;0,905362;1,848937;0;2,821906;50,285;39,02
02.07.2025 08:41:04;0;0,046719;0,864306;1,991409;0;2,896595;50,405998;40,77
02.07.2025 08:46:03;0;0,047032;0,91712;2,101732;0;3,057065;50,539001;42,810001
02.07.2025 08:51:04;0;0,046719;0,875986;2,195806;0;3,130191;50,679001;44,650002
02.07.2025 08:56:03;0;1,540291;0,681961;1,011183;0,005879;3,221676;50,271999;-0,25
02.07.2025 09:01:06;0;1,427135;0,672958;1,238591;0,005801;3,318379;50,783001;44,98
02.07.2025 09:06:06;0;0,292969;0,832031;2,314453;0;3,46875;50,924;45,540001
02.07.2025 09:11:05;0;0,446802;0,834814;2,260465;0;3,503867;51,007999;42,400002
02.07.2025 09:16:06;0,00292;0,315355;1,004464;2,286324;0;3,620743;51,164001;43,73
02.07.2025 09:21:05;0;0,388012;1,046457;2,295738;0;3,71551;51,314999;44,509998
02.07.2025 09:26:06;0,00292;0,502232;1,039504;2,245445;0;3,784261;51,404999;42,889999
02.07.2025 09:31:06;0;0,960938;0,984375;1,930664;0;3,890625;51,396999;25,98
02.07.2025 09:36:05;0;1,457985;0,91712;1,581443;0;3,974185;51,470001;30,07
02.07.2025 09:41:05;0;1,804688;0,855469;1,344727;0;3,984375;51,48;22,83
02.07.2025 09:46:05;0;2,144531;0,691406;1,177734;0;4,03125;51,542;23,309999
02.07.2025 09:51:06;0;2,277564;0,61903;1,176742;0;4,087936;51,606998;22,09
02.07.2025 09:56:08;0;2,33987;0,605339;1,184486;0;4,097682;51,688999;22,629999
02.07.2025 10:01:08;0;2,332031;0,597656;1,195313;0;4,148438;51,764999;23,219999
02.07.2025 10:06:08;0;2,25;0,691406;1,204102;0;4,125;51,838001;22,719999
02.07.2025 10:11:09;0;2,242525;0,712469;1,208861;0;4,181375;51,93;22,719999
02.07.2025 10:16:10;0;2,230845;0,700789;1,200101;0;4,134655;52,023998;22,92
02.07.2025 10:21:12;0;2,235099;0,721751;1,201948;0;4,144247;52,108002;23,719999
02.07.2025 10:26:12;0;2,273438;0,703125;1,204102;0;4,171875;52,202;22,629999
02.07.2025 10:31:14;0;2,281664;0,686827;1,207769;0;4,214094;52,298;23,07
02.07.2025 10:36:15;0;2,335963;0,677429;1,211781;0;4,204734;52,396999;23,1
02.07.2025 10:41:15;0;2,367188;0,691406;1,21582;0;4,265625;52,499001;23,629999
02.07.2025 10:46:16;0;2,347643;0,700789;1,220541;0;4,251453;52,605999;23,719999
02.07.2025 10:51:16;0;2,296875;0,773438;1,230469;0;4,335938;52,723;24,15
02.07.2025 10:56:16;0;2,34375;0,738281;1,227539;0;4,289063;52,827;22,77
02.07.2025 11:01:18;0;2,363152;0,71011;1,231051;0;4,307223;52,951;23,32
02.07.2025 11:06:18;0;2,367188;0,703125;1,230469;0;4,3125;53,057999;23,18
02.07.2025 11:11:18;0;2,484375;0,726563;1,207031;0;4,40625;53,022999;3,12
02.07.2025 11:16:17;0;3,644962;0,599655;0,199885;0;4,468018;52,896999;3,72
02.07.2025 11:21:18;0;3,667463;0,595671;0,201477;0;4,438331;52,894001;3,96
02.07.2025 11:26:20;0;3,725166;0,593698;0,20081;0;4,516763;52,907001;3,87
02.07.2025 11:31:20;0;3,667969;0,703125;0,199219;0;4,570313;52,918999;3,59
02.07.2025 11:36:20;0;3,632813;0,832031;0,199219;0;4,664063;52,941002;3,9
02.07.2025 11:41:20;0;3,714844;0,808594;0,199219;0;4,734375;52,959;3,69
02.07.2025 11:46:20;0;3,75;0,808594;0,205078;0;4,757813;52,98;3,66
02.07.2025 11:51:20;0;3,785156;0,796875;0,196289;0;4,78125;53;3,76
02.07.2025 11:56:20;0;3,644531;0,960938;0,196289;0,00293;4,804688;53,019001;3,86
02.07.2025 12:01:20;0;3,667969;0,984375;0,208008;0;4,851563;53,041;3,31
02.07.2025 12:06:20;0;3,949219;0,714844;0,202148;0;4,875;53,063;3,78
02.07.2025 12:11:22;0;4,062759;0,651904;0,20372;0;4,912562;53,088001;3,68
02.07.2025 12:16:22;0;4,171875;0,574219;0,199219;0;4,945313;53,109001;4,08
02.07.2025 12:21:23;0;4,122975;0,677429;0,198557;0;4,998962;53,125999;3,66
02.07.2025 12:26:25;0;4,144247;0,698469;0,20372;0;5,052256;53,151001;3,78
02.07.2025 12:31:24;0;4,185828;0,693719;0,199885;0;5,102947;53,172001;3,82
02.07.2025 12:36:26;0;3,736807;1,22232;0,197899;0,029103;5,122103;53,073002;-18,52
02.07.2025 12:41:26;0,064453;0,75;4,535156;0,225586;0,304688;5,132813;53,192001;14,11
02.07.2025 12:46:29;0,014503;3,028311;1,891244;0,336479;0,078318;5,151609;53,212002;4,41
02.07.2025 12:51:30;0;3,760901;1,28478;0,280316;0,108038;5,209199;53,212002;0,7
02.07.2025 12:56:32;0;4,039476;0,91965;0,261926;0,037834;5,19195;53,258999;3,85
02.07.2025 13:01:32;0;4,335938;0,667969;0,202148;0;5,203125;53,280998;3,58
02.07.2025 13:06:34;0;4,237376;0,779957;0,197899;0;5,215232;53,307999;3,99
02.07.2025 13:11:36;0;4,202452;0,826521;0,20081;0;5,238514;53,332001;3,56
02.07.2025 13:16:38;0;4,249017;0,779957;0,197899;0;5,215232;53,360001;3,93
02.07.2025 13:21:38;0;4,277344;0,785156;0,205078;0;5,273438;53,387001;3,9
02.07.2025 13:26:40;0;4,342146;0,71011;0,20081;0;5,261796;53,416;3,95
02.07.2025 13:31:42;0;4,330505;0,721751;0,197899;0;5,238514;53,439999;3,64
02.07.2025 13:36:45;0;4,362624;0,707766;0,200147;0;5,267636;53,471001;3,79
02.07.2025 13:41:47;0;4,411993;0,605339;0,20081;0;5,238514;53,493999;3,57
02.07.2025 13:46:47;0;4,136719;0,902344;0,216797;0,017578;5,226563;53,525002;3,83
02.07.2025 13:51:48;0;4,46169;0,583991;0,201477;0;5,232558;53,554001;4,03
02.07.2025 13:56:48;0;4,417969;0,585938;0,19043;0;5,203125;53,548;-0,22
02.07.2025 14:01:51;0;4,525062;0,661355;0;0,008702;5,174814;53,518002;-0,17
02.07.2025 14:06:52;0;4,47337;0,677429;0;0,01168;5,162479;53,508999;-0,19
02.07.2025 14:11:54;0;4,446916;0,675186;0;0,008731;5,075538;53,502998;-0,17
02.07.2025 14:16:56;0;4,388711;0,663545;0;0,008731;5,075538;53,495998;-0,17
02.07.2025 14:21:59;0;4,397432;0,63815;0;0,008702;5,012376;53,492001;-0,18
02.07.2025 14:26:59;0;4,5;0,539063;0;0,008789;5,039063;53,487;-0,17
02.07.2025 14:32:01;0;4,516763;0,51221;0;0,011641;5,028974;53,481998;-0,16
02.07.2025 14:37:03;0;4,435275;0,535493;0;0,008731;4,935844;53,478001;-0,17
02.07.2025 14:42:04;0;4,391611;0,548951;0;0,00876;4,928883;53,472;-0,19
02.07.2025 14:47:06;0;4,28394;0,663545;0;0,008731;4,935844;53,467999;-0,18
02.07.2025 14:52:08;0;4,318864;0,675186;0;0,011641;4,982409;53,464001;-0,17
02.07.2025 14:57:10;0;4,272299;0,756674;0;0,008731;5,005691;53,459;-0,17
02.07.2025 15:02:12;0;4,260658;0,733392;0;0,008731;5,005691;53,453999;-0,17
02.07.2025 15:07:15;0;3,863707;0,777382;0;0,008702;4,641089;53,451;-0,18
02.07.2025 15:12:16;0;3,947778;0,852627;0;0,00876;4,765365;53,445999;-0,18
02.07.2025 15:17:18;0;2,083764;0,803239;0;0,011641;2,887003;53,441002;-0,17
02.07.2025 15:22:20;0;3,56219;0,733392;0;0,008731;4,330505;53,437;-0,17
02.07.2025 15:27:23;0;3,039913;0,823793;0;0,008702;3,828899;53,431999;-0,16
02.07.2025 15:32:25;0;2,65418;1,012779;0;0,008731;3,655319;53,428001;-0,17
02.07.2025 15:37:26;0;3,609064;1,027824;0;0,01168;4,625208;53,423;-0,17
02.07.2025 15:42:27;0;3,702502;0,864306;0;0,00584;4,555129;53,418999;-0,17
02.07.2025 15:47:28;0;2,160766;0,911026;0;0,01168;3,083472;53,416;-0,19
02.07.2025 15:52:31;0;2,424969;1,19508;0;0,008702;3,596844;53,410999;-0,17
02.07.2025 15:57:32;0;3,667463;0,922706;0;0,00876;4,578488;53,407001;-0,17
02.07.2025 16:02:31;0;3,833089;1,034699;0;0,008818;4,867788;53,402;-0,17
02.07.2025 16:07:34;0;3,446009;1,090656;0;0,008702;4,525062;53,398998;-0,16
02.07.2025 16:12:35;0;3,398827;0,957745;0;0,01168;4,344892;53,394001;-0,18
02.07.2025 16:17:38;0;3,295173;0,951423;0;0,008702;4,246597;53,389999;-0,17
02.07.2025 16:22:40;0;3,550548;0,71011;0;0,008731;4,237376;53,384998;-0,16
02.07.2025 16:27:41;0;3,527305;0,677429;0;0,00876;4,204734;53,382;-0,15
02.07.2025 16:32:42;0;3,20027;0,969425;0;0,00876;4,158015;53,375999;-0,19
02.07.2025 16:37:44;0;3,46906;0,640263;0;0,008731;4,097682;53,373001;-0,18
02.07.2025 16:42:46;0;3,480702;0,523851;0;0,008731;3,981271;53,368;-0,16
02.07.2025 16:47:48;0;3,480702;0,500569;0;0,008731;3,981271;53,362999;-0,15
02.07.2025 16:52:50;0;3,387572;0,547134;0;0,008731;3,911424;53,360001;-0,18
02.07.2025 16:57:51;0;3,328748;0,548951;0;0,00876;3,877699;53,355;-0,15
02.07.2025 17:02:54;0;3,271968;0,522123;0;0,008702;3,782488;53,351002;-0,18
02.07.2025 17:07:56;0;3,178032;0,663545;0;0,008731;3,841577;53,347;-0,19
02.07.2025 17:12:58;0;2,921927;0,942933;0;0,011641;3,864859;53,342999;-0,19
02.07.2025 17:18:00;0;3,178032;0,768315;0;0,008731;3,934706;53,339001;-0,17
02.07.2025 17:23:02;0;3,317726;0,640263;0;0,008731;3,957988;53,334;-0,17
02.07.2025 17:28:01;0;2,692569;0,540865;0;0,008818;3,198161;53,330002;-0,17
02.07.2025 17:33:04;0;1,612778;0,556931;0;0,008702;2,158106;53,325001;-0,17
02.07.2025 17:38:06;0;3,445778;0,547134;0;0,008731;4,004553;53,320999;-0,17
02.07.2025 17:43:09;0;3,4112;0,51052;0;0,011603;3,898515;53,318001;-0,17
02.07.2025 17:48:10;0;3,17691;0,443833;0;0,00876;3,620743;53,313;-0,17
02.07.2025 17:53:12;0;2,933568;0,395799;0;0,008731;3,329367;53,308998;-0,18
02.07.2025 17:58:14;0;2,74731;0,465646;0;0,008731;3,189673;53,305;-0,18
02.07.2025 18:03:16;0;2,619257;0,51221;0;0,008731;3,119826;53,300999;-0,17
02.07.2025 18:08:18;0;2,025559;0,966215;0;0,011641;2,980132;53,296001;-0,18
02.07.2025 18:13:20;0,011641;0,745033;2,24674;0;0,072757;2,910286;53,223999;-5,06
02.07.2025 18:18:22;0,017462;0;3,690242;0;0,875996;2,793874;52,860001;-20,889999
02.07.2025 18:23:22;0,00293;0,046875;3,703125;0;0,993164;2,765625;52,838001;-5,98
02.07.2025 18:28:24;0;0,826521;0,779957;1,143742;0,014551;2,74731;53,452999;23,379999
02.07.2025 18:33:26;0;1,187397;0,535493;1,056434;0;2,770592;53,580002;14,23
02.07.2025 18:38:28;0;1,769454;0,523851;0,477287;0;2,770592;53,562;5,93
02.07.2025 18:43:28;0;2,050781;0,609375;0,237305;0;2,882813;53,563999;3,31
02.07.2025 18:48:30;0;2,072123;0,71011;0,130963;0;2,910286;53,563999;1,89
02.07.2025 18:53:32;0;2,013918;0,756674;0,052385;0,00291;2,817156;53,539001;-0,19
02.07.2025 18:58:32;0;1,792969;0,738281;0;0,011719;2,554688;53,526001;-0,17
02.07.2025 19:03:35;0,011603;0,823793;1,461943;0;0,037709;2,204517;53,507999;-0,17
02.07.2025 19:08:36;0;0,957745;1,214701;0;0,01168;2,172446;53,508999;-0,19
02.07.2025 19:13:38;0;1,362014;0,884727;0;0,011641;2,258382;53,504002;-0,18
02.07.2025 19:18:40;0,011641;1,408578;0,488928;0;0,008731;1,8393;53,498001;-0,15
02.07.2025 19:23:42;0,011641;0,977856;0,30267;0;0,011641;1,280526;53,493;-0,15
02.07.2025 19:28:44;0;1,338731;0,244464;0;0,008731;1,559913;53,490002;-0,15
02.07.2025 19:33:46;0;1,245602;0,256105;0;0,008731;1,490066;53,484001;-0,15
02.07.2025 19:38:48;0;1,047703;0,360875;0;0,008731;1,396937;53,480999;-0,15
02.07.2025 19:43:49;0;1,004464;0,303675;0;0,00876;1,30814;53,477001;-0,17
02.07.2025 19:48:50;0;0,934385;0,303675;0;0,00876;1,238061;53,472;-0,17
02.07.2025 19:53:52;0;0,838162;0,314311;0;0,008731;1,140832;53,467999;-0,16
02.07.2025 19:58:55;0;0,707766;0,348082;0;0,008702;1,044245;53,464001;-0,17
02.07.2025 20:03:56;0;0,66575;0,327035;0;0,00876;0,957745;53,459999;-0,16
02.07.2025 20:08:58;0;0,698469;0,209541;0;0,008731;0,931291;53,455002;-0,15
02.07.2025 20:14:00;0;0,721751;0,186258;0;0,008731;0,884727;53,451;-0,17
02.07.2025 20:19:02;0;0,686827;0,162976;0;0,008731;0,838162;53,445999;-0,15
02.07.2025 20:24:05;0,002901;0,464109;0,348082;0;0,011603;0,812191;53,442001;-0,17
02.07.2025 20:29:06;0;0,373754;0,373754;0;0,00584;0,747508;53,438;-0,15
02.07.2025 20:34:08;0;0,314311;0,360875;0;0,008731;0,628622;53,432999;-0,15
02.07.2025 20:39:08;0;0,140625;0,421875;0;0,008789;0,585938;53,43;-0,15
02.07.2025 20:44:11;0,014503;0,046411;0,452506;0;0,055113;0,417698;53,370998;-4,3
02.07.2025 20:49:13;0;0,011641;0,547134;0;0,334683;0,232823;53,235001;-8,06
02.07.2025 20:54:14;0;0,01168;0,467193;0;0,338715;0,140158;53,181;-5,81
02.07.2025 20:59:16;0;0,023282;0,419081;0;0,328862;0,116411;53,095001;-6,99
02.07.2025 21:04:19;0;0,011603;0,464109;0;0,406095;0,046411;53,012001;-7,5
02.07.2025 21:09:20;0,00584;0,01168;0,443833;0;0,405874;0,046719;52,924999;-9,45
02.07.2025 21:14:23;0;0,023205;0,51052;0;0,516321;0,023205;52,834999;-9,56
02.07.2025 21:19:24;0;0,01168;0,478873;0;0,496392;0;52,783001;-9,25
02.07.2025 21:24:27;0,005801;0,023205;0,498917;0;0,51342;0;52,721001;-8,44
02.07.2025 21:29:29;0;0,011641;0,40744;0;0,413261;0;52,682999;-7,66
02.07.2025 21:34:30;0;0,01168;0,385434;0;0,402954;0;52,639999;-7,77
02.07.2025 21:39:30;0,00293;0,023438;0,457031;0;0,462891;0;52,557999;-11,34
02.07.2025 21:44:33;0;0,023205;0,417698;0;0,446705;0;52,546001;-7,74
02.07.2025 21:49:35;0;0,011641;0,384158;0;0,392889;0;52,511002;-7,47
02.07.2025 21:54:36;0;0,01168;0,350395;0;0,379594;0;52,480999;-6,43
02.07.2025 21:59:39;0,005801;0,011603;0,394493;0;0,391592;0;52,422001;-8,86
02.07.2025 22:04:41;0,00291;0,023282;0,500569;0;0,520941;0;52,358002;-10,01
02.07.2025 22:09:43;0;0,011641;0,523851;0;0,532582;0;52,300999;-10,72
02.07.2025 22:14:43;0;0,011719;0,515625;0;0,541992;0;52,258999;-9,94
02.07.2025 22:19:45;0,00291;0,023282;0,500569;0;0,50639;0;52,220001;-9,19
02.07.2025 22:24:45;0;0,011719;0,46875;0;0,480469;0;52,176998;-9,4
02.07.2025 22:29:47;0;0,034923;0,372517;0;0,398709;0;52,161999;-7,42
02.07.2025 22:34:49;0,00291;0;0,372517;0;0,387068;0;52,112999;-8,69
02.07.2025 22:39:49;0;0,035156;0,328125;0;0,345703;0;52,108002;-6,15
02.07.2025 22:44:52;0,011603;0,011603;0,406095;0;0,417698;0;52,039001;-9,68
02.07.2025 22:49:53;0;0,01168;0,537272;0;0,554791;0;51,979;-10,89
02.07.2025 22:54:54;0,00292;0,01168;0,548951;0;0,563551;0;51,925999;-10,95
02.07.2025 22:59:56;0;0,023282;0,547134;0;0,561685;0;51,882999;-10,89
02.07.2025 23:04:59;0;0,011603;0,522123;0;0,527924;0;51,846001;-9,97
02.07.2025 23:10:01;0;0,023282;0,465646;0;0,486018;0;51,820999;-7,9
02.07.2025 23:15:03;0,00291;0,011641;0,430722;0;0,439453;0;51,779999;-8,61
02.07.2025 23:20:04;0;0,02336;0,327035;0;0,362074;0;51,776001;-5,84
02.07.2025 23:25:07;0;0,023205;0,232054;0;0,246558;0;51,771999;-4,46
02.07.2025 23:30:07;0;0,011719;0,164063;0;0,18457;0;51,772999;-2,96
02.07.2025 23:35:08;0;0,01168;0,151838;0;0,163517;0;51,762001;-3,14
02.07.2025 23:40:10;0,005821;0,023282;0,267746;0;0,270657;0;51,715;-5,36
02.07.2025 23:45:12;0;0,011641;0,256105;0;0,276477;0;51,692001;-5,42
02.07.2025 23:50:15;0;0,011603;0,25526;0;0,272664;0;51,671001;-5,21
02.07.2025 23:55:16;0,00292;0,02336;0,268636;0;0,274476;0;51,638;-6,53
03.07.2025 00:00:18;0;0,011641;0,325952;0;0,340503;0;51,605;-6,6
03.07.2025 00:05:21;0;0,023205;0,266863;0;0,295869;0;51,604;-4,38
03.07.2025 00:10:23;0;0,011641;0,209541;0;0,224092;0;51,588001;-4,35
03.07.2025 00:15:25;0;0,011641;0,162976;0;0,180438;0;51,584999;-3,36
03.07.2025 00:20:27;0;0,023282;0,162976;0;0,174617;0;51,571999;-3,44
03.07.2025 00:25:29;0,005821;0,011641;0,314311;0;0,317221;0;51,508999;-6,93
03.07.2025 00:30:31;0;0,011641;0,337593;0;0,360875;0;51,480999;-6,95
03.07.2025 00:35:33;0;0,023282;0,337593;0;0,355055;0;51,456001;-6,84
03.07.2025 00:40:35;0;0,011641;0,30267;0;0,30849;0;51,448002;-5,48
03.07.2025 00:45:37;0,005821;0,011641;0,325952;0;0,343414;0;51,402;-7,58
03.07.2025 00:50:39;0;0,023282;0,314311;0;0,334683;0;51,398998;-5,12
03.07.2025 00:55:41;0;0,011641;0,244464;0;0,256105;0;51,382999;-4,9
03.07.2025 01:00:41;0;0,023438;0,234375;0;0,251953;0;51,368;-4,76
03.07.2025 01:05:44;0;0,011603;0,266863;0;0,272664;0;51,339001;-5,72
03.07.2025 01:10:45;0,00584;0,02336;0,385434;0;0,405874;0;51,285;-8,03
03.07.2025 01:15:45;0;0,011719;0,328125;0;0,345703;0;51,280998;-6,37
03.07.2025 01:20:47;0;0,023282;0,291029;0;0,30849;0;51,27;-5,22
03.07.2025 01:25:50;0;0,011603;0,25526;0;0,269763;0;51,254002;-5,26
03.07.2025 01:30:51;0;0,01168;0,256956;0;0,268636;0;51,235001;-5,25
03.07.2025 01:35:53;0,00291;0,023282;0,244464;0;0,261926;0;51,223;-4,6
03.07.2025 01:40:55;0;0,011641;0,221182;0;0,238643;0;51,208;-4,78
03.07.2025 01:45:58;0;0,011603;0,232054;0;0,240756;0;51,191002;-4,67
03.07.2025 01:51:00;0;0,011641;0,209541;0;0,232823;0;51,188;-3,42
03.07.2025 01:55:59;0,005879;0,023516;0,246917;0;0,246917;0;51,150002;-5,75
03.07.2025 02:01:01;0;0,011641;0,267746;0;0,293939;0;51,127998;-5,73
03.07.2025 02:06:03;0;0,023282;0,267746;0;0,285208;0;51,112999;-5,58
03.07.2025 02:11:05;0;0,011641;0,267746;0;0,282298;0;51,094002;-5,59
03.07.2025 02:16:07;0;0,011641;0,279387;0;0,299759;0;51,066002;-6,67
03.07.2025 02:21:09;0,00291;0,023282;0,291029;0;0,30267;0;51,064999;-4,47
03.07.2025 02:26:12;0;0,011603;0,208849;0;0,223352;0;51,056;-4,45
03.07.2025 02:31:13;0;0,01168;0,198557;0;0,213157;0;51,055;-3,14
03.07.2025 02:36:15;0;0,023282;0,139694;0;0,157155;0;51,049999;-3,09
03.07.2025 02:41:17;0,00291;0,011641;0,267746;0;0,276477;0;51,006001;-5,45
03.07.2025 02:46:19;0,005821;0,023282;0,360875;0;0,369606;0;50,962002;-7,16
03.07.2025 02:51:21;0,00291;0,011641;0,349234;0;0,372517;0;50,931;-8,07
03.07.2025 02:56:21;0;0,011719;0,398438;0;0,416016;0;50,901001;-8,21
03.07.2025 03:01:23;0;0,023282;0,419081;0;0,419081;0;50,876999;-8,12
03.07.2025 03:06:26;0;0,011603;0,359684;0;0,385791;0;50,866001;-6,7
03.07.2025 03:11:28;0;0,034923;0,256105;0;0,276477;0;50,890999;-3,07
03.07.2025 03:16:30;0;0;0,151335;0;0,160066;0;50,890999;-3,11
03.07.2025 03:21:31;0;0,02336;0,140158;0;0,160597;0;50,882999;-3,15
03.07.2025 03:26:33;0;0,011641;0,139694;0;0,160066;0;50,875999;-3,01
03.07.2025 03:31:36;0,005801;0,011603;0,313274;0;0,319075;0;50,813999;-6,5
03.07.2025 03:36:37;0;0,02336;0,315355;0;0,332875;0;50,793999;-6,41
03.07.2025 03:41:39;0;0,011641;0,314311;0;0,320131;0;50,776001;-6,25
03.07.2025 03:46:42;0;0,011603;0,25526;0;0,278465;0;50,772999;-5,21
03.07.2025 03:51:42;0;0,023438;0,246094;0;0,266602;0;50,757999;-5,24
03.07.2025 03:56:43;0;0,01168;0,198557;0;0,210237;0;50,77;-3,39
03.07.2025 04:01:46;0;0,011603;0,162438;0;0,17114;0;50,764;-3,41
03.07.2025 04:06:46;0,00293;0,023438;0,152344;0;0,178711;0;50,742001;-4,68
03.07.2025 04:11:48;0,005821;0,023282;0,244464;0;0,259015;0;50,698002;-7,42
03.07.2025 04:16:50;0;0,011641;0,349234;0;0,357965;0;50,673;-6,98
03.07.2025 04:21:51;0;0,02336;0,303675;0;0,318275;0;50,671001;-5,4
03.07.2025 04:26:53;0;0,011641;0,256105;0;0,270657;0;50,660999;-5,16
03.07.2025 04:31:55;0;0,011641;0,256105;0;0,270657;0;50,640999;-5,54
03.07.2025 04:36:58;0;0,023205;0,243657;0;0,266863;0;50,645;-3,4
03.07.2025 04:42:00;0,005821;0,011641;0,232823;0;0,247374;0;50,605;-6,65
03.07.2025 04:47:00;0;0,023438;0,328125;0;0,325195;0;50,588001;-6,23
03.07.2025 04:52:01;0;0,01168;0,280316;0;0,306595;0;50,571999;-5,93
03.07.2025 04:57:04;0,005801;0,023205;0,348082;0;0,359684;0;50,537998;-6,98
03.07.2025 05:02:04;0;0,011719;0,339844;0;0,354492;0;50,521;-6,96
03.07.2025 05:07:06;0;0,023282;0,325952;0;0,349234;0;50,5;-6,86
03.07.2025 05:12:08;0;0,011641;0,267746;0;0,282298;0;50,507999;-5,26
03.07.2025 05:17:10;0;0,011641;0,256105;0;0,267746;0;50,493999;-5,33
03.07.2025 05:22:12;0;0,023282;0,256105;0;0,270657;0;50,478001;-5,48
03.07.2025 05:27:13;0,00292;0,01168;0,291995;0;0,309515;0;50,452;-6,12
03.07.2025 05:32:16;0;0,011603;0,313274;0;0,292969;0,046411;50,443001;-5,43
03.07.2025 05:37:18;0;0,023282;0,279387;0;0,256105;0,046565;50,450001;-3,48
03.07.2025 05:42:20;0,005821;0,011641;0,291029;0;0,224092;0,093129;50,428001;-5,07
03.07.2025 05:47:22;0;0,023282;0,349234;0;0,235733;0,116411;50,423;-4,37
03.07.2025 05:52:24;0;0,011641;0,314311;0;0,177527;0,139694;50,441002;-1,88
03.07.2025 05:57:26;0,066937;0,034923;0,745033;0;0,503479;0,209541;50,370998;-3,05
03.07.2025 06:02:28;0;0,023282;0,325952;0;0,119322;0,232823;50,404999;-1,88
03.07.2025 06:07:29;0,00584;0;0,303675;0;0,052559;0,280316;50,433998;-0,2
03.07.2025 06:12:32;0;0,058014;0,232054;0,029007;0,005801;0,301671;50,470001;2,04
03.07.2025 06:17:32;0;0,046875;0,164063;0,123047;0;0,304688;50,500999;3,14
03.07.2025 06:22:34;0,005821;0,046565;0,174617;0,136783;0,00291;0,372517;50,490002;-0,2
03.07.2025 06:27:37;0;0,081219;0,266863;0,069616;0,005801;0,394493;50,514;2,43
03.07.2025 06:32:38;0;0,046719;0,268636;0,151838;0;0,467193;50,540001;3,58
03.07.2025 06:37:40;0;0,046565;0,279387;0,165886;0;0,488928;50,556;3,32
03.07.2025 06:42:42;0,005821;0,069847;0,419081;0,064026;0,00291;0,558775;50,549999;2,6
03.07.2025 06:47:44;0;0,046565;0,40744;0,174617;0;0,628622;50,582001;4,33
03.07.2025 06:52:46;0,00291;0,046565;0,337593;0,323042;0;0,698469;50,658001;8,92
03.07.2025 06:57:48;0;0,046565;0,232823;0,503479;0;0,768315;50,717999;11,07
03.07.2025 07:02:48;0;0,046875;0,246094;0,629883;0;0,9375;50,789001;14,1
03.07.2025 07:07:50;0,00291;0,058206;0,232823;0,969125;0;1,233961;50,935001;23,959999
03.07.2025 07:12:52;0,005821;0,046565;0,384158;1,193217;0;1,62976;50,991001;22,200001
03.07.2025 07:17:54;0,020372;0,046565;1,012779;0,395799;0;1,443502;50,964001;18,85
03.07.2025 07:22:56;0,020372;0,069847;0,430722;0,989497;0;1,443502;51,060001;21,549999
03.07.2025 07:27:56;0,005859;0,023438;0,316406;0,878906;0;1,265625;51,015999;11,1
03.07.2025 07:32:56;0;0,070313;0,375;1,057617;0;1,476563;51,217999;26,120001
03.07.2025 07:37:58;0,005821;0,023282;0,30267;1,108819;0;1,443502;51,210999;18,17
03.07.2025 07:43:00;0,00291;0,069847;0,325952;1,507528;0;1,909147;51,445;33,959999
03.07.2025 07:48:00;0;0,410156;0,386719;1,50293;0;2,25;51,464001;25,49
03.07.2025 07:53:02;0;0,861445;0,349234;1,22523;0;2,467922;51,527;22,879999
03.07.2025 07:58:03;0;1,074543;0,420473;1,191341;0;2,686358;51,597;23,15
03.07.2025 08:03:04;0;1,331499;0,338715;1,203021;0;2,849875;51,685001;23,209999
03.07.2025 08:08:06;0;1,22232;0,337593;1,196127;0;2,793874;51,766998;23,07
03.07.2025 08:13:07;0;1,179662;0,362074;1,203021;0;2,733077;51,860001;23,280001
03.07.2025 08:18:08;0,052559;0,957745;0,572311;1,097903;0,0146;2,5462;51,702999;-4,33
03.07.2025 08:23:10;0,008731;0,093129;1,955712;0,788687;0,00291;2,817156;51,985001;22,15
03.07.2025 08:28:13;0,002901;0,348082;1,83323;1,200882;0;3,4112;52,105999;23,280001
03.07.2025 08:33:13;0;1,910156;0,292969;1,209961;0;3,398438;52,201;22,780001
03.07.2025 08:38:12;0,002939;0,411528;0,388012;1,152278;0;1,975334;52,268002;19,23
03.07.2025 08:43:14;0;1,012779;0,535493;1,199038;0;2,74731;52,41;22,950001
03.07.2025 08:48:16;0;1,350373;0,535493;1,216499;0;3,096544;52,540001;22,92
03.07.2025 08:53:17;0;1,670214;0,525592;1,223461;0;3,410507;52,652;24,309999
03.07.2025 08:58:18;0;1,857091;0,513912;1,223461;0;3,574024;52,759998;22,99
03.07.2025 09:03:20;0;2,107047;0,477287;0,421991;0,014551;3,003415;52,534;2,63
03.07.2025 09:08:22;0;1,187397;0,395799;0,160066;0,00291;1,746171;52,523998;3,87
03.07.2025 09:13:25;0,029007;0,487314;0,939821;0,150835;0,107325;1,415532;52,436001;-7,06
03.07.2025 09:18:26;0,0146;0,02336;2,020608;0;0,870146;1,167982;52,151001;-16,51
03.07.2025 09:23:28;0,00291;0,966215;1,513349;0,675186;0,276477;2,863721;52,637001;22,870001
03.07.2025 09:28:29;0;2,896595;0,373754;0,189797;0,00584;3,457226;52,466;4,53
03.07.2025 09:33:30;0;1,109583;0,432153;0,221917;0,00876;1,775332;52,491001;2,71
03.07.2025 09:38:32;0;3,049979;0,40744;0,238643;0,00291;3,678601;52,530998;3,89
03.07.2025 09:43:35;0;3,701269;0,406095;0,200147;0;4,316213;52,554001;3,82
03.07.2025 09:48:35;0;4,019531;0,363281;0,205078;0;4,59375;52,574001;3,89
03.07.2025 09:53:38;0;4,316213;0,301671;0,208849;0;4,826733;52,598;4,05
03.07.2025 09:58:39;0;4,613528;0,268636;0,201477;0;5,0924;52,613998;3,89
03.07.2025 10:03:41;0;4,796151;0,267746;0,20372;0;5,238514;52,630001;3,87
03.07.2025 10:08:43;0;4,167529;0,279387;0,189169;0,011641;4,656457;52,664001;9,98
03.07.2025 10:13:44;0;4,47337;0,408794;0,221917;0,00292;5,0924;52,676998;4,91
03.07.2025 10:18:47;0;4,6875;0,452506;0,203048;0;5,337252;52,687;3,93
03.07.2025 10:23:49;0;4,761227;0,454005;0,20081;0;5,424772;52,700001;2,9
03.07.2025 10:28:51;0;4,877639;0,442363;0,20372;0;5,494619;52,727001;3,76
03.07.2025 10:33:52;0;4,683607;0,350395;0,213157;0,01752;5,255918;52,723;0,78
03.07.2025 10:38:54;0;4,109323;0,360875;0,227002;0,037834;4,656457;52,813;11,29
03.07.2025 10:43:57;0;4,293007;0,359684;0,220452;0,029007;4,849938;52,693001;-6,98
03.07.2025 10:48:59;0;3,748448;0,395799;0,241554;0,049475;4,330505;52,825001;7,49
03.07.2025 10:54:01;0;4,598251;0,51221;0,235733;0,005821;5,308361;52,847;5,73
03.07.2025 10:59:02;0;4,835444;0,478873;0,201477;0,00292;5,536233;52,834;3,24
03.07.2025 11:04:02;0;4,839844;0,433594;0,202148;0;5,460938;52,858002;3,91
03.07.2025 11:09:05;0;4,385829;0,348082;0,205948;0,017404;4,94276;52,851002;1,31
03.07.2025 11:14:05;0;5,25;0,351563;0,216797;0;5,835938;52,902;4,06
03.07.2025 11:19:07;0;4,249017;0,337593;0,174617;0,020372;4,749586;52,895;2,62
03.07.2025 11:24:08;0;2,814836;0,268636;0,207317;0,01168;3,246989;52,917;2,46
03.07.2025 11:29:09;0;1,728613;0,291995;0,183957;0;2,219165;52,952;4
03.07.2025 11:34:09;0;0,996094;0,328125;0,401367;0;1,734375;53,186001;22,42
03.07.2025 11:39:11;0,005821;0,046565;0,454005;1,012779;0;1,490066;53,282001;16,709999
03.07.2025 11:44:13;0;0,034923;0,442363;0,855624;0;1,350373;53,388;15,88
03.07.2025 11:49:15;0;0,034923;0,419081;0,875996;0;1,32709;53,526001;17,25
03.07.2025 11:54:17;0;0,209541;0,40744;0,777046;0;1,373655;53,562;10,04
03.07.2025 11:59:17;0;0,539063;0,445313;0,433594;0;1,40625;53,564999;6,35
03.07.2025 12:04:18;0,01168;0,455513;0,911026;0,192717;0,102198;1,471657;53,404999;-7,04
03.07.2025 12:09:20;0,029103;0,011641;1,781095;0;0,40744;1,373655;53,230999;-14,3
03.07.2025 12:14:21;1,130022;0;3,597384;0;1,25558;1,191341;52,825001;-24,41
03.07.2025 12:19:23;2,048841;0;4,330505;0;1,263064;1,024421;52,637001;-23,99
03.07.2025 12:24:23;1,573242;0,035156;3,550781;0,038086;1,113281;0,9375;52,791;8,24
03.07.2025 12:29:25;0;0,046565;0,395799;0,459825;0;0,884727;52,945;8,94
03.07.2025 12:34:27;0,005821;0,046565;0,465646;0,439453;0;0,954574;53,021999;8,84
03.07.2025 12:39:29;0;0,058206;0,465646;0,544223;0;1,070985;53,152;12,02
03.07.2025 12:44:31;0,055295;0,034923;0,989497;0,483107;0,276477;1,164114;52,804001;-24,219999
03.07.2025 12:49:33;0,177527;0,081488;2,409716;0,029103;1,053523;1,303808;52,625;-23,469999
03.07.2025 12:54:35;0,273567;0,139694;2,060482;0,026193;0,730482;1,233961;52,613998;-10,12
03.07.2025 12:59:37;0,366696;0,151335;1,676325;0,177527;0,448184;1,187397;52,561001;-17,959999
03.07.2025 13:04:37;0,082031;0,128906;0,867188;0,457031;0,108398;1,242188;52,950001;17,09
03.07.2025 13:09:39;0,008731;0,046565;0,419081;0,972035;0;1,420219;53,140999;16,219999
03.07.2025 13:14:39;0,00293;0,046875;0,527344;1,03418;0;1,617188;53,361;20,68
03.07.2025 13:19:41;0;0,069847;0,523851;1,169935;0;1,769454;53,570999;20,440001
03.07.2025 13:24:43;0;0,779957;0,442363;0,718841;0;1,955712;53,564999;8,84
03.07.2025 13:29:45;0;1,338731;0,360875;0,375427;0;2,048841;53,563;5,13
03.07.2025 13:34:47;0;1,606478;0,30267;0,212451;0;2,118688;53,560001;2,72
03.07.2025 13:39:49;0;1,8393;0,221182;0,116411;0;2,188535;53,539001;-0,19
03.07.2025 13:44:52;0;2,123298;0,174041;0;0,011603;2,297339;53,52;-0,17
03.07.2025 13:49:53;0;2,172446;0,233596;0;0,00876;2,382683;53,511002;-0,19
03.07.2025 13:54:55;0;2,060482;0,30267;0;0,008731;2,351511;53,505001;-0,17
03.07.2025 13:59:58;0;1,856436;0,359684;0;0,008702;2,204517;53,498001;-0,17
03.07.2025 14:04:59;0;1,89213;0,362074;0;0,00876;2,242525;53,493999;-0,17
03.07.2025 14:10:01;0;2,107047;0,291029;0;0,011641;2,398075;53,487999;-0,18
03.07.2025 14:15:04;0;2,610613;0,313274;0;0,008702;2,923886;53,484001;-0,17
03.07.2025 14:20:05;0;3,153551;0,280316;0;0,00876;3,433866;53,479;-0,15
03.07.2025 14:25:07;0;2,782233;0,221182;0;0,008731;2,980132;53,474998;-0,17
03.07.2025 14:30:07;0;3,269531;0,28125;0;0,008789;3,539063;53,470001;-0,17
03.07.2025 14:35:10;0;4,907952;0,394493;0;0,008702;5,290842;53,466;-0,17
03.07.2025 14:40:11;0;2,464441;0,455513;0;0,00876;2,919954;53,462002;-0,17
03.07.2025 14:45:13;0;2,770592;0,454005;0;0,008731;3,212955;53,458;-0,17
03.07.2025 14:50:13;0;2,273438;0,421875;0;0,008789;2,671875;53,452999;-0,15
03.07.2025 14:55:15;0;2,14197;0,430722;0;0,008731;2,584334;53,449001;-0,17
03.07.2025 15:00:18;0;2,053682;0,417698;0;0,008702;2,436572;53,443001;-0,15
03.07.2025 15:05:19;0;1,810372;0,397114;0;0,00876;2,242525;53,439999;-0,17
03.07.2025 15:10:21;0;1,268885;0,360875;0;0,011641;1,583195;53,437;-0,17
03.07.2025 15:15:24;0;1,19508;0,243657;0;0,008702;1,438738;53,431999;-0,17
03.07.2025 15:20:25;0;1,530056;0,233596;0;0,00876;1,751973;53,426998;-0,17
03.07.2025 15:25:27;0;1,711248;0,256105;0;0,008731;1,978994;53,424;-0,17
03.07.2025 15:30:27;0;1,875;0,339844;0;0,008789;2,179688;53,419998;-0,17
03.07.2025 15:35:30;0;0,997834;0,359684;0;0,008702;1,345916;53,416;-0,17
03.07.2025 15:40:32;0;0,71011;0,349234;0;0,008731;1,070985;53,41;-0,17
03.07.2025 15:45:34;0;1,199038;0,40744;0;0,008731;1,559913;53,404999;-0,15
03.07.2025 15:50:34;0;1,570313;0,375;0;0,008789;1,96875;53,402;-0,16
03.07.2025 15:55:35;0;1,658534;0,268636;0;0,00876;1,91549;53,397999;-0,15
03.07.2025 16:00:38;0;2,018874;0,243657;0;0,008702;2,227723;53,394001;-0,17
03.07.2025 16:05:36;0;2,925755;0,224151;0;0,008848;3,161703;53,389;-0,15
03.07.2025 16:10:38;0;2,002276;0,267746;0;0,008731;2,281664;53,386002;-0,15
03.07.2025 16:15:41;0;1,659189;0,406095;0;0,008702;2,042079;53,382;-0,16
03.07.2025 16:20:43;0;1,385296;0,523851;0;0,008731;1,885865;53,375999;-0,15
03.07.2025 16:25:44;0;1,343179;0,362074;0;0,00876;1,705253;53,374001;-0,17
03.07.2025 16:30:46;0;1,140832;0,465646;0;0,008731;1,62976;53,368;-0,15
03.07.2025 16:35:49;0;1,055848;0,452506;0;0,005801;1,485149;53,362999;-0,17
03.07.2025 16:40:51;0;1,012779;0,454005;0;0,011641;1,443502;53,360001;-0,15
03.07.2025 16:45:53;0;1,22232;0,337593;0;0,008731;1,559913;53,355999;-0,16
03.07.2025 16:50:54;0;1,448297;0,338715;0;0,00876;1,775332;53,351002;-0,18
03.07.2025 16:55:57;0;1,682395;0,359684;0;0,008702;2,018874;53,348;-0,16
03.07.2025 17:00:58;0;1,635174;0,397114;0;0,01168;2,032288;53,342999;-0,16
03.07.2025 17:06:01;0;1,728806;0,394493;0;0,008702;2,111696;53,338001;-0,17
03.07.2025 17:11:02;0;1,845411;0,350395;0;0,00876;2,195806;53,334;-0,17
03.07.2025 17:16:03;0;1,448297;0,350395;0;0,00876;1,775332;53,330002;-0,17
03.07.2025 17:21:05;0;0,884727;0,419081;0;0,008731;1,303808;53,327;-0,17
03.07.2025 17:26:06;0;0,911026;0,432153;0;0,00876;1,331499;53,320999;-0,17
03.07.2025 17:31:09;0;1,612778;0,324876;0;0,011603;1,926052;53,319;-0,18
03.07.2025 17:36:11;0;2,409716;0,267746;0;0,008731;2,700745;53,313999;-0,18
03.07.2025 17:41:12;0;2,452762;0,245276;0;0,00876;2,662998;53,310001;-0,17
03.07.2025 17:46:15;0;1,670792;0,336479;0;0,008702;1,995668;53,306;-0,17
03.07.2025 17:51:15;0;2,074219;0,351563;0;0,008789;2,414063;53,301998;-0,17
03.07.2025 17:56:18;0;1,392327;0,38289;0;0,008702;1,786819;53,297001;-0,17
03.07.2025 18:01:19;0;1,214701;0,408794;0;0,01168;1,588455;53,292;-0,18
03.07.2025 18:06:19;0;1,148438;0,398438;0;0,008789;1,546875;53,289001;-0,18
03.07.2025 18:11:20;0;1,016144;0,385434;0;0,00876;1,401578;53,285999;-0,19
03.07.2025 18:16:23;0;1,229889;0,290068;0;0,011603;1,508354;53,280998;-0,19
03.07.2025 18:21:25;0;1,280526;0,267746;0;0,008731;1,513349;53,277;-0,19
03.07.2025 18:26:27;0;2,374793;0,349234;0;0,011641;2,724027;53,272999;-0,19
03.07.2025 18:31:27;0;1,113281;0,457031;0;0,008789;1,570313;53,269001;-0,19
03.07.2025 18:36:29;0;0,896368;0,535493;0;0,008731;1,396937;53,264999;-0,19
03.07.2025 18:41:31;0;0,849803;0,500569;0;0,011641;1,350373;53,259998;-0,19
03.07.2025 18:46:33;0;1,280526;0,488928;0;0,008731;1,769454;53,257;-0,19
03.07.2025 18:51:35;0;0,547134;0,419081;0;0,011641;0,954574;53,251999;-0,19
03.07.2025 18:56:37;0;0,605339;0,360875;0;0,008731;0,977856;53,25;-0,19
03.07.2025 19:01:39;0;0,535493;0,360875;0;0,011641;0,861445;53,245998;-0,19
03.07.2025 19:06:41;0;0,523851;0,267746;0;0,008731;0,791598;53,242001;-0,18
03.07.2025 19:11:43;0;0,384158;0,279387;0;0,011641;0,651904;53,237;-0,17
03.07.2025 19:16:45;0;0,372517;0,325952;0;0,008731;0,675186;53,233002;-0,19
03.07.2025 19:21:47;0,005821;0,291029;0,442363;0;0,011641;0,721751;53,23;-0,19
03.07.2025 19:26:49;0;0,30267;0,442363;0;0,008731;0,721751;53,224998;-0,19
03.07.2025 19:31:51;0;0,372517;0,372517;0;0,011641;0,745033;53,223;-0,19
03.07.2025 19:36:53;0;0,162976;0,430722;0;0,008731;0,582057;53,217999;-0,17
03.07.2025 19:41:55;0;0,162976;0,442363;0;0,008731;0,605339;53,214001;-0,19
03.07.2025 19:46:57;0,032013;0;0,430722;0;0,020372;0,372517;53,207001;-0,19
03.07.2025 19:52:00;0,04351;0;0,371287;0;0,023205;0,324876;53,202;-0,19
03.07.2025 19:57:01;0,00584;0,02336;0,350395;0;0,00876;0,327035;53,199001;-0,19
03.07.2025 20:02:03;0,008731;0,081488;0,314311;0;0,011641;0,395799;53,194;-0,19
03.07.2025 20:07:05;0,029103;0;0,419081;0;0,008731;0,372517;53,191002;-0,19
03.07.2025 20:12:07;0;0,10477;0,40744;0;0,008731;0,51221;53,188;-0,18
03.07.2025 20:17:10;0;0,278465;0,406095;0;0,011603;0,649752;53,183998;-0,19
03.07.2025 20:22:11;0,00584;0,105118;0,502232;0;0,01168;0,63071;53,18;-0,19
03.07.2025 20:27:11;0,014648;0;0,550781;0;0,102539;0,398438;53,106998;-4,39
03.07.2025 20:32:13;0;0,011641;0,535493;0;0,264836;0,30267;53,035999;-5,6
03.07.2025 20:37:15;0,040744;0,011641;0,593698;0;0,247374;0,30267;52,921001;-13,71
03.07.2025 20:42:17;0,023282;0,034923;1,152473;0;0,893458;0,279387;52,726002;-17,41
03.07.2025 20:47:19;0;0,034923;0,849803;0;0,707199;0,186258;52,763;-4,36
03.07.2025 20:52:21;0,005821;0,023282;0,279387;0;0,197899;0,093129;52,745998;-5,42
03.07.2025 20:57:24;0;0,011603;0,348082;0;0,295869;0,046411;52,695999;-6,48
03.07.2025 21:02:25;0;0,01168;0,385434;0;0,350395;0,070079;52,650002;-6,7
03.07.2025 21:07:28;0;0,023205;0,38289;0;0,362585;0,023205;52,609001;-6,83
03.07.2025 21:12:30;0;0,011641;0,360875;0;0,363786;0;52,577999;-6,11
03.07.2025 21:17:31;0;0,01168;0,327035;0;0,341635;0,02336;52,540001;-6,65
03.07.2025 21:22:33;0;0,023282;0,291029;0;0,30558;0;52,514;-6,08
03.07.2025 21:27:33;0,00293;0,011719;0,328125;0;0,342773;0;52,476002;-6,5
03.07.2025 21:32:35;0;0,011641;0,337593;0;0,355055;0;52,439999;-6,77
03.07.2025 21:37:38;0,005801;0,011603;0,417698;0;0,432201;0;52,362;-10,28
03.07.2025 21:42:39;0;0,02336;0,513912;0;0,525592;0;52,32;-9,94
03.07.2025 21:47:41;0;0,011641;0,500569;0;0,51221;0;52,271999;-9,54
03.07.2025 21:52:44;0;0,023205;0,452506;0;0,472811;0;52,234001;-8,91
03.07.2025 21:57:45;0;0,01168;0,455513;0;0,467193;0;52,195;-8,72
03.07.2025 22:02:48;0;0,011603;0,429301;0;0,452506;0;52,166;-7,01
03.07.2025 22:07:50;0;0,023282;0,337593;0;0,349234;0;52,143002;-6,62
03.07.2025 22:12:51;0;0,01168;0,327035;0;0,341635;0;52,112999;-6,48
03.07.2025 22:17:53;0,008731;0,023282;0,419081;0;0,433633;0;52,040001;-9,9
03.07.2025 22:22:56;0,005801;0,011603;0,591739;0;0,588838;0;51,973999;-11,94
03.07.2025 22:27:58;0;0,011641;0,582057;0;0,61116;0;51,916;-11,81
03.07.2025 22:33:00;0;0,023282;0,535493;0;0,544223;0;51,889999;-10,11
03.07.2025 22:38:01;0;0,01168;0,502232;0;0,528512;0;51,84;-10,15
03.07.2025 22:43:03;0;0,023282;0,523851;0;0,526762;0;51,798;-10,11
03.07.2025 22:48:05;0,00291;0,011641;0,454005;0;0,480197;0;51,758999;-9,84
03.07.2025 22:53:07;0;0,011641;0,442363;0;0,459825;0;51,743999;-7,51
03.07.2025 22:58:08;0;0,02336;0,373754;0;0,385434;0;51,716;-7,34
03.07.2025 23:03:09;0;0,01168;0,362074;0;0,376674;0;51,689999;-6,7
03.07.2025 23:08:11;0;0,023282;0,325952;0;0,346324;0;51,665001;-6,61
03.07.2025 23:13:14;0,005801;0,011603;0,452506;0;0,458308;0;51,605999;-8,96
03.07.2025 23:18:15;0;0,02336;0,373754;0;0,388354;0;51,591999;-7,15
03.07.2025 23:23:18;0;0,011603;0,371287;0;0,385791;0;51,554001;-7,9
03.07.2025 23:28:20;0;0,023282;0,314311;0;0,337593;0;51,540001;-6,93
03.07.2025 23:33:22;0,00291;0,011641;0,360875;0;0,369606;0;51,509998;-6,78
03.07.2025 23:38:24;0;0,023282;0,232823;0;0,256105;0;51,514999;-4,65
03.07.2025 23:43:26;0;0,011641;0,221182;0;0,241554;0;51,497002;-4,78
03.07.2025 23:48:26;0;0,011719;0,210938;0;0,222656;0;51,492001;-3,65
03.07.2025 23:53:27;0,00584;0,02336;0,233596;0;0,245276;0;51,449001;-6,08
03.07.2025 23:58:28;0;0,01168;0,291995;0;0,300755;0;51,429001;-5,73
04.07.2025 00:03:30;0;0,011641;0,30267;0;0,325952;0;51,391998;-6,93
04.07.2025 00:08:32;0,00291;0,023282;0,337593;0;0,352145;0;51,368999;-6,7
04.07.2025 00:13:34;0,00291;0,011641;0,349234;0;0,366696;0;51,321999;-8,86
04.07.2025 00:18:34;0;0,011719;0,398438;0;0,416016;0;51,319;-5,45
04.07.2025 00:23:36;0;0,023282;0,267746;0;0,270657;0;51,308998;-5,14
04.07.2025 00:28:38;0;0,011641;0,232823;0;0,256105;0;51,296001;-4,73
04.07.2025 00:33:40;0;0,023282;0,221182;0;0,244464;0;51,283001;-4,79
04.07.2025 00:38:42;0,005821;0,011641;0,325952;0;0,328862;0;51,230999;-7,18
04.07.2025 00:43:44;0;0,023282;0,30267;0;0,311401;0;51,228001;-5,65
04.07.2025 00:48:46;0,00291;0,011641;0,30267;0;0,337593;0;51,193001;-6,8
04.07.2025 00:53:48;0;0,011641;0,349234;0;0,346324;0;51,171001;-6,66
04.07.2025 00:58:50;0;0,023282;0,314311;0;0,337593;0;51,150002;-6,43
04.07.2025 01:03:52;0;0,011641;0,244464;0;0,264836;0;51,166;-3,09
04.07.2025 01:08:53;0;0,02336;0,140158;0;0,157678;0;51,164001;-3,02
04.07.2025 01:13:56;0;0,011603;0,150835;0;0,153736;0;51,154999;-3,04
04.07.2025 01:18:58;0;0,011641;0,197899;0;0,215361;0;51,125;-4,43
04.07.2025 01:24:01;0,005801;0,023205;0,290068;0;0,307472;0;51,077;-6,6
04.07.2025 01:29:02;0,00292;0,01168;0,327035;0;0,338715;0;51,055;-6,56
04.07.2025 01:34:04;0;0,011641;0,279387;0;0,296849;0;51,049999;-5,52
04.07.2025 01:39:07;0;0,023205;0,25526;0;0,275565;0;51,033001;-5,38
04.07.2025 01:44:08;0;0,01168;0,268636;0;0,274476;0;51,016998;-5,49
04.07.2025 01:49:10;0;0,011641;0,186258;0;0,212451;0;51,028;-3,32
04.07.2025 01:54:12;0;0,023282;0,151335;0;0,168797;0;51,02;-3,41
04.07.2025 01:59:15;0;0,011603;0,150835;0;0,168239;0;51,011002;-3,29
04.07.2025 02:04:17;0,008731;0,023282;0,232823;0;0,238643;0;50,956001;-7,13
04.07.2025 02:09:18;0;0,01168;0,338715;0;0,353314;0;50,931999;-6,93
04.07.2025 02:14:20;0,00291;0,011641;0,442363;0;0,445274;0;50,883999;-8,78
04.07.2025 02:19:22;0;0,023282;0,372517;0;0,395799;0;50,874001;-7,13
04.07.2025 02:24:25;0;0,011603;0,348082;0;0,356784;0;50,855;-6,91
04.07.2025 02:29:26;0,00292;0,01168;0,350395;0;0,364994;0;50,825001;-8,26
04.07.2025 02:34:28;0;0,023282;0,360875;0;0,381247;0;50,824001;-5,64
04.07.2025 02:39:30;0;0,011641;0,232823;0;0,250285;0;50,834999;-4,07
04.07.2025 02:44:33;0;0,023205;0,174041;0;0,200147;0;50,834999;-3,05
04.07.2025 02:49:35;0;0,011641;0,139694;0;0,154245;0;50,832001;-3,02
04.07.2025 02:54:36;0,00584;0,02336;0,245276;0;0,254036;0;50,791;-5,36
04.07.2025 02:59:36;0;0,011719;0,257813;0;0,272461;0;50,77;-5,33
04.07.2025 03:04:38;0;0,011641;0,267746;0;0,276477;0;50,752998;-5,52
04.07.2025 03:09:40;0;0,023282;0,256105;0;0,279387;0;50,738998;-5,55
04.07.2025 03:14:43;0;0,011603;0,266863;0;0,275565;0;50,723999;-5,3
04.07.2025 03:19:44;0;0,02336;0,163517;0;0,181037;0;50,740002;-3,3
04.07.2025 03:24:46;0,00291;0,011641;0,197899;0;0,218271;0;50,716999;-4,38
04.07.2025 03:29:48;0;0,011641;0,209541;0;0,224092;0;50,703999;-4,35
04.07.2025 03:34:51;0,005801;0,011603;0,266863;0;0,275565;0;50,659;-6,79
04.07.2025 03:39:52;0;0,02336;0,315355;0;0,335795;0;50,639999;-6,49
04.07.2025 03:44:55;0;0,011603;0,313274;0;0,321976;0;50,624001;-6,26
04.07.2025 03:49:56;0;0,01168;0,268636;0;0,291995;0;50,618;-5,3
04.07.2025 03:54:58;0;0,023282;0,256105;0;0,264836;0;50,608002;-5,19
04.07.2025 04:00:01;0;0,023205;0,174041;0;0,188544;0;50,624001;-3,07
04.07.2025 04:05:00;0;0,011758;0,141095;0;0,158732;0;50,620998;-3,13
04.07.2025 04:10:02;0,005821;0,011641;0,209541;0;0,224092;0;50,585999;-4,92
04.07.2025 04:15:04;0,005821;0,023282;0,279387;0;0,282298;0;50,542;-7,27
04.07.2025 04:20:06;0;0,011641;0,337593;0;0,355055;0;50,521;-6,92
04.07.2025 04:25:06;0;0,011719;0,339844;0;0,363281;0;50,495998;-7,28
04.07.2025 04:30:09;0;0,023205;0,336479;0;0,353883;0;50,477001;-7,08
04.07.2025 04:35:09;0;0,011719;0,316406;0;0,322266;0;50,477001;-5,35
04.07.2025 04:40:12;0,002901;0,023205;0,301671;0;0,324876;0;50,450001;-6,56
04.07.2025 04:45:14;0;0,011641;0,256105;0;0,267746;0;50,462002;-4,05
04.07.2025 04:50:15;0;0,02336;0,186877;0;0,207317;0;50,457001;-4,05
04.07.2025 04:55:17;0;0,011641;0,197899;0;0,20663;0;50,445999;-4,17
04.07.2025 05:00:19;0,00291;0,011641;0,221182;0;0,241554;0;50,405998;-7,22
04.07.2025 05:05:22;0;0,011603;0,324876;0;0,34228;0;50,382999;-6,66
04.07.2025 05:10:24;0;0,023282;0,30267;0;0,314311;0;50,375;-5,41
04.07.2025 05:15:25;0;0,01168;0,256956;0;0,271556;0;50,365002;-5,45
04.07.2025 05:20:27;0;0,011641;0,256105;0;0,273567;0;50,348999;-5,55
04.07.2025 05:25:29;0;0,023282;0,221182;0;0,235733;0;50,360001;-3,26
04.07.2025 05:30:32;0;0,011603;0,150835;0;0,156637;0;50,359001;-3,61
04.07.2025 05:35:33;0,052559;0,01168;1,191341;0;1,132942;0,02336;49,897999;-38,880001
04.07.2025 05:40:36;0,116027;0,034808;2,007271;0;1,91735;0;49,626999;-50,889999
04.07.2025 05:45:38;1,94116;0;4,435275;0;2,502846;0;49,429001;-49,830002
04.07.2025 05:50:40;2,45046;0;4,959127;0;2,499935;0;49,228001;-50,889999
04.07.2025 05:55:42;0,71593;0,069847;1,955712;0;1,32127;0;49,632999;-5,78
04.07.2025 06:00:44;0;0,011641;0,267746;0;0,276477;0;49,706001;-5,41
04.07.2025 06:05:45;0,00584;0,02336;0,245276;0;0,265716;0;49,728001;-5,4
04.07.2025 06:10:48;0;0,011603;0,243657;0;0,261061;0;49,733002;-5,18
04.07.2025 06:15:50;0;0,023282;0,256105;0;0,256105;0;49,724998;-6,03
04.07.2025 06:20:52;0,005821;0,011641;0,314311;0;0,328862;0;49,68;-9,12
04.07.2025 06:25:54;0;0,011641;0,40744;0;0,427812;0;49,643002;-8,64
04.07.2025 06:30:56;0;0,034923;0,384158;0;0,401619;0;49,637001;-6,02
04.07.2025 06:35:58;0;0;0,279387;0;0,285208;0;49,632;-5,75
04.07.2025 06:40:58;0;0,023438;0,269531;0;0,28418;0,023438;49,617001;-5,56
04.07.2025 06:46:00;0;0,011641;0,267746;0;0,261926;0;49,605999;-5,05
04.07.2025 06:51:02;0;0,023282;0,162976;0;0,162976;0,023282;49,625;-2,7
04.07.2025 06:56:03;0,02044;0,01168;0,198557;0,00292;0,093439;0,093439;49,639;-1,92
04.07.2025 07:01:06;0,005801;0,046411;0,197246;0;0,029007;0,208849;49,664001;-0,22
04.07.2025 07:06:08;0,026193;0,034923;0,232823;0,055295;0,005821;0,30267;49,681;-0,19
04.07.2025 07:11:10;0,014551;0,023282;0,267746;0;0,011641;0,279387;49,683998;-0,18
04.07.2025 07:16:12;0,049475;0,011641;0,337593;0,008731;0,142604;0,139694;49,514999;-20,379999
04.07.2025 07:21:12;0,008789;0,046875;1,03125;0;0,969727;0,09375;49,470001;-4,07
04.07.2025 07:26:14;0,064026;0,011641;0,384158;0,017462;0,165886;0,209541;49,52;-2,89
04.07.2025 07:31:16;0,034923;0,046565;0,372517;0,00291;0,189169;0,162976;49,500999;-3,53
04.07.2025 07:36:18;0;0,011641;0,279387;0;0,194989;0,116411;49,487;-3,26
04.07.2025 07:41:20;0,017462;0,011641;0,267746;0;0,093129;0,162976;49,521;-0,19
04.07.2025 07:46:20;0,005859;0,070313;0,257813;0,076172;0,008789;0,398438;49,575001;2,95
04.07.2025 07:51:22;0;0,034923;0,314311;0,197899;0;0,558775;49,625999;4,78
04.07.2025 07:56:24;0;0,034923;0,314311;0,174617;0;0,51221;49,632999;2,88
04.07.2025 08:01:27;0,002901;0,058014;0,324876;0,281366;0;0,672958;49,717999;8,32
04.07.2025 08:06:28;0,00292;0,070079;0,478873;0,528512;0;1,074543;49,837002;12,94
04.07.2025 08:11:30;0,008731;0,046565;0,465646;0,838162;0;1,32709;49,976002;17,32
04.07.2025 08:16:32;0,00291;0,046565;0,314311;0,663545;0;1,024421;49,987;12,99
04.07.2025 08:21:35;0;0,034808;0,278465;0,707766;0;1,02104;50,062;14,65
04.07.2025 08:26:36;0,02044;0,093439;0,291995;1,127102;0;1,495017;50,289001;29,6
04.07.2025 08:31:38;0,011641;0,034923;0,314311;1,312539;0;1,653042;50,298;20,34
04.07.2025 08:36:38;0;0,023438;0,375;0,796875;0;1,195313;50,275002;13,17
04.07.2025 08:41:40;0,00291;0,046565;0,454005;0,71302;0;1,210679;50,334;14,66
04.07.2025 08:46:42;0;0,046565;0,477287;0,733392;0;1,233961;50,354;12,73
04.07.2025 08:51:44;0,023282;1,036062;0,558775;1,21941;0,00291;2,793874;50,316002;-0,23
04.07.2025 08:56:45;0;2,709718;0,350395;0,242356;0,00876;3,317068;50,554001;31,02
04.07.2025 09:01:46;0,043799;0,233596;0,502232;2,043968;0;2,733077;50,772999;36,630001
04.07.2025 09:06:46;0,008789;1,007813;0,574219;2,296875;0;3,867188;50,928001;41,32
04.07.2025 09:11:48;0,032013;0,023282;0,395799;1,295077;0;1,676325;50,778999;17,690001
04.07.2025 09:16:50;0,029103;0,197899;0,500569;1,542451;0;2,235099;51,035999;35,549999
04.07.2025 09:21:51;0,0146;1,016144;0,66575;2,178286;0;3,83098;51,181;38,630001
04.07.2025 09:26:52;0,052559;0,338715;0,64239;2,011849;0;2,943314;51,220001;28,32
04.07.2025 09:31:54;0,011641;0,023282;0,582057;0,829431;0;1,396937;51,088001;13,61
04.07.2025 09:36:56;0;0,058206;0,570416;0,701379;0;1,32709;51,151001;16,32
04.07.2025 09:41:59;0;0,034808;0,556931;0,899211;0;1,508354;51,208;16,469999
04.07.2025 09:47:01;0,034923;0,675186;0,628622;1,330001;0;2,607616;51,422001;30,190001
04.07.2025 09:52:04;0,002901;0,452506;0,626547;1,467744;0;2,552599;51,491001;26,65
04.07.2025 09:57:04;0,023438;0,585938;0,738281;1,224609;0;2,507813;51,530998;23,01
04.07.2025 10:02:06;0,005821;0,116411;0,81488;1,12337;0;2,048841;51,560001;21,610001
04.07.2025 10:07:08;0,00291;0,046565;0,81488;1,073895;0;1,93243;51,627998;19,690001
04.07.2025 10:12:11;0,002901;0,046411;0,835396;0,989132;0;1,856436;51,667999;18,74
04.07.2025 10:17:13;0;0,698469;0,849803;1,161204;0;2,724027;51,804001;22,860001
04.07.2025 10:22:15;0;2,002276;0,803239;1,204858;0;4,004553;51,900002;23,35
04.07.2025 10:27:17;0;0,40744;0,616981;1,199038;0;2,235099;51,990002;23,190001
04.07.2025 10:32:18;0;0,840947;0,64239;1,197181;0;2,686358;52,074001;23,09
04.07.2025 10:37:21;0;1,02104;0,649752;1,206683;0;2,85427;52,178001;23,24
04.07.2025 10:42:22;0;2,125727;0,689109;1,214701;0;4,064576;52,277;23,65
04.07.2025 10:47:24;0;1,129191;0,733392;1,216499;0;3,049979;52,382999;23,110001
04.07.2025 10:52:27;0;1,009437;0,696163;1,224087;0;2,947092;52,485001;22,67
04.07.2025 10:57:29;0;0,966215;0,71011;1,216499;0;2,887003;52,583;21,83
04.07.2025 11:02:31;0;2,048841;0,721751;1,216499;0;3,981271;52,706001;22,92
04.07.2025 11:07:33;0;1,920788;0,698469;1,22523;0;3,841577;52,824001;23,18
04.07.2025 11:12:34;0;1,506696;0,61903;1,229301;0;3,363787;52,937;23,08
04.07.2025 11:17:37;0;3,341584;0,603342;1,02394;0,023205;4,94276;52,834999;5,39
04.07.2025 11:22:36;0;2,410378;0,552623;0,28513;0,085245;3,174645;52,792;5,58
04.07.2025 11:27:36;0;4,066406;0,691406;0,234375;0,038086;4,945313;52,744999;3,74
04.07.2025 11:32:36;0;4,042969;0,738281;0,196289;0;4,992188;52,757999;3,69
04.07.2025 11:37:39;0;4,142172;0,719369;0,200147;0;5,035582;52,775002;3,9
04.07.2025 11:42:41;0;4,016194;0,71011;0,224092;0,020372;4,912562;52,791;3,62
04.07.2025 11:47:43;0;4,086041;0,698469;0,197899;0,00291;5,005691;52,812;3,81
04.07.2025 11:52:45;0;4,097682;0,651904;0,20081;0;4,959127;52,831001;3,95
04.07.2025 11:57:46;0;4,134655;0,63071;0,201477;0;4,952243;52,849998;3,71
04.07.2025 12:02:47;0;4,204734;0,60735;0,201477;0;5,022321;52,868999;3,89
04.07.2025 12:07:49;0;4,214094;0,663545;0,20081;0,00291;5,075538;52,894001;4,31
04.07.2025 12:12:50;0;4,45001;0,735828;0,207317;0;5,396076;52,910999;3,56
04.07.2025 12:17:52;0;4,400352;0,721751;0,197899;0,00291;5,331643;52,93;3,75
04.07.2025 12:22:55;0;4,536665;0,661355;0,203048;0;5,360458;52,950001;3,74
04.07.2025 12:27:57;0;4,633175;0,675186;0,232823;0,043654;5,494619;52,974998;-3,21
04.07.2025 12:32:59;0;1,955712;0,628622;0,227002;0,078578;2,74731;52,978001;3,78
04.07.2025 12:38:01;0;2,211817;0,605339;0,30849;0,034923;3,119826;53,028999;4
04.07.2025 12:43:02;0;5,10408;0,60735;0,198557;0;5,909988;53,039001;3,94
04.07.2025 12:48:05;0;5,093595;0,649752;0,217551;0,017404;5,917389;53,058998;3,73
04.07.2025 12:53:07;0;2,526128;0,605339;0,215361;0,090219;3,25952;53,062;3,58
04.07.2025 12:58:09;0;3,66696;0,733392;0,270657;0;4,679739;53,104;3,69
04.07.2025 13:03:09;0;4,863281;0,738281;0,199219;0;5,8125;53,123001;3,81
04.07.2025 13:08:09;0;4,851563;0,726563;0,202148;0;5,742188;53,150002;3,9
04.07.2025 13:13:11;0;4,924203;0,698469;0,20081;0;5,843853;53,173;3,72
04.07.2025 13:18:11;0;5,027344;0,679688;0,199219;0;5,882813;53,194;3,6
04.07.2025 13:23:13;0;5,203591;0,558775;0,20663;0;5,983547;53,202999;-1,2
04.07.2025 13:28:13;0;5,226563;0,574219;0,196289;0;6;53,244999;3,67
04.07.2025 13:33:15;0;4,109323;0,570416;0,224092;0,040744;4,865998;53,41;20,85
04.07.2025 13:38:17;0;3,178032;0,640263;0,261926;0,110591;3,957988;53,269001;1,99
04.07.2025 13:43:17;0;0,867188;0,644531;0,196289;0;1,734375;53,319;4,37
04.07.2025 13:48:19;0;1,722889;0,733392;0,253195;0,061116;2,65418;53,338001;3,64
04.07.2025 13:53:21;0;0,419081;0,745033;0,325952;0;1,490066;53,493;13,88
04.07.2025 13:58:23;0;3,306084;0,838162;0,689738;0;4,819433;53,560001;7,64
04.07.2025 14:03:25;0;3,317726;0,791598;0,349234;0;4,470199;53,561001;4,21
04.07.2025 14:08:27;0;4,737945;0,768315;0,20663;0;5,70416;53,564999;2,71
04.07.2025 14:13:29;0;3,329367;0,605339;0,116411;0;4,051118;53,560001;1,71
04.07.2025 14:18:31;0;2,630898;0,558775;0,078578;0;3,25952;53,551998;-0,18
04.07.2025 14:23:33;0;3,026697;0,605339;0;0,008731;3,632036;53,533001;-0,21
04.07.2025 14:28:35;0;0,954574;0,651904;0;0,008731;1,583195;53,525002;-0,17
04.07.2025 14:33:37;0;1,024421;0,651904;0;0,008731;1,676325;53,52;-0,18
04.07.2025 14:38:39;0;3,8765;0,651904;0;0,011641;4,516763;53,514;-0,19
04.07.2025 14:43:42;0;5,151609;0,63815;0;0,011603;5,801361;53,508999;-0,19
04.07.2025 14:48:43;0;4,111296;0,61903;0;0,01168;4,718646;53,504002;-0,19
04.07.2025 14:53:45;0;1,897506;0,861445;0;0,008731;2,724027;53,499001;-0,19
04.07.2025 14:58:47;0;3,992912;1,792736;0;0,008731;5,774007;53,493999;-0,17
04.07.2025 15:03:49;0;2,863721;0,582057;0;0,011641;3,422496;53,491001;-0,19
04.07.2025 15:08:51;0;2,153611;0,488928;0;0,008731;2,65418;53,486;-0,19
04.07.2025 15:13:53;0;3,701883;0,616981;0;0,011641;4,307223;53,481998;-0,19
04.07.2025 15:18:55;0;4,062759;0,593698;0;0,008731;4,633175;53,478001;-0,15
04.07.2025 15:23:58;0;4,30461;0,556931;0;0,008702;4,849938;53,473999;-0,19
04.07.2025 15:28:59;0;4,47337;0,583991;0;0,01168;5,069041;53,469002;-0,18
04.07.2025 15:34:01;0;3,632036;0,616981;0;0,008731;4,214094;53,466;-0,18
04.07.2025 15:39:03;0;4,493481;0,547134;0;0,008731;5,052256;53,459999;-0,19
04.07.2025 15:44:05;0;3,806654;0,593698;0;0,008731;4,37707;53,459;-0,19
04.07.2025 15:49:05;0;1,007813;0,492188;0;0,011719;1,5;53,452;-0,19
04.07.2025 15:54:08;0;1,624381;0,591739;0;0,008702;2,204517;53,448002;-0,17
04.07.2025 15:59:09;0;0,677429;0,689109;0;0,00876;1,378218;53,444;-0,17
04.07.2025 16:04:09;0;0,773438;0,65625;0;0,008789;1,40625;53,439999;-0,18
04.07.2025 16:09:11;0;1,199038;0,616981;0;0,011641;1,792736;53,436001;-0,15
04.07.2025 16:14:12;0;4,006177;0,64239;0;0,00876;4,648567;53,431999;-0,17
04.07.2025 16:19:15;0;4,269802;0,661355;0;0,008702;4,919554;53,426998;-0,18
04.07.2025 16:24:16;0;4,146335;0,64239;0;0,00876;4,765365;53,424;-0,15
04.07.2025 16:29:19;0;2,935489;0,487314;0;0,008702;3,434406;53,417999;-0,17
04.07.2025 16:34:20;0;3,679142;0,478873;0;0,00876;4,134655;53,412998;-0,17
04.07.2025 16:39:23;0;3,283571;0,464109;0;0,008702;3,736077;53,410999;-0,18
04.07.2025 16:44:24;0;0,992784;0,560631;0;0,00876;1,565096;53,405998;-0,16
04.07.2025 16:49:25;0,00292;3,994498;0,63071;0;0,00876;4,601848;53,402;-0,15
04.07.2025 16:54:26;0;3,971138;0,63071;0;0,00876;4,601848;53,397999;-0,17
04.07.2025 16:59:28;0;3,713524;0,628622;0;0,008731;4,353787;53,393002;-0,18
04.07.2025 17:04:30;0;3,632036;0,582057;0;0,008731;4,190811;53,389999;-0,16
04.07.2025 17:09:32;0;3,632036;0,500569;0;0,008731;4,120964;53,384998;-0,17
04.07.2025 17:14:35;0;3,585241;0,440903;0;0,008702;4,014542;53,382;-0,15
04.07.2025 17:19:37;0;3,550548;0,465646;0;0,008731;4,004553;53,375999;-0,18
04.07.2025 17:24:38;0;1,565096;0,502232;0;0,00876;2,079007;53,372002;-0,16
04.07.2025 17:29:41;0;3,341584;0,649752;0;0,008702;3,968131;53,368;-0,18
04.07.2025 17:34:42;0;3,375467;0,66575;0;0,00876;4,017857;53,363998;-0,17
04.07.2025 17:39:45;0;3,167543;0,707766;0;0,008702;3,875309;53,360001;-0,17
04.07.2025 17:44:47;0;3,026697;0,651904;0;0,008731;3,655319;53,355999;-0,17
04.07.2025 17:49:49;0;3,003415;0,616981;0;0,011641;3,632036;53,352001;-0,18
04.07.2025 17:54:51;0;3,073262;0,651904;0;0,008731;3,701883;53,348;-0,19
04.07.2025 17:59:52;0;2,639639;0,537272;0;0,00876;3,17691;53,342999;-0,17
04.07.2025 18:04:55;0;3,016708;0,440903;0;0,008702;3,457611;53,341;-0,17
04.07.2025 18:09:58;0;3,016708;0,533725;0;0,008702;3,504022;53,334999;-0,17
04.07.2025 18:14:59;0;2,768117;0,60735;0;0,01168;3,387147;53,331001;-0,17
04.07.2025 18:20:00;0;1,973889;0,66575;0;0,00876;2,616279;53,326;-0,17
04.07.2025 18:25:02;0;1,73453;0,570416;0;0,008731;2,328228;53,321999;-0,17
04.07.2025 18:30:05;0;1,7056;0,545328;0;0,008702;2,227723;53,318001;-0,17
04.07.2025 18:35:06;0;1,92717;0,280316;0;0,01168;2,219165;53,313;-0,17
04.07.2025 18:40:08;0;2,223458;0,325952;0;0,008731;2,491204;53,311001;-0,18
04.07.2025 18:45:11;0;2,007271;0,266863;0;0,008702;2,297339;53,306;-0,17
04.07.2025 18:50:13;0;0,826521;1,408578;0;0,008731;2,235099;53,301998;-0,18
04.07.2025 18:55:15;0;2,083764;0,244464;0;0,011641;2,304946;53,299;-0,17
04.07.2025 19:00:17;0;1,8393;0,256105;0;0,008731;2,095406;53,293999;-0,19
04.07.2025 19:05:19;0;1,676325;0,279387;0;0,008731;1,93243;53,290001;-0,18
04.07.2025 19:10:21;0;1,490066;0,30267;0;0,011641;1,769454;53,285999;-0,2
04.07.2025 19:15:23;0;1,268885;0,325952;0;0,008731;1,606478;53,282001;-0,19
04.07.2025 19:20:25;0;1,152473;0,325952;0;0,008731;1,466784;53,278;-0,19
04.07.2025 19:25:27;0;1,175755;0,209541;0;0,011641;1,373655;53,272999;-0,18
04.07.2025 19:30:29;0;1,059344;0,256105;0;0,008731;1,303808;53,27;-0,19
04.07.2025 19:35:31;0;0,989497;0,256105;0;0,011641;1,233961;53,265999;-0,18
04.07.2025 19:40:32;0,02628;0,677429;0,595671;0;0,128478;1,121262;53,074001;-16,23
04.07.2025 19:45:35;0,118928;0,023205;1,995668;0;0,873105;1,02104;52,806;-23,49
04.07.2025 19:50:37;1,737441;0;3,96963;0;1,265974;0,977856;52,606998;-23,85
04.07.2025 19:55:39;1,993546;0;4,17917;0;1,260154;0,908009;52,465;-23,959999
04.07.2025 20:00:41;0,279387;0,058206;1,012779;0,334683;0,270657;0,884727;52,841;8,55
04.07.2025 20:05:41;0;0,046875;0,386719;0,380859;0;0,796875;52,894001;6,58
04.07.2025 20:10:43;0;0,034923;0,325952;0,360875;0;0,721751;52,969002;7,87
04.07.2025 20:15:45;0;0,046565;0,267746;0,387068;0;0,698469;53,02;6,77
04.07.2025 20:20:45;0,00293;0,035156;0,316406;0,269531;0;0,632813;53,040001;4,55
04.07.2025 20:25:48;0;0,058014;0,336479;0,197246;0;0,580136;53,051998;2,85
04.07.2025 20:30:49;0,00584;0,01168;0,572311;0,00876;0,099278;0,467193;52,962002;-2,41
04.07.2025 20:35:51;0;0,058206;0,384158;0;0,008731;0,442363;52,980999;-0,17
04.07.2025 20:40:53;0,00291;0,011641;0,384158;0;0,011641;0,395799;52,977001;-0,17
04.07.2025 20:45:55;0,014551;0,011641;0,372517;0;0,107681;0,256105;52,911999;-3,44
04.07.2025 20:50:58;0;0,011603;0,359684;0;0,217551;0,162438;52,848;-4,72
04.07.2025 20:55:59;0;0,01168;0,280316;0;0,183957;0,116798;52,834;-3,09
04.07.2025 21:01:02;0,002901;0,011603;0,290068;0;0,220452;0,069616;52,773998;-4,87
04.07.2025 21:06:03;0;0,02336;0,291995;0;0,277396;0,02336;52,726002;-5,59
04.07.2025 21:11:05;0,005821;0,011641;0,325952;0;0,331773;0;52,655998;-8,19
04.07.2025 21:16:08;0;0,011603;0,406095;0;0,420599;0;52,609001;-7,61
04.07.2025 21:21:09;0,00584;0,02336;0,478873;0;0,490552;0,02336;52,530998;-10,07
04.07.2025 21:26:12;0;0,011603;0,498917;0;0,51342;0;52,480999;-9,65
04.07.2025 21:31:13;0,00292;0,01168;0,502232;0;0,513912;0;52,423;-10,77
04.07.2025 21:36:16;0;0,023205;0,545328;0;0,556931;0;52,365002;-10,69
04.07.2025 21:41:17;0;0,01168;0,537272;0;0,560631;0;52,316002;-10,59
04.07.2025 21:46:19;0;0,034923;0,454005;0;0,471466;0;52,305;-6,66
04.07.2025 21:51:21;0;0;0,314311;0;0,334683;0;52,285;-6,31
04.07.2025 21:56:24;0;0,011603;0,324876;0;0,333578;0;52,251999;-6,46
04.07.2025 22:01:26;0,005821;0,023282;0,395799;0;0,41035;0;52,189999;-8,66
04.07.2025 22:06:28;0,00291;0,023282;0,465646;0;0,486018;0;52,145;-8,59
04.07.2025 22:11:29;0,00292;0,01168;0,455513;0;0,467193;0;52,088001;-10,65
04.07.2025 22:16:32;0;0,011603;0,556931;0;0,559831;0;52,035999;-11,18
04.07.2025 22:21:34;0;0,011641;0,547134;0;0,570416;0;51,983002;-11,01
04.07.2025 22:26:35;0;0,035039;0,490552;0;0,502232;0;51,967999;-7,93
04.07.2025 22:31:38;0;0,011603;0,313274;0;0,333578;0;51,960999;-5,76
04.07.2025 22:36:40;0;0,011641;0,279387;0;0,30267;0;51,937;-5,86
04.07.2025 22:41:40;0,005859;0,023438;0,328125;0;0,339844;0;51,876999;-9,31
04.07.2025 22:46:41;0;0,01168;0,443833;0;0,455513;0;51,834;-9,23
04.07.2025 22:51:44;0,002901;0,011603;0,464109;0;0,478612;0;51,796001;-9,19
04.07.2025 22:56:45;0;0,01168;0,467193;0;0,481792;0;51,757999;-9
04.07.2025 23:01:48;0;0,023205;0,429301;0;0,452506;0;51,73;-7,73
04.07.2025 23:06:50;0;0,023282;0,325952;0;0,337593;0;51,737;-4,51
04.07.2025 23:11:51;0;0,02336;0,210237;0;0,227756;0;51,721001;-4,28
04.07.2025 23:16:54;0,005801;0,011603;0,25526;0;0,266863;0;51,689999;-5,31
04.07.2025 23:21:56;0;0,023282;0,244464;0;0,259015;0;51,674;-4,91
04.07.2025 23:26:58;0,008731;0,011641;0,40744;0;0,416171;0;51,605;-8,19
04.07.2025 23:32:00;0;0,023282;0,40744;0;0,424902;0;51,569;-8,27
04.07.2025 23:37:01;0;0,01168;0,408794;0;0,423393;0;51,539001;-8,12
04.07.2025 23:42:04;0;0,011603;0,336479;0;0,359684;0;51,535999;-5,55
04.07.2025 23:47:06;0;0,023282;0,279387;0;0,285208;0;51,519001;-5,49
04.07.2025 23:52:08;0;0,011641;0,256105;0;0,279387;0;51,509998;-3,56
04.07.2025 23:57:10;0;0,023282;0,151335;0;0,162976;0;51,508999;-3,08
05.07.2025 00:02:11;0;0,01168;0,151838;0;0,172277;0;51,495998;-3,4
05.07.2025 00:07:11;0,00293;0,011719;0,222656;0;0,222656;0;51,465;-4,63
05.07.2025 00:12:14;0,005801;0,023205;0,290068;0;0,321976;0;51,415001;-7,1
05.07.2025 00:17:16;0;0,011641;0,360875;0;0,363786;0;51,389;-7,14
05.07.2025 00:22:18;0;0,011641;0,279387;0;0,299759;0;51,382;-5,72
05.07.2025 00:27:20;0;0,023282;0,279387;0;0,291029;0;51,360001;-5,66
05.07.2025 00:32:22;0;0,011641;0,267746;0;0,285208;0;51,34;-5,44
05.07.2025 00:37:24;0,00291;0,023282;0,221182;0;0,235733;0;51,334999;-4,83
05.07.2025 00:42:26;0;0,011641;0,221182;0;0,235733;0;51,32;-4,51
05.07.2025 00:47:28;0;0,011641;0,209541;0;0,227002;0;51,304001;-4,3
05.07.2025 00:52:30;0,005821;0,011641;0,221182;0;0,235733;0;51,272999;-6,14
05.07.2025 00:57:31;0;0,02336;0,280316;0;0,289075;0;51,257;-5,66
05.07.2025 01:02:34;0;0,011603;0,25526;0;0,278465;0;51,237999;-5,4
05.07.2025 01:07:35;0;0,02336;0,256956;0;0,274476;0;51,220001;-5,24
05.07.2025 01:12:37;0,005821;0,011641;0,337593;0;0,343414;0;51,174;-7,3
05.07.2025 01:17:40;0;0,011603;0,348082;0;0,362585;0;51,154999;-7,06
05.07.2025 01:22:42;0;0,023282;0,30267;0;0,328862;0;51,153999;-4,72
05.07.2025 01:27:44;0,00291;0,011641;0,279387;0;0,288118;0;51,126999;-5,93
05.07.2025 01:32:46;0;0,023282;0,291029;0;0,30267;0;51,104;-6,15
05.07.2025 01:37:46;0;0,011719;0,269531;0;0,290039;0;51,101002;-4,63
05.07.2025 01:42:48;0,005821;0,023282;0,256105;0;0,273567;0;51,073002;-5,66
05.07.2025 01:47:51;0;0,011603;0,266863;0;0,287167;0;51,056999;-5,6
05.07.2025 01:52:52;0;0,01168;0,303675;0;0,306595;0;51,026001;-6,59
05.07.2025 01:57:54;0,00291;0,023282;0,314311;0;0,334683;0;51,007;-6,46
05.07.2025 02:02:56;0;0,011641;0,314311;0;0,328862;0;50,987;-6,45
05.07.2025 02:07:56;0;0,011719;0,234375;0;0,257813;0;51,004002;-3,28
05.07.2025 02:12:56;0;0,023438;0,164063;0;0,169922;0;50,998001;-3,36
05.07.2025 02:17:59;0;0,011603;0,150835;0;0,165339;0;50,990002;-3,32
05.07.2025 02:22:59;0,005859;0,011719;0,164063;0;0,178711;0;50,959999;-5,68
05.07.2025 02:28:02;0;0,023205;0,278465;0;0,290068;0;50,931999;-5,64
05.07.2025 02:33:04;0;0,011641;0,267746;0;0,285208;0;50,917999;-5,6
05.07.2025 02:38:06;0;0,023282;0,267746;0;0,279387;0;50,901001;-5,43
05.07.2025 02:43:08;0;0,011641;0,256105;0;0,273567;0;50,886002;-5,35
05.07.2025 02:48:10;0,00291;0,011641;0,291029;0;0,30849;0;50,870998;-4,47
05.07.2025 02:53:10;0;0,023438;0,222656;0;0,234375;0;50,862999;-4,38
05.07.2025 02:58:12;0;0,011641;0,209541;0;0,232823;0;50,852001;-4,58
05.07.2025 03:03:12;0;0,011719;0,222656;0;0,228516;0;50,84;-4,35
05.07.2025 03:08:15;0,011603;0,023205;0,406095;0;0,408996;0;50,77;-8,53
05.07.2025 03:13:17;0;0,011641;0,384158;0;0,41035;0;50,755001;-7,16
05.07.2025 03:18:18;0;0,02336;0,338715;0;0,359154;0;50,740002;-7,07
05.07.2025 03:23:21;0;0,011603;0,336479;0;0,350982;0;50,719002;-7,09
05.07.2025 03:28:22;0;0,01168;0,338715;0;0,353314;0;50,700001;-6,9
05.07.2025 03:33:24;0;0,023282;0,291029;0;0,30267;0;50,702999;-5,35
05.07.2025 03:38:26;0;0,011641;0,197899;0;0,215361;0;50,716;-3,28
05.07.2025 03:43:28;0;0,023282;0,151335;0;0,165886;0;50,710999;-3,31
05.07.2025 03:48:31;0;0,011603;0,150835;0;0,168239;0;50,703999;-3,25
05.07.2025 03:53:33;0,005821;0,011641;0,162976;0;0,174617;0;50,668999;-5,94
05.07.2025 03:58:35;0;0,023282;0,267746;0;0,285208;0;50,647999;-5,7
05.07.2025 04:03:33;0,002949;0,011797;0,27134;0;0,291986;0;50,620998;-6,44
05.07.2025 04:08:33;0;0,011719;0,316406;0;0,325195;0;50,599998;-6,35
05.07.2025 04:13:35;0;0,023282;0,314311;0;0,317221;0;50,584999;-6,34
05.07.2025 04:18:38;0;0,011603;0,290068;0;0,313274;0;50,568001;-6,27
05.07.2025 04:23:40;0;0,023282;0,197899;0;0,218271;0;50,582001;-4,37
05.07.2025 04:28:41;0;0,01168;0,210237;0;0,216077;0;50,573002;-4,44
05.07.2025 04:33:43;0;0,011641;0,197899;0;0,218271;0;50,561001;-4,35
05.07.2025 04:38:46;0,005801;0,023205;0,208849;0;0,226253;0;50,536999;-5,53
05.07.2025 04:43:47;0;0,01168;0,256956;0;0,271556;0;50,52;-5,45
05.07.2025 04:48:50;0;0,011603;0,25526;0;0,275565;0;50,501999;-5,57
05.07.2025 04:53:52;0;0,023282;0,267746;0;0,279387;0;50,486;-5,45
05.07.2025 04:58:54;0;0,011641;0,267746;0;0,276477;0;50,474998;-5,7
05.07.2025 05:03:55;0,00584;0,01168;0,327035;0;0,341635;0;50,451;-5,26
05.07.2025 05:08:57;0;0,023282;0,267746;0;0,288118;0;50,426998;-6,15
05.07.2025 05:13:59;0;0,011641;0,291029;0;0,30849;0;50,411999;-5,99
05.07.2025 05:19:02;0;0,023205;0,278465;0;0,290068;0;50,398998;-5,75
05.07.2025 05:24:04;0,005821;0,011641;0,360875;0;0,375427;0;50,362;-7,04
05.07.2025 05:29:04;0;0,011719;0,28125;0;0,301758;0;50,365002;-5,45
05.07.2025 05:34:06;0;0,023282;0,279387;0;0,259015;0,023282;50,360001;-4,79
05.07.2025 05:39:08;0;0,011641;0,256105;0;0,235733;0,023282;50,355;-4,45
05.07.2025 05:44:08;0,00293;0,023438;0,28125;0;0,216797;0,09375;50,344002;-4,88
05.07.2025 05:49:11;0;0,011603;0,290068;0;0,21175;0,092822;50,355999;-2,47
05.07.2025 05:54:11;0,005859;0,023438;0,222656;0;0,09375;0,140625;50,382;-0,17
05.07.2025 05:59:14;0,026106;0,011603;0,197246;0;0,008702;0,162438;50,395;-0,19
05.07.2025 06:04:16;0,00291;0,046565;0,151335;0;0,011641;0,209541;50,402;-0,19
05.07.2025 06:09:18;0,014551;0,023282;0,256105;0;0,011641;0,232823;50,403999;-0,21
05.07.2025 06:14:20;0;0,034923;0,256105;0;0,008731;0,30267;50,404999;-0,21
05.07.2025 06:19:22;0;0,058206;0,256105;0;0,011641;0,30267;50,407001;-0,21
05.07.2025 06:24:24;0,00291;0,046565;0,314311;0;0,008731;0,349234;50,408001;-0,21
05.07.2025 06:29:26;0;0,081488;0,30267;0;0,011641;0,349234;50,408001;-0,21
05.07.2025 06:34:26;0;0,046875;0,210938;0,137695;0;0,398438;50,462002;3,23
05.07.2025 06:39:28;0;0,046565;0,162976;0,221182;0;0,419081;50,502998;4,82
05.07.2025 06:44:30;0;0,034923;0,162976;0,256105;0;0,488928;50,535;5,45
05.07.2025 06:49:32;0,005821;0,058206;0,221182;0,221182;0;0,465646;50,532001;3,78
05.07.2025 06:54:32;0,005859;0,046875;0,28125;0,1875;0;0,515625;50,532001;2,22
05.07.2025 06:59:34;0;0,034923;0,372517;0,151335;0;0,558775;50,549999;3,46
05.07.2025 07:04:36;0;0,034923;0,337593;0,20081;0;0,582057;50,573002;4,63
05.07.2025 07:09:37;0,00292;0,058399;0,362074;0,221917;0;0,63071;50,587002;4,27
05.07.2025 07:14:40;0;0,034808;0,38289;0,229154;0;0,649752;50,612;4,88
05.07.2025 07:19:42;0;0,046565;0,349234;0,296849;0;0,698469;50,652;7,4
05.07.2025 07:24:44;0;0,046565;0,209541;0,50639;0;0,768315;50,735001;11,89
05.07.2025 07:29:46;0;0,034923;0,186258;0,61407;0;0,81488;50,773998;12,42
05.07.2025 07:34:48;0;0,046565;0,186258;0,678097;0;0,931291;50,824001;13,31
05.07.2025 07:39:50;0,005821;0,081488;0,395799;0,535493;0;1,001138;50,832001;11,57
05.07.2025 07:44:52;0;0,046565;0,360875;0,686827;0,00291;1,070985;50,908001;15,34
05.07.2025 07:49:54;0;0,046565;0,337593;0,838162;0;1,233961;50,978001;17,639999
05.07.2025 07:54:56;0;0,046565;0,325952;0,974946;0;1,350373;51,071999;20,82
05.07.2025 07:59:56;0,020508;0,035156;0,679688;0,744141;0;1,429688;50,971001;7,24
05.07.2025 08:04:57;0;0,058399;0,537272;0,855547;0;1,471657;51,167999;21,9
05.07.2025 08:09:58;0,01752;0,070079;0,327035;1,179662;0;1,541736;51,284;26,43
05.07.2025 08:15:00;0,008731;0,046565;0,267746;1,431861;0;1,746171;51,344002;7,91
05.07.2025 08:20:00;0,049805;0,117188;1,746094;0,19043;0,008789;1,992188;51,176998;4,35
05.07.2025 08:25:00;0;0,316406;0,515625;1,476563;0;2,320313;51,501999;27,809999
05.07.2025 08:30:00;0;0,925781;0,421875;1,236328;0;2,578125;51,522999;23,290001
05.07.2025 08:35:02;0;1,187397;0,40744;1,196127;0;2,793874;51,599998;23,25
05.07.2025 08:40:03;0;1,331499;0,362074;1,194261;0;2,896595;51,675999;22,299999
05.07.2025 08:45:04;0;1,600135;0,245276;1,197181;0;3,036752;51,766998;23,07
05.07.2025 08:50:06;0;1,722889;0,221182;1,196127;0;3,119826;51,856998;23,41
05.07.2025 08:55:08;0;1,676325;0,360875;1,196127;0;3,236238;51,941002;22,6
05.07.2025 09:00:08;0;1,722656;0,421875;1,207031;0;3,375;52,042999;23,23
05.07.2025 09:05:10;0;1,769454;0,465646;1,207769;0;3,445778;52,144001;23,379999
05.07.2025 09:10:10;0;1,863281;0,421875;1,212891;0;3,515625;52,240002;23,58
05.07.2025 09:15:12;0;2,013918;0,40744;1,21941;0;3,608754;52,362999;23,4
05.07.2025 09:20:15;0;2,169709;0,336479;1,215385;0;3,712871;52,459;23,23
05.07.2025 09:25:14;0;2,281041;0,305707;1,222826;0;3,809574;52,573002;23,24
05.07.2025 09:30:16;0;2,44464;0,244464;1,21941;0;3,934706;52,694;23,57
05.07.2025 09:35:18;0;2,54941;0,221182;1,228141;0;3,981271;52,805;23,49
05.07.2025 09:40:20;0;2,607616;0,291029;1,149563;0;4,051118;52,745998;4,04
05.07.2025 09:45:20;0;3,585938;0,316406;0,205078;0,00293;4,101563;52,655998;3,14
05.07.2025 09:50:22;0;3,597113;0,349234;0,20081;0;4,167529;52,661999;3,79
05.07.2025 09:55:24;0;3,632036;0,314311;0,197899;0;4,120964;52,674999;3,81
05.07.2025 10:00:27;0;3,689666;0,243657;0,200147;0;4,153775;52,694;3,93
05.07.2025 10:05:28;0;3,679142;0,268636;0,201477;0;4,134655;52,713001;3,6
05.07.2025 10:10:28;0;3,761719;0,234375;0,202148;0;4,195313;52,731998;3,7
05.07.2025 10:15:29;0;3,784261;0,186877;0,198557;0;4,158015;52,748001;3,79
05.07.2025 10:20:28;0;3,797816;0,188127;0,202825;0;4,185828;52,769001;3,77
05.07.2025 10:25:30;0;3,8765;0,151335;0,197899;0;4,237376;52,786999;3,91
05.07.2025 10:30:31;0;3,772581;0,245276;0,201477;0;4,228094;52,808998;3,65
05.07.2025 10:35:33;0;3,795012;0,244464;0,197899;0;4,237376;52,826;3,76
05.07.2025 10:40:34;0;3,795941;0,233596;0,201477;0;4,228094;52,845001;3,6
05.07.2025 10:45:36;0;3,77173;0,256105;0,197899;0;4,237376;52,868;3,88
05.07.2025 10:50:39;0;3,759282;0,336479;0,200147;0;4,269802;52,889999;3,94
05.07.2025 10:55:40;0;3,85434;0,233596;0,201477;0;4,298173;52,909;4,03
05.07.2025 11:00:42;0;3,806654;0,279387;0,20081;0;4,28394;52,928001;3,65
05.07.2025 11:05:44;0;3,795012;0,291029;0,197899;0;4,28394;52,946999;3,74
05.07.2025 11:10:47;0;3,79409;0,359684;0,203048;0;4,339418;52,969002;3,75
05.07.2025 11:15:49;0;3,899783;0,314311;0,20081;0;4,446916;52,987999;3,55
05.07.2025 11:20:50;0;3,947778;0,303675;0,201477;0;4,438331;53,012001;3,81
05.07.2025 11:25:53;0;1,403929;2,942358;0,182743;0,04061;4,525062;53,021999;3,49
05.07.2025 11:30:55;0;0,582057;3,734944;0,20081;0;4,516763;53,047001;3,91
05.07.2025 11:35:56;0;0,65407;3,758472;0,201477;0;4,648567;53,070999;3,98
05.07.2025 11:40:57;0;0,840947;3,688112;0,198557;0;4,742006;53,091;3,56
05.07.2025 11:45:59;0;0,81488;3,746027;0,20081;0;4,796151;53,116001;4,12
05.07.2025 11:51:01;0;0,838162;3,815315;0,20081;0;4,88928;53,134998;3,62
05.07.2025 11:56:02;0;0,875986;3,956468;0,204397;0;5,045681;53,165001;4,05
05.07.2025 12:01:04;0;1,105909;3,920364;0,20081;0;5,261796;53,188;3,69
05.07.2025 12:06:07;0;1,287902;3,895545;0,203048;0;5,430074;53,209999;3,61
05.07.2025 12:11:08;0,078839;0,852627;3,885548;0,178117;0,075919;4,765365;53,222;8,73
05.07.2025 12:16:11;0,104425;1,079053;3,964325;0,200147;0,046411;5,128403;53,098999;-12,38
05.07.2025 12:21:13;0,194989;1,012779;3,930329;0,186258;0,10186;4,842715;53,245998;3,74
05.07.2025 12:26:15;0,174617;0,838162;3,778715;0,209541;0,119322;4,563328;53,25;3,82
05.07.2025 12:31:17;0,171707;1,082626;3,743792;0,197899;0,116411;4,772868;53,140999;-8,24
05.07.2025 12:36:19;0,352145;0,442363;3,731312;0,194989;0,244464;3,795012;53,078999;-13,28
05.07.2025 12:41:21;1,32709;0,174617;3,836082;0,075667;0,500569;2,258382;52,931999;-12,69
05.07.2025 12:46:23;0,273567;1,175755;3,847165;0,183348;0,186258;4,796151;53,104;-3,54
05.07.2025 12:51:23;1,12207;0,339844;3,801656;0,076172;0,489258;2,648438;53,099998;20,309999
05.07.2025 12:56:23;0,56543;1,089844;3,948188;0,18457;0,556641;4,101563;52,698002;-23,700001
05.07.2025 13:01:25;2,357331;0,011641;5,062872;0;1,260154;1,466784;52,499001;-24,23
05.07.2025 13:06:27;0,389978;1,094267;4,620509;0,221182;0,355055;5,215232;52,687;-8,25
05.07.2025 13:11:29;0;1,73453;3,93452;0,320131;0,128053;5,890418;52,833;14,43
05.07.2025 13:16:31;0,040744;1,268885;4,248831;0,325952;0,241554;5,564466;52,736;-9,63
05.07.2025 13:21:33;0,029103;0,81488;4,539579;0,221182;0,061116;5,517901;52,771;-9,84
05.07.2025 13:26:35;0,293939;0,081488;6,472009;0,020372;0,81779;5,448055;52,456001;-23,73
05.07.2025 13:31:36;0,0146;0,058399;6,166196;0;0,791308;5,466154;52,557999;-2,27
05.07.2025 13:36:39;0,290068;0,730972;2,795514;0,113127;0,400294;2,923886;52,462002;-10,72
05.07.2025 13:41:42;0,556931;0;2,493843;0;0,559831;1,415532;52,405998;-10,77
05.07.2025 13:46:42;0,172852;0,503906;2,506781;0,125977;0,462891;2,507813;52,375999;-10,98
05.07.2025 13:51:43;0,070079;1,90381;2,556852;0,230676;0,189797;4,48505;52,539001;3,97
05.07.2025 13:56:45;0,011641;1,8393;2,537583;0,221182;0,09895;4,493481;52,582001;4,47
05.07.2025 14:01:45;0;2,414063;2,519063;0,175781;0,084961;5,039063;52,481998;-5,92
05.07.2025 14:06:47;0;2,502846;2,479377;0,244464;0,011641;5,238514;52,605999;3,31
05.07.2025 14:11:47;0;2,671875;2,506781;0,196289;0;5,390625;52,626999;1,91
05.07.2025 14:16:49;0;2,398075;2,665635;0,20372;0;5,261796;52,666;3,8
05.07.2025 14:21:51;0;2,316587;2,665077;0,20081;0;5,215232;52,702999;5,15
05.07.2025 14:26:53;0,148425;1,303808;2,629595;0,142604;0,395799;3,585472;52,467999;-13,1
05.07.2025 14:31:55;0,157155;0,023282;2,642073;0;0,526762;1,978994;52,304001;-25,5
05.07.2025 14:36:57;0,259015;0,093129;4,178425;0,707199;0,413261;4,330505;52,786999;22,43
05.07.2025 14:41:57;0,00293;0,09375;4,205719;1,201172;0;5,484375;52,979;22,139999
05.07.2025 14:46:59;0;1,431861;2,69972;1,216499;0;5,378208;53,174999;22,559999
05.07.2025 14:52:01;0;1,257243;2,524824;1,21941;0;5,005691;53,359001;22,77
05.07.2025 14:57:03;0,034923;1,059344;2,46606;1,146653;0,00291;4,679739;53,544998;22,66
05.07.2025 15:02:06;0,055113;0,649752;2,574504;0,696163;0,168239;3,689666;53,570999;19,360001
05.07.2025 15:07:07;0;1,810372;2,568812;0,694949;0;5,0924;53,573002;10,11
05.07.2025 15:12:10;0,081219;0,440903;2,47008;0,200147;0,278465;2,784653;53,43;-1,49
05.07.2025 15:17:11;0,00876;0,02336;2,451734;0;0,432153;2,032288;53,188;-7,15
05.07.2025 15:22:13;0,014551;0,826521;2,245716;0,5093;0,023282;3,56219;53,562;12,5
05.07.2025 15:27:14;0,00584;1,623495;2,311857;0,408794;0,00584;4,344892;53,481998;-1,89
05.07.2025 15:32:14;0,395508;0,117188;3,818156;0,046875;0,849609;2,765625;53,308998;13,53
05.07.2025 15:37:15;0,338715;0,163517;3,945629;0,248196;0,435073;3,620743;52,984001;-23,9
05.07.2025 15:42:18;0,243657;0,197246;3,410458;0,205948;0,800588;2,761448;53,313;22,99
05.07.2025 15:47:18;0;1,019531;2,728594;1,139648;0;4,921875;53,563;14,81
05.07.2025 15:52:20;0,023282;0,803239;2,327204;0,317221;0,154245;3,25952;53,369999;-1,15
05.07.2025 15:57:21;0,0146;1,565096;2,346336;0,437993;0,02628;4,344892;53,479;-5,24
05.07.2025 16:02:21;0,00293;1,910156;2,401594;0,251953;0,005859;4,570313;53,563999;3,09
05.07.2025 16:07:21;0,026367;1,277344;2,425594;0,087891;0,026367;3,773438;53,519001;-0,19
05.07.2025 16:12:24;0;2,21612;2,331961;0;0,008702;4,525062;53,507;-0,18
05.07.2025 16:17:25;0;2,324284;2,241778;0;0,01168;4,601848;53,499001;-0,17
05.07.2025 16:22:28;0;2,401764;2,14604;0;0,008702;4,548267;53,493;-0,19
05.07.2025 16:27:29;0;2,406042;2,160299;0;0,00584;4,578488;53,487;-0,17
05.07.2025 16:32:32;0;2,123298;2,146318;0;0,008702;4,269802;53,483002;-0,16
05.07.2025 16:37:33;0,0146;0,747508;2,276817;0;0,0292;3,013393;53,470001;-0,19
05.07.2025 16:42:36;0,014503;0,835396;2,308199;0;0,04351;3,086324;53,460999;-0,19
05.07.2025 16:47:37;0;2,020608;2,335496;0;0,00876;4,344892;53,458;-0,18
05.07.2025 16:52:40;0;1,102259;2,23914;0;0,008702;3,36479;53,452999;-0,17
05.07.2025 16:57:40;0;2,003906;2,202656;0;0,008789;4,195313;53,448002;-0,16
05.07.2025 17:02:41;0;1,985569;2,545453;0;0,00876;4,555129;53,444;-0,17
05.07.2025 17:07:43;0;1,012779;3,060596;0;0,008731;4,0744;53,439999;-0,16
05.07.2025 17:12:46;0;1,984066;2,157642;0;0,008702;4,130569;53,436001;-0,17
05.07.2025 17:17:48;0;1,746171;2,141225;0;0,008731;3,934706;53,431999;-0,17
05.07.2025 17:22:49;0;1,868771;2,230098;0;0,00876;4,087936;53,426998;-0,17
05.07.2025 17:27:52;0,762879;0,011603;2,285272;0;0,324876;1,229889;53,245998;-8,61
05.07.2025 17:32:54;0,582057;0,10477;2,39733;0;0,40453;1,536631;53,146;-9,44
05.07.2025 17:37:56;0,049475;1,105909;2,444174;0;0,10186;3,399214;53,226002;-0,19
05.07.2025 17:42:58;0;1,769454;2,362686;0;0,008731;4,144247;53,23;-0,19
05.07.2025 17:48:00;0;1,164114;2,72114;0;0,011641;3,888142;53,228001;-0,18
05.07.2025 17:53:00;0;1,089844;2,668406;0;0,008789;3,773438;53,223999;-0,17
05.07.2025 17:58:01;0,259876;0,899346;2,507984;0;0,043799;3,106831;53,203999;-0,17
05.07.2025 18:03:04;0,490215;0,38289;2,468781;0;0,055113;2,34375;53,194;-0,17
05.07.2025 18:08:06;0,395799;0,477287;2,430112;0;0,037834;2,467922;53,174999;-0,17
05.07.2025 18:13:06;0,020508;0,644531;2,539781;0;0,011719;3,1875;53,185001;-0,17
05.07.2025 18:18:07;0;0,782548;2,601983;0;0,00876;3,433866;53,181999;-0,17
05.07.2025 18:23:09;0;0,640263;2,616929;0;0,011641;3,236238;53,179001;-0,17
05.07.2025 18:28:12;0;0,429301;2,59669;0;0,008702;3,039913;53,174999;-0,17
05.07.2025 18:33:13;0;0,315355;2,567504;0;0,00876;2,873235;53,174;-0,19
05.07.2025 18:38:13;0;0,246094;2,563781;0;0,008789;2,8125;53,168999;-0,17
05.07.2025 18:43:16;0;0,208849;2,52763;0;0,011603;2,738243;53,165001;-0,17
05.07.2025 18:48:18;0,023282;0,023282;2,547921;0;0,023282;2,561051;53,136002;-2,43
05.07.2025 18:53:20;0,145514;0;2,559562;0;0,151335;2,281664;53,09;-2,92
05.07.2025 18:58:21;0,236516;0,490552;1,980057;0;0,151838;2,055648;53,09;-0,19
05.07.2025 19:03:23;0;1,676325;0,267746;0;0,008731;1,978994;53,095001;-0,19
05.07.2025 19:08:26;0;1,531559;0,266863;0;0,011603;1,763614;53,092999;-0,17
05.07.2025 19:13:28;0;1,373655;0,256105;0;0,008731;1,606478;53,09;-0,17
05.07.2025 19:18:30;0;1,187397;0,267746;0;0,008731;1,443502;53,088001;-0,17
05.07.2025 19:23:32;0;1,047703;0,279387;0;0,008731;1,350373;53,084999;-0,17
05.07.2025 19:28:34;0;0,931291;0,314311;0;0,008731;1,233961;53,082001;-0,17
05.07.2025 19:33:35;0;0,852627;0,327035;0;0,00876;1,167982;53,077999;-0,17
05.07.2025 19:38:36;0;0,794228;0,315355;0;0,00876;1,097903;53,076;-0,17
05.07.2025 19:43:38;0,00291;0,675186;0,384158;0;0,008731;1,047703;53,073002;-0,17
05.07.2025 19:48:41;0;0,603342;0,371287;0;0,008702;0,974629;53,07;-0,17
05.07.2025 19:53:43;0;0,523851;0,419081;0;0,008731;0,908009;53,067001;-0,17
05.07.2025 19:58:44;0;0,502232;0,362074;0;0,01168;0,864306;53,063;-0,17
05.07.2025 20:03:46;0;0,419081;0,325952;0;0,008731;0,745033;53,061001;-0,17
05.07.2025 20:08:46;0;0,339844;0,398438;0;0,008789;0,726563;53,056999;-0,17
05.07.2025 20:13:48;0;0,384158;0,30267;0;0,008731;0,675186;53,055;-0,17
05.07.2025 20:18:50;0;0,384158;0,267746;0;0,008731;0,628622;53,050999;-0,17
05.07.2025 20:23:52;0;0,279387;0,267746;0;0,008731;0,535493;53,048;-0,17
05.07.2025 20:28:54;0,113501;0,011641;1,32709;0;0,838162;0,419081;52,653;-24,51
05.07.2025 20:33:56;0,209541;0;1,862583;0;1,260154;0,372517;52,501999;-24,379999
05.07.2025 20:38:58;0,029103;0,046565;0,71011;0;0,378337;0,372517;52,686001;-2,41
05.07.2025 20:44:00;0;0,023282;0,419081;0;0,154245;0,279387;52,667999;-3,04
05.07.2025 20:49:02;0;0,011641;0,384158;0;0,224092;0,162976;52,612;-6,14
05.07.2025 20:54:02;0,00293;0,011719;0,351563;0;0,295898;0,09375;52,584999;-5,27
05.07.2025 20:59:04;0;0,011641;0,325952;0;0,288118;0,023282;52,549;-5,73
05.07.2025 21:04:06;0,00291;0,011641;0,372517;0;0,387068;0;52,48;-8,45
05.07.2025 21:09:08;0;0,023282;0,395799;0;0,413261;0;52,441002;-8,59
05.07.2025 21:14:08;0,00293;0,011719;0,503906;0;0,503906;0;52,390999;-7,95
05.07.2025 21:19:10;0;0,011641;0,360875;0;0,378337;0;52,367001;-7,14
05.07.2025 21:24:12;0,005821;0,023282;0,430722;0;0,448184;0;52,308998;-8,89
05.07.2025 21:29:12;0;0,011719;0,46875;0;0,480469;0;52,255001;-9,98
05.07.2025 21:34:14;0,005821;0,023282;0,616981;0;0,631532;0;52,173;-12,46
05.07.2025 21:39:16;0,00291;0,011641;0,651904;0;0,663545;0;52,108002;-12,66
05.07.2025 21:44:18;0;0,011641;0,593698;0;0,61116;0;52,063;-11,54
05.07.2025 21:49:20;0;0,023282;0,582057;0;0,596609;0;52,011002;-11,43
05.07.2025 21:54:22;0;0,011641;0,523851;0;0,532582;0;51,984001;-10,05
05.07.2025 21:59:22;0;0,011719;0,457031;0;0,483398;0;51,949001;-8,98
05.07.2025 22:04:24;0;0,023282;0,454005;0;0,459825;0;51,904999;-9,95
05.07.2025 22:09:27;0,002901;0,011603;0,440903;0;0,46991;0;51,868;-9,54
05.07.2025 22:14:29;0;0,023282;0,488928;0;0,488928;0;51,82;-9,37
05.07.2025 22:19:30;0;0,01168;0,362074;0;0,394194;0;51,812;-7,47
05.07.2025 22:24:33;0;0,011603;0,359684;0;0,374188;0;51,780998;-7,32
05.07.2025 22:29:35;0;0,023282;0,372517;0;0,378337;0;51,749001;-7,26
05.07.2025 22:34:36;0,00584;0,01168;0,432153;0;0,446753;0;51,686001;-9,89
05.07.2025 22:39:38;0;0,011641;0,488928;0;0,5093;0;51,641998;-9,91
05.07.2025 22:44:40;0;0,023282;0,488928;0;0,50639;0;51,605999;-9,71
05.07.2025 22:49:42;0;0,011641;0,477287;0;0,491838;0;51,569;-9,33
05.07.2025 22:54:45;0;0,011603;0,475712;0;0,484414;0;51,532001;-9,36
05.07.2025 22:59:47;0;0,023282;0,454005;0;0,468556;0;51,508999;-8,13
05.07.2025 23:04:48;0;0,01168;0,397114;0;0,420473;0;51,474998;-8,28
05.07.2025 23:09:48;0;0,023438;0,410156;0;0,418945;0;51,460999;-6,16
05.07.2025 23:14:50;0;0,011641;0,30267;0;0,311401;0;51,445;-6,04
05.07.2025 23:19:52;0,00291;0,011641;0,337593;0;0,357965;0;51,396999;-8,15
05.07.2025 23:24:55;0;0,023205;0,417698;0;0,432201;0;51,362999;-8,22
05.07.2025 23:29:56;0,0146;0,01168;0,60735;0;0,61903;0;51,27;-12,72
05.07.2025 23:34:58;0;0,011641;0,593698;0;0,605339;0;51,243;-10,93
05.07.2025 23:40:00;0;0,023282;0,535493;0;0,561685;0;51,206001;-10,93
05.07.2025 23:45:03;0;0,023205;0,51052;0;0,516321;0;51,186001;-9,34
05.07.2025 23:50:05;0;0,011641;0,384158;0;0,40744;0;51,181;-7,32
05.07.2025 23:55:07;0;0,023282;0,337593;0;0,352145;0;51,167999;-6,86
06.07.2025 00:00:15;0,002854;0,011414;0,353845;0;0,362406;0;51,138;-7,4
06.07.2025 00:05:17;0;0,011641;0,337593;0;0,360875;0;51,117001;-6,9
06.07.2025 00:10:16;0;0,023516;0,246917;0;0,261614;0;51,138;-3,59
06.07.2025 00:15:17;0;0,01168;0,163517;0;0,183957;0;51,132;-3,69
06.07.2025 00:20:17;0;0,023438;0,164063;0;0,181641;0;51,123001;-3,41
06.07.2025 00:25:19;0,005821;0,011641;0,209541;0;0,209541;0;51,087002;-5,79
06.07.2025 00:30:20;0;0,01168;0,280316;0;0,303675;0;51,050999;-6,97
06.07.2025 00:35:22;0;0,023282;0,325952;0;0,343414;0;51,028;-6,61
06.07.2025 00:40:24;0;0,011641;0,325952;0;0,337593;0;51,008999;-6,55
06.07.2025 00:45:27;0;0,011603;0,301671;0;0,327777;0;50,988998;-6,36
06.07.2025 00:50:29;0;0,023282;0,291029;0;0,30558;0;50,98;-5,36
06.07.2025 00:55:31;0;0,011641;0,256105;0;0,270657;0;50,970001;-5,13
06.07.2025 01:00:33;0;0,023282;0,162976;0;0,180438;0;50,985001;-2,99
06.07.2025 01:05:35;0;0,011641;0,139694;0;0,154245;0;50,978001;-3,03
06.07.2025 01:10:37;0,00291;0,011641;0,162976;0;0,165886;0;50,959;-4,23
06.07.2025 01:15:39;0,005821;0,023282;0,244464;0;0,253195;0;50,910999;-6,96
06.07.2025 01:20:41;0,00291;0,011641;0,419081;0;0,436543;0;50,858002;-8,55
06.07.2025 01:25:42;0;0,01168;0,420473;0;0,437993;0;50,832001;-8,61
06.07.2025 01:30:45;0;0,023205;0,359684;0;0,374188;0;50,826;-7,03
06.07.2025 01:35:47;0;0,011641;0,337593;0;0,357965;0;50,806999;-7,08
06.07.2025 01:40:49;0;0,011641;0,349234;0;0,352145;0;50,785999;-6,91
06.07.2025 01:45:51;0,00291;0,023282;0,360875;0;0,381247;0;50,765999;-6,54
06.07.2025 01:50:52;0;0,01168;0,315355;0;0,332875;0;50,750999;-6,45
06.07.2025 01:55:55;0;0,023205;0,232054;0;0,261061;0;50,764;-4,26
06.07.2025 02:00:57;0;0,011641;0,209541;0;0,215361;0;50,756001;-4,21
06.07.2025 02:05:59;0;0,023282;0,162976;0;0,171707;0;50,758999;-3,39
06.07.2025 02:11:01;0,005821;0,011641;0,174617;0;0,192079;0;50,723999;-5,89
06.07.2025 02:16:03;0;0,011641;0,267746;0;0,288118;0;50,702999;-5,59
06.07.2025 02:21:05;0;0,023282;0,267746;0;0,279387;0;50,688;-5,53
06.07.2025 02:26:07;0;0,011641;0,267746;0;0,282298;0;50,673;-5,53
06.07.2025 02:31:09;0;0,011641;0,256105;0;0,276477;0;50,655998;-5,62
06.07.2025 02:36:11;0,00291;0,011641;0,325952;0;0,328862;0;50,622002;-6,74
06.07.2025 02:41:13;0;0,023282;0,291029;0;0,30558;0;50,626999;-4,55
06.07.2025 02:46:15;0;0,011641;0,197899;0;0,229913;0;50,623001;-4,31
06.07.2025 02:51:17;0;0,023282;0,174617;0;0,189169;0;50,629002;-3,14
06.07.2025 02:56:19;0;0,011641;0,139694;0;0,154245;0;50,625;-3,06
06.07.2025 03:01:21;0,005821;0,023282;0,267746;0;0,270657;0;50,570999;-6,64
06.07.2025 03:06:23;0,00291;0,011641;0,314311;0;0,331773;0;50,544998;-6,39
06.07.2025 03:11:23;0;0,011719;0,304688;0;0,322266;0;50,528;-6,27
06.07.2025 03:16:25;0,005821;0,011641;0,325952;0;0,328862;0;50,488998;-8,42
06.07.2025 03:21:27;0;0,023282;0,372517;0;0,387068;0;50,476002;-7,13
06.07.2025 03:26:29;0;0,011641;0,325952;0;0,352145;0;50,459999;-6,87
06.07.2025 03:31:31;0;0,023282;0,256105;0;0,276477;0;50,473999;-4,59
06.07.2025 03:36:33;0;0,011641;0,221182;0;0,232823;0;50,466;-4,55
06.07.2025 03:41:33;0;0,023438;0,222656;0;0,231445;0;50,457001;-4,53
06.07.2025 03:46:35;0,005821;0,011641;0,162976;0;0,180438;0;50,438;-7,22
06.07.2025 03:51:35;0;0,011719;0,257813;0;0,28125;0;50,423;-5,38
06.07.2025 03:56:38;0;0,023205;0,25526;0;0,269763;0;50,404999;-5,25
06.07.2025 04:01:39;0;0,01168;0,327035;0;0,329955;0;50,372002;-6,58
06.07.2025 04:06:39;0;0,011719;0,316406;0;0,336914;0;50,352001;-6,57
06.07.2025 04:11:40;0;0,02336;0,315355;0;0,324115;0;50,332001;-6,36
06.07.2025 04:16:42;0;0,023282;0,279387;0;0,293939;0;50,341;-4,25
06.07.2025 04:21:44;0;0;0,197899;0;0,218271;0;50,335999;-4,3
06.07.2025 04:26:47;0;0,023205;0,197246;0;0,21175;0;50,328999;-4,14
06.07.2025 04:31:48;0;0,01168;0,163517;0;0,183957;0;50,333;-3,11
06.07.2025 04:36:51;0,008702;0,023205;0,243657;0;0,252359;0;50,292999;-5,51
06.07.2025 04:41:52;0;0,02336;0,256956;0;0,268636;0;50,276001;-5,29
06.07.2025 04:46:54;0;0;0,244464;0;0,264836;0;50,259998;-5,25
06.07.2025 04:51:57;0;0,034808;0,243657;0;0,266863;0;50,245998;-5,22
06.07.2025 04:56:57;0;0;0,269531;0;0,272461;0;50,229;-5,55
06.07.2025 05:01:58;0;0,02336;0,198557;0;0,218997;0;50,242001;-3,36
06.07.2025 05:07:00;0;0,023282;0,151335;0;0,168797;0;50,238998;-3,27
06.07.2025 05:12:03;0;0,011603;0,162438;0;0,17114;0;50,231998;-3,43
06.07.2025 05:17:04;0,01168;0,01168;0,256956;0;0,268636;0;50,154999;-9,48
06.07.2025 05:22:07;0;0,023205;0,429301;0;0,440903;0;50,119999;-8,66
06.07.2025 05:27:08;0;0,01168;0,408794;0;0,426313;0;50,087002;-8,59
06.07.2025 05:32:10;0;0,023282;0,384158;0;0,40453;0;50,073002;-7,9
06.07.2025 05:37:12;0;0,011641;0,395799;0;0,40744;0;50,043999;-8,04
06.07.2025 05:42:15;0;0,011603;0,38289;0;0,388691;0,023205;50,040001;-6,15
06.07.2025 05:47:17;0;0,023282;0,325952;0;0,30558;0,046565;50,030998;-5,86
06.07.2025 05:52:18;0;0,01168;0,198557;0;0,169357;0,046719;50,077;-2,05
06.07.2025 05:57:21;0,049312;0,011603;0,139233;0,011603;0,046411;0,069616;50,112;-0,2
06.07.2025 06:02:23;0,032013;0;0,162976;0;0,011641;0,093129;50,124001;-0,19
06.07.2025 06:07:25;0,014551;0,011641;0,197899;0,00291;0,040744;0,139694;50,106998;-2,51
06.07.2025 06:12:26;0,01168;0,01168;0,256956;0;0,055479;0,233596;50,127998;-0,17
06.07.2025 06:17:29;0;0,081219;0,25526;0;0,011603;0,324876;50,133999;-0,19
06.07.2025 06:22:29;0;0,082031;0,257813;0,073242;0,00293;0,421875;50,189999;3,98
06.07.2025 06:27:30;0,00292;0,058399;0,338715;0,233596;0;0,60735;50,243;5,81
06.07.2025 06:32:32;0;0,034923;0,30267;0,328862;0;0,675186;50,303001;8,43
06.07.2025 06:37:33;0;0,046719;0,198557;0,446753;0;0,700789;50,362999;9,82
06.07.2025 06:42:34;0;0,046719;0,210237;0,592751;0;0,840947;50,448002;13,56
06.07.2025 06:47:35;0;0,046719;0,175197;0,694949;0;0,911026;50,498001;13,73
06.07.2025 06:52:37;0,00291;0,046565;0,221182;0,51221;0;0,768315;50,458;7,18
06.07.2025 06:57:38;0;0,046719;0,291995;0,446753;0;0,770868;50,5;8,72
06.07.2025 07:02:40;0,017462;0,034923;0,349234;0,421991;0,008731;0,791598;50,405998;-7,48
06.07.2025 07:07:42;0,017462;0,011641;1,827659;0;0,989497;0,838162;50,113998;-20,940001
06.07.2025 07:12:45;0,34228;0,011603;3,028311;0;1,74911;0,974629;49,674;-50,689999
06.07.2025 07:17:46;1,462897;0;5,150799;0;2,502401;1,191341;49,398998;-50,82
06.07.2025 07:22:49;1,606977;0;5,232828;0;2,497486;1,113861;49,157001;-51,689999
06.07.2025 07:27:48;0,355678;0,070548;2,281041;0,361557;1,243402;1,128763;49,819;14,01
06.07.2025 07:32:51;0;0,034808;0,25526;0,588838;0;0,858601;49,949001;9,57
06.07.2025 07:37:53;0,005821;0,046565;0,314311;0,334683;0;0,675186;49,957001;5,32
06.07.2025 07:42:55;0,008731;0,058206;0,395799;0,273567;0;0,721751;49,959;0,81
06.07.2025 07:47:57;0,011641;0,069847;0,605339;0,541313;0,00291;1,210679;50,123001;11,87
06.07.2025 07:52:58;0,00292;0,058399;0,408794;0,800067;0;1,26142;50,257999;19,82
06.07.2025 07:58:01;0;0,034808;0,38289;1,163173;0;1,601176;50,419998;25,51
06.07.2025 08:03:03;0,005821;0,058206;0,314311;1,233961;0;1,583195;50,514999;28,34
06.07.2025 08:08:05;0;0,046565;0,244464;1,455143;0;1,746171;50,626999;30,42
06.07.2025 08:13:06;0,00876;0,035039;0,233596;1,386978;0;1,635174;50,602001;18,58
06.07.2025 08:18:07;0,00292;0,922706;0,151838;0,505152;0,00584;1,588455;50,421001;-0,24
06.07.2025 08:23:09;0;1,105909;0,314311;1,030241;0,005821;2,421358;50,872002;42,009998
06.07.2025 08:28:11;0,005821;0,046565;0,488928;2,203086;0;2,770592;51,042999;45,169998
06.07.2025 08:33:11;0,008789;0,140625;0,515625;2,264648;0;2,882813;51,178001;44,799999
06.07.2025 08:38:11;0,00293;0,222656;0,574219;2,285156;0;3,070313;51,310001;45,220001
06.07.2025 08:43:13;0;0,442363;0,558775;2,235099;0;3,25952;51,412998;39,720001
06.07.2025 08:48:16;0;1,009437;0,614944;1,847734;0;3,457611;51,450001;35,02
06.07.2025 08:53:17;0,096358;0,233596;1,973889;1,162142;0;3,270349;51,419998;27,969999
06.07.2025 08:58:19;0,005821;1,618119;0,454005;1,356193;0;3,422496;51,474998;23,129999
06.07.2025 09:03:21;0,023282;1,455143;0,523851;1,129191;0;3,073262;51,530998;22,35
06.07.2025 09:08:23;0,00291;1,955712;0,395799;1,172845;0;3,56219;51,615002;22,83
06.07.2025 09:13:25;0;2,316587;0,384158;1,184486;0;3,888142;51,688;22,75
06.07.2025 09:18:27;0;1,93243;0,442363;1,187397;0;3,538907;51,765999;23,780001
06.07.2025 09:23:29;0;1,245602;0,419081;1,204858;0;2,863721;51,866001;23,17
06.07.2025 09:28:29;0;1,230469;0,398438;1,204102;0;2,859375;51,938;22,469999
06.07.2025 09:33:32;0;0,881807;0,38289;1,203782;0;2,436572;52,040001;23,49
06.07.2025 09:38:33;0;1,740293;0,291995;1,208861;0;3,246989;52,139999;23,280001
06.07.2025 09:43:33;0;2,050781;0,304688;1,207031;0;3,585938;52,241001;23,440001
06.07.2025 09:48:35;0;2,095406;0,279387;1,213589;0;3,585472;52,327;23,120001
06.07.2025 09:53:37;0;1,885865;0,372517;1,22232;0;3,445778;52,448002;23,49
06.07.2025 09:58:40;0;2,540996;0,38289;1,209584;0;4,153775;52,554001;23,85
06.07.2025 10:03:41;0;2,406042;0,455513;1,220541;0;4,087936;52,660999;23,200001
06.07.2025 10:08:41;0;2,566406;0,386719;1,230469;0;4,195313;52,768002;23,540001
06.07.2025 10:13:43;0;2,945209;0,337593;1,036062;0,00291;4,28394;52,659;4,04
06.07.2025 10:18:45;0;3,946347;0,244464;0,20372;0;4,400352;52,597;3,81
06.07.2025 10:23:47;0;3,841577;0,221182;0,20372;0,005821;4,260658;52,605999;3,43
06.07.2025 10:28:50;0;3,910118;0,208849;0,200147;0;4,316213;52,618;4,12
06.07.2025 10:33:51;0;4,017857;0,256956;0,201477;0;4,48505;52,630001;3,86
06.07.2025 10:38:53;0;3,783371;0,337593;0,197899;0,00291;4,330505;52,648998;4,15
06.07.2025 10:43:54;0;3,86602;0,291995;0,204397;0;4,344892;52,667999;3,92
06.07.2025 10:48:55;0;4,099616;0,268636;0,195637;0;4,578488;52,652;-1,74
06.07.2025 10:53:55;0;3,996094;0,257813;0,208008;0;4,476563;52,706001;4,05
06.07.2025 10:58:58;0;4,014542;0,243657;0,200147;0;4,409035;52,726002;4,45
06.07.2025 11:03:57;0;4,291649;0,164611;0,196946;0,002939;4,656145;52,729;2,46
06.07.2025 11:08:59;0;4,120964;0,197899;0,212451;0,00291;4,563328;52,813;10,28
06.07.2025 11:14:02;0;4,014542;0,25526;0,21465;0,023205;4,43224;52,782001;7,34
06.07.2025 11:19:03;0;4,064576;0,362074;0,242356;0,061319;4,625208;52,731998;-4,67
06.07.2025 11:24:05;0;4,155888;0,349234;0,235733;0,008731;4,726304;52,826;4,9
06.07.2025 11:29:06;0;4,344892;0,327035;0,207317;0,00292;4,882164;52,835999;3,99
06.07.2025 11:34:08;0;4,097682;0,337593;0,183348;0,00291;4,609892;52,847;3,62
06.07.2025 11:39:09;0;3,947778;0,350395;0,230676;0,02336;4,48505;52,894001;2,8
06.07.2025 11:44:11;0;3,503984;0,30267;0,227002;0,055295;3,981271;52,883999;3,77
06.07.2025 11:49:12;0;3,036752;0,256956;0,233596;0,02336;3,527305;52,898998;3,09
06.07.2025 11:54:11;0;3,080581;0,188127;0,223401;0,002939;3,480351;52,925999;3,71
06.07.2025 11:59:14;0;3,66646;0,12763;0,220452;0,023205;3,991337;52,917;-2,2
06.07.2025 12:04:15;0;3,060112;0,116798;0,186877;0;3,363787;52,985001;5,88
06.07.2025 12:09:16;0;3,258669;0,210237;0,210237;0,0146;3,667463;52,994999;3,79
06.07.2025 12:14:18;0;2,910286;0,221182;0,20663;0,014551;3,329367;53,011002;4,12
06.07.2025 12:19:19;0;2,791476;0,233596;0,218997;0,00292;3,22363;53,063999;6,78
06.07.2025 12:24:21;0;3,701883;0,244464;0,250285;0,049475;4,144247;52,990002;-2,05
06.07.2025 12:29:24;0;3,678063;0,232054;0,258161;0,060914;4,130569;53,095001;6,41
06.07.2025 12:34:25;0;3,387147;0,221917;0,239436;0,037959;3,784261;53,105999;4,39
06.07.2025 12:39:27;0;2,502846;0,186258;0,194989;0,020372;2,887003;53,120998;3,62
06.07.2025 12:44:27;0;1,910156;0,1875;0,202148;0;2,296875;53,147999;3,93
06.07.2025 12:49:27;0;2,320313;0,199219;0,208008;0,00293;2,742188;53,165001;3,33
06.07.2025 12:54:29;0;3,224596;0,267746;0,235733;0,014551;3,678601;53,219002;6,77
06.07.2025 12:59:32;0;2,761448;0,232054;0,200147;0,014503;3,179146;53,220001;4
06.07.2025 13:04:32;0;3,269531;0,316406;0,260742;0,064453;3,796875;53,242001;3,74
06.07.2025 13:09:34;0;2,572692;0,291029;0,20372;0;3,049979;53,284;5,13
06.07.2025 13:14:35;0;3,270349;0,373754;0,262796;0,02336;3,901059;53,346001;16,879999
06.07.2025 13:19:37;0;4,959127;0,30267;0,270657;0,049475;5,471337;53,334;3,74
06.07.2025 13:24:40;0;5,847772;0,25526;0,174041;0,002901;6,288676;53,346001;2,7
06.07.2025 13:29:40;0;4,5;0,246094;0,202148;0,00293;4,945313;53,425999;8,72
06.07.2025 13:34:42;0;5,50626;0,291029;0,224092;0,011641;6,006829;53,442001;7,88
06.07.2025 13:39:44;0;3,77173;0,314311;0,197899;0,023282;4,260658;53,436001;2,67
06.07.2025 13:44:46;0;2,374793;0,244464;0,162976;0;2,793874;53,459;3,51
06.07.2025 13:49:48;0;1,816018;0,244464;0,20372;0;2,258382;53,493;3,68
06.07.2025 13:54:50;0;2,072123;0,221182;0,20372;0;2,491204;53,52;3,74
06.07.2025 13:59:50;0;2,261719;0,234375;0,210938;0;2,695313;53,561001;4,2
06.07.2025 14:04:51;0;4,45001;0,233596;0,154758;0,00292;4,858804;53,527;-0,19
06.07.2025 14:09:53;0;6,682016;0,256105;0,00291;0,011641;6,914839;53,512001;-0,19
06.07.2025 14:14:54;0;2,686358;0,175197;0;0,00876;2,826516;53,501999;-0,17
06.07.2025 14:19:56;0;2,083764;0,174617;0;0,008731;2,281664;53,497002;-0,17
06.07.2025 14:24:58;0;2,561051;0,30267;0;0,011641;2,863721;53,492001;-0,17
06.07.2025 14:30:00;0;4,574969;0,314311;0;0,008731;4,88928;53,486;-0,17
06.07.2025 14:35:02;0;4,58661;0,30267;0;0,008731;4,842715;53,481998;-0,16
06.07.2025 14:40:04;0;3,550548;0,221182;0;0,008731;3,795012;53,476002;-0,15
06.07.2025 14:45:05;0;3,18859;0,221917;0;0,00876;3,387147;53,473;-0,15
06.07.2025 14:50:08;0;1,856436;0,116027;0;0,008702;1,949257;53,469002;-0,17
06.07.2025 14:55:10;0;1,687966;0,10477;0;0,008731;1,792736;53,463001;-0,18
06.07.2025 15:00:12;0;1,292167;0,116411;0;0,008731;1,396937;53,459;-0,15
06.07.2025 15:05:14;0;1,036062;0,174617;0;0,008731;1,187397;53,453999;-0,15
06.07.2025 15:10:16;0;1,012779;0,232823;0;0,008731;1,257243;53,450001;-0,15
06.07.2025 15:15:18;0;0,896368;0,325952;0;0,005821;1,210679;53,445999;-0,17
06.07.2025 15:20:20;0;0,838162;0,314311;0;0,008731;1,140832;53,441002;-0,16
06.07.2025 15:25:22;0;0,698469;0,337593;0;0,008731;1,047703;53,436001;-0,15
06.07.2025 15:30:22;0;0,84375;0,351563;0;0,008789;1,171875;53,432999;-0,15
06.07.2025 15:35:24;0;1,257243;0,325952;0;0,008731;1,559913;53,429001;-0,15
06.07.2025 15:40:26;0;1,955712;0,186258;0;0,008731;2,165252;53,423;-0,15
06.07.2025 15:45:28;0;2,607616;0,116411;0;0,005821;2,724027;53,419998;-0,15
06.07.2025 15:50:30;0;1,594837;0,174617;0;0,008731;1,746171;53,415001;-0,15
06.07.2025 15:55:32;0;0,756674;0,267746;0;0,008731;1,024421;53,410999;-0,15
06.07.2025 16:00:34;0;0,256105;0,314311;0;0,008731;0,535493;53,407001;-0,15
06.07.2025 16:05:33;0;0,176369;0,270433;0;0,008818;0,446802;53,403;-0,16
06.07.2025 16:10:35;0;0,197899;0,244464;0;0,005821;0,442363;53,397999;-0,16
06.07.2025 16:15:38;0;0,150835;0,25526;0;0,008702;0,394493;53,394001;-0,16
06.07.2025 16:20:39;0;0,116798;0,186877;0;0,00876;0,280316;53,389999;-0,16
06.07.2025 16:25:41;0;0,093129;0,139694;0;0,008731;0,232823;53,383999;-0,15
06.07.2025 16:30:43;0;0,093129;0,139694;0;0,008731;0,209541;53,381001;-0,16
06.07.2025 16:35:46;0;0,081219;0,162438;0;0,011603;0,25526;53,376999;-0,15
06.07.2025 16:40:47;0,043799;0,01168;0,291995;0;0,0146;0,256956;53,370998;-0,18
06.07.2025 16:45:50;0,049312;0;0,301671;0;0,031907;0,232054;53,349998;-1,22
06.07.2025 16:50:51;0,01752;0,02336;0,303675;0;0,0146;0,280316;53,355999;-0,17
06.07.2025 16:55:54;0;0,185644;0,243657;0;0,005801;0,394493;53,352001;-0,15
06.07.2025 17:00:55;0;0,198557;0,221917;0;0,01168;0,420473;53,348;-0,16
06.07.2025 17:05:58;0;0,25526;0,139233;0;0,005801;0,394493;53,344002;-0,15
06.07.2025 17:11:00;0;0,244464;0,128053;0;0,008731;0,372517;53,339001;-0,17
06.07.2025 17:16:02;0;0,151335;0,221182;0;0,011641;0,349234;53,334;-0,16
06.07.2025 17:21:03;0,00876;0,128478;0,280316;0;0,00876;0,397114;53,330002;-0,17
06.07.2025 17:26:06;0,008702;0,011603;0,406095;0;0,008702;0,371287;53,326;-0,17
06.07.2025 17:31:07;0,01752;0,01168;0,397114;0;0,137238;0,280316;53,244999;-3,94
06.07.2025 17:36:09;0;0,023282;0,384158;0;0,20081;0,186258;53,208;-2,5
06.07.2025 17:41:12;0,011603;0,011603;0,290068;0;0,049312;0,25526;53,23;-0,18
06.07.2025 17:46:14;0;0,151335;0,232823;0;0,011641;0,372517;53,23;-0,18
06.07.2025 17:51:15;0;0,233596;0,210237;0;0,00876;0,467193;53,227001;-0,18
06.07.2025 17:56:18;0;0,313274;0,150835;0;0,008702;0,417698;53,223;-0,17
06.07.2025 18:01:20;0;0,337593;0,186258;0;0,008731;0,51221;53,219002;-0,17
06.07.2025 18:06:22;0;0,430722;0,174617;0;0,011641;0,605339;53,216;-0,19
06.07.2025 18:11:23;0,00584;0,327035;0,256956;0;0,00876;0,583991;53,212002;-0,19
06.07.2025 18:16:24;0;0,455513;0,245276;0;0,01168;0,677429;53,209;-0,18
06.07.2025 18:21:26;0;0,779957;0,232823;0;0,008731;1,001138;53,203999;-0,17
06.07.2025 18:26:28;0;1,233961;0,221182;0;0,008731;1,466784;53,202;-0,18
06.07.2025 18:31:29;0;1,401578;0,221917;0;0,01168;1,611815;53,198002;-0,19
06.07.2025 18:36:29;0;1,230469;0,175781;0;0,008789;1,382813;53,193001;-0,19
06.07.2025 18:41:31;0;1,152473;0,139694;0;0,008731;1,280526;53,188999;-0,19
06.07.2025 18:46:33;0;1,070985;0,128053;0;0,011641;1,187397;53,186001;-0,19
06.07.2025 18:51:37;0;1,006116;0,150339;0;0,008673;1,156456;53,181999;-0,19
06.07.2025 18:56:35;0;0,707844;0,306732;0;0,011797;0,990982;53,18;-0,19
06.07.2025 19:01:38;0;0,545328;0,290068;0;0,008702;0,835396;53,174999;-0,17
06.07.2025 19:06:40;0;0,337593;0,30267;0;0,008731;0,628622;53,172001;-0,17
06.07.2025 19:11:42;0;0,395799;0,256105;0;0,011641;0,628622;53,168999;-0,17
06.07.2025 19:16:44;0,00291;0,256105;0,337593;0;0,008731;0,582057;53,164001;-0,17
06.07.2025 19:21:46;0;0,232823;0,267746;0;0,008731;0,488928;53,16;-0,18
06.07.2025 19:26:47;0;0,093439;0,291995;0;0,00876;0,373754;53,157001;-0,19
06.07.2025 19:31:50;0,005801;0,023205;0,266863;0;0,008702;0,278465;53,153999;-0,17
06.07.2025 19:36:52;0,046565;0;0,314311;0;0,084398;0,209541;53,083;-4,81
06.07.2025 19:41:54;0;0,023282;0,395799;0;0,253195;0,139694;53,032001;-3,96
06.07.2025 19:46:55;0;0,01168;0,327035;0;0,224836;0,116798;52,990002;-4,35
06.07.2025 19:51:58;0;0,023205;0,313274;0;0,223352;0,116027;52,957001;-3,99
06.07.2025 19:57:00;0;0,011641;0,314311;0;0,20081;0,116411;52,932999;-3,52
06.07.2025 20:02:02;0;0,023282;0,30267;0;0,162976;0,162976;52,917;-3
06.07.2025 20:05:00;0;0;0,27651;0;0,118504;0,197507;52,933998;-0,18
06.07.2025 20:10:00;0,00293;0;0,199219;0;0,011719;0,1875;52,943001;-0,19
06.07.2025 20:15:00;0,023438;0;0,175781;0;0,064453;0,09375;52,886002;-4,44
06.07.2025 20:17:39;0;0,022111;0,353774;0;0,254275;0,088443;52,852001;-5,07
06.07.2025 20:22:40;0,00584;0,01168;0,362074;0;0,309515;0,070079;52,780998;-10,51
06.07.2025 20:27:40;0;0,023438;0,492188;0;0,459961;0,046875;52,712002;-8,5
06.07.2025 20:32:39;0;0,011758;0,435044;0;0,414467;0,023516;52,675999;-7,36
06.07.2025 20:37:42;0;0,023205;0,406095;0;0,38289;0,046411;52,633999;-7,24
06.07.2025 20:42:42;0,00293;0,011719;0,421875;0;0,401367;0,023438;52,577999;-8,77
06.07.2025 20:47:41;0;0,011758;0,470318;0;0,476197;0;52,522999;-9,16
06.07.2025 20:52:42;0;0,02336;0,385434;0;0,400034;0,02336;52,495998;-7,72
06.07.2025 20:57:44;0;0,011641;0,40744;0;0,416171;0;52,452999;-7,96
06.07.2025 21:02:44;0;0,011719;0,398438;0;0,413086;0;52,418999;-7,26
06.07.2025 21:07:44;0,005859;0,023438;0,351563;0;0,369141;0;52,373001;-8,66
06.07.2025 21:12:44;0;0,011719;0,433594;0;0,445313;0;52,334;-8,52
06.07.2025 21:17:44;0,005859;0,023438;0,539063;0;0,541992;0;52,261002;-10,27
06.07.2025 21:22:46;0;0,011641;0,500569;0;0,529672;0;52,219002;-9,84
06.07.2025 21:27:46;0;0,011719;0,503906;0;0,512695;0;52,172001;-9,78
06.07.2025 21:32:46;0;0,023438;0,480469;0;0,509766;0;52,125;-9,65
06.07.2025 21:37:46;0;0,011719;0,503906;0;0,506836;0;52,094002;-8,23
06.07.2025 21:42:46;0,00293;0,023438;0,386719;0;0,407227;0;52,068001;-7,49
06.07.2025 21:47:46;0;0,011719;0,375;0;0,389648;0;52,032001;-8,12
06.07.2025 21:52:48;0;0,011641;0,419081;0;0,436543;0;51,995998;-7,8
06.07.2025 21:57:50;0,008731;0,023282;0,442363;0;0,454005;0;51,935001;-9,56
06.07.2025 22:02:52;0;0,011641;0,477287;0;0,491838;0;51,896999;-9,16
06.07.2025 22:07:54;0;0,023282;0,465646;0;0,474377;0;51,860001;-8,8
06.07.2025 22:12:56;0;0,011641;0,395799;0;0,424902;0;51,832001;-8,12
06.07.2025 22:17:58;0;0,011641;0,40744;0;0,419081;0;51,800999;-8,06
06.07.2025 22:23:00;0;0,023282;0,372517;0;0,387068;0;51,787998;-6
06.07.2025 22:28:02;0;0,011641;0,291029;0;0,30267;0;51,764999;-5,99
06.07.2025 22:33:04;0,052385;0,069847;0,442363;0;0,462735;0;51,712002;-7,34
06.07.2025 22:38:07;0,002901;0,011603;0,417698;0;0,423499;0;51,671001;-8,08
06.07.2025 22:43:09;0,005821;0,023282;0,488928;0;0,5093;0;51,603001;-10,13
06.07.2025 22:48:11;0;0,011641;0,51221;0;0,515121;0;51,575001;-9,04
06.07.2025 22:53:12;0,00292;0,01168;0,455513;0;0,475953;0;51,549999;-7,91
06.07.2025 22:58:15;0,002901;0,023205;0,359684;0;0,38289;0;51,534;-6,59
06.07.2025 23:03:17;0;0,023282;0,337593;0;0,355055;0;51,509998;-6,38
06.07.2025 23:08:18;0;0,01168;0,233596;0;0,242356;0;51,516998;-4,35
06.07.2025 23:13:20;0;0,023282;0,197899;0;0,221182;0;51,497002;-4,34
06.07.2025 23:18:22;0,005821;0,011641;0,314311;0;0,325952;0;51,452999;-6,24
06.07.2025 23:23:25;0,005801;0,011603;0,313274;0;0,324876;0;51,417;-7,23
06.07.2025 23:28:26;0;0,02336;0,350395;0;0,367914;0;51,393002;-7,03
06.07.2025 23:33:27;0;0,01168;0,338715;0;0,356234;0;51,367001;-6,86
06.07.2025 23:38:29;0;0,011641;0,349234;0;0,355055;0;51,345001;-6,89
06.07.2025 23:43:30;0;0,02336;0,291995;0;0,315355;0;51,334999;-5,44
06.07.2025 23:48:32;0;0,011641;0,267746;0;0,273567;0;51,317001;-5,4
06.07.2025 23:53:35;0;0,023205;0,208849;0;0,240756;0;51,324001;-3,16
06.07.2025 23:58:36;0;0,01168;0,151838;0;0,163517;0;51,314999;-3,13
30.06.2025 00:00:34;0;0;0;0;0;0;51,719002;-3,49
