Uhrzeit;Netzbezug [kW];Netzeinspeisung [kW];Stromverbrauch [kW];Akkubeladung [kW];Akkuentnahme [kW];Stromerzeugung [kW];Akku Spannung [V];Akku Stromstärke [A]
08.09.2025 00:06:11;0,00291;0,040016;0,296122;0;0,3325;0;52,299999;-7
08.09.2025 00:11:14;0,005756;0,039884;0,366936;0;0,402107;0;52,299999;-9,1
08.09.2025 00:16:15;0;0,035039;0,436533;0;0,471573;0;52,299999;-9,2
08.09.2025 00:21:17;0,000227;0,030558;0,403075;0;0,433633;0;52,299999;-6,4
08.09.2025 00:26:19;0;0,030558;0,299032;0;0,32959;0;52,400002;-6,5
08.09.2025 00:31:21;0,000227;0,030558;0,296849;0;0,327407;0;52,299999;-6,2
08.09.2025 00:36:22;0;0,032119;0,229946;0;0,260971;0;52,400002;-3,9
08.09.2025 00:41:23;0;0,02628;0,179577;0;0,206952;0;52,400002;-3,9
08.09.2025 00:46:25;0,000091;0,025465;0,180438;0;0,205539;0;52,400002;-3,9
08.09.2025 00:51:27;0,007639;0,035651;0,210996;0;0,238643;0;52,299999;-6,6
08.09.2025 00:56:29;0;0,02983;0,303397;0;0,332136;0;52,299999;-6,5
08.09.2025 01:01:31;0,000409;0,027648;0,301942;0;0,330317;0;52,299999;-6,2
08.09.2025 01:06:33;0,000091;0,022555;0,303397;0;0,326316;0;52,299999;-6,2
08.09.2025 01:11:35;0,002819;0,042199;0,333955;0;0,372153;0;52,299999;-7,2
08.09.2025 01:16:37;0,007048;0,037106;0,240826;0;0,27102;0;52,299999;-5
08.09.2025 01:21:39;0,004456;0,033468;0,228457;0;0,258652;0;52,299999;-5
08.09.2025 01:26:41;0,001683;0,032741;0,223364;0;0,252831;0;52,299999;-4,9
08.09.2025 01:31:43;0,006321;0,042927;0,303397;0;0,340867;0;52,299999;-7,5
08.09.2025 01:36:45;0;0,032741;0,349234;0;0,381247;0;52,299999;-7,5
08.09.2025 01:41:47;0,000136;0,031286;0,298304;0;0,329954;0;52,299999;-6,2
08.09.2025 01:46:49;0,002365;0,038561;0,287391;0;0,323769;0;52,299999;-6,3
08.09.2025 01:51:51;0,00191;0,042927;0,236461;0;0,276113;0;52,400002;-4
08.09.2025 01:56:53;0,004638;0,033468;0,286663;0;0,317221;0;52,299999;-5,8
08.09.2025 02:01:55;0,005138;0,028375;0,286663;0;0,30849;0;52,299999;-5,8
08.09.2025 02:06:57;0,006366;0,042199;0,271384;0;0,308126;0;52,299999;-8,3
08.09.2025 02:11:59;0;0,034196;0,381247;0;0,415807;0;52,200001;-7,7
08.09.2025 02:17:01;0,000045;0,030558;0,373244;0;0,404166;0;52,200001;-7,7
08.09.2025 02:22:03;0;0,032013;0,293211;0;0,324497;0;52,299999;-6,1
08.09.2025 02:27:05;0;0,032741;0,28157;0;0,314311;0;52,299999;-5,9
08.09.2025 02:32:07;0;0,02983;0,249557;0;0,279024;0;52,299999;-3,9
08.09.2025 02:37:07;0,002151;0,030029;0,22998;0;0,258545;0;52,299999;-5,2
08.09.2025 02:42:09;0;0,02983;0,232823;0;0,262653;0;52,299999;-5,1
08.09.2025 02:47:11;0,006912;0,034196;0,240826;0;0,267746;0;52,299999;-8
08.09.2025 02:52:13;0;0,030558;0,327407;0;0,358329;0;52,299999;-6,3
08.09.2025 02:57:15;0,001683;0,032013;0,315038;0;0,345596;0;52,200001;-7,3
08.09.2025 03:02:17;0,000364;0,036379;0,352145;0;0,386704;0;52,200001;-7,3
08.09.2025 03:07:19;0,000273;0,033468;0,348507;0;0,382703;0;52,200001;-7,3
08.09.2025 03:12:21;0,001728;0,038561;0,251012;0;0,287027;0;52,299999;-5,5
08.09.2025 03:17:21;0,007187;0,027832;0,173584;0;0,194458;0;52,299999;-3,7
08.09.2025 03:22:23;0,011232;0,023282;0,169524;0;0,182257;0;52,299999;-4,2
08.09.2025 03:27:25;0,006548;0,037106;0,229913;0;0,259379;0;52,299999;-6,3
08.09.2025 03:32:27;0,000455;0,039289;0,271384;0;0,311037;0;52,299999;-5,1
08.09.2025 03:37:29;0,001;0,036379;0,270657;0;0,305944;0;52,200001;-5,9
08.09.2025 03:42:31;0,006503;0,040016;0,273567;0;0,307399;0;52,200001;-6,6
08.09.2025 03:47:33;0,003774;0,032741;0,259743;0;0,288846;0;52,299999;-4,8
08.09.2025 03:52:35;5,326596;0,007276;5,512831;0;0,202992;0;52,299999;-5,1
08.09.2025 03:57:37;6,043254;0;6,267242;0;0,256833;0;52,299999;-5,3
08.09.2025 04:02:37;4,812057;0;6,25691;0;1,453857;0;51,700001;-29
08.09.2025 04:05:00;4,78808;0;0,365699;0;1,607231;0;51,599998;-30,4
08.09.2025 04:10:00;4,801208;0;0,325195;0;1,56958;0;51,599998;-29,9
08.09.2025 04:12:41;4,788521;0,001365;6,354235;0,000682;1,592676;0;51,5;-31,4
08.09.2025 04:17:43;4,773778;0;6,258959;0;1,50098;0;51,5;-28,4
08.09.2025 04:22:45;4,755907;0;6,185643;0;1,456962;0;51,5;-27,200001
08.09.2025 04:27:46;4,728684;0;6,134263;0;1,428223;0;51,5;-25,6
08.09.2025 04:32:46;4,72998;0;6,030369;0;1,331543;0;51,400002;-25,700001
08.09.2025 04:37:47;4,706236;0;6,020555;0;1,332229;0;51,400002;-26,200001
08.09.2025 04:42:49;4,745448;0;6,063859;0;1,336185;0;51,299999;-26,9
08.09.2025 04:47:51;4,761546;0;6,250397;0;1,510802;0;51,200001;-30
08.09.2025 04:52:54;4,747961;0;6,234844;0;1,517781;0;51,200001;-30,4
08.09.2025 04:57:56;4,748449;0;6,262038;0;1,524626;0;51,099998;-29,700001
08.09.2025 05:02:57;4,731375;0;6,169303;0;1,465087;0;51,099998;-28,299999
08.09.2025 05:07:59;4,68465;0;6,055466;0;1,379839;0;51,099998;-26,5
08.09.2025 05:13:01;4,701112;0;6,011084;0;1,338004;0;51,099998;-26,9
08.09.2025 05:18:03;4,697656;0;6,020264;0;1,352555;0;51;-27,299999
08.09.2025 05:23:05;4,680194;0;6,078469;0;1,417673;0;50,900002;-30,5
08.09.2025 05:28:07;4,663778;0;6,135389;0;1,502071;0;50,799999;-30
08.09.2025 05:33:09;2,222094;0,017462;2,717724;0;0,522396;0;51,200001;-6,3
08.09.2025 05:38:11;0,001364;0,032741;0,291756;0;0,323042;0;51,299999;-6,3
08.09.2025 05:43:13;0,007139;0,031286;0,649721;0;0,674095;0;50,799999;-35
08.09.2025 05:48:15;0,021372;0,043654;1,928792;0;1,951346;0;50,099998;-75,5
08.09.2025 05:53:17;0,021145;0,073485;2,839711;0;2,891733;0;50,200001;-43
08.09.2025 05:58:19;0,001182;0,058933;1,805105;0;1,86331;0;50,200001;-32,599998
08.09.2025 06:03:21;0,00623;0,063299;1,543179;0;1,59993;0;50,200001;-33,5
08.09.2025 06:08:23;0,000045;0,051658;1,596292;0;1,647949;0;50,099998;-33,099998
08.09.2025 06:13:25;0,002274;0,062571;1,434771;0;1,495159;0;50,400002;-7,7
08.09.2025 06:18:25;0;0,032227;0,32666;0;0,359619;0;50,700001;-6,5
08.09.2025 06:23:27;0,000045;0,033468;0,292484;0;0,325224;0;50,799999;-4,4
08.09.2025 06:28:29;0,000182;0,02983;0,178255;0;0,207722;0;50,799999;-4,1
08.09.2025 06:33:31;0,204357;0,002183;0,231368;0;0,029103;0;51;-0,3
08.09.2025 06:38:33;0,208085;0;0,223364;0;0,015643;0;51;-0,3
08.09.2025 06:43:36;0,302668;0;0,317625;0;0,015229;0;51,099998;-0,3
08.09.2025 06:48:37;0,354364;0;0,371564;0,000365;0,00511;0,01314;51,099998;0
08.09.2025 06:53:39;0,348097;0;0,379792;0,011277;0;0,042199;51,099998;0,4
08.09.2025 06:58:41;0,336684;0;0,369606;0,044382;0;0,078578;51,200001;1,3
08.09.2025 07:03:43;0,254332;0;0,287391;0,087672;0;0,119322;51,200001;2,1
08.09.2025 07:08:46;0,19711;0;0,228429;0,13742;0;0,16969;51,299999;3,4
08.09.2025 07:13:47;0,219681;0;0,247466;0,223741;0;0,251116;51,299999;5,3
08.09.2025 07:18:49;0,278023;0;0,311401;0,310309;0;0,344869;51,400002;6,7
08.09.2025 07:23:51;0,723843;0;0,755219;0,374699;0;0,405985;51,5;7,8
08.09.2025 07:28:53;1,775729;0,000728;1,928792;0,328498;0,013096;0,467101;51,400002;0
08.09.2025 07:33:56;3,472341;0;4,012367;0;0,007614;0,532275;51,299999;-0,3
08.09.2025 07:38:57;4,007227;0;4,641997;0;0,01095;0,62487;51,299999;-0,3
08.09.2025 07:43:59;2,598749;0;3,343918;0;0,009458;0,734847;51,299999;0
08.09.2025 07:49:01;1,261063;0,009458;2,008097;0,111318;0,009458;0,858534;51,5;8,6
08.09.2025 07:54:01;0,001282;0,032959;0,407959;0,522949;0;0,963867;51,599998;11,1
08.09.2025 07:59:03;0,007139;0,048747;0,457642;0,502752;0,001819;0,998228;51,700001;7,8
08.09.2025 08:04:03;0,003708;0,033691;0,578613;0,281616;0;0,893555;51,599998;5,3
08.09.2025 08:09:05;0,005821;0,034196;0,516576;0,28448;0;0,827976;51,599998;5,4
08.09.2025 08:14:05;0,00087;0,040283;0,366943;0,366577;0;0,771973;51,700001;6,5
08.09.2025 08:19:07;0;0,030558;0,38343;0,354327;0;0,769771;51,700001;6,2
08.09.2025 08:24:09;0,010777;0,046565;1,672687;0,075667;1,09354;0,691193;50,599998;-29,4
08.09.2025 08:29:11;0,014415;0,064026;0,597336;0,239007;0,279751;0,605339;51,299999;5,5
08.09.2025 08:34:13;0;0,037106;0,208813;0,446365;0;0,692648;51,700001;14,2
08.09.2025 08:39:15;0,005593;0,037834;0,328135;0,665364;0,001091;1,024421;51,799999;12,2
08.09.2025 08:44:17;0;0,035651;0,355055;0,735211;0;1,124825;51,900002;15,6
08.09.2025 08:49:19;0,003365;0,043654;0,494749;0,722115;0,003638;1,254333;51,799999;-0,3
08.09.2025 08:54:21;0,000227;0,05093;0,923288;0,448548;0,003274;1,418764;52,099998;24,4
08.09.2025 08:59:21;0,000046;0,035889;0,339111;1,34729;0,000366;1,721191;52,299999;30,4
08.09.2025 09:04:23;0,000136;0,037834;0,296849;1,679599;0;2,015373;52,400002;27,9
08.09.2025 09:09:23;0,007965;0,052002;1,22168;1,102295;0;2,367188;52,5;40,5
08.09.2025 09:14:23;0,002518;0,049805;0,409424;2,324341;0;2,781738;52,700001;46,799999
08.09.2025 09:19:25;0,004638;0,237188;0,520941;2,456645;0;3,210045;52,900002;46,700001
08.09.2025 09:24:27;0;0,47947;0,486745;2,467922;0;3,434137;53;46,400002
08.09.2025 09:29:29;0,185894;0,27866;0,848389;2,287484;0,016007;3,2115;52,700001;-4,5
08.09.2025 09:34:31;2,822204;0;6,100575;0,000364;0,206266;3,097999;52,5;-5,4
08.09.2025 09:39:33;1,237463;0;6,070186;0;1,38857;3,471971;52,099998;-25,799999
08.09.2025 09:44:35;1,518942;0;6,225997;0;1,535176;3,188218;51,799999;-29,1
08.09.2025 09:49:37;1,171299;0;6,165329;0;1,328182;3,706249;51,900002;-5
08.09.2025 09:54:39;2,067803;0;6,21027;0;0,282661;3,854673;52;-5,9
08.09.2025 09:59:42;0,0063;0,422049;1,265225;2,329247;0,001813;3,966681;52,900002;46,200001
08.09.2025 10:04:43;0,019071;0,043799;1,408387;0,66648;0,036499;2,064408;52,400002;0
08.09.2025 10:09:45;0,006957;0,042927;1,949269;0,633351;0;2,642539;52,599998;6,3
08.09.2025 10:14:47;0,008958;0,040016;1,926265;0,51985;0;2,483929;52,5;0
08.09.2025 10:19:49;0,03365;0,006548;1,787579;0,000364;0,070211;1,695241;52,400002;-2,2
08.09.2025 10:24:52;0,010923;0,028282;1,785752;0,117115;0,008339;1,928953;52,5;7,8
08.09.2025 10:29:54;0,014733;0,056751;1,914793;1,158657;0;3,128557;53;41,599998
08.09.2025 10:34:55;0,009262;0,134318;2,032732;2,059298;0;4,232474;53,099998;28,1
08.09.2025 10:39:57;0,003365;0,041472;2,065738;2,026286;0;4,144247;53,200001;30,4
08.09.2025 10:45:00;0,000227;0,046411;2,070077;2,085952;0;4,22049;53,299999;41,400002
08.09.2025 10:50:00;0,00206;0,036621;0,293701;1,105225;0,000366;3,073242;53,200001;32
08.09.2025 10:55:01;0,005931;0,040149;1,847248;1,309235;0;3,22071;53,200001;24,299999
08.09.2025 11:00:03;0,000409;0,037106;1,789878;1,433316;0;3,269706;53,299999;31,799999
08.09.2025 11:05:05;0,002819;0,061844;1,926551;2,226005;0;4,215549;53,400002;29,4
08.09.2025 11:10:08;0,004487;0,147935;2,036499;2,090666;0;4,274153;53,5;46,099998
08.09.2025 11:15:09;0,000639;0,040149;2,07614;0,96468;0;3,087852;53,099998;12
08.09.2025 11:20:11;0,00191;0,031286;1,974792;0,335774;0;2,34569;53;2,4
08.09.2025 11:25:13;0,004411;0,039289;1,851273;0,020008;0,011641;1,909147;52,900002;-0,3
08.09.2025 11:30:15;0,001273;0,054568;1,903938;0,51985;0,002546;2,478108;53,299999;31,6
08.09.2025 11:35:17;0,003047;0,043654;1,856704;1,705427;0;3,626216;53,400002;34,599998
08.09.2025 11:40:19;0,000227;0,046565;1,985594;1,909875;0;3,946347;53,400002;32,700001
08.09.2025 11:45:21;0,013915;0,172434;1,728774;2,057208;0;3,947802;53,5;46,099998
08.09.2025 11:50:23;0;1,14738;0,615525;2,465376;0;4,22719;53,5;46,099998
08.09.2025 11:55:25;0;1,756357;0,609705;2,464284;0;4,829619;53,5;46,099998
08.09.2025 12:00:25;0,007965;0,981445;0,678223;2,39978;0;4,051758;53,299999;22,4
08.09.2025 12:05:28;0,031092;0,101524;2,260355;1,197981;0;3,530128;53,299999;21
08.09.2025 12:10:29;0,056027;0,350395;1,173822;1,950164;0;3,416347;53,5;46,099998
08.09.2025 12:15:31;0,049793;0,324497;1,511166;1,893505;0;3,680056;53,5;46,099998
08.09.2025 12:20:33;0,058206;0,22773;1,53081;1,485337;0;3,186763;53,299999;13,8
08.09.2025 12:25:35;0,055659;0,148425;0,798873;2,092859;0;2,983043;53,5;45,299999
08.09.2025 12:30:37;0,003092;0,042927;0,53331;2,228915;0;2,80406;53,5;39,200001
08.09.2025 12:35:39;0;0,038561;0,537675;2,023376;0;2,598885;53,400002;36,5
08.09.2025 12:40:41;0;0,042199;0,481652;1,966625;0;2,489749;53,5;38,099998
08.09.2025 12:45:43;0;0,043654;0,472921;2,124508;0;2,641084;53,5;42,099998
08.09.2025 12:50:45;0,001228;0,038561;0,445274;2,22455;0;2,708021;53,5;41,099998
08.09.2025 12:55:45;0;0,044678;0,433594;2,112305;0;2,589844;53,5;37,799999
08.09.2025 13:00:48;0;0,047861;0,420599;2,076525;0;2,545347;53,5;38,700001
08.09.2025 13:05:49;0,003741;0,158408;0,427773;2,183396;0;2,765197;53,599998;37,599998
08.09.2025 13:10:51;0,000955;0,050202;0,446001;2,108138;0;2,604706;53,599998;43,799999
08.09.2025 13:15:53;0;0,279387;0,471466;2,437728;0;3,186763;53,700001;45,900002
08.09.2025 13:20:55;0,007639;0,27575;1,529355;1,484609;0;3,282802;53,400002;16,4
08.09.2025 13:25:56;0,007482;0,039419;2,600949;0,738018;0;3,371087;53,200001;4,8
08.09.2025 13:30:58;0,003274;0,061116;2,334049;0,757766;0,026193;3,124192;53,400002;21
08.09.2025 13:36:00;0,007367;0,054568;2,921199;0,147697;0,301942;2,814246;52,900002;-16
08.09.2025 13:41:02;0,001819;0,045837;3,33737;0;0,806877;2,574148;52,900002;-2,9
08.09.2025 13:46:04;0,025829;0,059661;2,635991;0,309945;0,005821;2,974312;53,099998;4,9
08.09.2025 13:51:06;0,005775;0,331045;1,14738;1,599566;0;3,071806;53,700001;45,799999
08.09.2025 13:56:08;0;1,16848;0,61116;2,461374;0;4,241741;53,799999;45,700001
08.09.2025 14:01:10;0;0,790143;0,504207;2,460283;0;3,752813;53,900002;43,400002
08.09.2025 14:06:13;0,000181;0,114577;0,424225;2,327796;0;2,868773;54;45,599998
08.09.2025 14:11:13;0,003525;0,097412;0,339111;2,186279;0;2,619141;53,900002;36,5
08.09.2025 14:16:14;0,012684;0,037959;1,729343;0,586911;0;2,340343;53,599998;5,3
08.09.2025 14:21:16;0,000182;0,038561;1,948436;0,200082;0;2,18708;53,5;1,8
08.09.2025 14:26:17;0,005794;0,055479;0,697139;1,182217;0;1,92863;53,799999;24,1
08.09.2025 14:31:18;0,000502;0,040149;0,365724;1,27018;0;1,674594;53,799999;21,9
08.09.2025 14:36:20;0;0,040016;0,342686;1,130646;0;1,514804;53,799999;20,299999
08.09.2025 14:41:22;0,000045;0,035651;0,339776;1,050249;0;1,424585;53,799999;18,700001
08.09.2025 14:46:24;0;0,042199;0,297577;0,974218;0;1,315449;53,799999;17,9
08.09.2025 14:51:26;0,000045;0,040016;0,240099;0,908009;0;1,187397;53,700001;16,299999
08.09.2025 14:56:28;0,002637;0,031286;0,237188;0,854533;0;1,119005;53,700001;15,5
08.09.2025 15:01:30;0,00773;0,037106;0,258288;0,782867;0,000728;1,070985;53,700001;12,2
08.09.2025 15:06:32;0,000909;0,045837;0,336138;0,655906;0;1,037517;53,700001;11,9
08.09.2025 15:11:34;0,001182;0,036379;0,339776;0,63226;0;1,006959;53,700001;11,9
08.09.2025 15:16:36;0,001546;0,042927;0,337593;0,690101;0;1,068075;53,700001;13,6
08.09.2025 15:21:38;0,003865;0,044382;0,376882;0,723206;0;1,142287;53,700001;13,7
08.09.2025 15:26:39;0,002874;0,047449;0,280316;0,841312;0;1,165062;53,700001;15,2
08.09.2025 15:31:40;0,015604;0,040149;0,354044;0,724879;0;1,102283;53,700001;12,2
08.09.2025 15:36:42;0,003865;0,034196;0,369606;0,654814;0;1,056434;53,700001;12,5
08.09.2025 15:41:44;0,01055;0,036379;0,429267;0,600974;0,000728;1,053523;53,700001;12,2
08.09.2025 15:46:46;0,000182;0,037106;0,449639;0,649721;0;1,137922;53,700001;12,9
08.09.2025 15:51:49;0,001768;0,035533;0,432201;0,73496;0;1,200882;53,799999;14,4
08.09.2025 15:56:50;0;0,036499;0,341635;0,779993;0;1,157762;53,700001;14,5
08.09.2025 16:01:52;0,000045;0,037106;0,309945;0,781048;0;1,127736;53,799999;14,6
08.09.2025 16:06:54;0;0,036379;0,234278;0,853805;0;1,124825;53,799999;16
08.09.2025 16:11:55;0,000639;0,03066;0,210237;0,815397;0;1,054104;53,799999;14,5
08.09.2025 16:16:54;0,000138;0,036009;0,208703;0,726788;0;0,97444;53,700001;12,2
08.09.2025 16:21:56;0,004638;0,039289;0,267019;0,578419;0,002183;0,877451;53,700001;9,2
08.09.2025 16:26:58;0;0,033468;0,32668;0,483471;0;0,843983;53,700001;8,8
08.09.2025 16:32:00;0;0,040016;0,319404;0,443455;0;0,800329;53,599998;7,8
08.09.2025 16:37:02;0;0,037834;0,30267;0,380156;0;0,721751;53,599998;5,9
08.09.2025 16:42:04;0,001683;0,02983;0,301942;0,263017;0,000364;0,592243;53,599998;4,5
08.09.2025 16:47:06;0;0,030558;0,247374;0,200082;0;0,480197;53,5;3,1
08.09.2025 16:52:08;0,000136;0,031286;0,242281;0,125142;0;0,397254;53,5;1,3
08.09.2025 16:57:11;0,00068;0,044961;0,227703;0,047136;0,002176;0,317625;53,400002;-0,3
08.09.2025 17:02:12;0,005703;0,038689;0,251116;0,0073;0,017885;0,273016;53,400002;-0,3
08.09.2025 17:07:15;0,001949;0,034808;0,258161;0,000363;0,018129;0,274114;53,400002;-0,3
08.09.2025 17:12:16;0,001551;0,0073;0,305865;0;0,01606;0,293455;53,400002;-0,3
08.09.2025 17:17:18;0,000455;0,005093;0,321587;0;0,016007;0,311401;53,400002;-0,3
08.09.2025 17:22:20;0,000136;0,061116;0,25756;0;0,01637;0,30267;53,400002;-0,3
08.09.2025 17:27:22;0,003774;0,051658;0,228457;0,011641;0,013096;0,275022;53,400002;-0,3
08.09.2025 17:32:24;0;0,018189;0,245192;0;0,015643;0,245919;53,400002;-0,3
08.09.2025 17:37:26;0,010368;0,046565;0,283753;0;0,046565;0,273567;53,299999;-2,9
08.09.2025 17:42:28;0,027966;0,020372;0,358693;0;0,082943;0,269201;53,299999;-0,3
08.09.2025 17:47:30;0,068028;0,004365;0,336866;0;0,036379;0,238643;53,299999;-3,1
08.09.2025 17:52:32;0,011232;0,020372;0,315766;0;0,109499;0,213906;53,400002;-0,3
08.09.2025 17:57:32;0,050125;0;0,250488;0;0,015015;0,18457;53,299999;0
08.09.2025 18:02:34;0,057205;0,008731;0,245192;0;0,046565;0,14988;53,400002;-0,3
08.09.2025 18:07:36;0,026829;0,018189;0,27866;0;0,147697;0,123687;53,299999;-5
08.09.2025 18:12:38;0,000091;0,030558;0,301215;0;0,221182;0,109136;53,200001;-4,9
08.09.2025 18:17:40;0,006002;0,034196;0,364513;0;0,283025;0,110591;53,200001;-5,9
08.09.2025 18:22:42;0;0,032013;0,391433;0;0,328498;0,096039;53,099998;-6,5
08.09.2025 18:27:44;0;0,035651;0,391433;0;0,348507;0,077123;53,099998;-6,9
08.09.2025 18:32:46;0,009777;0,032013;0,421264;0;0,375791;0,066937;53,099998;-7,3
08.09.2025 18:37:47;0,002464;0,03139;0,451863;0;0,404779;0,077379;53,099998;-6,8
08.09.2025 18:42:48;0,011406;0,02847;0,345285;0;0,259876;0,102198;53,099998;-4,2
08.09.2025 18:47:50;0,016325;0,0211;0,303397;0;0,206266;0,10186;53,099998;-4,1
08.09.2025 18:52:52;0,010595;0,032741;0,237916;0;0,185167;0,074212;53,099998;-3,4
08.09.2025 18:57:54;0,016234;0,032741;0,299759;0;0,2652;0,052385;53,099998;-6,4
08.09.2025 19:02:56;0,004047;0,033468;0,35651;0;0,342686;0,042199;53,099998;-6,9
08.09.2025 19:07:58;0,000864;0,032741;0,363786;0;0,364877;0,030558;53;-6,9
08.09.2025 19:13:00;0,003592;0,02692;0,379792;0;0,38052;0,023282;53;-7,3
08.09.2025 19:18:02;0,000091;0,036379;0,344869;0;0,372517;0,008731;53;-5,4
08.09.2025 19:23:04;0,008549;0,042199;0,320859;0;0,351781;0,00291;53;-8,8
08.09.2025 19:28:06;0,004729;0,033468;0,43727;0;0,465282;0;53;-7,7
08.09.2025 19:33:08;0;0,05093;0,361603;0;0,412897;0;53;-7,7
08.09.2025 19:38:10;0,009322;0,031286;0,606067;0;0,628258;0;52,900002;-11,7
08.09.2025 19:43:12;0;0,034923;0,582057;0;0,616617;0;52,900002;-11,6
08.09.2025 19:48:14;0,003092;0,035651;0,579874;0;0,611888;0;52,900002;-11
08.09.2025 19:53:16;0,000182;0,037834;0,55732;0;0,594426;0;52,900002;-10,8
08.09.2025 19:58:18;0,000091;0,036379;0,572599;0;0,610432;0;52,900002;-10,6
08.09.2025 20:03:20;0;0,034923;0,514393;0;0,548589;0;52,900002;-10,2
08.09.2025 20:08:22;0;0,035651;0,464918;0;0,500205;0;52,900002;-9,2
08.09.2025 20:13:24;0,000136;0,037106;0,390706;0;0,428176;0;53;-7,5
08.09.2025 20:18:24;0,005127;0,052002;0,481201;0;0,528442;0;52,900002;-10,8
08.09.2025 20:23:26;0,001091;0,057478;0,494749;0;0,550408;0;52,900002;-9,5
08.09.2025 20:28:28;0,0005;0,037834;0,444546;0;0,482016;0;52,900002;-8,9
08.09.2025 20:33:28;0;0,034424;0,442383;0;0,47644;0;52,900002;-8,9
08.09.2025 20:38:30;0,0005;0,035651;0,392161;0;0,427084;0;53;-7,2
08.09.2025 20:43:32;0,010777;0,030558;0,38343;0;0,403438;0;53;-7,4
08.09.2025 20:48:34;0,001046;0,029103;0,382703;0;0,411805;0;53;-7,8
08.09.2025 20:53:36;0,008731;0,036379;0,395071;0;0,4209;0;52,900002;-10,1
08.09.2025 20:58:38;0,001683;0,030558;0,472194;0;0,502024;0;52,900002;-8,9
08.09.2025 21:03:40;0;0,030558;0,43145;0;0,462735;0;52,900002;-8,5
08.09.2025 21:08:42;0,006639;0,028375;0,442363;0;0,464191;0;52,900002;-8,9
08.09.2025 21:13:45;0,001994;0,035533;0,501818;0;0,534813;0;52,900002;-11,8
08.09.2025 21:18:46;0,000912;0,03139;0,473763;0;0,504422;0;52,900002;-9,3
08.09.2025 21:23:48;0,003456;0,047292;0,552954;0;0,596972;0;52,900002;-11,2
08.09.2025 21:28:50;0,000637;0,033468;0,603884;0;0,636625;0;52,799999;-12,7
08.09.2025 21:33:52;0,005048;0,045837;0,708655;0;0,749035;0;52,799999;-15
08.09.2025 21:38:54;0,028694;0,04802;1,453688;0;1,472605;0;52,599998;-11,5
08.09.2025 21:43:56;0,014233;0,058933;1,434771;0;1,47988;0;52,700001;-11,8
08.09.2025 21:48:58;0;0,034923;0,514393;0;0,549316;0;52,799999;-10,3
08.09.2025 21:54:01;0,000045;0,036984;0,500367;0;0,537351;0;52,900002;-10,8
08.09.2025 21:59:02;0,002737;0,041609;1,170902;0;1,209226;0;52,5;-34,299999
08.09.2025 22:04:04;0,052203;0,061116;2,635264;0;2,644358;0;52,200001;-41,799999
08.09.2025 22:09:06;0;0,052385;1,560641;0;1,61339;0;52,299999;-27
08.09.2025 22:14:08;0,004866;0,055295;1,516986;0;1,567189;0;52,200001;-30,799999
08.09.2025 22:19:10;0,0005;0,056751;1,009142;0;1,066256;0;52,400002;-10,2
08.09.2025 22:24:12;0,004456;0,023282;0,499842;0;0,518031;0;52,5;-10,5
08.09.2025 22:29:14;0,002228;0,033468;0,524579;0;0,556592;0;52,400002;-10,5
08.09.2025 22:34:16;0,003138;0,038561;0,564595;0;0,599519;0;52,400002;-10,8
08.09.2025 22:39:16;0,000046;0,043213;0,525146;0;0,569092;0;52,400002;-10,8
08.09.2025 22:44:18;0,001273;0,036379;0,499114;0;0,533674;0;52,400002;-10
08.09.2025 22:49:19;0,004836;0,02847;0,477413;0;0,499312;0;52,5;-8,7
08.09.2025 22:54:21;0,01205;0,037834;0,464191;0;0,491474;0;52,400002;-10,9
08.09.2025 22:59:22;0,001734;0,02993;0,462813;0;0,489822;0;52,400002;-9,1
08.09.2025 23:04:24;0,00914;0,028375;0,452549;0;0,47183;0;52,400002;-9,1
08.09.2025 23:09:24;0;0,033691;0,432129;0;0,466187;0;52,400002;-8,7
08.09.2025 23:14:26;0;0,042927;0,358693;0;0,402711;0;52,5;-6,9
08.09.2025 23:19:27;0,005566;0,044529;0,382514;0;0,421568;0;52,400002;-8,1
08.09.2025 23:24:28;0,00219;0,033579;0,412444;0;0,443103;0;52,400002;-8,4
08.09.2025 23:29:30;0,007412;0,038561;0,493293;0;0,525307;0;52,400002;-12
08.09.2025 23:34:32;0,000045;0,037106;0,571144;0;0,607522;0;52,400002;-11,5
08.09.2025 23:39:34;0;0,034923;0,567506;0;0,603157;0;52,400002;-10,5
08.09.2025 23:44:36;0;0,034923;0,40453;0;0,438726;0;52,400002;-7,3
08.09.2025 23:49:38;0,000045;0,034196;0,357965;0;0,392525;0;52,400002;-7,8
08.09.2025 23:54:40;0;0,032741;0,283025;0;0,315038;0;52,5;-4,4
08.09.2025 23:59:42;0,003229;0,028375;0,197172;0;0,221909;0;52,5;-5,4
09.09.2025 00:04:44;0;0,037106;0,248102;0;0,286663;0;52,5;-5,9
09.09.2025 00:09:47;0,001269;0,032633;0,255985;0;0,286805;0;52,400002;-5,5
09.09.2025 00:14:48;0,004836;0,037229;0,382514;0;0,414999;0;52,400002;-7,7
09.09.2025 00:19:50;0;0,032741;0,323042;0;0,355055;0;52,400002;-6,6
09.09.2025 00:24:52;0;0,032013;0,309218;0;0,341595;0;52,400002;-6,6
09.09.2025 00:29:52;0,00206;0,030762;0,309814;0;0,338379;0;52,400002;-6,4
09.09.2025 00:34:54;0,005093;0,028375;0,228457;0;0,251012;0;52,5;-4,1
09.09.2025 00:39:56;0,000819;0,02401;0,186258;0;0,210632;0;52,5;-4
09.09.2025 00:44:58;0,002365;0,025465;0,190624;0;0,212815;0;52,5;-4,2
09.09.2025 00:50:00;0,014051;0,038561;0,244464;0;0,269565;0;52,400002;-7,8
09.09.2025 00:55:02;0,001501;0,034923;0,368151;0;0,401619;0;52,400002;-7,6
09.09.2025 01:00:04;0,000455;0,034923;0,360875;0;0,395435;0;52,400002;-7,6
09.09.2025 01:05:06;0,000364;0,040744;0,345596;0;0,385613;0;52,400002;-7,5
09.09.2025 01:10:08;0,002592;0,029103;0,298304;0;0,324497;0;52,400002;-3,9
09.09.2025 01:15:10;0,007185;0,030558;0,274294;0;0,29794;0;52,400002;-6,2
09.09.2025 01:20:12;0,000637;0,032741;0,287391;0;0,319404;0;52,400002;-5,7
09.09.2025 01:25:14;0,001137;0,029103;0,280843;0;0,309218;0;52,400002;-5,6
09.09.2025 01:30:16;0,006139;0,036379;0,379792;0;0,41035;0;52,299999;-9,2
09.09.2025 01:35:16;0;0,031494;0,448242;0;0,47937;0;52,299999;-9,2
09.09.2025 01:40:19;0;0,030457;0,393042;0;0,423862;0;52,299999;-7,7
09.09.2025 01:45:20;0;0,03066;0,368644;0;0,399304;0;52,299999;-7,6
09.09.2025 01:50:22;0,000045;0,029103;0,309218;0;0,338684;0;52,400002;-6,2
09.09.2025 01:55:24;0;0,02692;0,189896;0;0,215725;0;52,400002;-4
09.09.2025 02:00:26;0;0,022555;0,185531;0;0,208085;0;52,400002;-4
09.09.2025 02:05:27;0;0,02482;0,185417;0;0,209872;0;52,400002;-4
09.09.2025 02:10:27;0,005447;0,030762;0,269531;0;0,295898;0;52,400002;-6,5
09.09.2025 02:15:28;0,002509;0,03066;0,325575;0;0,353314;0;52,400002;-7,6
09.09.2025 02:20:30;0;0,031286;0,365968;0;0,397254;0;52,299999;-7,6
09.09.2025 02:25:32;0;0,035651;0,35651;0;0,392525;0;52,299999;-7
09.09.2025 02:30:34;0,001046;0,034196;0,321587;0;0,354691;0;52,400002;-4
09.09.2025 02:35:36;0,002092;0,027648;0,178983;0;0,204811;0;52,400002;-3,9
09.09.2025 02:40:36;0,003067;0,030029;0,180908;0;0,208008;0;52,400002;-4
09.09.2025 02:45:38;0,002274;0,029103;0,185531;0;0,211359;0;52,400002;-4
09.09.2025 02:50:40;0,009322;0,034923;0,313583;0;0,338321;0;52,400002;-6,6
09.09.2025 02:55:42;0,000819;0,032741;0,299759;0;0,332864;0;52,299999;-6,4
09.09.2025 03:00:44;0,001319;0,030558;0,296849;0;0,326316;0;52,400002;-6,2
09.09.2025 03:05:46;0,005548;0,029103;0,336138;0;0,35942;0;52,299999;-7,6
09.09.2025 03:10:48;0,010095;0,035651;0,33541;0;0,360875;0;52,299999;-7,5
09.09.2025 03:15:50;0,000136;0,034923;0,333228;0;0,368151;0;52,299999;-6,9
09.09.2025 03:20:52;0,000136;0,030558;0,30849;0;0,339048;0;52,299999;-5,4
09.09.2025 03:25:54;0,005411;0,048747;0,292484;0;0,335774;0;52,299999;-7,6
09.09.2025 03:30:56;0;0,032741;0,368151;0;0,400528;0;52,299999;-7,6
09.09.2025 03:35:58;0;0,031286;0,338321;0;0,36997;0;52,299999;-6,1
09.09.2025 03:41:00;0,002956;0,034196;0,289573;0;0,319768;0;52,299999;-10,8
09.09.2025 03:46:02;0,000273;0,031286;0,363058;0;0,395799;0;52,299999;-7,5
09.09.2025 03:51:04;0,0005;0,033468;0,287391;0;0,320131;0;52,299999;-5
09.09.2025 03:56:06;0,003365;0,023282;0,243009;0;0,263017;0;52,299999;-5
09.09.2025 04:01:08;0;0,02692;0,193534;0;0,219727;0;52,400002;-3,9
09.09.2025 04:06:10;0,004729;0,030558;0,22773;0;0,253559;0;52,299999;-6,3
09.09.2025 04:11:12;0;0,028375;0,301942;0;0,330317;0;52,299999;-6,4
09.09.2025 04:16:13;0;0,02993;0,301485;0;0,330685;0;52,299999;-6,2
09.09.2025 04:21:15;0;0,028375;0,296122;0;0,325952;0;52,299999;-6,2
09.09.2025 04:26:15;0;0,029297;0,295898;0;0,324829;0;52,299999;-6,2
09.09.2025 04:31:17;0,000182;0,027648;0,183348;0;0,210268;0;52,299999;-3,8
09.09.2025 04:36:19;0,000728;0,034196;0,161521;0;0,195717;0;52,400002;-3,9
09.09.2025 04:41:21;0,004866;0,030558;0,189169;0;0,214634;0;52,299999;-4,7
09.09.2025 04:46:23;0,015552;0,02692;0,343414;0;0,355055;0;52,299999;-7,5
09.09.2025 04:51:25;0,004866;0,036379;0,372517;0;0,402347;0;52,200001;-7,6
09.09.2025 04:56:27;0;0,031286;0,360148;0;0,392161;0;52,299999;-6,3
09.09.2025 05:01:29;0,000955;0,02692;0,301942;0;0,328135;0;52,299999;-6,2
09.09.2025 05:06:31;0,008049;0,037106;0,25756;0;0,286663;0;52,299999;-6,2
09.09.2025 05:11:33;0,004411;0,029103;0,299759;0;0,324861;0;52,299999;-7,1
09.09.2025 05:16:35;0,000045;0,040744;0,317949;0;0,358329;0;52,200001;-6,8
09.09.2025 05:21:37;0,00673;0,034923;0,323769;0;0,352145;0;52,200001;-9,2
09.09.2025 05:26:39;0;0,028375;0,423447;0;0,451458;0;52,200001;-8,6
09.09.2025 05:31:39;0,003479;0,026367;0,404297;0;0,427734;0;52,099998;-25,799999
09.09.2025 05:36:41;0,000546;0,053113;1,957895;0;2,009916;0;51,700001;-41,099998
09.09.2025 05:41:43;0,000773;0,049475;2,147063;0;2,195447;0;51,5;-62,599998
09.09.2025 05:46:45;0,045018;0,012369;3,771003;0;3,738989;0;51,299999;-74,300003
09.09.2025 05:51:47;0,002728;0,060388;3,33737;0;3,394848;0;51,400002;-55,5
09.09.2025 05:56:49;0,046019;0,058933;2,514487;0;2,526855;0;51,299999;-74,300003
09.09.2025 06:01:49;0,036987;0,060059;2,123291;0;2,147095;0;51,599998;-33,799999
09.09.2025 06:06:51;0,006321;0,054568;1,407851;0;1,456234;0;51,700001;-24,9
09.09.2025 06:11:53;0;0,045109;1,273978;0;1,317996;0;51,700001;-25,299999
09.09.2025 06:16:55;0,001455;0,042927;0,664273;0;0,706108;0;52;-6,5
09.09.2025 06:21:57;0,002728;0,037834;0,340503;0;0,375063;0;52;-7,6
09.09.2025 06:26:59;0,001501;0,031286;0,303397;0;0,334683;0;52,099998;-5,5
09.09.2025 06:32:01;0,001273;0,033468;0,249557;0;0,280843;0;52,099998;-5,4
09.09.2025 06:37:01;0,001419;0,037354;0,238037;0;0,27356;0;52,099998;-5,2
09.09.2025 06:42:03;0,013915;0,028375;0,285208;0;0,300487;0;52;-7,9
09.09.2025 06:47:05;0;0,032741;0,354327;0;0,385977;0,001455;52;-7,1
09.09.2025 06:52:07;0,005912;0,034923;0,336866;0;0,344505;0,020372;52;-6,9
09.09.2025 06:57:09;0,008958;0,026193;0,323769;0;0,295394;0,046565;52;-5,1
09.09.2025 07:02:09;0,013412;0,031494;0,306152;0;0,224121;0,099609;52,099998;-4,3
09.09.2025 07:07:11;0,012323;0,023282;0,310673;0;0,128416;0,193534;52,200001;-0,4
09.09.2025 07:12:13;0,000045;0,035651;0,255378;0;0,020736;0,270657;52,200001;-0,4
09.09.2025 07:17:15;0;0,073485;0,243736;0;0,018189;0,299759;52,200001;-0,3
09.09.2025 07:22:17;0,008685;0,057478;0,321587;0,010186;0,021463;0,35942;52,200001;-0,3
09.09.2025 07:27:19;0,040198;0,008731;0,420536;0;0,052385;0,336138;52,200001;-0,3
09.09.2025 07:32:21;0,001364;0,013096;0,349234;0;0,015279;0,344869;52,200001;-0,3
09.09.2025 07:37:23;0,014506;0,018917;0,361603;0;0,112046;0,25465;52,099998;-3,3
09.09.2025 07:42:25;0,003047;0,02692;0,419081;0;0,179346;0,263381;52,099998;-2,6
09.09.2025 07:47:27;0,004456;0,02983;0,309945;0,07494;0,01637;0,392889;52,299999;2,3
09.09.2025 07:52:27;0,000595;0,028564;0,279053;0,162964;0;0,470215;52,299999;4,2
09.09.2025 07:57:27;0,000046;0,0271;0,273193;0,24939;0;0,550781;52,400002;4,7
09.09.2025 08:02:29;0,005229;0,050202;0,322314;0,111318;0,011277;0,467101;52,299999;-0,3
09.09.2025 08:07:31;0,029785;0,005821;0,355782;0,000364;0,015643;0,315766;52,299999;-0,3
09.09.2025 08:12:33;0,039061;0;0,320131;0;0,015643;0,266291;52,299999;-0,3
09.09.2025 08:17:35;0,019917;0,056023;1,5279;0;1,320178;0,243009;51,900002;-0,3
09.09.2025 08:22:35;0,039093;0,008789;0,300293;0;0,015747;0,254883;52,099998;-0,3
09.09.2025 08:27:37;0,00623;0,064754;0,58715;0;0,379792;0,266291;52;-0,3
09.09.2025 08:32:39;0;0,093857;0,207358;0;0,016007;0,285208;52,099998;-0,3
09.09.2025 08:37:40;0,001095;0,045989;0,237246;0,060224;0,00219;0,340175;52,200001;0,9
09.09.2025 08:42:43;0,007932;0,020305;0,309648;0,008339;0,018129;0,311823;52,200001;-0,3
09.09.2025 08:47:43;0,000046;0,034424;0,309082;0;0,015747;0,32666;52,200001;-0,3
09.09.2025 08:52:43;0;0,070313;0,306885;0;0,015381;0,363281;52,200001;-0,3
09.09.2025 08:57:45;0;0,10477;0,299759;0;0,016007;0,388523;52,200001;-0,3
09.09.2025 09:02:46;0,019801;0,061319;0,827077;0,032119;0,439818;0,461353;51,5;-33,5
09.09.2025 09:05:00;0,071432;0;0;0;0;0;52;0,3
09.09.2025 09:09:58;0,602128;0,042766;1,638364;0;0,463048;0,614939;51,599998;-19,4
09.09.2025 09:14:58;0,003479;0,040283;0,494385;0,164429;0,062622;0,632813;52,200001;3,8
09.09.2025 09:19:58;0,012817;0,06958;0,486328;0,078369;0,005127;0,616699;52,099998;0
09.09.2025 09:25:00;0,001819;0,059661;0,515121;0,072393;0;0,646083;52,200001;3,1
09.09.2025 09:30:03;0,008838;0,036984;0,557656;0,262149;0;0,846999;52,400002;6
09.09.2025 09:35:04;0,000821;0,032119;0,65991;0,422298;0;1,113963;52,5;10,1
09.09.2025 09:40:06;0,007912;0,040016;0,620618;0,535493;0;1,188852;52,599998;9,5
09.09.2025 09:45:00;0,000888;0,029895;0,48579;0,64199;0;1,155433;52,799999;14,4
09.09.2025 09:50:08;0,004548;0,026396;0,447301;0,941685;0;1,412528;53;19
09.09.2025 09:55:08;0,001923;0,026367;0,450439;0,931641;0;1,404785;53;15,9
09.09.2025 10:00:07;0,008359;0,026455;0,599655;0,665059;0,000367;1,283086;52,900002;11
09.09.2025 10:05:09;0,004047;0,028375;0,544951;0,506026;0;1,073895;52,900002;9
09.09.2025 10:10:08;0,000551;0,02866;0,540865;0,412263;0;0,983258;52,900002;8,1
09.09.2025 10:15:07;0,000459;0,03013;0,511471;0,462234;0;1,002365;52,900002;8,6
09.09.2025 10:20:08;0,002509;0,02336;0,489092;0,543476;0;1,054104;53;12,3
09.09.2025 10:25:08;0,003845;0,030029;0,455566;0,679321;0;1,160156;53,099998;16,1
09.09.2025 10:30:07;0,001102;0,024986;0,482076;0,780066;0;1,287495;53,099998;10,7
09.09.2025 10:35:09;0,001273;0,032741;0,475104;0,484926;0;0,989497;53,099998;11,5
09.09.2025 10:40:08;0,006384;0,035274;0,559237;0,748834;0,002205;1,335996;53,200001;16,700001
09.09.2025 10:45:08;0,003571;0,027832;0,569824;0,705322;0;1,300781;53,099998;12,1
09.09.2025 10:50:08;0,003525;0,0271;0,606445;0,703857;0;1,333008;53,200001;16,200001
09.09.2025 10:55:10;0,000273;0,026193;0,578419;1,052796;0;1,655953;53,299999;21,9
09.09.2025 11:00:10;0,009705;0,032959;0,637939;0,845581;0;1,507324;53,200001;12,5
09.09.2025 11:05:00;0,000616;0,025761;0,47961;0,633419;0;1,138032;53,200001;14,1
09.09.2025 11:10:10;0,000266;0,569871;0,415354;0,452211;0;1,437437;53,200001;17,9
09.09.2025 11:15:12;0,006002;0,02983;0,528944;0,909464;0,000364;1,460963;53,200001;13,4
09.09.2025 11:20:14;0,0005;0,029103;0,583512;0,579511;0;1,191762;53,099998;10,8
09.09.2025 11:25:14;0,001694;0,030762;0,550049;0,749268;0;1,328613;53,200001;18,4
09.09.2025 11:30:14;0,092194;0,127441;0,710449;0,670166;0,016846;1,398926;53,200001;15,3
09.09.2025 11:35:14;0,002426;0,040283;0,453369;0,692139;0;1,185059;53,200001;12,2
09.09.2025 11:40:14;0,001465;0,035156;0,458496;0,681152;0;1,171875;53,200001;16,5
09.09.2025 11:45:14;0,001511;0,030029;0,401367;1,090942;0;1,521973;53,299999;24,4
09.09.2025 11:50:14;0,008972;0,0271;0,392578;1,36084;0;1,770996;53,400002;26,700001
09.09.2025 11:55:14;0,000137;0,037354;0,383789;1,651245;0;2,072754;53,400002;33,099998
09.09.2025 12:00:13;0,009599;0,033804;0,557767;1,701595;0;2,282511;53,400002;32,599998
09.09.2025 12:05:14;0,001323;0,02847;0,598591;1,780807;0;2,406042;53,400002;33
09.09.2025 12:10:14;0,001373;0,0271;0,596191;1,727417;0;2,349609;53,400002;31,5
09.09.2025 12:15:14;0,001419;0,025635;0,544922;1,485718;0;2,053711;53,400002;27,299999
09.09.2025 12:20:13;0,001745;0,026455;0,452681;1,211803;0;1,691674;53,299999;19,1
09.09.2025 12:25:16;0,001994;0,023205;0,380714;0,874918;0;1,2763;53,200001;14,6
09.09.2025 12:30:19;0,000952;0,026106;0,301671;0,644676;0;0,971728;53,200001;11,2
09.09.2025 12:35:19;0,00705;0,04248;0,347168;0,473877;0,003296;0,852539;53;3,2
09.09.2025 12:40:18;0,015157;0,031599;0,510736;0,04005;0,024618;0,542335;52,900002;-3
09.09.2025 12:45:18;0,013275;0,02124;0,542725;0;0,132202;0,418945;52,900002;0
09.09.2025 12:50:18;0,01506;0;0,498779;0;0;0,483398;52,900002;0
09.09.2025 12:55:19;0,027101;0,02774;1,541736;0;1,124182;0,419013;52,299999;-39
09.09.2025 13:00:18;0,10968;0,109496;2,242828;0;1,955125;0,2866;52;-73,099998
09.09.2025 13:05:18;0,343643;0,149414;3,494385;0;3,094482;0,205078;52,200001;-17
09.09.2025 13:10:18;0,270584;0,23291;1,650879;0,000366;1,450562;0,164063;52,299999;-4,9
09.09.2025 13:15:18;0,242706;0,227051;1,172607;0;1,039307;0,117188;52,200001;-24,200001
09.09.2025 13:20:17;0,243702;0,193271;1,891559;0;1,675139;0,164611;51,700001;-73,5
09.09.2025 13:25:19;0,511937;0,197172;3,070351;0;2,366062;0,388523;52;-8,2
09.09.2025 13:30:20;0,078884;0,094899;1,29719;0;1,016144;0,297835;52,299999;-7,2
09.09.2025 13:35:20;0,008835;0,02124;0,527344;0;0,345337;0,193359;52,400002;-1,7
09.09.2025 13:40:20;0,007141;0,028564;0,419678;0;0,08313;0,357422;52,5;0
09.09.2025 13:45:19;0,003766;0,052176;0,388012;0,066873;0;0,504122;52,599998;2,7
09.09.2025 13:50:19;0,007507;0,026367;1,364502;0,054199;0,738647;0,69873;52;-24,799999
09.09.2025 13:55:20;0,006798;0,043799;1,93228;0;1,063593;0,906646;52;-24
09.09.2025 14:00:21;0,000365;0,065699;2,57029;0,058764;1,727883;0,966505;52,299999;4,7
09.09.2025 14:05:20;0,005006;0,019842;0,539396;0,075692;0;0,62905;52,400002;0
09.09.2025 14:10:20;0,010254;0,02417;0,550049;0;0,179443;0,383789;52,299999;-3,7
09.09.2025 14:15:20;0,000687;0,019775;0,536865;0;0,204712;0,351563;52,299999;-3,1
09.09.2025 14:20:22;0,011869;0,063299;0,429267;0;0,023282;0,45837;52,400002;0
09.09.2025 14:25:22;0,000458;0,043945;0,473877;0,041382;0;0,558105;52,5;0
09.09.2025 14:30:22;0,001053;0,04541;0,443115;0,080933;0;0,568359;52,599998;2,1
09.09.2025 14:35:24;0,006275;0,039289;0,504207;0,044746;0,002183;0,580602;52,5;0
09.09.2025 14:40:24;0,015839;0,05127;0,916992;0;0,440552;0,51123;51,900002;-35,700001
09.09.2025 14:45:23;0;0,044827;2,336891;0;1,840853;0,540865;51,700001;-36
09.09.2025 14:50:23;0,003021;0,04834;2,400879;0;1,947876;0,498047;51,599998;-38,5
09.09.2025 14:55:24;0,000046;0,058399;1,192801;0;0,690934;0,559171;52,200001;0
09.09.2025 15:00:24;0,013046;0,014648;0,490723;0;0,059326;0,433594;52,299999;0
09.09.2025 15:05:00;0,025824;0,015126;0,492793;0,000398;0,007165;0,47289;52,299999;0
09.09.2025 15:10:23;0,016879;0,017007;0,514283;0;0,111224;0,404079;52,299999;-1,2
09.09.2025 15:15:26;0,009337;0,02103;0,586663;0;0,285354;0,313274;52,200001;-7,1
09.09.2025 15:20:25;0,012722;0,033804;0,585693;0;0,327385;0,279251;52,299999;-1,6
09.09.2025 15:25:25;0,019409;0,047607;0,924316;0;0,766113;0,186035;52,099998;-6,3
09.09.2025 15:30:26;0,009764;0,02555;0,378864;0;0,109498;0,286156;52,299999;-0,3
09.09.2025 15:35:26;0,00444;0,041016;0,433594;0,124146;0,003296;0,591797;52,400002;1,3
09.09.2025 15:40:26;0,007141;0,022705;0,371338;0,003662;0,003296;0,385254;52,400002;0
09.09.2025 15:45:27;0,001871;0,051829;0,319735;0,093074;0,000365;0,462813;52,5;4,4
09.09.2025 15:50:27;0,008194;0,021973;0,335449;0,078369;0;0,427734;52,400002;0
09.09.2025 15:55:28;0,0172;0,045259;1,92498;0,000365;1,367634;0,585451;51,599998;-36,400002
09.09.2025 16:00:28;0,006317;0,054199;2,336426;0;2,076416;0,307617;51,5;-34,299999
09.09.2025 16:05:28;0,001144;0,035889;0,446777;0,192261;0,02124;0,651855;52,200001;4,9
09.09.2025 16:10:29;0,000867;0,02847;0,400034;0,080299;0,008395;0,499312;52,200001;-0,3
09.09.2025 16:15:30;0,004471;0,0219;0,391274;0;0,01533;0,394194;52,200001;1
09.09.2025 16:20:29;0,00124;0,031599;0,404179;0,95864;0,000367;1,393316;52,900002;29,299999
09.09.2025 16:25:29;0,001144;0,036621;0,350098;1,255371;0;1,64209;52,900002;16,700001
09.09.2025 16:30:30;0,003239;0,035039;0,363534;0,298565;0;0,693489;52,599998;2,1
09.09.2025 16:35:30;0,002975;0,032227;0,392578;0,151978;0,004395;0,568359;52,599998;4,4
09.09.2025 16:40:30;0,000732;0,0271;0,481934;0,383789;0;0,890625;52,799999;8,4
09.09.2025 16:45:30;0,000183;0,030029;0,462158;0,623657;0;1,117676;53;16,5
09.09.2025 16:50:31;0,006114;0,032849;0,516832;1,002274;0;1,544656;53,200001;20,700001
09.09.2025 16:55:32;0,000365;0,02628;0,524862;1,036219;0;1,588455;53,200001;17,5
09.09.2025 17:00:32;0,005035;0,035889;0,558838;1,009277;0;1,598145;53,299999;25,200001
09.09.2025 17:05:32;0,003983;0,054932;0,549316;1,363403;0;1,962891;53,299999;21,700001
09.09.2025 17:10:31;0,000367;0,515145;0,614353;1,9588;0;3,0894;53,5;46,200001
09.09.2025 17:15:32;0,003422;0,742398;0,6548;2,390713;0;3,784261;53,5;46,200001
09.09.2025 17:20:32;0,028198;0,113525;0,585938;1,430786;0;2,102051;53,200001;9,3
09.09.2025 17:25:32;0,016434;0,038086;0,531738;0,884766;0;1,438477;53,200001;22,1
09.09.2025 17:30:31;0,011758;0,030865;0,507796;0,673877;0;1,20078;53,099998;8,4
09.09.2025 17:35:31;0,00975;0,036621;0,534668;0,933472;0;1,494141;53,400002;40,799999
09.09.2025 17:40:31;0,018768;0,16333;0,566162;2,178589;0;2,888672;53,5;38,200001
09.09.2025 17:45:32;0,006935;0,03066;0,413904;1,018334;0;1,457057;53,200001;11,4
09.09.2025 17:50:32;0,002747;0,035889;0,457031;0,695801;0;1,186523;53,200001;13,4
09.09.2025 17:55:31;0,017269;0,051441;0,900952;0,594144;0,258307;1,269858;53,299999;30,1
09.09.2025 18:00:31;0,007736;0,032959;0,588867;0,875244;0;1,489746;53,099998;12,2
09.09.2025 18:05:32;0,000365;0,191257;0,567931;2,144341;0;2,903895;53,5;46,200001
09.09.2025 18:10:34;0,012414;0,096039;0,507117;1,654861;0;2,24674;53,400002;35,200001
09.09.2025 18:15:34;0,007324;0,029297;0,459229;0,876343;0;1,356445;53,099998;5,6
09.09.2025 18:20:34;0,000824;0,02124;0,393311;0,312744;0;0,726563;53,099998;7
09.09.2025 18:25:34;0,007095;0,037354;0,372803;1,062012;0;1,463379;53,200001;14,6
09.09.2025 18:30:34;0,007141;0,035156;0,466553;1,480225;0;1,976074;53,200001;6,8
09.09.2025 18:35:36;0,018962;0,02401;0,426357;0,19608;0,005093;0,622801;53;0
09.09.2025 18:40:36;0,009979;0,0271;0,491455;0,017944;0,098877;0,42627;53;6,8
09.09.2025 18:45:35;0,000919;0,038948;0,476932;0,266391;0;0,781903;53;5,9
09.09.2025 18:50:36;0,001049;0,043069;0,422663;0,261701;0;0,725609;53;3,4
09.09.2025 18:55:35;0,021128;0,033069;0,470318;0,018372;0,025721;0,476197;52,900002;0
09.09.2025 19:00:35;0,003159;0,062988;0,400635;0,014282;0;0,474609;52,900002;0
09.09.2025 19:05:35;0,003342;0,041748;0,407227;0,098145;0;0,543457;53;1,2
09.09.2025 19:10:35;0,026917;0,064453;1,35791;0,002197;1,088013;0,309082;52,599998;-7,3
09.09.2025 19:15:36;0,00917;0,036499;1,587725;0;1,465452;0,150378;52,200001;-41,099998
09.09.2025 19:20:36;0,008331;0,052002;2,613281;0;2,549194;0,108398;51,900002;-58,099998
09.09.2025 19:25:35;0,053232;0,02719;3,71698;0;3,613363;0,076427;51,799999;-73,400002
09.09.2025 19:30:36;0,215757;0,00438;4,034647;0;3,781341;0,042339;51,700001;-72,400002
09.09.2025 19:35:35;0,006338;0,062464;3,301777;0;3,339991;0,017637;51,700001;-70,400002
09.09.2025 19:40:35;0,131927;0,071045;3,270264;0;3,204346;0,004395;51,900002;-34,299999
09.09.2025 19:45:37;0;0,046565;1,699607;0;1,745808;0;52;-28,6
09.09.2025 19:50:38;0;0,041609;1,394278;0;1,435888;0;51,900002;-27,299999
09.09.2025 19:55:37;0,000138;0,042623;1,435939;0;1,478561;0;51,799999;-30,700001
09.09.2025 20:00:37;0,068436;0,041748;2,000244;0;1,973511;0;51,400002;-61,900002
09.09.2025 20:05:37;0,000595;0,054199;1,316895;0;1,369629;0;52;-9,2
09.09.2025 20:10:38;0,005429;0,0292;0,466463;0;0,490552;0;52;-10,4
09.09.2025 20:15:37;0,000046;0,026455;0,516615;0;0,543805;0;52;-10,5
09.09.2025 20:20:37;0,002747;0,030029;0,529541;0;0,556641;0;52;-11,8
09.09.2025 20:25:37;0,000046;0,035156;0,566162;0;0,601685;0;51,900002;-11,5
09.09.2025 20:30:37;0,000229;0,036621;0,553711;0;0,590332;0;51,900002;-11,4
09.09.2025 20:35:37;0,005264;0,024902;0,583008;0;0,602417;0;51,900002;-11,8
09.09.2025 20:40:37;0,001053;0,035156;0,421143;0;0,455566;0;51,900002;-8,1
09.09.2025 20:45:37;0,003799;0,025635;0,436523;0;0,457397;0;51,900002;-9,4
09.09.2025 20:50:39;0,000318;0,036379;0,53331;0;0,569688;0;51,799999;-11,4
09.09.2025 20:55:42;0,009609;0,039884;0,715743;0;0,745838;0;51,700001;-16,799999
09.09.2025 21:00:44;0,022282;0,042927;1,105909;0;1,127008;0;51,599998;-14,9
09.09.2025 21:05:46;0,004957;0,044382;0,744306;0;0,783594;0;51,599998;-15,9
09.09.2025 21:10:48;0,006685;0,022555;0,83598;0;0,851622;0;51,599998;-16,200001
09.09.2025 21:15:50;0,000273;0,036379;0,791598;0;0,82834;0;51,599998;-16,4
09.09.2025 21:20:52;0,001046;0,030558;0,702834;0;0,731937;0;51,599998;-12,3
09.09.2025 21:25:54;0,001091;0,029103;0,567506;0;0,595881;0;51,700001;-8,5
09.09.2025 21:30:55;0,001825;0,02336;0,453323;0;0,474493;0;51,700001;-8,5
09.09.2025 21:35:58;0,000816;0,020305;0,44888;0;0,46846;0;51,599998;-9,3
09.09.2025 21:41:00;0,0005;0,022555;0,483835;0;0,506026;0;51,599998;-9
09.09.2025 21:46:02;0,007958;0,02983;0,639535;0;0,660999;0;51,5;-12,5
09.09.2025 21:51:03;0,00219;0,02701;0,6548;0;0,679254;0;51,5;-13,7
09.09.2025 21:56:05;0,000091;0,028375;0,672276;0;0,701743;0;51,5;-11,8
09.09.2025 22:01:07;0,003592;0,026193;0,599519;0;0,621346;0;51,5;-11,6
09.09.2025 22:06:09;0;0,033468;0,552954;0;0,585695;0;51,5;-10,3
09.09.2025 22:11:10;0,000137;0,03066;0,405144;0;0,435803;0;51,5;-8,3
09.09.2025 22:16:11;0,004243;0,032849;0,383244;0;0,412079;0;51,5;-8,5
09.09.2025 22:21:13;0,002956;0,02692;0,38343;0;0,408531;0;51,5;-8,3
09.09.2025 22:26:13;0,007095;0,030029;0,459961;0;0,481201;0;51,5;-11,1
09.09.2025 22:31:16;0,003218;0,036259;0,502543;0;0,536263;0;51,400002;-10,5
09.09.2025 22:36:16;0,002701;0,026367;0,576416;0;0,60022;0;51,400002;-11,7
09.09.2025 22:41:18;0,000455;0,034196;0,561685;0;0,595517;0;51,400002;-11,6
09.09.2025 22:46:20;0,002456;0,037834;0,559502;0;0,594426;0;51,299999;-11,7
09.09.2025 22:51:21;0,002829;0,02482;0,500772;0;0,522672;0;51,400002;-8
09.09.2025 22:56:23;0,006321;0,02692;0,471466;0;0,493293;0;51,299999;-10
09.09.2025 23:01:25;0,004138;0,022555;0,491838;0;0,509664;0;51,299999;-9,3
09.09.2025 23:06:26;0,007984;0,0292;0,487632;0;0,508072;0;51,299999;-12,4
09.09.2025 23:11:28;0,000773;0,02692;0,577692;0;0,604976;0;51,200001;-11,5
09.09.2025 23:16:29;0,000274;0,0292;0,568661;0;0,596766;0;51,200001;-11,8
09.09.2025 23:21:31;0,001273;0,028375;0,589333;0;0,616981;0;51,200001;-11,5
09.09.2025 23:26:31;0;0,027832;0,569092;0;0,596558;0;51,099998;-11,6
09.09.2025 23:31:33;0,000909;0,02401;0,566778;0;0,590424;0;51,099998;-11,6
09.09.2025 23:36:36;0,000045;0,031182;0,463384;0;0,494566;0;51,200001;-7,9
09.09.2025 23:41:38;0,000182;0,026193;0,368151;0;0,393252;0;51,200001;-8,1
09.09.2025 23:46:40;0;0,024737;0,368151;0;0,393252;0;51,099998;-7,6
09.09.2025 23:51:41;0,005703;0,02847;0,402224;0;0,424853;0;51,099998;-10,4
09.09.2025 23:56:43;0;0,02692;0,486745;0;0,514029;0;51;-10
10.09.2025 00:01:46;0,000091;0,028282;0,482238;0;0,509795;0;51;-10
10.09.2025 00:06:48;0,001;0,037834;0,51221;0;0,550044;0;51;-11
10.09.2025 00:11:50;0,001046;0,030558;0,486745;0;0,515121;0;51;-8,6
10.09.2025 00:16:51;0,000182;0,02409;0,349665;0;0,373754;0;51;-5,3
10.09.2025 00:21:53;0,003274;0,018189;0,246647;0;0,261926;0;51,099998;-4,8
10.09.2025 00:26:56;0,017631;0,021755;0,189269;0;0,19362;0;51,099998;-3,9
10.09.2025 00:31:57;0,011224;0,01971;0,186147;0;0,194177;0;51,099998;-3
10.09.2025 00:36:59;0,012141;0,02983;0,303397;0;0,320495;0;51;-6,2
10.09.2025 00:42:01;0,000091;0,02401;0,288846;0;0,315038;0;51;-6
10.09.2025 00:47:01;0,000046;0,024902;0,288574;0;0,312012;0;51;-6,2
10.09.2025 00:52:02;0,002464;0,02701;0,318275;0;0,342365;0;50,900002;-7,3
10.09.2025 00:57:05;0,010968;0,020305;0,415523;0;0,425312;0;50,900002;-7,1
10.09.2025 01:02:08;0,00145;0,024656;0,327777;0;0,35062;0;50,900002;-6,7
10.09.2025 01:07:10;0,000045;0,024737;0,306308;0;0,331409;0;50,799999;-6,4
10.09.2025 01:12:12;0;0,023282;0,252467;0;0,27575;0;50,900002;-5,3
10.09.2025 01:17:13;0,005886;0,0292;0,322655;0;0,34638;0;50,799999;-7,7
10.09.2025 01:22:15;0,000045;0,026193;0,328862;0;0,354327;0,001455;50,799999;-6
10.09.2025 01:27:17;0;0,026193;0,277932;0;0,303761;0;50,799999;-6
10.09.2025 01:32:20;0;0,023205;0,274839;0;0,298408;0;50,799999;-5,8
10.09.2025 01:37:21;0;0,02482;0,280316;0;0,305135;0;50,799999;-6,2
10.09.2025 01:42:23;0,002274;0,02692;0,290301;0;0,314675;0;50,799999;-5
10.09.2025 01:47:25;0,006366;0,018917;0,247374;0;0,260834;0;50,799999;-4,7
10.09.2025 01:52:27;0,004229;0,021827;0,245919;0;0,262653;0;50,799999;-5,2
10.09.2025 01:57:27;0,000137;0,02417;0,228516;0;0,252319;0;50,799999;-3,8
10.09.2025 02:02:29;0,005184;0,02401;0,291029;0;0,310673;0;50,700001;-6,2
10.09.2025 02:07:31;0;0,021827;0,291029;0;0,313219;0;50,700001;-6,2
10.09.2025 02:12:33;0,004229;0,021827;0,296849;0;0,314311;0;50,700001;-6,4
10.09.2025 02:17:35;0,000045;0,033468;0,272112;0;0,304852;0;50,700001;-6
10.09.2025 02:22:37;0,00382;0,02401;0,267019;0;0,286299;0;50,799999;-3,8
10.09.2025 02:27:38;0,147868;0,01241;0,212427;0;0,078474;0;50,900002;0
10.09.2025 02:32:41;0,210662;0;0,211025;0;0;0;51;0
10.09.2025 02:37:43;0,207949;0;0,207358;0;0;0;51;0
10.09.2025 02:42:45;0,276886;0;0,277205;0;0;0;51;0
10.09.2025 02:47:45;0,271774;0;0,272461;0;0;0;51;0
10.09.2025 02:52:47;0,268519;0;0,267746;0;0;0;51;0
10.09.2025 02:57:49;0,325634;0;0,325224;0;0;0;51,099998;0
10.09.2025 03:02:52;0,354019;0;0,354608;0;0;0;51,099998;0
10.09.2025 03:07:53;0,282597;0;0,282506;0;0;0;51,099998;0
10.09.2025 03:12:55;0,222046;0;0,221909;0;0;0;51,099998;0
10.09.2025 03:17:57;0,263017;0;0,232823;0,030922;0;0;51,099998;0
10.09.2025 03:22:59;0,276204;0;0,27575;0;0;0;51,099998;0
10.09.2025 03:28:02;0,34296;0;0,343005;0;0;0;51,099998;0
10.09.2025 03:33:03;0,332875;0;0,332875;0,000365;0;0;51,099998;0
10.09.2025 03:38:03;0,286057;0;0,285645;0;0;0;51,099998;0
10.09.2025 03:43:05;0,262608;0;0,262653;0;0;0;51,099998;0
10.09.2025 03:48:07;0,262562;0;0,262653;0;0;0;51,099998;0
10.09.2025 03:53:08;0,157039;0;0,156948;0;0;0;51,099998;0
10.09.2025 03:58:09;0,188748;0;0,189067;0;0;0;51,099998;0
10.09.2025 04:03:11;0,227866;0;0,22773;0;0;0;51,099998;0
10.09.2025 04:08:13;0,280115;0;0,280115;0;0;0;51,099998;0
10.09.2025 04:13:15;0,318403;0;0,317949;0;0;0;51,099998;0
10.09.2025 04:18:17;0,291029;0;0,291756;0;0;0;51,099998;0
10.09.2025 04:23:19;0,276477;0;0,276477;0;0;0;51,099998;0
10.09.2025 04:28:22;0,260563;0;0,260336;0;0;0;51,099998;0
10.09.2025 04:33:23;0,171821;0;0,171547;0;0;0;51,099998;0
10.09.2025 04:38:23;0,153992;0;0,154541;0;0;0;51,099998;0
10.09.2025 04:43:25;0,152745;0;0,15279;0;0;0;51,099998;0
10.09.2025 04:48:27;0,202674;0;0,202265;0;0;0;51,099998;0
10.09.2025 04:53:27;0,257217;0;0,25708;0;0;0;51,099998;0
10.09.2025 04:58:28;0,289577;0;0,289805;0;0;0;51,099998;0
10.09.2025 05:03:31;0,425086;0;0,425675;0;0;0;51,099998;0
10.09.2025 05:08:33;0,414488;0;0,413988;0;0;0;51,099998;0
10.09.2025 05:13:35;0,401165;0;0,400892;0;0;0;51,099998;0
10.09.2025 05:18:36;0,263936;0;0,264256;0;0;0;51,099998;0
10.09.2025 05:23:38;0,230004;0;0,229913;0;0;0;51,099998;0
10.09.2025 05:28:41;0,159673;0;0,159537;0;0;0;51,099998;0
10.09.2025 05:33:43;0,229913;0;0,229913;0;0;0;51,099998;0
10.09.2025 05:38:45;0,355146;0;0,355055;0;0;0;51,099998;0
10.09.2025 05:43:47;1,651587;0;1,652315;0;0;0;51,099998;0
10.09.2025 05:48:49;2,640402;0;2,639629;0;0;0;51,099998;0
10.09.2025 05:53:49;1,931076;0;1,931396;0;0;0;51,099998;0
10.09.2025 05:58:52;1,385166;0;1,385075;0;0;0;51,099998;0
10.09.2025 06:03:53;1,203067;0;1,203021;0;0;0;51,099998;0
10.09.2025 06:08:55;1,209815;0;1,209951;0;0;0;51,099998;0
10.09.2025 06:13:57;1,191353;0;1,191034;0;0;0;51,099998;0
10.09.2025 06:18:59;1,281526;0;1,281981;0;0;0;51,099998;0
10.09.2025 06:24:00;1,30011;0;1,29938;0;0;0;51,099998;0
10.09.2025 06:29:03;0,515732;0;0,516321;0;0;0;51,099998;0
10.09.2025 06:34:05;0,262108;0;0,261926;0;0;0;51,099998;0
10.09.2025 06:39:07;0,191761;0;0,192079;0;0;0;51,099998;0
10.09.2025 06:44:08;0,214845;0;0,214617;0;0;0;51,099998;0
10.09.2025 06:49:10;0,237097;0;0,237188;0;0;0;51,099998;0
10.09.2025 06:54:12;0,275977;0;0,27575;0;0;0;51,099998;0
10.09.2025 06:59:15;0,367843;0;0,38144;0;0;0,013053;51,200001;0
10.09.2025 07:04:16;0,427226;0;0,451133;0,01533;0;0,039419;51,200001;0,7
10.09.2025 07:09:19;0,490759;0;0,511245;0,048224;0;0,068166;51,200001;1,3
10.09.2025 07:14:21;0,538585;0;0,56314;0,074576;0;0,09895;51,299999;1,8
10.09.2025 07:19:23;0,545406;0;0,568233;0,0884;0;0,110591;51,299999;1,8
10.09.2025 07:24:26;0,478658;0;0,501093;0,100073;0;0,123279;51,299999;2,1
10.09.2025 07:29:27;0,687923;0;0,709549;0,139428;0;0,162057;51,400002;3,1
10.09.2025 07:34:29;1,774592;0;1,794191;0,196444;0;0,215361;51,5;4,3
10.09.2025 07:39:31;3,707022;0;3,722983;0,227002;0;0,243009;51,5;4,8
10.09.2025 07:44:33;4,417859;0;4,434548;0,243373;0;0,260471;51,599998;4,5
10.09.2025 07:49:33;3,059097;0;3,073975;0,220825;0;0,23584;51,599998;4,4
10.09.2025 07:54:35;1,411307;0;1,42895;0,241554;0;0,259015;51,700001;4,8
10.09.2025 07:59:37;0,239553;0;0,413261;0,086581;0,002546;0,256105;51,5;0
10.09.2025 08:04:39;0,05384;0,042927;0,287391;0,005457;0;0,283753;51,400002;0
10.09.2025 08:09:40;0;0,067159;0,279586;0;0;0,346015;51,400002;0
10.09.2025 08:14:42;0,002637;0,033468;0,264108;0,08549;0;0,379792;51,5;0
10.09.2025 08:19:44;0,006912;0,120049;0,282298;0,001819;0,005457;0,392889;51,400002;0
10.09.2025 08:24:47;0,000906;0,037709;0,362585;0,000363;0;0,400294;51,400002;0
10.09.2025 08:29:49;0;0,038561;0,342686;0;0;0,381247;51,400002;0
10.09.2025 08:34:51;0;0,067664;0,30267;0;0;0,369606;51,400002;0
10.09.2025 08:39:52;0,001095;0,075919;0,282506;0;0;0,357694;51,299999;0
10.09.2025 08:44:55;2,066599;0,00145;2,483708;0;0,090284;0,327777;51,299999;0
10.09.2025 08:49:57;1,522625;0;1,907692;0;0;0,385613;51,299999;0
10.09.2025 08:54:59;0,219818;0,016734;0,531127;0,130963;0,000364;0,45837;51,5;2,8
10.09.2025 09:00:01;0,006366;0,026193;0,294666;0,229185;0,00291;0,541313;51,599998;3,1
10.09.2025 09:05:03;0,005593;0,032013;0,472921;0,134601;0,002546;0,630077;51,599998;4,3
10.09.2025 09:10:05;0;0,020372;0,426357;0,272112;0;0,718841;51,700001;6,1
10.09.2025 09:15:06;0,000137;0,01971;0,412444;0,34857;0;0,781088;51,799999;7,7
10.09.2025 09:20:08;0,001228;0,022555;0,416171;0,501297;0;0,938567;51,900002;12,4
10.09.2025 09:25:11;0;0,026106;0,416973;0,717918;0;1,161723;52;14,1
10.09.2025 09:30:12;0,001141;0,0219;0,320465;0,799337;0;1,140242;52,099998;16,200001
10.09.2025 09:35:13;0,003832;0,02701;0,278126;0,736193;0;1,036584;52,099998;12,2
10.09.2025 09:40:14;0,000137;0,02847;0,313165;0,647135;0;0,989865;52,099998;13,2
10.09.2025 09:45:17;0,007206;0,032633;0,336479;0,682748;0,000725;1,044245;52,099998;11,2
10.09.2025 09:50:19;0,000045;0,023282;0,424902;0,583876;0;1,030241;52,200001;11
10.09.2025 09:55:21;0,000091;0,023282;0,378337;0,545679;0;0,948753;52,200001;10,7
10.09.2025 10:00:22;0,002144;0,01825;0,392734;0,516467;0;0,925626;52,200001;10,7
10.09.2025 10:05:24;0,000637;0,02692;0,35942;0,390342;0;0,775591;52,200001;5,3
10.09.2025 10:10:26;0,001091;0,026193;0,355055;0,306308;0;0,683917;52,200001;5,8
10.09.2025 10:15:28;0,013778;0,02983;0,662818;0,118958;0,244828;0,554409;51,900002;-9,1
10.09.2025 10:20:31;0,024746;0,037709;1,224812;0;0,675133;0,564182;51,299999;-46,5
10.09.2025 10:25:33;0,006048;0,063299;2,386434;0;1,77964;0,663545;50,900002;-38
10.09.2025 10:30:35;0,001091;0,047292;2,5254;0;1,922607;0,647539;50,400002;-37,700001
10.09.2025 10:35:37;0,003274;0,089491;0,622801;0,025465;0,100405;0,635897;51,299999;2
10.09.2025 10:40:38;0,023086;0,045259;1,067973;0,092344;0,470843;0,711009;51,099998;2,2
10.09.2025 10:45:40;0,011505;0,024737;1,437681;0,04329;0,700651;0,793053;50,5;-20,5
10.09.2025 10:50:42;0,01205;0,045837;2,45046;0;1,651587;0,832342;50,299999;-17,299999
10.09.2025 10:55:45;0,019852;0,033358;1,428585;0;0,58485;0,858601;50;-49,400002
10.09.2025 11:00:47;0,003729;0,047292;1,701062;0;0,816335;0,926926;50,599998;-4,5
10.09.2025 11:05:49;0,016007;0,047292;0,724661;0,557683;0,040016;1,27325;51,400002;15,6
10.09.2025 11:10:50;0,003741;0,0292;0,61757;0,795323;0;1,439537;51,599998;12,9
10.09.2025 11:15:52;0,01728;0,037834;1,538814;0,279387;0,679915;1,159749;50,400002;-25,9
10.09.2025 11:20:54;0,004229;0,057478;1,224503;0,252467;0,469647;1,057889;51,200001;9,3
10.09.2025 11:25:57;0,005892;0,032633;0,623646;0,467735;0;1,119663;51,5;7,4
10.09.2025 11:30:59;0,002137;0,027648;0,56314;0,466009;0;1,054979;51,599998;11,3
10.09.2025 11:36:00;0,005612;0,032119;0,529972;0,553331;0;1,109583;51,799999;13
10.09.2025 11:41:02;0,00241;0,030558;0,369606;0,697377;0;1,094267;51,900002;13,5
10.09.2025 11:46:04;0,005184;0,032013;0,561685;0,594426;0;1,183031;51,900002;15,9
10.09.2025 11:51:07;0,002266;0,02103;0,379989;0,837934;0;1,23714;52;16,299999
10.09.2025 11:56:09;0,011687;0,02983;0,470011;0,709382;0,001091;1,196127;52;9,9
10.09.2025 12:01:11;0,003047;0,036379;0,629349;0,308854;0,000728;0,97058;51,900002;0
10.09.2025 12:06:13;0,009777;0,020372;0,91383;0;0;0,924016;51,799999;0
10.09.2025 12:11:15;0,020145;0,005093;0,976401;0;0;0,961849;51,700001;0
10.09.2025 12:16:16;0,024272;0,01752;1,021984;0;0,087964;0,928545;51,700001;-3,1
10.09.2025 12:21:19;0,031273;0,057288;1,047146;0,002538;0,128718;0,947072;51,700001;0
10.09.2025 12:26:21;0,016007;0,016734;0,950208;0;0,030558;0,921105;51,599998;-3
10.09.2025 12:31:23;0,011095;0,030558;0,766133;0,148425;0,113137;0,81779;51,799999;4,4
10.09.2025 12:36:24;0,006935;0,038689;0,528512;0,168627;0,006205;0,724149;51,700001;0
10.09.2025 12:41:26;0,005048;0,05093;0,534037;0,034196;0,000364;0,612615;51,700001;1,3
10.09.2025 12:46:28;0,003365;0,063299;0,523124;0,032013;0,000728;0,615525;51,700001;2,1
10.09.2025 12:51:31;0,008929;0,044235;0,564908;0,094635;0;0,694713;51,799999;2,5
10.09.2025 12:56:32;0,046947;0,051099;1,483337;0,068984;0,874891;0,681809;50,299999;-74,199997
10.09.2025 13:01:34;0,124733;0,160793;3,349011;0,007639;2,696016;0,695558;49,900002;-71,400002
10.09.2025 13:06:36;0,359511;0,236461;2,50139;0,011641;1,701062;0,689738;49,900002;-11,5
10.09.2025 13:11:38;2,534313;0,012369;3,341735;0,171707;0,315038;0,676641;50,900002;13,9
10.09.2025 13:16:40;0,608068;0,043654;1,286346;0,216452;0,228821;0,71011;50,900002;12,7
10.09.2025 13:21:43;0,211886;0,092822;0,767955;0,083032;0,08702;0,645401;51;11,4
10.09.2025 13:26:45;0,171298;0,032741;0,720296;0,029467;0,045837;0,564595;51;0
10.09.2025 13:31:47;0,001364;0,049475;0,520214;0;0,000364;0,567506;51;0
10.09.2025 13:36:46;0,000092;0,101412;0,479136;0,009186;0;0,590837;51;1,8
10.09.2025 13:41:48;0,002819;0,039289;0,513665;0,107681;0;0,656269;51,099998;4,9
10.09.2025 13:46:50;0,004138;0,026193;0,395799;0,256105;0;0,673731;51,299999;4
10.09.2025 13:51:53;0,019172;0,030457;0,617845;0,210299;0,170415;0,670057;50,700001;-32,900002
10.09.2025 13:56:55;1,213726;0,010186;2,230006;0;0,371425;0,654814;50,900002;0
10.09.2025 14:01:56;1,591238;0;2,283404;0;0;0,690569;51;0
10.09.2025 14:06:57;1,620392;0;2,354943;0;0;0,734369;51;0
10.09.2025 14:11:58;1,598173;0;2,415532;0;0;0,819047;51;0
10.09.2025 14:17:01;1,630273;0;2,401038;0;0;0,770131;51,099998;0
10.09.2025 14:22:01;1,117859;0,017578;1,814209;0,050903;0;0,766113;51,099998;2,3
10.09.2025 14:27:02;1,370325;0,01898;2,088497;0,022265;0,054384;0,703709;51,099998;0
10.09.2025 14:32:04;1,51112;0;2,21691;0;0;0,704289;51,099998;0
10.09.2025 14:37:06;1,771591;0;2,496297;0;0;0,727571;51,099998;0
10.09.2025 14:42:08;0,297622;0,045109;0,753036;0,096403;0,006184;0,590788;51,099998;0
10.09.2025 14:47:10;0,003592;0,069119;0,452549;0,01055;0,000364;0,526762;51,200001;2,6
10.09.2025 14:52:12;0,288982;0,043654;0,916012;0,097131;0,138239;0,631532;51,200001;4,2
10.09.2025 14:57:14;0,016325;0,032741;0,505662;0,215361;0;0,734847;51,400002;3,5
10.09.2025 15:02:16;0,017234;0,042199;0,552954;0,148061;0,000364;0,726116;51,400002;1,6
10.09.2025 15:07:16;0,015381;0,063721;0,544189;0,075439;0,005493;0,662109;51,299999;0
10.09.2025 15:12:18;0,009822;0,066209;0,48238;0,038925;0,012732;0,566051;51,299999;0
10.09.2025 15:17:22;0,014275;0,057823;0,477038;0,116368;0;0,637496;51,400002;6,5
10.09.2025 15:22:23;0,024409;0,039419;1,150462;0,182132;0,595306;0,751888;50,299999;-34,599998
10.09.2025 15:27:25;1,575374;0,001455;2,366062;0;0,104406;0,688283;51;0
10.09.2025 15:32:26;0,989408;0,02263;1,584805;0,091249;0,028835;0,678889;51,200001;3,8
10.09.2025 15:37:28;0,00864;0,029103;0,503479;0,165522;0,001819;0,688283;51,299999;0
10.09.2025 15:42:31;0,018492;0,06599;0,596815;0,06599;0;0,710667;51,299999;0
10.09.2025 15:47:33;0,585877;0,016007;1,594837;0,005821;0,231004;0,798873;51,099998;0
10.09.2025 15:52:34;1,480143;0;2,220625;0;0;0,740208;51,099998;0
10.09.2025 15:57:36;0,918741;0;1,385296;0;0;0,467101;51,200001;0
10.09.2025 16:02:38;0,99991;0,000728;1,399847;0,021463;0;0,423447;51,299999;8,9
10.09.2025 16:07:40;0,008549;0,042927;0,370334;0,016007;0,003638;0,416171;51,200001;0
10.09.2025 16:12:41;0,126699;0,00438;0,352584;0;0,02336;0,207317;51,200001;0
10.09.2025 16:17:45;0,165066;0;0,336095;0;0;0,170577;51,099998;0
10.09.2025 16:22:47;0,075713;0;0,346324;0;0;0,272112;51,200001;0
10.09.2025 16:27:49;0,172707;0,001455;0,630804;0,007639;0,008003;0,456915;51,200001;0
10.09.2025 16:32:50;0,225703;0;0,842407;0;0;0,61611;51,200001;0
10.09.2025 16:37:51;0,270187;0;0,889126;0;0;0,61903;51,200001;0
10.09.2025 16:42:52;0,461353;0;0,940225;0;0;0,480332;51,099998;0
10.09.2025 16:47:54;0,668365;0;1,053523;0;0;0,384158;51,200001;0
10.09.2025 16:52:56;0,831114;0;1,169207;0;0;0,339048;51,099998;0
10.09.2025 16:57:58;1,150381;0;1,483518;0;0;0,331773;51,099998;0
10.09.2025 17:03:00;1,090084;0;1,37511;0;0;0,286663;51,200001;0
10.09.2025 17:08:02;1,01187;0;1,268157;0;0;0,256105;51,200001;0
10.09.2025 17:13:04;1,355193;0;1,671959;0;0;0,317221;51,200001;0
10.09.2025 17:18:04;0,87149;0;1,298584;0;0;0,42627;51,200001;0
10.09.2025 17:23:06;0,592152;0;1,191034;0;0;0,598064;51,200001;0
10.09.2025 17:28:08;0,460598;0;1,239054;0;0;0,778501;51,099998;0
10.09.2025 17:33:09;0,176018;0,01095;1,240251;0,018615;0;1,093523;51,200001;0
10.09.2025 17:38:09;0,001968;0,031494;0,79834;0,938599;0,000366;1,768066;52;24,6
10.09.2025 17:43:11;0,000591;0,026193;0,579874;1,155747;0;1,760723;52;18,799999
10.09.2025 17:48:15;0,002078;0,028189;0,47487;1,067192;0;1,568443;52;19,4
10.09.2025 17:53:17;0,002865;0,028375;0,393616;0,912375;0;1,330001;52;14,9
10.09.2025 17:58:16;0,004639;0,025721;0,367436;0,459295;0;0,848042;51,900002;6,5
10.09.2025 18:03:18;0,00773;0,02983;0,902916;0,113501;0,510755;0,526762;51,299999;-32,900002
10.09.2025 18:08:20;0,00723;0,046565;1,875679;0;1,597383;0,318676;50,900002;-27,299999
10.09.2025 18:13:23;0,013688;0,033358;3,213954;0;2,979724;0,25381;49,5;-75,300003
10.09.2025 18:18:24;4,090491;0;4,375552;0;0,117528;0,167897;50,799999;0
10.09.2025 18:23:26;3,91397;0;4,069307;0;0;0,154245;50,900002;0
10.09.2025 18:28:28;1,690558;0;1,816746;0;0;0,126597;50,900002;0
10.09.2025 18:33:30;0,302852;0;0,446729;0;0;0,144059;51;0
10.09.2025 18:38:31;0,249063;0;0,402224;0;0;0,151838;51;0
10.09.2025 18:43:33;0,205493;0;0,362331;0;0;0,158611;51;0
10.09.2025 18:48:36;0,161441;0;0,317625;0;0;0,155186;51;0
10.09.2025 18:53:37;0,290946;0;0,418283;0;0;0,127018;51;0
10.09.2025 18:58:38;0,295235;0;0,394194;0;0;0,099278;51;0
10.09.2025 19:03:40;0,336229;0;0,384885;0;0;0,049475;51,099998;0
10.09.2025 19:08:41;0,402862;0;0,425583;0;0;0,0219;51,099998;0
10.09.2025 19:13:43;0,390342;0;0,447456;0;0;0,058206;51,099998;0
10.09.2025 19:18:44;0,193903;0;0,340175;0;0;0,145998;51,099998;0
10.09.2025 19:23:46;0,258879;0;0,382703;0;0;0,123687;51,099998;0
10.09.2025 19:28:47;0,368462;0;0,419743;0;0;0,051099;51,099998;0
10.09.2025 19:33:49;0,466964;0;0,491111;0;0;0,023282;51,099998;0
10.09.2025 19:38:51;0,467601;0;0,483107;0;0;0,016007;51,099998;0
10.09.2025 19:43:54;0,454954;0;0,465559;0;0;0,010152;51,099998;0
10.09.2025 19:48:56;0,552363;0;0,553682;0;0;0,001455;51,099998;0
10.09.2025 19:53:58;0,568915;0;0,568961;0;0;0,001455;51,099998;0
10.09.2025 19:58:59;0,561635;0;0,562091;0;0;0;51,099998;0
10.09.2025 20:04:01;2,345645;0;2,34569;0;0;0;51,099998;0
10.09.2025 20:09:03;1,969263;0;1,968808;0;0;0;51,099998;0
10.09.2025 20:14:06;1,359105;0;1,358969;0;0;0;51,099998;0
10.09.2025 20:19:08;1,497069;0;1,497342;0;0;0;51,099998;0
10.09.2025 20:24:10;1,256834;0;1,256516;0;0;0;51,099998;0
10.09.2025 20:29:11;0,461627;0;0,462083;0;0;0;51,099998;0
10.09.2025 20:34:14;0,463656;0;0,463384;0;0;0;51,099998;0
10.09.2025 20:39:15;0,491556;0;0,491282;0;0;0;51,099998;0
10.09.2025 20:44:18;0,405325;0;0,406095;0;0;0;51,099998;0
10.09.2025 20:49:17;0,404822;0;0,404914;0;0;0;51,099998;0
10.09.2025 20:54:19;0,40794;0;0,40744;0;0;0;51,099998;0
10.09.2025 20:59:22;0,546008;0;0,546053;0;0;0;51,099998;0
10.09.2025 21:04:23;0,561087;0;0,561361;0;0;0;51,099998;0
10.09.2025 21:09:25;0,548543;0;0,547861;0;0;0;51,099998;0
10.09.2025 21:14:28;0,607149;0;0,607693;0;0;0;51,099998;0
10.09.2025 21:19:30;0,593653;0;0,593698;0;0;0;51,099998;0
10.09.2025 21:24:32;0,569597;0;0,568961;0;0;0;51,099998;0
10.09.2025 21:29:33;0,410117;0;0,410984;0;0;0;51,099998;0
10.09.2025 21:34:35;0,330545;0;0,330317;0;0;0;51,099998;0
10.09.2025 21:39:37;0,330909;0;0,330317;0;0;0;51,099998;0
10.09.2025 21:44:40;0,378629;0;0,379264;0;0;0;51,099998;0
10.09.2025 21:49:42;0,435451;0;0,435088;0;0;0;51,099998;0
10.09.2025 21:54:44;0,608659;0;0,608977;0;0;0;51,099998;0
10.09.2025 21:59:45;0,479739;0;0,479602;0;0;0;51,099998;0
10.09.2025 22:04:48;0,41371;0;0,413347;0;0;0;51,099998;0
10.09.2025 22:09:50;0,382794;0;0,38343;0;0;0;51,099998;0
10.09.2025 22:14:52;0,355555;0;0,355782;0;0;0;51,099998;0
10.09.2025 22:19:54;0,317267;0;0,317221;0;0;0;51,099998;0
10.09.2025 22:24:55;0,338943;0;0,338715;0;0;0;51,099998;0
10.09.2025 22:29:57;0,385749;0;0,385613;0;0;0;51,099998;0
10.09.2025 22:35:00;0,373009;0;0,373463;0;0;0;51,099998;0
10.09.2025 22:40:01;0,371519;0;0,370834;0;0;0;51,099998;0
10.09.2025 22:45:04;0,375819;0;0,376363;0;0;0;51,099998;0
10.09.2025 22:50:06;0,365377;0;0,364513;0;0;0;51,099998;0
10.09.2025 22:55:08;0,324724;0;0,325224;0;0;0;51,099998;0
10.09.2025 23:00:09;0,344235;0;0,344555;0;0;0;51,099998;0
10.09.2025 23:05:11;0,415898;0;0,415443;0;0;0;51,099998;0
10.09.2025 23:10:14;0,46071;0;0,460483;0;0;0;51,099998;0
10.09.2025 23:15:16;0,456415;0;0,456187;0;0;0;51,099998;0
10.09.2025 23:20:18;0,521123;0;0,521669;0;0;0;51,099998;0
10.09.2025 23:25:19;0,547309;0;0,547491;0;0;0;51,099998;0
10.09.2025 23:30:22;0,446388;0;0,44598;0;0;0;51,099998;0
10.09.2025 23:35:23;0,339855;0;0,340175;0;0;0;51,099998;0
10.09.2025 23:40:26;0,31563;0;0,315449;0;0;0;51,099998;0
10.09.2025 23:45:28;0,311628;0;0,311401;0;0;0;51,099998;0
10.09.2025 23:50:30;0,33109;0;0,331773;0;0;0;51,099998;0
10.09.2025 23:55:29;0,361695;0;0,360822;0;0;0;51,099998;0
11.09.2025 00:00:31;0,30176;0;0,30267;0;0;0;51,099998;0
11.09.2025 00:05:33;0,277568;0;0,277205;0;0;0;51,099998;0
11.09.2025 00:10:36;0,247283;0;0,247283;0;0;0;51,099998;0
11.09.2025 00:15:38;0,199491;0;0,199355;0;0;0;51,099998;0
11.09.2025 00:20:40;0,148106;0;0,148425;0;0;0;51,099998;0
11.09.2025 00:25:41;0,204123;0;0,203667;0;0;0;51,099998;0
11.09.2025 00:30:44;0,204543;0;0,205223;0;0;0;51,099998;0
11.09.2025 00:35:46;0,324406;0;0,324497;0;0;0;51,099998;0
11.09.2025 00:40:48;0,281161;0;0,280843;0;0;0;51,099998;0
11.09.2025 00:45:49;0,249017;0;0,248196;0;0;0;51,099998;0
11.09.2025 00:50:51;0,245692;0;0,245919;0;0;0;51,099998;0
11.09.2025 00:55:52;0,198466;0;0,198557;0;0;0;51,099998;0
11.09.2025 01:00:54;0,14074;0;0,141149;0;0;0;51,099998;0
11.09.2025 01:05:56;0,154336;0;0,154245;0;0;0;51,099998;0
11.09.2025 01:10:57;0,296649;0;0,296375;0;0;0;51,099998;0
11.09.2025 01:15:59;0,401028;0;0,400892;0;0;0;51,099998;0
11.09.2025 01:21:01;0,382157;0;0,382703;0;0;0;51,099998;0
11.09.2025 01:26:04;0,336887;0;0,336479;0;0;0;51,099998;0
11.09.2025 01:31:06;0,322496;0;0,323042;0;0;0;51,099998;0
11.09.2025 01:36:07;0,271966;0;0,271556;0;0;0;51,099998;0
11.09.2025 01:41:07;0,196472;0;0,196289;0;0;0;51,099998;0
11.09.2025 01:46:09;0,138739;0;0,138966;0;0;0;51,099998;0
11.09.2025 01:51:12;0,138508;0;0,138508;0;0;0;51,099998;0
11.09.2025 01:56:14;0,166114;0;0,165886;0;0;0;51,099998;0
11.09.2025 02:01:16;0,256651;0;0,256833;0;0;0;51,099998;0
11.09.2025 02:06:17;0,301257;0;0,301485;0;0;0;51,099998;0
11.09.2025 02:11:19;0,3104;0;0,310673;0;0;0;51,099998;0
11.09.2025 02:16:21;0,309172;0;0,309218;0;0;0;51,099998;0
11.09.2025 02:21:24;0,245923;0;0,245108;0;0;0;51,099998;0
11.09.2025 02:26:26;0,128962;0;0,129508;0;0;0;51,099998;0
11.09.2025 02:31:27;0,129254;0;0,129208;0;0;0;51,099998;0
11.09.2025 02:36:28;0,138242;0;0,137968;0;0;0;51,099998;0
11.09.2025 02:41:29;0,280863;0;0,281046;0;0;0;51,099998;0
11.09.2025 02:46:29;0,310181;0;0,309814;0;0;0;51,099998;0
11.09.2025 02:51:32;0,301308;0;0,301671;0;0;0;51,099998;0
11.09.2025 02:56:34;0,295485;0;0,295394;0;0;0;51,099998;0
11.09.2025 03:01:36;0,198127;0;0,198627;0;0;0;51,099998;0
11.09.2025 03:06:37;0,136234;0;0,135778;0;0;0;51,099998;0
11.09.2025 03:11:40;0,152286;0;0,152286;0;0;0;51,099998;0
11.09.2025 03:16:42;0,23014;0;0,229913;0;0;0;51,099998;0
11.09.2025 03:21:44;0,338412;0;0,339048;0;0;0;51,099998;0
11.09.2025 03:26:46;0,330363;0;0,330317;0;0;0;51,099998;0
11.09.2025 03:31:48;0,32336;0;0,323042;0;0;0;51,099998;0
11.09.2025 03:36:49;0,319188;0;0,319005;0;0;0;51,099998;0
11.09.2025 03:41:51;0,25133;0;0,251012;0;0;0;51,099998;0
11.09.2025 03:46:53;0,187441;0;0,187713;0;0;0;51,099998;0
11.09.2025 03:51:56;0,192397;0;0,19217;0;0;0;51,099998;0
11.09.2025 03:56:58;0,197354;0;0,197899;0;0;0;51,099998;0
11.09.2025 04:02:00;0,213861;0;0,213906;0;0;0;51,099998;0
11.09.2025 04:07:01;0,299432;0;0,299295;0;0;0;51,099998;0
11.09.2025 04:12:03;0,291392;0;0,291756;0;0;0;51,099998;0
11.09.2025 04:17:05;0,268292;0;0,267746;0;0;0;51,099998;0
11.09.2025 04:22:08;0,23278;0;0,233505;0;0;0;51,099998;0
11.09.2025 04:27:10;0,178437;0;0,177527;0;0;0;51,099998;0
11.09.2025 04:32:12;0,125233;0;0,125142;0;0;0;51,099998;0
11.09.2025 04:37:13;0,125558;0;0,125558;0;0;0;51,099998;0
11.09.2025 04:42:15;0,139057;0;0,139694;0;0;0;51,099998;0
11.09.2025 04:47:17;0,242872;0;0,242281;0;0;0;51,099998;0
11.09.2025 04:52:19;0,246419;0;0,246647;0;0;0;51,099998;0
11.09.2025 04:57:20;0,24815;0;0,248196;0;0;0;51,099998;0
11.09.2025 05:02:22;0,24742;0;0,247374;0;0;0;51,099998;0
11.09.2025 05:07:21;0,1873;0;0,187392;0;0;0;51,099998;0
11.09.2025 05:12:23;0,134964;0;0,135328;0;0;0;51,099998;0
11.09.2025 05:17:25;0,232959;0;0,232823;0;0;0;51,099998;0
11.09.2025 05:22:28;0,294555;0;0,294419;0;0;0;51,099998;0
11.09.2025 05:27:30;0,377882;0;0,37761;0;0;0;51,099998;0
11.09.2025 05:32:31;0,379594;0;0,379594;0;0;0;51,099998;0
11.09.2025 05:37:33;0,806286;0;0,806149;0;0;0;51,099998;0
11.09.2025 05:42:33;2,021118;0;2,021484;0;0;0;51,099998;0
11.09.2025 05:47:33;2,432648;0;2,432373;0;0;0;51,099998;0
11.09.2025 05:52:36;1,56605;0;1,566368;0;0;0;51,099998;0
11.09.2025 05:57:38;1,215817;0;1,215772;0;0;0;51,099998;0
11.09.2025 06:02:39;1,20512;0;1,205211;0;0;0;51,099998;0
11.09.2025 06:07:41;1,226776;0;1,226685;0;0;0;51,099998;0
11.09.2025 06:12:43;1,264974;0;1,264519;0;0;0;51,099998;0
11.09.2025 06:17:46;1,272674;0;1,272674;0;0;0;51,099998;0
11.09.2025 06:22:48;1,283618;0;1,284164;0;0;0;51,099998;0
11.09.2025 06:27:49;1,05967;0;1,059213;0;0;0;51,099998;0
11.09.2025 06:32:51;0,218453;0;0,218999;0;0;0;51,099998;0
11.09.2025 06:37:54;0,20545;0;0,205223;0;0;0;51,099998;0
11.09.2025 06:42:55;0,204807;0;0,204397;0;0;0;51,099998;0
11.09.2025 06:47:58;0,235499;0;0,236405;0;0;0;51,099998;0
11.09.2025 06:53:00;0,262972;0;0,279387;0;0;0,014551;51,099998;0
11.09.2025 06:58:02;0,237916;0;0,269929;0;0;0,032013;51,099998;0
11.09.2025 07:03:01;0,955654;0;1,010448;0;0;0,05585;51,099998;0
11.09.2025 07:08:03;2,051024;0;2,150701;0;0;0,100405;51,099998;0
11.09.2025 07:13:05;3,75295;0;3,854673;0;0;0,10186;51,099998;0
11.09.2025 07:18:08;3,508464;0;3,563486;0;0;0,055113;51,099998;0
11.09.2025 07:23:10;2,653453;0;2,689104;0;0;0,034923;51,099998;0
11.09.2025 07:28:12;0,505344;0;0,539858;0;0;0,034923;51,099998;0
11.09.2025 07:33:13;0,41363;0;0,478873;0;0;0,065699;51,099998;0
11.09.2025 07:38:13;0,390884;0;0,468018;0;0;0,077637;51,099998;0
11.09.2025 07:43:15;1,78687;0;1,864038;0;0;0,077123;51,099998;0
11.09.2025 07:48:18;0,536943;0;0,598991;0;0;0,062365;51,099998;0
11.09.2025 07:53:20;1,023784;0;1,094995;0;0;0,069847;51,099998;0
11.09.2025 07:58:22;1,087446;0;1,17139;0;0;0,084398;51,099998;0
11.09.2025 08:03:23;0,468561;0;0,556251;0;0;0,087599;51,099998;0
11.09.2025 08:08:25;0,292938;0;0,423447;0;0;0,130963;51,099998;0
11.09.2025 08:13:28;0,313274;0;0,456857;0;0;0,142133;51,099998;0
11.09.2025 08:18:28;0,234695;0;0,410156;0;0;0,175781;51,099998;0
11.09.2025 08:23:30;0,122323;0;0,389251;0;0;0,266291;51,099998;0
11.09.2025 08:28:32;0,29644;0;0,460553;0,239735;0;0,40453;51,5;8,8
11.09.2025 08:33:33;0,153891;0,040149;0,459163;0,201842;0;0,546031;51,5;4,8
11.09.2025 08:38:36;0,000136;0,020305;0,393767;0,324151;0;0,739674;51,700001;8
11.09.2025 08:43:36;0,002518;0,02417;0,435059;0,633911;0;1,091309;51,900002;9,7
11.09.2025 08:48:39;0,000181;0,038434;0,366211;0,57651;0;0,98043;51,900002;13,5
11.09.2025 08:53:41;0,006412;0,030558;0,448184;0,64863;0,002183;1,119005;51,799999;6,8
11.09.2025 08:58:41;0,000275;0,026367;0,435791;0,333618;0;0,79541;51,799999;6,7
11.09.2025 09:03:42;0,003787;0,02847;0,475223;0,229581;0;0,728529;51,700001;0
11.09.2025 09:08:42;0,000412;0,076904;0,411621;0,029663;0;0,51709;51,700001;1,4
11.09.2025 09:13:44;0,000318;0,018189;0,290301;0,20663;0;0,516576;51,799999;6,8
11.09.2025 09:18:47;0,003943;0,026106;0,32125;0,53445;0;0,877456;51,900002;5,6
11.09.2025 09:23:49;0,01005;0,032013;0,881089;0,494385;0,000364;1,396937;51,900002;3,7
11.09.2025 09:28:50;0,007939;0,051099;1,015414;0,071904;0,00584;1,124182;51,900002;11,4
11.09.2025 09:33:52;0,005912;0,039289;0,934202;0,859626;0,000728;1,826204;52,200001;27,299999
11.09.2025 09:38:54;0,00964;0,030558;0,97058;0,462372;0;1,455143;52;11,3
11.09.2025 09:43:57;0,00068;0,024656;0,607693;0,732059;0;1,36332;52,200001;20,200001
11.09.2025 09:48:59;0,010686;0,019644;0,611888;0,942933;0;1,562823;52,200001;8,6
11.09.2025 09:54:01;0,004093;0,021827;0,507845;0,347779;0,000728;0,874541;52,099998;8
11.09.2025 09:59:00;0,006246;0,024251;0,479136;0,695923;0;1,191961;52,299999;15,1
11.09.2025 10:04:02;0,000591;0,026193;0,464918;0,744669;0;1,235416;52,299999;14,5
11.09.2025 10:09:04;0,000364;0,038561;0,440181;0,773408;0;1,251423;52,400002;16,299999
11.09.2025 10:14:07;0,007932;0,04061;0,570709;0,943084;0;1,547513;52,5;21,6
11.09.2025 10:19:09;0,004638;0,028375;0,540586;1,049158;0;1,612298;52,599998;21,5
11.09.2025 10:24:10;0,029473;0,050369;2,128647;0,384339;1,107758;1,426398;51,799999;-18,6
11.09.2025 10:29:12;0,00814;0,046565;2,179804;0,11241;0,583876;1,746171;52,299999;29,5
11.09.2025 10:34:15;0,064631;0,134882;0,881807;1,811475;0;2,764349;52,900002;44,799999
11.09.2025 10:39:16;0,011862;0,032119;0,606621;2,063313;0;2,689278;52,900002;36
11.09.2025 10:44:19;0,009382;0,129805;0,55258;2,05767;0;2,730991;53,099998;46,599998
11.09.2025 10:49:20;0,002509;0,344555;0,500772;2,163686;0;3,006093;53,099998;46,599998
11.09.2025 10:54:22;0,00382;0,366696;0,633715;2,358059;0;3,355559;53,299999;46,400002
11.09.2025 10:59:24;0,013778;0,453277;0,741837;2,273297;0;3,455964;53;3,3
11.09.2025 11:04:27;0,005801;0,060189;2,20551;0,906825;0;3,182047;53,099998;16,4
11.09.2025 11:09:28;0,003011;0,02409;2,163394;0,577421;0;2,778337;52,900002;5,6
11.09.2025 11:14:29;0,019755;0,049639;2,133185;0,660275;0;2,829436;53,099998;18
11.09.2025 11:19:31;0,029558;0,122232;2,175596;1,921516;0;4,193722;53,400002;43,700001
11.09.2025 11:24:31;0,006775;0,033691;2,148691;2,168701;0;4,369629;53,400002;37,5
11.09.2025 11:29:32;0,009125;0,046719;2,223592;2,011849;0;4,277733;53,5;40,200001
11.09.2025 11:34:34;0,076304;0,102588;2,25468;1,70761;0,025829;3,97836;53,299999;20,1
11.09.2025 11:39:36;0,124096;0,093857;2,201567;1,388934;0,060025;3,508349;53,299999;28,9
11.09.2025 11:44:39;0,055974;0,050037;2,206014;1,441276;0,027194;3,62005;53,400002;33,200001
11.09.2025 11:49:41;0,165522;0,094584;2,157017;1,239054;0,076031;3,266796;53,299999;33,099998
11.09.2025 11:54:43;0,092811;0,07203;3,641541;0,228457;0,293939;3,56219;53;21,6
11.09.2025 11:59:44;0,146773;0,222647;3,430712;0,618665;0,068984;4,060196;53,099998;8,7
11.09.2025 12:04:46;0,093584;0,184076;2,615387;1,437317;0,020736;4,134061;53,299999;8,8
11.09.2025 12:09:49;0,344592;0,364761;4,386433;0,536263;0,796599;4,156675;52,900002;-5,4
11.09.2025 12:14:51;0,16957;0,269929;3,121328;1,651223;0,412897;4,476019;53,5;45,299999
11.09.2025 12:19:50;0,003996;0,038948;2,33886;2,2296;0;4,610583;53,5;40,700001
11.09.2025 12:24:53;0,027058;0,052937;2,258226;2,12076;0,006527;4,407584;53,5;43,400002
11.09.2025 12:29:54;0,054977;0,143808;2,248411;2,013309;0,025185;4,340512;53,5;46,200001
11.09.2025 12:34:56;0,008685;0,181165;2,20095;2,438456;0;4,813612;53,599998;46,200001
11.09.2025 12:39:58;0,048429;0,294666;2,174926;2,05066;0,000364;4,489116;53,599998;46,200001
11.09.2025 12:45:01;0,001632;0,034808;2,565867;2,356803;0;4,967416;53,5;41,299999
11.09.2025 12:50:03;0,003456;0,034923;2,604362;2,195447;0;4,847081;53,5;29,299999
11.09.2025 12:55:04;0,0099;0,046719;2,683654;1,830081;0;4,560969;53,5;36,900002
11.09.2025 13:00:06;0,01828;0,055295;2,775621;1,788007;0,012005;4,599706;53,5;34,200001
11.09.2025 13:05:08;0,026647;0,063299;2,860019;2,060846;0;4,972223;53,5;37,400002
11.09.2025 13:10:11;0,061005;0,151561;2,756755;1,998206;0,018129;4,842686;53,200001;2,7
11.09.2025 13:15:13;0,148425;0,20372;2,30533;1,380567;0,082579;3,662594;53,5;46,200001
11.09.2025 13:20:15;0,012278;0,149152;2,244663;2,395893;0;4,79033;53,599998;44,299999
11.09.2025 13:25:16;0,004289;0,035769;2,061032;2,324284;0;4,432491;53,599998;41,700001
11.09.2025 13:30:18;0,07635;0,108408;2,063498;1,933157;0,016007;4,011829;53,5;37,400002
11.09.2025 13:35:18;0,025085;0,058594;2,137031;2,178589;0;4,371094;53,599998;37,400002
11.09.2025 13:40:19;0,042567;0,083219;2,26863;1,985934;0,00219;4,295253;53,700001;43,099998
11.09.2025 13:45:21;0,004047;0,038561;2,313502;2,083037;0;4,43673;53,599998;38,200001
11.09.2025 13:50:23;0,000546;0,036379;2,210187;1,992818;0;4,243196;53,700001;37,799999
11.09.2025 13:55:24;0,061593;0,117528;2,410696;2,012944;0;4,49673;53,799999;46,099998
11.09.2025 14:00:26;0,046246;0,178255;2,117058;1,078625;0,006548;3,326456;53,5;46,200001
11.09.2025 14:05:28;0,078168;0,218999;2,016374;1,226322;0,000364;3,389028;53,299999;1,3
11.09.2025 14:10:29;0,033397;0,077379;1,818845;0,29674;0,009125;2,168066;53,200001;-1,5
11.09.2025 14:15:31;0,113001;0,174617;1,871756;0,524215;0,125142;2,344235;53,700001;46
11.09.2025 14:20:32;0,029565;0,138698;2,029532;2,111857;0;4,260213;53,799999;35,700001
11.09.2025 14:25:35;0,023024;0,060189;2,122289;1,685658;0,000363;3,849203;53,700001;29,4
11.09.2025 14:30:37;0,068846;0,10186;2,122937;1,626122;0,016734;3,76882;53,799999;30,200001
11.09.2025 14:35:39;0,090219;0,119322;2,037084;0,752673;0,104043;2,731303;53,400002;-6,8
11.09.2025 14:40:41;0,068255;0,151335;2,055552;0,962577;0,110591;2,993229;53,599998;-0,3
11.09.2025 14:45:40;0,047675;0,134481;2,092514;1,562337;0,009553;3,747844;54;39,200001
11.09.2025 14:50:42;0,168842;0,072757;1,97233;0,382703;0,24119;2,032834;53,400002;-7,2
11.09.2025 14:55:44;0,055568;0,064754;1,962872;0,24119;0,19317;2,029924;53,5;2,7
11.09.2025 15:00:45;0,072497;0,072269;1,966192;0,674509;0,066794;2,592919;53,700001;-6,4
11.09.2025 15:05:47;0,180392;0,042927;2,190322;0,905463;0,333955;2,633808;53,900002;28,799999
11.09.2025 15:10:48;0,013277;0,050369;2,266667;1,203021;0,03066;3,484965;53,799999;22,200001
11.09.2025 15:15:48;0,019592;0,049072;2,12526;1,143311;0,004761;3,307617;53,799999;21,700001
11.09.2025 15:20:50;0,029103;0,037106;2,703707;0,939658;0,391433;3,271161;53,200001;-32,200001
11.09.2025 15:25:53;0,002357;0,06454;2,167586;1,325248;0,119653;3,443108;53,900002;30,299999
11.09.2025 15:30:54;0,001734;0,032849;1,871744;1,641014;0;3,557964;54;30,700001
11.09.2025 15:35:55;0,006114;0,035769;1,878874;1,638094;0;3,553584;53,900002;27,1
11.09.2025 15:40:56;0,013733;0,040879;1,945863;1,422748;0;3,403207;53,900002;24,6
11.09.2025 15:45:58;0,010686;0,043654;2,085214;1,176847;0;3,30754;53,900002;20,200001
11.09.2025 15:50:59;0,008805;0,038689;2,059741;1,028189;0;3,127271;53,900002;21,4
11.09.2025 15:55:59;0,016891;0,189697;1,084523;1,560059;0;2,81543;53,799999;9,3
11.09.2025 16:01:01;0,00482;0,034196;0,454732;0,777774;0;1,260154;53,799999;15,7
11.09.2025 16:06:02;0,020577;0,135048;0,521212;1,56838;0;2,204566;54;28,799999
11.09.2025 16:11:04;0,006457;0,101132;0,392161;1,689057;0;2,175438;54,200001;45,700001
11.09.2025 16:16:07;0,002357;0,63815;0,313274;1,942006;0;2,890528;54,200001;45,5
11.09.2025 16:21:08;0,015832;0,300755;0,277396;1,522391;0;2,086307;53,900002;18
11.09.2025 16:26:11;0,00485;0,044961;0,290793;0,986957;0;1,316909;53,900002;24,799999
11.09.2025 16:31:13;0,014551;0,473649;0,403075;1,869495;0;2,732758;54,099998;23,799999
11.09.2025 16:36:15;0,012005;0,051658;0,355055;1,129555;0;1,52499;53,900002;16,5
11.09.2025 16:41:16;0,000776;0,032849;0,335795;0,823792;0;1,189881;53,799999;13,3
11.09.2025 16:46:18;0,005229;0,037106;0,339776;0,77741;0;1,149563;53,799999;13,5
11.09.2025 16:51:18;0,011765;0,035156;0,282715;0,803467;0;1,110352;53,799999;12,1
11.09.2025 16:56:21;0,000045;0,029732;0,282091;0,596452;0;0,907913;53,700001;9,4
11.09.2025 17:01:23;0,000591;0,028375;0,285936;0,485654;0;0,798873;53,700001;9,2
11.09.2025 17:06:24;0,004106;0,032119;0,319735;0,473763;0,00219;0,820507;53,700001;7,7
11.09.2025 17:11:26;0,000091;0,024737;0,339048;0,379428;0;0,742123;53,700001;5,9
11.09.2025 17:16:26;0,000137;0,027832;0,32373;0,283081;0;0,634277;53,599998;5,6
11.09.2025 17:21:29;0,002629;0,029732;0,362585;0,179842;0,000363;0,569984;53,599998;1,9
11.09.2025 17:26:31;0,000045;0,044382;0,365241;0,050202;0;0,45837;53,5;0
11.09.2025 17:31:31;0,002472;0,036621;0,286377;0,125977;0;0,446777;53,5;3,5
11.09.2025 17:36:32;0,000046;0,02482;0,219727;0,271921;0;0,516832;53,599998;5,6
11.09.2025 17:41:34;0,001319;0,029103;0,220454;0,311764;0;0,558775;53,599998;5,6
11.09.2025 17:46:34;0,019775;0,040283;0,343506;0,223022;0,006226;0,581543;53,599998;3
11.09.2025 17:51:36;0,008458;0,019644;0,445274;0,261198;0;0,718841;53,700001;7,5
11.09.2025 17:56:37;0,007528;0,040149;0,471573;1,487717;0;1,991409;54,299999;40,299999
11.09.2025 18:01:39;0,010095;0,02983;0,555137;2,026286;0;2,601795;54,200001;19,299999
11.09.2025 18:06:40;0,003376;0,02555;1,873151;0,461353;0;2,356403;53,700001;5,1
11.09.2025 18:11:42;0,022373;0,032741;2,462829;0,117867;1,077169;1,513349;52,700001;-58,700001
11.09.2025 18:16:44;0,000045;0,05384;3,847398;0;3,353013;0,548589;52,5;-67,800003
11.09.2025 18:21:45;0,000182;0,058399;3,335318;0;3,023248;0,370834;52,700001;-46,299999
11.09.2025 18:26:47;0;0,064026;2,171801;0,000364;1,929156;0,307035;53;0,3
11.09.2025 18:31:49;0,015415;0,059661;0,247374;0,000364;0,005093;0,285208;53,099998;0
11.09.2025 18:36:50;0,00219;0,02555;0,276666;0;0;0,299295;53,200001;0
11.09.2025 18:41:52;0,025465;0,040016;0,433633;0,002183;0,095312;0,35651;53;-26,200001
11.09.2025 18:46:54;0,002683;0,050202;2,220548;0;1,966989;0,301215;52,700001;-34,299999
11.09.2025 18:51:57;0;0,04061;1,495301;0;1,299868;0,236405;52,900002;-21,200001
11.09.2025 18:56:59;0;0,034196;1,180121;0;1,04843;0,165886;52,900002;-19,5
11.09.2025 19:02:01;0,012778;0,024737;0,503479;0;0,368515;0,146969;53,099998;0
11.09.2025 19:07:02;0,046719;0;0,166437;0;0;0,119718;53,200001;0
11.09.2025 19:12:02;0,045456;0,016113;0,264404;0;0,156372;0,077637;53,099998;-5,3
11.09.2025 19:17:02;0,001328;0,02417;0,328857;0;0,302856;0,049805;53,099998;-6,1
11.09.2025 19:22:05;0,006617;0,020305;0,332853;0;0,323426;0,023205;53,099998;-6,2
11.09.2025 19:27:07;0,005957;0,018189;0,342686;0;0,344141;0,010186;53,099998;-6,6
11.09.2025 19:32:08;0,005612;0,02409;0,389814;0;0,400399;0,0073;53,099998;-6,2
11.09.2025 19:37:10;0,001046;0,025465;0,277932;0;0,302306;0,001455;53,099998;-5,4
11.09.2025 19:42:12;0,003638;0,021827;0,268474;0;0,286299;0;53,099998;-5,4
11.09.2025 19:47:14;0,007685;0,026193;0,276477;0;0,294666;0;53,099998;-6,2
11.09.2025 19:52:17;0,429663;0,026106;0,798732;0;0,40537;0;53,099998;-6,7
11.09.2025 19:57:19;1,678553;0,00291;2,009936;0;0,343414;0;53,099998;-8
11.09.2025 20:02:20;0,000182;0,035769;0,386894;0;0,422663;0;53,099998;-8,3
11.09.2025 20:07:22;0,004229;0,026193;0,449639;0;0,471466;0;53;-8,8
11.09.2025 20:12:23;0;0,03139;0,429963;0;0,460623;0;53;-7,6
11.09.2025 20:17:24;0,002327;0,02409;0,335065;0;0,356964;0;53,099998;-4,2
11.09.2025 20:22:27;0,012826;0,023205;0,213925;0;0,22444;0;53,099998;-4,4
11.09.2025 20:27:29;0,000682;0,032013;0,357965;0;0,389251;0;53;-9,9
11.09.2025 20:32:31;0,000091;0,032741;0,363058;0;0,395435;0;53;-7,2
11.09.2025 20:37:32;0,039921;0,072999;2,095797;0;2,129742;0;52,599998;-36
11.09.2025 20:42:34;0,031286;0,080033;1,533721;0;1,582104;0;52,900002;-8,7
11.09.2025 20:47:36;0,002501;0,026193;0,424902;0;0,448184;0;52,900002;-9,7
11.09.2025 20:52:39;0,000045;0,027556;0,475712;0;0,502906;0;53;-9,4
11.09.2025 20:57:41;0,000409;0,021827;0,469284;0;0,490747;0;53;-8,7
11.09.2025 21:02:42;0,000365;0,02701;0,546761;0;0,573771;0;53;-12
11.09.2025 21:07:44;0,002365;0,025465;0,571871;0;0,594426;0;53;-10,4
11.09.2025 21:12:46;0,004002;0,033468;0,663545;0;0,693376;0;52,900002;-15
11.09.2025 21:17:49;0,000227;0,029732;0,779558;0;0,810015;0;52,900002;-16,200001
11.09.2025 21:22:51;0,013551;0,055295;2,204541;0;2,246013;0;52,400002;-48,5
11.09.2025 21:27:53;0;0,058933;2,466467;0;2,525037;0;52,400002;-48
11.09.2025 21:32:54;0,000365;0,050369;0,702979;0;0,752618;0;52,799999;-9,7
11.09.2025 21:37:56;0,004957;0,031286;0,464918;0;0,491474;0;52,900002;-7,6
11.09.2025 21:42:58;0,010914;0,028375;1,013507;0;1,031696;0;52,5;-36,700001
11.09.2025 21:48:01;0,047907;0,057288;2,561301;0;2,569278;0;52,200001;-47,5
11.09.2025 21:53:03;0,00532;0,053113;1,828387;0;1,877134;0;52,299999;-31,799999
11.09.2025 21:58:03;0;0,049805;1,66333;0;1,713135;0;52,299999;-32,700001
11.09.2025 22:03:04;0,013733;0,051829;2,253475;0;2,291069;0;51,900002;-53,900002
11.09.2025 22:08:04;0,00769;0,06665;2,630859;0;2,690552;0;52;-53,299999
11.09.2025 22:13:06;0;0,064026;1,567189;0;1,630851;0;52,400002;-13
11.09.2025 22:18:09;0,001632;0,030457;0,591739;0;0,621471;0;52,400002;-11,6
11.09.2025 22:23:11;0,001091;0,026193;0,466373;0;0,490019;0;52,400002;-9,4
11.09.2025 22:28:13;0,000637;0,02692;0,468556;0;0,49584;0;52,400002;-11,2
11.09.2025 22:33:14;0,016151;0,061319;1,513996;0;1,559256;0;52,400002;-8,5
11.09.2025 22:38:16;0,007321;0,031286;0,499842;0;0,523488;0;52,400002;-11,5
11.09.2025 22:43:18;0,000045;0,02983;0,565323;0;0,59479;0;52,400002;-9,7
11.09.2025 22:48:21;0,000272;0,026831;0,498917;0;0,525386;0;52,400002;-10,4
11.09.2025 22:53:23;0,000045;0,02983;0,514393;0;0,54386;0;52,400002;-10,1
11.09.2025 22:58:25;0;0,024737;0,448184;0;0,474013;0;52,400002;-9,1
11.09.2025 23:03:26;0,000046;0,03066;0,338715;0;0,367914;0;52,400002;-7,2
11.09.2025 23:08:27;0;0,02774;0,335065;0;0,363534;0;52,5;-6,9
11.09.2025 23:13:29;0,001455;0,025465;0,366696;0;0,390706;0;52,5;-8
11.09.2025 23:18:32;0,005122;0,028282;0,459033;0;0,482601;0;52,400002;-10,1
11.09.2025 23:23:34;0,000182;0,022555;0,510028;0;0,532218;0;52,400002;-9,9
11.09.2025 23:28:35;0,000684;0,02482;0,487632;0;0,511357;0;52,400002;-8,9
11.09.2025 23:33:37;0,003592;0,019644;0,451822;0;0,468556;0;52,400002;-9
11.09.2025 23:38:39;0,001091;0,031286;0,489656;0;0,51985;0;52,400002;-8,3
11.09.2025 23:43:42;0,000045;0,02248;0,400294;0;0,421686;0;52,400002;-7,8
11.09.2025 23:48:43;0,003604;0,033579;0,449673;0;0,479967;0;52,400002;-6,8
11.09.2025 23:53:44;0,001551;0,032119;0,354044;0;0,385069;0;52,400002;-6,5
11.09.2025 23:58:45;0,016927;0,02336;0,410254;0;0,416458;0;52,400002;-7,8
12.09.2025 00:03:45;0,004303;0,020508;0,397705;0;0,413818;0;52,400002;-6,9
12.09.2025 00:08:48;0,003716;0,024656;0,379264;0;0,399931;0;52,400002;-7,7
12.09.2025 00:13:47;0,003812;0,023516;0,320404;0;0,340613;0;52,400002;-5
12.09.2025 00:18:50;0,006572;0,024656;0,290068;0;0,307472;0;52,400002;-7,3
12.09.2025 00:23:52;0,006548;0,020372;0,23355;0;0,248829;0;52,5;-3,8
12.09.2025 00:28:53;0,007072;0,02555;0,212427;0;0,229946;0;52,5;-4,9
12.09.2025 00:33:55;0,006002;0,0211;0,238643;0;0,253922;0;52,5;-4,6
12.09.2025 00:38:57;0,01437;0,026193;0,282298;0;0,294303;0;52,400002;-7,3
12.09.2025 00:43:59;0,002365;0,02401;0,346324;0;0,368151;0;52,400002;-6,6
12.09.2025 00:49:02;0,002719;0,02248;0,29732;0;0,317625;0;52,400002;-6
12.09.2025 00:54:04;0;0,031286;0,285936;0;0,316494;0;52,400002;-6
12.09.2025 00:59:05;0,002418;0,03066;0,339445;0;0,366819;0;52,400002;-7,3
12.09.2025 01:04:07;0,000091;0,023282;0,264108;0;0,287391;0;52,400002;-5,2
12.09.2025 01:09:09;0;0,023282;0,228457;0;0,25174;0;52,400002;-3,8
12.09.2025 01:14:10;0,006935;0,02336;0,175927;0;0,193082;0;52,5;-3,8
12.09.2025 01:19:10;0,005493;0,025635;0,224121;0;0,24353;0;52,400002;-6,2
12.09.2025 01:24:12;0;0,024737;0,296122;0;0,321223;0;52,400002;-6,2
12.09.2025 01:29:13;0,000182;0,02409;0,321925;0;0,345285;0;52,400002;-6,2
12.09.2025 01:34:15;0;0,024737;0,291029;0;0,31613;0;52,400002;-6
12.09.2025 01:39:17;0,001091;0,02401;0,291029;0;0,313947;0;52,400002;-6
12.09.2025 01:44:18;0,000912;0,02117;0,179577;0;0,200017;0;52,400002;-3,7
12.09.2025 01:49:18;0,006729;0,029297;0,340576;0;0,363281;0;52,400002;-6,9
12.09.2025 01:54:19;0;0,02701;0,325575;0;0,351854;0;52,400002;-6,4
12.09.2025 01:59:21;0,006685;0,028375;0,38052;0;0,402347;0;52,299999;-8,5
12.09.2025 02:04:21;0;0,021973;0,392578;0;0,415649;0;52,299999;-7,6
12.09.2025 02:09:21;0;0,024902;0,372803;0;0,396606;0;52,299999;-7,5
12.09.2025 02:14:24;0;0,024656;0,292244;0;0,317987;0;52,400002;-5,8
12.09.2025 02:19:24;0,001236;0,025635;0,316406;0;0,340942;0;52,400002;-7,4
12.09.2025 02:24:26;0,002865;0,022555;0,287391;0;0,305944;0;52,400002;-5,3
12.09.2025 02:29:28;0,005184;0,024737;0,238643;0;0,259015;0;52,400002;-4,7
12.09.2025 02:34:31;0,008929;0,02248;0,184193;0;0,197609;0;52,400002;-3,8
12.09.2025 02:39:31;0,012772;0,030762;0,191895;0;0,209839;0;52,400002;-6,2
12.09.2025 02:44:34;0,003671;0,01958;0,305297;0;0,32125;0;52,400002;-6
12.09.2025 02:49:36;0,012732;0,024737;0,310673;0;0,322678;0;52,400002;-6
12.09.2025 02:54:38;0,000318;0,025465;0,291029;0;0,315402;0;52,400002;-6
12.09.2025 02:59:37;0,002526;0,027925;0,278516;0;0,303869;0;52,400002;-5,6
12.09.2025 03:04:39;0,010823;0,021827;0,226275;0;0,237916;0;52,400002;-4,9
12.09.2025 03:09:42;0,003581;0,034083;0,218276;0;0,249096;0;52,400002;-4,7
12.09.2025 03:14:44;0,009504;0,019644;0,23355;0;0,243373;0;52,400002;-4,7
12.09.2025 03:19:46;0,007367;0,028375;0,261198;0;0,281934;0;52,299999;-7,2
12.09.2025 03:24:47;0,007984;0,01825;0,319735;0;0,33032;0;52,400002;-6,8
12.09.2025 03:29:49;0;0,02401;0,300487;0;0,324133;0;52,299999;-5,6
12.09.2025 03:34:52;0;0,01958;0,271939;0;0,292244;0;52,400002;-5,6
12.09.2025 03:39:54;0,000409;0,024737;0,301942;0;0,325952;0;52,299999;-5,5
12.09.2025 03:44:56;0,007503;0,026193;0,276477;0;0,294303;0;52,299999;-7
12.09.2025 03:49:58;0;0,027648;0,338321;0;0,365968;0;52,299999;-6,9
12.09.2025 03:54:59;0;0,02409;0,316085;0;0,34054;0;52,299999;-5,3
12.09.2025 04:00:01;0,006866;0,024737;0,320131;0;0,338684;0;52,299999;-7,6
12.09.2025 04:05:03;0;0,026193;0,368879;0;0,39398;0;52,299999;-7,5
12.09.2025 04:10:05;0;0,027648;0,330317;0;0,358693;0;52,299999;-5,5
12.09.2025 04:15:08;0;0,01958;0,270488;0;0,290068;0;52,299999;-5,4
12.09.2025 04:20:07;0,00023;0,019842;0,271168;0;0,290642;0;52,299999;-5,4
12.09.2025 04:25:09;0,007094;0,030558;0,23064;0;0,253922;0;52,299999;-4,6
12.09.2025 04:30:11;0,000909;0,021827;0,217544;0;0,238643;0;52,400002;-4,6
12.09.2025 04:35:13;0,001683;0,020372;0,217544;0;0,236461;0;52,400002;-4,5
12.09.2025 04:40:15;0,007639;0,02983;0,225547;0;0,24701;0;52,299999;-6
12.09.2025 04:45:18;0,003127;0,024656;0,281366;0;0,303121;0;52,299999;-6,7
12.09.2025 04:50:20;0,001728;0,018189;0,283025;0;0,300123;0;52,299999;-6,9
12.09.2025 04:55:21;0,00657;0,01752;0,304405;0;0,31499;0;52,299999;-5,5
12.09.2025 05:00:23;0,00241;0,031286;0,248102;0;0,276477;0;52,299999;-5,6
12.09.2025 05:05:25;0,000773;0,024737;0,197899;0;0,221909;0;52,400002;-3,4
12.09.2025 05:10:28;0,002493;0,027556;0,203773;0;0,228429;0;52,299999;-4,6
12.09.2025 05:15:30;0,003365;0,02401;0,215361;0;0,236461;0;52,299999;-4,7
12.09.2025 05:20:32;0,009186;0,02692;0,253195;0;0,27102;0;52,299999;-6,1
12.09.2025 05:25:33;0,000137;0,02701;0,296375;0;0,32302;0;52,299999;-6,1
12.09.2025 05:30:35;0,003638;0,024737;0,291029;0;0,312128;0;52,299999;-6,1
12.09.2025 05:35:35;0,000458;0,021973;0,298828;0;0,320435;0;52,299999;-6,1
12.09.2025 05:40:38;0,000408;0,031907;0,289343;0;0,321613;0;52,299999;-6,1
12.09.2025 05:45:40;0,012414;0,02692;0,264836;0;0,279024;0;52,299999;-6,9
12.09.2025 05:50:41;0,001962;0,02336;0,337255;0;0,358789;0;52,299999;-6,7
12.09.2025 05:55:43;0,000318;0,029103;0,309945;0;0,339048;0;52,299999;-6,9
12.09.2025 06:00:43;0,008514;0,026367;0,394043;0;0,411255;0;52,200001;-8,8
12.09.2025 06:05:45;0;0,023282;0,389251;0;0,412897;0;52,200001;-7,7
12.09.2025 06:10:48;0;0,024656;0,328502;0;0,35352;0;52,299999;-6,1
12.09.2025 06:15:50;0;0,023282;0,294666;0;0,317221;0;52,200001;-6,1
12.09.2025 06:20:52;0,0005;0,021827;0,289573;0;0,311037;0;52,299999;-5,9
12.09.2025 06:25:53;0,000502;0,02044;0,233596;0;0,253671;0;52,299999;-5
12.09.2025 06:30:55;0;0,019644;0,237188;0;0,256469;0;52,299999;-3,7
12.09.2025 06:35:57;0,001773;0,024737;0,259015;0;0,282661;0;52,299999;-6,3
12.09.2025 06:41:00;0,007116;0,026106;0,345906;0;0,364035;0;52,200001;-9,3
12.09.2025 06:46:02;0,000091;0,023282;0,454005;0;0,476559;0;52,200001;-10,4
12.09.2025 06:51:03;0,003604;0,032119;1,233681;0;1,26288;0;51,700001;-40,900002
12.09.2025 06:56:06;0,000136;0,049312;2,019599;0;2,068185;0,00145;51,700001;-30,299999
12.09.2025 07:01:07;0,002601;0,036499;3,098072;0;3,104641;0,02774;51,200001;-74,099998
12.09.2025 07:06:09;0,015779;0,044382;3,827026;0;3,788464;0,066937;51,099998;-73,900002
12.09.2025 07:11:10;0,397251;0,044529;4,040487;0;3,548839;0,138698;51,099998;-57,799999
12.09.2025 07:16:12;0;0,058933;2,683283;0;2,534131;0,208085;51,299999;-41,700001
12.09.2025 07:21:13;0,007984;0,043799;0,973805;0;0,762838;0,246736;51,799999;-3,3
12.09.2025 07:26:15;0,039607;0,008003;0,397982;0;0,070574;0,296849;51,900002;-0,4
12.09.2025 07:31:17;0,032559;0,015279;0,411805;0;0,049111;0,344869;52;-3,3
12.09.2025 07:36:20;0,00426;0,065265;0,406095;0,030095;0,034083;0,462659;52;1,5
12.09.2025 07:41:22;0,006821;0,058933;0,650449;0,003638;0,260834;0,446729;51,700001;-20,4
12.09.2025 07:46:24;0,009868;0,023282;0,972763;0;0,552954;0,433633;51,900002;-0,4
12.09.2025 07:51:25;0,013961;0,01898;0,470843;0;0,081759;0,394194;52;-0,3
12.09.2025 07:56:27;0,006685;0,063299;0,43727;0,00291;0,074576;0,420536;52;1,5
12.09.2025 08:01:27;0,019043;0,043945;0,465088;0,175415;0,048706;0,616699;52,099998;6,2
12.09.2025 08:06:29;0,006457;0,033468;0,539858;0,21427;0,035287;0,746488;52,200001;5
12.09.2025 08:11:32;0,00988;0,035533;0,465559;0,37165;0,039884;0,822343;52,299999;7,7
12.09.2025 08:16:33;0,005657;0,03066;0,419743;0,259511;0,037229;0,66721;52,299999;5,4
12.09.2025 08:21:35;0,003729;0,045837;0,392889;0,208449;0,038197;0,605339;52,200001;3,3
12.09.2025 08:26:37;0,003092;0,029103;0,293939;0,147333;0,000364;0,465646;52,200001;1,1
12.09.2025 08:31:39;0,000045;0,057478;0,267019;0,01055;0;0,334683;52,200001;0
12.09.2025 08:36:41;0,010504;0,043654;1,012052;0;0,685008;0,362331;51,700001;-20,700001
12.09.2025 08:41:44;0,019489;0,050037;1,846283;0,012328;1,464844;0,423499;51,200001;-37
12.09.2025 08:46:46;0,022236;0,063299;1,004776;0,128416;0,625348;0,548589;52;5,6
12.09.2025 08:51:47;0,004517;0,03139;0,389084;0,449308;0;0,865766;52,200001;8,1
12.09.2025 08:56:49;0,001091;0,021827;0,429995;0,411078;0;0,861445;52,299999;7,3
12.09.2025 09:01:51;0,000455;0,025465;0,413988;0,247738;0;0,686827;52,299999;6
12.09.2025 09:06:54;0,000091;0,023931;0,290793;0,334666;0;0,648302;52,400002;6
12.09.2025 09:11:56;0,000045;0,021827;0,249557;0,166614;0;0,437998;52,299999;1,3
12.09.2025 09:16:58;0;0,038561;0,227002;0,017462;0;0,283753;52,200001;0
12.09.2025 09:21:59;0,008258;0,02628;0,313895;0,000365;0,107673;0,224836;52,099998;-2,9
12.09.2025 09:27:01;0,010322;0,026193;0,354327;0;0,127325;0,243009;52,099998;0
12.09.2025 09:32:03;0,003365;0,058206;0,322314;0,027648;0;0,40453;52,200001;2,2
12.09.2025 09:37:06;0,000136;0,06454;0,36186;0,052575;0;0,478612;52,200001;0
12.09.2025 09:42:08;0,019372;0,049475;0,390706;0;0,01055;0,411805;52,200001;0
12.09.2025 09:47:09;0,000046;0,050369;0,394194;0,170087;0;0,61319;52,299999;6,8
12.09.2025 09:52:11;0,000409;0,035651;0,423447;0,252831;0;0,71302;52,400002;5,7
12.09.2025 09:57:13;0,004775;0,032013;0,472194;0,456187;0;0,954574;52,5;11,9
12.09.2025 10:02:15;0,008185;0,038561;0,535493;0,703562;0,001455;1,268885;52,700001;15
12.09.2025 10:07:17;0,006776;0,032013;0,47947;0,49875;0;1,002593;52,599998;6,1
12.09.2025 10:12:20;0,000952;0,036259;0,46701;0,180205;0,000363;0,68311;52,5;4,4
12.09.2025 10:17:22;0,011414;0,031286;0,488928;0,336866;0;0,845438;52,599998;9,2
12.09.2025 10:22:23;0,002372;0,02628;0,470843;0,539462;0;1,035124;52,700001;8,9
12.09.2025 10:27:25;0,00341;0,029103;0,366696;0,456551;0;0,846893;52,799999;9,4
12.09.2025 10:32:27;0,011141;0,022555;0,361603;0,424902;0;0,798873;52,700001;7,6
12.09.2025 10:37:30;0,0063;0,02248;0,317625;0,232054;0;0,565633;52,700001;4,1
12.09.2025 10:42:32;0,005502;0,045837;0,389251;0,106953;0,003638;0,532582;52,700001;5,1
12.09.2025 10:47:34;0,001819;0,02401;0,417626;0,548225;0;0,988042;52,900002;11,1
12.09.2025 10:52:35;0,001551;0,037959;0,401494;0,759918;0;1,198641;53;14,9
12.09.2025 10:57:38;0,006708;0,023931;0,435827;0,823793;0;1,2763;53;13,6
12.09.2025 11:02:40;0,001955;0,02692;0,490383;0,833069;0;1,348917;53,099998;17,799999
12.09.2025 11:07:42;0,000318;0,033468;0,465646;0,94657;0;1,446412;53,099998;17,700001
12.09.2025 11:12:44;0,000182;0,037834;0,445274;0,924743;0;1,405668;53,200001;17,6
12.09.2025 11:17:45;0,009307;0,0292;0,409524;1,049359;0;1,480417;53,200001;19,6
12.09.2025 11:22:47;0,000546;0,025465;0,456915;1,068075;0;1,548272;53,200001;18,9
12.09.2025 11:27:49;0,001864;0,026193;0,448912;0,924379;0;1,396937;53,200001;16,6
12.09.2025 11:32:52;0,002946;0,029732;0,446705;0,916615;0;1,390876;53,200001;16,299999
12.09.2025 11:37:54;0,000455;0,026193;0,518031;0,877815;0;1,42313;53,299999;19,6
12.09.2025 11:42:56;0,004456;0,032013;0,512938;1,092448;0;1,631215;53,299999;20,9
12.09.2025 11:47:57;0,000182;0,02555;0,482522;1,111408;0;1,620575;53,299999;19,6
12.09.2025 11:52:59;0,000591;0,02692;0,432905;0,984404;0;1,443502;53,299999;19,4
12.09.2025 11:58:01;0,005957;0,034196;0,488928;1,031696;0;1,548272;53,299999;19
12.09.2025 12:03:04;0,000181;0,032633;0,527924;1,239316;0;1,799872;53,400002;30,1
12.09.2025 12:08:06;0,00141;0,025465;0,480925;1,652678;0;2,157977;53,400002;28,4
12.09.2025 12:13:08;0,003183;0,026193;0,462008;1,406759;0;1,891686;53,299999;24,5
12.09.2025 12:18:09;0,00219;0,03139;0,492012;1,179297;0;1,700873;53,299999;22,700001
12.09.2025 12:23:11;0,011323;0,037834;1,297987;0,682098;0,124051;1,882955;53,299999;29
12.09.2025 12:28:11;0,000275;0,029297;0,411621;1,544312;0;1,983398;53,400002;28,9
12.09.2025 12:33:14;0,015591;0,032633;0,422049;1,496026;0,011965;1,923151;53,099998;-12,6
12.09.2025 12:38:16;0,114956;0,076395;2,93284;0,003274;1,391844;1,507528;52,700001;-7,6
12.09.2025 12:43:18;0,123096;0,160066;1,615936;0,319768;0,610069;1,362014;53;17,1
12.09.2025 12:48:19;0,006068;0,02701;0,538002;0,846787;0;1,405958;53,099998;13,3
12.09.2025 12:53:21;0,055114;0,082943;1,330001;0,346688;0,433269;1,268885;52,900002;13,5
12.09.2025 12:58:23;0,006321;0,02983;1,721434;0,058933;0,434724;1,370745;52,700001;-0,4
12.09.2025 13:03:26;0,012781;0,054388;0,797687;0,654829;0,069254;1,424234;53,099998;17,799999
12.09.2025 13:08:28;0,000864;0,031286;0,374699;0,942569;0;1,348917;53,200001;17,299999
12.09.2025 13:13:30;0,000819;0,040744;0,341959;1,078988;0;1,459508;53,299999;24,4
12.09.2025 13:18:29;0,00891;0,042623;0,440188;1,366126;0;1,841588;53,400002;28
12.09.2025 13:23:31;0,025283;0,037106;1,869131;0,270657;0,056751;2,09395;53,099998;5,9
12.09.2025 13:28:33;0,00291;0,033468;1,854579;0,429267;0;2,315132;53,099998;1,3
12.09.2025 13:33:35;0,005184;0,045837;3,399941;0,000728;1,119369;2,322408;52,400002;-24,5
12.09.2025 13:38:36;0,004289;0,040879;3,869669;0;1,291715;2,613359;52,400002;-15,5
12.09.2025 13:43:36;0,00206;0,043213;2,668213;0,014648;0,279785;2,444824;52,700001;3
12.09.2025 13:48:38;0,00141;0,040744;0,694831;1,503526;0;2,23801;53,400002;31,9
12.09.2025 13:53:40;0,001046;0,02983;0,393616;1,738532;0;2,160887;53,5;33,900002
12.09.2025 13:58:42;0,00673;0,037106;0,502752;1,611207;0;2,143425;53,400002;28,6
12.09.2025 14:03:45;0,000272;0,026106;0,435102;1,423146;0;1,883992;53,400002;25,799999
12.09.2025 14:08:47;0,000091;0,030558;0,406712;1,449322;0;1,88732;53,400002;28,299999
12.09.2025 14:13:49;0,002956;0,029103;0,449639;1,398028;0;1,874224;53,400002;24,200001
12.09.2025 14:18:50;0,003467;0,035039;1,025634;0,850072;0;1,90673;53,400002;27,200001
12.09.2025 14:23:52;0,004411;0,034923;0,453277;1,48752;0;1,970263;53,5;30,5
12.09.2025 14:28:54;0,001501;0,037834;0,375427;1,933157;0;2,34569;53,5;41
12.09.2025 14:33:57;0,001133;0,158812;0,372012;2,16427;0;2,694732;53,5;34,599998
12.09.2025 14:38:59;0,004274;0,032013;0,445274;1,721798;0;2,194355;53,400002;28,700001
12.09.2025 14:44:00;0;0,02993;0,442373;1,463992;0;1,93593;53,400002;27,4
12.09.2025 14:49:02;0,000045;0,02692;0,438726;1,499888;0;1,965898;53,5;26,799999
12.09.2025 14:54:04;0,007821;0,033468;0,463463;1,31363;0;1,802922;53,400002;21,1
12.09.2025 14:59:06;0,001091;0,030558;0,427812;1,009505;0;1,466784;53,299999;17,9
12.09.2025 15:04:09;0,006753;0,02248;0,356059;0,881082;0;1,253094;53,299999;16,1
12.09.2025 15:09:11;0,0005;0,031286;0,362331;0,942569;0;1,335821;53,400002;20,5
12.09.2025 15:14:12;0,002281;0,02847;0,344555;1,118707;0;1,489177;53,400002;22,6
12.09.2025 15:19:14;0,009731;0,02983;0,465646;1,26561;0;1,750537;53,5;26,1
12.09.2025 15:24:16;0,004684;0,033468;0,504935;1,44714;0;1,981904;53,5;25,9
12.09.2025 15:29:19;0,011784;0,094997;0,540977;1,471008;0;2,094291;53,599998;26,700001
12.09.2025 15:34:21;0,005866;0,040016;0,536948;1,357648;0;1,928064;53,700001;44,099998
12.09.2025 15:39:23;0,019235;0,071302;0,516576;1,659954;0;2,229279;53,700001;24,200001
12.09.2025 15:44:24;0,020713;0,052559;1,137322;0,703709;0,113878;1,759272;53,599998;24,6
12.09.2025 15:49:26;0,003138;0,02983;0,419081;1,244511;0,000364;1,690876;53,700001;21,9
12.09.2025 15:54:28;0,005229;0,048747;0,419081;1,087719;0;1,549727;53,700001;18,799999
12.09.2025 15:59:30;0,004229;0,038561;0,490383;1,11282;0;1,637036;53,799999;21,799999
12.09.2025 16:04:33;0,017948;0,036984;1,776667;0,225165;0,190357;1,83033;53,799999;28,5
12.09.2025 16:09:35;0,006594;0,029103;0,470739;1,52026;0;2,013918;54;30,9
12.09.2025 16:14:36;0,008851;0,291265;0,516102;2,009294;0;2,807536;54;26,200001
12.09.2025 16:19:38;0,013506;0,081488;0,433633;1,623576;0;2,124508;54;25,6
12.09.2025 16:24:41;0,000589;0,031907;0,361135;1,466657;0;1,860787;54;29,1
12.09.2025 16:29:43;0,000591;0,036379;0,330317;1,604659;0;1,968808;54;29,700001
12.09.2025 16:34:45;0,006048;0,034923;0,321587;1,532265;0;1,882955;53,900002;24,200001
12.09.2025 16:39:47;0,000318;0,049475;0,405257;1,349281;0;1,802922;54,200001;45,700001
12.09.2025 16:44:48;0,011862;0,251116;0,465733;1,983379;0;2,689278;54;21,6
12.09.2025 16:49:50;0,003501;0,031286;0,425629;0,888365;0;1,343097;53,799999;12,3
12.09.2025 16:54:52;0,00332;0,029103;0,465646;0,803603;0;1,295077;53,900002;19,1
12.09.2025 16:59:55;0,011784;0,118203;0,42785;1,602263;0;2,134901;54,099998;30,799999
12.09.2025 17:04:55;0,006271;0,035889;0,372803;1,502563;0;1,904297;53,900002;19,799999
12.09.2025 17:09:57;0,014006;0,02983;1,594837;0,195717;0,423447;1,383841;53,200001;-21,799999
12.09.2025 17:14:58;0,007026;0,041609;1,660724;0;0,409159;1,28478;53,5;0
12.09.2025 17:20:00;0,013187;0,018189;1,233961;0;0,005093;1,235416;53,5;0
12.09.2025 17:25:02;0,021873;0,047292;0,835252;0,351781;0,024737;1,185941;53,799999;13,6
12.09.2025 17:30:03;0,003832;0,051099;0,414634;0,550411;0;1,014684;53,700001;7,1
12.09.2025 17:35:05;0,005093;0,032741;0,502024;0,224092;0,003274;0,747943;53,599998;3,8
12.09.2025 17:40:06;0,004745;0,050369;0,393464;0,401494;0;0,840947;53,700001;8,3
12.09.2025 17:45:08;0,011505;0,021827;0,408168;0,379792;0;0,800329;53,700001;7,1
12.09.2025 17:50:10;0,00432;0,034196;0,3536;0,37288;0;0,755219;53,700001;5,6
12.09.2025 17:55:12;0,015097;0,033468;0,411805;0,277205;0,003638;0,701379;53,599998;3,5
12.09.2025 18:00:15;0,005439;0,023205;0,406095;0,267225;0;0,693263;53,700001;4,1
12.09.2025 18:05:17;0,004729;0,02983;0,373244;0,247374;0;0,644628;53,599998;4,7
12.09.2025 18:10:19;0,010732;0,020372;0,400164;0,22773;0;0,638808;53,599998;3,7
12.09.2025 18:15:20;0,004836;0,02555;0,416823;0,060954;0,00073;0,497852;53,5;0
12.09.2025 18:20:22;0,000773;0,079305;0,337593;0;0;0,414716;53,5;0
12.09.2025 18:25:22;0;0,100342;0,320801;0;0;0,421875;53,5;0
12.09.2025 18:30:25;0,000589;0,050037;0,320525;0,149748;0;0,520672;53,599998;5,2
12.09.2025 18:35:27;0,004456;0,042199;0,349234;0,246283;0,004002;0,628622;53,5;0
12.09.2025 18:40:29;0,000364;0,041472;0,381247;0,089491;0;0,51221;53,5;0
12.09.2025 18:45:31;0,000455;0,058206;0,347052;0,030194;0;0,433633;53,5;0
12.09.2025 18:50:33;0,009913;0,013096;0,425629;0;0,100405;0,328862;53,400002;-5,4
12.09.2025 18:55:34;0,003467;0,040149;1,588455;0;1,365079;0,261336;52,799999;-27
12.09.2025 19:00:37;0,029777;0,057288;2,728815;0;2,565652;0,189995;52,799999;-31,5
12.09.2025 19:05:39;0,001501;0,032013;1,373655;0;1,27616;0,128053;52,900002;-24,5
12.09.2025 19:10:40;0,000274;0,035039;1,403038;0;1,356684;0,081759;52,799999;-25,9
12.09.2025 19:15:42;0,004911;0,040016;0,769043;0;0,754492;0,04802;53;-9,1
12.09.2025 19:20:43;0,000046;0,02555;0,497122;0;0,498582;0,02482;53;-9,9
12.09.2025 19:25:44;0,004152;0,03066;0,575961;0;0,596036;0,00584;53;-12
12.09.2025 19:30:47;0,000272;0,026831;0,593189;0;0,62002;0,00145;53;-11,3
12.09.2025 19:35:49;0,000318;0,031286;0,577692;0;0,607886;0;53;-11,6
12.09.2025 19:40:50;0,001779;0,02409;0,523402;0;0,546031;0;53;-9,6
12.09.2025 19:45:52;0,000318;0,034196;0,478742;0;0,51221;0;53;-10,1
12.09.2025 19:50:54;0,001228;0,030558;0,374699;0;0,40453;0;53;-6,7
12.09.2025 19:55:56;0,005684;0,036379;0,378337;0;0,408168;0;53;-9,2
12.09.2025 20:00:59;0,001722;0,025381;0,465559;0;0,490578;0;53;-9,4
12.09.2025 20:06:01;0,001592;0,029103;0,440181;0;0,466737;0;53;-8
12.09.2025 20:11:02;0,006068;0,035039;0,467923;0;0,497852;0;53;-9,5
12.09.2025 20:16:04;0,012232;0,032013;0,675914;0;0,695194;0;52,799999;-28,6
12.09.2025 20:21:06;0,002456;0,037106;0,559502;0;0,593698;0;53;-7,2
12.09.2025 20:26:09;0;0,036984;0,308197;0;0,344818;0;53;-5,8
12.09.2025 20:31:11;0,001773;0,026193;0,295394;0;0,321223;0;53;-6,1
12.09.2025 20:36:13;0,006639;0,030558;0,347779;0;0,370698;0;53;-8,4
12.09.2025 20:41:14;0,004334;0,02628;0,433613;0;0,455513;0;53;-9,3
12.09.2025 20:46:16;0,018644;0,028375;0,859262;0;0,870175;0;52,5;-45,900002
12.09.2025 20:51:18;0,000136;0,044382;0,928381;0;0,971308;0;52,900002;-9,8
12.09.2025 20:56:21;0,000136;0,025381;0,474261;0;0,500005;0;52,900002;-6
12.09.2025 21:01:23;0,001273;0,026193;0,369606;0;0,39398;0;52,900002;-9
12.09.2025 21:06:24;0,000091;0,02774;0,359154;0;0,387624;0;52,900002;-7,2
12.09.2025 21:11:24;0;0,027832;0,345703;0;0,373535;0;53;-7
12.09.2025 21:16:26;0,005411;0,033468;0,426357;0;0,454005;0;52,900002;-9
12.09.2025 21:21:28;0,006503;0,026193;0,501297;0;0,521305;0;52,799999;-11,2
12.09.2025 21:26:31;0,001224;0,023931;0,564908;0;0,58775;0;52,799999;-11
12.09.2025 21:31:32;0,002646;0,03066;0,593481;0;0,62049;0;52,700001;-11,3
12.09.2025 21:36:32;0,000137;0,025635;0,5896;0;0,615601;0;52,700001;-11,4
12.09.2025 21:41:34;0,000182;0,025465;0,500569;0;0,52567;0;52,700001;-9
12.09.2025 21:46:36;0,000091;0,024737;0,398709;0;0,423447;0;52,700001;-6,7
12.09.2025 21:51:38;0,003047;0,019644;0,336138;0;0,353236;0;52,700001;-6,6
12.09.2025 21:56:38;0,007233;0,027832;0,361816;0;0,381958;0;52,599998;-8,9
12.09.2025 22:01:40;0,00382;0,026193;0,480925;0;0,503116;0;52,5;-9,8
12.09.2025 22:06:42;0,004274;0,022555;0,515848;0;0,534401;0;52,5;-10
12.09.2025 22:11:43;0,004106;0,041609;0,494932;0;0,531797;0;52,5;-10,3
12.09.2025 22:16:45;0,007776;0,0211;0,457642;0;0,471466;0;52,5;-10,1
12.09.2025 22:21:46;0,004152;0,038689;0,320465;0;0,354774;0;52,5;-6,4
12.09.2025 22:26:48;0,000728;0,040016;0,363058;0;0,402347;0;52,5;-8,8
12.09.2025 22:31:48;0,003571;0,022705;0,443848;0;0,463623;0;52,5;-8,7
12.09.2025 22:36:51;0,008793;0,031907;0,493116;0;0,515596;0;52,400002;-11,1
12.09.2025 22:41:53;0,004138;0,022555;0,58133;0;0,599883;0;52,299999;-14,1
12.09.2025 22:46:55;0,003229;0,044382;1,513349;0;1,55482;0;52;-42,099998
12.09.2025 22:51:56;0,019299;0,055479;2,743297;0;2,780162;0;51,900002;-51,799999
12.09.2025 22:56:58;0;0,060388;1,888775;0;1,948072;0;52,099998;-31,6
12.09.2025 23:02:00;0,001592;0,040016;1,073895;0;1,112457;0;52,299999;-10,4
12.09.2025 23:07:03;0,002447;0,023205;0,479337;0;0,500367;0;52,299999;-8,9
12.09.2025 23:12:05;0,002592;0,022555;0,469284;0;0,489292;0;52,400002;-9,6
12.09.2025 23:17:07;0,011414;0,036379;0,585695;0;0,610432;0;52,299999;-14,2
12.09.2025 23:22:08;0,031983;0,048909;0,864306;0;0,881826;0;52,299999;-13,3
12.09.2025 23:27:10;0;0,028375;0,670093;0;0,697741;0;52,299999;-13,3
12.09.2025 23:32:12;0,000728;0,027648;0,663545;0;0,690101;0;52,299999;-13,3
12.09.2025 23:37:14;0,000136;0,027648;0,632987;0;0,661362;0;52,299999;-11,9
12.09.2025 23:42:17;0;0,028282;0,48804;0;0,515233;0;52,400002;-8,3
12.09.2025 23:47:17;0;0,030029;0,396973;0;0,428101;0;52,400002;-8,2
12.09.2025 23:52:19;0,000045;0,025465;0,403075;0;0,427812;0;52,400002;-8,2
12.09.2025 23:57:20;0,005201;0,02847;0,436533;0;0,459893;0;52,299999;-10,8
13.09.2025 00:02:22;0;0,026193;0,523124;0;0,54968;0;52,299999;-10,4
13.09.2025 00:07:25;0,001269;0,026106;0,541702;0;0,567083;0;52,299999;-11,6
13.09.2025 00:12:27;0,002319;0,0211;0,584967;0;0,603157;0;52,299999;-11,5
13.09.2025 00:17:29;0,000045;0,027648;0,567506;0;0,594426;0;52,299999;-11,5
13.09.2025 00:22:30;0,000046;0,02555;0,467193;0;0,493472;0;52,400002;-8,1
13.09.2025 00:27:32;0;0,02401;0,402347;0;0,426721;0;52,299999;-8,3
13.09.2025 00:32:35;0,017313;0,046411;0,925317;0;0,953961;0;51,900002;-46,200001
13.09.2025 00:37:37;0,006685;0,055295;0,643173;0;0,691557;0;52,299999;-10,3
13.09.2025 00:42:39;0,000637;0,02983;0,579874;0;0,609341;0;52,299999;-11,6
13.09.2025 00:47:41;0,006594;0,035651;0,592243;0;0,621346;0;52,299999;-10,5
13.09.2025 00:52:42;0,002829;0,02774;0,61611;0;0,640565;0;52,299999;-12,8
13.09.2025 00:57:44;0,000091;0,028375;0,561685;0;0,590424;0;52,299999;-8
13.09.2025 01:02:46;0,003501;0,032741;0,391433;0;0,420172;0;52,299999;-7,5
13.09.2025 01:07:49;0,002538;0,028282;0,36041;0;0,385791;0;52,299999;-7,7
13.09.2025 01:12:51;0,007594;0,027648;0,364513;0;0,385249;0;52,299999;-7,3
13.09.2025 01:17:52;0,006342;0,048909;0,546031;0;0,588736;0;52,299999;-11,6
13.09.2025 01:22:54;0,000273;0,028375;0,568961;0;0,596609;0;52,299999;-11,1
13.09.2025 01:27:56;0,006139;0,029103;0,578419;0;0,602065;0;52,200001;-12,3
13.09.2025 01:32:59;0,000952;0,025381;0,609143;0;0,633074;0;52,200001;-12,1
13.09.2025 01:38:01;0,000955;0,024737;0,582057;0;0,606431;0;52,299999;-10,5
13.09.2025 01:43:03;0,000091;0,027648;0,443091;0;0,470375;0;52,299999;-8,2
13.09.2025 01:48:05;0,000136;0,025465;0,412533;0;0,437634;0;52,299999;-8,5
13.09.2025 01:53:07;0;0,02692;0,365241;0;0,391797;0;52,299999;-7,4
13.09.2025 01:58:09;0,003138;0,02983;0,395071;0;0,421991;0;52,299999;-9,9
13.09.2025 02:03:11;0,000773;0,02401;0,47947;0;0,503116;0;52,299999;-9,4
13.09.2025 02:08:12;0,000046;0,02263;0,478143;0;0,501137;0;52,299999;-9,6
13.09.2025 02:13:14;0;0,021827;0,471466;0;0,49293;0;52,200001;-9,3
13.09.2025 02:18:16;0,001091;0,024737;0,502024;0;0,52567;0;52,200001;-10,7
13.09.2025 02:23:19;0;0,02248;0,425675;0;0,447793;0;52,299999;-8,3
13.09.2025 02:28:21;0,000045;0,023282;0,411805;0;0,434724;0;52,299999;-8,4
13.09.2025 02:33:22;0;0,02555;0,364994;0;0,390544;0;52,299999;-7,4
13.09.2025 02:38:24;0,005502;0,031286;0,433633;0;0,459825;0;52,299999;-9,8
13.09.2025 02:43:26;0,000045;0,024737;0,48238;0;0,506753;0;52,200001;-9,8
13.09.2025 02:48:28;0;0,025465;0,472194;0;0,497659;0;52,200001;-9,4
13.09.2025 02:53:31;0,005348;0,024656;0,523573;0;0,543515;0;52,200001;-10,6
13.09.2025 02:58:33;0,003092;0,039289;0,40744;0;0,443455;0;52,299999;-5,5
13.09.2025 03:03:34;0,003376;0,02336;0,267176;0;0,287251;0;52,299999;-4,3
13.09.2025 03:08:36;0,000955;0,021827;0,197899;0;0,218999;0;52,400002;-3,7
13.09.2025 03:13:38;0,011459;0,022555;0,288118;0;0,299032;0;52,299999;-5,4
13.09.2025 03:18:41;0,010651;0,024656;0,379989;0;0,394493;0;52,299999;-7,7
13.09.2025 03:23:43;0,002546;0,021827;0,379065;0;0,397254;0;52,299999;-7,5
13.09.2025 03:28:45;0,016279;0,017462;0,395071;0;0,39689;0;52,299999;-6,4
13.09.2025 03:33:46;0,004289;0,02482;0,359154;0;0,380324;0;52,299999;-6
13.09.2025 03:38:48;0,004866;0,034196;0,285936;0;0,313947;0;52,299999;-6,1
13.09.2025 03:43:48;0,000732;0,022705;0,204346;0;0,227051;0;52,400002;-3,7
13.09.2025 03:48:50;0,004184;0,028375;0,225547;0;0,248829;0;52,299999;-4,8
13.09.2025 03:53:52;0,000045;0,019644;0,231368;0;0,252103;0;52,299999;-4,7
13.09.2025 04:00:00;0,008583;0,021495;0,284809;0;0,297646;0;52,299999;-6,2
13.09.2025 04:04:06;0,001396;0,02233;0,300114;0;0,320658;0;52,299999;-6,1
13.09.2025 04:09:07;0,001323;0,02409;0,293455;0;0,316085;0;52,299999;-6,1
13.09.2025 04:14:07;0,001511;0,02417;0,293701;0;0,316406;0;52,299999;-7,6
13.09.2025 04:19:06;0,002939;0,024986;0,346124;0;0,368538;0;52,299999;-4,6
13.09.2025 04:24:06;0,001053;0,023438;0,224854;0;0,24646;0;52,299999;-4,7
13.09.2025 04:29:05;0,002159;0,018372;0,224136;0;0,24067;0;52,299999;-4,7
13.09.2025 04:34:06;0,000046;0,02555;0,181037;0;0,206952;0;52,400002;-3,7
13.09.2025 04:39:08;0,004866;0,024737;0,256833;0;0,276841;0;52,299999;-6,1
13.09.2025 04:44:10;0,000045;0,022555;0,295394;0;0,317221;0;52,299999;-6,1
13.09.2025 04:49:11;0;0,0219;0,295645;0;0,317545;0;52,299999;-6,2
13.09.2025 04:54:13;0;0,02401;0,287391;0;0,311764;0;52,200001;-6,1
13.09.2025 04:59:15;0,000045;0,021827;0,247374;0;0,268474;0;52,299999;-3,7
13.09.2025 05:04:16;0;0,02044;0,173737;0;0,194542;0;52,299999;-3,7
13.09.2025 05:09:17;0,007026;0,02628;0,281046;0;0,300025;0;52,299999;-5,5
13.09.2025 05:14:17;0;0,020508;0,264404;0;0,284912;0;52,299999;-5,3
13.09.2025 05:19:19;0,006503;0,033468;0,421991;0;0,449639;0;52,200001;-8,4
13.09.2025 05:24:21;0,002183;0,026193;0,433633;0;0,456551;0;52,200001;-8,7
13.09.2025 05:29:23;0,006093;0,017462;0,411805;0;0,424538;0;52,200001;-5,5
13.09.2025 05:34:26;0,002855;0,026831;0,287167;0;0,311098;0;52,200001;-5,9
13.09.2025 05:39:28;0,002819;0,02983;0,296122;0;0,322678;0;52,200001;-5,1
13.09.2025 05:44:30;0,007867;0,018189;0,240826;0;0,250648;0;52,200001;-4,9
13.09.2025 05:49:31;0,000867;0,02117;0,234326;0;0,254766;0;52,299999;-4,9
13.09.2025 05:54:31;0,005859;0,0271;0,226318;0;0,246826;0;52,200001;-3,8
13.09.2025 05:59:33;0,005866;0,032013;0,25756;0;0,284844;0;52,200001;-6,2
13.09.2025 06:04:36;0,00911;0,02248;0,307472;0;0,32125;0;52,200001;-6,1
13.09.2025 06:09:37;0,001369;0,02993;0,290535;0;0,318275;0;52,200001;-5,9
13.09.2025 06:14:40;0,004034;0,028282;0,275565;0;0,30022;0;52,200001;-7,1
13.09.2025 06:19:41;0,003924;0,02701;0,252576;0;0,274841;0;52,200001;-3,5
13.09.2025 06:24:43;0,001137;0,022555;0,18262;0;0,204084;0;52,299999;-3,6
13.09.2025 06:29:45;0,000273;0,0211;0,190624;0;0,211723;0;52,200001;-4,4
13.09.2025 06:34:47;0,004093;0,036379;1,238327;0;1,271431;0;51,599998;-38,200001
13.09.2025 06:39:49;0,012096;0,046565;1,925154;0;1,95935;0;51,5;-38,599998
13.09.2025 06:44:52;0,156002;0,016679;3,594669;0;3,455436;0;51;-74,599998
13.09.2025 06:49:54;0,343459;0,010914;4,120964;0;3,7881;0;50,799999;-71,400002
13.09.2025 06:54:56;0;0,059661;3,017239;0;3,077263;0;51;-49,700001
13.09.2025 06:59:57;0,089743;0,052559;2,419182;0;2,381223;0;51,200001;-32,700001
13.09.2025 07:04:59;0,005775;0,048747;1,567916;0;1,611207;0;51,200001;-25,5
13.09.2025 07:10:01;0;0,037834;1,307446;0;1,345643;0;51,200001;-26,299999
13.09.2025 07:15:04;0,002765;0,04351;1,333588;0;1,373835;0;51,099998;-29,200001
13.09.2025 07:20:05;0,000365;0,042339;1,066513;0;1,107758;0;51,299999;-9,4
13.09.2025 07:25:06;0,000091;0,02555;0,392734;0;0,407334;0,01168;51,400002;-6,2
13.09.2025 07:30:07;0,000046;0,0219;0,312435;0;0,30185;0,033579;51,5;-5,5
13.09.2025 07:35:09;0,000227;0,021827;0,300487;0;0,259743;0,061116;51,5;-4,4
13.09.2025 07:40:11;0,006957;0,025465;0,248829;0;0,197899;0,069847;51,5;-3
13.09.2025 07:45:13;0,005639;0,025465;0,194989;0;0,154245;0,059661;51,5;-3
13.09.2025 07:50:15;0,002819;0,029103;0,186986;0;0,133146;0,081488;51,599998;-2,3
13.09.2025 07:55:17;0,035424;0,005093;0,17971;0;0,030922;0,117867;51,599998;-4,1
13.09.2025 08:00:20;0;0,023205;0,305297;0;0,17114;0,158087;51,599998;-2,6
13.09.2025 08:05:22;0,011232;0,017462;0,297577;0;0,094584;0,209541;51,599998;-0,3
13.09.2025 08:10:24;0,022509;0,002183;0,296849;0;0,022555;0,253195;51,599998;-0,3
13.09.2025 08:15:25;0,006798;0,02044;0,336525;0;0,01679;0,334335;51,599998;-0,3
13.09.2025 08:20:27;0,001455;0,063299;0,347052;0,031649;0,011277;0,427812;51,700001;3,7
13.09.2025 08:25:27;0,002701;0,019775;0,335449;0,212036;0;0,56543;51,799999;5,2
13.09.2025 08:30:30;0,007252;0,029732;0,344456;0,368749;0;0,733872;52;8,3
13.09.2025 08:35:32;0,008549;0,02983;0,387068;0,510391;0,003638;0,915285;52,099998;7,6
13.09.2025 08:40:00;0,001845;0,029516;0,3919;0,451341;0;0,872347;52,099998;10,2
13.09.2025 08:45:35;0,014225;0,024268;0,780521;0,419776;0,270231;0,939249;51,599998;-23,200001
13.09.2025 08:50:35;0,017303;0,063721;1,540283;0,230713;0,761719;1,054688;52;15,8
13.09.2025 08:55:35;0,007874;0,033691;0,399902;0,673828;0,016479;1,08252;52;-6,5
13.09.2025 09:00:35;0,008514;0,038086;1,177734;0,201416;0,288574;1,12207;52,200001;14,4
13.09.2025 09:05:35;0,007462;0,021973;0,355225;0,713745;0;1,08252;52,299999;12,4
13.09.2025 09:10:35;0,003662;0,017578;0,33252;0,585938;0;0,931641;52,400002;11,8
13.09.2025 09:15:35;0,007233;0,029297;0,408691;0,571289;0,001465;1,000488;52,5;12,5
13.09.2025 09:20:35;0,000687;0,026367;0,414551;0,890625;0;1,330078;52,599998;20,6
13.09.2025 09:25:35;0,002655;0,0271;0,375732;1,094238;0;1,495605;52,799999;21
13.09.2025 09:30:35;0,000916;0,025635;0,419678;1,093872;0;1,538086;52,799999;19,4
13.09.2025 09:35:35;0;0,026367;0,376465;0,974121;0;1,376953;52,799999;18,9
13.09.2025 09:40:36;0,000411;0,02847;0,316815;1,195721;0;1,540276;53;30
13.09.2025 09:45:35;0,004134;0,092594;0,37258;2,052496;0;2,51326;53,099998;30,700001
13.09.2025 09:50:35;0,001465;0,024902;0,334717;1,437744;0;1,795898;53,099998;25,700001
13.09.2025 09:55:35;0,003479;0,032227;0,449707;1,324951;0;1,803223;53,099998;25
13.09.2025 10:00:35;0,032776;0,031494;1,182129;0,779297;0,027466;1,933594;52,799999;-4,1
13.09.2025 10:05:35;0,000092;0,018311;2,081543;0;0,27356;1,82666;52,700001;-6,1
13.09.2025 10:10:35;0,000092;0,021973;2,095459;0;0,43396;1,683105;52,5;-9,6
13.09.2025 10:15:35;0,005127;0,033691;1,955566;0,004395;0,101074;1,888184;52,700001;0
13.09.2025 10:20:35;0,001373;0,070313;1,603271;0,388184;0;2,05957;53,099998;34,200001
13.09.2025 10:25:35;0,01918;0,073242;1,343994;0,914063;0;2,311523;53,299999;46,400002
13.09.2025 10:30:36;0,018478;0,042339;1,28186;1,036949;0,00657;2,335963;53;6,2
13.09.2025 10:35:38;0,03074;0,061844;1,792008;0,823611;0;2,64836;53,299999;32,700001
13.09.2025 10:40:37;0,009094;0,036009;0,538661;1,620759;0;2,184038;53,299999;26,700001
13.09.2025 10:45:39;0,016916;0,02983;1,06953;0,790506;0,000364;1,875679;53,099998;8
13.09.2025 10:50:39;0,012772;0,039551;1,295654;0,59729;0,160034;1,757813;52,799999;-7,7
13.09.2025 10:55:39;0,020554;0,043213;2,190674;0,028198;0,354858;1,886719;52,900002;8,4
13.09.2025 11:00:39;0,060059;0,154541;2,187012;1,043335;0;3,32373;53,200001;10,6
13.09.2025 11:05:40;0,017292;0,257686;2,292164;2,098717;0;4,632508;53,299999;12,6
13.09.2025 11:10:39;0,034906;0,078631;2,28545;0,934022;0;3,262829;53,299999;24,5
13.09.2025 11:15:41;0,032559;0,114229;2,352238;1,477698;0;3,911424;53,400002;28,1
13.09.2025 11:20:41;0,030167;0,080566;2,318848;2,075684;0;4,444336;53,5;40,799999
13.09.2025 11:25:41;0,004074;0,670166;1,037842;2,324341;0;4,02832;53,5;46,200001
13.09.2025 11:30:41;0,009796;0,328125;1,402588;1,96106;0;3,682617;53,5;46,200001
13.09.2025 11:35:42;0;0,737288;0,413174;2,471011;0;3,622203;53,5;46,200001
13.09.2025 11:40:42;0,007278;0,402832;1,177002;2,063965;0;3,635742;53,400002;30,9
13.09.2025 11:45:43;0,000182;0,838027;0,544571;2,408597;0;3,791561;53,5;46,200001
13.09.2025 11:50:43;0,028427;0,81665;0,519287;2,347778;0;3,654785;53,5;46,200001
13.09.2025 11:55:43;0,026093;0,699463;0,522949;2,34082;0;3,536133;53,5;38,799999
13.09.2025 12:00:43;0,008331;0,192627;0,572754;2,345947;0;3,104004;53,5;40,700001
13.09.2025 12:05:45;0,002592;0,036379;0,526034;2,174347;0;2,734213;53,5;40
13.09.2025 12:10:48;0,00766;0,179117;0,496742;2,299515;0;2,967396;53,5;46,200001
13.09.2025 12:15:47;0,005787;0,389482;0,462969;2,363347;0;3,211388;53,5;43,700001
13.09.2025 12:20:47;0,00119;1,17041;0,391846;2,459473;0;4,019531;53,599998;46,200001
13.09.2025 12:25:49;0,012505;0,342686;0,515121;2,330775;0;3,175122;53,599998;46
13.09.2025 12:30:49;0;1,092773;0,568359;2,465332;0;4,126465;53,599998;46
13.09.2025 12:35:49;0;0,906738;0,601318;2,465332;0;3,974121;53,599998;46
13.09.2025 12:40:50;0;0,881096;0,62414;2,470646;0;3,975518;53,700001;46,099998
13.09.2025 12:45:49;0;0,948719;0,521024;2,480926;0;3,952139;53,700001;46
13.09.2025 12:50:49;0,000137;0,998291;0,480469;2,469727;0;3,947754;53,799999;45,900002
13.09.2025 12:55:49;0;0,649658;0,724365;2,470459;0;3,84375;53,900002;46
13.09.2025 13:00:51;0,0005;0,645356;0,616253;2,472288;0;3,733896;53,900002;45,799999
13.09.2025 13:05:51;0,005402;0,125977;0,999023;2,362427;0;3,481934;54;37,900002
13.09.2025 13:10:52;0,017839;0,067889;1,115423;1,884466;0,00073;3,048432;53,700001;0
13.09.2025 13:15:52;0,026321;0,053467;2,69458;0,050537;0,234009;2,540039;53,400002;-5,6
13.09.2025 13:20:51;0,089562;0,120519;4,336476;0;1,91287;2,454471;52,799999;-40,700001
13.09.2025 13:25:51;0,085373;0,136963;3,372803;0;0,778198;2,644043;53,099998;-4,3
13.09.2025 13:30:51;0,1138;0,121582;3,509033;0,124146;0,431396;3,209473;53,200001;-0,6
13.09.2025 13:35:51;0,075943;0,130371;4,009277;0,473511;0,175415;4,362305;53,400002;20,299999
13.09.2025 13:40:51;0,099014;0,112793;3,564697;0,923218;0,07251;4,429688;53,400002;-12,5
13.09.2025 13:45:53;0,054568;0,12878;3,371566;0,573326;0,168069;3,851763;53,400002;-17,299999
13.09.2025 13:50:53;0,009293;0,068848;1,69043;1,866211;0,011719;3,60498;54,099998;44,099998
13.09.2025 13:55:54;0,008349;0,158408;1,542466;2,289974;0;3,981358;53,900002;23,200001
13.09.2025 14:00:53;0,004639;0,265289;2,112755;1,88421;0;4,257845;54,099998;45,700001
13.09.2025 14:05:55;0,000091;0,251012;1,382386;2,469741;0;4,103503;54,200001;45,599998
13.09.2025 14:10:55;0;0,440186;1,278809;2,471558;0;4,190918;54,200001;45,700001
13.09.2025 14:15:55;0,007324;0,394775;1,404053;2,081543;0;3,873047;54;31,6
13.09.2025 14:20:56;0,000502;0,6475;0,740938;2,430862;0;3,8193;54,200001;45,599998
13.09.2025 14:25:55;0;0,771615;0,548949;2,480191;0;3,799285;54,200001;45,599998
13.09.2025 14:30:55;0;1,031982;0,470947;2,47229;0;3,975586;54,200001;45,599998
13.09.2025 14:35:55;0,004761;0,596191;0,473145;2,262817;0;3,328125;54,099998;35,700001
13.09.2025 14:40:55;0,000366;0,588867;0,461426;2,382568;0;3,430664;54,200001;45,599998
13.09.2025 14:45:55;0,004852;0,446045;0,588867;2,337158;0;3,367676;54,099998;31,200001
13.09.2025 14:50:56;0,008349;0,037959;0,61538;1,618385;0;2,262965;54;24,799999
13.09.2025 14:55:55;0,015432;0,052911;0,71209;1,87282;0;2,622021;54,200001;41,099998
13.09.2025 15:00:55;0,08432;0,132568;1,282471;1,740601;0,004761;3,068848;54,099998;42,299999
13.09.2025 15:05:57;0,045564;0,13169;0,951663;2,097225;0;3,132922;54,200001;39,599998
13.09.2025 15:10:57;0,049484;0,091553;0,812256;2,0354;0;2,890137;54,200001;38,5
13.09.2025 15:15:57;0,075073;0,135498;1,035645;1,765869;0;2,86377;54,200001;39
13.09.2025 15:20:58;0,070216;0,113878;1,2512;1,381868;0,001825;2,673218;53,799999;1
13.09.2025 15:25:58;0,080292;0,150146;1,283203;1,345093;0,001099;2,696777;54;11,7
13.09.2025 15:30:57;0,066276;0,153588;0,903892;1,72952;0;2,720494;54,299999;41
13.09.2025 15:35:57;0,067657;0,125244;0,952148;1,651611;0,00293;2,658691;54,099998;33,799999
13.09.2025 15:40:57;0,086472;0,156006;1,591553;1,248779;0,012817;2,895996;54,299999;33,200001
13.09.2025 15:45:57;0,071091;0,156738;1,689697;0,869019;0,054199;2,591309;54,099998;21,5
13.09.2025 15:50:59;0,002683;0,049475;1,127008;1,14156;0;2,315132;54,099998;21,4
13.09.2025 15:55:59;0,003845;0,026367;1,172607;1,021729;0;2,217773;54,099998;17,9
13.09.2025 16:00:59;0,009933;0,031494;1,217285;0,875244;0;2,11377;54,099998;16,6
13.09.2025 16:05:59;0,007965;0,026367;1,26123;0,979614;0;2,258789;54,200001;19
13.09.2025 16:10:59;0,007507;0,036621;1,694092;0,547119;0,001831;2,269043;53,700001;2,2
13.09.2025 16:15:59;0,006638;0,057129;1,668457;0,499512;0;2,217773;54,400002;32,200001
13.09.2025 16:20:59;0,004166;0,038086;1,023926;1,220947;0;2,277832;54,299999;19,1
13.09.2025 16:25:59;0,006134;0,040283;0,670166;1,426025;0;2,131348;54,599998;26,299999
13.09.2025 16:31:02;0,009609;0,042785;1,264697;0,71538;0;2,013072;54,099998;8,9
13.09.2025 16:36:01;0,010518;0,044092;1,056745;0,824158;0;1,915075;54,799999;17,700001
13.09.2025 16:41:01;0,009018;0,04541;1,429688;0,393677;0;1,858887;54,200001;7,9
13.09.2025 16:46:03;0,02501;0,054568;1,19249;0,69665;0,001455;1,917878;55,299999;22,799999
13.09.2025 16:51:05;0,002274;0,277205;0,522396;1,040791;0,001819;1,83639;55,599998;-0,4
13.09.2025 16:56:05;0;1,43042;0,415283;0;0,020874;1,825195;54,099998;-0,3
13.09.2025 17:01:05;0;1,326416;0,39624;0;0,006226;1,715332;53,799999;0
13.09.2025 17:06:05;0;1,35498;0,273926;0;0;1,628906;53,700001;0
13.09.2025 17:11:07;0;1,292894;0,197899;0;0;1,491521;53,599998;0
13.09.2025 17:16:07;0;0,993164;0,28418;0;0;1,277344;53,599998;0
13.09.2025 17:21:07;0;0,891357;0,27832;0;0;1,17041;53,5;0
13.09.2025 17:26:08;0;0,691299;0,395654;0;0;1,086223;53,5;0
13.09.2025 17:31:07;0;0,645217;0,375519;0;0;1,021471;53,400002;0
13.09.2025 17:36:07;0;0,594727;0,367676;0;0;0,962402;53,400002;0
13.09.2025 17:41:08;0;0,529242;0,367184;0;0;0,896426;53,400002;0
13.09.2025 17:46:08;0;0,158936;0,669434;0;0;0,827637;53,400002;0
13.09.2025 17:51:07;0,002572;0,329222;0,440923;0;0;0,767206;53,400002;0
13.09.2025 17:56:07;0;0,522217;0,229248;0;0;0,751465;53,400002;0
13.09.2025 18:01:07;0;0,498779;0,244629;0;0;0,744141;53,400002;0
13.09.2025 18:06:07;0,004349;0,27832;0,439453;0;0,009521;0,703125;53,299999;0
13.09.2025 18:11:08;0,006616;0,255496;0,400034;0;0,004015;0,64531;53,299999;0
13.09.2025 18:16:07;0,001653;0,157262;0,452681;0;0,015432;0,593776;53,299999;0
13.09.2025 18:21:09;0;0,109863;0,387796;0;0;0,496204;53,299999;0
13.09.2025 18:26:08;0;0,069078;0,352738;0;0;0,421816;53,299999;0
13.09.2025 18:31:08;0,011215;0,011719;0,378662;0;0,026367;0,353027;53,299999;0
13.09.2025 18:36:08;0,011719;0,032959;1,606934;0;1,335938;0,292969;52,700001;-34,799999
13.09.2025 18:41:09;0,079797;0,0219;3,509055;0;3,21779;0,233596;52,5;-72,5
13.09.2025 18:46:08;0,556068;0;4,573105;0;3,813983;0,202825;52,5;-72,5
13.09.2025 18:51:08;0,005722;0,055664;3,440918;0;3,320435;0,169922;52,599998;-52,099998
13.09.2025 18:56:08;0,000824;0,060059;1,876465;0;1,818237;0,117188;53;-6,9
13.09.2025 19:01:09;0,005703;0,03066;0,441643;0;0,406239;0,059859;53;-8,6
13.09.2025 19:06:08;0,000367;0,026455;0,404179;0;0,410793;0,022046;53,099998;-7,4
13.09.2025 19:11:08;0,000046;0,028564;0,385254;0;0,407593;0,004395;53;-8,1
13.09.2025 19:16:08;0,000183;0,029297;0,407227;0;0,428833;0,007324;53;-9,3
13.09.2025 19:21:10;0,005821;0,042199;1,595564;0;1,62976;0,00291;52,700001;-46,099998
13.09.2025 19:26:10;0;0,054199;1,791504;0;1,844604;0;52,799999;-25,1
13.09.2025 19:31:10;0,001877;0,044678;1,335938;0;1,379517;0;52,799999;-24,700001
13.09.2025 19:36:11;0,000046;0,042339;1,032204;0;1,073813;0;53;-8,1
13.09.2025 19:41:10;0,000046;0,025721;0,338776;0;0,364864;0;53;-7,1
13.09.2025 19:46:11;0,000091;0,02555;0,267176;0;0,293455;0;53,099998;-5,3
13.09.2025 19:51:10;0,003996;0,038213;0,360087;0;0,392789;0;53,099998;-7
13.09.2025 19:56:10;0,001465;0,026367;0,373535;0;0,399902;0;53;-7,6
13.09.2025 20:01:10;0,010025;0,026367;0,369873;0;0,38562;0;53,099998;-6,9
13.09.2025 20:06:10;0,021652;0,02124;0,419678;0;0,419678;0;53;-9,2
13.09.2025 20:11:10;0,001556;0,02417;0,429932;0;0,451904;0;53;-8,3
13.09.2025 20:16:10;0,00119;0,024902;0,37793;0;0,402466;0;53,099998;-6,1
13.09.2025 20:21:10;0,00174;0,030029;0,281982;0;0,310181;0;53,099998;-3,6
13.09.2025 20:26:10;0,003571;0,038818;0,243164;0;0,277222;0;53,099998;-4,8
13.09.2025 20:31:10;0,006729;0,026367;0,262939;0;0,282715;0;53,099998;-5,3
13.09.2025 20:36:11;0,015604;0,042339;0,418283;0;0,444928;0;53;-9,7
13.09.2025 20:41:10;0,002939;0,024251;0,476197;0;0,498243;0;53;-9,3
13.09.2025 20:46:10;0,001785;0,026367;0,461426;0;0,485962;0;53;-8,8
13.09.2025 20:51:10;0,003433;0,022705;0,454834;0;0,473511;0;53;-8,6
13.09.2025 20:56:11;0,001141;0,03066;0,437993;0;0,467193;0;53;-8,8
13.09.2025 21:01:10;0,00248;0,03013;0,446067;0;0,475094;0;53;-8,5
13.09.2025 21:06:10;0,000092;0,025635;0,367676;0;0,393311;0;53,099998;-6,5
13.09.2025 21:11:10;0,000092;0,0271;0,322998;0;0,349731;0;53;-6,8
13.09.2025 21:16:10;0,000137;0,026367;0,255615;0;0,28125;0;53,099998;-5,2
13.09.2025 21:21:10;0,007645;0,030029;0,276123;0;0,299194;0;53;-7,8
13.09.2025 21:26:10;0,000046;0,0271;0,379395;0;0,406128;0;53;-7,6
13.09.2025 21:31:10;0,001144;0,024902;0,415283;0;0,438354;0;53;-8,4
13.09.2025 21:36:12;0,000045;0,025465;0,420536;0;0,446729;0;53;-8,4
13.09.2025 21:41:12;0,000046;0,030762;0,415283;0;0,445679;0;53;-8,3
13.09.2025 21:46:13;0,001049;0,02555;0,393464;0;0,417918;0;53;-7,5
13.09.2025 21:51:12;0,000827;0,034539;0,25941;0;0,293214;0;53,099998;-5,2
13.09.2025 21:56:14;0,00432;0,030558;0,25174;0;0,277932;0;53;-6,2
13.09.2025 22:01:14;0,001511;0,027832;0,252686;0;0,27832;0;53,099998;-5,9
13.09.2025 22:06:14;0,012268;0,026367;0,320801;0;0,335449;0;53;-7,4
13.09.2025 22:11:15;0;0,0292;0,372294;0;0,400764;0;53;-7,5
13.09.2025 22:16:16;0;0,02993;0,367914;0;0,398939;0;53;-7,6
13.09.2025 22:21:18;0,000591;0,032741;0,38343;0;0,415443;0;53;-9,6
13.09.2025 22:26:20;0,000864;0,045109;0,45837;0;0,502388;0;53;-10,8
13.09.2025 22:31:23;0,009337;0,037709;0,463384;0;0,491665;0;52,900002;-12,3
13.09.2025 22:36:24;0,013824;0,0219;0,590561;0;0,598956;0;52,900002;-9,8
13.09.2025 22:41:27;0,015183;0,02248;0,59754;0;0,605517;0;52,900002;-10,8
13.09.2025 22:46:28;0,117026;0,079569;1,641744;0;1,601595;0;52,799999;-8,7
13.09.2025 22:51:30;0,003092;0,025465;0,481652;0;0,503843;0;52,900002;-9,2
13.09.2025 22:56:32;0,003592;0,034923;0,55732;0;0,588241;0;52,900002;-10,1
13.09.2025 23:01:32;0,000137;0,034424;0,498779;0;0,533936;0;52,900002;-10,2
13.09.2025 23:06:34;0,001364;0,027648;0,526034;0;0,551863;0;52,900002;-16,799999
13.09.2025 23:11:37;0,042196;0,04206;2,08849;0;2,088128;0;52,200001;-63,5
13.09.2025 23:16:38;0;0,059859;1,987029;0;2,046523;0;52,599998;-24,799999
13.09.2025 23:21:40;0;0,037834;1,329273;0;1,368198;0;52,599998;-26,4
13.09.2025 23:26:42;0,000864;0,045109;1,315449;0;1,35874;0;52,700001;-9,7
13.09.2025 23:31:44;0,005457;0,028375;0,393616;0;0,417262;0;52,900002;-9,1
13.09.2025 23:36:46;0,000364;0,023282;0,451822;0;0,47474;0;52,900002;-9,1
13.09.2025 23:41:47;0,015832;0,052559;1,078193;0;1,115058;0;52,799999;-10,8
13.09.2025 23:46:49;0;0,028375;0,547861;0;0,575873;0;52,799999;-10,9
13.09.2025 23:51:49;0,000137;0,026367;0,518555;0;0,544922;0;52,799999;-10
13.09.2025 23:56:51;0,002774;0,029103;0,464918;0;0,491838;0;52,900002;-7,6
14.09.2025 00:01:52;0,000228;0,02774;0,383974;0;0,410619;0;52,900002;-7,9
14.09.2025 00:06:54;0,000045;0,025465;0,390706;0;0,416535;0;52,900002;-7,8
14.09.2025 00:11:57;0,000045;0,023931;0,327777;0;0,351345;0;52,900002;-6,3
14.09.2025 00:16:58;0,007756;0,033579;0,429963;0;0,456243;0;52,900002;-8,9
14.09.2025 00:22:01;0,003626;0,030457;0,434377;0;0,460483;0;52,900002;-8,1
14.09.2025 00:27:02;0,0073;0,02701;0,410984;0;0,429963;0;52,900002;-9,4
14.09.2025 00:32:04;0,001273;0,020372;0,467101;0;0,487473;0;52,900002;-8,7
14.09.2025 00:37:06;0,002956;0,034196;0,392889;0;0,42381;0;52,900002;-7,7
14.09.2025 00:42:08;0,001955;0,027648;0,337593;0;0,364149;0;52,900002;-6,7
14.09.2025 00:47:11;0,001994;0,037709;0,23423;0;0,269038;0;52,900002;-6,7
14.09.2025 00:52:13;0,008185;0,023282;0,245192;0;0,260107;0;52,900002;-3,8
14.09.2025 00:57:15;0;0,02401;0,171707;0;0,195717;0;52,900002;-3,5
14.09.2025 01:02:17;0,010959;0,02692;0,276477;0;0,292484;0;52,900002;-6,9
14.09.2025 01:07:18;0,000182;0,02409;0,297105;0;0,321195;0;52,900002;-6,4
14.09.2025 01:12:20;0,001137;0,034196;0,269929;0;0,303761;0;52,900002;-5,9
14.09.2025 01:17:22;0,007276;0,023282;0,293939;0;0,309582;0;52,799999;-5,9
14.09.2025 01:22:24;0,001;0,02401;0,291029;0;0,313219;0;52,799999;-6,1
14.09.2025 01:27:24;0,004166;0,034424;0,251221;0;0,28125;0;52,799999;-4,9
14.09.2025 01:32:27;0,000499;0,028282;0,233505;0;0,261424;0;52,799999;-4,8
14.09.2025 01:37:28;0,000046;0,02628;0,238706;0;0,264986;0;52,799999;-4,7
14.09.2025 01:42:30;0,005457;0,026193;0,274294;0;0,295394;0;52,700001;-7,3
14.09.2025 01:47:33;0,000091;0,025381;0,348807;0;0,37455;0;52,700001;-7
14.09.2025 01:52:34;0,000182;0,02555;0,310975;0;0,335065;0;52,700001;-6
14.09.2025 01:57:37;0;0,02248;0,286442;0;0,309648;0;52,700001;-5,8
14.09.2025 02:02:39;0;0,021827;0,287391;0;0,309218;0;52,700001;-5,8
14.09.2025 02:07:41;0;0,023282;0,224092;0;0,247374;0;52,700001;-3,7
14.09.2025 02:12:42;0;0,02117;0,175927;0;0,196367;0;52,700001;-3,6
14.09.2025 02:17:44;0;0,018917;0,170252;0;0,189896;0;52,700001;-3,6
14.09.2025 02:22:46;0,006275;0,022555;0,190624;0;0,206994;0;52,599998;-6,2
14.09.2025 02:27:48;0,004547;0,029103;0,390706;0;0,414716;0;52,599998;-7,8
14.09.2025 02:32:50;0;0,025465;0,381247;0;0,407076;0;52,5;-7,6
14.09.2025 02:37:53;0;0,023931;0,376363;0;0,400657;0;52,5;-7,6
14.09.2025 02:42:54;0;0,02774;0,370834;0;0,398209;0;52,5;-7,5
14.09.2025 02:47:56;0,002092;0,031286;0,371061;0;0,400528;0;52,5;-7,2
14.09.2025 02:52:58;0;0,026193;0,274294;0;0,300851;0;52,5;-4,7
14.09.2025 02:58:00;0,006412;0,018917;0,23355;0;0,245919;0;52,5;-4,7
14.09.2025 03:03:02;0,009595;0,032741;0,218999;0;0,241554;0;52,5;-5,1
14.09.2025 03:08:03;0,009627;0,02336;0,247466;0;0,261336;0;52,5;-7,3
14.09.2025 03:13:04;0,010402;0,02409;0,381784;0;0,395289;0;52,400002;-7,2
14.09.2025 03:18:06;0,004365;0,022555;0,370334;0;0,388887;0;52,400002;-7,4
14.09.2025 03:23:09;0,00766;0,027556;0,288618;0;0,308197;0;52,400002;-6,4
14.09.2025 03:28:08;0,006798;0,017637;0,2866;0;0,297623;0;52,5;-5,5
14.09.2025 03:33:10;0,004593;0,02983;0,226275;0;0,25174;0;52,5;-4,3
14.09.2025 03:38:12;0,009777;0,023282;0,176072;0;0,189532;0;52,5;-3,7
14.09.2025 03:43:14;0,006184;0,021827;0,1768;0;0,192806;0;52,5;-3,8
14.09.2025 03:48:15;0,000593;0,02117;0,175197;0;0,196002;0;52,5;-3,8
14.09.2025 03:53:17;0,007776;0,028375;0,314311;0;0,333955;0;52,400002;-6,8
14.09.2025 03:58:18;0,004562;0,0219;0,297835;0;0,31572;0;52,400002;-5,7
14.09.2025 04:03:20;0,005366;0,02401;0,338321;0;0,356874;0;52,400002;-7,2
14.09.2025 04:08:22;0,001728;0,031286;0,344869;0;0,373972;0;52,400002;-7
14.09.2025 04:13:24;0,000637;0,0211;0,301215;0;0,322314;0;52,400002;-4,7
14.09.2025 04:18:26;0;0,021827;0,20372;0;0,22482;0;52,400002;-3,8
14.09.2025 04:23:28;0,005457;0,02692;0,261198;0;0,283025;0;52,400002;-5,5
14.09.2025 04:28:30;0,000455;0,020372;0,265564;0;0,285572;0;52,400002;-5,3
14.09.2025 04:33:32;0,007048;0,026193;0,376882;0;0,395435;0;52,400002;-7,7
14.09.2025 04:38:34;0,001955;0,022555;0,390706;0;0,412533;0;52,299999;-8,7
14.09.2025 04:43:36;0,000136;0,020372;0,426357;0;0,446365;0;52,299999;-7,3
14.09.2025 04:48:39;0,000045;0,027556;0,358959;0;0,385428;0;52,400002;-7,4
14.09.2025 04:53:41;0,000773;0,024737;0,315766;0;0,34014;0;52,400002;-6
14.09.2025 04:58:42;0,001962;0,02482;0,202937;0;0,225931;0;52,400002;-3,8
14.09.2025 05:03:44;0,003774;0,020372;0,178255;0;0,194262;0;52,400002;-3,7
14.09.2025 05:08:46;0,001319;0,0211;0,174617;0;0,194262;0;52,400002;-3,6
14.09.2025 05:13:48;0,010823;0,023282;0,214634;0;0,227366;0;52,400002;-6,1
14.09.2025 05:18:50;0,006184;0,017462;0,303397;0;0,315038;0;52,400002;-6
14.09.2025 05:23:53;0,00136;0,039159;0,325601;0;0,36331;0;52,299999;-6,8
14.09.2025 05:28:54;0,001141;0,02701;0,329955;0;0,355139;0;52,400002;-6,7
14.09.2025 05:33:56;0,000728;0,02692;0,331773;0;0,359784;0;52,299999;-6,9
14.09.2025 05:38:58;0,007503;0,024737;0,231368;0;0,247374;0;52,400002;-3,8
14.09.2025 05:44:00;0,007685;0,018917;0,194262;0;0,205175;0;52,400002;-3,8
14.09.2025 05:49:03;0,002357;0,02248;0,179842;0;0,20051;0;52,400002;-3,7
14.09.2025 05:54:05;0,009049;0,02401;0,204448;0;0,219727;0;52,400002;-6,2
14.09.2025 05:59:06;0,001049;0,02628;0,301485;0;0,32594;0;52,299999;-6,2
14.09.2025 06:04:08;0,000591;0,028375;0,294666;0;0,322314;0;52,299999;-6,1
14.09.2025 06:09:10;0,005229;0,019644;0,309218;0;0,324497;0;52,299999;-6,2
14.09.2025 06:14:12;0,005821;0,041472;0,336138;0;0,372153;0;52,299999;-7,5
14.09.2025 06:19:15;0,006844;0,027556;0,396668;0;0,416973;0;52,299999;-7
14.09.2025 06:24:16;0,006616;0,02628;0,327035;0;0,34638;0;52,299999;-5,4
14.09.2025 06:29:18;0,002546;0,021827;0,264108;0;0,283753;0;52,299999;-6,9
14.09.2025 06:34:20;0,005821;0,032741;0,27575;0;0,303397;0;52,299999;-8,2
14.09.2025 06:39:22;0,000045;0,021827;0,389251;0;0,410714;0;52,299999;-6,7
14.09.2025 06:44:24;0,00291;0,02401;0,361603;0;0,381611;0;52,299999;-7,3
14.09.2025 06:49:27;0;0,029007;0,361135;0;0,390867;0;52,299999;-7,5
14.09.2025 06:54:28;0,000547;0,02847;0,389084;0;0,415728;0;52,200001;-11
14.09.2025 06:59:28;0,003159;0,041748;1,73291;0;1,772095;0;51,799999;-34,299999
14.09.2025 07:04:30;0,043427;0,053113;2,575603;0;2,585789;0;51,799999;-37,599998
14.09.2025 07:09:32;0,000182;0,037834;1,405668;0;1,443502;0;51,900002;-27,299999
14.09.2025 07:14:34;0,000136;0,035651;1,352555;0;1,387115;0;51,900002;-27,299999
14.09.2025 07:19:36;0,006412;0,037106;0,878906;0;0,909464;0;52,200001;-8,3
14.09.2025 07:24:38;0,000318;0,021827;0,395071;0;0,417262;0;52,200001;-7,7
14.09.2025 07:29:40;0,000591;0,026193;0,369606;0;0,394707;0;52,200001;-7,2
14.09.2025 07:34:43;0,020214;0,044961;0,920966;0;0,945984;0;51,700001;-48,200001
14.09.2025 07:39:44;0,000547;0,034309;0,335795;0;0,370469;0;52,299999;-5
14.09.2025 07:44:46;0,00382;0,02983;0,299759;0;0,315402;0,010186;52,299999;-7
14.09.2025 07:49:48;0,015597;0,061116;1,849486;0;1,878226;0,016007;52,099998;-7,5
14.09.2025 07:54:50;0,023919;0,05093;1,474787;0;1,500616;0;51,900002;-29
14.09.2025 07:59:52;0,013142;0,042927;1,028058;0;1,057525;0,001455;51,700001;-43,299999
14.09.2025 08:04:55;0,002357;0,045686;2,13055;0;2,124023;0,050762;51,5;-67
14.09.2025 08:09:57;0,178619;0,017462;3,910696;0;3,670961;0,078578;51,299999;-74,199997
14.09.2025 08:14:59;0,083898;0,030558;3,808836;0;3,640767;0,114956;51,299999;-60,5
14.09.2025 08:20:00;0,215347;0,073729;2,838196;0;2,54328;0,151838;52;-7
14.09.2025 08:25:02;0,00673;0,021827;0,322314;0;0,135692;0,202265;52,200001;0
14.09.2025 08:30:04;0,001955;0,051658;0,30558;0,130963;0;0,487473;52,400002;6,5
14.09.2025 08:35:07;0,002493;0,026106;0,3198;0,407183;0;0,748376;52,599998;11
14.09.2025 08:40:09;0,025329;0,02692;0,352145;0,63226;0,000364;0,986587;52,599998;8,8
14.09.2025 08:45:10;0,001323;0,03066;0,356964;0,422298;0;0,808827;52,599998;8
14.09.2025 08:50:12;0,001;0,029103;0,357965;0,457642;0;0,843983;52,700001;7,4
14.09.2025 08:55:14;0,005093;0,026193;0,341231;0,270293;0;0,632987;52,599998;4,8
14.09.2025 09:00:17;0,001858;0,029732;0,343731;0,320163;0;0,691812;52,700001;7,6
14.09.2025 09:05:19;0,008822;0,025465;0,30267;0,443091;0;0,762495;52,700001;8,9
14.09.2025 09:10:19;0,014099;0,020508;0,875977;0,188232;0,092285;0,978516;52,5;-5,2
14.09.2025 09:15:21;0,003683;0,040744;0,467828;0,43145;0,050202;0,884727;52,799999;10
14.09.2025 09:20:23;0,020417;0,045837;0,385613;0,150243;0,104406;0,45837;52,400002;-25
14.09.2025 09:25:25;0,01487;0,053113;1,016417;0;1,025876;0,027648;52,299999;-8,4
14.09.2025 09:30:27;0,000909;0,02401;0,501297;0;0,524215;0;52,299999;-9,8
14.09.2025 09:35:29;0,000773;0,023282;0,439453;0;0,440908;0,021827;52,299999;-5,8
14.09.2025 09:40:31;0,019417;0,039289;0,873086;0;0,830159;0,062571;52,299999;-5,4
14.09.2025 09:45:33;0,000182;0,060388;0,193534;0,015643;0,041472;0,227002;52,400002;2
14.09.2025 09:50:36;0,000181;0,028282;0,200872;0,244745;0;0,474261;52,599998;8
14.09.2025 09:55:37;0,000091;0,02336;0,223377;0,574866;0;0,823427;52,700001;7,7
14.09.2025 10:00:37;0,011627;0,016113;0,23877;0,134766;0,003662;0,37207;52,599998;0
14.09.2025 10:05:39;0,037061;0,001455;0,27575;0;0;0,241554;52,599998;0
14.09.2025 10:10:41;0,003911;0,045837;0,374699;0,140785;0,002183;0,554409;52,700001;6,4
14.09.2025 10:15:44;0;0,024656;0,517046;0,511608;0;1,052947;52,799999;7,7
14.09.2025 10:20:45;0,004517;0,02044;0,519022;0,30331;0;0,839487;52,700001;4
14.09.2025 10:25:47;0;0,023282;0,447456;0,312856;0;0,782867;52,799999;7,3
14.09.2025 10:30:49;0,000409;0,027648;0,370334;0,671912;0;1,068075;53;17,5
14.09.2025 10:35:51;0,000227;0,02692;0,350689;0,962577;0;1,341642;53;16,299999
14.09.2025 10:40:51;0,010849;0,035156;0,516357;0,65332;0,001465;1,192383;52,900002;-3,7
14.09.2025 10:45:54;0,011195;0,031907;0,991308;0,047136;0,067078;0,990582;52,599998;-5,9
14.09.2025 10:50:55;0,002418;0,02555;0,997164;0;0,569756;0,451133;52,299999;-17,799999
14.09.2025 10:55:57;0,000728;0,028375;1,036789;0;0,957848;0,107681;52,099998;-20,1
14.09.2025 11:00:59;0,001455;0,035651;0,682462;0;0,647902;0,066937;52,299999;-4,7
14.09.2025 11:06:01;0,002819;0,020372;0,369606;0;0,201537;0,186258;52,5;0
14.09.2025 11:11:03;0,001228;0,062571;0,277205;0,027648;0;0,366696;52,5;0
14.09.2025 11:16:05;0;0,092402;0,240826;0,000364;0;0,333228;52,5;0
14.09.2025 11:21:07;0,001546;0,053113;0,27575;0,201173;0;0,529672;52,799999;11
14.09.2025 11:26:09;0,004957;0,042199;0,400892;0,854169;0,000364;1,292167;53,099998;20,799999
14.09.2025 11:31:10;0,001871;0,047449;0,441643;1,630794;0;2,118427;53,299999;36,400002
14.09.2025 11:36:09;0,009553;0,02866;0,464439;1,520449;0;2,00179;53,200001;17,299999
14.09.2025 11:41:11;0,008867;0,047292;0,443819;1,172845;0;1,657408;53,299999;27,1
14.09.2025 11:46:13;0,002183;0,473649;0,492566;2,13906;0;3,100909;53,5;43,900002
14.09.2025 11:51:15;0,002683;0,082943;0,443819;2,150337;0;2,674552;53,5;46,200001
14.09.2025 11:56:18;0,007478;0,096448;0,435102;2,017786;0;2,543897;53,400002;41,900002
14.09.2025 12:01:20;0,003911;0,033468;0,393616;1,511166;0;1,933885;53,200001;14,2
14.09.2025 12:06:21;0,005977;0,03066;0,489822;0,658815;0;1,172362;53,200001;25,299999
14.09.2025 12:11:23;0,006776;0,047292;0,606067;1,807287;0;2,453371;53,400002;34,700001
14.09.2025 12:16:25;0,00332;0,114956;0,576237;1,956803;0;2,64545;53,5;46,299999
14.09.2025 12:21:27;0,000591;0,274294;0,603157;2,442457;0;3,319181;53,5;45,900002
14.09.2025 12:26:30;0,001178;0,027556;0,548229;1,662815;0;2,237875;53,299999;26,4
14.09.2025 12:31:32;0,002546;0,032741;0,496931;1,237599;0;1,763633;53,400002;32,700001
14.09.2025 12:36:33;0,004106;0,032849;0,467923;2,166241;0;2,662998;53,5;39,099998
14.09.2025 12:41:33;0,014832;0,030762;1,967285;0,956177;0,208374;2,730469;52,900002;-5
14.09.2025 12:46:35;0,022555;0,050202;4,33487;0;1,40967;2,95394;52,5;-27
14.09.2025 12:51:35;0,032043;0,083496;3,682617;0,421509;0,462891;3,694336;52,799999;-5,4
14.09.2025 12:56:37;0,068119;0,138239;2,993229;0,30267;0,452549;2,911741;52,900002;32,299999
14.09.2025 13:01:37;0,186539;0,233643;3,180908;0,370239;0,990601;2,607422;52,700001;-14,5
14.09.2025 13:06:40;0,188091;0,254535;2,005096;0,894497;0,270126;2,696183;53,200001;35,200001
14.09.2025 13:11:41;0,158864;0,229946;1,692114;0,945335;0,198922;2,508241;53,099998;7
14.09.2025 13:16:43;0,198036;0,237188;2,06703;0,787232;0,129508;2,766226;53,099998;8,5
14.09.2025 13:21:43;0,135178;0,276123;1,685303;1,308838;0,071411;3,062988;53,400002;34
14.09.2025 13:26:45;0,045064;0,080033;0,624256;1,492977;0,004365;2,14488;53,400002;26,799999
14.09.2025 13:31:47;0,004093;0,042927;0,559502;1,065892;0;1,663228;53,299999;17,700001
14.09.2025 13:36:49;0,004365;0,037106;0,405257;0,757402;0,000364;1,196127;53,200001;11,6
14.09.2025 13:41:52;0,000906;0,039884;0,4264;0,586663;0;1,052947;53,200001;11,4
14.09.2025 13:46:53;0,00365;0,052559;0,421933;0,843502;0;1,312519;53,299999;22,299999
14.09.2025 13:51:53;0,007828;0,043945;0,457764;1,364868;0;1,858887;53,5;31,200001
14.09.2025 13:56:55;0,004911;0,340503;0,519486;2,029197;0;2,885548;53,700001;46,099998
14.09.2025 14:01:55;0,009064;1,168213;0,49585;2,396851;0;4,051758;53,700001;45,900002
14.09.2025 14:06:55;0,010666;0,859131;0,518555;1,783813;0;3,150879;53,5;18,799999
14.09.2025 14:11:56;0,032667;0,097818;0,465003;1,089873;0;1,619115;53,5;18,4
14.09.2025 14:16:57;0,009444;0,459893;0,525592;1,542466;0;2,519921;53,700001;29,5
14.09.2025 14:21:59;0,017007;0,137511;0,606795;1,299806;0;2,025559;53,700001;18,6
14.09.2025 14:27:00;0,004243;0,02993;0,552601;1,282955;0;1,862931;53,799999;25,6
14.09.2025 14:32:01;0,004562;0,036499;0,502232;1,753433;0;2,284864;54;45,200001
14.09.2025 14:37:01;0,028885;0,531006;0,821777;1,891479;0;3,216797;53,799999;12,6
14.09.2025 14:42:04;0,028508;0,079769;1,389426;0,723357;0,279191;1,885442;53,299999;-18,9
14.09.2025 14:47:05;0,010494;0,048909;1,970239;0,310975;0,424488;1,89359;53,299999;-12,8
14.09.2025 14:52:07;0,002637;0,032013;2,649815;0;1,072804;1,607933;53,099998;-21,4
14.09.2025 14:57:07;0,001785;0,049072;1,653076;0,651123;0,389282;1,961426;53,700001;24,799999
14.09.2025 15:02:09;0,040198;0,343414;1,55191;1,670868;0,013096;3,512715;54;45,599998
14.09.2025 15:07:11;0,041881;0,697013;0,855624;2,213272;0;3,72371;54,099998;45,799999
14.09.2025 15:12:13;0,035242;0,490383;0,676641;2,258382;0;3,390483;54;34,799999
14.09.2025 15:17:15;0,045928;0,248102;0,99459;1,361286;0,036379;2,523218;53,900002;24,4
14.09.2025 15:22:16;0,018523;0,64896;0,595671;1,990679;0;3,21487;54,099998;45,799999
14.09.2025 15:27:17;0,037503;0,432153;0,529972;1,928995;0;2,854255;54;44,400002
14.09.2025 15:32:19;0,016234;0,568961;0,432905;2,201995;0;3,186763;53,900002;22,1
14.09.2025 15:37:21;0,005866;0,041472;0,341959;0,9091;0;1,286346;53,700001;11,1
14.09.2025 15:42:23;0,008822;0,040016;0,395799;0,381611;0,001091;0,807604;53,599998;9,8
14.09.2025 15:47:26;0,011467;0,052212;0,475712;0,696163;0,000363;1,212485;53,700001;10,3
14.09.2025 15:52:27;0,003422;0,037229;0,492012;0,66137;0;1,188421;53,599998;9,4
14.09.2025 15:57:29;0,006093;0,044382;0,487473;0,666455;0;1,191762;53,799999;22,6
14.09.2025 16:02:31;0,004957;0,856352;0,708655;2,212181;0;3,77173;54;28,9
14.09.2025 16:07:33;0,015415;0,527489;0,827249;2,157977;0;3,498163;54,099998;45,599998
14.09.2025 16:12:35;0;1,122643;0,714475;2,466103;0;4,301402;54,200001;45,599998
14.09.2025 16:17:37;0,02019;0,408168;0,548589;2,063029;0;3,00196;54,099998;39,599998
14.09.2025 16:22:40;0,005801;0,873105;0,539527;2,180949;0;3,586692;54;28,799999
14.09.2025 16:27:42;0,008503;0,144787;0,430722;1,209224;0;1,775274;53,799999;14,4
14.09.2025 16:32:44;0,007503;0,030558;0,586423;0,709746;0;1,319815;53,700001;8,9
14.09.2025 16:37:45;0,022584;0,064239;1,098633;0,375579;0,458068;1,058483;53,700001;13,7
14.09.2025 16:42:48;0,001677;0,033358;0,581586;0,670782;0;1,283551;53,700001;8,9
14.09.2025 16:47:49;0,000319;0,02628;0,465003;0,342;0;0,832187;53,599998;7,6
14.09.2025 16:52:52;0,000725;0,031182;0,432927;0,65084;0;1,115312;53,799999;18,700001
14.09.2025 16:57:53;0,000639;0,037229;0,335795;0,738383;0;1,111043;53,700001;8,3
14.09.2025 17:02:55;0,000364;0,029103;0,321587;0,393616;0;0,742123;53,599998;7,4
14.09.2025 17:07:57;0,005002;0,024737;0,33541;0,421991;0;0,778501;53,700001;8,1
14.09.2025 17:12:59;0,008503;0,031286;0,413988;0,342322;0,001455;0,777046;53,599998;4,3
14.09.2025 17:18:01;0,007412;0,019644;0,442363;0,23828;0;0,694103;53,599998;3,7
14.09.2025 17:23:03;0,001501;0,02401;0,422719;0,157155;0;0,600974;53,5;3,6
14.09.2025 17:28:05;0,00291;0,037834;0,475104;0,260471;0,001455;0,769771;53,799999;32,700001
14.09.2025 17:33:05;0,005585;0,028564;0,481201;0,566162;0;1,070801;53,799999;19
14.09.2025 17:38:08;0,001586;0,026106;0,380714;0,625822;0;1,029742;53,700001;9,7
14.09.2025 17:43:09;0,000456;0,02409;0,340175;0,34346;0;0,709549;53,599998;4,2
14.09.2025 17:48:11;0,007685;0,027648;0,327407;0,178255;0;0,523851;53,599998;2,2
14.09.2025 17:53:13;0,011596;0,039289;0,440908;0,118594;0,004002;0,583512;53,5;1
14.09.2025 17:58:15;0,018917;0,05093;1,45005;0,0211;0,802511;0,699924;52,799999;-31,5
14.09.2025 18:03:17;0,022418;0,07203;2,131057;0,355055;1,001866;1,533721;53,099998;-6
14.09.2025 18:08:20;0,013098;0,046411;2,472105;0;1,750923;0,755627;52,799999;-26,6
14.09.2025 18:13:21;0,00584;0,036499;1,595025;0;1,28478;0,340175;52,799999;-24
14.09.2025 18:18:23;0,001773;0,042927;1,505345;0;1,302353;0,244464;52,799999;-24,299999
14.09.2025 18:23:25;0,007549;0,032013;0,615525;0;0,497295;0,142604;53,099998;-4,6
14.09.2025 18:28:27;0,003865;0,029103;0,321587;0;0,285572;0,062571;53,099998;-6,6
14.09.2025 18:33:29;0,003774;0,027648;0,38343;0;0,401619;0,004365;53,099998;-7
14.09.2025 18:38:32;0,010016;0,039884;0,44888;0;0,449243;0,029007;53,099998;-9,3
14.09.2025 18:43:33;0,009581;0,0219;0,553331;0;0,543112;0,02336;53;-11
14.09.2025 18:48:35;0,001182;0,032013;0,555137;0;0,564232;0,021827;53;-10
14.09.2025 18:53:37;0,000637;0,031286;0,531127;0;0,467101;0,094584;53,099998;-8,1
14.09.2025 18:58:39;0,000591;0,026193;0,518031;0;0,462372;0,080033;53,099998;-6,1
14.09.2025 19:03:41;0,004593;0,037106;1,016417;0;1,001502;0,04802;52,700001;-38,599998
14.09.2025 19:08:43;0,000136;0,046565;1,929519;0;1,929156;0,046565;52,5;-54,599998
14.09.2025 19:13:43;0,032822;0,032959;3,574951;0;3,5354;0,039551;52,400002;-72,599998
14.09.2025 19:18:45;0,109545;0,018917;3,856128;0;3,74772;0,018917;52,400002;-65,599998
14.09.2025 19:23:48;0;0,074693;2,7687;0;2,835053;0,007252;52,799999;-12,3
14.09.2025 19:28:47;0,000184;0,030865;0,584958;0;0,614353;0,00147;53;-10,4
14.09.2025 19:33:49;0,000409;0,027648;0,48529;0;0,512938;0;53;-9,4
14.09.2025 19:38:51;0,000819;0,026193;0,478742;0;0,504207;0;53;-9,5
14.09.2025 19:43:53;0,001091;0,027648;0,372517;0;0,399073;0;53;-7,5
14.09.2025 19:48:55;0,001637;0,025465;0,371789;0;0,394707;0;53;-7,4
14.09.2025 19:53:57;0,003911;0,032013;0,447456;0;0,475468;0;53;-9,6
14.09.2025 19:58:59;0,003956;0,032741;0,526034;0;0,555137;0;53;-11,6
14.09.2025 20:04:01;0,001637;0,031286;0,675914;0;0,705744;0;52,900002;-14,7
14.09.2025 20:09:03;0,002001;0,02983;0,687555;0;0,715203;0;52,900002;-13,3
14.09.2025 20:14:05;0,000364;0,033468;0,683917;0;0,717385;0;52,900002;-13,2
14.09.2025 20:19:06;0,030295;0,056209;1,532976;0;1,558526;0;52,700001;-28,9
14.09.2025 20:24:07;0,005977;0,036499;0,848247;0;0,878176;0;53;-7,1
14.09.2025 20:29:07;0,002014;0,039551;0,338379;0;0,376465;0;53;-7,5
14.09.2025 20:34:09;0,038334;0,055295;0,954574;0;0,971308;0;52,900002;-8,7
14.09.2025 20:39:11;0,011323;0,029103;0,454732;0;0,473649;0;52,900002;-11,1
14.09.2025 20:44:13;0,002683;0,034196;0,543496;0;0,574054;0;52,900002;-11,2
14.09.2025 20:49:16;0,001586;0,036984;0,614944;0;0,64939;0;52,900002;-11,9
14.09.2025 20:54:18;0,002456;0,027648;0,604612;0;0,630804;0;52,900002;-12,3
14.09.2025 20:59:20;0,001637;0,030558;0,610432;0;0,639535;0;52,900002;-11,2
14.09.2025 21:04:20;0,000137;0,030762;0,563232;0;0,593994;0;52,900002;-11,4
14.09.2025 21:09:21;0,000684;0,03066;0,540922;0;0,570486;0;52,900002;-9,1
14.09.2025 21:14:23;0,004411;0,024737;0,499842;0;0,520214;0;52,799999;-10,1
14.09.2025 21:19:25;0,002637;0,032741;0,537675;0;0,567506;0;52,799999;-10,8
14.09.2025 21:24:25;0,004303;0,033691;0,570557;0;0,60022;0;52,799999;-12,9
14.09.2025 21:29:28;0,001314;0,026831;0,653378;0;0,678759;0;52,700001;-12,9
14.09.2025 21:34:30;0,000091;0,02692;0,631532;0;0,658088;0;52,700001;-11,7
14.09.2025 21:39:31;0,001004;0,0292;0,600051;0;0,628155;0;52,700001;-11,6
14.09.2025 21:44:33;0,001864;0,02401;0,605339;0;0,62753;0;52,599998;-12
14.09.2025 21:49:36;0,003852;0,034083;0,663531;0;0,69435;0;52,599998;-11,7
14.09.2025 21:54:37;0,002783;0,02993;0,6329;0;0,65918;0;52,5;-13,8
14.09.2025 21:59:37;0,000504;0,029297;0,67749;0;0,70752;0;52,400002;-13,5
14.09.2025 22:04:39;0,000864;0,029103;0,675186;0;0,70247;0;52,400002;-12,9
14.09.2025 22:09:41;0,008549;0,041472;0,711565;0;0,745397;0;52,299999;-15,7
14.09.2025 22:14:43;0,031831;0,02692;1,32418;0;1,319451;0;51,799999;-73,5
14.09.2025 22:19:45;0,018144;0,07203;1,442774;0;1,495887;0;52,200001;-12,7
14.09.2025 22:24:47;0,000364;0,02692;0,622074;0;0,648994;0;52,299999;-12,4
14.09.2025 22:29:49;0,000364;0,037834;0,618436;0;0,655542;0;52,299999;-13,4
14.09.2025 22:34:50;0,003559;0,02482;0,61465;0;0,636185;0;52,299999;-11
14.09.2025 22:39:51;0,004973;0,035769;0,600051;0;0,631075;0;52,299999;-11,4
14.09.2025 22:44:53;0,006639;0,032741;0,615525;0;0,64099;0;52,299999;-12,2
14.09.2025 22:49:55;0,008594;0,037106;0,606067;0;0,634442;0;52,299999;-14
14.09.2025 22:54:57;0,007685;0,025465;0,589333;0;0,607886;0;52,299999;-11,3
14.09.2025 22:59:59;0,004411;0,028375;0,566778;0;0,591152;0;52,299999;-11,6
14.09.2025 23:05:01;0,004229;0,046565;0,547134;0;0,587878;0;52,299999;-11,3
14.09.2025 23:10:03;0,000227;0,034196;0,550772;0;0,585695;0;52,299999;-11,4
14.09.2025 23:15:05;0,002546;0,039289;0,544223;0;0,580238;0;52,299999;-10,1
14.09.2025 23:20:05;0,00293;0,027832;0,507568;0;0,532837;0;52,299999;-10,1
14.09.2025 23:25:08;0,005122;0,034808;0,51342;0;0,543515;0;52,299999;-10,4
14.09.2025 23:30:10;0,005866;0,02983;0,491838;0;0,514393;0;52,299999;-11,2
14.09.2025 23:35:10;0,000092;0,026367;0,569824;0;0,597656;0;52,200001;-11,3
14.09.2025 23:40:12;0,000182;0,02983;0,56023;0;0,589697;0;52,200001;-11,4
14.09.2025 23:45:14;0,006594;0,033468;0,584967;0;0,611524;0;52,200001;-11,6
14.09.2025 23:50:16;0,0005;0,025465;0,555137;0;0,579511;0;52,200001;-10,3
14.09.2025 23:55:18;0,0005;0,026193;0,500569;0;0,527125;0;52,299999;-10,1
08.09.2025 00:01:09;0;0;0;0;0;0;52,299999;-6,1
